1786386830.279306 s1000000000e1-8d76598c:82E
1786386830.575454 s1000000000e1-8d76598c:1
1786386830.660778 s1000000000e1-8d76598c:1
1786386830.678080 s1000000000e1-8d76598c:1
1786386830.698066 s1000000000e1-8d76598c:1
1786386830.718038 s1000000000e1-8d76598c:1
1786386830.738057 s1000000000e1-8d76598c:1
1786386830.758065 s1000000000e1-8d76598c:1
1786386830.778084 s1000000000e1-8d76598c:1
1786386830.798100 s1000000000e1-8d76598c:1
1786386830.821386 s1000000000e1-8d76598c:1
1786386830.838152 s1000000000e1-8d76598c:1
1786386830.858167 s1000000000e1-8d76598c:1
1786386830.878108 s1000000000e1-8d76598c:1
1786386830.897800 s1000000000e1-8d76598c:1
1786386830.917561 s1000000000e1-8d76598c:1
1786386830.937188 s1000000000e1-8d76598c:1
1786386830.956805 s1000000000e1-8d76598c:1
1786386830.976346 s1000000000e1-8d76598c:1
1786386830.995895 s1000000000e1-8d76598c:1
1786386831.015375 s1000000000e1-8d76598c:1
1786386831.034858 s1000000000e1-8d76598c:1
1786386831.054374 s1000000000e1-8d76598c:1
1786386831.073896 s1000000000e1-8d76598c:1
1786386831.093422 s1000000000e1-8d76598c:1
1786386831.112947 s1000000000e1-8d76598c:1
1786386831.132452 s1000000000e1-8d76598c:1
1786386831.151965 s1000000000e1-8d76598c:1
1786386831.171483 s1000000000e1-8d76598c:1
1786386831.191014 s1000000000e1-8d76598c:1
1786386831.210522 s1000000000e1-8d76598c:1
1786386831.230133 s1000000000e1-8d76598c:1
1786386831.249588 s1000000000e1-8d76598c:1
1786386845.448865 s5e1-a47300ef:41E
1786386845.511365 s5e1-a47300ef:1
1786386845.513848 s5e1-a47300ef:1
1786386845.532990 s5e1-a47300ef:1
1786386845.553010 s5e1-a47300ef:1
1786386845.573033 s5e1-a47300ef:1
1786386845.593037 s5e1-a47300ef:1
1786386845.613042 s5e1-a47300ef:1
1786386845.633118 s5e1-a47300ef:1
1786386845.653077 s5e1-a47300ef:1
1786386845.673013 s5e1-a47300ef:1
1786386845.692713 s5e1-a47300ef:1
1786386845.712447 s5e1-a47300ef:1
1786386845.732174 s5e1-a47300ef:1
1786386845.751815 s5e1-a47300ef:1
1786386845.771353 s5e1-a47300ef:1
1786386845.790910 s5e1-a47300ef:1
1786386845.810486 s5e1-a47300ef:1
1786386845.830040 s5e1-a47300ef:1
1786386845.849587 s5e1-a47300ef:1
1786386845.869209 s5e1-a47300ef:1
1786386845.888786 s5e1-a47300ef:1
1786386845.908319 s5e1-a47300ef:1
1786386845.928015 s5e1-a47300ef:1 s6e1-b3663ea1:47E
1786386845.996132 s5e1-a47300ef:1 s6e1-b3663ea1:1
1786386846.000149 s5e1-a47300ef:1 s6e1-b3663ea1:1
1786386846.017822 s5e1-a47300ef:1 s6e1-b3663ea1:1
1786386846.037108 s5e1-a47300ef:1 s6e1-b3663ea1:1
1786386846.056420 s5e1-a47300ef:1 s6e1-b3663ea1:1
1786386846.075754 s5e1-a47300ef:1 s6e1-b3663ea1:1 s7e1-ba8ac0a3:53E
1786386846.140762 s5e1-a47300ef:1 s6e1-b3663ea1:1 s7e1-ba8ac0a3:1
1786386846.144500 s5e1-a47300ef:1 s6e1-b3663ea1:1 s7e1-ba8ac0a3:1
1786386846.162446 s5e1-a47300ef:1 s6e1-b3663ea1:1 s7e1-ba8ac0a3:1
1786386846.181668 s6e1-b3663ea1:1 s7e1-ba8ac0a3:1
1786386846.204390 s6e1-b3663ea1:1 s7e1-ba8ac0a3:1
1786386846.222796 s6e1-b3663ea1:1 s7e1-ba8ac0a3:1
1786386846.242096 s6e1-b3663ea1:1 s7e1-ba8ac0a3:1 s8e1-a585f7d5:60E
1786386846.328891 s6e1-b3663ea1:1 s7e1-ba8ac0a3:1 s8e1-a585f7d5:1
1786386846.332207 s6e1-b3663ea1:1 s7e1-ba8ac0a3:1 s8e1-a585f7d5:1
1786386846.350272 s6e1-b3663ea1:1 s7e1-ba8ac0a3:1 s8e1-a585f7d5:1
1786386846.369601 s6e1-b3663ea1:1 s7e1-ba8ac0a3:1 s8e1-a585f7d5:1
1786386846.389071 s6e1-b3663ea1:1 s7e1-ba8ac0a3:1 s8e1-a585f7d5:1
1786386846.408339 s6e1-b3663ea1:1 s7e1-ba8ac0a3:1 s8e1-a585f7d5:1
1786386846.427665 s6e1-b3663ea1:1 s7e1-ba8ac0a3:1 s8e1-a585f7d5:1
1786386846.447152 s6e1-b3663ea1:1 s7e1-ba8ac0a3:1 s8e1-a585f7d5:1 s1e1-bed9eef6:66E
1786386846.511647 s6e1-b3663ea1:1 s7e1-ba8ac0a3:1 s8e1-a585f7d5:1 s1e1-bed9eef6:1
1786386846.523491 s6e1-b3663ea1:1 s7e1-ba8ac0a3:1 s8e1-a585f7d5:1 s1e1-bed9eef6:1
1786386846.542614 s6e1-b3663ea1:1 s7e1-ba8ac0a3:1 s8e1-a585f7d5:1 s1e1-bed9eef6:1
1786386846.561877 s6e1-b3663ea1:1 s7e1-ba8ac0a3:1 s8e1-a585f7d5:1 s1e1-bed9eef6:1
1786386846.581216 s6e1-b3663ea1:1 s7e1-ba8ac0a3:1 s8e1-a585f7d5:1 s1e1-bed9eef6:1
1786386846.600478 s6e1-b3663ea1:1 s7e1-ba8ac0a3:1 s8e1-a585f7d5:1 s1e1-bed9eef6:1
1786386846.619975 s6e1-b3663ea1:1 s7e1-ba8ac0a3:1 s8e1-a585f7d5:1 s1e1-bed9eef6:1 s2e1-81cd9116:72E
1786386846.685396 s6e1-b3663ea1:1 s7e1-ba8ac0a3:1 s8e1-a585f7d5:1 s1e1-bed9eef6:1 s2e1-81cd9116:1
1786386846.697071 s6e1-b3663ea1:1 s7e1-ba8ac0a3:1 s8e1-a585f7d5:1 s1e1-bed9eef6:1 s2e1-81cd9116:1
1786386846.716301 s6e1-b3663ea1:1 s7e1-ba8ac0a3:1 s8e1-a585f7d5:1 s1e1-bed9eef6:1 s2e1-81cd9116:1
1786386846.735656 s6e1-b3663ea1:1 s7e1-ba8ac0a3:1 s8e1-a585f7d5:1 s1e1-bed9eef6:1 s2e1-81cd9116:1
1786386846.754988 s7e1-ba8ac0a3:1 s8e1-a585f7d5:1 s1e1-bed9eef6:1 s2e1-81cd9116:1
1786386846.774560 s7e1-ba8ac0a3:1 s8e1-a585f7d5:1 s1e1-bed9eef6:1 s2e1-81cd9116:1
1786386846.793840 s7e1-ba8ac0a3:1 s8e1-a585f7d5:1 s1e1-bed9eef6:1 s2e1-81cd9116:1
1786386846.813288 s7e1-ba8ac0a3:1 s8e1-a585f7d5:1 s1e1-bed9eef6:1 s2e1-81cd9116:1
1786386846.832645 s7e1-ba8ac0a3:1 s8e1-a585f7d5:1 s1e1-bed9eef6:1 s2e1-81cd9116:1
1786386846.851966 s7e1-ba8ac0a3:1 s8e1-a585f7d5:1 s1e1-bed9eef6:1 s2e1-81cd9116:1
1786386846.871367 s8e1-a585f7d5:1 s1e1-bed9eef6:1 s2e1-81cd9116:1
1786386846.890844 s8e1-a585f7d5:1 s1e1-bed9eef6:1 s2e1-81cd9116:1 s3e1-a1dc71bb:78E
1786386846.954801 s8e1-a585f7d5:1 s1e1-bed9eef6:1 s2e1-81cd9116:1 s3e1-a1dc71bb:1
1786386846.967009 s8e1-a585f7d5:1 s1e1-bed9eef6:1 s2e1-81cd9116:1 s3e1-a1dc71bb:1
1786386846.986183 s8e1-a585f7d5:1 s1e1-bed9eef6:1 s2e1-81cd9116:1 s3e1-a1dc71bb:1
1786386847.005377 s8e1-a585f7d5:1 s1e1-bed9eef6:1 s2e1-81cd9116:1 s3e1-a1dc71bb:1
1786386847.024621 s8e1-a585f7d5:1 s1e1-bed9eef6:1 s2e1-81cd9116:1 s3e1-a1dc71bb:1
1786386847.043917 s1e1-bed9eef6:1 s2e1-81cd9116:1 s3e1-a1dc71bb:1
1786386847.063279 s1e1-bed9eef6:1 s2e1-81cd9116:1 s3e1-a1dc71bb:1
1786386847.082605 s1e1-bed9eef6:1 s2e1-81cd9116:1 s3e1-a1dc71bb:1
1786386847.101956 s1e1-bed9eef6:1 s2e1-81cd9116:1 s3e1-a1dc71bb:1
1786386847.121322 s1e1-bed9eef6:1 s2e1-81cd9116:1 s3e1-a1dc71bb:1
1786386847.140765 s1e1-bed9eef6:1 s2e1-81cd9116:1 s3e1-a1dc71bb:1
1786386847.160258 s1e1-bed9eef6:1 s2e1-81cd9116:1 s3e1-a1dc71bb:1
1786386847.179898 s1e1-bed9eef6:1 s2e1-81cd9116:1 s3e1-a1dc71bb:1 s4e1-92d49b6c:85E
1786386847.246525 s2e1-81cd9116:1 s3e1-a1dc71bb:1 s4e1-92d49b6c:1
1786386847.255045 s2e1-81cd9116:1 s3e1-a1dc71bb:1 s4e1-92d49b6c:1
1786386847.274391 s2e1-81cd9116:1 s3e1-a1dc71bb:1 s4e1-92d49b6c:1
1786386847.293805 s2e1-81cd9116:1 s3e1-a1dc71bb:1 s4e1-92d49b6c:1
1786386847.313213 s2e1-81cd9116:1 s3e1-a1dc71bb:1 s4e1-92d49b6c:1
1786386847.332740 s2e1-81cd9116:1 s3e1-a1dc71bb:1 s4e1-92d49b6c:1
1786386847.352197 s2e1-81cd9116:1 s3e1-a1dc71bb:1 s4e1-92d49b6c:1
1786386847.371642 s3e1-a1dc71bb:1 s4e1-92d49b6c:1
1786386847.391430 s3e1-a1dc71bb:1 s4e1-92d49b6c:1 s5e1-a47300ef:53E
1786386847.449028 s3e1-a1dc71bb:1 s4e1-92d49b6c:1 s5e1-a47300ef:1
1786386847.451958 s3e1-a1dc71bb:1 s4e1-92d49b6c:1 s5e1-a47300ef:1
1786386847.470495 s3e1-a1dc71bb:1 s4e1-92d49b6c:1 s5e1-a47300ef:1
1786386847.490071 s3e1-a1dc71bb:1 s4e1-92d49b6c:1 s5e1-a47300ef:1
1786386847.509608 s3e1-a1dc71bb:1 s4e1-92d49b6c:1 s5e1-a47300ef:1
1786386847.529202 s3e1-a1dc71bb:1 s4e1-92d49b6c:1 s5e1-a47300ef:1
1786386847.548784 s3e1-a1dc71bb:1 s4e1-92d49b6c:1 s5e1-a47300ef:1
1786386847.568316 s3e1-a1dc71bb:1 s4e1-92d49b6c:1 s5e1-a47300ef:1
1786386847.597101 s3e1-a1dc71bb:1 s4e1-92d49b6c:1 s5e1-a47300ef:1
1786386847.607473 s3e1-a1dc71bb:1 s4e1-92d49b6c:1 s5e1-a47300ef:1
1786386847.627216 s4e1-92d49b6c:1 s5e1-a47300ef:1 s6e1-b3663ea1:53E
1786386847.685238 s4e1-92d49b6c:1 s5e1-a47300ef:1 s6e1-b3663ea1:1
1786386847.688109 s4e1-92d49b6c:1 s5e1-a47300ef:1 s6e1-b3663ea1:1
1786386847.706445 s4e1-92d49b6c:1 s5e1-a47300ef:1 s6e1-b3663ea1:1
1786386847.725919 s4e1-92d49b6c:1 s5e1-a47300ef:1 s6e1-b3663ea1:1
1786386847.745396 s4e1-92d49b6c:1 s5e1-a47300ef:1 s6e1-b3663ea1:1
1786386847.764890 s4e1-92d49b6c:1 s5e1-a47300ef:1 s6e1-b3663ea1:1
1786386847.784368 s4e1-92d49b6c:1 s5e1-a47300ef:1 s6e1-b3663ea1:1
1786386847.804006 s4e1-92d49b6c:1 s5e1-a47300ef:1 s6e1-b3663ea1:1
1786386847.823402 s4e1-92d49b6c:1 s5e1-a47300ef:1 s6e1-b3663ea1:1
1786386847.842869 s4e1-92d49b6c:1 s5e1-a47300ef:1 s6e1-b3663ea1:1
1786386847.862352 s4e1-92d49b6c:1 s5e1-a47300ef:1 s6e1-b3663ea1:1
1786386847.881925 s4e1-92d49b6c:1 s5e1-a47300ef:1 s6e1-b3663ea1:1
1786386847.901549 s5e1-a47300ef:1 s6e1-b3663ea1:1 s7e1-ba8ac0a3:53E
1786386847.958140 s5e1-a47300ef:1 s6e1-b3663ea1:1 s7e1-ba8ac0a3:1
1786386847.961610 s5e1-a47300ef:1 s6e1-b3663ea1:1 s7e1-ba8ac0a3:1
1786386847.980032 s5e1-a47300ef:1 s6e1-b3663ea1:1 s7e1-ba8ac0a3:1
1786386847.999482 s5e1-a47300ef:1 s6e1-b3663ea1:1 s7e1-ba8ac0a3:1
1786386848.018754 s5e1-a47300ef:1 s6e1-b3663ea1:1 s7e1-ba8ac0a3:1
1786386848.038298 s5e1-a47300ef:1 s6e1-b3663ea1:1 s7e1-ba8ac0a3:1
1786386848.057646 s5e1-a47300ef:1 s6e1-b3663ea1:1 s7e1-ba8ac0a3:1
1786386848.077128 s5e1-a47300ef:1 s6e1-b3663ea1:1 s7e1-ba8ac0a3:1
1786386848.096492 s6e1-b3663ea1:1 s7e1-ba8ac0a3:1
1786386848.116141 s6e1-b3663ea1:1 s7e1-ba8ac0a3:1 s8e1-a585f7d5:53E
1786386848.173388 s6e1-b3663ea1:1 s7e1-ba8ac0a3:1 s8e1-a585f7d5:1
1786386848.176266 s6e1-b3663ea1:1 s7e1-ba8ac0a3:1 s8e1-a585f7d5:1
1786386848.194876 s6e1-b3663ea1:1 s7e1-ba8ac0a3:1 s8e1-a585f7d5:1
1786386848.214467 s6e1-b3663ea1:1 s7e1-ba8ac0a3:1 s8e1-a585f7d5:1
1786386848.234020 s6e1-b3663ea1:1 s7e1-ba8ac0a3:1 s8e1-a585f7d5:1
1786386848.253664 s6e1-b3663ea1:1 s7e1-ba8ac0a3:1 s8e1-a585f7d5:1
1786386848.273162 s6e1-b3663ea1:1 s7e1-ba8ac0a3:1 s8e1-a585f7d5:1
1786386848.292778 s6e1-b3663ea1:1 s7e1-ba8ac0a3:1 s8e1-a585f7d5:1
1786386848.312314 s6e1-b3663ea1:1 s7e1-ba8ac0a3:1 s8e1-a585f7d5:1
1786386848.331855 s7e1-ba8ac0a3:1 s8e1-a585f7d5:1
1786386848.351445 s7e1-ba8ac0a3:1 s8e1-a585f7d5:1
1786386848.370979 s7e1-ba8ac0a3:1 s8e1-a585f7d5:1
1786386848.390726 s7e1-ba8ac0a3:1 s8e1-a585f7d5:1 s1e1-bed9eef6:53E
1786386848.448295 s7e1-ba8ac0a3:1 s8e1-a585f7d5:1 s1e1-bed9eef6:1
1786386848.451419 s7e1-ba8ac0a3:1 s8e1-a585f7d5:1 s1e1-bed9eef6:1
1786386848.469706 s7e1-ba8ac0a3:1 s8e1-a585f7d5:1 s1e1-bed9eef6:1
1786386848.489852 s7e1-ba8ac0a3:1 s8e1-a585f7d5:1 s1e1-bed9eef6:1
1786386848.508812 s7e1-ba8ac0a3:1 s8e1-a585f7d5:1 s1e1-bed9eef6:1
1786386848.528373 s7e1-ba8ac0a3:1 s8e1-a585f7d5:1 s1e1-bed9eef6:1
1786386848.547919 s7e1-ba8ac0a3:1 s8e1-a585f7d5:1 s1e1-bed9eef6:1
1786386848.567491 s7e1-ba8ac0a3:1 s8e1-a585f7d5:1 s1e1-bed9eef6:1
1786386848.587082 s7e1-ba8ac0a3:1 s8e1-a585f7d5:1 s1e1-bed9eef6:1
1786386848.606683 s8e1-a585f7d5:1 s1e1-bed9eef6:1
1786386848.626229 s8e1-a585f7d5:1 s1e1-bed9eef6:1
1786386848.645907 s8e1-a585f7d5:1 s1e1-bed9eef6:1 s2e1-81cd9116:53E
1786386848.702606 s8e1-a585f7d5:1 s1e1-bed9eef6:1 s2e1-81cd9116:1
1786386848.705438 s8e1-a585f7d5:1 s1e1-bed9eef6:1 s2e1-81cd9116:1
1786386848.723799 s8e1-a585f7d5:1 s1e1-bed9eef6:1 s2e1-81cd9116:1
1786386848.743440 s8e1-a585f7d5:1 s1e1-bed9eef6:1 s2e1-81cd9116:1
1786386848.762827 s8e1-a585f7d5:1 s1e1-bed9eef6:1 s2e1-81cd9116:1
1786386848.782326 s8e1-a585f7d5:1 s1e1-bed9eef6:1 s2e1-81cd9116:1
1786386848.801947 s8e1-a585f7d5:1 s1e1-bed9eef6:1 s2e1-81cd9116:1
1786386848.821340 s1e1-bed9eef6:1 s2e1-81cd9116:1
1786386848.840831 s1e1-bed9eef6:1 s2e1-81cd9116:1
1786386848.860249 s1e1-bed9eef6:1 s2e1-81cd9116:1
1786386848.879735 s1e1-bed9eef6:1 s2e1-81cd9116:1
1786386848.899353 s1e1-bed9eef6:1 s2e1-81cd9116:1 s3e1-a1dc71bb:53E
1786386848.955549 s1e1-bed9eef6:1 s2e1-81cd9116:1 s3e1-a1dc71bb:1
1786386848.958308 s1e1-bed9eef6:1 s2e1-81cd9116:1 s3e1-a1dc71bb:1
1786386848.976823 s1e1-bed9eef6:1 s2e1-81cd9116:1 s3e1-a1dc71bb:1
1786386848.996322 s1e1-bed9eef6:1 s2e1-81cd9116:1 s3e1-a1dc71bb:1
1786386849.015794 s1e1-bed9eef6:1 s2e1-81cd9116:1 s3e1-a1dc71bb:1
1786386849.035381 s1e1-bed9eef6:1 s2e1-81cd9116:1 s3e1-a1dc71bb:1
1786386849.054977 s1e1-bed9eef6:1 s2e1-81cd9116:1 s3e1-a1dc71bb:1 s4e1-92d49b6c:53E
1786386849.112075 s1e1-bed9eef6:1 s2e1-81cd9116:1 s3e1-a1dc71bb:1 s4e1-92d49b6c:1
1786386849.115023 s2e1-81cd9116:1 s3e1-a1dc71bb:1 s4e1-92d49b6c:1
1786386849.133671 s2e1-81cd9116:1 s3e1-a1dc71bb:1 s4e1-92d49b6c:1
1786386849.153275 s2e1-81cd9116:1 s3e1-a1dc71bb:1 s4e1-92d49b6c:1
1786386849.172802 s2e1-81cd9116:1 s3e1-a1dc71bb:1 s4e1-92d49b6c:1
1786386849.192394 s2e1-81cd9116:1 s3e1-a1dc71bb:1 s4e1-92d49b6c:1
1786386849.212040 s2e1-81cd9116:1 s3e1-a1dc71bb:1 s4e1-92d49b6c:1
1786386849.231519 s2e1-81cd9116:1 s3e1-a1dc71bb:1 s4e1-92d49b6c:1
1786386849.251085 s2e1-81cd9116:1 s3e1-a1dc71bb:1 s4e1-92d49b6c:1
1786386849.270645 s2e1-81cd9116:1 s3e1-a1dc71bb:1 s4e1-92d49b6c:1
1786386849.290189 s2e1-81cd9116:1 s3e1-a1dc71bb:1 s4e1-92d49b6c:1
1786386849.309739 s2e1-81cd9116:1 s3e1-a1dc71bb:1 s4e1-92d49b6c:1
1786386849.329414 s2e1-81cd9116:1 s3e1-a1dc71bb:1 s4e1-92d49b6c:1
1786386849.349156 s3e1-a1dc71bb:1 s4e1-92d49b6c:1 s5e1-a47300ef:53E
1786386849.420318 s3e1-a1dc71bb:1 s4e1-92d49b6c:1 s5e1-a47300ef:1
1786386849.423442 s3e1-a1dc71bb:1 s4e1-92d49b6c:1 s5e1-a47300ef:1
1786386849.441471 s3e1-a1dc71bb:1 s4e1-92d49b6c:1 s5e1-a47300ef:1
1786386849.460612 s3e1-a1dc71bb:1 s4e1-92d49b6c:1 s5e1-a47300ef:1
1786386849.479883 s3e1-a1dc71bb:1 s4e1-92d49b6c:1 s5e1-a47300ef:1
1786386849.499206 s3e1-a1dc71bb:1 s4e1-92d49b6c:1 s5e1-a47300ef:1
1786386849.518582 s3e1-a1dc71bb:1 s4e1-92d49b6c:1 s5e1-a47300ef:1
1786386849.537946 s3e1-a1dc71bb:1 s4e1-92d49b6c:1 s5e1-a47300ef:1
1786386849.557425 s3e1-a1dc71bb:1 s4e1-92d49b6c:1 s5e1-a47300ef:1
1786386849.576872 s3e1-a1dc71bb:1 s4e1-92d49b6c:1 s5e1-a47300ef:1
1786386849.596385 s3e1-a1dc71bb:1 s4e1-92d49b6c:1 s5e1-a47300ef:1
1786386849.616078 s4e1-92d49b6c:1 s5e1-a47300ef:1 s6e1-b3663ea1:53E
1786386849.673199 s4e1-92d49b6c:1 s5e1-a47300ef:1 s6e1-b3663ea1:1
1786386849.676515 s4e1-92d49b6c:1 s5e1-a47300ef:1 s6e1-b3663ea1:1
1786386849.694741 s4e1-92d49b6c:1 s5e1-a47300ef:1 s6e1-b3663ea1:1
1786386849.714342 s4e1-92d49b6c:1 s5e1-a47300ef:1 s6e1-b3663ea1:1
1786386849.733893 s4e1-92d49b6c:1 s5e1-a47300ef:1 s6e1-b3663ea1:1
1786386849.753454 s4e1-92d49b6c:1 s5e1-a47300ef:1 s6e1-b3663ea1:1
1786386849.773028 s5e1-a47300ef:1 s6e1-b3663ea1:1
1786386849.792642 s5e1-a47300ef:1 s6e1-b3663ea1:1
1786386849.812134 s5e1-a47300ef:1 s6e1-b3663ea1:1
1786386849.831643 s5e1-a47300ef:1 s6e1-b3663ea1:1
1786386849.851203 s5e1-a47300ef:1 s6e1-b3663ea1:1
1786386849.870913 s5e1-a47300ef:1 s6e1-b3663ea1:1 s7e1-ba8ac0a3:53E
1786386849.928366 s5e1-a47300ef:1 s6e1-b3663ea1:1 s7e1-ba8ac0a3:1
1786386849.931322 s5e1-a47300ef:1 s6e1-b3663ea1:1 s7e1-ba8ac0a3:1
1786386849.949798 s5e1-a47300ef:1 s6e1-b3663ea1:1 s7e1-ba8ac0a3:1
1786386849.969405 s5e1-a47300ef:1 s6e1-b3663ea1:1 s7e1-ba8ac0a3:1
1786386849.988933 s5e1-a47300ef:1 s6e1-b3663ea1:1 s7e1-ba8ac0a3:1
1786386850.008584 s5e1-a47300ef:1 s6e1-b3663ea1:1 s7e1-ba8ac0a3:1
1786386850.028072 s5e1-a47300ef:1 s6e1-b3663ea1:1 s7e1-ba8ac0a3:1
1786386850.047624 s5e1-a47300ef:1 s6e1-b3663ea1:1 s7e1-ba8ac0a3:1
1786386850.067165 s6e1-b3663ea1:1 s7e1-ba8ac0a3:1
1786386850.086782 s6e1-b3663ea1:1 s7e1-ba8ac0a3:1
1786386850.106292 s6e1-b3663ea1:1 s7e1-ba8ac0a3:1
1786386850.126050 s6e1-b3663ea1:1 s7e1-ba8ac0a3:1 s8e1-a585f7d5:53E
1786386850.182990 s6e1-b3663ea1:1 s7e1-ba8ac0a3:1 s8e1-a585f7d5:1
1786386850.186098 s6e1-b3663ea1:1 s7e1-ba8ac0a3:1 s8e1-a585f7d5:1
1786386850.204284 s6e1-b3663ea1:1 s7e1-ba8ac0a3:1 s8e1-a585f7d5:1
1786386850.223797 s6e1-b3663ea1:1 s7e1-ba8ac0a3:1 s8e1-a585f7d5:1
1786386850.243269 s6e1-b3663ea1:1 s7e1-ba8ac0a3:1 s8e1-a585f7d5:1
1786386850.262815 s6e1-b3663ea1:1 s7e1-ba8ac0a3:1 s8e1-a585f7d5:1
1786386850.282290 s6e1-b3663ea1:1 s7e1-ba8ac0a3:1 s8e1-a585f7d5:1
1786386850.301791 s6e1-b3663ea1:1 s7e1-ba8ac0a3:1 s8e1-a585f7d5:1
1786386850.321315 s7e1-ba8ac0a3:1 s8e1-a585f7d5:1
1786386850.341014 s7e1-ba8ac0a3:1 s8e1-a585f7d5:1
1786386850.360535 s7e1-ba8ac0a3:1 s8e1-a585f7d5:1
1786386850.380231 s7e1-ba8ac0a3:1 s8e1-a585f7d5:1 s1e1-bed9eef6:53E
1786386850.457801 s7e1-ba8ac0a3:1 s8e1-a585f7d5:1 s1e1-bed9eef6:1
1786386850.460379 s7e1-ba8ac0a3:1 s8e1-a585f7d5:1 s1e1-bed9eef6:1
1786386850.478883 s7e1-ba8ac0a3:1 s8e1-a585f7d5:1 s1e1-bed9eef6:1
1786386850.498152 s7e1-ba8ac0a3:1 s8e1-a585f7d5:1 s1e1-bed9eef6:1
1786386850.517604 s7e1-ba8ac0a3:1 s8e1-a585f7d5:1 s1e1-bed9eef6:1
1786386850.536903 s7e1-ba8ac0a3:1 s8e1-a585f7d5:1 s1e1-bed9eef6:1
1786386850.556310 s7e1-ba8ac0a3:1 s8e1-a585f7d5:1 s1e1-bed9eef6:1
1786386850.575829 s7e1-ba8ac0a3:1 s8e1-a585f7d5:1 s1e1-bed9eef6:1
1786386850.595282 s8e1-a585f7d5:1 s1e1-bed9eef6:1
1786386850.614877 s8e1-a585f7d5:1 s1e1-bed9eef6:1 s2e1-81cd9116:53E
1786386850.672496 s8e1-a585f7d5:1 s1e1-bed9eef6:1 s2e1-81cd9116:1
1786386850.675222 s8e1-a585f7d5:1 s1e1-bed9eef6:1 s2e1-81cd9116:1
1786386850.694007 s8e1-a585f7d5:1 s1e1-bed9eef6:1 s2e1-81cd9116:1
1786386850.713634 s8e1-a585f7d5:1 s1e1-bed9eef6:1 s2e1-81cd9116:1
1786386850.733256 s8e1-a585f7d5:1 s1e1-bed9eef6:1 s2e1-81cd9116:1
1786386850.752774 s8e1-a585f7d5:1 s1e1-bed9eef6:1 s2e1-81cd9116:1
1786386850.772309 s8e1-a585f7d5:1 s1e1-bed9eef6:1 s2e1-81cd9116:1
1786386850.791879 s8e1-a585f7d5:1 s1e1-bed9eef6:1 s2e1-81cd9116:1
1786386850.811493 s8e1-a585f7d5:1 s1e1-bed9eef6:1 s2e1-81cd9116:1
1786386850.831089 s8e1-a585f7d5:1 s1e1-bed9eef6:1 s2e1-81cd9116:1
1786386850.850727 s1e1-bed9eef6:1 s2e1-81cd9116:1
1786386850.870309 s1e1-bed9eef6:1 s2e1-81cd9116:1
1786386850.889793 s1e1-bed9eef6:1 s2e1-81cd9116:1
1786386850.909280 s1e1-bed9eef6:1 s2e1-81cd9116:1
1786386850.928865 s1e1-bed9eef6:1 s2e1-81cd9116:1
1786386850.948248 s1e1-bed9eef6:1 s2e1-81cd9116:1
1786386850.967831 s1e1-bed9eef6:1 s2e1-81cd9116:1 s3e1-a1dc71bb:53E
1786386851.024531 s1e1-bed9eef6:1 s2e1-81cd9116:1 s3e1-a1dc71bb:1
1786386851.027485 s1e1-bed9eef6:1 s2e1-81cd9116:1 s3e1-a1dc71bb:1
1786386851.045735 s1e1-bed9eef6:1 s2e1-81cd9116:1 s3e1-a1dc71bb:1
1786386851.065309 s1e1-bed9eef6:1 s2e1-81cd9116:1 s3e1-a1dc71bb:1
1786386851.084832 s1e1-bed9eef6:1 s2e1-81cd9116:1 s3e1-a1dc71bb:1
1786386851.104292 s2e1-81cd9116:1 s3e1-a1dc71bb:1
1786386851.123820 s2e1-81cd9116:1 s3e1-a1dc71bb:1
1786386851.143343 s2e1-81cd9116:1 s3e1-a1dc71bb:1
1786386851.162872 s2e1-81cd9116:1 s3e1-a1dc71bb:1
1786386851.182433 s2e1-81cd9116:1 s3e1-a1dc71bb:1 s4e1-92d49b6c:53E
1786386851.239030 s2e1-81cd9116:1 s3e1-a1dc71bb:1 s4e1-92d49b6c:1
1786386851.241554 s2e1-81cd9116:1 s3e1-a1dc71bb:1 s4e1-92d49b6c:1
1786386851.260201 s2e1-81cd9116:1 s3e1-a1dc71bb:1 s4e1-92d49b6c:1
1786386851.279705 s2e1-81cd9116:1 s3e1-a1dc71bb:1 s4e1-92d49b6c:1
1786386851.299189 s2e1-81cd9116:1 s3e1-a1dc71bb:1 s4e1-92d49b6c:1
1786386851.318785 s3e1-a1dc71bb:1 s4e1-92d49b6c:1
1786386851.338514 s3e1-a1dc71bb:1 s4e1-92d49b6c:1
1786386851.358173 s3e1-a1dc71bb:1 s4e1-92d49b6c:1
1786386851.377904 s3e1-a1dc71bb:1 s4e1-92d49b6c:1
1786386851.397547 s3e1-a1dc71bb:1 s4e1-92d49b6c:1
1786386851.417146 s3e1-a1dc71bb:1 s4e1-92d49b6c:1
1786386851.436819 s3e1-a1dc71bb:1 s4e1-92d49b6c:1 s5e1-a47300ef:53E
1786386851.493750 s3e1-a1dc71bb:1 s4e1-92d49b6c:1 s5e1-a47300ef:1
1786386851.496280 s3e1-a1dc71bb:1 s4e1-92d49b6c:1 s5e1-a47300ef:1
1786386851.515230 s3e1-a1dc71bb:1 s4e1-92d49b6c:1 s5e1-a47300ef:1
1786386851.534755 s3e1-a1dc71bb:1 s4e1-92d49b6c:1 s5e1-a47300ef:1
1786386851.554361 s3e1-a1dc71bb:1 s4e1-92d49b6c:1 s5e1-a47300ef:1
1786386851.573980 s3e1-a1dc71bb:1 s4e1-92d49b6c:1 s5e1-a47300ef:1
1786386851.593494 s3e1-a1dc71bb:1 s4e1-92d49b6c:1 s5e1-a47300ef:1
1786386851.618073 s3e1-a1dc71bb:1 s4e1-92d49b6c:1 s5e1-a47300ef:1
1786386851.632703 s3e1-a1dc71bb:1 s4e1-92d49b6c:1 s5e1-a47300ef:1
1786386851.652433 s3e1-a1dc71bb:1 s4e1-92d49b6c:1 s5e1-a47300ef:1 s6e1-b3663ea1:53E
1786386851.709610 s4e1-92d49b6c:1 s5e1-a47300ef:1 s6e1-b3663ea1:1
1786386851.712585 s4e1-92d49b6c:1 s5e1-a47300ef:1 s6e1-b3663ea1:1
1786386851.731416 s4e1-92d49b6c:1 s5e1-a47300ef:1 s6e1-b3663ea1:1
1786386851.751147 s4e1-92d49b6c:1 s5e1-a47300ef:1 s6e1-b3663ea1:1
1786386851.770791 s4e1-92d49b6c:1 s5e1-a47300ef:1 s6e1-b3663ea1:1
1786386851.790401 s4e1-92d49b6c:1 s5e1-a47300ef:1 s6e1-b3663ea1:1
1786386851.809988 s4e1-92d49b6c:1 s5e1-a47300ef:1 s6e1-b3663ea1:1
1786386851.829651 s4e1-92d49b6c:1 s5e1-a47300ef:1 s6e1-b3663ea1:1
1786386851.849387 s4e1-92d49b6c:1 s5e1-a47300ef:1 s6e1-b3663ea1:1 s7e1-ba8ac0a3:53E
1786386851.906487 s4e1-92d49b6c:1 s5e1-a47300ef:1 s6e1-b3663ea1:1 s7e1-ba8ac0a3:1
1786386851.909473 s5e1-a47300ef:1 s6e1-b3663ea1:1 s7e1-ba8ac0a3:1
1786386851.928017 s5e1-a47300ef:1 s6e1-b3663ea1:1 s7e1-ba8ac0a3:1
1786386851.947673 s5e1-a47300ef:1 s6e1-b3663ea1:1 s7e1-ba8ac0a3:1
1786386851.967269 s5e1-a47300ef:1 s6e1-b3663ea1:1 s7e1-ba8ac0a3:1
1786386851.986894 s5e1-a47300ef:1 s6e1-b3663ea1:1 s7e1-ba8ac0a3:1
1786386852.006429 s5e1-a47300ef:1 s6e1-b3663ea1:1 s7e1-ba8ac0a3:1
1786386852.026016 s5e1-a47300ef:1 s6e1-b3663ea1:1 s7e1-ba8ac0a3:1
1786386852.045575 s5e1-a47300ef:1 s6e1-b3663ea1:1 s7e1-ba8ac0a3:1
1786386852.065234 s5e1-a47300ef:1 s6e1-b3663ea1:1 s7e1-ba8ac0a3:1
1786386852.084844 s5e1-a47300ef:1 s6e1-b3663ea1:1 s7e1-ba8ac0a3:1
1786386852.104349 s5e1-a47300ef:1 s6e1-b3663ea1:1 s7e1-ba8ac0a3:1
1786386852.123999 s5e1-a47300ef:1 s6e1-b3663ea1:1 s7e1-ba8ac0a3:1
1786386852.143548 s6e1-b3663ea1:1 s7e1-ba8ac0a3:1
1786386852.163278 s6e1-b3663ea1:1 s7e1-ba8ac0a3:1 s8e1-a585f7d5:53E
1786386852.220363 s6e1-b3663ea1:1 s7e1-ba8ac0a3:1 s8e1-a585f7d5:1
1786386852.223337 s6e1-b3663ea1:1 s7e1-ba8ac0a3:1 s8e1-a585f7d5:1
1786386852.241644 s6e1-b3663ea1:1 s7e1-ba8ac0a3:1 s8e1-a585f7d5:1
1786386852.261161 s6e1-b3663ea1:1 s7e1-ba8ac0a3:1 s8e1-a585f7d5:1
1786386852.280625 s6e1-b3663ea1:1 s7e1-ba8ac0a3:1 s8e1-a585f7d5:1
1786386852.300300 s6e1-b3663ea1:1 s7e1-ba8ac0a3:1 s8e1-a585f7d5:1
1786386852.319689 s6e1-b3663ea1:1 s7e1-ba8ac0a3:1 s8e1-a585f7d5:1
1786386852.339195 s6e1-b3663ea1:1 s7e1-ba8ac0a3:1 s8e1-a585f7d5:1
1786386852.358721 s7e1-ba8ac0a3:1 s8e1-a585f7d5:1
1786386852.378260 s7e1-ba8ac0a3:1 s8e1-a585f7d5:1
1786386852.397909 s7e1-ba8ac0a3:1 s8e1-a585f7d5:1 s1e1-bed9eef6:53E
1786386852.454605 s7e1-ba8ac0a3:1 s8e1-a585f7d5:1 s1e1-bed9eef6:1
1786386852.457437 s7e1-ba8ac0a3:1 s8e1-a585f7d5:1 s1e1-bed9eef6:1
1786386852.475951 s7e1-ba8ac0a3:1 s8e1-a585f7d5:1 s1e1-bed9eef6:1
1786386852.495410 s7e1-ba8ac0a3:1 s8e1-a585f7d5:1 s1e1-bed9eef6:1
1786386852.514903 s7e1-ba8ac0a3:1 s8e1-a585f7d5:1 s1e1-bed9eef6:1
1786386852.534397 s7e1-ba8ac0a3:1 s8e1-a585f7d5:1 s1e1-bed9eef6:1
1786386852.553897 s8e1-a585f7d5:1 s1e1-bed9eef6:1
1786386852.573495 s8e1-a585f7d5:1 s1e1-bed9eef6:1
1786386852.593009 s8e1-a585f7d5:1 s1e1-bed9eef6:1
1786386852.612569 s8e1-a585f7d5:1 s1e1-bed9eef6:1
1786386852.632220 s8e1-a585f7d5:1 s1e1-bed9eef6:1
1786386852.651801 s8e1-a585f7d5:1 s1e1-bed9eef6:1 s2e1-81cd9116:53E
1786386852.708726 s8e1-a585f7d5:1 s1e1-bed9eef6:1 s2e1-81cd9116:1
1786386852.711611 s8e1-a585f7d5:1 s1e1-bed9eef6:1 s2e1-81cd9116:1
1786386852.730228 s8e1-a585f7d5:1 s1e1-bed9eef6:1 s2e1-81cd9116:1
1786386852.750018 s8e1-a585f7d5:1 s1e1-bed9eef6:1 s2e1-81cd9116:1
1786386852.769585 s8e1-a585f7d5:1 s1e1-bed9eef6:1 s2e1-81cd9116:1
1786386852.789220 s8e1-a585f7d5:1 s1e1-bed9eef6:1 s2e1-81cd9116:1
1786386852.808862 s8e1-a585f7d5:1 s1e1-bed9eef6:1 s2e1-81cd9116:1
1786386852.828636 s8e1-a585f7d5:1 s1e1-bed9eef6:1 s2e1-81cd9116:1
1786386852.848263 s8e1-a585f7d5:1 s1e1-bed9eef6:1 s2e1-81cd9116:1
1786386852.868155 s1e1-bed9eef6:1 s2e1-81cd9116:1
1786386852.887725 s1e1-bed9eef6:1 s2e1-81cd9116:1 s3e1-a1dc71bb:53E
1786386852.944778 s1e1-bed9eef6:1 s2e1-81cd9116:1 s3e1-a1dc71bb:1
1786386852.947614 s1e1-bed9eef6:1 s2e1-81cd9116:1 s3e1-a1dc71bb:1
1786386852.966133 s1e1-bed9eef6:1 s2e1-81cd9116:1 s3e1-a1dc71bb:1
1786386852.985821 s1e1-bed9eef6:1 s2e1-81cd9116:1 s3e1-a1dc71bb:1
1786386853.005323 s1e1-bed9eef6:1 s2e1-81cd9116:1 s3e1-a1dc71bb:1
1786386853.024878 s1e1-bed9eef6:1 s2e1-81cd9116:1 s3e1-a1dc71bb:1
1786386853.044468 s1e1-bed9eef6:1 s2e1-81cd9116:1 s3e1-a1dc71bb:1
1786386853.064074 s1e1-bed9eef6:1 s2e1-81cd9116:1 s3e1-a1dc71bb:1
1786386853.083774 s1e1-bed9eef6:1 s2e1-81cd9116:1 s3e1-a1dc71bb:1
1786386853.103244 s2e1-81cd9116:1 s3e1-a1dc71bb:1
1786386853.122880 s2e1-81cd9116:1 s3e1-a1dc71bb:1
1786386853.142395 s2e1-81cd9116:1 s3e1-a1dc71bb:1
1786386853.162102 s2e1-81cd9116:1 s3e1-a1dc71bb:1 s4e1-92d49b6c:53E
1786386853.217969 s2e1-81cd9116:1 s3e1-a1dc71bb:1 s4e1-92d49b6c:1
1786386853.220819 s2e1-81cd9116:1 s3e1-a1dc71bb:1 s4e1-92d49b6c:1
1786386853.239243 s2e1-81cd9116:1 s3e1-a1dc71bb:1 s4e1-92d49b6c:1
1786386853.258722 s2e1-81cd9116:1 s3e1-a1dc71bb:1 s4e1-92d49b6c:1
1786386853.278238 s2e1-81cd9116:1 s3e1-a1dc71bb:1 s4e1-92d49b6c:1
1786386853.297732 s2e1-81cd9116:1 s3e1-a1dc71bb:1 s4e1-92d49b6c:1
1786386853.317289 s2e1-81cd9116:1 s3e1-a1dc71bb:1 s4e1-92d49b6c:1
1786386853.336787 s2e1-81cd9116:1 s3e1-a1dc71bb:1 s4e1-92d49b6c:1
1786386853.356311 s3e1-a1dc71bb:1 s4e1-92d49b6c:1
1786386853.376028 s3e1-a1dc71bb:1 s4e1-92d49b6c:1 s5e1-a47300ef:53E
1786386853.434286 s3e1-a1dc71bb:1 s4e1-92d49b6c:1 s5e1-a47300ef:1
1786386853.436820 s3e1-a1dc71bb:1 s4e1-92d49b6c:1 s5e1-a47300ef:1
1786386853.455742 s3e1-a1dc71bb:1 s4e1-92d49b6c:1 s5e1-a47300ef:1
1786386853.475222 s3e1-a1dc71bb:1 s4e1-92d49b6c:1 s5e1-a47300ef:1
1786386853.494688 s3e1-a1dc71bb:1 s4e1-92d49b6c:1 s5e1-a47300ef:1
1786386853.514192 s3e1-a1dc71bb:1 s4e1-92d49b6c:1 s5e1-a47300ef:1
1786386853.533695 s3e1-a1dc71bb:1 s4e1-92d49b6c:1 s5e1-a47300ef:1
1786386853.553206 s3e1-a1dc71bb:1 s4e1-92d49b6c:1 s5e1-a47300ef:1
1786386853.572843 s3e1-a1dc71bb:1 s4e1-92d49b6c:1 s5e1-a47300ef:1
1786386853.592407 s4e1-92d49b6c:1 s5e1-a47300ef:1
1786386853.612157 s4e1-92d49b6c:1 s5e1-a47300ef:1 s6e1-b3663ea1:53E
1786386853.669270 s4e1-92d49b6c:1 s5e1-a47300ef:1 s6e1-b3663ea1:1
1786386853.671951 s4e1-92d49b6c:1 s5e1-a47300ef:1 s6e1-b3663ea1:1
1786386853.691058 s4e1-92d49b6c:1 s5e1-a47300ef:1 s6e1-b3663ea1:1
1786386853.710796 s4e1-92d49b6c:1 s5e1-a47300ef:1 s6e1-b3663ea1:1
1786386853.730488 s4e1-92d49b6c:1 s5e1-a47300ef:1 s6e1-b3663ea1:1
1786386853.750088 s4e1-92d49b6c:1 s5e1-a47300ef:1 s6e1-b3663ea1:1
1786386853.769665 s4e1-92d49b6c:1 s5e1-a47300ef:1 s6e1-b3663ea1:1
1786386853.789330 s4e1-92d49b6c:1 s5e1-a47300ef:1 s6e1-b3663ea1:1
1786386853.808875 s4e1-92d49b6c:1 s5e1-a47300ef:1 s6e1-b3663ea1:1
1786386853.828431 s4e1-92d49b6c:1 s5e1-a47300ef:1 s6e1-b3663ea1:1
1786386853.848001 s4e1-92d49b6c:1 s5e1-a47300ef:1 s6e1-b3663ea1:1
1786386853.867556 s5e1-a47300ef:1 s6e1-b3663ea1:1
1786386853.891788 s5e1-a47300ef:1 s6e1-b3663ea1:1
1786386853.906831 s5e1-a47300ef:1 s6e1-b3663ea1:1
1786386853.926457 s5e1-a47300ef:1 s6e1-b3663ea1:1 s7e1-ba8ac0a3:53E
1786386853.986032 s5e1-a47300ef:1 s6e1-b3663ea1:1 s7e1-ba8ac0a3:1
1786386853.988596 s5e1-a47300ef:1 s6e1-b3663ea1:1 s7e1-ba8ac0a3:1
1786386854.007324 s5e1-a47300ef:1 s6e1-b3663ea1:1 s7e1-ba8ac0a3:1
1786386854.026860 s5e1-a47300ef:1 s6e1-b3663ea1:1 s7e1-ba8ac0a3:1
1786386854.046377 s5e1-a47300ef:1 s6e1-b3663ea1:1 s7e1-ba8ac0a3:1
1786386854.065934 s5e1-a47300ef:1 s6e1-b3663ea1:1 s7e1-ba8ac0a3:1
1786386854.085561 s6e1-b3663ea1:1 s7e1-ba8ac0a3:1
1786386854.105226 s6e1-b3663ea1:1 s7e1-ba8ac0a3:1
1786386854.124651 s6e1-b3663ea1:1 s7e1-ba8ac0a3:1
1786386854.144245 s6e1-b3663ea1:1 s7e1-ba8ac0a3:1
1786386854.163939 s6e1-b3663ea1:1 s7e1-ba8ac0a3:1 s8e1-a585f7d5:53E
1786386854.220322 s6e1-b3663ea1:1 s7e1-ba8ac0a3:1 s8e1-a585f7d5:1
1786386854.222918 s6e1-b3663ea1:1 s7e1-ba8ac0a3:1 s8e1-a585f7d5:1
1786386854.241520 s6e1-b3663ea1:1 s7e1-ba8ac0a3:1 s8e1-a585f7d5:1
1786386854.261166 s6e1-b3663ea1:1 s7e1-ba8ac0a3:1 s8e1-a585f7d5:1
1786386854.280684 s6e1-b3663ea1:1 s7e1-ba8ac0a3:1 s8e1-a585f7d5:1
1786386854.300261 s6e1-b3663ea1:1 s7e1-ba8ac0a3:1 s8e1-a585f7d5:1
1786386854.319829 s7e1-ba8ac0a3:1 s8e1-a585f7d5:1
1786386854.339475 s7e1-ba8ac0a3:1 s8e1-a585f7d5:1
1786386854.359003 s7e1-ba8ac0a3:1 s8e1-a585f7d5:1
1786386854.378534 s7e1-ba8ac0a3:1 s8e1-a585f7d5:1
1786386854.398122 s7e1-ba8ac0a3:1 s8e1-a585f7d5:1
1786386854.417813 s7e1-ba8ac0a3:1 s8e1-a585f7d5:1 s1e1-bed9eef6:53E
1786386854.474556 s7e1-ba8ac0a3:1 s8e1-a585f7d5:1 s1e1-bed9eef6:1
1786386854.477027 s7e1-ba8ac0a3:1 s8e1-a585f7d5:1 s1e1-bed9eef6:1
1786386854.495936 s7e1-ba8ac0a3:1 s8e1-a585f7d5:1 s1e1-bed9eef6:1
1786386854.515504 s7e1-ba8ac0a3:1 s8e1-a585f7d5:1 s1e1-bed9eef6:1
1786386854.535156 s7e1-ba8ac0a3:1 s8e1-a585f7d5:1 s1e1-bed9eef6:1
1786386854.554681 s7e1-ba8ac0a3:1 s8e1-a585f7d5:1 s1e1-bed9eef6:1
1786386854.574266 s7e1-ba8ac0a3:1 s8e1-a585f7d5:1 s1e1-bed9eef6:1
1786386854.593858 s7e1-ba8ac0a3:1 s8e1-a585f7d5:1 s1e1-bed9eef6:1
1786386854.613467 s7e1-ba8ac0a3:1 s8e1-a585f7d5:1 s1e1-bed9eef6:1
1786386854.633167 s8e1-a585f7d5:1 s1e1-bed9eef6:1
1786386854.652744 s8e1-a585f7d5:1 s1e1-bed9eef6:1
1786386854.672361 s8e1-a585f7d5:1 s1e1-bed9eef6:1 s2e1-81cd9116:53E
1786386854.729814 s8e1-a585f7d5:1 s1e1-bed9eef6:1 s2e1-81cd9116:1
1786386854.732260 s8e1-a585f7d5:1 s1e1-bed9eef6:1 s2e1-81cd9116:1
1786386854.751316 s8e1-a585f7d5:1 s1e1-bed9eef6:1 s2e1-81cd9116:1
1786386854.771001 s8e1-a585f7d5:1 s1e1-bed9eef6:1 s2e1-81cd9116:1
1786386854.790730 s8e1-a585f7d5:1 s1e1-bed9eef6:1 s2e1-81cd9116:1
1786386854.810429 s8e1-a585f7d5:1 s1e1-bed9eef6:1 s2e1-81cd9116:1
1786386854.830212 s8e1-a585f7d5:1 s1e1-bed9eef6:1 s2e1-81cd9116:1 s3e1-a1dc71bb:53E
1786386854.886853 s8e1-a585f7d5:1 s1e1-bed9eef6:1 s2e1-81cd9116:1 s3e1-a1dc71bb:1
1786386854.889464 s1e1-bed9eef6:1 s2e1-81cd9116:1 s3e1-a1dc71bb:1
1786386854.908413 s1e1-bed9eef6:1 s2e1-81cd9116:1 s3e1-a1dc71bb:1
1786386854.928117 s1e1-bed9eef6:1 s2e1-81cd9116:1 s3e1-a1dc71bb:1
1786386854.947763 s1e1-bed9eef6:1 s2e1-81cd9116:1 s3e1-a1dc71bb:1
1786386854.967426 s1e1-bed9eef6:1 s2e1-81cd9116:1 s3e1-a1dc71bb:1
1786386854.987048 s1e1-bed9eef6:1 s2e1-81cd9116:1 s3e1-a1dc71bb:1
1786386855.006687 s1e1-bed9eef6:1 s2e1-81cd9116:1 s3e1-a1dc71bb:1
1786386855.026223 s1e1-bed9eef6:1 s2e1-81cd9116:1 s3e1-a1dc71bb:1
1786386855.045779 s1e1-bed9eef6:1 s2e1-81cd9116:1 s3e1-a1dc71bb:1
1786386855.065384 s1e1-bed9eef6:1 s2e1-81cd9116:1 s3e1-a1dc71bb:1
1786386855.085039 s1e1-bed9eef6:1 s2e1-81cd9116:1 s3e1-a1dc71bb:1
1786386855.104600 s1e1-bed9eef6:1 s2e1-81cd9116:1 s3e1-a1dc71bb:1
1786386855.124276 s2e1-81cd9116:1 s3e1-a1dc71bb:1
1786386855.143887 s2e1-81cd9116:1 s3e1-a1dc71bb:1
1786386855.163533 s2e1-81cd9116:1 s3e1-a1dc71bb:1 s4e1-92d49b6c:53E
1786386855.220146 s2e1-81cd9116:1 s3e1-a1dc71bb:1 s4e1-92d49b6c:1
1786386855.222549 s2e1-81cd9116:1 s3e1-a1dc71bb:1 s4e1-92d49b6c:1
1786386855.241316 s2e1-81cd9116:1 s3e1-a1dc71bb:1 s4e1-92d49b6c:1
1786386855.260907 s2e1-81cd9116:1 s3e1-a1dc71bb:1 s4e1-92d49b6c:1
1786386855.280478 s2e1-81cd9116:1 s3e1-a1dc71bb:1 s4e1-92d49b6c:1
1786386855.300108 s2e1-81cd9116:1 s3e1-a1dc71bb:1 s4e1-92d49b6c:1
1786386855.319713 s2e1-81cd9116:1 s3e1-a1dc71bb:1 s4e1-92d49b6c:1
1786386855.339550 s2e1-81cd9116:1 s3e1-a1dc71bb:1 s4e1-92d49b6c:1 s5e1-a47300ef:53E
1786386855.396640 s2e1-81cd9116:1 s3e1-a1dc71bb:1 s4e1-92d49b6c:1 s5e1-a47300ef:1
1786386855.400091 s3e1-a1dc71bb:1 s4e1-92d49b6c:1 s5e1-a47300ef:1
1786386855.418054 s3e1-a1dc71bb:1 s4e1-92d49b6c:1 s5e1-a47300ef:1
1786386855.437631 s3e1-a1dc71bb:1 s4e1-92d49b6c:1 s5e1-a47300ef:1
1786386855.457190 s3e1-a1dc71bb:1 s4e1-92d49b6c:1 s5e1-a47300ef:1
1786386855.476772 s3e1-a1dc71bb:1 s4e1-92d49b6c:1 s5e1-a47300ef:1
1786386855.496432 s3e1-a1dc71bb:1 s4e1-92d49b6c:1 s5e1-a47300ef:1
1786386855.515940 s3e1-a1dc71bb:1 s4e1-92d49b6c:1 s5e1-a47300ef:1
1786386855.535538 s4e1-92d49b6c:1 s5e1-a47300ef:1
1786386855.555137 s4e1-92d49b6c:1 s5e1-a47300ef:1
1786386855.574660 s4e1-92d49b6c:1 s5e1-a47300ef:1
1786386855.594264 s4e1-92d49b6c:1 s5e1-a47300ef:1
1786386855.613969 s4e1-92d49b6c:1 s5e1-a47300ef:1
1786386855.633569 s4e1-92d49b6c:1 s5e1-a47300ef:1
1786386855.653229 s4e1-92d49b6c:1 s5e1-a47300ef:1
1786386855.672835 s4e1-92d49b6c:1 s5e1-a47300ef:1
1786386855.692397 s4e1-92d49b6c:1 s5e1-a47300ef:1
1786386855.712015 s4e1-92d49b6c:1 s5e1-a47300ef:1
1786386855.731772 s4e1-92d49b6c:1 s5e1-a47300ef:1 s6e1-b3663ea1:53E
1786386855.788487 s4e1-92d49b6c:1 s5e1-a47300ef:1 s6e1-b3663ea1:1
1786386855.791582 s4e1-92d49b6c:1 s5e1-a47300ef:1 s6e1-b3663ea1:1
1786386855.810203 s4e1-92d49b6c:1 s5e1-a47300ef:1 s6e1-b3663ea1:1
1786386855.830015 s4e1-92d49b6c:1 s5e1-a47300ef:1 s6e1-b3663ea1:1
1786386855.849699 s4e1-92d49b6c:1 s5e1-a47300ef:1 s6e1-b3663ea1:1
1786386855.869507 s5e1-a47300ef:1 s6e1-b3663ea1:1 s7e1-ba8ac0a3:53E
1786386855.926553 s5e1-a47300ef:1 s6e1-b3663ea1:1 s7e1-ba8ac0a3:1
1786386855.929358 s5e1-a47300ef:1 s6e1-b3663ea1:1 s7e1-ba8ac0a3:1
1786386855.948091 s5e1-a47300ef:1 s6e1-b3663ea1:1 s7e1-ba8ac0a3:1
1786386855.967739 s5e1-a47300ef:1 s6e1-b3663ea1:1 s7e1-ba8ac0a3:1
1786386855.987350 s5e1-a47300ef:1 s6e1-b3663ea1:1 s7e1-ba8ac0a3:1
1786386856.007007 s5e1-a47300ef:1 s6e1-b3663ea1:1 s7e1-ba8ac0a3:1
1786386856.026548 s5e1-a47300ef:1 s6e1-b3663ea1:1 s7e1-ba8ac0a3:1
1786386856.046109 s6e1-b3663ea1:1 s7e1-ba8ac0a3:1
1786386856.065720 s6e1-b3663ea1:1 s7e1-ba8ac0a3:1
1786386856.085377 s6e1-b3663ea1:1 s7e1-ba8ac0a3:1
1786386856.105066 s6e1-b3663ea1:1 s7e1-ba8ac0a3:1 s8e1-a585f7d5:53E
1786386856.161886 s6e1-b3663ea1:1 s7e1-ba8ac0a3:1 s8e1-a585f7d5:1
1786386856.164407 s6e1-b3663ea1:1 s7e1-ba8ac0a3:1 s8e1-a585f7d5:1
1786386856.183170 s6e1-b3663ea1:1 s7e1-ba8ac0a3:1 s8e1-a585f7d5:1
1786386856.202796 s6e1-b3663ea1:1 s7e1-ba8ac0a3:1 s8e1-a585f7d5:1
1786386856.222393 s6e1-b3663ea1:1 s7e1-ba8ac0a3:1 s8e1-a585f7d5:1
1786386856.241973 s6e1-b3663ea1:1 s7e1-ba8ac0a3:1 s8e1-a585f7d5:1
1786386856.261553 s6e1-b3663ea1:1 s7e1-ba8ac0a3:1 s8e1-a585f7d5:1
1786386856.281255 s6e1-b3663ea1:1 s7e1-ba8ac0a3:1 s8e1-a585f7d5:1
1786386856.300768 s6e1-b3663ea1:1 s7e1-ba8ac0a3:1 s8e1-a585f7d5:1
1786386856.320349 s6e1-b3663ea1:1 s7e1-ba8ac0a3:1 s8e1-a585f7d5:1
1786386856.339958 s6e1-b3663ea1:1 s7e1-ba8ac0a3:1 s8e1-a585f7d5:1
1786386856.359698 s6e1-b3663ea1:1 s7e1-ba8ac0a3:1 s8e1-a585f7d5:1
1786386856.379272 s6e1-b3663ea1:1 s7e1-ba8ac0a3:1 s8e1-a585f7d5:1
1786386856.398967 s6e1-b3663ea1:1 s7e1-ba8ac0a3:1 s8e1-a585f7d5:1 s1e1-bed9eef6:53E
1786386856.455695 s6e1-b3663ea1:1 s7e1-ba8ac0a3:1 s8e1-a585f7d5:1 s1e1-bed9eef6:1
1786386856.458224 s7e1-ba8ac0a3:1 s8e1-a585f7d5:1 s1e1-bed9eef6:1
1786386856.477118 s7e1-ba8ac0a3:1 s8e1-a585f7d5:1 s1e1-bed9eef6:1
1786386856.496855 s7e1-ba8ac0a3:1 s8e1-a585f7d5:1 s1e1-bed9eef6:1
1786386856.516279 s7e1-ba8ac0a3:1 s8e1-a585f7d5:1 s1e1-bed9eef6:1
1786386856.536054 s7e1-ba8ac0a3:1 s8e1-a585f7d5:1 s1e1-bed9eef6:1
1786386856.555516 s7e1-ba8ac0a3:1 s8e1-a585f7d5:1 s1e1-bed9eef6:1
1786386856.575111 s8e1-a585f7d5:1 s1e1-bed9eef6:1
1786386856.594725 s8e1-a585f7d5:1 s1e1-bed9eef6:1
1786386856.614237 s8e1-a585f7d5:1 s1e1-bed9eef6:1
1786386856.633998 s8e1-a585f7d5:1 s1e1-bed9eef6:1 s2e1-81cd9116:53E
1786386856.691326 s8e1-a585f7d5:1 s1e1-bed9eef6:1 s2e1-81cd9116:1
1786386856.693887 s8e1-a585f7d5:1 s1e1-bed9eef6:1 s2e1-81cd9116:1
1786386856.712991 s8e1-a585f7d5:1 s1e1-bed9eef6:1 s2e1-81cd9116:1
1786386856.732603 s8e1-a585f7d5:1 s1e1-bed9eef6:1 s2e1-81cd9116:1
1786386856.752266 s8e1-a585f7d5:1 s1e1-bed9eef6:1 s2e1-81cd9116:1
1786386856.772275 s8e1-a585f7d5:1 s1e1-bed9eef6:1 s2e1-81cd9116:1
1786386856.791824 s8e1-a585f7d5:1 s1e1-bed9eef6:1 s2e1-81cd9116:1
1786386856.811429 s1e1-bed9eef6:1 s2e1-81cd9116:1
1786386856.831137 s1e1-bed9eef6:1 s2e1-81cd9116:1
1786386856.850647 s1e1-bed9eef6:1 s2e1-81cd9116:1
1786386856.870315 s1e1-bed9eef6:1 s2e1-81cd9116:1
1786386856.889896 s1e1-bed9eef6:1 s2e1-81cd9116:1
1786386856.909549 s1e1-bed9eef6:1 s2e1-81cd9116:1
1786386856.929355 s1e1-bed9eef6:1 s2e1-81cd9116:1 s3e1-a1dc71bb:53E
1786386856.985712 s1e1-bed9eef6:1 s2e1-81cd9116:1 s3e1-a1dc71bb:1
1786386856.988270 s1e1-bed9eef6:1 s2e1-81cd9116:1 s3e1-a1dc71bb:1
1786386857.007170 s1e1-bed9eef6:1 s2e1-81cd9116:1 s3e1-a1dc71bb:1
1786386857.026931 s1e1-bed9eef6:1 s2e1-81cd9116:1 s3e1-a1dc71bb:1
1786386857.046637 s1e1-bed9eef6:1 s2e1-81cd9116:1 s3e1-a1dc71bb:1
1786386857.066348 s1e1-bed9eef6:1 s2e1-81cd9116:1 s3e1-a1dc71bb:1
1786386857.086074 s1e1-bed9eef6:1 s2e1-81cd9116:1 s3e1-a1dc71bb:1
1786386857.105681 s2e1-81cd9116:1 s3e1-a1dc71bb:1
1786386857.125369 s2e1-81cd9116:1 s3e1-a1dc71bb:1
1786386857.145120 s2e1-81cd9116:1 s3e1-a1dc71bb:1
1786386857.164612 s2e1-81cd9116:1 s3e1-a1dc71bb:1
1786386857.184323 s2e1-81cd9116:1 s3e1-a1dc71bb:1 s4e1-92d49b6c:53E
1786386857.241097 s2e1-81cd9116:1 s3e1-a1dc71bb:1 s4e1-92d49b6c:1
1786386857.243561 s2e1-81cd9116:1 s3e1-a1dc71bb:1 s4e1-92d49b6c:1
1786386857.262414 s2e1-81cd9116:1 s3e1-a1dc71bb:1 s4e1-92d49b6c:1
1786386857.282014 s2e1-81cd9116:1 s3e1-a1dc71bb:1 s4e1-92d49b6c:1
1786386857.301607 s2e1-81cd9116:1 s3e1-a1dc71bb:1 s4e1-92d49b6c:1
1786386857.321281 s2e1-81cd9116:1 s3e1-a1dc71bb:1 s4e1-92d49b6c:1
1786386857.340879 s3e1-a1dc71bb:1 s4e1-92d49b6c:1
1786386857.360579 s3e1-a1dc71bb:1 s4e1-92d49b6c:1
1786386857.380273 s3e1-a1dc71bb:1 s4e1-92d49b6c:1 s5e1-a47300ef:53E
1786386857.436142 s3e1-a1dc71bb:1 s4e1-92d49b6c:1 s5e1-a47300ef:1
1786386857.438824 s3e1-a1dc71bb:1 s4e1-92d49b6c:1 s5e1-a47300ef:1
1786386857.457789 s3e1-a1dc71bb:1 s4e1-92d49b6c:1 s5e1-a47300ef:1
1786386857.477413 s3e1-a1dc71bb:1 s4e1-92d49b6c:1 s5e1-a47300ef:1
1786386857.497064 s3e1-a1dc71bb:1 s4e1-92d49b6c:1 s5e1-a47300ef:1
1786386857.516598 s3e1-a1dc71bb:1 s4e1-92d49b6c:1 s5e1-a47300ef:1
1786386857.536217 s3e1-a1dc71bb:1 s4e1-92d49b6c:1 s5e1-a47300ef:1
1786386857.555861 s3e1-a1dc71bb:1 s4e1-92d49b6c:1 s5e1-a47300ef:1
1786386857.575460 s3e1-a1dc71bb:1 s4e1-92d49b6c:1 s5e1-a47300ef:1
1786386857.595187 s3e1-a1dc71bb:1 s4e1-92d49b6c:1 s5e1-a47300ef:1
1786386857.614681 s3e1-a1dc71bb:1 s4e1-92d49b6c:1 s5e1-a47300ef:1
1786386857.634451 s4e1-92d49b6c:1 s5e1-a47300ef:1 s6e1-b3663ea1:53E
1786386857.692603 s4e1-92d49b6c:1 s5e1-a47300ef:1 s6e1-b3663ea1:1
1786386857.695712 s4e1-92d49b6c:1 s5e1-a47300ef:1 s6e1-b3663ea1:1
1786386857.714051 s4e1-92d49b6c:1 s5e1-a47300ef:1 s6e1-b3663ea1:1
1786386857.733756 s4e1-92d49b6c:1 s5e1-a47300ef:1 s6e1-b3663ea1:1
1786386857.753236 s4e1-92d49b6c:1 s5e1-a47300ef:1 s6e1-b3663ea1:1
1786386857.772826 s4e1-92d49b6c:1 s5e1-a47300ef:1 s6e1-b3663ea1:1
1786386857.792462 s4e1-92d49b6c:1 s5e1-a47300ef:1 s6e1-b3663ea1:1
1786386857.812010 s4e1-92d49b6c:1 s5e1-a47300ef:1 s6e1-b3663ea1:1
1786386857.831649 s4e1-92d49b6c:1 s5e1-a47300ef:1 s6e1-b3663ea1:1
1786386857.851370 s4e1-92d49b6c:1 s5e1-a47300ef:1 s6e1-b3663ea1:1
1786386857.871173 s4e1-92d49b6c:1 s5e1-a47300ef:1 s6e1-b3663ea1:1
1786386857.891087 s5e1-a47300ef:1 s6e1-b3663ea1:1 s7e1-ba8ac0a3:53E
1786386857.948262 s5e1-a47300ef:1 s6e1-b3663ea1:1 s7e1-ba8ac0a3:1
1786386857.951583 s5e1-a47300ef:1 s6e1-b3663ea1:1 s7e1-ba8ac0a3:1
1786386857.970138 s5e1-a47300ef:1 s6e1-b3663ea1:1 s7e1-ba8ac0a3:1
1786386857.989950 s5e1-a47300ef:1 s6e1-b3663ea1:1 s7e1-ba8ac0a3:1
1786386858.009720 s5e1-a47300ef:1 s6e1-b3663ea1:1 s7e1-ba8ac0a3:1
1786386858.029341 s5e1-a47300ef:1 s6e1-b3663ea1:1 s7e1-ba8ac0a3:1
1786386858.049007 s5e1-a47300ef:1 s6e1-b3663ea1:1 s7e1-ba8ac0a3:1
1786386858.068832 s5e1-a47300ef:1 s6e1-b3663ea1:1 s7e1-ba8ac0a3:1
1786386858.088499 s6e1-b3663ea1:1 s7e1-ba8ac0a3:1
1786386858.108349 s6e1-b3663ea1:1 s7e1-ba8ac0a3:1 s8e1-a585f7d5:53E
1786386858.167534 s6e1-b3663ea1:1 s7e1-ba8ac0a3:1 s8e1-a585f7d5:1
1786386858.170926 s6e1-b3663ea1:1 s7e1-ba8ac0a3:1 s8e1-a585f7d5:1
1786386858.189357 s6e1-b3663ea1:1 s7e1-ba8ac0a3:1 s8e1-a585f7d5:1
1786386858.209250 s6e1-b3663ea1:1 s7e1-ba8ac0a3:1 s8e1-a585f7d5:1
1786386858.228829 s6e1-b3663ea1:1 s7e1-ba8ac0a3:1 s8e1-a585f7d5:1
1786386858.248507 s6e1-b3663ea1:1 s7e1-ba8ac0a3:1 s8e1-a585f7d5:1
1786386858.268233 s6e1-b3663ea1:1 s7e1-ba8ac0a3:1 s8e1-a585f7d5:1
1786386858.287858 s6e1-b3663ea1:1 s7e1-ba8ac0a3:1 s8e1-a585f7d5:1
1786386858.307529 s6e1-b3663ea1:1 s7e1-ba8ac0a3:1 s8e1-a585f7d5:1
1786386858.327310 s6e1-b3663ea1:1 s7e1-ba8ac0a3:1 s8e1-a585f7d5:1
1786386858.346903 s7e1-ba8ac0a3:1 s8e1-a585f7d5:1
1786386858.366607 s7e1-ba8ac0a3:1 s8e1-a585f7d5:1
1786386858.386272 s7e1-ba8ac0a3:1 s8e1-a585f7d5:1
1786386858.406040 s7e1-ba8ac0a3:1 s8e1-a585f7d5:1 s1e1-bed9eef6:53E
1786386858.462508 s7e1-ba8ac0a3:1 s8e1-a585f7d5:1 s1e1-bed9eef6:1
1786386858.465414 s7e1-ba8ac0a3:1 s8e1-a585f7d5:1 s1e1-bed9eef6:1
1786386858.484201 s7e1-ba8ac0a3:1 s8e1-a585f7d5:1 s1e1-bed9eef6:1
1786386858.503905 s7e1-ba8ac0a3:1 s8e1-a585f7d5:1 s1e1-bed9eef6:1
1786386858.523589 s7e1-ba8ac0a3:1 s8e1-a585f7d5:1 s1e1-bed9eef6:1
1786386858.543329 s7e1-ba8ac0a3:1 s8e1-a585f7d5:1 s1e1-bed9eef6:1
1786386858.562955 s7e1-ba8ac0a3:1 s8e1-a585f7d5:1 s1e1-bed9eef6:1
1786386858.582642 s7e1-ba8ac0a3:1 s8e1-a585f7d5:1 s1e1-bed9eef6:1
1786386858.602360 s8e1-a585f7d5:1 s1e1-bed9eef6:1
1786386858.622003 s8e1-a585f7d5:1 s1e1-bed9eef6:1
1786386858.641606 s8e1-a585f7d5:1 s1e1-bed9eef6:1
1786386858.661391 s8e1-a585f7d5:1 s1e1-bed9eef6:1 s2e1-81cd9116:53E
1786386858.717548 s8e1-a585f7d5:1 s1e1-bed9eef6:1 s2e1-81cd9116:1
1786386858.720516 s8e1-a585f7d5:1 s1e1-bed9eef6:1 s2e1-81cd9116:1
1786386858.739050 s8e1-a585f7d5:1 s1e1-bed9eef6:1 s2e1-81cd9116:1
1786386858.759017 s8e1-a585f7d5:1 s1e1-bed9eef6:1 s2e1-81cd9116:1
1786386858.778343 s8e1-a585f7d5:1 s1e1-bed9eef6:1 s2e1-81cd9116:1
1786386858.797840 s8e1-a585f7d5:1 s1e1-bed9eef6:1 s2e1-81cd9116:1
1786386858.817429 s1e1-bed9eef6:1 s2e1-81cd9116:1
1786386858.837104 s1e1-bed9eef6:1 s2e1-81cd9116:1
1786386858.856601 s1e1-bed9eef6:1 s2e1-81cd9116:1
1786386858.876200 s1e1-bed9eef6:1 s2e1-81cd9116:1
1786386858.895891 s1e1-bed9eef6:1 s2e1-81cd9116:1
1786386858.915509 s1e1-bed9eef6:1 s2e1-81cd9116:1 s3e1-a1dc71bb:53E
1786386858.972245 s1e1-bed9eef6:1 s2e1-81cd9116:1 s3e1-a1dc71bb:1
1786386858.975029 s1e1-bed9eef6:1 s2e1-81cd9116:1 s3e1-a1dc71bb:1
1786386858.993763 s1e1-bed9eef6:1 s2e1-81cd9116:1 s3e1-a1dc71bb:1
1786386859.013352 s1e1-bed9eef6:1 s2e1-81cd9116:1 s3e1-a1dc71bb:1
1786386859.033065 s1e1-bed9eef6:1 s2e1-81cd9116:1 s3e1-a1dc71bb:1
1786386859.052703 s1e1-bed9eef6:1 s2e1-81cd9116:1 s3e1-a1dc71bb:1
1786386859.072368 s1e1-bed9eef6:1 s2e1-81cd9116:1 s3e1-a1dc71bb:1
1786386859.092060 s1e1-bed9eef6:1 s2e1-81cd9116:1 s3e1-a1dc71bb:1
1786386859.111766 s2e1-81cd9116:1 s3e1-a1dc71bb:1
1786386859.131485 s2e1-81cd9116:1 s3e1-a1dc71bb:1
1786386859.151278 s2e1-81cd9116:1 s3e1-a1dc71bb:1 s4e1-92d49b6c:53E
1786386859.207613 s2e1-81cd9116:1 s3e1-a1dc71bb:1 s4e1-92d49b6c:1
1786386859.210501 s2e1-81cd9116:1 s3e1-a1dc71bb:1 s4e1-92d49b6c:1
1786386859.229862 s2e1-81cd9116:1 s3e1-a1dc71bb:1 s4e1-92d49b6c:1
1786386859.249768 s2e1-81cd9116:1 s3e1-a1dc71bb:1 s4e1-92d49b6c:1
1786386859.269396 s2e1-81cd9116:1 s3e1-a1dc71bb:1 s4e1-92d49b6c:1
1786386859.289079 s2e1-81cd9116:1 s3e1-a1dc71bb:1 s4e1-92d49b6c:1
1786386859.308774 s2e1-81cd9116:1 s3e1-a1dc71bb:1 s4e1-92d49b6c:1
1786386859.328500 s2e1-81cd9116:1 s3e1-a1dc71bb:1 s4e1-92d49b6c:1
1786386859.348218 s2e1-81cd9116:1 s3e1-a1dc71bb:1 s4e1-92d49b6c:1
1786386859.368057 s3e1-a1dc71bb:1 s4e1-92d49b6c:1
1786386859.387663 s3e1-a1dc71bb:1 s4e1-92d49b6c:1
1786386859.407437 s3e1-a1dc71bb:1 s4e1-92d49b6c:1 s5e1-a47300ef:53E
1786386859.463399 s3e1-a1dc71bb:1 s4e1-92d49b6c:1 s5e1-a47300ef:1
1786386859.466107 s3e1-a1dc71bb:1 s4e1-92d49b6c:1 s5e1-a47300ef:1
1786386859.485590 s3e1-a1dc71bb:1 s4e1-92d49b6c:1 s5e1-a47300ef:1
1786386859.505459 s3e1-a1dc71bb:1 s4e1-92d49b6c:1 s5e1-a47300ef:1
1786386859.525307 s3e1-a1dc71bb:1 s4e1-92d49b6c:1 s5e1-a47300ef:1
1786386859.545026 s3e1-a1dc71bb:1 s4e1-92d49b6c:1 s5e1-a47300ef:1
1786386859.564675 s3e1-a1dc71bb:1 s4e1-92d49b6c:1 s5e1-a47300ef:1
1786386859.584380 s3e1-a1dc71bb:1 s4e1-92d49b6c:1 s5e1-a47300ef:1
1786386859.604071 s3e1-a1dc71bb:1 s4e1-92d49b6c:1 s5e1-a47300ef:1
1786386859.623765 s4e1-92d49b6c:1 s5e1-a47300ef:1
1786386859.643664 s4e1-92d49b6c:1 s5e1-a47300ef:1 s6e1-b3663ea1:53E
1786386859.700846 s4e1-92d49b6c:1 s5e1-a47300ef:1 s6e1-b3663ea1:1
1786386859.703483 s4e1-92d49b6c:1 s5e1-a47300ef:1 s6e1-b3663ea1:1
1786386859.722950 s4e1-92d49b6c:1 s5e1-a47300ef:1 s6e1-b3663ea1:1
1786386859.742670 s4e1-92d49b6c:1 s5e1-a47300ef:1 s6e1-b3663ea1:1
1786386859.762346 s4e1-92d49b6c:1 s5e1-a47300ef:1 s6e1-b3663ea1:1
1786386859.782059 s4e1-92d49b6c:1 s5e1-a47300ef:1 s6e1-b3663ea1:1
1786386859.801793 s4e1-92d49b6c:1 s5e1-a47300ef:1 s6e1-b3663ea1:1
1786386859.821467 s4e1-92d49b6c:1 s5e1-a47300ef:1 s6e1-b3663ea1:1
1786386859.841260 s4e1-92d49b6c:1 s5e1-a47300ef:1 s6e1-b3663ea1:1
1786386859.861041 s5e1-a47300ef:1 s6e1-b3663ea1:1 s7e1-ba8ac0a3:53E
1786386859.917399 s5e1-a47300ef:1 s6e1-b3663ea1:1 s7e1-ba8ac0a3:1
1786386859.920073 s5e1-a47300ef:1 s6e1-b3663ea1:1 s7e1-ba8ac0a3:1
1786386859.939286 s5e1-a47300ef:1 s6e1-b3663ea1:1 s7e1-ba8ac0a3:1
1786386859.958962 s5e1-a47300ef:1 s6e1-b3663ea1:1 s7e1-ba8ac0a3:1
1786386859.978639 s5e1-a47300ef:1 s6e1-b3663ea1:1 s7e1-ba8ac0a3:1
1786386859.998169 s5e1-a47300ef:1 s6e1-b3663ea1:1 s7e1-ba8ac0a3:1
1786386860.017781 s5e1-a47300ef:1 s6e1-b3663ea1:1 s7e1-ba8ac0a3:1
1786386860.037399 s5e1-a47300ef:1 s6e1-b3663ea1:1 s7e1-ba8ac0a3:1
1786386860.057086 s5e1-a47300ef:1 s6e1-b3663ea1:1 s7e1-ba8ac0a3:1
1786386860.076636 s5e1-a47300ef:1 s6e1-b3663ea1:1 s7e1-ba8ac0a3:1
1786386860.096260 s5e1-a47300ef:1 s6e1-b3663ea1:1 s7e1-ba8ac0a3:1
1786386860.115854 s6e1-b3663ea1:1 s7e1-ba8ac0a3:1
1786386860.135522 s6e1-b3663ea1:1 s7e1-ba8ac0a3:1
1786386860.155242 s6e1-b3663ea1:1 s7e1-ba8ac0a3:1 s8e1-a585f7d5:53E
1786386860.210645 s6e1-b3663ea1:1 s7e1-ba8ac0a3:1 s8e1-a585f7d5:1
1786386860.213713 s6e1-b3663ea1:1 s7e1-ba8ac0a3:1 s8e1-a585f7d5:1
1786386860.233235 s6e1-b3663ea1:1 s7e1-ba8ac0a3:1 s8e1-a585f7d5:1
1786386860.252838 s6e1-b3663ea1:1 s7e1-ba8ac0a3:1 s8e1-a585f7d5:1
1786386860.272459 s6e1-b3663ea1:1 s7e1-ba8ac0a3:1 s8e1-a585f7d5:1
1786386860.292068 s6e1-b3663ea1:1 s7e1-ba8ac0a3:1 s8e1-a585f7d5:1
1786386860.311734 s6e1-b3663ea1:1 s7e1-ba8ac0a3:1 s8e1-a585f7d5:1
1786386860.331424 s6e1-b3663ea1:1 s7e1-ba8ac0a3:1 s8e1-a585f7d5:1
1786386860.351145 s7e1-ba8ac0a3:1 s8e1-a585f7d5:1
1786386860.370930 s7e1-ba8ac0a3:1 s8e1-a585f7d5:1
1786386860.390809 s7e1-ba8ac0a3:1 s8e1-a585f7d5:1
1786386860.410612 s7e1-ba8ac0a3:1 s8e1-a585f7d5:1 s1e1-bed9eef6:53E
1786386860.466717 s7e1-ba8ac0a3:1 s8e1-a585f7d5:1 s1e1-bed9eef6:1
1786386860.469566 s7e1-ba8ac0a3:1 s8e1-a585f7d5:1 s1e1-bed9eef6:1
1786386860.489337 s7e1-ba8ac0a3:1 s8e1-a585f7d5:1 s1e1-bed9eef6:1
1786386860.509192 s7e1-ba8ac0a3:1 s8e1-a585f7d5:1 s1e1-bed9eef6:1
1786386860.528994 s7e1-ba8ac0a3:1 s8e1-a585f7d5:1 s1e1-bed9eef6:1
1786386860.548820 s7e1-ba8ac0a3:1 s8e1-a585f7d5:1 s1e1-bed9eef6:1
1786386860.568476 s8e1-a585f7d5:1 s1e1-bed9eef6:1
1786386860.588263 s8e1-a585f7d5:1 s1e1-bed9eef6:1
1786386860.607968 s8e1-a585f7d5:1 s1e1-bed9eef6:1
1786386860.627707 s8e1-a585f7d5:1 s1e1-bed9eef6:1
1786386860.647521 s8e1-a585f7d5:1 s1e1-bed9eef6:1 s2e1-81cd9116:53E
1786386860.704562 s8e1-a585f7d5:1 s1e1-bed9eef6:1 s2e1-81cd9116:1
1786386860.707121 s8e1-a585f7d5:1 s1e1-bed9eef6:1 s2e1-81cd9116:1
1786386860.726511 s8e1-a585f7d5:1 s1e1-bed9eef6:1 s2e1-81cd9116:1
1786386860.746300 s8e1-a585f7d5:1 s1e1-bed9eef6:1 s2e1-81cd9116:1
1786386860.766065 s8e1-a585f7d5:1 s1e1-bed9eef6:1 s2e1-81cd9116:1
1786386860.785892 s8e1-a585f7d5:1 s1e1-bed9eef6:1 s2e1-81cd9116:1
1786386860.805579 s8e1-a585f7d5:1 s1e1-bed9eef6:1 s2e1-81cd9116:1
1786386860.825415 s8e1-a585f7d5:1 s1e1-bed9eef6:1 s2e1-81cd9116:1 s3e1-a1dc71bb:53E
1786386860.881623 s8e1-a585f7d5:1 s1e1-bed9eef6:1 s2e1-81cd9116:1 s3e1-a1dc71bb:1
1786386860.884282 s1e1-bed9eef6:1 s2e1-81cd9116:1 s3e1-a1dc71bb:1
1786386860.904147 s1e1-bed9eef6:1 s2e1-81cd9116:1 s3e1-a1dc71bb:1
1786386860.923809 s1e1-bed9eef6:1 s2e1-81cd9116:1 s3e1-a1dc71bb:1
1786386860.943498 s1e1-bed9eef6:1 s2e1-81cd9116:1 s3e1-a1dc71bb:1
1786386860.963171 s1e1-bed9eef6:1 s2e1-81cd9116:1 s3e1-a1dc71bb:1
1786386860.982857 s1e1-bed9eef6:1 s2e1-81cd9116:1 s3e1-a1dc71bb:1
1786386861.002538 s1e1-bed9eef6:1 s2e1-81cd9116:1 s3e1-a1dc71bb:1
1786386861.022334 s1e1-bed9eef6:1 s2e1-81cd9116:1 s3e1-a1dc71bb:1
1786386861.041952 s1e1-bed9eef6:1 s2e1-81cd9116:1 s3e1-a1dc71bb:1
1786386861.061617 s1e1-bed9eef6:1 s2e1-81cd9116:1 s3e1-a1dc71bb:1
1786386861.081284 s1e1-bed9eef6:1 s2e1-81cd9116:1 s3e1-a1dc71bb:1
1786386861.100971 s1e1-bed9eef6:1 s2e1-81cd9116:1 s3e1-a1dc71bb:1
1786386861.120754 s2e1-81cd9116:1 s3e1-a1dc71bb:1
1786386861.140666 s2e1-81cd9116:1 s3e1-a1dc71bb:1 s4e1-92d49b6c:53E
1786386861.219876 s2e1-81cd9116:1 s3e1-a1dc71bb:1 s4e1-92d49b6c:1
1786386861.223381 s2e1-81cd9116:1 s3e1-a1dc71bb:1 s4e1-92d49b6c:1
1786386861.241810 s2e1-81cd9116:1 s3e1-a1dc71bb:1 s4e1-92d49b6c:1
1786386861.261176 s2e1-81cd9116:1 s3e1-a1dc71bb:1 s4e1-92d49b6c:1
1786386861.280572 s2e1-81cd9116:1 s3e1-a1dc71bb:1 s4e1-92d49b6c:1
1786386861.300069 s2e1-81cd9116:1 s3e1-a1dc71bb:1 s4e1-92d49b6c:1
1786386861.319637 s2e1-81cd9116:1 s3e1-a1dc71bb:1 s4e1-92d49b6c:1
1786386861.339426 s2e1-81cd9116:1 s3e1-a1dc71bb:1 s4e1-92d49b6c:1 s5e1-a47300ef:53E
1786386861.419314 s2e1-81cd9116:1 s3e1-a1dc71bb:1 s4e1-92d49b6c:1 s5e1-a47300ef:1
1786386861.422915 s3e1-a1dc71bb:1 s4e1-92d49b6c:1 s5e1-a47300ef:1
1786386861.441479 s3e1-a1dc71bb:1 s4e1-92d49b6c:1 s5e1-a47300ef:1
1786386861.460796 s3e1-a1dc71bb:1 s4e1-92d49b6c:1 s5e1-a47300ef:1
1786386861.480252 s3e1-a1dc71bb:1 s4e1-92d49b6c:1 s5e1-a47300ef:1
1786386861.499751 s3e1-a1dc71bb:1 s4e1-92d49b6c:1 s5e1-a47300ef:1
1786386861.519307 s3e1-a1dc71bb:1 s4e1-92d49b6c:1 s5e1-a47300ef:1
1786386861.538783 s3e1-a1dc71bb:1 s4e1-92d49b6c:1 s5e1-a47300ef:1
1786386861.558465 s3e1-a1dc71bb:1 s4e1-92d49b6c:1 s5e1-a47300ef:1
1786386861.578060 s4e1-92d49b6c:1 s5e1-a47300ef:1
1786386861.597751 s4e1-92d49b6c:1 s5e1-a47300ef:1 s6e1-b3663ea1:53E
1786386861.661412 s4e1-92d49b6c:1 s5e1-a47300ef:1 s6e1-b3663ea1:1
1786386861.664316 s4e1-92d49b6c:1 s5e1-a47300ef:1 s6e1-b3663ea1:1
1786386861.682980 s4e1-92d49b6c:1 s5e1-a47300ef:1 s6e1-b3663ea1:1
1786386861.702427 s4e1-92d49b6c:1 s5e1-a47300ef:1 s6e1-b3663ea1:1
1786386861.722015 s4e1-92d49b6c:1 s5e1-a47300ef:1 s6e1-b3663ea1:1
1786386861.741579 s4e1-92d49b6c:1 s5e1-a47300ef:1 s6e1-b3663ea1:1
1786386861.761079 s4e1-92d49b6c:1 s5e1-a47300ef:1 s6e1-b3663ea1:1
1786386861.780626 s4e1-92d49b6c:1 s5e1-a47300ef:1 s6e1-b3663ea1:1
1786386861.800280 s4e1-92d49b6c:1 s5e1-a47300ef:1 s6e1-b3663ea1:1
1786386861.820009 s4e1-92d49b6c:1 s5e1-a47300ef:1 s6e1-b3663ea1:1 s7e1-ba8ac0a3:53E
1786386861.886571 s4e1-92d49b6c:1 s5e1-a47300ef:1 s6e1-b3663ea1:1 s7e1-ba8ac0a3:1
1786386861.889694 s4e1-92d49b6c:1 s5e1-a47300ef:1 s6e1-b3663ea1:1 s7e1-ba8ac0a3:1
1786386861.908726 s4e1-92d49b6c:1 s5e1-a47300ef:1 s6e1-b3663ea1:1 s7e1-ba8ac0a3:1
1786386861.928528 s5e1-a47300ef:1 s6e1-b3663ea1:1 s7e1-ba8ac0a3:1
1786386861.948243 s5e1-a47300ef:1 s6e1-b3663ea1:1 s7e1-ba8ac0a3:1
1786386861.967743 s5e1-a47300ef:1 s6e1-b3663ea1:1 s7e1-ba8ac0a3:1
1786386861.987305 s5e1-a47300ef:1 s6e1-b3663ea1:1 s7e1-ba8ac0a3:1
1786386862.006889 s5e1-a47300ef:1 s6e1-b3663ea1:1 s7e1-ba8ac0a3:1
1786386862.026503 s5e1-a47300ef:1 s6e1-b3663ea1:1 s7e1-ba8ac0a3:1
1786386862.046040 s5e1-a47300ef:1 s6e1-b3663ea1:1 s7e1-ba8ac0a3:1
1786386862.065758 s5e1-a47300ef:1 s6e1-b3663ea1:1 s7e1-ba8ac0a3:1
1786386862.085563 s6e1-b3663ea1:1 s7e1-ba8ac0a3:1
1786386862.105613 s6e1-b3663ea1:1 s7e1-ba8ac0a3:1 s8e1-a585f7d5:53E
1786386862.178386 s6e1-b3663ea1:1 s7e1-ba8ac0a3:1 s8e1-a585f7d5:1
1786386862.181863 s6e1-b3663ea1:1 s7e1-ba8ac0a3:1 s8e1-a585f7d5:1
1786386862.200388 s6e1-b3663ea1:1 s7e1-ba8ac0a3:1 s8e1-a585f7d5:1
1786386862.219706 s6e1-b3663ea1:1 s7e1-ba8ac0a3:1 s8e1-a585f7d5:1
1786386862.239191 s6e1-b3663ea1:1 s7e1-ba8ac0a3:1 s8e1-a585f7d5:1
1786386862.258842 s6e1-b3663ea1:1 s7e1-ba8ac0a3:1 s8e1-a585f7d5:1
1786386862.278580 s6e1-b3663ea1:1 s7e1-ba8ac0a3:1 s8e1-a585f7d5:1
1786386862.298225 s6e1-b3663ea1:1 s7e1-ba8ac0a3:1 s8e1-a585f7d5:1
1786386862.317976 s6e1-b3663ea1:1 s7e1-ba8ac0a3:1 s8e1-a585f7d5:1
1786386862.337582 s7e1-ba8ac0a3:1 s8e1-a585f7d5:1
1786386862.357448 s7e1-ba8ac0a3:1 s8e1-a585f7d5:1
1786386862.377315 s7e1-ba8ac0a3:1 s8e1-a585f7d5:1 s1e1-bed9eef6:53E
1786386862.448669 s7e1-ba8ac0a3:1 s8e1-a585f7d5:1 s1e1-bed9eef6:1
1786386862.451927 s7e1-ba8ac0a3:1 s8e1-a585f7d5:1 s1e1-bed9eef6:1
1786386862.470635 s7e1-ba8ac0a3:1 s8e1-a585f7d5:1 s1e1-bed9eef6:1
1786386862.490103 s7e1-ba8ac0a3:1 s8e1-a585f7d5:1 s1e1-bed9eef6:1
1786386862.509536 s7e1-ba8ac0a3:1 s8e1-a585f7d5:1 s1e1-bed9eef6:1
1786386862.529036 s7e1-ba8ac0a3:1 s8e1-a585f7d5:1 s1e1-bed9eef6:1
1786386862.548648 s7e1-ba8ac0a3:1 s8e1-a585f7d5:1 s1e1-bed9eef6:1
1786386862.568136 s8e1-a585f7d5:1 s1e1-bed9eef6:1
1786386862.587697 s8e1-a585f7d5:1 s1e1-bed9eef6:1
1786386862.607177 s8e1-a585f7d5:1 s1e1-bed9eef6:1
1786386862.626653 s8e1-a585f7d5:1 s1e1-bed9eef6:1
1786386862.646157 s8e1-a585f7d5:1 s1e1-bed9eef6:1
1786386862.665633 s8e1-a585f7d5:1 s1e1-bed9eef6:1
1786386862.685384 s8e1-a585f7d5:1 s1e1-bed9eef6:1 s2e1-81cd9116:53E
1786386862.757162 s8e1-a585f7d5:1 s1e1-bed9eef6:1 s2e1-81cd9116:1
1786386862.760457 s8e1-a585f7d5:1 s1e1-bed9eef6:1 s2e1-81cd9116:1
1786386862.779080 s8e1-a585f7d5:1 s1e1-bed9eef6:1 s2e1-81cd9116:1
1786386862.798360 s8e1-a585f7d5:1 s1e1-bed9eef6:1 s2e1-81cd9116:1
1786386862.817749 s8e1-a585f7d5:1 s1e1-bed9eef6:1 s2e1-81cd9116:1
1786386862.837306 s8e1-a585f7d5:1 s1e1-bed9eef6:1 s2e1-81cd9116:1
1786386862.856808 s1e1-bed9eef6:1 s2e1-81cd9116:1
1786386862.876391 s1e1-bed9eef6:1 s2e1-81cd9116:1
1786386862.896057 s1e1-bed9eef6:1 s2e1-81cd9116:1 s3e1-a1dc71bb:53E
1786386862.952339 s1e1-bed9eef6:1 s2e1-81cd9116:1 s3e1-a1dc71bb:1
1786386862.955110 s1e1-bed9eef6:1 s2e1-81cd9116:1 s3e1-a1dc71bb:1
1786386862.974600 s1e1-bed9eef6:1 s2e1-81cd9116:1 s3e1-a1dc71bb:1
1786386862.994228 s1e1-bed9eef6:1 s2e1-81cd9116:1 s3e1-a1dc71bb:1
1786386863.013843 s1e1-bed9eef6:1 s2e1-81cd9116:1 s3e1-a1dc71bb:1
1786386863.033573 s1e1-bed9eef6:1 s2e1-81cd9116:1 s3e1-a1dc71bb:1
1786386863.053371 s1e1-bed9eef6:1 s2e1-81cd9116:1 s3e1-a1dc71bb:1
1786386863.073158 s1e1-bed9eef6:1 s2e1-81cd9116:1 s3e1-a1dc71bb:1
1786386863.092886 s1e1-bed9eef6:1 s2e1-81cd9116:1 s3e1-a1dc71bb:1
1786386863.112648 s2e1-81cd9116:1 s3e1-a1dc71bb:1
1786386863.132496 s2e1-81cd9116:1 s3e1-a1dc71bb:1
1786386863.152127 s2e1-81cd9116:1 s3e1-a1dc71bb:1
1786386863.171995 s2e1-81cd9116:1 s3e1-a1dc71bb:1 s4e1-92d49b6c:53E
1786386863.229820 s2e1-81cd9116:1 s3e1-a1dc71bb:1 s4e1-92d49b6c:1
1786386863.232326 s2e1-81cd9116:1 s3e1-a1dc71bb:1 s4e1-92d49b6c:1
1786386863.251741 s2e1-81cd9116:1 s3e1-a1dc71bb:1 s4e1-92d49b6c:1
1786386863.271535 s2e1-81cd9116:1 s3e1-a1dc71bb:1 s4e1-92d49b6c:1
1786386863.291162 s2e1-81cd9116:1 s3e1-a1dc71bb:1 s4e1-92d49b6c:1
1786386863.311117 s2e1-81cd9116:1 s3e1-a1dc71bb:1 s4e1-92d49b6c:1
1786386863.331120 s2e1-81cd9116:1 s3e1-a1dc71bb:1 s4e1-92d49b6c:1
1786386863.351104 s2e1-81cd9116:1 s3e1-a1dc71bb:1 s4e1-92d49b6c:1
1786386863.371101 s2e1-81cd9116:1 s3e1-a1dc71bb:1 s4e1-92d49b6c:1
1786386863.391099 s2e1-81cd9116:1 s3e1-a1dc71bb:1 s4e1-92d49b6c:1
1786386863.411320 s3e1-a1dc71bb:1 s4e1-92d49b6c:1 s5e1-a47300ef:53E
1786386863.469547 s3e1-a1dc71bb:1 s4e1-92d49b6c:1 s5e1-a47300ef:1
1786386863.472591 s3e1-a1dc71bb:1 s4e1-92d49b6c:1 s5e1-a47300ef:1
1786386863.491799 s3e1-a1dc71bb:1 s4e1-92d49b6c:1 s5e1-a47300ef:1
1786386863.511657 s3e1-a1dc71bb:1 s4e1-92d49b6c:1 s5e1-a47300ef:1
1786386863.531457 s3e1-a1dc71bb:1 s4e1-92d49b6c:1 s5e1-a47300ef:1
1786386863.551313 s3e1-a1dc71bb:1 s4e1-92d49b6c:1 s5e1-a47300ef:1
1786386863.571170 s3e1-a1dc71bb:1 s4e1-92d49b6c:1 s5e1-a47300ef:1
1786386863.591034 s3e1-a1dc71bb:1 s4e1-92d49b6c:1 s5e1-a47300ef:1
1786386863.611090 s4e1-92d49b6c:1 s5e1-a47300ef:1 s6e1-b3663ea1:53E
1786386863.668094 s4e1-92d49b6c:1 s5e1-a47300ef:1 s6e1-b3663ea1:1
1786386863.671324 s4e1-92d49b6c:1 s5e1-a47300ef:1 s6e1-b3663ea1:1
1786386863.690502 s4e1-92d49b6c:1 s5e1-a47300ef:1 s6e1-b3663ea1:1
1786386863.710383 s4e1-92d49b6c:1 s5e1-a47300ef:1 s6e1-b3663ea1:1
1786386863.730259 s4e1-92d49b6c:1 s5e1-a47300ef:1 s6e1-b3663ea1:1
1786386863.750104 s4e1-92d49b6c:1 s5e1-a47300ef:1 s6e1-b3663ea1:1
1786386863.769942 s4e1-92d49b6c:1 s5e1-a47300ef:1 s6e1-b3663ea1:1
1786386863.789775 s4e1-92d49b6c:1 s5e1-a47300ef:1 s6e1-b3663ea1:1
1786386863.809633 s4e1-92d49b6c:1 s5e1-a47300ef:1 s6e1-b3663ea1:1
1786386863.829474 s4e1-92d49b6c:1 s5e1-a47300ef:1 s6e1-b3663ea1:1
1786386863.849342 s4e1-92d49b6c:1 s5e1-a47300ef:1 s6e1-b3663ea1:1
1786386863.869234 s4e1-92d49b6c:1 s5e1-a47300ef:1 s6e1-b3663ea1:1
1786386863.889069 s5e1-a47300ef:1 s6e1-b3663ea1:1
1786386863.909150 s5e1-a47300ef:1 s6e1-b3663ea1:1 s7e1-ba8ac0a3:53E
1786386863.967341 s5e1-a47300ef:1 s6e1-b3663ea1:1 s7e1-ba8ac0a3:1
1786386863.970506 s5e1-a47300ef:1 s6e1-b3663ea1:1 s7e1-ba8ac0a3:1
1786386863.989465 s5e1-a47300ef:1 s6e1-b3663ea1:1 s7e1-ba8ac0a3:1
1786386864.009518 s5e1-a47300ef:1 s6e1-b3663ea1:1 s7e1-ba8ac0a3:1
1786386864.029310 s5e1-a47300ef:1 s6e1-b3663ea1:1 s7e1-ba8ac0a3:1
1786386864.049140 s5e1-a47300ef:1 s6e1-b3663ea1:1 s7e1-ba8ac0a3:1
1786386864.069073 s5e1-a47300ef:1 s6e1-b3663ea1:1 s7e1-ba8ac0a3:1
1786386864.088915 s5e1-a47300ef:1 s6e1-b3663ea1:1 s7e1-ba8ac0a3:1
1786386864.108724 s5e1-a47300ef:1 s6e1-b3663ea1:1 s7e1-ba8ac0a3:1
1786386864.128595 s6e1-b3663ea1:1 s7e1-ba8ac0a3:1
1786386864.148689 s6e1-b3663ea1:1 s7e1-ba8ac0a3:1 s8e1-a585f7d5:53E
1786386864.206561 s6e1-b3663ea1:1 s7e1-ba8ac0a3:1 s8e1-a585f7d5:1
1786386864.209052 s6e1-b3663ea1:1 s7e1-ba8ac0a3:1 s8e1-a585f7d5:1
1786386864.229024 s6e1-b3663ea1:1 s7e1-ba8ac0a3:1 s8e1-a585f7d5:1
1786386864.249050 s6e1-b3663ea1:1 s7e1-ba8ac0a3:1 s8e1-a585f7d5:1
1786386864.268977 s6e1-b3663ea1:1 s7e1-ba8ac0a3:1 s8e1-a585f7d5:1
1786386864.288850 s6e1-b3663ea1:1 s7e1-ba8ac0a3:1 s8e1-a585f7d5:1
1786386864.308722 s6e1-b3663ea1:1 s7e1-ba8ac0a3:1 s8e1-a585f7d5:1
1786386864.328667 s7e1-ba8ac0a3:1 s8e1-a585f7d5:1
1786386864.348435 s7e1-ba8ac0a3:1 s8e1-a585f7d5:1
1786386864.368306 s7e1-ba8ac0a3:1 s8e1-a585f7d5:1 s1e1-bed9eef6:53E
1786386864.425701 s7e1-ba8ac0a3:1 s8e1-a585f7d5:1 s1e1-bed9eef6:1
1786386864.428684 s7e1-ba8ac0a3:1 s8e1-a585f7d5:1 s1e1-bed9eef6:1
1786386864.448585 s7e1-ba8ac0a3:1 s8e1-a585f7d5:1 s1e1-bed9eef6:1
1786386864.468585 s7e1-ba8ac0a3:1 s8e1-a585f7d5:1 s1e1-bed9eef6:1
1786386864.488524 s7e1-ba8ac0a3:1 s8e1-a585f7d5:1 s1e1-bed9eef6:1
1786386864.508497 s7e1-ba8ac0a3:1 s8e1-a585f7d5:1 s1e1-bed9eef6:1
1786386864.528440 s7e1-ba8ac0a3:1 s8e1-a585f7d5:1 s1e1-bed9eef6:1
1786386864.548416 s7e1-ba8ac0a3:1 s8e1-a585f7d5:1 s1e1-bed9eef6:1
1786386864.568350 s7e1-ba8ac0a3:1 s8e1-a585f7d5:1 s1e1-bed9eef6:1
1786386864.588362 s7e1-ba8ac0a3:1 s8e1-a585f7d5:1 s1e1-bed9eef6:1
1786386864.608301 s7e1-ba8ac0a3:1 s8e1-a585f7d5:1 s1e1-bed9eef6:1
1786386864.628740 s8e1-a585f7d5:1 s1e1-bed9eef6:1 s2e1-81cd9116:53E
1786386864.686425 s8e1-a585f7d5:1 s1e1-bed9eef6:1 s2e1-81cd9116:1
1786386864.689016 s8e1-a585f7d5:1 s1e1-bed9eef6:1 s2e1-81cd9116:1
1786386864.708780 s8e1-a585f7d5:1 s1e1-bed9eef6:1 s2e1-81cd9116:1
1786386864.728745 s8e1-a585f7d5:1 s1e1-bed9eef6:1 s2e1-81cd9116:1
1786386864.748665 s8e1-a585f7d5:1 s1e1-bed9eef6:1 s2e1-81cd9116:1
1786386864.768636 s8e1-a585f7d5:1 s1e1-bed9eef6:1 s2e1-81cd9116:1
1786386864.788432 s8e1-a585f7d5:1 s1e1-bed9eef6:1 s2e1-81cd9116:1
1786386864.808282 s8e1-a585f7d5:1 s1e1-bed9eef6:1 s2e1-81cd9116:1
1786386864.830613 s8e1-a585f7d5:1 s1e1-bed9eef6:1 s2e1-81cd9116:1
1786386864.848021 s8e1-a585f7d5:1 s1e1-bed9eef6:1 s2e1-81cd9116:1
1786386864.867856 s1e1-bed9eef6:1 s2e1-81cd9116:1
1786386864.887767 s1e1-bed9eef6:1 s2e1-81cd9116:1
1786386864.907357 s1e1-bed9eef6:1 s2e1-81cd9116:1
1786386864.927204 s1e1-bed9eef6:1 s2e1-81cd9116:1 s3e1-a1dc71bb:53E
1786386864.986578 s1e1-bed9eef6:1 s2e1-81cd9116:1 s3e1-a1dc71bb:1
1786386864.989048 s1e1-bed9eef6:1 s2e1-81cd9116:1 s3e1-a1dc71bb:1
1786386865.008609 s1e1-bed9eef6:1 s2e1-81cd9116:1 s3e1-a1dc71bb:1
1786386865.028564 s1e1-bed9eef6:1 s2e1-81cd9116:1 s3e1-a1dc71bb:1
1786386865.048491 s1e1-bed9eef6:1 s2e1-81cd9116:1 s3e1-a1dc71bb:1
1786386865.068508 s1e1-bed9eef6:1 s2e1-81cd9116:1 s3e1-a1dc71bb:1
1786386865.088345 s2e1-81cd9116:1 s3e1-a1dc71bb:1
1786386865.108236 s2e1-81cd9116:1 s3e1-a1dc71bb:1
1786386865.127816 s2e1-81cd9116:1 s3e1-a1dc71bb:1
1786386865.147400 s2e1-81cd9116:1 s3e1-a1dc71bb:1
1786386865.166958 s2e1-81cd9116:1 s3e1-a1dc71bb:1
1786386865.186722 s2e1-81cd9116:1 s3e1-a1dc71bb:1 s4e1-92d49b6c:53E
1786386865.245077 s2e1-81cd9116:1 s3e1-a1dc71bb:1 s4e1-92d49b6c:1
1786386865.247732 s2e1-81cd9116:1 s3e1-a1dc71bb:1 s4e1-92d49b6c:1
1786386865.267193 s2e1-81cd9116:1 s3e1-a1dc71bb:1 s4e1-92d49b6c:1
1786386865.287322 s2e1-81cd9116:1 s3e1-a1dc71bb:1 s4e1-92d49b6c:1
1786386865.307284 s2e1-81cd9116:1 s3e1-a1dc71bb:1 s4e1-92d49b6c:1
1786386865.327318 s2e1-81cd9116:1 s3e1-a1dc71bb:1 s4e1-92d49b6c:1
1786386865.347129 s3e1-a1dc71bb:1 s4e1-92d49b6c:1
1786386865.367085 s3e1-a1dc71bb:1 s4e1-92d49b6c:1
1786386865.386723 s3e1-a1dc71bb:1 s4e1-92d49b6c:1
1786386865.406631 s3e1-a1dc71bb:1 s4e1-92d49b6c:1 s5e1-a47300ef:53E
1786386865.464493 s3e1-a1dc71bb:1 s4e1-92d49b6c:1 s5e1-a47300ef:1
1786386865.467174 s3e1-a1dc71bb:1 s4e1-92d49b6c:1 s5e1-a47300ef:1
1786386865.487102 s3e1-a1dc71bb:1 s4e1-92d49b6c:1 s5e1-a47300ef:1
1786386865.507575 s3e1-a1dc71bb:1 s4e1-92d49b6c:1 s5e1-a47300ef:1
1786386865.527188 s3e1-a1dc71bb:1 s4e1-92d49b6c:1 s5e1-a47300ef:1
1786386865.547035 s3e1-a1dc71bb:1 s4e1-92d49b6c:1 s5e1-a47300ef:1
1786386865.566841 s3e1-a1dc71bb:1 s4e1-92d49b6c:1 s5e1-a47300ef:1
1786386865.586701 s3e1-a1dc71bb:1 s4e1-92d49b6c:1 s5e1-a47300ef:1
1786386865.606584 s3e1-a1dc71bb:1 s4e1-92d49b6c:1 s5e1-a47300ef:1
1786386865.626489 s3e1-a1dc71bb:1 s4e1-92d49b6c:1 s5e1-a47300ef:1
1786386865.646361 s4e1-92d49b6c:1 s5e1-a47300ef:1
1786386865.666265 s4e1-92d49b6c:1 s5e1-a47300ef:1
1786386865.685914 s4e1-92d49b6c:1 s5e1-a47300ef:1
1786386865.705535 s4e1-92d49b6c:1 s5e1-a47300ef:1
1786386865.725194 s4e1-92d49b6c:1 s5e1-a47300ef:1
1786386865.744822 s4e1-92d49b6c:1 s5e1-a47300ef:1
1786386865.764777 s4e1-92d49b6c:1 s5e1-a47300ef:1 s6e1-b3663ea1:53E
1786386865.826162 s4e1-92d49b6c:1 s5e1-a47300ef:1 s6e1-b3663ea1:1
1786386865.830054 s4e1-92d49b6c:1 s5e1-a47300ef:1 s6e1-b3663ea1:1
1786386865.848339 s4e1-92d49b6c:1 s5e1-a47300ef:1 s6e1-b3663ea1:1
1786386865.868317 s4e1-92d49b6c:1 s5e1-a47300ef:1 s6e1-b3663ea1:1
1786386865.888385 s4e1-92d49b6c:1 s5e1-a47300ef:1 s6e1-b3663ea1:1 s7e1-ba8ac0a3:53E
1786386865.948413 s5e1-a47300ef:1 s6e1-b3663ea1:1 s7e1-ba8ac0a3:1
1786386865.951707 s5e1-a47300ef:1 s6e1-b3663ea1:1 s7e1-ba8ac0a3:1
1786386865.970805 s5e1-a47300ef:1 s6e1-b3663ea1:1 s7e1-ba8ac0a3:1
1786386865.991737 s5e1-a47300ef:1 s6e1-b3663ea1:1 s7e1-ba8ac0a3:1
1786386866.010773 s5e1-a47300ef:1 s6e1-b3663ea1:1 s7e1-ba8ac0a3:1
1786386866.030639 s5e1-a47300ef:1 s6e1-b3663ea1:1 s7e1-ba8ac0a3:1
1786386866.050501 s5e1-a47300ef:1 s6e1-b3663ea1:1 s7e1-ba8ac0a3:1
1786386866.070378 s5e1-a47300ef:1 s6e1-b3663ea1:1 s7e1-ba8ac0a3:1
1786386866.090335 s5e1-a47300ef:1 s6e1-b3663ea1:1 s7e1-ba8ac0a3:1
1786386866.110656 s5e1-a47300ef:1 s6e1-b3663ea1:1 s7e1-ba8ac0a3:1
1786386866.130382 s6e1-b3663ea1:1 s7e1-ba8ac0a3:1 s8e1-a585f7d5:53E
1786386866.202642 s6e1-b3663ea1:1 s7e1-ba8ac0a3:1 s8e1-a585f7d5:1
1786386866.207757 s6e1-b3663ea1:1 s7e1-ba8ac0a3:1 s8e1-a585f7d5:1
1786386866.225670 s6e1-b3663ea1:1 s7e1-ba8ac0a3:1 s8e1-a585f7d5:1
1786386866.245367 s6e1-b3663ea1:1 s7e1-ba8ac0a3:1 s8e1-a585f7d5:1
1786386866.264836 s6e1-b3663ea1:1 s7e1-ba8ac0a3:1 s8e1-a585f7d5:1
1786386866.284522 s6e1-b3663ea1:1 s7e1-ba8ac0a3:1 s8e1-a585f7d5:1
1786386866.304277 s6e1-b3663ea1:1 s7e1-ba8ac0a3:1 s8e1-a585f7d5:1
1786386866.324063 s6e1-b3663ea1:1 s7e1-ba8ac0a3:1 s8e1-a585f7d5:1
1786386866.343699 s6e1-b3663ea1:1 s7e1-ba8ac0a3:1 s8e1-a585f7d5:1
1786386866.363419 s6e1-b3663ea1:1 s7e1-ba8ac0a3:1 s8e1-a585f7d5:1
1786386866.383307 s6e1-b3663ea1:1 s7e1-ba8ac0a3:1 s8e1-a585f7d5:1
1786386866.403223 s6e1-b3663ea1:1 s7e1-ba8ac0a3:1 s8e1-a585f7d5:1 s1e1-bed9eef6:53E
1786386866.460235 s6e1-b3663ea1:1 s7e1-ba8ac0a3:1 s8e1-a585f7d5:1 s1e1-bed9eef6:1
1786386866.463473 s6e1-b3663ea1:1 s7e1-ba8ac0a3:1 s8e1-a585f7d5:1 s1e1-bed9eef6:1
1786386866.483111 s6e1-b3663ea1:1 s7e1-ba8ac0a3:1 s8e1-a585f7d5:1 s1e1-bed9eef6:1
1786386866.503037 s6e1-b3663ea1:1 s7e1-ba8ac0a3:1 s8e1-a585f7d5:1 s1e1-bed9eef6:1
1786386866.522856 s7e1-ba8ac0a3:1 s8e1-a585f7d5:1 s1e1-bed9eef6:1
1786386866.542867 s7e1-ba8ac0a3:1 s8e1-a585f7d5:1 s1e1-bed9eef6:1
1786386866.562781 s7e1-ba8ac0a3:1 s8e1-a585f7d5:1 s1e1-bed9eef6:1
1786386866.582636 s7e1-ba8ac0a3:1 s8e1-a585f7d5:1 s1e1-bed9eef6:1
1786386866.602527 s7e1-ba8ac0a3:1 s8e1-a585f7d5:1 s1e1-bed9eef6:1
1786386866.622604 s8e1-a585f7d5:1 s1e1-bed9eef6:1 s2e1-81cd9116:53E
1786386866.678769 s8e1-a585f7d5:1 s1e1-bed9eef6:1 s2e1-81cd9116:1
1786386866.682085 s8e1-a585f7d5:1 s1e1-bed9eef6:1 s2e1-81cd9116:1
1786386866.701798 s8e1-a585f7d5:1 s1e1-bed9eef6:1 s2e1-81cd9116:1
1786386866.721722 s8e1-a585f7d5:1 s1e1-bed9eef6:1 s2e1-81cd9116:1
1786386866.741608 s8e1-a585f7d5:1 s1e1-bed9eef6:1 s2e1-81cd9116:1
1786386866.761500 s8e1-a585f7d5:1 s1e1-bed9eef6:1 s2e1-81cd9116:1
1786386866.781508 s8e1-a585f7d5:1 s1e1-bed9eef6:1 s2e1-81cd9116:1
1786386866.801394 s8e1-a585f7d5:1 s1e1-bed9eef6:1 s2e1-81cd9116:1
1786386866.821703 s8e1-a585f7d5:1 s1e1-bed9eef6:1 s2e1-81cd9116:1
1786386866.841769 s8e1-a585f7d5:1 s1e1-bed9eef6:1 s2e1-81cd9116:1 s3e1-a1dc71bb:53E
1786386866.899473 s1e1-bed9eef6:1 s2e1-81cd9116:1 s3e1-a1dc71bb:1
1786386866.902887 s1e1-bed9eef6:1 s2e1-81cd9116:1 s3e1-a1dc71bb:1
1786386866.922399 s1e1-bed9eef6:1 s2e1-81cd9116:1 s3e1-a1dc71bb:1
1786386866.942361 s1e1-bed9eef6:1 s2e1-81cd9116:1 s3e1-a1dc71bb:1
1786386866.962204 s1e1-bed9eef6:1 s2e1-81cd9116:1 s3e1-a1dc71bb:1
1786386866.982102 s1e1-bed9eef6:1 s2e1-81cd9116:1 s3e1-a1dc71bb:1
1786386867.001974 s1e1-bed9eef6:1 s2e1-81cd9116:1 s3e1-a1dc71bb:1
1786386867.021852 s1e1-bed9eef6:1 s2e1-81cd9116:1 s3e1-a1dc71bb:1
1786386867.041882 s1e1-bed9eef6:1 s2e1-81cd9116:1 s3e1-a1dc71bb:1
1786386867.061859 s1e1-bed9eef6:1 s2e1-81cd9116:1 s3e1-a1dc71bb:1
1786386867.081995 s1e1-bed9eef6:1 s2e1-81cd9116:1 s3e1-a1dc71bb:1
1786386867.102131 s1e1-bed9eef6:1 s2e1-81cd9116:1 s3e1-a1dc71bb:1
1786386867.122404 s2e1-81cd9116:1 s3e1-a1dc71bb:1
1786386867.142616 s2e1-81cd9116:1 s3e1-a1dc71bb:1 s4e1-92d49b6c:53E
1786386867.200138 s2e1-81cd9116:1 s3e1-a1dc71bb:1 s4e1-92d49b6c:1
1786386867.202860 s2e1-81cd9116:1 s3e1-a1dc71bb:1 s4e1-92d49b6c:1
1786386867.222719 s2e1-81cd9116:1 s3e1-a1dc71bb:1 s4e1-92d49b6c:1
1786386867.242663 s2e1-81cd9116:1 s3e1-a1dc71bb:1 s4e1-92d49b6c:1
1786386867.262601 s2e1-81cd9116:1 s3e1-a1dc71bb:1 s4e1-92d49b6c:1
1786386867.282524 s2e1-81cd9116:1 s3e1-a1dc71bb:1 s4e1-92d49b6c:1
1786386867.302457 s2e1-81cd9116:1 s3e1-a1dc71bb:1 s4e1-92d49b6c:1
1786386867.322360 s2e1-81cd9116:1 s3e1-a1dc71bb:1 s4e1-92d49b6c:1
1786386867.342264 s3e1-a1dc71bb:1 s4e1-92d49b6c:1
1786386867.362287 s3e1-a1dc71bb:1 s4e1-92d49b6c:1
1786386867.382088 s3e1-a1dc71bb:1 s4e1-92d49b6c:1 s5e1-a47300ef:53E
1786386867.438412 s3e1-a1dc71bb:1 s4e1-92d49b6c:1 s5e1-a47300ef:1
1786386867.441433 s3e1-a1dc71bb:1 s4e1-92d49b6c:1 s5e1-a47300ef:1
1786386867.461107 s3e1-a1dc71bb:1 s4e1-92d49b6c:1 s5e1-a47300ef:1
1786386867.481009 s3e1-a1dc71bb:1 s4e1-92d49b6c:1 s5e1-a47300ef:1
1786386867.500882 s3e1-a1dc71bb:1 s4e1-92d49b6c:1 s5e1-a47300ef:1
1786386867.520782 s3e1-a1dc71bb:1 s4e1-92d49b6c:1 s5e1-a47300ef:1
1786386867.540791 s3e1-a1dc71bb:1 s4e1-92d49b6c:1 s5e1-a47300ef:1
1786386867.560648 s4e1-92d49b6c:1 s5e1-a47300ef:1
1786386867.580504 s4e1-92d49b6c:1 s5e1-a47300ef:1
1786386867.600144 s4e1-92d49b6c:1 s5e1-a47300ef:1
1786386867.620120 s4e1-92d49b6c:1 s5e1-a47300ef:1
1786386867.639679 s4e1-92d49b6c:1 s5e1-a47300ef:1 s6e1-b3663ea1:53E
1786386867.696124 s4e1-92d49b6c:1 s5e1-a47300ef:1 s6e1-b3663ea1:1
1786386867.699059 s4e1-92d49b6c:1 s5e1-a47300ef:1 s6e1-b3663ea1:1
1786386867.718763 s4e1-92d49b6c:1 s5e1-a47300ef:1 s6e1-b3663ea1:1
1786386867.738593 s4e1-92d49b6c:1 s5e1-a47300ef:1 s6e1-b3663ea1:1
1786386867.758458 s4e1-92d49b6c:1 s5e1-a47300ef:1 s6e1-b3663ea1:1
1786386867.778208 s4e1-92d49b6c:1 s5e1-a47300ef:1 s6e1-b3663ea1:1
1786386867.798044 s4e1-92d49b6c:1 s5e1-a47300ef:1 s6e1-b3663ea1:1
1786386867.817852 s4e1-92d49b6c:1 s5e1-a47300ef:1 s6e1-b3663ea1:1
1786386867.838050 s4e1-92d49b6c:1 s5e1-a47300ef:1 s6e1-b3663ea1:1
1786386867.857527 s5e1-a47300ef:1 s6e1-b3663ea1:1
1786386867.877581 s5e1-a47300ef:1 s6e1-b3663ea1:1
1786386867.897223 s5e1-a47300ef:1 s6e1-b3663ea1:1 s7e1-ba8ac0a3:53E
1786386867.953537 s5e1-a47300ef:1 s6e1-b3663ea1:1 s7e1-ba8ac0a3:1
1786386867.956845 s5e1-a47300ef:1 s6e1-b3663ea1:1 s7e1-ba8ac0a3:1
1786386867.976494 s5e1-a47300ef:1 s6e1-b3663ea1:1 s7e1-ba8ac0a3:1
1786386867.996400 s5e1-a47300ef:1 s6e1-b3663ea1:1 s7e1-ba8ac0a3:1
1786386868.016387 s5e1-a47300ef:1 s6e1-b3663ea1:1 s7e1-ba8ac0a3:1
1786386868.036195 s5e1-a47300ef:1 s6e1-b3663ea1:1 s7e1-ba8ac0a3:1
1786386868.056102 s5e1-a47300ef:1 s6e1-b3663ea1:1 s7e1-ba8ac0a3:1
1786386868.076184 s5e1-a47300ef:1 s6e1-b3663ea1:1 s7e1-ba8ac0a3:1
1786386868.096281 s6e1-b3663ea1:1 s7e1-ba8ac0a3:1
1786386868.116354 s6e1-b3663ea1:1 s7e1-ba8ac0a3:1
1786386868.136142 s6e1-b3663ea1:1 s7e1-ba8ac0a3:1
1786386868.156188 s6e1-b3663ea1:1 s7e1-ba8ac0a3:1 s8e1-a585f7d5:53E
1786386868.214481 s6e1-b3663ea1:1 s7e1-ba8ac0a3:1 s8e1-a585f7d5:1
1786386868.217364 s6e1-b3663ea1:1 s7e1-ba8ac0a3:1 s8e1-a585f7d5:1
1786386868.236570 s6e1-b3663ea1:1 s7e1-ba8ac0a3:1 s8e1-a585f7d5:1
1786386868.256441 s6e1-b3663ea1:1 s7e1-ba8ac0a3:1 s8e1-a585f7d5:1
1786386868.276313 s6e1-b3663ea1:1 s7e1-ba8ac0a3:1 s8e1-a585f7d5:1
1786386868.296193 s6e1-b3663ea1:1 s7e1-ba8ac0a3:1 s8e1-a585f7d5:1
1786386868.316198 s6e1-b3663ea1:1 s7e1-ba8ac0a3:1 s8e1-a585f7d5:1
1786386868.336173 s6e1-b3663ea1:1 s7e1-ba8ac0a3:1 s8e1-a585f7d5:1
1786386868.356283 s7e1-ba8ac0a3:1 s8e1-a585f7d5:1
1786386868.376255 s7e1-ba8ac0a3:1 s8e1-a585f7d5:1
1786386868.396273 s7e1-ba8ac0a3:1 s8e1-a585f7d5:1 s1e1-bed9eef6:53E
1786386868.478335 s7e1-ba8ac0a3:1 s8e1-a585f7d5:1 s1e1-bed9eef6:1
1786386868.483188 s7e1-ba8ac0a3:1 s8e1-a585f7d5:1 s1e1-bed9eef6:1
1786386868.501782 s7e1-ba8ac0a3:1 s8e1-a585f7d5:1 s1e1-bed9eef6:1
1786386868.521147 s7e1-ba8ac0a3:1 s8e1-a585f7d5:1 s1e1-bed9eef6:1
1786386868.540657 s7e1-ba8ac0a3:1 s8e1-a585f7d5:1 s1e1-bed9eef6:1
1786386868.560286 s7e1-ba8ac0a3:1 s8e1-a585f7d5:1 s1e1-bed9eef6:1
1786386868.579975 s7e1-ba8ac0a3:1 s8e1-a585f7d5:1 s1e1-bed9eef6:1
1786386868.599771 s7e1-ba8ac0a3:1 s8e1-a585f7d5:1 s1e1-bed9eef6:1
1786386868.619709 s7e1-ba8ac0a3:1 s8e1-a585f7d5:1 s1e1-bed9eef6:1 s2e1-81cd9116:53E
1786386868.684897 s8e1-a585f7d5:1 s1e1-bed9eef6:1 s2e1-81cd9116:1
1786386868.688377 s8e1-a585f7d5:1 s1e1-bed9eef6:1 s2e1-81cd9116:1
1786386868.707451 s8e1-a585f7d5:1 s1e1-bed9eef6:1 s2e1-81cd9116:1
1786386868.727538 s8e1-a585f7d5:1 s1e1-bed9eef6:1 s2e1-81cd9116:1
1786386868.747417 s8e1-a585f7d5:1 s1e1-bed9eef6:1 s2e1-81cd9116:1
1786386868.767409 s8e1-a585f7d5:1 s1e1-bed9eef6:1 s2e1-81cd9116:1
1786386868.787385 s8e1-a585f7d5:1 s1e1-bed9eef6:1 s2e1-81cd9116:1
1786386868.807376 s8e1-a585f7d5:1 s1e1-bed9eef6:1 s2e1-81cd9116:1
1786386868.827403 s8e1-a585f7d5:1 s1e1-bed9eef6:1 s2e1-81cd9116:1
1786386868.847529 s8e1-a585f7d5:1 s1e1-bed9eef6:1 s2e1-81cd9116:1
1786386868.867335 s8e1-a585f7d5:1 s1e1-bed9eef6:1 s2e1-81cd9116:1
1786386868.887388 s8e1-a585f7d5:1 s1e1-bed9eef6:1 s2e1-81cd9116:1
1786386868.907495 s1e1-bed9eef6:1 s2e1-81cd9116:1 s3e1-a1dc71bb:53E
1786386868.965641 s1e1-bed9eef6:1 s2e1-81cd9116:1 s3e1-a1dc71bb:1
1786386868.968246 s1e1-bed9eef6:1 s2e1-81cd9116:1 s3e1-a1dc71bb:1
1786386868.988151 s1e1-bed9eef6:1 s2e1-81cd9116:1 s3e1-a1dc71bb:1
1786386869.008152 s1e1-bed9eef6:1 s2e1-81cd9116:1 s3e1-a1dc71bb:1
1786386869.029458 s1e1-bed9eef6:1 s2e1-81cd9116:1 s3e1-a1dc71bb:1
1786386869.048027 s1e1-bed9eef6:1 s2e1-81cd9116:1 s3e1-a1dc71bb:1
1786386869.067878 s1e1-bed9eef6:1 s2e1-81cd9116:1 s3e1-a1dc71bb:1
1786386869.087764 s1e1-bed9eef6:1 s2e1-81cd9116:1 s3e1-a1dc71bb:1
1786386869.107675 s1e1-bed9eef6:1 s2e1-81cd9116:1 s3e1-a1dc71bb:1
1786386869.127584 s1e1-bed9eef6:1 s2e1-81cd9116:1 s3e1-a1dc71bb:1
1786386869.147801 s2e1-81cd9116:1 s3e1-a1dc71bb:1 s4e1-92d49b6c:53E
1786386869.213063 s2e1-81cd9116:1 s3e1-a1dc71bb:1 s4e1-92d49b6c:1
1786386869.216851 s2e1-81cd9116:1 s3e1-a1dc71bb:1 s4e1-92d49b6c:1
1786386869.234712 s2e1-81cd9116:1 s3e1-a1dc71bb:1 s4e1-92d49b6c:1
1786386869.254516 s2e1-81cd9116:1 s3e1-a1dc71bb:1 s4e1-92d49b6c:1
1786386869.274312 s2e1-81cd9116:1 s3e1-a1dc71bb:1 s4e1-92d49b6c:1
1786386869.294022 s2e1-81cd9116:1 s3e1-a1dc71bb:1 s4e1-92d49b6c:1
1786386869.313765 s2e1-81cd9116:1 s3e1-a1dc71bb:1 s4e1-92d49b6c:1
1786386869.333593 s2e1-81cd9116:1 s3e1-a1dc71bb:1 s4e1-92d49b6c:1
1786386869.353508 s3e1-a1dc71bb:1 s4e1-92d49b6c:1
1786386869.373574 s3e1-a1dc71bb:1 s4e1-92d49b6c:1
1786386869.393515 s3e1-a1dc71bb:1 s4e1-92d49b6c:1 s5e1-a47300ef:53E
1786386869.450832 s3e1-a1dc71bb:1 s4e1-92d49b6c:1 s5e1-a47300ef:1
1786386869.454137 s3e1-a1dc71bb:1 s4e1-92d49b6c:1 s5e1-a47300ef:1
1786386869.473839 s3e1-a1dc71bb:1 s4e1-92d49b6c:1 s5e1-a47300ef:1
1786386869.493715 s3e1-a1dc71bb:1 s4e1-92d49b6c:1 s5e1-a47300ef:1
1786386869.513604 s3e1-a1dc71bb:1 s4e1-92d49b6c:1 s5e1-a47300ef:1
1786386869.533473 s3e1-a1dc71bb:1 s4e1-92d49b6c:1 s5e1-a47300ef:1
1786386869.553300 s3e1-a1dc71bb:1 s4e1-92d49b6c:1 s5e1-a47300ef:1
1786386869.573232 s3e1-a1dc71bb:1 s4e1-92d49b6c:1 s5e1-a47300ef:1
1786386869.593114 s3e1-a1dc71bb:1 s4e1-92d49b6c:1 s5e1-a47300ef:1
1786386869.613059 s3e1-a1dc71bb:1 s4e1-92d49b6c:1 s5e1-a47300ef:1
1786386869.632921 s4e1-92d49b6c:1 s5e1-a47300ef:1
1786386869.652908 s4e1-92d49b6c:1 s5e1-a47300ef:1
1786386869.672740 s4e1-92d49b6c:1 s5e1-a47300ef:1 s6e1-b3663ea1:53E
1786386869.734361 s4e1-92d49b6c:1 s5e1-a47300ef:1 s6e1-b3663ea1:1
1786386869.736701 s4e1-92d49b6c:1 s5e1-a47300ef:1 s6e1-b3663ea1:1
1786386869.755682 s4e1-92d49b6c:1 s5e1-a47300ef:1 s6e1-b3663ea1:1
1786386869.775441 s4e1-92d49b6c:1 s5e1-a47300ef:1 s6e1-b3663ea1:1
1786386869.795192 s4e1-92d49b6c:1 s5e1-a47300ef:1 s6e1-b3663ea1:1
1786386869.815023 s4e1-92d49b6c:1 s5e1-a47300ef:1 s6e1-b3663ea1:1
1786386869.834964 s4e1-92d49b6c:1 s5e1-a47300ef:1 s6e1-b3663ea1:1
1786386869.854933 s4e1-92d49b6c:1 s5e1-a47300ef:1 s6e1-b3663ea1:1
1786386869.875124 s5e1-a47300ef:1 s6e1-b3663ea1:1 s7e1-ba8ac0a3:53E
1786386869.933334 s5e1-a47300ef:1 s6e1-b3663ea1:1 s7e1-ba8ac0a3:1
1786386869.936394 s5e1-a47300ef:1 s6e1-b3663ea1:1 s7e1-ba8ac0a3:1
1786386869.956063 s5e1-a47300ef:1 s6e1-b3663ea1:1 s7e1-ba8ac0a3:1
1786386869.975944 s5e1-a47300ef:1 s6e1-b3663ea1:1 s7e1-ba8ac0a3:1
1786386869.995803 s5e1-a47300ef:1 s6e1-b3663ea1:1 s7e1-ba8ac0a3:1
1786386870.015725 s5e1-a47300ef:1 s6e1-b3663ea1:1 s7e1-ba8ac0a3:1
1786386870.035452 s5e1-a47300ef:1 s6e1-b3663ea1:1 s7e1-ba8ac0a3:1
1786386870.055268 s5e1-a47300ef:1 s6e1-b3663ea1:1 s7e1-ba8ac0a3:1
1786386870.075292 s5e1-a47300ef:1 s6e1-b3663ea1:1 s7e1-ba8ac0a3:1
1786386870.095374 s5e1-a47300ef:1 s6e1-b3663ea1:1 s7e1-ba8ac0a3:1
1786386870.115418 s6e1-b3663ea1:1 s7e1-ba8ac0a3:1
1786386870.135834 s6e1-b3663ea1:1 s7e1-ba8ac0a3:1 s8e1-a585f7d5:53E
1786386870.193577 s6e1-b3663ea1:1 s7e1-ba8ac0a3:1 s8e1-a585f7d5:1
1786386870.196883 s6e1-b3663ea1:1 s7e1-ba8ac0a3:1 s8e1-a585f7d5:1
1786386870.216618 s6e1-b3663ea1:1 s7e1-ba8ac0a3:1 s8e1-a585f7d5:1
1786386870.236660 s6e1-b3663ea1:1 s7e1-ba8ac0a3:1 s8e1-a585f7d5:1
1786386870.256559 s6e1-b3663ea1:1 s7e1-ba8ac0a3:1 s8e1-a585f7d5:1
1786386870.276455 s6e1-b3663ea1:1 s7e1-ba8ac0a3:1 s8e1-a585f7d5:1
1786386870.296396 s6e1-b3663ea1:1 s7e1-ba8ac0a3:1 s8e1-a585f7d5:1
1786386870.316349 s6e1-b3663ea1:1 s7e1-ba8ac0a3:1 s8e1-a585f7d5:1
1786386870.336333 s6e1-b3663ea1:1 s7e1-ba8ac0a3:1 s8e1-a585f7d5:1
1786386870.356173 s6e1-b3663ea1:1 s7e1-ba8ac0a3:1 s8e1-a585f7d5:1
1786386870.376026 s6e1-b3663ea1:1 s7e1-ba8ac0a3:1 s8e1-a585f7d5:1
1786386870.396143 s7e1-ba8ac0a3:1 s8e1-a585f7d5:1 s1e1-bed9eef6:53E
1786386870.454938 s7e1-ba8ac0a3:1 s8e1-a585f7d5:1 s1e1-bed9eef6:1
1786386870.457812 s7e1-ba8ac0a3:1 s8e1-a585f7d5:1 s1e1-bed9eef6:1
1786386870.477484 s7e1-ba8ac0a3:1 s8e1-a585f7d5:1 s1e1-bed9eef6:1
1786386870.497316 s7e1-ba8ac0a3:1 s8e1-a585f7d5:1 s1e1-bed9eef6:1
1786386870.517153 s7e1-ba8ac0a3:1 s8e1-a585f7d5:1 s1e1-bed9eef6:1
1786386870.536968 s7e1-ba8ac0a3:1 s8e1-a585f7d5:1 s1e1-bed9eef6:1
1786386870.556813 s7e1-ba8ac0a3:1 s8e1-a585f7d5:1 s1e1-bed9eef6:1
1786386870.576726 s7e1-ba8ac0a3:1 s8e1-a585f7d5:1 s1e1-bed9eef6:1
1786386870.596784 s8e1-a585f7d5:1 s1e1-bed9eef6:1 s2e1-81cd9116:53E
1786386870.653095 s8e1-a585f7d5:1 s1e1-bed9eef6:1 s2e1-81cd9116:1
1786386870.656957 s8e1-a585f7d5:1 s1e1-bed9eef6:1 s2e1-81cd9116:1
1786386870.676625 s8e1-a585f7d5:1 s1e1-bed9eef6:1 s2e1-81cd9116:1
1786386870.696549 s8e1-a585f7d5:1 s1e1-bed9eef6:1 s2e1-81cd9116:1
1786386870.716342 s8e1-a585f7d5:1 s1e1-bed9eef6:1 s2e1-81cd9116:1
1786386870.736181 s8e1-a585f7d5:1 s1e1-bed9eef6:1 s2e1-81cd9116:1
1786386870.756022 s8e1-a585f7d5:1 s1e1-bed9eef6:1 s2e1-81cd9116:1
1786386870.775865 s8e1-a585f7d5:1 s1e1-bed9eef6:1 s2e1-81cd9116:1
1786386870.795805 s8e1-a585f7d5:1 s1e1-bed9eef6:1 s2e1-81cd9116:1
1786386870.815867 s8e1-a585f7d5:1 s1e1-bed9eef6:1 s2e1-81cd9116:1
1786386870.835796 s8e1-a585f7d5:1 s1e1-bed9eef6:1 s2e1-81cd9116:1
1786386870.855745 s1e1-bed9eef6:1 s2e1-81cd9116:1
1786386870.875792 s1e1-bed9eef6:1 s2e1-81cd9116:1
1786386870.895699 s1e1-bed9eef6:1 s2e1-81cd9116:1 s3e1-a1dc71bb:53E
1786386870.953209 s1e1-bed9eef6:1 s2e1-81cd9116:1 s3e1-a1dc71bb:1
1786386870.956659 s1e1-bed9eef6:1 s2e1-81cd9116:1 s3e1-a1dc71bb:1
1786386870.976351 s1e1-bed9eef6:1 s2e1-81cd9116:1 s3e1-a1dc71bb:1
1786386870.996299 s1e1-bed9eef6:1 s2e1-81cd9116:1 s3e1-a1dc71bb:1
1786386871.016201 s1e1-bed9eef6:1 s2e1-81cd9116:1 s3e1-a1dc71bb:1
1786386871.036150 s1e1-bed9eef6:1 s2e1-81cd9116:1 s3e1-a1dc71bb:1
1786386871.056199 s1e1-bed9eef6:1 s2e1-81cd9116:1 s3e1-a1dc71bb:1
1786386871.076167 s1e1-bed9eef6:1 s2e1-81cd9116:1 s3e1-a1dc71bb:1
1786386871.096529 s1e1-bed9eef6:1 s2e1-81cd9116:1 s3e1-a1dc71bb:1 s4e1-92d49b6c:53E
1786386871.154766 s2e1-81cd9116:1 s3e1-a1dc71bb:1 s4e1-92d49b6c:1
1786386871.157511 s2e1-81cd9116:1 s3e1-a1dc71bb:1 s4e1-92d49b6c:1
1786386871.176795 s2e1-81cd9116:1 s3e1-a1dc71bb:1 s4e1-92d49b6c:1
1786386871.196769 s2e1-81cd9116:1 s3e1-a1dc71bb:1 s4e1-92d49b6c:1
1786386871.216692 s2e1-81cd9116:1 s3e1-a1dc71bb:1 s4e1-92d49b6c:1
1786386871.236659 s2e1-81cd9116:1 s3e1-a1dc71bb:1 s4e1-92d49b6c:1
1786386871.256544 s2e1-81cd9116:1 s3e1-a1dc71bb:1 s4e1-92d49b6c:1
1786386871.276440 s2e1-81cd9116:1 s3e1-a1dc71bb:1 s4e1-92d49b6c:1
1786386871.296404 s2e1-81cd9116:1 s3e1-a1dc71bb:1 s4e1-92d49b6c:1
1786386871.316368 s3e1-a1dc71bb:1 s4e1-92d49b6c:1
1786386871.336373 s3e1-a1dc71bb:1 s4e1-92d49b6c:1
1786386871.356095 s3e1-a1dc71bb:1 s4e1-92d49b6c:1
1786386871.376081 s3e1-a1dc71bb:1 s4e1-92d49b6c:1 s5e1-a47300ef:53E
1786386871.435054 s3e1-a1dc71bb:1 s4e1-92d49b6c:1 s5e1-a47300ef:1
1786386871.438467 s3e1-a1dc71bb:1 s4e1-92d49b6c:1 s5e1-a47300ef:1
1786386871.458154 s3e1-a1dc71bb:1 s4e1-92d49b6c:1 s5e1-a47300ef:1
1786386871.478012 s3e1-a1dc71bb:1 s4e1-92d49b6c:1 s5e1-a47300ef:1
1786386871.497864 s3e1-a1dc71bb:1 s4e1-92d49b6c:1 s5e1-a47300ef:1
1786386871.517689 s3e1-a1dc71bb:1 s4e1-92d49b6c:1 s5e1-a47300ef:1
1786386871.537594 s3e1-a1dc71bb:1 s4e1-92d49b6c:1 s5e1-a47300ef:1
1786386871.557381 s3e1-a1dc71bb:1 s4e1-92d49b6c:1 s5e1-a47300ef:1
1786386871.577403 s3e1-a1dc71bb:1 s4e1-92d49b6c:1 s5e1-a47300ef:1
1786386871.597363 s3e1-a1dc71bb:1 s4e1-92d49b6c:1 s5e1-a47300ef:1
1786386871.617345 s4e1-92d49b6c:1 s5e1-a47300ef:1
1786386871.637330 s4e1-92d49b6c:1 s5e1-a47300ef:1
1786386871.657126 s4e1-92d49b6c:1 s5e1-a47300ef:1 s6e1-b3663ea1:53E
1786386871.713359 s4e1-92d49b6c:1 s5e1-a47300ef:1 s6e1-b3663ea1:1
1786386871.717221 s4e1-92d49b6c:1 s5e1-a47300ef:1 s6e1-b3663ea1:1
1786386871.736821 s4e1-92d49b6c:1 s5e1-a47300ef:1 s6e1-b3663ea1:1
1786386871.756642 s4e1-92d49b6c:1 s5e1-a47300ef:1 s6e1-b3663ea1:1
1786386871.776443 s4e1-92d49b6c:1 s5e1-a47300ef:1 s6e1-b3663ea1:1
1786386871.796414 s4e1-92d49b6c:1 s5e1-a47300ef:1 s6e1-b3663ea1:1
1786386871.816189 s5e1-a47300ef:1 s6e1-b3663ea1:1
1786386871.836157 s5e1-a47300ef:1 s6e1-b3663ea1:1
1786386871.855853 s5e1-a47300ef:1 s6e1-b3663ea1:1
1786386871.875655 s5e1-a47300ef:1 s6e1-b3663ea1:1
1786386871.895575 s5e1-a47300ef:1 s6e1-b3663ea1:1 s7e1-ba8ac0a3:53E
1786386871.954633 s5e1-a47300ef:1 s6e1-b3663ea1:1 s7e1-ba8ac0a3:1
1786386871.958125 s5e1-a47300ef:1 s6e1-b3663ea1:1 s7e1-ba8ac0a3:1
1786386871.977857 s5e1-a47300ef:1 s6e1-b3663ea1:1 s7e1-ba8ac0a3:1
1786386871.997676 s5e1-a47300ef:1 s6e1-b3663ea1:1 s7e1-ba8ac0a3:1
1786386872.017664 s5e1-a47300ef:1 s6e1-b3663ea1:1 s7e1-ba8ac0a3:1
1786386872.037587 s5e1-a47300ef:1 s6e1-b3663ea1:1 s7e1-ba8ac0a3:1
1786386872.057464 s5e1-a47300ef:1 s6e1-b3663ea1:1 s7e1-ba8ac0a3:1
1786386872.077381 s5e1-a47300ef:1 s6e1-b3663ea1:1 s7e1-ba8ac0a3:1
1786386872.097276 s6e1-b3663ea1:1 s7e1-ba8ac0a3:1
1786386872.117477 s6e1-b3663ea1:1 s7e1-ba8ac0a3:1 s8e1-a585f7d5:53E
1786386872.174574 s6e1-b3663ea1:1 s7e1-ba8ac0a3:1 s8e1-a585f7d5:1
1786386872.178104 s6e1-b3663ea1:1 s7e1-ba8ac0a3:1 s8e1-a585f7d5:1
1786386872.197761 s6e1-b3663ea1:1 s7e1-ba8ac0a3:1 s8e1-a585f7d5:1
1786386872.217691 s6e1-b3663ea1:1 s7e1-ba8ac0a3:1 s8e1-a585f7d5:1
1786386872.237493 s6e1-b3663ea1:1 s7e1-ba8ac0a3:1 s8e1-a585f7d5:1
1786386872.257369 s6e1-b3663ea1:1 s7e1-ba8ac0a3:1 s8e1-a585f7d5:1
1786386872.277227 s6e1-b3663ea1:1 s7e1-ba8ac0a3:1 s8e1-a585f7d5:1
1786386872.297177 s6e1-b3663ea1:1 s7e1-ba8ac0a3:1 s8e1-a585f7d5:1
1786386872.317176 s6e1-b3663ea1:1 s7e1-ba8ac0a3:1 s8e1-a585f7d5:1
1786386872.337216 s6e1-b3663ea1:1 s7e1-ba8ac0a3:1 s8e1-a585f7d5:1
1786386872.357198 s6e1-b3663ea1:1 s7e1-ba8ac0a3:1 s8e1-a585f7d5:1
1786386872.377465 s7e1-ba8ac0a3:1 s8e1-a585f7d5:1 s1e1-bed9eef6:53E
1786386872.434381 s7e1-ba8ac0a3:1 s8e1-a585f7d5:1 s1e1-bed9eef6:1
1786386872.438424 s7e1-ba8ac0a3:1 s8e1-a585f7d5:1 s1e1-bed9eef6:1
1786386872.458072 s7e1-ba8ac0a3:1 s8e1-a585f7d5:1 s1e1-bed9eef6:1
1786386872.478332 s7e1-ba8ac0a3:1 s8e1-a585f7d5:1 s1e1-bed9eef6:1
1786386872.497950 s7e1-ba8ac0a3:1 s8e1-a585f7d5:1 s1e1-bed9eef6:1
1786386872.517692 s7e1-ba8ac0a3:1 s8e1-a585f7d5:1 s1e1-bed9eef6:1
1786386872.537524 s7e1-ba8ac0a3:1 s8e1-a585f7d5:1 s1e1-bed9eef6:1
1786386872.557441 s7e1-ba8ac0a3:1 s8e1-a585f7d5:1 s1e1-bed9eef6:1
1786386872.577258 s7e1-ba8ac0a3:1 s8e1-a585f7d5:1 s1e1-bed9eef6:1
1786386872.597089 s7e1-ba8ac0a3:1 s8e1-a585f7d5:1 s1e1-bed9eef6:1
1786386872.617254 s8e1-a585f7d5:1 s1e1-bed9eef6:1 s2e1-81cd9116:53E
1786386872.684954 s8e1-a585f7d5:1 s1e1-bed9eef6:1 s2e1-81cd9116:1
1786386872.687303 s8e1-a585f7d5:1 s1e1-bed9eef6:1 s2e1-81cd9116:1
1786386872.706476 s8e1-a585f7d5:1 s1e1-bed9eef6:1 s2e1-81cd9116:1
1786386872.726205 s8e1-a585f7d5:1 s1e1-bed9eef6:1 s2e1-81cd9116:1
1786386872.746052 s8e1-a585f7d5:1 s1e1-bed9eef6:1 s2e1-81cd9116:1
1786386872.765771 s8e1-a585f7d5:1 s1e1-bed9eef6:1 s2e1-81cd9116:1
1786386872.785562 s8e1-a585f7d5:1 s1e1-bed9eef6:1 s2e1-81cd9116:1
1786386872.805424 s8e1-a585f7d5:1 s1e1-bed9eef6:1 s2e1-81cd9116:1
1786386872.825148 s8e1-a585f7d5:1 s1e1-bed9eef6:1 s2e1-81cd9116:1
1786386872.844889 s1e1-bed9eef6:1 s2e1-81cd9116:1
1786386872.864687 s1e1-bed9eef6:1 s2e1-81cd9116:1
1786386872.884278 s1e1-bed9eef6:1 s2e1-81cd9116:1
1786386872.903872 s1e1-bed9eef6:1 s2e1-81cd9116:1
1786386872.923714 s1e1-bed9eef6:1 s2e1-81cd9116:1 s3e1-a1dc71bb:53E
1786386872.980378 s1e1-bed9eef6:1 s2e1-81cd9116:1 s3e1-a1dc71bb:1
1786386872.984221 s1e1-bed9eef6:1 s2e1-81cd9116:1 s3e1-a1dc71bb:1
1786386873.003973 s1e1-bed9eef6:1 s2e1-81cd9116:1 s3e1-a1dc71bb:1
1786386873.023934 s1e1-bed9eef6:1 s2e1-81cd9116:1 s3e1-a1dc71bb:1
1786386873.043890 s1e1-bed9eef6:1 s2e1-81cd9116:1 s3e1-a1dc71bb:1
1786386873.063788 s1e1-bed9eef6:1 s2e1-81cd9116:1 s3e1-a1dc71bb:1
1786386873.083716 s1e1-bed9eef6:1 s2e1-81cd9116:1 s3e1-a1dc71bb:1
1786386873.103842 s2e1-81cd9116:1 s3e1-a1dc71bb:1 s4e1-92d49b6c:53E
1786386873.160393 s2e1-81cd9116:1 s3e1-a1dc71bb:1 s4e1-92d49b6c:1
1786386873.164671 s2e1-81cd9116:1 s3e1-a1dc71bb:1 s4e1-92d49b6c:1
1786386873.184527 s2e1-81cd9116:1 s3e1-a1dc71bb:1 s4e1-92d49b6c:1
1786386873.204549 s2e1-81cd9116:1 s3e1-a1dc71bb:1 s4e1-92d49b6c:1
1786386873.224578 s2e1-81cd9116:1 s3e1-a1dc71bb:1 s4e1-92d49b6c:1
1786386873.244535 s2e1-81cd9116:1 s3e1-a1dc71bb:1 s4e1-92d49b6c:1
1786386873.264496 s2e1-81cd9116:1 s3e1-a1dc71bb:1 s4e1-92d49b6c:1
1786386873.284394 s2e1-81cd9116:1 s3e1-a1dc71bb:1 s4e1-92d49b6c:1
1786386873.304327 s2e1-81cd9116:1 s3e1-a1dc71bb:1 s4e1-92d49b6c:1
1786386873.324356 s2e1-81cd9116:1 s3e1-a1dc71bb:1 s4e1-92d49b6c:1
1786386873.345136 s3e1-a1dc71bb:1 s4e1-92d49b6c:1
1786386873.364194 s3e1-a1dc71bb:1 s4e1-92d49b6c:1
1786386873.383887 s3e1-a1dc71bb:1 s4e1-92d49b6c:1
1786386873.403895 s3e1-a1dc71bb:1 s4e1-92d49b6c:1 s5e1-a47300ef:53E
1786386873.461820 s3e1-a1dc71bb:1 s4e1-92d49b6c:1 s5e1-a47300ef:1
1786386873.465593 s3e1-a1dc71bb:1 s4e1-92d49b6c:1 s5e1-a47300ef:1
1786386873.485439 s3e1-a1dc71bb:1 s4e1-92d49b6c:1 s5e1-a47300ef:1
1786386873.505417 s3e1-a1dc71bb:1 s4e1-92d49b6c:1 s5e1-a47300ef:1
1786386873.525315 s3e1-a1dc71bb:1 s4e1-92d49b6c:1 s5e1-a47300ef:1
1786386873.545257 s3e1-a1dc71bb:1 s4e1-92d49b6c:1 s5e1-a47300ef:1
1786386873.565196 s3e1-a1dc71bb:1 s4e1-92d49b6c:1 s5e1-a47300ef:1
1786386873.585144 s3e1-a1dc71bb:1 s4e1-92d49b6c:1 s5e1-a47300ef:1
1786386873.605089 s3e1-a1dc71bb:1 s4e1-92d49b6c:1 s5e1-a47300ef:1
1786386873.625243 s3e1-a1dc71bb:1 s4e1-92d49b6c:1 s5e1-a47300ef:1 s6e1-b3663ea1:53E
1786386873.681371 s4e1-92d49b6c:1 s5e1-a47300ef:1 s6e1-b3663ea1:1
1786386873.685610 s4e1-92d49b6c:1 s5e1-a47300ef:1 s6e1-b3663ea1:1
1786386873.705632 s4e1-92d49b6c:1 s5e1-a47300ef:1 s6e1-b3663ea1:1
1786386873.725655 s4e1-92d49b6c:1 s5e1-a47300ef:1 s6e1-b3663ea1:1
1786386873.745620 s4e1-92d49b6c:1 s5e1-a47300ef:1 s6e1-b3663ea1:1
1786386873.765565 s4e1-92d49b6c:1 s5e1-a47300ef:1 s6e1-b3663ea1:1
1786386873.785510 s4e1-92d49b6c:1 s5e1-a47300ef:1 s6e1-b3663ea1:1
1786386873.805489 s4e1-92d49b6c:1 s5e1-a47300ef:1 s6e1-b3663ea1:1
1786386873.825372 s5e1-a47300ef:1 s6e1-b3663ea1:1
1786386873.845272 s5e1-a47300ef:1 s6e1-b3663ea1:1
1786386873.865045 s5e1-a47300ef:1 s6e1-b3663ea1:1
1786386873.884840 s5e1-a47300ef:1 s6e1-b3663ea1:1 s7e1-ba8ac0a3:53E
1786386873.941244 s5e1-a47300ef:1 s6e1-b3663ea1:1 s7e1-ba8ac0a3:1
1786386873.945501 s5e1-a47300ef:1 s6e1-b3663ea1:1 s7e1-ba8ac0a3:1
1786386873.965452 s5e1-a47300ef:1 s6e1-b3663ea1:1 s7e1-ba8ac0a3:1
1786386873.985463 s5e1-a47300ef:1 s6e1-b3663ea1:1 s7e1-ba8ac0a3:1
1786386874.005440 s5e1-a47300ef:1 s6e1-b3663ea1:1 s7e1-ba8ac0a3:1
1786386874.025394 s5e1-a47300ef:1 s6e1-b3663ea1:1 s7e1-ba8ac0a3:1
1786386874.045313 s5e1-a47300ef:1 s6e1-b3663ea1:1 s7e1-ba8ac0a3:1
1786386874.065210 s5e1-a47300ef:1 s6e1-b3663ea1:1 s7e1-ba8ac0a3:1
1786386874.085095 s5e1-a47300ef:1 s6e1-b3663ea1:1 s7e1-ba8ac0a3:1
1786386874.104977 s5e1-a47300ef:1 s6e1-b3663ea1:1 s7e1-ba8ac0a3:1
1786386874.124840 s6e1-b3663ea1:1 s7e1-ba8ac0a3:1
1786386874.144741 s6e1-b3663ea1:1 s7e1-ba8ac0a3:1
1786386874.164523 s6e1-b3663ea1:1 s7e1-ba8ac0a3:1 s8e1-a585f7d5:53E
1786386874.222337 s6e1-b3663ea1:1 s7e1-ba8ac0a3:1 s8e1-a585f7d5:1
1786386874.226597 s6e1-b3663ea1:1 s7e1-ba8ac0a3:1 s8e1-a585f7d5:1
1786386874.246608 s6e1-b3663ea1:1 s7e1-ba8ac0a3:1 s8e1-a585f7d5:1
1786386874.266601 s6e1-b3663ea1:1 s7e1-ba8ac0a3:1 s8e1-a585f7d5:1
1786386874.286551 s6e1-b3663ea1:1 s7e1-ba8ac0a3:1 s8e1-a585f7d5:1
1786386874.306675 s6e1-b3663ea1:1 s7e1-ba8ac0a3:1 s8e1-a585f7d5:1 s1e1-bed9eef6:53E
1786386874.365184 s6e1-b3663ea1:1 s7e1-ba8ac0a3:1 s8e1-a585f7d5:1 s1e1-bed9eef6:1
1786386874.368339 s7e1-ba8ac0a3:1 s8e1-a585f7d5:1 s1e1-bed9eef6:1
1786386874.388435 s7e1-ba8ac0a3:1 s8e1-a585f7d5:1 s1e1-bed9eef6:1
1786386874.408414 s7e1-ba8ac0a3:1 s8e1-a585f7d5:1 s1e1-bed9eef6:1
1786386874.428334 s7e1-ba8ac0a3:1 s8e1-a585f7d5:1 s1e1-bed9eef6:1
1786386874.448288 s7e1-ba8ac0a3:1 s8e1-a585f7d5:1 s1e1-bed9eef6:1
1786386874.468244 s7e1-ba8ac0a3:1 s8e1-a585f7d5:1 s1e1-bed9eef6:1
1786386874.488125 s7e1-ba8ac0a3:1 s8e1-a585f7d5:1 s1e1-bed9eef6:1
1786386874.508072 s7e1-ba8ac0a3:1 s8e1-a585f7d5:1 s1e1-bed9eef6:1
1786386874.527848 s7e1-ba8ac0a3:1 s8e1-a585f7d5:1 s1e1-bed9eef6:1
1786386874.547690 s7e1-ba8ac0a3:1 s8e1-a585f7d5:1 s1e1-bed9eef6:1
1786386874.567572 s7e1-ba8ac0a3:1 s8e1-a585f7d5:1 s1e1-bed9eef6:1
1786386874.587433 s7e1-ba8ac0a3:1 s8e1-a585f7d5:1 s1e1-bed9eef6:1
1786386874.607475 s8e1-a585f7d5:1 s1e1-bed9eef6:1 s2e1-81cd9116:53E
1786386874.664017 s8e1-a585f7d5:1 s1e1-bed9eef6:1 s2e1-81cd9116:1
1786386874.668017 s8e1-a585f7d5:1 s1e1-bed9eef6:1 s2e1-81cd9116:1
1786386874.687934 s8e1-a585f7d5:1 s1e1-bed9eef6:1 s2e1-81cd9116:1
1786386874.707827 s8e1-a585f7d5:1 s1e1-bed9eef6:1 s2e1-81cd9116:1
1786386874.727781 s8e1-a585f7d5:1 s1e1-bed9eef6:1 s2e1-81cd9116:1
1786386874.747707 s8e1-a585f7d5:1 s1e1-bed9eef6:1 s2e1-81cd9116:1
1786386874.767670 s8e1-a585f7d5:1 s1e1-bed9eef6:1 s2e1-81cd9116:1
1786386874.787613 s8e1-a585f7d5:1 s1e1-bed9eef6:1 s2e1-81cd9116:1
1786386874.807575 s8e1-a585f7d5:1 s1e1-bed9eef6:1 s2e1-81cd9116:1
1786386874.827542 s8e1-a585f7d5:1 s1e1-bed9eef6:1 s2e1-81cd9116:1
1786386874.847763 s8e1-a585f7d5:1 s1e1-bed9eef6:1 s2e1-81cd9116:1 s3e1-a1dc71bb:53E
1786386874.903949 s8e1-a585f7d5:1 s1e1-bed9eef6:1 s2e1-81cd9116:1 s3e1-a1dc71bb:1
1786386874.908343 s1e1-bed9eef6:1 s2e1-81cd9116:1 s3e1-a1dc71bb:1
1786386874.928498 s1e1-bed9eef6:1 s2e1-81cd9116:1 s3e1-a1dc71bb:1
1786386874.948458 s1e1-bed9eef6:1 s2e1-81cd9116:1 s3e1-a1dc71bb:1
1786386874.968321 s1e1-bed9eef6:1 s2e1-81cd9116:1 s3e1-a1dc71bb:1
1786386874.988166 s1e1-bed9eef6:1 s2e1-81cd9116:1 s3e1-a1dc71bb:1
1786386875.008055 s1e1-bed9eef6:1 s2e1-81cd9116:1 s3e1-a1dc71bb:1
1786386875.027941 s2e1-81cd9116:1 s3e1-a1dc71bb:1
1786386875.047779 s2e1-81cd9116:1 s3e1-a1dc71bb:1
1786386875.067555 s2e1-81cd9116:1 s3e1-a1dc71bb:1
1786386875.087359 s2e1-81cd9116:1 s3e1-a1dc71bb:1
1786386875.107163 s2e1-81cd9116:1 s3e1-a1dc71bb:1
1786386875.127186 s2e1-81cd9116:1 s3e1-a1dc71bb:1 s4e1-92d49b6c:53E
1786386875.184867 s2e1-81cd9116:1 s3e1-a1dc71bb:1 s4e1-92d49b6c:1
1786386875.189372 s2e1-81cd9116:1 s3e1-a1dc71bb:1 s4e1-92d49b6c:1
1786386875.209168 s2e1-81cd9116:1 s3e1-a1dc71bb:1 s4e1-92d49b6c:1
1786386875.229092 s2e1-81cd9116:1 s3e1-a1dc71bb:1 s4e1-92d49b6c:1
1786386875.249030 s2e1-81cd9116:1 s3e1-a1dc71bb:1 s4e1-92d49b6c:1
1786386875.269070 s2e1-81cd9116:1 s3e1-a1dc71bb:1 s4e1-92d49b6c:1
1786386875.288920 s2e1-81cd9116:1 s3e1-a1dc71bb:1 s4e1-92d49b6c:1
1786386875.308850 s2e1-81cd9116:1 s3e1-a1dc71bb:1 s4e1-92d49b6c:1
1786386875.328965 s3e1-a1dc71bb:1 s4e1-92d49b6c:1 s5e1-a47300ef:53E
1786386875.387488 s3e1-a1dc71bb:1 s4e1-92d49b6c:1 s5e1-a47300ef:1
1786386875.391010 s3e1-a1dc71bb:1 s4e1-92d49b6c:1 s5e1-a47300ef:1
1786386875.410720 s3e1-a1dc71bb:1 s4e1-92d49b6c:1 s5e1-a47300ef:1
1786386875.430539 s3e1-a1dc71bb:1 s4e1-92d49b6c:1 s5e1-a47300ef:1
1786386875.450408 s3e1-a1dc71bb:1 s4e1-92d49b6c:1 s5e1-a47300ef:1
1786386875.470286 s3e1-a1dc71bb:1 s4e1-92d49b6c:1 s5e1-a47300ef:1
1786386875.490251 s3e1-a1dc71bb:1 s4e1-92d49b6c:1 s5e1-a47300ef:1
1786386875.510022 s3e1-a1dc71bb:1 s4e1-92d49b6c:1 s5e1-a47300ef:1
1786386875.529997 s3e1-a1dc71bb:1 s4e1-92d49b6c:1 s5e1-a47300ef:1
1786386875.549933 s3e1-a1dc71bb:1 s4e1-92d49b6c:1 s5e1-a47300ef:1
1786386875.569869 s4e1-92d49b6c:1 s5e1-a47300ef:1
1786386875.589830 s4e1-92d49b6c:1 s5e1-a47300ef:1
1786386875.609793 s4e1-92d49b6c:1 s5e1-a47300ef:1
1786386875.629685 s4e1-92d49b6c:1 s5e1-a47300ef:1
1786386875.649771 s4e1-92d49b6c:1 s5e1-a47300ef:1 s6e1-b3663ea1:53E
1786386875.706386 s4e1-92d49b6c:1 s5e1-a47300ef:1 s6e1-b3663ea1:1
1786386875.710901 s4e1-92d49b6c:1 s5e1-a47300ef:1 s6e1-b3663ea1:1
1786386875.730683 s4e1-92d49b6c:1 s5e1-a47300ef:1 s6e1-b3663ea1:1
1786386875.750659 s4e1-92d49b6c:1 s5e1-a47300ef:1 s6e1-b3663ea1:1
1786386875.770568 s4e1-92d49b6c:1 s5e1-a47300ef:1 s6e1-b3663ea1:1
1786386875.790532 s4e1-92d49b6c:1 s5e1-a47300ef:1 s6e1-b3663ea1:1
1786386875.810549 s4e1-92d49b6c:1 s5e1-a47300ef:1 s6e1-b3663ea1:1
1786386875.830442 s4e1-92d49b6c:1 s5e1-a47300ef:1 s6e1-b3663ea1:1
1786386875.850585 s5e1-a47300ef:1 s6e1-b3663ea1:1 s7e1-ba8ac0a3:53E
1786386875.908780 s5e1-a47300ef:1 s6e1-b3663ea1:1 s7e1-ba8ac0a3:1
1786386875.912428 s5e1-a47300ef:1 s6e1-b3663ea1:1 s7e1-ba8ac0a3:1
1786386875.932097 s5e1-a47300ef:1 s6e1-b3663ea1:1 s7e1-ba8ac0a3:1
1786386875.951975 s5e1-a47300ef:1 s6e1-b3663ea1:1 s7e1-ba8ac0a3:1
1786386875.971879 s5e1-a47300ef:1 s6e1-b3663ea1:1 s7e1-ba8ac0a3:1
1786386875.991702 s5e1-a47300ef:1 s6e1-b3663ea1:1 s7e1-ba8ac0a3:1
1786386876.011570 s5e1-a47300ef:1 s6e1-b3663ea1:1 s7e1-ba8ac0a3:1
1786386876.031441 s5e1-a47300ef:1 s6e1-b3663ea1:1 s7e1-ba8ac0a3:1
1786386876.051320 s6e1-b3663ea1:1 s7e1-ba8ac0a3:1
1786386876.071205 s6e1-b3663ea1:1 s7e1-ba8ac0a3:1
1786386876.091055 s6e1-b3663ea1:1 s7e1-ba8ac0a3:1
1786386876.110889 s6e1-b3663ea1:1 s7e1-ba8ac0a3:1
1786386876.130749 s6e1-b3663ea1:1 s7e1-ba8ac0a3:1
1786386876.150806 s6e1-b3663ea1:1 s7e1-ba8ac0a3:1 s8e1-a585f7d5:53E
1786386876.207854 s6e1-b3663ea1:1 s7e1-ba8ac0a3:1 s8e1-a585f7d5:1
1786386876.211818 s6e1-b3663ea1:1 s7e1-ba8ac0a3:1 s8e1-a585f7d5:1
1786386876.231505 s6e1-b3663ea1:1 s7e1-ba8ac0a3:1 s8e1-a585f7d5:1
1786386876.251405 s6e1-b3663ea1:1 s7e1-ba8ac0a3:1 s8e1-a585f7d5:1
1786386876.271345 s6e1-b3663ea1:1 s7e1-ba8ac0a3:1 s8e1-a585f7d5:1
1786386876.291288 s6e1-b3663ea1:1 s7e1-ba8ac0a3:1 s8e1-a585f7d5:1
1786386876.311217 s6e1-b3663ea1:1 s7e1-ba8ac0a3:1 s8e1-a585f7d5:1
1786386876.331179 s6e1-b3663ea1:1 s7e1-ba8ac0a3:1 s8e1-a585f7d5:1
1786386876.351358 s6e1-b3663ea1:1 s7e1-ba8ac0a3:1 s8e1-a585f7d5:1 s1e1-bed9eef6:53E
1786386876.409446 s7e1-ba8ac0a3:1 s8e1-a585f7d5:1 s1e1-bed9eef6:1
1786386876.413165 s7e1-ba8ac0a3:1 s8e1-a585f7d5:1 s1e1-bed9eef6:1
1786386876.432742 s7e1-ba8ac0a3:1 s8e1-a585f7d5:1 s1e1-bed9eef6:1
1786386876.452657 s7e1-ba8ac0a3:1 s8e1-a585f7d5:1 s1e1-bed9eef6:1
1786386876.472402 s7e1-ba8ac0a3:1 s8e1-a585f7d5:1 s1e1-bed9eef6:1
1786386876.492169 s7e1-ba8ac0a3:1 s8e1-a585f7d5:1 s1e1-bed9eef6:1
1786386876.511951 s7e1-ba8ac0a3:1 s8e1-a585f7d5:1 s1e1-bed9eef6:1
1786386876.531770 s7e1-ba8ac0a3:1 s8e1-a585f7d5:1 s1e1-bed9eef6:1
1786386876.551543 s7e1-ba8ac0a3:1 s8e1-a585f7d5:1 s1e1-bed9eef6:1
1786386876.571488 s8e1-a585f7d5:1 s1e1-bed9eef6:1
1786386876.591443 s8e1-a585f7d5:1 s1e1-bed9eef6:1
1786386876.611324 s8e1-a585f7d5:1 s1e1-bed9eef6:1
1786386876.631260 s8e1-a585f7d5:1 s1e1-bed9eef6:1
1786386876.651486 s8e1-a585f7d5:1 s1e1-bed9eef6:1 s2e1-81cd9116:53E
1786386876.711632 s8e1-a585f7d5:1 s1e1-bed9eef6:1 s2e1-81cd9116:1
1786386876.715058 s8e1-a585f7d5:1 s1e1-bed9eef6:1 s2e1-81cd9116:1
1786386876.734747 s8e1-a585f7d5:1 s1e1-bed9eef6:1 s2e1-81cd9116:1
1786386876.754677 s8e1-a585f7d5:1 s1e1-bed9eef6:1 s2e1-81cd9116:1
1786386876.774601 s8e1-a585f7d5:1 s1e1-bed9eef6:1 s2e1-81cd9116:1
1786386876.794673 s8e1-a585f7d5:1 s1e1-bed9eef6:1 s2e1-81cd9116:1
1786386876.814670 s8e1-a585f7d5:1 s1e1-bed9eef6:1 s2e1-81cd9116:1
1786386876.834694 s8e1-a585f7d5:1 s1e1-bed9eef6:1 s2e1-81cd9116:1
1786386876.854710 s8e1-a585f7d5:1 s1e1-bed9eef6:1 s2e1-81cd9116:1
1786386876.874720 s1e1-bed9eef6:1 s2e1-81cd9116:1
1786386876.894736 s1e1-bed9eef6:1 s2e1-81cd9116:1
1786386876.914919 s1e1-bed9eef6:1 s2e1-81cd9116:1 s3e1-a1dc71bb:53E
1786386876.971638 s1e1-bed9eef6:1 s2e1-81cd9116:1 s3e1-a1dc71bb:1
1786386876.976165 s1e1-bed9eef6:1 s2e1-81cd9116:1 s3e1-a1dc71bb:1
1786386876.995822 s1e1-bed9eef6:1 s2e1-81cd9116:1 s3e1-a1dc71bb:1
1786386877.015737 s1e1-bed9eef6:1 s2e1-81cd9116:1 s3e1-a1dc71bb:1
1786386877.035619 s1e1-bed9eef6:1 s2e1-81cd9116:1 s3e1-a1dc71bb:1
1786386877.055500 s1e1-bed9eef6:1 s2e1-81cd9116:1 s3e1-a1dc71bb:1
1786386877.075447 s2e1-81cd9116:1 s3e1-a1dc71bb:1
1786386877.095453 s2e1-81cd9116:1 s3e1-a1dc71bb:1
1786386877.115320 s2e1-81cd9116:1 s3e1-a1dc71bb:1
1786386877.135407 s2e1-81cd9116:1 s3e1-a1dc71bb:1 s4e1-92d49b6c:53E
1786386877.192273 s2e1-81cd9116:1 s3e1-a1dc71bb:1 s4e1-92d49b6c:1
1786386877.196089 s2e1-81cd9116:1 s3e1-a1dc71bb:1 s4e1-92d49b6c:1
1786386877.215735 s2e1-81cd9116:1 s3e1-a1dc71bb:1 s4e1-92d49b6c:1
1786386877.235595 s2e1-81cd9116:1 s3e1-a1dc71bb:1 s4e1-92d49b6c:1
1786386877.255396 s2e1-81cd9116:1 s3e1-a1dc71bb:1 s4e1-92d49b6c:1
1786386877.275275 s2e1-81cd9116:1 s3e1-a1dc71bb:1 s4e1-92d49b6c:1
1786386877.295143 s2e1-81cd9116:1 s3e1-a1dc71bb:1 s4e1-92d49b6c:1
1786386877.315117 s2e1-81cd9116:1 s3e1-a1dc71bb:1 s4e1-92d49b6c:1
1786386877.334893 s2e1-81cd9116:1 s3e1-a1dc71bb:1 s4e1-92d49b6c:1
1786386877.355013 s2e1-81cd9116:1 s3e1-a1dc71bb:1 s4e1-92d49b6c:1 s5e1-a47300ef:53E
1786386877.413548 s3e1-a1dc71bb:1 s4e1-92d49b6c:1 s5e1-a47300ef:1
1786386877.417206 s3e1-a1dc71bb:1 s4e1-92d49b6c:1 s5e1-a47300ef:1
1786386877.436831 s3e1-a1dc71bb:1 s4e1-92d49b6c:1 s5e1-a47300ef:1
1786386877.456800 s3e1-a1dc71bb:1 s4e1-92d49b6c:1 s5e1-a47300ef:1
1786386877.476635 s3e1-a1dc71bb:1 s4e1-92d49b6c:1 s5e1-a47300ef:1
1786386877.496455 s3e1-a1dc71bb:1 s4e1-92d49b6c:1 s5e1-a47300ef:1
1786386877.516367 s3e1-a1dc71bb:1 s4e1-92d49b6c:1 s5e1-a47300ef:1
1786386877.536755 s3e1-a1dc71bb:1 s4e1-92d49b6c:1 s5e1-a47300ef:1
1786386877.556094 s3e1-a1dc71bb:1 s4e1-92d49b6c:1 s5e1-a47300ef:1
1786386877.576034 s3e1-a1dc71bb:1 s4e1-92d49b6c:1 s5e1-a47300ef:1
1786386877.595979 s3e1-a1dc71bb:1 s4e1-92d49b6c:1 s5e1-a47300ef:1
1786386877.615932 s3e1-a1dc71bb:1 s4e1-92d49b6c:1 s5e1-a47300ef:1
1786386877.636127 s4e1-92d49b6c:1 s5e1-a47300ef:1 s6e1-b3663ea1:53E
1786386877.693820 s4e1-92d49b6c:1 s5e1-a47300ef:1 s6e1-b3663ea1:1
1786386877.697932 s4e1-92d49b6c:1 s5e1-a47300ef:1 s6e1-b3663ea1:1
1786386877.717550 s4e1-92d49b6c:1 s5e1-a47300ef:1 s6e1-b3663ea1:1
1786386877.737488 s4e1-92d49b6c:1 s5e1-a47300ef:1 s6e1-b3663ea1:1
1786386877.757354 s4e1-92d49b6c:1 s5e1-a47300ef:1 s6e1-b3663ea1:1
1786386877.777189 s4e1-92d49b6c:1 s5e1-a47300ef:1 s6e1-b3663ea1:1
1786386877.797069 s4e1-92d49b6c:1 s5e1-a47300ef:1 s6e1-b3663ea1:1
1786386877.816970 s4e1-92d49b6c:1 s5e1-a47300ef:1 s6e1-b3663ea1:1
1786386877.837021 s4e1-92d49b6c:1 s5e1-a47300ef:1 s6e1-b3663ea1:1
1786386877.857299 s5e1-a47300ef:1 s6e1-b3663ea1:1 s7e1-ba8ac0a3:53E
1786386877.915245 s5e1-a47300ef:1 s6e1-b3663ea1:1 s7e1-ba8ac0a3:1
1786386877.919242 s5e1-a47300ef:1 s6e1-b3663ea1:1 s7e1-ba8ac0a3:1
1786386877.939076 s5e1-a47300ef:1 s6e1-b3663ea1:1 s7e1-ba8ac0a3:1
1786386877.959065 s5e1-a47300ef:1 s6e1-b3663ea1:1 s7e1-ba8ac0a3:1
1786386877.979023 s5e1-a47300ef:1 s6e1-b3663ea1:1 s7e1-ba8ac0a3:1
1786386877.998941 s5e1-a47300ef:1 s6e1-b3663ea1:1 s7e1-ba8ac0a3:1
1786386878.018903 s5e1-a47300ef:1 s6e1-b3663ea1:1 s7e1-ba8ac0a3:1
1786386878.038895 s5e1-a47300ef:1 s6e1-b3663ea1:1 s7e1-ba8ac0a3:1
1786386878.058831 s5e1-a47300ef:1 s6e1-b3663ea1:1 s7e1-ba8ac0a3:1
1786386878.078850 s6e1-b3663ea1:1 s7e1-ba8ac0a3:1
1786386878.098912 s6e1-b3663ea1:1 s7e1-ba8ac0a3:1
1786386878.118968 s6e1-b3663ea1:1 s7e1-ba8ac0a3:1
1786386878.139129 s6e1-b3663ea1:1 s7e1-ba8ac0a3:1 s8e1-a585f7d5:53E
1786386878.196623 s6e1-b3663ea1:1 s7e1-ba8ac0a3:1 s8e1-a585f7d5:1
1786386878.200917 s6e1-b3663ea1:1 s7e1-ba8ac0a3:1 s8e1-a585f7d5:1
1786386878.220695 s6e1-b3663ea1:1 s7e1-ba8ac0a3:1 s8e1-a585f7d5:1
1786386878.240670 s6e1-b3663ea1:1 s7e1-ba8ac0a3:1 s8e1-a585f7d5:1
1786386878.260701 s6e1-b3663ea1:1 s7e1-ba8ac0a3:1 s8e1-a585f7d5:1
1786386878.280563 s6e1-b3663ea1:1 s7e1-ba8ac0a3:1 s8e1-a585f7d5:1
1786386878.300497 s6e1-b3663ea1:1 s7e1-ba8ac0a3:1 s8e1-a585f7d5:1
1786386878.320451 s6e1-b3663ea1:1 s7e1-ba8ac0a3:1 s8e1-a585f7d5:1
1786386878.340423 s6e1-b3663ea1:1 s7e1-ba8ac0a3:1 s8e1-a585f7d5:1
1786386878.360352 s7e1-ba8ac0a3:1 s8e1-a585f7d5:1
1786386878.380352 s7e1-ba8ac0a3:1 s8e1-a585f7d5:1
1786386878.400506 s7e1-ba8ac0a3:1 s8e1-a585f7d5:1 s1e1-bed9eef6:53E
1786386878.459024 s7e1-ba8ac0a3:1 s8e1-a585f7d5:1 s1e1-bed9eef6:1
1786386878.462784 s7e1-ba8ac0a3:1 s8e1-a585f7d5:1 s1e1-bed9eef6:1
1786386878.482702 s7e1-ba8ac0a3:1 s8e1-a585f7d5:1 s1e1-bed9eef6:1
1786386878.502641 s7e1-ba8ac0a3:1 s8e1-a585f7d5:1 s1e1-bed9eef6:1
1786386878.522588 s7e1-ba8ac0a3:1 s8e1-a585f7d5:1 s1e1-bed9eef6:1
1786386878.542526 s7e1-ba8ac0a3:1 s8e1-a585f7d5:1 s1e1-bed9eef6:1
1786386878.562502 s7e1-ba8ac0a3:1 s8e1-a585f7d5:1 s1e1-bed9eef6:1
1786386878.582451 s8e1-a585f7d5:1 s1e1-bed9eef6:1
1786386878.602664 s8e1-a585f7d5:1 s1e1-bed9eef6:1 s2e1-81cd9116:53E
1786386878.659483 s8e1-a585f7d5:1 s1e1-bed9eef6:1 s2e1-81cd9116:1
1786386878.664229 s8e1-a585f7d5:1 s1e1-bed9eef6:1 s2e1-81cd9116:1
1786386878.684144 s8e1-a585f7d5:1 s1e1-bed9eef6:1 s2e1-81cd9116:1
1786386878.704187 s8e1-a585f7d5:1 s1e1-bed9eef6:1 s2e1-81cd9116:1
1786386878.724198 s8e1-a585f7d5:1 s1e1-bed9eef6:1 s2e1-81cd9116:1
1786386878.744266 s8e1-a585f7d5:1 s1e1-bed9eef6:1 s2e1-81cd9116:1
1786386878.764158 s8e1-a585f7d5:1 s1e1-bed9eef6:1 s2e1-81cd9116:1
1786386878.784346 s8e1-a585f7d5:1 s1e1-bed9eef6:1 s2e1-81cd9116:1
1786386878.804104 s8e1-a585f7d5:1 s1e1-bed9eef6:1 s2e1-81cd9116:1
1786386878.824002 s8e1-a585f7d5:1 s1e1-bed9eef6:1 s2e1-81cd9116:1
1786386878.843943 s8e1-a585f7d5:1 s1e1-bed9eef6:1 s2e1-81cd9116:1
1786386878.863891 s1e1-bed9eef6:1 s2e1-81cd9116:1
1786386878.883849 s1e1-bed9eef6:1 s2e1-81cd9116:1
1786386878.903991 s1e1-bed9eef6:1 s2e1-81cd9116:1 s3e1-a1dc71bb:53E
1786386878.960879 s1e1-bed9eef6:1 s2e1-81cd9116:1 s3e1-a1dc71bb:1
1786386878.965522 s1e1-bed9eef6:1 s2e1-81cd9116:1 s3e1-a1dc71bb:1
1786386878.985585 s1e1-bed9eef6:1 s2e1-81cd9116:1 s3e1-a1dc71bb:1
1786386879.005621 s1e1-bed9eef6:1 s2e1-81cd9116:1 s3e1-a1dc71bb:1
1786386879.025611 s1e1-bed9eef6:1 s2e1-81cd9116:1 s3e1-a1dc71bb:1
1786386879.045582 s1e1-bed9eef6:1 s2e1-81cd9116:1 s3e1-a1dc71bb:1
1786386879.065560 s1e1-bed9eef6:1 s2e1-81cd9116:1 s3e1-a1dc71bb:1
1786386879.085540 s1e1-bed9eef6:1 s2e1-81cd9116:1 s3e1-a1dc71bb:1
1786386879.105594 s1e1-bed9eef6:1 s2e1-81cd9116:1 s3e1-a1dc71bb:1 s4e1-92d49b6c:53E
1786386879.162129 s2e1-81cd9116:1 s3e1-a1dc71bb:1 s4e1-92d49b6c:1
1786386879.166868 s2e1-81cd9116:1 s3e1-a1dc71bb:1 s4e1-92d49b6c:1
1786386879.186806 s2e1-81cd9116:1 s3e1-a1dc71bb:1 s4e1-92d49b6c:1
1786386879.206825 s2e1-81cd9116:1 s3e1-a1dc71bb:1 s4e1-92d49b6c:1
1786386879.226800 s2e1-81cd9116:1 s3e1-a1dc71bb:1 s4e1-92d49b6c:1
1786386879.246743 s2e1-81cd9116:1 s3e1-a1dc71bb:1 s4e1-92d49b6c:1
1786386879.266701 s2e1-81cd9116:1 s3e1-a1dc71bb:1 s4e1-92d49b6c:1
1786386879.286593 s2e1-81cd9116:1 s3e1-a1dc71bb:1 s4e1-92d49b6c:1
1786386879.306459 s2e1-81cd9116:1 s3e1-a1dc71bb:1 s4e1-92d49b6c:1
1786386879.326415 s3e1-a1dc71bb:1 s4e1-92d49b6c:1
1786386879.346240 s3e1-a1dc71bb:1 s4e1-92d49b6c:1
1786386879.366311 s3e1-a1dc71bb:1 s4e1-92d49b6c:1 s5e1-a47300ef:53E
1786386879.425172 s3e1-a1dc71bb:1 s4e1-92d49b6c:1 s5e1-a47300ef:1
1786386879.429074 s3e1-a1dc71bb:1 s4e1-92d49b6c:1 s5e1-a47300ef:1
1786386879.448898 s3e1-a1dc71bb:1 s4e1-92d49b6c:1 s5e1-a47300ef:1
1786386879.468750 s3e1-a1dc71bb:1 s4e1-92d49b6c:1 s5e1-a47300ef:1
1786386879.488597 s3e1-a1dc71bb:1 s4e1-92d49b6c:1 s5e1-a47300ef:1
1786386879.508485 s3e1-a1dc71bb:1 s4e1-92d49b6c:1 s5e1-a47300ef:1
1786386879.528366 s3e1-a1dc71bb:1 s4e1-92d49b6c:1 s5e1-a47300ef:1
1786386879.548275 s3e1-a1dc71bb:1 s4e1-92d49b6c:1 s5e1-a47300ef:1
1786386879.568176 s3e1-a1dc71bb:1 s4e1-92d49b6c:1 s5e1-a47300ef:1
1786386879.588061 s3e1-a1dc71bb:1 s4e1-92d49b6c:1 s5e1-a47300ef:1
1786386879.607931 s3e1-a1dc71bb:1 s4e1-92d49b6c:1 s5e1-a47300ef:1
1786386879.627991 s4e1-92d49b6c:1 s5e1-a47300ef:1 s6e1-b3663ea1:53E
1786386879.685746 s4e1-92d49b6c:1 s5e1-a47300ef:1 s6e1-b3663ea1:1
1786386879.689790 s4e1-92d49b6c:1 s5e1-a47300ef:1 s6e1-b3663ea1:1
1786386879.709506 s4e1-92d49b6c:1 s5e1-a47300ef:1 s6e1-b3663ea1:1
1786386879.729441 s4e1-92d49b6c:1 s5e1-a47300ef:1 s6e1-b3663ea1:1
1786386879.749308 s4e1-92d49b6c:1 s5e1-a47300ef:1 s6e1-b3663ea1:1
1786386879.769196 s4e1-92d49b6c:1 s5e1-a47300ef:1 s6e1-b3663ea1:1
1786386879.789129 s4e1-92d49b6c:1 s5e1-a47300ef:1 s6e1-b3663ea1:1
1786386879.808962 s4e1-92d49b6c:1 s5e1-a47300ef:1 s6e1-b3663ea1:1
1786386879.828898 s5e1-a47300ef:1 s6e1-b3663ea1:1
1786386879.848877 s5e1-a47300ef:1 s6e1-b3663ea1:1
1786386879.868809 s5e1-a47300ef:1 s6e1-b3663ea1:1
1786386879.888941 s5e1-a47300ef:1 s6e1-b3663ea1:1 s7e1-ba8ac0a3:53E
1786386879.946336 s5e1-a47300ef:1 s6e1-b3663ea1:1 s7e1-ba8ac0a3:1
1786386879.950859 s5e1-a47300ef:1 s6e1-b3663ea1:1 s7e1-ba8ac0a3:1
1786386879.970670 s5e1-a47300ef:1 s6e1-b3663ea1:1 s7e1-ba8ac0a3:1
1786386879.990606 s5e1-a47300ef:1 s6e1-b3663ea1:1 s7e1-ba8ac0a3:1
1786386880.010553 s5e1-a47300ef:1 s6e1-b3663ea1:1 s7e1-ba8ac0a3:1
1786386880.030596 s5e1-a47300ef:1 s6e1-b3663ea1:1 s7e1-ba8ac0a3:1
1786386880.050706 s5e1-a47300ef:1 s6e1-b3663ea1:1 s7e1-ba8ac0a3:1
1786386880.070685 s5e1-a47300ef:1 s6e1-b3663ea1:1 s7e1-ba8ac0a3:1
1786386880.090716 s6e1-b3663ea1:1 s7e1-ba8ac0a3:1
1786386880.110771 s6e1-b3663ea1:1 s7e1-ba8ac0a3:1
1786386880.131042 s6e1-b3663ea1:1 s7e1-ba8ac0a3:1 s8e1-a585f7d5:53E
1786386880.188613 s6e1-b3663ea1:1 s7e1-ba8ac0a3:1 s8e1-a585f7d5:1
1786386880.193018 s6e1-b3663ea1:1 s7e1-ba8ac0a3:1 s8e1-a585f7d5:1
1786386880.212726 s6e1-b3663ea1:1 s7e1-ba8ac0a3:1 s8e1-a585f7d5:1
1786386880.232586 s6e1-b3663ea1:1 s7e1-ba8ac0a3:1 s8e1-a585f7d5:1
1786386880.252477 s6e1-b3663ea1:1 s7e1-ba8ac0a3:1 s8e1-a585f7d5:1
1786386880.272485 s6e1-b3663ea1:1 s7e1-ba8ac0a3:1 s8e1-a585f7d5:1
1786386880.292375 s6e1-b3663ea1:1 s7e1-ba8ac0a3:1 s8e1-a585f7d5:1
1786386880.312346 s6e1-b3663ea1:1 s7e1-ba8ac0a3:1 s8e1-a585f7d5:1
1786386880.332364 s6e1-b3663ea1:1 s7e1-ba8ac0a3:1 s8e1-a585f7d5:1
1786386880.352457 s7e1-ba8ac0a3:1 s8e1-a585f7d5:1 s1e1-bed9eef6:53E
1786386880.425207 s7e1-ba8ac0a3:1 s8e1-a585f7d5:1 s1e1-bed9eef6:1
1786386880.428523 s7e1-ba8ac0a3:1 s8e1-a585f7d5:1 s1e1-bed9eef6:1
1786386880.447431 s7e1-ba8ac0a3:1 s8e1-a585f7d5:1 s1e1-bed9eef6:1
1786386880.467069 s7e1-ba8ac0a3:1 s8e1-a585f7d5:1 s1e1-bed9eef6:1
1786386880.486808 s7e1-ba8ac0a3:1 s8e1-a585f7d5:1 s1e1-bed9eef6:1
1786386880.506614 s7e1-ba8ac0a3:1 s8e1-a585f7d5:1 s1e1-bed9eef6:1
1786386880.526284 s7e1-ba8ac0a3:1 s8e1-a585f7d5:1 s1e1-bed9eef6:1
1786386880.546103 s7e1-ba8ac0a3:1 s8e1-a585f7d5:1 s1e1-bed9eef6:1
1786386880.565915 s7e1-ba8ac0a3:1 s8e1-a585f7d5:1 s1e1-bed9eef6:1
1786386880.585853 s7e1-ba8ac0a3:1 s8e1-a585f7d5:1 s1e1-bed9eef6:1
1786386880.605573 s7e1-ba8ac0a3:1 s8e1-a585f7d5:1 s1e1-bed9eef6:1
1786386880.625616 s8e1-a585f7d5:1 s1e1-bed9eef6:1 s2e1-81cd9116:53E
1786386880.696683 s8e1-a585f7d5:1 s1e1-bed9eef6:1 s2e1-81cd9116:1
1786386880.699602 s8e1-a585f7d5:1 s1e1-bed9eef6:1 s2e1-81cd9116:1
1786386880.718434 s8e1-a585f7d5:1 s1e1-bed9eef6:1 s2e1-81cd9116:1
1786386880.738181 s8e1-a585f7d5:1 s1e1-bed9eef6:1 s2e1-81cd9116:1
1786386880.757816 s8e1-a585f7d5:1 s1e1-bed9eef6:1 s2e1-81cd9116:1
1786386880.777551 s8e1-a585f7d5:1 s1e1-bed9eef6:1 s2e1-81cd9116:1
1786386880.797323 s8e1-a585f7d5:1 s1e1-bed9eef6:1 s2e1-81cd9116:1
1786386880.817162 s8e1-a585f7d5:1 s1e1-bed9eef6:1 s2e1-81cd9116:1
1786386880.836979 s8e1-a585f7d5:1 s1e1-bed9eef6:1 s2e1-81cd9116:1
1786386880.856802 s8e1-a585f7d5:1 s1e1-bed9eef6:1 s2e1-81cd9116:1
1786386880.876755 s1e1-bed9eef6:1 s2e1-81cd9116:1 s3e1-a1dc71bb:53E
1786386880.940382 s1e1-bed9eef6:1 s2e1-81cd9116:1 s3e1-a1dc71bb:1
1786386880.943813 s1e1-bed9eef6:1 s2e1-81cd9116:1 s3e1-a1dc71bb:1
1786386880.963627 s1e1-bed9eef6:1 s2e1-81cd9116:1 s3e1-a1dc71bb:1
1786386880.983499 s1e1-bed9eef6:1 s2e1-81cd9116:1 s3e1-a1dc71bb:1
1786386881.003279 s1e1-bed9eef6:1 s2e1-81cd9116:1 s3e1-a1dc71bb:1
1786386881.023056 s1e1-bed9eef6:1 s2e1-81cd9116:1 s3e1-a1dc71bb:1
1786386881.043020 s1e1-bed9eef6:1 s2e1-81cd9116:1 s3e1-a1dc71bb:1
1786386881.062962 s1e1-bed9eef6:1 s2e1-81cd9116:1 s3e1-a1dc71bb:1
1786386881.083010 s1e1-bed9eef6:1 s2e1-81cd9116:1 s3e1-a1dc71bb:1
1786386881.102897 s2e1-81cd9116:1 s3e1-a1dc71bb:1
1786386881.122876 s2e1-81cd9116:1 s3e1-a1dc71bb:1
1786386881.143005 s2e1-81cd9116:1 s3e1-a1dc71bb:1 s4e1-92d49b6c:53E
1786386881.200651 s2e1-81cd9116:1 s3e1-a1dc71bb:1 s4e1-92d49b6c:1
1786386881.205271 s2e1-81cd9116:1 s3e1-a1dc71bb:1 s4e1-92d49b6c:1
1786386881.225258 s2e1-81cd9116:1 s3e1-a1dc71bb:1 s4e1-92d49b6c:1
1786386881.245307 s2e1-81cd9116:1 s3e1-a1dc71bb:1 s4e1-92d49b6c:1
1786386881.265410 s2e1-81cd9116:1 s3e1-a1dc71bb:1 s4e1-92d49b6c:1
1786386881.285479 s2e1-81cd9116:1 s3e1-a1dc71bb:1 s4e1-92d49b6c:1
1786386881.305651 s2e1-81cd9116:1 s3e1-a1dc71bb:1 s4e1-92d49b6c:1
1786386881.325774 s2e1-81cd9116:1 s3e1-a1dc71bb:1 s4e1-92d49b6c:1
1786386881.345960 s2e1-81cd9116:1 s3e1-a1dc71bb:1 s4e1-92d49b6c:1
1786386881.366216 s3e1-a1dc71bb:1 s4e1-92d49b6c:1
1786386881.386647 s3e1-a1dc71bb:1 s4e1-92d49b6c:1 s5e1-a47300ef:53E
1786386881.445753 s3e1-a1dc71bb:1 s4e1-92d49b6c:1 s5e1-a47300ef:1
1786386881.449872 s3e1-a1dc71bb:1 s4e1-92d49b6c:1 s5e1-a47300ef:1
1786386881.469664 s3e1-a1dc71bb:1 s4e1-92d49b6c:1 s5e1-a47300ef:1
1786386881.489704 s3e1-a1dc71bb:1 s4e1-92d49b6c:1 s5e1-a47300ef:1
1786386881.509718 s3e1-a1dc71bb:1 s4e1-92d49b6c:1 s5e1-a47300ef:1
1786386881.529747 s3e1-a1dc71bb:1 s4e1-92d49b6c:1 s5e1-a47300ef:1
1786386881.549817 s3e1-a1dc71bb:1 s4e1-92d49b6c:1 s5e1-a47300ef:1
1786386881.569783 s3e1-a1dc71bb:1 s4e1-92d49b6c:1 s5e1-a47300ef:1
1786386881.589835 s3e1-a1dc71bb:1 s4e1-92d49b6c:1 s5e1-a47300ef:1
1786386881.610034 s4e1-92d49b6c:1 s5e1-a47300ef:1 s6e1-b3663ea1:53E
1786386881.672061 s4e1-92d49b6c:1 s5e1-a47300ef:1 s6e1-b3663ea1:1
1786386881.675286 s4e1-92d49b6c:1 s5e1-a47300ef:1 s6e1-b3663ea1:1
1786386881.695029 s4e1-92d49b6c:1 s5e1-a47300ef:1 s6e1-b3663ea1:1
1786386881.715051 s4e1-92d49b6c:1 s5e1-a47300ef:1 s6e1-b3663ea1:1
1786386881.734946 s4e1-92d49b6c:1 s5e1-a47300ef:1 s6e1-b3663ea1:1
1786386881.754918 s4e1-92d49b6c:1 s5e1-a47300ef:1 s6e1-b3663ea1:1
1786386881.774878 s4e1-92d49b6c:1 s5e1-a47300ef:1 s6e1-b3663ea1:1
1786386881.794972 s4e1-92d49b6c:1 s5e1-a47300ef:1 s6e1-b3663ea1:1
1786386881.814863 s4e1-92d49b6c:1 s5e1-a47300ef:1 s6e1-b3663ea1:1
1786386881.834800 s4e1-92d49b6c:1 s5e1-a47300ef:1 s6e1-b3663ea1:1
1786386881.854753 s4e1-92d49b6c:1 s5e1-a47300ef:1 s6e1-b3663ea1:1
1786386881.874706 s5e1-a47300ef:1 s6e1-b3663ea1:1
1786386881.894928 s5e1-a47300ef:1 s6e1-b3663ea1:1 s7e1-ba8ac0a3:53E
1786386881.964149 s5e1-a47300ef:1 s6e1-b3663ea1:1 s7e1-ba8ac0a3:1
1786386881.967073 s5e1-a47300ef:1 s6e1-b3663ea1:1 s7e1-ba8ac0a3:1
1786386881.986212 s5e1-a47300ef:1 s6e1-b3663ea1:1 s7e1-ba8ac0a3:1
1786386882.006099 s5e1-a47300ef:1 s6e1-b3663ea1:1 s7e1-ba8ac0a3:1
1786386882.025977 s5e1-a47300ef:1 s6e1-b3663ea1:1 s7e1-ba8ac0a3:1
1786386882.045850 s5e1-a47300ef:1 s6e1-b3663ea1:1 s7e1-ba8ac0a3:1
1786386882.065841 s5e1-a47300ef:1 s6e1-b3663ea1:1 s7e1-ba8ac0a3:1
1786386882.085758 s5e1-a47300ef:1 s6e1-b3663ea1:1 s7e1-ba8ac0a3:1
1786386882.105718 s5e1-a47300ef:1 s6e1-b3663ea1:1 s7e1-ba8ac0a3:1
1786386882.125878 s6e1-b3663ea1:1 s7e1-ba8ac0a3:1 s8e1-a585f7d5:53E
1786386882.183284 s6e1-b3663ea1:1 s7e1-ba8ac0a3:1 s8e1-a585f7d5:1
1786386882.187841 s6e1-b3663ea1:1 s7e1-ba8ac0a3:1 s8e1-a585f7d5:1
1786386882.207935 s6e1-b3663ea1:1 s7e1-ba8ac0a3:1 s8e1-a585f7d5:1
1786386882.228040 s6e1-b3663ea1:1 s7e1-ba8ac0a3:1 s8e1-a585f7d5:1
1786386882.248153 s6e1-b3663ea1:1 s7e1-ba8ac0a3:1 s8e1-a585f7d5:1
1786386882.268295 s6e1-b3663ea1:1 s7e1-ba8ac0a3:1 s8e1-a585f7d5:1
1786386882.288380 s6e1-b3663ea1:1 s7e1-ba8ac0a3:1 s8e1-a585f7d5:1
1786386882.308720 s6e1-b3663ea1:1 s7e1-ba8ac0a3:1 s8e1-a585f7d5:1
1786386882.328747 s6e1-b3663ea1:1 s7e1-ba8ac0a3:1 s8e1-a585f7d5:1
1786386882.348915 s7e1-ba8ac0a3:1 s8e1-a585f7d5:1
1786386882.369189 s7e1-ba8ac0a3:1 s8e1-a585f7d5:1
1786386882.389316 s7e1-ba8ac0a3:1 s8e1-a585f7d5:1 s1e1-bed9eef6:53E
1786386882.448629 s7e1-ba8ac0a3:1 s8e1-a585f7d5:1 s1e1-bed9eef6:1
1786386882.453009 s7e1-ba8ac0a3:1 s8e1-a585f7d5:1 s1e1-bed9eef6:1
1786386882.472874 s7e1-ba8ac0a3:1 s8e1-a585f7d5:1 s1e1-bed9eef6:1
1786386882.492949 s7e1-ba8ac0a3:1 s8e1-a585f7d5:1 s1e1-bed9eef6:1
1786386882.513067 s7e1-ba8ac0a3:1 s8e1-a585f7d5:1 s1e1-bed9eef6:1
1786386882.533167 s7e1-ba8ac0a3:1 s8e1-a585f7d5:1 s1e1-bed9eef6:1
1786386882.553331 s7e1-ba8ac0a3:1 s8e1-a585f7d5:1 s1e1-bed9eef6:1
1786386882.573549 s7e1-ba8ac0a3:1 s8e1-a585f7d5:1 s1e1-bed9eef6:1
1786386882.593734 s7e1-ba8ac0a3:1 s8e1-a585f7d5:1 s1e1-bed9eef6:1
1786386882.613949 s7e1-ba8ac0a3:1 s8e1-a585f7d5:1 s1e1-bed9eef6:1
1786386882.634531 s8e1-a585f7d5:1 s1e1-bed9eef6:1 s2e1-81cd9116:53E
1786386882.691453 s8e1-a585f7d5:1 s1e1-bed9eef6:1 s2e1-81cd9116:1
1786386882.696661 s8e1-a585f7d5:1 s1e1-bed9eef6:1 s2e1-81cd9116:1
1786386882.716536 s8e1-a585f7d5:1 s1e1-bed9eef6:1 s2e1-81cd9116:1
1786386882.736666 s8e1-a585f7d5:1 s1e1-bed9eef6:1 s2e1-81cd9116:1
1786386882.756683 s8e1-a585f7d5:1 s1e1-bed9eef6:1 s2e1-81cd9116:1
1786386882.776698 s8e1-a585f7d5:1 s1e1-bed9eef6:1 s2e1-81cd9116:1
1786386882.796745 s8e1-a585f7d5:1 s1e1-bed9eef6:1 s2e1-81cd9116:1
1786386882.816820 s8e1-a585f7d5:1 s1e1-bed9eef6:1 s2e1-81cd9116:1
1786386882.837119 s8e1-a585f7d5:1 s1e1-bed9eef6:1 s2e1-81cd9116:1 s3e1-a1dc71bb:53E
1786386882.894462 s1e1-bed9eef6:1 s2e1-81cd9116:1 s3e1-a1dc71bb:1
1786386882.899376 s1e1-bed9eef6:1 s2e1-81cd9116:1 s3e1-a1dc71bb:1
1786386882.919400 s1e1-bed9eef6:1 s2e1-81cd9116:1 s3e1-a1dc71bb:1
1786386882.939619 s1e1-bed9eef6:1 s2e1-81cd9116:1 s3e1-a1dc71bb:1
1786386882.959837 s1e1-bed9eef6:1 s2e1-81cd9116:1 s3e1-a1dc71bb:1
1786386882.980108 s1e1-bed9eef6:1 s2e1-81cd9116:1 s3e1-a1dc71bb:1
1786386883.000278 s1e1-bed9eef6:1 s2e1-81cd9116:1 s3e1-a1dc71bb:1
1786386883.020468 s1e1-bed9eef6:1 s2e1-81cd9116:1 s3e1-a1dc71bb:1
1786386883.040718 s1e1-bed9eef6:1 s2e1-81cd9116:1 s3e1-a1dc71bb:1
1786386883.060871 s1e1-bed9eef6:1 s2e1-81cd9116:1 s3e1-a1dc71bb:1
1786386883.081188 s1e1-bed9eef6:1 s2e1-81cd9116:1 s3e1-a1dc71bb:1 s4e1-92d49b6c:53E
1786386883.138064 s1e1-bed9eef6:1 s2e1-81cd9116:1 s3e1-a1dc71bb:1 s4e1-92d49b6c:1
1786386883.143336 s2e1-81cd9116:1 s3e1-a1dc71bb:1 s4e1-92d49b6c:1
1786386883.163639 s2e1-81cd9116:1 s3e1-a1dc71bb:1 s4e1-92d49b6c:1
1786386883.183845 s2e1-81cd9116:1 s3e1-a1dc71bb:1 s4e1-92d49b6c:1
1786386883.204072 s2e1-81cd9116:1 s3e1-a1dc71bb:1 s4e1-92d49b6c:1
1786386883.224267 s2e1-81cd9116:1 s3e1-a1dc71bb:1 s4e1-92d49b6c:1
1786386883.244474 s2e1-81cd9116:1 s3e1-a1dc71bb:1 s4e1-92d49b6c:1
1786386883.264688 s2e1-81cd9116:1 s3e1-a1dc71bb:1 s4e1-92d49b6c:1
1786386883.284794 s2e1-81cd9116:1 s3e1-a1dc71bb:1 s4e1-92d49b6c:1
1786386883.304903 s2e1-81cd9116:1 s3e1-a1dc71bb:1 s4e1-92d49b6c:1
1786386883.325165 s2e1-81cd9116:1 s3e1-a1dc71bb:1 s4e1-92d49b6c:1
1786386883.345202 s2e1-81cd9116:1 s3e1-a1dc71bb:1 s4e1-92d49b6c:1
1786386883.365328 s3e1-a1dc71bb:1 s4e1-92d49b6c:1
1786386883.385714 s3e1-a1dc71bb:1 s4e1-92d49b6c:1 s5e1-a47300ef:53E
1786386883.444315 s3e1-a1dc71bb:1 s4e1-92d49b6c:1 s5e1-a47300ef:1
1786386883.448214 s3e1-a1dc71bb:1 s4e1-92d49b6c:1 s5e1-a47300ef:1
1786386883.468197 s3e1-a1dc71bb:1 s4e1-92d49b6c:1 s5e1-a47300ef:1
1786386883.488350 s3e1-a1dc71bb:1 s4e1-92d49b6c:1 s5e1-a47300ef:1
1786386883.508353 s3e1-a1dc71bb:1 s4e1-92d49b6c:1 s5e1-a47300ef:1
1786386883.528405 s3e1-a1dc71bb:1 s4e1-92d49b6c:1 s5e1-a47300ef:1
1786386883.548451 s3e1-a1dc71bb:1 s4e1-92d49b6c:1 s5e1-a47300ef:1
1786386883.568783 s4e1-92d49b6c:1 s5e1-a47300ef:1 s6e1-b3663ea1:53E
1786386883.627451 s4e1-92d49b6c:1 s5e1-a47300ef:1 s6e1-b3663ea1:1
1786386883.631917 s4e1-92d49b6c:1 s5e1-a47300ef:1 s6e1-b3663ea1:1
1786386883.651852 s4e1-92d49b6c:1 s5e1-a47300ef:1 s6e1-b3663ea1:1
1786386883.671968 s4e1-92d49b6c:1 s5e1-a47300ef:1 s6e1-b3663ea1:1
1786386883.692065 s4e1-92d49b6c:1 s5e1-a47300ef:1 s6e1-b3663ea1:1
1786386883.712146 s4e1-92d49b6c:1 s5e1-a47300ef:1 s6e1-b3663ea1:1
1786386883.732244 s4e1-92d49b6c:1 s5e1-a47300ef:1 s6e1-b3663ea1:1
1786386883.752355 s4e1-92d49b6c:1 s5e1-a47300ef:1 s6e1-b3663ea1:1
1786386883.772514 s4e1-92d49b6c:1 s5e1-a47300ef:1 s6e1-b3663ea1:1
1786386883.792676 s4e1-92d49b6c:1 s5e1-a47300ef:1 s6e1-b3663ea1:1
1786386883.812829 s5e1-a47300ef:1 s6e1-b3663ea1:1
1786386883.833046 s5e1-a47300ef:1 s6e1-b3663ea1:1
1786386883.852958 s5e1-a47300ef:1 s6e1-b3663ea1:1
1786386883.872943 s5e1-a47300ef:1 s6e1-b3663ea1:1
1786386883.893056 s5e1-a47300ef:1 s6e1-b3663ea1:1 s7e1-ba8ac0a3:53E
1786386883.950705 s5e1-a47300ef:1 s6e1-b3663ea1:1 s7e1-ba8ac0a3:1
1786386883.955754 s5e1-a47300ef:1 s6e1-b3663ea1:1 s7e1-ba8ac0a3:1
1786386883.975784 s5e1-a47300ef:1 s6e1-b3663ea1:1 s7e1-ba8ac0a3:1
1786386883.996122 s5e1-a47300ef:1 s6e1-b3663ea1:1 s7e1-ba8ac0a3:1
1786386884.016444 s5e1-a47300ef:1 s6e1-b3663ea1:1 s7e1-ba8ac0a3:1
1786386884.036840 s5e1-a47300ef:1 s6e1-b3663ea1:1 s7e1-ba8ac0a3:1
1786386884.057176 s5e1-a47300ef:1 s6e1-b3663ea1:1 s7e1-ba8ac0a3:1
1786386884.077750 s5e1-a47300ef:1 s6e1-b3663ea1:1 s7e1-ba8ac0a3:1 s8e1-a585f7d5:53E
1786386884.135527 s5e1-a47300ef:1 s6e1-b3663ea1:1 s7e1-ba8ac0a3:1 s8e1-a585f7d5:1
1786386884.140462 s6e1-b3663ea1:1 s7e1-ba8ac0a3:1 s8e1-a585f7d5:1
1786386884.160828 s6e1-b3663ea1:1 s7e1-ba8ac0a3:1 s8e1-a585f7d5:1
1786386884.181225 s6e1-b3663ea1:1 s7e1-ba8ac0a3:1 s8e1-a585f7d5:1
1786386884.201675 s6e1-b3663ea1:1 s7e1-ba8ac0a3:1 s8e1-a585f7d5:1
1786386884.222026 s6e1-b3663ea1:1 s7e1-ba8ac0a3:1 s8e1-a585f7d5:1
1786386884.242283 s6e1-b3663ea1:1 s7e1-ba8ac0a3:1 s8e1-a585f7d5:1
1786386884.262582 s6e1-b3663ea1:1 s7e1-ba8ac0a3:1 s8e1-a585f7d5:1
1786386884.282870 s6e1-b3663ea1:1 s7e1-ba8ac0a3:1 s8e1-a585f7d5:1
1786386884.303194 s7e1-ba8ac0a3:1 s8e1-a585f7d5:1
1786386884.323602 s7e1-ba8ac0a3:1 s8e1-a585f7d5:1
1786386884.343621 s7e1-ba8ac0a3:1 s8e1-a585f7d5:1
1786386884.363647 s7e1-ba8ac0a3:1 s8e1-a585f7d5:1
1786386884.383999 s7e1-ba8ac0a3:1 s8e1-a585f7d5:1 s1e1-bed9eef6:53E
1786386884.451651 s7e1-ba8ac0a3:1 s8e1-a585f7d5:1 s1e1-bed9eef6:1
1786386884.454356 s7e1-ba8ac0a3:1 s8e1-a585f7d5:1 s1e1-bed9eef6:1
1786386884.474080 s7e1-ba8ac0a3:1 s8e1-a585f7d5:1 s1e1-bed9eef6:1
1786386884.494284 s7e1-ba8ac0a3:1 s8e1-a585f7d5:1 s1e1-bed9eef6:1
1786386884.514447 s7e1-ba8ac0a3:1 s8e1-a585f7d5:1 s1e1-bed9eef6:1
1786386884.534670 s7e1-ba8ac0a3:1 s8e1-a585f7d5:1 s1e1-bed9eef6:1
1786386884.554946 s7e1-ba8ac0a3:1 s8e1-a585f7d5:1 s1e1-bed9eef6:1
1786386884.575373 s7e1-ba8ac0a3:1 s8e1-a585f7d5:1 s1e1-bed9eef6:1 s2e1-81cd9116:53E
1786386884.633286 s7e1-ba8ac0a3:1 s8e1-a585f7d5:1 s1e1-bed9eef6:1 s2e1-81cd9116:1
1786386884.638014 s7e1-ba8ac0a3:1 s8e1-a585f7d5:1 s1e1-bed9eef6:1 s2e1-81cd9116:1
1786386884.658229 s8e1-a585f7d5:1 s1e1-bed9eef6:1 s2e1-81cd9116:1
1786386884.678515 s8e1-a585f7d5:1 s1e1-bed9eef6:1 s2e1-81cd9116:1
1786386884.698813 s8e1-a585f7d5:1 s1e1-bed9eef6:1 s2e1-81cd9116:1
1786386884.719111 s8e1-a585f7d5:1 s1e1-bed9eef6:1 s2e1-81cd9116:1
1786386884.739404 s8e1-a585f7d5:1 s1e1-bed9eef6:1 s2e1-81cd9116:1
1786386884.759741 s8e1-a585f7d5:1 s1e1-bed9eef6:1 s2e1-81cd9116:1
1786386884.780102 s8e1-a585f7d5:1 s1e1-bed9eef6:1 s2e1-81cd9116:1
1786386884.800412 s8e1-a585f7d5:1 s1e1-bed9eef6:1 s2e1-81cd9116:1
1786386884.820614 s1e1-bed9eef6:1 s2e1-81cd9116:1
1786386884.840892 s1e1-bed9eef6:1 s2e1-81cd9116:1
1786386884.860840 s1e1-bed9eef6:1 s2e1-81cd9116:1
1786386884.881216 s1e1-bed9eef6:1 s2e1-81cd9116:1 s3e1-a1dc71bb:53E
1786386884.939594 s1e1-bed9eef6:1 s2e1-81cd9116:1 s3e1-a1dc71bb:1
1786386884.944499 s1e1-bed9eef6:1 s2e1-81cd9116:1 s3e1-a1dc71bb:1
1786386884.964847 s1e1-bed9eef6:1 s2e1-81cd9116:1 s3e1-a1dc71bb:1
1786386884.985299 s1e1-bed9eef6:1 s2e1-81cd9116:1 s3e1-a1dc71bb:1
1786386885.005651 s1e1-bed9eef6:1 s2e1-81cd9116:1 s3e1-a1dc71bb:1
1786386885.025999 s1e1-bed9eef6:1 s2e1-81cd9116:1 s3e1-a1dc71bb:1
1786386885.046393 s1e1-bed9eef6:1 s2e1-81cd9116:1 s3e1-a1dc71bb:1
1786386885.066733 s1e1-bed9eef6:1 s2e1-81cd9116:1 s3e1-a1dc71bb:1
1786386885.087052 s1e1-bed9eef6:1 s2e1-81cd9116:1 s3e1-a1dc71bb:1
1786386885.107558 s1e1-bed9eef6:1 s2e1-81cd9116:1 s3e1-a1dc71bb:1 s4e1-92d49b6c:53E
1786386885.164674 s2e1-81cd9116:1 s3e1-a1dc71bb:1 s4e1-92d49b6c:1
1786386885.169942 s2e1-81cd9116:1 s3e1-a1dc71bb:1 s4e1-92d49b6c:1
1786386885.189969 s2e1-81cd9116:1 s3e1-a1dc71bb:1 s4e1-92d49b6c:1
1786386885.210259 s2e1-81cd9116:1 s3e1-a1dc71bb:1 s4e1-92d49b6c:1
1786386885.230560 s2e1-81cd9116:1 s3e1-a1dc71bb:1 s4e1-92d49b6c:1
1786386885.250855 s2e1-81cd9116:1 s3e1-a1dc71bb:1 s4e1-92d49b6c:1
1786386885.271243 s2e1-81cd9116:1 s3e1-a1dc71bb:1 s4e1-92d49b6c:1
1786386885.291475 s2e1-81cd9116:1 s3e1-a1dc71bb:1 s4e1-92d49b6c:1
1786386885.311722 s3e1-a1dc71bb:1 s4e1-92d49b6c:1
1786386885.332136 s3e1-a1dc71bb:1 s4e1-92d49b6c:1
1786386885.351990 s3e1-a1dc71bb:1 s4e1-92d49b6c:1
1786386885.371944 s3e1-a1dc71bb:1 s4e1-92d49b6c:1
1786386885.392131 s3e1-a1dc71bb:1 s4e1-92d49b6c:1 s5e1-a47300ef:53E
1786386885.450946 s3e1-a1dc71bb:1 s4e1-92d49b6c:1 s5e1-a47300ef:1
1786386885.455166 s3e1-a1dc71bb:1 s4e1-92d49b6c:1 s5e1-a47300ef:1
1786386885.475199 s3e1-a1dc71bb:1 s4e1-92d49b6c:1 s5e1-a47300ef:1
1786386885.495607 s3e1-a1dc71bb:1 s4e1-92d49b6c:1 s5e1-a47300ef:1
1786386885.515790 s3e1-a1dc71bb:1 s4e1-92d49b6c:1 s5e1-a47300ef:1
1786386885.536411 s3e1-a1dc71bb:1 s4e1-92d49b6c:1 s5e1-a47300ef:1
1786386885.556391 s3e1-a1dc71bb:1 s4e1-92d49b6c:1 s5e1-a47300ef:1
1786386885.576673 s3e1-a1dc71bb:1 s4e1-92d49b6c:1 s5e1-a47300ef:1
1786386885.596916 s3e1-a1dc71bb:1 s4e1-92d49b6c:1 s5e1-a47300ef:1
1786386885.617232 s4e1-92d49b6c:1 s5e1-a47300ef:1
1786386885.637706 s4e1-92d49b6c:1 s5e1-a47300ef:1 s6e1-b3663ea1:53E
1786386885.697944 s4e1-92d49b6c:1 s5e1-a47300ef:1 s6e1-b3663ea1:1
1786386885.702105 s4e1-92d49b6c:1 s5e1-a47300ef:1 s6e1-b3663ea1:1
1786386885.722354 s4e1-92d49b6c:1 s5e1-a47300ef:1 s6e1-b3663ea1:1
1786386885.742775 s4e1-92d49b6c:1 s5e1-a47300ef:1 s6e1-b3663ea1:1
1786386885.763177 s4e1-92d49b6c:1 s5e1-a47300ef:1 s6e1-b3663ea1:1
1786386885.783510 s4e1-92d49b6c:1 s5e1-a47300ef:1 s6e1-b3663ea1:1
1786386885.803876 s4e1-92d49b6c:1 s5e1-a47300ef:1 s6e1-b3663ea1:1
1786386885.824258 s4e1-92d49b6c:1 s5e1-a47300ef:1 s6e1-b3663ea1:1
1786386885.844637 s5e1-a47300ef:1 s6e1-b3663ea1:1
1786386885.865185 s5e1-a47300ef:1 s6e1-b3663ea1:1 s7e1-ba8ac0a3:53E
1786386885.924977 s5e1-a47300ef:1 s6e1-b3663ea1:1 s7e1-ba8ac0a3:1
1786386885.928527 s5e1-a47300ef:1 s6e1-b3663ea1:1 s7e1-ba8ac0a3:1
1786386885.948663 s5e1-a47300ef:1 s6e1-b3663ea1:1 s7e1-ba8ac0a3:1
1786386885.969009 s5e1-a47300ef:1 s6e1-b3663ea1:1 s7e1-ba8ac0a3:1
1786386885.989231 s5e1-a47300ef:1 s6e1-b3663ea1:1 s7e1-ba8ac0a3:1
1786386886.009528 s5e1-a47300ef:1 s6e1-b3663ea1:1 s7e1-ba8ac0a3:1
1786386886.029816 s5e1-a47300ef:1 s6e1-b3663ea1:1 s7e1-ba8ac0a3:1
1786386886.050198 s5e1-a47300ef:1 s6e1-b3663ea1:1 s7e1-ba8ac0a3:1
1786386886.070425 s5e1-a47300ef:1 s6e1-b3663ea1:1 s7e1-ba8ac0a3:1
1786386886.090716 s5e1-a47300ef:1 s6e1-b3663ea1:1 s7e1-ba8ac0a3:1
1786386886.111025 s5e1-a47300ef:1 s6e1-b3663ea1:1 s7e1-ba8ac0a3:1
1786386886.131320 s6e1-b3663ea1:1 s7e1-ba8ac0a3:1
1786386886.151802 s6e1-b3663ea1:1 s7e1-ba8ac0a3:1 s8e1-a585f7d5:53E
1786386886.210869 s6e1-b3663ea1:1 s7e1-ba8ac0a3:1 s8e1-a585f7d5:1
1786386886.214054 s6e1-b3663ea1:1 s7e1-ba8ac0a3:1 s8e1-a585f7d5:1
1786386886.234149 s6e1-b3663ea1:1 s7e1-ba8ac0a3:1 s8e1-a585f7d5:1
1786386886.254413 s6e1-b3663ea1:1 s7e1-ba8ac0a3:1 s8e1-a585f7d5:1
1786386886.274657 s6e1-b3663ea1:1 s7e1-ba8ac0a3:1 s8e1-a585f7d5:1
1786386886.294867 s6e1-b3663ea1:1 s7e1-ba8ac0a3:1 s8e1-a585f7d5:1
1786386886.315210 s6e1-b3663ea1:1 s7e1-ba8ac0a3:1 s8e1-a585f7d5:1
1786386886.335460 s6e1-b3663ea1:1 s7e1-ba8ac0a3:1 s8e1-a585f7d5:1
1786386886.355753 s6e1-b3663ea1:1 s7e1-ba8ac0a3:1 s8e1-a585f7d5:1
1786386886.376043 s7e1-ba8ac0a3:1 s8e1-a585f7d5:1
1786386886.396595 s7e1-ba8ac0a3:1 s8e1-a585f7d5:1 s1e1-bed9eef6:53E
1786386886.454809 s7e1-ba8ac0a3:1 s8e1-a585f7d5:1 s1e1-bed9eef6:1
1786386886.459148 s7e1-ba8ac0a3:1 s8e1-a585f7d5:1 s1e1-bed9eef6:1
1786386886.479341 s7e1-ba8ac0a3:1 s8e1-a585f7d5:1 s1e1-bed9eef6:1
1786386886.499681 s7e1-ba8ac0a3:1 s8e1-a585f7d5:1 s1e1-bed9eef6:1
1786386886.519968 s7e1-ba8ac0a3:1 s8e1-a585f7d5:1 s1e1-bed9eef6:1
1786386886.540336 s7e1-ba8ac0a3:1 s8e1-a585f7d5:1 s1e1-bed9eef6:1
1786386886.560643 s7e1-ba8ac0a3:1 s8e1-a585f7d5:1 s1e1-bed9eef6:1
1786386886.581217 s7e1-ba8ac0a3:1 s8e1-a585f7d5:1 s1e1-bed9eef6:1 s2e1-81cd9116:53E
1786386886.638484 s8e1-a585f7d5:1 s1e1-bed9eef6:1 s2e1-81cd9116:1
1786386886.643760 s8e1-a585f7d5:1 s1e1-bed9eef6:1 s2e1-81cd9116:1
1786386886.664267 s8e1-a585f7d5:1 s1e1-bed9eef6:1 s2e1-81cd9116:1
1786386886.684710 s8e1-a585f7d5:1 s1e1-bed9eef6:1 s2e1-81cd9116:1
1786386886.705223 s8e1-a585f7d5:1 s1e1-bed9eef6:1 s2e1-81cd9116:1
1786386886.725604 s8e1-a585f7d5:1 s1e1-bed9eef6:1 s2e1-81cd9116:1
1786386886.745986 s8e1-a585f7d5:1 s1e1-bed9eef6:1 s2e1-81cd9116:1
1786386886.766390 s8e1-a585f7d5:1 s1e1-bed9eef6:1 s2e1-81cd9116:1
1786386886.786786 s8e1-a585f7d5:1 s1e1-bed9eef6:1 s2e1-81cd9116:1
1786386886.807183 s8e1-a585f7d5:1 s1e1-bed9eef6:1 s2e1-81cd9116:1
1786386886.827497 s8e1-a585f7d5:1 s1e1-bed9eef6:1 s2e1-81cd9116:1
1786386886.847943 s8e1-a585f7d5:1 s1e1-bed9eef6:1 s2e1-81cd9116:1 s3e1-a1dc71bb:53E
1786386886.907108 s8e1-a585f7d5:1 s1e1-bed9eef6:1 s2e1-81cd9116:1 s3e1-a1dc71bb:1
1786386886.911585 s1e1-bed9eef6:1 s2e1-81cd9116:1 s3e1-a1dc71bb:1
1786386886.931679 s1e1-bed9eef6:1 s2e1-81cd9116:1 s3e1-a1dc71bb:1
1786386886.951919 s1e1-bed9eef6:1 s2e1-81cd9116:1 s3e1-a1dc71bb:1
1786386886.972169 s1e1-bed9eef6:1 s2e1-81cd9116:1 s3e1-a1dc71bb:1
1786386886.992391 s1e1-bed9eef6:1 s2e1-81cd9116:1 s3e1-a1dc71bb:1
1786386887.012682 s1e1-bed9eef6:1 s2e1-81cd9116:1 s3e1-a1dc71bb:1
1786386887.032871 s1e1-bed9eef6:1 s2e1-81cd9116:1 s3e1-a1dc71bb:1
1786386887.053118 s1e1-bed9eef6:1 s2e1-81cd9116:1 s3e1-a1dc71bb:1
1786386887.073309 s1e1-bed9eef6:1 s2e1-81cd9116:1 s3e1-a1dc71bb:1
1786386887.093597 s1e1-bed9eef6:1 s2e1-81cd9116:1 s3e1-a1dc71bb:1
1786386887.113917 s1e1-bed9eef6:1 s2e1-81cd9116:1 s3e1-a1dc71bb:1
1786386887.134366 s2e1-81cd9116:1 s3e1-a1dc71bb:1 s4e1-92d49b6c:53E
1786386887.191947 s2e1-81cd9116:1 s3e1-a1dc71bb:1 s4e1-92d49b6c:1
1786386887.196921 s2e1-81cd9116:1 s3e1-a1dc71bb:1 s4e1-92d49b6c:1
1786386887.217073 s2e1-81cd9116:1 s3e1-a1dc71bb:1 s4e1-92d49b6c:1
1786386887.237368 s2e1-81cd9116:1 s3e1-a1dc71bb:1 s4e1-92d49b6c:1
1786386887.257658 s2e1-81cd9116:1 s3e1-a1dc71bb:1 s4e1-92d49b6c:1
1786386887.277966 s2e1-81cd9116:1 s3e1-a1dc71bb:1 s4e1-92d49b6c:1
1786386887.298240 s2e1-81cd9116:1 s3e1-a1dc71bb:1 s4e1-92d49b6c:1
1786386887.318548 s3e1-a1dc71bb:1 s4e1-92d49b6c:1
1786386887.338799 s3e1-a1dc71bb:1 s4e1-92d49b6c:1
1786386887.358748 s3e1-a1dc71bb:1 s4e1-92d49b6c:1
1786386887.378734 s3e1-a1dc71bb:1 s4e1-92d49b6c:1
1786386887.398925 s3e1-a1dc71bb:1 s4e1-92d49b6c:1 s5e1-a47300ef:53E
1786386887.456573 s3e1-a1dc71bb:1 s4e1-92d49b6c:1 s5e1-a47300ef:1
1786386887.461858 s3e1-a1dc71bb:1 s4e1-92d49b6c:1 s5e1-a47300ef:1
1786386887.482194 s3e1-a1dc71bb:1 s4e1-92d49b6c:1 s5e1-a47300ef:1
1786386887.502636 s3e1-a1dc71bb:1 s4e1-92d49b6c:1 s5e1-a47300ef:1
1786386887.523020 s3e1-a1dc71bb:1 s4e1-92d49b6c:1 s5e1-a47300ef:1
1786386887.543433 s3e1-a1dc71bb:1 s4e1-92d49b6c:1 s5e1-a47300ef:1
1786386887.563719 s3e1-a1dc71bb:1 s4e1-92d49b6c:1 s5e1-a47300ef:1
1786386887.584102 s4e1-92d49b6c:1 s5e1-a47300ef:1
1786386887.604622 s4e1-92d49b6c:1 s5e1-a47300ef:1 s6e1-b3663ea1:53E
1786386887.661036 s4e1-92d49b6c:1 s5e1-a47300ef:1 s6e1-b3663ea1:1
1786386887.667090 s4e1-92d49b6c:1 s5e1-a47300ef:1 s6e1-b3663ea1:1
1786386887.687259 s4e1-92d49b6c:1 s5e1-a47300ef:1 s6e1-b3663ea1:1
1786386887.707523 s4e1-92d49b6c:1 s5e1-a47300ef:1 s6e1-b3663ea1:1
1786386887.727790 s4e1-92d49b6c:1 s5e1-a47300ef:1 s6e1-b3663ea1:1
1786386887.748115 s4e1-92d49b6c:1 s5e1-a47300ef:1 s6e1-b3663ea1:1
1786386887.768375 s4e1-92d49b6c:1 s5e1-a47300ef:1 s6e1-b3663ea1:1
1786386887.788740 s4e1-92d49b6c:1 s5e1-a47300ef:1 s6e1-b3663ea1:1
1786386887.809139 s4e1-92d49b6c:1 s5e1-a47300ef:1 s6e1-b3663ea1:1
1786386887.829508 s4e1-92d49b6c:1 s5e1-a47300ef:1 s6e1-b3663ea1:1
1786386887.849818 s4e1-92d49b6c:1 s5e1-a47300ef:1 s6e1-b3663ea1:1
1786386887.870173 s5e1-a47300ef:1 s6e1-b3663ea1:1
1786386887.890735 s5e1-a47300ef:1 s6e1-b3663ea1:1 s7e1-ba8ac0a3:53E
1786386887.949374 s5e1-a47300ef:1 s6e1-b3663ea1:1 s7e1-ba8ac0a3:1
1786386887.954564 s5e1-a47300ef:1 s6e1-b3663ea1:1 s7e1-ba8ac0a3:1
1786386887.974660 s5e1-a47300ef:1 s6e1-b3663ea1:1 s7e1-ba8ac0a3:1
1786386887.994911 s5e1-a47300ef:1 s6e1-b3663ea1:1 s7e1-ba8ac0a3:1
1786386888.015111 s5e1-a47300ef:1 s6e1-b3663ea1:1 s7e1-ba8ac0a3:1
1786386888.035360 s5e1-a47300ef:1 s6e1-b3663ea1:1 s7e1-ba8ac0a3:1
1786386888.055569 s5e1-a47300ef:1 s6e1-b3663ea1:1 s7e1-ba8ac0a3:1
1786386888.075855 s5e1-a47300ef:1 s6e1-b3663ea1:1 s7e1-ba8ac0a3:1
1786386888.096213 s5e1-a47300ef:1 s6e1-b3663ea1:1 s7e1-ba8ac0a3:1
1786386888.116658 s5e1-a47300ef:1 s6e1-b3663ea1:1 s7e1-ba8ac0a3:1 s8e1-a585f7d5:53E
1786386888.175907 s6e1-b3663ea1:1 s7e1-ba8ac0a3:1 s8e1-a585f7d5:1
1786386888.180809 s6e1-b3663ea1:1 s7e1-ba8ac0a3:1 s8e1-a585f7d5:1
1786386888.201052 s6e1-b3663ea1:1 s7e1-ba8ac0a3:1 s8e1-a585f7d5:1
1786386888.221431 s6e1-b3663ea1:1 s7e1-ba8ac0a3:1 s8e1-a585f7d5:1
1786386888.241788 s6e1-b3663ea1:1 s7e1-ba8ac0a3:1 s8e1-a585f7d5:1
1786386888.262201 s6e1-b3663ea1:1 s7e1-ba8ac0a3:1 s8e1-a585f7d5:1
1786386888.282556 s6e1-b3663ea1:1 s7e1-ba8ac0a3:1 s8e1-a585f7d5:1
1786386888.302919 s6e1-b3663ea1:1 s7e1-ba8ac0a3:1 s8e1-a585f7d5:1
1786386888.323358 s6e1-b3663ea1:1 s7e1-ba8ac0a3:1 s8e1-a585f7d5:1
1786386888.343663 s7e1-ba8ac0a3:1 s8e1-a585f7d5:1
1786386888.364228 s7e1-ba8ac0a3:1 s8e1-a585f7d5:1 s1e1-bed9eef6:53E
1786386888.422886 s7e1-ba8ac0a3:1 s8e1-a585f7d5:1 s1e1-bed9eef6:1
1786386888.430074 s7e1-ba8ac0a3:1 s8e1-a585f7d5:1 s1e1-bed9eef6:1
1786386888.449315 s7e1-ba8ac0a3:1 s8e1-a585f7d5:1 s1e1-bed9eef6:1
1786386888.469439 s7e1-ba8ac0a3:1 s8e1-a585f7d5:1 s1e1-bed9eef6:1
1786386888.489602 s7e1-ba8ac0a3:1 s8e1-a585f7d5:1 s1e1-bed9eef6:1
1786386888.509811 s7e1-ba8ac0a3:1 s8e1-a585f7d5:1 s1e1-bed9eef6:1
1786386888.530028 s7e1-ba8ac0a3:1 s8e1-a585f7d5:1 s1e1-bed9eef6:1
1786386888.550320 s7e1-ba8ac0a3:1 s8e1-a585f7d5:1 s1e1-bed9eef6:1
1786386888.570591 s7e1-ba8ac0a3:1 s8e1-a585f7d5:1 s1e1-bed9eef6:1
1786386888.590910 s7e1-ba8ac0a3:1 s8e1-a585f7d5:1 s1e1-bed9eef6:1
1786386888.611208 s7e1-ba8ac0a3:1 s8e1-a585f7d5:1 s1e1-bed9eef6:1
1786386888.631490 s8e1-a585f7d5:1 s1e1-bed9eef6:1
1786386888.652059 s8e1-a585f7d5:1 s1e1-bed9eef6:1 s2e1-81cd9116:53E
1786386888.711449 s8e1-a585f7d5:1 s1e1-bed9eef6:1 s2e1-81cd9116:1
1786386888.715974 s8e1-a585f7d5:1 s1e1-bed9eef6:1 s2e1-81cd9116:1
1786386888.736137 s8e1-a585f7d5:1 s1e1-bed9eef6:1 s2e1-81cd9116:1
1786386888.756499 s8e1-a585f7d5:1 s1e1-bed9eef6:1 s2e1-81cd9116:1
1786386888.776754 s8e1-a585f7d5:1 s1e1-bed9eef6:1 s2e1-81cd9116:1
1786386888.797071 s8e1-a585f7d5:1 s1e1-bed9eef6:1 s2e1-81cd9116:1
1786386888.817395 s8e1-a585f7d5:1 s1e1-bed9eef6:1 s2e1-81cd9116:1
1786386888.837819 s8e1-a585f7d5:1 s1e1-bed9eef6:1 s2e1-81cd9116:1
1786386888.858226 s1e1-bed9eef6:1 s2e1-81cd9116:1
1786386888.878610 s1e1-bed9eef6:1 s2e1-81cd9116:1
1786386888.898818 s1e1-bed9eef6:1 s2e1-81cd9116:1 s3e1-a1dc71bb:53E
1786386888.956337 s1e1-bed9eef6:1 s2e1-81cd9116:1 s3e1-a1dc71bb:1
1786386888.961055 s1e1-bed9eef6:1 s2e1-81cd9116:1 s3e1-a1dc71bb:1
1786386888.981417 s1e1-bed9eef6:1 s2e1-81cd9116:1 s3e1-a1dc71bb:1
1786386889.001740 s1e1-bed9eef6:1 s2e1-81cd9116:1 s3e1-a1dc71bb:1
1786386889.022165 s1e1-bed9eef6:1 s2e1-81cd9116:1 s3e1-a1dc71bb:1
1786386889.042506 s1e1-bed9eef6:1 s2e1-81cd9116:1 s3e1-a1dc71bb:1
1786386889.062884 s1e1-bed9eef6:1 s2e1-81cd9116:1 s3e1-a1dc71bb:1
1786386889.083300 s1e1-bed9eef6:1 s2e1-81cd9116:1 s3e1-a1dc71bb:1
1786386889.103653 s2e1-81cd9116:1 s3e1-a1dc71bb:1
1786386889.124090 s2e1-81cd9116:1 s3e1-a1dc71bb:1
1786386889.144001 s2e1-81cd9116:1 s3e1-a1dc71bb:1
1786386889.164135 s2e1-81cd9116:1 s3e1-a1dc71bb:1 s4e1-92d49b6c:53E
1786386889.220851 s2e1-81cd9116:1 s3e1-a1dc71bb:1 s4e1-92d49b6c:1
1786386889.226322 s2e1-81cd9116:1 s3e1-a1dc71bb:1 s4e1-92d49b6c:1
1786386889.246505 s2e1-81cd9116:1 s3e1-a1dc71bb:1 s4e1-92d49b6c:1
1786386889.266788 s2e1-81cd9116:1 s3e1-a1dc71bb:1 s4e1-92d49b6c:1
1786386889.287080 s2e1-81cd9116:1 s3e1-a1dc71bb:1 s4e1-92d49b6c:1
1786386889.307433 s2e1-81cd9116:1 s3e1-a1dc71bb:1 s4e1-92d49b6c:1
1786386889.327693 s2e1-81cd9116:1 s3e1-a1dc71bb:1 s4e1-92d49b6c:1
1786386889.348163 s2e1-81cd9116:1 s3e1-a1dc71bb:1 s4e1-92d49b6c:1 s5e1-a47300ef:53E
1786386889.408444 s2e1-81cd9116:1 s3e1-a1dc71bb:1 s4e1-92d49b6c:1 s5e1-a47300ef:1
1786386889.412222 s3e1-a1dc71bb:1 s4e1-92d49b6c:1 s5e1-a47300ef:1
1786386889.432340 s3e1-a1dc71bb:1 s4e1-92d49b6c:1 s5e1-a47300ef:1
1786386889.452607 s3e1-a1dc71bb:1 s4e1-92d49b6c:1 s5e1-a47300ef:1
1786386889.472872 s3e1-a1dc71bb:1 s4e1-92d49b6c:1 s5e1-a47300ef:1
1786386889.493231 s3e1-a1dc71bb:1 s4e1-92d49b6c:1 s5e1-a47300ef:1
1786386889.513455 s3e1-a1dc71bb:1 s4e1-92d49b6c:1 s5e1-a47300ef:1
1786386889.533734 s3e1-a1dc71bb:1 s4e1-92d49b6c:1 s5e1-a47300ef:1
1786386889.554030 s3e1-a1dc71bb:1 s4e1-92d49b6c:1 s5e1-a47300ef:1
1786386889.574393 s3e1-a1dc71bb:1 s4e1-92d49b6c:1 s5e1-a47300ef:1
1786386889.594662 s3e1-a1dc71bb:1 s4e1-92d49b6c:1 s5e1-a47300ef:1
1786386889.614910 s3e1-a1dc71bb:1 s4e1-92d49b6c:1 s5e1-a47300ef:1
1786386889.635177 s4e1-92d49b6c:1 s5e1-a47300ef:1
1786386889.655659 s4e1-92d49b6c:1 s5e1-a47300ef:1 s6e1-b3663ea1:53E
1786386889.714354 s4e1-92d49b6c:1 s5e1-a47300ef:1 s6e1-b3663ea1:1
1786386889.719104 s4e1-92d49b6c:1 s5e1-a47300ef:1 s6e1-b3663ea1:1
1786386889.739355 s4e1-92d49b6c:1 s5e1-a47300ef:1 s6e1-b3663ea1:1
1786386889.759675 s4e1-92d49b6c:1 s5e1-a47300ef:1 s6e1-b3663ea1:1
1786386889.779915 s4e1-92d49b6c:1 s5e1-a47300ef:1 s6e1-b3663ea1:1
1786386889.800205 s4e1-92d49b6c:1 s5e1-a47300ef:1 s6e1-b3663ea1:1
1786386889.820539 s4e1-92d49b6c:1 s5e1-a47300ef:1 s6e1-b3663ea1:1
1786386889.841003 s4e1-92d49b6c:1 s5e1-a47300ef:1 s6e1-b3663ea1:1
1786386889.861491 s4e1-92d49b6c:1 s5e1-a47300ef:1 s6e1-b3663ea1:1 s7e1-ba8ac0a3:53E
1786386889.921767 s4e1-92d49b6c:1 s5e1-a47300ef:1 s6e1-b3663ea1:1 s7e1-ba8ac0a3:1
1786386889.926615 s5e1-a47300ef:1 s6e1-b3663ea1:1 s7e1-ba8ac0a3:1
1786386889.947042 s5e1-a47300ef:1 s6e1-b3663ea1:1 s7e1-ba8ac0a3:1
1786386889.967339 s5e1-a47300ef:1 s6e1-b3663ea1:1 s7e1-ba8ac0a3:1
1786386889.987743 s5e1-a47300ef:1 s6e1-b3663ea1:1 s7e1-ba8ac0a3:1
1786386890.008227 s5e1-a47300ef:1 s6e1-b3663ea1:1 s7e1-ba8ac0a3:1
1786386890.028600 s5e1-a47300ef:1 s6e1-b3663ea1:1 s7e1-ba8ac0a3:1
1786386890.048859 s5e1-a47300ef:1 s6e1-b3663ea1:1 s7e1-ba8ac0a3:1
1786386890.069249 s5e1-a47300ef:1 s6e1-b3663ea1:1 s7e1-ba8ac0a3:1
1786386890.089757 s6e1-b3663ea1:1 s7e1-ba8ac0a3:1 s8e1-a585f7d5:53E
1786386890.148324 s6e1-b3663ea1:1 s7e1-ba8ac0a3:1 s8e1-a585f7d5:1
1786386890.153656 s6e1-b3663ea1:1 s7e1-ba8ac0a3:1 s8e1-a585f7d5:1
1786386890.173701 s6e1-b3663ea1:1 s7e1-ba8ac0a3:1 s8e1-a585f7d5:1
1786386890.194028 s6e1-b3663ea1:1 s7e1-ba8ac0a3:1 s8e1-a585f7d5:1
1786386890.214305 s6e1-b3663ea1:1 s7e1-ba8ac0a3:1 s8e1-a585f7d5:1
1786386890.234603 s6e1-b3663ea1:1 s7e1-ba8ac0a3:1 s8e1-a585f7d5:1
1786386890.254950 s6e1-b3663ea1:1 s7e1-ba8ac0a3:1 s8e1-a585f7d5:1
1786386890.275306 s6e1-b3663ea1:1 s7e1-ba8ac0a3:1 s8e1-a585f7d5:1
1786386890.295548 s6e1-b3663ea1:1 s7e1-ba8ac0a3:1 s8e1-a585f7d5:1
1786386890.315845 s6e1-b3663ea1:1 s7e1-ba8ac0a3:1 s8e1-a585f7d5:1
1786386890.336146 s6e1-b3663ea1:1 s7e1-ba8ac0a3:1 s8e1-a585f7d5:1
1786386890.356443 s6e1-b3663ea1:1 s7e1-ba8ac0a3:1 s8e1-a585f7d5:1
1786386890.376733 s6e1-b3663ea1:1 s7e1-ba8ac0a3:1 s8e1-a585f7d5:1
1786386890.397224 s7e1-ba8ac0a3:1 s8e1-a585f7d5:1 s1e1-bed9eef6:53E
1786386890.455086 s7e1-ba8ac0a3:1 s8e1-a585f7d5:1 s1e1-bed9eef6:1
1786386890.460772 s7e1-ba8ac0a3:1 s8e1-a585f7d5:1 s1e1-bed9eef6:1
1786386890.481124 s7e1-ba8ac0a3:1 s8e1-a585f7d5:1 s1e1-bed9eef6:1
1786386890.501549 s7e1-ba8ac0a3:1 s8e1-a585f7d5:1 s1e1-bed9eef6:1
1786386890.521866 s7e1-ba8ac0a3:1 s8e1-a585f7d5:1 s1e1-bed9eef6:1
1786386890.542327 s7e1-ba8ac0a3:1 s8e1-a585f7d5:1 s1e1-bed9eef6:1
1786386890.562642 s7e1-ba8ac0a3:1 s8e1-a585f7d5:1 s1e1-bed9eef6:1
1786386890.583008 s7e1-ba8ac0a3:1 s8e1-a585f7d5:1 s1e1-bed9eef6:1
1786386890.603409 s8e1-a585f7d5:1 s1e1-bed9eef6:1
1786386890.624010 s8e1-a585f7d5:1 s1e1-bed9eef6:1 s2e1-81cd9116:53E
1786386890.680828 s8e1-a585f7d5:1 s1e1-bed9eef6:1 s2e1-81cd9116:1
1786386890.686771 s8e1-a585f7d5:1 s1e1-bed9eef6:1 s2e1-81cd9116:1
1786386890.707014 s8e1-a585f7d5:1 s1e1-bed9eef6:1 s2e1-81cd9116:1
1786386890.727312 s8e1-a585f7d5:1 s1e1-bed9eef6:1 s2e1-81cd9116:1
1786386890.747509 s8e1-a585f7d5:1 s1e1-bed9eef6:1 s2e1-81cd9116:1
1786386890.767828 s8e1-a585f7d5:1 s1e1-bed9eef6:1 s2e1-81cd9116:1
1786386890.788206 s8e1-a585f7d5:1 s1e1-bed9eef6:1 s2e1-81cd9116:1
1786386890.808433 s8e1-a585f7d5:1 s1e1-bed9eef6:1 s2e1-81cd9116:1
1786386890.828706 s1e1-bed9eef6:1 s2e1-81cd9116:1
1786386890.849042 s1e1-bed9eef6:1 s2e1-81cd9116:1
1786386890.869213 s1e1-bed9eef6:1 s2e1-81cd9116:1 s3e1-a1dc71bb:53E
1786386890.927730 s1e1-bed9eef6:1 s2e1-81cd9116:1 s3e1-a1dc71bb:1
1786386890.932417 s1e1-bed9eef6:1 s2e1-81cd9116:1 s3e1-a1dc71bb:1
1786386890.952529 s1e1-bed9eef6:1 s2e1-81cd9116:1 s3e1-a1dc71bb:1
1786386890.972812 s1e1-bed9eef6:1 s2e1-81cd9116:1 s3e1-a1dc71bb:1
1786386890.993092 s1e1-bed9eef6:1 s2e1-81cd9116:1 s3e1-a1dc71bb:1
1786386891.013384 s1e1-bed9eef6:1 s2e1-81cd9116:1 s3e1-a1dc71bb:1
1786386891.033746 s1e1-bed9eef6:1 s2e1-81cd9116:1 s3e1-a1dc71bb:1
1786386891.054131 s1e1-bed9eef6:1 s2e1-81cd9116:1 s3e1-a1dc71bb:1
1786386891.074528 s1e1-bed9eef6:1 s2e1-81cd9116:1 s3e1-a1dc71bb:1
1786386891.094891 s1e1-bed9eef6:1 s2e1-81cd9116:1 s3e1-a1dc71bb:1
1786386891.115297 s1e1-bed9eef6:1 s2e1-81cd9116:1 s3e1-a1dc71bb:1
1786386891.135820 s2e1-81cd9116:1 s3e1-a1dc71bb:1 s4e1-92d49b6c:53E
1786386891.192586 s2e1-81cd9116:1 s3e1-a1dc71bb:1 s4e1-92d49b6c:1
1786386891.198811 s2e1-81cd9116:1 s3e1-a1dc71bb:1 s4e1-92d49b6c:1
1786386891.219040 s2e1-81cd9116:1 s3e1-a1dc71bb:1 s4e1-92d49b6c:1
1786386891.239444 s2e1-81cd9116:1 s3e1-a1dc71bb:1 s4e1-92d49b6c:1
1786386891.259760 s2e1-81cd9116:1 s3e1-a1dc71bb:1 s4e1-92d49b6c:1
1786386891.279976 s2e1-81cd9116:1 s3e1-a1dc71bb:1 s4e1-92d49b6c:1
1786386891.300268 s2e1-81cd9116:1 s3e1-a1dc71bb:1 s4e1-92d49b6c:1
1786386891.320563 s2e1-81cd9116:1 s3e1-a1dc71bb:1 s4e1-92d49b6c:1
1786386891.340940 s2e1-81cd9116:1 s3e1-a1dc71bb:1 s4e1-92d49b6c:1
1786386891.361203 s3e1-a1dc71bb:1 s4e1-92d49b6c:1
1786386891.381831 s3e1-a1dc71bb:1 s4e1-92d49b6c:1 s5e1-a47300ef:53E
1786386891.444015 s3e1-a1dc71bb:1 s4e1-92d49b6c:1 s5e1-a47300ef:1
1786386891.448499 s3e1-a1dc71bb:1 s4e1-92d49b6c:1 s5e1-a47300ef:1
1786386891.468549 s3e1-a1dc71bb:1 s4e1-92d49b6c:1 s5e1-a47300ef:1
1786386891.488732 s3e1-a1dc71bb:1 s4e1-92d49b6c:1 s5e1-a47300ef:1
1786386891.508994 s3e1-a1dc71bb:1 s4e1-92d49b6c:1 s5e1-a47300ef:1
1786386891.529283 s3e1-a1dc71bb:1 s4e1-92d49b6c:1 s5e1-a47300ef:1
1786386891.549478 s3e1-a1dc71bb:1 s4e1-92d49b6c:1 s5e1-a47300ef:1
1786386891.569782 s3e1-a1dc71bb:1 s4e1-92d49b6c:1 s5e1-a47300ef:1
1786386891.590099 s3e1-a1dc71bb:1 s4e1-92d49b6c:1 s5e1-a47300ef:1
1786386891.610357 s4e1-92d49b6c:1 s5e1-a47300ef:1
1786386891.630912 s4e1-92d49b6c:1 s5e1-a47300ef:1 s6e1-b3663ea1:53E
1786386891.687996 s4e1-92d49b6c:1 s5e1-a47300ef:1 s6e1-b3663ea1:1
1786386891.693864 s4e1-92d49b6c:1 s5e1-a47300ef:1 s6e1-b3663ea1:1
1786386891.713926 s4e1-92d49b6c:1 s5e1-a47300ef:1 s6e1-b3663ea1:1
1786386891.734245 s4e1-92d49b6c:1 s5e1-a47300ef:1 s6e1-b3663ea1:1
1786386891.754517 s4e1-92d49b6c:1 s5e1-a47300ef:1 s6e1-b3663ea1:1
1786386891.774866 s4e1-92d49b6c:1 s5e1-a47300ef:1 s6e1-b3663ea1:1
1786386891.795198 s4e1-92d49b6c:1 s5e1-a47300ef:1 s6e1-b3663ea1:1
1786386891.815629 s4e1-92d49b6c:1 s5e1-a47300ef:1 s6e1-b3663ea1:1
1786386891.836011 s4e1-92d49b6c:1 s5e1-a47300ef:1 s6e1-b3663ea1:1
1786386891.856582 s4e1-92d49b6c:1 s5e1-a47300ef:1 s6e1-b3663ea1:1 s7e1-ba8ac0a3:53E
1786386891.914218 s5e1-a47300ef:1 s6e1-b3663ea1:1 s7e1-ba8ac0a3:1
1786386891.920054 s5e1-a47300ef:1 s6e1-b3663ea1:1 s7e1-ba8ac0a3:1
1786386891.940446 s5e1-a47300ef:1 s6e1-b3663ea1:1 s7e1-ba8ac0a3:1
1786386891.960904 s5e1-a47300ef:1 s6e1-b3663ea1:1 s7e1-ba8ac0a3:1
1786386891.981433 s5e1-a47300ef:1 s6e1-b3663ea1:1 s7e1-ba8ac0a3:1
1786386892.001798 s5e1-a47300ef:1 s6e1-b3663ea1:1 s7e1-ba8ac0a3:1
1786386892.022200 s5e1-a47300ef:1 s6e1-b3663ea1:1 s7e1-ba8ac0a3:1
1786386892.042593 s5e1-a47300ef:1 s6e1-b3663ea1:1 s7e1-ba8ac0a3:1
1786386892.063039 s5e1-a47300ef:1 s6e1-b3663ea1:1 s7e1-ba8ac0a3:1
1786386892.083379 s5e1-a47300ef:1 s6e1-b3663ea1:1 s7e1-ba8ac0a3:1
1786386892.103783 s5e1-a47300ef:1 s6e1-b3663ea1:1 s7e1-ba8ac0a3:1
1786386892.124160 s6e1-b3663ea1:1 s7e1-ba8ac0a3:1
1786386892.144569 s6e1-b3663ea1:1 s7e1-ba8ac0a3:1
1786386892.164784 s6e1-b3663ea1:1 s7e1-ba8ac0a3:1 s8e1-a585f7d5:53E
1786386892.222889 s6e1-b3663ea1:1 s7e1-ba8ac0a3:1 s8e1-a585f7d5:1
1786386892.228383 s6e1-b3663ea1:1 s7e1-ba8ac0a3:1 s8e1-a585f7d5:1
1786386892.248428 s6e1-b3663ea1:1 s7e1-ba8ac0a3:1 s8e1-a585f7d5:1
1786386892.268745 s6e1-b3663ea1:1 s7e1-ba8ac0a3:1 s8e1-a585f7d5:1
1786386892.289047 s6e1-b3663ea1:1 s7e1-ba8ac0a3:1 s8e1-a585f7d5:1
1786386892.309350 s6e1-b3663ea1:1 s7e1-ba8ac0a3:1 s8e1-a585f7d5:1
1786386892.329674 s6e1-b3663ea1:1 s7e1-ba8ac0a3:1 s8e1-a585f7d5:1
1786386892.349950 s6e1-b3663ea1:1 s7e1-ba8ac0a3:1 s8e1-a585f7d5:1
1786386892.370270 s7e1-ba8ac0a3:1 s8e1-a585f7d5:1
1786386892.391150 s7e1-ba8ac0a3:1 s8e1-a585f7d5:1
1786386892.410833 s7e1-ba8ac0a3:1 s8e1-a585f7d5:1 s1e1-bed9eef6:53E
1786386892.469149 s7e1-ba8ac0a3:1 s8e1-a585f7d5:1 s1e1-bed9eef6:1
1786386892.474699 s7e1-ba8ac0a3:1 s8e1-a585f7d5:1 s1e1-bed9eef6:1
1786386892.494835 s7e1-ba8ac0a3:1 s8e1-a585f7d5:1 s1e1-bed9eef6:1
1786386892.515099 s7e1-ba8ac0a3:1 s8e1-a585f7d5:1 s1e1-bed9eef6:1
1786386892.535331 s7e1-ba8ac0a3:1 s8e1-a585f7d5:1 s1e1-bed9eef6:1
1786386892.555566 s7e1-ba8ac0a3:1 s8e1-a585f7d5:1 s1e1-bed9eef6:1
1786386892.575887 s7e1-ba8ac0a3:1 s8e1-a585f7d5:1 s1e1-bed9eef6:1
1786386892.596052 s8e1-a585f7d5:1 s1e1-bed9eef6:1
1786386892.616275 s8e1-a585f7d5:1 s1e1-bed9eef6:1
1786386892.636400 s8e1-a585f7d5:1 s1e1-bed9eef6:1 s2e1-81cd9116:53E
1786386892.693466 s8e1-a585f7d5:1 s1e1-bed9eef6:1 s2e1-81cd9116:1
1786386892.699299 s8e1-a585f7d5:1 s1e1-bed9eef6:1 s2e1-81cd9116:1
1786386892.719548 s8e1-a585f7d5:1 s1e1-bed9eef6:1 s2e1-81cd9116:1
1786386892.739961 s8e1-a585f7d5:1 s1e1-bed9eef6:1 s2e1-81cd9116:1
1786386892.760370 s8e1-a585f7d5:1 s1e1-bed9eef6:1 s2e1-81cd9116:1
1786386892.780810 s8e1-a585f7d5:1 s1e1-bed9eef6:1 s2e1-81cd9116:1
1786386892.801175 s8e1-a585f7d5:1 s1e1-bed9eef6:1 s2e1-81cd9116:1
1786386892.821554 s8e1-a585f7d5:1 s1e1-bed9eef6:1 s2e1-81cd9116:1
1786386892.841959 s8e1-a585f7d5:1 s1e1-bed9eef6:1 s2e1-81cd9116:1
1786386892.862345 s8e1-a585f7d5:1 s1e1-bed9eef6:1 s2e1-81cd9116:1
1786386892.882749 s8e1-a585f7d5:1 s1e1-bed9eef6:1 s2e1-81cd9116:1
1786386892.903144 s1e1-bed9eef6:1 s2e1-81cd9116:1
1786386892.923751 s1e1-bed9eef6:1 s2e1-81cd9116:1 s3e1-a1dc71bb:53E
1786386892.980004 s1e1-bed9eef6:1 s2e1-81cd9116:1 s3e1-a1dc71bb:1
1786386892.985937 s1e1-bed9eef6:1 s2e1-81cd9116:1 s3e1-a1dc71bb:1
1786386893.006213 s1e1-bed9eef6:1 s2e1-81cd9116:1 s3e1-a1dc71bb:1
1786386893.026547 s1e1-bed9eef6:1 s2e1-81cd9116:1 s3e1-a1dc71bb:1
1786386893.046875 s1e1-bed9eef6:1 s2e1-81cd9116:1 s3e1-a1dc71bb:1
1786386893.067178 s1e1-bed9eef6:1 s2e1-81cd9116:1 s3e1-a1dc71bb:1
1786386893.087574 s1e1-bed9eef6:1 s2e1-81cd9116:1 s3e1-a1dc71bb:1
1786386893.108164 s1e1-bed9eef6:1 s2e1-81cd9116:1 s3e1-a1dc71bb:1 s4e1-92d49b6c:53E
1786386893.165184 s1e1-bed9eef6:1 s2e1-81cd9116:1 s3e1-a1dc71bb:1 s4e1-92d49b6c:1
1786386893.171926 s2e1-81cd9116:1 s3e1-a1dc71bb:1 s4e1-92d49b6c:1
1786386893.191504 s2e1-81cd9116:1 s3e1-a1dc71bb:1 s4e1-92d49b6c:1
1786386893.211855 s2e1-81cd9116:1 s3e1-a1dc71bb:1 s4e1-92d49b6c:1
1786386893.232157 s2e1-81cd9116:1 s3e1-a1dc71bb:1 s4e1-92d49b6c:1
1786386893.252451 s2e1-81cd9116:1 s3e1-a1dc71bb:1 s4e1-92d49b6c:1
1786386893.272751 s2e1-81cd9116:1 s3e1-a1dc71bb:1 s4e1-92d49b6c:1
1786386893.293134 s2e1-81cd9116:1 s3e1-a1dc71bb:1 s4e1-92d49b6c:1
1786386893.313440 s2e1-81cd9116:1 s3e1-a1dc71bb:1 s4e1-92d49b6c:1
1786386893.333755 s2e1-81cd9116:1 s3e1-a1dc71bb:1 s4e1-92d49b6c:1
1786386893.354165 s2e1-81cd9116:1 s3e1-a1dc71bb:1 s4e1-92d49b6c:1
1786386893.374542 s3e1-a1dc71bb:1 s4e1-92d49b6c:1
1786386893.394920 s3e1-a1dc71bb:1 s4e1-92d49b6c:1
1786386893.415172 s3e1-a1dc71bb:1 s4e1-92d49b6c:1 s5e1-a47300ef:53E
1786386893.473403 s3e1-a1dc71bb:1 s4e1-92d49b6c:1 s5e1-a47300ef:1
1786386893.479180 s3e1-a1dc71bb:1 s4e1-92d49b6c:1 s5e1-a47300ef:1
1786386893.499357 s3e1-a1dc71bb:1 s4e1-92d49b6c:1 s5e1-a47300ef:1
1786386893.519693 s3e1-a1dc71bb:1 s4e1-92d49b6c:1 s5e1-a47300ef:1
1786386893.540002 s3e1-a1dc71bb:1 s4e1-92d49b6c:1 s5e1-a47300ef:1
1786386893.560307 s3e1-a1dc71bb:1 s4e1-92d49b6c:1 s5e1-a47300ef:1
1786386893.580595 s3e1-a1dc71bb:1 s4e1-92d49b6c:1 s5e1-a47300ef:1
1786386893.600924 s3e1-a1dc71bb:1 s4e1-92d49b6c:1 s5e1-a47300ef:1
1786386893.621230 s3e1-a1dc71bb:1 s4e1-92d49b6c:1 s5e1-a47300ef:1
1786386893.641743 s3e1-a1dc71bb:1 s4e1-92d49b6c:1 s5e1-a47300ef:1 s6e1-b3663ea1:53E
1786386893.699386 s4e1-92d49b6c:1 s5e1-a47300ef:1 s6e1-b3663ea1:1
1786386893.705646 s4e1-92d49b6c:1 s5e1-a47300ef:1 s6e1-b3663ea1:1
1786386893.725857 s4e1-92d49b6c:1 s5e1-a47300ef:1 s6e1-b3663ea1:1
1786386893.746155 s4e1-92d49b6c:1 s5e1-a47300ef:1 s6e1-b3663ea1:1
1786386893.766773 s4e1-92d49b6c:1 s5e1-a47300ef:1 s6e1-b3663ea1:1
1786386893.786814 s4e1-92d49b6c:1 s5e1-a47300ef:1 s6e1-b3663ea1:1
1786386893.807081 s4e1-92d49b6c:1 s5e1-a47300ef:1 s6e1-b3663ea1:1
1786386893.827349 s4e1-92d49b6c:1 s5e1-a47300ef:1 s6e1-b3663ea1:1
1786386893.847725 s5e1-a47300ef:1 s6e1-b3663ea1:1
1786386893.868170 s5e1-a47300ef:1 s6e1-b3663ea1:1
1786386893.888413 s5e1-a47300ef:1 s6e1-b3663ea1:1 s7e1-ba8ac0a3:53E
1786386893.946961 s5e1-a47300ef:1 s6e1-b3663ea1:1 s7e1-ba8ac0a3:1
1786386893.952852 s5e1-a47300ef:1 s6e1-b3663ea1:1 s7e1-ba8ac0a3:1
1786386893.972932 s5e1-a47300ef:1 s6e1-b3663ea1:1 s7e1-ba8ac0a3:1
1786386893.993289 s5e1-a47300ef:1 s6e1-b3663ea1:1 s7e1-ba8ac0a3:1
1786386894.013550 s5e1-a47300ef:1 s6e1-b3663ea1:1 s7e1-ba8ac0a3:1
1786386894.033894 s5e1-a47300ef:1 s6e1-b3663ea1:1 s7e1-ba8ac0a3:1
1786386894.054282 s5e1-a47300ef:1 s6e1-b3663ea1:1 s7e1-ba8ac0a3:1
1786386894.074686 s5e1-a47300ef:1 s6e1-b3663ea1:1 s7e1-ba8ac0a3:1
1786386894.095067 s5e1-a47300ef:1 s6e1-b3663ea1:1 s7e1-ba8ac0a3:1
1786386894.115817 s5e1-a47300ef:1 s6e1-b3663ea1:1 s7e1-ba8ac0a3:1 s8e1-a585f7d5:53E
1786386894.173033 s5e1-a47300ef:1 s6e1-b3663ea1:1 s7e1-ba8ac0a3:1 s8e1-a585f7d5:1
1786386894.179509 s6e1-b3663ea1:1 s7e1-ba8ac0a3:1 s8e1-a585f7d5:1
1786386894.199945 s6e1-b3663ea1:1 s7e1-ba8ac0a3:1 s8e1-a585f7d5:1
1786386894.220317 s6e1-b3663ea1:1 s7e1-ba8ac0a3:1 s8e1-a585f7d5:1
1786386894.240736 s6e1-b3663ea1:1 s7e1-ba8ac0a3:1 s8e1-a585f7d5:1
1786386894.261096 s6e1-b3663ea1:1 s7e1-ba8ac0a3:1 s8e1-a585f7d5:1
1786386894.281467 s6e1-b3663ea1:1 s7e1-ba8ac0a3:1 s8e1-a585f7d5:1
1786386894.301775 s6e1-b3663ea1:1 s7e1-ba8ac0a3:1 s8e1-a585f7d5:1
1786386894.322098 s6e1-b3663ea1:1 s7e1-ba8ac0a3:1 s8e1-a585f7d5:1
1786386894.342517 s6e1-b3663ea1:1 s7e1-ba8ac0a3:1 s8e1-a585f7d5:1
1786386894.362886 s6e1-b3663ea1:1 s7e1-ba8ac0a3:1 s8e1-a585f7d5:1
1786386894.383249 s7e1-ba8ac0a3:1 s8e1-a585f7d5:1
1786386894.403891 s7e1-ba8ac0a3:1 s8e1-a585f7d5:1 s1e1-bed9eef6:53E
1786386894.461384 s7e1-ba8ac0a3:1 s8e1-a585f7d5:1 s1e1-bed9eef6:1
1786386894.467185 s7e1-ba8ac0a3:1 s8e1-a585f7d5:1 s1e1-bed9eef6:1
1786386894.487225 s7e1-ba8ac0a3:1 s8e1-a585f7d5:1 s1e1-bed9eef6:1
1786386894.507560 s7e1-ba8ac0a3:1 s8e1-a585f7d5:1 s1e1-bed9eef6:1
1786386894.527865 s7e1-ba8ac0a3:1 s8e1-a585f7d5:1 s1e1-bed9eef6:1
1786386894.548228 s7e1-ba8ac0a3:1 s8e1-a585f7d5:1 s1e1-bed9eef6:1
1786386894.568656 s7e1-ba8ac0a3:1 s8e1-a585f7d5:1 s1e1-bed9eef6:1
1786386894.589032 s7e1-ba8ac0a3:1 s8e1-a585f7d5:1 s1e1-bed9eef6:1
1786386894.609612 s7e1-ba8ac0a3:1 s8e1-a585f7d5:1 s1e1-bed9eef6:1 s2e1-81cd9116:53E
1786386894.667872 s8e1-a585f7d5:1 s1e1-bed9eef6:1 s2e1-81cd9116:1
1786386894.673540 s8e1-a585f7d5:1 s1e1-bed9eef6:1 s2e1-81cd9116:1
1786386894.693693 s8e1-a585f7d5:1 s1e1-bed9eef6:1 s2e1-81cd9116:1
1786386894.714062 s8e1-a585f7d5:1 s1e1-bed9eef6:1 s2e1-81cd9116:1
1786386894.734363 s8e1-a585f7d5:1 s1e1-bed9eef6:1 s2e1-81cd9116:1
1786386894.754687 s8e1-a585f7d5:1 s1e1-bed9eef6:1 s2e1-81cd9116:1
1786386894.775047 s8e1-a585f7d5:1 s1e1-bed9eef6:1 s2e1-81cd9116:1
1786386894.795318 s8e1-a585f7d5:1 s1e1-bed9eef6:1 s2e1-81cd9116:1
1786386894.815608 s8e1-a585f7d5:1 s1e1-bed9eef6:1 s2e1-81cd9116:1
1786386894.835923 s8e1-a585f7d5:1 s1e1-bed9eef6:1 s2e1-81cd9116:1
1786386894.856213 s1e1-bed9eef6:1 s2e1-81cd9116:1
1786386894.876725 s1e1-bed9eef6:1 s2e1-81cd9116:1 s3e1-a1dc71bb:53E
1786386894.933112 s1e1-bed9eef6:1 s2e1-81cd9116:1 s3e1-a1dc71bb:1
1786386894.939582 s1e1-bed9eef6:1 s2e1-81cd9116:1 s3e1-a1dc71bb:1
1786386894.959816 s1e1-bed9eef6:1 s2e1-81cd9116:1 s3e1-a1dc71bb:1
1786386894.980147 s1e1-bed9eef6:1 s2e1-81cd9116:1 s3e1-a1dc71bb:1
1786386895.000521 s1e1-bed9eef6:1 s2e1-81cd9116:1 s3e1-a1dc71bb:1
1786386895.020777 s1e1-bed9eef6:1 s2e1-81cd9116:1 s3e1-a1dc71bb:1
1786386895.041186 s1e1-bed9eef6:1 s2e1-81cd9116:1 s3e1-a1dc71bb:1
1786386895.061567 s1e1-bed9eef6:1 s2e1-81cd9116:1 s3e1-a1dc71bb:1
1786386895.081955 s1e1-bed9eef6:1 s2e1-81cd9116:1 s3e1-a1dc71bb:1
1786386895.102352 s1e1-bed9eef6:1 s2e1-81cd9116:1 s3e1-a1dc71bb:1
1786386895.122816 s1e1-bed9eef6:1 s2e1-81cd9116:1 s3e1-a1dc71bb:1
1786386895.143316 s2e1-81cd9116:1 s3e1-a1dc71bb:1 s4e1-92d49b6c:53E
1786386895.199485 s2e1-81cd9116:1 s3e1-a1dc71bb:1 s4e1-92d49b6c:1
1786386895.206267 s2e1-81cd9116:1 s3e1-a1dc71bb:1 s4e1-92d49b6c:1
1786386895.226415 s2e1-81cd9116:1 s3e1-a1dc71bb:1 s4e1-92d49b6c:1
1786386895.246745 s2e1-81cd9116:1 s3e1-a1dc71bb:1 s4e1-92d49b6c:1
1786386895.267056 s2e1-81cd9116:1 s3e1-a1dc71bb:1 s4e1-92d49b6c:1
1786386895.287324 s2e1-81cd9116:1 s3e1-a1dc71bb:1 s4e1-92d49b6c:1
1786386895.307632 s2e1-81cd9116:1 s3e1-a1dc71bb:1 s4e1-92d49b6c:1
1786386895.328088 s2e1-81cd9116:1 s3e1-a1dc71bb:1 s4e1-92d49b6c:1
1786386895.348685 s3e1-a1dc71bb:1 s4e1-92d49b6c:1 s5e1-a47300ef:53E
1786386895.408053 s3e1-a1dc71bb:1 s4e1-92d49b6c:1 s5e1-a47300ef:1
1786386895.413127 s3e1-a1dc71bb:1 s4e1-92d49b6c:1 s5e1-a47300ef:1
1786386895.433194 s3e1-a1dc71bb:1 s4e1-92d49b6c:1 s5e1-a47300ef:1
1786386895.453504 s3e1-a1dc71bb:1 s4e1-92d49b6c:1 s5e1-a47300ef:1
1786386895.473788 s3e1-a1dc71bb:1 s4e1-92d49b6c:1 s5e1-a47300ef:1
1786386895.494166 s3e1-a1dc71bb:1 s4e1-92d49b6c:1 s5e1-a47300ef:1
1786386895.514416 s3e1-a1dc71bb:1 s4e1-92d49b6c:1 s5e1-a47300ef:1
1786386895.534809 s3e1-a1dc71bb:1 s4e1-92d49b6c:1 s5e1-a47300ef:1
1786386895.555486 s3e1-a1dc71bb:1 s4e1-92d49b6c:1 s5e1-a47300ef:1
1786386895.575782 s3e1-a1dc71bb:1 s4e1-92d49b6c:1 s5e1-a47300ef:1
1786386895.596372 s3e1-a1dc71bb:1 s4e1-92d49b6c:1 s5e1-a47300ef:1
1786386895.616735 s4e1-92d49b6c:1 s5e1-a47300ef:1
1786386895.637420 s4e1-92d49b6c:1 s5e1-a47300ef:1 s6e1-b3663ea1:53E
1786386895.695937 s4e1-92d49b6c:1 s5e1-a47300ef:1 s6e1-b3663ea1:1
1786386895.701805 s4e1-92d49b6c:1 s5e1-a47300ef:1 s6e1-b3663ea1:1
1786386895.722194 s4e1-92d49b6c:1 s5e1-a47300ef:1 s6e1-b3663ea1:1
1786386895.742574 s4e1-92d49b6c:1 s5e1-a47300ef:1 s6e1-b3663ea1:1
1786386895.763042 s4e1-92d49b6c:1 s5e1-a47300ef:1 s6e1-b3663ea1:1
1786386895.783369 s4e1-92d49b6c:1 s5e1-a47300ef:1 s6e1-b3663ea1:1
1786386895.803752 s4e1-92d49b6c:1 s5e1-a47300ef:1 s6e1-b3663ea1:1
1786386895.824143 s4e1-92d49b6c:1 s5e1-a47300ef:1 s6e1-b3663ea1:1
1786386895.844446 s4e1-92d49b6c:1 s5e1-a47300ef:1 s6e1-b3663ea1:1
1786386895.864756 s4e1-92d49b6c:1 s5e1-a47300ef:1 s6e1-b3663ea1:1
1786386895.885051 s5e1-a47300ef:1 s6e1-b3663ea1:1
1786386895.905369 s5e1-a47300ef:1 s6e1-b3663ea1:1
1786386895.925628 s5e1-a47300ef:1 s6e1-b3663ea1:1 s7e1-ba8ac0a3:53E
1786386895.982900 s5e1-a47300ef:1 s6e1-b3663ea1:1 s7e1-ba8ac0a3:1
1786386895.989153 s5e1-a47300ef:1 s6e1-b3663ea1:1 s7e1-ba8ac0a3:1
1786386896.009142 s5e1-a47300ef:1 s6e1-b3663ea1:1 s7e1-ba8ac0a3:1
1786386896.029420 s5e1-a47300ef:1 s6e1-b3663ea1:1 s7e1-ba8ac0a3:1
1786386896.049639 s5e1-a47300ef:1 s6e1-b3663ea1:1 s7e1-ba8ac0a3:1
1786386896.069970 s5e1-a47300ef:1 s6e1-b3663ea1:1 s7e1-ba8ac0a3:1
1786386896.090273 s6e1-b3663ea1:1 s7e1-ba8ac0a3:1
1786386896.110860 s6e1-b3663ea1:1 s7e1-ba8ac0a3:1
1786386896.130774 s6e1-b3663ea1:1 s7e1-ba8ac0a3:1 s8e1-a585f7d5:53E
1786386896.187868 s6e1-b3663ea1:1 s7e1-ba8ac0a3:1 s8e1-a585f7d5:1
1786386896.194667 s6e1-b3663ea1:1 s7e1-ba8ac0a3:1 s8e1-a585f7d5:1
1786386896.214782 s6e1-b3663ea1:1 s7e1-ba8ac0a3:1 s8e1-a585f7d5:1
1786386896.235121 s6e1-b3663ea1:1 s7e1-ba8ac0a3:1 s8e1-a585f7d5:1
1786386896.255405 s6e1-b3663ea1:1 s7e1-ba8ac0a3:1 s8e1-a585f7d5:1
1786386896.275836 s6e1-b3663ea1:1 s7e1-ba8ac0a3:1 s8e1-a585f7d5:1
1786386896.296206 s6e1-b3663ea1:1 s7e1-ba8ac0a3:1 s8e1-a585f7d5:1
1786386896.316591 s6e1-b3663ea1:1 s7e1-ba8ac0a3:1 s8e1-a585f7d5:1
1786386896.336951 s6e1-b3663ea1:1 s7e1-ba8ac0a3:1 s8e1-a585f7d5:1
1786386896.357342 s6e1-b3663ea1:1 s7e1-ba8ac0a3:1 s8e1-a585f7d5:1
1786386896.377883 s7e1-ba8ac0a3:1 s8e1-a585f7d5:1 s1e1-bed9eef6:53E
1786386896.435698 s7e1-ba8ac0a3:1 s8e1-a585f7d5:1 s1e1-bed9eef6:1
1786386896.441808 s7e1-ba8ac0a3:1 s8e1-a585f7d5:1 s1e1-bed9eef6:1
1786386896.462093 s7e1-ba8ac0a3:1 s8e1-a585f7d5:1 s1e1-bed9eef6:1
1786386896.482464 s7e1-ba8ac0a3:1 s8e1-a585f7d5:1 s1e1-bed9eef6:1
1786386896.502860 s7e1-ba8ac0a3:1 s8e1-a585f7d5:1 s1e1-bed9eef6:1
1786386896.523271 s7e1-ba8ac0a3:1 s8e1-a585f7d5:1 s1e1-bed9eef6:1
1786386896.543656 s7e1-ba8ac0a3:1 s8e1-a585f7d5:1 s1e1-bed9eef6:1
1786386896.564051 s7e1-ba8ac0a3:1 s8e1-a585f7d5:1 s1e1-bed9eef6:1
1786386896.584460 s7e1-ba8ac0a3:1 s8e1-a585f7d5:1 s1e1-bed9eef6:1
1786386896.605039 s7e1-ba8ac0a3:1 s8e1-a585f7d5:1 s1e1-bed9eef6:1 s2e1-81cd9116:53E
1786386896.663159 s7e1-ba8ac0a3:1 s8e1-a585f7d5:1 s1e1-bed9eef6:1 s2e1-81cd9116:1
1786386896.669471 s7e1-ba8ac0a3:1 s8e1-a585f7d5:1 s1e1-bed9eef6:1 s2e1-81cd9116:1
1786386896.689727 s8e1-a585f7d5:1 s1e1-bed9eef6:1 s2e1-81cd9116:1
1786386896.710205 s8e1-a585f7d5:1 s1e1-bed9eef6:1 s2e1-81cd9116:1
1786386896.730589 s8e1-a585f7d5:1 s1e1-bed9eef6:1 s2e1-81cd9116:1
1786386896.750977 s8e1-a585f7d5:1 s1e1-bed9eef6:1 s2e1-81cd9116:1
1786386896.771358 s8e1-a585f7d5:1 s1e1-bed9eef6:1 s2e1-81cd9116:1
1786386896.791771 s8e1-a585f7d5:1 s1e1-bed9eef6:1 s2e1-81cd9116:1
1786386896.812229 s8e1-a585f7d5:1 s1e1-bed9eef6:1 s2e1-81cd9116:1 s3e1-a1dc71bb:53E
1786386896.869076 s8e1-a585f7d5:1 s1e1-bed9eef6:1 s2e1-81cd9116:1 s3e1-a1dc71bb:1
1786386896.875978 s8e1-a585f7d5:1 s1e1-bed9eef6:1 s2e1-81cd9116:1 s3e1-a1dc71bb:1
1786386896.896307 s1e1-bed9eef6:1 s2e1-81cd9116:1 s3e1-a1dc71bb:1
1786386896.916717 s1e1-bed9eef6:1 s2e1-81cd9116:1 s3e1-a1dc71bb:1
1786386896.937052 s1e1-bed9eef6:1 s2e1-81cd9116:1 s3e1-a1dc71bb:1
1786386896.957387 s1e1-bed9eef6:1 s2e1-81cd9116:1 s3e1-a1dc71bb:1
1786386896.977650 s1e1-bed9eef6:1 s2e1-81cd9116:1 s3e1-a1dc71bb:1
1786386896.997973 s1e1-bed9eef6:1 s2e1-81cd9116:1 s3e1-a1dc71bb:1
1786386897.018281 s1e1-bed9eef6:1 s2e1-81cd9116:1 s3e1-a1dc71bb:1
1786386897.038587 s1e1-bed9eef6:1 s2e1-81cd9116:1 s3e1-a1dc71bb:1
1786386897.058952 s1e1-bed9eef6:1 s2e1-81cd9116:1 s3e1-a1dc71bb:1
1786386897.079338 s1e1-bed9eef6:1 s2e1-81cd9116:1 s3e1-a1dc71bb:1
1786386897.099939 s1e1-bed9eef6:1 s2e1-81cd9116:1 s3e1-a1dc71bb:1 s4e1-92d49b6c:53E
1786386897.156727 s2e1-81cd9116:1 s3e1-a1dc71bb:1 s4e1-92d49b6c:1
1786386897.163332 s2e1-81cd9116:1 s3e1-a1dc71bb:1 s4e1-92d49b6c:1
1786386897.183687 s2e1-81cd9116:1 s3e1-a1dc71bb:1 s4e1-92d49b6c:1
1786386897.204101 s2e1-81cd9116:1 s3e1-a1dc71bb:1 s4e1-92d49b6c:1
1786386897.224469 s2e1-81cd9116:1 s3e1-a1dc71bb:1 s4e1-92d49b6c:1
1786386897.244899 s2e1-81cd9116:1 s3e1-a1dc71bb:1 s4e1-92d49b6c:1
1786386897.265256 s2e1-81cd9116:1 s3e1-a1dc71bb:1 s4e1-92d49b6c:1
1786386897.285640 s2e1-81cd9116:1 s3e1-a1dc71bb:1 s4e1-92d49b6c:1
1786386897.306066 s2e1-81cd9116:1 s3e1-a1dc71bb:1 s4e1-92d49b6c:1
1786386897.326718 s2e1-81cd9116:1 s3e1-a1dc71bb:1 s4e1-92d49b6c:1
1786386897.346789 s3e1-a1dc71bb:1 s4e1-92d49b6c:1
1786386897.367437 s3e1-a1dc71bb:1 s4e1-92d49b6c:1 s5e1-a47300ef:53E
1786386897.427794 s3e1-a1dc71bb:1 s4e1-92d49b6c:1 s5e1-a47300ef:1
1786386897.432958 s3e1-a1dc71bb:1 s4e1-92d49b6c:1 s5e1-a47300ef:1
1786386897.453083 s3e1-a1dc71bb:1 s4e1-92d49b6c:1 s5e1-a47300ef:1
1786386897.473282 s3e1-a1dc71bb:1 s4e1-92d49b6c:1 s5e1-a47300ef:1
1786386897.493487 s3e1-a1dc71bb:1 s4e1-92d49b6c:1 s5e1-a47300ef:1
1786386897.513797 s3e1-a1dc71bb:1 s4e1-92d49b6c:1 s5e1-a47300ef:1
1786386897.534111 s3e1-a1dc71bb:1 s4e1-92d49b6c:1 s5e1-a47300ef:1
1786386897.554478 s4e1-92d49b6c:1 s5e1-a47300ef:1
1786386897.574892 s4e1-92d49b6c:1 s5e1-a47300ef:1
1786386897.594959 s4e1-92d49b6c:1 s5e1-a47300ef:1
1786386897.615082 s4e1-92d49b6c:1 s5e1-a47300ef:1
1786386897.635335 s4e1-92d49b6c:1 s5e1-a47300ef:1 s6e1-b3663ea1:53E
1786386897.692050 s4e1-92d49b6c:1 s5e1-a47300ef:1 s6e1-b3663ea1:1
1786386897.699189 s4e1-92d49b6c:1 s5e1-a47300ef:1 s6e1-b3663ea1:1
1786386897.719454 s4e1-92d49b6c:1 s5e1-a47300ef:1 s6e1-b3663ea1:1
1786386897.739940 s4e1-92d49b6c:1 s5e1-a47300ef:1 s6e1-b3663ea1:1
1786386897.760423 s4e1-92d49b6c:1 s5e1-a47300ef:1 s6e1-b3663ea1:1
1786386897.780904 s4e1-92d49b6c:1 s5e1-a47300ef:1 s6e1-b3663ea1:1
1786386897.801370 s4e1-92d49b6c:1 s5e1-a47300ef:1 s6e1-b3663ea1:1
1786386897.821715 s4e1-92d49b6c:1 s5e1-a47300ef:1 s6e1-b3663ea1:1
1786386897.842095 s5e1-a47300ef:1 s6e1-b3663ea1:1
1786386897.862559 s5e1-a47300ef:1 s6e1-b3663ea1:1
1786386897.882776 s5e1-a47300ef:1 s6e1-b3663ea1:1 s7e1-ba8ac0a3:53E
1786386897.939883 s5e1-a47300ef:1 s6e1-b3663ea1:1 s7e1-ba8ac0a3:1
1786386897.946552 s5e1-a47300ef:1 s6e1-b3663ea1:1 s7e1-ba8ac0a3:1
1786386897.966773 s5e1-a47300ef:1 s6e1-b3663ea1:1 s7e1-ba8ac0a3:1
1786386897.986996 s5e1-a47300ef:1 s6e1-b3663ea1:1 s7e1-ba8ac0a3:1
1786386898.007385 s5e1-a47300ef:1 s6e1-b3663ea1:1 s7e1-ba8ac0a3:1
1786386898.027648 s5e1-a47300ef:1 s6e1-b3663ea1:1 s7e1-ba8ac0a3:1
1786386898.047992 s5e1-a47300ef:1 s6e1-b3663ea1:1 s7e1-ba8ac0a3:1
1786386898.068325 s5e1-a47300ef:1 s6e1-b3663ea1:1 s7e1-ba8ac0a3:1
1786386898.088632 s5e1-a47300ef:1 s6e1-b3663ea1:1 s7e1-ba8ac0a3:1
1786386898.108991 s6e1-b3663ea1:1 s7e1-ba8ac0a3:1
1786386898.129479 s6e1-b3663ea1:1 s7e1-ba8ac0a3:1 s8e1-a585f7d5:53E
1786386898.186059 s6e1-b3663ea1:1 s7e1-ba8ac0a3:1 s8e1-a585f7d5:1
1786386898.193218 s6e1-b3663ea1:1 s7e1-ba8ac0a3:1 s8e1-a585f7d5:1
1786386898.213350 s6e1-b3663ea1:1 s7e1-ba8ac0a3:1 s8e1-a585f7d5:1
1786386898.233642 s6e1-b3663ea1:1 s7e1-ba8ac0a3:1 s8e1-a585f7d5:1
1786386898.253951 s6e1-b3663ea1:1 s7e1-ba8ac0a3:1 s8e1-a585f7d5:1
1786386898.274295 s6e1-b3663ea1:1 s7e1-ba8ac0a3:1 s8e1-a585f7d5:1
1786386898.294615 s6e1-b3663ea1:1 s7e1-ba8ac0a3:1 s8e1-a585f7d5:1
1786386898.314924 s6e1-b3663ea1:1 s7e1-ba8ac0a3:1 s8e1-a585f7d5:1
1786386898.335241 s6e1-b3663ea1:1 s7e1-ba8ac0a3:1 s8e1-a585f7d5:1
1786386898.355594 s6e1-b3663ea1:1 s7e1-ba8ac0a3:1 s8e1-a585f7d5:1
1786386898.375838 s7e1-ba8ac0a3:1 s8e1-a585f7d5:1
1786386898.396348 s7e1-ba8ac0a3:1 s8e1-a585f7d5:1 s1e1-bed9eef6:53E
1786386898.454237 s7e1-ba8ac0a3:1 s8e1-a585f7d5:1 s1e1-bed9eef6:1
1786386898.459966 s7e1-ba8ac0a3:1 s8e1-a585f7d5:1 s1e1-bed9eef6:1
1786386898.480442 s7e1-ba8ac0a3:1 s8e1-a585f7d5:1 s1e1-bed9eef6:1
1786386898.500802 s7e1-ba8ac0a3:1 s8e1-a585f7d5:1 s1e1-bed9eef6:1
1786386898.521187 s7e1-ba8ac0a3:1 s8e1-a585f7d5:1 s1e1-bed9eef6:1
1786386898.541622 s7e1-ba8ac0a3:1 s8e1-a585f7d5:1 s1e1-bed9eef6:1
1786386898.562055 s7e1-ba8ac0a3:1 s8e1-a585f7d5:1 s1e1-bed9eef6:1
1786386898.582414 s7e1-ba8ac0a3:1 s8e1-a585f7d5:1 s1e1-bed9eef6:1
1786386898.602822 s7e1-ba8ac0a3:1 s8e1-a585f7d5:1 s1e1-bed9eef6:1
1786386898.623407 s8e1-a585f7d5:1 s1e1-bed9eef6:1 s2e1-81cd9116:53E
1786386898.681029 s8e1-a585f7d5:1 s1e1-bed9eef6:1 s2e1-81cd9116:1
1786386898.687353 s8e1-a585f7d5:1 s1e1-bed9eef6:1 s2e1-81cd9116:1
1786386898.707483 s8e1-a585f7d5:1 s1e1-bed9eef6:1 s2e1-81cd9116:1
1786386898.727756 s8e1-a585f7d5:1 s1e1-bed9eef6:1 s2e1-81cd9116:1
1786386898.748079 s8e1-a585f7d5:1 s1e1-bed9eef6:1 s2e1-81cd9116:1
1786386898.768399 s8e1-a585f7d5:1 s1e1-bed9eef6:1 s2e1-81cd9116:1
1786386898.788796 s8e1-a585f7d5:1 s1e1-bed9eef6:1 s2e1-81cd9116:1
1786386898.809168 s8e1-a585f7d5:1 s1e1-bed9eef6:1 s2e1-81cd9116:1
1786386898.829552 s8e1-a585f7d5:1 s1e1-bed9eef6:1 s2e1-81cd9116:1
1786386898.849973 s8e1-a585f7d5:1 s1e1-bed9eef6:1 s2e1-81cd9116:1
1786386898.870379 s1e1-bed9eef6:1 s2e1-81cd9116:1
1786386898.890938 s1e1-bed9eef6:1 s2e1-81cd9116:1 s3e1-a1dc71bb:53E
1786386898.947572 s1e1-bed9eef6:1 s2e1-81cd9116:1 s3e1-a1dc71bb:1
1786386898.954569 s1e1-bed9eef6:1 s2e1-81cd9116:1 s3e1-a1dc71bb:1
1786386898.974744 s1e1-bed9eef6:1 s2e1-81cd9116:1 s3e1-a1dc71bb:1
1786386898.995127 s1e1-bed9eef6:1 s2e1-81cd9116:1 s3e1-a1dc71bb:1
1786386899.015436 s1e1-bed9eef6:1 s2e1-81cd9116:1 s3e1-a1dc71bb:1
1786386899.035778 s1e1-bed9eef6:1 s2e1-81cd9116:1 s3e1-a1dc71bb:1
1786386899.056201 s1e1-bed9eef6:1 s2e1-81cd9116:1 s3e1-a1dc71bb:1
1786386899.076575 s1e1-bed9eef6:1 s2e1-81cd9116:1 s3e1-a1dc71bb:1
1786386899.096986 s1e1-bed9eef6:1 s2e1-81cd9116:1 s3e1-a1dc71bb:1
1786386899.117404 s1e1-bed9eef6:1 s2e1-81cd9116:1 s3e1-a1dc71bb:1
1786386899.137812 s2e1-81cd9116:1 s3e1-a1dc71bb:1
1786386899.158338 s2e1-81cd9116:1 s3e1-a1dc71bb:1 s4e1-92d49b6c:53E
1786386899.214672 s2e1-81cd9116:1 s3e1-a1dc71bb:1 s4e1-92d49b6c:1
1786386899.221572 s2e1-81cd9116:1 s3e1-a1dc71bb:1 s4e1-92d49b6c:1
1786386899.242039 s2e1-81cd9116:1 s3e1-a1dc71bb:1 s4e1-92d49b6c:1
1786386899.262527 s2e1-81cd9116:1 s3e1-a1dc71bb:1 s4e1-92d49b6c:1
1786386899.283008 s2e1-81cd9116:1 s3e1-a1dc71bb:1 s4e1-92d49b6c:1
1786386899.303354 s2e1-81cd9116:1 s3e1-a1dc71bb:1 s4e1-92d49b6c:1
1786386899.323743 s2e1-81cd9116:1 s3e1-a1dc71bb:1 s4e1-92d49b6c:1
1786386899.344163 s2e1-81cd9116:1 s3e1-a1dc71bb:1 s4e1-92d49b6c:1
1786386899.364580 s3e1-a1dc71bb:1 s4e1-92d49b6c:1
1786386899.385052 s3e1-a1dc71bb:1 s4e1-92d49b6c:1
1786386899.405427 s3e1-a1dc71bb:1 s4e1-92d49b6c:1 s5e1-a47300ef:53E
1786386899.463119 s3e1-a1dc71bb:1 s4e1-92d49b6c:1 s5e1-a47300ef:1
1786386899.469607 s3e1-a1dc71bb:1 s4e1-92d49b6c:1 s5e1-a47300ef:1
1786386899.489664 s3e1-a1dc71bb:1 s4e1-92d49b6c:1 s5e1-a47300ef:1
1786386899.509946 s3e1-a1dc71bb:1 s4e1-92d49b6c:1 s5e1-a47300ef:1
1786386899.530253 s3e1-a1dc71bb:1 s4e1-92d49b6c:1 s5e1-a47300ef:1
1786386899.550773 s3e1-a1dc71bb:1 s4e1-92d49b6c:1 s5e1-a47300ef:1
1786386899.570956 s3e1-a1dc71bb:1 s4e1-92d49b6c:1 s5e1-a47300ef:1
1786386899.591203 s3e1-a1dc71bb:1 s4e1-92d49b6c:1 s5e1-a47300ef:1
1786386899.611404 s3e1-a1dc71bb:1 s4e1-92d49b6c:1 s5e1-a47300ef:1
1786386899.631991 s4e1-92d49b6c:1 s5e1-a47300ef:1 s6e1-b3663ea1:53E
1786386899.704528 s4e1-92d49b6c:1 s5e1-a47300ef:1 s6e1-b3663ea1:1
1786386899.707910 s4e1-92d49b6c:1 s5e1-a47300ef:1 s6e1-b3663ea1:1
1786386899.726770 s4e1-92d49b6c:1 s5e1-a47300ef:1 s6e1-b3663ea1:1
1786386899.746857 s4e1-92d49b6c:1 s5e1-a47300ef:1 s6e1-b3663ea1:1
1786386899.767065 s4e1-92d49b6c:1 s5e1-a47300ef:1 s6e1-b3663ea1:1
1786386899.787147 s4e1-92d49b6c:1 s5e1-a47300ef:1 s6e1-b3663ea1:1
1786386899.807369 s4e1-92d49b6c:1 s5e1-a47300ef:1 s6e1-b3663ea1:1
1786386899.827620 s4e1-92d49b6c:1 s5e1-a47300ef:1 s6e1-b3663ea1:1
1786386899.847793 s4e1-92d49b6c:1 s5e1-a47300ef:1 s6e1-b3663ea1:1
1786386899.868079 s4e1-92d49b6c:1 s5e1-a47300ef:1 s6e1-b3663ea1:1
1786386899.888634 s4e1-92d49b6c:1 s5e1-a47300ef:1 s6e1-b3663ea1:1 s7e1-ba8ac0a3:53E
1786386899.946407 s5e1-a47300ef:1 s6e1-b3663ea1:1 s7e1-ba8ac0a3:1
1786386899.953202 s5e1-a47300ef:1 s6e1-b3663ea1:1 s7e1-ba8ac0a3:1
1786386899.973283 s5e1-a47300ef:1 s6e1-b3663ea1:1 s7e1-ba8ac0a3:1
1786386899.993608 s5e1-a47300ef:1 s6e1-b3663ea1:1 s7e1-ba8ac0a3:1
1786386900.013961 s5e1-a47300ef:1 s6e1-b3663ea1:1 s7e1-ba8ac0a3:1
1786386900.034214 s5e1-a47300ef:1 s6e1-b3663ea1:1 s7e1-ba8ac0a3:1
1786386900.054466 s5e1-a47300ef:1 s6e1-b3663ea1:1 s7e1-ba8ac0a3:1
1786386900.074800 s5e1-a47300ef:1 s6e1-b3663ea1:1 s7e1-ba8ac0a3:1
1786386900.095198 s5e1-a47300ef:1 s6e1-b3663ea1:1 s7e1-ba8ac0a3:1
1786386900.115534 s5e1-a47300ef:1 s6e1-b3663ea1:1 s7e1-ba8ac0a3:1
1786386900.136311 s5e1-a47300ef:1 s6e1-b3663ea1:1 s7e1-ba8ac0a3:1 s8e1-a585f7d5:53E
1786386900.193678 s6e1-b3663ea1:1 s7e1-ba8ac0a3:1 s8e1-a585f7d5:1
1786386900.200583 s6e1-b3663ea1:1 s7e1-ba8ac0a3:1 s8e1-a585f7d5:1
1786386900.220996 s6e1-b3663ea1:1 s7e1-ba8ac0a3:1 s8e1-a585f7d5:1
1786386900.241403 s6e1-b3663ea1:1 s7e1-ba8ac0a3:1 s8e1-a585f7d5:1
1786386900.261826 s6e1-b3663ea1:1 s7e1-ba8ac0a3:1 s8e1-a585f7d5:1
1786386900.282182 s6e1-b3663ea1:1 s7e1-ba8ac0a3:1 s8e1-a585f7d5:1
1786386900.302510 s6e1-b3663ea1:1 s7e1-ba8ac0a3:1 s8e1-a585f7d5:1
1786386900.322877 s6e1-b3663ea1:1 s7e1-ba8ac0a3:1 s8e1-a585f7d5:1
1786386900.343343 s6e1-b3663ea1:1 s7e1-ba8ac0a3:1 s8e1-a585f7d5:1
1786386900.363816 s6e1-b3663ea1:1 s7e1-ba8ac0a3:1 s8e1-a585f7d5:1
1786386900.384411 s7e1-ba8ac0a3:1 s8e1-a585f7d5:1 s1e1-bed9eef6:53E
1786386900.442298 s7e1-ba8ac0a3:1 s8e1-a585f7d5:1 s1e1-bed9eef6:1
1786386900.448704 s7e1-ba8ac0a3:1 s8e1-a585f7d5:1 s1e1-bed9eef6:1
1786386900.468880 s7e1-ba8ac0a3:1 s8e1-a585f7d5:1 s1e1-bed9eef6:1
1786386900.489090 s7e1-ba8ac0a3:1 s8e1-a585f7d5:1 s1e1-bed9eef6:1
1786386900.509387 s7e1-ba8ac0a3:1 s8e1-a585f7d5:1 s1e1-bed9eef6:1
1786386900.529678 s7e1-ba8ac0a3:1 s8e1-a585f7d5:1 s1e1-bed9eef6:1
1786386900.549994 s7e1-ba8ac0a3:1 s8e1-a585f7d5:1 s1e1-bed9eef6:1
1786386900.570410 s7e1-ba8ac0a3:1 s8e1-a585f7d5:1 s1e1-bed9eef6:1
1786386900.590743 s7e1-ba8ac0a3:1 s8e1-a585f7d5:1 s1e1-bed9eef6:1
1786386900.611132 s7e1-ba8ac0a3:1 s8e1-a585f7d5:1 s1e1-bed9eef6:1
1786386900.631643 s8e1-a585f7d5:1 s1e1-bed9eef6:1 s2e1-81cd9116:53E
1786386900.689177 s8e1-a585f7d5:1 s1e1-bed9eef6:1 s2e1-81cd9116:1
1786386900.696060 s8e1-a585f7d5:1 s1e1-bed9eef6:1 s2e1-81cd9116:1
1786386900.716227 s8e1-a585f7d5:1 s1e1-bed9eef6:1 s2e1-81cd9116:1
1786386900.736552 s8e1-a585f7d5:1 s1e1-bed9eef6:1 s2e1-81cd9116:1
1786386900.756872 s8e1-a585f7d5:1 s1e1-bed9eef6:1 s2e1-81cd9116:1
1786386900.777205 s8e1-a585f7d5:1 s1e1-bed9eef6:1 s2e1-81cd9116:1
1786386900.797435 s8e1-a585f7d5:1 s1e1-bed9eef6:1 s2e1-81cd9116:1
1786386900.817872 s8e1-a585f7d5:1 s1e1-bed9eef6:1 s2e1-81cd9116:1
1786386900.838216 s8e1-a585f7d5:1 s1e1-bed9eef6:1 s2e1-81cd9116:1
1786386900.858752 s8e1-a585f7d5:1 s1e1-bed9eef6:1 s2e1-81cd9116:1 s3e1-a1dc71bb:53E
1786386900.915874 s1e1-bed9eef6:1 s2e1-81cd9116:1 s3e1-a1dc71bb:1
1786386900.922574 s1e1-bed9eef6:1 s2e1-81cd9116:1 s3e1-a1dc71bb:1
1786386900.942987 s1e1-bed9eef6:1 s2e1-81cd9116:1 s3e1-a1dc71bb:1
1786386900.963313 s1e1-bed9eef6:1 s2e1-81cd9116:1 s3e1-a1dc71bb:1
1786386900.983704 s1e1-bed9eef6:1 s2e1-81cd9116:1 s3e1-a1dc71bb:1
1786386901.004123 s1e1-bed9eef6:1 s2e1-81cd9116:1 s3e1-a1dc71bb:1
1786386901.024457 s1e1-bed9eef6:1 s2e1-81cd9116:1 s3e1-a1dc71bb:1
1786386901.044880 s1e1-bed9eef6:1 s2e1-81cd9116:1 s3e1-a1dc71bb:1
1786386901.065204 s1e1-bed9eef6:1 s2e1-81cd9116:1 s3e1-a1dc71bb:1
1786386901.085592 s1e1-bed9eef6:1 s2e1-81cd9116:1 s3e1-a1dc71bb:1
1786386901.105969 s1e1-bed9eef6:1 s2e1-81cd9116:1 s3e1-a1dc71bb:1
1786386901.126378 s2e1-81cd9116:1 s3e1-a1dc71bb:1
1786386901.146911 s2e1-81cd9116:1 s3e1-a1dc71bb:1 s4e1-92d49b6c:53E
1786386901.202622 s2e1-81cd9116:1 s3e1-a1dc71bb:1 s4e1-92d49b6c:1
1786386901.209987 s2e1-81cd9116:1 s3e1-a1dc71bb:1 s4e1-92d49b6c:1
1786386901.230099 s2e1-81cd9116:1 s3e1-a1dc71bb:1 s4e1-92d49b6c:1
1786386901.250380 s2e1-81cd9116:1 s3e1-a1dc71bb:1 s4e1-92d49b6c:1
1786386901.270741 s2e1-81cd9116:1 s3e1-a1dc71bb:1 s4e1-92d49b6c:1
1786386901.290988 s2e1-81cd9116:1 s3e1-a1dc71bb:1 s4e1-92d49b6c:1
1786386901.311369 s2e1-81cd9116:1 s3e1-a1dc71bb:1 s4e1-92d49b6c:1
1786386901.331734 s2e1-81cd9116:1 s3e1-a1dc71bb:1 s4e1-92d49b6c:1
1786386901.352307 s2e1-81cd9116:1 s3e1-a1dc71bb:1 s4e1-92d49b6c:1 s5e1-a47300ef:53E
1786386901.410773 s3e1-a1dc71bb:1 s4e1-92d49b6c:1 s5e1-a47300ef:1
1786386901.417376 s3e1-a1dc71bb:1 s4e1-92d49b6c:1 s5e1-a47300ef:1
1786386901.437547 s3e1-a1dc71bb:1 s4e1-92d49b6c:1 s5e1-a47300ef:1
1786386901.457946 s3e1-a1dc71bb:1 s4e1-92d49b6c:1 s5e1-a47300ef:1
1786386901.478314 s3e1-a1dc71bb:1 s4e1-92d49b6c:1 s5e1-a47300ef:1
1786386901.498749 s3e1-a1dc71bb:1 s4e1-92d49b6c:1 s5e1-a47300ef:1
1786386901.519070 s3e1-a1dc71bb:1 s4e1-92d49b6c:1 s5e1-a47300ef:1
1786386901.539454 s3e1-a1dc71bb:1 s4e1-92d49b6c:1 s5e1-a47300ef:1
1786386901.559934 s3e1-a1dc71bb:1 s4e1-92d49b6c:1 s5e1-a47300ef:1
1786386901.580591 s3e1-a1dc71bb:1 s4e1-92d49b6c:1 s5e1-a47300ef:1
1786386901.600879 s4e1-92d49b6c:1 s5e1-a47300ef:1
1786386901.621482 s4e1-92d49b6c:1 s5e1-a47300ef:1
1786386901.641732 s4e1-92d49b6c:1 s5e1-a47300ef:1 s6e1-b3663ea1:53E
1786386901.701229 s4e1-92d49b6c:1 s5e1-a47300ef:1 s6e1-b3663ea1:1
1786386901.707496 s4e1-92d49b6c:1 s5e1-a47300ef:1 s6e1-b3663ea1:1
1786386901.727568 s4e1-92d49b6c:1 s5e1-a47300ef:1 s6e1-b3663ea1:1
1786386901.747934 s4e1-92d49b6c:1 s5e1-a47300ef:1 s6e1-b3663ea1:1
1786386901.768272 s4e1-92d49b6c:1 s5e1-a47300ef:1 s6e1-b3663ea1:1
1786386901.788630 s4e1-92d49b6c:1 s5e1-a47300ef:1 s6e1-b3663ea1:1
1786386901.808934 s4e1-92d49b6c:1 s5e1-a47300ef:1 s6e1-b3663ea1:1
1786386901.829306 s4e1-92d49b6c:1 s5e1-a47300ef:1 s6e1-b3663ea1:1
1786386901.849613 s4e1-92d49b6c:1 s5e1-a47300ef:1 s6e1-b3663ea1:1
1786386901.870149 s4e1-92d49b6c:1 s5e1-a47300ef:1 s6e1-b3663ea1:1 s7e1-ba8ac0a3:53E
1786386901.927751 s5e1-a47300ef:1 s6e1-b3663ea1:1 s7e1-ba8ac0a3:1
1786386901.934735 s5e1-a47300ef:1 s6e1-b3663ea1:1 s7e1-ba8ac0a3:1
1786386901.955138 s5e1-a47300ef:1 s6e1-b3663ea1:1 s7e1-ba8ac0a3:1
1786386901.975727 s5e1-a47300ef:1 s6e1-b3663ea1:1 s7e1-ba8ac0a3:1
1786386901.996300 s5e1-a47300ef:1 s6e1-b3663ea1:1 s7e1-ba8ac0a3:1
1786386902.016813 s5e1-a47300ef:1 s6e1-b3663ea1:1 s7e1-ba8ac0a3:1
1786386902.037386 s5e1-a47300ef:1 s6e1-b3663ea1:1 s7e1-ba8ac0a3:1
1786386902.057946 s5e1-a47300ef:1 s6e1-b3663ea1:1 s7e1-ba8ac0a3:1
1786386902.078512 s5e1-a47300ef:1 s6e1-b3663ea1:1 s7e1-ba8ac0a3:1
1786386902.099057 s6e1-b3663ea1:1 s7e1-ba8ac0a3:1
1786386902.119627 s6e1-b3663ea1:1 s7e1-ba8ac0a3:1
1786386902.139853 s6e1-b3663ea1:1 s7e1-ba8ac0a3:1 s8e1-a585f7d5:53E
1786386902.196583 s6e1-b3663ea1:1 s7e1-ba8ac0a3:1 s8e1-a585f7d5:1
1786386902.203745 s6e1-b3663ea1:1 s7e1-ba8ac0a3:1 s8e1-a585f7d5:1
1786386902.224138 s6e1-b3663ea1:1 s7e1-ba8ac0a3:1 s8e1-a585f7d5:1
1786386902.244673 s6e1-b3663ea1:1 s7e1-ba8ac0a3:1 s8e1-a585f7d5:1
1786386902.265447 s6e1-b3663ea1:1 s7e1-ba8ac0a3:1 s8e1-a585f7d5:1
1786386902.285690 s6e1-b3663ea1:1 s7e1-ba8ac0a3:1 s8e1-a585f7d5:1
1786386902.306226 s6e1-b3663ea1:1 s7e1-ba8ac0a3:1 s8e1-a585f7d5:1
1786386902.326804 s6e1-b3663ea1:1 s7e1-ba8ac0a3:1 s8e1-a585f7d5:1
1786386902.347423 s6e1-b3663ea1:1 s7e1-ba8ac0a3:1 s8e1-a585f7d5:1
1786386902.368207 s6e1-b3663ea1:1 s7e1-ba8ac0a3:1 s8e1-a585f7d5:1 s1e1-bed9eef6:53E
1786386902.426224 s7e1-ba8ac0a3:1 s8e1-a585f7d5:1 s1e1-bed9eef6:1
1786386902.432678 s7e1-ba8ac0a3:1 s8e1-a585f7d5:1 s1e1-bed9eef6:1
1786386902.453149 s7e1-ba8ac0a3:1 s8e1-a585f7d5:1 s1e1-bed9eef6:1
1786386902.473654 s7e1-ba8ac0a3:1 s8e1-a585f7d5:1 s1e1-bed9eef6:1
1786386902.494239 s7e1-ba8ac0a3:1 s8e1-a585f7d5:1 s1e1-bed9eef6:1
1786386902.514798 s7e1-ba8ac0a3:1 s8e1-a585f7d5:1 s1e1-bed9eef6:1
1786386902.535371 s7e1-ba8ac0a3:1 s8e1-a585f7d5:1 s1e1-bed9eef6:1
1786386902.555944 s7e1-ba8ac0a3:1 s8e1-a585f7d5:1 s1e1-bed9eef6:1
1786386902.576540 s7e1-ba8ac0a3:1 s8e1-a585f7d5:1 s1e1-bed9eef6:1
1786386902.597383 s7e1-ba8ac0a3:1 s8e1-a585f7d5:1 s1e1-bed9eef6:1 s2e1-81cd9116:53E
1786386902.655753 s8e1-a585f7d5:1 s1e1-bed9eef6:1 s2e1-81cd9116:1
1786386902.662657 s8e1-a585f7d5:1 s1e1-bed9eef6:1 s2e1-81cd9116:1
1786386902.683220 s8e1-a585f7d5:1 s1e1-bed9eef6:1 s2e1-81cd9116:1
1786386902.703810 s8e1-a585f7d5:1 s1e1-bed9eef6:1 s2e1-81cd9116:1
1786386902.724426 s8e1-a585f7d5:1 s1e1-bed9eef6:1 s2e1-81cd9116:1
1786386902.744954 s8e1-a585f7d5:1 s1e1-bed9eef6:1 s2e1-81cd9116:1
1786386902.765520 s8e1-a585f7d5:1 s1e1-bed9eef6:1 s2e1-81cd9116:1
1786386902.786085 s8e1-a585f7d5:1 s1e1-bed9eef6:1 s2e1-81cd9116:1
1786386902.806697 s8e1-a585f7d5:1 s1e1-bed9eef6:1 s2e1-81cd9116:1
1786386902.827239 s8e1-a585f7d5:1 s1e1-bed9eef6:1 s2e1-81cd9116:1
1786386902.847796 s8e1-a585f7d5:1 s1e1-bed9eef6:1 s2e1-81cd9116:1
1786386902.868378 s8e1-a585f7d5:1 s1e1-bed9eef6:1 s2e1-81cd9116:1
1786386902.889121 s1e1-bed9eef6:1 s2e1-81cd9116:1 s3e1-a1dc71bb:53E
1786386902.947125 s1e1-bed9eef6:1 s2e1-81cd9116:1 s3e1-a1dc71bb:1
1786386902.953962 s1e1-bed9eef6:1 s2e1-81cd9116:1 s3e1-a1dc71bb:1
1786386902.974364 s1e1-bed9eef6:1 s2e1-81cd9116:1 s3e1-a1dc71bb:1
1786386902.994855 s1e1-bed9eef6:1 s2e1-81cd9116:1 s3e1-a1dc71bb:1
1786386903.015382 s1e1-bed9eef6:1 s2e1-81cd9116:1 s3e1-a1dc71bb:1
1786386903.035852 s1e1-bed9eef6:1 s2e1-81cd9116:1 s3e1-a1dc71bb:1
1786386903.056407 s1e1-bed9eef6:1 s2e1-81cd9116:1 s3e1-a1dc71bb:1
1786386903.076837 s1e1-bed9eef6:1 s2e1-81cd9116:1 s3e1-a1dc71bb:1
1786386903.097552 s1e1-bed9eef6:1 s2e1-81cd9116:1 s3e1-a1dc71bb:1 s4e1-92d49b6c:53E
1786386903.154832 s2e1-81cd9116:1 s3e1-a1dc71bb:1 s4e1-92d49b6c:1
1786386903.161972 s2e1-81cd9116:1 s3e1-a1dc71bb:1 s4e1-92d49b6c:1
1786386903.182525 s2e1-81cd9116:1 s3e1-a1dc71bb:1 s4e1-92d49b6c:1
1786386903.203130 s2e1-81cd9116:1 s3e1-a1dc71bb:1 s4e1-92d49b6c:1
1786386903.223660 s2e1-81cd9116:1 s3e1-a1dc71bb:1 s4e1-92d49b6c:1
1786386903.244236 s2e1-81cd9116:1 s3e1-a1dc71bb:1 s4e1-92d49b6c:1
1786386903.264853 s2e1-81cd9116:1 s3e1-a1dc71bb:1 s4e1-92d49b6c:1
1786386903.285370 s2e1-81cd9116:1 s3e1-a1dc71bb:1 s4e1-92d49b6c:1
1786386903.305927 s2e1-81cd9116:1 s3e1-a1dc71bb:1 s4e1-92d49b6c:1
1786386903.326491 s2e1-81cd9116:1 s3e1-a1dc71bb:1 s4e1-92d49b6c:1
1786386903.347042 s3e1-a1dc71bb:1 s4e1-92d49b6c:1
1786386903.367802 s3e1-a1dc71bb:1 s4e1-92d49b6c:1 s5e1-a47300ef:53E
1786386903.425533 s3e1-a1dc71bb:1 s4e1-92d49b6c:1 s5e1-a47300ef:1
1786386903.432348 s3e1-a1dc71bb:1 s4e1-92d49b6c:1 s5e1-a47300ef:1
1786386903.452529 s3e1-a1dc71bb:1 s4e1-92d49b6c:1 s5e1-a47300ef:1
1786386903.473018 s3e1-a1dc71bb:1 s4e1-92d49b6c:1 s5e1-a47300ef:1
1786386903.493396 s3e1-a1dc71bb:1 s4e1-92d49b6c:1 s5e1-a47300ef:1
1786386903.513870 s3e1-a1dc71bb:1 s4e1-92d49b6c:1 s5e1-a47300ef:1
1786386903.534451 s3e1-a1dc71bb:1 s4e1-92d49b6c:1 s5e1-a47300ef:1
1786386903.554867 s3e1-a1dc71bb:1 s4e1-92d49b6c:1 s5e1-a47300ef:1
1786386903.575364 s3e1-a1dc71bb:1 s4e1-92d49b6c:1 s5e1-a47300ef:1
1786386903.595855 s3e1-a1dc71bb:1 s4e1-92d49b6c:1 s5e1-a47300ef:1
1786386903.616405 s3e1-a1dc71bb:1 s4e1-92d49b6c:1 s5e1-a47300ef:1
1786386903.636842 s4e1-92d49b6c:1 s5e1-a47300ef:1
1786386903.657370 s4e1-92d49b6c:1 s5e1-a47300ef:1
1786386903.677328 s4e1-92d49b6c:1 s5e1-a47300ef:1
1786386903.697288 s4e1-92d49b6c:1 s5e1-a47300ef:1
1786386903.717541 s4e1-92d49b6c:1 s5e1-a47300ef:1 s6e1-b3663ea1:53E
1786386903.775402 s4e1-92d49b6c:1 s5e1-a47300ef:1 s6e1-b3663ea1:1
1786386903.782613 s4e1-92d49b6c:1 s5e1-a47300ef:1 s6e1-b3663ea1:1
1786386903.803090 s4e1-92d49b6c:1 s5e1-a47300ef:1 s6e1-b3663ea1:1
1786386903.823844 s4e1-92d49b6c:1 s5e1-a47300ef:1 s6e1-b3663ea1:1
1786386903.844404 s5e1-a47300ef:1 s6e1-b3663ea1:1
1786386903.865120 s5e1-a47300ef:1 s6e1-b3663ea1:1
1786386903.885453 s5e1-a47300ef:1 s6e1-b3663ea1:1 s7e1-ba8ac0a3:53E
1786386903.942252 s5e1-a47300ef:1 s6e1-b3663ea1:1 s7e1-ba8ac0a3:1
1786386903.949309 s5e1-a47300ef:1 s6e1-b3663ea1:1 s7e1-ba8ac0a3:1
1786386903.969613 s5e1-a47300ef:1 s6e1-b3663ea1:1 s7e1-ba8ac0a3:1
1786386903.990084 s5e1-a47300ef:1 s6e1-b3663ea1:1 s7e1-ba8ac0a3:1
1786386904.010590 s5e1-a47300ef:1 s6e1-b3663ea1:1 s7e1-ba8ac0a3:1
1786386904.031085 s5e1-a47300ef:1 s6e1-b3663ea1:1 s7e1-ba8ac0a3:1
1786386904.051576 s5e1-a47300ef:1 s6e1-b3663ea1:1 s7e1-ba8ac0a3:1
1786386904.072065 s5e1-a47300ef:1 s6e1-b3663ea1:1 s7e1-ba8ac0a3:1
1786386904.092552 s5e1-a47300ef:1 s6e1-b3663ea1:1 s7e1-ba8ac0a3:1
1786386904.113320 s6e1-b3663ea1:1 s7e1-ba8ac0a3:1 s8e1-a585f7d5:53E
1786386904.174205 s6e1-b3663ea1:1 s7e1-ba8ac0a3:1 s8e1-a585f7d5:1
1786386904.180477 s6e1-b3663ea1:1 s7e1-ba8ac0a3:1 s8e1-a585f7d5:1
1786386904.201061 s6e1-b3663ea1:1 s7e1-ba8ac0a3:1 s8e1-a585f7d5:1
1786386904.221705 s6e1-b3663ea1:1 s7e1-ba8ac0a3:1 s8e1-a585f7d5:1
1786386904.242227 s6e1-b3663ea1:1 s7e1-ba8ac0a3:1 s8e1-a585f7d5:1
1786386904.262817 s6e1-b3663ea1:1 s7e1-ba8ac0a3:1 s8e1-a585f7d5:1
1786386904.283420 s6e1-b3663ea1:1 s7e1-ba8ac0a3:1 s8e1-a585f7d5:1
1786386904.304008 s6e1-b3663ea1:1 s7e1-ba8ac0a3:1 s8e1-a585f7d5:1
1786386904.324599 s6e1-b3663ea1:1 s7e1-ba8ac0a3:1 s8e1-a585f7d5:1
1786386904.345202 s6e1-b3663ea1:1 s7e1-ba8ac0a3:1 s8e1-a585f7d5:1
1786386904.365796 s6e1-b3663ea1:1 s7e1-ba8ac0a3:1 s8e1-a585f7d5:1
1786386904.386386 s6e1-b3663ea1:1 s7e1-ba8ac0a3:1 s8e1-a585f7d5:1
1786386904.406961 s6e1-b3663ea1:1 s7e1-ba8ac0a3:1 s8e1-a585f7d5:1
1786386904.427764 s6e1-b3663ea1:1 s7e1-ba8ac0a3:1 s8e1-a585f7d5:1 s1e1-bed9eef6:53E
1786386904.486430 s6e1-b3663ea1:1 s7e1-ba8ac0a3:1 s8e1-a585f7d5:1 s1e1-bed9eef6:1
1786386904.493135 s7e1-ba8ac0a3:1 s8e1-a585f7d5:1 s1e1-bed9eef6:1
1786386904.513757 s7e1-ba8ac0a3:1 s8e1-a585f7d5:1 s1e1-bed9eef6:1
1786386904.534257 s7e1-ba8ac0a3:1 s8e1-a585f7d5:1 s1e1-bed9eef6:1
1786386904.554719 s7e1-ba8ac0a3:1 s8e1-a585f7d5:1 s1e1-bed9eef6:1
1786386904.575304 s7e1-ba8ac0a3:1 s8e1-a585f7d5:1 s1e1-bed9eef6:1
1786386904.595776 s7e1-ba8ac0a3:1 s8e1-a585f7d5:1 s1e1-bed9eef6:1
1786386904.616308 s7e1-ba8ac0a3:1 s8e1-a585f7d5:1 s1e1-bed9eef6:1
1786386904.637065 s8e1-a585f7d5:1 s1e1-bed9eef6:1
1786386904.657501 s8e1-a585f7d5:1 s1e1-bed9eef6:1 s2e1-81cd9116:53E
1786386904.715375 s8e1-a585f7d5:1 s1e1-bed9eef6:1 s2e1-81cd9116:1
1786386904.721775 s8e1-a585f7d5:1 s1e1-bed9eef6:1 s2e1-81cd9116:1
1786386904.742294 s8e1-a585f7d5:1 s1e1-bed9eef6:1 s2e1-81cd9116:1
1786386904.762872 s8e1-a585f7d5:1 s1e1-bed9eef6:1 s2e1-81cd9116:1
1786386904.783310 s8e1-a585f7d5:1 s1e1-bed9eef6:1 s2e1-81cd9116:1
1786386904.803844 s8e1-a585f7d5:1 s1e1-bed9eef6:1 s2e1-81cd9116:1
1786386904.824430 s8e1-a585f7d5:1 s1e1-bed9eef6:1 s2e1-81cd9116:1
1786386904.845082 s8e1-a585f7d5:1 s1e1-bed9eef6:1 s2e1-81cd9116:1
1786386904.865804 s1e1-bed9eef6:1 s2e1-81cd9116:1 s3e1-a1dc71bb:53E
1786386904.923956 s1e1-bed9eef6:1 s2e1-81cd9116:1 s3e1-a1dc71bb:1
1786386904.930546 s1e1-bed9eef6:1 s2e1-81cd9116:1 s3e1-a1dc71bb:1
1786386904.950904 s1e1-bed9eef6:1 s2e1-81cd9116:1 s3e1-a1dc71bb:1
1786386904.971442 s1e1-bed9eef6:1 s2e1-81cd9116:1 s3e1-a1dc71bb:1
1786386904.992333 s1e1-bed9eef6:1 s2e1-81cd9116:1 s3e1-a1dc71bb:1
1786386905.012540 s1e1-bed9eef6:1 s2e1-81cd9116:1 s3e1-a1dc71bb:1
1786386905.033066 s1e1-bed9eef6:1 s2e1-81cd9116:1 s3e1-a1dc71bb:1
1786386905.053651 s1e1-bed9eef6:1 s2e1-81cd9116:1 s3e1-a1dc71bb:1
1786386905.074262 s1e1-bed9eef6:1 s2e1-81cd9116:1 s3e1-a1dc71bb:1
1786386905.094842 s1e1-bed9eef6:1 s2e1-81cd9116:1 s3e1-a1dc71bb:1
1786386905.115511 s1e1-bed9eef6:1 s2e1-81cd9116:1 s3e1-a1dc71bb:1
1786386905.136062 s1e1-bed9eef6:1 s2e1-81cd9116:1 s3e1-a1dc71bb:1
1786386905.156641 s1e1-bed9eef6:1 s2e1-81cd9116:1 s3e1-a1dc71bb:1
1786386905.177495 s2e1-81cd9116:1 s3e1-a1dc71bb:1 s4e1-92d49b6c:53E
1786386905.238123 s2e1-81cd9116:1 s3e1-a1dc71bb:1 s4e1-92d49b6c:1
1786386905.243916 s2e1-81cd9116:1 s3e1-a1dc71bb:1 s4e1-92d49b6c:1
1786386905.264277 s2e1-81cd9116:1 s3e1-a1dc71bb:1 s4e1-92d49b6c:1
1786386905.284827 s2e1-81cd9116:1 s3e1-a1dc71bb:1 s4e1-92d49b6c:1
1786386905.305297 s2e1-81cd9116:1 s3e1-a1dc71bb:1 s4e1-92d49b6c:1
1786386905.325808 s2e1-81cd9116:1 s3e1-a1dc71bb:1 s4e1-92d49b6c:1
1786386905.346313 s2e1-81cd9116:1 s3e1-a1dc71bb:1 s4e1-92d49b6c:1
1786386905.366910 s2e1-81cd9116:1 s3e1-a1dc71bb:1 s4e1-92d49b6c:1
1786386905.387658 s2e1-81cd9116:1 s3e1-a1dc71bb:1 s4e1-92d49b6c:1 s5e1-a47300ef:53E
1786386905.445719 s3e1-a1dc71bb:1 s4e1-92d49b6c:1 s5e1-a47300ef:1
1786386905.452729 s3e1-a1dc71bb:1 s4e1-92d49b6c:1 s5e1-a47300ef:1
1786386905.473046 s3e1-a1dc71bb:1 s4e1-92d49b6c:1 s5e1-a47300ef:1
1786386905.493637 s3e1-a1dc71bb:1 s4e1-92d49b6c:1 s5e1-a47300ef:1
1786386905.514313 s3e1-a1dc71bb:1 s4e1-92d49b6c:1 s5e1-a47300ef:1
1786386905.534921 s3e1-a1dc71bb:1 s4e1-92d49b6c:1 s5e1-a47300ef:1
1786386905.555522 s3e1-a1dc71bb:1 s4e1-92d49b6c:1 s5e1-a47300ef:1
1786386905.576165 s3e1-a1dc71bb:1 s4e1-92d49b6c:1 s5e1-a47300ef:1
1786386905.596785 s3e1-a1dc71bb:1 s4e1-92d49b6c:1 s5e1-a47300ef:1
1786386905.617635 s4e1-92d49b6c:1 s5e1-a47300ef:1 s6e1-b3663ea1:53E
1786386905.676166 s4e1-92d49b6c:1 s5e1-a47300ef:1 s6e1-b3663ea1:1
1786386905.683155 s4e1-92d49b6c:1 s5e1-a47300ef:1 s6e1-b3663ea1:1
1786386905.703615 s4e1-92d49b6c:1 s5e1-a47300ef:1 s6e1-b3663ea1:1
1786386905.724243 s4e1-92d49b6c:1 s5e1-a47300ef:1 s6e1-b3663ea1:1
1786386905.744879 s4e1-92d49b6c:1 s5e1-a47300ef:1 s6e1-b3663ea1:1
1786386905.765498 s4e1-92d49b6c:1 s5e1-a47300ef:1 s6e1-b3663ea1:1
1786386905.786135 s4e1-92d49b6c:1 s5e1-a47300ef:1 s6e1-b3663ea1:1
1786386905.806804 s4e1-92d49b6c:1 s5e1-a47300ef:1 s6e1-b3663ea1:1
1786386905.827393 s4e1-92d49b6c:1 s5e1-a47300ef:1 s6e1-b3663ea1:1
1786386905.848023 s4e1-92d49b6c:1 s5e1-a47300ef:1 s6e1-b3663ea1:1
1786386905.868615 s4e1-92d49b6c:1 s5e1-a47300ef:1 s6e1-b3663ea1:1
1786386905.889342 s4e1-92d49b6c:1 s5e1-a47300ef:1 s6e1-b3663ea1:1
1786386905.910107 s4e1-92d49b6c:1 s5e1-a47300ef:1 s6e1-b3663ea1:1 s7e1-ba8ac0a3:53E
1786386905.968811 s5e1-a47300ef:1 s6e1-b3663ea1:1 s7e1-ba8ac0a3:1
1786386905.975395 s5e1-a47300ef:1 s6e1-b3663ea1:1 s7e1-ba8ac0a3:1
1786386905.996006 s5e1-a47300ef:1 s6e1-b3663ea1:1 s7e1-ba8ac0a3:1
1786386906.016724 s5e1-a47300ef:1 s6e1-b3663ea1:1 s7e1-ba8ac0a3:1
1786386906.037447 s5e1-a47300ef:1 s6e1-b3663ea1:1 s7e1-ba8ac0a3:1
1786386906.058209 s5e1-a47300ef:1 s6e1-b3663ea1:1 s7e1-ba8ac0a3:1
1786386906.078878 s5e1-a47300ef:1 s6e1-b3663ea1:1 s7e1-ba8ac0a3:1
1786386906.099584 s5e1-a47300ef:1 s6e1-b3663ea1:1 s7e1-ba8ac0a3:1
1786386906.120272 s5e1-a47300ef:1 s6e1-b3663ea1:1 s7e1-ba8ac0a3:1
1786386906.141176 s6e1-b3663ea1:1 s7e1-ba8ac0a3:1 s8e1-a585f7d5:53E
1786386906.198753 s6e1-b3663ea1:1 s7e1-ba8ac0a3:1 s8e1-a585f7d5:1
1786386906.206373 s6e1-b3663ea1:1 s7e1-ba8ac0a3:1 s8e1-a585f7d5:1
1786386906.226759 s6e1-b3663ea1:1 s7e1-ba8ac0a3:1 s8e1-a585f7d5:1
1786386906.247370 s6e1-b3663ea1:1 s7e1-ba8ac0a3:1 s8e1-a585f7d5:1
1786386906.268079 s6e1-b3663ea1:1 s7e1-ba8ac0a3:1 s8e1-a585f7d5:1
1786386906.288670 s6e1-b3663ea1:1 s7e1-ba8ac0a3:1 s8e1-a585f7d5:1
1786386906.309414 s6e1-b3663ea1:1 s7e1-ba8ac0a3:1 s8e1-a585f7d5:1
1786386906.330216 s6e1-b3663ea1:1 s7e1-ba8ac0a3:1 s8e1-a585f7d5:1
1786386906.351223 s6e1-b3663ea1:1 s7e1-ba8ac0a3:1 s8e1-a585f7d5:1 s1e1-bed9eef6:53E
1786386906.408225 s7e1-ba8ac0a3:1 s8e1-a585f7d5:1 s1e1-bed9eef6:1
1786386906.416166 s7e1-ba8ac0a3:1 s8e1-a585f7d5:1 s1e1-bed9eef6:1
1786386906.436873 s7e1-ba8ac0a3:1 s8e1-a585f7d5:1 s1e1-bed9eef6:1
1786386906.457550 s7e1-ba8ac0a3:1 s8e1-a585f7d5:1 s1e1-bed9eef6:1
1786386906.478243 s7e1-ba8ac0a3:1 s8e1-a585f7d5:1 s1e1-bed9eef6:1
1786386906.498979 s7e1-ba8ac0a3:1 s8e1-a585f7d5:1 s1e1-bed9eef6:1
1786386906.519669 s7e1-ba8ac0a3:1 s8e1-a585f7d5:1 s1e1-bed9eef6:1
1786386906.540372 s7e1-ba8ac0a3:1 s8e1-a585f7d5:1 s1e1-bed9eef6:1
1786386906.561125 s7e1-ba8ac0a3:1 s8e1-a585f7d5:1 s1e1-bed9eef6:1
1786386906.581803 s7e1-ba8ac0a3:1 s8e1-a585f7d5:1 s1e1-bed9eef6:1
1786386906.602499 s7e1-ba8ac0a3:1 s8e1-a585f7d5:1 s1e1-bed9eef6:1
1786386906.623217 s7e1-ba8ac0a3:1 s8e1-a585f7d5:1 s1e1-bed9eef6:1
1786386906.643835 s7e1-ba8ac0a3:1 s8e1-a585f7d5:1 s1e1-bed9eef6:1
1786386906.664671 s8e1-a585f7d5:1 s1e1-bed9eef6:1 s2e1-81cd9116:53E
1786386906.725311 s8e1-a585f7d5:1 s1e1-bed9eef6:1 s2e1-81cd9116:1
1786386906.732415 s8e1-a585f7d5:1 s1e1-bed9eef6:1 s2e1-81cd9116:1
1786386906.752902 s8e1-a585f7d5:1 s1e1-bed9eef6:1 s2e1-81cd9116:1
1786386906.773437 s8e1-a585f7d5:1 s1e1-bed9eef6:1 s2e1-81cd9116:1
1786386906.793972 s8e1-a585f7d5:1 s1e1-bed9eef6:1 s2e1-81cd9116:1
1786386906.814512 s8e1-a585f7d5:1 s1e1-bed9eef6:1 s2e1-81cd9116:1
1786386906.835107 s8e1-a585f7d5:1 s1e1-bed9eef6:1 s2e1-81cd9116:1
1786386906.855788 s8e1-a585f7d5:1 s1e1-bed9eef6:1 s2e1-81cd9116:1
1786386906.876366 s8e1-a585f7d5:1 s1e1-bed9eef6:1 s2e1-81cd9116:1
1786386906.896978 s1e1-bed9eef6:1 s2e1-81cd9116:1
1786386906.917842 s1e1-bed9eef6:1 s2e1-81cd9116:1 s3e1-a1dc71bb:53E
1786386906.974507 s1e1-bed9eef6:1 s2e1-81cd9116:1 s3e1-a1dc71bb:1
1786386906.981882 s1e1-bed9eef6:1 s2e1-81cd9116:1 s3e1-a1dc71bb:1
1786386907.002386 s1e1-bed9eef6:1 s2e1-81cd9116:1 s3e1-a1dc71bb:1
1786386907.023040 s1e1-bed9eef6:1 s2e1-81cd9116:1 s3e1-a1dc71bb:1
1786386907.043645 s1e1-bed9eef6:1 s2e1-81cd9116:1 s3e1-a1dc71bb:1
1786386907.064501 s1e1-bed9eef6:1 s2e1-81cd9116:1 s3e1-a1dc71bb:1 s4e1-92d49b6c:53E
1786386907.122075 s1e1-bed9eef6:1 s2e1-81cd9116:1 s3e1-a1dc71bb:1 s4e1-92d49b6c:1
1786386907.129294 s2e1-81cd9116:1 s3e1-a1dc71bb:1 s4e1-92d49b6c:1
1786386907.149714 s2e1-81cd9116:1 s3e1-a1dc71bb:1 s4e1-92d49b6c:1
1786386907.170385 s2e1-81cd9116:1 s3e1-a1dc71bb:1 s4e1-92d49b6c:1
1786386907.191001 s2e1-81cd9116:1 s3e1-a1dc71bb:1 s4e1-92d49b6c:1
1786386907.211665 s2e1-81cd9116:1 s3e1-a1dc71bb:1 s4e1-92d49b6c:1
1786386907.232315 s2e1-81cd9116:1 s3e1-a1dc71bb:1 s4e1-92d49b6c:1
1786386907.252878 s2e1-81cd9116:1 s3e1-a1dc71bb:1 s4e1-92d49b6c:1
1786386907.273633 s2e1-81cd9116:1 s3e1-a1dc71bb:1 s4e1-92d49b6c:1
1786386907.294437 s2e1-81cd9116:1 s3e1-a1dc71bb:1 s4e1-92d49b6c:1
1786386907.315295 s2e1-81cd9116:1 s3e1-a1dc71bb:1 s4e1-92d49b6c:1
1786386907.336061 s2e1-81cd9116:1 s3e1-a1dc71bb:1 s4e1-92d49b6c:1
1786386907.357091 s2e1-81cd9116:1 s3e1-a1dc71bb:1 s4e1-92d49b6c:1 s5e1-a47300ef:53E
1786386907.415757 s2e1-81cd9116:1 s3e1-a1dc71bb:1 s4e1-92d49b6c:1 s5e1-a47300ef:1
1786386907.422842 s2e1-81cd9116:1 s3e1-a1dc71bb:1 s4e1-92d49b6c:1 s5e1-a47300ef:1
1786386907.443521 s3e1-a1dc71bb:1 s4e1-92d49b6c:1 s5e1-a47300ef:1
1786386907.464274 s3e1-a1dc71bb:1 s4e1-92d49b6c:1 s5e1-a47300ef:1
1786386907.484998 s3e1-a1dc71bb:1 s4e1-92d49b6c:1 s5e1-a47300ef:1
1786386907.505703 s3e1-a1dc71bb:1 s4e1-92d49b6c:1 s5e1-a47300ef:1
1786386907.526452 s3e1-a1dc71bb:1 s4e1-92d49b6c:1 s5e1-a47300ef:1
1786386907.547156 s3e1-a1dc71bb:1 s4e1-92d49b6c:1 s5e1-a47300ef:1
1786386907.568092 s3e1-a1dc71bb:1 s4e1-92d49b6c:1 s5e1-a47300ef:1 s6e1-b3663ea1:53E
1786386907.627523 s3e1-a1dc71bb:1 s4e1-92d49b6c:1 s5e1-a47300ef:1 s6e1-b3663ea1:1
1786386907.634357 s3e1-a1dc71bb:1 s4e1-92d49b6c:1 s5e1-a47300ef:1 s6e1-b3663ea1:1
1786386907.654892 s3e1-a1dc71bb:1 s4e1-92d49b6c:1 s5e1-a47300ef:1 s6e1-b3663ea1:1
1786386907.675786 s3e1-a1dc71bb:1 s4e1-92d49b6c:1 s5e1-a47300ef:1 s6e1-b3663ea1:1
1786386907.696446 s4e1-92d49b6c:1 s5e1-a47300ef:1 s6e1-b3663ea1:1
1786386907.717218 s4e1-92d49b6c:1 s5e1-a47300ef:1 s6e1-b3663ea1:1
1786386907.737989 s4e1-92d49b6c:1 s5e1-a47300ef:1 s6e1-b3663ea1:1
1786386907.758619 s4e1-92d49b6c:1 s5e1-a47300ef:1 s6e1-b3663ea1:1
1786386907.779342 s4e1-92d49b6c:1 s5e1-a47300ef:1 s6e1-b3663ea1:1
1786386907.800053 s4e1-92d49b6c:1 s5e1-a47300ef:1 s6e1-b3663ea1:1
1786386907.820746 s5e1-a47300ef:1 s6e1-b3663ea1:1
1786386907.841826 s5e1-a47300ef:1 s6e1-b3663ea1:1
1786386907.862082 s5e1-a47300ef:1 s6e1-b3663ea1:1 s7e1-ba8ac0a3:53E
1786386907.924211 s5e1-a47300ef:1 s6e1-b3663ea1:1 s7e1-ba8ac0a3:1
1786386907.930279 s5e1-a47300ef:1 s6e1-b3663ea1:1 s7e1-ba8ac0a3:1
1786386907.950646 s5e1-a47300ef:1 s6e1-b3663ea1:1 s7e1-ba8ac0a3:1
1786386907.971252 s5e1-a47300ef:1 s6e1-b3663ea1:1 s7e1-ba8ac0a3:1
1786386907.991807 s5e1-a47300ef:1 s6e1-b3663ea1:1 s7e1-ba8ac0a3:1
1786386908.012347 s5e1-a47300ef:1 s6e1-b3663ea1:1 s7e1-ba8ac0a3:1
1786386908.032955 s5e1-a47300ef:1 s6e1-b3663ea1:1 s7e1-ba8ac0a3:1
1786386908.053406 s5e1-a47300ef:1 s6e1-b3663ea1:1 s7e1-ba8ac0a3:1
1786386908.073955 s5e1-a47300ef:1 s6e1-b3663ea1:1 s7e1-ba8ac0a3:1
1786386908.094593 s5e1-a47300ef:1 s6e1-b3663ea1:1 s7e1-ba8ac0a3:1
1786386908.115285 s6e1-b3663ea1:1 s7e1-ba8ac0a3:1 s8e1-a585f7d5:53E
1786386908.173643 s6e1-b3663ea1:1 s7e1-ba8ac0a3:1 s8e1-a585f7d5:1
1786386908.180919 s6e1-b3663ea1:1 s7e1-ba8ac0a3:1 s8e1-a585f7d5:1
1786386908.201467 s6e1-b3663ea1:1 s7e1-ba8ac0a3:1 s8e1-a585f7d5:1
1786386908.222102 s6e1-b3663ea1:1 s7e1-ba8ac0a3:1 s8e1-a585f7d5:1
1786386908.242711 s6e1-b3663ea1:1 s7e1-ba8ac0a3:1 s8e1-a585f7d5:1
1786386908.263440 s6e1-b3663ea1:1 s7e1-ba8ac0a3:1 s8e1-a585f7d5:1
1786386908.284097 s6e1-b3663ea1:1 s7e1-ba8ac0a3:1 s8e1-a585f7d5:1
1786386908.304795 s6e1-b3663ea1:1 s7e1-ba8ac0a3:1 s8e1-a585f7d5:1
1786386908.325484 s7e1-ba8ac0a3:1 s8e1-a585f7d5:1
1786386908.346299 s7e1-ba8ac0a3:1 s8e1-a585f7d5:1
1786386908.366868 s7e1-ba8ac0a3:1 s8e1-a585f7d5:1 s1e1-bed9eef6:53E
1786386908.426860 s7e1-ba8ac0a3:1 s8e1-a585f7d5:1 s1e1-bed9eef6:1
1786386908.433062 s7e1-ba8ac0a3:1 s8e1-a585f7d5:1 s1e1-bed9eef6:1
1786386908.453556 s7e1-ba8ac0a3:1 s8e1-a585f7d5:1 s1e1-bed9eef6:1
1786386908.474335 s7e1-ba8ac0a3:1 s8e1-a585f7d5:1 s1e1-bed9eef6:1
1786386908.495039 s7e1-ba8ac0a3:1 s8e1-a585f7d5:1 s1e1-bed9eef6:1
1786386908.515830 s7e1-ba8ac0a3:1 s8e1-a585f7d5:1 s1e1-bed9eef6:1
1786386908.536618 s7e1-ba8ac0a3:1 s8e1-a585f7d5:1 s1e1-bed9eef6:1
1786386908.557440 s7e1-ba8ac0a3:1 s8e1-a585f7d5:1 s1e1-bed9eef6:1
1786386908.578172 s7e1-ba8ac0a3:1 s8e1-a585f7d5:1 s1e1-bed9eef6:1
1786386908.598867 s7e1-ba8ac0a3:1 s8e1-a585f7d5:1 s1e1-bed9eef6:1
1786386908.619785 s8e1-a585f7d5:1 s1e1-bed9eef6:1
1786386908.640625 s8e1-a585f7d5:1 s1e1-bed9eef6:1 s2e1-81cd9116:53E
1786386908.698814 s8e1-a585f7d5:1 s1e1-bed9eef6:1 s2e1-81cd9116:1
1786386908.706589 s8e1-a585f7d5:1 s1e1-bed9eef6:1 s2e1-81cd9116:1
1786386908.727035 s8e1-a585f7d5:1 s1e1-bed9eef6:1 s2e1-81cd9116:1
1786386908.747572 s8e1-a585f7d5:1 s1e1-bed9eef6:1 s2e1-81cd9116:1
1786386908.768157 s8e1-a585f7d5:1 s1e1-bed9eef6:1 s2e1-81cd9116:1
1786386908.788783 s8e1-a585f7d5:1 s1e1-bed9eef6:1 s2e1-81cd9116:1
1786386908.809483 s8e1-a585f7d5:1 s1e1-bed9eef6:1 s2e1-81cd9116:1
1786386908.830248 s8e1-a585f7d5:1 s1e1-bed9eef6:1 s2e1-81cd9116:1
1786386908.850914 s8e1-a585f7d5:1 s1e1-bed9eef6:1 s2e1-81cd9116:1
1786386908.871598 s1e1-bed9eef6:1 s2e1-81cd9116:1
1786386908.892562 s1e1-bed9eef6:1 s2e1-81cd9116:1 s3e1-a1dc71bb:53E
1786386908.949326 s1e1-bed9eef6:1 s2e1-81cd9116:1 s3e1-a1dc71bb:1
1786386908.957179 s1e1-bed9eef6:1 s2e1-81cd9116:1 s3e1-a1dc71bb:1
1786386908.977883 s1e1-bed9eef6:1 s2e1-81cd9116:1 s3e1-a1dc71bb:1
1786386908.998536 s1e1-bed9eef6:1 s2e1-81cd9116:1 s3e1-a1dc71bb:1
1786386909.019252 s1e1-bed9eef6:1 s2e1-81cd9116:1 s3e1-a1dc71bb:1
1786386909.039958 s1e1-bed9eef6:1 s2e1-81cd9116:1 s3e1-a1dc71bb:1
1786386909.060673 s1e1-bed9eef6:1 s2e1-81cd9116:1 s3e1-a1dc71bb:1
1786386909.081436 s1e1-bed9eef6:1 s2e1-81cd9116:1 s3e1-a1dc71bb:1
1786386909.102124 s1e1-bed9eef6:1 s2e1-81cd9116:1 s3e1-a1dc71bb:1
1786386909.123108 s2e1-81cd9116:1 s3e1-a1dc71bb:1 s4e1-92d49b6c:53E
1786386909.183307 s2e1-81cd9116:1 s3e1-a1dc71bb:1 s4e1-92d49b6c:1
1786386909.189837 s2e1-81cd9116:1 s3e1-a1dc71bb:1 s4e1-92d49b6c:1
1786386909.210244 s2e1-81cd9116:1 s3e1-a1dc71bb:1 s4e1-92d49b6c:1
1786386909.230870 s2e1-81cd9116:1 s3e1-a1dc71bb:1 s4e1-92d49b6c:1
1786386909.251507 s2e1-81cd9116:1 s3e1-a1dc71bb:1 s4e1-92d49b6c:1
1786386909.272144 s2e1-81cd9116:1 s3e1-a1dc71bb:1 s4e1-92d49b6c:1
1786386909.292795 s2e1-81cd9116:1 s3e1-a1dc71bb:1 s4e1-92d49b6c:1
1786386909.313395 s2e1-81cd9116:1 s3e1-a1dc71bb:1 s4e1-92d49b6c:1
1786386909.334163 s2e1-81cd9116:1 s3e1-a1dc71bb:1 s4e1-92d49b6c:1
1786386909.354758 s2e1-81cd9116:1 s3e1-a1dc71bb:1 s4e1-92d49b6c:1
1786386909.375587 s2e1-81cd9116:1 s3e1-a1dc71bb:1 s4e1-92d49b6c:1 s5e1-a47300ef:53E
1786386909.434059 s3e1-a1dc71bb:1 s4e1-92d49b6c:1 s5e1-a47300ef:1
1786386909.441446 s3e1-a1dc71bb:1 s4e1-92d49b6c:1 s5e1-a47300ef:1
1786386909.462155 s3e1-a1dc71bb:1 s4e1-92d49b6c:1 s5e1-a47300ef:1
1786386909.482687 s3e1-a1dc71bb:1 s4e1-92d49b6c:1 s5e1-a47300ef:1
1786386909.503331 s3e1-a1dc71bb:1 s4e1-92d49b6c:1 s5e1-a47300ef:1
1786386909.524042 s3e1-a1dc71bb:1 s4e1-92d49b6c:1 s5e1-a47300ef:1
1786386909.544604 s3e1-a1dc71bb:1 s4e1-92d49b6c:1 s5e1-a47300ef:1
1786386909.565330 s3e1-a1dc71bb:1 s4e1-92d49b6c:1 s5e1-a47300ef:1
1786386909.585972 s3e1-a1dc71bb:1 s4e1-92d49b6c:1 s5e1-a47300ef:1
1786386909.606960 s3e1-a1dc71bb:1 s4e1-92d49b6c:1 s5e1-a47300ef:1 s6e1-b3663ea1:53E
1786386909.672548 s3e1-a1dc71bb:1 s4e1-92d49b6c:1 s5e1-a47300ef:1 s6e1-b3663ea1:1
1786386909.678241 s4e1-92d49b6c:1 s5e1-a47300ef:1 s6e1-b3663ea1:1
1786386909.698886 s4e1-92d49b6c:1 s5e1-a47300ef:1 s6e1-b3663ea1:1
1786386909.719588 s4e1-92d49b6c:1 s5e1-a47300ef:1 s6e1-b3663ea1:1
1786386909.740305 s4e1-92d49b6c:1 s5e1-a47300ef:1 s6e1-b3663ea1:1
1786386909.761044 s4e1-92d49b6c:1 s5e1-a47300ef:1 s6e1-b3663ea1:1
1786386909.781741 s4e1-92d49b6c:1 s5e1-a47300ef:1 s6e1-b3663ea1:1
1786386909.802441 s4e1-92d49b6c:1 s5e1-a47300ef:1 s6e1-b3663ea1:1
1786386909.823163 s4e1-92d49b6c:1 s5e1-a47300ef:1 s6e1-b3663ea1:1
1786386909.843814 s4e1-92d49b6c:1 s5e1-a47300ef:1 s6e1-b3663ea1:1
1786386909.864870 s4e1-92d49b6c:1 s5e1-a47300ef:1 s6e1-b3663ea1:1 s7e1-ba8ac0a3:53E
1786386909.936756 s5e1-a47300ef:1 s6e1-b3663ea1:1 s7e1-ba8ac0a3:1
1786386909.939853 s5e1-a47300ef:1 s6e1-b3663ea1:1 s7e1-ba8ac0a3:1
1786386909.959848 s5e1-a47300ef:1 s6e1-b3663ea1:1 s7e1-ba8ac0a3:1
1786386909.980424 s5e1-a47300ef:1 s6e1-b3663ea1:1 s7e1-ba8ac0a3:1
1786386910.001037 s5e1-a47300ef:1 s6e1-b3663ea1:1 s7e1-ba8ac0a3:1
1786386910.021661 s5e1-a47300ef:1 s6e1-b3663ea1:1 s7e1-ba8ac0a3:1
1786386910.042242 s5e1-a47300ef:1 s6e1-b3663ea1:1 s7e1-ba8ac0a3:1
1786386910.062851 s5e1-a47300ef:1 s6e1-b3663ea1:1 s7e1-ba8ac0a3:1
1786386910.083474 s5e1-a47300ef:1 s6e1-b3663ea1:1 s7e1-ba8ac0a3:1
1786386910.104122 s5e1-a47300ef:1 s6e1-b3663ea1:1 s7e1-ba8ac0a3:1
1786386910.124734 s5e1-a47300ef:1 s6e1-b3663ea1:1 s7e1-ba8ac0a3:1
1786386910.145607 s6e1-b3663ea1:1 s7e1-ba8ac0a3:1 s8e1-a585f7d5:53E
1786386910.203067 s6e1-b3663ea1:1 s7e1-ba8ac0a3:1 s8e1-a585f7d5:1
1786386910.210980 s6e1-b3663ea1:1 s7e1-ba8ac0a3:1 s8e1-a585f7d5:1
1786386910.231448 s6e1-b3663ea1:1 s7e1-ba8ac0a3:1 s8e1-a585f7d5:1
1786386910.252084 s6e1-b3663ea1:1 s7e1-ba8ac0a3:1 s8e1-a585f7d5:1
1786386910.272813 s6e1-b3663ea1:1 s7e1-ba8ac0a3:1 s8e1-a585f7d5:1
1786386910.293385 s6e1-b3663ea1:1 s7e1-ba8ac0a3:1 s8e1-a585f7d5:1
1786386910.314026 s6e1-b3663ea1:1 s7e1-ba8ac0a3:1 s8e1-a585f7d5:1
1786386910.334749 s6e1-b3663ea1:1 s7e1-ba8ac0a3:1 s8e1-a585f7d5:1
1786386910.355335 s6e1-b3663ea1:1 s7e1-ba8ac0a3:1 s8e1-a585f7d5:1
1786386910.375914 s7e1-ba8ac0a3:1 s8e1-a585f7d5:1
1786386910.396620 s7e1-ba8ac0a3:1 s8e1-a585f7d5:1
1786386910.417123 s7e1-ba8ac0a3:1 s8e1-a585f7d5:1 s1e1-bed9eef6:53E
1786386910.475496 s7e1-ba8ac0a3:1 s8e1-a585f7d5:1 s1e1-bed9eef6:1
1786386910.482802 s7e1-ba8ac0a3:1 s8e1-a585f7d5:1 s1e1-bed9eef6:1
1786386910.503239 s7e1-ba8ac0a3:1 s8e1-a585f7d5:1 s1e1-bed9eef6:1
1786386910.523953 s7e1-ba8ac0a3:1 s8e1-a585f7d5:1 s1e1-bed9eef6:1
1786386910.544614 s7e1-ba8ac0a3:1 s8e1-a585f7d5:1 s1e1-bed9eef6:1
1786386910.565341 s7e1-ba8ac0a3:1 s8e1-a585f7d5:1 s1e1-bed9eef6:1
1786386910.586080 s7e1-ba8ac0a3:1 s8e1-a585f7d5:1 s1e1-bed9eef6:1
1786386910.606993 s7e1-ba8ac0a3:1 s8e1-a585f7d5:1 s1e1-bed9eef6:1 s2e1-81cd9116:53E
1786386910.668403 s8e1-a585f7d5:1 s1e1-bed9eef6:1 s2e1-81cd9116:1
1786386910.674348 s8e1-a585f7d5:1 s1e1-bed9eef6:1 s2e1-81cd9116:1
1786386910.694955 s8e1-a585f7d5:1 s1e1-bed9eef6:1 s2e1-81cd9116:1
1786386910.715559 s8e1-a585f7d5:1 s1e1-bed9eef6:1 s2e1-81cd9116:1
1786386910.736173 s8e1-a585f7d5:1 s1e1-bed9eef6:1 s2e1-81cd9116:1
1786386910.756796 s8e1-a585f7d5:1 s1e1-bed9eef6:1 s2e1-81cd9116:1
1786386910.777469 s8e1-a585f7d5:1 s1e1-bed9eef6:1 s2e1-81cd9116:1
1786386910.798176 s8e1-a585f7d5:1 s1e1-bed9eef6:1 s2e1-81cd9116:1
1786386910.819062 s8e1-a585f7d5:1 s1e1-bed9eef6:1 s2e1-81cd9116:1
1786386910.839804 s8e1-a585f7d5:1 s1e1-bed9eef6:1 s2e1-81cd9116:1
1786386910.860595 s8e1-a585f7d5:1 s1e1-bed9eef6:1 s2e1-81cd9116:1
1786386910.881404 s8e1-a585f7d5:1 s1e1-bed9eef6:1 s2e1-81cd9116:1
1786386910.902329 s1e1-bed9eef6:1 s2e1-81cd9116:1
1786386910.923189 s1e1-bed9eef6:1 s2e1-81cd9116:1
1786386910.943736 s1e1-bed9eef6:1 s2e1-81cd9116:1 s3e1-a1dc71bb:53E
1786386911.002214 s1e1-bed9eef6:1 s2e1-81cd9116:1 s3e1-a1dc71bb:1
1786386911.009355 s1e1-bed9eef6:1 s2e1-81cd9116:1 s3e1-a1dc71bb:1
1786386911.029854 s1e1-bed9eef6:1 s2e1-81cd9116:1 s3e1-a1dc71bb:1
1786386911.050446 s1e1-bed9eef6:1 s2e1-81cd9116:1 s3e1-a1dc71bb:1
1786386911.071096 s1e1-bed9eef6:1 s2e1-81cd9116:1 s3e1-a1dc71bb:1
1786386911.091718 s1e1-bed9eef6:1 s2e1-81cd9116:1 s3e1-a1dc71bb:1
1786386911.112339 s1e1-bed9eef6:1 s2e1-81cd9116:1 s3e1-a1dc71bb:1
1786386911.133048 s1e1-bed9eef6:1 s2e1-81cd9116:1 s3e1-a1dc71bb:1
1786386911.153849 s1e1-bed9eef6:1 s2e1-81cd9116:1 s3e1-a1dc71bb:1 s4e1-92d49b6c:53E
1786386911.210600 s2e1-81cd9116:1 s3e1-a1dc71bb:1 s4e1-92d49b6c:1
1786386911.218918 s2e1-81cd9116:1 s3e1-a1dc71bb:1 s4e1-92d49b6c:1
1786386911.239736 s2e1-81cd9116:1 s3e1-a1dc71bb:1 s4e1-92d49b6c:1
1786386911.260538 s2e1-81cd9116:1 s3e1-a1dc71bb:1 s4e1-92d49b6c:1
1786386911.281284 s2e1-81cd9116:1 s3e1-a1dc71bb:1 s4e1-92d49b6c:1
1786386911.301961 s2e1-81cd9116:1 s3e1-a1dc71bb:1 s4e1-92d49b6c:1
1786386911.322663 s2e1-81cd9116:1 s3e1-a1dc71bb:1 s4e1-92d49b6c:1
1786386911.343380 s2e1-81cd9116:1 s3e1-a1dc71bb:1 s4e1-92d49b6c:1
1786386911.364196 s3e1-a1dc71bb:1 s4e1-92d49b6c:1
1786386911.385201 s3e1-a1dc71bb:1 s4e1-92d49b6c:1 s5e1-a47300ef:53E
1786386911.446684 s3e1-a1dc71bb:1 s4e1-92d49b6c:1 s5e1-a47300ef:1
1786386911.451456 s3e1-a1dc71bb:1 s4e1-92d49b6c:1 s5e1-a47300ef:1
1786386911.471948 s3e1-a1dc71bb:1 s4e1-92d49b6c:1 s5e1-a47300ef:1
1786386911.492514 s3e1-a1dc71bb:1 s4e1-92d49b6c:1 s5e1-a47300ef:1
1786386911.513126 s3e1-a1dc71bb:1 s4e1-92d49b6c:1 s5e1-a47300ef:1
1786386911.533765 s3e1-a1dc71bb:1 s4e1-92d49b6c:1 s5e1-a47300ef:1
1786386911.554388 s3e1-a1dc71bb:1 s4e1-92d49b6c:1 s5e1-a47300ef:1
1786386911.575011 s3e1-a1dc71bb:1 s4e1-92d49b6c:1 s5e1-a47300ef:1
1786386911.595812 s3e1-a1dc71bb:1 s4e1-92d49b6c:1 s5e1-a47300ef:1
1786386911.616643 s3e1-a1dc71bb:1 s4e1-92d49b6c:1 s5e1-a47300ef:1 s6e1-b3663ea1:53E
1786386911.681492 s3e1-a1dc71bb:1 s4e1-92d49b6c:1 s5e1-a47300ef:1 s6e1-b3663ea1:1
1786386911.688745 s3e1-a1dc71bb:1 s4e1-92d49b6c:1 s5e1-a47300ef:1 s6e1-b3663ea1:1
1786386911.709182 s3e1-a1dc71bb:1 s4e1-92d49b6c:1 s5e1-a47300ef:1 s6e1-b3663ea1:1
1786386911.729840 s4e1-92d49b6c:1 s5e1-a47300ef:1 s6e1-b3663ea1:1
1786386911.750520 s4e1-92d49b6c:1 s5e1-a47300ef:1 s6e1-b3663ea1:1
1786386911.771143 s4e1-92d49b6c:1 s5e1-a47300ef:1 s6e1-b3663ea1:1
1786386911.791775 s4e1-92d49b6c:1 s5e1-a47300ef:1 s6e1-b3663ea1:1
1786386911.812624 s4e1-92d49b6c:1 s5e1-a47300ef:1 s6e1-b3663ea1:1 s7e1-ba8ac0a3:53E
1786386911.869934 s4e1-92d49b6c:1 s5e1-a47300ef:1 s6e1-b3663ea1:1 s7e1-ba8ac0a3:1
1786386911.878281 s4e1-92d49b6c:1 s5e1-a47300ef:1 s6e1-b3663ea1:1 s7e1-ba8ac0a3:1
1786386911.899131 s4e1-92d49b6c:1 s5e1-a47300ef:1 s6e1-b3663ea1:1 s7e1-ba8ac0a3:1
1786386911.919993 s4e1-92d49b6c:1 s5e1-a47300ef:1 s6e1-b3663ea1:1 s7e1-ba8ac0a3:1
1786386911.940904 s5e1-a47300ef:1 s6e1-b3663ea1:1 s7e1-ba8ac0a3:1
1786386911.961722 s5e1-a47300ef:1 s6e1-b3663ea1:1 s7e1-ba8ac0a3:1
1786386911.982460 s5e1-a47300ef:1 s6e1-b3663ea1:1 s7e1-ba8ac0a3:1
1786386912.003119 s5e1-a47300ef:1 s6e1-b3663ea1:1 s7e1-ba8ac0a3:1
1786386912.023838 s5e1-a47300ef:1 s6e1-b3663ea1:1 s7e1-ba8ac0a3:1
1786386912.044596 s5e1-a47300ef:1 s6e1-b3663ea1:1 s7e1-ba8ac0a3:1
1786386912.065245 s5e1-a47300ef:1 s6e1-b3663ea1:1 s7e1-ba8ac0a3:1
1786386912.085952 s5e1-a47300ef:1 s6e1-b3663ea1:1 s7e1-ba8ac0a3:1
1786386912.106675 s5e1-a47300ef:1 s6e1-b3663ea1:1 s7e1-ba8ac0a3:1
1786386912.127378 s5e1-a47300ef:1 s6e1-b3663ea1:1 s7e1-ba8ac0a3:1
1786386912.148309 s6e1-b3663ea1:1 s7e1-ba8ac0a3:1 s8e1-a585f7d5:53E
1786386912.206431 s6e1-b3663ea1:1 s7e1-ba8ac0a3:1 s8e1-a585f7d5:1
1786386912.214313 s6e1-b3663ea1:1 s7e1-ba8ac0a3:1 s8e1-a585f7d5:1
1786386912.234922 s6e1-b3663ea1:1 s7e1-ba8ac0a3:1 s8e1-a585f7d5:1
1786386912.255558 s6e1-b3663ea1:1 s7e1-ba8ac0a3:1 s8e1-a585f7d5:1
1786386912.276235 s6e1-b3663ea1:1 s7e1-ba8ac0a3:1 s8e1-a585f7d5:1
1786386912.296932 s6e1-b3663ea1:1 s7e1-ba8ac0a3:1 s8e1-a585f7d5:1
1786386912.317728 s6e1-b3663ea1:1 s7e1-ba8ac0a3:1 s8e1-a585f7d5:1 s1e1-bed9eef6:53E
1786386912.376677 s6e1-b3663ea1:1 s7e1-ba8ac0a3:1 s8e1-a585f7d5:1 s1e1-bed9eef6:1
1786386912.384066 s6e1-b3663ea1:1 s7e1-ba8ac0a3:1 s8e1-a585f7d5:1 s1e1-bed9eef6:1
1786386912.404605 s7e1-ba8ac0a3:1 s8e1-a585f7d5:1 s1e1-bed9eef6:1
1786386912.425383 s7e1-ba8ac0a3:1 s8e1-a585f7d5:1 s1e1-bed9eef6:1
1786386912.446089 s7e1-ba8ac0a3:1 s8e1-a585f7d5:1 s1e1-bed9eef6:1
1786386912.466824 s7e1-ba8ac0a3:1 s8e1-a585f7d5:1 s1e1-bed9eef6:1
1786386912.487489 s7e1-ba8ac0a3:1 s8e1-a585f7d5:1 s1e1-bed9eef6:1
1786386912.508208 s7e1-ba8ac0a3:1 s8e1-a585f7d5:1 s1e1-bed9eef6:1
1786386912.528988 s7e1-ba8ac0a3:1 s8e1-a585f7d5:1 s1e1-bed9eef6:1
1786386912.549672 s7e1-ba8ac0a3:1 s8e1-a585f7d5:1 s1e1-bed9eef6:1
1786386912.570416 s8e1-a585f7d5:1 s1e1-bed9eef6:1
1786386912.591141 s8e1-a585f7d5:1 s1e1-bed9eef6:1
1786386912.611631 s8e1-a585f7d5:1 s1e1-bed9eef6:1 s2e1-81cd9116:53E
1786386912.672128 s8e1-a585f7d5:1 s1e1-bed9eef6:1 s2e1-81cd9116:1
1786386912.679012 s8e1-a585f7d5:1 s1e1-bed9eef6:1 s2e1-81cd9116:1
1786386912.699726 s8e1-a585f7d5:1 s1e1-bed9eef6:1 s2e1-81cd9116:1
1786386912.720489 s8e1-a585f7d5:1 s1e1-bed9eef6:1 s2e1-81cd9116:1
1786386912.741148 s8e1-a585f7d5:1 s1e1-bed9eef6:1 s2e1-81cd9116:1
1786386912.761817 s8e1-a585f7d5:1 s1e1-bed9eef6:1 s2e1-81cd9116:1
1786386912.782553 s8e1-a585f7d5:1 s1e1-bed9eef6:1 s2e1-81cd9116:1
1786386912.803256 s8e1-a585f7d5:1 s1e1-bed9eef6:1 s2e1-81cd9116:1
1786386912.824160 s8e1-a585f7d5:1 s1e1-bed9eef6:1 s2e1-81cd9116:1 s3e1-a1dc71bb:53E
1786386912.881304 s8e1-a585f7d5:1 s1e1-bed9eef6:1 s2e1-81cd9116:1 s3e1-a1dc71bb:1
1786386912.889899 s8e1-a585f7d5:1 s1e1-bed9eef6:1 s2e1-81cd9116:1 s3e1-a1dc71bb:1
1786386912.910580 s8e1-a585f7d5:1 s1e1-bed9eef6:1 s2e1-81cd9116:1 s3e1-a1dc71bb:1
1786386912.931432 s1e1-bed9eef6:1 s2e1-81cd9116:1 s3e1-a1dc71bb:1
1786386912.952188 s1e1-bed9eef6:1 s2e1-81cd9116:1 s3e1-a1dc71bb:1
1786386912.972884 s1e1-bed9eef6:1 s2e1-81cd9116:1 s3e1-a1dc71bb:1
1786386912.993574 s1e1-bed9eef6:1 s2e1-81cd9116:1 s3e1-a1dc71bb:1
1786386913.014313 s1e1-bed9eef6:1 s2e1-81cd9116:1 s3e1-a1dc71bb:1
1786386913.034956 s1e1-bed9eef6:1 s2e1-81cd9116:1 s3e1-a1dc71bb:1
1786386913.055568 s1e1-bed9eef6:1 s2e1-81cd9116:1 s3e1-a1dc71bb:1
1786386913.076273 s2e1-81cd9116:1 s3e1-a1dc71bb:1
1786386913.096848 s2e1-81cd9116:1 s3e1-a1dc71bb:1
1786386913.117296 s2e1-81cd9116:1 s3e1-a1dc71bb:1 s4e1-92d49b6c:53E
1786386913.174161 s2e1-81cd9116:1 s3e1-a1dc71bb:1 s4e1-92d49b6c:1
1786386913.182028 s2e1-81cd9116:1 s3e1-a1dc71bb:1 s4e1-92d49b6c:1
1786386913.202430 s2e1-81cd9116:1 s3e1-a1dc71bb:1 s4e1-92d49b6c:1
1786386913.223060 s2e1-81cd9116:1 s3e1-a1dc71bb:1 s4e1-92d49b6c:1
1786386913.243678 s2e1-81cd9116:1 s3e1-a1dc71bb:1 s4e1-92d49b6c:1
1786386913.264399 s2e1-81cd9116:1 s3e1-a1dc71bb:1 s4e1-92d49b6c:1
1786386913.285052 s2e1-81cd9116:1 s3e1-a1dc71bb:1 s4e1-92d49b6c:1
1786386913.305597 s2e1-81cd9116:1 s3e1-a1dc71bb:1 s4e1-92d49b6c:1
1786386913.326427 s2e1-81cd9116:1 s3e1-a1dc71bb:1 s4e1-92d49b6c:1 s5e1-a47300ef:53E
1786386913.386278 s2e1-81cd9116:1 s3e1-a1dc71bb:1 s4e1-92d49b6c:1 s5e1-a47300ef:1
1786386913.393201 s3e1-a1dc71bb:1 s4e1-92d49b6c:1 s5e1-a47300ef:1
1786386913.413960 s3e1-a1dc71bb:1 s4e1-92d49b6c:1 s5e1-a47300ef:1
1786386913.434676 s3e1-a1dc71bb:1 s4e1-92d49b6c:1 s5e1-a47300ef:1
1786386913.455379 s3e1-a1dc71bb:1 s4e1-92d49b6c:1 s5e1-a47300ef:1
1786386913.476085 s3e1-a1dc71bb:1 s4e1-92d49b6c:1 s5e1-a47300ef:1
1786386913.496777 s3e1-a1dc71bb:1 s4e1-92d49b6c:1 s5e1-a47300ef:1
1786386913.517581 s3e1-a1dc71bb:1 s4e1-92d49b6c:1 s5e1-a47300ef:1
1786386913.538292 s3e1-a1dc71bb:1 s4e1-92d49b6c:1 s5e1-a47300ef:1
1786386913.559124 s3e1-a1dc71bb:1 s4e1-92d49b6c:1 s5e1-a47300ef:1
1786386913.579926 s4e1-92d49b6c:1 s5e1-a47300ef:1
1786386913.600711 s4e1-92d49b6c:1 s5e1-a47300ef:1
1786386913.621266 s4e1-92d49b6c:1 s5e1-a47300ef:1
1786386913.641759 s4e1-92d49b6c:1 s5e1-a47300ef:1
1786386913.662308 s4e1-92d49b6c:1 s5e1-a47300ef:1 s6e1-b3663ea1:53E
1786386913.720455 s4e1-92d49b6c:1 s5e1-a47300ef:1 s6e1-b3663ea1:1
1786386913.728372 s4e1-92d49b6c:1 s5e1-a47300ef:1 s6e1-b3663ea1:1
1786386913.748879 s4e1-92d49b6c:1 s5e1-a47300ef:1 s6e1-b3663ea1:1
1786386913.769583 s4e1-92d49b6c:1 s5e1-a47300ef:1 s6e1-b3663ea1:1
1786386913.790314 s4e1-92d49b6c:1 s5e1-a47300ef:1 s6e1-b3663ea1:1
1786386913.811365 s4e1-92d49b6c:1 s5e1-a47300ef:1 s6e1-b3663ea1:1
1786386913.832025 s4e1-92d49b6c:1 s5e1-a47300ef:1 s6e1-b3663ea1:1 s7e1-ba8ac0a3:53E
1786386913.892094 s4e1-92d49b6c:1 s5e1-a47300ef:1 s6e1-b3663ea1:1 s7e1-ba8ac0a3:1
1786386913.899430 s5e1-a47300ef:1 s6e1-b3663ea1:1 s7e1-ba8ac0a3:1
1786386913.920183 s5e1-a47300ef:1 s6e1-b3663ea1:1 s7e1-ba8ac0a3:1
1786386913.940855 s5e1-a47300ef:1 s6e1-b3663ea1:1 s7e1-ba8ac0a3:1
1786386913.961541 s5e1-a47300ef:1 s6e1-b3663ea1:1 s7e1-ba8ac0a3:1
1786386913.982290 s5e1-a47300ef:1 s6e1-b3663ea1:1 s7e1-ba8ac0a3:1
1786386914.002955 s5e1-a47300ef:1 s6e1-b3663ea1:1 s7e1-ba8ac0a3:1
1786386914.023719 s5e1-a47300ef:1 s6e1-b3663ea1:1 s7e1-ba8ac0a3:1
1786386914.044416 s5e1-a47300ef:1 s6e1-b3663ea1:1 s7e1-ba8ac0a3:1
1786386914.065072 s5e1-a47300ef:1 s6e1-b3663ea1:1 s7e1-ba8ac0a3:1
1786386914.085754 s6e1-b3663ea1:1 s7e1-ba8ac0a3:1
1786386914.106522 s6e1-b3663ea1:1 s7e1-ba8ac0a3:1
1786386914.127064 s6e1-b3663ea1:1 s7e1-ba8ac0a3:1 s8e1-a585f7d5:53E
1786386914.184823 s6e1-b3663ea1:1 s7e1-ba8ac0a3:1 s8e1-a585f7d5:1
1786386914.193234 s6e1-b3663ea1:1 s7e1-ba8ac0a3:1 s8e1-a585f7d5:1
1786386914.213823 s6e1-b3663ea1:1 s7e1-ba8ac0a3:1 s8e1-a585f7d5:1
1786386914.234509 s6e1-b3663ea1:1 s7e1-ba8ac0a3:1 s8e1-a585f7d5:1
1786386914.255153 s6e1-b3663ea1:1 s7e1-ba8ac0a3:1 s8e1-a585f7d5:1
1786386914.275741 s6e1-b3663ea1:1 s7e1-ba8ac0a3:1 s8e1-a585f7d5:1
1786386914.296377 s6e1-b3663ea1:1 s7e1-ba8ac0a3:1 s8e1-a585f7d5:1
1786386914.317014 s6e1-b3663ea1:1 s7e1-ba8ac0a3:1 s8e1-a585f7d5:1
1786386914.337842 s6e1-b3663ea1:1 s7e1-ba8ac0a3:1 s8e1-a585f7d5:1 s1e1-bed9eef6:53E
1786386914.396705 s6e1-b3663ea1:1 s7e1-ba8ac0a3:1 s8e1-a585f7d5:1 s1e1-bed9eef6:1
1786386914.404454 s6e1-b3663ea1:1 s7e1-ba8ac0a3:1 s8e1-a585f7d5:1 s1e1-bed9eef6:1
1786386914.424885 s6e1-b3663ea1:1 s7e1-ba8ac0a3:1 s8e1-a585f7d5:1 s1e1-bed9eef6:1
1786386914.445650 s7e1-ba8ac0a3:1 s8e1-a585f7d5:1 s1e1-bed9eef6:1
1786386914.466541 s7e1-ba8ac0a3:1 s8e1-a585f7d5:1 s1e1-bed9eef6:1
1786386914.487186 s7e1-ba8ac0a3:1 s8e1-a585f7d5:1 s1e1-bed9eef6:1
1786386914.507872 s7e1-ba8ac0a3:1 s8e1-a585f7d5:1 s1e1-bed9eef6:1
1786386914.528582 s7e1-ba8ac0a3:1 s8e1-a585f7d5:1 s1e1-bed9eef6:1
1786386914.549321 s7e1-ba8ac0a3:1 s8e1-a585f7d5:1 s1e1-bed9eef6:1
1786386914.570032 s7e1-ba8ac0a3:1 s8e1-a585f7d5:1 s1e1-bed9eef6:1
1786386914.590757 s8e1-a585f7d5:1 s1e1-bed9eef6:1
1786386914.611573 s8e1-a585f7d5:1 s1e1-bed9eef6:1
1786386914.631939 s8e1-a585f7d5:1 s1e1-bed9eef6:1
1786386914.652497 s8e1-a585f7d5:1 s1e1-bed9eef6:1 s2e1-81cd9116:53E
1786386914.710518 s8e1-a585f7d5:1 s1e1-bed9eef6:1 s2e1-81cd9116:1
1786386914.718555 s8e1-a585f7d5:1 s1e1-bed9eef6:1 s2e1-81cd9116:1
1786386914.739266 s8e1-a585f7d5:1 s1e1-bed9eef6:1 s2e1-81cd9116:1
1786386914.760137 s8e1-a585f7d5:1 s1e1-bed9eef6:1 s2e1-81cd9116:1
1786386914.780895 s8e1-a585f7d5:1 s1e1-bed9eef6:1 s2e1-81cd9116:1
1786386914.801697 s8e1-a585f7d5:1 s1e1-bed9eef6:1 s2e1-81cd9116:1
1786386914.822540 s8e1-a585f7d5:1 s1e1-bed9eef6:1 s2e1-81cd9116:1
1786386914.843221 s8e1-a585f7d5:1 s1e1-bed9eef6:1 s2e1-81cd9116:1
1786386914.864124 s8e1-a585f7d5:1 s1e1-bed9eef6:1 s2e1-81cd9116:1 s3e1-a1dc71bb:53E
1786386914.920721 s1e1-bed9eef6:1 s2e1-81cd9116:1 s3e1-a1dc71bb:1
1786386914.929711 s1e1-bed9eef6:1 s2e1-81cd9116:1 s3e1-a1dc71bb:1
1786386914.950242 s1e1-bed9eef6:1 s2e1-81cd9116:1 s3e1-a1dc71bb:1
1786386914.970900 s1e1-bed9eef6:1 s2e1-81cd9116:1 s3e1-a1dc71bb:1
1786386914.991526 s1e1-bed9eef6:1 s2e1-81cd9116:1 s3e1-a1dc71bb:1
1786386915.012233 s1e1-bed9eef6:1 s2e1-81cd9116:1 s3e1-a1dc71bb:1
1786386915.032823 s1e1-bed9eef6:1 s2e1-81cd9116:1 s3e1-a1dc71bb:1
1786386915.053484 s1e1-bed9eef6:1 s2e1-81cd9116:1 s3e1-a1dc71bb:1
1786386915.074251 s1e1-bed9eef6:1 s2e1-81cd9116:1 s3e1-a1dc71bb:1
1786386915.094943 s2e1-81cd9116:1 s3e1-a1dc71bb:1
1786386915.115925 s2e1-81cd9116:1 s3e1-a1dc71bb:1 s4e1-92d49b6c:53E
1786386915.175542 s2e1-81cd9116:1 s3e1-a1dc71bb:1 s4e1-92d49b6c:1
1786386915.182783 s2e1-81cd9116:1 s3e1-a1dc71bb:1 s4e1-92d49b6c:1
1786386915.203126 s2e1-81cd9116:1 s3e1-a1dc71bb:1 s4e1-92d49b6c:1
1786386915.223737 s2e1-81cd9116:1 s3e1-a1dc71bb:1 s4e1-92d49b6c:1
1786386915.244421 s2e1-81cd9116:1 s3e1-a1dc71bb:1 s4e1-92d49b6c:1
1786386915.265100 s2e1-81cd9116:1 s3e1-a1dc71bb:1 s4e1-92d49b6c:1
1786386915.285829 s2e1-81cd9116:1 s3e1-a1dc71bb:1 s4e1-92d49b6c:1
1786386915.306537 s2e1-81cd9116:1 s3e1-a1dc71bb:1 s4e1-92d49b6c:1
1786386915.327270 s2e1-81cd9116:1 s3e1-a1dc71bb:1 s4e1-92d49b6c:1
1786386915.347997 s2e1-81cd9116:1 s3e1-a1dc71bb:1 s4e1-92d49b6c:1
1786386915.368918 s2e1-81cd9116:1 s3e1-a1dc71bb:1 s4e1-92d49b6c:1
1786386915.389666 s2e1-81cd9116:1 s3e1-a1dc71bb:1 s4e1-92d49b6c:1 s5e1-a47300ef:53E
1786386915.448738 s3e1-a1dc71bb:1 s4e1-92d49b6c:1 s5e1-a47300ef:1
1786386915.456559 s3e1-a1dc71bb:1 s4e1-92d49b6c:1 s5e1-a47300ef:1
1786386915.477234 s3e1-a1dc71bb:1 s4e1-92d49b6c:1 s5e1-a47300ef:1
1786386915.498038 s3e1-a1dc71bb:1 s4e1-92d49b6c:1 s5e1-a47300ef:1
1786386915.518824 s3e1-a1dc71bb:1 s4e1-92d49b6c:1 s5e1-a47300ef:1
1786386915.539684 s3e1-a1dc71bb:1 s4e1-92d49b6c:1 s5e1-a47300ef:1
1786386915.560378 s3e1-a1dc71bb:1 s4e1-92d49b6c:1 s5e1-a47300ef:1
1786386915.581113 s3e1-a1dc71bb:1 s4e1-92d49b6c:1 s5e1-a47300ef:1
1786386915.602050 s3e1-a1dc71bb:1 s4e1-92d49b6c:1 s5e1-a47300ef:1 s6e1-b3663ea1:53E
1786386915.660136 s4e1-92d49b6c:1 s5e1-a47300ef:1 s6e1-b3663ea1:1
1786386915.668629 s4e1-92d49b6c:1 s5e1-a47300ef:1 s6e1-b3663ea1:1
1786386915.689232 s4e1-92d49b6c:1 s5e1-a47300ef:1 s6e1-b3663ea1:1
1786386915.709865 s4e1-92d49b6c:1 s5e1-a47300ef:1 s6e1-b3663ea1:1
1786386915.730492 s4e1-92d49b6c:1 s5e1-a47300ef:1 s6e1-b3663ea1:1
1786386915.751145 s4e1-92d49b6c:1 s5e1-a47300ef:1 s6e1-b3663ea1:1
1786386915.771779 s4e1-92d49b6c:1 s5e1-a47300ef:1 s6e1-b3663ea1:1
1786386915.792516 s4e1-92d49b6c:1 s5e1-a47300ef:1 s6e1-b3663ea1:1
1786386915.813199 s4e1-92d49b6c:1 s5e1-a47300ef:1 s6e1-b3663ea1:1
1786386915.833903 s4e1-92d49b6c:1 s5e1-a47300ef:1 s6e1-b3663ea1:1
1786386915.854648 s4e1-92d49b6c:1 s5e1-a47300ef:1 s6e1-b3663ea1:1
1786386915.875561 s5e1-a47300ef:1 s6e1-b3663ea1:1 s7e1-ba8ac0a3:53E
1786386915.935838 s5e1-a47300ef:1 s6e1-b3663ea1:1 s7e1-ba8ac0a3:1
1786386915.942810 s5e1-a47300ef:1 s6e1-b3663ea1:1 s7e1-ba8ac0a3:1
1786386915.963261 s5e1-a47300ef:1 s6e1-b3663ea1:1 s7e1-ba8ac0a3:1
1786386915.983968 s5e1-a47300ef:1 s6e1-b3663ea1:1 s7e1-ba8ac0a3:1
1786386916.004561 s5e1-a47300ef:1 s6e1-b3663ea1:1 s7e1-ba8ac0a3:1
1786386916.025254 s5e1-a47300ef:1 s6e1-b3663ea1:1 s7e1-ba8ac0a3:1
1786386916.045935 s5e1-a47300ef:1 s6e1-b3663ea1:1 s7e1-ba8ac0a3:1
1786386916.066556 s5e1-a47300ef:1 s6e1-b3663ea1:1 s7e1-ba8ac0a3:1
1786386916.087265 s5e1-a47300ef:1 s6e1-b3663ea1:1 s7e1-ba8ac0a3:1
1786386916.108040 s5e1-a47300ef:1 s6e1-b3663ea1:1 s7e1-ba8ac0a3:1 s8e1-a585f7d5:53E
1786386916.168945 s5e1-a47300ef:1 s6e1-b3663ea1:1 s7e1-ba8ac0a3:1 s8e1-a585f7d5:1
1786386916.174829 s6e1-b3663ea1:1 s7e1-ba8ac0a3:1 s8e1-a585f7d5:1
1786386916.195703 s6e1-b3663ea1:1 s7e1-ba8ac0a3:1 s8e1-a585f7d5:1
1786386916.216431 s6e1-b3663ea1:1 s7e1-ba8ac0a3:1 s8e1-a585f7d5:1
1786386916.237268 s6e1-b3663ea1:1 s7e1-ba8ac0a3:1 s8e1-a585f7d5:1
1786386916.258140 s6e1-b3663ea1:1 s7e1-ba8ac0a3:1 s8e1-a585f7d5:1
1786386916.278835 s6e1-b3663ea1:1 s7e1-ba8ac0a3:1 s8e1-a585f7d5:1
1786386916.299579 s6e1-b3663ea1:1 s7e1-ba8ac0a3:1 s8e1-a585f7d5:1
1786386916.320283 s6e1-b3663ea1:1 s7e1-ba8ac0a3:1 s8e1-a585f7d5:1
1786386916.341033 s6e1-b3663ea1:1 s7e1-ba8ac0a3:1 s8e1-a585f7d5:1
1786386916.361731 s7e1-ba8ac0a3:1 s8e1-a585f7d5:1
1786386916.382468 s7e1-ba8ac0a3:1 s8e1-a585f7d5:1
1786386916.402852 s7e1-ba8ac0a3:1 s8e1-a585f7d5:1
1786386916.423442 s7e1-ba8ac0a3:1 s8e1-a585f7d5:1 s1e1-bed9eef6:53E
1786386916.481364 s7e1-ba8ac0a3:1 s8e1-a585f7d5:1 s1e1-bed9eef6:1
1786386916.489821 s7e1-ba8ac0a3:1 s8e1-a585f7d5:1 s1e1-bed9eef6:1
1786386916.510364 s7e1-ba8ac0a3:1 s8e1-a585f7d5:1 s1e1-bed9eef6:1
1786386916.531105 s7e1-ba8ac0a3:1 s8e1-a585f7d5:1 s1e1-bed9eef6:1
1786386916.551878 s7e1-ba8ac0a3:1 s8e1-a585f7d5:1 s1e1-bed9eef6:1
1786386916.572595 s7e1-ba8ac0a3:1 s8e1-a585f7d5:1 s1e1-bed9eef6:1
1786386916.593305 s7e1-ba8ac0a3:1 s8e1-a585f7d5:1 s1e1-bed9eef6:1
1786386916.614101 s7e1-ba8ac0a3:1 s8e1-a585f7d5:1 s1e1-bed9eef6:1
1786386916.634992 s8e1-a585f7d5:1 s1e1-bed9eef6:1 s2e1-81cd9116:53E
1786386916.694871 s8e1-a585f7d5:1 s1e1-bed9eef6:1 s2e1-81cd9116:1
1786386916.702165 s8e1-a585f7d5:1 s1e1-bed9eef6:1 s2e1-81cd9116:1
1786386916.722603 s8e1-a585f7d5:1 s1e1-bed9eef6:1 s2e1-81cd9116:1
1786386916.743236 s8e1-a585f7d5:1 s1e1-bed9eef6:1 s2e1-81cd9116:1
1786386916.763892 s8e1-a585f7d5:1 s1e1-bed9eef6:1 s2e1-81cd9116:1
1786386916.784535 s8e1-a585f7d5:1 s1e1-bed9eef6:1 s2e1-81cd9116:1
1786386916.805263 s8e1-a585f7d5:1 s1e1-bed9eef6:1 s2e1-81cd9116:1
1786386916.825877 s8e1-a585f7d5:1 s1e1-bed9eef6:1 s2e1-81cd9116:1
1786386916.846523 s8e1-a585f7d5:1 s1e1-bed9eef6:1 s2e1-81cd9116:1
1786386916.867207 s1e1-bed9eef6:1 s2e1-81cd9116:1
1786386916.887948 s1e1-bed9eef6:1 s2e1-81cd9116:1
1786386916.908205 s1e1-bed9eef6:1 s2e1-81cd9116:1
1786386916.928636 s1e1-bed9eef6:1 s2e1-81cd9116:1 s3e1-a1dc71bb:53E
1786386916.986845 s1e1-bed9eef6:1 s2e1-81cd9116:1 s3e1-a1dc71bb:1
1786386916.994870 s1e1-bed9eef6:1 s2e1-81cd9116:1 s3e1-a1dc71bb:1
1786386917.015519 s1e1-bed9eef6:1 s2e1-81cd9116:1 s3e1-a1dc71bb:1
1786386917.036305 s1e1-bed9eef6:1 s2e1-81cd9116:1 s3e1-a1dc71bb:1
1786386917.056991 s1e1-bed9eef6:1 s2e1-81cd9116:1 s3e1-a1dc71bb:1
1786386917.077701 s1e1-bed9eef6:1 s2e1-81cd9116:1 s3e1-a1dc71bb:1
1786386917.098446 s1e1-bed9eef6:1 s2e1-81cd9116:1 s3e1-a1dc71bb:1
1786386917.119195 s1e1-bed9eef6:1 s2e1-81cd9116:1 s3e1-a1dc71bb:1
1786386917.139902 s1e1-bed9eef6:1 s2e1-81cd9116:1 s3e1-a1dc71bb:1
1786386917.160875 s1e1-bed9eef6:1 s2e1-81cd9116:1 s3e1-a1dc71bb:1 s4e1-92d49b6c:53E
1786386917.219015 s2e1-81cd9116:1 s3e1-a1dc71bb:1 s4e1-92d49b6c:1
1786386917.226993 s2e1-81cd9116:1 s3e1-a1dc71bb:1 s4e1-92d49b6c:1
1786386917.247525 s2e1-81cd9116:1 s3e1-a1dc71bb:1 s4e1-92d49b6c:1
1786386917.268166 s2e1-81cd9116:1 s3e1-a1dc71bb:1 s4e1-92d49b6c:1
1786386917.288820 s2e1-81cd9116:1 s3e1-a1dc71bb:1 s4e1-92d49b6c:1
1786386917.309460 s2e1-81cd9116:1 s3e1-a1dc71bb:1 s4e1-92d49b6c:1
1786386917.330119 s2e1-81cd9116:1 s3e1-a1dc71bb:1 s4e1-92d49b6c:1
1786386917.350861 s2e1-81cd9116:1 s3e1-a1dc71bb:1 s4e1-92d49b6c:1
1786386917.371551 s2e1-81cd9116:1 s3e1-a1dc71bb:1 s4e1-92d49b6c:1
1786386917.392595 s3e1-a1dc71bb:1 s4e1-92d49b6c:1 s5e1-a47300ef:53E
1786386917.452269 s3e1-a1dc71bb:1 s4e1-92d49b6c:1 s5e1-a47300ef:1
1786386917.459948 s3e1-a1dc71bb:1 s4e1-92d49b6c:1 s5e1-a47300ef:1
1786386917.480564 s3e1-a1dc71bb:1 s4e1-92d49b6c:1 s5e1-a47300ef:1
1786386917.501180 s3e1-a1dc71bb:1 s4e1-92d49b6c:1 s5e1-a47300ef:1
1786386917.521730 s3e1-a1dc71bb:1 s4e1-92d49b6c:1 s5e1-a47300ef:1
1786386917.542376 s3e1-a1dc71bb:1 s4e1-92d49b6c:1 s5e1-a47300ef:1
1786386917.563090 s3e1-a1dc71bb:1 s4e1-92d49b6c:1 s5e1-a47300ef:1
1786386917.583799 s3e1-a1dc71bb:1 s4e1-92d49b6c:1 s5e1-a47300ef:1
1786386917.604650 s3e1-a1dc71bb:1 s4e1-92d49b6c:1 s5e1-a47300ef:1
1786386917.625329 s3e1-a1dc71bb:1 s4e1-92d49b6c:1 s5e1-a47300ef:1
1786386917.646229 s3e1-a1dc71bb:1 s4e1-92d49b6c:1 s5e1-a47300ef:1 s6e1-b3663ea1:53E
1786386917.705093 s3e1-a1dc71bb:1 s4e1-92d49b6c:1 s5e1-a47300ef:1 s6e1-b3663ea1:1
1786386917.713522 s4e1-92d49b6c:1 s5e1-a47300ef:1 s6e1-b3663ea1:1
1786386917.734301 s4e1-92d49b6c:1 s5e1-a47300ef:1 s6e1-b3663ea1:1
1786386917.755035 s4e1-92d49b6c:1 s5e1-a47300ef:1 s6e1-b3663ea1:1
1786386917.775728 s4e1-92d49b6c:1 s5e1-a47300ef:1 s6e1-b3663ea1:1
1786386917.796453 s4e1-92d49b6c:1 s5e1-a47300ef:1 s6e1-b3663ea1:1
1786386917.817177 s4e1-92d49b6c:1 s5e1-a47300ef:1 s6e1-b3663ea1:1
1786386917.838336 s4e1-92d49b6c:1 s5e1-a47300ef:1 s6e1-b3663ea1:1 s7e1-ba8ac0a3:53E
1786386917.896353 s4e1-92d49b6c:1 s5e1-a47300ef:1 s6e1-b3663ea1:1 s7e1-ba8ac0a3:1
1786386917.904742 s4e1-92d49b6c:1 s5e1-a47300ef:1 s6e1-b3663ea1:1 s7e1-ba8ac0a3:1
1786386917.925380 s4e1-92d49b6c:1 s5e1-a47300ef:1 s6e1-b3663ea1:1 s7e1-ba8ac0a3:1
1786386917.946188 s5e1-a47300ef:1 s6e1-b3663ea1:1 s7e1-ba8ac0a3:1
1786386917.966958 s5e1-a47300ef:1 s6e1-b3663ea1:1 s7e1-ba8ac0a3:1
1786386917.987721 s5e1-a47300ef:1 s6e1-b3663ea1:1 s7e1-ba8ac0a3:1
1786386918.008406 s5e1-a47300ef:1 s6e1-b3663ea1:1 s7e1-ba8ac0a3:1
1786386918.029176 s5e1-a47300ef:1 s6e1-b3663ea1:1 s7e1-ba8ac0a3:1
1786386918.049824 s5e1-a47300ef:1 s6e1-b3663ea1:1 s7e1-ba8ac0a3:1
1786386918.070556 s5e1-a47300ef:1 s6e1-b3663ea1:1 s7e1-ba8ac0a3:1
1786386918.091301 s5e1-a47300ef:1 s6e1-b3663ea1:1 s7e1-ba8ac0a3:1
1786386918.112030 s5e1-a47300ef:1 s6e1-b3663ea1:1 s7e1-ba8ac0a3:1
1786386918.133164 s5e1-a47300ef:1 s6e1-b3663ea1:1 s7e1-ba8ac0a3:1 s8e1-a585f7d5:53E
1786386918.193937 s6e1-b3663ea1:1 s7e1-ba8ac0a3:1 s8e1-a585f7d5:1
1786386918.201417 s6e1-b3663ea1:1 s7e1-ba8ac0a3:1 s8e1-a585f7d5:1
1786386918.221889 s6e1-b3663ea1:1 s7e1-ba8ac0a3:1 s8e1-a585f7d5:1
1786386918.242629 s6e1-b3663ea1:1 s7e1-ba8ac0a3:1 s8e1-a585f7d5:1
1786386918.263344 s6e1-b3663ea1:1 s7e1-ba8ac0a3:1 s8e1-a585f7d5:1
1786386918.284070 s6e1-b3663ea1:1 s7e1-ba8ac0a3:1 s8e1-a585f7d5:1
1786386918.304804 s6e1-b3663ea1:1 s7e1-ba8ac0a3:1 s8e1-a585f7d5:1
1786386918.325503 s6e1-b3663ea1:1 s7e1-ba8ac0a3:1 s8e1-a585f7d5:1
1786386918.346490 s6e1-b3663ea1:1 s7e1-ba8ac0a3:1 s8e1-a585f7d5:1
1786386918.367012 s6e1-b3663ea1:1 s7e1-ba8ac0a3:1 s8e1-a585f7d5:1
1786386918.387973 s6e1-b3663ea1:1 s7e1-ba8ac0a3:1 s8e1-a585f7d5:1 s1e1-bed9eef6:53E
1786386918.446146 s7e1-ba8ac0a3:1 s8e1-a585f7d5:1 s1e1-bed9eef6:1
1786386918.454630 s7e1-ba8ac0a3:1 s8e1-a585f7d5:1 s1e1-bed9eef6:1
1786386918.475406 s7e1-ba8ac0a3:1 s8e1-a585f7d5:1 s1e1-bed9eef6:1
1786386918.496175 s7e1-ba8ac0a3:1 s8e1-a585f7d5:1 s1e1-bed9eef6:1
1786386918.516989 s7e1-ba8ac0a3:1 s8e1-a585f7d5:1 s1e1-bed9eef6:1
1786386918.537861 s7e1-ba8ac0a3:1 s8e1-a585f7d5:1 s1e1-bed9eef6:1
1786386918.558522 s7e1-ba8ac0a3:1 s8e1-a585f7d5:1 s1e1-bed9eef6:1
1786386918.579259 s7e1-ba8ac0a3:1 s8e1-a585f7d5:1 s1e1-bed9eef6:1
1786386918.599967 s8e1-a585f7d5:1 s1e1-bed9eef6:1
1786386918.620733 s8e1-a585f7d5:1 s1e1-bed9eef6:1
1786386918.641147 s8e1-a585f7d5:1 s1e1-bed9eef6:1
1786386918.661684 s8e1-a585f7d5:1 s1e1-bed9eef6:1 s2e1-81cd9116:53E
1786386918.720995 s8e1-a585f7d5:1 s1e1-bed9eef6:1 s2e1-81cd9116:1
1786386918.728656 s8e1-a585f7d5:1 s1e1-bed9eef6:1 s2e1-81cd9116:1
1786386918.749198 s8e1-a585f7d5:1 s1e1-bed9eef6:1 s2e1-81cd9116:1
1786386918.769851 s8e1-a585f7d5:1 s1e1-bed9eef6:1 s2e1-81cd9116:1
1786386918.790571 s8e1-a585f7d5:1 s1e1-bed9eef6:1 s2e1-81cd9116:1
1786386918.811119 s8e1-a585f7d5:1 s1e1-bed9eef6:1 s2e1-81cd9116:1
1786386918.831765 s8e1-a585f7d5:1 s1e1-bed9eef6:1 s2e1-81cd9116:1
1786386918.852411 s8e1-a585f7d5:1 s1e1-bed9eef6:1 s2e1-81cd9116:1
1786386918.873072 s8e1-a585f7d5:1 s1e1-bed9eef6:1 s2e1-81cd9116:1
1786386918.893969 s1e1-bed9eef6:1 s2e1-81cd9116:1 s3e1-a1dc71bb:53E
1786386918.953633 s1e1-bed9eef6:1 s2e1-81cd9116:1 s3e1-a1dc71bb:1
1786386918.960989 s1e1-bed9eef6:1 s2e1-81cd9116:1 s3e1-a1dc71bb:1
1786386918.981396 s1e1-bed9eef6:1 s2e1-81cd9116:1 s3e1-a1dc71bb:1
1786386919.002038 s1e1-bed9eef6:1 s2e1-81cd9116:1 s3e1-a1dc71bb:1
1786386919.022766 s1e1-bed9eef6:1 s2e1-81cd9116:1 s3e1-a1dc71bb:1
1786386919.043336 s1e1-bed9eef6:1 s2e1-81cd9116:1 s3e1-a1dc71bb:1
1786386919.064002 s1e1-bed9eef6:1 s2e1-81cd9116:1 s3e1-a1dc71bb:1
1786386919.084821 s1e1-bed9eef6:1 s2e1-81cd9116:1 s3e1-a1dc71bb:1
1786386919.105542 s1e1-bed9eef6:1 s2e1-81cd9116:1 s3e1-a1dc71bb:1 s4e1-92d49b6c:53E
1786386919.167999 s1e1-bed9eef6:1 s2e1-81cd9116:1 s3e1-a1dc71bb:1 s4e1-92d49b6c:1
1786386919.174883 s2e1-81cd9116:1 s3e1-a1dc71bb:1 s4e1-92d49b6c:1
1786386919.195677 s2e1-81cd9116:1 s3e1-a1dc71bb:1 s4e1-92d49b6c:1
1786386919.216464 s2e1-81cd9116:1 s3e1-a1dc71bb:1 s4e1-92d49b6c:1
1786386919.237190 s2e1-81cd9116:1 s3e1-a1dc71bb:1 s4e1-92d49b6c:1
1786386919.257941 s2e1-81cd9116:1 s3e1-a1dc71bb:1 s4e1-92d49b6c:1
1786386919.278626 s2e1-81cd9116:1 s3e1-a1dc71bb:1 s4e1-92d49b6c:1
1786386919.299382 s2e1-81cd9116:1 s3e1-a1dc71bb:1 s4e1-92d49b6c:1
1786386919.320055 s2e1-81cd9116:1 s3e1-a1dc71bb:1 s4e1-92d49b6c:1
1786386919.340777 s2e1-81cd9116:1 s3e1-a1dc71bb:1 s4e1-92d49b6c:1
1786386919.361495 s2e1-81cd9116:1 s3e1-a1dc71bb:1 s4e1-92d49b6c:1
1786386919.382188 s2e1-81cd9116:1 s3e1-a1dc71bb:1 s4e1-92d49b6c:1
1786386919.402920 s2e1-81cd9116:1 s3e1-a1dc71bb:1 s4e1-92d49b6c:1
1786386919.423878 s3e1-a1dc71bb:1 s4e1-92d49b6c:1 s5e1-a47300ef:53E
1786386919.481800 s3e1-a1dc71bb:1 s4e1-92d49b6c:1 s5e1-a47300ef:1
1786386919.490726 s3e1-a1dc71bb:1 s4e1-92d49b6c:1 s5e1-a47300ef:1
1786386919.511367 s3e1-a1dc71bb:1 s4e1-92d49b6c:1 s5e1-a47300ef:1
1786386919.532045 s3e1-a1dc71bb:1 s4e1-92d49b6c:1 s5e1-a47300ef:1
1786386919.552677 s3e1-a1dc71bb:1 s4e1-92d49b6c:1 s5e1-a47300ef:1
1786386919.573322 s3e1-a1dc71bb:1 s4e1-92d49b6c:1 s5e1-a47300ef:1
1786386919.594066 s3e1-a1dc71bb:1 s4e1-92d49b6c:1 s5e1-a47300ef:1
1786386919.615063 s3e1-a1dc71bb:1 s4e1-92d49b6c:1 s5e1-a47300ef:1 s6e1-b3663ea1:53E
1786386919.673299 s3e1-a1dc71bb:1 s4e1-92d49b6c:1 s5e1-a47300ef:1 s6e1-b3663ea1:1
1786386919.681702 s4e1-92d49b6c:1 s5e1-a47300ef:1 s6e1-b3663ea1:1
1786386919.702310 s4e1-92d49b6c:1 s5e1-a47300ef:1 s6e1-b3663ea1:1
1786386919.723001 s4e1-92d49b6c:1 s5e1-a47300ef:1 s6e1-b3663ea1:1
1786386919.743711 s4e1-92d49b6c:1 s5e1-a47300ef:1 s6e1-b3663ea1:1
1786386919.764502 s4e1-92d49b6c:1 s5e1-a47300ef:1 s6e1-b3663ea1:1
1786386919.785203 s4e1-92d49b6c:1 s5e1-a47300ef:1 s6e1-b3663ea1:1
1786386919.805904 s4e1-92d49b6c:1 s5e1-a47300ef:1 s6e1-b3663ea1:1
1786386919.826776 s4e1-92d49b6c:1 s5e1-a47300ef:1 s6e1-b3663ea1:1
1786386919.847543 s4e1-92d49b6c:1 s5e1-a47300ef:1 s6e1-b3663ea1:1
1786386919.868390 s5e1-a47300ef:1 s6e1-b3663ea1:1
1786386919.889435 s5e1-a47300ef:1 s6e1-b3663ea1:1 s7e1-ba8ac0a3:53E
1786386919.948653 s5e1-a47300ef:1 s6e1-b3663ea1:1 s7e1-ba8ac0a3:1
1786386919.957180 s5e1-a47300ef:1 s6e1-b3663ea1:1 s7e1-ba8ac0a3:1
1786386919.977935 s5e1-a47300ef:1 s6e1-b3663ea1:1 s7e1-ba8ac0a3:1
1786386919.998607 s5e1-a47300ef:1 s6e1-b3663ea1:1 s7e1-ba8ac0a3:1
1786386920.019328 s5e1-a47300ef:1 s6e1-b3663ea1:1 s7e1-ba8ac0a3:1
1786386920.040036 s5e1-a47300ef:1 s6e1-b3663ea1:1 s7e1-ba8ac0a3:1
1786386920.060747 s5e1-a47300ef:1 s6e1-b3663ea1:1 s7e1-ba8ac0a3:1
1786386920.081460 s5e1-a47300ef:1 s6e1-b3663ea1:1 s7e1-ba8ac0a3:1
1786386920.102159 s5e1-a47300ef:1 s6e1-b3663ea1:1 s7e1-ba8ac0a3:1
1786386920.123127 s5e1-a47300ef:1 s6e1-b3663ea1:1 s7e1-ba8ac0a3:1 s8e1-a585f7d5:53E
1786386920.182559 s5e1-a47300ef:1 s6e1-b3663ea1:1 s7e1-ba8ac0a3:1 s8e1-a585f7d5:1
1786386920.190271 s5e1-a47300ef:1 s6e1-b3663ea1:1 s7e1-ba8ac0a3:1 s8e1-a585f7d5:1
1786386920.211017 s6e1-b3663ea1:1 s7e1-ba8ac0a3:1 s8e1-a585f7d5:1
1786386920.231818 s6e1-b3663ea1:1 s7e1-ba8ac0a3:1 s8e1-a585f7d5:1
1786386920.252534 s6e1-b3663ea1:1 s7e1-ba8ac0a3:1 s8e1-a585f7d5:1
1786386920.273273 s6e1-b3663ea1:1 s7e1-ba8ac0a3:1 s8e1-a585f7d5:1
1786386920.293951 s6e1-b3663ea1:1 s7e1-ba8ac0a3:1 s8e1-a585f7d5:1
1786386920.314667 s6e1-b3663ea1:1 s7e1-ba8ac0a3:1 s8e1-a585f7d5:1
1786386920.335704 s6e1-b3663ea1:1 s7e1-ba8ac0a3:1 s8e1-a585f7d5:1 s1e1-bed9eef6:53E
1786386920.394522 s6e1-b3663ea1:1 s7e1-ba8ac0a3:1 s8e1-a585f7d5:1 s1e1-bed9eef6:1
1786386920.402881 s7e1-ba8ac0a3:1 s8e1-a585f7d5:1 s1e1-bed9eef6:1
1786386920.423584 s7e1-ba8ac0a3:1 s8e1-a585f7d5:1 s1e1-bed9eef6:1
1786386920.444226 s7e1-ba8ac0a3:1 s8e1-a585f7d5:1 s1e1-bed9eef6:1
1786386920.464913 s7e1-ba8ac0a3:1 s8e1-a585f7d5:1 s1e1-bed9eef6:1
1786386920.485691 s7e1-ba8ac0a3:1 s8e1-a585f7d5:1 s1e1-bed9eef6:1
1786386920.506368 s7e1-ba8ac0a3:1 s8e1-a585f7d5:1 s1e1-bed9eef6:1
1786386920.527081 s7e1-ba8ac0a3:1 s8e1-a585f7d5:1 s1e1-bed9eef6:1
1786386920.547817 s7e1-ba8ac0a3:1 s8e1-a585f7d5:1 s1e1-bed9eef6:1
1786386920.568494 s7e1-ba8ac0a3:1 s8e1-a585f7d5:1 s1e1-bed9eef6:1
1786386920.589251 s7e1-ba8ac0a3:1 s8e1-a585f7d5:1 s1e1-bed9eef6:1
1786386920.610036 s7e1-ba8ac0a3:1 s8e1-a585f7d5:1 s1e1-bed9eef6:1
1786386920.630894 s7e1-ba8ac0a3:1 s8e1-a585f7d5:1 s1e1-bed9eef6:1 s2e1-81cd9116:53E
1786386920.689861 s8e1-a585f7d5:1 s1e1-bed9eef6:1 s2e1-81cd9116:1
1786386920.698503 s8e1-a585f7d5:1 s1e1-bed9eef6:1 s2e1-81cd9116:1
1786386920.719138 s8e1-a585f7d5:1 s1e1-bed9eef6:1 s2e1-81cd9116:1
1786386920.739877 s8e1-a585f7d5:1 s1e1-bed9eef6:1 s2e1-81cd9116:1
1786386920.760573 s8e1-a585f7d5:1 s1e1-bed9eef6:1 s2e1-81cd9116:1
1786386920.781348 s8e1-a585f7d5:1 s1e1-bed9eef6:1 s2e1-81cd9116:1
1786386920.802056 s8e1-a585f7d5:1 s1e1-bed9eef6:1 s2e1-81cd9116:1
1786386920.822826 s8e1-a585f7d5:1 s1e1-bed9eef6:1 s2e1-81cd9116:1
1786386920.843692 s8e1-a585f7d5:1 s1e1-bed9eef6:1 s2e1-81cd9116:1
1786386920.864463 s8e1-a585f7d5:1 s1e1-bed9eef6:1 s2e1-81cd9116:1
1786386920.885254 s1e1-bed9eef6:1 s2e1-81cd9116:1
1786386920.906295 s1e1-bed9eef6:1 s2e1-81cd9116:1 s3e1-a1dc71bb:53E
1786386920.964360 s1e1-bed9eef6:1 s2e1-81cd9116:1 s3e1-a1dc71bb:1
1786386920.972914 s1e1-bed9eef6:1 s2e1-81cd9116:1 s3e1-a1dc71bb:1
1786386920.993473 s1e1-bed9eef6:1 s2e1-81cd9116:1 s3e1-a1dc71bb:1
1786386921.014231 s1e1-bed9eef6:1 s2e1-81cd9116:1 s3e1-a1dc71bb:1
1786386921.034788 s1e1-bed9eef6:1 s2e1-81cd9116:1 s3e1-a1dc71bb:1
1786386921.055433 s1e1-bed9eef6:1 s2e1-81cd9116:1 s3e1-a1dc71bb:1
1786386921.076166 s1e1-bed9eef6:1 s2e1-81cd9116:1 s3e1-a1dc71bb:1
1786386921.096900 s2e1-81cd9116:1 s3e1-a1dc71bb:1
1786386921.117845 s2e1-81cd9116:1 s3e1-a1dc71bb:1 s4e1-92d49b6c:53E
1786386921.176072 s2e1-81cd9116:1 s3e1-a1dc71bb:1 s4e1-92d49b6c:1
1786386921.184731 s2e1-81cd9116:1 s3e1-a1dc71bb:1 s4e1-92d49b6c:1
1786386921.205221 s2e1-81cd9116:1 s3e1-a1dc71bb:1 s4e1-92d49b6c:1
1786386921.225810 s2e1-81cd9116:1 s3e1-a1dc71bb:1 s4e1-92d49b6c:1
1786386921.246484 s2e1-81cd9116:1 s3e1-a1dc71bb:1 s4e1-92d49b6c:1
1786386921.267218 s2e1-81cd9116:1 s3e1-a1dc71bb:1 s4e1-92d49b6c:1
1786386921.287948 s2e1-81cd9116:1 s3e1-a1dc71bb:1 s4e1-92d49b6c:1
1786386921.308625 s2e1-81cd9116:1 s3e1-a1dc71bb:1 s4e1-92d49b6c:1
1786386921.329360 s2e1-81cd9116:1 s3e1-a1dc71bb:1 s4e1-92d49b6c:1
1786386921.350092 s2e1-81cd9116:1 s3e1-a1dc71bb:1 s4e1-92d49b6c:1
1786386921.371067 s2e1-81cd9116:1 s3e1-a1dc71bb:1 s4e1-92d49b6c:1 s5e1-a47300ef:53E
1786386921.429778 s3e1-a1dc71bb:1 s4e1-92d49b6c:1 s5e1-a47300ef:1
1786386921.438940 s3e1-a1dc71bb:1 s4e1-92d49b6c:1 s5e1-a47300ef:1
1786386921.459577 s3e1-a1dc71bb:1 s4e1-92d49b6c:1 s5e1-a47300ef:1
1786386921.480496 s3e1-a1dc71bb:1 s4e1-92d49b6c:1 s5e1-a47300ef:1
1786386921.501024 s3e1-a1dc71bb:1 s4e1-92d49b6c:1 s5e1-a47300ef:1
1786386921.521816 s3e1-a1dc71bb:1 s4e1-92d49b6c:1 s5e1-a47300ef:1
1786386921.542484 s3e1-a1dc71bb:1 s4e1-92d49b6c:1 s5e1-a47300ef:1
1786386921.563240 s3e1-a1dc71bb:1 s4e1-92d49b6c:1 s5e1-a47300ef:1
1786386921.583916 s3e1-a1dc71bb:1 s4e1-92d49b6c:1 s5e1-a47300ef:1
1786386921.604707 s3e1-a1dc71bb:1 s4e1-92d49b6c:1 s5e1-a47300ef:1
1786386921.625381 s3e1-a1dc71bb:1 s4e1-92d49b6c:1 s5e1-a47300ef:1
1786386921.646115 s3e1-a1dc71bb:1 s4e1-92d49b6c:1 s5e1-a47300ef:1
1786386921.666811 s4e1-92d49b6c:1 s5e1-a47300ef:1
1786386921.687715 s4e1-92d49b6c:1 s5e1-a47300ef:1 s6e1-b3663ea1:53E
1786386921.746128 s4e1-92d49b6c:1 s5e1-a47300ef:1 s6e1-b3663ea1:1
1786386921.754685 s4e1-92d49b6c:1 s5e1-a47300ef:1 s6e1-b3663ea1:1
1786386921.775366 s4e1-92d49b6c:1 s5e1-a47300ef:1 s6e1-b3663ea1:1
1786386921.796149 s4e1-92d49b6c:1 s5e1-a47300ef:1 s6e1-b3663ea1:1
1786386921.816797 s4e1-92d49b6c:1 s5e1-a47300ef:1 s6e1-b3663ea1:1
1786386921.837507 s4e1-92d49b6c:1 s5e1-a47300ef:1 s6e1-b3663ea1:1
1786386921.858251 s4e1-92d49b6c:1 s5e1-a47300ef:1 s6e1-b3663ea1:1
1786386921.878953 s5e1-a47300ef:1 s6e1-b3663ea1:1
1786386921.899696 s5e1-a47300ef:1 s6e1-b3663ea1:1
1786386921.920292 s5e1-a47300ef:1 s6e1-b3663ea1:1 s7e1-ba8ac0a3:53E
1786386921.978566 s5e1-a47300ef:1 s6e1-b3663ea1:1 s7e1-ba8ac0a3:1
1786386921.986847 s5e1-a47300ef:1 s6e1-b3663ea1:1 s7e1-ba8ac0a3:1
1786386922.007241 s5e1-a47300ef:1 s6e1-b3663ea1:1 s7e1-ba8ac0a3:1
1786386922.027907 s5e1-a47300ef:1 s6e1-b3663ea1:1 s7e1-ba8ac0a3:1
1786386922.048559 s5e1-a47300ef:1 s6e1-b3663ea1:1 s7e1-ba8ac0a3:1
1786386922.069196 s5e1-a47300ef:1 s6e1-b3663ea1:1 s7e1-ba8ac0a3:1
1786386922.089887 s5e1-a47300ef:1 s6e1-b3663ea1:1 s7e1-ba8ac0a3:1
1786386922.110697 s5e1-a47300ef:1 s6e1-b3663ea1:1 s7e1-ba8ac0a3:1 s8e1-a585f7d5:53E
1786386922.169925 s6e1-b3663ea1:1 s7e1-ba8ac0a3:1 s8e1-a585f7d5:1
1786386922.178060 s6e1-b3663ea1:1 s7e1-ba8ac0a3:1 s8e1-a585f7d5:1
1786386922.198621 s6e1-b3663ea1:1 s7e1-ba8ac0a3:1 s8e1-a585f7d5:1
1786386922.219335 s6e1-b3663ea1:1 s7e1-ba8ac0a3:1 s8e1-a585f7d5:1
1786386922.240084 s6e1-b3663ea1:1 s7e1-ba8ac0a3:1 s8e1-a585f7d5:1
1786386922.260829 s6e1-b3663ea1:1 s7e1-ba8ac0a3:1 s8e1-a585f7d5:1
1786386922.281595 s6e1-b3663ea1:1 s7e1-ba8ac0a3:1 s8e1-a585f7d5:1
1786386922.302340 s6e1-b3663ea1:1 s7e1-ba8ac0a3:1 s8e1-a585f7d5:1
1786386922.323131 s6e1-b3663ea1:1 s7e1-ba8ac0a3:1 s8e1-a585f7d5:1
1786386922.343941 s6e1-b3663ea1:1 s7e1-ba8ac0a3:1 s8e1-a585f7d5:1
1786386922.364768 s6e1-b3663ea1:1 s7e1-ba8ac0a3:1 s8e1-a585f7d5:1
1786386922.385586 s6e1-b3663ea1:1 s7e1-ba8ac0a3:1 s8e1-a585f7d5:1
1786386922.406403 s6e1-b3663ea1:1 s7e1-ba8ac0a3:1 s8e1-a585f7d5:1
1786386922.427423 s6e1-b3663ea1:1 s7e1-ba8ac0a3:1 s8e1-a585f7d5:1 s1e1-bed9eef6:53E
1786386922.486002 s7e1-ba8ac0a3:1 s8e1-a585f7d5:1 s1e1-bed9eef6:1
1786386922.494993 s7e1-ba8ac0a3:1 s8e1-a585f7d5:1 s1e1-bed9eef6:1
1786386922.515774 s7e1-ba8ac0a3:1 s8e1-a585f7d5:1 s1e1-bed9eef6:1
1786386922.536598 s7e1-ba8ac0a3:1 s8e1-a585f7d5:1 s1e1-bed9eef6:1
1786386922.557442 s7e1-ba8ac0a3:1 s8e1-a585f7d5:1 s1e1-bed9eef6:1
1786386922.578250 s7e1-ba8ac0a3:1 s8e1-a585f7d5:1 s1e1-bed9eef6:1
1786386922.598978 s7e1-ba8ac0a3:1 s8e1-a585f7d5:1 s1e1-bed9eef6:1
1786386922.619790 s7e1-ba8ac0a3:1 s8e1-a585f7d5:1 s1e1-bed9eef6:1
1786386922.640675 s7e1-ba8ac0a3:1 s8e1-a585f7d5:1 s1e1-bed9eef6:1 s2e1-81cd9116:53E
1786386922.699822 s7e1-ba8ac0a3:1 s8e1-a585f7d5:1 s1e1-bed9eef6:1 s2e1-81cd9116:1
1786386922.708051 s8e1-a585f7d5:1 s1e1-bed9eef6:1 s2e1-81cd9116:1
1786386922.728809 s8e1-a585f7d5:1 s1e1-bed9eef6:1 s2e1-81cd9116:1
1786386922.749562 s8e1-a585f7d5:1 s1e1-bed9eef6:1 s2e1-81cd9116:1
1786386922.770295 s8e1-a585f7d5:1 s1e1-bed9eef6:1 s2e1-81cd9116:1
1786386922.791048 s8e1-a585f7d5:1 s1e1-bed9eef6:1 s2e1-81cd9116:1
1786386922.811771 s8e1-a585f7d5:1 s1e1-bed9eef6:1 s2e1-81cd9116:1
1786386922.832559 s8e1-a585f7d5:1 s1e1-bed9eef6:1 s2e1-81cd9116:1
1786386922.853345 s8e1-a585f7d5:1 s1e1-bed9eef6:1 s2e1-81cd9116:1
1786386922.874036 s1e1-bed9eef6:1 s2e1-81cd9116:1
1786386922.894738 s1e1-bed9eef6:1 s2e1-81cd9116:1
1786386922.915276 s1e1-bed9eef6:1 s2e1-81cd9116:1 s3e1-a1dc71bb:53E
1786386922.972281 s1e1-bed9eef6:1 s2e1-81cd9116:1 s3e1-a1dc71bb:1
1786386922.981559 s1e1-bed9eef6:1 s2e1-81cd9116:1 s3e1-a1dc71bb:1
1786386923.001966 s1e1-bed9eef6:1 s2e1-81cd9116:1 s3e1-a1dc71bb:1
1786386923.022665 s1e1-bed9eef6:1 s2e1-81cd9116:1 s3e1-a1dc71bb:1
1786386923.043363 s1e1-bed9eef6:1 s2e1-81cd9116:1 s3e1-a1dc71bb:1
1786386923.063981 s1e1-bed9eef6:1 s2e1-81cd9116:1 s3e1-a1dc71bb:1
1786386923.084610 s1e1-bed9eef6:1 s2e1-81cd9116:1 s3e1-a1dc71bb:1
1786386923.105260 s1e1-bed9eef6:1 s2e1-81cd9116:1 s3e1-a1dc71bb:1
1786386923.126122 s1e1-bed9eef6:1 s2e1-81cd9116:1 s3e1-a1dc71bb:1 s4e1-92d49b6c:53E
1786386923.182735 s1e1-bed9eef6:1 s2e1-81cd9116:1 s3e1-a1dc71bb:1 s4e1-92d49b6c:1
1786386923.192267 s1e1-bed9eef6:1 s2e1-81cd9116:1 s3e1-a1dc71bb:1 s4e1-92d49b6c:1
1786386923.213084 s2e1-81cd9116:1 s3e1-a1dc71bb:1 s4e1-92d49b6c:1
1786386923.234035 s2e1-81cd9116:1 s3e1-a1dc71bb:1 s4e1-92d49b6c:1
1786386923.254845 s2e1-81cd9116:1 s3e1-a1dc71bb:1 s4e1-92d49b6c:1
1786386923.276097 s2e1-81cd9116:1 s3e1-a1dc71bb:1 s4e1-92d49b6c:1
1786386923.296484 s2e1-81cd9116:1 s3e1-a1dc71bb:1 s4e1-92d49b6c:1
1786386923.317299 s2e1-81cd9116:1 s3e1-a1dc71bb:1 s4e1-92d49b6c:1
1786386923.338052 s2e1-81cd9116:1 s3e1-a1dc71bb:1 s4e1-92d49b6c:1
1786386923.358881 s2e1-81cd9116:1 s3e1-a1dc71bb:1 s4e1-92d49b6c:1
1786386923.379688 s2e1-81cd9116:1 s3e1-a1dc71bb:1 s4e1-92d49b6c:1
1786386923.400842 s3e1-a1dc71bb:1 s4e1-92d49b6c:1 s5e1-a47300ef:53E
1786386923.461905 s3e1-a1dc71bb:1 s4e1-92d49b6c:1 s5e1-a47300ef:1
1786386923.469630 s3e1-a1dc71bb:1 s4e1-92d49b6c:1 s5e1-a47300ef:1
1786386923.490138 s3e1-a1dc71bb:1 s4e1-92d49b6c:1 s5e1-a47300ef:1
1786386923.510700 s3e1-a1dc71bb:1 s4e1-92d49b6c:1 s5e1-a47300ef:1
1786386923.531292 s3e1-a1dc71bb:1 s4e1-92d49b6c:1 s5e1-a47300ef:1
1786386923.551827 s3e1-a1dc71bb:1 s4e1-92d49b6c:1 s5e1-a47300ef:1
1786386923.572498 s3e1-a1dc71bb:1 s4e1-92d49b6c:1 s5e1-a47300ef:1
1786386923.593240 s3e1-a1dc71bb:1 s4e1-92d49b6c:1 s5e1-a47300ef:1
1786386923.614041 s3e1-a1dc71bb:1 s4e1-92d49b6c:1 s5e1-a47300ef:1
1786386923.634709 s3e1-a1dc71bb:1 s4e1-92d49b6c:1 s5e1-a47300ef:1
1786386923.655705 s3e1-a1dc71bb:1 s4e1-92d49b6c:1 s5e1-a47300ef:1 s6e1-b3663ea1:53E
1786386923.713455 s4e1-92d49b6c:1 s5e1-a47300ef:1 s6e1-b3663ea1:1
1786386923.722596 s4e1-92d49b6c:1 s5e1-a47300ef:1 s6e1-b3663ea1:1
1786386923.743125 s4e1-92d49b6c:1 s5e1-a47300ef:1 s6e1-b3663ea1:1
1786386923.763847 s4e1-92d49b6c:1 s5e1-a47300ef:1 s6e1-b3663ea1:1
1786386923.784571 s4e1-92d49b6c:1 s5e1-a47300ef:1 s6e1-b3663ea1:1
1786386923.805300 s4e1-92d49b6c:1 s5e1-a47300ef:1 s6e1-b3663ea1:1
1786386923.826345 s4e1-92d49b6c:1 s5e1-a47300ef:1 s6e1-b3663ea1:1 s7e1-ba8ac0a3:53E
1786386923.884084 s4e1-92d49b6c:1 s5e1-a47300ef:1 s6e1-b3663ea1:1 s7e1-ba8ac0a3:1
1786386923.893514 s4e1-92d49b6c:1 s5e1-a47300ef:1 s6e1-b3663ea1:1 s7e1-ba8ac0a3:1
1786386923.914481 s5e1-a47300ef:1 s6e1-b3663ea1:1 s7e1-ba8ac0a3:1
1786386923.935337 s5e1-a47300ef:1 s6e1-b3663ea1:1 s7e1-ba8ac0a3:1
1786386923.956125 s5e1-a47300ef:1 s6e1-b3663ea1:1 s7e1-ba8ac0a3:1
1786386923.976933 s5e1-a47300ef:1 s6e1-b3663ea1:1 s7e1-ba8ac0a3:1
1786386923.997668 s5e1-a47300ef:1 s6e1-b3663ea1:1 s7e1-ba8ac0a3:1
1786386924.018462 s5e1-a47300ef:1 s6e1-b3663ea1:1 s7e1-ba8ac0a3:1
1786386924.039165 s5e1-a47300ef:1 s6e1-b3663ea1:1 s7e1-ba8ac0a3:1
1786386924.059851 s5e1-a47300ef:1 s6e1-b3663ea1:1 s7e1-ba8ac0a3:1
1786386924.080590 s5e1-a47300ef:1 s6e1-b3663ea1:1 s7e1-ba8ac0a3:1
1786386924.101329 s5e1-a47300ef:1 s6e1-b3663ea1:1 s7e1-ba8ac0a3:1
1786386924.122097 s5e1-a47300ef:1 s6e1-b3663ea1:1 s7e1-ba8ac0a3:1
1786386924.143045 s5e1-a47300ef:1 s6e1-b3663ea1:1 s7e1-ba8ac0a3:1 s8e1-a585f7d5:53E
1786386924.200545 s6e1-b3663ea1:1 s7e1-ba8ac0a3:1 s8e1-a585f7d5:1
1786386924.210078 s6e1-b3663ea1:1 s7e1-ba8ac0a3:1 s8e1-a585f7d5:1
1786386924.230621 s6e1-b3663ea1:1 s7e1-ba8ac0a3:1 s8e1-a585f7d5:1
1786386924.251301 s6e1-b3663ea1:1 s7e1-ba8ac0a3:1 s8e1-a585f7d5:1
1786386924.271959 s6e1-b3663ea1:1 s7e1-ba8ac0a3:1 s8e1-a585f7d5:1
1786386924.292611 s6e1-b3663ea1:1 s7e1-ba8ac0a3:1 s8e1-a585f7d5:1
1786386924.313350 s6e1-b3663ea1:1 s7e1-ba8ac0a3:1 s8e1-a585f7d5:1
1786386924.334174 s6e1-b3663ea1:1 s7e1-ba8ac0a3:1 s8e1-a585f7d5:1
1786386924.355011 s6e1-b3663ea1:1 s7e1-ba8ac0a3:1 s8e1-a585f7d5:1
1786386924.376127 s6e1-b3663ea1:1 s7e1-ba8ac0a3:1 s8e1-a585f7d5:1 s1e1-bed9eef6:53E
1786386924.434033 s6e1-b3663ea1:1 s7e1-ba8ac0a3:1 s8e1-a585f7d5:1 s1e1-bed9eef6:1
1786386924.443406 s7e1-ba8ac0a3:1 s8e1-a585f7d5:1 s1e1-bed9eef6:1
1786386924.464094 s7e1-ba8ac0a3:1 s8e1-a585f7d5:1 s1e1-bed9eef6:1
1786386924.484820 s7e1-ba8ac0a3:1 s8e1-a585f7d5:1 s1e1-bed9eef6:1
1786386924.505563 s7e1-ba8ac0a3:1 s8e1-a585f7d5:1 s1e1-bed9eef6:1
1786386924.526286 s7e1-ba8ac0a3:1 s8e1-a585f7d5:1 s1e1-bed9eef6:1
1786386924.547051 s7e1-ba8ac0a3:1 s8e1-a585f7d5:1 s1e1-bed9eef6:1
1786386924.567834 s7e1-ba8ac0a3:1 s8e1-a585f7d5:1 s1e1-bed9eef6:1
1786386924.588557 s8e1-a585f7d5:1 s1e1-bed9eef6:1
1786386924.609509 s8e1-a585f7d5:1 s1e1-bed9eef6:1 s2e1-81cd9116:53E
1786386924.668265 s8e1-a585f7d5:1 s1e1-bed9eef6:1 s2e1-81cd9116:1
1786386924.676586 s8e1-a585f7d5:1 s1e1-bed9eef6:1 s2e1-81cd9116:1
1786386924.697154 s8e1-a585f7d5:1 s1e1-bed9eef6:1 s2e1-81cd9116:1
1786386924.717803 s8e1-a585f7d5:1 s1e1-bed9eef6:1 s2e1-81cd9116:1
1786386924.738464 s8e1-a585f7d5:1 s1e1-bed9eef6:1 s2e1-81cd9116:1
1786386924.759274 s8e1-a585f7d5:1 s1e1-bed9eef6:1 s2e1-81cd9116:1
1786386924.779934 s8e1-a585f7d5:1 s1e1-bed9eef6:1 s2e1-81cd9116:1
1786386924.800676 s8e1-a585f7d5:1 s1e1-bed9eef6:1 s2e1-81cd9116:1
1786386924.821430 s8e1-a585f7d5:1 s1e1-bed9eef6:1 s2e1-81cd9116:1
1786386924.842143 s8e1-a585f7d5:1 s1e1-bed9eef6:1 s2e1-81cd9116:1
1786386924.862870 s8e1-a585f7d5:1 s1e1-bed9eef6:1 s2e1-81cd9116:1
1786386924.883626 s8e1-a585f7d5:1 s1e1-bed9eef6:1 s2e1-81cd9116:1
1786386924.904531 s1e1-bed9eef6:1 s2e1-81cd9116:1 s3e1-a1dc71bb:53E
1786386924.961349 s1e1-bed9eef6:1 s2e1-81cd9116:1 s3e1-a1dc71bb:1
1786386924.970882 s1e1-bed9eef6:1 s2e1-81cd9116:1 s3e1-a1dc71bb:1
1786386924.991470 s1e1-bed9eef6:1 s2e1-81cd9116:1 s3e1-a1dc71bb:1
1786386925.012110 s1e1-bed9eef6:1 s2e1-81cd9116:1 s3e1-a1dc71bb:1
1786386925.032832 s1e1-bed9eef6:1 s2e1-81cd9116:1 s3e1-a1dc71bb:1
1786386925.053432 s1e1-bed9eef6:1 s2e1-81cd9116:1 s3e1-a1dc71bb:1
1786386925.074209 s1e1-bed9eef6:1 s2e1-81cd9116:1 s3e1-a1dc71bb:1
1786386925.095141 s1e1-bed9eef6:1 s2e1-81cd9116:1 s3e1-a1dc71bb:1 s4e1-92d49b6c:53E
1786386925.154072 s1e1-bed9eef6:1 s2e1-81cd9116:1 s3e1-a1dc71bb:1 s4e1-92d49b6c:1
1786386925.162776 s2e1-81cd9116:1 s3e1-a1dc71bb:1 s4e1-92d49b6c:1
1786386925.183439 s2e1-81cd9116:1 s3e1-a1dc71bb:1 s4e1-92d49b6c:1
1786386925.204230 s2e1-81cd9116:1 s3e1-a1dc71bb:1 s4e1-92d49b6c:1
1786386925.225075 s2e1-81cd9116:1 s3e1-a1dc71bb:1 s4e1-92d49b6c:1
1786386925.245771 s2e1-81cd9116:1 s3e1-a1dc71bb:1 s4e1-92d49b6c:1
1786386925.266425 s2e1-81cd9116:1 s3e1-a1dc71bb:1 s4e1-92d49b6c:1
1786386925.287244 s2e1-81cd9116:1 s3e1-a1dc71bb:1 s4e1-92d49b6c:1
1786386925.308009 s2e1-81cd9116:1 s3e1-a1dc71bb:1 s4e1-92d49b6c:1
1786386925.329052 s2e1-81cd9116:1 s3e1-a1dc71bb:1 s4e1-92d49b6c:1 s5e1-a47300ef:53E
1786386925.388331 s2e1-81cd9116:1 s3e1-a1dc71bb:1 s4e1-92d49b6c:1 s5e1-a47300ef:1
1786386925.396965 s3e1-a1dc71bb:1 s4e1-92d49b6c:1 s5e1-a47300ef:1
1786386925.417832 s3e1-a1dc71bb:1 s4e1-92d49b6c:1 s5e1-a47300ef:1
1786386925.438539 s3e1-a1dc71bb:1 s4e1-92d49b6c:1 s5e1-a47300ef:1
1786386925.459331 s3e1-a1dc71bb:1 s4e1-92d49b6c:1 s5e1-a47300ef:1
1786386925.480023 s3e1-a1dc71bb:1 s4e1-92d49b6c:1 s5e1-a47300ef:1
1786386925.500773 s3e1-a1dc71bb:1 s4e1-92d49b6c:1 s5e1-a47300ef:1
1786386925.521506 s3e1-a1dc71bb:1 s4e1-92d49b6c:1 s5e1-a47300ef:1
1786386925.542231 s3e1-a1dc71bb:1 s4e1-92d49b6c:1 s5e1-a47300ef:1
1786386925.562964 s3e1-a1dc71bb:1 s4e1-92d49b6c:1 s5e1-a47300ef:1
1786386925.583727 s3e1-a1dc71bb:1 s4e1-92d49b6c:1 s5e1-a47300ef:1
1786386925.604662 s3e1-a1dc71bb:1 s4e1-92d49b6c:1 s5e1-a47300ef:1 s6e1-b3663ea1:53E
1786386925.662494 s3e1-a1dc71bb:1 s4e1-92d49b6c:1 s5e1-a47300ef:1 s6e1-b3663ea1:1
1786386925.672048 s3e1-a1dc71bb:1 s4e1-92d49b6c:1 s5e1-a47300ef:1 s6e1-b3663ea1:1
1786386925.692869 s4e1-92d49b6c:1 s5e1-a47300ef:1 s6e1-b3663ea1:1
1786386925.713807 s4e1-92d49b6c:1 s5e1-a47300ef:1 s6e1-b3663ea1:1
1786386925.734570 s4e1-92d49b6c:1 s5e1-a47300ef:1 s6e1-b3663ea1:1
1786386925.755559 s4e1-92d49b6c:1 s5e1-a47300ef:1 s6e1-b3663ea1:1
1786386925.776447 s4e1-92d49b6c:1 s5e1-a47300ef:1 s6e1-b3663ea1:1
1786386925.797379 s4e1-92d49b6c:1 s5e1-a47300ef:1 s6e1-b3663ea1:1
1786386925.818255 s4e1-92d49b6c:1 s5e1-a47300ef:1 s6e1-b3663ea1:1
1786386925.839226 s4e1-92d49b6c:1 s5e1-a47300ef:1 s6e1-b3663ea1:1
1786386925.860241 s5e1-a47300ef:1 s6e1-b3663ea1:1 s7e1-ba8ac0a3:53E
1786386925.920373 s5e1-a47300ef:1 s6e1-b3663ea1:1 s7e1-ba8ac0a3:1
1786386925.928179 s5e1-a47300ef:1 s6e1-b3663ea1:1 s7e1-ba8ac0a3:1
1786386925.948868 s5e1-a47300ef:1 s6e1-b3663ea1:1 s7e1-ba8ac0a3:1
1786386925.969635 s5e1-a47300ef:1 s6e1-b3663ea1:1 s7e1-ba8ac0a3:1
1786386925.990335 s5e1-a47300ef:1 s6e1-b3663ea1:1 s7e1-ba8ac0a3:1
1786386926.011362 s5e1-a47300ef:1 s6e1-b3663ea1:1 s7e1-ba8ac0a3:1
1786386926.032234 s5e1-a47300ef:1 s6e1-b3663ea1:1 s7e1-ba8ac0a3:1
1786386926.053210 s5e1-a47300ef:1 s6e1-b3663ea1:1 s7e1-ba8ac0a3:1
1786386926.074189 s5e1-a47300ef:1 s6e1-b3663ea1:1 s7e1-ba8ac0a3:1
1786386926.095288 s6e1-b3663ea1:1 s7e1-ba8ac0a3:1 s8e1-a585f7d5:53E
1786386926.155397 s6e1-b3663ea1:1 s7e1-ba8ac0a3:1 s8e1-a585f7d5:1
1786386926.164704 s6e1-b3663ea1:1 s7e1-ba8ac0a3:1 s8e1-a585f7d5:1
1786386926.185385 s6e1-b3663ea1:1 s7e1-ba8ac0a3:1 s8e1-a585f7d5:1
1786386926.206265 s6e1-b3663ea1:1 s7e1-ba8ac0a3:1 s8e1-a585f7d5:1
1786386926.227205 s6e1-b3663ea1:1 s7e1-ba8ac0a3:1 s8e1-a585f7d5:1
1786386926.248082 s6e1-b3663ea1:1 s7e1-ba8ac0a3:1 s8e1-a585f7d5:1
1786386926.269137 s6e1-b3663ea1:1 s7e1-ba8ac0a3:1 s8e1-a585f7d5:1
1786386926.290201 s6e1-b3663ea1:1 s7e1-ba8ac0a3:1 s8e1-a585f7d5:1
1786386926.311221 s6e1-b3663ea1:1 s7e1-ba8ac0a3:1 s8e1-a585f7d5:1
1786386926.332330 s6e1-b3663ea1:1 s7e1-ba8ac0a3:1 s8e1-a585f7d5:1
1786386926.353489 s6e1-b3663ea1:1 s7e1-ba8ac0a3:1 s8e1-a585f7d5:1 s1e1-bed9eef6:53E
1786386926.411930 s7e1-ba8ac0a3:1 s8e1-a585f7d5:1 s1e1-bed9eef6:1
1786386926.421425 s7e1-ba8ac0a3:1 s8e1-a585f7d5:1 s1e1-bed9eef6:1
1786386926.442171 s7e1-ba8ac0a3:1 s8e1-a585f7d5:1 s1e1-bed9eef6:1
1786386926.463169 s7e1-ba8ac0a3:1 s8e1-a585f7d5:1 s1e1-bed9eef6:1
1786386926.484127 s7e1-ba8ac0a3:1 s8e1-a585f7d5:1 s1e1-bed9eef6:1
1786386926.505065 s7e1-ba8ac0a3:1 s8e1-a585f7d5:1 s1e1-bed9eef6:1
1786386926.526196 s7e1-ba8ac0a3:1 s8e1-a585f7d5:1 s1e1-bed9eef6:1
1786386926.547270 s7e1-ba8ac0a3:1 s8e1-a585f7d5:1 s1e1-bed9eef6:1
1786386926.568410 s7e1-ba8ac0a3:1 s8e1-a585f7d5:1 s1e1-bed9eef6:1
1786386926.589544 s7e1-ba8ac0a3:1 s8e1-a585f7d5:1 s1e1-bed9eef6:1
1786386926.610660 s7e1-ba8ac0a3:1 s8e1-a585f7d5:1 s1e1-bed9eef6:1
1786386926.632013 s8e1-a585f7d5:1 s1e1-bed9eef6:1 s2e1-81cd9116:53E
1786386926.699592 s8e1-a585f7d5:1 s1e1-bed9eef6:1 s2e1-81cd9116:1
1786386926.705701 s8e1-a585f7d5:1 s1e1-bed9eef6:1 s2e1-81cd9116:1
1786386926.726442 s8e1-a585f7d5:1 s1e1-bed9eef6:1 s2e1-81cd9116:1
1786386926.747408 s8e1-a585f7d5:1 s1e1-bed9eef6:1 s2e1-81cd9116:1
1786386926.768352 s8e1-a585f7d5:1 s1e1-bed9eef6:1 s2e1-81cd9116:1
1786386926.789429 s8e1-a585f7d5:1 s1e1-bed9eef6:1 s2e1-81cd9116:1
1786386926.810413 s8e1-a585f7d5:1 s1e1-bed9eef6:1 s2e1-81cd9116:1
1786386926.831446 s8e1-a585f7d5:1 s1e1-bed9eef6:1 s2e1-81cd9116:1
1786386926.852481 s8e1-a585f7d5:1 s1e1-bed9eef6:1 s2e1-81cd9116:1
1786386926.873499 s1e1-bed9eef6:1 s2e1-81cd9116:1
1786386926.894787 s1e1-bed9eef6:1 s2e1-81cd9116:1 s3e1-a1dc71bb:53E
1786386926.952732 s1e1-bed9eef6:1 s2e1-81cd9116:1 s3e1-a1dc71bb:1
1786386926.962063 s1e1-bed9eef6:1 s2e1-81cd9116:1 s3e1-a1dc71bb:1
1786386926.982805 s1e1-bed9eef6:1 s2e1-81cd9116:1 s3e1-a1dc71bb:1
1786386927.003746 s1e1-bed9eef6:1 s2e1-81cd9116:1 s3e1-a1dc71bb:1
1786386927.024697 s1e1-bed9eef6:1 s2e1-81cd9116:1 s3e1-a1dc71bb:1
1786386927.045704 s1e1-bed9eef6:1 s2e1-81cd9116:1 s3e1-a1dc71bb:1
1786386927.066601 s1e1-bed9eef6:1 s2e1-81cd9116:1 s3e1-a1dc71bb:1
1786386927.087582 s1e1-bed9eef6:1 s2e1-81cd9116:1 s3e1-a1dc71bb:1
1786386927.108747 s1e1-bed9eef6:1 s2e1-81cd9116:1 s3e1-a1dc71bb:1 s4e1-92d49b6c:53E
1786386927.167024 s2e1-81cd9116:1 s3e1-a1dc71bb:1 s4e1-92d49b6c:1
1786386927.176185 s2e1-81cd9116:1 s3e1-a1dc71bb:1 s4e1-92d49b6c:1
1786386927.197080 s2e1-81cd9116:1 s3e1-a1dc71bb:1 s4e1-92d49b6c:1
1786386927.218172 s2e1-81cd9116:1 s3e1-a1dc71bb:1 s4e1-92d49b6c:1
1786386927.239158 s2e1-81cd9116:1 s3e1-a1dc71bb:1 s4e1-92d49b6c:1
1786386927.260250 s2e1-81cd9116:1 s3e1-a1dc71bb:1 s4e1-92d49b6c:1
1786386927.281243 s2e1-81cd9116:1 s3e1-a1dc71bb:1 s4e1-92d49b6c:1
1786386927.302323 s2e1-81cd9116:1 s3e1-a1dc71bb:1 s4e1-92d49b6c:1
1786386927.323318 s2e1-81cd9116:1 s3e1-a1dc71bb:1 s4e1-92d49b6c:1
1786386927.344564 s2e1-81cd9116:1 s3e1-a1dc71bb:1 s4e1-92d49b6c:1 s5e1-a47300ef:53E
1786386927.403248 s2e1-81cd9116:1 s3e1-a1dc71bb:1 s4e1-92d49b6c:1 s5e1-a47300ef:1
1786386927.412620 s2e1-81cd9116:1 s3e1-a1dc71bb:1 s4e1-92d49b6c:1 s5e1-a47300ef:1
1786386927.433776 s3e1-a1dc71bb:1 s4e1-92d49b6c:1 s5e1-a47300ef:1
1786386927.454981 s3e1-a1dc71bb:1 s4e1-92d49b6c:1 s5e1-a47300ef:1
1786386927.476110 s3e1-a1dc71bb:1 s4e1-92d49b6c:1 s5e1-a47300ef:1
1786386927.497193 s3e1-a1dc71bb:1 s4e1-92d49b6c:1 s5e1-a47300ef:1
1786386927.518235 s3e1-a1dc71bb:1 s4e1-92d49b6c:1 s5e1-a47300ef:1
1786386927.539374 s3e1-a1dc71bb:1 s4e1-92d49b6c:1 s5e1-a47300ef:1
1786386927.560379 s3e1-a1dc71bb:1 s4e1-92d49b6c:1 s5e1-a47300ef:1
1786386927.581436 s3e1-a1dc71bb:1 s4e1-92d49b6c:1 s5e1-a47300ef:1
1786386927.602494 s3e1-a1dc71bb:1 s4e1-92d49b6c:1 s5e1-a47300ef:1
1786386927.623503 s3e1-a1dc71bb:1 s4e1-92d49b6c:1 s5e1-a47300ef:1
1786386927.644717 s3e1-a1dc71bb:1 s4e1-92d49b6c:1 s5e1-a47300ef:1 s6e1-b3663ea1:53E
1786386927.703358 s4e1-92d49b6c:1 s5e1-a47300ef:1 s6e1-b3663ea1:1
1786386927.712591 s4e1-92d49b6c:1 s5e1-a47300ef:1 s6e1-b3663ea1:1
1786386927.733570 s4e1-92d49b6c:1 s5e1-a47300ef:1 s6e1-b3663ea1:1
1786386927.754604 s4e1-92d49b6c:1 s5e1-a47300ef:1 s6e1-b3663ea1:1
1786386927.775720 s4e1-92d49b6c:1 s5e1-a47300ef:1 s6e1-b3663ea1:1
1786386927.796695 s4e1-92d49b6c:1 s5e1-a47300ef:1 s6e1-b3663ea1:1
1786386927.817732 s4e1-92d49b6c:1 s5e1-a47300ef:1 s6e1-b3663ea1:1
1786386927.838790 s4e1-92d49b6c:1 s5e1-a47300ef:1 s6e1-b3663ea1:1
1786386927.859813 s4e1-92d49b6c:1 s5e1-a47300ef:1 s6e1-b3663ea1:1
1786386927.881072 s5e1-a47300ef:1 s6e1-b3663ea1:1 s7e1-ba8ac0a3:53E
1786386927.940272 s5e1-a47300ef:1 s6e1-b3663ea1:1 s7e1-ba8ac0a3:1
1786386927.949727 s5e1-a47300ef:1 s6e1-b3663ea1:1 s7e1-ba8ac0a3:1
1786386927.970600 s5e1-a47300ef:1 s6e1-b3663ea1:1 s7e1-ba8ac0a3:1
1786386927.991599 s5e1-a47300ef:1 s6e1-b3663ea1:1 s7e1-ba8ac0a3:1
1786386928.012522 s5e1-a47300ef:1 s6e1-b3663ea1:1 s7e1-ba8ac0a3:1
1786386928.033576 s5e1-a47300ef:1 s6e1-b3663ea1:1 s7e1-ba8ac0a3:1
1786386928.054573 s5e1-a47300ef:1 s6e1-b3663ea1:1 s7e1-ba8ac0a3:1
1786386928.075853 s5e1-a47300ef:1 s6e1-b3663ea1:1 s7e1-ba8ac0a3:1 s8e1-a585f7d5:53E
1786386928.133261 s5e1-a47300ef:1 s6e1-b3663ea1:1 s7e1-ba8ac0a3:1 s8e1-a585f7d5:1
1786386928.143111 s6e1-b3663ea1:1 s7e1-ba8ac0a3:1 s8e1-a585f7d5:1
1786386928.163927 s6e1-b3663ea1:1 s7e1-ba8ac0a3:1 s8e1-a585f7d5:1
1786386928.184868 s6e1-b3663ea1:1 s7e1-ba8ac0a3:1 s8e1-a585f7d5:1
1786386928.205831 s6e1-b3663ea1:1 s7e1-ba8ac0a3:1 s8e1-a585f7d5:1
1786386928.226791 s6e1-b3663ea1:1 s7e1-ba8ac0a3:1 s8e1-a585f7d5:1
1786386928.247800 s6e1-b3663ea1:1 s7e1-ba8ac0a3:1 s8e1-a585f7d5:1
1786386928.268805 s6e1-b3663ea1:1 s7e1-ba8ac0a3:1 s8e1-a585f7d5:1
1786386928.289818 s6e1-b3663ea1:1 s7e1-ba8ac0a3:1 s8e1-a585f7d5:1
1786386928.310850 s6e1-b3663ea1:1 s7e1-ba8ac0a3:1 s8e1-a585f7d5:1
1786386928.331920 s6e1-b3663ea1:1 s7e1-ba8ac0a3:1 s8e1-a585f7d5:1
1786386928.352988 s6e1-b3663ea1:1 s7e1-ba8ac0a3:1 s8e1-a585f7d5:1
1786386928.374066 s6e1-b3663ea1:1 s7e1-ba8ac0a3:1 s8e1-a585f7d5:1
1786386928.395313 s6e1-b3663ea1:1 s7e1-ba8ac0a3:1 s8e1-a585f7d5:1 s1e1-bed9eef6:53E
1786386928.455166 s7e1-ba8ac0a3:1 s8e1-a585f7d5:1 s1e1-bed9eef6:1
1786386928.463877 s7e1-ba8ac0a3:1 s8e1-a585f7d5:1 s1e1-bed9eef6:1
1786386928.484721 s7e1-ba8ac0a3:1 s8e1-a585f7d5:1 s1e1-bed9eef6:1
1786386928.505779 s7e1-ba8ac0a3:1 s8e1-a585f7d5:1 s1e1-bed9eef6:1
1786386928.526657 s7e1-ba8ac0a3:1 s8e1-a585f7d5:1 s1e1-bed9eef6:1
1786386928.547590 s7e1-ba8ac0a3:1 s8e1-a585f7d5:1 s1e1-bed9eef6:1
1786386928.568687 s7e1-ba8ac0a3:1 s8e1-a585f7d5:1 s1e1-bed9eef6:1
1786386928.589859 s7e1-ba8ac0a3:1 s8e1-a585f7d5:1 s1e1-bed9eef6:1
1786386928.611224 s7e1-ba8ac0a3:1 s8e1-a585f7d5:1 s1e1-bed9eef6:1 s2e1-81cd9116:53E
1786386928.670648 s7e1-ba8ac0a3:1 s8e1-a585f7d5:1 s1e1-bed9eef6:1 s2e1-81cd9116:1
1786386928.679421 s8e1-a585f7d5:1 s1e1-bed9eef6:1 s2e1-81cd9116:1
1786386928.700348 s8e1-a585f7d5:1 s1e1-bed9eef6:1 s2e1-81cd9116:1
1786386928.721365 s8e1-a585f7d5:1 s1e1-bed9eef6:1 s2e1-81cd9116:1
1786386928.742394 s8e1-a585f7d5:1 s1e1-bed9eef6:1 s2e1-81cd9116:1
1786386928.763436 s8e1-a585f7d5:1 s1e1-bed9eef6:1 s2e1-81cd9116:1
1786386928.784510 s8e1-a585f7d5:1 s1e1-bed9eef6:1 s2e1-81cd9116:1
1786386928.805607 s8e1-a585f7d5:1 s1e1-bed9eef6:1 s2e1-81cd9116:1
1786386928.826692 s8e1-a585f7d5:1 s1e1-bed9eef6:1 s2e1-81cd9116:1
1786386928.847679 s1e1-bed9eef6:1 s2e1-81cd9116:1
1786386928.868730 s1e1-bed9eef6:1 s2e1-81cd9116:1
1786386928.889163 s1e1-bed9eef6:1 s2e1-81cd9116:1
1786386928.909684 s1e1-bed9eef6:1 s2e1-81cd9116:1 s3e1-a1dc71bb:53E
1786386928.967840 s1e1-bed9eef6:1 s2e1-81cd9116:1 s3e1-a1dc71bb:1
1786386928.977101 s1e1-bed9eef6:1 s2e1-81cd9116:1 s3e1-a1dc71bb:1
1786386928.998008 s1e1-bed9eef6:1 s2e1-81cd9116:1 s3e1-a1dc71bb:1
1786386929.019062 s1e1-bed9eef6:1 s2e1-81cd9116:1 s3e1-a1dc71bb:1
1786386929.040108 s1e1-bed9eef6:1 s2e1-81cd9116:1 s3e1-a1dc71bb:1
1786386929.061222 s1e1-bed9eef6:1 s2e1-81cd9116:1 s3e1-a1dc71bb:1
1786386929.082239 s1e1-bed9eef6:1 s2e1-81cd9116:1 s3e1-a1dc71bb:1
1786386929.103285 s1e1-bed9eef6:1 s2e1-81cd9116:1 s3e1-a1dc71bb:1
1786386929.124328 s1e1-bed9eef6:1 s2e1-81cd9116:1 s3e1-a1dc71bb:1
1786386929.145578 s1e1-bed9eef6:1 s2e1-81cd9116:1 s3e1-a1dc71bb:1 s4e1-92d49b6c:53E
1786386929.203735 s2e1-81cd9116:1 s3e1-a1dc71bb:1 s4e1-92d49b6c:1
1786386929.213445 s2e1-81cd9116:1 s3e1-a1dc71bb:1 s4e1-92d49b6c:1
1786386929.234486 s2e1-81cd9116:1 s3e1-a1dc71bb:1 s4e1-92d49b6c:1
1786386929.255522 s2e1-81cd9116:1 s3e1-a1dc71bb:1 s4e1-92d49b6c:1
1786386929.276640 s2e1-81cd9116:1 s3e1-a1dc71bb:1 s4e1-92d49b6c:1
1786386929.297640 s2e1-81cd9116:1 s3e1-a1dc71bb:1 s4e1-92d49b6c:1
1786386929.318702 s2e1-81cd9116:1 s3e1-a1dc71bb:1 s4e1-92d49b6c:1
1786386929.339754 s2e1-81cd9116:1 s3e1-a1dc71bb:1 s4e1-92d49b6c:1
1786386929.360802 s2e1-81cd9116:1 s3e1-a1dc71bb:1 s4e1-92d49b6c:1
1786386929.382068 s3e1-a1dc71bb:1 s4e1-92d49b6c:1 s5e1-a47300ef:53E
1786386929.440896 s3e1-a1dc71bb:1 s4e1-92d49b6c:1 s5e1-a47300ef:1
1786386929.450387 s3e1-a1dc71bb:1 s4e1-92d49b6c:1 s5e1-a47300ef:1
1786386929.471227 s3e1-a1dc71bb:1 s4e1-92d49b6c:1 s5e1-a47300ef:1
1786386929.492198 s3e1-a1dc71bb:1 s4e1-92d49b6c:1 s5e1-a47300ef:1
1786386929.513237 s3e1-a1dc71bb:1 s4e1-92d49b6c:1 s5e1-a47300ef:1
1786386929.534168 s3e1-a1dc71bb:1 s4e1-92d49b6c:1 s5e1-a47300ef:1
1786386929.555083 s3e1-a1dc71bb:1 s4e1-92d49b6c:1 s5e1-a47300ef:1
1786386929.576051 s3e1-a1dc71bb:1 s4e1-92d49b6c:1 s5e1-a47300ef:1
1786386929.597208 s3e1-a1dc71bb:1 s4e1-92d49b6c:1 s5e1-a47300ef:1 s6e1-b3663ea1:53E
1786386929.655510 s3e1-a1dc71bb:1 s4e1-92d49b6c:1 s5e1-a47300ef:1 s6e1-b3663ea1:1
1786386929.664921 s3e1-a1dc71bb:1 s4e1-92d49b6c:1 s5e1-a47300ef:1 s6e1-b3663ea1:1
1786386929.685845 s3e1-a1dc71bb:1 s4e1-92d49b6c:1 s5e1-a47300ef:1 s6e1-b3663ea1:1
1786386929.706897 s4e1-92d49b6c:1 s5e1-a47300ef:1 s6e1-b3663ea1:1
1786386929.727925 s4e1-92d49b6c:1 s5e1-a47300ef:1 s6e1-b3663ea1:1
1786386929.748865 s4e1-92d49b6c:1 s5e1-a47300ef:1 s6e1-b3663ea1:1
1786386929.769823 s4e1-92d49b6c:1 s5e1-a47300ef:1 s6e1-b3663ea1:1
1786386929.790771 s4e1-92d49b6c:1 s5e1-a47300ef:1 s6e1-b3663ea1:1
1786386929.811748 s4e1-92d49b6c:1 s5e1-a47300ef:1 s6e1-b3663ea1:1
1786386929.832793 s4e1-92d49b6c:1 s5e1-a47300ef:1 s6e1-b3663ea1:1
1786386929.853816 s4e1-92d49b6c:1 s5e1-a47300ef:1 s6e1-b3663ea1:1
1786386929.875073 s4e1-92d49b6c:1 s5e1-a47300ef:1 s6e1-b3663ea1:1 s7e1-ba8ac0a3:53E
1786386929.933895 s4e1-92d49b6c:1 s5e1-a47300ef:1 s6e1-b3663ea1:1 s7e1-ba8ac0a3:1
1786386929.943468 s5e1-a47300ef:1 s6e1-b3663ea1:1 s7e1-ba8ac0a3:1
1786386929.964398 s5e1-a47300ef:1 s6e1-b3663ea1:1 s7e1-ba8ac0a3:1
1786386929.985474 s5e1-a47300ef:1 s6e1-b3663ea1:1 s7e1-ba8ac0a3:1
1786386930.006467 s5e1-a47300ef:1 s6e1-b3663ea1:1 s7e1-ba8ac0a3:1
1786386930.027490 s5e1-a47300ef:1 s6e1-b3663ea1:1 s7e1-ba8ac0a3:1
1786386930.048541 s5e1-a47300ef:1 s6e1-b3663ea1:1 s7e1-ba8ac0a3:1
1786386930.069648 s5e1-a47300ef:1 s6e1-b3663ea1:1 s7e1-ba8ac0a3:1
1786386930.090785 s5e1-a47300ef:1 s6e1-b3663ea1:1 s7e1-ba8ac0a3:1
1786386930.112128 s5e1-a47300ef:1 s6e1-b3663ea1:1 s7e1-ba8ac0a3:1 s8e1-a585f7d5:53E
1786386930.170903 s5e1-a47300ef:1 s6e1-b3663ea1:1 s7e1-ba8ac0a3:1 s8e1-a585f7d5:1
1786386930.180441 s6e1-b3663ea1:1 s7e1-ba8ac0a3:1 s8e1-a585f7d5:1
1786386930.201358 s6e1-b3663ea1:1 s7e1-ba8ac0a3:1 s8e1-a585f7d5:1
1786386930.222243 s6e1-b3663ea1:1 s7e1-ba8ac0a3:1 s8e1-a585f7d5:1
1786386930.243209 s6e1-b3663ea1:1 s7e1-ba8ac0a3:1 s8e1-a585f7d5:1
1786386930.264168 s6e1-b3663ea1:1 s7e1-ba8ac0a3:1 s8e1-a585f7d5:1
1786386930.285136 s6e1-b3663ea1:1 s7e1-ba8ac0a3:1 s8e1-a585f7d5:1
1786386930.306184 s6e1-b3663ea1:1 s7e1-ba8ac0a3:1 s8e1-a585f7d5:1
1786386930.327306 s6e1-b3663ea1:1 s7e1-ba8ac0a3:1 s8e1-a585f7d5:1
1786386930.348510 s6e1-b3663ea1:1 s7e1-ba8ac0a3:1 s8e1-a585f7d5:1
1786386930.369599 s7e1-ba8ac0a3:1 s8e1-a585f7d5:1
1786386930.390994 s7e1-ba8ac0a3:1 s8e1-a585f7d5:1 s1e1-bed9eef6:53E
1786386930.448661 s7e1-ba8ac0a3:1 s8e1-a585f7d5:1 s1e1-bed9eef6:1
1786386930.458693 s7e1-ba8ac0a3:1 s8e1-a585f7d5:1 s1e1-bed9eef6:1
1786386930.479472 s7e1-ba8ac0a3:1 s8e1-a585f7d5:1 s1e1-bed9eef6:1
1786386930.500479 s7e1-ba8ac0a3:1 s8e1-a585f7d5:1 s1e1-bed9eef6:1
1786386930.521395 s7e1-ba8ac0a3:1 s8e1-a585f7d5:1 s1e1-bed9eef6:1
1786386930.542369 s7e1-ba8ac0a3:1 s8e1-a585f7d5:1 s1e1-bed9eef6:1
1786386930.563389 s7e1-ba8ac0a3:1 s8e1-a585f7d5:1 s1e1-bed9eef6:1
1786386930.584299 s7e1-ba8ac0a3:1 s8e1-a585f7d5:1 s1e1-bed9eef6:1
1786386930.605445 s7e1-ba8ac0a3:1 s8e1-a585f7d5:1 s1e1-bed9eef6:1 s2e1-81cd9116:53E
1786386930.662112 s7e1-ba8ac0a3:1 s8e1-a585f7d5:1 s1e1-bed9eef6:1 s2e1-81cd9116:1
1786386930.672564 s8e1-a585f7d5:1 s1e1-bed9eef6:1 s2e1-81cd9116:1
1786386930.693781 s8e1-a585f7d5:1 s1e1-bed9eef6:1 s2e1-81cd9116:1
1786386930.714951 s8e1-a585f7d5:1 s1e1-bed9eef6:1 s2e1-81cd9116:1
1786386930.735929 s8e1-a585f7d5:1 s1e1-bed9eef6:1 s2e1-81cd9116:1
1786386930.756997 s8e1-a585f7d5:1 s1e1-bed9eef6:1 s2e1-81cd9116:1
1786386930.778091 s8e1-a585f7d5:1 s1e1-bed9eef6:1 s2e1-81cd9116:1
1786386930.799103 s8e1-a585f7d5:1 s1e1-bed9eef6:1 s2e1-81cd9116:1
1786386930.821155 s8e1-a585f7d5:1 s1e1-bed9eef6:1 s2e1-81cd9116:1
1786386930.841169 s8e1-a585f7d5:1 s1e1-bed9eef6:1 s2e1-81cd9116:1
1786386930.862197 s8e1-a585f7d5:1 s1e1-bed9eef6:1 s2e1-81cd9116:1
1786386930.883233 s1e1-bed9eef6:1 s2e1-81cd9116:1
1786386930.904486 s1e1-bed9eef6:1 s2e1-81cd9116:1 s3e1-a1dc71bb:53E
1786386930.961958 s1e1-bed9eef6:1 s2e1-81cd9116:1 s3e1-a1dc71bb:1
1786386930.971944 s1e1-bed9eef6:1 s2e1-81cd9116:1 s3e1-a1dc71bb:1
1786386930.992862 s1e1-bed9eef6:1 s2e1-81cd9116:1 s3e1-a1dc71bb:1
1786386931.013818 s1e1-bed9eef6:1 s2e1-81cd9116:1 s3e1-a1dc71bb:1
1786386931.034801 s1e1-bed9eef6:1 s2e1-81cd9116:1 s3e1-a1dc71bb:1
1786386931.055759 s1e1-bed9eef6:1 s2e1-81cd9116:1 s3e1-a1dc71bb:1
1786386931.076771 s1e1-bed9eef6:1 s2e1-81cd9116:1 s3e1-a1dc71bb:1
1786386931.097669 s1e1-bed9eef6:1 s2e1-81cd9116:1 s3e1-a1dc71bb:1
1786386931.118641 s1e1-bed9eef6:1 s2e1-81cd9116:1 s3e1-a1dc71bb:1
1786386931.139834 s1e1-bed9eef6:1 s2e1-81cd9116:1 s3e1-a1dc71bb:1 s4e1-92d49b6c:53E
1786386931.197106 s2e1-81cd9116:1 s3e1-a1dc71bb:1 s4e1-92d49b6c:1
1786386931.207208 s2e1-81cd9116:1 s3e1-a1dc71bb:1 s4e1-92d49b6c:1
1786386931.228106 s2e1-81cd9116:1 s3e1-a1dc71bb:1 s4e1-92d49b6c:1
1786386931.249079 s2e1-81cd9116:1 s3e1-a1dc71bb:1 s4e1-92d49b6c:1
1786386931.270035 s2e1-81cd9116:1 s3e1-a1dc71bb:1 s4e1-92d49b6c:1
1786386931.291013 s2e1-81cd9116:1 s3e1-a1dc71bb:1 s4e1-92d49b6c:1
1786386931.312088 s2e1-81cd9116:1 s3e1-a1dc71bb:1 s4e1-92d49b6c:1
1786386931.333155 s2e1-81cd9116:1 s3e1-a1dc71bb:1 s4e1-92d49b6c:1
1786386931.354288 s2e1-81cd9116:1 s3e1-a1dc71bb:1 s4e1-92d49b6c:1
1786386931.375621 s3e1-a1dc71bb:1 s4e1-92d49b6c:1 s5e1-a47300ef:53E
1786386931.435142 s3e1-a1dc71bb:1 s4e1-92d49b6c:1 s5e1-a47300ef:1
1786386931.444226 s3e1-a1dc71bb:1 s4e1-92d49b6c:1 s5e1-a47300ef:1
1786386931.465051 s3e1-a1dc71bb:1 s4e1-92d49b6c:1 s5e1-a47300ef:1
1786386931.486011 s3e1-a1dc71bb:1 s4e1-92d49b6c:1 s5e1-a47300ef:1
1786386931.506994 s3e1-a1dc71bb:1 s4e1-92d49b6c:1 s5e1-a47300ef:1
1786386931.527989 s3e1-a1dc71bb:1 s4e1-92d49b6c:1 s5e1-a47300ef:1
1786386931.549030 s3e1-a1dc71bb:1 s4e1-92d49b6c:1 s5e1-a47300ef:1
1786386931.570074 s3e1-a1dc71bb:1 s4e1-92d49b6c:1 s5e1-a47300ef:1
1786386931.591141 s3e1-a1dc71bb:1 s4e1-92d49b6c:1 s5e1-a47300ef:1
1786386931.612184 s3e1-a1dc71bb:1 s4e1-92d49b6c:1 s5e1-a47300ef:1
1786386931.633458 s3e1-a1dc71bb:1 s4e1-92d49b6c:1 s5e1-a47300ef:1 s6e1-b3663ea1:53E
1786386931.692240 s3e1-a1dc71bb:1 s4e1-92d49b6c:1 s5e1-a47300ef:1 s6e1-b3663ea1:1
1786386931.701590 s4e1-92d49b6c:1 s5e1-a47300ef:1 s6e1-b3663ea1:1
1786386931.722507 s4e1-92d49b6c:1 s5e1-a47300ef:1 s6e1-b3663ea1:1
1786386931.743530 s4e1-92d49b6c:1 s5e1-a47300ef:1 s6e1-b3663ea1:1
1786386931.764611 s4e1-92d49b6c:1 s5e1-a47300ef:1 s6e1-b3663ea1:1
1786386931.785648 s4e1-92d49b6c:1 s5e1-a47300ef:1 s6e1-b3663ea1:1
1786386931.806668 s4e1-92d49b6c:1 s5e1-a47300ef:1 s6e1-b3663ea1:1
1786386931.827691 s4e1-92d49b6c:1 s5e1-a47300ef:1 s6e1-b3663ea1:1
1786386931.848720 s4e1-92d49b6c:1 s5e1-a47300ef:1 s6e1-b3663ea1:1
1786386931.869951 s4e1-92d49b6c:1 s5e1-a47300ef:1 s6e1-b3663ea1:1 s7e1-ba8ac0a3:53E
1786386931.929205 s4e1-92d49b6c:1 s5e1-a47300ef:1 s6e1-b3663ea1:1 s7e1-ba8ac0a3:1
1786386931.938942 s5e1-a47300ef:1 s6e1-b3663ea1:1 s7e1-ba8ac0a3:1
1786386931.959877 s5e1-a47300ef:1 s6e1-b3663ea1:1 s7e1-ba8ac0a3:1
1786386931.980896 s5e1-a47300ef:1 s6e1-b3663ea1:1 s7e1-ba8ac0a3:1
1786386932.001997 s5e1-a47300ef:1 s6e1-b3663ea1:1 s7e1-ba8ac0a3:1
1786386932.022989 s5e1-a47300ef:1 s6e1-b3663ea1:1 s7e1-ba8ac0a3:1
1786386932.044051 s5e1-a47300ef:1 s6e1-b3663ea1:1 s7e1-ba8ac0a3:1
1786386932.065078 s5e1-a47300ef:1 s6e1-b3663ea1:1 s7e1-ba8ac0a3:1
1786386932.086108 s5e1-a47300ef:1 s6e1-b3663ea1:1 s7e1-ba8ac0a3:1
1786386932.107380 s5e1-a47300ef:1 s6e1-b3663ea1:1 s7e1-ba8ac0a3:1 s8e1-a585f7d5:53E
1786386932.166293 s5e1-a47300ef:1 s6e1-b3663ea1:1 s7e1-ba8ac0a3:1 s8e1-a585f7d5:1
1786386932.176102 s6e1-b3663ea1:1 s7e1-ba8ac0a3:1 s8e1-a585f7d5:1
1786386932.197119 s6e1-b3663ea1:1 s7e1-ba8ac0a3:1 s8e1-a585f7d5:1
1786386932.218116 s6e1-b3663ea1:1 s7e1-ba8ac0a3:1 s8e1-a585f7d5:1
1786386932.239179 s6e1-b3663ea1:1 s7e1-ba8ac0a3:1 s8e1-a585f7d5:1
1786386932.260204 s6e1-b3663ea1:1 s7e1-ba8ac0a3:1 s8e1-a585f7d5:1
1786386932.281304 s6e1-b3663ea1:1 s7e1-ba8ac0a3:1 s8e1-a585f7d5:1
1786386932.302298 s6e1-b3663ea1:1 s7e1-ba8ac0a3:1 s8e1-a585f7d5:1
1786386932.323380 s6e1-b3663ea1:1 s7e1-ba8ac0a3:1 s8e1-a585f7d5:1
1786386932.344377 s6e1-b3663ea1:1 s7e1-ba8ac0a3:1 s8e1-a585f7d5:1
1786386932.365641 s6e1-b3663ea1:1 s7e1-ba8ac0a3:1 s8e1-a585f7d5:1 s1e1-bed9eef6:53E
1786386932.424026 s6e1-b3663ea1:1 s7e1-ba8ac0a3:1 s8e1-a585f7d5:1 s1e1-bed9eef6:1
1786386932.434540 s7e1-ba8ac0a3:1 s8e1-a585f7d5:1 s1e1-bed9eef6:1
1786386932.455800 s7e1-ba8ac0a3:1 s8e1-a585f7d5:1 s1e1-bed9eef6:1
1786386932.476883 s7e1-ba8ac0a3:1 s8e1-a585f7d5:1 s1e1-bed9eef6:1
1786386932.498002 s7e1-ba8ac0a3:1 s8e1-a585f7d5:1 s1e1-bed9eef6:1
1786386932.519160 s7e1-ba8ac0a3:1 s8e1-a585f7d5:1 s1e1-bed9eef6:1
1786386932.540254 s7e1-ba8ac0a3:1 s8e1-a585f7d5:1 s1e1-bed9eef6:1
1786386932.561368 s7e1-ba8ac0a3:1 s8e1-a585f7d5:1 s1e1-bed9eef6:1
1786386932.582367 s7e1-ba8ac0a3:1 s8e1-a585f7d5:1 s1e1-bed9eef6:1
1786386932.603387 s7e1-ba8ac0a3:1 s8e1-a585f7d5:1 s1e1-bed9eef6:1
1786386932.624439 s7e1-ba8ac0a3:1 s8e1-a585f7d5:1 s1e1-bed9eef6:1
1786386932.645640 s8e1-a585f7d5:1 s1e1-bed9eef6:1 s2e1-81cd9116:53E
1786386932.704090 s8e1-a585f7d5:1 s1e1-bed9eef6:1 s2e1-81cd9116:1
1786386932.714205 s8e1-a585f7d5:1 s1e1-bed9eef6:1 s2e1-81cd9116:1
1786386932.735209 s8e1-a585f7d5:1 s1e1-bed9eef6:1 s2e1-81cd9116:1
1786386932.756195 s8e1-a585f7d5:1 s1e1-bed9eef6:1 s2e1-81cd9116:1
1786386932.777241 s8e1-a585f7d5:1 s1e1-bed9eef6:1 s2e1-81cd9116:1
1786386932.798288 s8e1-a585f7d5:1 s1e1-bed9eef6:1 s2e1-81cd9116:1
1786386932.819381 s8e1-a585f7d5:1 s1e1-bed9eef6:1 s2e1-81cd9116:1
1786386932.840579 s8e1-a585f7d5:1 s1e1-bed9eef6:1 s2e1-81cd9116:1 s3e1-a1dc71bb:53E
1786386932.899133 s8e1-a585f7d5:1 s1e1-bed9eef6:1 s2e1-81cd9116:1 s3e1-a1dc71bb:1
1786386932.909165 s1e1-bed9eef6:1 s2e1-81cd9116:1 s3e1-a1dc71bb:1
1786386932.930213 s1e1-bed9eef6:1 s2e1-81cd9116:1 s3e1-a1dc71bb:1
1786386932.951289 s1e1-bed9eef6:1 s2e1-81cd9116:1 s3e1-a1dc71bb:1
1786386932.972265 s1e1-bed9eef6:1 s2e1-81cd9116:1 s3e1-a1dc71bb:1
1786386932.993327 s1e1-bed9eef6:1 s2e1-81cd9116:1 s3e1-a1dc71bb:1
1786386933.014347 s1e1-bed9eef6:1 s2e1-81cd9116:1 s3e1-a1dc71bb:1
1786386933.035406 s1e1-bed9eef6:1 s2e1-81cd9116:1 s3e1-a1dc71bb:1
1786386933.056449 s1e1-bed9eef6:1 s2e1-81cd9116:1 s3e1-a1dc71bb:1
1786386933.077532 s1e1-bed9eef6:1 s2e1-81cd9116:1 s3e1-a1dc71bb:1
1786386933.098507 s1e1-bed9eef6:1 s2e1-81cd9116:1 s3e1-a1dc71bb:1
1786386933.119817 s1e1-bed9eef6:1 s2e1-81cd9116:1 s3e1-a1dc71bb:1 s4e1-92d49b6c:53E
1786386933.177328 s2e1-81cd9116:1 s3e1-a1dc71bb:1 s4e1-92d49b6c:1
1786386933.187701 s2e1-81cd9116:1 s3e1-a1dc71bb:1 s4e1-92d49b6c:1
1786386933.208779 s2e1-81cd9116:1 s3e1-a1dc71bb:1 s4e1-92d49b6c:1
1786386933.229803 s2e1-81cd9116:1 s3e1-a1dc71bb:1 s4e1-92d49b6c:1
1786386933.250863 s2e1-81cd9116:1 s3e1-a1dc71bb:1 s4e1-92d49b6c:1
1786386933.271869 s2e1-81cd9116:1 s3e1-a1dc71bb:1 s4e1-92d49b6c:1
1786386933.292941 s2e1-81cd9116:1 s3e1-a1dc71bb:1 s4e1-92d49b6c:1
1786386933.313973 s2e1-81cd9116:1 s3e1-a1dc71bb:1 s4e1-92d49b6c:1
1786386933.335016 s2e1-81cd9116:1 s3e1-a1dc71bb:1 s4e1-92d49b6c:1
1786386933.356064 s2e1-81cd9116:1 s3e1-a1dc71bb:1 s4e1-92d49b6c:1
1786386933.377084 s2e1-81cd9116:1 s3e1-a1dc71bb:1 s4e1-92d49b6c:1
1786386933.398323 s2e1-81cd9116:1 s3e1-a1dc71bb:1 s4e1-92d49b6c:1 s5e1-a47300ef:53E
1786386933.457907 s3e1-a1dc71bb:1 s4e1-92d49b6c:1 s5e1-a47300ef:1
1786386933.467030 s3e1-a1dc71bb:1 s4e1-92d49b6c:1 s5e1-a47300ef:1
1786386933.487906 s3e1-a1dc71bb:1 s4e1-92d49b6c:1 s5e1-a47300ef:1
1786386933.508907 s3e1-a1dc71bb:1 s4e1-92d49b6c:1 s5e1-a47300ef:1
1786386933.529799 s3e1-a1dc71bb:1 s4e1-92d49b6c:1 s5e1-a47300ef:1
1786386933.550786 s3e1-a1dc71bb:1 s4e1-92d49b6c:1 s5e1-a47300ef:1
1786386933.571799 s3e1-a1dc71bb:1 s4e1-92d49b6c:1 s5e1-a47300ef:1
1786386933.592876 s3e1-a1dc71bb:1 s4e1-92d49b6c:1 s5e1-a47300ef:1
1786386933.614115 s4e1-92d49b6c:1 s5e1-a47300ef:1 s6e1-b3663ea1:53E
1786386933.671622 s4e1-92d49b6c:1 s5e1-a47300ef:1 s6e1-b3663ea1:1
1786386933.681967 s4e1-92d49b6c:1 s5e1-a47300ef:1 s6e1-b3663ea1:1
1786386933.702810 s4e1-92d49b6c:1 s5e1-a47300ef:1 s6e1-b3663ea1:1
1786386933.723783 s4e1-92d49b6c:1 s5e1-a47300ef:1 s6e1-b3663ea1:1
1786386933.744714 s4e1-92d49b6c:1 s5e1-a47300ef:1 s6e1-b3663ea1:1
1786386933.767619 s4e1-92d49b6c:1 s5e1-a47300ef:1 s6e1-b3663ea1:1
1786386933.786818 s4e1-92d49b6c:1 s5e1-a47300ef:1 s6e1-b3663ea1:1
1786386933.807807 s4e1-92d49b6c:1 s5e1-a47300ef:1 s6e1-b3663ea1:1
1786386933.828863 s4e1-92d49b6c:1 s5e1-a47300ef:1 s6e1-b3663ea1:1
1786386933.849941 s4e1-92d49b6c:1 s5e1-a47300ef:1 s6e1-b3663ea1:1
1786386933.871265 s4e1-92d49b6c:1 s5e1-a47300ef:1 s6e1-b3663ea1:1 s7e1-ba8ac0a3:53E
1786386933.933628 s5e1-a47300ef:1 s6e1-b3663ea1:1 s7e1-ba8ac0a3:1
1786386933.942239 s5e1-a47300ef:1 s6e1-b3663ea1:1 s7e1-ba8ac0a3:1
1786386933.963070 s5e1-a47300ef:1 s6e1-b3663ea1:1 s7e1-ba8ac0a3:1
1786386933.984056 s5e1-a47300ef:1 s6e1-b3663ea1:1 s7e1-ba8ac0a3:1
1786386934.005017 s5e1-a47300ef:1 s6e1-b3663ea1:1 s7e1-ba8ac0a3:1
1786386934.025962 s5e1-a47300ef:1 s6e1-b3663ea1:1 s7e1-ba8ac0a3:1
1786386934.047001 s5e1-a47300ef:1 s6e1-b3663ea1:1 s7e1-ba8ac0a3:1
1786386934.068124 s5e1-a47300ef:1 s6e1-b3663ea1:1 s7e1-ba8ac0a3:1
1786386934.089108 s5e1-a47300ef:1 s6e1-b3663ea1:1 s7e1-ba8ac0a3:1
1786386934.110150 s5e1-a47300ef:1 s6e1-b3663ea1:1 s7e1-ba8ac0a3:1
1786386934.131217 s5e1-a47300ef:1 s6e1-b3663ea1:1 s7e1-ba8ac0a3:1
1786386934.152812 s5e1-a47300ef:1 s6e1-b3663ea1:1 s7e1-ba8ac0a3:1 s8e1-a585f7d5:53E
1786386934.210998 s6e1-b3663ea1:1 s7e1-ba8ac0a3:1 s8e1-a585f7d5:1
1786386934.221242 s6e1-b3663ea1:1 s7e1-ba8ac0a3:1 s8e1-a585f7d5:1
1786386934.242113 s6e1-b3663ea1:1 s7e1-ba8ac0a3:1 s8e1-a585f7d5:1
1786386934.263162 s6e1-b3663ea1:1 s7e1-ba8ac0a3:1 s8e1-a585f7d5:1
1786386934.284085 s6e1-b3663ea1:1 s7e1-ba8ac0a3:1 s8e1-a585f7d5:1
1786386934.305041 s6e1-b3663ea1:1 s7e1-ba8ac0a3:1 s8e1-a585f7d5:1
1786386934.326066 s6e1-b3663ea1:1 s7e1-ba8ac0a3:1 s8e1-a585f7d5:1
1786386934.347121 s6e1-b3663ea1:1 s7e1-ba8ac0a3:1 s8e1-a585f7d5:1
1786386934.368408 s6e1-b3663ea1:1 s7e1-ba8ac0a3:1 s8e1-a585f7d5:1 s1e1-bed9eef6:53E
1786386934.427118 s7e1-ba8ac0a3:1 s8e1-a585f7d5:1 s1e1-bed9eef6:1
1786386934.437582 s7e1-ba8ac0a3:1 s8e1-a585f7d5:1 s1e1-bed9eef6:1
1786386934.458521 s7e1-ba8ac0a3:1 s8e1-a585f7d5:1 s1e1-bed9eef6:1
1786386934.479504 s7e1-ba8ac0a3:1 s8e1-a585f7d5:1 s1e1-bed9eef6:1
1786386934.500551 s7e1-ba8ac0a3:1 s8e1-a585f7d5:1 s1e1-bed9eef6:1
1786386934.521601 s7e1-ba8ac0a3:1 s8e1-a585f7d5:1 s1e1-bed9eef6:1
1786386934.542673 s7e1-ba8ac0a3:1 s8e1-a585f7d5:1 s1e1-bed9eef6:1
1786386934.563723 s7e1-ba8ac0a3:1 s8e1-a585f7d5:1 s1e1-bed9eef6:1
1786386934.584783 s7e1-ba8ac0a3:1 s8e1-a585f7d5:1 s1e1-bed9eef6:1
1786386934.605833 s7e1-ba8ac0a3:1 s8e1-a585f7d5:1 s1e1-bed9eef6:1
1786386934.627121 s7e1-ba8ac0a3:1 s8e1-a585f7d5:1 s1e1-bed9eef6:1 s2e1-81cd9116:53E
1786386934.685534 s8e1-a585f7d5:1 s1e1-bed9eef6:1 s2e1-81cd9116:1
1786386934.695545 s8e1-a585f7d5:1 s1e1-bed9eef6:1 s2e1-81cd9116:1
1786386934.716539 s8e1-a585f7d5:1 s1e1-bed9eef6:1 s2e1-81cd9116:1
1786386934.737615 s8e1-a585f7d5:1 s1e1-bed9eef6:1 s2e1-81cd9116:1
1786386934.758732 s8e1-a585f7d5:1 s1e1-bed9eef6:1 s2e1-81cd9116:1
1786386934.779722 s8e1-a585f7d5:1 s1e1-bed9eef6:1 s2e1-81cd9116:1
1786386934.800791 s8e1-a585f7d5:1 s1e1-bed9eef6:1 s2e1-81cd9116:1
1786386934.821882 s8e1-a585f7d5:1 s1e1-bed9eef6:1 s2e1-81cd9116:1
1786386934.842887 s8e1-a585f7d5:1 s1e1-bed9eef6:1 s2e1-81cd9116:1
1786386934.863939 s8e1-a585f7d5:1 s1e1-bed9eef6:1 s2e1-81cd9116:1
1786386934.885003 s8e1-a585f7d5:1 s1e1-bed9eef6:1 s2e1-81cd9116:1
1786386934.906258 s8e1-a585f7d5:1 s1e1-bed9eef6:1 s2e1-81cd9116:1 s3e1-a1dc71bb:53E
1786386934.964156 s1e1-bed9eef6:1 s2e1-81cd9116:1 s3e1-a1dc71bb:1
1786386934.974835 s1e1-bed9eef6:1 s2e1-81cd9116:1 s3e1-a1dc71bb:1
1786386934.995848 s1e1-bed9eef6:1 s2e1-81cd9116:1 s3e1-a1dc71bb:1
1786386935.016924 s1e1-bed9eef6:1 s2e1-81cd9116:1 s3e1-a1dc71bb:1
1786386935.037993 s1e1-bed9eef6:1 s2e1-81cd9116:1 s3e1-a1dc71bb:1
1786386935.059032 s1e1-bed9eef6:1 s2e1-81cd9116:1 s3e1-a1dc71bb:1
1786386935.080322 s1e1-bed9eef6:1 s2e1-81cd9116:1 s3e1-a1dc71bb:1 s4e1-92d49b6c:53E
1786386935.137950 s1e1-bed9eef6:1 s2e1-81cd9116:1 s3e1-a1dc71bb:1 s4e1-92d49b6c:1
1786386935.148398 s1e1-bed9eef6:1 s2e1-81cd9116:1 s3e1-a1dc71bb:1 s4e1-92d49b6c:1
1786386935.169451 s2e1-81cd9116:1 s3e1-a1dc71bb:1 s4e1-92d49b6c:1
1786386935.190596 s2e1-81cd9116:1 s3e1-a1dc71bb:1 s4e1-92d49b6c:1
1786386935.211639 s2e1-81cd9116:1 s3e1-a1dc71bb:1 s4e1-92d49b6c:1
1786386935.232714 s2e1-81cd9116:1 s3e1-a1dc71bb:1 s4e1-92d49b6c:1
1786386935.253755 s2e1-81cd9116:1 s3e1-a1dc71bb:1 s4e1-92d49b6c:1
1786386935.274844 s2e1-81cd9116:1 s3e1-a1dc71bb:1 s4e1-92d49b6c:1
1786386935.295840 s2e1-81cd9116:1 s3e1-a1dc71bb:1 s4e1-92d49b6c:1
1786386935.316959 s2e1-81cd9116:1 s3e1-a1dc71bb:1 s4e1-92d49b6c:1
1786386935.337977 s2e1-81cd9116:1 s3e1-a1dc71bb:1 s4e1-92d49b6c:1
1786386935.358994 s2e1-81cd9116:1 s3e1-a1dc71bb:1 s4e1-92d49b6c:1
1786386935.380064 s2e1-81cd9116:1 s3e1-a1dc71bb:1 s4e1-92d49b6c:1
1786386935.401283 s3e1-a1dc71bb:1 s4e1-92d49b6c:1 s5e1-a47300ef:53E
1786386935.459598 s3e1-a1dc71bb:1 s4e1-92d49b6c:1 s5e1-a47300ef:1
1786386935.469732 s3e1-a1dc71bb:1 s4e1-92d49b6c:1 s5e1-a47300ef:1
1786386935.490611 s3e1-a1dc71bb:1 s4e1-92d49b6c:1 s5e1-a47300ef:1
1786386935.511560 s3e1-a1dc71bb:1 s4e1-92d49b6c:1 s5e1-a47300ef:1
1786386935.532540 s3e1-a1dc71bb:1 s4e1-92d49b6c:1 s5e1-a47300ef:1
1786386935.553557 s3e1-a1dc71bb:1 s4e1-92d49b6c:1 s5e1-a47300ef:1
1786386935.574648 s3e1-a1dc71bb:1 s4e1-92d49b6c:1 s5e1-a47300ef:1
1786386935.595818 s3e1-a1dc71bb:1 s4e1-92d49b6c:1 s5e1-a47300ef:1 s6e1-b3663ea1:53E
1786386935.653528 s3e1-a1dc71bb:1 s4e1-92d49b6c:1 s5e1-a47300ef:1 s6e1-b3663ea1:1
1786386935.664111 s3e1-a1dc71bb:1 s4e1-92d49b6c:1 s5e1-a47300ef:1 s6e1-b3663ea1:1
1786386935.685042 s3e1-a1dc71bb:1 s4e1-92d49b6c:1 s5e1-a47300ef:1 s6e1-b3663ea1:1
1786386935.706165 s4e1-92d49b6c:1 s5e1-a47300ef:1 s6e1-b3663ea1:1
1786386935.727252 s4e1-92d49b6c:1 s5e1-a47300ef:1 s6e1-b3663ea1:1
1786386935.748284 s4e1-92d49b6c:1 s5e1-a47300ef:1 s6e1-b3663ea1:1
1786386935.769306 s4e1-92d49b6c:1 s5e1-a47300ef:1 s6e1-b3663ea1:1
1786386935.790367 s4e1-92d49b6c:1 s5e1-a47300ef:1 s6e1-b3663ea1:1
1786386935.811418 s4e1-92d49b6c:1 s5e1-a47300ef:1 s6e1-b3663ea1:1
1786386935.832590 s4e1-92d49b6c:1 s5e1-a47300ef:1 s6e1-b3663ea1:1
1786386935.853649 s5e1-a47300ef:1 s6e1-b3663ea1:1
1786386935.874809 s5e1-a47300ef:1 s6e1-b3663ea1:1
1786386935.895557 s5e1-a47300ef:1 s6e1-b3663ea1:1 s7e1-ba8ac0a3:53E
1786386935.954036 s5e1-a47300ef:1 s6e1-b3663ea1:1 s7e1-ba8ac0a3:1
1786386935.963954 s5e1-a47300ef:1 s6e1-b3663ea1:1 s7e1-ba8ac0a3:1
1786386935.984748 s5e1-a47300ef:1 s6e1-b3663ea1:1 s7e1-ba8ac0a3:1
1786386936.005783 s5e1-a47300ef:1 s6e1-b3663ea1:1 s7e1-ba8ac0a3:1
1786386936.026653 s5e1-a47300ef:1 s6e1-b3663ea1:1 s7e1-ba8ac0a3:1
1786386936.047581 s5e1-a47300ef:1 s6e1-b3663ea1:1 s7e1-ba8ac0a3:1
1786386936.068584 s5e1-a47300ef:1 s6e1-b3663ea1:1 s7e1-ba8ac0a3:1
1786386936.089725 s5e1-a47300ef:1 s6e1-b3663ea1:1 s7e1-ba8ac0a3:1 s8e1-a585f7d5:53E
1786386936.150325 s5e1-a47300ef:1 s6e1-b3663ea1:1 s7e1-ba8ac0a3:1 s8e1-a585f7d5:1
1786386936.158377 s5e1-a47300ef:1 s6e1-b3663ea1:1 s7e1-ba8ac0a3:1 s8e1-a585f7d5:1
1786386936.179334 s5e1-a47300ef:1 s6e1-b3663ea1:1 s7e1-ba8ac0a3:1 s8e1-a585f7d5:1
1786386936.200429 s6e1-b3663ea1:1 s7e1-ba8ac0a3:1 s8e1-a585f7d5:1
1786386936.221560 s6e1-b3663ea1:1 s7e1-ba8ac0a3:1 s8e1-a585f7d5:1
1786386936.242570 s6e1-b3663ea1:1 s7e1-ba8ac0a3:1 s8e1-a585f7d5:1
1786386936.263611 s6e1-b3663ea1:1 s7e1-ba8ac0a3:1 s8e1-a585f7d5:1
1786386936.284683 s6e1-b3663ea1:1 s7e1-ba8ac0a3:1 s8e1-a585f7d5:1
1786386936.305694 s6e1-b3663ea1:1 s7e1-ba8ac0a3:1 s8e1-a585f7d5:1
1786386936.326730 s6e1-b3663ea1:1 s7e1-ba8ac0a3:1 s8e1-a585f7d5:1
1786386936.347776 s6e1-b3663ea1:1 s7e1-ba8ac0a3:1 s8e1-a585f7d5:1
1786386936.369091 s7e1-ba8ac0a3:1 s8e1-a585f7d5:1 s1e1-bed9eef6:53E
1786386936.428291 s7e1-ba8ac0a3:1 s8e1-a585f7d5:1 s1e1-bed9eef6:1
1786386936.438372 s7e1-ba8ac0a3:1 s8e1-a585f7d5:1 s1e1-bed9eef6:1
1786386936.459117 s7e1-ba8ac0a3:1 s8e1-a585f7d5:1 s1e1-bed9eef6:1
1786386936.480074 s7e1-ba8ac0a3:1 s8e1-a585f7d5:1 s1e1-bed9eef6:1
1786386936.501048 s7e1-ba8ac0a3:1 s8e1-a585f7d5:1 s1e1-bed9eef6:1
1786386936.522045 s7e1-ba8ac0a3:1 s8e1-a585f7d5:1 s1e1-bed9eef6:1
1786386936.543152 s7e1-ba8ac0a3:1 s8e1-a585f7d5:1 s1e1-bed9eef6:1
1786386936.564203 s7e1-ba8ac0a3:1 s8e1-a585f7d5:1 s1e1-bed9eef6:1
1786386936.585462 s7e1-ba8ac0a3:1 s8e1-a585f7d5:1 s1e1-bed9eef6:1 s2e1-81cd9116:53E
1786386936.643396 s7e1-ba8ac0a3:1 s8e1-a585f7d5:1 s1e1-bed9eef6:1 s2e1-81cd9116:1
1786386936.654060 s7e1-ba8ac0a3:1 s8e1-a585f7d5:1 s1e1-bed9eef6:1 s2e1-81cd9116:1
1786386936.675161 s7e1-ba8ac0a3:1 s8e1-a585f7d5:1 s1e1-bed9eef6:1 s2e1-81cd9116:1
1786386936.696238 s8e1-a585f7d5:1 s1e1-bed9eef6:1 s2e1-81cd9116:1
1786386936.717438 s8e1-a585f7d5:1 s1e1-bed9eef6:1 s2e1-81cd9116:1
1786386936.738408 s8e1-a585f7d5:1 s1e1-bed9eef6:1 s2e1-81cd9116:1
1786386936.759485 s8e1-a585f7d5:1 s1e1-bed9eef6:1 s2e1-81cd9116:1
1786386936.780578 s8e1-a585f7d5:1 s1e1-bed9eef6:1 s2e1-81cd9116:1
1786386936.801565 s8e1-a585f7d5:1 s1e1-bed9eef6:1 s2e1-81cd9116:1
1786386936.822657 s8e1-a585f7d5:1 s1e1-bed9eef6:1 s2e1-81cd9116:1
1786386936.843796 s8e1-a585f7d5:1 s1e1-bed9eef6:1 s2e1-81cd9116:1
1786386936.865165 s1e1-bed9eef6:1 s2e1-81cd9116:1 s3e1-a1dc71bb:53E
1786386936.924330 s1e1-bed9eef6:1 s2e1-81cd9116:1 s3e1-a1dc71bb:1
1786386936.934688 s1e1-bed9eef6:1 s2e1-81cd9116:1 s3e1-a1dc71bb:1
1786386936.955578 s1e1-bed9eef6:1 s2e1-81cd9116:1 s3e1-a1dc71bb:1
1786386936.976533 s1e1-bed9eef6:1 s2e1-81cd9116:1 s3e1-a1dc71bb:1
1786386936.997521 s1e1-bed9eef6:1 s2e1-81cd9116:1 s3e1-a1dc71bb:1
1786386937.018488 s1e1-bed9eef6:1 s2e1-81cd9116:1 s3e1-a1dc71bb:1
1786386937.039442 s1e1-bed9eef6:1 s2e1-81cd9116:1 s3e1-a1dc71bb:1
1786386937.060380 s1e1-bed9eef6:1 s2e1-81cd9116:1 s3e1-a1dc71bb:1
1786386937.081401 s1e1-bed9eef6:1 s2e1-81cd9116:1 s3e1-a1dc71bb:1
1786386937.102474 s1e1-bed9eef6:1 s2e1-81cd9116:1 s3e1-a1dc71bb:1 s4e1-92d49b6c:53E
1786386937.160012 s1e1-bed9eef6:1 s2e1-81cd9116:1 s3e1-a1dc71bb:1 s4e1-92d49b6c:1
1786386937.170798 s2e1-81cd9116:1 s3e1-a1dc71bb:1 s4e1-92d49b6c:1
1786386937.191866 s2e1-81cd9116:1 s3e1-a1dc71bb:1 s4e1-92d49b6c:1
1786386937.212894 s2e1-81cd9116:1 s3e1-a1dc71bb:1 s4e1-92d49b6c:1
1786386937.233951 s2e1-81cd9116:1 s3e1-a1dc71bb:1 s4e1-92d49b6c:1
1786386937.255003 s2e1-81cd9116:1 s3e1-a1dc71bb:1 s4e1-92d49b6c:1
1786386937.276067 s2e1-81cd9116:1 s3e1-a1dc71bb:1 s4e1-92d49b6c:1
1786386937.297155 s2e1-81cd9116:1 s3e1-a1dc71bb:1 s4e1-92d49b6c:1
1786386937.318177 s2e1-81cd9116:1 s3e1-a1dc71bb:1 s4e1-92d49b6c:1
1786386937.339195 s2e1-81cd9116:1 s3e1-a1dc71bb:1 s4e1-92d49b6c:1
1786386937.360473 s3e1-a1dc71bb:1 s4e1-92d49b6c:1 s5e1-a47300ef:53E
1786386937.419790 s3e1-a1dc71bb:1 s4e1-92d49b6c:1 s5e1-a47300ef:1
1786386937.429977 s3e1-a1dc71bb:1 s4e1-92d49b6c:1 s5e1-a47300ef:1
1786386937.450848 s3e1-a1dc71bb:1 s4e1-92d49b6c:1 s5e1-a47300ef:1
1786386937.471813 s3e1-a1dc71bb:1 s4e1-92d49b6c:1 s5e1-a47300ef:1
1786386937.492807 s3e1-a1dc71bb:1 s4e1-92d49b6c:1 s5e1-a47300ef:1
1786386937.513896 s3e1-a1dc71bb:1 s4e1-92d49b6c:1 s5e1-a47300ef:1
1786386937.534930 s3e1-a1dc71bb:1 s4e1-92d49b6c:1 s5e1-a47300ef:1
1786386937.555993 s3e1-a1dc71bb:1 s4e1-92d49b6c:1 s5e1-a47300ef:1
1786386937.577044 s3e1-a1dc71bb:1 s4e1-92d49b6c:1 s5e1-a47300ef:1
1786386937.598085 s3e1-a1dc71bb:1 s4e1-92d49b6c:1 s5e1-a47300ef:1
1786386937.619152 s3e1-a1dc71bb:1 s4e1-92d49b6c:1 s5e1-a47300ef:1
1786386937.640175 s4e1-92d49b6c:1 s5e1-a47300ef:1
1786386937.661441 s4e1-92d49b6c:1 s5e1-a47300ef:1 s6e1-b3663ea1:53E
1786386937.719157 s4e1-92d49b6c:1 s5e1-a47300ef:1 s6e1-b3663ea1:1
1786386937.729644 s4e1-92d49b6c:1 s5e1-a47300ef:1 s6e1-b3663ea1:1
1786386937.750638 s4e1-92d49b6c:1 s5e1-a47300ef:1 s6e1-b3663ea1:1
1786386937.771553 s4e1-92d49b6c:1 s5e1-a47300ef:1 s6e1-b3663ea1:1
1786386937.792667 s4e1-92d49b6c:1 s5e1-a47300ef:1 s6e1-b3663ea1:1
1786386937.813666 s4e1-92d49b6c:1 s5e1-a47300ef:1 s6e1-b3663ea1:1
1786386937.834714 s4e1-92d49b6c:1 s5e1-a47300ef:1 s6e1-b3663ea1:1
1786386937.855767 s4e1-92d49b6c:1 s5e1-a47300ef:1 s6e1-b3663ea1:1
1786386937.877011 s5e1-a47300ef:1 s6e1-b3663ea1:1 s7e1-ba8ac0a3:53E
1786386937.936083 s5e1-a47300ef:1 s6e1-b3663ea1:1 s7e1-ba8ac0a3:1
1786386937.946407 s5e1-a47300ef:1 s6e1-b3663ea1:1 s7e1-ba8ac0a3:1
1786386937.967358 s5e1-a47300ef:1 s6e1-b3663ea1:1 s7e1-ba8ac0a3:1
1786386937.988271 s5e1-a47300ef:1 s6e1-b3663ea1:1 s7e1-ba8ac0a3:1
1786386938.009212 s5e1-a47300ef:1 s6e1-b3663ea1:1 s7e1-ba8ac0a3:1
1786386938.030321 s5e1-a47300ef:1 s6e1-b3663ea1:1 s7e1-ba8ac0a3:1
1786386938.051317 s5e1-a47300ef:1 s6e1-b3663ea1:1 s7e1-ba8ac0a3:1
1786386938.072334 s5e1-a47300ef:1 s6e1-b3663ea1:1 s7e1-ba8ac0a3:1
1786386938.093385 s5e1-a47300ef:1 s6e1-b3663ea1:1 s7e1-ba8ac0a3:1
1786386938.114438 s5e1-a47300ef:1 s6e1-b3663ea1:1 s7e1-ba8ac0a3:1
1786386938.135733 s6e1-b3663ea1:1 s7e1-ba8ac0a3:1 s8e1-a585f7d5:53E
1786386938.194509 s6e1-b3663ea1:1 s7e1-ba8ac0a3:1 s8e1-a585f7d5:1
1786386938.205045 s6e1-b3663ea1:1 s7e1-ba8ac0a3:1 s8e1-a585f7d5:1
1786386938.225865 s6e1-b3663ea1:1 s7e1-ba8ac0a3:1 s8e1-a585f7d5:1
1786386938.246825 s6e1-b3663ea1:1 s7e1-ba8ac0a3:1 s8e1-a585f7d5:1
1786386938.267774 s6e1-b3663ea1:1 s7e1-ba8ac0a3:1 s8e1-a585f7d5:1
1786386938.288823 s6e1-b3663ea1:1 s7e1-ba8ac0a3:1 s8e1-a585f7d5:1
1786386938.309856 s6e1-b3663ea1:1 s7e1-ba8ac0a3:1 s8e1-a585f7d5:1
1786386938.331006 s6e1-b3663ea1:1 s7e1-ba8ac0a3:1 s8e1-a585f7d5:1
1786386938.352007 s6e1-b3663ea1:1 s7e1-ba8ac0a3:1 s8e1-a585f7d5:1
1786386938.373258 s6e1-b3663ea1:1 s7e1-ba8ac0a3:1 s8e1-a585f7d5:1 s1e1-bed9eef6:53E
1786386938.431133 s6e1-b3663ea1:1 s7e1-ba8ac0a3:1 s8e1-a585f7d5:1 s1e1-bed9eef6:1
1786386938.441875 s6e1-b3663ea1:1 s7e1-ba8ac0a3:1 s8e1-a585f7d5:1 s1e1-bed9eef6:1
1786386938.462776 s7e1-ba8ac0a3:1 s8e1-a585f7d5:1 s1e1-bed9eef6:1
1786386938.483956 s7e1-ba8ac0a3:1 s8e1-a585f7d5:1 s1e1-bed9eef6:1
1786386938.505352 s7e1-ba8ac0a3:1 s8e1-a585f7d5:1 s1e1-bed9eef6:1
1786386938.526043 s7e1-ba8ac0a3:1 s8e1-a585f7d5:1 s1e1-bed9eef6:1
1786386938.547079 s7e1-ba8ac0a3:1 s8e1-a585f7d5:1 s1e1-bed9eef6:1
1786386938.568402 s7e1-ba8ac0a3:1 s8e1-a585f7d5:1 s1e1-bed9eef6:1 s2e1-81cd9116:53E
1786386938.628125 s7e1-ba8ac0a3:1 s8e1-a585f7d5:1 s1e1-bed9eef6:1 s2e1-81cd9116:1
1786386938.638592 s7e1-ba8ac0a3:1 s8e1-a585f7d5:1 s1e1-bed9eef6:1 s2e1-81cd9116:1
1786386938.659518 s7e1-ba8ac0a3:1 s8e1-a585f7d5:1 s1e1-bed9eef6:1 s2e1-81cd9116:1
1786386938.680594 s8e1-a585f7d5:1 s1e1-bed9eef6:1 s2e1-81cd9116:1
1786386938.701741 s8e1-a585f7d5:1 s1e1-bed9eef6:1 s2e1-81cd9116:1
1786386938.722781 s8e1-a585f7d5:1 s1e1-bed9eef6:1 s2e1-81cd9116:1
1786386938.743815 s8e1-a585f7d5:1 s1e1-bed9eef6:1 s2e1-81cd9116:1
1786386938.764861 s8e1-a585f7d5:1 s1e1-bed9eef6:1 s2e1-81cd9116:1
1786386938.785919 s8e1-a585f7d5:1 s1e1-bed9eef6:1 s2e1-81cd9116:1
1786386938.807060 s8e1-a585f7d5:1 s1e1-bed9eef6:1 s2e1-81cd9116:1
1786386938.828192 s8e1-a585f7d5:1 s1e1-bed9eef6:1 s2e1-81cd9116:1
1786386938.849360 s8e1-a585f7d5:1 s1e1-bed9eef6:1 s2e1-81cd9116:1
1786386938.870572 s8e1-a585f7d5:1 s1e1-bed9eef6:1 s2e1-81cd9116:1
1786386938.891648 s8e1-a585f7d5:1 s1e1-bed9eef6:1 s2e1-81cd9116:1
1786386938.913049 s1e1-bed9eef6:1 s2e1-81cd9116:1 s3e1-a1dc71bb:53E
1786386938.970814 s1e1-bed9eef6:1 s2e1-81cd9116:1 s3e1-a1dc71bb:1
1786386938.981797 s1e1-bed9eef6:1 s2e1-81cd9116:1 s3e1-a1dc71bb:1
1786386939.002591 s1e1-bed9eef6:1 s2e1-81cd9116:1 s3e1-a1dc71bb:1
1786386939.023589 s1e1-bed9eef6:1 s2e1-81cd9116:1 s3e1-a1dc71bb:1
1786386939.044567 s1e1-bed9eef6:1 s2e1-81cd9116:1 s3e1-a1dc71bb:1
1786386939.065561 s1e1-bed9eef6:1 s2e1-81cd9116:1 s3e1-a1dc71bb:1
1786386939.086618 s1e1-bed9eef6:1 s2e1-81cd9116:1 s3e1-a1dc71bb:1
1786386939.108085 s1e1-bed9eef6:1 s2e1-81cd9116:1 s3e1-a1dc71bb:1 s4e1-92d49b6c:53E
1786386939.164350 s1e1-bed9eef6:1 s2e1-81cd9116:1 s3e1-a1dc71bb:1 s4e1-92d49b6c:1
1786386939.175891 s2e1-81cd9116:1 s3e1-a1dc71bb:1 s4e1-92d49b6c:1
1786386939.196881 s2e1-81cd9116:1 s3e1-a1dc71bb:1 s4e1-92d49b6c:1
1786386939.217918 s2e1-81cd9116:1 s3e1-a1dc71bb:1 s4e1-92d49b6c:1
1786386939.239039 s2e1-81cd9116:1 s3e1-a1dc71bb:1 s4e1-92d49b6c:1
1786386939.260094 s2e1-81cd9116:1 s3e1-a1dc71bb:1 s4e1-92d49b6c:1
1786386939.281116 s2e1-81cd9116:1 s3e1-a1dc71bb:1 s4e1-92d49b6c:1
1786386939.302194 s2e1-81cd9116:1 s3e1-a1dc71bb:1 s4e1-92d49b6c:1
1786386939.323332 s2e1-81cd9116:1 s3e1-a1dc71bb:1 s4e1-92d49b6c:1
1786386939.344473 s3e1-a1dc71bb:1 s4e1-92d49b6c:1
1786386939.365640 s3e1-a1dc71bb:1 s4e1-92d49b6c:1
1786386939.386367 s3e1-a1dc71bb:1 s4e1-92d49b6c:1 s5e1-a47300ef:53E
1786386939.444348 s3e1-a1dc71bb:1 s4e1-92d49b6c:1 s5e1-a47300ef:1
1786386939.455258 s3e1-a1dc71bb:1 s4e1-92d49b6c:1 s5e1-a47300ef:1
1786386939.476134 s3e1-a1dc71bb:1 s4e1-92d49b6c:1 s5e1-a47300ef:1
1786386939.497183 s3e1-a1dc71bb:1 s4e1-92d49b6c:1 s5e1-a47300ef:1
1786386939.518256 s3e1-a1dc71bb:1 s4e1-92d49b6c:1 s5e1-a47300ef:1
1786386939.539317 s3e1-a1dc71bb:1 s4e1-92d49b6c:1 s5e1-a47300ef:1
1786386939.560382 s3e1-a1dc71bb:1 s4e1-92d49b6c:1 s5e1-a47300ef:1
1786386939.581676 s3e1-a1dc71bb:1 s4e1-92d49b6c:1 s5e1-a47300ef:1 s6e1-b3663ea1:53E
1786386939.640103 s3e1-a1dc71bb:1 s4e1-92d49b6c:1 s5e1-a47300ef:1 s6e1-b3663ea1:1
1786386939.650651 s3e1-a1dc71bb:1 s4e1-92d49b6c:1 s5e1-a47300ef:1 s6e1-b3663ea1:1
1786386939.671790 s3e1-a1dc71bb:1 s4e1-92d49b6c:1 s5e1-a47300ef:1 s6e1-b3663ea1:1
1786386939.693022 s3e1-a1dc71bb:1 s4e1-92d49b6c:1 s5e1-a47300ef:1 s6e1-b3663ea1:1
1786386939.714397 s4e1-92d49b6c:1 s5e1-a47300ef:1 s6e1-b3663ea1:1
1786386939.735491 s4e1-92d49b6c:1 s5e1-a47300ef:1 s6e1-b3663ea1:1
1786386939.756691 s4e1-92d49b6c:1 s5e1-a47300ef:1 s6e1-b3663ea1:1
1786386939.777733 s4e1-92d49b6c:1 s5e1-a47300ef:1 s6e1-b3663ea1:1
1786386939.799133 s4e1-92d49b6c:1 s5e1-a47300ef:1 s6e1-b3663ea1:1 s7e1-ba8ac0a3:53E
1786386939.857552 s4e1-92d49b6c:1 s5e1-a47300ef:1 s6e1-b3663ea1:1 s7e1-ba8ac0a3:1
1786386939.868781 s4e1-92d49b6c:1 s5e1-a47300ef:1 s6e1-b3663ea1:1 s7e1-ba8ac0a3:1
1786386939.889979 s4e1-92d49b6c:1 s5e1-a47300ef:1 s6e1-b3663ea1:1 s7e1-ba8ac0a3:1
1786386939.911192 s5e1-a47300ef:1 s6e1-b3663ea1:1 s7e1-ba8ac0a3:1
1786386939.932456 s5e1-a47300ef:1 s6e1-b3663ea1:1 s7e1-ba8ac0a3:1
1786386939.953583 s5e1-a47300ef:1 s6e1-b3663ea1:1 s7e1-ba8ac0a3:1
1786386939.974672 s5e1-a47300ef:1 s6e1-b3663ea1:1 s7e1-ba8ac0a3:1
1786386939.995736 s5e1-a47300ef:1 s6e1-b3663ea1:1 s7e1-ba8ac0a3:1
1786386940.016796 s5e1-a47300ef:1 s6e1-b3663ea1:1 s7e1-ba8ac0a3:1
1786386940.037859 s5e1-a47300ef:1 s6e1-b3663ea1:1 s7e1-ba8ac0a3:1
1786386940.058925 s5e1-a47300ef:1 s6e1-b3663ea1:1 s7e1-ba8ac0a3:1
1786386940.080245 s5e1-a47300ef:1 s6e1-b3663ea1:1 s7e1-ba8ac0a3:1 s8e1-a585f7d5:53E
1786386940.137560 s5e1-a47300ef:1 s6e1-b3663ea1:1 s7e1-ba8ac0a3:1 s8e1-a585f7d5:1
1786386940.148870 s5e1-a47300ef:1 s6e1-b3663ea1:1 s7e1-ba8ac0a3:1 s8e1-a585f7d5:1
1786386940.170022 s5e1-a47300ef:1 s6e1-b3663ea1:1 s7e1-ba8ac0a3:1 s8e1-a585f7d5:1
1786386940.191238 s6e1-b3663ea1:1 s7e1-ba8ac0a3:1 s8e1-a585f7d5:1
1786386940.212516 s6e1-b3663ea1:1 s7e1-ba8ac0a3:1 s8e1-a585f7d5:1
1786386940.233602 s6e1-b3663ea1:1 s7e1-ba8ac0a3:1 s8e1-a585f7d5:1
1786386940.254742 s6e1-b3663ea1:1 s7e1-ba8ac0a3:1 s8e1-a585f7d5:1
1786386940.275819 s6e1-b3663ea1:1 s7e1-ba8ac0a3:1 s8e1-a585f7d5:1
1786386940.296882 s6e1-b3663ea1:1 s7e1-ba8ac0a3:1 s8e1-a585f7d5:1
1786386940.318013 s6e1-b3663ea1:1 s7e1-ba8ac0a3:1 s8e1-a585f7d5:1
1786386940.339272 s6e1-b3663ea1:1 s7e1-ba8ac0a3:1 s8e1-a585f7d5:1 s1e1-bed9eef6:53E
1786386940.398230 s7e1-ba8ac0a3:1 s8e1-a585f7d5:1 s1e1-bed9eef6:1
1786386940.409312 s7e1-ba8ac0a3:1 s8e1-a585f7d5:1 s1e1-bed9eef6:1
1786386940.430424 s7e1-ba8ac0a3:1 s8e1-a585f7d5:1 s1e1-bed9eef6:1
1786386940.451643 s7e1-ba8ac0a3:1 s8e1-a585f7d5:1 s1e1-bed9eef6:1
1786386940.472706 s7e1-ba8ac0a3:1 s8e1-a585f7d5:1 s1e1-bed9eef6:1
1786386940.493875 s7e1-ba8ac0a3:1 s8e1-a585f7d5:1 s1e1-bed9eef6:1
1786386940.515020 s7e1-ba8ac0a3:1 s8e1-a585f7d5:1 s1e1-bed9eef6:1
1786386940.536173 s7e1-ba8ac0a3:1 s8e1-a585f7d5:1 s1e1-bed9eef6:1
1786386940.557326 s7e1-ba8ac0a3:1 s8e1-a585f7d5:1 s1e1-bed9eef6:1
1786386940.578699 s8e1-a585f7d5:1 s1e1-bed9eef6:1 s2e1-81cd9116:53E
1786386940.636371 s8e1-a585f7d5:1 s1e1-bed9eef6:1 s2e1-81cd9116:1
1786386940.647648 s8e1-a585f7d5:1 s1e1-bed9eef6:1 s2e1-81cd9116:1
1786386940.668670 s8e1-a585f7d5:1 s1e1-bed9eef6:1 s2e1-81cd9116:1
1786386940.689747 s8e1-a585f7d5:1 s1e1-bed9eef6:1 s2e1-81cd9116:1
1786386940.710849 s8e1-a585f7d5:1 s1e1-bed9eef6:1 s2e1-81cd9116:1
1786386940.731876 s8e1-a585f7d5:1 s1e1-bed9eef6:1 s2e1-81cd9116:1
1786386940.752929 s8e1-a585f7d5:1 s1e1-bed9eef6:1 s2e1-81cd9116:1
1786386940.774040 s8e1-a585f7d5:1 s1e1-bed9eef6:1 s2e1-81cd9116:1
1786386940.795109 s8e1-a585f7d5:1 s1e1-bed9eef6:1 s2e1-81cd9116:1
1786386940.816206 s8e1-a585f7d5:1 s1e1-bed9eef6:1 s2e1-81cd9116:1
1786386940.837216 s8e1-a585f7d5:1 s1e1-bed9eef6:1 s2e1-81cd9116:1
1786386940.858476 s1e1-bed9eef6:1 s2e1-81cd9116:1 s3e1-a1dc71bb:53E
1786386940.919360 s1e1-bed9eef6:1 s2e1-81cd9116:1 s3e1-a1dc71bb:1
1786386940.928631 s1e1-bed9eef6:1 s2e1-81cd9116:1 s3e1-a1dc71bb:1
1786386940.949544 s1e1-bed9eef6:1 s2e1-81cd9116:1 s3e1-a1dc71bb:1
1786386940.970557 s1e1-bed9eef6:1 s2e1-81cd9116:1 s3e1-a1dc71bb:1
1786386940.991525 s1e1-bed9eef6:1 s2e1-81cd9116:1 s3e1-a1dc71bb:1
1786386941.012577 s1e1-bed9eef6:1 s2e1-81cd9116:1 s3e1-a1dc71bb:1
1786386941.033658 s1e1-bed9eef6:1 s2e1-81cd9116:1 s3e1-a1dc71bb:1
1786386941.054781 s1e1-bed9eef6:1 s2e1-81cd9116:1 s3e1-a1dc71bb:1
1786386941.076010 s1e1-bed9eef6:1 s2e1-81cd9116:1 s3e1-a1dc71bb:1 s4e1-92d49b6c:53E
1786386941.133748 s1e1-bed9eef6:1 s2e1-81cd9116:1 s3e1-a1dc71bb:1 s4e1-92d49b6c:1
1786386941.144483 s2e1-81cd9116:1 s3e1-a1dc71bb:1 s4e1-92d49b6c:1
1786386941.165623 s2e1-81cd9116:1 s3e1-a1dc71bb:1 s4e1-92d49b6c:1
1786386941.186698 s2e1-81cd9116:1 s3e1-a1dc71bb:1 s4e1-92d49b6c:1
1786386941.207756 s2e1-81cd9116:1 s3e1-a1dc71bb:1 s4e1-92d49b6c:1
1786386941.228821 s2e1-81cd9116:1 s3e1-a1dc71bb:1 s4e1-92d49b6c:1
1786386941.249884 s2e1-81cd9116:1 s3e1-a1dc71bb:1 s4e1-92d49b6c:1
1786386941.271027 s2e1-81cd9116:1 s3e1-a1dc71bb:1 s4e1-92d49b6c:1
1786386941.292257 s2e1-81cd9116:1 s3e1-a1dc71bb:1 s4e1-92d49b6c:1
1786386941.313546 s2e1-81cd9116:1 s3e1-a1dc71bb:1 s4e1-92d49b6c:1 s5e1-a47300ef:53E
1786386941.372437 s2e1-81cd9116:1 s3e1-a1dc71bb:1 s4e1-92d49b6c:1 s5e1-a47300ef:1
1786386941.383207 s3e1-a1dc71bb:1 s4e1-92d49b6c:1 s5e1-a47300ef:1
1786386941.404277 s3e1-a1dc71bb:1 s4e1-92d49b6c:1 s5e1-a47300ef:1
1786386941.425553 s3e1-a1dc71bb:1 s4e1-92d49b6c:1 s5e1-a47300ef:1
1786386941.446529 s3e1-a1dc71bb:1 s4e1-92d49b6c:1 s5e1-a47300ef:1
1786386941.467527 s3e1-a1dc71bb:1 s4e1-92d49b6c:1 s5e1-a47300ef:1
1786386941.488602 s3e1-a1dc71bb:1 s4e1-92d49b6c:1 s5e1-a47300ef:1
1786386941.509749 s3e1-a1dc71bb:1 s4e1-92d49b6c:1 s5e1-a47300ef:1
1786386941.530866 s3e1-a1dc71bb:1 s4e1-92d49b6c:1 s5e1-a47300ef:1
1786386941.552015 s3e1-a1dc71bb:1 s4e1-92d49b6c:1 s5e1-a47300ef:1
1786386941.573158 s3e1-a1dc71bb:1 s4e1-92d49b6c:1 s5e1-a47300ef:1
1786386941.594481 s3e1-a1dc71bb:1 s4e1-92d49b6c:1 s5e1-a47300ef:1 s6e1-b3663ea1:53E
1786386941.651863 s3e1-a1dc71bb:1 s4e1-92d49b6c:1 s5e1-a47300ef:1 s6e1-b3663ea1:1
1786386941.664038 s4e1-92d49b6c:1 s5e1-a47300ef:1 s6e1-b3663ea1:1
1786386941.685116 s4e1-92d49b6c:1 s5e1-a47300ef:1 s6e1-b3663ea1:1
1786386941.706244 s4e1-92d49b6c:1 s5e1-a47300ef:1 s6e1-b3663ea1:1
1786386941.727372 s4e1-92d49b6c:1 s5e1-a47300ef:1 s6e1-b3663ea1:1
1786386941.748535 s4e1-92d49b6c:1 s5e1-a47300ef:1 s6e1-b3663ea1:1
1786386941.769687 s4e1-92d49b6c:1 s5e1-a47300ef:1 s6e1-b3663ea1:1
1786386941.790846 s4e1-92d49b6c:1 s5e1-a47300ef:1 s6e1-b3663ea1:1
1786386941.812207 s4e1-92d49b6c:1 s5e1-a47300ef:1 s6e1-b3663ea1:1 s7e1-ba8ac0a3:53E
1786386941.870477 s4e1-92d49b6c:1 s5e1-a47300ef:1 s6e1-b3663ea1:1 s7e1-ba8ac0a3:1
1786386941.881706 s5e1-a47300ef:1 s6e1-b3663ea1:1 s7e1-ba8ac0a3:1
1786386941.902766 s5e1-a47300ef:1 s6e1-b3663ea1:1 s7e1-ba8ac0a3:1
1786386941.923770 s5e1-a47300ef:1 s6e1-b3663ea1:1 s7e1-ba8ac0a3:1
1786386941.944808 s5e1-a47300ef:1 s6e1-b3663ea1:1 s7e1-ba8ac0a3:1
1786386941.965874 s5e1-a47300ef:1 s6e1-b3663ea1:1 s7e1-ba8ac0a3:1
1786386941.986927 s5e1-a47300ef:1 s6e1-b3663ea1:1 s7e1-ba8ac0a3:1
1786386942.007968 s5e1-a47300ef:1 s6e1-b3663ea1:1 s7e1-ba8ac0a3:1
1786386942.029176 s5e1-a47300ef:1 s6e1-b3663ea1:1 s7e1-ba8ac0a3:1
1786386942.050087 s5e1-a47300ef:1 s6e1-b3663ea1:1 s7e1-ba8ac0a3:1
1786386942.071345 s5e1-a47300ef:1 s6e1-b3663ea1:1 s7e1-ba8ac0a3:1 s8e1-a585f7d5:53E
1786386942.129612 s6e1-b3663ea1:1 s7e1-ba8ac0a3:1 s8e1-a585f7d5:1
1786386942.140453 s6e1-b3663ea1:1 s7e1-ba8ac0a3:1 s8e1-a585f7d5:1
1786386942.161346 s6e1-b3663ea1:1 s7e1-ba8ac0a3:1 s8e1-a585f7d5:1
1786386942.182402 s6e1-b3663ea1:1 s7e1-ba8ac0a3:1 s8e1-a585f7d5:1
1786386942.203502 s6e1-b3663ea1:1 s7e1-ba8ac0a3:1 s8e1-a585f7d5:1
1786386942.224524 s6e1-b3663ea1:1 s7e1-ba8ac0a3:1 s8e1-a585f7d5:1
1786386942.245584 s6e1-b3663ea1:1 s7e1-ba8ac0a3:1 s8e1-a585f7d5:1
1786386942.266634 s6e1-b3663ea1:1 s7e1-ba8ac0a3:1 s8e1-a585f7d5:1
1786386942.287717 s6e1-b3663ea1:1 s7e1-ba8ac0a3:1 s8e1-a585f7d5:1
1786386942.308949 s6e1-b3663ea1:1 s7e1-ba8ac0a3:1 s8e1-a585f7d5:1 s1e1-bed9eef6:53E
1786386942.368321 s6e1-b3663ea1:1 s7e1-ba8ac0a3:1 s8e1-a585f7d5:1 s1e1-bed9eef6:1
1786386942.379032 s6e1-b3663ea1:1 s7e1-ba8ac0a3:1 s8e1-a585f7d5:1 s1e1-bed9eef6:1
1786386942.400014 s7e1-ba8ac0a3:1 s8e1-a585f7d5:1 s1e1-bed9eef6:1
1786386942.421192 s7e1-ba8ac0a3:1 s8e1-a585f7d5:1 s1e1-bed9eef6:1
1786386942.442198 s7e1-ba8ac0a3:1 s8e1-a585f7d5:1 s1e1-bed9eef6:1
1786386942.463261 s7e1-ba8ac0a3:1 s8e1-a585f7d5:1 s1e1-bed9eef6:1
1786386942.484401 s7e1-ba8ac0a3:1 s8e1-a585f7d5:1 s1e1-bed9eef6:1
1786386942.505414 s7e1-ba8ac0a3:1 s8e1-a585f7d5:1 s1e1-bed9eef6:1
1786386942.526507 s7e1-ba8ac0a3:1 s8e1-a585f7d5:1 s1e1-bed9eef6:1
1786386942.547677 s7e1-ba8ac0a3:1 s8e1-a585f7d5:1 s1e1-bed9eef6:1
1786386942.569084 s7e1-ba8ac0a3:1 s8e1-a585f7d5:1 s1e1-bed9eef6:1 s2e1-81cd9116:53E
1786386942.629106 s8e1-a585f7d5:1 s1e1-bed9eef6:1 s2e1-81cd9116:1
1786386942.640327 s8e1-a585f7d5:1 s1e1-bed9eef6:1 s2e1-81cd9116:1
1786386942.661253 s8e1-a585f7d5:1 s1e1-bed9eef6:1 s2e1-81cd9116:1
1786386942.682345 s8e1-a585f7d5:1 s1e1-bed9eef6:1 s2e1-81cd9116:1
1786386942.703376 s8e1-a585f7d5:1 s1e1-bed9eef6:1 s2e1-81cd9116:1
1786386942.724496 s8e1-a585f7d5:1 s1e1-bed9eef6:1 s2e1-81cd9116:1
1786386942.745735 s8e1-a585f7d5:1 s1e1-bed9eef6:1 s2e1-81cd9116:1
1786386942.767007 s8e1-a585f7d5:1 s1e1-bed9eef6:1 s2e1-81cd9116:1
1786386942.788311 s8e1-a585f7d5:1 s1e1-bed9eef6:1 s2e1-81cd9116:1
1786386942.809480 s8e1-a585f7d5:1 s1e1-bed9eef6:1 s2e1-81cd9116:1
1786386942.830954 s8e1-a585f7d5:1 s1e1-bed9eef6:1 s2e1-81cd9116:1 s3e1-a1dc71bb:53E
1786386942.888921 s1e1-bed9eef6:1 s2e1-81cd9116:1 s3e1-a1dc71bb:1
1786386942.900353 s1e1-bed9eef6:1 s2e1-81cd9116:1 s3e1-a1dc71bb:1
1786386942.921285 s1e1-bed9eef6:1 s2e1-81cd9116:1 s3e1-a1dc71bb:1
1786386942.942311 s1e1-bed9eef6:1 s2e1-81cd9116:1 s3e1-a1dc71bb:1
1786386942.963354 s1e1-bed9eef6:1 s2e1-81cd9116:1 s3e1-a1dc71bb:1
1786386942.984416 s1e1-bed9eef6:1 s2e1-81cd9116:1 s3e1-a1dc71bb:1
1786386943.005472 s1e1-bed9eef6:1 s2e1-81cd9116:1 s3e1-a1dc71bb:1
1786386943.026529 s1e1-bed9eef6:1 s2e1-81cd9116:1 s3e1-a1dc71bb:1
1786386943.047630 s1e1-bed9eef6:1 s2e1-81cd9116:1 s3e1-a1dc71bb:1
1786386943.068848 s1e1-bed9eef6:1 s2e1-81cd9116:1 s3e1-a1dc71bb:1 s4e1-92d49b6c:53E
1786386943.126687 s2e1-81cd9116:1 s3e1-a1dc71bb:1 s4e1-92d49b6c:1
1786386943.138211 s2e1-81cd9116:1 s3e1-a1dc71bb:1 s4e1-92d49b6c:1
1786386943.159089 s2e1-81cd9116:1 s3e1-a1dc71bb:1 s4e1-92d49b6c:1
1786386943.180209 s2e1-81cd9116:1 s3e1-a1dc71bb:1 s4e1-92d49b6c:1
1786386943.201206 s2e1-81cd9116:1 s3e1-a1dc71bb:1 s4e1-92d49b6c:1
1786386943.222268 s2e1-81cd9116:1 s3e1-a1dc71bb:1 s4e1-92d49b6c:1
1786386943.243323 s2e1-81cd9116:1 s3e1-a1dc71bb:1 s4e1-92d49b6c:1
1786386943.264385 s2e1-81cd9116:1 s3e1-a1dc71bb:1 s4e1-92d49b6c:1
1786386943.285510 s2e1-81cd9116:1 s3e1-a1dc71bb:1 s4e1-92d49b6c:1
1786386943.306535 s2e1-81cd9116:1 s3e1-a1dc71bb:1 s4e1-92d49b6c:1
1786386943.327606 s2e1-81cd9116:1 s3e1-a1dc71bb:1 s4e1-92d49b6c:1
1786386943.348678 s3e1-a1dc71bb:1 s4e1-92d49b6c:1
1786386943.369942 s3e1-a1dc71bb:1 s4e1-92d49b6c:1 s5e1-a47300ef:53E
1786386943.429155 s3e1-a1dc71bb:1 s4e1-92d49b6c:1 s5e1-a47300ef:1
1786386943.439046 s3e1-a1dc71bb:1 s4e1-92d49b6c:1 s5e1-a47300ef:1
1786386943.459904 s3e1-a1dc71bb:1 s4e1-92d49b6c:1 s5e1-a47300ef:1
1786386943.480815 s3e1-a1dc71bb:1 s4e1-92d49b6c:1 s5e1-a47300ef:1
1786386943.501830 s3e1-a1dc71bb:1 s4e1-92d49b6c:1 s5e1-a47300ef:1
1786386943.522892 s3e1-a1dc71bb:1 s4e1-92d49b6c:1 s5e1-a47300ef:1
1786386943.543929 s3e1-a1dc71bb:1 s4e1-92d49b6c:1 s5e1-a47300ef:1
1786386943.565044 s3e1-a1dc71bb:1 s4e1-92d49b6c:1 s5e1-a47300ef:1
1786386943.586347 s3e1-a1dc71bb:1 s4e1-92d49b6c:1 s5e1-a47300ef:1 s6e1-b3663ea1:53E
1786386943.644268 s4e1-92d49b6c:1 s5e1-a47300ef:1 s6e1-b3663ea1:1
1786386943.655746 s4e1-92d49b6c:1 s5e1-a47300ef:1 s6e1-b3663ea1:1
1786386943.676670 s4e1-92d49b6c:1 s5e1-a47300ef:1 s6e1-b3663ea1:1
1786386943.697759 s4e1-92d49b6c:1 s5e1-a47300ef:1 s6e1-b3663ea1:1
1786386943.718835 s4e1-92d49b6c:1 s5e1-a47300ef:1 s6e1-b3663ea1:1
1786386943.740004 s4e1-92d49b6c:1 s5e1-a47300ef:1 s6e1-b3663ea1:1
1786386943.761165 s4e1-92d49b6c:1 s5e1-a47300ef:1 s6e1-b3663ea1:1
1786386943.782712 s4e1-92d49b6c:1 s5e1-a47300ef:1 s6e1-b3663ea1:1
1786386943.803893 s4e1-92d49b6c:1 s5e1-a47300ef:1 s6e1-b3663ea1:1 s7e1-ba8ac0a3:53E
1786386943.865510 s4e1-92d49b6c:1 s5e1-a47300ef:1 s6e1-b3663ea1:1 s7e1-ba8ac0a3:1
1786386943.876086 s5e1-a47300ef:1 s6e1-b3663ea1:1 s7e1-ba8ac0a3:1
1786386943.897129 s5e1-a47300ef:1 s6e1-b3663ea1:1 s7e1-ba8ac0a3:1
1786386943.918195 s5e1-a47300ef:1 s6e1-b3663ea1:1 s7e1-ba8ac0a3:1
1786386943.939202 s5e1-a47300ef:1 s6e1-b3663ea1:1 s7e1-ba8ac0a3:1
1786386943.960239 s5e1-a47300ef:1 s6e1-b3663ea1:1 s7e1-ba8ac0a3:1
1786386943.981357 s5e1-a47300ef:1 s6e1-b3663ea1:1 s7e1-ba8ac0a3:1
1786386944.002409 s5e1-a47300ef:1 s6e1-b3663ea1:1 s7e1-ba8ac0a3:1
1786386944.023537 s5e1-a47300ef:1 s6e1-b3663ea1:1 s7e1-ba8ac0a3:1
1786386944.044669 s5e1-a47300ef:1 s6e1-b3663ea1:1 s7e1-ba8ac0a3:1
1786386944.065815 s5e1-a47300ef:1 s6e1-b3663ea1:1 s7e1-ba8ac0a3:1
1786386944.087219 s5e1-a47300ef:1 s6e1-b3663ea1:1 s7e1-ba8ac0a3:1 s8e1-a585f7d5:53E
1786386944.144523 s5e1-a47300ef:1 s6e1-b3663ea1:1 s7e1-ba8ac0a3:1 s8e1-a585f7d5:1
1786386944.156482 s5e1-a47300ef:1 s6e1-b3663ea1:1 s7e1-ba8ac0a3:1 s8e1-a585f7d5:1
1786386944.177450 s6e1-b3663ea1:1 s7e1-ba8ac0a3:1 s8e1-a585f7d5:1
1786386944.198607 s6e1-b3663ea1:1 s7e1-ba8ac0a3:1 s8e1-a585f7d5:1
1786386944.219637 s6e1-b3663ea1:1 s7e1-ba8ac0a3:1 s8e1-a585f7d5:1
1786386944.240712 s6e1-b3663ea1:1 s7e1-ba8ac0a3:1 s8e1-a585f7d5:1
1786386944.261775 s6e1-b3663ea1:1 s7e1-ba8ac0a3:1 s8e1-a585f7d5:1
1786386944.282923 s6e1-b3663ea1:1 s7e1-ba8ac0a3:1 s8e1-a585f7d5:1
1786386944.304001 s6e1-b3663ea1:1 s7e1-ba8ac0a3:1 s8e1-a585f7d5:1
1786386944.325235 s6e1-b3663ea1:1 s7e1-ba8ac0a3:1 s8e1-a585f7d5:1 s1e1-bed9eef6:53E
1786386944.384832 s6e1-b3663ea1:1 s7e1-ba8ac0a3:1 s8e1-a585f7d5:1 s1e1-bed9eef6:1
1786386944.395653 s7e1-ba8ac0a3:1 s8e1-a585f7d5:1 s1e1-bed9eef6:1
1786386944.416807 s7e1-ba8ac0a3:1 s8e1-a585f7d5:1 s1e1-bed9eef6:1
1786386944.437722 s7e1-ba8ac0a3:1 s8e1-a585f7d5:1 s1e1-bed9eef6:1
1786386944.458776 s7e1-ba8ac0a3:1 s8e1-a585f7d5:1 s1e1-bed9eef6:1
1786386944.479924 s7e1-ba8ac0a3:1 s8e1-a585f7d5:1 s1e1-bed9eef6:1
1786386944.500886 s7e1-ba8ac0a3:1 s8e1-a585f7d5:1 s1e1-bed9eef6:1
1786386944.521961 s7e1-ba8ac0a3:1 s8e1-a585f7d5:1 s1e1-bed9eef6:1
1786386944.543016 s7e1-ba8ac0a3:1 s8e1-a585f7d5:1 s1e1-bed9eef6:1
1786386944.564162 s7e1-ba8ac0a3:1 s8e1-a585f7d5:1 s1e1-bed9eef6:1
1786386944.585168 s8e1-a585f7d5:1 s1e1-bed9eef6:1
1786386944.606220 s8e1-a585f7d5:1 s1e1-bed9eef6:1
1786386944.626907 s8e1-a585f7d5:1 s1e1-bed9eef6:1 s2e1-81cd9116:53E
1786386944.685532 s8e1-a585f7d5:1 s1e1-bed9eef6:1 s2e1-81cd9116:1
1786386944.696020 s8e1-a585f7d5:1 s1e1-bed9eef6:1 s2e1-81cd9116:1
1786386944.716849 s8e1-a585f7d5:1 s1e1-bed9eef6:1 s2e1-81cd9116:1
1786386944.738012 s8e1-a585f7d5:1 s1e1-bed9eef6:1 s2e1-81cd9116:1
1786386944.759125 s8e1-a585f7d5:1 s1e1-bed9eef6:1 s2e1-81cd9116:1
1786386944.780249 s8e1-a585f7d5:1 s1e1-bed9eef6:1 s2e1-81cd9116:1
1786386944.801405 s8e1-a585f7d5:1 s1e1-bed9eef6:1 s2e1-81cd9116:1
1786386944.822779 s8e1-a585f7d5:1 s1e1-bed9eef6:1 s2e1-81cd9116:1 s3e1-a1dc71bb:53E
1786386944.879945 s8e1-a585f7d5:1 s1e1-bed9eef6:1 s2e1-81cd9116:1 s3e1-a1dc71bb:1
1786386944.892066 s1e1-bed9eef6:1 s2e1-81cd9116:1 s3e1-a1dc71bb:1
1786386944.913244 s1e1-bed9eef6:1 s2e1-81cd9116:1 s3e1-a1dc71bb:1
1786386944.934387 s1e1-bed9eef6:1 s2e1-81cd9116:1 s3e1-a1dc71bb:1
1786386944.955555 s1e1-bed9eef6:1 s2e1-81cd9116:1 s3e1-a1dc71bb:1
1786386944.976674 s1e1-bed9eef6:1 s2e1-81cd9116:1 s3e1-a1dc71bb:1
1786386944.997812 s1e1-bed9eef6:1 s2e1-81cd9116:1 s3e1-a1dc71bb:1
1786386945.018931 s1e1-bed9eef6:1 s2e1-81cd9116:1 s3e1-a1dc71bb:1
1786386945.040086 s1e1-bed9eef6:1 s2e1-81cd9116:1 s3e1-a1dc71bb:1
1786386945.061272 s1e1-bed9eef6:1 s2e1-81cd9116:1 s3e1-a1dc71bb:1
1786386945.082400 s1e1-bed9eef6:1 s2e1-81cd9116:1 s3e1-a1dc71bb:1
1786386945.103919 s2e1-81cd9116:1 s3e1-a1dc71bb:1 s4e1-92d49b6c:53E
1786386945.160868 s2e1-81cd9116:1 s3e1-a1dc71bb:1 s4e1-92d49b6c:1
1786386945.173133 s2e1-81cd9116:1 s3e1-a1dc71bb:1 s4e1-92d49b6c:1
1786386945.194101 s2e1-81cd9116:1 s3e1-a1dc71bb:1 s4e1-92d49b6c:1
1786386945.215161 s2e1-81cd9116:1 s3e1-a1dc71bb:1 s4e1-92d49b6c:1
1786386945.236226 s2e1-81cd9116:1 s3e1-a1dc71bb:1 s4e1-92d49b6c:1
1786386945.257286 s2e1-81cd9116:1 s3e1-a1dc71bb:1 s4e1-92d49b6c:1
1786386945.278406 s2e1-81cd9116:1 s3e1-a1dc71bb:1 s4e1-92d49b6c:1
1786386945.299427 s2e1-81cd9116:1 s3e1-a1dc71bb:1 s4e1-92d49b6c:1
1786386945.320720 s2e1-81cd9116:1 s3e1-a1dc71bb:1 s4e1-92d49b6c:1 s5e1-a47300ef:53E
1786386945.379412 s2e1-81cd9116:1 s3e1-a1dc71bb:1 s4e1-92d49b6c:1 s5e1-a47300ef:1
1786386945.390735 s2e1-81cd9116:1 s3e1-a1dc71bb:1 s4e1-92d49b6c:1 s5e1-a47300ef:1
1786386945.411881 s2e1-81cd9116:1 s3e1-a1dc71bb:1 s4e1-92d49b6c:1 s5e1-a47300ef:1
1786386945.432999 s3e1-a1dc71bb:1 s4e1-92d49b6c:1 s5e1-a47300ef:1
1786386945.454175 s3e1-a1dc71bb:1 s4e1-92d49b6c:1 s5e1-a47300ef:1
1786386945.475214 s3e1-a1dc71bb:1 s4e1-92d49b6c:1 s5e1-a47300ef:1
1786386945.496271 s3e1-a1dc71bb:1 s4e1-92d49b6c:1 s5e1-a47300ef:1
1786386945.517345 s3e1-a1dc71bb:1 s4e1-92d49b6c:1 s5e1-a47300ef:1
1786386945.538466 s3e1-a1dc71bb:1 s4e1-92d49b6c:1 s5e1-a47300ef:1
1786386945.559502 s3e1-a1dc71bb:1 s4e1-92d49b6c:1 s5e1-a47300ef:1
1786386945.580541 s3e1-a1dc71bb:1 s4e1-92d49b6c:1 s5e1-a47300ef:1
1786386945.601604 s4e1-92d49b6c:1 s5e1-a47300ef:1
1786386945.622682 s4e1-92d49b6c:1 s5e1-a47300ef:1
1786386945.643415 s4e1-92d49b6c:1 s5e1-a47300ef:1 s6e1-b3663ea1:53E
1786386945.700828 s4e1-92d49b6c:1 s5e1-a47300ef:1 s6e1-b3663ea1:1
1786386945.712321 s4e1-92d49b6c:1 s5e1-a47300ef:1 s6e1-b3663ea1:1
1786386945.733340 s4e1-92d49b6c:1 s5e1-a47300ef:1 s6e1-b3663ea1:1
1786386945.754488 s4e1-92d49b6c:1 s5e1-a47300ef:1 s6e1-b3663ea1:1
1786386945.775652 s4e1-92d49b6c:1 s5e1-a47300ef:1 s6e1-b3663ea1:1
1786386945.796833 s4e1-92d49b6c:1 s5e1-a47300ef:1 s6e1-b3663ea1:1
1786386945.817967 s4e1-92d49b6c:1 s5e1-a47300ef:1 s6e1-b3663ea1:1
1786386945.839348 s4e1-92d49b6c:1 s5e1-a47300ef:1 s6e1-b3663ea1:1 s7e1-ba8ac0a3:53E
1786386945.897432 s4e1-92d49b6c:1 s5e1-a47300ef:1 s6e1-b3663ea1:1 s7e1-ba8ac0a3:1
1786386945.909062 s5e1-a47300ef:1 s6e1-b3663ea1:1 s7e1-ba8ac0a3:1
1786386945.930176 s5e1-a47300ef:1 s6e1-b3663ea1:1 s7e1-ba8ac0a3:1
1786386945.951238 s5e1-a47300ef:1 s6e1-b3663ea1:1 s7e1-ba8ac0a3:1
1786386945.972268 s5e1-a47300ef:1 s6e1-b3663ea1:1 s7e1-ba8ac0a3:1
1786386945.993321 s5e1-a47300ef:1 s6e1-b3663ea1:1 s7e1-ba8ac0a3:1
1786386946.014396 s5e1-a47300ef:1 s6e1-b3663ea1:1 s7e1-ba8ac0a3:1
1786386946.035635 s5e1-a47300ef:1 s6e1-b3663ea1:1 s7e1-ba8ac0a3:1
1786386946.056722 s5e1-a47300ef:1 s6e1-b3663ea1:1 s7e1-ba8ac0a3:1
1786386946.077891 s5e1-a47300ef:1 s6e1-b3663ea1:1 s7e1-ba8ac0a3:1
1786386946.099031 s6e1-b3663ea1:1 s7e1-ba8ac0a3:1
1786386946.120398 s6e1-b3663ea1:1 s7e1-ba8ac0a3:1 s8e1-a585f7d5:53E
1786386946.178468 s6e1-b3663ea1:1 s7e1-ba8ac0a3:1 s8e1-a585f7d5:1
1786386946.190213 s6e1-b3663ea1:1 s7e1-ba8ac0a3:1 s8e1-a585f7d5:1
1786386946.211185 s6e1-b3663ea1:1 s7e1-ba8ac0a3:1 s8e1-a585f7d5:1
1786386946.232304 s6e1-b3663ea1:1 s7e1-ba8ac0a3:1 s8e1-a585f7d5:1
1786386946.253431 s6e1-b3663ea1:1 s7e1-ba8ac0a3:1 s8e1-a585f7d5:1
1786386946.274661 s6e1-b3663ea1:1 s7e1-ba8ac0a3:1 s8e1-a585f7d5:1
1786386946.295749 s6e1-b3663ea1:1 s7e1-ba8ac0a3:1 s8e1-a585f7d5:1
1786386946.316923 s6e1-b3663ea1:1 s7e1-ba8ac0a3:1 s8e1-a585f7d5:1
1786386946.338293 s6e1-b3663ea1:1 s7e1-ba8ac0a3:1 s8e1-a585f7d5:1 s1e1-bed9eef6:53E
1786386946.396902 s6e1-b3663ea1:1 s7e1-ba8ac0a3:1 s8e1-a585f7d5:1 s1e1-bed9eef6:1
1786386946.408495 s6e1-b3663ea1:1 s7e1-ba8ac0a3:1 s8e1-a585f7d5:1 s1e1-bed9eef6:1
1786386946.429589 s6e1-b3663ea1:1 s7e1-ba8ac0a3:1 s8e1-a585f7d5:1 s1e1-bed9eef6:1
1786386946.450735 s7e1-ba8ac0a3:1 s8e1-a585f7d5:1 s1e1-bed9eef6:1
1786386946.471953 s7e1-ba8ac0a3:1 s8e1-a585f7d5:1 s1e1-bed9eef6:1
1786386946.493013 s7e1-ba8ac0a3:1 s8e1-a585f7d5:1 s1e1-bed9eef6:1
1786386946.514075 s7e1-ba8ac0a3:1 s8e1-a585f7d5:1 s1e1-bed9eef6:1
1786386946.535134 s7e1-ba8ac0a3:1 s8e1-a585f7d5:1 s1e1-bed9eef6:1
1786386946.556212 s7e1-ba8ac0a3:1 s8e1-a585f7d5:1 s1e1-bed9eef6:1
1786386946.577273 s7e1-ba8ac0a3:1 s8e1-a585f7d5:1 s1e1-bed9eef6:1
1786386946.598370 s7e1-ba8ac0a3:1 s8e1-a585f7d5:1 s1e1-bed9eef6:1
1786386946.619399 s8e1-a585f7d5:1 s1e1-bed9eef6:1
1786386946.640699 s8e1-a585f7d5:1 s1e1-bed9eef6:1 s2e1-81cd9116:53E
1786386946.698514 s8e1-a585f7d5:1 s1e1-bed9eef6:1 s2e1-81cd9116:1
1786386946.709749 s8e1-a585f7d5:1 s1e1-bed9eef6:1 s2e1-81cd9116:1
1786386946.730718 s8e1-a585f7d5:1 s1e1-bed9eef6:1 s2e1-81cd9116:1
1786386946.751713 s8e1-a585f7d5:1 s1e1-bed9eef6:1 s2e1-81cd9116:1
1786386946.772829 s8e1-a585f7d5:1 s1e1-bed9eef6:1 s2e1-81cd9116:1
1786386946.793860 s8e1-a585f7d5:1 s1e1-bed9eef6:1 s2e1-81cd9116:1
1786386946.814934 s8e1-a585f7d5:1 s1e1-bed9eef6:1 s2e1-81cd9116:1
1786386946.836211 s8e1-a585f7d5:1 s1e1-bed9eef6:1 s2e1-81cd9116:1 s3e1-a1dc71bb:53E
1786386946.894844 s8e1-a585f7d5:1 s1e1-bed9eef6:1 s2e1-81cd9116:1 s3e1-a1dc71bb:1
1786386946.905834 s8e1-a585f7d5:1 s1e1-bed9eef6:1 s2e1-81cd9116:1 s3e1-a1dc71bb:1
1786386946.927007 s1e1-bed9eef6:1 s2e1-81cd9116:1 s3e1-a1dc71bb:1
1786386946.948215 s1e1-bed9eef6:1 s2e1-81cd9116:1 s3e1-a1dc71bb:1
1786386946.969393 s1e1-bed9eef6:1 s2e1-81cd9116:1 s3e1-a1dc71bb:1
1786386946.990547 s1e1-bed9eef6:1 s2e1-81cd9116:1 s3e1-a1dc71bb:1
1786386947.011749 s1e1-bed9eef6:1 s2e1-81cd9116:1 s3e1-a1dc71bb:1
1786386947.032861 s1e1-bed9eef6:1 s2e1-81cd9116:1 s3e1-a1dc71bb:1
1786386947.054086 s1e1-bed9eef6:1 s2e1-81cd9116:1 s3e1-a1dc71bb:1
1786386947.075211 s1e1-bed9eef6:1 s2e1-81cd9116:1 s3e1-a1dc71bb:1
1786386947.096564 s1e1-bed9eef6:1 s2e1-81cd9116:1 s3e1-a1dc71bb:1 s4e1-92d49b6c:53E
1786386947.154510 s2e1-81cd9116:1 s3e1-a1dc71bb:1 s4e1-92d49b6c:1
1786386947.166438 s2e1-81cd9116:1 s3e1-a1dc71bb:1 s4e1-92d49b6c:1
1786386947.187417 s2e1-81cd9116:1 s3e1-a1dc71bb:1 s4e1-92d49b6c:1
1786386947.208481 s2e1-81cd9116:1 s3e1-a1dc71bb:1 s4e1-92d49b6c:1
1786386947.229553 s2e1-81cd9116:1 s3e1-a1dc71bb:1 s4e1-92d49b6c:1
1786386947.250636 s2e1-81cd9116:1 s3e1-a1dc71bb:1 s4e1-92d49b6c:1
1786386947.271794 s2e1-81cd9116:1 s3e1-a1dc71bb:1 s4e1-92d49b6c:1
1786386947.292954 s2e1-81cd9116:1 s3e1-a1dc71bb:1 s4e1-92d49b6c:1
1786386947.314104 s2e1-81cd9116:1 s3e1-a1dc71bb:1 s4e1-92d49b6c:1
1786386947.335275 s2e1-81cd9116:1 s3e1-a1dc71bb:1 s4e1-92d49b6c:1
1786386947.356643 s2e1-81cd9116:1 s3e1-a1dc71bb:1 s4e1-92d49b6c:1 s5e1-a47300ef:53E
1786386947.416588 s2e1-81cd9116:1 s3e1-a1dc71bb:1 s4e1-92d49b6c:1 s5e1-a47300ef:1
1786386947.427643 s2e1-81cd9116:1 s3e1-a1dc71bb:1 s4e1-92d49b6c:1 s5e1-a47300ef:1
1786386947.448809 s3e1-a1dc71bb:1 s4e1-92d49b6c:1 s5e1-a47300ef:1
1786386947.469919 s3e1-a1dc71bb:1 s4e1-92d49b6c:1 s5e1-a47300ef:1
1786386947.490978 s3e1-a1dc71bb:1 s4e1-92d49b6c:1 s5e1-a47300ef:1
1786386947.512079 s3e1-a1dc71bb:1 s4e1-92d49b6c:1 s5e1-a47300ef:1
1786386947.533185 s3e1-a1dc71bb:1 s4e1-92d49b6c:1 s5e1-a47300ef:1
1786386947.554213 s3e1-a1dc71bb:1 s4e1-92d49b6c:1 s5e1-a47300ef:1
1786386947.575449 s3e1-a1dc71bb:1 s4e1-92d49b6c:1 s5e1-a47300ef:1
1786386947.596520 s3e1-a1dc71bb:1 s4e1-92d49b6c:1 s5e1-a47300ef:1
1786386947.617883 s4e1-92d49b6c:1 s5e1-a47300ef:1 s6e1-b3663ea1:53E
1786386947.675263 s4e1-92d49b6c:1 s5e1-a47300ef:1 s6e1-b3663ea1:1
1786386947.687487 s4e1-92d49b6c:1 s5e1-a47300ef:1 s6e1-b3663ea1:1
1786386947.708472 s4e1-92d49b6c:1 s5e1-a47300ef:1 s6e1-b3663ea1:1
1786386947.729437 s4e1-92d49b6c:1 s5e1-a47300ef:1 s6e1-b3663ea1:1
1786386947.750416 s4e1-92d49b6c:1 s5e1-a47300ef:1 s6e1-b3663ea1:1
1786386947.771507 s4e1-92d49b6c:1 s5e1-a47300ef:1 s6e1-b3663ea1:1
1786386947.792571 s4e1-92d49b6c:1 s5e1-a47300ef:1 s6e1-b3663ea1:1
1786386947.813662 s4e1-92d49b6c:1 s5e1-a47300ef:1 s6e1-b3663ea1:1
1786386947.834733 s4e1-92d49b6c:1 s5e1-a47300ef:1 s6e1-b3663ea1:1
1786386947.855812 s4e1-92d49b6c:1 s5e1-a47300ef:1 s6e1-b3663ea1:1
1786386947.876896 s5e1-a47300ef:1 s6e1-b3663ea1:1
1786386947.898183 s5e1-a47300ef:1 s6e1-b3663ea1:1 s7e1-ba8ac0a3:53E
1786386947.956935 s5e1-a47300ef:1 s6e1-b3663ea1:1 s7e1-ba8ac0a3:1
1786386947.968426 s5e1-a47300ef:1 s6e1-b3663ea1:1 s7e1-ba8ac0a3:1
1786386947.989336 s5e1-a47300ef:1 s6e1-b3663ea1:1 s7e1-ba8ac0a3:1
1786386948.010310 s5e1-a47300ef:1 s6e1-b3663ea1:1 s7e1-ba8ac0a3:1
1786386948.031370 s5e1-a47300ef:1 s6e1-b3663ea1:1 s7e1-ba8ac0a3:1
1786386948.052442 s5e1-a47300ef:1 s6e1-b3663ea1:1 s7e1-ba8ac0a3:1
1786386948.073558 s5e1-a47300ef:1 s6e1-b3663ea1:1 s7e1-ba8ac0a3:1
1786386948.094606 s5e1-a47300ef:1 s6e1-b3663ea1:1 s7e1-ba8ac0a3:1
1786386948.115851 s5e1-a47300ef:1 s6e1-b3663ea1:1 s7e1-ba8ac0a3:1 s8e1-a585f7d5:53E
1786386948.174616 s6e1-b3663ea1:1 s7e1-ba8ac0a3:1 s8e1-a585f7d5:1
1786386948.185879 s6e1-b3663ea1:1 s7e1-ba8ac0a3:1 s8e1-a585f7d5:1
1786386948.206848 s6e1-b3663ea1:1 s7e1-ba8ac0a3:1 s8e1-a585f7d5:1
1786386948.227977 s6e1-b3663ea1:1 s7e1-ba8ac0a3:1 s8e1-a585f7d5:1
1786386948.249012 s6e1-b3663ea1:1 s7e1-ba8ac0a3:1 s8e1-a585f7d5:1
1786386948.270130 s6e1-b3663ea1:1 s7e1-ba8ac0a3:1 s8e1-a585f7d5:1
1786386948.291328 s6e1-b3663ea1:1 s7e1-ba8ac0a3:1 s8e1-a585f7d5:1
1786386948.312556 s6e1-b3663ea1:1 s7e1-ba8ac0a3:1 s8e1-a585f7d5:1
1786386948.333823 s6e1-b3663ea1:1 s7e1-ba8ac0a3:1 s8e1-a585f7d5:1
1786386948.355283 s6e1-b3663ea1:1 s7e1-ba8ac0a3:1 s8e1-a585f7d5:1 s1e1-bed9eef6:53E
1786386948.414500 s6e1-b3663ea1:1 s7e1-ba8ac0a3:1 s8e1-a585f7d5:1 s1e1-bed9eef6:1
1786386948.425761 s7e1-ba8ac0a3:1 s8e1-a585f7d5:1 s1e1-bed9eef6:1
1786386948.446876 s7e1-ba8ac0a3:1 s8e1-a585f7d5:1 s1e1-bed9eef6:1
1786386948.467945 s7e1-ba8ac0a3:1 s8e1-a585f7d5:1 s1e1-bed9eef6:1
1786386948.489028 s7e1-ba8ac0a3:1 s8e1-a585f7d5:1 s1e1-bed9eef6:1
1786386948.510088 s7e1-ba8ac0a3:1 s8e1-a585f7d5:1 s1e1-bed9eef6:1
1786386948.531180 s7e1-ba8ac0a3:1 s8e1-a585f7d5:1 s1e1-bed9eef6:1
1786386948.552348 s7e1-ba8ac0a3:1 s8e1-a585f7d5:1 s1e1-bed9eef6:1
1786386948.573542 s7e1-ba8ac0a3:1 s8e1-a585f7d5:1 s1e1-bed9eef6:1
1786386948.594767 s7e1-ba8ac0a3:1 s8e1-a585f7d5:1 s1e1-bed9eef6:1
1786386948.615853 s7e1-ba8ac0a3:1 s8e1-a585f7d5:1 s1e1-bed9eef6:1
1786386948.637217 s7e1-ba8ac0a3:1 s8e1-a585f7d5:1 s1e1-bed9eef6:1 s2e1-81cd9116:53E
1786386948.695788 s7e1-ba8ac0a3:1 s8e1-a585f7d5:1 s1e1-bed9eef6:1 s2e1-81cd9116:1
1786386948.707496 s8e1-a585f7d5:1 s1e1-bed9eef6:1 s2e1-81cd9116:1
1786386948.728639 s8e1-a585f7d5:1 s1e1-bed9eef6:1 s2e1-81cd9116:1
1786386948.749777 s8e1-a585f7d5:1 s1e1-bed9eef6:1 s2e1-81cd9116:1
1786386948.770764 s8e1-a585f7d5:1 s1e1-bed9eef6:1 s2e1-81cd9116:1
1786386948.791841 s8e1-a585f7d5:1 s1e1-bed9eef6:1 s2e1-81cd9116:1
1786386948.812942 s8e1-a585f7d5:1 s1e1-bed9eef6:1 s2e1-81cd9116:1
1786386948.834295 s8e1-a585f7d5:1 s1e1-bed9eef6:1 s2e1-81cd9116:1 s3e1-a1dc71bb:53E
1786386948.892106 s8e1-a585f7d5:1 s1e1-bed9eef6:1 s2e1-81cd9116:1 s3e1-a1dc71bb:1
1786386948.904364 s8e1-a585f7d5:1 s1e1-bed9eef6:1 s2e1-81cd9116:1 s3e1-a1dc71bb:1
1786386948.925391 s1e1-bed9eef6:1 s2e1-81cd9116:1 s3e1-a1dc71bb:1
1786386948.946589 s1e1-bed9eef6:1 s2e1-81cd9116:1 s3e1-a1dc71bb:1
1786386948.967633 s1e1-bed9eef6:1 s2e1-81cd9116:1 s3e1-a1dc71bb:1
1786386948.988694 s1e1-bed9eef6:1 s2e1-81cd9116:1 s3e1-a1dc71bb:1
1786386949.009811 s1e1-bed9eef6:1 s2e1-81cd9116:1 s3e1-a1dc71bb:1
1786386949.030860 s1e1-bed9eef6:1 s2e1-81cd9116:1 s3e1-a1dc71bb:1
1786386949.052004 s1e1-bed9eef6:1 s2e1-81cd9116:1 s3e1-a1dc71bb:1
1786386949.073190 s1e1-bed9eef6:1 s2e1-81cd9116:1 s3e1-a1dc71bb:1
1786386949.094548 s1e1-bed9eef6:1 s2e1-81cd9116:1 s3e1-a1dc71bb:1 s4e1-92d49b6c:53E
1786386949.152590 s1e1-bed9eef6:1 s2e1-81cd9116:1 s3e1-a1dc71bb:1 s4e1-92d49b6c:1
1786386949.164525 s2e1-81cd9116:1 s3e1-a1dc71bb:1 s4e1-92d49b6c:1
1786386949.185611 s2e1-81cd9116:1 s3e1-a1dc71bb:1 s4e1-92d49b6c:1
1786386949.206683 s2e1-81cd9116:1 s3e1-a1dc71bb:1 s4e1-92d49b6c:1
1786386949.227769 s2e1-81cd9116:1 s3e1-a1dc71bb:1 s4e1-92d49b6c:1
1786386949.248842 s2e1-81cd9116:1 s3e1-a1dc71bb:1 s4e1-92d49b6c:1
1786386949.269999 s2e1-81cd9116:1 s3e1-a1dc71bb:1 s4e1-92d49b6c:1
1786386949.291213 s2e1-81cd9116:1 s3e1-a1dc71bb:1 s4e1-92d49b6c:1
1786386949.312500 s2e1-81cd9116:1 s3e1-a1dc71bb:1 s4e1-92d49b6c:1
1786386949.333710 s2e1-81cd9116:1 s3e1-a1dc71bb:1 s4e1-92d49b6c:1
1786386949.355215 s2e1-81cd9116:1 s3e1-a1dc71bb:1 s4e1-92d49b6c:1 s5e1-a47300ef:53E
1786386949.414649 s2e1-81cd9116:1 s3e1-a1dc71bb:1 s4e1-92d49b6c:1 s5e1-a47300ef:1
1786386949.426200 s2e1-81cd9116:1 s3e1-a1dc71bb:1 s4e1-92d49b6c:1 s5e1-a47300ef:1
1786386949.447301 s3e1-a1dc71bb:1 s4e1-92d49b6c:1 s5e1-a47300ef:1
1786386949.468635 s3e1-a1dc71bb:1 s4e1-92d49b6c:1 s5e1-a47300ef:1
1786386949.489732 s3e1-a1dc71bb:1 s4e1-92d49b6c:1 s5e1-a47300ef:1
1786386949.510893 s3e1-a1dc71bb:1 s4e1-92d49b6c:1 s5e1-a47300ef:1
1786386949.532052 s3e1-a1dc71bb:1 s4e1-92d49b6c:1 s5e1-a47300ef:1
1786386949.553233 s3e1-a1dc71bb:1 s4e1-92d49b6c:1 s5e1-a47300ef:1
1786386949.574404 s3e1-a1dc71bb:1 s4e1-92d49b6c:1 s5e1-a47300ef:1
1786386949.595562 s3e1-a1dc71bb:1 s4e1-92d49b6c:1 s5e1-a47300ef:1
1786386949.616727 s4e1-92d49b6c:1 s5e1-a47300ef:1
1786386949.638226 s4e1-92d49b6c:1 s5e1-a47300ef:1 s6e1-b3663ea1:53E
1786386949.696791 s4e1-92d49b6c:1 s5e1-a47300ef:1 s6e1-b3663ea1:1
1786386949.708013 s4e1-92d49b6c:1 s5e1-a47300ef:1 s6e1-b3663ea1:1
1786386949.729002 s4e1-92d49b6c:1 s5e1-a47300ef:1 s6e1-b3663ea1:1
1786386949.750008 s4e1-92d49b6c:1 s5e1-a47300ef:1 s6e1-b3663ea1:1
1786386949.771073 s4e1-92d49b6c:1 s5e1-a47300ef:1 s6e1-b3663ea1:1
1786386949.792224 s4e1-92d49b6c:1 s5e1-a47300ef:1 s6e1-b3663ea1:1
1786386949.813288 s4e1-92d49b6c:1 s5e1-a47300ef:1 s6e1-b3663ea1:1
1786386949.834439 s4e1-92d49b6c:1 s5e1-a47300ef:1 s6e1-b3663ea1:1
1786386949.855467 s4e1-92d49b6c:1 s5e1-a47300ef:1 s6e1-b3663ea1:1
1786386949.876541 s5e1-a47300ef:1 s6e1-b3663ea1:1
1786386949.897877 s5e1-a47300ef:1 s6e1-b3663ea1:1 s7e1-ba8ac0a3:53E
1786386949.956095 s5e1-a47300ef:1 s6e1-b3663ea1:1 s7e1-ba8ac0a3:1
1786386949.967780 s5e1-a47300ef:1 s6e1-b3663ea1:1 s7e1-ba8ac0a3:1
1786386949.988831 s5e1-a47300ef:1 s6e1-b3663ea1:1 s7e1-ba8ac0a3:1
1786386950.009787 s5e1-a47300ef:1 s6e1-b3663ea1:1 s7e1-ba8ac0a3:1
1786386950.030757 s5e1-a47300ef:1 s6e1-b3663ea1:1 s7e1-ba8ac0a3:1
1786386950.051771 s5e1-a47300ef:1 s6e1-b3663ea1:1 s7e1-ba8ac0a3:1
1786386950.072770 s5e1-a47300ef:1 s6e1-b3663ea1:1 s7e1-ba8ac0a3:1
1786386950.093819 s5e1-a47300ef:1 s6e1-b3663ea1:1 s7e1-ba8ac0a3:1
1786386950.114795 s5e1-a47300ef:1 s6e1-b3663ea1:1 s7e1-ba8ac0a3:1
1786386950.136009 s6e1-b3663ea1:1 s7e1-ba8ac0a3:1 s8e1-a585f7d5:53E
1786386950.194426 s6e1-b3663ea1:1 s7e1-ba8ac0a3:1 s8e1-a585f7d5:1
1786386950.206043 s6e1-b3663ea1:1 s7e1-ba8ac0a3:1 s8e1-a585f7d5:1
1786386950.227024 s6e1-b3663ea1:1 s7e1-ba8ac0a3:1 s8e1-a585f7d5:1
1786386950.248005 s6e1-b3663ea1:1 s7e1-ba8ac0a3:1 s8e1-a585f7d5:1
1786386950.269053 s6e1-b3663ea1:1 s7e1-ba8ac0a3:1 s8e1-a585f7d5:1
1786386950.290228 s6e1-b3663ea1:1 s7e1-ba8ac0a3:1 s8e1-a585f7d5:1
1786386950.311432 s6e1-b3663ea1:1 s7e1-ba8ac0a3:1 s8e1-a585f7d5:1
1786386950.332598 s6e1-b3663ea1:1 s7e1-ba8ac0a3:1 s8e1-a585f7d5:1
1786386950.354092 s6e1-b3663ea1:1 s7e1-ba8ac0a3:1 s8e1-a585f7d5:1 s1e1-bed9eef6:53E
1786386950.412938 s6e1-b3663ea1:1 s7e1-ba8ac0a3:1 s8e1-a585f7d5:1 s1e1-bed9eef6:1
1786386950.425074 s6e1-b3663ea1:1 s7e1-ba8ac0a3:1 s8e1-a585f7d5:1 s1e1-bed9eef6:1
1786386950.446174 s7e1-ba8ac0a3:1 s8e1-a585f7d5:1 s1e1-bed9eef6:1
1786386950.467328 s7e1-ba8ac0a3:1 s8e1-a585f7d5:1 s1e1-bed9eef6:1
1786386950.488513 s7e1-ba8ac0a3:1 s8e1-a585f7d5:1 s1e1-bed9eef6:1
1786386950.509561 s7e1-ba8ac0a3:1 s8e1-a585f7d5:1 s1e1-bed9eef6:1
1786386950.530621 s7e1-ba8ac0a3:1 s8e1-a585f7d5:1 s1e1-bed9eef6:1
1786386950.551806 s7e1-ba8ac0a3:1 s8e1-a585f7d5:1 s1e1-bed9eef6:1
1786386950.573072 s7e1-ba8ac0a3:1 s8e1-a585f7d5:1 s1e1-bed9eef6:1
1786386950.594297 s7e1-ba8ac0a3:1 s8e1-a585f7d5:1 s1e1-bed9eef6:1
1786386950.615621 s7e1-ba8ac0a3:1 s8e1-a585f7d5:1 s1e1-bed9eef6:1
1786386950.637088 s7e1-ba8ac0a3:1 s8e1-a585f7d5:1 s1e1-bed9eef6:1 s2e1-81cd9116:53E
1786386950.695400 s7e1-ba8ac0a3:1 s8e1-a585f7d5:1 s1e1-bed9eef6:1 s2e1-81cd9116:1
1786386950.707752 s8e1-a585f7d5:1 s1e1-bed9eef6:1 s2e1-81cd9116:1
1786386950.728995 s8e1-a585f7d5:1 s1e1-bed9eef6:1 s2e1-81cd9116:1
1786386950.750201 s8e1-a585f7d5:1 s1e1-bed9eef6:1 s2e1-81cd9116:1
1786386950.771414 s8e1-a585f7d5:1 s1e1-bed9eef6:1 s2e1-81cd9116:1
1786386950.792551 s8e1-a585f7d5:1 s1e1-bed9eef6:1 s2e1-81cd9116:1
1786386950.813752 s8e1-a585f7d5:1 s1e1-bed9eef6:1 s2e1-81cd9116:1
1786386950.834914 s8e1-a585f7d5:1 s1e1-bed9eef6:1 s2e1-81cd9116:1
1786386950.856099 s8e1-a585f7d5:1 s1e1-bed9eef6:1 s2e1-81cd9116:1
1786386950.877560 s8e1-a585f7d5:1 s1e1-bed9eef6:1 s2e1-81cd9116:1 s3e1-a1dc71bb:53E
1786386950.935307 s8e1-a585f7d5:1 s1e1-bed9eef6:1 s2e1-81cd9116:1 s3e1-a1dc71bb:1
1786386950.947577 s1e1-bed9eef6:1 s2e1-81cd9116:1 s3e1-a1dc71bb:1
1786386950.968727 s1e1-bed9eef6:1 s2e1-81cd9116:1 s3e1-a1dc71bb:1
1786386950.989802 s1e1-bed9eef6:1 s2e1-81cd9116:1 s3e1-a1dc71bb:1
1786386951.010936 s1e1-bed9eef6:1 s2e1-81cd9116:1 s3e1-a1dc71bb:1
1786386951.031976 s1e1-bed9eef6:1 s2e1-81cd9116:1 s3e1-a1dc71bb:1
1786386951.053081 s1e1-bed9eef6:1 s2e1-81cd9116:1 s3e1-a1dc71bb:1
1786386951.074261 s1e1-bed9eef6:1 s2e1-81cd9116:1 s3e1-a1dc71bb:1
1786386951.095326 s1e1-bed9eef6:1 s2e1-81cd9116:1 s3e1-a1dc71bb:1
1786386951.116406 s1e1-bed9eef6:1 s2e1-81cd9116:1 s3e1-a1dc71bb:1
1786386951.137711 s2e1-81cd9116:1 s3e1-a1dc71bb:1 s4e1-92d49b6c:53E
1786386951.194543 s2e1-81cd9116:1 s3e1-a1dc71bb:1 s4e1-92d49b6c:1
1786386951.207183 s2e1-81cd9116:1 s3e1-a1dc71bb:1 s4e1-92d49b6c:1
1786386951.228186 s2e1-81cd9116:1 s3e1-a1dc71bb:1 s4e1-92d49b6c:1
1786386951.249247 s2e1-81cd9116:1 s3e1-a1dc71bb:1 s4e1-92d49b6c:1
1786386951.270217 s2e1-81cd9116:1 s3e1-a1dc71bb:1 s4e1-92d49b6c:1
1786386951.291331 s2e1-81cd9116:1 s3e1-a1dc71bb:1 s4e1-92d49b6c:1
1786386951.312441 s2e1-81cd9116:1 s3e1-a1dc71bb:1 s4e1-92d49b6c:1
1786386951.333616 s2e1-81cd9116:1 s3e1-a1dc71bb:1 s4e1-92d49b6c:1
1786386951.354642 s2e1-81cd9116:1 s3e1-a1dc71bb:1 s4e1-92d49b6c:1
1786386951.375955 s2e1-81cd9116:1 s3e1-a1dc71bb:1 s4e1-92d49b6c:1 s5e1-a47300ef:53E
1786386951.434600 s2e1-81cd9116:1 s3e1-a1dc71bb:1 s4e1-92d49b6c:1 s5e1-a47300ef:1
1786386951.446672 s3e1-a1dc71bb:1 s4e1-92d49b6c:1 s5e1-a47300ef:1
1786386951.467836 s3e1-a1dc71bb:1 s4e1-92d49b6c:1 s5e1-a47300ef:1
1786386951.488904 s3e1-a1dc71bb:1 s4e1-92d49b6c:1 s5e1-a47300ef:1
1786386951.510006 s3e1-a1dc71bb:1 s4e1-92d49b6c:1 s5e1-a47300ef:1
1786386951.531304 s3e1-a1dc71bb:1 s4e1-92d49b6c:1 s5e1-a47300ef:1 s6e1-b3663ea1:53E
1786386951.590217 s3e1-a1dc71bb:1 s4e1-92d49b6c:1 s5e1-a47300ef:1 s6e1-b3663ea1:1
1786386951.602327 s3e1-a1dc71bb:1 s4e1-92d49b6c:1 s5e1-a47300ef:1 s6e1-b3663ea1:1
1786386951.623410 s3e1-a1dc71bb:1 s4e1-92d49b6c:1 s5e1-a47300ef:1 s6e1-b3663ea1:1
1786386951.644626 s3e1-a1dc71bb:1 s4e1-92d49b6c:1 s5e1-a47300ef:1 s6e1-b3663ea1:1
1786386951.665771 s3e1-a1dc71bb:1 s4e1-92d49b6c:1 s5e1-a47300ef:1 s6e1-b3663ea1:1
1786386951.686939 s4e1-92d49b6c:1 s5e1-a47300ef:1 s6e1-b3663ea1:1
1786386951.708133 s4e1-92d49b6c:1 s5e1-a47300ef:1 s6e1-b3663ea1:1
1786386951.729243 s4e1-92d49b6c:1 s5e1-a47300ef:1 s6e1-b3663ea1:1
1786386951.750408 s4e1-92d49b6c:1 s5e1-a47300ef:1 s6e1-b3663ea1:1
1786386951.771427 s4e1-92d49b6c:1 s5e1-a47300ef:1 s6e1-b3663ea1:1
1786386951.792587 s4e1-92d49b6c:1 s5e1-a47300ef:1 s6e1-b3663ea1:1
1786386951.813868 s4e1-92d49b6c:1 s5e1-a47300ef:1 s6e1-b3663ea1:1
1786386951.835153 s4e1-92d49b6c:1 s5e1-a47300ef:1 s6e1-b3663ea1:1
1786386951.856620 s4e1-92d49b6c:1 s5e1-a47300ef:1 s6e1-b3663ea1:1 s7e1-ba8ac0a3:53E
1786386951.915143 s4e1-92d49b6c:1 s5e1-a47300ef:1 s6e1-b3663ea1:1 s7e1-ba8ac0a3:1
1786386951.927522 s4e1-92d49b6c:1 s5e1-a47300ef:1 s6e1-b3663ea1:1 s7e1-ba8ac0a3:1
1786386951.948803 s5e1-a47300ef:1 s6e1-b3663ea1:1 s7e1-ba8ac0a3:1
1786386951.969993 s5e1-a47300ef:1 s6e1-b3663ea1:1 s7e1-ba8ac0a3:1
1786386951.991196 s5e1-a47300ef:1 s6e1-b3663ea1:1 s7e1-ba8ac0a3:1
1786386952.012387 s5e1-a47300ef:1 s6e1-b3663ea1:1 s7e1-ba8ac0a3:1
1786386952.033536 s5e1-a47300ef:1 s6e1-b3663ea1:1 s7e1-ba8ac0a3:1
1786386952.054730 s5e1-a47300ef:1 s6e1-b3663ea1:1 s7e1-ba8ac0a3:1
1786386952.076140 s5e1-a47300ef:1 s6e1-b3663ea1:1 s7e1-ba8ac0a3:1 s8e1-a585f7d5:53E
1786386952.134506 s5e1-a47300ef:1 s6e1-b3663ea1:1 s7e1-ba8ac0a3:1 s8e1-a585f7d5:1
1786386952.146593 s5e1-a47300ef:1 s6e1-b3663ea1:1 s7e1-ba8ac0a3:1 s8e1-a585f7d5:1
1786386952.167729 s5e1-a47300ef:1 s6e1-b3663ea1:1 s7e1-ba8ac0a3:1 s8e1-a585f7d5:1
1786386952.188865 s6e1-b3663ea1:1 s7e1-ba8ac0a3:1 s8e1-a585f7d5:1
1786386952.210071 s6e1-b3663ea1:1 s7e1-ba8ac0a3:1 s8e1-a585f7d5:1
1786386952.231181 s6e1-b3663ea1:1 s7e1-ba8ac0a3:1 s8e1-a585f7d5:1
1786386952.252271 s6e1-b3663ea1:1 s7e1-ba8ac0a3:1 s8e1-a585f7d5:1
1786386952.273387 s6e1-b3663ea1:1 s7e1-ba8ac0a3:1 s8e1-a585f7d5:1
1786386952.294535 s6e1-b3663ea1:1 s7e1-ba8ac0a3:1 s8e1-a585f7d5:1
1786386952.315754 s7e1-ba8ac0a3:1 s8e1-a585f7d5:1
1786386952.336894 s7e1-ba8ac0a3:1 s8e1-a585f7d5:1
1786386952.357553 s7e1-ba8ac0a3:1 s8e1-a585f7d5:1
1786386952.378088 s7e1-ba8ac0a3:1 s8e1-a585f7d5:1
1786386952.398653 s7e1-ba8ac0a3:1 s8e1-a585f7d5:1
1786386952.419429 s7e1-ba8ac0a3:1 s8e1-a585f7d5:1 s1e1-bed9eef6:53E
1786386952.478635 s7e1-ba8ac0a3:1 s8e1-a585f7d5:1 s1e1-bed9eef6:1
1786386952.490266 s7e1-ba8ac0a3:1 s8e1-a585f7d5:1 s1e1-bed9eef6:1
1786386952.511357 s7e1-ba8ac0a3:1 s8e1-a585f7d5:1 s1e1-bed9eef6:1
1786386952.532490 s7e1-ba8ac0a3:1 s8e1-a585f7d5:1 s1e1-bed9eef6:1
1786386952.553587 s7e1-ba8ac0a3:1 s8e1-a585f7d5:1 s1e1-bed9eef6:1
1786386952.574803 s7e1-ba8ac0a3:1 s8e1-a585f7d5:1 s1e1-bed9eef6:1
1786386952.596056 s7e1-ba8ac0a3:1 s8e1-a585f7d5:1 s1e1-bed9eef6:1 s2e1-81cd9116:53E
1786386952.653708 s7e1-ba8ac0a3:1 s8e1-a585f7d5:1 s1e1-bed9eef6:1 s2e1-81cd9116:1
1786386952.666245 s8e1-a585f7d5:1 s1e1-bed9eef6:1 s2e1-81cd9116:1
1786386952.687423 s8e1-a585f7d5:1 s1e1-bed9eef6:1 s2e1-81cd9116:1
1786386952.708524 s8e1-a585f7d5:1 s1e1-bed9eef6:1 s2e1-81cd9116:1
1786386952.729623 s8e1-a585f7d5:1 s1e1-bed9eef6:1 s2e1-81cd9116:1
1786386952.750808 s8e1-a585f7d5:1 s1e1-bed9eef6:1 s2e1-81cd9116:1
1786386952.771853 s8e1-a585f7d5:1 s1e1-bed9eef6:1 s2e1-81cd9116:1
1786386952.792939 s8e1-a585f7d5:1 s1e1-bed9eef6:1 s2e1-81cd9116:1
1786386952.814118 s8e1-a585f7d5:1 s1e1-bed9eef6:1 s2e1-81cd9116:1
1786386952.835449 s8e1-a585f7d5:1 s1e1-bed9eef6:1 s2e1-81cd9116:1 s3e1-a1dc71bb:53E
1786386952.892800 s1e1-bed9eef6:1 s2e1-81cd9116:1 s3e1-a1dc71bb:1
1786386952.905188 s1e1-bed9eef6:1 s2e1-81cd9116:1 s3e1-a1dc71bb:1
1786386952.926268 s1e1-bed9eef6:1 s2e1-81cd9116:1 s3e1-a1dc71bb:1
1786386952.947366 s1e1-bed9eef6:1 s2e1-81cd9116:1 s3e1-a1dc71bb:1
1786386952.968506 s1e1-bed9eef6:1 s2e1-81cd9116:1 s3e1-a1dc71bb:1
1786386952.989642 s1e1-bed9eef6:1 s2e1-81cd9116:1 s3e1-a1dc71bb:1
1786386953.010794 s1e1-bed9eef6:1 s2e1-81cd9116:1 s3e1-a1dc71bb:1
1786386953.031989 s1e1-bed9eef6:1 s2e1-81cd9116:1 s3e1-a1dc71bb:1
1786386953.053186 s1e1-bed9eef6:1 s2e1-81cd9116:1 s3e1-a1dc71bb:1
1786386953.074626 s1e1-bed9eef6:1 s2e1-81cd9116:1 s3e1-a1dc71bb:1 s4e1-92d49b6c:53E
1786386953.132109 s1e1-bed9eef6:1 s2e1-81cd9116:1 s3e1-a1dc71bb:1 s4e1-92d49b6c:1
1786386953.144867 s1e1-bed9eef6:1 s2e1-81cd9116:1 s3e1-a1dc71bb:1 s4e1-92d49b6c:1
1786386953.166065 s1e1-bed9eef6:1 s2e1-81cd9116:1 s3e1-a1dc71bb:1 s4e1-92d49b6c:1
1786386953.187222 s1e1-bed9eef6:1 s2e1-81cd9116:1 s3e1-a1dc71bb:1 s4e1-92d49b6c:1
1786386953.208389 s1e1-bed9eef6:1 s2e1-81cd9116:1 s3e1-a1dc71bb:1 s4e1-92d49b6c:1
1786386953.229582 s2e1-81cd9116:1 s3e1-a1dc71bb:1 s4e1-92d49b6c:1
1786386953.250794 s2e1-81cd9116:1 s3e1-a1dc71bb:1 s4e1-92d49b6c:1
1786386953.271917 s2e1-81cd9116:1 s3e1-a1dc71bb:1 s4e1-92d49b6c:1
1786386953.293037 s2e1-81cd9116:1 s3e1-a1dc71bb:1 s4e1-92d49b6c:1
1786386953.314161 s2e1-81cd9116:1 s3e1-a1dc71bb:1 s4e1-92d49b6c:1
1786386953.335316 s2e1-81cd9116:1 s3e1-a1dc71bb:1 s4e1-92d49b6c:1
1786386953.356805 s2e1-81cd9116:1 s3e1-a1dc71bb:1 s4e1-92d49b6c:1 s5e1-a47300ef:53E
1786386953.416460 s3e1-a1dc71bb:1 s4e1-92d49b6c:1 s5e1-a47300ef:1
1786386953.428082 s3e1-a1dc71bb:1 s4e1-92d49b6c:1 s5e1-a47300ef:1
1786386953.449209 s3e1-a1dc71bb:1 s4e1-92d49b6c:1 s5e1-a47300ef:1
1786386953.470486 s3e1-a1dc71bb:1 s4e1-92d49b6c:1 s5e1-a47300ef:1
1786386953.491553 s3e1-a1dc71bb:1 s4e1-92d49b6c:1 s5e1-a47300ef:1
1786386953.512739 s3e1-a1dc71bb:1 s4e1-92d49b6c:1 s5e1-a47300ef:1
1786386953.534062 s3e1-a1dc71bb:1 s4e1-92d49b6c:1 s5e1-a47300ef:1
1786386953.555278 s3e1-a1dc71bb:1 s4e1-92d49b6c:1 s5e1-a47300ef:1
1786386953.576821 s3e1-a1dc71bb:1 s4e1-92d49b6c:1 s5e1-a47300ef:1
1786386953.598365 s3e1-a1dc71bb:1 s4e1-92d49b6c:1 s5e1-a47300ef:1
1786386953.619793 s4e1-92d49b6c:1 s5e1-a47300ef:1
1786386953.641431 s4e1-92d49b6c:1 s5e1-a47300ef:1 s6e1-b3663ea1:53E
1786386953.699250 s4e1-92d49b6c:1 s5e1-a47300ef:1 s6e1-b3663ea1:1
1786386953.711866 s4e1-92d49b6c:1 s5e1-a47300ef:1 s6e1-b3663ea1:1
1786386953.733077 s4e1-92d49b6c:1 s5e1-a47300ef:1 s6e1-b3663ea1:1
1786386953.754421 s4e1-92d49b6c:1 s5e1-a47300ef:1 s6e1-b3663ea1:1
1786386953.775641 s4e1-92d49b6c:1 s5e1-a47300ef:1 s6e1-b3663ea1:1
1786386953.796925 s4e1-92d49b6c:1 s5e1-a47300ef:1 s6e1-b3663ea1:1
1786386953.818219 s4e1-92d49b6c:1 s5e1-a47300ef:1 s6e1-b3663ea1:1
1786386953.839505 s4e1-92d49b6c:1 s5e1-a47300ef:1 s6e1-b3663ea1:1
1786386953.860758 s5e1-a47300ef:1 s6e1-b3663ea1:1
1786386953.882251 s5e1-a47300ef:1 s6e1-b3663ea1:1 s7e1-ba8ac0a3:53E
1786386953.940444 s5e1-a47300ef:1 s6e1-b3663ea1:1 s7e1-ba8ac0a3:1
1786386953.952616 s5e1-a47300ef:1 s6e1-b3663ea1:1 s7e1-ba8ac0a3:1
1786386953.973791 s5e1-a47300ef:1 s6e1-b3663ea1:1 s7e1-ba8ac0a3:1
1786386953.995171 s5e1-a47300ef:1 s6e1-b3663ea1:1 s7e1-ba8ac0a3:1
1786386954.016509 s5e1-a47300ef:1 s6e1-b3663ea1:1 s7e1-ba8ac0a3:1
1786386954.037872 s5e1-a47300ef:1 s6e1-b3663ea1:1 s7e1-ba8ac0a3:1
1786386954.059259 s5e1-a47300ef:1 s6e1-b3663ea1:1 s7e1-ba8ac0a3:1
1786386954.080639 s5e1-a47300ef:1 s6e1-b3663ea1:1 s7e1-ba8ac0a3:1
1786386954.102018 s5e1-a47300ef:1 s6e1-b3663ea1:1 s7e1-ba8ac0a3:1
1786386954.123420 s5e1-a47300ef:1 s6e1-b3663ea1:1 s7e1-ba8ac0a3:1
1786386954.144940 s6e1-b3663ea1:1 s7e1-ba8ac0a3:1 s8e1-a585f7d5:53E
1786386954.204516 s6e1-b3663ea1:1 s7e1-ba8ac0a3:1 s8e1-a585f7d5:1
1786386954.216308 s6e1-b3663ea1:1 s7e1-ba8ac0a3:1 s8e1-a585f7d5:1
1786386954.237507 s6e1-b3663ea1:1 s7e1-ba8ac0a3:1 s8e1-a585f7d5:1
1786386954.258727 s6e1-b3663ea1:1 s7e1-ba8ac0a3:1 s8e1-a585f7d5:1
1786386954.280091 s6e1-b3663ea1:1 s7e1-ba8ac0a3:1 s8e1-a585f7d5:1
1786386954.301491 s6e1-b3663ea1:1 s7e1-ba8ac0a3:1 s8e1-a585f7d5:1
1786386954.322905 s6e1-b3663ea1:1 s7e1-ba8ac0a3:1 s8e1-a585f7d5:1
1786386954.344244 s6e1-b3663ea1:1 s7e1-ba8ac0a3:1 s8e1-a585f7d5:1
1786386954.365631 s6e1-b3663ea1:1 s7e1-ba8ac0a3:1 s8e1-a585f7d5:1
1786386954.387015 s6e1-b3663ea1:1 s7e1-ba8ac0a3:1 s8e1-a585f7d5:1
1786386954.408609 s6e1-b3663ea1:1 s7e1-ba8ac0a3:1 s8e1-a585f7d5:1 s1e1-bed9eef6:53E
1786386954.468264 s7e1-ba8ac0a3:1 s8e1-a585f7d5:1 s1e1-bed9eef6:1
1786386954.480174 s7e1-ba8ac0a3:1 s8e1-a585f7d5:1 s1e1-bed9eef6:1
1786386954.501399 s7e1-ba8ac0a3:1 s8e1-a585f7d5:1 s1e1-bed9eef6:1
1786386954.522747 s7e1-ba8ac0a3:1 s8e1-a585f7d5:1 s1e1-bed9eef6:1
1786386954.544144 s7e1-ba8ac0a3:1 s8e1-a585f7d5:1 s1e1-bed9eef6:1
1786386954.565612 s7e1-ba8ac0a3:1 s8e1-a585f7d5:1 s1e1-bed9eef6:1
1786386954.587089 s7e1-ba8ac0a3:1 s8e1-a585f7d5:1 s1e1-bed9eef6:1
1786386954.608611 s7e1-ba8ac0a3:1 s8e1-a585f7d5:1 s1e1-bed9eef6:1
1786386954.630233 s7e1-ba8ac0a3:1 s8e1-a585f7d5:1 s1e1-bed9eef6:1 s2e1-81cd9116:53E
1786386954.689522 s7e1-ba8ac0a3:1 s8e1-a585f7d5:1 s1e1-bed9eef6:1 s2e1-81cd9116:1
1786386954.701475 s8e1-a585f7d5:1 s1e1-bed9eef6:1 s2e1-81cd9116:1
1786386954.722941 s8e1-a585f7d5:1 s1e1-bed9eef6:1 s2e1-81cd9116:1
1786386954.744246 s8e1-a585f7d5:1 s1e1-bed9eef6:1 s2e1-81cd9116:1
1786386954.765620 s8e1-a585f7d5:1 s1e1-bed9eef6:1 s2e1-81cd9116:1
1786386954.786996 s8e1-a585f7d5:1 s1e1-bed9eef6:1 s2e1-81cd9116:1
1786386954.808396 s8e1-a585f7d5:1 s1e1-bed9eef6:1 s2e1-81cd9116:1
1786386954.829800 s8e1-a585f7d5:1 s1e1-bed9eef6:1 s2e1-81cd9116:1
1786386954.851139 s8e1-a585f7d5:1 s1e1-bed9eef6:1 s2e1-81cd9116:1
1786386954.872538 s8e1-a585f7d5:1 s1e1-bed9eef6:1 s2e1-81cd9116:1
1786386954.894143 s8e1-a585f7d5:1 s1e1-bed9eef6:1 s2e1-81cd9116:1 s3e1-a1dc71bb:53E
1786386954.952399 s8e1-a585f7d5:1 s1e1-bed9eef6:1 s2e1-81cd9116:1 s3e1-a1dc71bb:1
1786386954.965067 s1e1-bed9eef6:1 s2e1-81cd9116:1 s3e1-a1dc71bb:1
1786386954.986415 s1e1-bed9eef6:1 s2e1-81cd9116:1 s3e1-a1dc71bb:1
1786386955.007818 s1e1-bed9eef6:1 s2e1-81cd9116:1 s3e1-a1dc71bb:1
1786386955.029263 s1e1-bed9eef6:1 s2e1-81cd9116:1 s3e1-a1dc71bb:1
1786386955.050611 s1e1-bed9eef6:1 s2e1-81cd9116:1 s3e1-a1dc71bb:1
1786386955.071965 s1e1-bed9eef6:1 s2e1-81cd9116:1 s3e1-a1dc71bb:1
1786386955.093377 s1e1-bed9eef6:1 s2e1-81cd9116:1 s3e1-a1dc71bb:1
1786386955.114922 s1e1-bed9eef6:1 s2e1-81cd9116:1 s3e1-a1dc71bb:1 s4e1-92d49b6c:53E
1786386955.173221 s1e1-bed9eef6:1 s2e1-81cd9116:1 s3e1-a1dc71bb:1 s4e1-92d49b6c:1
1786386955.185819 s1e1-bed9eef6:1 s2e1-81cd9116:1 s3e1-a1dc71bb:1 s4e1-92d49b6c:1
1786386955.207285 s1e1-bed9eef6:1 s2e1-81cd9116:1 s3e1-a1dc71bb:1 s4e1-92d49b6c:1
1786386955.228745 s2e1-81cd9116:1 s3e1-a1dc71bb:1 s4e1-92d49b6c:1
1786386955.250225 s2e1-81cd9116:1 s3e1-a1dc71bb:1 s4e1-92d49b6c:1
1786386955.271590 s2e1-81cd9116:1 s3e1-a1dc71bb:1 s4e1-92d49b6c:1
1786386955.293057 s2e1-81cd9116:1 s3e1-a1dc71bb:1 s4e1-92d49b6c:1
1786386955.314361 s2e1-81cd9116:1 s3e1-a1dc71bb:1 s4e1-92d49b6c:1
1786386955.335872 s2e1-81cd9116:1 s3e1-a1dc71bb:1 s4e1-92d49b6c:1
1786386955.357389 s2e1-81cd9116:1 s3e1-a1dc71bb:1 s4e1-92d49b6c:1 s5e1-a47300ef:53E
1786386955.417502 s2e1-81cd9116:1 s3e1-a1dc71bb:1 s4e1-92d49b6c:1 s5e1-a47300ef:1
1786386955.429455 s2e1-81cd9116:1 s3e1-a1dc71bb:1 s4e1-92d49b6c:1 s5e1-a47300ef:1
1786386955.450807 s3e1-a1dc71bb:1 s4e1-92d49b6c:1 s5e1-a47300ef:1
1786386955.472353 s3e1-a1dc71bb:1 s4e1-92d49b6c:1 s5e1-a47300ef:1
1786386955.493726 s3e1-a1dc71bb:1 s4e1-92d49b6c:1 s5e1-a47300ef:1
1786386955.515045 s3e1-a1dc71bb:1 s4e1-92d49b6c:1 s5e1-a47300ef:1
1786386955.536395 s3e1-a1dc71bb:1 s4e1-92d49b6c:1 s5e1-a47300ef:1
1786386955.557821 s3e1-a1dc71bb:1 s4e1-92d49b6c:1 s5e1-a47300ef:1
1786386955.579291 s3e1-a1dc71bb:1 s4e1-92d49b6c:1 s5e1-a47300ef:1
1786386955.600753 s3e1-a1dc71bb:1 s4e1-92d49b6c:1 s5e1-a47300ef:1
1786386955.622226 s3e1-a1dc71bb:1 s4e1-92d49b6c:1 s5e1-a47300ef:1
1786386955.643888 s3e1-a1dc71bb:1 s4e1-92d49b6c:1 s5e1-a47300ef:1 s6e1-b3663ea1:53E
1786386955.704060 s3e1-a1dc71bb:1 s4e1-92d49b6c:1 s5e1-a47300ef:1 s6e1-b3663ea1:1
1786386955.715818 s4e1-92d49b6c:1 s5e1-a47300ef:1 s6e1-b3663ea1:1
1786386955.737129 s4e1-92d49b6c:1 s5e1-a47300ef:1 s6e1-b3663ea1:1
1786386955.758494 s4e1-92d49b6c:1 s5e1-a47300ef:1 s6e1-b3663ea1:1
1786386955.779875 s4e1-92d49b6c:1 s5e1-a47300ef:1 s6e1-b3663ea1:1
1786386955.801262 s4e1-92d49b6c:1 s5e1-a47300ef:1 s6e1-b3663ea1:1
1786386955.822737 s4e1-92d49b6c:1 s5e1-a47300ef:1 s6e1-b3663ea1:1
1786386955.844262 s4e1-92d49b6c:1 s5e1-a47300ef:1 s6e1-b3663ea1:1
1786386955.865723 s4e1-92d49b6c:1 s5e1-a47300ef:1 s6e1-b3663ea1:1
1786386955.887159 s4e1-92d49b6c:1 s5e1-a47300ef:1 s6e1-b3663ea1:1
1786386955.908828 s5e1-a47300ef:1 s6e1-b3663ea1:1 s7e1-ba8ac0a3:53E
1786386955.970439 s5e1-a47300ef:1 s6e1-b3663ea1:1 s7e1-ba8ac0a3:1
1786386955.981868 s5e1-a47300ef:1 s6e1-b3663ea1:1 s7e1-ba8ac0a3:1
1786386956.003103 s5e1-a47300ef:1 s6e1-b3663ea1:1 s7e1-ba8ac0a3:1
1786386956.024479 s5e1-a47300ef:1 s6e1-b3663ea1:1 s7e1-ba8ac0a3:1
1786386956.045743 s5e1-a47300ef:1 s6e1-b3663ea1:1 s7e1-ba8ac0a3:1
1786386956.067096 s5e1-a47300ef:1 s6e1-b3663ea1:1 s7e1-ba8ac0a3:1
1786386956.088482 s5e1-a47300ef:1 s6e1-b3663ea1:1 s7e1-ba8ac0a3:1
1786386956.110059 s5e1-a47300ef:1 s6e1-b3663ea1:1 s7e1-ba8ac0a3:1 s8e1-a585f7d5:53E
1786386956.168553 s5e1-a47300ef:1 s6e1-b3663ea1:1 s7e1-ba8ac0a3:1 s8e1-a585f7d5:1
1786386956.181235 s6e1-b3663ea1:1 s7e1-ba8ac0a3:1 s8e1-a585f7d5:1
1786386956.202554 s6e1-b3663ea1:1 s7e1-ba8ac0a3:1 s8e1-a585f7d5:1
1786386956.223910 s6e1-b3663ea1:1 s7e1-ba8ac0a3:1 s8e1-a585f7d5:1
1786386956.245278 s6e1-b3663ea1:1 s7e1-ba8ac0a3:1 s8e1-a585f7d5:1
1786386956.266655 s6e1-b3663ea1:1 s7e1-ba8ac0a3:1 s8e1-a585f7d5:1
1786386956.288126 s6e1-b3663ea1:1 s7e1-ba8ac0a3:1 s8e1-a585f7d5:1
1786386956.309561 s6e1-b3663ea1:1 s7e1-ba8ac0a3:1 s8e1-a585f7d5:1
1786386956.331053 s6e1-b3663ea1:1 s7e1-ba8ac0a3:1 s8e1-a585f7d5:1
1786386956.352509 s6e1-b3663ea1:1 s7e1-ba8ac0a3:1 s8e1-a585f7d5:1
1786386956.374183 s6e1-b3663ea1:1 s7e1-ba8ac0a3:1 s8e1-a585f7d5:1 s1e1-bed9eef6:53E
1786386956.433159 s6e1-b3663ea1:1 s7e1-ba8ac0a3:1 s8e1-a585f7d5:1 s1e1-bed9eef6:1
1786386956.445784 s6e1-b3663ea1:1 s7e1-ba8ac0a3:1 s8e1-a585f7d5:1 s1e1-bed9eef6:1
1786386956.467272 s7e1-ba8ac0a3:1 s8e1-a585f7d5:1 s1e1-bed9eef6:1
1786386956.488814 s7e1-ba8ac0a3:1 s8e1-a585f7d5:1 s1e1-bed9eef6:1
1786386956.510292 s7e1-ba8ac0a3:1 s8e1-a585f7d5:1 s1e1-bed9eef6:1
1786386956.531796 s7e1-ba8ac0a3:1 s8e1-a585f7d5:1 s1e1-bed9eef6:1
1786386956.553220 s7e1-ba8ac0a3:1 s8e1-a585f7d5:1 s1e1-bed9eef6:1
1786386956.574622 s7e1-ba8ac0a3:1 s8e1-a585f7d5:1 s1e1-bed9eef6:1
1786386956.596078 s7e1-ba8ac0a3:1 s8e1-a585f7d5:1 s1e1-bed9eef6:1
1786386956.617541 s7e1-ba8ac0a3:1 s8e1-a585f7d5:1 s1e1-bed9eef6:1
1786386956.639188 s7e1-ba8ac0a3:1 s8e1-a585f7d5:1 s1e1-bed9eef6:1 s2e1-81cd9116:53E
1786386956.697538 s7e1-ba8ac0a3:1 s8e1-a585f7d5:1 s1e1-bed9eef6:1 s2e1-81cd9116:1
1786386956.710499 s7e1-ba8ac0a3:1 s8e1-a585f7d5:1 s1e1-bed9eef6:1 s2e1-81cd9116:1
1786386956.731916 s8e1-a585f7d5:1 s1e1-bed9eef6:1 s2e1-81cd9116:1
1786386956.753484 s8e1-a585f7d5:1 s1e1-bed9eef6:1 s2e1-81cd9116:1
1786386956.774926 s8e1-a585f7d5:1 s1e1-bed9eef6:1 s2e1-81cd9116:1
1786386956.796427 s8e1-a585f7d5:1 s1e1-bed9eef6:1 s2e1-81cd9116:1
1786386956.817853 s8e1-a585f7d5:1 s1e1-bed9eef6:1 s2e1-81cd9116:1
1786386956.839290 s8e1-a585f7d5:1 s1e1-bed9eef6:1 s2e1-81cd9116:1
1786386956.860763 s8e1-a585f7d5:1 s1e1-bed9eef6:1 s2e1-81cd9116:1
1786386956.882295 s8e1-a585f7d5:1 s1e1-bed9eef6:1 s2e1-81cd9116:1
1786386956.903832 s1e1-bed9eef6:1 s2e1-81cd9116:1 s3e1-a1dc71bb:53E
1786386956.961817 s1e1-bed9eef6:1 s2e1-81cd9116:1 s3e1-a1dc71bb:1
1786386956.974786 s1e1-bed9eef6:1 s2e1-81cd9116:1 s3e1-a1dc71bb:1
1786386956.995940 s1e1-bed9eef6:1 s2e1-81cd9116:1 s3e1-a1dc71bb:1
1786386957.017242 s1e1-bed9eef6:1 s2e1-81cd9116:1 s3e1-a1dc71bb:1
1786386957.038541 s1e1-bed9eef6:1 s2e1-81cd9116:1 s3e1-a1dc71bb:1
1786386957.059879 s1e1-bed9eef6:1 s2e1-81cd9116:1 s3e1-a1dc71bb:1
1786386957.081131 s1e1-bed9eef6:1 s2e1-81cd9116:1 s3e1-a1dc71bb:1
1786386957.102413 s1e1-bed9eef6:1 s2e1-81cd9116:1 s3e1-a1dc71bb:1
1786386957.123881 s1e1-bed9eef6:1 s2e1-81cd9116:1 s3e1-a1dc71bb:1 s4e1-92d49b6c:53E
1786386957.181398 s1e1-bed9eef6:1 s2e1-81cd9116:1 s3e1-a1dc71bb:1 s4e1-92d49b6c:1
1786386957.194267 s2e1-81cd9116:1 s3e1-a1dc71bb:1 s4e1-92d49b6c:1
1786386957.215494 s2e1-81cd9116:1 s3e1-a1dc71bb:1 s4e1-92d49b6c:1
1786386957.236863 s2e1-81cd9116:1 s3e1-a1dc71bb:1 s4e1-92d49b6c:1
1786386957.258262 s2e1-81cd9116:1 s3e1-a1dc71bb:1 s4e1-92d49b6c:1
1786386957.279624 s2e1-81cd9116:1 s3e1-a1dc71bb:1 s4e1-92d49b6c:1
1786386957.301151 s2e1-81cd9116:1 s3e1-a1dc71bb:1 s4e1-92d49b6c:1
1786386957.322544 s2e1-81cd9116:1 s3e1-a1dc71bb:1 s4e1-92d49b6c:1
1786386957.344070 s2e1-81cd9116:1 s3e1-a1dc71bb:1 s4e1-92d49b6c:1
1786386957.365473 s2e1-81cd9116:1 s3e1-a1dc71bb:1 s4e1-92d49b6c:1
1786386957.386955 s2e1-81cd9116:1 s3e1-a1dc71bb:1 s4e1-92d49b6c:1
1786386957.408642 s2e1-81cd9116:1 s3e1-a1dc71bb:1 s4e1-92d49b6c:1 s5e1-a47300ef:53E
1786386957.468077 s3e1-a1dc71bb:1 s4e1-92d49b6c:1 s5e1-a47300ef:1
1786386957.481014 s3e1-a1dc71bb:1 s4e1-92d49b6c:1 s5e1-a47300ef:1
1786386957.502260 s3e1-a1dc71bb:1 s4e1-92d49b6c:1 s5e1-a47300ef:1
1786386957.523641 s3e1-a1dc71bb:1 s4e1-92d49b6c:1 s5e1-a47300ef:1
1786386957.545025 s3e1-a1dc71bb:1 s4e1-92d49b6c:1 s5e1-a47300ef:1
1786386957.566503 s3e1-a1dc71bb:1 s4e1-92d49b6c:1 s5e1-a47300ef:1
1786386957.588193 s3e1-a1dc71bb:1 s4e1-92d49b6c:1 s5e1-a47300ef:1 s6e1-b3663ea1:53E
1786386957.647434 s3e1-a1dc71bb:1 s4e1-92d49b6c:1 s5e1-a47300ef:1 s6e1-b3663ea1:1
1786386957.660095 s3e1-a1dc71bb:1 s4e1-92d49b6c:1 s5e1-a47300ef:1 s6e1-b3663ea1:1
1786386957.681482 s3e1-a1dc71bb:1 s4e1-92d49b6c:1 s5e1-a47300ef:1 s6e1-b3663ea1:1
1786386957.702961 s3e1-a1dc71bb:1 s4e1-92d49b6c:1 s5e1-a47300ef:1 s6e1-b3663ea1:1
1786386957.724362 s4e1-92d49b6c:1 s5e1-a47300ef:1 s6e1-b3663ea1:1
1786386957.745867 s4e1-92d49b6c:1 s5e1-a47300ef:1 s6e1-b3663ea1:1
1786386957.767171 s4e1-92d49b6c:1 s5e1-a47300ef:1 s6e1-b3663ea1:1
1786386957.788543 s4e1-92d49b6c:1 s5e1-a47300ef:1 s6e1-b3663ea1:1
1786386957.810028 s4e1-92d49b6c:1 s5e1-a47300ef:1 s6e1-b3663ea1:1
1786386957.831490 s4e1-92d49b6c:1 s5e1-a47300ef:1 s6e1-b3663ea1:1
1786386957.852921 s4e1-92d49b6c:1 s5e1-a47300ef:1 s6e1-b3663ea1:1
1786386957.874608 s4e1-92d49b6c:1 s5e1-a47300ef:1 s6e1-b3663ea1:1 s7e1-ba8ac0a3:53E
1786386957.933488 s4e1-92d49b6c:1 s5e1-a47300ef:1 s6e1-b3663ea1:1 s7e1-ba8ac0a3:1
1786386957.945961 s5e1-a47300ef:1 s6e1-b3663ea1:1 s7e1-ba8ac0a3:1
1786386957.967374 s5e1-a47300ef:1 s6e1-b3663ea1:1 s7e1-ba8ac0a3:1
1786386957.988815 s5e1-a47300ef:1 s6e1-b3663ea1:1 s7e1-ba8ac0a3:1
1786386958.010129 s5e1-a47300ef:1 s6e1-b3663ea1:1 s7e1-ba8ac0a3:1
1786386958.031493 s5e1-a47300ef:1 s6e1-b3663ea1:1 s7e1-ba8ac0a3:1
1786386958.052857 s5e1-a47300ef:1 s6e1-b3663ea1:1 s7e1-ba8ac0a3:1
1786386958.074438 s5e1-a47300ef:1 s6e1-b3663ea1:1 s7e1-ba8ac0a3:1 s8e1-a585f7d5:53E
1786386958.132732 s5e1-a47300ef:1 s6e1-b3663ea1:1 s7e1-ba8ac0a3:1 s8e1-a585f7d5:1
1786386958.145763 s5e1-a47300ef:1 s6e1-b3663ea1:1 s7e1-ba8ac0a3:1 s8e1-a585f7d5:1
1786386958.167217 s5e1-a47300ef:1 s6e1-b3663ea1:1 s7e1-ba8ac0a3:1 s8e1-a585f7d5:1
1786386958.188669 s5e1-a47300ef:1 s6e1-b3663ea1:1 s7e1-ba8ac0a3:1 s8e1-a585f7d5:1
1786386958.210182 s5e1-a47300ef:1 s6e1-b3663ea1:1 s7e1-ba8ac0a3:1 s8e1-a585f7d5:1
1786386958.231566 s6e1-b3663ea1:1 s7e1-ba8ac0a3:1 s8e1-a585f7d5:1
1786386958.253009 s6e1-b3663ea1:1 s7e1-ba8ac0a3:1 s8e1-a585f7d5:1
1786386958.274378 s6e1-b3663ea1:1 s7e1-ba8ac0a3:1 s8e1-a585f7d5:1
1786386958.295761 s6e1-b3663ea1:1 s7e1-ba8ac0a3:1 s8e1-a585f7d5:1
1786386958.317165 s6e1-b3663ea1:1 s7e1-ba8ac0a3:1 s8e1-a585f7d5:1
1786386958.338608 s6e1-b3663ea1:1 s7e1-ba8ac0a3:1 s8e1-a585f7d5:1
1786386958.360124 s6e1-b3663ea1:1 s7e1-ba8ac0a3:1 s8e1-a585f7d5:1
1786386958.381788 s7e1-ba8ac0a3:1 s8e1-a585f7d5:1 s1e1-bed9eef6:53E
1786386958.440797 s7e1-ba8ac0a3:1 s8e1-a585f7d5:1 s1e1-bed9eef6:1
1786386958.453373 s7e1-ba8ac0a3:1 s8e1-a585f7d5:1 s1e1-bed9eef6:1
1786386958.474519 s7e1-ba8ac0a3:1 s8e1-a585f7d5:1 s1e1-bed9eef6:1
1786386958.495824 s7e1-ba8ac0a3:1 s8e1-a585f7d5:1 s1e1-bed9eef6:1
1786386958.517164 s7e1-ba8ac0a3:1 s8e1-a585f7d5:1 s1e1-bed9eef6:1
1786386958.538533 s7e1-ba8ac0a3:1 s8e1-a585f7d5:1 s1e1-bed9eef6:1
1786386958.560010 s7e1-ba8ac0a3:1 s8e1-a585f7d5:1 s1e1-bed9eef6:1
1786386958.581321 s7e1-ba8ac0a3:1 s8e1-a585f7d5:1 s1e1-bed9eef6:1
1786386958.602894 s7e1-ba8ac0a3:1 s8e1-a585f7d5:1 s1e1-bed9eef6:1 s2e1-81cd9116:53E
1786386958.661580 s7e1-ba8ac0a3:1 s8e1-a585f7d5:1 s1e1-bed9eef6:1 s2e1-81cd9116:1
1786386958.674222 s7e1-ba8ac0a3:1 s8e1-a585f7d5:1 s1e1-bed9eef6:1 s2e1-81cd9116:1
1786386958.695459 s8e1-a585f7d5:1 s1e1-bed9eef6:1 s2e1-81cd9116:1
1786386958.716960 s8e1-a585f7d5:1 s1e1-bed9eef6:1 s2e1-81cd9116:1
1786386958.738299 s8e1-a585f7d5:1 s1e1-bed9eef6:1 s2e1-81cd9116:1
1786386958.759656 s8e1-a585f7d5:1 s1e1-bed9eef6:1 s2e1-81cd9116:1
1786386958.781073 s8e1-a585f7d5:1 s1e1-bed9eef6:1 s2e1-81cd9116:1
1786386958.802534 s8e1-a585f7d5:1 s1e1-bed9eef6:1 s2e1-81cd9116:1
1786386958.824110 s8e1-a585f7d5:1 s1e1-bed9eef6:1 s2e1-81cd9116:1
1786386958.845677 s8e1-a585f7d5:1 s1e1-bed9eef6:1 s2e1-81cd9116:1
1786386958.867416 s1e1-bed9eef6:1 s2e1-81cd9116:1 s3e1-a1dc71bb:53E
1786386958.925675 s1e1-bed9eef6:1 s2e1-81cd9116:1 s3e1-a1dc71bb:1
1786386958.938683 s1e1-bed9eef6:1 s2e1-81cd9116:1 s3e1-a1dc71bb:1
1786386958.959919 s1e1-bed9eef6:1 s2e1-81cd9116:1 s3e1-a1dc71bb:1
1786386958.981185 s1e1-bed9eef6:1 s2e1-81cd9116:1 s3e1-a1dc71bb:1
1786386959.002539 s1e1-bed9eef6:1 s2e1-81cd9116:1 s3e1-a1dc71bb:1
1786386959.023951 s1e1-bed9eef6:1 s2e1-81cd9116:1 s3e1-a1dc71bb:1
1786386959.045334 s1e1-bed9eef6:1 s2e1-81cd9116:1 s3e1-a1dc71bb:1
1786386959.066695 s1e1-bed9eef6:1 s2e1-81cd9116:1 s3e1-a1dc71bb:1
1786386959.088069 s1e1-bed9eef6:1 s2e1-81cd9116:1 s3e1-a1dc71bb:1
1786386959.109437 s1e1-bed9eef6:1 s2e1-81cd9116:1 s3e1-a1dc71bb:1
1786386959.131036 s1e1-bed9eef6:1 s2e1-81cd9116:1 s3e1-a1dc71bb:1 s4e1-92d49b6c:53E
1786386959.188881 s1e1-bed9eef6:1 s2e1-81cd9116:1 s3e1-a1dc71bb:1 s4e1-92d49b6c:1
1786386959.201809 s2e1-81cd9116:1 s3e1-a1dc71bb:1 s4e1-92d49b6c:1
1786386959.223219 s2e1-81cd9116:1 s3e1-a1dc71bb:1 s4e1-92d49b6c:1
1786386959.244635 s2e1-81cd9116:1 s3e1-a1dc71bb:1 s4e1-92d49b6c:1
1786386959.265981 s2e1-81cd9116:1 s3e1-a1dc71bb:1 s4e1-92d49b6c:1
1786386959.287350 s2e1-81cd9116:1 s3e1-a1dc71bb:1 s4e1-92d49b6c:1
1786386959.308750 s2e1-81cd9116:1 s3e1-a1dc71bb:1 s4e1-92d49b6c:1
1786386959.330399 s2e1-81cd9116:1 s3e1-a1dc71bb:1 s4e1-92d49b6c:1 s5e1-a47300ef:53E
1786386959.389530 s2e1-81cd9116:1 s3e1-a1dc71bb:1 s4e1-92d49b6c:1 s5e1-a47300ef:1
1786386959.402246 s2e1-81cd9116:1 s3e1-a1dc71bb:1 s4e1-92d49b6c:1 s5e1-a47300ef:1
1786386959.423679 s3e1-a1dc71bb:1 s4e1-92d49b6c:1 s5e1-a47300ef:1
1786386959.445117 s3e1-a1dc71bb:1 s4e1-92d49b6c:1 s5e1-a47300ef:1
1786386959.466464 s3e1-a1dc71bb:1 s4e1-92d49b6c:1 s5e1-a47300ef:1
1786386959.487836 s3e1-a1dc71bb:1 s4e1-92d49b6c:1 s5e1-a47300ef:1
1786386959.509258 s3e1-a1dc71bb:1 s4e1-92d49b6c:1 s5e1-a47300ef:1
1786386959.530756 s3e1-a1dc71bb:1 s4e1-92d49b6c:1 s5e1-a47300ef:1
1786386959.552153 s3e1-a1dc71bb:1 s4e1-92d49b6c:1 s5e1-a47300ef:1
1786386959.573615 s3e1-a1dc71bb:1 s4e1-92d49b6c:1 s5e1-a47300ef:1
1786386959.595132 s3e1-a1dc71bb:1 s4e1-92d49b6c:1 s5e1-a47300ef:1
1786386959.616752 s3e1-a1dc71bb:1 s4e1-92d49b6c:1 s5e1-a47300ef:1 s6e1-b3663ea1:53E
1786386959.675784 s3e1-a1dc71bb:1 s4e1-92d49b6c:1 s5e1-a47300ef:1 s6e1-b3663ea1:1
1786386959.688635 s4e1-92d49b6c:1 s5e1-a47300ef:1 s6e1-b3663ea1:1
1786386959.710175 s4e1-92d49b6c:1 s5e1-a47300ef:1 s6e1-b3663ea1:1
1786386959.731592 s4e1-92d49b6c:1 s5e1-a47300ef:1 s6e1-b3663ea1:1
1786386959.753126 s4e1-92d49b6c:1 s5e1-a47300ef:1 s6e1-b3663ea1:1
1786386959.774530 s4e1-92d49b6c:1 s5e1-a47300ef:1 s6e1-b3663ea1:1
1786386959.796045 s4e1-92d49b6c:1 s5e1-a47300ef:1 s6e1-b3663ea1:1
1786386959.817561 s4e1-92d49b6c:1 s5e1-a47300ef:1 s6e1-b3663ea1:1
1786386959.839339 s4e1-92d49b6c:1 s5e1-a47300ef:1 s6e1-b3663ea1:1 s7e1-ba8ac0a3:53E
1786386959.896247 s4e1-92d49b6c:1 s5e1-a47300ef:1 s6e1-b3663ea1:1 s7e1-ba8ac0a3:1
1786386959.910464 s4e1-92d49b6c:1 s5e1-a47300ef:1 s6e1-b3663ea1:1 s7e1-ba8ac0a3:1
1786386959.931912 s4e1-92d49b6c:1 s5e1-a47300ef:1 s6e1-b3663ea1:1 s7e1-ba8ac0a3:1
1786386959.953452 s5e1-a47300ef:1 s6e1-b3663ea1:1 s7e1-ba8ac0a3:1
1786386959.975019 s5e1-a47300ef:1 s6e1-b3663ea1:1 s7e1-ba8ac0a3:1
1786386959.996496 s5e1-a47300ef:1 s6e1-b3663ea1:1 s7e1-ba8ac0a3:1
1786386960.017925 s5e1-a47300ef:1 s6e1-b3663ea1:1 s7e1-ba8ac0a3:1
1786386960.039341 s5e1-a47300ef:1 s6e1-b3663ea1:1 s7e1-ba8ac0a3:1
1786386960.060714 s5e1-a47300ef:1 s6e1-b3663ea1:1 s7e1-ba8ac0a3:1
1786386960.082086 s5e1-a47300ef:1 s6e1-b3663ea1:1 s7e1-ba8ac0a3:1
1786386960.103431 s5e1-a47300ef:1 s6e1-b3663ea1:1 s7e1-ba8ac0a3:1
1786386960.124839 s6e1-b3663ea1:1 s7e1-ba8ac0a3:1
1786386960.146394 s6e1-b3663ea1:1 s7e1-ba8ac0a3:1 s8e1-a585f7d5:53E
1786386960.204909 s6e1-b3663ea1:1 s7e1-ba8ac0a3:1 s8e1-a585f7d5:1
1786386960.217722 s6e1-b3663ea1:1 s7e1-ba8ac0a3:1 s8e1-a585f7d5:1
1786386960.238836 s6e1-b3663ea1:1 s7e1-ba8ac0a3:1 s8e1-a585f7d5:1
1786386960.260127 s6e1-b3663ea1:1 s7e1-ba8ac0a3:1 s8e1-a585f7d5:1
1786386960.281433 s6e1-b3663ea1:1 s7e1-ba8ac0a3:1 s8e1-a585f7d5:1
1786386960.302721 s6e1-b3663ea1:1 s7e1-ba8ac0a3:1 s8e1-a585f7d5:1
1786386960.324004 s6e1-b3663ea1:1 s7e1-ba8ac0a3:1 s8e1-a585f7d5:1
1786386960.345519 s6e1-b3663ea1:1 s7e1-ba8ac0a3:1 s8e1-a585f7d5:1 s1e1-bed9eef6:53E
1786386960.404867 s6e1-b3663ea1:1 s7e1-ba8ac0a3:1 s8e1-a585f7d5:1 s1e1-bed9eef6:1
1786386960.417408 s6e1-b3663ea1:1 s7e1-ba8ac0a3:1 s8e1-a585f7d5:1 s1e1-bed9eef6:1
1786386960.438644 s7e1-ba8ac0a3:1 s8e1-a585f7d5:1 s1e1-bed9eef6:1
1786386960.460156 s7e1-ba8ac0a3:1 s8e1-a585f7d5:1 s1e1-bed9eef6:1
1786386960.481489 s7e1-ba8ac0a3:1 s8e1-a585f7d5:1 s1e1-bed9eef6:1
1786386960.502880 s7e1-ba8ac0a3:1 s8e1-a585f7d5:1 s1e1-bed9eef6:1
1786386960.524245 s7e1-ba8ac0a3:1 s8e1-a585f7d5:1 s1e1-bed9eef6:1
1786386960.545724 s7e1-ba8ac0a3:1 s8e1-a585f7d5:1 s1e1-bed9eef6:1
1786386960.567211 s7e1-ba8ac0a3:1 s8e1-a585f7d5:1 s1e1-bed9eef6:1
1786386960.588726 s7e1-ba8ac0a3:1 s8e1-a585f7d5:1 s1e1-bed9eef6:1
1786386960.610342 s7e1-ba8ac0a3:1 s8e1-a585f7d5:1 s1e1-bed9eef6:1 s2e1-81cd9116:53E
1786386960.669320 s8e1-a585f7d5:1 s1e1-bed9eef6:1 s2e1-81cd9116:1
1786386960.682290 s8e1-a585f7d5:1 s1e1-bed9eef6:1 s2e1-81cd9116:1
1786386960.703742 s8e1-a585f7d5:1 s1e1-bed9eef6:1 s2e1-81cd9116:1
1786386960.725046 s8e1-a585f7d5:1 s1e1-bed9eef6:1 s2e1-81cd9116:1
1786386960.746593 s8e1-a585f7d5:1 s1e1-bed9eef6:1 s2e1-81cd9116:1
1786386960.767973 s8e1-a585f7d5:1 s1e1-bed9eef6:1 s2e1-81cd9116:1
1786386960.789562 s8e1-a585f7d5:1 s1e1-bed9eef6:1 s2e1-81cd9116:1
1786386960.811113 s8e1-a585f7d5:1 s1e1-bed9eef6:1 s2e1-81cd9116:1
1786386960.832671 s8e1-a585f7d5:1 s1e1-bed9eef6:1 s2e1-81cd9116:1
1786386960.854213 s8e1-a585f7d5:1 s1e1-bed9eef6:1 s2e1-81cd9116:1
1786386960.875777 s8e1-a585f7d5:1 s1e1-bed9eef6:1 s2e1-81cd9116:1
1786386960.897551 s8e1-a585f7d5:1 s1e1-bed9eef6:1 s2e1-81cd9116:1 s3e1-a1dc71bb:53E
1786386960.956773 s8e1-a585f7d5:1 s1e1-bed9eef6:1 s2e1-81cd9116:1 s3e1-a1dc71bb:1
1786386960.969540 s1e1-bed9eef6:1 s2e1-81cd9116:1 s3e1-a1dc71bb:1
1786386960.991244 s1e1-bed9eef6:1 s2e1-81cd9116:1 s3e1-a1dc71bb:1
1786386961.012544 s1e1-bed9eef6:1 s2e1-81cd9116:1 s3e1-a1dc71bb:1
1786386961.033998 s1e1-bed9eef6:1 s2e1-81cd9116:1 s3e1-a1dc71bb:1
1786386961.055535 s1e1-bed9eef6:1 s2e1-81cd9116:1 s3e1-a1dc71bb:1
1786386961.076959 s1e1-bed9eef6:1 s2e1-81cd9116:1 s3e1-a1dc71bb:1
1786386961.098426 s1e1-bed9eef6:1 s2e1-81cd9116:1 s3e1-a1dc71bb:1
1786386961.120110 s1e1-bed9eef6:1 s2e1-81cd9116:1 s3e1-a1dc71bb:1 s4e1-92d49b6c:53E
1786386961.178161 s2e1-81cd9116:1 s3e1-a1dc71bb:1 s4e1-92d49b6c:1
1786386961.191607 s2e1-81cd9116:1 s3e1-a1dc71bb:1 s4e1-92d49b6c:1
1786386961.212856 s2e1-81cd9116:1 s3e1-a1dc71bb:1 s4e1-92d49b6c:1
1786386961.234249 s2e1-81cd9116:1 s3e1-a1dc71bb:1 s4e1-92d49b6c:1
1786386961.255631 s2e1-81cd9116:1 s3e1-a1dc71bb:1 s4e1-92d49b6c:1
1786386961.277023 s2e1-81cd9116:1 s3e1-a1dc71bb:1 s4e1-92d49b6c:1
1786386961.298448 s2e1-81cd9116:1 s3e1-a1dc71bb:1 s4e1-92d49b6c:1
1786386961.319788 s2e1-81cd9116:1 s3e1-a1dc71bb:1 s4e1-92d49b6c:1
1786386961.341154 s2e1-81cd9116:1 s3e1-a1dc71bb:1 s4e1-92d49b6c:1
1786386961.362726 s2e1-81cd9116:1 s3e1-a1dc71bb:1 s4e1-92d49b6c:1 s5e1-a47300ef:53E
1786386961.423228 s2e1-81cd9116:1 s3e1-a1dc71bb:1 s4e1-92d49b6c:1 s5e1-a47300ef:1
1786386961.435385 s3e1-a1dc71bb:1 s4e1-92d49b6c:1 s5e1-a47300ef:1
1786386961.456756 s3e1-a1dc71bb:1 s4e1-92d49b6c:1 s5e1-a47300ef:1
1786386961.478089 s3e1-a1dc71bb:1 s4e1-92d49b6c:1 s5e1-a47300ef:1
1786386961.499485 s3e1-a1dc71bb:1 s4e1-92d49b6c:1 s5e1-a47300ef:1
1786386961.520877 s3e1-a1dc71bb:1 s4e1-92d49b6c:1 s5e1-a47300ef:1
1786386961.542256 s3e1-a1dc71bb:1 s4e1-92d49b6c:1 s5e1-a47300ef:1
1786386961.563584 s3e1-a1dc71bb:1 s4e1-92d49b6c:1 s5e1-a47300ef:1
1786386961.584990 s3e1-a1dc71bb:1 s4e1-92d49b6c:1 s5e1-a47300ef:1
1786386961.606368 s3e1-a1dc71bb:1 s4e1-92d49b6c:1 s5e1-a47300ef:1
1786386961.628012 s3e1-a1dc71bb:1 s4e1-92d49b6c:1 s5e1-a47300ef:1 s6e1-b3663ea1:53E
1786386961.686518 s3e1-a1dc71bb:1 s4e1-92d49b6c:1 s5e1-a47300ef:1 s6e1-b3663ea1:1
1786386961.699615 s3e1-a1dc71bb:1 s4e1-92d49b6c:1 s5e1-a47300ef:1 s6e1-b3663ea1:1
1786386961.720991 s4e1-92d49b6c:1 s5e1-a47300ef:1 s6e1-b3663ea1:1
1786386961.742479 s4e1-92d49b6c:1 s5e1-a47300ef:1 s6e1-b3663ea1:1
1786386961.763839 s4e1-92d49b6c:1 s5e1-a47300ef:1 s6e1-b3663ea1:1
1786386961.785225 s4e1-92d49b6c:1 s5e1-a47300ef:1 s6e1-b3663ea1:1
1786386961.806622 s4e1-92d49b6c:1 s5e1-a47300ef:1 s6e1-b3663ea1:1
1786386961.828107 s4e1-92d49b6c:1 s5e1-a47300ef:1 s6e1-b3663ea1:1
1786386961.849776 s4e1-92d49b6c:1 s5e1-a47300ef:1 s6e1-b3663ea1:1 s7e1-ba8ac0a3:53E
1786386961.907263 s4e1-92d49b6c:1 s5e1-a47300ef:1 s6e1-b3663ea1:1 s7e1-ba8ac0a3:1
1786386961.920779 s4e1-92d49b6c:1 s5e1-a47300ef:1 s6e1-b3663ea1:1 s7e1-ba8ac0a3:1
1786386961.942171 s5e1-a47300ef:1 s6e1-b3663ea1:1 s7e1-ba8ac0a3:1
1786386961.963642 s5e1-a47300ef:1 s6e1-b3663ea1:1 s7e1-ba8ac0a3:1
1786386961.985021 s5e1-a47300ef:1 s6e1-b3663ea1:1 s7e1-ba8ac0a3:1
1786386962.006357 s5e1-a47300ef:1 s6e1-b3663ea1:1 s7e1-ba8ac0a3:1
1786386962.027834 s5e1-a47300ef:1 s6e1-b3663ea1:1 s7e1-ba8ac0a3:1
1786386962.049349 s5e1-a47300ef:1 s6e1-b3663ea1:1 s7e1-ba8ac0a3:1
1786386962.070872 s5e1-a47300ef:1 s6e1-b3663ea1:1 s7e1-ba8ac0a3:1
1786386962.092633 s5e1-a47300ef:1 s6e1-b3663ea1:1 s7e1-ba8ac0a3:1 s8e1-a585f7d5:53E
1786386962.151862 s5e1-a47300ef:1 s6e1-b3663ea1:1 s7e1-ba8ac0a3:1 s8e1-a585f7d5:1
1786386962.164962 s5e1-a47300ef:1 s6e1-b3663ea1:1 s7e1-ba8ac0a3:1 s8e1-a585f7d5:1
1786386962.186531 s6e1-b3663ea1:1 s7e1-ba8ac0a3:1 s8e1-a585f7d5:1
1786386962.207979 s6e1-b3663ea1:1 s7e1-ba8ac0a3:1 s8e1-a585f7d5:1
1786386962.229424 s6e1-b3663ea1:1 s7e1-ba8ac0a3:1 s8e1-a585f7d5:1
1786386962.250922 s6e1-b3663ea1:1 s7e1-ba8ac0a3:1 s8e1-a585f7d5:1
1786386962.272368 s6e1-b3663ea1:1 s7e1-ba8ac0a3:1 s8e1-a585f7d5:1
1786386962.293848 s6e1-b3663ea1:1 s7e1-ba8ac0a3:1 s8e1-a585f7d5:1
1786386962.315322 s6e1-b3663ea1:1 s7e1-ba8ac0a3:1 s8e1-a585f7d5:1
1786386962.337061 s6e1-b3663ea1:1 s7e1-ba8ac0a3:1 s8e1-a585f7d5:1 s1e1-bed9eef6:53E
1786386962.395898 s6e1-b3663ea1:1 s7e1-ba8ac0a3:1 s8e1-a585f7d5:1 s1e1-bed9eef6:1
1786386962.409714 s6e1-b3663ea1:1 s7e1-ba8ac0a3:1 s8e1-a585f7d5:1 s1e1-bed9eef6:1
1786386962.431275 s6e1-b3663ea1:1 s7e1-ba8ac0a3:1 s8e1-a585f7d5:1 s1e1-bed9eef6:1
1786386962.452730 s7e1-ba8ac0a3:1 s8e1-a585f7d5:1 s1e1-bed9eef6:1
1786386962.474290 s7e1-ba8ac0a3:1 s8e1-a585f7d5:1 s1e1-bed9eef6:1
1786386962.495829 s7e1-ba8ac0a3:1 s8e1-a585f7d5:1 s1e1-bed9eef6:1
1786386962.517270 s7e1-ba8ac0a3:1 s8e1-a585f7d5:1 s1e1-bed9eef6:1
1786386962.538743 s7e1-ba8ac0a3:1 s8e1-a585f7d5:1 s1e1-bed9eef6:1
1786386962.560302 s7e1-ba8ac0a3:1 s8e1-a585f7d5:1 s1e1-bed9eef6:1
1786386962.581720 s7e1-ba8ac0a3:1 s8e1-a585f7d5:1 s1e1-bed9eef6:1
1786386962.603113 s7e1-ba8ac0a3:1 s8e1-a585f7d5:1 s1e1-bed9eef6:1
1786386962.624504 s7e1-ba8ac0a3:1 s8e1-a585f7d5:1 s1e1-bed9eef6:1
1786386962.645942 s8e1-a585f7d5:1 s1e1-bed9eef6:1
1786386962.667531 s8e1-a585f7d5:1 s1e1-bed9eef6:1 s2e1-81cd9116:53E
1786386962.724644 s8e1-a585f7d5:1 s1e1-bed9eef6:1 s2e1-81cd9116:1
1786386962.738621 s8e1-a585f7d5:1 s1e1-bed9eef6:1 s2e1-81cd9116:1
1786386962.759808 s8e1-a585f7d5:1 s1e1-bed9eef6:1 s2e1-81cd9116:1
1786386962.781115 s8e1-a585f7d5:1 s1e1-bed9eef6:1 s2e1-81cd9116:1
1786386962.802429 s8e1-a585f7d5:1 s1e1-bed9eef6:1 s2e1-81cd9116:1
1786386962.823916 s8e1-a585f7d5:1 s1e1-bed9eef6:1 s2e1-81cd9116:1 s3e1-a1dc71bb:53E
1786386962.881604 s8e1-a585f7d5:1 s1e1-bed9eef6:1 s2e1-81cd9116:1 s3e1-a1dc71bb:1
1786386962.895404 s8e1-a585f7d5:1 s1e1-bed9eef6:1 s2e1-81cd9116:1 s3e1-a1dc71bb:1
1786386962.916689 s1e1-bed9eef6:1 s2e1-81cd9116:1 s3e1-a1dc71bb:1
1786386962.938149 s1e1-bed9eef6:1 s2e1-81cd9116:1 s3e1-a1dc71bb:1
1786386962.959545 s1e1-bed9eef6:1 s2e1-81cd9116:1 s3e1-a1dc71bb:1
1786386962.980935 s1e1-bed9eef6:1 s2e1-81cd9116:1 s3e1-a1dc71bb:1
1786386963.002326 s1e1-bed9eef6:1 s2e1-81cd9116:1 s3e1-a1dc71bb:1
1786386963.023885 s1e1-bed9eef6:1 s2e1-81cd9116:1 s3e1-a1dc71bb:1
1786386963.045503 s1e1-bed9eef6:1 s2e1-81cd9116:1 s3e1-a1dc71bb:1
1786386963.067039 s1e1-bed9eef6:1 s2e1-81cd9116:1 s3e1-a1dc71bb:1
1786386963.088616 s1e1-bed9eef6:1 s2e1-81cd9116:1 s3e1-a1dc71bb:1
1786386963.110376 s1e1-bed9eef6:1 s2e1-81cd9116:1 s3e1-a1dc71bb:1 s4e1-92d49b6c:53E
1786386963.168667 s2e1-81cd9116:1 s3e1-a1dc71bb:1 s4e1-92d49b6c:1
1786386963.182419 s2e1-81cd9116:1 s3e1-a1dc71bb:1 s4e1-92d49b6c:1
1786386963.203742 s2e1-81cd9116:1 s3e1-a1dc71bb:1 s4e1-92d49b6c:1
1786386963.225180 s2e1-81cd9116:1 s3e1-a1dc71bb:1 s4e1-92d49b6c:1
1786386963.246638 s2e1-81cd9116:1 s3e1-a1dc71bb:1 s4e1-92d49b6c:1
1786386963.268063 s2e1-81cd9116:1 s3e1-a1dc71bb:1 s4e1-92d49b6c:1
1786386963.289543 s2e1-81cd9116:1 s3e1-a1dc71bb:1 s4e1-92d49b6c:1
1786386963.311267 s2e1-81cd9116:1 s3e1-a1dc71bb:1 s4e1-92d49b6c:1 s5e1-a47300ef:53E
1786386963.370152 s2e1-81cd9116:1 s3e1-a1dc71bb:1 s4e1-92d49b6c:1 s5e1-a47300ef:1
1786386963.383131 s2e1-81cd9116:1 s3e1-a1dc71bb:1 s4e1-92d49b6c:1 s5e1-a47300ef:1
1786386963.404568 s2e1-81cd9116:1 s3e1-a1dc71bb:1 s4e1-92d49b6c:1 s5e1-a47300ef:1
1786386963.426029 s2e1-81cd9116:1 s3e1-a1dc71bb:1 s4e1-92d49b6c:1 s5e1-a47300ef:1
1786386963.447477 s2e1-81cd9116:1 s3e1-a1dc71bb:1 s4e1-92d49b6c:1 s5e1-a47300ef:1
1786386963.468952 s2e1-81cd9116:1 s3e1-a1dc71bb:1 s4e1-92d49b6c:1 s5e1-a47300ef:1
1786386963.490391 s3e1-a1dc71bb:1 s4e1-92d49b6c:1 s5e1-a47300ef:1
1786386963.511874 s3e1-a1dc71bb:1 s4e1-92d49b6c:1 s5e1-a47300ef:1
1786386963.533312 s3e1-a1dc71bb:1 s4e1-92d49b6c:1 s5e1-a47300ef:1
1786386963.554772 s3e1-a1dc71bb:1 s4e1-92d49b6c:1 s5e1-a47300ef:1
1786386963.576254 s3e1-a1dc71bb:1 s4e1-92d49b6c:1 s5e1-a47300ef:1
1786386963.597789 s3e1-a1dc71bb:1 s4e1-92d49b6c:1 s5e1-a47300ef:1
1786386963.619611 s4e1-92d49b6c:1 s5e1-a47300ef:1 s6e1-b3663ea1:53E
1786386963.678568 s4e1-92d49b6c:1 s5e1-a47300ef:1 s6e1-b3663ea1:1
1786386963.692136 s4e1-92d49b6c:1 s5e1-a47300ef:1 s6e1-b3663ea1:1
1786386963.713309 s4e1-92d49b6c:1 s5e1-a47300ef:1 s6e1-b3663ea1:1
1786386963.734677 s4e1-92d49b6c:1 s5e1-a47300ef:1 s6e1-b3663ea1:1
1786386963.756051 s4e1-92d49b6c:1 s5e1-a47300ef:1 s6e1-b3663ea1:1
1786386963.777410 s4e1-92d49b6c:1 s5e1-a47300ef:1 s6e1-b3663ea1:1
1786386963.798786 s4e1-92d49b6c:1 s5e1-a47300ef:1 s6e1-b3663ea1:1
1786386963.820414 s4e1-92d49b6c:1 s5e1-a47300ef:1 s6e1-b3663ea1:1 s7e1-ba8ac0a3:53E
1786386963.881209 s4e1-92d49b6c:1 s5e1-a47300ef:1 s6e1-b3663ea1:1 s7e1-ba8ac0a3:1
1786386963.891915 s4e1-92d49b6c:1 s5e1-a47300ef:1 s6e1-b3663ea1:1 s7e1-ba8ac0a3:1
1786386963.913282 s4e1-92d49b6c:1 s5e1-a47300ef:1 s6e1-b3663ea1:1 s7e1-ba8ac0a3:1
1786386963.934680 s5e1-a47300ef:1 s6e1-b3663ea1:1 s7e1-ba8ac0a3:1
1786386963.956211 s5e1-a47300ef:1 s6e1-b3663ea1:1 s7e1-ba8ac0a3:1
1786386963.977521 s5e1-a47300ef:1 s6e1-b3663ea1:1 s7e1-ba8ac0a3:1
1786386963.998951 s5e1-a47300ef:1 s6e1-b3663ea1:1 s7e1-ba8ac0a3:1
1786386964.020330 s5e1-a47300ef:1 s6e1-b3663ea1:1 s7e1-ba8ac0a3:1
1786386964.041895 s5e1-a47300ef:1 s6e1-b3663ea1:1 s7e1-ba8ac0a3:1
1786386964.063479 s5e1-a47300ef:1 s6e1-b3663ea1:1 s7e1-ba8ac0a3:1
1786386964.085081 s5e1-a47300ef:1 s6e1-b3663ea1:1 s7e1-ba8ac0a3:1
1786386964.106900 s6e1-b3663ea1:1 s7e1-ba8ac0a3:1 s8e1-a585f7d5:53E
1786386964.166914 s6e1-b3663ea1:1 s7e1-ba8ac0a3:1 s8e1-a585f7d5:1
1786386964.180252 s6e1-b3663ea1:1 s7e1-ba8ac0a3:1 s8e1-a585f7d5:1
1786386964.201524 s6e1-b3663ea1:1 s7e1-ba8ac0a3:1 s8e1-a585f7d5:1
1786386964.222813 s6e1-b3663ea1:1 s7e1-ba8ac0a3:1 s8e1-a585f7d5:1
1786386964.244227 s6e1-b3663ea1:1 s7e1-ba8ac0a3:1 s8e1-a585f7d5:1
1786386964.265618 s6e1-b3663ea1:1 s7e1-ba8ac0a3:1 s8e1-a585f7d5:1
1786386964.287103 s6e1-b3663ea1:1 s7e1-ba8ac0a3:1 s8e1-a585f7d5:1
1786386964.308468 s6e1-b3663ea1:1 s7e1-ba8ac0a3:1 s8e1-a585f7d5:1
1786386964.329913 s6e1-b3663ea1:1 s7e1-ba8ac0a3:1 s8e1-a585f7d5:1
1786386964.351248 s6e1-b3663ea1:1 s7e1-ba8ac0a3:1 s8e1-a585f7d5:1
1786386964.372916 s6e1-b3663ea1:1 s7e1-ba8ac0a3:1 s8e1-a585f7d5:1 s1e1-bed9eef6:53E
1786386964.432355 s6e1-b3663ea1:1 s7e1-ba8ac0a3:1 s8e1-a585f7d5:1 s1e1-bed9eef6:1
1786386964.445706 s7e1-ba8ac0a3:1 s8e1-a585f7d5:1 s1e1-bed9eef6:1
1786386964.467225 s7e1-ba8ac0a3:1 s8e1-a585f7d5:1 s1e1-bed9eef6:1
1786386964.488587 s7e1-ba8ac0a3:1 s8e1-a585f7d5:1 s1e1-bed9eef6:1
1786386964.510952 s7e1-ba8ac0a3:1 s8e1-a585f7d5:1 s1e1-bed9eef6:1
1786386964.531396 s7e1-ba8ac0a3:1 s8e1-a585f7d5:1 s1e1-bed9eef6:1
1786386964.552842 s7e1-ba8ac0a3:1 s8e1-a585f7d5:1 s1e1-bed9eef6:1
1786386964.574427 s7e1-ba8ac0a3:1 s8e1-a585f7d5:1 s1e1-bed9eef6:1
1786386964.595853 s7e1-ba8ac0a3:1 s8e1-a585f7d5:1 s1e1-bed9eef6:1
1786386964.617318 s8e1-a585f7d5:1 s1e1-bed9eef6:1
1786386964.639171 s8e1-a585f7d5:1 s1e1-bed9eef6:1 s2e1-81cd9116:53E
1786386964.699317 s8e1-a585f7d5:1 s1e1-bed9eef6:1 s2e1-81cd9116:1
1786386964.711610 s8e1-a585f7d5:1 s1e1-bed9eef6:1 s2e1-81cd9116:1
1786386964.732790 s8e1-a585f7d5:1 s1e1-bed9eef6:1 s2e1-81cd9116:1
1786386964.754114 s8e1-a585f7d5:1 s1e1-bed9eef6:1 s2e1-81cd9116:1
1786386964.775440 s8e1-a585f7d5:1 s1e1-bed9eef6:1 s2e1-81cd9116:1
1786386964.796766 s8e1-a585f7d5:1 s1e1-bed9eef6:1 s2e1-81cd9116:1
1786386964.818306 s8e1-a585f7d5:1 s1e1-bed9eef6:1 s2e1-81cd9116:1 s3e1-a1dc71bb:53E
1786386964.876874 s8e1-a585f7d5:1 s1e1-bed9eef6:1 s2e1-81cd9116:1 s3e1-a1dc71bb:1
1786386964.890257 s8e1-a585f7d5:1 s1e1-bed9eef6:1 s2e1-81cd9116:1 s3e1-a1dc71bb:1
1786386964.911600 s8e1-a585f7d5:1 s1e1-bed9eef6:1 s2e1-81cd9116:1 s3e1-a1dc71bb:1
1786386964.933084 s1e1-bed9eef6:1 s2e1-81cd9116:1 s3e1-a1dc71bb:1
1786386964.954574 s1e1-bed9eef6:1 s2e1-81cd9116:1 s3e1-a1dc71bb:1
1786386964.976038 s1e1-bed9eef6:1 s2e1-81cd9116:1 s3e1-a1dc71bb:1
1786386964.997393 s1e1-bed9eef6:1 s2e1-81cd9116:1 s3e1-a1dc71bb:1
1786386965.018801 s1e1-bed9eef6:1 s2e1-81cd9116:1 s3e1-a1dc71bb:1
1786386965.040272 s1e1-bed9eef6:1 s2e1-81cd9116:1 s3e1-a1dc71bb:1
1786386965.061765 s1e1-bed9eef6:1 s2e1-81cd9116:1 s3e1-a1dc71bb:1
1786386965.083311 s1e1-bed9eef6:1 s2e1-81cd9116:1 s3e1-a1dc71bb:1
1786386965.105040 s1e1-bed9eef6:1 s2e1-81cd9116:1 s3e1-a1dc71bb:1 s4e1-92d49b6c:50E
1786386965.171564 s1e1-bed9eef6:1 s2e1-81cd9116:1 s3e1-a1dc71bb:1 s4e1-92d49b6c:1
1786386965.184768 s1e1-bed9eef6:1 s2e1-81cd9116:1 s3e1-a1dc71bb:1 s4e1-92d49b6c:1
1786386965.206178 s2e1-81cd9116:1 s3e1-a1dc71bb:1 s4e1-92d49b6c:1
1786386965.227669 s2e1-81cd9116:1 s3e1-a1dc71bb:1 s4e1-92d49b6c:1
1786386965.249143 s2e1-81cd9116:1 s3e1-a1dc71bb:1 s4e1-92d49b6c:1
1786386965.270497 s2e1-81cd9116:1 s3e1-a1dc71bb:1 s4e1-92d49b6c:1
1786386965.291952 s2e1-81cd9116:1 s3e1-a1dc71bb:1 s4e1-92d49b6c:1
1786386965.313535 s2e1-81cd9116:1 s3e1-a1dc71bb:1 s4e1-92d49b6c:1
1786386965.335272 s2e1-81cd9116:1 s3e1-a1dc71bb:1 s4e1-92d49b6c:1 s5e1-a47300ef:44E
1786386965.400140 s2e1-81cd9116:1 s3e1-a1dc71bb:1 s4e1-92d49b6c:1 s5e1-a47300ef:1
1786386965.413202 s2e1-81cd9116:1 s3e1-a1dc71bb:1 s4e1-92d49b6c:1 s5e1-a47300ef:1
1786386965.434430 s2e1-81cd9116:1 s3e1-a1dc71bb:1 s4e1-92d49b6c:1 s5e1-a47300ef:1
1786386965.455845 s2e1-81cd9116:1 s3e1-a1dc71bb:1 s4e1-92d49b6c:1 s5e1-a47300ef:1
1786386965.477288 s3e1-a1dc71bb:1 s4e1-92d49b6c:1 s5e1-a47300ef:1
1786386965.498630 s3e1-a1dc71bb:1 s4e1-92d49b6c:1 s5e1-a47300ef:1
1786386965.519976 s3e1-a1dc71bb:1 s4e1-92d49b6c:1 s5e1-a47300ef:1
1786386965.541255 s3e1-a1dc71bb:1 s4e1-92d49b6c:1 s5e1-a47300ef:1
1786386965.562896 s3e1-a1dc71bb:1 s4e1-92d49b6c:1 s5e1-a47300ef:1 s6e1-b3663ea1:37E
1786386965.628548 s3e1-a1dc71bb:1 s4e1-92d49b6c:1 s5e1-a47300ef:1 s6e1-b3663ea1:1
1786386965.641088 s3e1-a1dc71bb:1 s4e1-92d49b6c:1 s5e1-a47300ef:1 s6e1-b3663ea1:1
1786386965.662308 s4e1-92d49b6c:1 s5e1-a47300ef:1 s6e1-b3663ea1:1
1786386965.683711 s4e1-92d49b6c:1 s5e1-a47300ef:1 s6e1-b3663ea1:1
1786386965.705010 s4e1-92d49b6c:1 s5e1-a47300ef:1 s6e1-b3663ea1:1
1786386965.726404 s4e1-92d49b6c:1 s5e1-a47300ef:1 s6e1-b3663ea1:1
1786386965.747711 s4e1-92d49b6c:1 s5e1-a47300ef:1 s6e1-b3663ea1:1
1786386965.769131 s4e1-92d49b6c:1 s5e1-a47300ef:1 s6e1-b3663ea1:1
1786386965.790514 s4e1-92d49b6c:1 s5e1-a47300ef:1 s6e1-b3663ea1:1
1786386965.811916 s4e1-92d49b6c:1 s5e1-a47300ef:1 s6e1-b3663ea1:1
1786386965.833325 s4e1-92d49b6c:1 s5e1-a47300ef:1 s6e1-b3663ea1:1
1786386965.854981 s4e1-92d49b6c:1 s5e1-a47300ef:1 s6e1-b3663ea1:1 s7e1-ba8ac0a3:31E
1786386965.920394 s4e1-92d49b6c:1 s5e1-a47300ef:1 s6e1-b3663ea1:1 s7e1-ba8ac0a3:1
1786386965.933269 s4e1-92d49b6c:1 s5e1-a47300ef:1 s6e1-b3663ea1:1 s7e1-ba8ac0a3:1
1786386965.954396 s5e1-a47300ef:1 s6e1-b3663ea1:1 s7e1-ba8ac0a3:1
1786386965.975764 s5e1-a47300ef:1 s6e1-b3663ea1:1 s7e1-ba8ac0a3:1
1786386965.997083 s5e1-a47300ef:1 s6e1-b3663ea1:1 s7e1-ba8ac0a3:1
1786386966.018424 s5e1-a47300ef:1 s6e1-b3663ea1:1 s7e1-ba8ac0a3:1
1786386966.040039 s5e1-a47300ef:1 s6e1-b3663ea1:1 s7e1-ba8ac0a3:1 s8e1-a585f7d5:25E
1786386966.097544 s5e1-a47300ef:1 s6e1-b3663ea1:1 s7e1-ba8ac0a3:1 s8e1-a585f7d5:1
1786386966.117111 s5e1-a47300ef:1 s6e1-b3663ea1:1 s7e1-ba8ac0a3:1 s8e1-a585f7d5:1
1786386966.138371 s5e1-a47300ef:1 s6e1-b3663ea1:1 s7e1-ba8ac0a3:1 s8e1-a585f7d5:1
1786386966.159734 s5e1-a47300ef:1 s6e1-b3663ea1:1 s7e1-ba8ac0a3:1 s8e1-a585f7d5:1
1786386966.181197 s6e1-b3663ea1:1 s7e1-ba8ac0a3:1 s8e1-a585f7d5:1
1786386966.202516 s6e1-b3663ea1:1 s7e1-ba8ac0a3:1 s8e1-a585f7d5:1
1786386966.223825 s6e1-b3663ea1:1 s7e1-ba8ac0a3:1 s8e1-a585f7d5:1
1786386966.245158 s6e1-b3663ea1:1 s7e1-ba8ac0a3:1 s8e1-a585f7d5:1
1786386966.266667 s6e1-b3663ea1:1 s7e1-ba8ac0a3:1 s8e1-a585f7d5:1
1786386966.289057 s6e1-b3663ea1:1 s7e1-ba8ac0a3:1 s8e1-a585f7d5:1
1786386966.309835 s6e1-b3663ea1:1 s7e1-ba8ac0a3:1 s8e1-a585f7d5:1
1786386966.331394 s6e1-b3663ea1:1 s7e1-ba8ac0a3:1 s8e1-a585f7d5:1
1786386966.352975 s6e1-b3663ea1:1 s7e1-ba8ac0a3:1 s8e1-a585f7d5:1
1786386966.374455 s7e1-ba8ac0a3:1 s8e1-a585f7d5:1
1786386966.396079 s7e1-ba8ac0a3:1 s8e1-a585f7d5:1
1786386966.417019 s7e1-ba8ac0a3:1 s8e1-a585f7d5:1 s1e1-bed9eef6:19E
1786386966.472714 s7e1-ba8ac0a3:1 s8e1-a585f7d5:1 s1e1-bed9eef6:1
1786386966.493095 s7e1-ba8ac0a3:1 s8e1-a585f7d5:1 s1e1-bed9eef6:1
1786386966.514121 s7e1-ba8ac0a3:1 s8e1-a585f7d5:1 s1e1-bed9eef6:1
1786386966.535306 s7e1-ba8ac0a3:1 s8e1-a585f7d5:1 s1e1-bed9eef6:1
1786386966.556846 s7e1-ba8ac0a3:1 s8e1-a585f7d5:1 s1e1-bed9eef6:1 s2e1-81cd9116:12E
1786386966.614688 s7e1-ba8ac0a3:1 s8e1-a585f7d5:1 s1e1-bed9eef6:1 s2e1-81cd9116:1
1786386966.635202 s7e1-ba8ac0a3:1 s8e1-a585f7d5:1 s1e1-bed9eef6:1 s2e1-81cd9116:1
1786386966.656255 s7e1-ba8ac0a3:1 s8e1-a585f7d5:1 s1e1-bed9eef6:1 s2e1-81cd9116:1
1786386966.677444 s7e1-ba8ac0a3:1 s8e1-a585f7d5:1 s1e1-bed9eef6:1 s2e1-81cd9116:1
1786386966.698789 s8e1-a585f7d5:1 s1e1-bed9eef6:1 s2e1-81cd9116:1
1786386966.720319 s8e1-a585f7d5:1 s1e1-bed9eef6:1 s2e1-81cd9116:1
1786386966.741643 s8e1-a585f7d5:1 s1e1-bed9eef6:1 s2e1-81cd9116:1
1786386966.763001 s8e1-a585f7d5:1 s1e1-bed9eef6:1 s2e1-81cd9116:1
1786386966.784384 s8e1-a585f7d5:1 s1e1-bed9eef6:1 s2e1-81cd9116:1
1786386966.805830 s8e1-a585f7d5:1 s1e1-bed9eef6:1 s2e1-81cd9116:1
1786386966.827269 s8e1-a585f7d5:1 s1e1-bed9eef6:1 s2e1-81cd9116:1
1786386966.848606 s1e1-bed9eef6:1 s2e1-81cd9116:1
1786386966.870256 s1e1-bed9eef6:1 s2e1-81cd9116:1 s3e1-a1dc71bb:6E
1786386966.929622 s1e1-bed9eef6:1 s2e1-81cd9116:1 s3e1-a1dc71bb:1
1786386966.950339 s1e1-bed9eef6:1 s2e1-81cd9116:1 s3e1-a1dc71bb:1
1786386966.971405 s1e1-bed9eef6:1 s2e1-81cd9116:1 s3e1-a1dc71bb:1
1786386966.992359 s1e1-bed9eef6:1 s2e1-81cd9116:1 s3e1-a1dc71bb:1
1786386967.013533 s1e1-bed9eef6:1 s2e1-81cd9116:1 s3e1-a1dc71bb:1
1786386967.034883 s1e1-bed9eef6:1 s2e1-81cd9116:1 s3e1-a1dc71bb:1
1786386967.056076 s1e1-bed9eef6:1 s2e1-81cd9116:1 s3e1-a1dc71bb:1
1786386967.077360 s1e1-bed9eef6:1 s2e1-81cd9116:1 s3e1-a1dc71bb:1
1786386967.098802 s1e1-bed9eef6:1 s2e1-81cd9116:1 s3e1-a1dc71bb:1
1786386967.120027 s1e1-bed9eef6:1 s2e1-81cd9116:1 s3e1-a1dc71bb:1
1786386967.141243 s1e1-bed9eef6:1 s2e1-81cd9116:1 s3e1-a1dc71bb:1
1786386967.162504 s1e1-bed9eef6:1 s2e1-81cd9116:1 s3e1-a1dc71bb:1
1786386967.183795 s1e1-bed9eef6:1 s2e1-81cd9116:1 s3e1-a1dc71bb:1
1786386967.205149 s1e1-bed9eef6:1 s2e1-81cd9116:1 s3e1-a1dc71bb:1
1786386967.226387 s2e1-81cd9116:1 s3e1-a1dc71bb:1
1786386967.247728 s2e1-81cd9116:1 s3e1-a1dc71bb:1
1786386967.268371 s2e1-81cd9116:1 s3e1-a1dc71bb:1
1786386967.289046 s2e1-81cd9116:1 s3e1-a1dc71bb:1
1786386967.309783 s2e1-81cd9116:1 s3e1-a1dc71bb:1
1786386967.330360 s3e1-a1dc71bb:1
1786386967.351225 s3e1-a1dc71bb:1
1786386967.371617 s3e1-a1dc71bb:1
1786386967.391929 s3e1-a1dc71bb:1
