C 0.000 1786364588.393854
P 31.768 1000000000
F 31.792 1000000000 1
IQ 31.792 1000000000
IS 31.792 1000000000
IE 32.128 1000000000
IR 32.128 1000000000
IA 32.133 1000000000
T 32.487 1000000000 1 82 1
T 32.504 1000000000 2 82 1
T 32.523 1000000000 3 82 1
T 32.543 1000000000 4 82 1
T 32.562 1000000000 5 82 1
T 32.582 1000000000 6 82 1
T 32.601 1000000000 7 82 1
T 32.621 1000000000 8 82 1
T 32.640 1000000000 9 82 1
T 32.660 1000000000 10 82 1
T 32.680 1000000000 11 82 1
T 32.699 1000000000 12 82 1
T 32.719 1000000000 13 82 1
T 32.738 1000000000 14 82 1
T 32.757 1000000000 15 82 1
T 32.789 1000000000 16 82 1
T 32.796 1000000000 17 82 1
T 32.816 1000000000 18 82 1
T 32.836 1000000000 19 82 1
T 32.855 1000000000 20 82 1
T 32.875 1000000000 21 82 1
T 32.894 1000000000 22 82 1
T 32.914 1000000000 23 82 1
T 32.933 1000000000 24 82 1
T 32.953 1000000000 25 82 1
T 32.972 1000000000 26 82 1
T 32.992 1000000000 27 82 1
T 33.012 1000000000 28 82 1
T 33.031 1000000000 29 82 1
T 33.051 1000000000 30 82 1
T 33.070 1000000000 31 82 1
T 33.090 1000000000 32 82 1
T 33.110 1000000000 33 82 1
P 64.577 5
F 64.579 5 1
IQ 64.580 5
IS 64.580 5
F 64.826 6 1
P 64.826 6
IQ 64.827 6
IS 64.827 6
IE 64.887 5
IR 64.888 5
IA 64.890 5
T 65.021 5 1 43 1
T 65.039 5 2 43 1
T 65.059 5 3 43 1
P 65.279 7
T 65.282 5 14 43 1
F 65.286 7 1
IQ 65.286 7
IS 65.286 7
T 65.299 5 15 43 1
T 65.319 5 16 43 1
P 65.327 8
F 65.332 8 1
IQ 65.332 8
IS 65.334 8
T 65.339 5 17 43 1
T 65.358 5 18 43 1
T 65.378 5 19 43 1
T 65.398 5 20 43 1
IE 65.416 6
IR 65.417 6
IA 65.422 6
T 65.423 5 21 43 1
T 65.438 5 22 43 1
T 65.510 5 23 43 1
T 65.514 5 24 43 1
T 65.514 6 1 49 1
T 65.532 5 25 43 1
T 65.532 6 2 49 1
T 65.552 5 26 43 1
T 65.552 6 3 49 1
T 65.571 5 27 43 1
T 65.571 6 4 49 1
IE 65.573 7
IR 65.573 7
IA 65.574 7
P 65.578 1
F 65.580 1 1
IQ 65.580 1
IS 65.580 1
T 65.590 5 28 43 1
T 65.590 6 5 49 1
IE 65.676 8
IR 65.676 8
IA 65.677 8
T 65.684 5 29 43 1
T 65.684 6 6 49 1
T 65.739 5 30 43 1
T 65.739 6 7 49 1
T 65.739 7 1 55 1
T 65.748 5 31 43 1
T 65.748 6 8 49 1
T 65.748 7 2 55 1
T 65.748 8 1 62 1
T 65.767 5 32 43 1
T 65.767 6 9 49 1
T 65.767 7 3 55 1
T 65.767 8 2 62 1
T 65.789 5 33 43 1
T 65.789 6 10 49 1
T 65.789 7 4 55 1
T 65.789 8 3 62 1
T 65.807 6 11 49 1
T 65.807 7 5 55 1
T 65.807 8 4 62 1
T 65.827 6 12 49 1
T 65.827 7 6 55 1
T 65.827 8 5 62 1
P 65.828 2
F 65.829 2 1
IQ 65.829 2
IS 65.829 2
T 65.845 6 13 49 1
T 65.845 7 7 55 1
T 65.845 8 6 62 1
T 65.865 6 14 49 1
T 65.865 7 8 55 1
T 65.865 8 7 62 1
T 65.884 6 15 49 1
T 65.885 7 9 55 1
T 65.885 8 8 62 1
IE 65.896 1
IR 65.896 1
IA 65.898 1
T 65.904 6 16 49 1
T 65.904 7 10 55 1
T 65.904 8 9 62 1
T 65.965 6 17 49 1
T 65.965 7 11 55 1
T 65.965 8 10 62 1
T 65.978 6 18 49 1
T 65.978 7 12 55 1
T 65.978 8 11 62 1
T 65.978 1 1 68 1
T 65.997 6 19 49 1
T 65.997 7 13 55 1
T 65.997 8 12 62 1
T 65.997 1 2 68 1
T 66.016 6 20 49 1
T 66.016 7 14 55 1
T 66.016 8 13 62 1
T 66.016 1 3 68 1
T 66.036 6 21 49 1
T 66.036 7 15 55 1
T 66.036 8 14 62 1
T 66.036 1 4 68 1
IE 66.047 2
IR 66.048 2
IA 66.049 2
T 66.055 6 22 49 1
T 66.056 7 16 55 1
T 66.056 8 15 62 1
T 66.056 1 5 68 1
P 66.081 3
F 66.083 3 1
IQ 66.084 3
IS 66.084 3
T 66.118 6 23 49 1
T 66.118 7 17 55 1
T 66.118 8 16 62 1
T 66.118 1 6 68 1
T 66.132 6 24 49 1
T 66.132 7 18 55 1
T 66.132 8 17 62 1
T 66.132 1 7 68 1
T 66.132 2 1 74 1
T 66.151 6 25 49 1
T 66.151 7 19 55 1
T 66.151 8 18 62 1
T 66.151 1 8 68 1
T 66.151 2 2 74 1
T 66.170 6 26 49 1
T 66.170 7 20 55 1
T 66.170 8 19 62 1
T 66.170 1 9 68 1
T 66.170 2 3 74 1
T 66.189 6 27 49 1
T 66.189 7 21 55 1
T 66.189 8 20 62 1
T 66.190 1 10 68 1
T 66.190 2 4 74 1
T 66.209 6 28 49 1
T 66.209 7 22 55 1
T 66.209 8 21 62 1
T 66.209 1 11 68 1
T 66.209 2 5 74 1
T 66.229 6 29 49 1
T 66.229 7 23 55 1
T 66.229 8 22 62 1
T 66.229 1 12 68 1
T 66.229 2 6 74 1
T 66.248 6 30 49 1
T 66.248 7 24 55 1
T 66.248 8 23 62 1
T 66.248 1 13 68 1
T 66.248 2 7 74 1
T 66.268 6 31 49 1
T 66.268 7 25 55 1
T 66.268 8 24 62 1
T 66.268 1 14 68 1
T 66.268 2 8 74 1
T 66.287 6 32 49 1
T 66.287 7 26 55 1
T 66.287 8 25 62 1
T 66.287 1 15 68 1
T 66.287 2 9 74 1
T 66.307 6 33 49 1
T 66.307 7 27 55 1
T 66.307 8 26 62 1
T 66.307 1 16 68 1
T 66.307 2 10 74 1
T 66.326 7 28 55 1
T 66.327 8 27 62 1
T 66.327 1 17 68 1
T 66.327 2 11 74 1
P 66.330 4
F 66.332 4 1
IQ 66.332 4
IS 66.333 4
IE 66.338 3
IR 66.339 3
IA 66.340 3
T 66.346 7 29 55 1
T 66.346 8 28 62 1
T 66.346 1 18 68 1
T 66.346 2 12 74 1
T 66.409 7 30 55 1
T 66.409 8 29 62 1
T 66.409 1 19 68 1
T 66.409 2 13 74 1
T 66.419 7 31 55 1
T 66.419 8 30 62 1
T 66.419 1 20 68 1
T 66.419 2 14 74 1
T 66.419 3 1 80 1
T 66.438 7 32 55 1
T 66.438 8 31 62 1
T 66.438 1 21 68 1
T 66.438 2 15 74 1
T 66.438 3 2 80 1
T 66.458 7 33 55 1
T 66.458 8 32 62 1
T 66.458 1 22 68 1
T 66.458 2 16 74 1
T 66.458 3 3 80 1
T 66.477 8 33 62 1
T 66.477 1 23 68 1
T 66.477 2 17 74 1
T 66.477 3 4 80 1
T 66.496 1 24 68 1
T 66.496 2 18 74 1
T 66.496 3 5 80 1
T 66.516 1 25 68 1
T 66.516 2 19 74 1
T 66.516 3 6 80 1
T 66.535 1 26 68 1
T 66.535 2 20 74 1
T 66.535 3 7 80 1
T 66.555 1 27 68 1
T 66.555 2 21 74 1
T 66.555 3 8 80 1
T 66.574 1 28 68 1
T 66.574 2 22 74 1
T 66.575 3 9 80 1
P 66.579 5
F 66.580 5 2
IQ 66.580 5
IS 66.581 5
T 66.595 1 29 68 1
T 66.595 2 23 74 1
T 66.595 3 10 80 1
IE 66.601 4
IR 66.601 4
IA 66.603 4
T 66.614 1 30 68 1
T 66.614 2 24 74 1
T 66.614 3 11 80 1
T 66.677 1 31 68 1
T 66.677 2 25 74 1
T 66.677 3 12 80 1
T 66.687 1 32 68 1
T 66.687 2 26 74 1
T 66.687 3 13 80 1
T 66.687 4 1 87 1
T 66.706 1 33 68 1
T 66.706 2 27 74 1
T 66.706 3 14 80 1
T 66.706 4 2 87 1
T 66.726 2 28 74 1
T 66.726 3 15 80 1
T 66.726 4 3 87 1
T 66.745 2 29 74 1
T 66.745 3 16 80 1
T 66.745 4 4 87 1
T 66.764 2 30 74 1
T 66.764 3 17 80 1
T 66.764 4 5 87 1
T 66.784 2 31 74 1
T 66.784 3 18 80 1
T 66.784 4 6 87 1
T 66.803 2 32 74 1
T 66.803 3 19 80 1
T 66.803 4 7 87 1
T 66.823 2 33 74 1
T 66.823 3 20 80 1
T 66.823 4 8 87 1
P 66.830 6
F 66.831 6 2
IQ 66.831 6
IS 66.832 6
T 66.842 3 21 80 1
T 66.843 4 9 87 1
T 66.862 3 22 80 1
T 66.862 4 10 87 1
T 66.881 3 23 80 1
T 66.881 4 11 87 1
T 66.901 3 24 80 1
T 66.901 4 12 87 1
IE 66.904 5
IR 66.905 5
IA 66.906 5
T 66.921 3 25 80 1
T 66.921 4 13 87 1
T 66.977 3 26 80 1
T 66.977 4 14 87 1
T 66.979 3 27 80 1
T 66.979 4 15 87 1
T 66.979 5 34 96 2
T 66.998 3 28 80 1
T 66.998 4 16 87 1
T 66.998 5 35 96 2
T 67.018 3 29 80 1
T 67.018 4 17 87 1
T 67.018 5 36 96 2
T 67.038 3 30 80 1
T 67.038 4 18 87 1
T 67.038 5 37 96 2
T 67.057 3 31 80 1
T 67.057 4 19 87 1
T 67.057 5 38 96 2
T 67.077 3 32 80 1
T 67.077 4 20 87 1
T 67.077 5 39 96 2
P 67.081 7
F 67.081 7 2
IQ 67.082 7
IS 67.082 7
T 67.096 3 33 80 1
T 67.097 4 21 87 1
T 67.097 5 40 96 2
T 67.116 4 22 87 1
T 67.116 5 41 96 2
T 67.135 4 23 87 1
T 67.135 5 42 96 2
IE 67.136 6
IR 67.136 6
IA 67.138 6
T 67.155 4 24 87 1
T 67.155 5 43 96 2
T 67.211 4 25 87 1
T 67.211 5 44 96 2
T 67.213 4 26 87 1
T 67.213 5 45 96 2
T 67.213 6 34 102 2
T 67.232 4 27 87 1
T 67.232 5 46 96 2
T 67.232 6 35 102 2
T 67.252 4 28 87 1
T 67.252 5 47 96 2
T 67.252 6 36 102 2
T 67.272 4 29 87 1
T 67.272 5 48 96 2
T 67.272 6 37 102 2
T 67.291 4 30 87 1
T 67.291 5 49 96 2
T 67.291 6 38 102 2
T 67.311 4 31 87 1
T 67.311 5 50 96 2
T 67.311 6 39 102 2
T 67.330 4 32 87 1
T 67.330 5 51 96 2
T 67.331 6 40 102 2
P 67.332 8
F 67.332 8 2
IQ 67.332 8
IS 67.333 8
IE 67.339 7
IR 67.339 7
IA 67.341 7
T 67.350 4 33 87 1
T 67.351 5 52 96 2
T 67.351 6 41 102 2
T 67.406 5 53 96 2
T 67.406 6 42 102 2
T 67.408 5 54 96 2
T 67.409 6 43 102 2
T 67.409 7 34 108 2
T 67.428 5 55 96 2
T 67.428 6 44 102 2
T 67.428 7 35 108 2
T 67.447 5 56 96 2
T 67.447 6 45 102 2
T 67.447 7 36 108 2
T 67.467 5 57 96 2
T 67.467 6 46 102 2
T 67.467 7 37 108 2
T 67.486 5 58 96 2
T 67.486 6 47 102 2
T 67.486 7 38 108 2
T 67.505 5 59 96 2
T 67.506 6 48 102 2
T 67.506 7 39 108 2
T 67.525 5 60 96 2
T 67.525 6 49 102 2
T 67.525 7 40 108 2
T 67.545 5 61 96 2
T 67.545 6 50 102 2
T 67.545 7 41 108 2
T 67.564 5 62 96 2
T 67.564 6 51 102 2
T 67.564 7 42 108 2
P 67.583 1
F 67.584 1 2
IQ 67.584 1
T 67.585 5 63 96 2
IS 67.585 1
T 67.585 6 52 102 2
T 67.586 7 43 108 2
T 67.603 5 64 96 2
T 67.603 6 53 102 2
T 67.603 7 44 108 2
T 67.623 5 65 96 2
T 67.623 6 54 102 2
T 67.623 7 45 108 2
T 67.643 5 66 96 2
T 67.643 6 55 102 2
T 67.643 7 46 108 2
IE 67.657 8
IR 67.657 8
IA 67.659 8
T 67.663 6 56 102 2
T 67.663 7 47 108 2
T 67.718 6 57 102 2
T 67.718 7 48 108 2
T 67.719 6 58 102 2
T 67.719 7 49 108 2
T 67.719 8 34 115 2
T 67.739 6 59 102 2
T 67.739 7 50 108 2
T 67.739 8 35 115 2
T 67.758 6 60 102 2
T 67.758 7 51 108 2
T 67.758 8 36 115 2
T 67.778 6 61 102 2
T 67.778 7 52 108 2
T 67.778 8 37 115 2
T 67.798 6 62 102 2
T 67.798 7 53 108 2
T 67.798 8 38 115 2
T 67.817 6 63 102 2
T 67.817 7 54 108 2
T 67.817 8 39 115 2
P 67.834 2
F 67.835 2 2
IQ 67.835 2
IS 67.836 2
T 67.837 6 64 102 2
T 67.838 7 55 108 2
T 67.838 8 40 115 2
T 67.856 6 65 102 2
T 67.856 7 56 108 2
T 67.857 8 41 115 2
T 67.876 6 66 102 2
T 67.876 7 57 108 2
T 67.876 8 42 115 2
T 67.895 7 58 108 2
T 67.895 8 43 115 2
IE 67.912 1
IR 67.912 1
IA 67.914 1
T 67.915 7 59 108 2
T 67.915 8 44 115 2
T 67.935 7 60 108 2
T 67.935 8 45 115 2
T 67.990 7 61 108 2
T 67.990 8 46 115 2
T 67.992 7 62 108 2
T 67.992 8 47 115 2
T 67.993 1 34 121 2
T 68.012 7 63 108 2
T 68.012 8 48 115 2
T 68.012 1 35 121 2
T 68.031 7 64 108 2
T 68.031 8 49 115 2
T 68.031 1 36 121 2
T 68.051 7 65 108 2
T 68.051 8 50 115 2
T 68.051 1 37 121 2
T 68.070 7 66 108 2
T 68.070 8 51 115 2
T 68.071 1 38 121 2
P 68.086 3
F 68.087 3 2
IQ 68.087 3
IS 68.087 3
T 68.090 8 52 115 2
T 68.090 1 39 121 2
IE 68.101 2
IR 68.101 2
IA 68.103 2
T 68.110 8 53 115 2
T 68.110 1 40 121 2
T 68.166 8 54 115 2
T 68.166 1 41 121 2
T 68.168 8 55 115 2
T 68.168 1 42 121 2
T 68.168 2 34 127 2
T 68.187 8 56 115 2
T 68.187 1 43 121 2
T 68.187 2 35 127 2
T 68.206 8 57 115 2
T 68.206 1 44 121 2
T 68.206 2 36 127 2
T 68.226 8 58 115 2
T 68.226 1 45 121 2
T 68.226 2 37 127 2
T 68.245 8 59 115 2
T 68.245 1 46 121 2
T 68.245 2 38 127 2
T 68.265 8 60 115 2
T 68.265 1 47 121 2
T 68.265 2 39 127 2
T 68.284 8 61 115 2
T 68.285 1 48 121 2
T 68.285 2 40 127 2
T 68.304 8 62 115 2
T 68.304 1 49 121 2
T 68.304 2 41 127 2
T 68.324 8 63 115 2
T 68.324 1 50 121 2
T 68.324 2 42 127 2
P 68.335 4
F 68.335 4 2
IQ 68.336 4
IS 68.336 4
T 68.344 8 64 115 2
T 68.344 1 51 121 2
T 68.344 2 43 127 2
T 68.363 8 65 115 2
T 68.363 1 52 121 2
T 68.363 2 44 127 2
T 68.383 8 66 115 2
T 68.383 1 53 121 2
T 68.383 2 45 127 2
T 68.402 1 54 121 2
T 68.403 2 46 127 2
IE 68.404 3
IR 68.404 3
IA 68.406 3
T 68.422 1 55 121 2
T 68.422 2 47 127 2
T 68.477 1 56 121 2
T 68.477 2 48 127 2
T 68.479 1 57 121 2
T 68.479 2 49 127 2
T 68.479 3 34 133 2
T 68.499 1 58 121 2
T 68.499 2 50 127 2
T 68.499 3 35 133 2
T 68.518 1 59 121 2
T 68.518 2 51 127 2
T 68.518 3 36 133 2
T 68.538 1 60 121 2
T 68.538 2 52 127 2
T 68.538 3 37 133 2
T 68.557 1 61 121 2
T 68.557 2 53 127 2
T 68.557 3 38 133 2
T 68.577 1 62 121 2
T 68.577 2 54 127 2
T 68.577 3 39 133 2
P 68.585 5
F 68.586 5 3
IQ 68.586 5
IS 68.586 5
T 68.596 1 63 121 2
T 68.596 2 55 127 2
T 68.597 3 40 133 2
T 68.616 1 64 121 2
T 68.616 2 56 127 2
T 68.616 3 41 133 2
IE 68.625 4
IR 68.626 4
IA 68.627 4
T 68.636 1 65 121 2
T 68.636 2 57 127 2
T 68.636 3 42 133 2
T 68.692 1 66 121 2
T 68.692 2 58 127 2
T 68.692 3 43 133 2
T 68.694 2 59 127 2
T 68.694 3 44 133 2
T 68.694 4 34 140 2
T 68.713 2 60 127 2
T 68.713 3 45 133 2
T 68.713 4 35 140 2
T 68.733 2 61 127 2
T 68.733 3 46 133 2
T 68.733 4 36 140 2
T 68.752 2 62 127 2
T 68.752 3 47 133 2
T 68.752 4 37 140 2
T 68.772 2 63 127 2
T 68.772 3 48 133 2
T 68.772 4 38 140 2
T 68.791 2 64 127 2
T 68.791 3 49 133 2
T 68.792 4 39 140 2
T 68.811 2 65 127 2
T 68.811 3 50 133 2
T 68.811 4 40 140 2
T 68.831 2 66 127 2
T 68.831 3 51 133 2
T 68.831 4 41 140 2
P 68.836 6
F 68.836 6 3
IQ 68.837 6
IS 68.837 6
T 68.850 3 52 133 2
T 68.850 4 42 140 2
T 68.870 3 53 133 2
T 68.870 4 43 140 2
IE 68.871 5
IR 68.871 5
IA 68.872 5
T 68.890 3 54 133 2
T 68.890 4 44 140 2
T 68.945 3 55 133 2
T 68.945 4 45 140 2
T 68.948 3 56 133 2
T 68.948 4 46 140 2
T 68.948 5 67 149 3
T 68.966 3 57 133 2
T 68.966 4 47 140 2
T 68.967 5 68 149 3
T 68.986 3 58 133 2
T 68.986 4 48 140 2
T 68.986 5 69 149 3
T 69.005 3 59 133 2
T 69.006 4 49 140 2
T 69.006 5 70 149 3
T 69.025 3 60 133 2
T 69.025 4 50 140 2
T 69.025 5 71 149 3
T 69.045 3 61 133 2
T 69.045 4 51 140 2
T 69.045 5 72 149 3
T 69.064 3 62 133 2
T 69.064 4 52 140 2
T 69.064 5 73 149 3
T 69.084 3 63 133 2
T 69.084 4 53 140 2
T 69.084 5 74 149 3
P 69.086 7
F 69.087 7 3
IQ 69.087 7
IS 69.087 7
T 69.103 3 64 133 2
T 69.103 4 54 140 2
T 69.103 5 75 149 3
T 69.123 3 65 133 2
T 69.123 4 55 140 2
T 69.123 5 76 149 3
IE 69.128 6
IR 69.128 6
IA 69.130 6
T 69.143 3 66 133 2
T 69.143 4 56 140 2
T 69.143 5 77 149 3
T 69.198 4 57 140 2
T 69.198 5 78 149 3
T 69.200 4 58 140 2
T 69.200 5 79 149 3
T 69.200 6 67 155 3
T 69.220 4 59 140 2
T 69.220 5 80 149 3
T 69.220 6 68 155 3
T 69.239 4 60 140 2
T 69.239 5 81 149 3
T 69.239 6 69 155 3
T 69.259 4 61 140 2
T 69.259 5 82 149 3
T 69.259 6 70 155 3
T 69.278 4 62 140 2
T 69.278 5 83 149 3
T 69.278 6 71 155 3
T 69.298 4 63 140 2
T 69.298 5 84 149 3
T 69.298 6 72 155 3
T 69.317 4 64 140 2
T 69.317 5 85 149 3
T 69.317 6 73 155 3
IE 69.330 7
IR 69.331 7
IA 69.332 7
T 69.338 4 65 140 2
T 69.338 5 86 149 3
T 69.338 6 74 155 3
P 69.338 8
F 69.339 8 3
IQ 69.339 8
IS 69.339 8
T 69.394 4 66 140 2
T 69.394 5 87 149 3
T 69.394 6 75 155 3
T 69.396 5 88 149 3
T 69.396 6 76 155 3
T 69.396 7 67 161 3
T 69.415 5 89 149 3
T 69.415 6 77 155 3
T 69.415 7 68 161 3
T 69.435 5 90 149 3
T 69.435 6 78 155 3
T 69.435 7 69 161 3
T 69.455 5 91 149 3
T 69.455 6 79 155 3
T 69.455 7 70 161 3
T 69.474 5 92 149 3
T 69.474 6 80 155 3
T 69.474 7 71 161 3
T 69.494 5 93 149 3
T 69.494 6 81 155 3
T 69.494 7 72 161 3
T 69.513 5 94 149 3
T 69.513 6 82 155 3
T 69.513 7 73 161 3
T 69.533 5 95 149 3
T 69.533 6 83 155 3
T 69.533 7 74 161 3
T 69.552 5 96 149 3
T 69.552 6 84 155 3
T 69.552 7 75 161 3
IE 69.567 8
IR 69.567 8
IA 69.568 8
T 69.573 5 97 149 3
T 69.573 6 85 155 3
T 69.573 7 76 161 3
P 69.586 1
F 69.586 1 3
IQ 69.587 1
IS 69.587 1
T 69.629 5 98 149 3
T 69.629 6 86 155 3
T 69.629 7 77 161 3
T 69.631 5 99 149 3
T 69.631 6 87 155 3
T 69.631 7 78 161 3
T 69.631 8 67 168 3
T 69.650 6 88 155 3
T 69.650 7 79 161 3
T 69.650 8 68 168 3
T 69.670 6 89 155 3
T 69.670 7 80 161 3
T 69.670 8 69 168 3
T 69.690 6 90 155 3
T 69.690 7 81 161 3
T 69.690 8 70 168 3
T 69.709 6 91 155 3
T 69.709 7 82 161 3
T 69.709 8 71 168 3
T 69.729 6 92 155 3
T 69.729 7 83 161 3
T 69.729 8 72 168 3
T 69.749 6 93 155 3
T 69.749 7 84 161 3
T 69.749 8 73 168 3
T 69.768 6 94 155 3
T 69.768 7 85 161 3
T 69.768 8 74 168 3
T 69.788 6 95 155 3
T 69.788 7 86 161 3
T 69.788 8 75 168 3
T 69.807 6 96 155 3
T 69.807 7 87 161 3
T 69.807 8 76 168 3
T 69.827 6 97 155 3
T 69.827 7 88 161 3
T 69.827 8 77 168 3
P 69.837 2
F 69.838 2 3
IQ 69.838 2
IS 69.839 2
T 69.847 6 98 155 3
T 69.847 7 89 161 3
T 69.847 8 78 168 3
T 69.866 6 99 155 3
T 69.866 7 90 161 3
T 69.866 8 79 168 3
IE 69.870 1
IR 69.871 1
IA 69.872 1
T 69.886 7 91 161 3
T 69.886 8 80 168 3
T 69.941 7 92 161 3
T 69.941 8 81 168 3
T 69.943 7 93 161 3
T 69.943 8 82 168 3
T 69.943 1 67 174 3
T 69.962 7 94 161 3
T 69.962 8 83 168 3
T 69.962 1 68 174 3
T 69.982 7 95 161 3
T 69.982 8 84 168 3
T 69.982 1 69 174 3
T 70.001 7 96 161 3
T 70.001 8 85 168 3
T 70.002 1 70 174 3
T 70.021 7 97 161 3
T 70.021 8 86 168 3
T 70.021 1 71 174 3
T 70.040 7 98 161 3
T 70.040 8 87 168 3
T 70.041 1 72 174 3
T 70.060 7 99 161 3
T 70.060 8 88 168 3
T 70.060 1 73 174 3
IE 70.076 2
IR 70.076 2
IA 70.077 2
T 70.079 8 89 168 3
T 70.080 1 74 174 3
P 70.087 3
F 70.088 3 3
IQ 70.088 3
IS 70.088 3
T 70.104 8 90 168 3
T 70.104 1 75 174 3
T 70.155 8 91 168 3
T 70.155 1 76 174 3
T 70.157 8 92 168 3
T 70.157 1 77 174 3
T 70.157 2 67 180 3
T 70.177 8 93 168 3
T 70.177 1 78 174 3
T 70.177 2 68 180 3
T 70.196 8 94 168 3
T 70.196 1 79 174 3
T 70.197 2 69 180 3
T 70.216 8 95 168 3
T 70.216 1 80 174 3
T 70.216 2 70 180 3
T 70.235 8 96 168 3
T 70.236 1 81 174 3
T 70.236 2 71 180 3
T 70.255 8 97 168 3
T 70.255 1 82 174 3
T 70.255 2 72 180 3
T 70.274 8 98 168 3
T 70.275 1 83 174 3
T 70.275 2 73 180 3
T 70.294 8 99 168 3
T 70.294 1 84 174 3
T 70.294 2 74 180 3
T 70.313 1 85 174 3
T 70.313 2 75 180 3
T 70.333 1 86 174 3
T 70.333 2 76 180 3
P 70.340 4
F 70.340 4 3
IQ 70.341 4
IS 70.341 4
T 70.353 1 87 174 3
T 70.353 2 77 180 3
T 70.372 1 88 174 3
T 70.372 2 78 180 3
T 70.391 1 89 174 3
T 70.391 2 79 180 3
T 70.411 1 90 174 3
T 70.411 2 80 180 3
IE 70.429 3
IR 70.441 3
IA 70.443 3
T 70.444 1 91 174 3
T 70.444 2 81 180 3
T 70.450 1 92 174 3
T 70.450 2 82 180 3
T 70.506 1 93 174 3
T 70.506 2 83 180 3
T 70.508 1 94 174 3
T 70.508 2 84 180 3
T 70.508 3 67 186 3
T 70.527 1 95 174 3
T 70.527 2 85 180 3
T 70.527 3 68 186 3
T 70.547 1 96 174 3
T 70.547 2 86 180 3
T 70.547 3 69 186 3
T 70.566 1 97 174 3
T 70.566 2 87 180 3
T 70.566 3 70 186 3
T 70.586 1 98 174 3
T 70.586 2 88 180 3
T 70.586 3 71 186 3
P 70.588 5
F 70.589 5 4
IQ 70.589 5
IS 70.590 5
T 70.605 1 99 174 3
T 70.606 2 89 180 3
T 70.606 3 72 186 3
IE 70.608 4
IR 70.609 4
IA 70.610 4
T 70.625 2 90 180 3
T 70.625 3 73 186 3
T 70.680 2 91 180 3
T 70.680 3 74 186 3
T 70.682 2 92 180 3
T 70.682 3 75 186 3
T 70.682 4 67 193 3
T 70.702 2 93 180 3
T 70.702 3 76 186 3
T 70.702 4 68 193 3
T 70.721 2 94 180 3
T 70.721 3 77 186 3
T 70.721 4 69 193 3
T 70.741 2 95 180 3
T 70.741 3 78 186 3
T 70.741 4 70 193 3
T 70.760 2 96 180 3
T 70.761 3 79 186 3
T 70.761 4 71 193 3
T 70.780 2 97 180 3
T 70.780 3 80 186 3
T 70.780 4 72 193 3
T 70.800 2 98 180 3
T 70.800 3 81 186 3
T 70.800 4 73 193 3
T 70.819 2 99 180 3
T 70.819 3 82 186 3
T 70.819 4 74 193 3
T 70.839 3 83 186 3
T 70.839 4 75 193 3
P 70.840 6
F 70.840 6 4
IQ 70.841 6
IS 70.841 6
T 70.858 3 84 186 3
T 70.859 4 76 193 3
IE 70.861 5
IR 70.862 5
IA 70.863 5
T 70.879 3 85 186 3
T 70.879 4 77 193 3
T 70.934 3 86 186 3
T 70.934 4 78 193 3
T 70.936 3 87 186 3
T 70.936 4 79 193 3
T 70.937 5 100 202 4
T 70.956 3 88 186 3
T 70.956 4 80 193 3
T 70.956 5 101 202 4
T 70.975 3 89 186 3
T 70.975 4 81 193 3
T 70.976 5 102 202 4
T 70.995 3 90 186 3
T 70.995 4 82 193 3
T 70.995 5 103 202 4
T 71.014 3 91 186 3
T 71.015 4 83 193 3
T 71.015 5 104 202 4
T 71.034 3 92 186 3
T 71.034 4 84 193 3
T 71.034 5 105 202 4
T 71.054 3 93 186 3
T 71.054 4 85 193 3
T 71.054 5 106 202 4
T 71.073 3 94 186 3
T 71.073 4 86 193 3
T 71.074 5 107 202 4
P 71.090 7
F 71.090 7 4
IQ 71.091 7
IS 71.091 7
T 71.093 3 95 186 3
T 71.093 4 87 193 3
T 71.093 5 108 202 4
T 71.113 3 96 186 3
T 71.113 4 88 193 3
T 71.113 5 109 202 4
T 71.132 3 97 186 3
T 71.132 4 89 193 3
T 71.133 5 110 202 4
IE 71.149 6
IR 71.150 6
IA 71.151 6
T 71.153 3 98 186 3
T 71.153 4 90 193 3
T 71.153 5 111 202 4
T 71.172 3 99 186 3
T 71.172 4 91 193 3
T 71.172 5 112 202 4
T 71.227 4 92 193 3
T 71.227 5 113 202 4
T 71.229 4 93 193 3
T 71.229 5 114 202 4
T 71.229 6 100 208 4
T 71.248 4 94 193 3
T 71.248 5 115 202 4
T 71.248 6 101 208 4
T 71.268 4 95 193 3
T 71.268 5 116 202 4
T 71.268 6 102 208 4
T 71.288 4 96 193 3
T 71.288 5 117 202 4
T 71.288 6 103 208 4
T 71.307 4 97 193 3
T 71.307 5 118 202 4
T 71.307 6 104 208 4
T 71.327 4 98 193 3
T 71.327 5 119 202 4
T 71.327 6 105 208 4
P 71.340 8
F 71.340 8 4
IQ 71.341 8
IS 71.341 8
T 71.347 4 99 193 3
T 71.347 5 120 202 4
T 71.347 6 106 208 4
T 71.366 5 121 202 4
T 71.366 6 107 208 4
IE 71.377 7
IR 71.377 7
IA 71.379 7
T 71.386 5 122 202 4
T 71.386 6 108 208 4
T 71.442 5 123 202 4
T 71.442 6 109 208 4
T 71.444 5 124 202 4
T 71.444 6 110 208 4
T 71.444 7 100 214 4
T 71.463 5 125 202 4
T 71.463 6 111 208 4
T 71.463 7 101 214 4
T 71.482 5 126 202 4
T 71.483 6 112 208 4
T 71.483 7 102 214 4
T 71.502 5 127 202 4
T 71.502 6 113 208 4
T 71.502 7 103 214 4
T 71.521 5 128 202 4
T 71.521 6 114 208 4
T 71.522 7 104 214 4
T 71.541 5 129 202 4
T 71.541 6 115 208 4
T 71.542 7 105 214 4
T 71.561 5 130 202 4
T 71.561 6 116 208 4
T 71.561 7 106 214 4
T 71.580 5 131 202 4
T 71.580 6 117 208 4
T 71.581 7 107 214 4
P 71.591 1
F 71.591 1 4
IQ 71.591 1
IS 71.592 1
T 71.600 5 132 202 4
T 71.600 6 118 208 4
T 71.600 7 108 214 4
IE 71.605 8
IR 71.606 8
IA 71.607 8
T 71.620 6 119 208 4
T 71.620 7 109 214 4
T 71.675 6 120 208 4
T 71.675 7 110 214 4
T 71.677 6 121 208 4
T 71.678 7 111 214 4
T 71.678 8 100 221 4
T 71.697 6 122 208 4
T 71.697 7 112 214 4
T 71.697 8 101 221 4
T 71.717 6 123 208 4
T 71.717 7 113 214 4
T 71.717 8 102 221 4
T 71.736 6 124 208 4
T 71.736 7 114 214 4
T 71.736 8 103 221 4
T 71.756 6 125 208 4
T 71.756 7 115 214 4
T 71.756 8 104 221 4
T 71.776 6 126 208 4
T 71.776 7 116 214 4
T 71.776 8 105 221 4
T 71.795 6 127 208 4
T 71.795 7 117 214 4
T 71.795 8 106 221 4
T 71.815 6 128 208 4
T 71.815 7 118 214 4
T 71.815 8 107 221 4
T 71.835 6 129 208 4
T 71.835 7 119 214 4
T 71.835 8 108 221 4
P 71.841 2
F 71.842 2 4
IQ 71.842 2
IS 71.842 2
T 71.855 6 130 208 4
T 71.855 7 120 214 4
T 71.855 8 109 221 4
T 71.874 6 131 208 4
T 71.874 7 121 214 4
T 71.874 8 110 221 4
T 71.894 6 132 208 4
T 71.894 7 122 214 4
T 71.894 8 111 221 4
T 71.914 7 123 214 4
T 71.914 8 112 221 4
IE 71.929 1
IR 71.940 1
IA 71.942 1
T 71.943 7 124 214 4
T 71.943 8 113 221 4
T 71.953 7 125 214 4
T 71.953 8 114 221 4
T 72.009 7 126 214 4
T 72.009 8 115 221 4
T 72.011 7 127 214 4
T 72.011 8 116 221 4
T 72.011 1 100 227 4
T 72.030 7 128 214 4
T 72.030 8 117 221 4
T 72.030 1 101 227 4
T 72.050 7 129 214 4
T 72.050 8 118 221 4
T 72.050 1 102 227 4
T 72.069 7 130 214 4
T 72.069 8 119 221 4
T 72.069 1 103 227 4
T 72.089 7 131 214 4
T 72.089 8 120 221 4
T 72.089 1 104 227 4
P 72.092 3
F 72.092 3 4
IQ 72.093 3
IS 72.093 3
T 72.109 7 132 214 4
T 72.110 8 121 221 4
T 72.110 1 105 227 4
IE 72.116 2
IR 72.117 2
IA 72.118 2
T 72.128 8 122 221 4
T 72.128 1 106 227 4
T 72.183 8 123 221 4
T 72.184 1 107 227 4
T 72.186 8 124 221 4
T 72.186 1 108 227 4
T 72.186 2 100 233 4
T 72.205 8 125 221 4
T 72.205 1 109 227 4
T 72.205 2 101 233 4
T 72.224 8 126 221 4
T 72.224 1 110 227 4
T 72.224 2 102 233 4
T 72.244 8 127 221 4
T 72.244 1 111 227 4
T 72.244 2 103 233 4
T 72.263 8 128 221 4
T 72.263 1 112 227 4
T 72.263 2 104 233 4
T 72.283 8 129 221 4
T 72.283 1 113 227 4
T 72.283 2 105 233 4
T 72.302 8 130 221 4
T 72.302 1 114 227 4
T 72.302 2 106 233 4
T 72.322 8 131 221 4
T 72.322 1 115 227 4
T 72.322 2 107 233 4
T 72.342 8 132 221 4
T 72.342 1 116 227 4
T 72.342 2 108 233 4
P 72.343 4
F 72.343 4 4
IQ 72.344 4
IS 72.344 4
T 72.361 1 117 227 4
T 72.361 2 109 233 4
T 72.381 1 118 227 4
T 72.381 2 110 233 4
T 72.400 1 119 227 4
T 72.401 2 111 233 4
IE 72.410 3
IR 72.410 3
IA 72.412 3
T 72.420 1 120 227 4
T 72.420 2 112 233 4
T 72.477 1 121 227 4
T 72.477 2 113 233 4
T 72.479 1 122 227 4
T 72.479 2 114 233 4
T 72.479 3 100 239 4
T 72.498 1 123 227 4
T 72.498 2 115 233 4
T 72.498 3 101 239 4
T 72.518 1 124 227 4
T 72.518 2 116 233 4
T 72.518 3 102 239 4
T 72.537 1 125 227 4
T 72.537 2 117 233 4
T 72.538 3 103 239 4
T 72.557 1 126 227 4
T 72.557 2 118 233 4
T 72.557 3 104 239 4
T 72.577 1 127 227 4
T 72.577 2 119 233 4
T 72.577 3 105 239 4
P 72.594 5
F 72.594 5 5
IQ 72.595 5
IS 72.595 5
T 72.597 1 128 227 4
T 72.597 2 120 233 4
T 72.597 3 106 239 4
T 72.616 1 129 227 4
T 72.617 2 121 233 4
T 72.617 3 107 239 4
IE 72.623 4
IR 72.623 4
IA 72.625 4
T 72.637 1 130 227 4
T 72.637 2 122 233 4
T 72.637 3 108 239 4
T 72.692 1 131 227 4
T 72.692 2 123 233 4
T 72.692 3 109 239 4
T 72.694 1 132 227 4
T 72.695 2 124 233 4
T 72.695 3 110 239 4
T 72.695 4 100 246 4
T 72.714 2 125 233 4
T 72.714 3 111 239 4
T 72.714 4 101 246 4
T 72.733 2 126 233 4
T 72.733 3 112 239 4
T 72.734 4 102 246 4
T 72.753 2 127 233 4
T 72.753 3 113 239 4
T 72.753 4 103 246 4
T 72.773 2 128 233 4
T 72.773 3 114 239 4
T 72.773 4 104 246 4
T 72.793 2 129 233 4
T 72.793 3 115 239 4
T 72.793 4 105 246 4
T 72.812 2 130 233 4
T 72.812 3 116 239 4
T 72.812 4 106 246 4
T 72.832 2 131 233 4
T 72.832 3 117 239 4
T 72.832 4 107 246 4
P 72.844 6
F 72.844 6 5
IQ 72.845 6
IS 72.845 6
T 72.852 2 132 233 4
T 72.852 3 118 239 4
T 72.852 4 108 246 4
IE 72.866 5
IR 72.866 5
IA 72.868 5
T 72.871 3 119 239 4
T 72.871 4 109 246 4
T 72.891 3 120 239 4
T 72.891 4 110 246 4
T 72.946 3 121 239 4
T 72.946 4 111 246 4
T 72.948 3 122 239 4
T 72.948 4 112 246 4
T 72.949 5 133 255 5
T 72.968 3 123 239 4
T 72.968 4 113 246 4
T 72.968 5 134 255 5
T 72.988 3 124 239 4
T 72.988 4 114 246 4
T 72.988 5 135 255 5
T 73.007 3 125 239 4
T 73.007 4 115 246 4
T 73.007 5 136 255 5
T 73.027 3 126 239 4
T 73.027 4 116 246 4
T 73.027 5 137 255 5
T 73.046 3 127 239 4
T 73.046 4 117 246 4
T 73.047 5 138 255 5
T 73.066 3 128 239 4
T 73.066 4 118 246 4
T 73.066 5 139 255 5
T 73.086 3 129 239 4
T 73.086 4 119 246 4
T 73.086 5 140 255 5
P 73.096 7
F 73.096 7 5
IQ 73.097 7
IS 73.097 7
T 73.105 3 130 239 4
T 73.106 4 120 246 4
T 73.106 5 141 255 5
T 73.125 3 131 239 4
T 73.125 4 121 246 4
T 73.125 5 142 255 5
T 73.145 3 132 239 4
T 73.145 4 122 246 4
T 73.145 5 143 255 5
IE 73.157 6
IR 73.158 6
IA 73.159 6
T 73.165 4 123 246 4
T 73.165 5 144 255 5
T 73.220 4 124 246 4
T 73.220 5 145 255 5
T 73.222 4 125 246 4
T 73.223 5 146 255 5
T 73.223 6 133 261 5
T 73.242 4 126 246 4
T 73.242 5 147 255 5
T 73.242 6 134 261 5
T 73.261 4 127 246 4
T 73.261 5 148 255 5
T 73.261 6 135 261 5
T 73.281 4 128 246 4
T 73.281 5 149 255 5
T 73.281 6 136 261 5
T 73.301 4 129 246 4
T 73.301 5 150 255 5
T 73.301 6 137 261 5
T 73.320 4 130 246 4
T 73.320 5 151 255 5
T 73.320 6 138 261 5
T 73.340 4 131 246 4
T 73.340 5 152 255 5
T 73.340 6 139 261 5
P 73.347 8
F 73.348 8 5
IQ 73.348 8
IS 73.348 8
T 73.360 4 132 246 4
T 73.360 5 153 255 5
T 73.360 6 140 261 5
T 73.379 5 154 255 5
T 73.379 6 141 261 5
IE 73.389 7
IR 73.389 7
IA 73.391 7
T 73.399 5 155 255 5
T 73.399 6 142 261 5
T 73.455 5 156 255 5
T 73.455 6 143 261 5
T 73.458 5 157 255 5
T 73.458 6 144 261 5
T 73.458 7 133 267 5
T 73.477 5 158 255 5
T 73.477 6 145 261 5
T 73.477 7 134 267 5
T 73.497 5 159 255 5
T 73.497 6 146 261 5
T 73.497 7 135 267 5
T 73.516 5 160 255 5
T 73.517 6 147 261 5
T 73.517 7 136 267 5
T 73.536 5 161 255 5
T 73.536 6 148 261 5
T 73.536 7 137 267 5
T 73.556 5 162 255 5
T 73.556 6 149 261 5
T 73.556 7 138 267 5
T 73.576 5 163 255 5
T 73.576 6 150 261 5
T 73.576 7 139 267 5
IE 73.578 8
IR 73.579 8
IA 73.580 8
T 73.596 5 164 255 5
T 73.596 6 151 261 5
T 73.596 7 140 267 5
P 73.596 1
F 73.597 1 5
IQ 73.597 1
IS 73.597 1
T 73.652 5 165 255 5
T 73.652 6 152 261 5
T 73.653 7 141 267 5
T 73.654 6 153 261 5
T 73.654 7 142 267 5
T 73.655 8 133 274 5
T 73.674 6 154 261 5
T 73.674 7 143 267 5
T 73.674 8 134 274 5
T 73.694 6 155 261 5
T 73.694 7 144 267 5
T 73.694 8 135 274 5
T 73.713 6 156 261 5
T 73.713 7 145 267 5
T 73.713 8 136 274 5
T 73.733 6 157 261 5
T 73.733 7 146 267 5
T 73.733 8 137 274 5
T 73.753 6 158 261 5
T 73.753 7 147 267 5
T 73.753 8 138 274 5
T 73.772 6 159 261 5
T 73.773 7 148 267 5
T 73.773 8 139 274 5
T 73.792 6 160 261 5
T 73.792 7 149 267 5
T 73.792 8 140 274 5
T 73.812 6 161 261 5
T 73.812 7 150 267 5
T 73.812 8 141 274 5
T 73.831 6 162 261 5
T 73.831 7 151 267 5
T 73.831 8 142 274 5
P 73.845 2
F 73.846 2 5
IQ 73.846 2
IS 73.846 2
T 73.852 6 163 261 5
T 73.852 7 152 267 5
T 73.852 8 143 274 5
T 73.871 6 164 261 5
T 73.871 7 153 267 5
T 73.871 8 144 274 5
IE 73.879 1
IR 73.891 1
IA 73.893 1
T 73.894 6 165 261 5
T 73.894 7 154 267 5
T 73.894 8 145 274 5
T 73.911 7 155 267 5
T 73.911 8 146 274 5
T 73.967 7 156 267 5
T 73.967 8 147 274 5
T 73.969 7 157 267 5
T 73.969 8 148 274 5
T 73.969 1 133 280 5
T 73.988 7 158 267 5
T 73.988 8 149 274 5
T 73.988 1 134 280 5
T 74.008 7 159 267 5
T 74.008 8 150 274 5
T 74.008 1 135 280 5
T 74.027 7 160 267 5
T 74.027 8 151 274 5
T 74.027 1 136 280 5
T 74.047 7 161 267 5
T 74.047 8 152 274 5
T 74.047 1 137 280 5
T 74.067 7 162 267 5
T 74.067 8 153 274 5
T 74.067 1 138 280 5
T 74.086 7 163 267 5
T 74.086 8 154 274 5
T 74.086 1 139 280 5
P 74.096 3
F 74.097 3 5
IQ 74.097 3
IS 74.097 3
T 74.106 7 164 267 5
T 74.107 8 155 274 5
T 74.107 1 140 280 5
IE 74.120 2
IR 74.121 2
IA 74.122 2
T 74.127 7 165 267 5
T 74.127 8 156 274 5
T 74.127 1 141 280 5
T 74.182 8 157 274 5
T 74.182 1 142 280 5
T 74.184 8 158 274 5
T 74.184 1 143 280 5
T 74.184 2 133 286 5
T 74.203 8 159 274 5
T 74.203 1 144 280 5
T 74.203 2 134 286 5
T 74.223 8 160 274 5
T 74.223 1 145 280 5
T 74.223 2 135 286 5
T 74.242 8 161 274 5
T 74.243 1 146 280 5
T 74.243 2 136 286 5
T 74.262 8 162 274 5
T 74.262 1 147 280 5
T 74.262 2 137 286 5
T 74.282 8 163 274 5
T 74.282 1 148 280 5
T 74.282 2 138 286 5
T 74.301 8 164 274 5
T 74.301 1 149 280 5
T 74.302 2 139 286 5
T 74.321 8 165 274 5
T 74.321 1 150 280 5
T 74.321 2 140 286 5
T 74.341 1 151 280 5
T 74.341 2 141 286 5
P 74.346 4
F 74.347 4 5
IQ 74.347 4
IS 74.347 4
T 74.360 1 152 280 5
T 74.360 2 142 286 5
T 74.380 1 153 280 5
T 74.380 2 143 286 5
T 74.399 1 154 280 5
T 74.400 2 144 286 5
IE 74.402 3
IR 74.403 3
IA 74.404 3
T 74.419 1 155 280 5
T 74.419 2 145 286 5
T 74.475 1 156 280 5
T 74.475 2 146 286 5
T 74.477 1 157 280 5
T 74.477 2 147 286 5
T 74.477 3 133 292 5
T 74.497 1 158 280 5
T 74.497 2 148 286 5
T 74.497 3 134 292 5
T 74.517 1 159 280 5
T 74.517 2 149 286 5
T 74.517 3 135 292 5
T 74.537 1 160 280 5
T 74.537 2 150 286 5
T 74.537 3 136 292 5
T 74.556 1 161 280 5
T 74.556 2 151 286 5
T 74.556 3 137 292 5
T 74.576 1 162 280 5
T 74.576 2 152 286 5
T 74.576 3 138 292 5
T 74.596 1 163 280 5
T 74.596 2 153 286 5
T 74.596 3 139 292 5
P 74.597 5
F 74.597 5 6
IQ 74.597 5
IS 74.598 5
T 74.615 1 164 280 5
T 74.615 2 154 286 5
T 74.616 3 140 292 5
T 74.635 1 165 280 5
T 74.635 2 155 286 5
T 74.635 3 141 292 5
IE 74.645 4
IR 74.645 4
IA 74.647 4
T 74.655 2 156 286 5
T 74.655 3 142 292 5
T 74.711 2 157 286 5
T 74.711 3 143 292 5
T 74.713 2 158 286 5
T 74.713 3 144 292 5
T 74.713 4 133 299 5
T 74.733 2 159 286 5
T 74.733 3 145 292 5
T 74.733 4 134 299 5
T 74.753 2 160 286 5
T 74.753 3 146 292 5
T 74.753 4 135 299 5
T 74.772 2 161 286 5
T 74.772 3 147 292 5
T 74.772 4 136 299 5
T 74.792 2 162 286 5
T 74.792 3 148 292 5
T 74.792 4 137 299 5
T 74.812 2 163 286 5
T 74.812 3 149 292 5
T 74.812 4 138 299 5
T 74.832 2 164 286 5
T 74.832 3 150 292 5
T 74.832 4 139 299 5
IE 74.835 5
IR 74.835 5
IA 74.836 5
P 74.848 6
F 74.849 6 6
IQ 74.849 6
IS 74.849 6
T 74.852 2 165 286 5
T 74.852 3 151 292 5
T 74.852 4 140 299 5
T 74.907 3 152 292 5
T 74.907 4 141 299 5
T 74.910 3 153 292 5
T 74.910 4 142 299 5
T 74.910 5 166 308 6
T 74.929 3 154 292 5
T 74.929 4 143 299 5
T 74.929 5 167 308 6
T 74.949 3 155 292 5
T 74.949 4 144 299 5
T 74.949 5 168 308 6
T 74.969 3 156 292 5
T 74.969 4 145 299 5
T 74.969 5 169 308 6
T 74.988 3 157 292 5
T 74.988 4 146 299 5
T 74.989 5 170 308 6
T 75.008 3 158 292 5
T 75.008 4 147 299 5
T 75.008 5 171 308 6
T 75.028 3 159 292 5
T 75.028 4 148 299 5
T 75.028 5 172 308 6
T 75.048 3 160 292 5
T 75.048 4 149 299 5
T 75.048 5 173 308 6
T 75.067 3 161 292 5
T 75.067 4 150 299 5
T 75.067 5 174 308 6
T 75.087 3 162 292 5
T 75.087 4 151 299 5
T 75.087 5 175 308 6
P 75.098 7
F 75.099 7 6
IQ 75.099 7
IS 75.099 7
T 75.107 3 163 292 5
T 75.107 4 152 299 5
T 75.107 5 176 308 6
T 75.127 3 164 292 5
T 75.127 4 153 299 5
T 75.127 5 177 308 6
IE 75.134 6
IR 75.134 6
IA 75.135 6
T 75.147 3 165 292 5
T 75.147 4 154 299 5
T 75.147 5 178 308 6
T 75.202 4 155 299 5
T 75.202 5 179 308 6
T 75.204 4 156 299 5
T 75.205 5 180 308 6
T 75.205 6 166 314 6
T 75.224 4 157 299 5
T 75.224 5 181 308 6
T 75.224 6 167 314 6
T 75.243 4 158 299 5
T 75.244 5 182 308 6
T 75.244 6 168 314 6
T 75.263 4 159 299 5
T 75.263 5 183 308 6
T 75.263 6 169 314 6
T 75.283 4 160 299 5
T 75.283 5 184 308 6
T 75.283 6 170 314 6
T 75.302 4 161 299 5
T 75.302 5 185 308 6
T 75.303 6 171 314 6
T 75.322 4 162 299 5
T 75.322 5 186 308 6
T 75.322 6 172 314 6
T 75.342 4 163 299 5
T 75.342 5 187 308 6
T 75.342 6 173 314 6
IE 75.344 7
IR 75.361 7
P 75.362 8
IA 75.363 7
F 75.364 8 6
IQ 75.364 8
IS 75.365 8
T 75.365 4 164 299 5
T 75.365 5 188 308 6
T 75.365 6 174 314 6
T 75.381 4 165 299 5
T 75.381 5 189 308 6
T 75.381 6 175 314 6
T 75.437 5 190 308 6
T 75.437 6 176 314 6
T 75.439 5 191 308 6
T 75.439 6 177 314 6
T 75.439 7 166 320 6
T 75.459 5 192 308 6
T 75.459 6 178 314 6
T 75.459 7 167 320 6
T 75.479 5 193 308 6
T 75.479 6 179 314 6
T 75.479 7 168 320 6
T 75.498 5 194 308 6
T 75.498 6 180 314 6
T 75.498 7 169 320 6
T 75.518 5 195 308 6
T 75.518 6 181 314 6
T 75.518 7 170 320 6
T 75.538 5 196 308 6
T 75.538 6 182 314 6
T 75.538 7 171 320 6
T 75.557 5 197 308 6
T 75.558 6 183 314 6
T 75.558 7 172 320 6
T 75.577 5 198 308 6
T 75.577 6 184 314 6
T 75.577 7 173 320 6
T 75.597 6 185 314 6
T 75.597 7 174 320 6
P 75.599 1
F 75.599 1 6
IQ 75.600 1
IS 75.600 1
T 75.616 6 186 314 6
T 75.616 7 175 320 6
T 75.636 6 187 314 6
T 75.636 7 176 320 6
IE 75.638 8
IR 75.639 8
IA 75.640 8
T 75.656 6 188 314 6
T 75.656 7 177 320 6
T 75.713 6 189 314 6
T 75.713 7 178 320 6
T 75.715 6 190 314 6
T 75.715 7 179 320 6
T 75.715 8 166 327 6
T 75.734 6 191 314 6
T 75.735 7 180 320 6
T 75.735 8 167 327 6
T 75.754 6 192 314 6
T 75.754 7 181 320 6
T 75.754 8 168 327 6
T 75.774 6 193 314 6
T 75.774 7 182 320 6
T 75.774 8 169 327 6
T 75.794 6 194 314 6
T 75.794 7 183 320 6
T 75.794 8 170 327 6
T 75.813 6 195 314 6
T 75.814 7 184 320 6
T 75.814 8 171 327 6
T 75.834 6 196 314 6
T 75.834 7 185 320 6
T 75.834 8 172 327 6
IE 75.843 1
IR 75.843 1
IA 75.844 1
P 75.850 2
F 75.850 2 6
IQ 75.850 2
IS 75.851 2
T 75.854 6 197 314 6
T 75.854 7 186 320 6
T 75.854 8 173 327 6
T 75.910 6 198 314 6
T 75.910 7 187 320 6
T 75.910 8 174 327 6
T 75.912 7 188 320 6
T 75.912 8 175 327 6
T 75.912 1 166 333 6
T 75.932 7 189 320 6
T 75.932 8 176 327 6
T 75.932 1 167 333 6
T 75.952 7 190 320 6
T 75.952 8 177 327 6
T 75.952 1 168 333 6
T 75.971 7 191 320 6
T 75.971 8 178 327 6
T 75.971 1 169 333 6
T 75.991 7 192 320 6
T 75.991 8 179 327 6
T 75.991 1 170 333 6
T 76.011 7 193 320 6
T 76.011 8 180 327 6
T 76.011 1 171 333 6
T 76.030 7 194 320 6
T 76.030 8 181 327 6
T 76.031 1 172 333 6
T 76.050 7 195 320 6
T 76.050 8 182 327 6
T 76.050 1 173 333 6
T 76.070 7 196 320 6
T 76.070 8 183 327 6
T 76.070 1 174 333 6
T 76.090 7 197 320 6
T 76.090 8 184 327 6
T 76.090 1 175 333 6
P 76.102 3
F 76.102 3 6
IQ 76.102 3
IS 76.103 3
T 76.110 7 198 320 6
T 76.110 8 185 327 6
T 76.110 1 176 333 6
T 76.129 8 186 327 6
T 76.129 1 177 333 6
T 76.149 8 187 327 6
T 76.149 1 178 333 6
T 76.168 8 188 327 6
T 76.168 1 179 333 6
IE 76.171 2
IR 76.171 2
IA 76.173 2
T 76.188 8 189 327 6
T 76.189 1 180 333 6
T 76.244 8 190 327 6
T 76.244 1 181 333 6
T 76.246 8 191 327 6
T 76.246 1 182 333 6
T 76.246 2 166 339 6
T 76.265 8 192 327 6
T 76.265 1 183 333 6
T 76.265 2 167 339 6
T 76.285 8 193 327 6
T 76.285 1 184 333 6
T 76.285 2 168 339 6
T 76.304 8 194 327 6
T 76.305 1 185 333 6
T 76.305 2 169 339 6
T 76.324 8 195 327 6
T 76.324 1 186 333 6
T 76.324 2 170 339 6
IE 76.340 3
IR 76.341 3
IA 76.342 3
T 76.344 8 196 327 6
T 76.344 1 187 333 6
T 76.344 2 171 339 6
P 76.352 4
F 76.353 4 6
IQ 76.353 4
IS 76.353 4
T 76.364 8 197 327 6
T 76.364 1 188 333 6
T 76.364 2 172 339 6
T 76.421 8 198 327 6
T 76.421 1 189 333 6
T 76.421 2 173 339 6
T 76.423 1 190 333 6
T 76.423 2 174 339 6
T 76.423 3 166 345 6
T 76.442 1 191 333 6
T 76.442 2 175 339 6
T 76.442 3 167 345 6
T 76.461 1 192 333 6
T 76.461 2 176 339 6
T 76.462 3 168 345 6
T 76.481 1 193 333 6
T 76.481 2 177 339 6
T 76.481 3 169 345 6
T 76.501 1 194 333 6
T 76.501 2 178 339 6
T 76.501 3 170 345 6
T 76.520 1 195 333 6
T 76.520 2 179 339 6
T 76.520 3 171 345 6
T 76.540 1 196 333 6
T 76.540 2 180 339 6
T 76.540 3 172 345 6
T 76.560 1 197 333 6
T 76.560 2 181 339 6
T 76.560 3 173 345 6
T 76.579 1 198 333 6
T 76.579 2 182 339 6
T 76.580 3 174 345 6
T 76.599 2 183 339 6
T 76.600 3 175 345 6
P 76.602 5
F 76.602 5 7
IQ 76.603 5
IS 76.603 5
IE 76.606 4
IR 76.606 4
IA 76.608 4
T 76.619 2 184 339 6
T 76.619 3 176 345 6
T 76.675 2 185 339 6
T 76.676 3 177 345 6
T 76.678 2 186 339 6
T 76.678 3 178 345 6
T 76.678 4 166 352 6
T 76.698 2 187 339 6
T 76.698 3 179 345 6
T 76.698 4 167 352 6
T 76.717 2 188 339 6
T 76.717 3 180 345 6
T 76.717 4 168 352 6
T 76.737 2 189 339 6
T 76.737 3 181 345 6
T 76.737 4 169 352 6
T 76.757 2 190 339 6
T 76.757 3 182 345 6
T 76.757 4 170 352 6
T 76.777 2 191 339 6
T 76.777 3 183 345 6
T 76.777 4 171 352 6
T 76.796 2 192 339 6
T 76.796 3 184 345 6
T 76.796 4 172 352 6
T 76.816 2 193 339 6
T 76.816 3 185 345 6
T 76.816 4 173 352 6
T 76.836 2 194 339 6
T 76.836 3 186 345 6
T 76.836 4 174 352 6
IE 76.837 5
IR 76.837 5
IA 76.839 5
P 76.853 6
F 76.853 6 7
IQ 76.854 6
IS 76.854 6
T 76.856 2 195 339 6
T 76.856 3 187 345 6
T 76.857 4 175 352 6
T 76.912 2 196 339 6
T 76.913 3 188 345 6
T 76.913 4 176 352 6
T 76.915 2 197 339 6
T 76.915 3 189 345 6
T 76.915 4 177 352 6
T 76.915 5 199 361 7
T 76.935 2 198 339 6
T 76.935 3 190 345 6
T 76.935 4 178 352 6
T 76.935 5 200 361 7
T 76.955 3 191 345 6
T 76.955 4 179 352 6
T 76.955 5 201 361 7
T 76.975 3 192 345 6
T 76.975 4 180 352 6
T 76.975 5 202 361 7
T 76.994 3 193 345 6
T 76.995 4 181 352 6
T 76.995 5 203 361 7
T 77.014 3 194 345 6
T 77.014 4 182 352 6
T 77.014 5 204 361 7
T 77.034 3 195 345 6
T 77.034 4 183 352 6
T 77.034 5 205 361 7
T 77.053 3 196 345 6
T 77.053 4 184 352 6
T 77.053 5 206 361 7
T 77.073 3 197 345 6
T 77.073 4 185 352 6
T 77.073 5 207 361 7
T 77.093 3 198 345 6
T 77.093 4 186 352 6
T 77.093 5 208 361 7
P 77.103 7
F 77.104 7 7
IQ 77.104 7
IS 77.104 7
T 77.113 4 187 352 6
T 77.113 5 209 361 7
T 77.132 4 188 352 6
T 77.132 5 210 361 7
T 77.152 4 189 352 6
T 77.152 5 211 361 7
IE 77.168 6
IR 77.169 6
IA 77.170 6
T 77.171 4 190 352 6
T 77.171 5 212 361 7
T 77.191 4 191 352 6
T 77.191 5 213 361 7
T 77.247 4 192 352 6
T 77.247 5 214 361 7
T 77.250 4 193 352 6
T 77.250 5 215 361 7
T 77.250 6 199 367 7
T 77.269 4 194 352 6
T 77.269 5 216 361 7
T 77.269 6 200 367 7
T 77.289 4 195 352 6
T 77.289 5 217 361 7
T 77.289 6 201 367 7
T 77.309 4 196 352 6
T 77.309 5 218 361 7
T 77.309 6 202 367 7
T 77.329 4 197 352 6
T 77.329 5 219 361 7
T 77.329 6 203 367 7
T 77.348 4 198 352 6
T 77.348 5 220 361 7
T 77.348 6 204 367 7
IE 77.352 7
IR 77.353 7
P 77.354 8
IA 77.355 7
F 77.355 8 7
IQ 77.355 8
IS 77.356 8
T 77.368 5 221 361 7
T 77.368 6 205 367 7
T 77.424 5 222 361 7
T 77.424 6 206 367 7
T 77.427 5 223 361 7
T 77.427 6 207 367 7
T 77.427 7 199 373 7
T 77.446 5 224 361 7
T 77.446 6 208 367 7
T 77.446 7 200 373 7
T 77.466 5 225 361 7
T 77.466 6 209 367 7
T 77.466 7 201 373 7
T 77.486 5 226 361 7
T 77.486 6 210 367 7
T 77.486 7 202 373 7
T 77.505 5 227 361 7
T 77.505 6 211 367 7
T 77.506 7 203 373 7
T 77.525 5 228 361 7
T 77.525 6 212 367 7
T 77.525 7 204 373 7
T 77.545 5 229 361 7
T 77.545 6 213 367 7
T 77.545 7 205 373 7
T 77.565 5 230 361 7
T 77.565 6 214 367 7
T 77.565 7 206 373 7
T 77.584 5 231 361 7
T 77.584 6 215 367 7
T 77.584 7 207 373 7
T 77.604 6 216 367 7
T 77.604 7 208 373 7
P 77.605 1
F 77.606 1 7
IQ 77.606 1
IS 77.606 1
T 77.624 6 217 367 7
T 77.624 7 209 373 7
T 77.644 6 218 367 7
T 77.644 7 210 373 7
IE 77.652 8
IR 77.652 8
IA 77.654 8
T 77.663 6 219 367 7
T 77.664 7 211 373 7
T 77.720 6 220 367 7
T 77.720 7 212 373 7
T 77.722 6 221 367 7
T 77.722 7 213 373 7
T 77.722 8 199 380 7
T 77.742 6 222 367 7
T 77.742 7 214 373 7
T 77.742 8 200 380 7
T 77.761 6 223 367 7
T 77.761 7 215 373 7
T 77.761 8 201 380 7
T 77.781 6 224 367 7
T 77.781 7 216 373 7
T 77.781 8 202 380 7
T 77.801 6 225 367 7
T 77.801 7 217 373 7
T 77.801 8 203 380 7
T 77.820 6 226 367 7
T 77.820 7 218 373 7
T 77.820 8 204 380 7
T 77.840 6 227 367 7
T 77.840 7 219 373 7
T 77.840 8 205 380 7
P 77.855 2
F 77.856 2 7
IQ 77.856 2
IS 77.856 2
T 77.860 6 228 367 7
T 77.860 7 220 373 7
T 77.860 8 206 380 7
IE 77.872 1
IR 77.872 1
IA 77.874 1
T 77.880 6 229 367 7
T 77.880 7 221 373 7
T 77.880 8 207 380 7
T 77.936 6 230 367 7
T 77.936 7 222 373 7
T 77.936 8 208 380 7
T 77.938 6 231 367 7
T 77.938 7 223 373 7
T 77.939 8 209 380 7
T 77.939 1 199 386 7
T 77.958 7 224 373 7
T 77.958 8 210 380 7
T 77.958 1 200 386 7
T 77.978 7 225 373 7
T 77.978 8 211 380 7
T 77.978 1 201 386 7
T 77.997 7 226 373 7
T 77.998 8 212 380 7
T 77.998 1 202 386 7
T 78.017 7 227 373 7
T 78.017 8 213 380 7
T 78.017 1 203 386 7
T 78.037 7 228 373 7
T 78.037 8 214 380 7
T 78.037 1 204 386 7
T 78.057 7 229 373 7
T 78.057 8 215 380 7
T 78.057 1 205 386 7
T 78.076 7 230 373 7
T 78.077 8 216 380 7
T 78.077 1 206 386 7
T 78.096 7 231 373 7
T 78.096 8 217 380 7
T 78.096 1 207 386 7
P 78.106 3
F 78.107 3 7
IQ 78.107 3
IS 78.108 3
IE 78.115 2
IR 78.115 2
IA 78.117 2
T 78.118 8 218 380 7
T 78.118 1 208 386 7
T 78.136 8 219 380 7
T 78.136 1 209 386 7
T 78.192 8 220 380 7
T 78.192 1 210 386 7
T 78.194 8 221 380 7
T 78.194 1 211 386 7
T 78.194 2 199 392 7
T 78.214 8 222 380 7
T 78.214 1 212 386 7
T 78.214 2 200 392 7
T 78.234 8 223 380 7
T 78.234 1 213 386 7
T 78.234 2 201 392 7
T 78.254 8 224 380 7
T 78.254 1 214 386 7
T 78.254 2 202 392 7
T 78.273 8 225 380 7
T 78.273 1 215 386 7
T 78.273 2 203 392 7
T 78.293 8 226 380 7
T 78.293 1 216 386 7
T 78.293 2 204 392 7
T 78.313 8 227 380 7
T 78.313 1 217 386 7
T 78.313 2 205 392 7
T 78.333 8 228 380 7
T 78.333 1 218 386 7
T 78.333 2 206 392 7
T 78.352 8 229 380 7
T 78.352 1 219 386 7
T 78.352 2 207 392 7
P 78.356 4
F 78.357 4 7
IQ 78.357 4
IS 78.358 4
T 78.372 8 230 380 7
T 78.372 1 220 386 7
T 78.372 2 208 392 7
IE 78.374 3
IR 78.374 3
IA 78.376 3
T 78.392 8 231 380 7
T 78.392 1 221 386 7
T 78.392 2 209 392 7
T 78.448 1 222 386 7
T 78.448 2 210 392 7
T 78.450 1 223 386 7
T 78.450 2 211 392 7
T 78.451 3 199 398 7
T 78.470 1 224 386 7
T 78.470 2 212 392 7
T 78.470 3 200 398 7
T 78.490 1 225 386 7
T 78.490 2 213 392 7
T 78.490 3 201 398 7
T 78.510 1 226 386 7
T 78.510 2 214 392 7
T 78.510 3 202 398 7
T 78.529 1 227 386 7
T 78.529 2 215 392 7
T 78.529 3 203 398 7
T 78.549 1 228 386 7
T 78.549 2 216 392 7
T 78.549 3 204 398 7
T 78.569 1 229 386 7
T 78.569 2 217 392 7
T 78.569 3 205 398 7
T 78.588 1 230 386 7
T 78.589 2 218 392 7
T 78.589 3 206 398 7
P 78.607 5
F 78.608 5 8
IQ 78.608 5
T 78.609 1 231 386 7
T 78.609 2 219 392 7
T 78.609 3 207 398 7
IS 78.609 5
T 78.628 2 220 392 7
T 78.628 3 208 398 7
T 78.648 2 221 392 7
T 78.648 3 209 398 7
IE 78.659 4
IR 78.670 4
IA 78.672 4
T 78.673 2 222 392 7
T 78.673 3 210 398 7
T 78.687 2 223 392 7
T 78.687 3 211 398 7
T 78.743 2 224 392 7
T 78.743 3 212 398 7
T 78.746 2 225 392 7
T 78.746 3 213 398 7
T 78.746 4 199 405 7
T 78.765 2 226 392 7
T 78.765 3 214 398 7
T 78.765 4 200 405 7
T 78.785 2 227 392 7
T 78.785 3 215 398 7
T 78.785 4 201 405 7
T 78.805 2 228 392 7
T 78.805 3 216 398 7
T 78.805 4 202 405 7
T 78.824 2 229 392 7
T 78.824 3 217 398 7
T 78.825 4 203 405 7
T 78.844 2 230 392 7
T 78.844 3 218 398 7
T 78.844 4 204 405 7
P 78.857 6
F 78.858 6 8
IQ 78.858 6
IS 78.858 6
T 78.864 2 231 392 7
T 78.864 3 219 398 7
T 78.864 4 205 405 7
T 78.884 3 220 398 7
T 78.884 4 206 405 7
T 78.903 3 221 398 7
T 78.903 4 207 405 7
T 78.923 3 222 398 7
T 78.923 4 208 405 7
T 78.943 3 223 398 7
T 78.943 4 209 405 7
IE 78.955 5
IR 78.955 5
IA 78.957 5
T 78.962 3 224 398 7
T 78.962 4 210 405 7
T 79.018 3 225 398 7
T 79.019 4 211 405 7
T 79.021 3 226 398 7
T 79.021 4 212 405 7
T 79.021 5 232 414 8
T 79.041 3 227 398 7
T 79.041 4 213 405 7
T 79.041 5 233 414 8
T 79.060 3 228 398 7
T 79.060 4 214 405 7
T 79.060 5 234 414 8
T 79.080 3 229 398 7
T 79.080 4 215 405 7
T 79.080 5 235 414 8
T 79.100 3 230 398 7
T 79.100 4 216 405 7
T 79.100 5 236 414 8
P 79.108 7
F 79.108 7 8
IQ 79.109 7
IS 79.109 7
T 79.120 3 231 398 7
T 79.120 4 217 405 7
T 79.120 5 237 414 8
T 79.139 4 218 405 7
T 79.139 5 238 414 8
T 79.159 4 219 405 7
T 79.159 5 239 414 8
IE 79.167 6
IR 79.167 6
IA 79.168 6
T 79.179 4 220 405 7
T 79.179 5 240 414 8
T 79.235 4 221 405 7
T 79.235 5 241 414 8
T 79.238 4 222 405 7
T 79.238 5 242 414 8
T 79.238 6 232 420 8
T 79.257 4 223 405 7
T 79.257 5 243 414 8
T 79.257 6 233 420 8
T 79.277 4 224 405 7
T 79.277 5 244 414 8
T 79.277 6 234 420 8
T 79.297 4 225 405 7
T 79.297 5 245 414 8
T 79.297 6 235 420 8
T 79.316 4 226 405 7
T 79.316 5 246 414 8
T 79.317 6 236 420 8
T 79.336 4 227 405 7
T 79.336 5 247 414 8
T 79.336 6 237 420 8
T 79.356 4 228 405 7
T 79.356 5 248 414 8
T 79.356 6 238 420 8
P 79.358 8
F 79.359 8 8
IQ 79.359 8
IS 79.360 8
T 79.376 4 229 405 7
T 79.376 5 249 414 8
T 79.376 6 239 420 8
IE 79.381 7
IR 79.381 7
IA 79.383 7
T 79.396 4 230 405 7
T 79.396 5 250 414 8
T 79.396 6 240 420 8
T 79.452 4 231 405 7
T 79.453 5 251 414 8
T 79.453 6 241 420 8
T 79.455 5 252 414 8
T 79.455 6 242 420 8
T 79.455 7 232 426 8
T 79.475 5 253 414 8
T 79.475 6 243 420 8
T 79.475 7 233 426 8
T 79.494 5 254 414 8
T 79.494 6 244 420 8
T 79.495 7 234 426 8
T 79.514 5 255 414 8
T 79.514 6 245 420 8
T 79.514 7 235 426 8
T 79.534 5 256 414 8
T 79.534 6 246 420 8
T 79.534 7 236 426 8
T 79.554 5 257 414 8
T 79.554 6 247 420 8
T 79.554 7 237 426 8
T 79.573 5 258 414 8
T 79.574 6 248 420 8
T 79.574 7 238 426 8
T 79.593 5 259 414 8
T 79.593 6 249 420 8
T 79.593 7 239 426 8
P 79.612 1
F 79.612 1 8
IQ 79.613 1
IS 79.613 1
T 79.614 5 260 414 8
T 79.615 6 250 420 8
T 79.615 7 240 426 8
T 79.633 5 261 414 8
T 79.633 6 251 420 8
T 79.633 7 241 426 8
IE 79.651 8
IR 79.652 8
IA 79.653 8
T 79.654 5 262 414 8
T 79.654 6 252 420 8
T 79.655 7 242 426 8
T 79.673 5 263 414 8
T 79.673 6 253 420 8
T 79.673 7 243 426 8
T 79.729 5 264 414 8
T 79.729 6 254 420 8
T 79.729 7 244 426 8
T 79.731 6 255 420 8
T 79.731 7 245 426 8
T 79.731 8 232 433 8
T 79.751 6 256 420 8
T 79.751 7 246 426 8
T 79.751 8 233 433 8
T 79.771 6 257 420 8
T 79.771 7 247 426 8
T 79.771 8 234 433 8
T 79.790 6 258 420 8
T 79.790 7 248 426 8
T 79.790 8 235 433 8
T 79.810 6 259 420 8
T 79.810 7 249 426 8
T 79.810 8 236 433 8
T 79.830 6 260 420 8
T 79.830 7 250 426 8
T 79.830 8 237 433 8
T 79.849 6 261 420 8
T 79.850 7 251 426 8
T 79.850 8 238 433 8
P 79.860 2
F 79.861 2 8
IQ 79.861 2
IS 79.862 2
T 79.870 6 262 420 8
T 79.870 7 252 426 8
T 79.870 8 239 433 8
T 79.889 6 263 420 8
T 79.889 7 253 426 8
T 79.889 8 240 433 8
T 79.909 6 264 420 8
T 79.909 7 254 426 8
T 79.909 8 241 433 8
T 79.928 7 255 426 8
T 79.929 8 242 433 8
IE 79.938 1
IR 79.938 1
IA 79.940 1
T 79.948 7 256 426 8
T 79.948 8 243 433 8
T 80.004 7 257 426 8
T 80.004 8 244 433 8
T 80.007 7 258 426 8
T 80.008 8 245 433 8
T 80.008 1 232 439 8
T 80.027 7 259 426 8
T 80.027 8 246 433 8
T 80.027 1 233 439 8
T 80.047 7 260 426 8
T 80.047 8 247 433 8
T 80.047 1 234 439 8
T 80.066 7 261 426 8
T 80.067 8 248 433 8
T 80.067 1 235 439 8
T 80.086 7 262 426 8
T 80.086 8 249 433 8
T 80.086 1 236 439 8
T 80.106 7 263 426 8
T 80.107 8 250 433 8
T 80.107 1 237 439 8
P 80.111 3
F 80.112 3 8
IQ 80.112 3
IS 80.112 3
IE 80.120 2
IR 80.120 2
IA 80.122 2
T 80.126 7 264 426 8
T 80.126 8 251 433 8
T 80.126 1 238 439 8
T 80.184 8 252 433 8
T 80.184 1 239 439 8
T 80.187 8 253 433 8
T 80.187 1 240 439 8
T 80.187 2 232 445 8
T 80.206 8 254 433 8
T 80.206 1 241 439 8
T 80.206 2 233 445 8
T 80.226 8 255 433 8
T 80.226 1 242 439 8
T 80.226 2 234 445 8
T 80.245 8 256 433 8
T 80.245 1 243 439 8
T 80.245 2 235 445 8
T 80.265 8 257 433 8
T 80.265 1 244 439 8
T 80.265 2 236 445 8
T 80.285 8 258 433 8
T 80.285 1 245 439 8
T 80.285 2 237 445 8
T 80.304 8 259 433 8
T 80.305 1 246 439 8
T 80.305 2 238 445 8
T 80.324 8 260 433 8
T 80.324 1 247 439 8
T 80.324 2 239 445 8
T 80.344 8 261 433 8
T 80.344 1 248 439 8
T 80.344 2 240 445 8
P 80.362 4
F 80.363 4 8
IQ 80.364 4
IS 80.365 4
T 80.365 8 262 433 8
T 80.366 1 249 439 8
T 80.366 2 241 445 8
T 80.384 8 263 433 8
T 80.384 1 250 439 8
T 80.384 2 242 445 8
T 80.403 8 264 433 8
T 80.403 1 251 439 8
T 80.403 2 243 445 8
IE 80.412 3
IR 80.413 3
IA 80.414 3
T 80.423 1 252 439 8
T 80.423 2 244 445 8
T 80.479 1 253 439 8
T 80.479 2 245 445 8
T 80.482 1 254 439 8
T 80.482 2 246 445 8
T 80.482 3 232 451 8
T 80.501 1 255 439 8
T 80.501 2 247 445 8
T 80.501 3 233 451 8
T 80.521 1 256 439 8
T 80.521 2 248 445 8
T 80.521 3 234 451 8
T 80.540 1 257 439 8
T 80.540 2 249 445 8
T 80.541 3 235 451 8
T 80.560 1 258 439 8
T 80.560 2 250 445 8
T 80.560 3 236 451 8
T 80.580 1 259 439 8
T 80.580 2 251 445 8
T 80.580 3 237 451 8
T 80.600 1 260 439 8
T 80.600 2 252 445 8
T 80.600 3 238 451 8
P 80.613 5
F 80.613 5 9
IQ 80.613 5
IS 80.614 5
T 80.620 1 261 439 8
T 80.620 2 253 445 8
T 80.620 3 239 451 8
T 80.639 1 262 439 8
T 80.639 2 254 445 8
T 80.639 3 240 451 8
T 80.659 1 263 439 8
T 80.659 2 255 445 8
T 80.659 3 241 451 8
T 80.679 1 264 439 8
T 80.679 2 256 445 8
T 80.679 3 242 451 8
IE 80.682 4
IR 80.682 4
IA 80.684 4
T 80.699 2 257 445 8
T 80.699 3 243 451 8
T 80.755 2 258 445 8
T 80.755 3 244 451 8
T 80.758 2 259 445 8
T 80.758 3 245 451 8
T 80.758 4 232 458 8
T 80.777 2 260 445 8
T 80.777 3 246 451 8
T 80.777 4 233 458 8
T 80.797 2 261 445 8
T 80.797 3 247 451 8
T 80.797 4 234 458 8
T 80.817 2 262 445 8
T 80.817 3 248 451 8
T 80.817 4 235 458 8
T 80.837 2 263 445 8
T 80.837 3 249 451 8
T 80.837 4 236 458 8
T 80.856 2 264 445 8
T 80.856 3 250 451 8
T 80.856 4 237 458 8
P 80.864 6
F 80.864 6 9
IQ 80.865 6
IS 80.865 6
T 80.876 3 251 451 8
T 80.876 4 238 458 8
IE 80.878 5
IR 80.879 5
IA 80.880 5
T 80.896 3 252 451 8
T 80.896 4 239 458 8
T 80.953 3 253 451 8
T 80.953 4 240 458 8
T 80.955 3 254 451 8
T 80.956 4 241 458 8
T 80.956 5 265 467 9
T 80.975 3 255 451 8
T 80.975 4 242 458 8
T 80.975 5 266 467 9
T 80.995 3 256 451 8
T 80.995 4 243 458 8
T 80.995 5 267 467 9
T 81.015 3 257 451 8
T 81.015 4 244 458 8
T 81.015 5 268 467 9
T 81.035 3 258 451 8
T 81.035 4 245 458 8
T 81.035 5 269 467 9
T 81.054 3 259 451 8
T 81.054 4 246 458 8
T 81.055 5 270 467 9
T 81.074 3 260 451 8
T 81.074 4 247 458 8
T 81.074 5 271 467 9
T 81.094 3 261 451 8
T 81.094 4 248 458 8
T 81.094 5 272 467 9
T 81.114 3 262 451 8
T 81.114 4 249 458 8
T 81.115 5 273 467 9
P 81.115 7
F 81.115 7 9
IQ 81.116 7
IS 81.116 7
T 81.134 3 263 451 8
T 81.134 4 250 458 8
T 81.134 5 274 467 9
IE 81.140 6
IR 81.141 6
IA 81.142 6
T 81.154 3 264 451 8
T 81.154 4 251 458 8
T 81.154 5 275 467 9
T 81.209 4 252 458 8
T 81.210 5 276 467 9
T 81.213 4 253 458 8
T 81.213 5 277 467 9
T 81.213 6 265 473 9
T 81.232 4 254 458 8
T 81.232 5 278 467 9
T 81.232 6 266 473 9
T 81.252 4 255 458 8
T 81.252 5 279 467 9
T 81.252 6 267 473 9
T 81.272 4 256 458 8
T 81.272 5 280 467 9
T 81.272 6 268 473 9
T 81.292 4 257 458 8
T 81.292 5 281 467 9
T 81.292 6 269 473 9
T 81.311 4 258 458 8
T 81.311 5 282 467 9
T 81.311 6 270 473 9
T 81.331 4 259 458 8
T 81.331 5 283 467 9
T 81.331 6 271 473 9
T 81.351 4 260 458 8
T 81.351 5 284 467 9
T 81.351 6 272 473 9
P 81.365 8
F 81.365 8 9
IQ 81.366 8
IS 81.366 8
T 81.371 4 261 458 8
T 81.371 5 285 467 9
T 81.371 6 273 473 9
T 81.391 4 262 458 8
T 81.391 5 286 467 9
T 81.391 6 274 473 9
IE 81.393 7
IR 81.393 7
IA 81.395 7
T 81.410 4 263 458 8
T 81.411 5 287 467 9
T 81.411 6 275 473 9
T 81.467 4 264 458 8
T 81.467 5 288 467 9
T 81.467 6 276 473 9
T 81.470 5 289 467 9
T 81.470 6 277 473 9
T 81.470 7 265 479 9
T 81.489 5 290 467 9
T 81.489 6 278 473 9
T 81.489 7 266 479 9
T 81.509 5 291 467 9
T 81.509 6 279 473 9
T 81.509 7 267 479 9
T 81.529 5 292 467 9
T 81.529 6 280 473 9
T 81.529 7 268 479 9
T 81.549 5 293 467 9
T 81.549 6 281 473 9
T 81.549 7 269 479 9
T 81.568 5 294 467 9
T 81.568 6 282 473 9
T 81.568 7 270 479 9
T 81.588 5 295 467 9
T 81.588 6 283 473 9
T 81.588 7 271 479 9
T 81.608 5 296 467 9
T 81.608 6 284 473 9
T 81.608 7 272 479 9
P 81.618 1
F 81.618 1 9
IQ 81.618 1
IS 81.619 1
T 81.627 5 297 467 9
T 81.628 6 285 473 9
T 81.628 7 273 479 9
T 81.647 6 286 473 9
T 81.647 7 274 479 9
T 81.667 6 287 473 9
T 81.667 7 275 479 9
IE 81.673 8
IR 81.673 8
IA 81.675 8
T 81.687 6 288 473 9
T 81.687 7 276 479 9
T 81.743 6 289 473 9
T 81.743 7 277 479 9
T 81.745 6 290 473 9
T 81.745 7 278 479 9
T 81.746 8 265 486 9
T 81.765 6 291 473 9
T 81.765 7 279 479 9
T 81.765 8 266 486 9
T 81.785 6 292 473 9
T 81.785 7 280 479 9
T 81.785 8 267 486 9
T 81.804 6 293 473 9
T 81.805 7 281 479 9
T 81.805 8 268 486 9
T 81.824 6 294 473 9
T 81.824 7 282 479 9
T 81.824 8 269 486 9
T 81.844 6 295 473 9
T 81.844 7 283 479 9
T 81.844 8 270 486 9
T 81.864 6 296 473 9
T 81.864 7 284 479 9
T 81.864 8 271 486 9
P 81.866 2
F 81.866 2 9
IQ 81.867 2
IS 81.867 2
T 81.884 6 297 473 9
T 81.884 7 285 479 9
T 81.884 8 272 486 9
IE 81.900 1
IR 81.900 1
IA 81.902 1
T 81.903 7 286 479 9
T 81.903 8 273 486 9
T 81.923 7 287 479 9
T 81.924 8 274 486 9
T 81.979 7 288 479 9
T 81.979 8 275 486 9
T 81.982 7 289 479 9
T 81.982 8 276 486 9
T 81.982 1 265 492 9
T 82.001 7 290 479 9
T 82.002 8 277 486 9
T 82.002 1 266 492 9
T 82.021 7 291 479 9
T 82.021 8 278 486 9
T 82.021 1 267 492 9
T 82.041 7 292 479 9
T 82.041 8 279 486 9
T 82.041 1 268 492 9
T 82.061 7 293 479 9
T 82.061 8 280 486 9
T 82.061 1 269 492 9
T 82.081 7 294 479 9
T 82.081 8 281 486 9
T 82.081 1 270 492 9
T 82.100 7 295 479 9
T 82.100 8 282 486 9
T 82.101 1 271 492 9
P 82.116 3
F 82.117 3 9
IQ 82.117 3
IS 82.118 3
T 82.121 7 296 479 9
T 82.121 8 283 486 9
T 82.121 1 272 492 9
T 82.141 7 297 479 9
T 82.141 8 284 486 9
T 82.141 1 273 492 9
IE 82.144 2
IR 82.144 2
IA 82.146 2
T 82.161 8 285 486 9
T 82.161 1 274 492 9
T 82.217 8 286 486 9
T 82.217 1 275 492 9
T 82.220 8 287 486 9
T 82.220 1 276 492 9
T 82.220 2 265 498 9
T 82.240 8 288 486 9
T 82.240 1 277 492 9
T 82.240 2 266 498 9
T 82.259 8 289 486 9
T 82.259 1 278 492 9
T 82.259 2 267 498 9
T 82.279 8 290 486 9
T 82.279 1 279 492 9
T 82.279 2 268 498 9
T 82.299 8 291 486 9
T 82.299 1 280 492 9
T 82.299 2 269 498 9
T 82.318 8 292 486 9
T 82.318 1 281 492 9
T 82.318 2 270 498 9
T 82.339 8 293 486 9
T 82.339 1 282 492 9
T 82.339 2 271 498 9
T 82.358 8 294 486 9
T 82.358 1 283 492 9
T 82.359 2 272 498 9
IE 82.361 3
IR 82.361 3
IA 82.363 3
P 82.366 4
F 82.367 4 9
IQ 82.367 4
IS 82.368 4
T 82.379 8 295 486 9
T 82.379 1 284 492 9
T 82.379 2 273 498 9
T 82.435 8 296 486 9
T 82.435 1 285 492 9
T 82.435 2 274 498 9
T 82.438 8 297 486 9
T 82.438 1 286 492 9
T 82.438 2 275 498 9
T 82.438 3 265 504 9
T 82.457 1 287 492 9
T 82.457 2 276 498 9
T 82.457 3 266 504 9
T 82.477 1 288 492 9
T 82.477 2 277 498 9
T 82.477 3 267 504 9
T 82.497 1 289 492 9
T 82.497 2 278 498 9
T 82.497 3 268 504 9
T 82.516 1 290 492 9
T 82.516 2 279 498 9
T 82.517 3 269 504 9
T 82.536 1 291 492 9
T 82.536 2 280 498 9
T 82.536 3 270 504 9
T 82.556 1 292 492 9
T 82.556 2 281 498 9
T 82.556 3 271 504 9
T 82.576 1 293 492 9
T 82.576 2 282 498 9
T 82.576 3 272 504 9
T 82.595 1 294 492 9
T 82.595 2 283 498 9
T 82.595 3 273 504 9
T 82.615 1 295 492 9
T 82.616 2 284 498 9
T 82.616 3 274 504 9
P 82.617 5
F 82.618 5 10
IQ 82.618 5
IS 82.618 5
IE 82.626 4
IR 82.638 4
IA 82.639 4
T 82.641 1 296 492 9
T 82.641 2 285 498 9
T 82.641 3 275 504 9
T 82.656 1 297 492 9
T 82.656 2 286 498 9
T 82.656 3 276 504 9
T 82.712 2 287 498 9
T 82.712 3 277 504 9
T 82.714 2 288 498 9
T 82.714 3 278 504 9
T 82.714 4 265 511 9
T 82.734 2 289 498 9
T 82.734 3 279 504 9
T 82.734 4 266 511 9
T 82.754 2 290 498 9
T 82.754 3 280 504 9
T 82.754 4 267 511 9
T 82.774 2 291 498 9
T 82.774 3 281 504 9
T 82.774 4 268 511 9
T 82.794 2 292 498 9
T 82.794 3 282 504 9
T 82.794 4 269 511 9
T 82.814 2 293 498 9
T 82.814 3 283 504 9
T 82.814 4 270 511 9
T 82.834 2 294 498 9
T 82.834 3 284 504 9
T 82.834 4 271 511 9
T 82.853 2 295 498 9
T 82.854 3 285 504 9
T 82.854 4 272 511 9
P 82.867 6
F 82.868 6 10
IQ 82.868 6
IS 82.869 6
T 82.874 2 296 498 9
T 82.874 3 286 504 9
T 82.874 4 273 511 9
T 82.894 2 297 498 9
T 82.894 3 287 504 9
T 82.894 4 274 511 9
IE 82.895 5
IR 82.895 5
IA 82.896 5
T 82.913 3 288 504 9
T 82.913 4 275 511 9
T 82.969 3 289 504 9
T 82.969 4 276 511 9
T 82.973 3 290 504 9
T 82.973 4 277 511 9
T 82.973 5 298 520 10
T 82.992 3 291 504 9
T 82.992 4 278 511 9
T 82.992 5 299 520 10
T 83.012 3 292 504 9
T 83.012 4 279 511 9
T 83.012 5 300 520 10
T 83.032 3 293 504 9
T 83.032 4 280 511 9
T 83.032 5 301 520 10
T 83.052 3 294 504 9
T 83.052 4 281 511 9
T 83.052 5 302 520 10
T 83.072 3 295 504 9
T 83.072 4 282 511 9
T 83.072 5 303 520 10
T 83.092 3 296 504 9
T 83.092 4 283 511 9
T 83.092 5 304 520 10
T 83.112 3 297 504 9
T 83.112 4 284 511 9
T 83.112 5 305 520 10
P 83.118 7
F 83.119 7 10
IQ 83.119 7
IS 83.119 7
T 83.132 4 285 511 9
T 83.132 5 306 520 10
T 83.151 4 286 511 9
T 83.151 5 307 520 10
IE 83.166 6
IR 83.166 6
IA 83.167 6
T 83.172 4 287 511 9
T 83.172 5 308 520 10
T 83.227 4 288 511 9
T 83.227 5 309 520 10
T 83.231 4 289 511 9
T 83.231 5 310 520 10
T 83.231 6 298 526 10
T 83.250 4 290 511 9
T 83.251 5 311 520 10
T 83.251 6 299 526 10
T 83.270 4 291 511 9
T 83.270 5 312 520 10
T 83.270 6 300 526 10
T 83.291 4 292 511 9
T 83.291 5 313 520 10
T 83.291 6 301 526 10
T 83.310 4 293 511 9
T 83.310 5 314 520 10
T 83.310 6 302 526 10
T 83.330 4 294 511 9
T 83.330 5 315 520 10
T 83.330 6 303 526 10
T 83.350 4 295 511 9
T 83.350 5 316 520 10
T 83.350 6 304 526 10
P 83.369 8
F 83.370 8 10
IQ 83.370 8
T 83.371 4 296 511 9
IS 83.371 8
T 83.371 5 317 520 10
T 83.372 6 305 526 10
T 83.390 4 297 511 9
T 83.390 5 318 520 10
T 83.390 6 306 526 10
T 83.410 5 319 520 10
T 83.410 6 307 526 10
T 83.430 5 320 520 10
T 83.430 6 308 526 10
IE 83.432 7
IR 83.433 7
IA 83.434 7
T 83.450 5 321 520 10
T 83.450 6 309 526 10
T 83.506 5 322 520 10
T 83.506 6 310 526 10
T 83.509 5 323 520 10
T 83.509 6 311 526 10
T 83.509 7 298 532 10
T 83.529 5 324 520 10
T 83.529 6 312 526 10
T 83.529 7 299 532 10
T 83.549 5 325 520 10
T 83.549 6 313 526 10
T 83.549 7 300 532 10
T 83.569 5 326 520 10
T 83.569 6 314 526 10
T 83.569 7 301 532 10
T 83.589 5 327 520 10
T 83.589 6 315 526 10
T 83.589 7 302 532 10
T 83.609 5 328 520 10
T 83.609 6 316 526 10
T 83.609 7 303 532 10
P 83.620 1
F 83.620 1 10
IQ 83.621 1
IS 83.621 1
T 83.629 5 329 520 10
T 83.629 6 317 526 10
T 83.629 7 304 532 10
T 83.649 5 330 520 10
T 83.649 6 318 526 10
T 83.649 7 305 532 10
T 83.669 6 319 526 10
T 83.669 7 306 532 10
IE 83.674 8
IR 83.674 8
IA 83.676 8
T 83.688 6 320 526 10
T 83.688 7 307 532 10
T 83.745 6 321 526 10
T 83.745 7 308 532 10
T 83.747 6 322 526 10
T 83.748 7 309 532 10
T 83.748 8 298 539 10
T 83.767 6 323 526 10
T 83.767 7 310 532 10
T 83.767 8 299 539 10
T 83.787 6 324 526 10
T 83.787 7 311 532 10
T 83.788 8 300 539 10
T 83.807 6 325 526 10
T 83.807 7 312 532 10
T 83.807 8 301 539 10
T 83.827 6 326 526 10
T 83.827 7 313 532 10
T 83.827 8 302 539 10
T 83.847 6 327 526 10
T 83.847 7 314 532 10
T 83.847 8 303 539 10
T 83.867 6 328 526 10
T 83.867 7 315 532 10
T 83.867 8 304 539 10
P 83.870 2
F 83.871 2 10
IQ 83.871 2
IS 83.871 2
T 83.887 6 329 526 10
T 83.887 7 316 532 10
T 83.887 8 305 539 10
T 83.907 6 330 526 10
T 83.907 7 317 532 10
T 83.907 8 306 539 10
T 83.926 7 318 532 10
T 83.926 8 307 539 10
IE 83.940 1
IR 83.941 1
IA 83.942 1
T 83.947 7 319 532 10
T 83.947 8 308 539 10
T 84.003 7 320 532 10
T 84.003 8 309 539 10
T 84.006 7 321 532 10
T 84.006 8 310 539 10
T 84.006 1 298 545 10
T 84.026 7 322 532 10
T 84.026 8 311 539 10
T 84.026 1 299 545 10
T 84.045 7 323 532 10
T 84.045 8 312 539 10
T 84.045 1 300 545 10
T 84.065 7 324 532 10
T 84.065 8 313 539 10
T 84.065 1 301 545 10
T 84.085 7 325 532 10
T 84.085 8 314 539 10
T 84.085 1 302 545 10
T 84.105 7 326 532 10
T 84.105 8 315 539 10
T 84.105 1 303 545 10
P 84.121 3
F 84.122 3 10
IQ 84.122 3
IS 84.122 3
T 84.125 7 327 532 10
T 84.125 8 316 539 10
T 84.125 1 304 545 10
T 84.145 7 328 532 10
T 84.145 8 317 539 10
T 84.145 1 305 545 10
T 84.165 7 329 532 10
T 84.165 8 318 539 10
T 84.165 1 306 545 10
IE 84.176 2
IR 84.176 2
IA 84.178 2
T 84.186 7 330 532 10
T 84.186 8 319 539 10
T 84.186 1 307 545 10
T 84.241 8 320 539 10
T 84.241 1 308 545 10
T 84.244 8 321 539 10
T 84.244 1 309 545 10
T 84.244 2 298 551 10
T 84.264 8 322 539 10
T 84.264 1 310 545 10
T 84.264 2 299 551 10
T 84.284 8 323 539 10
T 84.284 1 311 545 10
T 84.284 2 300 551 10
T 84.304 8 324 539 10
T 84.304 1 312 545 10
T 84.304 2 301 551 10
T 84.323 8 325 539 10
T 84.324 1 313 545 10
T 84.324 2 302 551 10
T 84.344 8 326 539 10
T 84.344 1 314 545 10
T 84.344 2 303 551 10
T 84.363 8 327 539 10
T 84.363 1 315 545 10
T 84.363 2 304 551 10
P 84.374 4
F 84.374 4 10
IQ 84.375 4
IS 84.375 4
T 84.383 8 328 539 10
T 84.384 1 316 545 10
T 84.384 2 305 551 10
T 84.404 8 329 539 10
T 84.404 1 317 545 10
T 84.404 2 306 551 10
T 84.424 8 330 539 10
T 84.424 1 318 545 10
T 84.424 2 307 551 10
IE 84.434 3
IR 84.435 3
IA 84.437 3
T 84.444 1 319 545 10
T 84.444 2 308 551 10
T 84.498 1 320 545 10
T 84.499 2 309 551 10
T 84.502 1 321 545 10
T 84.502 2 310 551 10
T 84.502 3 298 557 10
T 84.522 1 322 545 10
T 84.522 2 311 551 10
T 84.522 3 299 557 10
T 84.542 1 323 545 10
T 84.542 2 312 551 10
T 84.542 3 300 557 10
T 84.562 1 324 545 10
T 84.562 2 313 551 10
T 84.562 3 301 557 10
T 84.582 1 325 545 10
T 84.582 2 314 551 10
T 84.582 3 302 557 10
T 84.602 1 326 545 10
T 84.602 2 315 551 10
T 84.602 3 303 557 10
T 84.622 1 327 545 10
T 84.622 2 316 551 10
T 84.622 3 304 557 10
P 84.623 5
F 84.623 5 11
IQ 84.623 5
IS 84.624 5
T 84.642 1 328 545 10
T 84.642 2 317 551 10
T 84.642 3 305 557 10
T 84.662 1 329 545 10
T 84.662 2 318 551 10
T 84.662 3 306 557 10
T 84.682 1 330 545 10
T 84.682 2 319 551 10
T 84.682 3 307 557 10
T 84.701 2 320 551 10
T 84.702 3 308 557 10
IE 84.703 4
IR 84.704 4
IA 84.705 4
T 84.722 2 321 551 10
T 84.722 3 309 557 10
T 84.778 2 322 551 10
T 84.778 3 310 557 10
T 84.781 2 323 551 10
T 84.781 3 311 557 10
T 84.781 4 298 564 10
T 84.800 2 324 551 10
T 84.800 3 312 557 10
T 84.800 4 299 564 10
T 84.820 2 325 551 10
T 84.820 3 313 557 10
T 84.820 4 300 564 10
T 84.840 2 326 551 10
T 84.840 3 314 557 10
T 84.840 4 301 564 10
T 84.860 2 327 551 10
T 84.860 3 315 557 10
T 84.860 4 302 564 10
P 84.873 6
F 84.874 6 11
IQ 84.874 6
IS 84.875 6
T 84.880 2 328 551 10
T 84.880 3 316 557 10
T 84.880 4 303 564 10
T 84.900 2 329 551 10
T 84.900 3 317 557 10
T 84.900 4 304 564 10
T 84.920 2 330 551 10
T 84.920 3 318 557 10
T 84.920 4 305 564 10
T 84.939 3 319 557 10
T 84.939 4 306 564 10
IE 84.942 5
IR 84.942 5
IA 84.944 5
T 84.959 3 320 557 10
T 84.959 4 307 564 10
T 85.015 3 321 557 10
T 85.015 4 308 564 10
T 85.018 3 322 557 10
T 85.018 4 309 564 10
T 85.018 5 331 573 11
T 85.038 3 323 557 10
T 85.038 4 310 564 10
T 85.038 5 332 573 11
T 85.058 3 324 557 10
T 85.058 4 311 564 10
T 85.058 5 333 573 11
T 85.077 3 325 557 10
T 85.078 4 312 564 10
T 85.078 5 334 573 11
T 85.098 3 326 557 10
T 85.098 4 313 564 10
T 85.098 5 335 573 11
IE 85.107 6
IR 85.107 6
IA 85.109 6
T 85.118 3 327 557 10
T 85.118 4 314 564 10
T 85.118 5 336 573 11
P 85.124 7
F 85.124 7 11
IQ 85.124 7
IS 85.125 7
T 85.174 3 328 557 10
T 85.174 4 315 564 10
T 85.174 5 337 573 11
T 85.178 3 329 557 10
T 85.178 4 316 564 10
T 85.178 5 338 573 11
T 85.178 6 331 579 11
T 85.197 3 330 557 10
T 85.197 4 317 564 10
T 85.198 5 339 573 11
T 85.198 6 332 579 11
T 85.217 4 318 564 10
T 85.217 5 340 573 11
T 85.217 6 333 579 11
T 85.237 4 319 564 10
T 85.237 5 341 573 11
T 85.237 6 334 579 11
T 85.257 4 320 564 10
T 85.257 5 342 573 11
T 85.257 6 335 579 11
T 85.277 4 321 564 10
T 85.277 5 343 573 11
T 85.277 6 336 579 11
T 85.297 4 322 564 10
T 85.297 5 344 573 11
T 85.297 6 337 579 11
T 85.317 4 323 564 10
T 85.317 5 345 573 11
T 85.317 6 338 579 11
T 85.337 4 324 564 10
T 85.337 5 346 573 11
T 85.337 6 339 579 11
T 85.357 4 325 564 10
T 85.357 5 347 573 11
T 85.357 6 340 579 11
P 85.375 8
F 85.375 8 11
IQ 85.375 8
IS 85.376 8
T 85.377 4 326 564 10
T 85.378 5 348 573 11
T 85.378 6 341 579 11
T 85.397 4 327 564 10
T 85.397 5 349 573 11
T 85.397 6 342 579 11
T 85.417 4 328 564 10
T 85.417 5 350 573 11
T 85.417 6 343 579 11
T 85.437 4 329 564 10
T 85.437 5 351 573 11
T 85.437 6 344 579 11
IE 85.455 7
IR 85.456 7
IA 85.458 7
T 85.459 4 330 564 10
T 85.459 5 352 573 11
T 85.459 6 345 579 11
T 85.477 5 353 573 11
T 85.477 6 346 579 11
T 85.533 5 354 573 11
T 85.533 6 347 579 11
T 85.537 5 355 573 11
T 85.537 6 348 579 11
T 85.537 7 331 585 11
T 85.557 5 356 573 11
T 85.557 6 349 579 11
T 85.557 7 332 585 11
T 85.577 5 357 573 11
T 85.577 6 350 579 11
T 85.577 7 333 585 11
IE 85.586 8
IR 85.587 8
IA 85.588 8
T 85.597 5 358 573 11
T 85.597 6 351 579 11
T 85.597 7 334 585 11
P 85.625 1
F 85.625 1 11
IQ 85.625 1
IS 85.626 1
T 85.654 5 359 573 11
T 85.654 6 352 579 11
T 85.654 7 335 585 11
T 85.657 5 360 573 11
T 85.657 6 353 579 11
T 85.657 7 336 585 11
T 85.657 8 331 592 11
T 85.677 5 361 573 11
T 85.677 6 354 579 11
T 85.677 7 337 585 11
T 85.677 8 332 592 11
T 85.697 5 362 573 11
T 85.697 6 355 579 11
T 85.697 7 338 585 11
T 85.697 8 333 592 11
T 85.717 5 363 573 11
T 85.717 6 356 579 11
T 85.717 7 339 585 11
T 85.717 8 334 592 11
T 85.737 6 357 579 11
T 85.737 7 340 585 11
T 85.737 8 335 592 11
T 85.757 6 358 579 11
T 85.757 7 341 585 11
T 85.757 8 336 592 11
T 85.777 6 359 579 11
T 85.777 7 342 585 11
T 85.777 8 337 592 11
T 85.797 6 360 579 11
T 85.797 7 343 585 11
T 85.797 8 338 592 11
T 85.816 6 361 579 11
T 85.816 7 344 585 11
T 85.817 8 339 592 11
T 85.836 6 362 579 11
T 85.837 7 345 585 11
T 85.837 8 340 592 11
T 85.856 6 363 579 11
T 85.856 7 346 585 11
T 85.856 8 341 592 11
T 85.876 7 347 585 11
T 85.877 8 342 592 11
P 85.877 2
F 85.877 2 11
IQ 85.878 2
IS 85.878 2
T 85.896 7 348 585 11
T 85.896 8 343 592 11
IE 85.898 1
IR 85.899 1
IA 85.900 1
T 85.916 7 349 585 11
T 85.916 8 344 592 11
T 85.972 7 350 585 11
T 85.972 8 345 592 11
T 85.976 7 351 585 11
T 85.976 8 346 592 11
T 85.976 1 331 598 11
T 85.995 7 352 585 11
T 85.995 8 347 592 11
T 85.996 1 332 598 11
T 86.015 7 353 585 11
T 86.016 8 348 592 11
T 86.016 1 333 598 11
T 86.035 7 354 585 11
T 86.035 8 349 592 11
T 86.035 1 334 598 11
T 86.055 7 355 585 11
T 86.055 8 350 592 11
T 86.055 1 335 598 11
T 86.075 7 356 585 11
T 86.075 8 351 592 11
T 86.075 1 336 598 11
T 86.095 7 357 585 11
T 86.095 8 352 592 11
T 86.095 1 337 598 11
T 86.115 7 358 585 11
T 86.115 8 353 592 11
T 86.115 1 338 598 11
P 86.126 3
F 86.127 3 11
IQ 86.127 3
IS 86.127 3
T 86.135 7 359 585 11
T 86.136 8 354 592 11
T 86.136 1 339 598 11
IE 86.138 2
IR 86.139 2
IA 86.140 2
T 86.155 7 360 585 11
T 86.156 8 355 592 11
T 86.156 1 340 598 11
T 86.210 7 361 585 11
T 86.210 8 356 592 11
T 86.210 1 341 598 11
T 86.214 7 362 585 11
T 86.214 8 357 592 11
T 86.214 1 342 598 11
T 86.214 2 331 604 11
T 86.234 7 363 585 11
T 86.234 8 358 592 11
T 86.234 1 343 598 11
T 86.234 2 332 604 11
T 86.254 8 359 592 11
T 86.254 1 344 598 11
T 86.254 2 333 604 11
T 86.274 8 360 592 11
T 86.274 1 345 598 11
T 86.274 2 334 604 11
T 86.294 8 361 592 11
T 86.294 1 346 598 11
T 86.294 2 335 604 11
T 86.314 8 362 592 11
T 86.314 1 347 598 11
T 86.314 2 336 604 11
T 86.334 8 363 592 11
T 86.334 1 348 598 11
T 86.334 2 337 604 11
T 86.353 1 349 598 11
T 86.354 2 338 604 11
T 86.373 1 350 598 11
T 86.373 2 339 604 11
P 86.377 4
F 86.378 4 11
IQ 86.378 4
IS 86.378 4
T 86.393 1 351 598 11
T 86.393 2 340 604 11
T 86.413 1 352 598 11
T 86.413 2 341 604 11
T 86.432 1 353 598 11
T 86.432 2 342 604 11
T 86.452 1 354 598 11
T 86.452 2 343 604 11
IE 86.458 3
IR 86.458 3
IA 86.460 3
T 86.472 1 355 598 11
T 86.472 2 344 604 11
T 86.527 1 356 598 11
T 86.527 2 345 604 11
T 86.531 1 357 598 11
T 86.531 2 346 604 11
T 86.531 3 331 610 11
T 86.551 1 358 598 11
T 86.551 2 347 604 11
T 86.551 3 332 610 11
T 86.571 1 359 598 11
T 86.571 2 348 604 11
T 86.571 3 333 610 11
T 86.591 1 360 598 11
T 86.591 2 349 604 11
T 86.591 3 334 610 11
T 86.611 1 361 598 11
T 86.611 2 350 604 11
T 86.612 3 335 610 11
P 86.628 5
F 86.628 5 12
IQ 86.629 5
IS 86.629 5
T 86.632 1 362 598 11
T 86.632 2 351 604 11
T 86.632 3 336 610 11
T 86.652 1 363 598 11
T 86.652 2 352 604 11
T 86.652 3 337 610 11
IE 86.670 4
IR 86.670 4
IA 86.672 4
T 86.673 2 353 604 11
T 86.673 3 338 610 11
T 86.691 2 354 604 11
T 86.691 3 339 610 11
T 86.748 2 355 604 11
T 86.748 3 340 610 11
T 86.751 2 356 604 11
T 86.751 3 341 610 11
T 86.751 4 331 617 11
T 86.771 2 357 604 11
T 86.771 3 342 610 11
T 86.771 4 332 617 11
T 86.791 2 358 604 11
T 86.791 3 343 610 11
T 86.791 4 333 617 11
T 86.811 2 359 604 11
T 86.811 3 344 610 11
T 86.811 4 334 617 11
T 86.831 2 360 604 11
T 86.831 3 345 610 11
T 86.831 4 335 617 11
T 86.851 2 361 604 11
T 86.851 3 346 610 11
T 86.851 4 336 617 11
T 86.871 2 362 604 11
T 86.871 3 347 610 11
T 86.871 4 337 617 11
P 86.878 6
F 86.879 6 12
IQ 86.879 6
IS 86.880 6
T 86.891 2 363 604 11
T 86.892 3 348 610 11
T 86.892 4 338 617 11
T 86.911 3 349 610 11
T 86.911 4 339 617 11
T 86.930 3 350 610 11
T 86.930 4 340 617 11
IE 86.933 5
IR 86.941 5
IA 86.943 5
T 86.950 3 351 610 11
T 86.950 4 341 617 11
T 87.005 3 352 610 11
T 87.005 4 342 617 11
T 87.010 3 353 610 11
T 87.010 4 343 617 11
T 87.010 5 364 626 12
T 87.030 3 354 610 11
T 87.030 4 344 617 11
T 87.030 5 365 626 12
T 87.050 3 355 610 11
T 87.050 4 345 617 11
T 87.050 5 366 626 12
T 87.070 3 356 610 11
T 87.070 4 346 617 11
T 87.070 5 367 626 12
T 87.090 3 357 610 11
T 87.090 4 347 617 11
T 87.090 5 368 626 12
T 87.110 3 358 610 11
T 87.110 4 348 617 11
T 87.110 5 369 626 12
P 87.129 7
F 87.129 7 12
IQ 87.130 7
T 87.130 3 359 610 11
IS 87.130 7
T 87.131 4 349 617 11
T 87.131 5 370 626 12
T 87.150 3 360 610 11
T 87.150 4 350 617 11
T 87.150 5 371 626 12
T 87.169 3 361 610 11
T 87.169 4 351 617 11
T 87.170 5 372 626 12
IE 87.186 6
IR 87.186 6
IA 87.188 6
T 87.189 3 362 610 11
T 87.189 4 352 617 11
T 87.190 5 373 626 12
T 87.210 3 363 610 11
T 87.210 4 353 617 11
T 87.210 5 374 626 12
T 87.263 4 354 617 11
T 87.263 5 375 626 12
T 87.268 4 355 617 11
T 87.268 5 376 626 12
T 87.268 6 364 632 12
T 87.288 4 356 617 11
T 87.288 5 377 626 12
T 87.288 6 365 632 12
T 87.308 4 357 617 11
T 87.308 5 378 626 12
T 87.308 6 366 632 12
T 87.328 4 358 617 11
T 87.328 5 379 626 12
T 87.328 6 367 632 12
T 87.347 4 359 617 11
T 87.348 5 380 626 12
T 87.348 6 368 632 12
T 87.368 4 360 617 11
T 87.368 5 381 626 12
T 87.368 6 369 632 12
P 87.379 8
F 87.380 8 12
IQ 87.380 8
IS 87.380 8
T 87.388 4 361 617 11
T 87.388 5 382 626 12
T 87.388 6 370 632 12
T 87.408 4 362 617 11
T 87.408 5 383 626 12
T 87.408 6 371 632 12
T 87.428 4 363 617 11
T 87.428 5 384 626 12
T 87.428 6 372 632 12
T 87.447 5 385 626 12
T 87.447 6 373 632 12
IE 87.456 7
IR 87.456 7
IA 87.458 7
T 87.467 5 386 626 12
T 87.467 6 374 632 12
T 87.523 5 387 626 12
T 87.523 6 375 632 12
T 87.526 5 388 626 12
T 87.527 6 376 632 12
T 87.527 7 364 638 12
T 87.546 5 389 626 12
T 87.546 6 377 632 12
T 87.546 7 365 638 12
T 87.566 5 390 626 12
T 87.566 6 378 632 12
T 87.566 7 366 638 12
T 87.586 5 391 626 12
T 87.587 6 379 632 12
T 87.587 7 367 638 12
T 87.607 5 392 626 12
T 87.607 6 380 632 12
T 87.607 7 368 638 12
T 87.627 5 393 626 12
T 87.627 6 381 632 12
T 87.627 7 369 638 12
P 87.630 1
F 87.630 1 12
IQ 87.630 1
IS 87.631 1
T 87.647 5 394 626 12
T 87.647 6 382 632 12
T 87.647 7 370 638 12
T 87.667 5 395 626 12
T 87.667 6 383 632 12
T 87.667 7 371 638 12
IE 87.676 8
IR 87.676 8
IA 87.678 8
T 87.688 5 396 626 12
T 87.688 6 384 632 12
T 87.688 7 372 638 12
T 87.743 6 385 632 12
T 87.744 7 373 638 12
T 87.746 6 386 632 12
T 87.747 7 374 638 12
T 87.747 8 364 645 12
T 87.767 6 387 632 12
T 87.767 7 375 638 12
T 87.767 8 365 645 12
T 87.786 6 388 632 12
T 87.786 7 376 638 12
T 87.786 8 366 645 12
T 87.807 6 389 632 12
T 87.807 7 377 638 12
T 87.807 8 367 645 12
T 87.827 6 390 632 12
T 87.827 7 378 638 12
T 87.827 8 368 645 12
T 87.846 6 391 632 12
T 87.846 7 379 638 12
T 87.846 8 369 645 12
T 87.867 6 392 632 12
T 87.867 7 380 638 12
T 87.867 8 370 645 12
P 87.880 2
F 87.880 2 12
IQ 87.881 2
IS 87.881 2
T 87.887 6 393 632 12
T 87.887 7 381 638 12
T 87.887 8 371 645 12
T 87.906 6 394 632 12
T 87.906 7 382 638 12
T 87.906 8 372 645 12
T 87.926 6 395 632 12
T 87.926 7 383 638 12
T 87.926 8 373 645 12
T 87.947 6 396 632 12
T 87.947 7 384 638 12
T 87.947 8 374 645 12
IE 87.960 1
IR 87.960 1
IA 87.962 1
T 87.967 7 385 638 12
T 87.967 8 375 645 12
T 88.021 7 386 638 12
T 88.021 8 376 645 12
T 88.025 7 387 638 12
T 88.025 8 377 645 12
T 88.025 1 364 651 12
T 88.045 7 388 638 12
T 88.045 8 378 645 12
T 88.045 1 365 651 12
T 88.065 7 389 638 12
T 88.065 8 379 645 12
T 88.065 1 366 651 12
T 88.085 7 390 638 12
T 88.085 8 380 645 12
T 88.085 1 367 651 12
T 88.105 7 391 638 12
T 88.105 8 381 645 12
T 88.105 1 368 651 12
T 88.125 7 392 638 12
T 88.125 8 382 645 12
T 88.125 1 369 651 12
P 88.132 3
F 88.132 3 12
IQ 88.133 3
IS 88.133 3
T 88.145 7 393 638 12
T 88.145 8 383 645 12
T 88.145 1 370 651 12
T 88.165 7 394 638 12
T 88.165 8 384 645 12
T 88.165 1 371 651 12
T 88.185 7 395 638 12
T 88.185 8 385 645 12
T 88.185 1 372 651 12
T 88.205 7 396 638 12
T 88.205 8 386 645 12
T 88.205 1 373 651 12
T 88.224 8 387 645 12
T 88.224 1 374 651 12
IE 88.226 2
IR 88.227 2
IA 88.228 2
T 88.244 8 388 645 12
T 88.245 1 375 651 12
T 88.300 8 389 645 12
T 88.300 1 376 651 12
T 88.304 8 390 645 12
T 88.304 1 377 651 12
T 88.304 2 364 657 12
T 88.323 8 391 645 12
T 88.323 1 378 651 12
T 88.323 2 365 657 12
T 88.343 8 392 645 12
T 88.343 1 379 651 12
T 88.343 2 366 657 12
T 88.363 8 393 645 12
T 88.363 1 380 651 12
T 88.363 2 367 657 12
P 88.381 4
F 88.381 4 12
IQ 88.382 4
T 88.384 8 394 645 12
T 88.384 1 381 651 12
T 88.384 2 368 657 12
IS 88.384 4
T 88.403 8 395 645 12
T 88.403 1 382 651 12
T 88.403 2 369 657 12
T 88.423 8 396 645 12
T 88.424 1 383 651 12
T 88.424 2 370 657 12
IE 88.431 3
IR 88.431 3
IA 88.433 3
T 88.443 1 384 651 12
T 88.443 2 371 657 12
T 88.498 1 385 651 12
T 88.498 2 372 657 12
T 88.502 1 386 651 12
T 88.502 2 373 657 12
T 88.502 3 364 663 12
T 88.522 1 387 651 12
T 88.522 2 374 657 12
T 88.522 3 365 663 12
T 88.542 1 388 651 12
T 88.542 2 375 657 12
T 88.542 3 366 663 12
T 88.562 1 389 651 12
T 88.562 2 376 657 12
T 88.562 3 367 663 12
T 88.582 1 390 651 12
T 88.582 2 377 657 12
T 88.582 3 368 663 12
T 88.602 1 391 651 12
T 88.602 2 378 657 12
T 88.602 3 369 663 12
T 88.622 1 392 651 12
T 88.622 2 379 657 12
T 88.622 3 370 663 12
P 88.632 5
F 88.632 5 13
IQ 88.632 5
IS 88.633 5
T 88.642 1 393 651 12
T 88.642 2 380 657 12
T 88.642 3 371 663 12
T 88.662 1 394 651 12
T 88.662 2 381 657 12
T 88.662 3 372 663 12
T 88.682 1 395 651 12
T 88.682 2 382 657 12
T 88.682 3 373 663 12
IE 88.690 4
IR 88.690 4
IA 88.692 4
T 88.702 1 396 651 12
T 88.703 2 383 657 12
T 88.703 3 374 663 12
T 88.756 2 384 657 12
T 88.756 3 375 663 12
T 88.761 2 385 657 12
T 88.761 3 376 663 12
T 88.761 4 364 670 12
T 88.781 2 386 657 12
T 88.781 3 377 663 12
T 88.781 4 365 670 12
T 88.801 2 387 657 12
T 88.801 3 378 663 12
T 88.801 4 366 670 12
T 88.821 2 388 657 12
T 88.821 3 379 663 12
T 88.821 4 367 670 12
T 88.840 2 389 657 12
T 88.841 3 380 663 12
T 88.841 4 368 670 12
T 88.860 2 390 657 12
T 88.861 3 381 663 12
T 88.861 4 369 670 12
T 88.880 2 391 657 12
T 88.881 3 382 663 12
T 88.881 4 370 670 12
P 88.884 6
F 88.884 6 13
IQ 88.884 6
IS 88.885 6
T 88.901 2 392 657 12
T 88.901 3 383 663 12
T 88.901 4 371 670 12
T 88.920 2 393 657 12
T 88.921 3 384 663 12
T 88.921 4 372 670 12
T 88.941 2 394 657 12
T 88.941 3 385 663 12
T 88.941 4 373 670 12
IE 88.958 5
IR 88.958 5
IA 88.960 5
T 88.961 2 395 657 12
T 88.961 3 386 663 12
T 88.961 4 374 670 12
T 88.981 2 396 657 12
T 88.981 3 387 663 12
T 88.981 4 375 670 12
T 89.037 3 388 663 12
T 89.037 4 376 670 12
T 89.041 3 389 663 12
T 89.041 4 377 670 12
T 89.041 5 397 679 13
T 89.060 3 390 663 12
T 89.061 4 378 670 12
T 89.061 5 398 679 13
T 89.080 3 391 663 12
T 89.080 4 379 670 12
T 89.081 5 399 679 13
T 89.100 3 392 663 12
T 89.100 4 380 670 12
T 89.100 5 400 679 13
T 89.121 3 393 663 12
T 89.121 4 381 670 12
T 89.121 5 401 679 13
P 89.133 7
F 89.134 7 13
IQ 89.134 7
IS 89.134 7
T 89.141 3 394 663 12
T 89.141 4 382 670 12
T 89.141 5 402 679 13
IE 89.143 6
IR 89.143 6
IA 89.145 6
T 89.161 3 395 663 12
T 89.161 4 383 670 12
T 89.161 5 403 679 13
T 89.217 3 396 663 12
T 89.217 4 384 670 12
T 89.217 5 404 679 13
T 89.221 4 385 670 12
T 89.221 5 405 679 13
T 89.221 6 397 685 13
T 89.240 4 386 670 12
T 89.240 5 406 679 13
T 89.241 6 398 685 13
T 89.260 4 387 670 12
T 89.260 5 407 679 13
T 89.261 6 399 685 13
T 89.280 4 388 670 12
T 89.280 5 408 679 13
T 89.280 6 400 685 13
T 89.300 4 389 670 12
T 89.300 5 409 679 13
T 89.300 6 401 685 13
T 89.320 4 390 670 12
T 89.320 5 410 679 13
T 89.320 6 402 685 13
T 89.340 4 391 670 12
T 89.340 5 411 679 13
T 89.340 6 403 685 13
T 89.360 4 392 670 12
T 89.360 5 412 679 13
T 89.360 6 404 685 13
T 89.380 4 393 670 12
T 89.380 5 413 679 13
T 89.380 6 405 685 13
P 89.384 8
F 89.384 8 13
IQ 89.385 8
IS 89.385 8
T 89.401 4 394 670 12
T 89.401 5 414 679 13
T 89.401 6 406 685 13
T 89.420 4 395 670 12
T 89.420 5 415 679 13
T 89.420 6 407 685 13
T 89.440 4 396 670 12
T 89.441 5 416 679 13
T 89.441 6 408 685 13
T 89.460 5 417 679 13
T 89.460 6 409 685 13
IE 89.462 7
IR 89.463 7
IA 89.464 7
T 89.481 5 418 679 13
T 89.481 6 410 685 13
T 89.535 5 419 679 13
T 89.535 6 411 685 13
T 89.539 5 420 679 13
T 89.539 6 412 685 13
T 89.540 7 397 691 13
T 89.559 5 421 679 13
T 89.559 6 413 685 13
T 89.559 7 398 691 13
T 89.579 5 422 679 13
T 89.579 6 414 685 13
T 89.579 7 399 691 13
T 89.599 5 423 679 13
T 89.599 6 415 685 13
T 89.599 7 400 691 13
T 89.619 5 424 679 13
T 89.619 6 416 685 13
T 89.619 7 401 691 13
P 89.634 1
F 89.635 1 13
IQ 89.635 1
IS 89.636 1
T 89.639 5 425 679 13
T 89.639 6 417 685 13
T 89.639 7 402 691 13
T 89.659 5 426 679 13
T 89.659 6 418 685 13
T 89.659 7 403 691 13
IE 89.669 8
IR 89.670 8
IA 89.671 8
T 89.680 5 427 679 13
T 89.680 6 419 685 13
T 89.680 7 404 691 13
T 89.735 5 428 679 13
T 89.735 6 420 685 13
T 89.735 7 405 691 13
T 89.739 5 429 679 13
T 89.739 6 421 685 13
T 89.739 7 406 691 13
T 89.739 8 397 698 13
T 89.759 6 422 685 13
T 89.759 7 407 691 13
T 89.759 8 398 698 13
T 89.779 6 423 685 13
T 89.779 7 408 691 13
T 89.779 8 399 698 13
T 89.799 6 424 685 13
T 89.799 7 409 691 13
T 89.799 8 400 698 13
T 89.818 6 425 685 13
T 89.818 7 410 691 13
T 89.819 8 401 698 13
T 89.838 6 426 685 13
T 89.839 7 411 691 13
T 89.839 8 402 698 13
T 89.858 6 427 685 13
T 89.859 7 412 691 13
T 89.859 8 403 698 13
IE 89.872 1
IR 89.873 1
IA 89.874 1
T 89.879 6 428 685 13
T 89.879 7 413 691 13
T 89.879 8 404 698 13
P 89.885 2
F 89.885 2 13
IQ 89.885 2
IS 89.886 2
T 89.936 6 429 685 13
T 89.936 7 414 691 13
T 89.936 8 405 698 13
T 89.939 7 415 691 13
T 89.939 8 406 698 13
T 89.939 1 397 704 13
T 89.959 7 416 691 13
T 89.959 8 407 698 13
T 89.959 1 398 704 13
T 89.979 7 417 691 13
T 89.979 8 408 698 13
T 89.979 1 399 704 13
T 89.999 7 418 691 13
T 89.999 8 409 698 13
T 89.999 1 400 704 13
T 90.019 7 419 691 13
T 90.019 8 410 698 13
T 90.019 1 401 704 13
T 90.039 7 420 691 13
T 90.039 8 411 698 13
T 90.039 1 402 704 13
T 90.059 7 421 691 13
T 90.059 8 412 698 13
T 90.059 1 403 704 13
T 90.079 7 422 691 13
T 90.079 8 413 698 13
T 90.079 1 404 704 13
T 90.099 7 423 691 13
T 90.099 8 414 698 13
T 90.099 1 405 704 13
T 90.119 7 424 691 13
T 90.119 8 415 698 13
T 90.119 1 406 704 13
P 90.135 3
F 90.135 3 13
IQ 90.136 3
IS 90.136 3
T 90.139 7 425 691 13
T 90.139 8 416 698 13
T 90.139 1 407 704 13
T 90.159 7 426 691 13
T 90.159 8 417 698 13
T 90.159 1 408 704 13
IE 90.173 2
IR 90.173 2
IA 90.175 2
T 90.180 7 427 691 13
T 90.180 8 418 698 13
T 90.180 1 409 704 13
T 90.235 7 428 691 13
T 90.235 8 419 698 13
T 90.235 1 410 704 13
T 90.239 7 429 691 13
T 90.240 8 420 698 13
T 90.240 1 411 704 13
T 90.240 2 397 710 13
T 90.259 8 421 698 13
T 90.259 1 412 704 13
T 90.259 2 398 710 13
T 90.279 8 422 698 13
T 90.279 1 413 704 13
T 90.279 2 399 710 13
T 90.299 8 423 698 13
T 90.299 1 414 704 13
T 90.299 2 400 710 13
T 90.319 8 424 698 13
T 90.319 1 415 704 13
T 90.319 2 401 710 13
T 90.339 8 425 698 13
T 90.339 1 416 704 13
T 90.339 2 402 710 13
T 90.359 8 426 698 13
T 90.359 1 417 704 13
T 90.359 2 403 710 13
T 90.379 8 427 698 13
T 90.379 1 418 704 13
T 90.379 2 404 710 13
IE 90.382 3
IR 90.382 3
IA 90.383 3
P 90.385 4
F 90.386 4 13
IQ 90.386 4
IS 90.387 4
T 90.400 8 428 698 13
T 90.400 1 419 704 13
T 90.400 2 405 710 13
T 90.455 8 429 698 13
T 90.455 1 420 704 13
T 90.455 2 406 710 13
T 90.459 1 421 704 13
T 90.459 2 407 710 13
T 90.459 3 397 716 13
T 90.479 1 422 704 13
T 90.479 2 408 710 13
T 90.479 3 398 716 13
T 90.499 1 423 704 13
T 90.499 2 409 710 13
T 90.499 3 399 716 13
T 90.519 1 424 704 13
T 90.519 2 410 710 13
T 90.519 3 400 716 13
T 90.539 1 425 704 13
T 90.539 2 411 710 13
T 90.539 3 401 716 13
T 90.559 1 426 704 13
T 90.559 2 412 710 13
T 90.559 3 402 716 13
T 90.579 1 427 704 13
T 90.579 2 413 710 13
T 90.579 3 403 716 13
T 90.599 1 428 704 13
T 90.599 2 414 710 13
T 90.599 3 404 716 13
T 90.619 1 429 704 13
T 90.619 2 415 710 13
T 90.619 3 405 716 13
P 90.636 5
F 90.636 5 14
IQ 90.636 5
IS 90.637 5
T 90.639 2 416 710 13
T 90.639 3 406 716 13
IE 90.646 4
IR 90.654 4
IA 90.656 4
T 90.659 2 417 710 13
T 90.659 3 407 716 13
T 90.679 2 418 710 13
T 90.679 3 408 716 13
T 90.734 2 419 710 13
T 90.734 3 409 716 13
T 90.738 2 420 710 13
T 90.738 3 410 716 13
T 90.738 4 397 723 13
T 90.758 2 421 710 13
T 90.758 3 411 716 13
T 90.758 4 398 723 13
T 90.778 2 422 710 13
T 90.778 3 412 716 13
T 90.778 4 399 723 13
T 90.798 2 423 710 13
T 90.798 3 413 716 13
T 90.798 4 400 723 13
T 90.818 2 424 710 13
T 90.818 3 414 716 13
T 90.818 4 401 723 13
T 90.838 2 425 710 13
T 90.838 3 415 716 13
T 90.838 4 402 723 13
T 90.858 2 426 710 13
T 90.858 3 416 716 13
T 90.858 4 403 723 13
T 90.878 2 427 710 13
T 90.878 3 417 716 13
T 90.878 4 404 723 13
IE 90.883 5
IR 90.893 5
P 90.894 6
IA 90.896 5
F 90.896 6 14
IQ 90.897 6
IS 90.897 6
T 90.898 2 428 710 13
T 90.899 3 418 716 13
T 90.899 4 405 723 13
T 90.918 2 429 710 13
T 90.918 3 419 716 13
T 90.918 4 406 723 13
T 90.975 3 420 716 13
T 90.975 4 407 723 13
T 90.978 3 421 716 13
T 90.979 4 408 723 13
T 90.979 5 430 732 14
T 90.998 3 422 716 13
T 90.998 4 409 723 13
T 90.999 5 431 732 14
T 91.018 3 423 716 13
T 91.018 4 410 723 13
T 91.018 5 432 732 14
T 91.038 3 424 716 13
T 91.038 4 411 723 13
T 91.038 5 433 732 14
T 91.058 3 425 716 13
T 91.058 4 412 723 13
T 91.058 5 434 732 14
T 91.078 3 426 716 13
T 91.078 4 413 723 13
T 91.078 5 435 732 14
T 91.098 3 427 716 13
T 91.098 4 414 723 13
T 91.099 5 436 732 14
T 91.119 3 428 716 13
T 91.119 4 415 723 13
T 91.119 5 437 732 14
P 91.136 7
F 91.137 7 14
IQ 91.137 7
IS 91.137 7
T 91.139 3 429 716 13
T 91.140 4 416 723 13
T 91.140 5 438 732 14
IE 91.146 6
IR 91.146 6
IA 91.149 6
T 91.159 4 417 723 13
T 91.159 5 439 732 14
T 91.214 4 418 723 13
T 91.215 5 440 732 14
T 91.219 4 419 723 13
T 91.219 5 441 732 14
T 91.219 6 430 738 14
T 91.238 4 420 723 13
T 91.238 5 442 732 14
T 91.238 6 431 738 14
T 91.258 4 421 723 13
T 91.258 5 443 732 14
T 91.258 6 432 738 14
T 91.278 4 422 723 13
T 91.278 5 444 732 14
T 91.278 6 433 738 14
T 91.298 4 423 723 13
T 91.298 5 445 732 14
T 91.298 6 434 738 14
T 91.318 4 424 723 13
T 91.318 5 446 732 14
T 91.318 6 435 738 14
T 91.338 4 425 723 13
T 91.338 5 447 732 14
T 91.338 6 436 738 14
T 91.358 4 426 723 13
T 91.358 5 448 732 14
T 91.358 6 437 738 14
T 91.378 4 427 723 13
T 91.378 5 449 732 14
T 91.378 6 438 738 14
P 91.387 8
F 91.387 8 14
IQ 91.387 8
IS 91.388 8
T 91.398 4 428 723 13
T 91.399 5 450 732 14
T 91.399 6 439 738 14
T 91.418 4 429 723 13
T 91.418 5 451 732 14
T 91.418 6 440 738 14
IE 91.424 7
IR 91.425 7
IA 91.427 7
T 91.438 5 452 732 14
T 91.438 6 441 738 14
T 91.495 5 453 732 14
T 91.495 6 442 738 14
T 91.499 5 454 732 14
T 91.499 6 443 738 14
T 91.499 7 430 744 14
T 91.518 5 455 732 14
T 91.518 6 444 738 14
T 91.518 7 431 744 14
T 91.538 5 456 732 14
T 91.538 6 445 738 14
T 91.538 7 432 744 14
T 91.558 5 457 732 14
T 91.558 6 446 738 14
T 91.558 7 433 744 14
T 91.578 5 458 732 14
T 91.578 6 447 738 14
T 91.578 7 434 744 14
T 91.598 5 459 732 14
T 91.598 6 448 738 14
T 91.598 7 435 744 14
T 91.618 5 460 732 14
T 91.618 6 449 738 14
T 91.618 7 436 744 14
P 91.637 1
F 91.637 1 14
IQ 91.638 1
T 91.639 5 461 732 14
IS 91.639 1
T 91.639 6 450 738 14
T 91.641 7 437 744 14
T 91.658 5 462 732 14
T 91.658 6 451 738 14
T 91.658 7 438 744 14
T 91.677 6 452 738 14
T 91.677 7 439 744 14
IE 91.694 8
IR 91.694 8
IA 91.697 8
T 91.698 6 453 738 14
T 91.698 7 440 744 14
T 91.718 6 454 738 14
T 91.718 7 441 744 14
T 91.773 6 455 738 14
T 91.773 7 442 744 14
T 91.778 6 456 738 14
T 91.778 7 443 744 14
T 91.778 8 430 751 14
T 91.797 6 457 738 14
T 91.797 7 444 744 14
T 91.797 8 431 751 14
T 91.817 6 458 738 14
T 91.817 7 445 744 14
T 91.817 8 432 751 14
T 91.837 6 459 738 14
T 91.837 7 446 744 14
T 91.837 8 433 751 14
T 91.857 6 460 738 14
T 91.857 7 447 744 14
T 91.857 8 434 751 14
T 91.877 6 461 738 14
T 91.877 7 448 744 14
T 91.877 8 435 751 14
P 91.887 2
F 91.887 2 14
IQ 91.887 2
IS 91.888 2
T 91.898 6 462 738 14
T 91.898 7 449 744 14
T 91.898 8 436 751 14
IE 91.914 1
IR 91.914 1
IA 91.916 1
T 91.917 7 450 744 14
T 91.917 8 437 751 14
T 91.937 7 451 744 14
T 91.937 8 438 751 14
T 91.994 7 452 744 14
T 91.994 8 439 751 14
T 91.997 7 453 744 14
T 91.997 8 440 751 14
T 91.998 1 430 757 14
T 92.017 7 454 744 14
T 92.018 8 441 751 14
T 92.018 1 431 757 14
T 92.037 7 455 744 14
T 92.037 8 442 751 14
T 92.037 1 432 757 14
T 92.057 7 456 744 14
T 92.057 8 443 751 14
T 92.057 1 433 757 14
T 92.077 7 457 744 14
T 92.077 8 444 751 14
T 92.077 1 434 757 14
T 92.097 7 458 744 14
T 92.097 8 445 751 14
T 92.097 1 435 757 14
T 92.117 7 459 744 14
T 92.117 8 446 751 14
T 92.117 1 436 757 14
T 92.137 7 460 744 14
T 92.137 8 447 751 14
T 92.137 1 437 757 14
P 92.138 3
F 92.138 3 14
IQ 92.139 3
IS 92.139 3
T 92.157 7 461 744 14
T 92.157 8 448 751 14
T 92.157 1 438 757 14
T 92.177 7 462 744 14
T 92.177 8 449 751 14
T 92.177 1 439 757 14
T 92.197 8 450 751 14
T 92.197 1 440 757 14
IE 92.213 2
IR 92.213 2
IA 92.214 2
T 92.216 8 451 751 14
T 92.216 1 441 757 14
T 92.236 8 452 751 14
T 92.236 1 442 757 14
T 92.292 8 453 751 14
T 92.292 1 443 757 14
T 92.297 8 454 751 14
T 92.297 1 444 757 14
T 92.297 2 430 763 14
T 92.316 8 455 751 14
T 92.316 1 445 757 14
T 92.316 2 431 763 14
T 92.336 8 456 751 14
T 92.336 1 446 757 14
T 92.336 2 432 763 14
T 92.356 8 457 751 14
T 92.356 1 447 757 14
T 92.356 2 433 763 14
T 92.376 8 458 751 14
T 92.376 1 448 757 14
T 92.376 2 434 763 14
P 92.388 4
F 92.389 4 14
IE 92.389 3
IQ 92.390 4
IS 92.390 4
IR 92.391 3
IA 92.392 3
T 92.397 8 459 751 14
T 92.397 1 449 757 14
T 92.397 2 435 763 14
T 92.453 8 460 751 14
T 92.453 1 450 757 14
T 92.453 2 436 763 14
T 92.457 8 461 751 14
T 92.457 1 451 757 14
T 92.457 2 437 763 14
T 92.457 3 430 769 14
T 92.477 8 462 751 14
T 92.477 1 452 757 14
T 92.477 2 438 763 14
T 92.477 3 431 769 14
T 92.497 1 453 757 14
T 92.497 2 439 763 14
T 92.497 3 432 769 14
T 92.516 1 454 757 14
T 92.517 2 440 763 14
T 92.517 3 433 769 14
T 92.536 1 455 757 14
T 92.536 2 441 763 14
T 92.536 3 434 769 14
T 92.556 1 456 757 14
T 92.556 2 442 763 14
T 92.556 3 435 769 14
T 92.576 1 457 757 14
T 92.576 2 443 763 14
T 92.576 3 436 769 14
T 92.596 1 458 757 14
T 92.596 2 444 763 14
T 92.596 3 437 769 14
T 92.616 1 459 757 14
T 92.616 2 445 763 14
T 92.616 3 438 769 14
T 92.636 1 460 757 14
T 92.636 2 446 763 14
T 92.636 3 439 769 14
P 92.639 5
F 92.640 5 15
IQ 92.640 5
IS 92.640 5
T 92.657 1 461 757 14
T 92.657 2 447 763 14
T 92.657 3 440 769 14
IE 92.670 4
IR 92.670 4
IA 92.672 4
T 92.677 1 462 757 14
T 92.677 2 448 763 14
T 92.677 3 441 769 14
T 92.733 2 449 763 14
T 92.733 3 442 769 14
T 92.737 2 450 763 14
T 92.737 3 443 769 14
T 92.737 4 430 776 14
T 92.757 2 451 763 14
T 92.757 3 444 769 14
T 92.757 4 431 776 14
T 92.777 2 452 763 14
T 92.777 3 445 769 14
T 92.777 4 432 776 14
T 92.796 2 453 763 14
T 92.796 3 446 769 14
T 92.797 4 433 776 14
T 92.816 2 454 763 14
T 92.816 3 447 769 14
T 92.816 4 434 776 14
T 92.837 2 455 763 14
T 92.837 3 448 769 14
T 92.837 4 435 776 14
T 92.856 2 456 763 14
T 92.856 3 449 769 14
T 92.857 4 436 776 14
T 92.877 2 457 763 14
T 92.877 3 450 769 14
T 92.877 4 437 776 14
P 92.890 6
F 92.891 6 15
IQ 92.891 6
IS 92.891 6
T 92.897 2 458 763 14
T 92.897 3 451 769 14
T 92.897 4 438 776 14
IE 92.915 5
IR 92.916 5
IA 92.917 5
T 92.918 2 459 763 14
T 92.918 3 452 769 14
T 92.918 4 439 776 14
T 92.936 2 460 763 14
T 92.937 3 453 769 14
T 92.937 4 440 776 14
T 92.993 2 461 763 14
T 92.993 3 454 769 14
T 92.993 4 441 776 14
T 92.997 2 462 763 14
T 92.997 3 455 769 14
T 92.997 4 442 776 14
T 92.997 5 463 785 15
T 93.017 3 456 769 14
T 93.017 4 443 776 14
T 93.017 5 464 785 15
T 93.036 3 457 769 14
T 93.037 4 444 776 14
T 93.037 5 465 785 15
T 93.056 3 458 769 14
T 93.056 4 445 776 14
T 93.056 5 466 785 15
T 93.076 3 459 769 14
T 93.076 4 446 776 14
T 93.077 5 467 785 15
T 93.096 3 460 769 14
T 93.096 4 447 776 14
T 93.097 5 468 785 15
T 93.116 3 461 769 14
T 93.117 4 448 776 14
T 93.117 5 469 785 15
T 93.136 3 462 769 14
T 93.137 4 449 776 14
T 93.137 5 470 785 15
IE 93.139 6
IR 93.139 6
P 93.140 7
IA 93.142 6
F 93.142 7 15
IQ 93.142 7
IS 93.142 7
T 93.156 4 450 776 14
T 93.157 5 471 785 15
T 93.213 4 451 776 14
T 93.213 5 472 785 15
T 93.217 4 452 776 14
T 93.217 5 473 785 15
T 93.217 6 463 791 15
T 93.236 4 453 776 14
T 93.237 5 474 785 15
T 93.237 6 464 791 15
T 93.256 4 454 776 14
T 93.256 5 475 785 15
T 93.256 6 465 791 15
T 93.276 4 455 776 14
T 93.276 5 476 785 15
T 93.276 6 466 791 15
T 93.296 4 456 776 14
T 93.296 5 477 785 15
T 93.296 6 467 791 15
T 93.316 4 457 776 14
T 93.316 5 478 785 15
T 93.316 6 468 791 15
T 93.336 4 458 776 14
T 93.336 5 479 785 15
T 93.336 6 469 791 15
T 93.356 4 459 776 14
T 93.356 5 480 785 15
T 93.356 6 470 791 15
T 93.376 4 460 776 14
T 93.376 5 481 785 15
T 93.376 6 471 791 15
P 93.391 8
F 93.391 8 15
IQ 93.392 8
IS 93.392 8
T 93.395 4 461 776 14
T 93.396 5 482 785 15
T 93.396 6 472 791 15
T 93.416 4 462 776 14
T 93.416 5 483 785 15
T 93.416 6 473 791 15
T 93.436 5 484 785 15
T 93.436 6 474 791 15
IE 93.445 7
IR 93.445 7
IA 93.446 7
T 93.456 5 485 785 15
T 93.456 6 475 791 15
T 93.512 5 486 785 15
T 93.512 6 476 791 15
T 93.516 5 487 785 15
T 93.516 6 477 791 15
T 93.516 7 463 797 15
T 93.536 5 488 785 15
T 93.536 6 478 791 15
T 93.536 7 464 797 15
T 93.556 5 489 785 15
T 93.556 6 479 791 15
T 93.556 7 465 797 15
T 93.576 5 490 785 15
T 93.576 6 480 791 15
T 93.576 7 466 797 15
T 93.596 5 491 785 15
T 93.596 6 481 791 15
T 93.596 7 467 797 15
T 93.616 5 492 785 15
T 93.616 6 482 791 15
T 93.616 7 468 797 15
IE 93.629 8
IR 93.629 8
IA 93.631 8
T 93.636 5 493 785 15
T 93.636 6 483 791 15
T 93.636 7 469 797 15
P 93.641 1
F 93.641 1 15
IQ 93.642 1
IS 93.642 1
T 93.693 5 494 785 15
T 93.694 6 484 791 15
T 93.694 7 470 797 15
T 93.697 5 495 785 15
T 93.697 6 485 791 15
T 93.697 7 471 797 15
T 93.697 8 463 804 15
T 93.717 6 486 791 15
T 93.717 7 472 797 15
T 93.717 8 464 804 15
T 93.737 6 487 791 15
T 93.737 7 473 797 15
T 93.737 8 465 804 15
T 93.756 6 488 791 15
T 93.757 7 474 797 15
T 93.757 8 466 804 15
T 93.776 6 489 791 15
T 93.776 7 475 797 15
T 93.776 8 467 804 15
T 93.796 6 490 791 15
T 93.796 7 476 797 15
T 93.796 8 468 804 15
T 93.816 6 491 791 15
T 93.816 7 477 797 15
T 93.816 8 469 804 15
T 93.836 6 492 791 15
T 93.836 7 478 797 15
T 93.836 8 470 804 15
T 93.856 6 493 791 15
T 93.856 7 479 797 15
T 93.856 8 471 804 15
T 93.876 6 494 791 15
T 93.876 7 480 797 15
T 93.876 8 472 804 15
P 93.892 2
F 93.892 2 15
IQ 93.892 2
IS 93.893 2
T 93.897 6 495 791 15
T 93.897 7 481 797 15
T 93.897 8 473 804 15
T 93.916 7 482 797 15
T 93.916 8 474 804 15
IE 93.929 1
IR 93.929 1
IA 93.931 1
T 93.936 7 483 797 15
T 93.936 8 475 804 15
T 93.993 7 484 797 15
T 93.993 8 476 804 15
T 93.996 7 485 797 15
T 93.996 8 477 804 15
T 93.997 1 463 810 15
T 94.016 7 486 797 15
T 94.016 8 478 804 15
T 94.016 1 464 810 15
T 94.036 7 487 797 15
T 94.036 8 479 804 15
T 94.036 1 465 810 15
T 94.056 7 488 797 15
T 94.056 8 480 804 15
T 94.056 1 466 810 15
T 94.076 7 489 797 15
T 94.076 8 481 804 15
T 94.076 1 467 810 15
T 94.096 7 490 797 15
T 94.096 8 482 804 15
T 94.096 1 468 810 15
T 94.116 7 491 797 15
T 94.116 8 483 804 15
T 94.116 1 469 810 15
T 94.136 7 492 797 15
T 94.136 8 484 804 15
T 94.136 1 470 810 15
IE 94.137 2
IR 94.147 2
P 94.149 3
IA 94.150 2
F 94.150 3 15
IQ 94.150 3
IS 94.150 3
T 94.167 7 493 797 15
T 94.167 8 485 804 15
T 94.167 1 471 810 15
T 94.212 7 494 797 15
T 94.212 8 486 804 15
T 94.212 1 472 810 15
T 94.217 7 495 797 15
T 94.217 8 487 804 15
T 94.217 1 473 810 15
T 94.217 2 463 816 15
T 94.237 8 488 804 15
T 94.237 1 474 810 15
T 94.237 2 464 816 15
T 94.257 8 489 804 15
T 94.257 1 475 810 15
T 94.257 2 465 816 15
T 94.277 8 490 804 15
T 94.277 1 476 810 15
T 94.277 2 466 816 15
T 94.297 8 491 804 15
T 94.297 1 477 810 15
T 94.297 2 467 816 15
T 94.317 8 492 804 15
T 94.317 1 478 810 15
T 94.317 2 468 816 15
T 94.337 8 493 804 15
T 94.337 1 479 810 15
T 94.337 2 469 816 15
T 94.357 8 494 804 15
T 94.357 1 480 810 15
T 94.357 2 470 816 15
T 94.376 8 495 804 15
T 94.377 1 481 810 15
T 94.377 2 471 816 15
P 94.394 4
F 94.395 4 15
IQ 94.395 4
IS 94.396 4
T 94.397 1 482 810 15
T 94.398 2 472 816 15
T 94.416 1 483 810 15
T 94.416 2 473 816 15
T 94.436 1 484 810 15
T 94.436 2 474 816 15
T 94.456 1 485 810 15
T 94.456 2 475 816 15
T 94.476 1 486 810 15
T 94.476 2 476 816 15
IE 94.489 3
IR 94.489 3
IA 94.491 3
T 94.496 1 487 810 15
T 94.496 2 477 816 15
T 94.551 1 488 810 15
T 94.552 2 478 816 15
T 94.556 1 489 810 15
T 94.556 2 479 816 15
T 94.556 3 463 822 15
T 94.576 1 490 810 15
T 94.576 2 480 816 15
T 94.576 3 464 822 15
T 94.596 1 491 810 15
T 94.596 2 481 816 15
T 94.596 3 465 822 15
T 94.616 1 492 810 15
T 94.616 2 482 816 15
T 94.616 3 466 822 15
T 94.635 1 493 810 15
T 94.635 2 483 816 15
T 94.636 3 467 822 15
P 94.644 5
F 94.644 5 16
IQ 94.645 5
IS 94.645 5
T 94.656 1 494 810 15
T 94.656 2 484 816 15
T 94.656 3 468 822 15
IE 94.673 4
IR 94.674 4
IA 94.675 4
T 94.677 1 495 810 15
T 94.677 2 485 816 15
T 94.677 3 469 822 15
T 94.695 2 486 816 15
T 94.695 3 470 822 15
T 94.752 2 487 816 15
T 94.752 3 471 822 15
T 94.756 2 488 816 15
T 94.756 3 472 822 15
T 94.757 4 463 829 15
T 94.776 2 489 816 15
T 94.776 3 473 822 15
T 94.776 4 464 829 15
T 94.796 2 490 816 15
T 94.796 3 474 822 15
T 94.796 4 465 829 15
T 94.816 2 491 816 15
T 94.816 3 475 822 15
T 94.816 4 466 829 15
T 94.836 2 492 816 15
T 94.836 3 476 822 15
T 94.836 4 467 829 15
T 94.855 2 493 816 15
T 94.856 3 477 822 15
T 94.856 4 468 829 15
T 94.875 2 494 816 15
T 94.876 3 478 822 15
T 94.876 4 469 829 15
P 94.894 6
F 94.895 6 16
IQ 94.895 6
IS 94.896 6
T 94.898 2 495 816 15
T 94.898 3 479 822 15
T 94.898 4 470 829 15
IE 94.912 5
IR 94.912 5
IA 94.914 5
T 94.916 3 480 822 15
T 94.916 4 471 829 15
T 94.936 3 481 822 15
T 94.936 4 472 829 15
T 94.991 3 482 822 15
T 94.991 4 473 829 15
T 94.995 3 483 822 15
T 94.996 4 474 829 15
T 94.996 5 496 838 16
T 95.015 3 484 822 15
T 95.015 4 475 829 15
T 95.015 5 497 838 16
T 95.035 3 485 822 15
T 95.035 4 476 829 15
T 95.035 5 498 838 16
T 95.055 3 486 822 15
T 95.055 4 477 829 15
T 95.055 5 499 838 16
T 95.075 3 487 822 15
T 95.075 4 478 829 15
T 95.075 5 500 838 16
T 95.095 3 488 822 15
T 95.095 4 479 829 15
T 95.095 5 501 838 16
T 95.115 3 489 822 15
T 95.115 4 480 829 15
T 95.115 5 502 838 16
T 95.135 3 490 822 15
T 95.135 4 481 829 15
T 95.135 5 503 838 16
P 95.144 7
F 95.145 7 16
IQ 95.145 7
IS 95.146 7
T 95.155 3 491 822 15
T 95.155 4 482 829 15
T 95.155 5 504 838 16
T 95.175 3 492 822 15
T 95.175 4 483 829 15
T 95.175 5 505 838 16
T 95.195 3 493 822 15
T 95.195 4 484 829 15
T 95.195 5 506 838 16
T 95.215 3 494 822 15
T 95.215 4 485 829 15
T 95.216 5 507 838 16
IE 95.232 6
IR 95.232 6
IA 95.234 6
T 95.236 3 495 822 15
T 95.236 4 486 829 15
T 95.236 5 508 838 16
T 95.256 4 487 829 15
T 95.256 5 509 838 16
T 95.311 4 488 829 15
T 95.311 5 510 838 16
T 95.316 4 489 829 15
T 95.316 5 511 838 16
T 95.316 6 496 844 16
T 95.335 4 490 829 15
T 95.336 5 512 838 16
T 95.336 6 497 844 16
T 95.356 4 491 829 15
T 95.356 5 513 838 16
T 95.356 6 498 844 16
T 95.375 4 492 829 15
T 95.376 5 514 838 16
T 95.376 6 499 844 16
T 95.395 4 493 829 15
T 95.395 5 515 838 16
T 95.396 6 500 844 16
P 95.398 8
F 95.398 8 16
IQ 95.399 8
IS 95.399 8
T 95.416 4 494 829 15
T 95.416 5 516 838 16
T 95.416 6 501 844 16
T 95.436 4 495 829 15
T 95.436 5 517 838 16
T 95.437 6 502 844 16
IE 95.438 7
IR 95.438 7
IA 95.439 7
T 95.456 5 518 838 16
T 95.456 6 503 844 16
T 95.513 5 519 838 16
T 95.513 6 504 844 16
T 95.517 5 520 838 16
T 95.517 6 505 844 16
T 95.517 7 496 850 16
T 95.537 5 521 838 16
T 95.537 6 506 844 16
T 95.537 7 497 850 16
T 95.557 5 522 838 16
T 95.557 6 507 844 16
T 95.557 7 498 850 16
T 95.576 5 523 838 16
T 95.577 6 508 844 16
T 95.577 7 499 850 16
T 95.596 5 524 838 16
T 95.597 6 509 844 16
T 95.597 7 500 850 16
T 95.617 5 525 838 16
T 95.617 6 510 844 16
T 95.617 7 501 850 16
T 95.636 5 526 838 16
T 95.636 6 511 844 16
T 95.636 7 502 850 16
P 95.646 1
F 95.646 1 16
IQ 95.647 1
IS 95.647 1
T 95.657 5 527 838 16
T 95.657 6 512 844 16
T 95.657 7 503 850 16
T 95.676 5 528 838 16
T 95.676 6 513 844 16
T 95.676 7 504 850 16
T 95.696 6 514 844 16
T 95.696 7 505 850 16
IE 95.702 8
IR 95.703 8
IA 95.705 8
T 95.716 6 515 844 16
T 95.716 7 506 850 16
T 95.773 6 516 844 16
T 95.773 7 507 850 16
T 95.777 6 517 844 16
T 95.777 7 508 850 16
T 95.777 8 496 857 16
T 95.797 6 518 844 16
T 95.797 7 509 850 16
T 95.797 8 497 857 16
T 95.816 6 519 844 16
T 95.817 7 510 850 16
T 95.817 8 498 857 16
T 95.836 6 520 844 16
T 95.836 7 511 850 16
T 95.836 8 499 857 16
T 95.856 6 521 844 16
T 95.857 7 512 850 16
T 95.857 8 500 857 16
T 95.876 6 522 844 16
T 95.876 7 513 850 16
T 95.876 8 501 857 16
T 95.897 6 523 844 16
T 95.897 7 514 850 16
T 95.897 8 502 857 16
P 95.898 2
F 95.898 2 16
IQ 95.899 2
IS 95.899 2
T 95.916 6 524 844 16
T 95.916 7 515 850 16
T 95.916 8 503 857 16
T 95.936 6 525 844 16
T 95.936 7 516 850 16
T 95.936 8 504 857 16
T 95.956 6 526 844 16
T 95.956 7 517 850 16
T 95.956 8 505 857 16
T 95.976 6 527 844 16
T 95.976 7 518 850 16
T 95.976 8 506 857 16
IE 95.985 1
IR 95.985 1
IA 95.987 1
T 95.996 6 528 844 16
T 95.996 7 519 850 16
T 95.996 8 507 857 16
T 96.053 7 520 850 16
T 96.053 8 508 857 16
T 96.057 7 521 850 16
T 96.057 8 509 857 16
T 96.057 1 496 863 16
T 96.077 7 522 850 16
T 96.077 8 510 857 16
T 96.077 1 497 863 16
T 96.096 7 523 850 16
T 96.097 8 511 857 16
T 96.097 1 498 863 16
T 96.116 7 524 850 16
T 96.116 8 512 857 16
T 96.116 1 499 863 16
T 96.136 7 525 850 16
T 96.136 8 513 857 16
T 96.136 1 500 863 16
P 96.146 3
F 96.147 3 16
IQ 96.147 3
IS 96.147 3
T 96.156 7 526 850 16
T 96.157 8 514 857 16
T 96.157 1 501 863 16
T 96.176 7 527 850 16
T 96.177 8 515 857 16
T 96.177 1 502 863 16
T 96.197 7 528 850 16
T 96.197 8 516 857 16
T 96.197 1 503 863 16
IE 96.203 2
IR 96.203 2
IA 96.205 2
T 96.217 8 517 857 16
T 96.217 1 504 863 16
T 96.273 8 518 857 16
T 96.273 1 505 863 16
T 96.277 8 519 857 16
T 96.278 1 506 863 16
T 96.278 2 496 869 16
T 96.297 8 520 857 16
T 96.297 1 507 863 16
T 96.297 2 497 869 16
T 96.317 8 521 857 16
T 96.317 1 508 863 16
T 96.317 2 498 869 16
T 96.337 8 522 857 16
T 96.337 1 509 863 16
T 96.337 2 499 869 16
T 96.357 8 523 857 16
T 96.357 1 510 863 16
T 96.357 2 500 869 16
T 96.377 8 524 857 16
T 96.377 1 511 863 16
T 96.377 2 501 869 16
T 96.398 8 525 857 16
T 96.398 1 512 863 16
T 96.398 2 502 869 16
P 96.398 4
F 96.399 4 16
IQ 96.399 4
IS 96.400 4
T 96.418 8 526 857 16
T 96.418 1 513 863 16
T 96.418 2 503 869 16
IE 96.431 3
IR 96.431 3
IA 96.433 3
T 96.438 8 527 857 16
T 96.438 1 514 863 16
T 96.438 2 504 869 16
T 96.495 8 528 857 16
T 96.495 1 515 863 16
T 96.495 2 505 869 16
T 96.499 1 516 863 16
T 96.499 2 506 869 16
T 96.499 3 496 875 16
T 96.519 1 517 863 16
T 96.519 2 507 869 16
T 96.519 3 497 875 16
T 96.538 1 518 863 16
T 96.538 2 508 869 16
T 96.539 3 498 875 16
T 96.558 1 519 863 16
T 96.558 2 509 869 16
T 96.558 3 499 875 16
T 96.578 1 520 863 16
T 96.578 2 510 869 16
T 96.578 3 500 875 16
T 96.598 1 521 863 16
T 96.598 2 511 869 16
T 96.598 3 501 875 16
T 96.618 1 522 863 16
T 96.618 2 512 869 16
T 96.618 3 502 875 16
T 96.638 1 523 863 16
T 96.638 2 513 869 16
T 96.638 3 503 875 16
P 96.647 5
F 96.647 5 17
IQ 96.647 5
IS 96.648 5
T 96.658 1 524 863 16
T 96.658 2 514 869 16
T 96.658 3 504 875 16
T 96.678 1 525 863 16
T 96.678 2 515 869 16
T 96.678 3 505 875 16
T 96.698 1 526 863 16
T 96.698 2 516 869 16
T 96.698 3 506 875 16
T 96.718 1 527 863 16
T 96.718 2 517 869 16
T 96.718 3 507 875 16
IE 96.728 4
IR 96.729 4
IA 96.731 4
T 96.738 1 528 863 16
T 96.738 2 518 869 16
T 96.738 3 508 875 16
T 96.794 2 519 869 16
T 96.794 3 509 875 16
T 96.799 2 520 869 16
T 96.799 3 510 875 16
T 96.799 4 496 882 16
T 96.818 2 521 869 16
T 96.818 3 511 875 16
T 96.818 4 497 882 16
T 96.838 2 522 869 16
T 96.838 3 512 875 16
T 96.838 4 498 882 16
T 96.858 2 523 869 16
T 96.858 3 513 875 16
T 96.858 4 499 882 16
T 96.878 2 524 869 16
T 96.878 3 514 875 16
T 96.878 4 500 882 16
T 96.898 2 525 869 16
T 96.898 3 515 875 16
T 96.898 4 501 882 16
P 96.899 6
F 96.900 6 17
IQ 96.900 6
IS 96.900 6
IE 96.917 5
T 96.918 2 526 869 16
T 96.919 3 516 875 16
T 96.919 4 502 882 16
IR 96.919 5
IA 96.920 5
T 96.939 2 527 869 16
T 96.939 3 517 875 16
T 96.939 4 503 882 16
T 96.997 2 528 869 16
T 96.997 3 518 875 16
T 96.997 4 504 882 16
T 97.001 3 519 875 16
T 97.001 4 505 882 16
T 97.001 5 529 891 17
T 97.020 3 520 875 16
T 97.020 4 506 882 16
T 97.020 5 530 891 17
T 97.040 3 521 875 16
T 97.040 4 507 882 16
T 97.040 5 531 891 17
T 97.060 3 522 875 16
T 97.060 4 508 882 16
T 97.060 5 532 891 17
T 97.080 3 523 875 16
T 97.080 4 509 882 16
T 97.080 5 533 891 17
T 97.100 3 524 875 16
T 97.100 4 510 882 16
T 97.100 5 534 891 17
T 97.120 3 525 875 16
T 97.120 4 511 882 16
T 97.120 5 535 891 17
T 97.140 3 526 875 16
T 97.140 4 512 882 16
T 97.140 5 536 891 17
P 97.148 7
F 97.149 7 17
IQ 97.149 7
IS 97.149 7
T 97.160 3 527 875 16
T 97.160 4 513 882 16
T 97.161 5 537 891 17
T 97.180 3 528 875 16
T 97.180 4 514 882 16
T 97.180 5 538 891 17
T 97.200 4 515 882 16
T 97.200 5 539 891 17
IE 97.218 6
IR 97.218 6
IA 97.220 6
T 97.222 4 516 882 16
T 97.222 5 540 891 17
T 97.241 4 517 882 16
T 97.241 5 541 891 17
T 97.297 4 518 882 16
T 97.297 5 542 891 17
T 97.301 4 519 882 16
T 97.302 5 543 891 17
T 97.302 6 529 897 17
T 97.321 4 520 882 16
T 97.321 5 544 891 17
T 97.321 6 530 897 17
T 97.341 4 521 882 16
T 97.341 5 545 891 17
T 97.341 6 531 897 17
T 97.361 4 522 882 16
T 97.361 5 546 891 17
T 97.361 6 532 897 17
T 97.381 4 523 882 16
T 97.381 5 547 891 17
T 97.381 6 533 897 17
P 97.399 8
F 97.400 8 17
IQ 97.400 8
IS 97.401 8
T 97.402 4 524 882 16
T 97.402 5 548 891 17
T 97.403 6 534 897 17
T 97.421 4 525 882 16
T 97.422 5 549 891 17
T 97.422 6 535 897 17
IE 97.428 7
IR 97.428 7
IA 97.430 7
T 97.442 4 526 882 16
T 97.442 5 550 891 17
T 97.442 6 536 897 17
T 97.499 4 527 882 16
T 97.499 5 551 891 17
T 97.499 6 537 897 17
T 97.503 4 528 882 16
T 97.503 5 552 891 17
T 97.503 6 538 897 17
T 97.503 7 529 903 17
T 97.523 5 553 891 17
T 97.523 6 539 897 17
T 97.523 7 530 903 17
T 97.543 5 554 891 17
T 97.543 6 540 897 17
T 97.543 7 531 903 17
T 97.563 5 555 891 17
T 97.563 6 541 897 17
T 97.563 7 532 903 17
T 97.583 5 556 891 17
T 97.583 6 542 897 17
T 97.583 7 533 903 17
T 97.603 5 557 891 17
T 97.603 6 543 897 17
T 97.603 7 534 903 17
T 97.622 5 558 891 17
T 97.623 6 544 897 17
T 97.623 7 535 903 17
T 97.642 5 559 891 17
T 97.642 6 545 897 17
T 97.643 7 536 903 17
P 97.649 1
F 97.650 1 17
IQ 97.650 1
IS 97.650 1
T 97.663 5 560 891 17
T 97.663 6 546 897 17
T 97.663 7 537 903 17
IE 97.676 8
IR 97.676 8
IA 97.677 8
T 97.683 5 561 891 17
T 97.683 6 547 897 17
T 97.683 7 538 903 17
T 97.740 6 548 897 17
T 97.740 7 539 903 17
T 97.744 6 549 897 17
T 97.744 7 540 903 17
T 97.744 8 529 910 17
T 97.764 6 550 897 17
T 97.764 7 541 903 17
T 97.764 8 530 910 17
T 97.784 6 551 897 17
T 97.784 7 542 903 17
T 97.784 8 531 910 17
T 97.803 6 552 897 17
T 97.804 7 543 903 17
T 97.804 8 532 910 17
T 97.823 6 553 897 17
T 97.823 7 544 903 17
T 97.823 8 533 910 17
T 97.843 6 554 897 17
T 97.843 7 545 903 17
T 97.843 8 534 910 17
T 97.863 6 555 897 17
T 97.864 7 546 903 17
T 97.864 8 535 910 17
T 97.883 6 556 897 17
T 97.883 7 547 903 17
T 97.883 8 536 910 17
P 97.899 2
F 97.900 2 17
IQ 97.900 2
IS 97.900 2
T 97.903 6 557 897 17
T 97.903 7 548 903 17
T 97.903 8 537 910 17
T 97.923 6 558 897 17
T 97.923 7 549 903 17
T 97.923 8 538 910 17
IE 97.927 1
IR 97.927 1
IA 97.929 1
T 97.944 6 559 897 17
T 97.944 7 550 903 17
T 97.944 8 539 910 17
T 98.001 6 560 897 17
T 98.001 7 551 903 17
T 98.001 8 540 910 17
T 98.005 6 561 897 17
T 98.005 7 552 903 17
T 98.005 8 541 910 17
T 98.005 1 529 916 17
T 98.025 7 553 903 17
T 98.025 8 542 910 17
T 98.025 1 530 916 17
T 98.045 7 554 903 17
T 98.045 8 543 910 17
T 98.045 1 531 916 17
T 98.065 7 555 903 17
T 98.065 8 544 910 17
T 98.065 1 532 916 17
T 98.085 7 556 903 17
T 98.085 8 545 910 17
T 98.085 1 533 916 17
T 98.105 7 557 903 17
T 98.105 8 546 910 17
T 98.105 1 534 916 17
T 98.125 7 558 903 17
T 98.125 8 547 910 17
T 98.125 1 535 916 17
IE 98.143 2
IR 98.143 2
IA 98.144 2
T 98.146 7 559 903 17
T 98.146 8 548 910 17
T 98.146 1 536 916 17
P 98.149 3
F 98.150 3 17
IQ 98.150 3
IS 98.150 3
T 98.166 7 560 903 17
T 98.166 8 549 910 17
T 98.166 1 537 916 17
T 98.222 7 561 903 17
T 98.222 8 550 910 17
T 98.222 1 538 916 17
T 98.226 8 551 910 17
T 98.226 1 539 916 17
T 98.226 2 529 922 17
T 98.246 8 552 910 17
T 98.246 1 540 916 17
T 98.246 2 530 922 17
T 98.266 8 553 910 17
T 98.266 1 541 916 17
T 98.266 2 531 922 17
T 98.286 8 554 910 17
T 98.286 1 542 916 17
T 98.286 2 532 922 17
T 98.306 8 555 910 17
T 98.306 1 543 916 17
T 98.306 2 533 922 17
T 98.326 8 556 910 17
T 98.326 1 544 916 17
T 98.326 2 534 922 17
T 98.346 8 557 910 17
T 98.346 1 545 916 17
T 98.346 2 535 922 17
T 98.366 8 558 910 17
T 98.367 1 546 916 17
T 98.367 2 536 922 17
IE 98.369 3
IR 98.369 3
IA 98.370 3
T 98.387 8 559 910 17
T 98.387 1 547 916 17
T 98.387 2 537 922 17
P 98.400 4
F 98.400 4 17
IQ 98.401 4
IS 98.401 4
T 98.444 8 560 910 17
T 98.444 1 548 916 17
T 98.444 2 538 922 17
T 98.448 8 561 910 17
T 98.448 1 549 916 17
T 98.448 2 539 922 17
T 98.448 3 529 928 17
T 98.468 1 550 916 17
T 98.468 2 540 922 17
T 98.468 3 530 928 17
T 98.488 1 551 916 17
T 98.488 2 541 922 17
T 98.488 3 531 928 17
T 98.508 1 552 916 17
T 98.508 2 542 922 17
T 98.508 3 532 928 17
T 98.528 1 553 916 17
T 98.528 2 543 922 17
T 98.528 3 533 928 17
T 98.548 1 554 916 17
T 98.548 2 544 922 17
T 98.549 3 534 928 17
T 98.568 1 555 916 17
T 98.568 2 545 922 17
T 98.568 3 535 928 17
T 98.589 1 556 916 17
T 98.589 2 546 922 17
T 98.589 3 536 928 17
T 98.608 1 557 916 17
T 98.609 2 547 922 17
T 98.609 3 537 928 17
T 98.628 1 558 916 17
T 98.628 2 548 922 17
T 98.629 3 538 928 17
T 98.648 1 559 916 17
T 98.649 2 549 922 17
T 98.649 3 539 928 17
P 98.651 5
F 98.652 5 18
IQ 98.652 5
IS 98.652 5
T 98.669 1 560 916 17
T 98.669 2 550 922 17
T 98.669 3 540 928 17
IE 98.686 4
IR 98.686 4
IA 98.688 4
T 98.689 1 561 916 17
T 98.689 2 551 922 17
T 98.689 3 541 928 17
T 98.710 2 552 922 17
T 98.710 3 542 928 17
T 98.765 2 553 922 17
T 98.765 3 543 928 17
T 98.770 2 554 922 17
T 98.770 3 544 928 17
T 98.770 4 529 935 17
T 98.790 2 555 922 17
T 98.790 3 545 928 17
T 98.790 4 530 935 17
T 98.810 2 556 922 17
T 98.810 3 546 928 17
T 98.810 4 531 935 17
T 98.830 2 557 922 17
T 98.830 3 547 928 17
T 98.830 4 532 935 17
T 98.850 2 558 922 17
T 98.850 3 548 928 17
T 98.850 4 533 935 17
T 98.870 2 559 922 17
T 98.870 3 549 928 17
T 98.870 4 534 935 17
IE 98.873 5
IR 98.873 5
IA 98.875 5
T 98.890 2 560 922 17
T 98.890 3 550 928 17
T 98.890 4 535 935 17
P 98.901 6
F 98.901 6 18
IQ 98.902 6
IS 98.902 6
T 98.947 2 561 922 17
T 98.947 3 551 928 17
T 98.947 4 536 935 17
T 98.952 3 552 928 17
T 98.952 4 537 935 17
T 98.952 5 562 944 18
T 98.972 3 553 928 17
T 98.972 4 538 935 17
T 98.972 5 563 944 18
T 98.992 3 554 928 17
T 98.992 4 539 935 17
T 98.992 5 564 944 18
T 99.012 3 555 928 17
T 99.012 4 540 935 17
T 99.012 5 565 944 18
T 99.032 3 556 928 17
T 99.032 4 541 935 17
T 99.032 5 566 944 18
T 99.052 3 557 928 17
T 99.052 4 542 935 17
T 99.052 5 567 944 18
T 99.072 3 558 928 17
T 99.072 4 543 935 17
T 99.072 5 568 944 18
T 99.092 3 559 928 17
T 99.092 4 544 935 17
T 99.092 5 569 944 18
T 99.112 3 560 928 17
T 99.112 4 545 935 17
T 99.112 5 570 944 18
T 99.132 3 561 928 17
T 99.132 4 546 935 17
T 99.132 5 571 944 18
T 99.152 4 547 935 17
T 99.152 5 572 944 18
P 99.153 7
F 99.153 7 18
IQ 99.153 7
IS 99.154 7
T 99.172 4 548 935 17
T 99.172 5 573 944 18
T 99.192 4 549 935 17
T 99.192 5 574 944 18
T 99.212 4 550 935 17
T 99.212 5 575 944 18
IE 99.215 6
IR 99.216 6
IA 99.217 6
T 99.233 4 551 935 17
T 99.233 5 576 944 18
T 99.288 4 552 935 17
T 99.288 5 577 944 18
T 99.293 4 553 935 17
T 99.293 5 578 944 18
T 99.293 6 562 950 18
T 99.313 4 554 935 17
T 99.313 5 579 944 18
T 99.313 6 563 950 18
T 99.333 4 555 935 17
T 99.333 5 580 944 18
T 99.333 6 564 950 18
T 99.353 4 556 935 17
T 99.353 5 581 944 18
T 99.353 6 565 950 18
IE 99.372 7
IR 99.382 7
IA 99.383 7
T 99.384 4 557 935 17
T 99.384 5 582 944 18
T 99.385 6 566 950 18
T 99.393 4 558 935 17
T 99.393 5 583 944 18
T 99.393 6 567 950 18
P 99.402 8
F 99.403 8 18
IQ 99.403 8
IS 99.403 8
T 99.450 4 559 935 17
T 99.450 5 584 944 18
T 99.451 6 568 950 18
T 99.455 4 560 935 17
T 99.455 5 585 944 18
T 99.455 6 569 950 18
T 99.455 7 562 956 18
T 99.475 4 561 935 17
T 99.475 5 586 944 18
T 99.475 6 570 950 18
T 99.475 7 563 956 18
T 99.495 5 587 944 18
T 99.495 6 571 950 18
T 99.495 7 564 956 18
T 99.515 5 588 944 18
T 99.515 6 572 950 18
T 99.515 7 565 956 18
T 99.535 5 589 944 18
T 99.535 6 573 950 18
T 99.535 7 566 956 18
T 99.554 5 590 944 18
T 99.554 6 574 950 18
T 99.555 7 567 956 18
T 99.574 5 591 944 18
T 99.574 6 575 950 18
T 99.574 7 568 956 18
T 99.594 5 592 944 18
T 99.594 6 576 950 18
T 99.594 7 569 956 18
T 99.614 5 593 944 18
T 99.615 6 577 950 18
T 99.615 7 570 956 18
T 99.634 5 594 944 18
T 99.635 6 578 950 18
T 99.635 7 571 956 18
P 99.654 1
F 99.654 1 18
IQ 99.654 1
T 99.655 6 579 950 18
IS 99.655 1
T 99.655 7 572 956 18
T 99.675 6 580 950 18
T 99.675 7 573 956 18
T 99.695 6 581 950 18
T 99.695 7 574 956 18
IE 99.707 8
IR 99.707 8
IA 99.708 8
T 99.715 6 582 950 18
T 99.715 7 575 956 18
T 99.772 6 583 950 18
T 99.772 7 576 956 18
T 99.776 6 584 950 18
T 99.776 7 577 956 18
T 99.776 8 562 963 18
T 99.796 6 585 950 18
T 99.796 7 578 956 18
T 99.796 8 563 963 18
T 99.816 6 586 950 18
T 99.816 7 579 956 18
T 99.816 8 564 963 18
T 99.836 6 587 950 18
T 99.836 7 580 956 18
T 99.836 8 565 963 18
T 99.856 6 588 950 18
T 99.856 7 581 956 18
T 99.856 8 566 963 18
T 99.876 6 589 950 18
T 99.876 7 582 956 18
T 99.876 8 567 963 18
IE 99.890 1
IR 99.890 1
IA 99.892 1
T 99.897 6 590 950 18
T 99.897 7 583 956 18
T 99.897 8 568 963 18
P 99.903 2
F 99.903 2 18
IQ 99.904 2
IS 99.904 2
T 99.953 6 591 950 18
T 99.953 7 584 956 18
T 99.953 8 569 963 18
T 99.958 6 592 950 18
T 99.958 7 585 956 18
T 99.958 8 570 963 18
T 99.958 1 562 969 18
T 99.978 6 593 950 18
T 99.978 7 586 956 18
T 99.978 8 571 963 18
T 99.978 1 563 969 18
T 99.998 6 594 950 18
T 99.998 7 587 956 18
T 99.998 8 572 963 18
T 99.998 1 564 969 18
T 100.018 7 588 956 18
T 100.018 8 573 963 18
T 100.018 1 565 969 18
T 100.038 7 589 956 18
T 100.038 8 574 963 18
T 100.038 1 566 969 18
T 100.058 7 590 956 18
T 100.058 8 575 963 18
T 100.058 1 567 969 18
T 100.078 7 591 956 18
T 100.078 8 576 963 18
T 100.078 1 568 969 18
T 100.098 7 592 956 18
T 100.098 8 577 963 18
T 100.098 1 569 969 18
T 100.118 7 593 956 18
T 100.118 8 578 963 18
T 100.118 1 570 969 18
T 100.138 7 594 956 18
T 100.138 8 579 963 18
T 100.138 1 571 969 18
IE 100.144 2
IR 100.144 2
IA 100.146 2
P 100.153 3
F 100.153 3 18
IQ 100.154 3
IS 100.154 3
T 100.158 8 580 963 18
T 100.158 1 572 969 18
T 100.216 8 581 963 18
T 100.216 1 573 969 18
T 100.220 8 582 963 18
T 100.220 1 574 969 18
T 100.220 2 562 975 18
T 100.240 8 583 963 18
T 100.240 1 575 969 18
T 100.240 2 563 975 18
T 100.260 8 584 963 18
T 100.260 1 576 969 18
T 100.260 2 564 975 18
T 100.280 8 585 963 18
T 100.280 1 577 969 18
T 100.280 2 565 975 18
T 100.300 8 586 963 18
T 100.300 1 578 969 18
T 100.300 2 566 975 18
T 100.320 8 587 963 18
T 100.320 1 579 969 18
T 100.320 2 567 975 18
T 100.340 8 588 963 18
T 100.340 1 580 969 18
T 100.340 2 568 975 18
T 100.360 8 589 963 18
T 100.360 1 581 969 18
T 100.360 2 569 975 18
T 100.380 8 590 963 18
T 100.380 1 582 969 18
T 100.381 2 570 975 18
IE 100.381 3
IR 100.381 3
IA 100.383 3
T 100.400 8 591 963 18
T 100.400 1 583 969 18
T 100.400 2 571 975 18
P 100.404 4
F 100.405 4 18
IQ 100.405 4
IS 100.406 4
T 100.457 8 592 963 18
T 100.457 1 584 969 18
T 100.457 2 572 975 18
T 100.462 8 593 963 18
T 100.462 1 585 969 18
T 100.462 2 573 975 18
T 100.462 3 562 981 18
T 100.481 8 594 963 18
T 100.482 1 586 969 18
T 100.482 2 574 975 18
T 100.482 3 563 981 18
T 100.502 1 587 969 18
T 100.502 2 575 975 18
T 100.502 3 564 981 18
T 100.522 1 588 969 18
T 100.522 2 576 975 18
T 100.522 3 565 981 18
T 100.541 1 589 969 18
T 100.541 2 577 975 18
T 100.542 3 566 981 18
T 100.561 1 590 969 18
T 100.562 2 578 975 18
T 100.562 3 567 981 18
T 100.581 1 591 969 18
T 100.581 2 579 975 18
T 100.581 3 568 981 18
T 100.601 1 592 969 18
T 100.602 2 580 975 18
T 100.602 3 569 981 18
T 100.621 1 593 969 18
T 100.622 2 581 975 18
T 100.622 3 570 981 18
T 100.642 1 594 969 18
T 100.642 2 582 975 18
T 100.642 3 571 981 18
P 100.656 5
F 100.656 5 19
IQ 100.657 5
IS 100.657 5
IE 100.659 4
IR 100.660 4
IA 100.661 4
T 100.662 2 583 975 18
T 100.663 3 572 981 18
T 100.683 2 584 975 18
T 100.683 3 573 981 18
T 100.738 2 585 975 18
T 100.738 3 574 981 18
T 100.743 2 586 975 18
T 100.743 3 575 981 18
T 100.744 4 562 988 18
T 100.763 2 587 975 18
T 100.763 3 576 981 18
T 100.763 4 563 988 18
T 100.783 2 588 975 18
T 100.783 3 577 981 18
T 100.783 4 564 988 18
T 100.803 2 589 975 18
T 100.803 3 578 981 18
T 100.803 4 565 988 18
T 100.823 2 590 975 18
T 100.823 3 579 981 18
T 100.823 4 566 988 18
T 100.843 2 591 975 18
T 100.843 3 580 981 18
T 100.844 4 567 988 18
T 100.864 2 592 975 18
T 100.864 3 581 981 18
T 100.864 4 568 988 18
T 100.884 2 593 975 18
T 100.884 3 582 981 18
T 100.884 4 569 988 18
T 100.904 2 594 975 18
T 100.905 3 583 981 18
T 100.905 4 570 988 18
P 100.905 6
F 100.906 6 19
IQ 100.906 6
IS 100.906 6
T 100.924 3 584 981 18
T 100.924 4 571 988 18
IE 100.930 5
IR 100.931 5
IA 100.932 5
T 100.944 3 585 981 18
T 100.944 4 572 988 18
T 101.001 3 586 981 18
T 101.001 4 573 988 18
T 101.005 3 587 981 18
T 101.005 4 574 988 18
T 101.006 5 595 997 19
T 101.026 3 588 981 18
T 101.026 4 575 988 18
T 101.026 5 596 997 19
T 101.046 3 589 981 18
T 101.046 4 576 988 18
T 101.046 5 597 997 19
T 101.066 3 590 981 18
T 101.066 4 577 988 18
T 101.066 5 598 997 19
T 101.086 3 591 981 18
T 101.086 4 578 988 18
T 101.086 5 599 997 19
T 101.106 3 592 981 18
T 101.106 4 579 988 18
T 101.106 5 600 997 19
T 101.126 3 593 981 18
T 101.126 4 580 988 18
T 101.126 5 601 997 19
T 101.147 3 594 981 18
T 101.147 4 581 988 18
T 101.147 5 602 997 19
P 101.156 7
F 101.157 7 19
IQ 101.157 7
IS 101.157 7
T 101.167 4 582 988 18
T 101.167 5 603 997 19
IE 101.168 6
IR 101.169 6
IA 101.170 6
T 101.187 4 583 988 18
T 101.187 5 604 997 19
T 101.243 4 584 988 18
T 101.243 5 605 997 19
T 101.248 4 585 988 18
T 101.248 5 606 997 19
T 101.248 6 595 1003 19
T 101.268 4 586 988 18
T 101.268 5 607 997 19
T 101.268 6 596 1003 19
T 101.288 4 587 988 18
T 101.288 5 608 997 19
T 101.288 6 597 1003 19
T 101.308 4 588 988 18
T 101.308 5 609 997 19
T 101.308 6 598 1003 19
T 101.328 4 589 988 18
T 101.328 5 610 997 19
T 101.328 6 599 1003 19
T 101.348 4 590 988 18
T 101.348 5 611 997 19
T 101.348 6 600 1003 19
T 101.368 4 591 988 18
T 101.369 5 612 997 19
T 101.369 6 601 1003 19
T 101.388 4 592 988 18
T 101.389 5 613 997 19
T 101.389 6 602 1003 19
P 101.406 8
F 101.407 8 19
IQ 101.407 8
IS 101.407 8
T 101.409 4 593 988 18
T 101.409 5 614 997 19
T 101.409 6 603 1003 19
T 101.429 4 594 988 18
T 101.429 5 615 997 19
T 101.429 6 604 1003 19
IE 101.434 7
IR 101.434 7
IA 101.436 7
T 101.449 5 616 997 19
T 101.449 6 605 1003 19
T 101.507 5 617 997 19
T 101.507 6 606 1003 19
T 101.511 5 618 997 19
T 101.511 6 607 1003 19
T 101.511 7 595 1009 19
T 101.531 5 619 997 19
T 101.532 6 608 1003 19
T 101.532 7 596 1009 19
T 101.551 5 620 997 19
T 101.552 6 609 1003 19
T 101.552 7 597 1009 19
T 101.572 5 621 997 19
T 101.572 6 610 1003 19
T 101.572 7 598 1009 19
T 101.592 5 622 997 19
T 101.592 6 611 1003 19
T 101.592 7 599 1009 19
T 101.612 5 623 997 19
T 101.612 6 612 1003 19
T 101.612 7 600 1009 19
T 101.632 5 624 997 19
T 101.633 6 613 1003 19
T 101.633 7 601 1009 19
T 101.653 5 625 997 19
T 101.653 6 614 1003 19
T 101.653 7 602 1009 19
P 101.656 1
F 101.657 1 19
IQ 101.657 1
IS 101.657 1
T 101.673 5 626 997 19
T 101.673 6 615 1003 19
T 101.673 7 603 1009 19
T 101.693 5 627 997 19
T 101.693 6 616 1003 19
T 101.693 7 604 1009 19
IE 101.707 8
IR 101.707 8
IA 101.709 8
T 101.714 6 617 1003 19
T 101.714 7 605 1009 19
T 101.770 6 618 1003 19
T 101.770 7 606 1009 19
T 101.775 6 619 1003 19
T 101.775 7 607 1009 19
T 101.775 8 595 1016 19
T 101.795 6 620 1003 19
T 101.795 7 608 1009 19
T 101.795 8 596 1016 19
T 101.815 6 621 1003 19
T 101.815 7 609 1009 19
T 101.815 8 597 1016 19
T 101.835 6 622 1003 19
T 101.835 7 610 1009 19
T 101.835 8 598 1016 19
T 101.855 6 623 1003 19
T 101.855 7 611 1009 19
T 101.855 8 599 1016 19
T 101.875 6 624 1003 19
T 101.875 7 612 1009 19
T 101.875 8 600 1016 19
T 101.895 6 625 1003 19
T 101.895 7 613 1009 19
T 101.895 8 601 1016 19
P 101.907 2
F 101.907 2 19
IQ 101.908 2
IS 101.908 2
T 101.916 6 626 1003 19
T 101.916 7 614 1009 19
T 101.916 8 602 1016 19
T 101.936 6 627 1003 19
T 101.936 7 615 1009 19
T 101.936 8 603 1016 19
T 101.956 7 616 1009 19
T 101.956 8 604 1016 19
T 101.976 7 617 1009 19
T 101.976 8 605 1016 19
IE 101.981 1
IR 101.982 1
IA 101.983 1
T 101.996 7 618 1009 19
T 101.996 8 606 1016 19
T 102.052 7 619 1009 19
T 102.052 8 607 1016 19
T 102.057 7 620 1009 19
T 102.057 8 608 1016 19
T 102.057 1 595 1022 19
T 102.077 7 621 1009 19
T 102.077 8 609 1016 19
T 102.077 1 596 1022 19
T 102.097 7 622 1009 19
T 102.097 8 610 1016 19
T 102.097 1 597 1022 19
T 102.117 7 623 1009 19
T 102.117 8 611 1016 19
T 102.117 1 598 1022 19
T 102.137 7 624 1009 19
T 102.138 8 612 1016 19
T 102.138 1 599 1022 19
T 102.158 7 625 1009 19
T 102.158 8 613 1016 19
T 102.158 1 600 1022 19
P 102.158 3
F 102.159 3 19
IQ 102.159 3
IS 102.159 3
T 102.178 7 626 1009 19
T 102.178 8 614 1016 19
T 102.178 1 601 1022 19
T 102.198 7 627 1009 19
T 102.198 8 615 1016 19
T 102.198 1 602 1022 19
IE 102.213 2
IR 102.213 2
IA 102.215 2
T 102.219 8 616 1016 19
T 102.219 1 603 1022 19
T 102.274 8 617 1016 19
T 102.275 1 604 1022 19
T 102.280 8 618 1016 19
T 102.280 1 605 1022 19
T 102.280 2 595 1028 19
T 102.299 8 619 1016 19
T 102.300 1 606 1022 19
T 102.300 2 596 1028 19
T 102.320 8 620 1016 19
T 102.320 1 607 1022 19
T 102.320 2 597 1028 19
T 102.340 8 621 1016 19
T 102.340 1 608 1022 19
T 102.340 2 598 1028 19
T 102.360 8 622 1016 19
T 102.360 1 609 1022 19
T 102.360 2 599 1028 19
T 102.380 8 623 1016 19
T 102.380 1 610 1022 19
T 102.380 2 600 1028 19
T 102.400 8 624 1016 19
T 102.400 1 611 1022 19
T 102.400 2 601 1028 19
P 102.408 4
F 102.409 4 19
IQ 102.409 4
IS 102.410 4
T 102.420 8 625 1016 19
T 102.420 1 612 1022 19
T 102.421 2 602 1028 19
T 102.440 8 626 1016 19
T 102.441 1 613 1022 19
T 102.441 2 603 1028 19
IE 102.460 3
IR 102.460 3
IA 102.461 3
T 102.463 8 627 1016 19
T 102.463 1 614 1022 19
T 102.463 2 604 1028 19
T 102.481 1 615 1022 19
T 102.481 2 605 1028 19
T 102.538 1 616 1022 19
T 102.538 2 606 1028 19
T 102.543 1 617 1022 19
T 102.543 2 607 1028 19
T 102.543 3 595 1034 19
T 102.563 1 618 1022 19
T 102.563 2 608 1028 19
T 102.563 3 596 1034 19
T 102.583 1 619 1022 19
T 102.583 2 609 1028 19
T 102.583 3 597 1034 19
T 102.603 1 620 1022 19
T 102.603 2 610 1028 19
T 102.603 3 598 1034 19
T 102.623 1 621 1022 19
T 102.623 2 611 1028 19
T 102.623 3 599 1034 19
T 102.643 1 622 1022 19
T 102.643 2 612 1028 19
T 102.644 3 600 1034 19
P 102.660 5
F 102.660 5 20
IQ 102.661 5
IS 102.661 5
T 102.664 1 623 1022 19
T 102.664 2 613 1028 19
T 102.664 3 601 1034 19
T 102.684 1 624 1022 19
T 102.684 2 614 1028 19
T 102.684 3 602 1034 19
T 102.704 1 625 1022 19
T 102.705 2 615 1028 19
T 102.705 3 603 1034 19
IE 102.723 4
T 102.725 1 626 1022 19
T 102.725 2 616 1028 19
T 102.725 3 604 1034 19
IR 102.725 4
IA 102.726 4
T 102.745 1 627 1022 19
T 102.745 2 617 1028 19
T 102.745 3 605 1034 19
T 102.802 2 618 1028 19
T 102.802 3 606 1034 19
T 102.807 2 619 1028 19
T 102.807 3 607 1034 19
T 102.807 4 595 1041 19
T 102.827 2 620 1028 19
T 102.827 3 608 1034 19
T 102.827 4 596 1041 19
T 102.848 2 621 1028 19
T 102.848 3 609 1034 19
T 102.848 4 597 1041 19
T 102.867 2 622 1028 19
T 102.867 3 610 1034 19
T 102.867 4 598 1041 19
IE 102.883 5
IR 102.884 5
IA 102.885 5
T 102.887 2 623 1028 19
T 102.887 3 611 1034 19
T 102.887 4 599 1041 19
T 102.908 2 624 1028 19
T 102.908 3 612 1034 19
T 102.908 4 600 1041 19
P 102.909 6
F 102.910 6 20
IQ 102.910 6
IS 102.910 6
T 102.966 2 625 1028 19
T 102.966 3 613 1034 19
T 102.966 4 601 1041 19
T 102.970 2 626 1028 19
T 102.971 3 614 1034 19
T 102.971 4 602 1041 19
T 102.971 5 628 1050 20
T 102.991 2 627 1028 19
T 102.991 3 615 1034 19
T 102.991 4 603 1041 19
T 102.991 5 629 1050 20
T 103.011 3 616 1034 19
T 103.011 4 604 1041 19
T 103.011 5 630 1050 20
T 103.031 3 617 1034 19
T 103.031 4 605 1041 19
T 103.031 5 631 1050 20
T 103.052 3 618 1034 19
T 103.052 4 606 1041 19
T 103.052 5 632 1050 20
T 103.072 3 619 1034 19
T 103.072 4 607 1041 19
T 103.072 5 633 1050 20
T 103.092 3 620 1034 19
T 103.092 4 608 1041 19
T 103.092 5 634 1050 20
T 103.112 3 621 1034 19
T 103.112 4 609 1041 19
T 103.112 5 635 1050 20
T 103.134 3 622 1034 19
T 103.134 4 610 1041 19
T 103.134 5 636 1050 20
IE 103.139 6
IR 103.139 6
IA 103.141 6
T 103.154 3 623 1034 19
T 103.154 4 611 1041 19
T 103.154 5 637 1050 20
P 103.160 7
F 103.160 7 20
IQ 103.161 7
IS 103.161 7
T 103.210 3 624 1034 19
T 103.210 4 612 1041 19
T 103.210 5 638 1050 20
T 103.215 3 625 1034 19
T 103.215 4 613 1041 19
T 103.215 5 639 1050 20
T 103.215 6 628 1056 20
T 103.235 3 626 1034 19
T 103.235 4 614 1041 19
T 103.235 5 640 1050 20
T 103.236 6 629 1056 20
T 103.256 3 627 1034 19
T 103.256 4 615 1041 19
T 103.256 5 641 1050 20
T 103.256 6 630 1056 20
T 103.276 4 616 1041 19
T 103.276 5 642 1050 20
T 103.276 6 631 1056 20
T 103.296 4 617 1041 19
T 103.296 5 643 1050 20
T 103.296 6 632 1056 20
T 103.316 4 618 1041 19
T 103.316 5 644 1050 20
T 103.316 6 633 1056 20
T 103.336 4 619 1041 19
T 103.337 5 645 1050 20
T 103.337 6 634 1056 20
T 103.357 4 620 1041 19
T 103.357 5 646 1050 20
T 103.357 6 635 1056 20
T 103.377 4 621 1041 19
T 103.377 5 647 1050 20
T 103.377 6 636 1056 20
IE 103.391 7
IR 103.392 7
IA 103.393 7
T 103.397 4 622 1041 19
T 103.397 5 648 1050 20
T 103.398 6 637 1056 20
P 103.411 8
F 103.411 8 20
IQ 103.411 8
IS 103.412 8
T 103.455 4 623 1041 19
T 103.455 5 649 1050 20
T 103.455 6 638 1056 20
T 103.460 4 624 1041 19
T 103.460 5 650 1050 20
T 103.460 6 639 1056 20
T 103.460 7 628 1062 20
T 103.480 4 625 1041 19
T 103.480 5 651 1050 20
T 103.480 6 640 1056 20
T 103.480 7 629 1062 20
T 103.501 4 626 1041 19
T 103.501 5 652 1050 20
T 103.501 6 641 1056 20
T 103.501 7 630 1062 20
T 103.521 4 627 1041 19
T 103.521 5 653 1050 20
T 103.521 6 642 1056 20
T 103.521 7 631 1062 20
T 103.541 5 654 1050 20
T 103.541 6 643 1056 20
T 103.541 7 632 1062 20
T 103.561 5 655 1050 20
T 103.561 6 644 1056 20
T 103.562 7 633 1062 20
T 103.582 5 656 1050 20
T 103.582 6 645 1056 20
T 103.582 7 634 1062 20
T 103.602 5 657 1050 20
T 103.602 6 646 1056 20
T 103.602 7 635 1062 20
T 103.622 5 658 1050 20
T 103.622 6 647 1056 20
T 103.622 7 636 1062 20
T 103.643 5 659 1050 20
T 103.643 6 648 1056 20
T 103.643 7 637 1062 20
P 103.661 1
F 103.661 1 20
IQ 103.662 1
IS 103.662 1
T 103.664 5 660 1050 20
T 103.664 6 649 1056 20
T 103.664 7 638 1062 20
IE 103.666 8
IR 103.666 8
IA 103.668 8
T 103.684 6 650 1056 20
T 103.684 7 639 1062 20
T 103.740 6 651 1056 20
T 103.740 7 640 1062 20
T 103.745 6 652 1056 20
T 103.745 7 641 1062 20
T 103.745 8 628 1069 20
T 103.765 6 653 1056 20
T 103.765 7 642 1062 20
T 103.765 8 629 1069 20
T 103.786 6 654 1056 20
T 103.786 7 643 1062 20
T 103.786 8 630 1069 20
T 103.806 6 655 1056 20
T 103.806 7 644 1062 20
T 103.806 8 631 1069 20
T 103.826 6 656 1056 20
T 103.826 7 645 1062 20
T 103.826 8 632 1069 20
T 103.847 6 657 1056 20
T 103.847 7 646 1062 20
T 103.847 8 633 1069 20
T 103.867 6 658 1056 20
T 103.867 7 647 1062 20
T 103.867 8 634 1069 20
T 103.887 6 659 1056 20
T 103.888 7 648 1062 20
T 103.888 8 635 1069 20
IE 103.894 1
IR 103.895 1
IA 103.896 1
T 103.908 6 660 1056 20
T 103.908 7 649 1062 20
T 103.908 8 636 1069 20
P 103.911 2
F 103.911 2 20
IQ 103.911 2
IS 103.912 2
T 103.965 7 650 1062 20
T 103.965 8 637 1069 20
T 103.970 7 651 1062 20
T 103.970 8 638 1069 20
T 103.970 1 628 1075 20
T 103.990 7 652 1062 20
T 103.990 8 639 1069 20
T 103.990 1 629 1075 20
T 104.010 7 653 1062 20
T 104.010 8 640 1069 20
T 104.011 1 630 1075 20
T 104.031 7 654 1062 20
T 104.031 8 641 1069 20
T 104.031 1 631 1075 20
T 104.051 7 655 1062 20
T 104.051 8 642 1069 20
T 104.051 1 632 1075 20
T 104.071 7 656 1062 20
T 104.071 8 643 1069 20
T 104.071 1 633 1075 20
T 104.092 7 657 1062 20
T 104.092 8 644 1069 20
T 104.092 1 634 1075 20
T 104.112 7 658 1062 20
T 104.112 8 645 1069 20
T 104.112 1 635 1075 20
T 104.132 7 659 1062 20
T 104.132 8 646 1069 20
T 104.133 1 636 1075 20
T 104.152 7 660 1062 20
T 104.153 8 647 1069 20
T 104.153 1 637 1075 20
P 104.161 3
F 104.162 3 20
IQ 104.162 3
IS 104.162 3
T 104.173 8 648 1069 20
T 104.173 1 638 1075 20
T 104.192 8 649 1069 20
T 104.193 1 639 1075 20
IE 104.197 2
IR 104.197 2
IA 104.199 2
T 104.213 8 650 1069 20
T 104.213 1 640 1075 20
T 104.269 8 651 1069 20
T 104.269 1 641 1075 20
T 104.274 8 652 1069 20
T 104.274 1 642 1075 20
T 104.274 2 628 1081 20
T 104.294 8 653 1069 20
T 104.294 1 643 1075 20
T 104.294 2 629 1081 20
T 104.314 8 654 1069 20
T 104.315 1 644 1075 20
T 104.315 2 630 1081 20
T 104.335 8 655 1069 20
T 104.335 1 645 1075 20
T 104.335 2 631 1081 20
T 104.355 8 656 1069 20
T 104.355 1 646 1075 20
T 104.355 2 632 1081 20
T 104.375 8 657 1069 20
T 104.375 1 647 1075 20
T 104.375 2 633 1081 20
T 104.396 8 658 1069 20
T 104.396 1 648 1075 20
T 104.396 2 634 1081 20
IE 104.397 3
IR 104.397 3
IA 104.398 3
P 104.411 4
F 104.412 4 20
IQ 104.412 4
IS 104.412 4
T 104.416 8 659 1069 20
T 104.416 1 649 1075 20
T 104.416 2 635 1081 20
T 104.473 8 660 1069 20
T 104.473 1 650 1075 20
T 104.473 2 636 1081 20
T 104.478 1 651 1075 20
T 104.478 2 637 1081 20
T 104.478 3 628 1087 20
T 104.498 1 652 1075 20
T 104.498 2 638 1081 20
T 104.498 3 629 1087 20
T 104.518 1 653 1075 20
T 104.519 2 639 1081 20
T 104.519 3 630 1087 20
T 104.539 1 654 1075 20
T 104.539 2 640 1081 20
T 104.539 3 631 1087 20
T 104.559 1 655 1075 20
T 104.559 2 641 1081 20
T 104.559 3 632 1087 20
T 104.579 1 656 1075 20
T 104.579 2 642 1081 20
T 104.579 3 633 1087 20
T 104.600 1 657 1075 20
T 104.600 2 643 1081 20
T 104.600 3 634 1087 20
T 104.620 1 658 1075 20
T 104.620 2 644 1081 20
T 104.620 3 635 1087 20
IE 104.623 4
IR 104.623 4
IA 104.624 4
T 104.641 1 659 1075 20
T 104.641 2 645 1081 20
T 104.641 3 636 1087 20
P 104.662 5
F 104.663 5 21
IQ 104.663 5
IS 104.663 5
T 104.698 1 660 1075 20
T 104.698 2 646 1081 20
T 104.698 3 637 1087 20
T 104.703 2 647 1081 20
T 104.703 3 638 1087 20
T 104.703 4 628 1094 20
T 104.723 2 648 1081 20
T 104.723 3 639 1087 20
T 104.723 4 629 1094 20
T 104.744 2 649 1081 20
T 104.744 3 640 1087 20
T 104.744 4 630 1094 20
T 104.764 2 650 1081 20
T 104.764 3 641 1087 20
T 104.764 4 631 1094 20
T 104.784 2 651 1081 20
T 104.784 3 642 1087 20
T 104.784 4 632 1094 20
T 104.804 2 652 1081 20
T 104.805 3 643 1087 20
T 104.805 4 633 1094 20
T 104.825 2 653 1081 20
T 104.825 3 644 1087 20
T 104.825 4 634 1094 20
T 104.845 2 654 1081 20
T 104.845 3 645 1087 20
T 104.845 4 635 1094 20
T 104.866 2 655 1081 20
T 104.866 3 646 1087 20
T 104.866 4 636 1094 20
T 104.886 2 656 1081 20
T 104.886 3 647 1087 20
T 104.886 4 637 1094 20
T 104.907 2 657 1081 20
T 104.907 3 648 1087 20
T 104.907 4 638 1094 20
IE 104.910 5
IR 104.910 5
IA 104.911 5
P 104.913 6
F 104.913 6 21
IQ 104.913 6
IS 104.914 6
T 104.928 2 658 1081 20
T 104.928 3 649 1087 20
T 104.928 4 639 1094 20
T 104.984 2 659 1081 20
T 104.984 3 650 1087 20
T 104.984 4 640 1094 20
T 104.990 2 660 1081 20
T 104.990 3 651 1087 20
T 104.990 4 641 1094 20
T 104.990 5 661 1103 21
T 105.010 3 652 1087 20
T 105.010 4 642 1094 20
T 105.010 5 662 1103 21
T 105.030 3 653 1087 20
T 105.030 4 643 1094 20
T 105.030 5 663 1103 21
T 105.051 3 654 1087 20
T 105.051 4 644 1094 20
T 105.051 5 664 1103 21
T 105.071 3 655 1087 20
T 105.071 4 645 1094 20
T 105.071 5 665 1103 21
T 105.091 3 656 1087 20
T 105.092 4 646 1094 20
T 105.092 5 666 1103 21
T 105.112 3 657 1087 20
T 105.112 4 647 1094 20
T 105.112 5 667 1103 21
IE 105.126 6
IR 105.126 6
IA 105.128 6
T 105.133 3 658 1087 20
T 105.133 4 648 1094 20
T 105.133 5 668 1103 21
P 105.165 7
F 105.165 7 21
IQ 105.166 7
IS 105.166 7
T 105.190 3 659 1087 20
T 105.190 4 649 1094 20
T 105.190 5 669 1103 21
T 105.195 3 660 1087 20
T 105.195 4 650 1094 20
T 105.195 5 670 1103 21
T 105.195 6 661 1109 21
T 105.215 4 651 1094 20
T 105.215 5 671 1103 21
T 105.216 6 662 1109 21
T 105.235 4 652 1094 20
T 105.236 5 672 1103 21
T 105.236 6 663 1109 21
T 105.256 4 653 1094 20
T 105.256 5 673 1103 21
T 105.256 6 664 1109 21
T 105.276 4 654 1094 20
T 105.276 5 674 1103 21
T 105.276 6 665 1109 21
T 105.296 4 655 1094 20
T 105.296 5 675 1103 21
T 105.296 6 666 1109 21
T 105.316 4 656 1094 20
T 105.317 5 676 1103 21
T 105.317 6 667 1109 21
T 105.337 4 657 1094 20
T 105.337 5 677 1103 21
T 105.337 6 668 1109 21
T 105.357 4 658 1094 20
T 105.357 5 678 1103 21
T 105.357 6 669 1109 21
T 105.377 4 659 1094 20
T 105.377 5 679 1103 21
T 105.378 6 670 1109 21
T 105.398 4 660 1094 20
T 105.398 5 680 1103 21
T 105.398 6 671 1109 21
P 105.414 8
F 105.415 8 21
IQ 105.415 8
IS 105.415 8
T 105.418 5 681 1103 21
T 105.418 6 672 1109 21
IE 105.419 7
IR 105.419 7
IA 105.421 7
T 105.439 5 682 1103 21
T 105.439 6 673 1109 21
T 105.495 5 683 1103 21
T 105.495 6 674 1109 21
T 105.500 5 684 1103 21
T 105.500 6 675 1109 21
T 105.500 7 661 1115 21
T 105.520 5 685 1103 21
T 105.520 6 676 1109 21
T 105.520 7 662 1115 21
T 105.540 5 686 1103 21
T 105.540 6 677 1109 21
T 105.540 7 663 1115 21
T 105.560 5 687 1103 21
T 105.560 6 678 1109 21
T 105.560 7 664 1115 21
T 105.581 5 688 1103 21
T 105.581 6 679 1109 21
T 105.581 7 665 1115 21
T 105.601 5 689 1103 21
T 105.601 6 680 1109 21
T 105.601 7 666 1115 21
T 105.621 5 690 1103 21
T 105.621 6 681 1109 21
T 105.621 7 667 1115 21
T 105.642 5 691 1103 21
T 105.642 6 682 1109 21
T 105.642 7 668 1115 21
IE 105.647 8
IR 105.647 8
IA 105.649 8
T 105.663 5 692 1103 21
T 105.663 6 683 1109 21
T 105.663 7 669 1115 21
P 105.665 1
F 105.665 1 21
IQ 105.666 1
IS 105.666 1
T 105.718 5 693 1103 21
T 105.718 6 684 1109 21
T 105.718 7 670 1115 21
T 105.724 6 685 1109 21
T 105.724 7 671 1115 21
T 105.724 8 661 1122 21
T 105.744 6 686 1109 21
T 105.744 7 672 1115 21
T 105.744 8 662 1122 21
T 105.765 6 687 1109 21
T 105.765 7 673 1115 21
T 105.765 8 663 1122 21
T 105.785 6 688 1109 21
T 105.785 7 674 1115 21
T 105.785 8 664 1122 21
T 105.805 6 689 1109 21
T 105.805 7 675 1115 21
T 105.805 8 665 1122 21
T 105.825 6 690 1109 21
T 105.826 7 676 1115 21
T 105.826 8 666 1122 21
T 105.846 6 691 1109 21
T 105.846 7 677 1115 21
T 105.846 8 667 1122 21
T 105.866 6 692 1109 21
T 105.866 7 678 1115 21
T 105.867 8 668 1122 21
T 105.887 6 693 1109 21
T 105.887 7 679 1115 21
T 105.887 8 669 1122 21
T 105.907 7 680 1115 21
T 105.907 8 670 1122 21
P 105.916 2
F 105.917 2 21
IQ 105.917 2
IS 105.917 2
T 105.927 7 681 1115 21
T 105.927 8 671 1122 21
T 105.947 7 682 1115 21
T 105.947 8 672 1122 21
T 105.967 7 683 1115 21
T 105.968 8 673 1122 21
IE 105.983 1
IR 105.983 1
IA 105.984 1
T 105.988 7 684 1115 21
T 105.988 8 674 1122 21
T 106.008 7 685 1115 21
T 106.008 8 675 1122 21
T 106.065 7 686 1115 21
T 106.065 8 676 1122 21
T 106.070 7 687 1115 21
T 106.070 8 677 1122 21
T 106.070 1 661 1128 21
T 106.090 7 688 1115 21
T 106.090 8 678 1122 21
T 106.091 1 662 1128 21
T 106.111 7 689 1115 21
T 106.111 8 679 1122 21
T 106.111 1 663 1128 21
T 106.131 7 690 1115 21
T 106.131 8 680 1122 21
T 106.131 1 664 1128 21
T 106.152 7 691 1115 21
T 106.152 8 681 1122 21
T 106.152 1 665 1128 21
IE 106.164 2
IR 106.165 2
IA 106.167 2
P 106.168 3
F 106.168 3 21
IQ 106.168 3
IS 106.169 3
T 106.172 7 692 1115 21
T 106.173 8 682 1122 21
T 106.173 1 666 1128 21
T 106.230 7 693 1115 21
T 106.230 8 683 1122 21
T 106.230 1 667 1128 21
T 106.235 8 684 1122 21
T 106.235 1 668 1128 21
T 106.235 2 661 1134 21
T 106.255 8 685 1122 21
T 106.255 1 669 1128 21
T 106.255 2 662 1134 21
T 106.275 8 686 1122 21
T 106.275 1 670 1128 21
T 106.275 2 663 1134 21
T 106.295 8 687 1122 21
T 106.295 1 671 1128 21
T 106.295 2 664 1134 21
T 106.315 8 688 1122 21
T 106.315 1 672 1128 21
T 106.316 2 665 1134 21
T 106.336 8 689 1122 21
T 106.336 1 673 1128 21
T 106.336 2 666 1134 21
T 106.356 8 690 1122 21
T 106.356 1 674 1128 21
T 106.356 2 667 1134 21
T 106.376 8 691 1122 21
T 106.376 1 675 1128 21
T 106.376 2 668 1134 21
T 106.396 8 692 1122 21
T 106.397 1 676 1128 21
T 106.397 2 669 1134 21
T 106.417 8 693 1122 21
T 106.418 1 677 1128 21
T 106.418 2 670 1134 21
P 106.418 4
F 106.418 4 21
IQ 106.419 4
IS 106.419 4
T 106.437 1 678 1128 21
T 106.437 2 671 1134 21
T 106.457 1 679 1128 21
T 106.457 2 672 1134 21
IE 106.464 3
IR 106.464 3
IA 106.466 3
T 106.477 1 680 1128 21
T 106.477 2 673 1134 21
T 106.534 1 681 1128 21
T 106.534 2 674 1134 21
T 106.539 1 682 1128 21
T 106.539 2 675 1134 21
T 106.539 3 661 1140 21
T 106.559 1 683 1128 21
T 106.559 2 676 1134 21
T 106.559 3 662 1140 21
T 106.579 1 684 1128 21
T 106.579 2 677 1134 21
T 106.579 3 663 1140 21
T 106.600 1 685 1128 21
T 106.600 2 678 1134 21
T 106.600 3 664 1140 21
T 106.620 1 686 1128 21
T 106.620 2 679 1134 21
T 106.620 3 665 1140 21
T 106.640 1 687 1128 21
T 106.640 2 680 1134 21
T 106.640 3 666 1140 21
T 106.661 1 688 1128 21
T 106.661 2 681 1134 21
T 106.661 3 667 1140 21
IE 106.666 4
IR 106.667 4
P 106.667 5
IA 106.669 4
F 106.669 5 22
IQ 106.669 5
IS 106.670 5
T 106.682 1 689 1128 21
T 106.682 2 682 1134 21
T 106.682 3 668 1140 21
T 106.737 1 690 1128 21
T 106.737 2 683 1134 21
T 106.737 3 669 1140 21
T 106.743 1 691 1128 21
T 106.743 2 684 1134 21
T 106.743 3 670 1140 21
T 106.743 4 661 1147 21
T 106.763 1 692 1128 21
T 106.764 2 685 1134 21
T 106.764 3 671 1140 21
T 106.764 4 662 1147 21
T 106.784 1 693 1128 21
T 106.784 2 686 1134 21
T 106.784 3 672 1140 21
T 106.784 4 663 1147 21
T 106.804 2 687 1134 21
T 106.804 3 673 1140 21
T 106.804 4 664 1147 21
T 106.824 2 688 1134 21
T 106.824 3 674 1140 21
T 106.824 4 665 1147 21
T 106.844 2 689 1134 21
T 106.844 3 675 1140 21
T 106.845 4 666 1147 21
T 106.865 2 690 1134 21
T 106.865 3 676 1140 21
T 106.865 4 667 1147 21
T 106.885 2 691 1134 21
T 106.885 3 677 1140 21
T 106.885 4 668 1147 21
T 106.905 2 692 1134 21
T 106.905 3 678 1140 21
T 106.905 4 669 1147 21
P 106.919 6
F 106.920 6 22
IQ 106.920 6
IS 106.920 6
T 106.926 2 693 1134 21
T 106.926 3 679 1140 21
T 106.926 4 670 1147 21
T 106.946 3 680 1140 21
T 106.946 4 671 1147 21
T 106.966 3 681 1140 21
T 106.966 4 672 1147 21
IE 106.970 5
IR 106.970 5
IA 106.972 5
T 106.986 3 682 1140 21
T 106.987 4 673 1147 21
T 107.042 3 683 1140 21
T 107.042 4 674 1147 21
T 107.048 3 684 1140 21
T 107.048 4 675 1147 21
T 107.048 5 694 1156 22
T 107.069 3 685 1140 21
T 107.069 4 676 1147 21
T 107.069 5 695 1156 22
T 107.089 3 686 1140 21
T 107.089 4 677 1147 21
T 107.089 5 696 1156 22
T 107.110 3 687 1140 21
T 107.110 4 678 1147 21
T 107.110 5 697 1156 22
T 107.130 3 688 1140 21
T 107.130 4 679 1147 21
T 107.131 5 698 1156 22
T 107.151 3 689 1140 21
T 107.151 4 680 1147 21
T 107.151 5 699 1156 22
IE 107.162 6
IR 107.162 6
IA 107.164 6
P 107.168 7
F 107.168 7 22
IQ 107.169 7
IS 107.169 7
T 107.172 3 690 1140 21
T 107.172 4 681 1147 21
T 107.172 5 700 1156 22
T 107.229 3 691 1140 21
T 107.229 4 682 1147 21
T 107.229 5 701 1156 22
T 107.234 3 692 1140 21
T 107.234 4 683 1147 21
T 107.234 5 702 1156 22
T 107.234 6 694 1162 22
T 107.254 3 693 1140 21
T 107.254 4 684 1147 21
T 107.255 5 703 1156 22
T 107.255 6 695 1162 22
T 107.274 4 685 1147 21
T 107.275 5 704 1156 22
T 107.275 6 696 1162 22
T 107.295 4 686 1147 21
T 107.295 5 705 1156 22
T 107.295 6 697 1162 22
T 107.315 4 687 1147 21
T 107.315 5 706 1156 22
T 107.315 6 698 1162 22
T 107.335 4 688 1147 21
T 107.336 5 707 1156 22
T 107.336 6 699 1162 22
T 107.356 4 689 1147 21
T 107.356 5 708 1156 22
T 107.356 6 700 1162 22
T 107.376 4 690 1147 21
T 107.376 5 709 1156 22
T 107.377 6 701 1162 22
T 107.396 4 691 1147 21
T 107.396 5 710 1156 22
T 107.397 6 702 1162 22
T 107.417 4 692 1147 21
T 107.417 5 711 1156 22
T 107.417 6 703 1162 22
P 107.418 8
F 107.418 8 22
IQ 107.419 8
IS 107.419 8
T 107.437 4 693 1147 21
T 107.437 5 712 1156 22
T 107.437 6 704 1162 22
IE 107.451 7
IR 107.452 7
IA 107.453 7
T 107.458 5 713 1156 22
T 107.458 6 705 1162 22
T 107.514 5 714 1156 22
T 107.515 6 706 1162 22
T 107.520 5 715 1156 22
T 107.520 6 707 1162 22
T 107.520 7 694 1168 22
T 107.540 5 716 1156 22
T 107.540 6 708 1162 22
T 107.540 7 695 1168 22
T 107.560 5 717 1156 22
T 107.560 6 709 1162 22
T 107.560 7 696 1168 22
T 107.581 5 718 1156 22
T 107.581 6 710 1162 22
T 107.581 7 697 1168 22
T 107.601 5 719 1156 22
T 107.601 6 711 1162 22
T 107.601 7 698 1168 22
T 107.621 5 720 1156 22
T 107.621 6 712 1162 22
T 107.621 7 699 1168 22
T 107.641 5 721 1156 22
T 107.642 6 713 1162 22
T 107.642 7 700 1168 22
T 107.662 5 722 1156 22
T 107.662 6 714 1162 22
T 107.662 7 701 1168 22
IE 107.667 8
IR 107.667 8
P 107.669 1
IA 107.669 8
F 107.670 1 22
IQ 107.671 1
IS 107.671 1
T 107.682 5 723 1156 22
T 107.682 6 715 1162 22
T 107.682 7 702 1168 22
T 107.739 5 724 1156 22
T 107.739 6 716 1162 22
T 107.739 7 703 1168 22
T 107.745 5 725 1156 22
T 107.745 6 717 1162 22
T 107.745 7 704 1168 22
T 107.745 8 694 1175 22
T 107.765 5 726 1156 22
T 107.765 6 718 1162 22
T 107.765 7 705 1168 22
T 107.765 8 695 1175 22
T 107.785 6 719 1162 22
T 107.785 7 706 1168 22
T 107.785 8 696 1175 22
T 107.805 6 720 1162 22
T 107.805 7 707 1168 22
T 107.805 8 697 1175 22
T 107.825 6 721 1162 22
T 107.825 7 708 1168 22
T 107.826 8 698 1175 22
T 107.846 6 722 1162 22
T 107.846 7 709 1168 22
T 107.846 8 699 1175 22
T 107.866 6 723 1162 22
T 107.866 7 710 1168 22
T 107.866 8 700 1175 22
T 107.887 6 724 1162 22
T 107.887 7 711 1168 22
T 107.887 8 701 1175 22
T 107.907 6 725 1162 22
T 107.907 7 712 1168 22
T 107.907 8 702 1175 22
P 107.919 2
F 107.920 2 22
IQ 107.920 2
IS 107.920 2
T 107.927 6 726 1162 22
T 107.927 7 713 1168 22
T 107.927 8 703 1175 22
T 107.947 7 714 1168 22
T 107.947 8 704 1175 22
IE 107.964 1
IR 107.964 1
IA 107.966 1
T 107.967 7 715 1168 22
T 107.967 8 705 1175 22
T 107.988 7 716 1168 22
T 107.988 8 706 1175 22
T 108.044 7 717 1168 22
T 108.044 8 707 1175 22
T 108.050 7 718 1168 22
T 108.050 8 708 1175 22
T 108.050 1 694 1181 22
T 108.070 7 719 1168 22
T 108.070 8 709 1175 22
T 108.070 1 695 1181 22
T 108.090 7 720 1168 22
T 108.091 8 710 1175 22
T 108.091 1 696 1181 22
T 108.111 7 721 1168 22
T 108.111 8 711 1175 22
T 108.111 1 697 1181 22
T 108.131 7 722 1168 22
T 108.131 8 712 1175 22
T 108.131 1 698 1181 22
IE 108.152 2
T 108.152 7 723 1168 22
T 108.152 8 713 1175 22
T 108.152 1 699 1181 22
IR 108.153 2
IA 108.154 2
P 108.171 3
F 108.171 3 22
IQ 108.171 3
IS 108.172 3
T 108.174 7 724 1168 22
T 108.174 8 714 1175 22
T 108.174 1 700 1181 22
T 108.229 7 725 1168 22
T 108.229 8 715 1175 22
T 108.229 1 701 1181 22
T 108.235 7 726 1168 22
T 108.235 8 716 1175 22
T 108.235 1 702 1181 22
T 108.235 2 694 1187 22
T 108.255 8 717 1175 22
T 108.255 1 703 1181 22
T 108.255 2 695 1187 22
T 108.275 8 718 1175 22
T 108.275 1 704 1181 22
T 108.275 2 696 1187 22
T 108.295 8 719 1175 22
T 108.295 1 705 1181 22
T 108.295 2 697 1187 22
T 108.315 8 720 1175 22
T 108.316 1 706 1181 22
T 108.316 2 698 1187 22
T 108.336 8 721 1175 22
T 108.336 1 707 1181 22
T 108.336 2 699 1187 22
T 108.356 8 722 1175 22
T 108.356 1 708 1181 22
T 108.356 2 700 1187 22
T 108.376 8 723 1175 22
T 108.376 1 709 1181 22
T 108.376 2 701 1187 22
T 108.397 8 724 1175 22
T 108.397 1 710 1181 22
T 108.397 2 702 1187 22
T 108.417 8 725 1175 22
T 108.417 1 711 1181 22
T 108.417 2 703 1187 22
P 108.422 4
F 108.423 4 22
IQ 108.423 4
IS 108.423 4
T 108.438 8 726 1175 22
T 108.438 1 712 1181 22
T 108.438 2 704 1187 22
T 108.458 1 713 1181 22
T 108.458 2 705 1187 22
IE 108.465 3
IR 108.466 3
IA 108.467 3
T 108.478 1 714 1181 22
T 108.478 2 706 1187 22
T 108.535 1 715 1181 22
T 108.535 2 707 1187 22
T 108.540 1 716 1181 22
T 108.540 2 708 1187 22
T 108.540 3 694 1193 22
T 108.560 1 717 1181 22
T 108.560 2 709 1187 22
T 108.560 3 695 1193 22
T 108.581 1 718 1181 22
T 108.581 2 710 1187 22
T 108.581 3 696 1193 22
T 108.601 1 719 1181 22
T 108.601 2 711 1187 22
T 108.601 3 697 1193 22
T 108.621 1 720 1181 22
T 108.621 2 712 1187 22
T 108.621 3 698 1193 22
T 108.642 1 721 1181 22
T 108.642 2 713 1187 22
T 108.642 3 699 1193 22
IE 108.658 4
IR 108.658 4
IA 108.660 4
T 108.662 1 722 1181 22
T 108.663 2 714 1187 22
T 108.663 3 700 1193 22
P 108.673 5
F 108.673 5 23
IQ 108.674 5
IS 108.674 5
T 108.682 1 723 1181 22
T 108.682 2 715 1187 22
T 108.683 3 701 1193 22
T 108.739 1 724 1181 22
T 108.739 2 716 1187 22
T 108.739 3 702 1193 22
T 108.745 1 725 1181 22
T 108.745 2 717 1187 22
T 108.745 3 703 1193 22
T 108.745 4 694 1200 22
T 108.765 1 726 1181 22
T 108.765 2 718 1187 22
T 108.765 3 704 1193 22
T 108.765 4 695 1200 22
T 108.785 2 719 1187 22
T 108.785 3 705 1193 22
T 108.785 4 696 1200 22
T 108.805 2 720 1187 22
T 108.805 3 706 1193 22
T 108.805 4 697 1200 22
T 108.826 2 721 1187 22
T 108.826 3 707 1193 22
T 108.826 4 698 1200 22
T 108.846 2 722 1187 22
T 108.846 3 708 1193 22
T 108.846 4 699 1200 22
T 108.866 2 723 1187 22
T 108.866 3 709 1193 22
T 108.866 4 700 1200 22
T 108.887 2 724 1187 22
T 108.887 3 710 1193 22
T 108.887 4 701 1200 22
T 108.907 2 725 1187 22
T 108.907 3 711 1193 22
T 108.907 4 702 1200 22
P 108.923 6
F 108.923 6 23
IQ 108.924 6
IS 108.924 6
T 108.928 2 726 1187 22
T 108.928 3 712 1193 22
T 108.928 4 703 1200 22
T 108.947 3 713 1193 22
T 108.948 4 704 1200 22
IE 108.960 5
IR 108.960 5
IA 108.962 5
T 108.968 3 714 1193 22
T 108.969 4 705 1200 22
T 109.025 3 715 1193 22
T 109.025 4 706 1200 22
T 109.031 3 716 1193 22
T 109.031 4 707 1200 22
T 109.031 5 727 1209 23
T 109.051 3 717 1193 22
T 109.051 4 708 1200 22
T 109.051 5 728 1209 23
T 109.071 3 718 1193 22
T 109.072 4 709 1200 22
T 109.072 5 729 1209 23
T 109.092 3 719 1193 22
T 109.092 4 710 1200 22
T 109.092 5 730 1209 23
T 109.112 3 720 1193 22
T 109.112 4 711 1200 22
T 109.112 5 731 1209 23
T 109.133 3 721 1193 22
T 109.133 4 712 1200 22
T 109.133 5 732 1209 23
T 109.153 3 722 1193 22
T 109.153 4 713 1200 22
T 109.153 5 733 1209 23
T 109.174 3 723 1193 22
T 109.174 4 714 1200 22
T 109.175 5 734 1209 23
P 109.175 7
F 109.175 7 23
IQ 109.176 7
IS 109.176 7
IE 109.185 6
IR 109.186 6
IA 109.187 6
T 109.194 3 724 1193 22
T 109.195 4 715 1200 22
T 109.195 5 735 1209 23
T 109.251 3 725 1193 22
T 109.252 4 716 1200 22
T 109.252 5 736 1209 23
T 109.257 3 726 1193 22
T 109.257 4 717 1200 22
T 109.257 5 737 1209 23
T 109.257 6 727 1215 23
T 109.277 4 718 1200 22
T 109.277 5 738 1209 23
T 109.277 6 728 1215 23
T 109.297 4 719 1200 22
T 109.297 5 739 1209 23
T 109.297 6 729 1215 23
T 109.318 4 720 1200 22
T 109.318 5 740 1209 23
T 109.318 6 730 1215 23
T 109.338 4 721 1200 22
T 109.338 5 741 1209 23
T 109.338 6 731 1215 23
T 109.358 4 722 1200 22
T 109.358 5 742 1209 23
T 109.358 6 732 1215 23
T 109.378 4 723 1200 22
T 109.378 5 743 1209 23
T 109.378 6 733 1215 23
T 109.398 4 724 1200 22
T 109.399 5 744 1209 23
T 109.399 6 734 1215 23
T 109.419 4 725 1200 22
T 109.419 5 745 1209 23
T 109.419 6 735 1215 23
P 109.423 8
F 109.424 8 23
IQ 109.424 8
IS 109.424 8
T 109.439 4 726 1200 22
T 109.440 5 746 1209 23
T 109.440 6 736 1215 23
T 109.459 5 747 1209 23
T 109.460 6 737 1215 23
T 109.479 5 748 1209 23
T 109.479 6 738 1215 23
T 109.500 5 749 1209 23
T 109.500 6 739 1215 23
IE 109.501 7
IR 109.501 7
IA 109.502 7
T 109.520 5 750 1209 23
T 109.520 6 740 1215 23
T 109.576 5 751 1209 23
T 109.576 6 741 1215 23
T 109.582 5 752 1209 23
T 109.582 6 742 1215 23
T 109.582 7 727 1221 23
T 109.603 5 753 1209 23
T 109.603 6 743 1215 23
T 109.603 7 728 1221 23
T 109.623 5 754 1209 23
T 109.623 6 744 1215 23
T 109.623 7 729 1221 23
T 109.643 5 755 1209 23
T 109.643 6 745 1215 23
T 109.643 7 730 1221 23
T 109.663 5 756 1209 23
T 109.664 6 746 1215 23
T 109.664 7 731 1221 23
P 109.673 1
F 109.674 1 23
IQ 109.674 1
IS 109.675 1
T 109.686 5 757 1209 23
T 109.687 6 747 1215 23
T 109.687 7 732 1221 23
T 109.704 5 758 1209 23
T 109.704 6 748 1215 23
T 109.704 7 733 1221 23
T 109.725 5 759 1209 23
T 109.725 6 749 1215 23
T 109.725 7 734 1221 23
T 109.745 6 750 1215 23
T 109.745 7 735 1221 23
IE 109.756 8
IR 109.756 8
IA 109.757 8
T 109.766 6 751 1215 23
T 109.766 7 736 1221 23
T 109.822 6 752 1215 23
T 109.822 7 737 1221 23
T 109.827 6 753 1215 23
T 109.827 7 738 1221 23
T 109.827 8 727 1228 23
T 109.848 6 754 1215 23
T 109.848 7 739 1221 23
T 109.848 8 728 1228 23
T 109.868 6 755 1215 23
T 109.868 7 740 1221 23
T 109.868 8 729 1228 23
T 109.888 6 756 1215 23
T 109.888 7 741 1221 23
T 109.888 8 730 1228 23
T 109.909 6 757 1215 23
T 109.909 7 742 1221 23
T 109.909 8 731 1228 23
IE 109.919 1
IR 109.919 1
IA 109.921 1
P 109.924 2
F 109.925 2 23
IQ 109.925 2
IS 109.925 2
T 109.930 6 758 1215 23
T 109.930 7 743 1221 23
T 109.930 8 732 1228 23
T 109.987 6 759 1215 23
T 109.987 7 744 1221 23
T 109.987 8 733 1228 23
T 109.993 7 745 1221 23
T 109.993 8 734 1228 23
T 109.993 1 727 1234 23
T 110.014 7 746 1221 23
T 110.014 8 735 1228 23
T 110.014 1 728 1234 23
T 110.033 7 747 1221 23
T 110.033 8 736 1228 23
T 110.033 1 729 1234 23
T 110.053 7 748 1221 23
T 110.054 8 737 1228 23
T 110.054 1 730 1234 23
T 110.074 7 749 1221 23
T 110.074 8 738 1228 23
T 110.074 1 731 1234 23
T 110.094 7 750 1221 23
T 110.094 8 739 1228 23
T 110.094 1 732 1234 23
T 110.114 7 751 1221 23
T 110.114 8 740 1228 23
T 110.115 1 733 1234 23
T 110.135 7 752 1221 23
T 110.135 8 741 1228 23
T 110.135 1 734 1234 23
T 110.155 7 753 1221 23
T 110.155 8 742 1228 23
T 110.155 1 735 1234 23
T 110.176 7 754 1221 23
T 110.176 8 743 1228 23
T 110.177 1 736 1234 23
P 110.177 3
F 110.178 3 23
IQ 110.178 3
IS 110.178 3
T 110.196 7 755 1221 23
T 110.196 8 744 1228 23
T 110.196 1 737 1234 23
T 110.217 7 756 1221 23
T 110.217 8 745 1228 23
T 110.217 1 738 1234 23
T 110.237 7 757 1221 23
T 110.237 8 746 1228 23
T 110.237 1 739 1234 23
IE 110.240 2
IR 110.240 2
IA 110.242 2
T 110.257 7 758 1221 23
T 110.258 8 747 1228 23
T 110.258 1 740 1234 23
T 110.315 7 759 1221 23
T 110.315 8 748 1228 23
T 110.315 1 741 1234 23
T 110.320 8 749 1228 23
T 110.320 1 742 1234 23
T 110.320 2 727 1240 23
T 110.340 8 750 1228 23
T 110.340 1 743 1234 23
T 110.340 2 728 1240 23
T 110.360 8 751 1228 23
T 110.360 1 744 1234 23
T 110.360 2 729 1240 23
T 110.380 8 752 1228 23
T 110.381 1 745 1234 23
T 110.381 2 730 1240 23
T 110.401 8 753 1228 23
T 110.401 1 746 1234 23
T 110.401 2 731 1240 23
T 110.421 8 754 1228 23
T 110.421 1 747 1234 23
T 110.421 2 732 1240 23
P 110.426 4
F 110.427 4 23
IQ 110.428 4
IS 110.428 4
IE 110.436 3
IR 110.437 3
IA 110.438 3
T 110.442 8 755 1228 23
T 110.442 1 748 1234 23
T 110.442 2 733 1240 23
T 110.462 8 756 1228 23
T 110.462 1 749 1234 23
T 110.462 2 734 1240 23
T 110.519 8 757 1228 23
T 110.519 1 750 1234 23
T 110.519 2 735 1240 23
T 110.525 8 758 1228 23
T 110.525 1 751 1234 23
T 110.525 2 736 1240 23
T 110.525 3 727 1246 23
T 110.545 8 759 1228 23
T 110.545 1 752 1234 23
T 110.545 2 737 1240 23
T 110.545 3 728 1246 23
T 110.565 1 753 1234 23
T 110.565 2 738 1240 23
T 110.565 3 729 1246 23
T 110.586 1 754 1234 23
T 110.586 2 739 1240 23
T 110.586 3 730 1246 23
T 110.607 1 755 1234 23
T 110.607 2 740 1240 23
T 110.607 3 731 1246 23
T 110.626 1 756 1234 23
T 110.627 2 741 1240 23
T 110.627 3 732 1246 23
T 110.647 1 757 1234 23
T 110.647 2 742 1240 23
T 110.647 3 733 1246 23
T 110.667 1 758 1234 23
T 110.667 2 743 1240 23
T 110.667 3 734 1246 23
P 110.677 5
F 110.678 5 24
IQ 110.678 5
IS 110.678 5
T 110.688 1 759 1234 23
T 110.688 2 744 1240 23
T 110.688 3 735 1246 23
T 110.707 2 745 1240 23
T 110.708 3 736 1246 23
T 110.728 2 746 1240 23
T 110.728 3 737 1246 23
T 110.748 2 747 1240 23
T 110.748 3 738 1246 23
IE 110.759 4
IR 110.760 4
IA 110.761 4
T 110.768 2 748 1240 23
T 110.768 3 739 1246 23
T 110.825 2 749 1240 23
T 110.825 3 740 1246 23
T 110.831 2 750 1240 23
T 110.831 3 741 1246 23
T 110.831 4 727 1253 23
T 110.851 2 751 1240 23
T 110.851 3 742 1246 23
T 110.851 4 728 1253 23
T 110.871 2 752 1240 23
T 110.871 3 743 1246 23
T 110.872 4 729 1253 23
T 110.892 2 753 1240 23
T 110.892 3 744 1246 23
T 110.892 4 730 1253 23
T 110.912 2 754 1240 23
T 110.912 3 745 1246 23
T 110.912 4 731 1253 23
P 110.927 6
F 110.928 6 24
IQ 110.928 6
IS 110.928 6
T 110.933 2 755 1240 23
T 110.933 3 746 1246 23
T 110.933 4 732 1253 23
T 110.953 2 756 1240 23
T 110.953 3 747 1246 23
T 110.953 4 733 1253 23
T 110.974 2 757 1240 23
T 110.974 3 748 1246 23
T 110.974 4 734 1253 23
T 110.994 2 758 1240 23
T 110.994 3 749 1246 23
T 110.994 4 735 1253 23
IE 111.009 5
IR 111.009 5
IA 111.011 5
T 111.015 2 759 1240 23
T 111.015 3 750 1246 23
T 111.015 4 736 1253 23
T 111.071 3 751 1246 23
T 111.071 4 737 1253 23
T 111.077 3 752 1246 23
T 111.077 4 738 1253 23
T 111.077 5 760 1262 24
T 111.097 3 753 1246 23
T 111.097 4 739 1253 23
T 111.097 5 761 1262 24
T 111.117 3 754 1246 23
T 111.117 4 740 1253 23
T 111.117 5 762 1262 24
T 111.137 3 755 1246 23
T 111.137 4 741 1253 23
T 111.137 5 763 1262 24
T 111.158 3 756 1246 23
T 111.158 4 742 1253 23
T 111.158 5 764 1262 24
T 111.179 3 757 1246 23
T 111.179 4 743 1253 23
T 111.179 5 765 1262 24
P 111.179 7
F 111.180 7 24
IQ 111.180 7
IS 111.180 7
T 111.198 3 758 1246 23
T 111.198 4 744 1253 23
T 111.198 5 766 1262 24
T 111.219 3 759 1246 23
T 111.219 4 745 1253 23
T 111.219 5 767 1262 24
IE 111.236 6
IR 111.236 6
IA 111.238 6
T 111.239 4 746 1253 23
T 111.239 5 768 1262 24
T 111.259 4 747 1253 23
T 111.259 5 769 1262 24
T 111.315 4 748 1253 23
T 111.315 5 770 1262 24
T 111.321 4 749 1253 23
T 111.321 5 771 1262 24
T 111.321 6 760 1268 24
T 111.341 4 750 1253 23
T 111.341 5 772 1262 24
T 111.341 6 761 1268 24
T 111.361 4 751 1253 23
T 111.362 5 773 1262 24
T 111.362 6 762 1268 24
T 111.382 4 752 1253 23
T 111.382 5 774 1262 24
T 111.382 6 763 1268 24
T 111.402 4 753 1253 23
T 111.402 5 775 1262 24
T 111.402 6 764 1268 24
T 111.422 4 754 1253 23
T 111.422 5 776 1262 24
T 111.423 6 765 1268 24
P 111.427 8
F 111.428 8 24
IQ 111.428 8
IS 111.429 8
T 111.443 4 755 1253 23
T 111.443 5 777 1262 24
T 111.443 6 766 1268 24
T 111.463 4 756 1253 23
T 111.463 5 778 1262 24
T 111.463 6 767 1268 24
T 111.483 4 757 1253 23
T 111.484 5 779 1262 24
T 111.484 6 768 1268 24
T 111.504 4 758 1253 23
T 111.504 5 780 1262 24
T 111.504 6 769 1268 24
T 111.524 4 759 1253 23
T 111.524 5 781 1262 24
T 111.524 6 770 1268 24
IE 111.527 7
IR 111.527 7
IA 111.529 7
T 111.545 5 782 1262 24
T 111.545 6 771 1268 24
T 111.600 5 783 1262 24
T 111.601 6 772 1268 24
T 111.607 5 784 1262 24
T 111.607 6 773 1268 24
T 111.607 7 760 1274 24
T 111.627 5 785 1262 24
T 111.627 6 774 1268 24
T 111.627 7 761 1274 24
T 111.647 5 786 1262 24
T 111.647 6 775 1268 24
T 111.648 7 762 1274 24
T 111.668 5 787 1262 24
T 111.668 6 776 1268 24
T 111.668 7 763 1274 24
P 111.678 1
F 111.678 1 24
IQ 111.679 1
IS 111.679 1
T 111.688 5 788 1262 24
T 111.689 6 777 1268 24
T 111.689 7 764 1274 24
T 111.709 5 789 1262 24
T 111.709 6 778 1268 24
T 111.709 7 765 1274 24
IE 111.724 8
IR 111.724 8
IA 111.726 8
T 111.730 5 790 1262 24
T 111.730 6 779 1268 24
T 111.730 7 766 1274 24
T 111.787 5 791 1262 24
T 111.787 6 780 1268 24
T 111.788 7 767 1274 24
T 111.793 5 792 1262 24
T 111.793 6 781 1268 24
T 111.793 7 768 1274 24
T 111.793 8 760 1281 24
T 111.813 6 782 1268 24
T 111.813 7 769 1274 24
T 111.813 8 761 1281 24
T 111.833 6 783 1268 24
T 111.833 7 770 1274 24
T 111.833 8 762 1281 24
T 111.854 6 784 1268 24
T 111.854 7 771 1274 24
T 111.854 8 763 1281 24
T 111.874 6 785 1268 24
T 111.874 7 772 1274 24
T 111.874 8 764 1281 24
T 111.894 6 786 1268 24
T 111.894 7 773 1274 24
T 111.894 8 765 1281 24
T 111.915 6 787 1268 24
T 111.915 7 774 1274 24
T 111.915 8 766 1281 24
P 111.929 2
F 111.929 2 24
IQ 111.930 2
IS 111.930 2
T 111.935 6 788 1268 24
T 111.935 7 775 1274 24
T 111.935 8 767 1281 24
T 111.956 6 789 1268 24
T 111.956 7 776 1274 24
T 111.956 8 768 1281 24
T 111.976 6 790 1268 24
T 111.976 7 777 1274 24
T 111.976 8 769 1281 24
T 111.997 6 791 1268 24
T 111.997 7 778 1274 24
T 111.997 8 770 1281 24
IE 112.010 1
IR 112.010 1
IA 112.011 1
T 112.017 6 792 1268 24
T 112.018 7 779 1274 24
T 112.018 8 771 1281 24
T 112.073 7 780 1274 24
T 112.073 8 772 1281 24
T 112.079 7 781 1274 24
T 112.079 8 773 1281 24
T 112.079 1 760 1287 24
T 112.099 7 782 1274 24
T 112.099 8 774 1281 24
T 112.100 1 761 1287 24
T 112.120 7 783 1274 24
T 112.120 8 775 1281 24
T 112.120 1 762 1287 24
T 112.140 7 784 1274 24
T 112.140 8 776 1281 24
T 112.140 1 763 1287 24
T 112.160 7 785 1274 24
T 112.160 8 777 1281 24
T 112.160 1 764 1287 24
T 112.181 7 786 1274 24
T 112.181 8 778 1281 24
P 112.182 3
T 112.182 1 765 1287 24
F 112.183 3 24
IQ 112.183 3
IS 112.183 3
IE 112.190 2
IR 112.191 2
IA 112.192 2
T 112.202 7 787 1274 24
T 112.202 8 779 1281 24
T 112.202 1 766 1287 24
T 112.258 7 788 1274 24
T 112.258 8 780 1281 24
T 112.258 1 767 1287 24
T 112.264 7 789 1274 24
T 112.265 8 781 1281 24
T 112.265 1 768 1287 24
T 112.265 2 760 1293 24
T 112.285 7 790 1274 24
T 112.285 8 782 1281 24
T 112.285 1 769 1287 24
T 112.285 2 761 1293 24
T 112.305 7 791 1274 24
T 112.305 8 783 1281 24
T 112.306 1 770 1287 24
T 112.306 2 762 1293 24
T 112.326 7 792 1274 24
T 112.326 8 784 1281 24
T 112.326 1 771 1287 24
T 112.326 2 763 1293 24
T 112.346 8 785 1281 24
T 112.346 1 772 1287 24
T 112.346 2 764 1293 24
T 112.367 8 786 1281 24
T 112.367 1 773 1287 24
T 112.367 2 765 1293 24
T 112.387 8 787 1281 24
T 112.387 1 774 1287 24
T 112.387 2 766 1293 24
T 112.407 8 788 1281 24
T 112.408 1 775 1287 24
T 112.408 2 767 1293 24
T 112.428 8 789 1281 24
T 112.428 1 776 1287 24
T 112.428 2 768 1293 24
P 112.429 4
F 112.430 4 24
IQ 112.430 4
IS 112.430 4
T 112.448 8 790 1281 24
T 112.448 1 777 1287 24
T 112.448 2 769 1293 24
T 112.468 8 791 1281 24
T 112.469 1 778 1287 24
T 112.469 2 770 1293 24
IE 112.469 3
IR 112.470 3
IA 112.471 3
T 112.490 8 792 1281 24
T 112.490 1 779 1287 24
T 112.490 2 771 1293 24
T 112.544 1 780 1287 24
T 112.544 2 772 1293 24
T 112.551 1 781 1287 24
T 112.551 2 773 1293 24
T 112.551 3 760 1299 24
T 112.571 1 782 1287 24
T 112.571 2 774 1293 24
T 112.571 3 761 1299 24
T 112.591 1 783 1287 24
T 112.591 2 775 1293 24
T 112.591 3 762 1299 24
T 112.612 1 784 1287 24
T 112.612 2 776 1293 24
T 112.612 3 763 1299 24
T 112.632 1 785 1287 24
T 112.632 2 777 1293 24
T 112.632 3 764 1299 24
T 112.652 1 786 1287 24
T 112.653 2 778 1293 24
T 112.653 3 765 1299 24
IE 112.670 4
IR 112.671 4
IA 112.672 4
T 112.673 1 787 1287 24
T 112.673 2 779 1293 24
T 112.674 3 766 1299 24
P 112.679 5
F 112.680 5 25
IQ 112.680 5
IS 112.680 5
T 112.694 1 788 1287 24
T 112.694 2 780 1293 24
T 112.694 3 767 1299 24
T 112.750 1 789 1287 24
T 112.750 2 781 1293 24
T 112.750 3 768 1299 24
T 112.756 1 790 1287 24
T 112.756 2 782 1293 24
T 112.756 3 769 1299 24
T 112.756 4 760 1306 24
T 112.776 1 791 1287 24
T 112.776 2 783 1293 24
T 112.776 3 770 1299 24
T 112.777 4 761 1306 24
T 112.797 1 792 1287 24
T 112.797 2 784 1293 24
T 112.797 3 771 1299 24
T 112.797 4 762 1306 24
T 112.817 2 785 1293 24
T 112.817 3 772 1299 24
T 112.817 4 763 1306 24
T 112.837 2 786 1293 24
T 112.837 3 773 1299 24
T 112.837 4 764 1306 24
T 112.857 2 787 1293 24
T 112.858 3 774 1299 24
T 112.858 4 765 1306 24
T 112.878 2 788 1293 24
T 112.878 3 775 1299 24
T 112.878 4 766 1306 24
T 112.898 2 789 1293 24
T 112.898 3 776 1299 24
T 112.898 4 767 1306 24
T 112.918 2 790 1293 24
T 112.918 3 777 1299 24
T 112.918 4 768 1306 24
P 112.930 6
F 112.931 6 25
IQ 112.931 6
IS 112.931 6
T 112.939 2 791 1293 24
T 112.940 3 778 1299 24
T 112.940 4 769 1306 24
IE 112.940 5
IR 112.941 5
IA 112.942 5
T 112.960 2 792 1293 24
T 112.960 3 779 1299 24
T 112.960 4 770 1306 24
T 113.016 3 780 1299 24
T 113.016 4 771 1306 24
T 113.022 3 781 1299 24
T 113.022 4 772 1306 24
T 113.022 5 793 1315 25
T 113.042 3 782 1299 24
T 113.042 4 773 1306 24
T 113.043 5 794 1315 25
T 113.063 3 783 1299 24
T 113.063 4 774 1306 24
T 113.063 5 795 1315 25
T 113.083 3 784 1299 24
T 113.083 4 775 1306 24
T 113.083 5 796 1315 25
T 113.103 3 785 1299 24
T 113.104 4 776 1306 24
T 113.104 5 797 1315 25
T 113.124 3 786 1299 24
T 113.124 4 777 1306 24
T 113.124 5 798 1315 25
T 113.144 3 787 1299 24
T 113.144 4 778 1306 24
T 113.144 5 799 1315 25
T 113.165 3 788 1299 24
T 113.165 4 779 1306 24
T 113.165 5 800 1315 25
IE 113.178 6
IR 113.178 6
IA 113.179 6
P 113.181 7
F 113.181 7 25
IQ 113.182 7
IS 113.182 7
T 113.185 3 789 1299 24
T 113.186 4 780 1306 24
T 113.186 5 801 1315 25
T 113.242 3 790 1299 24
T 113.242 4 781 1306 24
T 113.242 5 802 1315 25
T 113.249 3 791 1299 24
T 113.249 4 782 1306 24
T 113.249 5 803 1315 25
T 113.249 6 793 1321 25
T 113.269 3 792 1299 24
T 113.269 4 783 1306 24
T 113.269 5 804 1315 25
T 113.269 6 794 1321 25
T 113.289 4 784 1306 24
T 113.290 5 805 1315 25
T 113.290 6 795 1321 25
T 113.310 4 785 1306 24
T 113.310 5 806 1315 25
T 113.310 6 796 1321 25
T 113.330 4 786 1306 24
T 113.330 5 807 1315 25
T 113.330 6 797 1321 25
T 113.351 4 787 1306 24
T 113.351 5 808 1315 25
T 113.351 6 798 1321 25
T 113.371 4 788 1306 24
T 113.371 5 809 1315 25
T 113.371 6 799 1321 25
T 113.392 4 789 1306 24
T 113.392 5 810 1315 25
T 113.392 6 800 1321 25
T 113.412 4 790 1306 24
T 113.412 5 811 1315 25
T 113.412 6 801 1321 25
P 113.431 8
F 113.432 8 25
IQ 113.433 8
IS 113.433 8
T 113.434 4 791 1306 24
T 113.434 5 812 1315 25
T 113.434 6 802 1321 25
T 113.453 4 792 1306 24
T 113.453 5 813 1315 25
T 113.453 6 803 1321 25
T 113.473 5 814 1315 25
T 113.473 6 804 1321 25
T 113.493 5 815 1315 25
T 113.493 6 805 1321 25
IE 113.502 7
IR 113.502 7
IA 113.503 7
T 113.514 5 816 1315 25
T 113.514 6 806 1321 25
T 113.569 5 817 1315 25
T 113.569 6 807 1321 25
T 113.576 5 818 1315 25
T 113.576 6 808 1321 25
T 113.576 7 793 1327 25
T 113.596 5 819 1315 25
T 113.596 6 809 1321 25
T 113.596 7 794 1327 25
T 113.616 5 820 1315 25
T 113.616 6 810 1321 25
T 113.616 7 795 1327 25
T 113.636 5 821 1315 25
T 113.637 6 811 1321 25
T 113.637 7 796 1327 25
T 113.657 5 822 1315 25
T 113.657 6 812 1321 25
T 113.657 7 797 1327 25
T 113.677 5 823 1315 25
T 113.677 6 813 1321 25
T 113.677 7 798 1327 25
P 113.682 1
F 113.683 1 25
IQ 113.683 1
IS 113.683 1
T 113.697 5 824 1315 25
T 113.697 6 814 1321 25
T 113.698 7 799 1327 25
IE 113.703 8
IR 113.703 8
IA 113.705 8
T 113.719 5 825 1315 25
T 113.719 6 815 1321 25
T 113.719 7 800 1327 25
T 113.774 6 816 1321 25
T 113.774 7 801 1327 25
T 113.780 6 817 1321 25
T 113.780 7 802 1327 25
T 113.780 8 793 1334 25
T 113.800 6 818 1321 25
T 113.800 7 803 1327 25
T 113.800 8 794 1334 25
T 113.820 6 819 1321 25
T 113.820 7 804 1327 25
T 113.820 8 795 1334 25
T 113.841 6 820 1321 25
T 113.841 7 805 1327 25
T 113.841 8 796 1334 25
T 113.861 6 821 1321 25
T 113.861 7 806 1327 25
T 113.861 8 797 1334 25
T 113.881 6 822 1321 25
T 113.881 7 807 1327 25
T 113.881 8 798 1334 25
T 113.902 6 823 1321 25
T 113.902 7 808 1327 25
T 113.902 8 799 1334 25
T 113.922 6 824 1321 25
T 113.922 7 809 1327 25
T 113.922 8 800 1334 25
P 113.933 2
F 113.934 2 25
IQ 113.934 2
IS 113.934 2
T 113.942 6 825 1321 25
T 113.943 7 810 1327 25
T 113.943 8 801 1334 25
T 113.963 7 811 1327 25
T 113.963 8 802 1334 25
IE 113.964 1
IR 113.965 1
IA 113.966 1
T 113.984 7 812 1327 25
T 113.984 8 803 1334 25
T 114.040 7 813 1327 25
T 114.040 8 804 1334 25
T 114.045 7 814 1327 25
T 114.046 8 805 1334 25
T 114.046 1 793 1340 25
T 114.066 7 815 1327 25
T 114.066 8 806 1334 25
T 114.066 1 794 1340 25
T 114.086 7 816 1327 25
T 114.086 8 807 1334 25
T 114.086 1 795 1340 25
T 114.107 7 817 1327 25
T 114.107 8 808 1334 25
T 114.107 1 796 1340 25
T 114.127 7 818 1327 25
T 114.127 8 809 1334 25
T 114.127 1 797 1340 25
T 114.147 7 819 1327 25
T 114.147 8 810 1334 25
T 114.147 1 798 1340 25
T 114.168 7 820 1327 25
T 114.168 8 811 1334 25
T 114.168 1 799 1340 25
IE 114.176 2
IR 114.177 2
IA 114.178 2
P 114.184 3
F 114.184 3 25
IQ 114.185 3
IS 114.185 3
T 114.189 7 821 1327 25
T 114.189 8 812 1334 25
T 114.189 1 800 1340 25
T 114.246 7 822 1327 25
T 114.246 8 813 1334 25
T 114.246 1 801 1340 25
T 114.252 7 823 1327 25
T 114.252 8 814 1334 25
T 114.252 1 802 1340 25
T 114.252 2 793 1346 25
T 114.272 7 824 1327 25
T 114.272 8 815 1334 25
T 114.272 1 803 1340 25
T 114.272 2 794 1346 25
T 114.293 7 825 1327 25
T 114.293 8 816 1334 25
T 114.293 1 804 1340 25
T 114.293 2 795 1346 25
T 114.313 8 817 1334 25
T 114.313 1 805 1340 25
T 114.313 2 796 1346 25
T 114.333 8 818 1334 25
T 114.334 1 806 1340 25
T 114.334 2 797 1346 25
T 114.354 8 819 1334 25
T 114.354 1 807 1340 25
T 114.354 2 798 1346 25
T 114.374 8 820 1334 25
T 114.374 1 808 1340 25
T 114.374 2 799 1346 25
T 114.395 8 821 1334 25
T 114.395 1 809 1340 25
T 114.395 2 800 1346 25
T 114.415 8 822 1334 25
T 114.415 1 810 1340 25
T 114.415 2 801 1346 25
T 114.436 8 823 1334 25
T 114.437 1 811 1340 25
T 114.437 2 802 1346 25
P 114.437 4
F 114.437 4 25
IQ 114.438 4
IS 114.438 4
T 114.457 8 824 1334 25
T 114.457 1 812 1340 25
T 114.457 2 803 1346 25
IE 114.464 3
IR 114.465 3
IA 114.466 3
T 114.477 8 825 1334 25
T 114.477 1 813 1340 25
T 114.477 2 804 1346 25
T 114.533 1 814 1340 25
T 114.533 2 805 1346 25
T 114.540 1 815 1340 25
T 114.540 2 806 1346 25
T 114.540 3 793 1352 25
T 114.560 1 816 1340 25
T 114.560 2 807 1346 25
T 114.560 3 794 1352 25
T 114.581 1 817 1340 25
T 114.581 2 808 1346 25
T 114.581 3 795 1352 25
T 114.601 1 818 1340 25
T 114.601 2 809 1346 25
T 114.601 3 796 1352 25
T 114.621 1 819 1340 25
T 114.621 2 810 1346 25
T 114.621 3 797 1352 25
T 114.642 1 820 1340 25
T 114.642 2 811 1346 25
T 114.642 3 798 1352 25
IE 114.650 4
IR 114.650 4
IA 114.652 4
T 114.662 1 821 1340 25
T 114.662 2 812 1346 25
T 114.662 3 799 1352 25
P 114.686 5
F 114.686 5 26
IQ 114.686 5
IS 114.687 5
T 114.719 1 822 1340 25
T 114.719 2 813 1346 25
T 114.719 3 800 1352 25
T 114.726 1 823 1340 25
T 114.726 2 814 1346 25
T 114.726 3 801 1352 25
T 114.726 4 793 1359 25
T 114.746 1 824 1340 25
T 114.746 2 815 1346 25
T 114.746 3 802 1352 25
T 114.746 4 794 1359 25
T 114.767 1 825 1340 25
T 114.767 2 816 1346 25
T 114.767 3 803 1352 25
T 114.767 4 795 1359 25
T 114.787 2 817 1346 25
T 114.787 3 804 1352 25
T 114.787 4 796 1359 25
T 114.807 2 818 1346 25
T 114.807 3 805 1352 25
T 114.808 4 797 1359 25
T 114.828 2 819 1346 25
T 114.828 3 806 1352 25
T 114.828 4 798 1359 25
T 114.849 2 820 1346 25
T 114.849 3 807 1352 25
T 114.849 4 799 1359 25
T 114.869 2 821 1346 25
T 114.869 3 808 1352 25
T 114.869 4 800 1359 25
T 114.889 2 822 1346 25
T 114.889 3 809 1352 25
T 114.889 4 801 1359 25
T 114.909 2 823 1346 25
T 114.909 3 810 1352 25
T 114.909 4 802 1359 25
T 114.930 2 824 1346 25
T 114.930 3 811 1352 25
T 114.930 4 803 1359 25
P 114.937 6
F 114.938 6 26
IQ 114.938 6
IS 114.938 6
T 114.950 2 825 1346 25
T 114.950 3 812 1352 25
T 114.950 4 804 1359 25
T 114.970 3 813 1352 25
T 114.970 4 805 1359 25
IE 114.989 5
IR 114.990 5
IA 114.991 5
T 114.993 3 814 1352 25
T 114.993 4 806 1359 25
T 115.011 3 815 1352 25
T 115.011 4 807 1359 25
T 115.067 3 816 1352 25
T 115.067 4 808 1359 25
T 115.073 3 817 1352 25
T 115.074 4 809 1359 25
T 115.074 5 826 1368 26
T 115.093 3 818 1352 25
T 115.094 4 810 1359 25
T 115.094 5 827 1368 26
T 115.114 3 819 1352 25
T 115.114 4 811 1359 25
T 115.114 5 828 1368 26
T 115.134 3 820 1352 25
T 115.134 4 812 1359 25
T 115.134 5 829 1368 26
T 115.154 3 821 1352 25
T 115.155 4 813 1359 25
T 115.155 5 830 1368 26
IE 115.172 6
IR 115.172 6
IA 115.174 6
T 115.175 3 822 1352 25
T 115.175 4 814 1359 25
T 115.175 5 831 1368 26
P 115.187 7
F 115.188 7 26
IQ 115.188 7
IS 115.188 7
T 115.197 3 823 1352 25
T 115.197 4 815 1359 25
T 115.197 5 832 1368 26
T 115.252 3 824 1352 25
T 115.253 4 816 1359 25
T 115.253 5 833 1368 26
T 115.258 3 825 1352 25
T 115.258 4 817 1359 25
T 115.258 5 834 1368 26
T 115.258 6 826 1374 26
T 115.278 4 818 1359 25
T 115.278 5 835 1368 26
T 115.279 6 827 1374 26
T 115.299 4 819 1359 25
T 115.299 5 836 1368 26
T 115.299 6 828 1374 26
T 115.319 4 820 1359 25
T 115.319 5 837 1368 26
T 115.319 6 829 1374 26
T 115.339 4 821 1359 25
T 115.339 5 838 1368 26
T 115.339 6 830 1374 26
T 115.360 4 822 1359 25
T 115.360 5 839 1368 26
T 115.360 6 831 1374 26
T 115.380 4 823 1359 25
T 115.380 5 840 1368 26
T 115.380 6 832 1374 26
T 115.401 4 824 1359 25
T 115.401 5 841 1368 26
T 115.401 6 833 1374 26
T 115.421 4 825 1359 25
T 115.421 5 842 1368 26
T 115.421 6 834 1374 26
P 115.438 8
F 115.438 8 26
IQ 115.438 8
IS 115.439 8
T 115.441 5 843 1368 26
T 115.441 6 835 1374 26
T 115.462 5 844 1368 26
T 115.462 6 836 1374 26
IE 115.462 7
IR 115.463 7
IA 115.464 7
T 115.482 5 845 1368 26
T 115.482 6 837 1374 26
T 115.538 5 846 1368 26
T 115.538 6 838 1374 26
T 115.545 5 847 1368 26
T 115.545 6 839 1374 26
T 115.545 7 826 1380 26
T 115.565 5 848 1368 26
T 115.565 6 840 1374 26
T 115.565 7 827 1380 26
T 115.586 5 849 1368 26
T 115.586 6 841 1374 26
T 115.586 7 828 1380 26
T 115.606 5 850 1368 26
T 115.606 6 842 1374 26
T 115.606 7 829 1380 26
T 115.627 5 851 1368 26
T 115.627 6 843 1374 26
T 115.627 7 830 1380 26
T 115.647 5 852 1368 26
T 115.647 6 844 1374 26
T 115.647 7 831 1380 26
T 115.667 5 853 1368 26
T 115.668 6 845 1374 26
T 115.668 7 832 1380 26
IE 115.687 8
IR 115.687 8
P 115.689 1
IA 115.690 8
T 115.691 5 854 1368 26
T 115.691 6 846 1374 26
T 115.691 7 833 1380 26
F 115.691 1 26
IQ 115.691 1
IS 115.692 1
T 115.709 5 855 1368 26
T 115.709 6 847 1374 26
T 115.709 7 834 1380 26
T 115.766 5 856 1368 26
T 115.766 6 848 1374 26
T 115.766 7 835 1380 26
T 115.772 5 857 1368 26
T 115.772 6 849 1374 26
T 115.772 7 836 1380 26
T 115.772 8 826 1387 26
T 115.792 5 858 1368 26
T 115.792 6 850 1374 26
T 115.792 7 837 1380 26
T 115.792 8 827 1387 26
T 115.812 6 851 1374 26
T 115.812 7 838 1380 26
T 115.812 8 828 1387 26
T 115.833 6 852 1374 26
T 115.833 7 839 1380 26
T 115.833 8 829 1387 26
T 115.853 6 853 1374 26
T 115.853 7 840 1380 26
T 115.853 8 830 1387 26
T 115.873 6 854 1374 26
T 115.873 7 841 1380 26
T 115.873 8 831 1387 26
T 115.894 6 855 1374 26
T 115.894 7 842 1380 26
T 115.894 8 832 1387 26
T 115.914 6 856 1374 26
T 115.914 7 843 1380 26
T 115.914 8 833 1387 26
T 115.934 6 857 1374 26
T 115.934 7 844 1380 26
T 115.935 8 834 1387 26
P 115.939 2
F 115.940 2 26
IQ 115.940 2
IS 115.940 2
T 115.955 6 858 1374 26
T 115.955 7 845 1380 26
T 115.955 8 835 1387 26
IE 115.962 1
IR 115.974 1
IA 115.976 1
T 115.977 7 846 1380 26
T 115.977 8 836 1387 26
T 115.996 7 847 1380 26
T 115.996 8 837 1387 26
T 116.052 7 848 1380 26
T 116.052 8 838 1387 26
T 116.058 7 849 1380 26
T 116.059 8 839 1387 26
T 116.059 1 826 1393 26
T 116.079 7 850 1380 26
T 116.079 8 840 1387 26
T 116.079 1 827 1393 26
T 116.099 7 851 1380 26
T 116.099 8 841 1387 26
T 116.099 1 828 1393 26
T 116.119 7 852 1380 26
T 116.119 8 842 1387 26
T 116.119 1 829 1393 26
T 116.140 7 853 1380 26
T 116.140 8 843 1387 26
T 116.140 1 830 1393 26
T 116.160 7 854 1380 26
T 116.160 8 844 1387 26
T 116.160 1 831 1393 26
T 116.180 7 855 1380 26
T 116.180 8 845 1387 26
T 116.180 1 832 1393 26
P 116.188 3
F 116.189 3 26
IQ 116.189 3
IS 116.189 3
T 116.200 7 856 1380 26
T 116.200 8 846 1387 26
T 116.201 1 833 1393 26
T 116.220 7 857 1380 26
T 116.220 8 847 1387 26
T 116.220 1 834 1393 26
IE 116.226 2
IR 116.226 2
IA 116.228 2
T 116.241 7 858 1380 26
T 116.241 8 848 1387 26
T 116.241 1 835 1393 26
T 116.298 8 849 1387 26
T 116.299 1 836 1393 26
T 116.305 8 850 1387 26
T 116.305 1 837 1393 26
T 116.305 2 826 1399 26
T 116.325 8 851 1387 26
T 116.325 1 838 1393 26
T 116.325 2 827 1399 26
T 116.345 8 852 1387 26
T 116.345 1 839 1393 26
T 116.345 2 828 1399 26
T 116.366 8 853 1387 26
T 116.366 1 840 1393 26
T 116.366 2 829 1399 26
T 116.386 8 854 1387 26
T 116.386 1 841 1393 26
T 116.386 2 830 1399 26
T 116.406 8 855 1387 26
T 116.406 1 842 1393 26
T 116.407 2 831 1399 26
T 116.427 8 856 1387 26
T 116.427 1 843 1393 26
T 116.427 2 832 1399 26
P 116.439 4
F 116.439 4 26
IQ 116.440 4
IS 116.440 4
T 116.447 8 857 1387 26
T 116.448 1 844 1393 26
T 116.448 2 833 1399 26
T 116.468 8 858 1387 26
T 116.468 1 845 1393 26
T 116.468 2 834 1399 26
T 116.488 1 846 1393 26
T 116.488 2 835 1399 26
IE 116.494 3
IR 116.494 3
IA 116.496 3
T 116.508 1 847 1393 26
T 116.508 2 836 1399 26
T 116.565 1 848 1393 26
T 116.565 2 837 1399 26
T 116.571 1 849 1393 26
T 116.571 2 838 1399 26
T 116.571 3 826 1405 26
T 116.591 1 850 1393 26
T 116.591 2 839 1399 26
T 116.591 3 827 1405 26
T 116.612 1 851 1393 26
T 116.612 2 840 1399 26
T 116.612 3 828 1405 26
T 116.632 1 852 1393 26
T 116.632 2 841 1399 26
T 116.632 3 829 1405 26
T 116.653 1 853 1393 26
T 116.653 2 842 1399 26
T 116.653 3 830 1405 26
T 116.673 1 854 1393 26
T 116.673 2 843 1399 26
T 116.673 3 831 1405 26
P 116.689 5
F 116.689 5 27
IQ 116.690 5
IS 116.690 5
T 116.693 1 855 1393 26
T 116.693 2 844 1399 26
T 116.694 3 832 1405 26
T 116.714 1 856 1393 26
T 116.714 2 845 1399 26
T 116.714 3 833 1405 26
T 116.735 1 857 1393 26
T 116.735 2 846 1399 26
T 116.735 3 834 1405 26
IE 116.740 4
IR 116.741 4
IA 116.742 4
T 116.756 1 858 1393 26
T 116.756 2 847 1399 26
T 116.756 3 835 1405 26
T 116.812 2 848 1399 26
T 116.812 3 836 1405 26
T 116.818 2 849 1399 26
T 116.818 3 837 1405 26
T 116.818 4 826 1412 26
T 116.838 2 850 1399 26
T 116.839 3 838 1405 26
T 116.839 4 827 1412 26
T 116.859 2 851 1399 26
T 116.859 3 839 1405 26
T 116.859 4 828 1412 26
T 116.879 2 852 1399 26
T 116.879 3 840 1405 26
T 116.879 4 829 1412 26
T 116.899 2 853 1399 26
T 116.899 3 841 1405 26
T 116.899 4 830 1412 26
T 116.920 2 854 1399 26
T 116.920 3 842 1405 26
T 116.920 4 831 1412 26
T 116.940 2 855 1399 26
T 116.940 3 843 1405 26
T 116.940 4 832 1412 26
P 116.941 6
F 116.942 6 27
IQ 116.942 6
IS 116.942 6
T 116.960 2 856 1399 26
T 116.960 3 844 1405 26
T 116.961 4 833 1412 26
T 116.981 2 857 1399 26
T 116.981 3 845 1405 26
T 116.981 4 834 1412 26
IE 116.990 5
IR 116.990 5
IA 116.992 5
T 117.002 2 858 1399 26
T 117.002 3 846 1405 26
T 117.002 4 835 1412 26
T 117.057 3 847 1405 26
T 117.057 4 836 1412 26
T 117.064 3 848 1405 26
T 117.064 4 837 1412 26
T 117.064 5 859 1421 27
T 117.084 3 849 1405 26
T 117.085 4 838 1412 26
T 117.085 5 860 1421 27
T 117.105 3 850 1405 26
T 117.105 4 839 1412 26
T 117.105 5 861 1421 27
T 117.125 3 851 1405 26
T 117.125 4 840 1412 26
T 117.125 5 862 1421 27
T 117.146 3 852 1405 26
T 117.146 4 841 1412 26
T 117.146 5 863 1421 27
T 117.166 3 853 1405 26
T 117.166 4 842 1412 26
T 117.166 5 864 1421 27
T 117.186 3 854 1405 26
T 117.187 4 843 1412 26
T 117.187 5 865 1421 27
P 117.191 7
F 117.191 7 27
IQ 117.192 7
IS 117.192 7
IE 117.200 6
IR 117.200 6
IA 117.202 6
T 117.208 3 855 1405 26
T 117.208 4 844 1412 26
T 117.208 5 866 1421 27
T 117.265 3 856 1405 26
T 117.265 4 845 1412 26
T 117.265 5 867 1421 27
T 117.271 3 857 1405 26
T 117.271 4 846 1412 26
T 117.271 5 868 1421 27
T 117.271 6 859 1427 27
T 117.291 3 858 1405 26
T 117.291 4 847 1412 26
T 117.291 5 869 1421 27
T 117.291 6 860 1427 27
T 117.311 4 848 1412 26
T 117.312 5 870 1421 27
T 117.312 6 861 1427 27
T 117.332 4 849 1412 26
T 117.332 5 871 1421 27
T 117.332 6 862 1427 27
T 117.352 4 850 1412 26
T 117.352 5 872 1421 27
T 117.352 6 863 1427 27
T 117.372 4 851 1412 26
T 117.373 5 873 1421 27
T 117.373 6 864 1427 27
T 117.393 4 852 1412 26
T 117.393 5 874 1421 27
T 117.393 6 865 1427 27
T 117.413 4 853 1412 26
T 117.413 5 875 1421 27
T 117.413 6 866 1427 27
T 117.434 4 854 1412 26
T 117.434 5 876 1421 27
T 117.434 6 867 1427 27
P 117.442 8
F 117.443 8 27
IQ 117.443 8
IS 117.443 8
T 117.454 4 855 1412 26
T 117.454 5 877 1421 27
T 117.454 6 868 1427 27
T 117.474 4 856 1412 26
T 117.475 5 878 1421 27
T 117.475 6 869 1427 27
T 117.495 4 857 1412 26
T 117.495 5 879 1421 27
T 117.495 6 870 1427 27
IE 117.501 7
IR 117.501 7
IA 117.503 7
T 117.516 4 858 1412 26
T 117.516 5 880 1421 27
T 117.516 6 871 1427 27
T 117.572 5 881 1421 27
T 117.572 6 872 1427 27
T 117.579 5 882 1421 27
T 117.579 6 873 1427 27
T 117.579 7 859 1433 27
T 117.599 5 883 1421 27
T 117.599 6 874 1427 27
T 117.599 7 860 1433 27
T 117.619 5 884 1421 27
T 117.619 6 875 1427 27
T 117.619 7 861 1433 27
T 117.640 5 885 1421 27
T 117.640 6 876 1427 27
T 117.640 7 862 1433 27
T 117.660 5 886 1421 27
T 117.660 6 877 1427 27
T 117.660 7 863 1433 27
T 117.681 5 887 1421 27
T 117.681 6 878 1427 27
T 117.681 7 864 1433 27
P 117.693 1
F 117.693 1 27
IQ 117.694 1
IS 117.694 1
T 117.701 5 888 1421 27
T 117.701 6 879 1427 27
T 117.702 7 865 1433 27
T 117.722 5 889 1421 27
T 117.722 6 880 1427 27
T 117.722 7 866 1433 27
T 117.742 5 890 1421 27
T 117.742 6 881 1427 27
T 117.742 7 867 1433 27
IE 117.753 8
IR 117.753 8
IA 117.755 8
T 117.763 5 891 1421 27
T 117.763 6 882 1427 27
T 117.763 7 868 1433 27
T 117.851 6 883 1427 27
T 117.851 7 869 1433 27
T 117.855 6 884 1427 27
T 117.855 7 870 1433 27
T 117.855 8 859 1440 27
T 117.873 6 885 1427 27
T 117.873 7 871 1433 27
T 117.874 8 860 1440 27
T 117.893 6 886 1427 27
T 117.893 7 872 1433 27
T 117.893 8 861 1440 27
T 117.913 6 887 1427 27
T 117.914 7 873 1433 27
T 117.914 8 862 1440 27
T 117.934 6 888 1427 27
T 117.934 7 874 1433 27
T 117.934 8 863 1440 27
P 117.943 2
F 117.944 2 27
IQ 117.944 2
IS 117.944 2
T 117.954 6 889 1427 27
T 117.954 7 875 1433 27
T 117.954 8 864 1440 27
T 117.974 6 890 1427 27
T 117.974 7 876 1433 27
T 117.975 8 865 1440 27
IE 117.989 1
IR 117.989 1
IA 117.990 1
T 117.995 6 891 1427 27
T 117.995 7 877 1433 27
T 117.995 8 866 1440 27
T 118.060 7 878 1433 27
T 118.061 8 867 1440 27
T 118.062 7 879 1433 27
T 118.062 8 868 1440 27
T 118.062 1 859 1446 27
T 118.082 7 880 1433 27
T 118.083 8 869 1440 27
T 118.083 1 860 1446 27
T 118.103 7 881 1433 27
T 118.103 8 870 1440 27
T 118.103 1 861 1446 27
T 118.123 7 882 1433 27
T 118.123 8 871 1440 27
T 118.123 1 862 1446 27
T 118.143 7 883 1433 27
T 118.143 8 872 1440 27
T 118.144 1 863 1446 27
T 118.164 7 884 1433 27
T 118.164 8 873 1440 27
T 118.164 1 864 1446 27
T 118.184 7 885 1433 27
T 118.184 8 874 1440 27
T 118.184 1 865 1446 27
P 118.194 3
F 118.195 3 27
IQ 118.195 3
IS 118.196 3
T 118.205 7 886 1433 27
T 118.205 8 875 1440 27
T 118.205 1 866 1446 27
T 118.225 7 887 1433 27
T 118.225 8 876 1440 27
T 118.225 1 867 1446 27
T 118.245 7 888 1433 27
T 118.245 8 877 1440 27
T 118.245 1 868 1446 27
T 118.266 7 889 1433 27
T 118.266 8 878 1440 27
T 118.266 1 869 1446 27
IE 118.272 2
IR 118.272 2
IA 118.274 2
T 118.287 7 890 1433 27
T 118.287 8 879 1440 27
T 118.287 1 870 1446 27
T 118.350 7 891 1433 27
T 118.350 8 880 1440 27
T 118.350 1 871 1446 27
T 118.354 8 881 1440 27
T 118.354 1 872 1446 27
T 118.354 2 859 1452 27
T 118.374 8 882 1440 27
T 118.374 1 873 1446 27
T 118.374 2 860 1452 27
T 118.394 8 883 1440 27
T 118.394 1 874 1446 27
T 118.394 2 861 1452 27
T 118.415 8 884 1440 27
T 118.415 1 875 1446 27
T 118.415 2 862 1452 27
T 118.435 8 885 1440 27
T 118.435 1 876 1446 27
T 118.435 2 863 1452 27
P 118.445 4
F 118.446 4 27
IQ 118.446 4
IS 118.446 4
T 118.455 8 886 1440 27
T 118.455 1 877 1446 27
T 118.456 2 864 1452 27
T 118.476 8 887 1440 27
T 118.476 1 878 1446 27
T 118.476 2 865 1452 27
IE 118.492 3
IR 118.493 3
IA 118.494 3
T 118.496 8 888 1440 27
T 118.496 1 879 1446 27
T 118.496 2 866 1452 27
T 118.517 8 889 1440 27
T 118.517 1 880 1446 27
T 118.517 2 867 1452 27
T 118.582 8 890 1440 27
T 118.582 1 881 1446 27
T 118.582 2 868 1452 27
T 118.585 8 891 1440 27
T 118.585 1 882 1446 27
T 118.585 2 869 1452 27
T 118.585 3 859 1458 27
T 118.605 1 883 1446 27
T 118.605 2 870 1452 27
T 118.605 3 860 1458 27
T 118.626 1 884 1446 27
T 118.626 2 871 1452 27
T 118.626 3 861 1458 27
T 118.646 1 885 1446 27
T 118.647 2 872 1452 27
T 118.647 3 862 1458 27
T 118.667 1 886 1446 27
T 118.667 2 873 1452 27
T 118.667 3 863 1458 27
T 118.687 1 887 1446 27
T 118.688 2 874 1452 27
T 118.688 3 864 1458 27
P 118.696 5
F 118.697 5 28
IQ 118.697 5
IS 118.697 5
T 118.709 1 888 1446 27
T 118.709 2 875 1452 27
T 118.709 3 865 1458 27
IE 118.714 4
IR 118.714 4
IA 118.715 4
T 118.729 1 889 1446 27
T 118.729 2 876 1452 27
T 118.729 3 866 1458 27
T 118.794 1 890 1446 27
T 118.794 2 877 1452 27
T 118.795 3 867 1458 27
T 118.798 1 891 1446 27
T 118.798 2 878 1452 27
T 118.798 3 868 1458 27
T 118.798 4 859 1465 27
T 118.818 2 879 1452 27
T 118.818 3 869 1458 27
T 118.818 4 860 1465 27
T 118.838 2 880 1452 27
T 118.839 3 870 1458 27
T 118.839 4 861 1465 27
T 118.859 2 881 1452 27
T 118.859 3 871 1458 27
T 118.859 4 862 1465 27
T 118.879 2 882 1452 27
T 118.879 3 872 1458 27
T 118.880 4 863 1465 27
T 118.900 2 883 1452 27
T 118.900 3 873 1458 27
T 118.900 4 864 1465 27
T 118.920 2 884 1452 27
T 118.920 3 874 1458 27
T 118.920 4 865 1465 27
T 118.940 2 885 1452 27
T 118.941 3 875 1458 27
T 118.941 4 866 1465 27
P 118.946 6
F 118.947 6 28
IQ 118.947 6
IS 118.947 6
T 118.961 2 886 1452 27
T 118.961 3 876 1458 27
T 118.961 4 867 1465 27
IE 118.979 5
IR 118.979 5
IA 118.981 5
T 118.982 2 887 1452 27
T 118.982 3 877 1458 27
T 118.982 4 868 1465 27
T 119.003 2 888 1452 27
T 119.003 3 878 1458 27
T 119.003 4 869 1465 27
T 119.067 2 889 1452 27
T 119.068 3 879 1458 27
T 119.068 4 870 1465 27
T 119.071 2 890 1452 27
T 119.071 3 880 1458 27
T 119.072 4 871 1465 27
T 119.072 5 892 1474 28
T 119.092 2 891 1452 27
T 119.092 3 881 1458 27
T 119.092 4 872 1465 27
T 119.092 5 893 1474 28
T 119.112 3 882 1458 27
T 119.112 4 873 1465 27
T 119.112 5 894 1474 28
T 119.132 3 883 1458 27
T 119.132 4 874 1465 27
T 119.132 5 895 1474 28
T 119.152 3 884 1458 27
T 119.153 4 875 1465 27
T 119.153 5 896 1474 28
T 119.173 3 885 1458 27
T 119.173 4 876 1465 27
T 119.173 5 897 1474 28
T 119.193 3 886 1458 27
T 119.193 4 877 1465 27
T 119.193 5 898 1474 28
P 119.196 7
F 119.197 7 28
IQ 119.197 7
IS 119.197 7
T 119.214 3 887 1458 27
T 119.214 4 878 1465 27
T 119.214 5 899 1474 28
T 119.234 3 888 1458 27
T 119.234 4 879 1465 27
T 119.234 5 900 1474 28
IE 119.237 6
IR 119.237 6
IA 119.239 6
T 119.255 3 889 1458 27
T 119.255 4 880 1465 27
T 119.255 5 901 1474 28
T 119.319 3 890 1458 27
T 119.319 4 881 1465 27
T 119.319 5 902 1474 28
T 119.323 3 891 1458 27
T 119.323 4 882 1465 27
T 119.323 5 903 1474 28
T 119.323 6 892 1480 28
T 119.343 4 883 1465 27
T 119.343 5 904 1474 28
T 119.343 6 893 1480 28
T 119.364 4 884 1465 27
T 119.364 5 905 1474 28
T 119.364 6 894 1480 28
T 119.384 4 885 1465 27
T 119.384 5 906 1474 28
T 119.384 6 895 1480 28
T 119.404 4 886 1465 27
T 119.404 5 907 1474 28
T 119.404 6 896 1480 28
T 119.425 4 887 1465 27
T 119.425 5 908 1474 28
T 119.425 6 897 1480 28
T 119.445 4 888 1465 27
T 119.445 5 909 1474 28
T 119.445 6 898 1480 28
P 119.446 8
F 119.446 8 28
IQ 119.447 8
IS 119.447 8
T 119.466 4 889 1465 27
T 119.466 5 910 1474 28
T 119.466 6 899 1480 28
T 119.486 4 890 1465 27
T 119.486 5 911 1474 28
T 119.486 6 900 1480 28
IE 119.489 7
IR 119.489 7
IA 119.491 7
T 119.507 4 891 1465 27
T 119.507 5 912 1474 28
T 119.507 6 901 1480 28
T 119.571 5 913 1474 28
T 119.571 6 902 1480 28
T 119.575 5 914 1474 28
T 119.575 6 903 1480 28
T 119.575 7 892 1486 28
T 119.595 5 915 1474 28
T 119.595 6 904 1480 28
T 119.595 7 893 1486 28
T 119.615 5 916 1474 28
T 119.615 6 905 1480 28
T 119.615 7 894 1486 28
T 119.635 5 917 1474 28
T 119.635 6 906 1480 28
T 119.636 7 895 1486 28
T 119.656 5 918 1474 28
T 119.656 6 907 1480 28
T 119.656 7 896 1486 28
T 119.676 5 919 1474 28
T 119.676 6 908 1480 28
T 119.676 7 897 1486 28
T 119.697 5 920 1474 28
T 119.698 6 909 1480 28
T 119.698 7 898 1486 28
P 119.698 1
F 119.699 1 28
IQ 119.699 1
IS 119.699 1
IE 119.714 8
IR 119.715 8
IA 119.716 8
T 119.718 5 921 1474 28
T 119.718 6 910 1480 28
T 119.718 7 899 1486 28
T 119.738 5 922 1474 28
T 119.738 6 911 1480 28
T 119.738 7 900 1486 28
T 119.827 5 923 1474 28
T 119.827 6 912 1480 28
T 119.827 7 901 1486 28
T 119.830 5 924 1474 28
T 119.830 6 913 1480 28
T 119.830 7 902 1486 28
T 119.830 8 892 1493 28
T 119.851 6 914 1480 28
T 119.851 7 903 1486 28
T 119.851 8 893 1493 28
T 119.870 6 915 1480 28
T 119.870 7 904 1486 28
T 119.870 8 894 1493 28
T 119.891 6 916 1480 28
T 119.891 7 905 1486 28
T 119.891 8 895 1493 28
T 119.911 6 917 1480 28
T 119.911 7 906 1486 28
T 119.911 8 896 1493 28
T 119.931 6 918 1480 28
T 119.931 7 907 1486 28
T 119.931 8 897 1493 28
P 119.948 2
F 119.948 2 28
IQ 119.949 2
IS 119.949 2
T 119.951 6 919 1480 28
T 119.952 7 908 1486 28
T 119.952 8 898 1493 28
T 119.972 6 920 1480 28
T 119.972 7 909 1486 28
T 119.972 8 899 1493 28
IE 119.977 1
IR 119.977 1
IA 119.979 1
T 119.993 6 921 1480 28
T 119.993 7 910 1486 28
T 119.993 8 900 1493 28
T 120.057 6 922 1480 28
T 120.057 7 911 1486 28
T 120.057 8 901 1493 28
T 120.061 6 923 1480 28
T 120.061 7 912 1486 28
T 120.061 8 902 1493 28
T 120.061 1 892 1499 28
T 120.081 6 924 1480 28
T 120.081 7 913 1486 28
T 120.081 8 903 1493 28
T 120.081 1 893 1499 28
T 120.101 7 914 1486 28
T 120.101 8 904 1493 28
T 120.101 1 894 1499 28
T 120.121 7 915 1486 28
T 120.122 8 905 1493 28
T 120.122 1 895 1499 28
T 120.142 7 916 1486 28
T 120.142 8 906 1493 28
T 120.142 1 896 1499 28
T 120.162 7 917 1486 28
T 120.162 8 907 1493 28
T 120.162 1 897 1499 28
T 120.182 7 918 1486 28
T 120.183 8 908 1493 28
T 120.183 1 898 1499 28
P 120.199 3
F 120.199 3 28
IQ 120.200 3
IS 120.200 3
T 120.203 7 919 1486 28
T 120.203 8 909 1493 28
T 120.203 1 899 1499 28
IE 120.205 2
IR 120.206 2
IA 120.207 2
T 120.224 7 920 1486 28
T 120.224 8 910 1493 28
T 120.224 1 900 1499 28
T 120.289 7 921 1486 28
T 120.289 8 911 1493 28
T 120.289 1 901 1499 28
T 120.292 7 922 1486 28
T 120.292 8 912 1493 28
T 120.292 1 902 1499 28
T 120.292 2 892 1505 28
T 120.313 7 923 1486 28
T 120.313 8 913 1493 28
T 120.313 1 903 1499 28
T 120.313 2 893 1505 28
T 120.333 7 924 1486 28
T 120.333 8 914 1493 28
T 120.333 1 904 1499 28
T 120.334 2 894 1505 28
T 120.353 8 915 1493 28
T 120.354 1 905 1499 28
T 120.354 2 895 1505 28
T 120.374 8 916 1493 28
T 120.374 1 906 1499 28
T 120.374 2 896 1505 28
T 120.394 8 917 1493 28
T 120.394 1 907 1499 28
T 120.394 2 897 1505 28
T 120.415 8 918 1493 28
T 120.415 1 908 1499 28
T 120.415 2 898 1505 28
T 120.435 8 919 1493 28
T 120.435 1 909 1499 28
T 120.435 2 899 1505 28
IE 120.441 3
IR 120.441 3
IA 120.443 3
P 120.449 4
F 120.450 4 28
IQ 120.450 4
IS 120.450 4
T 120.456 8 920 1493 28
T 120.456 1 910 1499 28
T 120.456 2 900 1505 28
T 120.521 8 921 1493 28
T 120.521 1 911 1499 28
T 120.521 2 901 1505 28
T 120.524 8 922 1493 28
T 120.524 1 912 1499 28
T 120.524 2 902 1505 28
T 120.524 3 892 1511 28
T 120.545 8 923 1493 28
T 120.545 1 913 1499 28
T 120.545 2 903 1505 28
T 120.545 3 893 1511 28
T 120.566 8 924 1493 28
T 120.566 1 914 1499 28
T 120.566 2 904 1505 28
T 120.566 3 894 1511 28
T 120.586 1 915 1499 28
T 120.586 2 905 1505 28
T 120.586 3 895 1511 28
T 120.606 1 916 1499 28
T 120.607 2 906 1505 28
T 120.607 3 896 1511 28
T 120.627 1 917 1499 28
T 120.627 2 907 1505 28
T 120.627 3 897 1511 28
T 120.647 1 918 1499 28
T 120.647 2 908 1505 28
T 120.647 3 898 1511 28
T 120.668 1 919 1499 28
T 120.668 2 909 1505 28
T 120.668 3 899 1511 28
IE 120.683 4
IR 120.683 4
IA 120.685 4
T 120.690 1 920 1499 28
T 120.690 2 910 1505 28
T 120.690 3 900 1511 28
P 120.700 5
F 120.700 5 29
IQ 120.700 5
IS 120.701 5
T 120.710 1 921 1499 28
T 120.710 2 911 1505 28
T 120.710 3 901 1511 28
T 120.776 1 922 1499 28
T 120.776 2 912 1505 28
T 120.776 3 902 1511 28
T 120.780 1 923 1499 28
T 120.780 2 913 1505 28
T 120.780 3 903 1511 28
T 120.780 4 892 1518 28
T 120.800 1 924 1499 28
T 120.800 2 914 1505 28
T 120.800 3 904 1511 28
T 120.800 4 893 1518 28
T 120.820 2 915 1505 28
T 120.821 3 905 1511 28
T 120.821 4 894 1518 28
T 120.841 2 916 1505 28
T 120.841 3 906 1511 28
T 120.841 4 895 1518 28
T 120.861 2 917 1505 28
T 120.861 3 907 1511 28
T 120.861 4 896 1518 28
T 120.882 2 918 1505 28
T 120.882 3 908 1511 28
T 120.882 4 897 1518 28
T 120.902 2 919 1505 28
T 120.902 3 909 1511 28
T 120.902 4 898 1518 28
T 120.923 2 920 1505 28
T 120.923 3 910 1511 28
T 120.923 4 899 1518 28
T 120.943 2 921 1505 28
T 120.943 3 911 1511 28
T 120.943 4 900 1518 28
P 120.950 6
F 120.951 6 29
IQ 120.951 6
IS 120.952 6
T 120.964 2 922 1505 28
T 120.964 3 912 1511 28
T 120.964 4 901 1518 28
IE 120.980 5
IR 120.980 5
IA 120.982 5
T 120.984 2 923 1505 28
T 120.984 3 913 1511 28
T 120.984 4 902 1518 28
T 121.005 2 924 1505 28
T 121.005 3 914 1511 28
T 121.005 4 903 1518 28
T 121.069 3 915 1511 28
T 121.069 4 904 1518 28
T 121.073 3 916 1511 28
T 121.073 4 905 1518 28
T 121.073 5 925 1527 29
T 121.093 3 917 1511 28
T 121.093 4 906 1518 28
T 121.093 5 926 1527 29
T 121.113 3 918 1511 28
T 121.113 4 907 1518 28
T 121.113 5 927 1527 29
T 121.133 3 919 1511 28
T 121.133 4 908 1518 28
T 121.134 5 928 1527 29
T 121.154 3 920 1511 28
T 121.154 4 909 1518 28
T 121.154 5 929 1527 29
T 121.174 3 921 1511 28
T 121.174 4 910 1518 28
T 121.174 5 930 1527 29
T 121.195 3 922 1511 28
T 121.195 4 911 1518 28
T 121.195 5 931 1527 29
P 121.202 7
F 121.202 7 29
IQ 121.203 7
IS 121.203 7
IE 121.206 6
IR 121.207 6
IA 121.208 6
T 121.216 3 923 1511 28
T 121.216 4 912 1518 28
T 121.216 5 932 1527 29
T 121.280 3 924 1511 28
T 121.281 4 913 1518 28
T 121.281 5 933 1527 29
T 121.284 4 914 1518 28
T 121.284 5 934 1527 29
T 121.284 6 925 1533 29
T 121.304 4 915 1518 28
T 121.304 5 935 1527 29
T 121.305 6 926 1533 29
T 121.325 4 916 1518 28
T 121.325 5 936 1527 29
T 121.325 6 927 1533 29
T 121.345 4 917 1518 28
T 121.345 5 937 1527 29
T 121.345 6 928 1533 29
T 121.366 4 918 1518 28
T 121.366 5 938 1527 29
T 121.366 6 929 1533 29
T 121.386 4 919 1518 28
T 121.386 5 939 1527 29
T 121.386 6 930 1533 29
T 121.407 4 920 1518 28
T 121.407 5 940 1527 29
T 121.407 6 931 1533 29
T 121.427 4 921 1518 28
T 121.427 5 941 1527 29
T 121.427 6 932 1533 29
T 121.448 4 922 1518 28
T 121.448 5 942 1527 29
T 121.448 6 933 1533 29
P 121.452 8
F 121.453 8 29
IQ 121.453 8
IS 121.453 8
IE 121.462 7
IR 121.462 7
IA 121.464 7
T 121.469 4 923 1518 28
T 121.470 5 943 1527 29
T 121.470 6 934 1533 29
T 121.534 4 924 1518 28
T 121.534 5 944 1527 29
T 121.535 6 935 1533 29
T 121.538 5 945 1527 29
T 121.538 6 936 1533 29
T 121.538 7 925 1539 29
T 121.558 5 946 1527 29
T 121.558 6 937 1533 29
T 121.558 7 926 1539 29
T 121.578 5 947 1527 29
T 121.578 6 938 1533 29
T 121.578 7 927 1539 29
T 121.599 5 948 1527 29
T 121.599 6 939 1533 29
T 121.599 7 928 1539 29
T 121.619 5 949 1527 29
T 121.619 6 940 1533 29
T 121.619 7 929 1539 29
T 121.640 5 950 1527 29
T 121.640 6 941 1533 29
T 121.640 7 930 1539 29
T 121.660 5 951 1527 29
T 121.660 6 942 1533 29
T 121.660 7 931 1539 29
T 121.681 5 952 1527 29
T 121.681 6 943 1533 29
T 121.681 7 932 1539 29
T 121.701 5 953 1527 29
T 121.701 6 944 1533 29
T 121.701 7 933 1539 29
P 121.705 1
F 121.705 1 29
IQ 121.705 1
IS 121.706 1
IE 121.706 8
IR 121.708 8
IA 121.709 8
T 121.722 5 954 1527 29
T 121.722 6 945 1533 29
T 121.722 7 934 1539 29
T 121.787 5 955 1527 29
T 121.787 6 946 1533 29
T 121.787 7 935 1539 29
T 121.791 5 956 1527 29
T 121.791 6 947 1533 29
T 121.791 7 936 1539 29
T 121.791 8 925 1546 29
T 121.811 5 957 1527 29
T 121.811 6 948 1533 29
T 121.811 7 937 1539 29
T 121.811 8 926 1546 29
T 121.832 6 949 1533 29
T 121.832 7 938 1539 29
T 121.832 8 927 1546 29
T 121.852 6 950 1533 29
T 121.852 7 939 1539 29
T 121.852 8 928 1546 29
T 121.873 6 951 1533 29
T 121.873 7 940 1539 29
T 121.873 8 929 1546 29
T 121.893 6 952 1533 29
T 121.893 7 941 1539 29
T 121.894 8 930 1546 29
T 121.914 6 953 1533 29
T 121.914 7 942 1539 29
T 121.914 8 931 1546 29
T 121.935 6 954 1533 29
T 121.935 7 943 1539 29
T 121.935 8 932 1546 29
P 121.953 2
F 121.953 2 29
IQ 121.954 2
IS 121.955 2
T 121.955 6 955 1533 29
T 121.956 7 944 1539 29
T 121.956 8 933 1546 29
T 121.976 6 956 1533 29
T 121.976 7 945 1539 29
T 121.976 8 934 1546 29
T 121.997 6 957 1533 29
T 121.997 7 946 1539 29
T 121.997 8 935 1546 29
T 122.017 7 947 1539 29
T 122.017 8 936 1546 29
IE 122.027 1
IR 122.027 1
IA 122.029 1
T 122.037 7 948 1539 29
T 122.037 8 937 1546 29
T 122.101 7 949 1539 29
T 122.101 8 938 1546 29
T 122.105 7 950 1539 29
T 122.105 8 939 1546 29
T 122.105 1 925 1552 29
T 122.126 7 951 1539 29
T 122.126 8 940 1546 29
T 122.126 1 926 1552 29
T 122.146 7 952 1539 29
T 122.146 8 941 1546 29
T 122.146 1 927 1552 29
T 122.167 7 953 1539 29
T 122.167 8 942 1546 29
T 122.167 1 928 1552 29
T 122.187 7 954 1539 29
T 122.187 8 943 1546 29
T 122.188 1 929 1552 29
P 122.204 3
F 122.205 3 29
IQ 122.205 3
IS 122.205 3
T 122.210 7 955 1539 29
T 122.210 8 944 1546 29
T 122.210 1 930 1552 29
IE 122.216 2
IR 122.217 2
IA 122.218 2
T 122.229 7 956 1539 29
T 122.229 8 945 1546 29
T 122.229 1 931 1552 29
T 122.294 7 957 1539 29
T 122.294 8 946 1546 29
T 122.294 1 932 1552 29
T 122.297 8 947 1546 29
T 122.297 1 933 1552 29
T 122.298 2 925 1558 29
T 122.318 8 948 1546 29
T 122.318 1 934 1552 29
T 122.318 2 926 1558 29
T 122.338 8 949 1546 29
T 122.338 1 935 1552 29
T 122.338 2 927 1558 29
T 122.359 8 950 1546 29
T 122.359 1 936 1552 29
T 122.359 2 928 1558 29
T 122.379 8 951 1546 29
T 122.379 1 937 1552 29
T 122.379 2 929 1558 29
T 122.400 8 952 1546 29
T 122.400 1 938 1552 29
T 122.400 2 930 1558 29
T 122.420 8 953 1546 29
T 122.420 1 939 1552 29
T 122.420 2 931 1558 29
T 122.441 8 954 1546 29
T 122.441 1 940 1552 29
T 122.441 2 932 1558 29
P 122.454 4
F 122.455 4 29
IQ 122.455 4
IS 122.456 4
T 122.462 8 955 1546 29
T 122.462 1 941 1552 29
T 122.462 2 933 1558 29
T 122.482 8 956 1546 29
T 122.482 1 942 1552 29
T 122.482 2 934 1558 29
T 122.503 8 957 1546 29
T 122.503 1 943 1552 29
T 122.503 2 935 1558 29
IE 122.514 3
IR 122.515 3
IA 122.516 3
T 122.523 1 944 1552 29
T 122.523 2 936 1558 29
T 122.587 1 945 1552 29
T 122.587 2 937 1558 29
T 122.591 1 946 1552 29
T 122.591 2 938 1558 29
T 122.591 3 925 1564 29
T 122.612 1 947 1552 29
T 122.612 2 939 1558 29
T 122.612 3 926 1564 29
T 122.632 1 948 1552 29
T 122.632 2 940 1558 29
T 122.632 3 927 1564 29
T 122.653 1 949 1552 29
T 122.653 2 941 1558 29
T 122.653 3 928 1564 29
T 122.673 1 950 1552 29
T 122.673 2 942 1558 29
T 122.673 3 929 1564 29
T 122.693 1 951 1552 29
T 122.693 2 943 1558 29
T 122.693 3 930 1564 29
P 122.704 5
F 122.705 5 30
IQ 122.705 5
IS 122.706 5
T 122.714 1 952 1552 29
T 122.714 2 944 1558 29
T 122.714 3 931 1564 29
T 122.735 1 953 1552 29
T 122.735 2 945 1558 29
T 122.735 3 932 1564 29
IE 122.740 4
IR 122.740 4
IA 122.741 4
T 122.755 1 954 1552 29
T 122.755 2 946 1558 29
T 122.755 3 933 1564 29
T 122.820 1 955 1552 29
T 122.820 2 947 1558 29
T 122.820 3 934 1564 29
T 122.825 1 956 1552 29
T 122.825 2 948 1558 29
T 122.825 3 935 1564 29
T 122.825 4 925 1571 29
T 122.845 1 957 1552 29
T 122.845 2 949 1558 29
T 122.845 3 936 1564 29
T 122.845 4 926 1571 29
T 122.865 2 950 1558 29
T 122.866 3 937 1564 29
T 122.866 4 927 1571 29
T 122.886 2 951 1558 29
T 122.886 3 938 1564 29
T 122.886 4 928 1571 29
T 122.906 2 952 1558 29
T 122.906 3 939 1564 29
T 122.906 4 929 1571 29
T 122.927 2 953 1558 29
T 122.927 3 940 1564 29
T 122.927 4 930 1571 29
T 122.947 2 954 1558 29
T 122.948 3 941 1564 29
T 122.948 4 931 1571 29
IE 122.950 5
IR 122.962 5
P 122.963 6
IA 122.964 5
F 122.965 6 30
IQ 122.965 6
IS 122.965 6
T 122.969 2 955 1558 29
T 122.969 3 942 1564 29
T 122.969 4 932 1571 29
T 123.033 2 956 1558 29
T 123.033 3 943 1564 29
T 123.033 4 933 1571 29
T 123.037 2 957 1558 29
T 123.037 3 944 1564 29
T 123.037 4 934 1571 29
T 123.037 5 958 1580 30
T 123.058 3 945 1564 29
T 123.058 4 935 1571 29
T 123.058 5 959 1580 30
T 123.078 3 946 1564 29
T 123.078 4 936 1571 29
T 123.078 5 960 1580 30
T 123.098 3 947 1564 29
T 123.098 4 937 1571 29
T 123.098 5 961 1580 30
T 123.119 3 948 1564 29
T 123.119 4 938 1571 29
T 123.119 5 962 1580 30
T 123.139 3 949 1564 29
T 123.139 4 939 1571 29
T 123.139 5 963 1580 30
T 123.160 3 950 1564 29
T 123.160 4 940 1571 29
T 123.160 5 964 1580 30
T 123.180 3 951 1564 29
T 123.181 4 941 1571 29
T 123.181 5 965 1580 30
T 123.201 3 952 1564 29
T 123.201 4 942 1571 29
T 123.202 5 966 1580 30
P 123.206 7
F 123.206 7 30
IQ 123.207 7
IS 123.207 7
T 123.222 3 953 1564 29
T 123.222 4 943 1571 29
T 123.223 5 967 1580 30
T 123.243 3 954 1564 29
T 123.243 4 944 1571 29
T 123.243 5 968 1580 30
T 123.264 3 955 1564 29
T 123.264 4 945 1571 29
T 123.264 5 969 1580 30
T 123.285 3 956 1564 29
T 123.285 4 946 1571 29
T 123.285 5 970 1580 30
IE 123.298 6
IR 123.298 6
IA 123.300 6
T 123.306 3 957 1564 29
T 123.306 4 947 1571 29
T 123.306 5 971 1580 30
T 123.370 4 948 1571 29
T 123.370 5 972 1580 30
T 123.374 4 949 1571 29
T 123.374 5 973 1580 30
T 123.374 6 958 1586 30
T 123.394 4 950 1571 29
T 123.394 5 974 1580 30
T 123.394 6 959 1586 30
T 123.415 4 951 1571 29
T 123.415 5 975 1580 30
T 123.415 6 960 1586 30
T 123.435 4 952 1571 29
T 123.435 5 976 1580 30
T 123.435 6 961 1586 30
T 123.457 4 953 1571 29
T 123.457 5 977 1580 30
T 123.457 6 962 1586 30
P 123.458 8
F 123.459 8 30
IQ 123.459 8
IS 123.459 8
IE 123.464 7
IR 123.465 7
IA 123.466 7
T 123.478 4 954 1571 29
T 123.478 5 978 1580 30
T 123.478 6 963 1586 30
T 123.544 4 955 1571 29
T 123.544 5 979 1580 30
T 123.544 6 964 1586 30
T 123.546 4 956 1571 29
T 123.546 5 980 1580 30
T 123.547 6 965 1586 30
T 123.547 7 958 1592 30
T 123.567 4 957 1571 29
T 123.567 5 981 1580 30
T 123.567 6 966 1586 30
T 123.567 7 959 1592 30
T 123.587 5 982 1580 30
T 123.587 6 967 1586 30
T 123.587 7 960 1592 30
T 123.608 5 983 1580 30
T 123.608 6 968 1586 30
T 123.608 7 961 1592 30
T 123.628 5 984 1580 30
T 123.629 6 969 1586 30
T 123.629 7 962 1592 30
T 123.649 5 985 1580 30
T 123.649 6 970 1586 30
T 123.649 7 963 1592 30
T 123.670 5 986 1580 30
T 123.670 6 971 1586 30
T 123.670 7 964 1592 30
T 123.691 5 987 1580 30
T 123.691 6 972 1586 30
T 123.691 7 965 1592 30
P 123.707 1
F 123.707 1 30
IQ 123.708 1
IS 123.708 1
T 123.712 5 988 1580 30
T 123.712 6 973 1586 30
T 123.712 7 966 1592 30
T 123.732 5 989 1580 30
T 123.732 6 974 1586 30
T 123.732 7 967 1592 30
T 123.753 5 990 1580 30
T 123.753 6 975 1586 30
T 123.753 7 968 1592 30
IE 123.764 8
IR 123.765 8
IA 123.767 8
T 123.773 6 976 1586 30
T 123.773 7 969 1592 30
T 123.838 6 977 1586 30
T 123.839 7 970 1592 30
T 123.842 6 978 1586 30
T 123.842 7 971 1592 30
T 123.842 8 958 1599 30
T 123.863 6 979 1586 30
T 123.863 7 972 1592 30
T 123.863 8 959 1599 30
T 123.884 6 980 1586 30
T 123.884 7 973 1592 30
T 123.884 8 960 1599 30
T 123.904 6 981 1586 30
T 123.904 7 974 1592 30
T 123.904 8 961 1599 30
T 123.925 6 982 1586 30
T 123.925 7 975 1592 30
T 123.925 8 962 1599 30
T 123.945 6 983 1586 30
T 123.945 7 976 1592 30
T 123.945 8 963 1599 30
P 123.957 2
F 123.958 2 30
IQ 123.958 2
IS 123.958 2
T 123.966 6 984 1586 30
T 123.966 7 977 1592 30
T 123.966 8 964 1599 30
T 123.986 6 985 1586 30
T 123.986 7 978 1592 30
T 123.986 8 965 1599 30
T 124.007 6 986 1586 30
T 124.007 7 979 1592 30
T 124.007 8 966 1599 30
IE 124.014 1
IR 124.014 1
IA 124.016 1
T 124.027 6 987 1586 30
T 124.028 7 980 1592 30
T 124.028 8 967 1599 30
T 124.093 6 988 1586 30
T 124.093 7 981 1592 30
T 124.093 8 968 1599 30
T 124.096 6 989 1586 30
T 124.096 7 982 1592 30
T 124.096 8 969 1599 30
T 124.096 1 958 1605 30
T 124.117 6 990 1586 30
T 124.117 7 983 1592 30
T 124.117 8 970 1599 30
T 124.117 1 959 1605 30
T 124.137 7 984 1592 30
T 124.137 8 971 1599 30
T 124.137 1 960 1605 30
T 124.158 7 985 1592 30
T 124.158 8 972 1599 30
T 124.158 1 961 1605 30
T 124.178 7 986 1592 30
T 124.179 8 973 1599 30
T 124.179 1 962 1605 30
T 124.199 7 987 1592 30
T 124.199 8 974 1599 30
T 124.199 1 963 1605 30
P 124.210 3
F 124.210 3 30
IQ 124.210 3
IS 124.211 3
T 124.220 7 988 1592 30
T 124.220 8 975 1599 30
T 124.220 1 964 1605 30
IE 124.222 2
IR 124.223 2
IA 124.224 2
T 124.241 7 989 1592 30
T 124.241 8 976 1599 30
T 124.241 1 965 1605 30
T 124.306 7 990 1592 30
T 124.306 8 977 1599 30
T 124.306 1 966 1605 30
T 124.309 8 978 1599 30
T 124.309 1 967 1605 30
T 124.309 2 958 1611 30
T 124.329 8 979 1599 30
T 124.330 1 968 1605 30
T 124.330 2 959 1611 30
T 124.350 8 980 1599 30
T 124.350 1 969 1605 30
T 124.350 2 960 1611 30
T 124.370 8 981 1599 30
T 124.371 1 970 1605 30
T 124.371 2 961 1611 30
T 124.391 8 982 1599 30
T 124.391 1 971 1605 30
T 124.391 2 962 1611 30
T 124.412 8 983 1599 30
T 124.412 1 972 1605 30
T 124.412 2 963 1611 30
T 124.432 8 984 1599 30
T 124.432 1 973 1605 30
T 124.432 2 964 1611 30
T 124.453 8 985 1599 30
T 124.453 1 974 1605 30
T 124.453 2 965 1611 30
P 124.458 4
F 124.459 4 30
IQ 124.460 4
IS 124.460 4
T 124.474 8 986 1599 30
T 124.474 1 975 1605 30
T 124.474 2 966 1611 30
IE 124.485 3
IR 124.486 3
IA 124.487 3
T 124.494 8 987 1599 30
T 124.495 1 976 1605 30
T 124.495 2 967 1611 30
T 124.559 8 988 1599 30
T 124.559 1 977 1605 30
T 124.559 2 968 1611 30
T 124.563 8 989 1599 30
T 124.563 1 978 1605 30
T 124.564 2 969 1611 30
T 124.564 3 958 1617 30
T 124.584 8 990 1599 30
T 124.584 1 979 1605 30
T 124.584 2 970 1611 30
T 124.584 3 959 1617 30
T 124.604 1 980 1605 30
T 124.604 2 971 1611 30
T 124.605 3 960 1617 30
T 124.625 1 981 1605 30
T 124.625 2 972 1611 30
T 124.625 3 961 1617 30
T 124.646 1 982 1605 30
T 124.646 2 973 1611 30
T 124.646 3 962 1617 30
T 124.666 1 983 1605 30
T 124.666 2 974 1611 30
T 124.666 3 963 1617 30
T 124.687 1 984 1605 30
T 124.687 2 975 1611 30
T 124.687 3 964 1617 30
T 124.708 1 985 1605 30
T 124.708 2 976 1611 30
T 124.708 3 965 1617 30
P 124.709 5
F 124.710 5 31
IQ 124.710 5
IS 124.710 5
T 124.728 1 986 1605 30
T 124.728 2 977 1611 30
T 124.728 3 966 1617 30
T 124.749 1 987 1605 30
T 124.749 2 978 1611 30
T 124.749 3 967 1617 30
T 124.770 1 988 1605 30
T 124.770 2 979 1611 30
T 124.770 3 968 1617 30
IE 124.784 4
IR 124.785 4
IA 124.786 4
T 124.791 1 989 1605 30
T 124.791 2 980 1611 30
T 124.791 3 969 1617 30
T 124.856 1 990 1605 30
T 124.856 2 981 1611 30
T 124.856 3 970 1617 30
T 124.859 2 982 1611 30
T 124.860 3 971 1617 30
T 124.860 4 958 1624 30
T 124.880 2 983 1611 30
T 124.880 3 972 1617 30
T 124.880 4 959 1624 30
T 124.901 2 984 1611 30
T 124.901 3 973 1617 30
T 124.901 4 960 1624 30
T 124.921 2 985 1611 30
T 124.921 3 974 1617 30
T 124.921 4 961 1624 30
T 124.942 2 986 1611 30
T 124.942 3 975 1617 30
T 124.942 4 962 1624 30
P 124.960 6
F 124.961 6 31
IQ 124.961 6
IS 124.962 6
T 124.963 2 987 1611 30
T 124.964 3 976 1617 30
T 124.964 4 963 1624 30
IE 124.971 5
IR 124.971 5
IA 124.973 5
T 124.983 2 988 1611 30
T 124.983 3 977 1617 30
T 124.983 4 964 1624 30
T 125.049 2 989 1611 30
T 125.049 3 978 1617 30
T 125.049 4 965 1624 30
T 125.052 2 990 1611 30
T 125.052 3 979 1617 30
T 125.053 4 966 1624 30
T 125.053 5 991 1633 31
T 125.073 3 980 1617 30
T 125.073 4 967 1624 30
T 125.073 5 992 1633 31
T 125.093 3 981 1617 30
T 125.093 4 968 1624 30
T 125.093 5 993 1633 31
T 125.114 3 982 1617 30
T 125.114 4 969 1624 30
T 125.114 5 994 1633 31
T 125.135 3 983 1617 30
T 125.135 4 970 1624 30
T 125.135 5 995 1633 31
T 125.155 3 984 1617 30
T 125.155 4 971 1624 30
T 125.155 5 996 1633 31
T 125.176 3 985 1617 30
T 125.176 4 972 1624 30
T 125.176 5 997 1633 31
T 125.196 3 986 1617 30
T 125.196 4 973 1624 30
T 125.197 5 998 1633 31
P 125.211 7
F 125.212 7 31
IQ 125.212 7
IS 125.213 7
T 125.217 3 987 1617 30
T 125.217 4 974 1624 30
T 125.218 5 999 1633 31
T 125.238 3 988 1617 30
T 125.238 4 975 1624 30
T 125.238 5 1000 1633 31
IE 125.240 6
IR 125.241 6
IA 125.242 6
T 125.259 3 989 1617 30
T 125.259 4 976 1624 30
T 125.259 5 1001 1633 31
T 125.325 3 990 1617 30
T 125.325 4 977 1624 30
T 125.326 5 1002 1633 31
T 125.328 4 978 1624 30
T 125.328 5 1003 1633 31
T 125.328 6 991 1639 31
T 125.349 4 979 1624 30
T 125.349 5 1004 1633 31
T 125.349 6 992 1639 31
T 125.370 4 980 1624 30
T 125.370 5 1005 1633 31
T 125.370 6 993 1639 31
T 125.392 4 981 1624 30
T 125.392 5 1006 1633 31
T 125.392 6 994 1639 31
T 125.411 4 982 1624 30
T 125.411 5 1007 1633 31
T 125.411 6 995 1639 31
T 125.432 4 983 1624 30
T 125.432 5 1008 1633 31
T 125.432 6 996 1639 31
T 125.452 4 984 1624 30
T 125.452 5 1009 1633 31
T 125.452 6 997 1639 31
P 125.462 8
F 125.463 8 31
IQ 125.463 8
IS 125.464 8
T 125.473 4 985 1624 30
T 125.473 5 1010 1633 31
T 125.473 6 998 1639 31
T 125.494 4 986 1624 30
T 125.494 5 1011 1633 31
T 125.494 6 999 1639 31
IE 125.500 7
IR 125.501 7
IA 125.502 7
T 125.515 4 987 1624 30
T 125.516 5 1012 1633 31
T 125.516 6 1000 1639 31
T 125.580 4 988 1624 30
T 125.580 5 1013 1633 31
T 125.580 6 1001 1639 31
T 125.584 4 989 1624 30
T 125.584 5 1014 1633 31
T 125.585 6 1002 1639 31
T 125.585 7 991 1645 31
T 125.605 4 990 1624 30
T 125.605 5 1015 1633 31
T 125.605 6 1003 1639 31
T 125.606 7 992 1645 31
T 125.626 5 1016 1633 31
T 125.626 6 1004 1639 31
T 125.626 7 993 1645 31
T 125.646 5 1017 1633 31
T 125.647 6 1005 1639 31
T 125.647 7 994 1645 31
T 125.667 5 1018 1633 31
T 125.667 6 1006 1639 31
T 125.667 7 995 1645 31
T 125.688 5 1019 1633 31
T 125.688 6 1007 1639 31
T 125.688 7 996 1645 31
T 125.709 5 1020 1633 31
T 125.709 6 1008 1639 31
T 125.709 7 997 1645 31
P 125.712 1
F 125.713 1 31
IQ 125.713 1
IS 125.713 1
T 125.730 5 1021 1633 31
T 125.730 6 1009 1639 31
T 125.730 7 998 1645 31
IE 125.740 8
IR 125.740 8
IA 125.742 8
T 125.750 5 1022 1633 31
T 125.751 6 1010 1639 31
T 125.751 7 999 1645 31
T 125.817 5 1023 1633 31
T 125.817 6 1011 1639 31
T 125.817 7 1000 1645 31
T 125.820 6 1012 1639 31
T 125.820 7 1001 1645 31
T 125.820 8 991 1652 31
T 125.841 6 1013 1639 31
T 125.841 7 1002 1645 31
T 125.841 8 992 1652 31
T 125.861 6 1014 1639 31
T 125.861 7 1003 1645 31
T 125.862 8 993 1652 31
T 125.882 6 1015 1639 31
T 125.882 7 1004 1645 31
T 125.882 8 994 1652 31
T 125.903 6 1016 1639 31
T 125.903 7 1005 1645 31
T 125.903 8 995 1652 31
T 125.923 6 1017 1639 31
T 125.923 7 1006 1645 31
T 125.924 8 996 1652 31
T 125.944 6 1018 1639 31
T 125.945 7 1007 1645 31
T 125.945 8 997 1652 31
P 125.963 2
F 125.963 2 31
IQ 125.963 2
IS 125.964 2
T 125.966 6 1019 1639 31
T 125.966 7 1008 1645 31
T 125.966 8 998 1652 31
T 125.986 6 1020 1639 31
T 125.986 7 1009 1645 31
T 125.986 8 999 1652 31
T 126.007 6 1021 1639 31
T 126.007 7 1010 1645 31
T 126.007 8 1000 1652 31
IE 126.013 1
IR 126.014 1
IA 126.015 1
T 126.027 6 1022 1639 31
T 126.027 7 1011 1645 31
T 126.027 8 1001 1652 31
T 126.093 6 1023 1639 31
T 126.093 7 1012 1645 31
T 126.093 8 1002 1652 31
T 126.097 7 1013 1645 31
T 126.097 8 1003 1652 31
T 126.097 1 991 1658 31
T 126.117 7 1014 1645 31
T 126.117 8 1004 1652 31
T 126.117 1 992 1658 31
T 126.138 7 1015 1645 31
T 126.139 8 1005 1652 31
T 126.139 1 993 1658 31
T 126.158 7 1016 1645 31
T 126.158 8 1006 1652 31
T 126.158 1 994 1658 31
T 126.179 7 1017 1645 31
T 126.179 8 1007 1652 31
T 126.179 1 995 1658 31
T 126.200 7 1018 1645 31
T 126.200 8 1008 1652 31
T 126.200 1 996 1658 31
P 126.214 3
F 126.214 3 31
IQ 126.215 3
IS 126.215 3
T 126.220 7 1019 1645 31
T 126.221 8 1009 1652 31
T 126.221 1 997 1658 31
T 126.241 7 1020 1645 31
T 126.241 8 1010 1652 31
T 126.241 1 998 1658 31
T 126.261 7 1021 1645 31
T 126.262 8 1011 1652 31
T 126.262 1 999 1658 31
T 126.282 7 1022 1645 31
T 126.283 8 1012 1652 31
T 126.283 1 1000 1658 31
IE 126.294 2
IR 126.294 2
IA 126.296 2
T 126.303 7 1023 1645 31
T 126.304 8 1013 1652 31
T 126.304 1 1001 1658 31
T 126.368 8 1014 1652 31
T 126.368 1 1002 1658 31
T 126.372 8 1015 1652 31
T 126.372 1 1003 1658 31
T 126.372 2 991 1664 31
T 126.392 8 1016 1652 31
T 126.392 1 1004 1658 31
T 126.392 2 992 1664 31
T 126.413 8 1017 1652 31
T 126.413 1 1005 1658 31
T 126.413 2 993 1664 31
T 126.434 8 1018 1652 31
T 126.434 1 1006 1658 31
T 126.434 2 994 1664 31
T 126.454 8 1019 1652 31
T 126.454 1 1007 1658 31
T 126.454 2 995 1664 31
P 126.463 4
F 126.465 4 31
IQ 126.465 4
IS 126.465 4
T 126.475 8 1020 1652 31
T 126.475 1 1008 1658 31
T 126.476 2 996 1664 31
IE 126.478 3
IR 126.479 3
IA 126.480 3
T 126.497 8 1021 1652 31
T 126.497 1 1009 1658 31
T 126.497 2 997 1664 31
T 126.563 8 1022 1652 31
T 126.563 1 1010 1658 31
T 126.563 2 998 1664 31
T 126.567 8 1023 1652 31
T 126.567 1 1011 1658 31
T 126.567 2 999 1664 31
T 126.567 3 991 1670 31
T 126.587 1 1012 1658 31
T 126.587 2 1000 1664 31
T 126.587 3 992 1670 31
T 126.608 1 1013 1658 31
T 126.608 2 1001 1664 31
T 126.608 3 993 1670 31
T 126.629 1 1014 1658 31
T 126.629 2 1002 1664 31
T 126.629 3 994 1670 31
T 126.649 1 1015 1658 31
T 126.649 2 1003 1664 31
T 126.649 3 995 1670 31
T 126.670 1 1016 1658 31
T 126.670 2 1004 1664 31
T 126.670 3 996 1670 31
T 126.691 1 1017 1658 31
T 126.691 2 1005 1664 31
T 126.691 3 997 1670 31
T 126.712 1 1018 1658 31
T 126.712 2 1006 1664 31
T 126.712 3 998 1670 31
P 126.714 5
F 126.714 5 32
IQ 126.714 5
IS 126.715 5
T 126.732 1 1019 1658 31
T 126.732 2 1007 1664 31
T 126.732 3 999 1670 31
T 126.753 1 1020 1658 31
T 126.753 2 1008 1664 31
T 126.753 3 1000 1670 31
T 126.774 1 1021 1658 31
T 126.774 2 1009 1664 31
T 126.774 3 1001 1670 31
IE 126.780 4
IR 126.780 4
IA 126.782 4
T 126.795 1 1022 1658 31
T 126.795 2 1010 1664 31
T 126.795 3 1002 1670 31
T 126.860 1 1023 1658 31
T 126.860 2 1011 1664 31
T 126.860 3 1003 1670 31
T 126.864 2 1012 1664 31
T 126.864 3 1004 1670 31
T 126.864 4 991 1677 31
T 126.886 2 1013 1664 31
T 126.887 3 1005 1670 31
T 126.887 4 992 1677 31
T 126.906 2 1014 1664 31
T 126.906 3 1006 1670 31
T 126.906 4 993 1677 31
T 126.927 2 1015 1664 31
T 126.927 3 1007 1670 31
T 126.927 4 994 1677 31
T 126.947 2 1016 1664 31
T 126.947 3 1008 1670 31
T 126.947 4 995 1677 31
P 126.965 6
F 126.965 6 32
IQ 126.966 6
IS 126.967 6
T 126.969 2 1017 1664 31
T 126.969 3 1009 1670 31
T 126.969 4 996 1677 31
T 126.989 2 1018 1664 31
T 126.989 3 1010 1670 31
T 126.989 4 997 1677 31
IE 127.004 5
IR 127.005 5
IA 127.006 5
T 127.009 2 1019 1664 31
T 127.010 3 1011 1670 31
T 127.010 4 998 1677 31
T 127.030 2 1020 1664 31
T 127.031 3 1012 1670 31
T 127.031 4 999 1677 31
T 127.095 2 1021 1664 31
T 127.095 3 1013 1670 31
T 127.095 4 1000 1677 31
T 127.100 2 1022 1664 31
T 127.100 3 1014 1670 31
T 127.100 4 1001 1677 31
T 127.100 5 1024 1686 32
T 127.120 2 1023 1664 31
T 127.120 3 1015 1670 31
T 127.120 4 1002 1677 31
T 127.120 5 1025 1686 32
T 127.141 3 1016 1670 31
T 127.141 4 1003 1677 31
T 127.141 5 1026 1686 32
T 127.162 3 1017 1670 31
T 127.162 4 1004 1677 31
T 127.162 5 1027 1686 32
T 127.182 3 1018 1670 31
T 127.183 4 1005 1677 31
T 127.183 5 1028 1686 32
T 127.203 3 1019 1670 31
T 127.203 4 1006 1677 31
T 127.203 5 1029 1686 32
P 127.215 7
F 127.215 7 32
IQ 127.216 7
IS 127.216 7
T 127.225 3 1020 1670 31
T 127.225 4 1007 1677 31
T 127.225 5 1030 1686 32
IE 127.241 6
IR 127.242 6
IA 127.243 6
T 127.245 3 1021 1670 31
T 127.246 4 1008 1677 31
T 127.246 5 1031 1686 32
T 127.266 3 1022 1670 31
T 127.267 4 1009 1677 31
T 127.267 5 1032 1686 32
T 127.332 3 1023 1670 31
T 127.332 4 1010 1677 31
T 127.332 5 1033 1686 32
T 127.336 4 1011 1677 31
T 127.336 5 1034 1686 32
T 127.336 6 1024 1692 32
T 127.356 4 1012 1677 31
T 127.356 5 1035 1686 32
T 127.356 6 1025 1692 32
T 127.377 4 1013 1677 31
T 127.377 5 1036 1686 32
T 127.377 6 1026 1692 32
T 127.397 4 1014 1677 31
T 127.397 5 1037 1686 32
T 127.397 6 1027 1692 32
T 127.418 4 1015 1677 31
T 127.418 5 1038 1686 32
T 127.418 6 1028 1692 32
T 127.438 4 1016 1677 31
T 127.438 5 1039 1686 32
T 127.438 6 1029 1692 32
T 127.459 4 1017 1677 31
T 127.459 5 1040 1686 32
T 127.459 6 1030 1692 32
P 127.466 8
F 127.466 8 32
IQ 127.467 8
IS 127.467 8
T 127.480 4 1018 1677 31
T 127.480 5 1041 1686 32
T 127.480 6 1031 1692 32
T 127.500 4 1019 1677 31
T 127.500 5 1042 1686 32
T 127.500 6 1032 1692 32
T 127.521 4 1020 1677 31
T 127.521 5 1043 1686 32
T 127.521 6 1033 1692 32
IE 127.536 7
IR 127.537 7
IA 127.538 7
T 127.542 4 1021 1677 31
T 127.542 5 1044 1686 32
T 127.542 6 1034 1692 32
T 127.562 4 1022 1677 31
T 127.562 5 1045 1686 32
T 127.562 6 1035 1692 32
T 127.627 4 1023 1677 31
T 127.627 5 1046 1686 32
T 127.627 6 1036 1692 32
T 127.631 5 1047 1686 32
T 127.631 6 1037 1692 32
T 127.631 7 1024 1698 32
T 127.652 5 1048 1686 32
T 127.652 6 1038 1692 32
T 127.652 7 1025 1698 32
T 127.673 5 1049 1686 32
T 127.673 6 1039 1692 32
T 127.673 7 1026 1698 32
T 127.693 5 1050 1686 32
T 127.693 6 1040 1692 32
T 127.693 7 1027 1698 32
T 127.713 5 1051 1686 32
T 127.713 6 1041 1692 32
T 127.714 7 1028 1698 32
P 127.718 1
F 127.718 1 32
IQ 127.718 1
IS 127.719 1
T 127.734 5 1052 1686 32
T 127.735 6 1042 1692 32
T 127.735 7 1029 1698 32
T 127.755 5 1053 1686 32
T 127.755 6 1043 1692 32
T 127.756 7 1030 1698 32
IE 127.758 8
IR 127.759 8
IA 127.760 8
T 127.776 5 1054 1686 32
T 127.776 6 1044 1692 32
T 127.776 7 1031 1698 32
T 127.842 5 1055 1686 32
T 127.843 6 1045 1692 32
T 127.843 7 1032 1698 32
T 127.847 5 1056 1686 32
T 127.847 6 1046 1692 32
T 127.847 7 1033 1698 32
T 127.847 8 1024 1705 32
T 127.867 6 1047 1692 32
T 127.867 7 1034 1698 32
T 127.868 8 1025 1705 32
T 127.888 6 1048 1692 32
T 127.888 7 1035 1698 32
T 127.888 8 1026 1705 32
T 127.909 6 1049 1692 32
T 127.909 7 1036 1698 32
T 127.909 8 1027 1705 32
T 127.930 6 1050 1692 32
T 127.930 7 1037 1698 32
T 127.930 8 1028 1705 32
T 127.951 6 1051 1692 32
T 127.951 7 1038 1698 32
T 127.951 8 1029 1705 32
P 127.967 2
F 127.968 2 32
IQ 127.968 2
IS 127.968 2
T 127.974 6 1052 1692 32
T 127.975 7 1039 1698 32
T 127.975 8 1030 1705 32
IE 127.981 1
IR 127.982 1
IA 127.983 1
T 127.993 6 1053 1692 32
T 127.993 7 1040 1698 32
T 127.993 8 1031 1705 32
T 128.058 6 1054 1692 32
T 128.058 7 1041 1698 32
T 128.058 8 1032 1705 32
T 128.063 6 1055 1692 32
T 128.063 7 1042 1698 32
T 128.063 8 1033 1705 32
T 128.063 1 1024 1711 32
T 128.084 6 1056 1692 32
T 128.084 7 1043 1698 32
T 128.084 8 1034 1705 32
T 128.084 1 1025 1711 32
T 128.104 7 1044 1698 32
T 128.105 8 1035 1705 32
T 128.105 1 1026 1711 32
T 128.125 7 1045 1698 32
T 128.125 8 1036 1705 32
T 128.125 1 1027 1711 32
T 128.146 7 1046 1698 32
T 128.146 8 1037 1705 32
T 128.146 1 1028 1711 32
T 128.166 7 1047 1698 32
T 128.166 8 1038 1705 32
T 128.166 1 1029 1711 32
T 128.187 7 1048 1698 32
T 128.187 8 1039 1705 32
T 128.187 1 1030 1711 32
T 128.208 7 1049 1698 32
T 128.208 8 1040 1705 32
T 128.208 1 1031 1711 32
P 128.218 3
F 128.219 3 32
IQ 128.219 3
IS 128.219 3
T 128.229 7 1050 1698 32
T 128.229 8 1041 1705 32
T 128.229 1 1032 1711 32
T 128.249 7 1051 1698 32
T 128.250 8 1042 1705 32
T 128.250 1 1033 1711 32
T 128.270 7 1052 1698 32
T 128.271 8 1043 1705 32
T 128.271 1 1034 1711 32
IE 128.278 2
IR 128.279 2
IA 128.280 2
T 128.292 7 1053 1698 32
T 128.292 8 1044 1705 32
T 128.292 1 1035 1711 32
T 128.356 7 1054 1698 32
T 128.356 8 1045 1705 32
T 128.356 1 1036 1711 32
T 128.361 7 1055 1698 32
T 128.361 8 1046 1705 32
T 128.361 1 1037 1711 32
T 128.361 2 1024 1717 32
T 128.382 7 1056 1698 32
T 128.382 8 1047 1705 32
T 128.382 1 1038 1711 32
T 128.382 2 1025 1717 32
T 128.402 8 1048 1705 32
T 128.402 1 1039 1711 32
T 128.403 2 1026 1717 32
T 128.423 8 1049 1705 32
T 128.423 1 1040 1711 32
T 128.423 2 1027 1717 32
T 128.444 8 1050 1705 32
T 128.444 1 1041 1711 32
T 128.444 2 1028 1717 32
T 128.465 8 1051 1705 32
T 128.465 1 1042 1711 32
T 128.465 2 1029 1717 32
P 128.469 4
F 128.470 4 32
IQ 128.470 4
IS 128.470 4
T 128.489 8 1052 1705 32
T 128.489 1 1043 1711 32
T 128.489 2 1030 1717 32
IE 128.496 3
IR 128.496 3
IA 128.498 3
T 128.507 8 1053 1705 32
T 128.507 1 1044 1711 32
T 128.507 2 1031 1717 32
T 128.572 8 1054 1705 32
T 128.573 1 1045 1711 32
T 128.573 2 1032 1717 32
T 128.577 8 1055 1705 32
T 128.577 1 1046 1711 32
T 128.577 2 1033 1717 32
T 128.577 3 1024 1723 32
T 128.597 8 1056 1705 32
T 128.597 1 1047 1711 32
T 128.598 2 1034 1717 32
T 128.598 3 1025 1723 32
T 128.618 1 1048 1711 32
T 128.618 2 1035 1717 32
T 128.618 3 1026 1723 32
T 128.639 1 1049 1711 32
T 128.639 2 1036 1717 32
T 128.639 3 1027 1723 32
T 128.659 1 1050 1711 32
T 128.659 2 1037 1717 32
T 128.659 3 1028 1723 32
T 128.680 1 1051 1711 32
T 128.680 2 1038 1717 32
T 128.680 3 1029 1723 32
T 128.701 1 1052 1711 32
T 128.701 2 1039 1717 32
T 128.701 3 1030 1723 32
IE 128.704 4
IR 128.704 4
IA 128.706 4
P 128.719 5
F 128.720 5 33
IQ 128.720 5
IS 128.720 5
T 128.722 1 1053 1711 32
T 128.722 2 1040 1717 32
T 128.722 3 1031 1723 32
T 128.787 1 1054 1711 32
T 128.787 2 1041 1717 32
T 128.788 3 1032 1723 32
T 128.792 1 1055 1711 32
T 128.792 2 1042 1717 32
T 128.792 3 1033 1723 32
T 128.792 4 1024 1730 32
T 128.812 1 1056 1711 32
T 128.812 2 1043 1717 32
T 128.813 3 1034 1723 32
T 128.813 4 1025 1730 32
T 128.833 2 1044 1717 32
T 128.833 3 1035 1723 32
T 128.833 4 1026 1730 32
T 128.854 2 1045 1717 32
T 128.854 3 1036 1723 32
T 128.855 4 1027 1730 32
T 128.874 2 1046 1717 32
T 128.874 3 1037 1723 32
T 128.874 4 1028 1730 32
T 128.895 2 1047 1717 32
T 128.895 3 1038 1723 32
T 128.895 4 1029 1730 32
T 128.916 2 1048 1717 32
T 128.916 3 1039 1723 32
T 128.916 4 1030 1730 32
T 128.937 2 1049 1717 32
T 128.937 3 1040 1723 32
T 128.937 4 1031 1730 32
T 128.958 2 1050 1717 32
T 128.958 3 1041 1723 32
T 128.958 4 1032 1730 32
IE 128.967 5
IR 128.968 5
P 128.971 6
IA 128.971 5
F 128.972 6 33
IQ 128.972 6
IS 128.972 6
T 128.979 2 1051 1717 32
T 128.979 3 1042 1723 32
T 128.979 4 1033 1730 32
T 129.044 2 1052 1717 32
T 129.044 3 1043 1723 32
T 129.044 4 1034 1730 32
T 129.048 2 1053 1717 32
T 129.048 3 1044 1723 32
T 129.049 4 1035 1730 32
T 129.049 5 1057 1739 33
T 129.069 2 1054 1717 32
T 129.069 3 1045 1723 32
T 129.069 4 1036 1730 32
T 129.069 5 1058 1739 33
T 129.090 2 1055 1717 32
T 129.090 3 1046 1723 32
T 129.090 4 1037 1730 32
T 129.090 5 1059 1739 33
T 129.110 2 1056 1717 32
T 129.111 3 1047 1723 32
T 129.111 4 1038 1730 32
T 129.111 5 1060 1739 33
T 129.131 3 1048 1723 32
T 129.131 4 1039 1730 32
T 129.131 5 1061 1739 33
T 129.152 3 1049 1723 32
T 129.152 4 1040 1730 32
T 129.152 5 1062 1739 33
T 129.173 3 1050 1723 32
T 129.173 4 1041 1730 32
T 129.173 5 1063 1739 33
T 129.193 3 1051 1723 32
T 129.193 4 1042 1730 32
T 129.193 5 1064 1739 33
T 129.214 3 1052 1723 32
T 129.215 4 1043 1730 32
T 129.215 5 1065 1739 33
P 129.221 7
F 129.222 7 33
IQ 129.223 7
IS 129.223 7
IE 129.224 6
IR 129.225 6
IA 129.226 6
T 129.236 3 1053 1723 32
T 129.236 4 1044 1730 32
T 129.236 5 1066 1739 33
T 129.302 3 1054 1723 32
T 129.302 4 1045 1730 32
T 129.302 5 1067 1739 33
T 129.306 3 1055 1723 32
T 129.306 4 1046 1730 32
T 129.306 5 1068 1739 33
T 129.306 6 1057 1745 33
T 129.327 3 1056 1723 32
T 129.327 4 1047 1730 32
T 129.327 5 1069 1739 33
T 129.327 6 1058 1745 33
T 129.347 4 1048 1730 32
T 129.347 5 1070 1739 33
T 129.347 6 1059 1745 33
T 129.368 4 1049 1730 32
T 129.368 5 1071 1739 33
T 129.368 6 1060 1745 33
T 129.389 4 1050 1730 32
T 129.389 5 1072 1739 33
T 129.389 6 1061 1745 33
T 129.410 4 1051 1730 32
T 129.410 5 1073 1739 33
T 129.410 6 1062 1745 33
T 129.430 4 1052 1730 32
T 129.430 5 1074 1739 33
T 129.431 6 1063 1745 33
T 129.451 4 1053 1730 32
T 129.451 5 1075 1739 33
T 129.451 6 1064 1745 33
T 129.472 4 1054 1730 32
T 129.472 5 1076 1739 33
T 129.472 6 1065 1745 33
P 129.473 8
F 129.473 8 33
IQ 129.473 8
IS 129.474 8
IE 129.484 7
IR 129.484 7
IA 129.486 7
T 129.493 4 1055 1730 32
T 129.494 5 1077 1739 33
T 129.494 6 1066 1745 33
T 129.559 4 1056 1730 32
T 129.559 5 1078 1739 33
T 129.559 6 1067 1745 33
T 129.563 5 1079 1739 33
T 129.563 6 1068 1745 33
T 129.563 7 1057 1751 33
T 129.584 5 1080 1739 33
T 129.584 6 1069 1745 33
T 129.584 7 1058 1751 33
T 129.604 5 1081 1739 33
T 129.604 6 1070 1745 33
T 129.605 7 1059 1751 33
T 129.625 5 1082 1739 33
T 129.625 6 1071 1745 33
T 129.625 7 1060 1751 33
T 129.646 5 1083 1739 33
T 129.646 6 1072 1745 33
T 129.646 7 1061 1751 33
T 129.667 5 1084 1739 33
T 129.667 6 1073 1745 33
T 129.667 7 1062 1751 33
T 129.687 5 1085 1739 33
T 129.687 6 1074 1745 33
T 129.688 7 1063 1751 33
T 129.708 5 1086 1739 33
T 129.708 6 1075 1745 33
T 129.708 7 1064 1751 33
P 129.722 1
F 129.723 1 33
IQ 129.723 1
IS 129.723 1
T 129.729 5 1087 1739 33
T 129.729 6 1076 1745 33
T 129.729 7 1065 1751 33
T 129.750 5 1088 1739 33
T 129.750 6 1077 1745 33
T 129.750 7 1066 1751 33
T 129.770 5 1089 1739 33
T 129.771 6 1078 1745 33
T 129.771 7 1067 1751 33
IE 129.790 8
IR 129.790 8
IA 129.792 8
T 129.793 6 1079 1745 33
T 129.793 7 1068 1751 33
T 129.812 6 1080 1745 33
T 129.812 7 1069 1751 33
T 129.877 6 1081 1745 33
T 129.877 7 1070 1751 33
T 129.881 6 1082 1745 33
T 129.881 7 1071 1751 33
T 129.881 8 1057 1758 33
T 129.902 6 1083 1745 33
T 129.902 7 1072 1751 33
T 129.902 8 1058 1758 33
T 129.923 6 1084 1745 33
T 129.923 7 1073 1751 33
T 129.923 8 1059 1758 33
T 129.943 6 1085 1745 33
T 129.943 7 1074 1751 33
T 129.943 8 1060 1758 33
T 129.964 6 1086 1745 33
T 129.964 7 1075 1751 33
T 129.964 8 1061 1758 33
P 129.976 2
F 129.976 2 33
IQ 129.976 2
IS 129.977 2
T 129.985 6 1087 1745 33
T 129.985 7 1076 1751 33
T 129.985 8 1062 1758 33
IE 129.986 1
IR 129.986 1
IA 129.988 1
T 130.006 6 1088 1745 33
T 130.006 7 1077 1751 33
T 130.006 8 1063 1758 33
T 130.072 6 1089 1745 33
T 130.072 7 1078 1751 33
T 130.072 8 1064 1758 33
T 130.076 7 1079 1751 33
T 130.076 8 1065 1758 33
T 130.076 1 1057 1764 33
T 130.096 7 1080 1751 33
T 130.096 8 1066 1758 33
T 130.096 1 1058 1764 33
T 130.117 7 1081 1751 33
T 130.117 8 1067 1758 33
T 130.117 1 1059 1764 33
T 130.137 7 1082 1751 33
T 130.137 8 1068 1758 33
T 130.137 1 1060 1764 33
T 130.158 7 1083 1751 33
T 130.158 8 1069 1758 33
T 130.158 1 1061 1764 33
T 130.178 7 1084 1751 33
T 130.178 8 1070 1758 33
T 130.179 1 1062 1764 33
T 130.199 7 1085 1751 33
T 130.199 8 1071 1758 33
T 130.199 1 1063 1764 33
T 130.220 7 1086 1751 33
T 130.220 8 1072 1758 33
T 130.220 1 1064 1764 33
P 130.224 3
F 130.224 3 33
IQ 130.224 3
IS 130.225 3
T 130.241 7 1087 1751 33
T 130.242 8 1073 1758 33
T 130.242 1 1065 1764 33
IE 130.248 2
IR 130.248 2
IA 130.250 2
T 130.261 7 1088 1751 33
T 130.261 8 1074 1758 33
T 130.261 1 1066 1764 33
T 130.326 7 1089 1751 33
T 130.326 8 1075 1758 33
T 130.326 1 1067 1764 33
T 130.330 8 1076 1758 33
T 130.330 1 1068 1764 33
T 130.330 2 1057 1770 33
T 130.351 8 1077 1758 33
T 130.351 1 1069 1764 33
T 130.351 2 1058 1770 33
T 130.371 8 1078 1758 33
T 130.371 1 1070 1764 33
T 130.371 2 1059 1770 33
T 130.392 8 1079 1758 33
T 130.392 1 1071 1764 33
T 130.392 2 1060 1770 33
T 130.413 8 1080 1758 33
T 130.413 1 1072 1764 33
T 130.413 2 1061 1770 33
T 130.433 8 1081 1758 33
T 130.434 1 1073 1764 33
T 130.434 2 1062 1770 33
T 130.454 8 1082 1758 33
T 130.454 1 1074 1764 33
T 130.454 2 1063 1770 33
T 130.475 8 1083 1758 33
P 130.475 4
T 130.475 1 1075 1764 33
T 130.476 2 1064 1770 33
F 130.477 4 33
IQ 130.477 4
IS 130.477 4
IE 130.492 3
IR 130.493 3
IA 130.494 3
T 130.496 8 1084 1758 33
T 130.496 1 1076 1764 33
T 130.496 2 1065 1770 33
T 130.517 8 1085 1758 33
T 130.517 1 1077 1764 33
T 130.517 2 1066 1770 33
T 130.582 8 1086 1758 33
T 130.582 1 1078 1764 33
T 130.582 2 1067 1770 33
T 130.586 8 1087 1758 33
T 130.587 1 1079 1764 33
T 130.587 2 1068 1770 33
T 130.587 3 1057 1776 33
T 130.607 8 1088 1758 33
T 130.607 1 1080 1764 33
T 130.608 2 1069 1770 33
T 130.608 3 1058 1776 33
T 130.628 8 1089 1758 33
T 130.628 1 1081 1764 33
T 130.628 2 1070 1770 33
T 130.628 3 1059 1776 33
T 130.649 1 1082 1764 33
T 130.649 2 1071 1770 33
T 130.649 3 1060 1776 33
T 130.670 1 1083 1764 33
T 130.670 2 1072 1770 33
T 130.670 3 1061 1776 33
T 130.690 1 1084 1764 33
T 130.691 2 1073 1770 33
T 130.691 3 1062 1776 33
T 130.711 1 1085 1764 33
T 130.711 2 1074 1770 33
T 130.711 3 1063 1776 33
P 130.724 5
F 130.725 5 34
IQ 130.725 5
IS 130.725 5
T 130.732 1 1086 1764 33
T 130.732 2 1075 1770 33
T 130.732 3 1064 1776 33
T 130.753 1 1087 1764 33
T 130.753 2 1076 1770 33
T 130.753 3 1065 1776 33
IE 130.763 4
IR 130.764 4
IA 130.765 4
T 130.774 1 1088 1764 33
T 130.774 2 1077 1770 33
T 130.774 3 1066 1776 33
T 130.838 1 1089 1764 33
T 130.839 2 1078 1770 33
T 130.839 3 1067 1776 33
T 130.843 2 1079 1770 33
T 130.843 3 1068 1776 33
T 130.843 4 1057 1783 33
T 130.864 2 1080 1770 33
T 130.864 3 1069 1776 33
T 130.864 4 1058 1783 33
T 130.884 2 1081 1770 33
T 130.884 3 1070 1776 33
T 130.884 4 1059 1783 33
T 130.905 2 1082 1770 33
T 130.905 3 1071 1776 33
T 130.905 4 1060 1783 33
T 130.926 2 1083 1770 33
T 130.926 3 1072 1776 33
T 130.926 4 1061 1783 33
T 130.947 2 1084 1770 33
T 130.947 3 1073 1776 33
T 130.947 4 1062 1783 33
T 130.968 2 1085 1770 33
T 130.968 3 1074 1776 33
T 130.968 4 1063 1783 33
P 130.975 6
F 130.976 6 34
IQ 130.976 6
IS 130.976 6
IE 130.979 5
IR 130.979 5
IA 130.981 5
T 130.988 2 1086 1770 33
T 130.989 3 1075 1776 33
T 130.989 4 1064 1783 33
T 131.054 2 1087 1770 33
T 131.054 3 1076 1776 33
T 131.054 4 1065 1783 33
T 131.059 2 1088 1770 33
T 131.059 3 1077 1776 33
T 131.059 4 1066 1783 33
T 131.059 5 1090 1792 34
T 131.079 2 1089 1770 33
T 131.079 3 1078 1776 33
T 131.079 4 1067 1783 33
T 131.079 5 1091 1792 34
T 131.100 3 1079 1776 33
T 131.100 4 1068 1783 33
T 131.100 5 1092 1792 34
T 131.121 3 1080 1776 33
T 131.121 4 1069 1783 33
T 131.121 5 1093 1792 34
T 131.141 3 1081 1776 33
T 131.141 4 1070 1783 33
T 131.141 5 1094 1792 34
T 131.162 3 1082 1776 33
T 131.162 4 1071 1783 33
T 131.162 5 1095 1792 34
T 131.182 3 1083 1776 33
T 131.183 4 1072 1783 33
T 131.183 5 1096 1792 34
T 131.203 3 1084 1776 33
T 131.203 4 1073 1783 33
T 131.203 5 1097 1792 34
T 131.224 3 1085 1776 33
T 131.224 4 1074 1783 33
T 131.224 5 1098 1792 34
P 131.225 7
F 131.226 7 34
IQ 131.226 7
IS 131.226 7
T 131.245 3 1086 1776 33
T 131.245 4 1075 1783 33
T 131.245 5 1099 1792 34
IE 131.263 6
IR 131.264 6
IA 131.265 6
T 131.267 3 1087 1776 33
T 131.267 4 1076 1783 33
T 131.267 5 1100 1792 34
T 131.287 3 1088 1776 33
T 131.287 4 1077 1783 33
T 131.287 5 1101 1792 34
T 131.351 3 1089 1776 33
T 131.351 4 1078 1783 33
T 131.351 5 1102 1792 34
T 131.356 4 1079 1783 33
T 131.356 5 1103 1792 34
T 131.356 6 1090 1798 34
T 131.376 4 1080 1783 33
T 131.376 5 1104 1792 34
T 131.376 6 1091 1798 34
T 131.397 4 1081 1783 33
T 131.397 5 1105 1792 34
T 131.397 6 1092 1798 34
T 131.418 4 1082 1783 33
T 131.418 5 1106 1792 34
T 131.418 6 1093 1798 34
IE 131.423 7
IR 131.423 7
IA 131.425 7
T 131.439 4 1083 1783 33
T 131.439 5 1107 1792 34
T 131.439 6 1094 1798 34
P 131.476 8
F 131.476 8 34
IQ 131.477 8
IS 131.477 8
T 131.504 4 1084 1783 33
T 131.504 5 1108 1792 34
T 131.504 6 1095 1798 34
T 131.508 4 1085 1783 33
T 131.509 5 1109 1792 34
T 131.509 6 1096 1798 34
T 131.509 7 1090 1804 34
T 131.529 4 1086 1783 33
T 131.529 5 1110 1792 34
T 131.529 6 1097 1798 34
T 131.529 7 1091 1804 34
T 131.550 4 1087 1783 33
T 131.550 5 1111 1792 34
T 131.550 6 1098 1798 34
T 131.550 7 1092 1804 34
T 131.571 4 1088 1783 33
T 131.571 5 1112 1792 34
T 131.571 6 1099 1798 34
T 131.571 7 1093 1804 34
T 131.591 4 1089 1783 33
T 131.591 5 1113 1792 34
T 131.591 6 1100 1798 34
T 131.591 7 1094 1804 34
T 131.613 5 1114 1792 34
T 131.613 6 1101 1798 34
T 131.613 7 1095 1804 34
T 131.633 5 1115 1792 34
T 131.633 6 1102 1798 34
T 131.633 7 1096 1804 34
T 131.653 5 1116 1792 34
T 131.654 6 1103 1798 34
T 131.654 7 1097 1804 34
T 131.674 5 1117 1792 34
T 131.674 6 1104 1798 34
T 131.674 7 1098 1804 34
T 131.695 5 1118 1792 34
T 131.695 6 1105 1798 34
T 131.695 7 1099 1804 34
T 131.716 5 1119 1792 34
T 131.716 6 1106 1798 34
T 131.716 7 1100 1804 34
P 131.726 1
F 131.726 1 34
IQ 131.727 1
IS 131.728 1
T 131.737 5 1120 1792 34
T 131.737 6 1107 1798 34
T 131.737 7 1101 1804 34
T 131.757 5 1121 1792 34
T 131.758 6 1108 1798 34
T 131.758 7 1102 1804 34
T 131.778 5 1122 1792 34
T 131.779 6 1109 1798 34
T 131.779 7 1103 1804 34
IE 131.779 8
IR 131.780 8
IA 131.781 8
T 131.799 6 1110 1798 34
T 131.799 7 1104 1804 34
T 131.865 6 1111 1798 34
T 131.865 7 1105 1804 34
T 131.869 6 1112 1798 34
T 131.869 7 1106 1804 34
T 131.870 8 1090 1811 34
T 131.890 6 1113 1798 34
T 131.890 7 1107 1804 34
T 131.890 8 1091 1811 34
T 131.910 6 1114 1798 34
T 131.911 7 1108 1804 34
T 131.911 8 1092 1811 34
T 131.931 6 1115 1798 34
T 131.932 7 1109 1804 34
T 131.932 8 1093 1811 34
T 131.952 6 1116 1798 34
T 131.952 7 1110 1804 34
T 131.953 8 1094 1811 34
IE 131.954 1
IR 131.954 1
IA 131.955 1
T 131.973 6 1117 1798 34
T 131.974 7 1111 1804 34
T 131.974 8 1095 1811 34
P 131.977 2
F 131.978 2 34
IQ 131.978 2
IS 131.979 2
T 132.039 6 1118 1798 34
T 132.040 7 1112 1804 34
T 132.040 8 1096 1811 34
T 132.044 6 1119 1798 34
T 132.044 7 1113 1804 34
T 132.044 8 1097 1811 34
T 132.044 1 1090 1817 34
T 132.065 6 1120 1798 34
T 132.065 7 1114 1804 34
T 132.065 8 1098 1811 34
T 132.065 1 1091 1817 34
T 132.086 6 1121 1798 34
T 132.086 7 1115 1804 34
T 132.086 8 1099 1811 34
T 132.086 1 1092 1817 34
T 132.106 6 1122 1798 34
T 132.106 7 1116 1804 34
T 132.106 8 1100 1811 34
T 132.107 1 1093 1817 34
T 132.127 7 1117 1804 34
T 132.127 8 1101 1811 34
T 132.127 1 1094 1817 34
T 132.148 7 1118 1804 34
T 132.148 8 1102 1811 34
T 132.148 1 1095 1817 34
T 132.168 7 1119 1804 34
T 132.169 8 1103 1811 34
T 132.169 1 1096 1817 34
T 132.189 7 1120 1804 34
T 132.189 8 1104 1811 34
T 132.189 1 1097 1817 34
T 132.210 7 1121 1804 34
T 132.210 8 1105 1811 34
T 132.210 1 1098 1817 34
P 132.229 3
F 132.229 3 34
IQ 132.230 3
IS 132.230 3
IE 132.232 2
T 132.232 7 1122 1804 34
T 132.233 8 1106 1811 34
T 132.233 1 1099 1817 34
IR 132.233 2
IA 132.234 2
T 132.251 8 1107 1811 34
T 132.251 1 1100 1817 34
T 132.316 8 1108 1811 34
T 132.316 1 1101 1817 34
T 132.321 8 1109 1811 34
T 132.321 1 1102 1817 34
T 132.321 2 1090 1823 34
T 132.342 8 1110 1811 34
T 132.342 1 1103 1817 34
T 132.342 2 1091 1823 34
T 132.362 8 1111 1811 34
T 132.362 1 1104 1817 34
T 132.362 2 1092 1823 34
T 132.383 8 1112 1811 34
T 132.383 1 1105 1817 34
T 132.383 2 1093 1823 34
T 132.404 8 1113 1811 34
T 132.404 1 1106 1817 34
T 132.404 2 1094 1823 34
T 132.425 8 1114 1811 34
T 132.425 1 1107 1817 34
T 132.425 2 1095 1823 34
T 132.446 8 1115 1811 34
T 132.446 1 1108 1817 34
T 132.446 2 1096 1823 34
T 132.466 8 1116 1811 34
T 132.466 1 1109 1817 34
T 132.466 2 1097 1823 34
IE 132.473 3
IR 132.485 3
P 132.486 4
IA 132.488 3
F 132.489 4 34
IQ 132.489 4
IS 132.489 4
T 132.490 8 1117 1811 34
T 132.490 1 1110 1817 34
T 132.491 2 1098 1823 34
T 132.508 8 1118 1811 34
T 132.508 1 1111 1817 34
T 132.508 2 1099 1823 34
T 132.573 8 1119 1811 34
T 132.573 1 1112 1817 34
T 132.573 2 1100 1823 34
T 132.578 8 1120 1811 34
T 132.578 1 1113 1817 34
T 132.578 2 1101 1823 34
T 132.578 3 1090 1829 34
T 132.599 8 1121 1811 34
T 132.599 1 1114 1817 34
T 132.599 2 1102 1823 34
T 132.599 3 1091 1829 34
T 132.619 8 1122 1811 34
T 132.619 1 1115 1817 34
T 132.619 2 1103 1823 34
T 132.620 3 1092 1829 34
T 132.640 1 1116 1817 34
T 132.640 2 1104 1823 34
T 132.640 3 1093 1829 34
T 132.661 1 1117 1817 34
T 132.661 2 1105 1823 34
T 132.661 3 1094 1829 34
T 132.682 1 1118 1817 34
T 132.682 2 1106 1823 34
T 132.682 3 1095 1829 34
T 132.702 1 1119 1817 34
T 132.702 2 1107 1823 34
T 132.702 3 1096 1829 34
T 132.723 1 1120 1817 34
T 132.723 2 1108 1823 34
T 132.723 3 1097 1829 34
P 132.730 5
F 132.731 5 35
IQ 132.731 5
IS 132.731 5
T 132.744 1 1121 1817 34
T 132.744 2 1109 1823 34
T 132.744 3 1098 1829 34
T 132.764 1 1122 1817 34
T 132.765 2 1110 1823 34
T 132.765 3 1099 1829 34
T 132.785 2 1111 1823 34
T 132.785 3 1100 1829 34
IE 132.792 4
IR 132.792 4
IA 132.794 4
T 132.806 2 1112 1823 34
T 132.806 3 1101 1829 34
T 132.871 2 1113 1823 34
T 132.871 3 1102 1829 34
T 132.875 2 1114 1823 34
T 132.875 3 1103 1829 34
T 132.875 4 1090 1836 34
T 132.895 2 1115 1823 34
T 132.895 3 1104 1829 34
T 132.895 4 1091 1836 34
T 132.916 2 1116 1823 34
T 132.916 3 1105 1829 34
T 132.916 4 1092 1836 34
T 132.937 2 1117 1823 34
T 132.937 3 1106 1829 34
T 132.938 4 1093 1836 34
T 132.958 2 1118 1823 34
T 132.958 3 1107 1829 34
T 132.959 4 1094 1836 34
IE 132.966 5
IR 132.966 5
IA 132.967 5
T 132.980 2 1119 1823 34
T 132.980 3 1108 1829 34
T 132.980 4 1095 1836 34
P 132.981 6
F 132.981 6 35
IQ 132.981 6
IS 132.982 6
T 133.045 2 1120 1823 34
T 133.045 3 1109 1829 34
T 133.045 4 1096 1836 34
T 133.049 2 1121 1823 34
T 133.049 3 1110 1829 34
T 133.050 4 1097 1836 34
T 133.050 5 1123 1845 35
T 133.070 2 1122 1823 34
T 133.070 3 1111 1829 34
T 133.070 4 1098 1836 34
T 133.070 5 1124 1845 35
T 133.090 3 1112 1829 34
T 133.090 4 1099 1836 34
T 133.091 5 1125 1845 35
T 133.111 3 1113 1829 34
T 133.111 4 1100 1836 34
T 133.111 5 1126 1845 35
T 133.132 3 1114 1829 34
T 133.132 4 1101 1836 34
T 133.132 5 1127 1845 35
T 133.152 3 1115 1829 34
T 133.152 4 1102 1836 34
T 133.152 5 1128 1845 35
T 133.173 3 1116 1829 34
T 133.173 4 1103 1836 34
T 133.173 5 1129 1845 35
T 133.194 3 1117 1829 34
T 133.194 4 1104 1836 34
T 133.194 5 1130 1845 35
T 133.214 3 1118 1829 34
T 133.214 4 1105 1836 34
T 133.215 5 1131 1845 35
P 133.230 7
F 133.231 7 35
IQ 133.231 7
IS 133.231 7
T 133.236 3 1119 1829 34
T 133.236 4 1106 1836 34
T 133.236 5 1132 1845 35
T 133.256 3 1120 1829 34
T 133.256 4 1107 1836 34
T 133.256 5 1133 1845 35
T 133.277 3 1121 1829 34
T 133.277 4 1108 1836 34
T 133.277 5 1134 1845 35
T 133.297 3 1122 1829 34
T 133.298 4 1109 1836 34
T 133.298 5 1135 1845 35
IE 133.303 6
IR 133.304 6
IA 133.305 6
T 133.318 4 1110 1836 34
T 133.318 5 1136 1845 35
T 133.382 4 1111 1836 34
T 133.382 5 1137 1845 35
T 133.387 4 1112 1836 34
T 133.387 5 1138 1845 35
T 133.387 6 1123 1851 35
T 133.408 4 1113 1836 34
T 133.408 5 1139 1845 35
T 133.408 6 1124 1851 35
T 133.428 4 1114 1836 34
T 133.428 5 1140 1845 35
T 133.429 6 1125 1851 35
T 133.449 4 1115 1836 34
T 133.449 5 1141 1845 35
T 133.450 6 1126 1851 35
IE 133.464 7
IR 133.464 7
IA 133.466 7
T 133.471 4 1116 1836 34
T 133.471 5 1142 1845 35
T 133.471 6 1127 1851 35
P 133.483 8
F 133.483 8 35
IQ 133.483 8
IS 133.484 8
T 133.537 4 1117 1836 34
T 133.537 5 1143 1845 35
T 133.537 6 1128 1851 35
T 133.541 4 1118 1836 34
T 133.541 5 1144 1845 35
T 133.541 6 1129 1851 35
T 133.542 7 1123 1857 35
T 133.562 4 1119 1836 34
T 133.562 5 1145 1845 35
T 133.562 6 1130 1851 35
T 133.562 7 1124 1857 35
T 133.583 4 1120 1836 34
T 133.583 5 1146 1845 35
T 133.583 6 1131 1851 35
T 133.583 7 1125 1857 35
T 133.604 4 1121 1836 34
T 133.604 5 1147 1845 35
T 133.604 6 1132 1851 35
T 133.604 7 1126 1857 35
T 133.625 4 1122 1836 34
T 133.625 5 1148 1845 35
T 133.625 6 1133 1851 35
T 133.625 7 1127 1857 35
T 133.646 5 1149 1845 35
T 133.646 6 1134 1851 35
T 133.646 7 1128 1857 35
T 133.666 5 1150 1845 35
T 133.666 6 1135 1851 35
T 133.666 7 1129 1857 35
T 133.687 5 1151 1845 35
T 133.687 6 1136 1851 35
T 133.687 7 1130 1857 35
T 133.708 5 1152 1845 35
T 133.708 6 1137 1851 35
T 133.708 7 1131 1857 35
T 133.729 5 1153 1845 35
T 133.729 6 1138 1851 35
T 133.729 7 1132 1857 35
P 133.731 1
F 133.732 1 35
IQ 133.732 1
IS 133.733 1
T 133.750 5 1154 1845 35
T 133.750 6 1139 1851 35
T 133.750 7 1133 1857 35
IE 133.765 8
IR 133.765 8
IA 133.767 8
T 133.771 5 1155 1845 35
T 133.771 6 1140 1851 35
T 133.771 7 1134 1857 35
T 133.836 6 1141 1851 35
T 133.836 7 1135 1857 35
T 133.840 6 1142 1851 35
T 133.841 7 1136 1857 35
T 133.841 8 1123 1864 35
T 133.862 6 1143 1851 35
T 133.862 7 1137 1857 35
T 133.862 8 1124 1864 35
T 133.882 6 1144 1851 35
T 133.882 7 1138 1857 35
T 133.882 8 1125 1864 35
T 133.903 6 1145 1851 35
T 133.903 7 1139 1857 35
T 133.903 8 1126 1864 35
T 133.924 6 1146 1851 35
T 133.924 7 1140 1857 35
T 133.924 8 1127 1864 35
T 133.944 6 1147 1851 35
T 133.945 7 1141 1857 35
T 133.945 8 1128 1864 35
T 133.965 6 1148 1851 35
T 133.965 7 1142 1857 35
T 133.965 8 1129 1864 35
P 133.982 2
F 133.983 2 35
IQ 133.983 2
IS 133.983 2
T 133.986 6 1149 1851 35
T 133.987 7 1143 1857 35
T 133.987 8 1130 1864 35
IE 133.988 1
IR 133.989 1
IA 133.990 1
T 134.007 6 1150 1851 35
T 134.007 7 1144 1857 35
T 134.008 8 1131 1864 35
T 134.073 6 1151 1851 35
T 134.073 7 1145 1857 35
T 134.073 8 1132 1864 35
T 134.078 6 1152 1851 35
T 134.078 7 1146 1857 35
T 134.078 8 1133 1864 35
T 134.078 1 1123 1870 35
T 134.099 6 1153 1851 35
T 134.099 7 1147 1857 35
T 134.099 8 1134 1864 35
T 134.099 1 1124 1870 35
T 134.120 6 1154 1851 35
T 134.120 7 1148 1857 35
T 134.120 8 1135 1864 35
T 134.120 1 1125 1870 35
T 134.140 6 1155 1851 35
T 134.140 7 1149 1857 35
T 134.141 8 1136 1864 35
T 134.141 1 1126 1870 35
T 134.161 7 1150 1857 35
T 134.161 8 1137 1864 35
T 134.161 1 1127 1870 35
T 134.182 7 1151 1857 35
T 134.182 8 1138 1864 35
T 134.182 1 1128 1870 35
T 134.202 7 1152 1857 35
T 134.202 8 1139 1864 35
T 134.202 1 1129 1870 35
T 134.223 7 1153 1857 35
T 134.223 8 1140 1864 35
T 134.223 1 1130 1870 35
P 134.233 3
F 134.234 3 35
IQ 134.234 3
IS 134.235 3
T 134.244 7 1154 1857 35
T 134.245 8 1141 1864 35
T 134.245 1 1131 1870 35
T 134.265 7 1155 1857 35
T 134.265 8 1142 1864 35
T 134.265 1 1132 1870 35
T 134.285 8 1143 1864 35
T 134.285 1 1133 1870 35
T 134.305 8 1144 1864 35
T 134.306 1 1134 1870 35
IE 134.307 2
IR 134.308 2
IA 134.309 2
T 134.326 8 1145 1864 35
T 134.326 1 1135 1870 35
T 134.390 8 1146 1864 35
T 134.390 1 1136 1870 35
T 134.395 8 1147 1864 35
T 134.395 1 1137 1870 35
T 134.395 2 1123 1876 35
T 134.416 8 1148 1864 35
T 134.416 1 1138 1870 35
T 134.416 2 1124 1876 35
T 134.436 8 1149 1864 35
T 134.436 1 1139 1870 35
T 134.436 2 1125 1876 35
T 134.457 8 1150 1864 35
T 134.457 1 1140 1870 35
T 134.457 2 1126 1876 35
T 134.478 8 1151 1864 35
T 134.478 1 1141 1870 35
T 134.478 2 1127 1876 35
P 134.484 4
F 134.484 4 35
IQ 134.485 4
IS 134.485 4
T 134.499 8 1152 1864 35
T 134.499 1 1142 1870 35
T 134.499 2 1128 1876 35
T 134.519 8 1153 1864 35
T 134.519 1 1143 1870 35
T 134.519 2 1129 1876 35
T 134.540 8 1154 1864 35
T 134.540 1 1144 1870 35
T 134.540 2 1130 1876 35
IE 134.542 3
IR 134.542 3
IA 134.544 3
T 134.561 8 1155 1864 35
T 134.561 1 1145 1870 35
T 134.561 2 1131 1876 35
T 134.626 1 1146 1870 35
T 134.626 2 1132 1876 35
T 134.630 1 1147 1870 35
T 134.630 2 1133 1876 35
T 134.631 3 1123 1882 35
T 134.651 1 1148 1870 35
T 134.651 2 1134 1876 35
T 134.651 3 1124 1882 35
T 134.671 1 1149 1870 35
T 134.672 2 1135 1876 35
T 134.672 3 1125 1882 35
T 134.692 1 1150 1870 35
T 134.692 2 1136 1876 35
T 134.692 3 1126 1882 35
T 134.713 1 1151 1870 35
T 134.713 2 1137 1876 35
T 134.713 3 1127 1882 35
T 134.734 1 1152 1870 35
T 134.735 2 1138 1876 35
T 134.735 3 1128 1882 35
P 134.735 5
F 134.736 5 36
IQ 134.736 5
IS 134.736 5
T 134.755 1 1153 1870 35
T 134.755 2 1139 1876 35
T 134.755 3 1129 1882 35
T 134.776 1 1154 1870 35
T 134.776 2 1140 1876 35
T 134.776 3 1130 1882 35
IE 134.781 4
IR 134.791 4
IA 134.792 4
T 134.797 1 1155 1870 35
T 134.797 2 1141 1876 35
T 134.797 3 1131 1882 35
T 134.862 2 1142 1876 35
T 134.863 3 1132 1882 35
T 134.867 2 1143 1876 35
T 134.867 3 1133 1882 35
T 134.867 4 1123 1889 35
T 134.888 2 1144 1876 35
T 134.889 3 1134 1882 35
T 134.889 4 1124 1889 35
T 134.908 2 1145 1876 35
T 134.908 3 1135 1882 35
T 134.909 4 1125 1889 35
T 134.929 2 1146 1876 35
T 134.929 3 1136 1882 35
T 134.929 4 1126 1889 35
T 134.950 2 1147 1876 35
T 134.950 3 1137 1882 35
T 134.950 4 1127 1889 35
T 134.971 2 1148 1876 35
T 134.971 3 1138 1882 35
T 134.971 4 1128 1889 35
P 134.985 6
F 134.985 6 36
IQ 134.986 6
IS 134.986 6
T 134.992 2 1149 1876 35
T 134.993 3 1139 1882 35
T 134.993 4 1129 1889 35
T 135.013 2 1150 1876 35
T 135.013 3 1140 1882 35
T 135.013 4 1130 1889 35
T 135.033 2 1151 1876 35
T 135.033 3 1141 1882 35
T 135.033 4 1131 1889 35
T 135.054 2 1152 1876 35
T 135.054 3 1142 1882 35
T 135.054 4 1132 1889 35
IE 135.062 5
IR 135.062 5
IA 135.063 5
T 135.075 2 1153 1876 35
T 135.076 3 1143 1882 35
T 135.076 4 1133 1889 35
T 135.140 2 1154 1876 35
T 135.140 3 1144 1882 35
T 135.140 4 1134 1889 35
T 135.146 2 1155 1876 35
T 135.146 3 1145 1882 35
T 135.146 4 1135 1889 35
T 135.146 5 1156 1898 36
T 135.166 3 1146 1882 35
T 135.166 4 1136 1889 35
T 135.166 5 1157 1898 36
T 135.187 3 1147 1882 35
T 135.187 4 1137 1889 35
T 135.187 5 1158 1898 36
T 135.207 3 1148 1882 35
T 135.207 4 1138 1889 35
T 135.207 5 1159 1898 36
T 135.228 3 1149 1882 35
T 135.228 4 1139 1889 35
T 135.228 5 1160 1898 36
P 135.236 7
F 135.237 7 36
IQ 135.237 7
IS 135.237 7
T 135.249 3 1150 1882 35
T 135.249 4 1140 1889 35
T 135.249 5 1161 1898 36
T 135.270 3 1151 1882 35
T 135.270 4 1141 1889 35
T 135.270 5 1162 1898 36
IE 135.289 6
IR 135.290 6
IA 135.291 6
T 135.292 3 1152 1882 35
T 135.292 4 1142 1889 35
T 135.292 5 1163 1898 36
T 135.312 3 1153 1882 35
T 135.312 4 1143 1889 35
T 135.312 5 1164 1898 36
T 135.377 3 1154 1882 35
T 135.378 4 1144 1889 35
T 135.378 5 1165 1898 36
T 135.382 3 1155 1882 35
T 135.382 4 1145 1889 35
T 135.382 5 1166 1898 36
T 135.382 6 1156 1904 36
T 135.403 4 1146 1889 35
T 135.403 5 1167 1898 36
T 135.403 6 1157 1904 36
T 135.424 4 1147 1889 35
T 135.424 5 1168 1898 36
T 135.424 6 1158 1904 36
T 135.445 4 1148 1889 35
T 135.445 5 1169 1898 36
T 135.445 6 1159 1904 36
T 135.465 4 1149 1889 35
T 135.466 5 1170 1898 36
T 135.466 6 1160 1904 36
T 135.487 4 1150 1889 35
T 135.487 5 1171 1898 36
T 135.487 6 1161 1904 36
P 135.488 8
F 135.489 8 36
IQ 135.489 8
IS 135.489 8
IE 135.493 7
IR 135.494 7
IA 135.495 7
T 135.507 4 1151 1889 35
T 135.507 5 1172 1898 36
T 135.507 6 1162 1904 36
T 135.573 4 1152 1889 35
T 135.573 5 1173 1898 36
T 135.573 6 1163 1904 36
T 135.578 4 1153 1889 35
T 135.578 5 1174 1898 36
T 135.578 6 1164 1904 36
T 135.578 7 1156 1910 36
T 135.599 4 1154 1889 35
T 135.599 5 1175 1898 36
T 135.599 6 1165 1904 36
T 135.599 7 1157 1910 36
T 135.619 4 1155 1889 35
T 135.619 5 1176 1898 36
T 135.620 6 1166 1904 36
T 135.620 7 1158 1910 36
T 135.640 5 1177 1898 36
T 135.640 6 1167 1904 36
T 135.640 7 1159 1910 36
T 135.661 5 1178 1898 36
T 135.661 6 1168 1904 36
T 135.661 7 1160 1910 36
T 135.682 5 1179 1898 36
T 135.682 6 1169 1904 36
T 135.682 7 1161 1910 36
T 135.702 5 1180 1898 36
T 135.703 6 1170 1904 36
T 135.703 7 1162 1910 36
T 135.723 5 1181 1898 36
T 135.724 6 1171 1904 36
T 135.724 7 1163 1910 36
P 135.737 1
F 135.737 1 36
IQ 135.738 1
IS 135.738 1
T 135.745 5 1182 1898 36
T 135.745 6 1172 1904 36
T 135.745 7 1164 1910 36
IE 135.748 8
IR 135.748 8
IA 135.750 8
T 135.765 5 1183 1898 36
T 135.765 6 1173 1904 36
T 135.766 7 1165 1910 36
T 135.830 5 1184 1898 36
T 135.830 6 1174 1904 36
T 135.831 7 1166 1910 36
T 135.836 5 1185 1898 36
T 135.836 6 1175 1904 36
T 135.836 7 1167 1910 36
T 135.836 8 1156 1917 36
T 135.856 5 1186 1898 36
T 135.856 6 1176 1904 36
T 135.856 7 1168 1910 36
T 135.856 8 1157 1917 36
T 135.877 5 1187 1898 36
T 135.877 6 1177 1904 36
T 135.877 7 1169 1910 36
T 135.877 8 1158 1917 36
T 135.897 5 1188 1898 36
T 135.898 6 1178 1904 36
T 135.898 7 1170 1910 36
T 135.898 8 1159 1917 36
T 135.918 6 1179 1904 36
T 135.918 7 1171 1910 36
T 135.918 8 1160 1917 36
T 135.939 6 1180 1904 36
T 135.939 7 1172 1910 36
T 135.939 8 1161 1917 36
T 135.959 6 1181 1904 36
T 135.959 7 1173 1910 36
T 135.959 8 1162 1917 36
T 135.980 6 1182 1904 36
T 135.980 7 1174 1910 36
T 135.980 8 1163 1917 36
P 135.987 2
F 135.987 2 36
IQ 135.987 2
IS 135.988 2
T 136.001 6 1183 1904 36
T 136.001 7 1175 1910 36
T 136.001 8 1164 1917 36
T 136.021 6 1184 1904 36
T 136.021 7 1176 1910 36
T 136.022 8 1165 1917 36
T 136.042 6 1185 1904 36
T 136.043 7 1177 1910 36
T 136.043 8 1166 1917 36
IE 136.044 1
IR 136.044 1
IA 136.046 1
T 136.064 6 1186 1904 36
T 136.064 7 1178 1910 36
T 136.064 8 1167 1917 36
T 136.128 6 1187 1904 36
T 136.128 7 1179 1910 36
T 136.128 8 1168 1917 36
T 136.133 6 1188 1904 36
T 136.133 7 1180 1910 36
T 136.133 8 1169 1917 36
T 136.134 1 1156 1923 36
T 136.154 7 1181 1910 36
T 136.154 8 1170 1917 36
T 136.154 1 1157 1923 36
T 136.174 7 1182 1910 36
T 136.175 8 1171 1917 36
T 136.175 1 1158 1923 36
T 136.195 7 1183 1910 36
T 136.195 8 1172 1917 36
T 136.195 1 1159 1923 36
T 136.216 7 1184 1910 36
T 136.216 8 1173 1917 36
T 136.216 1 1160 1923 36
IE 136.230 2
IR 136.230 2
IA 136.232 2
T 136.237 7 1185 1910 36
T 136.237 8 1174 1917 36
T 136.238 1 1161 1923 36
P 136.238 3
F 136.238 3 36
IQ 136.239 3
IS 136.239 3
T 136.302 7 1186 1910 36
T 136.302 8 1175 1917 36
T 136.302 1 1162 1923 36
T 136.307 7 1187 1910 36
T 136.307 8 1176 1917 36
T 136.307 1 1163 1923 36
T 136.307 2 1156 1929 36
T 136.328 7 1188 1910 36
T 136.328 8 1177 1917 36
T 136.328 1 1164 1923 36
T 136.328 2 1157 1929 36
T 136.348 8 1178 1917 36
T 136.349 1 1165 1923 36
T 136.349 2 1158 1929 36
T 136.369 8 1179 1917 36
T 136.369 1 1166 1923 36
T 136.369 2 1159 1929 36
T 136.390 8 1180 1917 36
T 136.390 1 1167 1923 36
T 136.390 2 1160 1929 36
T 136.411 8 1181 1917 36
T 136.411 1 1168 1923 36
T 136.411 2 1161 1929 36
T 136.432 8 1182 1917 36
T 136.432 1 1169 1923 36
T 136.432 2 1162 1929 36
T 136.452 8 1183 1917 36
T 136.452 1 1170 1923 36
T 136.452 2 1163 1929 36
T 136.473 8 1184 1917 36
T 136.473 1 1171 1923 36
T 136.473 2 1164 1929 36
P 136.488 4
F 136.489 4 36
IQ 136.489 4
IS 136.489 4
T 136.494 8 1185 1917 36
T 136.495 1 1172 1923 36
T 136.495 2 1165 1929 36
T 136.515 8 1186 1917 36
T 136.515 1 1173 1923 36
T 136.515 2 1166 1929 36
T 136.536 8 1187 1917 36
T 136.536 1 1174 1923 36
T 136.536 2 1167 1929 36
T 136.557 8 1188 1917 36
T 136.557 1 1175 1923 36
T 136.557 2 1168 1929 36
IE 136.576 3
IR 136.577 3
IA 136.578 3
T 136.579 1 1176 1923 36
T 136.579 2 1169 1929 36
T 136.598 1 1177 1923 36
T 136.598 2 1170 1929 36
T 136.663 1 1178 1923 36
T 136.663 2 1171 1929 36
T 136.668 1 1179 1923 36
T 136.668 2 1172 1929 36
T 136.668 3 1156 1935 36
T 136.688 1 1180 1923 36
T 136.688 2 1173 1929 36
T 136.689 3 1157 1935 36
T 136.709 1 1181 1923 36
T 136.709 2 1174 1929 36
T 136.710 3 1158 1935 36
T 136.730 1 1182 1923 36
T 136.730 2 1175 1929 36
T 136.730 3 1159 1935 36
P 136.739 5
F 136.740 5 37
IQ 136.740 5
IS 136.740 5
T 136.751 1 1183 1923 36
T 136.751 2 1176 1929 36
T 136.751 3 1160 1935 36
T 136.771 1 1184 1923 36
T 136.771 2 1177 1929 36
T 136.772 3 1161 1935 36
IE 136.773 4
IR 136.774 4
IA 136.775 4
T 136.792 1 1185 1923 36
T 136.792 2 1178 1929 36
T 136.793 3 1162 1935 36
T 136.857 1 1186 1923 36
T 136.857 2 1179 1929 36
T 136.858 3 1163 1935 36
T 136.863 1 1187 1923 36
T 136.863 2 1180 1929 36
T 136.863 3 1164 1935 36
T 136.864 4 1156 1942 36
T 136.884 1 1188 1923 36
T 136.884 2 1181 1929 36
T 136.884 3 1165 1935 36
T 136.884 4 1157 1942 36
T 136.905 2 1182 1929 36
T 136.905 3 1166 1935 36
T 136.905 4 1158 1942 36
T 136.925 2 1183 1929 36
T 136.926 3 1167 1935 36
T 136.926 4 1159 1942 36
T 136.946 2 1184 1929 36
T 136.946 3 1168 1935 36
T 136.946 4 1160 1942 36
T 136.967 2 1185 1929 36
T 136.967 3 1169 1935 36
T 136.967 4 1161 1942 36
T 136.987 2 1186 1929 36
T 136.987 3 1170 1935 36
T 136.987 4 1162 1942 36
P 136.990 6
F 136.990 6 37
IQ 136.991 6
IS 136.991 6
T 137.008 2 1187 1929 36
T 137.008 3 1171 1935 36
T 137.008 4 1163 1942 36
T 137.029 2 1188 1929 36
T 137.029 3 1172 1935 36
T 137.030 4 1164 1942 36
IE 137.045 5
IR 137.046 5
IA 137.047 5
T 137.049 3 1173 1935 36
T 137.050 4 1165 1942 36
T 137.070 3 1174 1935 36
T 137.070 4 1166 1942 36
T 137.136 3 1175 1935 36
T 137.136 4 1167 1942 36
T 137.141 3 1176 1935 36
T 137.141 4 1168 1942 36
T 137.141 5 1189 1951 37
T 137.162 3 1177 1935 36
T 137.162 4 1169 1942 36
T 137.162 5 1190 1951 37
T 137.182 3 1178 1935 36
T 137.182 4 1170 1942 36
T 137.182 5 1191 1951 37
T 137.203 3 1179 1935 36
T 137.203 4 1171 1942 36
T 137.203 5 1192 1951 37
T 137.224 3 1180 1935 36
T 137.224 4 1172 1942 36
T 137.224 5 1193 1951 37
P 137.240 7
F 137.241 7 37
IQ 137.241 7
IS 137.241 7
T 137.245 3 1181 1935 36
T 137.245 4 1173 1942 36
T 137.245 5 1194 1951 37
T 137.265 3 1182 1935 36
T 137.266 4 1174 1942 36
T 137.266 5 1195 1951 37
T 137.286 3 1183 1935 36
T 137.287 4 1175 1942 36
T 137.287 5 1196 1951 37
IE 137.297 6
IR 137.297 6
IA 137.299 6
T 137.307 3 1184 1935 36
T 137.308 4 1176 1942 36
T 137.308 5 1197 1951 37
T 137.373 3 1185 1935 36
T 137.373 4 1177 1942 36
T 137.373 5 1198 1951 37
T 137.379 3 1186 1935 36
T 137.379 4 1178 1942 36
T 137.379 5 1199 1951 37
T 137.379 6 1189 1957 37
T 137.399 3 1187 1935 36
T 137.399 4 1179 1942 36
T 137.399 5 1200 1951 37
T 137.399 6 1190 1957 37
T 137.420 3 1188 1935 36
T 137.420 4 1180 1942 36
T 137.420 5 1201 1951 37
T 137.420 6 1191 1957 37
T 137.441 4 1181 1942 36
T 137.441 5 1202 1951 37
T 137.441 6 1192 1957 37
T 137.462 4 1182 1942 36
T 137.462 5 1203 1951 37
T 137.462 6 1193 1957 37
T 137.482 4 1183 1942 36
T 137.483 5 1204 1951 37
T 137.483 6 1194 1957 37
P 137.491 8
F 137.491 8 37
IQ 137.491 8
IS 137.492 8
T 137.504 4 1184 1942 36
T 137.504 5 1205 1951 37
T 137.504 6 1195 1957 37
IE 137.514 7
IR 137.515 7
IA 137.516 7
T 137.524 4 1185 1942 36
T 137.525 5 1206 1951 37
T 137.525 6 1196 1957 37
T 137.590 4 1186 1942 36
T 137.590 5 1207 1951 37
T 137.590 6 1197 1957 37
T 137.595 4 1187 1942 36
T 137.595 5 1208 1951 37
T 137.595 6 1198 1957 37
T 137.595 7 1189 1963 37
T 137.615 4 1188 1942 36
T 137.616 5 1209 1951 37
T 137.616 6 1199 1957 37
T 137.616 7 1190 1963 37
T 137.636 5 1210 1951 37
T 137.636 6 1200 1957 37
T 137.636 7 1191 1963 37
T 137.657 5 1211 1951 37
T 137.657 6 1201 1957 37
T 137.657 7 1192 1963 37
T 137.678 5 1212 1951 37
T 137.678 6 1202 1957 37
T 137.678 7 1193 1963 37
T 137.698 5 1213 1951 37
T 137.699 6 1203 1957 37
T 137.699 7 1194 1963 37
T 137.719 5 1214 1951 37
T 137.719 6 1204 1957 37
T 137.719 7 1195 1963 37
T 137.740 5 1215 1951 37
T 137.740 6 1205 1957 37
T 137.740 7 1196 1963 37
P 137.742 1
F 137.742 1 37
IQ 137.743 1
IS 137.743 1
T 137.761 5 1216 1951 37
T 137.761 6 1206 1957 37
T 137.761 7 1197 1963 37
IE 137.770 8
IR 137.770 8
IA 137.772 8
T 137.782 5 1217 1951 37
T 137.782 6 1207 1957 37
T 137.782 7 1198 1963 37
T 137.847 5 1218 1951 37
T 137.847 6 1208 1957 37
T 137.847 7 1199 1963 37
T 137.852 5 1219 1951 37
T 137.853 6 1209 1957 37
T 137.853 7 1200 1963 37
T 137.853 8 1189 1970 37
T 137.873 5 1220 1951 37
T 137.873 6 1210 1957 37
T 137.873 7 1201 1963 37
T 137.873 8 1190 1970 37
T 137.894 5 1221 1951 37
T 137.894 6 1211 1957 37
T 137.894 7 1202 1963 37
T 137.894 8 1191 1970 37
T 137.914 6 1212 1957 37
T 137.914 7 1203 1963 37
T 137.914 8 1192 1970 37
T 137.935 6 1213 1957 37
T 137.935 7 1204 1963 37
T 137.935 8 1193 1970 37
T 137.955 6 1214 1957 37
T 137.956 7 1205 1963 37
T 137.956 8 1194 1970 37
T 137.976 6 1215 1957 37
T 137.977 7 1206 1963 37
T 137.977 8 1195 1970 37
P 137.991 2
F 137.992 2 37
IQ 137.992 2
IS 137.992 2
T 137.997 6 1216 1957 37
T 137.997 7 1207 1963 37
T 137.998 8 1196 1970 37
IE 138.018 1
T 138.018 6 1217 1957 37
T 138.018 7 1208 1963 37
T 138.019 8 1197 1970 37
IR 138.019 1
IA 138.020 1
T 138.039 6 1218 1957 37
T 138.039 7 1209 1963 37
T 138.039 8 1198 1970 37
T 138.104 6 1219 1957 37
T 138.104 7 1210 1963 37
T 138.105 8 1199 1970 37
T 138.109 6 1220 1957 37
T 138.110 7 1211 1963 37
T 138.110 8 1200 1970 37
T 138.110 1 1189 1976 37
T 138.130 6 1221 1957 37
T 138.130 7 1212 1963 37
T 138.130 8 1201 1970 37
T 138.130 1 1190 1976 37
T 138.151 7 1213 1963 37
T 138.151 8 1202 1970 37
T 138.151 1 1191 1976 37
T 138.171 7 1214 1963 37
T 138.171 8 1203 1970 37
T 138.171 1 1192 1976 37
T 138.192 7 1215 1963 37
T 138.192 8 1204 1970 37
T 138.192 1 1193 1976 37
T 138.213 7 1216 1963 37
T 138.213 8 1205 1970 37
T 138.213 1 1194 1976 37
T 138.234 7 1217 1963 37
T 138.234 8 1206 1970 37
T 138.234 1 1195 1976 37
P 138.242 3
F 138.243 3 37
IQ 138.243 3
IS 138.243 3
T 138.255 7 1218 1963 37
T 138.255 8 1207 1970 37
T 138.255 1 1196 1976 37
T 138.275 7 1219 1963 37
T 138.275 8 1208 1970 37
T 138.275 1 1197 1976 37
T 138.296 7 1220 1963 37
T 138.296 8 1209 1970 37
T 138.296 1 1198 1976 37
IE 138.310 2
IR 138.311 2
IA 138.312 2
T 138.318 7 1221 1963 37
T 138.318 8 1210 1970 37
T 138.318 1 1199 1976 37
T 138.382 8 1211 1970 37
T 138.382 1 1200 1976 37
T 138.387 8 1212 1970 37
T 138.387 1 1201 1976 37
T 138.387 2 1189 1982 37
T 138.408 8 1213 1970 37
T 138.408 1 1202 1976 37
T 138.408 2 1190 1982 37
T 138.429 8 1214 1970 37
T 138.430 1 1203 1976 37
T 138.430 2 1191 1982 37
T 138.449 8 1215 1970 37
T 138.449 1 1204 1976 37
T 138.449 2 1192 1982 37
T 138.470 8 1216 1970 37
T 138.470 1 1205 1976 37
T 138.470 2 1193 1982 37
IE 138.490 3
IR 138.490 3
IA 138.492 3
P 138.494 4
T 138.494 8 1217 1970 37
T 138.494 1 1206 1976 37
T 138.495 2 1194 1982 37
F 138.495 4 37
IQ 138.495 4
IS 138.495 4
T 138.513 8 1218 1970 37
T 138.513 1 1207 1976 37
T 138.513 2 1195 1982 37
T 138.577 8 1219 1970 37
T 138.577 1 1208 1976 37
T 138.577 2 1196 1982 37
T 138.582 8 1220 1970 37
T 138.582 1 1209 1976 37
T 138.582 2 1197 1982 37
T 138.582 3 1189 1988 37
T 138.603 8 1221 1970 37
T 138.603 1 1210 1976 37
T 138.603 2 1198 1982 37
T 138.603 3 1190 1988 37
T 138.624 1 1211 1976 37
T 138.624 2 1199 1982 37
T 138.624 3 1191 1988 37
T 138.644 1 1212 1976 37
T 138.645 2 1200 1982 37
T 138.645 3 1192 1988 37
T 138.665 1 1213 1976 37
T 138.665 2 1201 1982 37
T 138.665 3 1193 1988 37
T 138.686 1 1214 1976 37
T 138.686 2 1202 1982 37
T 138.686 3 1194 1988 37
T 138.707 1 1215 1976 37
T 138.707 2 1203 1982 37
T 138.707 3 1195 1988 37
T 138.727 1 1216 1976 37
T 138.727 2 1204 1982 37
T 138.727 3 1196 1988 37
P 138.742 5
F 138.743 5 38
IQ 138.743 5
IS 138.743 5
T 138.748 1 1217 1976 37
T 138.749 2 1205 1982 37
T 138.749 3 1197 1988 37
T 138.769 1 1218 1976 37
T 138.769 2 1206 1982 37
T 138.769 3 1198 1988 37
IE 138.776 4
IR 138.776 4
IA 138.778 4
T 138.790 1 1219 1976 37
T 138.790 2 1207 1982 37
T 138.790 3 1199 1988 37
T 138.855 1 1220 1976 37
T 138.855 2 1208 1982 37
T 138.856 3 1200 1988 37
T 138.861 1 1221 1976 37
T 138.861 2 1209 1982 37
T 138.861 3 1201 1988 37
T 138.861 4 1189 1995 37
T 138.881 2 1210 1982 37
T 138.881 3 1202 1988 37
T 138.881 4 1190 1995 37
T 138.902 2 1211 1982 37
T 138.902 3 1203 1988 37
T 138.902 4 1191 1995 37
T 138.923 2 1212 1982 37
T 138.923 3 1204 1988 37
T 138.923 4 1192 1995 37
T 138.944 2 1213 1982 37
T 138.944 3 1205 1988 37
T 138.944 4 1193 1995 37
T 138.964 2 1214 1982 37
T 138.965 3 1206 1988 37
T 138.965 4 1194 1995 37
T 138.985 2 1215 1982 37
T 138.985 3 1207 1988 37
T 138.986 4 1195 1995 37
P 138.992 6
F 138.993 6 38
IQ 138.993 6
IS 138.994 6
T 139.006 2 1216 1982 37
T 139.006 3 1208 1988 37
T 139.007 4 1196 1995 37
T 139.027 2 1217 1982 37
T 139.027 3 1209 1988 37
T 139.027 4 1197 1995 37
T 139.048 2 1218 1982 37
T 139.048 3 1210 1988 37
T 139.048 4 1198 1995 37
IE 139.060 5
IR 139.060 5
IA 139.062 5
T 139.069 2 1219 1982 37
T 139.070 3 1211 1988 37
T 139.070 4 1199 1995 37
T 139.135 2 1220 1982 37
T 139.135 3 1212 1988 37
T 139.135 4 1200 1995 37
T 139.140 2 1221 1982 37
T 139.140 3 1213 1988 37
T 139.141 4 1201 1995 37
T 139.141 5 1222 2004 38
T 139.161 3 1214 1988 37
T 139.161 4 1202 1995 37
T 139.161 5 1223 2004 38
T 139.182 3 1215 1988 37
T 139.182 4 1203 1995 37
T 139.182 5 1224 2004 38
T 139.203 3 1216 1988 37
T 139.203 4 1204 1995 37
T 139.203 5 1225 2004 38
T 139.224 3 1217 1988 37
T 139.224 4 1205 1995 37
T 139.224 5 1226 2004 38
IE 139.225 6
IR 139.234 6
IA 139.236 6
P 139.243 7
F 139.243 7 38
IQ 139.244 7
IS 139.245 7
T 139.246 3 1218 1988 37
T 139.246 4 1206 1995 37
T 139.246 5 1227 2004 38
T 139.309 3 1219 1988 37
T 139.309 4 1207 1995 37
T 139.310 5 1228 2004 38
T 139.315 3 1220 1988 37
T 139.315 4 1208 1995 37
T 139.315 5 1229 2004 38
T 139.315 6 1222 2010 38
T 139.336 3 1221 1988 37
T 139.336 4 1209 1995 37
T 139.336 5 1230 2004 38
T 139.336 6 1223 2010 38
T 139.356 4 1210 1995 37
T 139.356 5 1231 2004 38
T 139.356 6 1224 2010 38
T 139.377 4 1211 1995 37
T 139.377 5 1232 2004 38
T 139.377 6 1225 2010 38
T 139.398 4 1212 1995 37
T 139.398 5 1233 2004 38
T 139.398 6 1226 2010 38
T 139.418 4 1213 1995 37
T 139.419 5 1234 2004 38
T 139.419 6 1227 2010 38
T 139.439 4 1214 1995 37
T 139.439 5 1235 2004 38
T 139.439 6 1228 2010 38
T 139.460 4 1215 1995 37
T 139.460 5 1236 2004 38
T 139.460 6 1229 2010 38
T 139.481 4 1216 1995 37
T 139.481 5 1237 2004 38
T 139.481 6 1230 2010 38
P 139.494 8
F 139.495 8 38
IQ 139.495 8
IS 139.495 8
T 139.502 4 1217 1995 37
T 139.502 5 1238 2004 38
T 139.502 6 1231 2010 38
T 139.522 4 1218 1995 37
T 139.522 5 1239 2004 38
T 139.522 6 1232 2010 38
T 139.543 4 1219 1995 37
T 139.543 5 1240 2004 38
T 139.544 6 1233 2010 38
IE 139.556 7
IR 139.556 7
IA 139.558 7
T 139.564 4 1220 1995 37
T 139.564 5 1241 2004 38
T 139.564 6 1234 2010 38
T 139.630 4 1221 1995 37
T 139.630 5 1242 2004 38
T 139.630 6 1235 2010 38
T 139.635 5 1243 2004 38
T 139.635 6 1236 2010 38
T 139.635 7 1222 2016 38
T 139.656 5 1244 2004 38
T 139.656 6 1237 2010 38
T 139.656 7 1223 2016 38
T 139.677 5 1245 2004 38
T 139.677 6 1238 2010 38
T 139.677 7 1224 2016 38
T 139.697 5 1246 2004 38
T 139.697 6 1239 2010 38
T 139.697 7 1225 2016 38
T 139.718 5 1247 2004 38
T 139.718 6 1240 2010 38
T 139.718 7 1226 2016 38
T 139.738 5 1248 2004 38
T 139.738 6 1241 2010 38
T 139.739 7 1227 2016 38
P 139.744 1
F 139.746 1 38
IQ 139.746 1
IS 139.746 1
IE 139.748 8
IR 139.748 8
IA 139.750 8
T 139.759 5 1249 2004 38
T 139.760 6 1242 2010 38
T 139.760 7 1228 2016 38
T 139.825 5 1250 2004 38
T 139.825 6 1243 2010 38
T 139.825 7 1229 2016 38
T 139.831 5 1251 2004 38
T 139.831 6 1244 2010 38
T 139.831 7 1230 2016 38
T 139.831 8 1222 2023 38
T 139.851 5 1252 2004 38
T 139.851 6 1245 2010 38
T 139.851 7 1231 2016 38
T 139.852 8 1223 2023 38
T 139.872 5 1253 2004 38
T 139.872 6 1246 2010 38
T 139.872 7 1232 2016 38
T 139.872 8 1224 2023 38
T 139.894 5 1254 2004 38
T 139.894 6 1247 2010 38
T 139.894 7 1233 2016 38
T 139.894 8 1225 2023 38
T 139.913 6 1248 2010 38
T 139.914 7 1234 2016 38
T 139.914 8 1226 2023 38
T 139.934 6 1249 2010 38
T 139.934 7 1235 2016 38
T 139.934 8 1227 2023 38
T 139.955 6 1250 2010 38
T 139.955 7 1236 2016 38
T 139.955 8 1228 2023 38
T 139.976 6 1251 2010 38
T 139.976 7 1237 2016 38
T 139.976 8 1229 2023 38
P 139.995 2
F 139.995 2 38
IQ 139.996 2
IS 139.997 2
T 139.997 6 1252 2010 38
T 139.998 7 1238 2016 38
T 139.998 8 1230 2023 38
T 140.017 6 1253 2010 38
T 140.018 7 1239 2016 38
T 140.018 8 1231 2023 38
T 140.038 6 1254 2010 38
T 140.039 7 1240 2016 38
T 140.039 8 1232 2023 38
IE 140.055 1
IR 140.055 1
IA 140.057 1
T 140.059 7 1241 2016 38
T 140.059 8 1233 2023 38
T 140.080 7 1242 2016 38
T 140.080 8 1234 2023 38
T 140.144 7 1243 2016 38
T 140.144 8 1235 2023 38
T 140.150 7 1244 2016 38
T 140.150 8 1236 2023 38
T 140.150 1 1222 2029 38
T 140.170 7 1245 2016 38
T 140.170 8 1237 2023 38
T 140.170 1 1223 2029 38
T 140.191 7 1246 2016 38
T 140.191 8 1238 2023 38
T 140.191 1 1224 2029 38
T 140.212 7 1247 2016 38
T 140.212 8 1239 2023 38
T 140.212 1 1225 2029 38
T 140.232 7 1248 2016 38
T 140.232 8 1240 2023 38
T 140.232 1 1226 2029 38
P 140.245 3
F 140.245 3 38
IQ 140.246 3
IS 140.246 3
T 140.253 7 1249 2016 38
T 140.253 8 1241 2023 38
T 140.253 1 1227 2029 38
T 140.274 7 1250 2016 38
T 140.274 8 1242 2023 38
T 140.274 1 1228 2029 38
IE 140.291 2
IR 140.291 2
IA 140.293 2
T 140.294 7 1251 2016 38
T 140.295 8 1243 2023 38
T 140.295 1 1229 2029 38
T 140.316 7 1252 2016 38
T 140.316 8 1244 2023 38
T 140.316 1 1230 2029 38
T 140.380 7 1253 2016 38
T 140.380 8 1245 2023 38
T 140.380 1 1231 2029 38
T 140.386 7 1254 2016 38
T 140.386 8 1246 2023 38
T 140.386 1 1232 2029 38
T 140.386 2 1222 2035 38
T 140.406 8 1247 2023 38
T 140.407 1 1233 2029 38
T 140.407 2 1223 2035 38
T 140.427 8 1248 2023 38
T 140.427 1 1234 2029 38
T 140.427 2 1224 2035 38
T 140.448 8 1249 2023 38
T 140.448 1 1235 2029 38
T 140.448 2 1225 2035 38
T 140.469 8 1250 2023 38
T 140.469 1 1236 2029 38
T 140.469 2 1226 2035 38
T 140.490 8 1251 2023 38
T 140.490 1 1237 2029 38
T 140.490 2 1227 2035 38
P 140.496 4
F 140.496 4 38
IQ 140.497 4
IS 140.497 4
T 140.511 8 1252 2023 38
T 140.511 1 1238 2029 38
T 140.511 2 1228 2035 38
IE 140.522 3
IR 140.522 3
IA 140.524 3
T 140.532 8 1253 2023 38
T 140.532 1 1239 2029 38
T 140.532 2 1229 2035 38
T 140.598 8 1254 2023 38
T 140.598 1 1240 2029 38
T 140.598 2 1230 2035 38
T 140.603 1 1241 2029 38
T 140.603 2 1231 2035 38
T 140.604 3 1222 2041 38
T 140.624 1 1242 2029 38
T 140.624 2 1232 2035 38
T 140.624 3 1223 2041 38
T 140.645 1 1243 2029 38
T 140.645 2 1233 2035 38
T 140.645 3 1224 2041 38
T 140.665 1 1244 2029 38
T 140.665 2 1234 2035 38
T 140.665 3 1225 2041 38
T 140.686 1 1245 2029 38
T 140.686 2 1235 2035 38
T 140.686 3 1226 2041 38
T 140.707 1 1246 2029 38
T 140.707 2 1236 2035 38
T 140.707 3 1227 2041 38
T 140.727 1 1247 2029 38
T 140.728 2 1237 2035 38
T 140.728 3 1228 2041 38
P 140.746 5
IE 140.747 4
F 140.748 5 39
IQ 140.748 5
IS 140.748 5
IR 140.749 4
IA 140.750 4
T 140.752 1 1248 2029 38
T 140.752 2 1238 2035 38
T 140.752 3 1229 2041 38
T 140.769 1 1249 2029 38
T 140.770 2 1239 2035 38
T 140.770 3 1230 2041 38
T 140.835 1 1250 2029 38
T 140.835 2 1240 2035 38
T 140.835 3 1231 2041 38
T 140.840 1 1251 2029 38
T 140.840 2 1241 2035 38
T 140.840 3 1232 2041 38
T 140.840 4 1222 2048 38
T 140.860 1 1252 2029 38
T 140.861 2 1242 2035 38
T 140.861 3 1233 2041 38
T 140.861 4 1223 2048 38
T 140.881 1 1253 2029 38
T 140.882 2 1243 2035 38
T 140.882 3 1234 2041 38
T 140.882 4 1224 2048 38
T 140.902 1 1254 2029 38
T 140.902 2 1244 2035 38
T 140.903 3 1235 2041 38
T 140.903 4 1225 2048 38
T 140.923 2 1245 2035 38
T 140.923 3 1236 2041 38
T 140.924 4 1226 2048 38
T 140.944 2 1246 2035 38
T 140.944 3 1237 2041 38
T 140.944 4 1227 2048 38
T 140.965 2 1247 2035 38
T 140.965 3 1238 2041 38
T 140.965 4 1228 2048 38
T 140.986 2 1248 2035 38
T 140.986 3 1239 2041 38
T 140.986 4 1229 2048 38
P 140.997 6
F 140.997 6 39
IQ 140.997 6
IS 140.998 6
T 141.006 2 1249 2035 38
T 141.007 3 1240 2041 38
T 141.007 4 1230 2048 38
T 141.027 2 1250 2035 38
T 141.027 3 1241 2041 38
T 141.027 4 1231 2048 38
T 141.048 2 1251 2035 38
T 141.048 3 1242 2041 38
T 141.048 4 1232 2048 38
T 141.069 2 1252 2035 38
T 141.069 3 1243 2041 38
T 141.069 4 1233 2048 38
IE 141.074 5
IR 141.074 5
IA 141.075 5
T 141.090 2 1253 2035 38
T 141.090 3 1244 2041 38
T 141.090 4 1234 2048 38
T 141.155 2 1254 2035 38
T 141.155 3 1245 2041 38
T 141.155 4 1235 2048 38
T 141.161 3 1246 2041 38
T 141.161 4 1236 2048 38
T 141.161 5 1255 2057 39
T 141.182 3 1247 2041 38
T 141.182 4 1237 2048 38
T 141.182 5 1256 2057 39
T 141.202 3 1248 2041 38
T 141.202 4 1238 2048 38
T 141.203 5 1257 2057 39
T 141.223 3 1249 2041 38
T 141.223 4 1239 2048 38
T 141.224 5 1258 2057 39
T 141.244 3 1250 2041 38
T 141.244 4 1240 2048 38
T 141.245 5 1259 2057 39
P 141.247 7
F 141.248 7 39
IQ 141.248 7
IS 141.248 7
T 141.265 3 1251 2041 38
T 141.265 4 1241 2048 38
T 141.266 5 1260 2057 39
IE 141.277 6
IR 141.278 6
IA 141.279 6
T 141.286 3 1252 2041 38
T 141.286 4 1242 2048 38
T 141.286 5 1261 2057 39
T 141.353 3 1253 2041 38
T 141.353 4 1243 2048 38
T 141.353 5 1262 2057 39
T 141.358 3 1254 2041 38
T 141.358 4 1244 2048 38
T 141.358 5 1263 2057 39
T 141.358 6 1255 2063 39
T 141.379 4 1245 2048 38
T 141.379 5 1264 2057 39
T 141.379 6 1256 2063 39
T 141.399 4 1246 2048 38
T 141.399 5 1265 2057 39
T 141.399 6 1257 2063 39
T 141.420 4 1247 2048 38
T 141.420 5 1266 2057 39
T 141.420 6 1258 2063 39
T 141.441 4 1248 2048 38
T 141.441 5 1267 2057 39
T 141.441 6 1259 2063 39
T 141.461 4 1249 2048 38
T 141.462 5 1268 2057 39
T 141.462 6 1260 2063 39
T 141.482 4 1250 2048 38
T 141.482 5 1269 2057 39
T 141.482 6 1261 2063 39
P 141.497 8
F 141.498 8 39
IQ 141.498 8
IS 141.498 8
T 141.503 4 1251 2048 38
T 141.504 5 1270 2057 39
T 141.504 6 1262 2063 39
T 141.524 4 1252 2048 38
T 141.524 5 1271 2057 39
T 141.525 6 1263 2063 39
IE 141.540 7
IR 141.541 7
IA 141.542 7
T 141.546 4 1253 2048 38
T 141.546 5 1272 2057 39
T 141.546 6 1264 2063 39
T 141.566 4 1254 2048 38
T 141.566 5 1273 2057 39
T 141.566 6 1265 2063 39
T 141.631 5 1274 2057 39
T 141.631 6 1266 2063 39
T 141.636 5 1275 2057 39
T 141.636 6 1267 2063 39
T 141.636 7 1255 2069 39
T 141.657 5 1276 2057 39
T 141.657 6 1268 2063 39
T 141.657 7 1256 2069 39
T 141.677 5 1277 2057 39
T 141.677 6 1269 2063 39
T 141.678 7 1257 2069 39
T 141.698 5 1278 2057 39
T 141.698 6 1270 2063 39
T 141.698 7 1258 2069 39
T 141.719 5 1279 2057 39
T 141.719 6 1271 2063 39
T 141.719 7 1259 2069 39
T 141.739 5 1280 2057 39
T 141.740 6 1272 2063 39
T 141.740 7 1260 2069 39
P 141.750 1
F 141.750 1 39
IQ 141.751 1
IS 141.751 1
T 141.760 5 1281 2057 39
T 141.760 6 1273 2063 39
T 141.760 7 1261 2069 39
T 141.781 5 1282 2057 39
T 141.781 6 1274 2063 39
T 141.781 7 1262 2069 39
T 141.802 5 1283 2057 39
T 141.802 6 1275 2063 39
T 141.802 7 1263 2069 39
IE 141.808 8
IR 141.808 8
IA 141.810 8
T 141.822 5 1284 2057 39
T 141.823 6 1276 2063 39
T 141.823 7 1264 2069 39
T 141.888 5 1285 2057 39
T 141.888 6 1277 2063 39
T 141.888 7 1265 2069 39
T 141.894 5 1286 2057 39
T 141.894 6 1278 2063 39
T 141.894 7 1266 2069 39
T 141.894 8 1255 2076 39
T 141.914 5 1287 2057 39
T 141.914 6 1279 2063 39
T 141.914 7 1267 2069 39
T 141.914 8 1256 2076 39
T 141.935 6 1280 2063 39
T 141.935 7 1268 2069 39
T 141.935 8 1257 2076 39
T 141.956 6 1281 2063 39
T 141.956 7 1269 2069 39
T 141.956 8 1258 2076 39
T 141.976 6 1282 2063 39
T 141.976 7 1270 2069 39
T 141.976 8 1259 2076 39
T 141.997 6 1283 2063 39
T 141.997 7 1271 2069 39
T 141.997 8 1260 2076 39
P 141.999 2
F 141.999 2 39
IQ 142.000 2
IS 142.000 2
T 142.018 6 1284 2063 39
T 142.018 7 1272 2069 39
T 142.018 8 1261 2076 39
T 142.038 6 1285 2063 39
T 142.039 7 1273 2069 39
T 142.039 8 1262 2076 39
IE 142.045 1
IR 142.045 1
IA 142.047 1
T 142.060 6 1286 2063 39
T 142.060 7 1274 2069 39
T 142.060 8 1263 2076 39
T 142.126 6 1287 2063 39
T 142.126 7 1275 2069 39
T 142.126 8 1264 2076 39
T 142.131 7 1276 2069 39
T 142.131 8 1265 2076 39
T 142.131 1 1255 2082 39
T 142.151 7 1277 2069 39
T 142.151 8 1266 2076 39
T 142.151 1 1256 2082 39
T 142.172 7 1278 2069 39
T 142.172 8 1267 2076 39
T 142.172 1 1257 2082 39
T 142.193 7 1279 2069 39
T 142.193 8 1268 2076 39
T 142.193 1 1258 2082 39
T 142.213 7 1280 2069 39
T 142.213 8 1269 2076 39
T 142.214 1 1259 2082 39
T 142.235 7 1281 2069 39
T 142.235 8 1270 2076 39
T 142.235 1 1260 2082 39
IE 142.250 2
P 142.250 3
F 142.250 3 39
IQ 142.251 3
IS 142.251 3
IR 142.252 2
IA 142.254 2
T 142.256 7 1282 2069 39
T 142.256 8 1271 2076 39
T 142.256 1 1261 2082 39
T 142.277 7 1283 2069 39
T 142.277 8 1272 2076 39
T 142.277 1 1262 2082 39
T 142.341 7 1284 2069 39
T 142.342 8 1273 2076 39
T 142.342 1 1263 2082 39
T 142.348 7 1285 2069 39
T 142.348 8 1274 2076 39
T 142.348 1 1264 2082 39
T 142.348 2 1255 2088 39
T 142.368 7 1286 2069 39
T 142.368 8 1275 2076 39
T 142.368 1 1265 2082 39
T 142.368 2 1256 2088 39
T 142.389 7 1287 2069 39
T 142.389 8 1276 2076 39
T 142.389 1 1266 2082 39
T 142.389 2 1257 2088 39
T 142.410 8 1277 2076 39
T 142.410 1 1267 2082 39
T 142.410 2 1258 2088 39
T 142.431 8 1278 2076 39
T 142.431 1 1268 2082 39
T 142.431 2 1259 2088 39
T 142.451 8 1279 2076 39
T 142.451 1 1269 2082 39
T 142.451 2 1260 2088 39
T 142.472 8 1280 2076 39
T 142.472 1 1270 2082 39
T 142.472 2 1261 2088 39
T 142.493 8 1281 2076 39
T 142.493 1 1271 2082 39
T 142.493 2 1262 2088 39
P 142.499 4
F 142.500 4 39
IQ 142.500 4
IS 142.501 4
T 142.514 8 1282 2076 39
T 142.514 1 1272 2082 39
T 142.514 2 1263 2088 39
T 142.534 8 1283 2076 39
T 142.534 1 1273 2082 39
T 142.535 2 1264 2088 39
T 142.556 8 1284 2076 39
T 142.556 1 1274 2082 39
T 142.556 2 1265 2088 39
T 142.576 8 1285 2076 39
T 142.576 1 1275 2082 39
T 142.576 2 1266 2088 39
IE 142.585 3
IR 142.586 3
IA 142.587 3
T 142.598 8 1286 2076 39
T 142.598 1 1276 2082 39
T 142.598 2 1267 2088 39
T 142.662 8 1287 2076 39
T 142.662 1 1277 2082 39
T 142.662 2 1268 2088 39
T 142.668 1 1278 2082 39
T 142.668 2 1269 2088 39
T 142.668 3 1255 2094 39
T 142.688 1 1279 2082 39
T 142.688 2 1270 2088 39
T 142.688 3 1256 2094 39
T 142.709 1 1280 2082 39
T 142.709 2 1271 2088 39
T 142.709 3 1257 2094 39
IE 142.721 4
IR 142.722 4
IA 142.723 4
T 142.730 1 1281 2082 39
T 142.730 2 1272 2088 39
T 142.730 3 1258 2094 39
P 142.750 5
F 142.751 5 40
IQ 142.751 5
IS 142.752 5
T 142.796 1 1282 2082 39
T 142.796 2 1273 2088 39
T 142.796 3 1259 2094 39
T 142.801 1 1283 2082 39
T 142.801 2 1274 2088 39
T 142.801 3 1260 2094 39
T 142.801 4 1255 2101 39
T 142.822 1 1284 2082 39
T 142.822 2 1275 2088 39
T 142.822 3 1261 2094 39
T 142.822 4 1256 2101 39
T 142.843 1 1285 2082 39
T 142.843 2 1276 2088 39
T 142.843 3 1262 2094 39
T 142.843 4 1257 2101 39
T 142.864 1 1286 2082 39
T 142.864 2 1277 2088 39
T 142.865 3 1263 2094 39
T 142.865 4 1258 2101 39
T 142.885 1 1287 2082 39
T 142.885 2 1278 2088 39
T 142.885 3 1264 2094 39
T 142.885 4 1259 2101 39
T 142.906 2 1279 2088 39
T 142.906 3 1265 2094 39
T 142.906 4 1260 2101 39
T 142.926 2 1280 2088 39
T 142.926 3 1266 2094 39
T 142.927 4 1261 2101 39
T 142.947 2 1281 2088 39
T 142.947 3 1267 2094 39
T 142.947 4 1262 2101 39
T 142.968 2 1282 2088 39
T 142.968 3 1268 2094 39
T 142.968 4 1263 2101 39
T 142.989 2 1283 2088 39
T 142.989 3 1269 2094 39
T 142.989 4 1264 2101 39
P 143.001 6
F 143.001 6 40
IQ 143.002 6
IS 143.002 6
T 143.010 2 1284 2088 39
T 143.010 3 1270 2094 39
T 143.010 4 1265 2101 39
IE 143.013 5
IR 143.014 5
IA 143.015 5
T 143.030 2 1285 2088 39
T 143.030 3 1271 2094 39
T 143.030 4 1266 2101 39
T 143.095 2 1286 2088 39
T 143.095 3 1272 2094 39
T 143.095 4 1267 2101 39
T 143.101 2 1287 2088 39
T 143.102 3 1273 2094 39
T 143.102 4 1268 2101 39
T 143.102 5 1288 2110 40
T 143.122 3 1274 2094 39
T 143.122 4 1269 2101 39
T 143.122 5 1289 2110 40
T 143.143 3 1275 2094 39
T 143.143 4 1270 2101 39
T 143.143 5 1290 2110 40
T 143.164 3 1276 2094 39
T 143.164 4 1271 2101 39
T 143.164 5 1291 2110 40
T 143.185 3 1277 2094 39
T 143.185 4 1272 2101 39
T 143.185 5 1292 2110 40
T 143.206 3 1278 2094 39
T 143.206 4 1273 2101 39
T 143.206 5 1293 2110 40
IE 143.216 6
IR 143.216 6
IA 143.218 6
T 143.226 3 1279 2094 39
T 143.227 4 1274 2101 39
T 143.227 5 1294 2110 40
P 143.251 7
F 143.252 7 40
IQ 143.252 7
IS 143.252 7
T 143.292 3 1280 2094 39
T 143.292 4 1275 2101 39
T 143.292 5 1295 2110 40
T 143.298 3 1281 2094 39
T 143.298 4 1276 2101 39
T 143.298 5 1296 2110 40
T 143.298 6 1288 2116 40
T 143.319 3 1282 2094 39
T 143.319 4 1277 2101 39
T 143.319 5 1297 2110 40
T 143.319 6 1289 2116 40
T 143.340 3 1283 2094 39
T 143.340 4 1278 2101 39
T 143.340 5 1298 2110 40
T 143.340 6 1290 2116 40
T 143.360 3 1284 2094 39
T 143.361 4 1279 2101 39
T 143.361 5 1299 2110 40
T 143.361 6 1291 2116 40
T 143.381 3 1285 2094 39
T 143.381 4 1280 2101 39
T 143.382 5 1300 2110 40
T 143.382 6 1292 2116 40
T 143.402 3 1286 2094 39
T 143.402 4 1281 2101 39
T 143.403 5 1301 2110 40
T 143.403 6 1293 2116 40
T 143.423 3 1287 2094 39
T 143.423 4 1282 2101 39
T 143.423 5 1302 2110 40
T 143.423 6 1294 2116 40
T 143.444 4 1283 2101 39
T 143.444 5 1303 2110 40
T 143.444 6 1295 2116 40
T 143.465 4 1284 2101 39
T 143.465 5 1304 2110 40
T 143.465 6 1296 2116 40
T 143.486 4 1285 2101 39
T 143.486 5 1305 2110 40
T 143.486 6 1297 2116 40
P 143.502 8
F 143.503 8 40
IQ 143.503 8
IS 143.503 8
T 143.506 4 1286 2101 39
T 143.506 5 1306 2110 40
T 143.506 6 1298 2116 40
T 143.527 4 1287 2101 39
T 143.527 5 1307 2110 40
T 143.527 6 1299 2116 40
T 143.548 5 1308 2110 40
T 143.548 6 1300 2116 40
IE 143.558 7
IR 143.558 7
IA 143.560 7
T 143.569 5 1309 2110 40
T 143.569 6 1301 2116 40
T 143.633 5 1310 2110 40
T 143.634 6 1302 2116 40
T 143.639 5 1311 2110 40
T 143.639 6 1303 2116 40
T 143.639 7 1288 2122 40
T 143.660 5 1312 2110 40
T 143.660 6 1304 2116 40
T 143.660 7 1289 2122 40
T 143.681 5 1313 2110 40
T 143.681 6 1305 2116 40
T 143.681 7 1290 2122 40
T 143.702 5 1314 2110 40
T 143.702 6 1306 2116 40
T 143.702 7 1291 2122 40
T 143.723 5 1315 2110 40
T 143.723 6 1307 2116 40
T 143.723 7 1292 2122 40
T 143.743 5 1316 2110 40
T 143.744 6 1308 2116 40
T 143.744 7 1293 2122 40
P 143.753 1
F 143.753 1 40
IQ 143.754 1
IS 143.754 1
T 143.766 5 1317 2110 40
T 143.766 6 1309 2116 40
T 143.766 7 1294 2122 40
IE 143.774 8
IR 143.775 8
IA 143.776 8
T 143.786 5 1318 2110 40
T 143.786 6 1310 2116 40
T 143.786 7 1295 2122 40
T 143.850 5 1319 2110 40
T 143.850 6 1311 2116 40
T 143.851 7 1296 2122 40
T 143.856 5 1320 2110 40
T 143.857 6 1312 2116 40
T 143.857 7 1297 2122 40
T 143.857 8 1288 2129 40
T 143.877 6 1313 2116 40
T 143.877 7 1298 2122 40
T 143.877 8 1289 2129 40
T 143.898 6 1314 2116 40
T 143.898 7 1299 2122 40
T 143.898 8 1290 2129 40
T 143.919 6 1315 2116 40
T 143.919 7 1300 2122 40
T 143.919 8 1291 2129 40
T 143.939 6 1316 2116 40
T 143.939 7 1301 2122 40
T 143.939 8 1292 2129 40
T 143.960 6 1317 2116 40
T 143.960 7 1302 2122 40
T 143.960 8 1293 2129 40
T 143.981 6 1318 2116 40
T 143.981 7 1303 2122 40
T 143.981 8 1294 2129 40
T 144.002 6 1319 2116 40
T 144.002 7 1304 2122 40
T 144.002 8 1295 2129 40
P 144.003 2
F 144.003 2 40
IQ 144.004 2
IS 144.004 2
T 144.023 6 1320 2116 40
T 144.023 7 1305 2122 40
T 144.023 8 1296 2129 40
IE 144.041 1
IR 144.042 1
IA 144.044 1
T 144.045 7 1306 2122 40
T 144.045 8 1297 2129 40
T 144.064 7 1307 2122 40
T 144.064 8 1298 2129 40
T 144.128 7 1308 2122 40
T 144.128 8 1299 2129 40
T 144.134 7 1309 2122 40
T 144.134 8 1300 2129 40
T 144.134 1 1288 2135 40
T 144.155 7 1310 2122 40
T 144.155 8 1301 2129 40
T 144.155 1 1289 2135 40
T 144.175 7 1311 2122 40
T 144.176 8 1302 2129 40
T 144.176 1 1290 2135 40
T 144.196 7 1312 2122 40
T 144.196 8 1303 2129 40
T 144.196 1 1291 2135 40
T 144.217 7 1313 2122 40
T 144.217 8 1304 2129 40
T 144.217 1 1292 2135 40
T 144.238 7 1314 2122 40
T 144.238 8 1305 2129 40
T 144.238 1 1293 2135 40
P 144.253 3
F 144.254 3 40
IQ 144.255 3
IS 144.255 3
T 144.259 7 1315 2122 40
T 144.259 8 1306 2129 40
T 144.259 1 1294 2135 40
IE 144.261 2
IR 144.261 2
IA 144.262 2
T 144.280 7 1316 2122 40
T 144.280 8 1307 2129 40
T 144.280 1 1295 2135 40
T 144.345 7 1317 2122 40
T 144.345 8 1308 2129 40
T 144.345 1 1296 2135 40
T 144.351 7 1318 2122 40
T 144.351 8 1309 2129 40
T 144.351 1 1297 2135 40
T 144.351 2 1288 2141 40
T 144.371 7 1319 2122 40
T 144.371 8 1310 2129 40
T 144.371 1 1298 2135 40
T 144.371 2 1289 2141 40
T 144.392 7 1320 2122 40
T 144.392 8 1311 2129 40
T 144.392 1 1299 2135 40
T 144.392 2 1290 2141 40
T 144.413 8 1312 2129 40
T 144.413 1 1300 2135 40
T 144.413 2 1291 2141 40
T 144.434 8 1313 2129 40
T 144.434 1 1301 2135 40
T 144.434 2 1292 2141 40
T 144.454 8 1314 2129 40
T 144.454 1 1302 2135 40
T 144.454 2 1293 2141 40
T 144.475 8 1315 2129 40
T 144.475 1 1303 2135 40
T 144.475 2 1294 2141 40
T 144.496 8 1316 2129 40
T 144.496 1 1304 2135 40
T 144.496 2 1295 2141 40
P 144.505 4
F 144.506 4 40
IQ 144.506 4
IS 144.506 4
T 144.517 8 1317 2129 40
T 144.517 1 1305 2135 40
T 144.517 2 1296 2141 40
IE 144.527 3
IR 144.528 3
IA 144.529 3
T 144.538 8 1318 2129 40
T 144.538 1 1306 2135 40
T 144.538 2 1297 2141 40
T 144.603 8 1319 2129 40
T 144.603 1 1307 2135 40
T 144.603 2 1298 2141 40
T 144.609 8 1320 2129 40
T 144.609 1 1308 2135 40
T 144.609 2 1299 2141 40
T 144.609 3 1288 2147 40
T 144.629 1 1309 2135 40
T 144.629 2 1300 2141 40
T 144.629 3 1289 2147 40
T 144.650 1 1310 2135 40
T 144.650 2 1301 2141 40
T 144.650 3 1290 2147 40
T 144.671 1 1311 2135 40
T 144.671 2 1302 2141 40
T 144.671 3 1291 2147 40
T 144.692 1 1312 2135 40
T 144.692 2 1303 2141 40
T 144.692 3 1292 2147 40
T 144.712 1 1313 2135 40
T 144.713 2 1304 2141 40
T 144.713 3 1293 2147 40
T 144.733 1 1314 2135 40
T 144.734 2 1305 2141 40
T 144.734 3 1294 2147 40
T 144.754 1 1315 2135 40
T 144.755 2 1306 2141 40
T 144.755 3 1295 2147 40
P 144.755 5
F 144.756 5 41
IQ 144.756 5
IS 144.756 5
T 144.775 1 1316 2135 40
T 144.775 2 1307 2141 40
T 144.775 3 1296 2147 40
T 144.796 1 1317 2135 40
T 144.796 2 1308 2141 40
T 144.796 3 1297 2147 40
IE 144.803 4
IR 144.803 4
IA 144.805 4
T 144.818 1 1318 2135 40
T 144.818 2 1309 2141 40
T 144.818 3 1298 2147 40
T 144.882 1 1319 2135 40
T 144.882 2 1310 2141 40
T 144.882 3 1299 2147 40
T 144.888 1 1320 2135 40
T 144.889 2 1311 2141 40
T 144.889 3 1300 2147 40
T 144.889 4 1288 2154 40
T 144.909 2 1312 2141 40
T 144.909 3 1301 2147 40
T 144.909 4 1289 2154 40
T 144.930 2 1313 2141 40
T 144.930 3 1302 2147 40
T 144.930 4 1290 2154 40
T 144.950 2 1314 2141 40
T 144.950 3 1303 2147 40
T 144.951 4 1291 2154 40
T 144.971 2 1315 2141 40
T 144.971 3 1304 2147 40
T 144.971 4 1292 2154 40
T 144.992 2 1316 2141 40
T 144.992 3 1305 2147 40
T 144.992 4 1293 2154 40
P 145.005 6
F 145.006 6 41
IQ 145.006 6
IS 145.006 6
T 145.013 2 1317 2141 40
T 145.013 3 1306 2147 40
T 145.013 4 1294 2154 40
T 145.034 2 1318 2141 40
T 145.034 3 1307 2147 40
T 145.034 4 1295 2154 40
IE 145.046 5
IR 145.046 5
IA 145.048 5
T 145.055 2 1319 2141 40
T 145.055 3 1308 2147 40
T 145.055 4 1296 2154 40
T 145.121 2 1320 2141 40
T 145.121 3 1309 2147 40
T 145.121 4 1297 2154 40
T 145.127 3 1310 2147 40
T 145.127 4 1298 2154 40
T 145.127 5 1321 2163 41
T 145.147 3 1311 2147 40
T 145.147 4 1299 2154 40
T 145.147 5 1322 2163 41
T 145.168 3 1312 2147 40
T 145.168 4 1300 2154 40
T 145.168 5 1323 2163 41
T 145.188 3 1313 2147 40
T 145.188 4 1301 2154 40
T 145.188 5 1324 2163 41
T 145.209 3 1314 2147 40
T 145.209 4 1302 2154 40
T 145.209 5 1325 2163 41
T 145.230 3 1315 2147 40
T 145.230 4 1303 2154 40
T 145.230 5 1326 2163 41
T 145.250 3 1316 2147 40
T 145.251 4 1304 2154 40
T 145.251 5 1327 2163 41
P 145.256 7
F 145.257 7 41
IQ 145.257 7
IS 145.257 7
T 145.271 3 1317 2147 40
T 145.272 4 1305 2154 40
T 145.272 5 1328 2163 41
IE 145.287 6
IR 145.287 6
IA 145.289 6
T 145.292 3 1318 2147 40
T 145.293 4 1306 2154 40
T 145.293 5 1329 2163 41
T 145.357 3 1319 2147 40
T 145.357 4 1307 2154 40
T 145.357 5 1330 2163 41
T 145.364 3 1320 2147 40
T 145.364 4 1308 2154 40
T 145.364 5 1331 2163 41
T 145.364 6 1321 2169 41
T 145.384 4 1309 2154 40
T 145.385 5 1332 2163 41
T 145.385 6 1322 2169 41
T 145.405 4 1310 2154 40
T 145.405 5 1333 2163 41
T 145.405 6 1323 2169 41
T 145.426 4 1311 2154 40
T 145.426 5 1334 2163 41
T 145.426 6 1324 2169 41
T 145.446 4 1312 2154 40
T 145.447 5 1335 2163 41
T 145.447 6 1325 2169 41
T 145.467 4 1313 2154 40
T 145.467 5 1336 2163 41
T 145.467 6 1326 2169 41
T 145.488 4 1314 2154 40
T 145.488 5 1337 2163 41
T 145.488 6 1327 2169 41
P 145.506 8
F 145.506 8 41
IQ 145.507 8
IS 145.507 8
T 145.509 4 1315 2154 40
T 145.509 5 1338 2163 41
T 145.509 6 1328 2169 41
T 145.530 4 1316 2154 40
T 145.530 5 1339 2163 41
T 145.530 6 1329 2169 41
IE 145.531 7
IR 145.532 7
IA 145.533 7
T 145.551 4 1317 2154 40
T 145.551 5 1340 2163 41
T 145.551 6 1330 2169 41
T 145.616 4 1318 2154 40
T 145.616 5 1341 2163 41
T 145.616 6 1331 2169 41
T 145.622 4 1319 2154 40
T 145.622 5 1342 2163 41
T 145.622 6 1332 2169 41
T 145.623 7 1321 2175 41
T 145.643 4 1320 2154 40
T 145.644 5 1343 2163 41
T 145.644 6 1333 2169 41
T 145.644 7 1322 2175 41
T 145.664 5 1344 2163 41
T 145.665 6 1334 2169 41
T 145.665 7 1323 2175 41
T 145.686 5 1345 2163 41
T 145.686 6 1335 2169 41
T 145.686 7 1324 2175 41
T 145.706 5 1346 2163 41
T 145.706 6 1336 2169 41
T 145.706 7 1325 2175 41
T 145.728 5 1347 2163 41
T 145.728 6 1337 2169 41
T 145.728 7 1326 2175 41
T 145.749 5 1348 2163 41
T 145.749 6 1338 2169 41
T 145.749 7 1327 2175 41
P 145.757 1
F 145.757 1 41
IQ 145.758 1
IS 145.758 1
T 145.770 5 1349 2163 41
T 145.770 6 1339 2169 41
T 145.770 7 1328 2175 41
T 145.791 5 1350 2163 41
T 145.791 6 1340 2169 41
T 145.791 7 1329 2175 41
T 145.812 5 1351 2163 41
T 145.813 6 1341 2169 41
T 145.813 7 1330 2175 41
IE 145.819 8
IR 145.820 8
IA 145.821 8
T 145.834 5 1352 2163 41
T 145.834 6 1342 2169 41
T 145.834 7 1331 2175 41
T 145.900 5 1353 2163 41
T 145.900 6 1343 2169 41
T 145.900 7 1332 2175 41
T 145.906 6 1344 2169 41
T 145.907 7 1333 2175 41
T 145.907 8 1321 2182 41
T 145.927 6 1345 2169 41
T 145.927 7 1334 2175 41
T 145.927 8 1322 2182 41
T 145.948 6 1346 2169 41
T 145.948 7 1335 2175 41
T 145.948 8 1323 2182 41
T 145.969 6 1347 2169 41
T 145.969 7 1336 2175 41
T 145.969 8 1324 2182 41
T 145.990 6 1348 2169 41
T 145.990 7 1337 2175 41
T 145.990 8 1325 2182 41
P 146.007 2
F 146.008 2 41
IQ 146.008 2
IE 146.008 1
IS 146.009 2
IR 146.009 1
IA 146.011 1
T 146.012 6 1349 2169 41
T 146.013 7 1338 2175 41
T 146.013 8 1326 2182 41
T 146.033 6 1350 2169 41
T 146.033 7 1339 2175 41
T 146.033 8 1327 2182 41
T 146.098 6 1351 2169 41
T 146.098 7 1340 2175 41
T 146.098 8 1328 2182 41
T 146.105 6 1352 2169 41
T 146.105 7 1341 2175 41
T 146.105 8 1329 2182 41
T 146.105 1 1321 2188 41
T 146.126 6 1353 2169 41
T 146.126 7 1342 2175 41
T 146.126 8 1330 2182 41
T 146.126 1 1322 2188 41
T 146.146 7 1343 2175 41
T 146.147 8 1331 2182 41
T 146.147 1 1323 2188 41
T 146.167 7 1344 2175 41
T 146.167 8 1332 2182 41
T 146.168 1 1324 2188 41
T 146.189 7 1345 2175 41
T 146.189 8 1333 2182 41
T 146.189 1 1325 2188 41
IE 146.203 2
IR 146.203 2
IA 146.205 2
T 146.210 7 1346 2175 41
T 146.210 8 1334 2182 41
T 146.210 1 1326 2188 41
P 146.258 3
F 146.258 3 41
IQ 146.258 3
IS 146.259 3
T 146.275 7 1347 2175 41
T 146.275 8 1335 2182 41
T 146.275 1 1327 2188 41
T 146.281 7 1348 2175 41
T 146.281 8 1336 2182 41
T 146.281 1 1328 2188 41
T 146.281 2 1321 2194 41
T 146.302 7 1349 2175 41
T 146.303 8 1337 2182 41
T 146.303 1 1329 2188 41
T 146.303 2 1322 2194 41
T 146.324 7 1350 2175 41
T 146.324 8 1338 2182 41
T 146.324 1 1330 2188 41
T 146.324 2 1323 2194 41
T 146.345 7 1351 2175 41
T 146.345 8 1339 2182 41
T 146.345 1 1331 2188 41
T 146.346 2 1324 2194 41
T 146.366 7 1352 2175 41
T 146.366 8 1340 2182 41
T 146.366 1 1332 2188 41
T 146.367 2 1325 2194 41
T 146.387 7 1353 2175 41
T 146.387 8 1341 2182 41
T 146.387 1 1333 2188 41
T 146.387 2 1326 2194 41
T 146.408 8 1342 2182 41
T 146.408 1 1334 2188 41
T 146.408 2 1327 2194 41
T 146.429 8 1343 2182 41
T 146.429 1 1335 2188 41
T 146.429 2 1328 2194 41
T 146.451 8 1344 2182 41
T 146.451 1 1336 2188 41
T 146.451 2 1329 2194 41
T 146.471 8 1345 2182 41
T 146.472 1 1337 2188 41
T 146.472 2 1330 2194 41
T 146.493 8 1346 2182 41
T 146.493 1 1338 2188 41
T 146.493 2 1331 2194 41
P 146.508 4
F 146.509 4 41
IQ 146.509 4
IS 146.509 4
IE 146.512 3
IR 146.513 3
IA 146.514 3
T 146.516 8 1347 2182 41
T 146.516 1 1339 2188 41
T 146.516 2 1332 2194 41
T 146.536 8 1348 2182 41
T 146.536 1 1340 2188 41
T 146.536 2 1333 2194 41
T 146.601 8 1349 2182 41
T 146.601 1 1341 2188 41
T 146.602 2 1334 2194 41
T 146.607 8 1350 2182 41
T 146.607 1 1342 2188 41
T 146.607 2 1335 2194 41
T 146.607 3 1321 2200 41
T 146.628 8 1351 2182 41
T 146.628 1 1343 2188 41
T 146.628 2 1336 2194 41
T 146.628 3 1322 2200 41
T 146.649 8 1352 2182 41
T 146.649 1 1344 2188 41
T 146.649 2 1337 2194 41
T 146.649 3 1323 2200 41
T 146.670 8 1353 2182 41
T 146.670 1 1345 2188 41
T 146.670 2 1338 2194 41
T 146.670 3 1324 2200 41
T 146.691 1 1346 2188 41
T 146.691 2 1339 2194 41
T 146.692 3 1325 2200 41
T 146.712 1 1347 2188 41
T 146.712 2 1340 2194 41
T 146.712 3 1326 2200 41
T 146.734 1 1348 2188 41
T 146.734 2 1341 2194 41
T 146.734 3 1327 2200 41
IE 146.742 4
IR 146.742 4
IA 146.744 4
T 146.755 1 1349 2188 41
T 146.755 2 1342 2194 41
T 146.755 3 1328 2200 41
P 146.759 5
F 146.759 5 42
IQ 146.759 5
IS 146.760 5
T 146.821 1 1350 2188 41
T 146.822 2 1343 2194 41
T 146.822 3 1329 2200 41
T 146.827 1 1351 2188 41
T 146.828 2 1344 2194 41
T 146.828 3 1330 2200 41
T 146.828 4 1321 2207 41
T 146.848 1 1352 2188 41
T 146.848 2 1345 2194 41
T 146.848 3 1331 2200 41
T 146.848 4 1322 2207 41
T 146.869 1 1353 2188 41
T 146.870 2 1346 2194 41
T 146.870 3 1332 2200 41
T 146.870 4 1323 2207 41
T 146.890 2 1347 2194 41
T 146.891 3 1333 2200 41
T 146.891 4 1324 2207 41
T 146.911 2 1348 2194 41
T 146.912 3 1334 2200 41
T 146.912 4 1325 2207 41
T 146.932 2 1349 2194 41
T 146.933 3 1335 2200 41
T 146.933 4 1326 2207 41
T 146.954 2 1350 2194 41
T 146.954 3 1336 2200 41
T 146.954 4 1327 2207 41
T 146.975 2 1351 2194 41
T 146.975 3 1337 2200 41
T 146.975 4 1328 2207 41
T 146.996 2 1352 2194 41
T 146.996 3 1338 2200 41
T 146.996 4 1329 2207 41
P 147.009 6
F 147.009 6 42
IQ 147.010 6
IS 147.010 6
T 147.017 2 1353 2194 41
T 147.018 3 1339 2200 41
T 147.018 4 1330 2207 41
IE 147.033 5
IR 147.033 5
IA 147.035 5
T 147.038 3 1340 2200 41
T 147.038 4 1331 2207 41
T 147.059 3 1341 2200 41
T 147.059 4 1332 2207 41
T 147.122 3 1342 2200 41
T 147.122 4 1333 2207 41
T 147.129 3 1343 2200 41
T 147.129 4 1334 2207 41
T 147.129 5 1354 2216 42
T 147.150 3 1344 2200 41
T 147.150 4 1335 2207 41
T 147.150 5 1355 2216 42
T 147.171 3 1345 2200 41
T 147.171 4 1336 2207 41
T 147.171 5 1356 2216 42
T 147.192 3 1346 2200 41
T 147.192 4 1337 2207 41
T 147.192 5 1357 2216 42
T 147.213 3 1347 2200 41
T 147.213 4 1338 2207 41
T 147.213 5 1358 2216 42
T 147.234 3 1348 2200 41
T 147.234 4 1339 2207 41
T 147.234 5 1359 2216 42
T 147.255 3 1349 2200 41
T 147.255 4 1340 2207 41
T 147.255 5 1360 2216 42
IE 147.258 6
IR 147.258 6
P 147.259 7
IA 147.260 6
F 147.261 7 42
IQ 147.261 7
IS 147.261 7
T 147.276 3 1350 2200 41
T 147.276 4 1341 2207 41
T 147.277 5 1361 2216 42
T 147.342 3 1351 2200 41
T 147.342 4 1342 2207 41
T 147.342 5 1362 2216 42
T 147.348 3 1352 2200 41
T 147.348 4 1343 2207 41
T 147.348 5 1363 2216 42
T 147.348 6 1354 2222 42
T 147.369 3 1353 2200 41
T 147.369 4 1344 2207 41
T 147.369 5 1364 2216 42
T 147.369 6 1355 2222 42
T 147.390 4 1345 2207 41
T 147.390 5 1365 2216 42
T 147.390 6 1356 2222 42
T 147.411 4 1346 2207 41
T 147.411 5 1366 2216 42
T 147.411 6 1357 2222 42
T 147.432 4 1347 2207 41
T 147.432 5 1367 2216 42
T 147.432 6 1358 2222 42
T 147.453 4 1348 2207 41
T 147.453 5 1368 2216 42
T 147.453 6 1359 2222 42
T 147.474 4 1349 2207 41
T 147.474 5 1369 2216 42
T 147.474 6 1360 2222 42
T 147.495 4 1350 2207 41
T 147.495 5 1370 2216 42
T 147.496 6 1361 2222 42
P 147.510 8
F 147.510 8 42
IQ 147.511 8
IS 147.511 8
T 147.516 4 1351 2207 41
T 147.517 5 1371 2216 42
T 147.517 6 1362 2222 42
T 147.538 4 1352 2207 41
T 147.538 5 1372 2216 42
T 147.538 6 1363 2222 42
IE 147.547 7
IR 147.548 7
IA 147.549 7
T 147.559 4 1353 2207 41
T 147.560 5 1373 2216 42
T 147.560 6 1364 2222 42
T 147.624 5 1374 2216 42
T 147.625 6 1365 2222 42
T 147.630 5 1375 2216 42
T 147.630 6 1366 2222 42
T 147.631 7 1354 2228 42
T 147.651 5 1376 2216 42
T 147.652 6 1367 2222 42
T 147.652 7 1355 2228 42
T 147.672 5 1377 2216 42
T 147.672 6 1368 2222 42
T 147.672 7 1356 2228 42
T 147.693 5 1378 2216 42
T 147.693 6 1369 2222 42
T 147.693 7 1357 2228 42
T 147.714 5 1379 2216 42
T 147.714 6 1370 2222 42
T 147.714 7 1358 2228 42
T 147.735 5 1380 2216 42
T 147.735 6 1371 2222 42
T 147.735 7 1359 2228 42
T 147.756 5 1381 2216 42
T 147.756 6 1372 2222 42
T 147.756 7 1360 2228 42
P 147.761 1
F 147.761 1 42
IQ 147.761 1
IS 147.762 1
T 147.777 5 1382 2216 42
T 147.777 6 1373 2222 42
T 147.777 7 1361 2228 42
T 147.798 5 1383 2216 42
T 147.799 6 1374 2222 42
T 147.799 7 1362 2228 42
T 147.819 5 1384 2216 42
T 147.820 6 1375 2222 42
T 147.820 7 1363 2228 42
IE 147.822 8
IR 147.823 8
IA 147.824 8
T 147.841 5 1385 2216 42
T 147.841 6 1376 2222 42
T 147.841 7 1364 2228 42
T 147.907 5 1386 2216 42
T 147.907 6 1377 2222 42
T 147.907 7 1365 2228 42
T 147.912 6 1378 2222 42
T 147.912 7 1366 2228 42
T 147.912 8 1354 2235 42
T 147.933 6 1379 2222 42
T 147.933 7 1367 2228 42
T 147.933 8 1355 2235 42
T 147.954 6 1380 2222 42
T 147.954 7 1368 2228 42
T 147.954 8 1356 2235 42
T 147.975 6 1381 2222 42
T 147.975 7 1369 2228 42
T 147.975 8 1357 2235 42
T 147.996 6 1382 2222 42
T 147.996 7 1370 2228 42
T 147.996 8 1358 2235 42
P 148.011 2
F 148.012 2 42
IQ 148.012 2
IS 148.012 2
T 148.018 6 1383 2222 42
T 148.018 7 1371 2228 42
T 148.018 8 1359 2235 42
IE 148.029 1
IR 148.030 1
IA 148.031 1
T 148.039 6 1384 2222 42
T 148.039 7 1372 2228 42
T 148.039 8 1360 2235 42
T 148.106 6 1385 2222 42
T 148.106 7 1373 2228 42
T 148.106 8 1361 2235 42
T 148.111 6 1386 2222 42
T 148.111 7 1374 2228 42
T 148.111 8 1362 2235 42
T 148.111 1 1354 2241 42
T 148.132 7 1375 2228 42
T 148.132 8 1363 2235 42
T 148.132 1 1355 2241 42
T 148.153 7 1376 2228 42
T 148.153 8 1364 2235 42
T 148.153 1 1356 2241 42
T 148.174 7 1377 2228 42
T 148.174 8 1365 2235 42
T 148.174 1 1357 2241 42
T 148.195 7 1378 2228 42
T 148.195 8 1366 2235 42
T 148.195 1 1358 2241 42
T 148.216 7 1379 2228 42
T 148.216 8 1367 2235 42
T 148.216 1 1359 2241 42
T 148.237 7 1380 2228 42
T 148.237 8 1368 2235 42
T 148.237 1 1360 2241 42
T 148.258 7 1381 2228 42
T 148.258 8 1369 2235 42
T 148.258 1 1361 2241 42
P 148.262 3
F 148.263 3 42
IQ 148.263 3
IS 148.263 3
T 148.279 7 1382 2228 42
T 148.279 8 1370 2235 42
T 148.280 1 1362 2241 42
T 148.300 7 1383 2228 42
T 148.300 8 1371 2235 42
T 148.301 1 1363 2241 42
IE 148.314 2
IR 148.315 2
IA 148.316 2
T 148.322 7 1384 2228 42
T 148.322 8 1372 2235 42
T 148.322 1 1364 2241 42
T 148.387 7 1385 2228 42
T 148.387 8 1373 2235 42
T 148.387 1 1365 2241 42
T 148.394 7 1386 2228 42
T 148.394 8 1374 2235 42
T 148.394 1 1366 2241 42
T 148.394 2 1354 2247 42
T 148.414 8 1375 2235 42
T 148.414 1 1367 2241 42
T 148.415 2 1355 2247 42
T 148.436 8 1376 2235 42
T 148.436 1 1368 2241 42
T 148.436 2 1356 2247 42
T 148.456 8 1377 2235 42
T 148.457 1 1369 2241 42
T 148.457 2 1357 2247 42
T 148.477 8 1378 2235 42
T 148.477 1 1370 2241 42
T 148.478 2 1358 2247 42
T 148.499 8 1379 2235 42
T 148.499 1 1371 2241 42
T 148.499 2 1359 2247 42
P 148.513 4
F 148.514 4 42
IQ 148.514 4
IS 148.515 4
T 148.520 8 1380 2235 42
T 148.520 1 1372 2241 42
T 148.520 2 1360 2247 42
IE 148.523 3
IR 148.524 3
IA 148.526 3
T 148.541 8 1381 2235 42
T 148.542 1 1373 2241 42
T 148.542 2 1361 2247 42
T 148.607 8 1382 2235 42
T 148.607 1 1374 2241 42
T 148.607 2 1362 2247 42
T 148.613 8 1383 2235 42
T 148.613 1 1375 2241 42
T 148.613 2 1363 2247 42
T 148.613 3 1354 2253 42
T 148.634 8 1384 2235 42
T 148.634 1 1376 2241 42
T 148.634 2 1364 2247 42
T 148.634 3 1355 2253 42
T 148.655 8 1385 2235 42
T 148.655 1 1377 2241 42
T 148.655 2 1365 2247 42
T 148.656 3 1356 2253 42
T 148.676 8 1386 2235 42
T 148.676 1 1378 2241 42
T 148.676 2 1366 2247 42
T 148.676 3 1357 2253 42
T 148.697 1 1379 2241 42
T 148.697 2 1367 2247 42
T 148.697 3 1358 2253 42
T 148.718 1 1380 2241 42
T 148.718 2 1368 2247 42
T 148.718 3 1359 2253 42
T 148.739 1 1381 2241 42
T 148.739 2 1369 2247 42
T 148.739 3 1360 2253 42
T 148.760 1 1382 2241 42
T 148.760 2 1370 2247 42
T 148.760 3 1361 2253 42
P 148.763 5
F 148.763 5 43
IQ 148.764 5
IS 148.764 5
T 148.781 1 1383 2241 42
T 148.781 2 1371 2247 42
T 148.781 3 1362 2253 42
T 148.802 1 1384 2241 42
T 148.802 2 1372 2247 42
T 148.802 3 1363 2253 42
IE 148.818 4
IR 148.818 4
IA 148.819 4
T 148.824 1 1385 2241 42
T 148.824 2 1373 2247 42
T 148.824 3 1364 2253 42
T 148.889 1 1386 2241 42
T 148.889 2 1374 2247 42
T 148.889 3 1365 2253 42
T 148.895 2 1375 2247 42
T 148.895 3 1366 2253 42
T 148.895 4 1354 2260 42
T 148.916 2 1376 2247 42
T 148.916 3 1367 2253 42
T 148.916 4 1355 2260 42
T 148.937 2 1377 2247 42
T 148.937 3 1368 2253 42
T 148.937 4 1356 2260 42
T 148.958 2 1378 2247 42
T 148.958 3 1369 2253 42
T 148.959 4 1357 2260 42
T 148.980 2 1379 2247 42
T 148.980 3 1370 2253 42
T 148.980 4 1358 2260 42
IE 148.992 5
IR 148.992 5
IA 148.994 5
T 149.001 2 1380 2247 42
T 149.001 3 1371 2253 42
T 149.001 4 1359 2260 42
P 149.014 6
F 149.015 6 43
IQ 149.015 6
IS 149.015 6
T 149.068 2 1381 2247 42
T 149.068 3 1372 2253 42
T 149.068 4 1360 2260 42
T 149.073 2 1382 2247 42
T 149.074 3 1373 2253 42
T 149.074 4 1361 2260 42
T 149.074 5 1387 2269 43
T 149.094 2 1383 2247 42
T 149.094 3 1374 2253 42
T 149.095 4 1362 2260 42
T 149.095 5 1388 2269 43
T 149.116 2 1384 2247 42
T 149.116 3 1375 2253 42
T 149.116 4 1363 2260 42
T 149.116 5 1389 2269 43
T 149.137 2 1385 2247 42
T 149.137 3 1376 2253 42
T 149.137 4 1364 2260 42
T 149.137 5 1390 2269 43
T 149.158 2 1386 2247 42
T 149.158 3 1377 2253 42
T 149.158 4 1365 2260 42
T 149.158 5 1391 2269 43
T 149.179 3 1378 2253 42
T 149.179 4 1366 2260 42
T 149.179 5 1392 2269 43
T 149.200 3 1379 2253 42
T 149.200 4 1367 2260 42
T 149.200 5 1393 2269 43
T 149.221 3 1380 2253 42
T 149.221 4 1368 2260 42
T 149.221 5 1394 2269 43
T 149.242 3 1381 2253 42
T 149.242 4 1369 2260 42
T 149.243 5 1395 2269 43
IE 149.256 6
IR 149.257 6
IA 149.258 6
T 149.264 3 1382 2253 42
T 149.264 4 1370 2260 42
T 149.264 5 1396 2269 43
P 149.265 7
F 149.266 7 43
IQ 149.266 7
IS 149.266 7
T 149.329 3 1383 2253 42
T 149.329 4 1371 2260 42
T 149.330 5 1397 2269 43
T 149.336 3 1384 2253 42
T 149.336 4 1372 2260 42
T 149.336 5 1398 2269 43
T 149.336 6 1387 2275 43
T 149.357 3 1385 2253 42
T 149.357 4 1373 2260 42
T 149.357 5 1399 2269 43
T 149.357 6 1388 2275 43
T 149.378 3 1386 2253 42
T 149.378 4 1374 2260 42
T 149.378 5 1400 2269 43
T 149.378 6 1389 2275 43
T 149.399 4 1375 2260 42
T 149.399 5 1401 2269 43
T 149.399 6 1390 2275 43
T 149.420 4 1376 2260 42
T 149.420 5 1402 2269 43
T 149.420 6 1391 2275 43
T 149.441 4 1377 2260 42
T 149.442 5 1403 2269 43
T 149.442 6 1392 2275 43
T 149.462 4 1378 2260 42
T 149.462 5 1404 2269 43
T 149.463 6 1393 2275 43
T 149.483 4 1379 2260 42
T 149.484 5 1405 2269 43
T 149.484 6 1394 2275 43
IE 149.502 7
IR 149.515 7
IA 149.518 7
T 149.520 4 1380 2260 42
P 149.520 8
T 149.520 5 1406 2269 43
T 149.521 6 1395 2275 43
F 149.521 8 43
IQ 149.521 8
IS 149.521 8
T 149.527 4 1381 2260 42
T 149.527 5 1407 2269 43
T 149.527 6 1396 2275 43
T 149.592 4 1382 2260 42
T 149.592 5 1408 2269 43
T 149.592 6 1397 2275 43
T 149.599 4 1383 2260 42
T 149.599 5 1409 2269 43
T 149.599 6 1398 2275 43
T 149.599 7 1387 2281 43
T 149.620 4 1384 2260 42
T 149.620 5 1410 2269 43
T 149.620 6 1399 2275 43
T 149.620 7 1388 2281 43
T 149.641 4 1385 2260 42
T 149.641 5 1411 2269 43
T 149.641 6 1400 2275 43
T 149.641 7 1389 2281 43
T 149.662 4 1386 2260 42
T 149.662 5 1412 2269 43
T 149.662 6 1401 2275 43
T 149.662 7 1390 2281 43
T 149.683 5 1413 2269 43
T 149.683 6 1402 2275 43
T 149.683 7 1391 2281 43
T 149.704 5 1414 2269 43
T 149.704 6 1403 2275 43
T 149.704 7 1392 2281 43
T 149.725 5 1415 2269 43
T 149.725 6 1404 2275 43
T 149.726 7 1393 2281 43
T 149.746 5 1416 2269 43
T 149.746 6 1405 2275 43
T 149.746 7 1394 2281 43
IE 149.764 8
IR 149.765 8
P 149.766 1
IA 149.768 8
F 149.769 1 43
IQ 149.769 1
IS 149.770 1
T 149.770 5 1417 2269 43
T 149.770 6 1406 2275 43
T 149.770 7 1395 2281 43
T 149.789 5 1418 2269 43
T 149.789 6 1407 2275 43
T 149.789 7 1396 2281 43
T 149.855 5 1419 2269 43
T 149.855 6 1408 2275 43
T 149.855 7 1397 2281 43
T 149.861 6 1409 2275 43
T 149.861 7 1398 2281 43
T 149.861 8 1387 2288 43
T 149.882 6 1410 2275 43
T 149.882 7 1399 2281 43
T 149.882 8 1388 2288 43
T 149.903 6 1411 2275 43
T 149.903 7 1400 2281 43
T 149.903 8 1389 2288 43
T 149.925 6 1412 2275 43
T 149.925 7 1401 2281 43
T 149.925 8 1390 2288 43
T 149.945 6 1413 2275 43
T 149.945 7 1402 2281 43
T 149.946 8 1391 2288 43
T 149.966 6 1414 2275 43
T 149.966 7 1403 2281 43
T 149.966 8 1392 2288 43
T 149.987 6 1415 2275 43
T 149.987 7 1404 2281 43
T 149.987 8 1393 2288 43
T 150.008 6 1416 2275 43
T 150.008 7 1405 2281 43
T 150.008 8 1394 2288 43
P 150.017 2
F 150.017 2 43
IQ 150.017 2
IS 150.018 2
T 150.029 6 1417 2275 43
T 150.029 7 1406 2281 43
T 150.029 8 1395 2288 43
T 150.050 6 1418 2275 43
T 150.050 7 1407 2281 43
T 150.050 8 1396 2288 43
IE 150.070 1
IR 150.072 1
IA 150.073 1
T 150.073 6 1419 2275 43
T 150.073 7 1408 2281 43
T 150.073 8 1397 2288 43
T 150.092 7 1409 2281 43
T 150.092 8 1398 2288 43
T 150.156 7 1410 2281 43
T 150.156 8 1399 2288 43
T 150.163 7 1411 2281 43
T 150.163 8 1400 2288 43
T 150.163 1 1387 2294 43
T 150.184 7 1412 2281 43
T 150.184 8 1401 2288 43
T 150.184 1 1388 2294 43
T 150.205 7 1413 2281 43
T 150.205 8 1402 2288 43
T 150.205 1 1389 2294 43
T 150.226 7 1414 2281 43
T 150.226 8 1403 2288 43
T 150.226 1 1390 2294 43
T 150.247 7 1415 2281 43
T 150.247 8 1404 2288 43
T 150.247 1 1391 2294 43
IE 150.252 2
IR 150.252 2
IA 150.253 2
P 150.267 3
F 150.268 3 43
IQ 150.268 3
IS 150.269 3
T 150.270 7 1416 2281 43
T 150.270 8 1405 2288 43
T 150.270 1 1392 2294 43
T 150.335 7 1417 2281 43
T 150.335 8 1406 2288 43
T 150.336 1 1393 2294 43
T 150.342 7 1418 2281 43
T 150.342 8 1407 2288 43
T 150.342 1 1394 2294 43
T 150.342 2 1387 2300 43
T 150.363 7 1419 2281 43
T 150.363 8 1408 2288 43
T 150.363 1 1395 2294 43
T 150.363 2 1388 2300 43
T 150.384 8 1409 2288 43
T 150.384 1 1396 2294 43
T 150.384 2 1389 2300 43
T 150.405 8 1410 2288 43
T 150.405 1 1397 2294 43
T 150.405 2 1390 2300 43
T 150.426 8 1411 2288 43
T 150.426 1 1398 2294 43
T 150.426 2 1391 2300 43
T 150.446 8 1412 2288 43
T 150.447 1 1399 2294 43
T 150.447 2 1392 2300 43
T 150.468 8 1413 2288 43
T 150.468 1 1400 2294 43
T 150.468 2 1393 2300 43
T 150.489 8 1414 2288 43
T 150.489 1 1401 2294 43
T 150.489 2 1394 2300 43
T 150.510 8 1415 2288 43
T 150.510 1 1402 2294 43
T 150.510 2 1395 2300 43
P 150.517 4
F 150.518 4 43
IQ 150.518 4
IS 150.519 4
T 150.531 8 1416 2288 43
T 150.534 1 1403 2294 43
T 150.534 2 1396 2300 43
IE 150.541 3
IR 150.551 3
IA 150.553 3
T 150.554 8 1417 2288 43
T 150.554 1 1404 2294 43
T 150.554 2 1397 2300 43
T 150.574 8 1418 2288 43
T 150.574 1 1405 2294 43
T 150.574 2 1398 2300 43
T 150.639 8 1419 2288 43
T 150.639 1 1406 2294 43
T 150.639 2 1399 2300 43
T 150.646 1 1407 2294 43
T 150.646 2 1400 2300 43
T 150.646 3 1387 2306 43
T 150.666 1 1408 2294 43
T 150.667 2 1401 2300 43
T 150.667 3 1388 2306 43
T 150.687 1 1409 2294 43
T 150.687 2 1402 2300 43
T 150.687 3 1389 2306 43
T 150.708 1 1410 2294 43
T 150.708 2 1403 2300 43
T 150.709 3 1390 2306 43
T 150.729 1 1411 2294 43
T 150.730 2 1404 2300 43
T 150.730 3 1391 2306 43
T 150.751 1 1412 2294 43
T 150.751 2 1405 2300 43
T 150.751 3 1392 2306 43
P 150.768 5
F 150.768 5 44
IQ 150.769 5
IS 150.769 5
T 150.772 1 1413 2294 43
T 150.772 2 1406 2300 43
T 150.772 3 1393 2306 43
T 150.793 1 1414 2294 43
T 150.793 2 1407 2300 43
T 150.793 3 1394 2306 43
T 150.814 1 1415 2294 43
T 150.814 2 1408 2300 43
T 150.814 3 1395 2306 43
IE 150.822 4
IR 150.823 4
IA 150.824 4
T 150.835 1 1416 2294 43
T 150.836 2 1409 2300 43
T 150.836 3 1396 2306 43
T 150.900 1 1417 2294 43
T 150.901 2 1410 2300 43
T 150.901 3 1397 2306 43
T 150.907 1 1418 2294 43
T 150.907 2 1411 2300 43
T 150.907 3 1398 2306 43
T 150.907 4 1387 2313 43
T 150.928 1 1419 2294 43
T 150.928 2 1412 2300 43
T 150.928 3 1399 2306 43
T 150.928 4 1388 2313 43
T 150.949 2 1413 2300 43
T 150.949 3 1400 2306 43
T 150.949 4 1389 2313 43
T 150.970 2 1414 2300 43
T 150.970 3 1401 2306 43
T 150.970 4 1390 2313 43
T 150.991 2 1415 2300 43
T 150.991 3 1402 2306 43
T 150.991 4 1391 2313 43
T 151.012 2 1416 2300 43
T 151.012 3 1403 2306 43
T 151.013 4 1392 2313 43
P 151.018 6
F 151.019 6 44
IQ 151.019 6
IS 151.020 6
IE 151.022 5
IR 151.023 5
IA 151.025 5
T 151.033 2 1417 2300 43
T 151.034 3 1404 2306 43
T 151.034 4 1393 2313 43
T 151.100 2 1418 2300 43
T 151.100 3 1405 2306 43
T 151.100 4 1394 2313 43
T 151.107 2 1419 2300 43
T 151.107 3 1406 2306 43
T 151.107 4 1395 2313 43
T 151.107 5 1420 2322 44
T 151.127 3 1407 2306 43
T 151.127 4 1396 2313 43
T 151.128 5 1421 2322 44
T 151.148 3 1408 2306 43
T 151.149 4 1397 2313 43
T 151.149 5 1422 2322 44
T 151.169 3 1409 2306 43
T 151.170 4 1398 2313 43
T 151.170 5 1423 2322 44
T 151.191 3 1410 2306 43
T 151.191 4 1399 2313 43
T 151.191 5 1424 2322 44
T 151.212 3 1411 2306 43
T 151.212 4 1400 2313 43
T 151.212 5 1425 2322 44
T 151.233 3 1412 2306 43
T 151.233 4 1401 2313 43
T 151.233 5 1426 2322 44
T 151.254 3 1413 2306 43
T 151.254 4 1402 2313 43
T 151.254 5 1427 2322 44
P 151.268 7
F 151.269 7 44
IQ 151.269 7
IS 151.270 7
T 151.275 3 1414 2306 43
T 151.276 4 1403 2313 43
T 151.276 5 1428 2322 44
IE 151.292 6
IR 151.293 6
IA 151.294 6
T 151.296 3 1415 2306 43
T 151.296 4 1404 2313 43
T 151.296 5 1429 2322 44
T 151.318 3 1416 2306 43
T 151.318 4 1405 2313 43
T 151.318 5 1430 2322 44
T 151.384 3 1417 2306 43
T 151.384 4 1406 2313 43
T 151.384 5 1431 2322 44
T 151.390 3 1418 2306 43
T 151.390 4 1407 2313 43
T 151.390 5 1432 2322 44
T 151.390 6 1420 2328 44
T 151.411 3 1419 2306 43
T 151.411 4 1408 2313 43
T 151.411 5 1433 2322 44
T 151.411 6 1421 2328 44
T 151.432 4 1409 2313 43
T 151.432 5 1434 2322 44
T 151.432 6 1422 2328 44
T 151.453 4 1410 2313 43
T 151.453 5 1435 2322 44
T 151.453 6 1423 2328 44
T 151.474 4 1411 2313 43
T 151.474 5 1436 2322 44
T 151.474 6 1424 2328 44
T 151.495 4 1412 2313 43
T 151.495 5 1437 2322 44
T 151.495 6 1425 2328 44
T 151.516 4 1413 2313 43
T 151.516 5 1438 2322 44
T 151.516 6 1426 2328 44
P 151.519 8
F 151.520 8 44
IQ 151.520 8
IS 151.520 8
T 151.537 4 1414 2313 43
T 151.537 5 1439 2322 44
T 151.538 6 1427 2328 44
T 151.558 4 1415 2313 43
T 151.558 5 1440 2322 44
T 151.558 6 1428 2328 44
T 151.580 4 1416 2313 43
T 151.580 5 1441 2322 44
T 151.580 6 1429 2328 44
IE 151.586 7
IR 151.586 7
IA 151.588 7
T 151.601 4 1417 2313 43
T 151.601 5 1442 2322 44
T 151.601 6 1430 2328 44
T 151.667 4 1418 2313 43
T 151.667 5 1443 2322 44
T 151.667 6 1431 2328 44
T 151.673 4 1419 2313 43
T 151.673 5 1444 2322 44
T 151.673 6 1432 2328 44
T 151.673 7 1420 2334 44
T 151.694 5 1445 2322 44
T 151.694 6 1433 2328 44
T 151.694 7 1421 2334 44
T 151.715 5 1446 2322 44
T 151.715 6 1434 2328 44
T 151.715 7 1422 2334 44
T 151.736 5 1447 2322 44
T 151.736 6 1435 2328 44
T 151.736 7 1423 2334 44
T 151.757 5 1448 2322 44
T 151.757 6 1436 2328 44
T 151.757 7 1424 2334 44
P 151.770 1
F 151.770 1 44
IQ 151.771 1
IS 151.771 1
T 151.778 5 1449 2322 44
T 151.779 6 1437 2328 44
T 151.779 7 1425 2334 44
T 151.799 5 1450 2322 44
T 151.800 6 1438 2328 44
T 151.800 7 1426 2334 44
IE 151.802 8
IR 151.803 8
IA 151.804 8
T 151.821 5 1451 2322 44
T 151.821 6 1439 2328 44
T 151.821 7 1427 2334 44
T 151.887 5 1452 2322 44
T 151.887 6 1440 2328 44
T 151.887 7 1428 2334 44
T 151.893 6 1441 2328 44
T 151.893 7 1429 2334 44
T 151.893 8 1420 2341 44
T 151.914 6 1442 2328 44
T 151.914 7 1430 2334 44
T 151.914 8 1421 2341 44
T 151.935 6 1443 2328 44
T 151.935 7 1431 2334 44
T 151.935 8 1422 2341 44
T 151.956 6 1444 2328 44
T 151.956 7 1432 2334 44
T 151.956 8 1423 2341 44
T 151.977 6 1445 2328 44
T 151.977 7 1433 2334 44
T 151.977 8 1424 2341 44
T 151.998 6 1446 2328 44
T 151.998 7 1434 2334 44
T 151.998 8 1425 2341 44
T 152.019 6 1447 2328 44
T 152.019 7 1435 2334 44
T 152.020 8 1426 2341 44
P 152.021 2
F 152.021 2 44
IQ 152.021 2
IS 152.022 2
IE 152.036 1
IR 152.045 1
IA 152.047 1
T 152.048 6 1448 2328 44
T 152.048 7 1436 2334 44
T 152.048 8 1427 2341 44
T 152.062 6 1449 2328 44
T 152.062 7 1437 2334 44
T 152.063 8 1428 2341 44
T 152.127 6 1450 2328 44
T 152.127 7 1438 2334 44
T 152.127 8 1429 2341 44
T 152.134 6 1451 2328 44
T 152.134 7 1439 2334 44
T 152.134 8 1430 2341 44
T 152.135 1 1420 2347 44
T 152.155 6 1452 2328 44
T 152.155 7 1440 2334 44
T 152.156 8 1431 2341 44
T 152.156 1 1421 2347 44
T 152.176 7 1441 2334 44
T 152.176 8 1432 2341 44
T 152.176 1 1422 2347 44
T 152.197 7 1442 2334 44
T 152.197 8 1433 2341 44
T 152.197 1 1423 2347 44
T 152.218 7 1443 2334 44
T 152.218 8 1434 2341 44
T 152.218 1 1424 2347 44
T 152.239 7 1444 2334 44
T 152.239 8 1435 2341 44
T 152.239 1 1425 2347 44
T 152.260 7 1445 2334 44
T 152.261 8 1436 2341 44
T 152.261 1 1426 2347 44
P 152.271 3
F 152.272 3 44
IQ 152.272 3
IS 152.272 3
T 152.282 7 1446 2334 44
T 152.282 8 1437 2341 44
T 152.282 1 1427 2347 44
T 152.303 7 1447 2334 44
T 152.303 8 1438 2341 44
T 152.303 1 1428 2347 44
T 152.324 7 1448 2334 44
T 152.324 8 1439 2341 44
T 152.324 1 1429 2347 44
T 152.345 7 1449 2334 44
T 152.346 8 1440 2341 44
T 152.346 1 1430 2347 44
IE 152.347 2
IR 152.348 2
IA 152.349 2
T 152.367 7 1450 2334 44
T 152.367 8 1441 2341 44
T 152.367 1 1431 2347 44
T 152.432 7 1451 2334 44
T 152.432 8 1442 2341 44
T 152.432 1 1432 2347 44
T 152.439 7 1452 2334 44
T 152.439 8 1443 2341 44
T 152.439 1 1433 2347 44
T 152.439 2 1420 2353 44
T 152.460 8 1444 2341 44
T 152.460 1 1434 2347 44
T 152.460 2 1421 2353 44
T 152.481 8 1445 2341 44
T 152.481 1 1435 2347 44
T 152.481 2 1422 2353 44
T 152.502 8 1446 2341 44
T 152.502 1 1436 2347 44
T 152.503 2 1423 2353 44
P 152.522 4
F 152.523 4 44
IQ 152.523 4
IS 152.524 4
T 152.524 8 1447 2341 44
T 152.525 1 1437 2347 44
T 152.525 2 1424 2353 44
T 152.545 8 1448 2341 44
T 152.545 1 1438 2347 44
T 152.545 2 1425 2353 44
T 152.566 8 1449 2341 44
T 152.566 1 1439 2347 44
T 152.566 2 1426 2353 44
IE 152.584 3
IR 152.585 3
IA 152.586 3
T 152.587 8 1450 2341 44
T 152.588 1 1440 2347 44
T 152.588 2 1427 2353 44
T 152.608 8 1451 2341 44
T 152.609 1 1441 2347 44
T 152.609 2 1428 2353 44
T 152.673 8 1452 2341 44
T 152.674 1 1442 2347 44
T 152.674 2 1429 2353 44
T 152.680 1 1443 2347 44
T 152.680 2 1430 2353 44
T 152.680 3 1420 2359 44
T 152.701 1 1444 2347 44
T 152.701 2 1431 2353 44
T 152.701 3 1421 2359 44
T 152.722 1 1445 2347 44
T 152.722 2 1432 2353 44
T 152.722 3 1422 2359 44
T 152.743 1 1446 2347 44
T 152.743 2 1433 2353 44
T 152.743 3 1423 2359 44
T 152.764 1 1447 2347 44
T 152.764 2 1434 2353 44
T 152.764 3 1424 2359 44
P 152.773 5
F 152.774 5 45
IQ 152.774 5
IS 152.774 5
T 152.785 1 1448 2347 44
T 152.785 2 1435 2353 44
T 152.785 3 1425 2359 44
T 152.806 1 1449 2347 44
T 152.806 2 1436 2353 44
T 152.806 3 1426 2359 44
IE 152.822 4
IR 152.823 4
IA 152.824 4
T 152.827 1 1450 2347 44
T 152.827 2 1437 2353 44
T 152.828 3 1427 2359 44
T 152.848 1 1451 2347 44
T 152.849 2 1438 2353 44
T 152.849 3 1428 2359 44
T 152.914 1 1452 2347 44
T 152.915 2 1439 2353 44
T 152.915 3 1429 2359 44
T 152.921 2 1440 2353 44
T 152.921 3 1430 2359 44
T 152.921 4 1420 2366 44
T 152.941 2 1441 2353 44
T 152.941 3 1431 2359 44
T 152.942 4 1421 2366 44
T 152.962 2 1442 2353 44
T 152.963 3 1432 2359 44
T 152.963 4 1422 2366 44
T 152.984 2 1443 2353 44
T 152.984 3 1433 2359 44
T 152.984 4 1423 2366 44
T 153.005 2 1444 2353 44
T 153.005 3 1434 2359 44
T 153.005 4 1424 2366 44
P 153.023 6
F 153.023 6 45
IQ 153.024 6
IS 153.024 6
T 153.026 2 1445 2353 44
T 153.026 3 1435 2359 44
T 153.026 4 1425 2366 44
T 153.047 2 1446 2353 44
T 153.047 3 1436 2359 44
T 153.047 4 1426 2366 44
IE 153.060 5
IR 153.060 5
IA 153.062 5
T 153.068 2 1447 2353 44
T 153.068 3 1437 2359 44
T 153.069 4 1427 2366 44
T 153.133 2 1448 2353 44
T 153.134 3 1438 2359 44
T 153.134 4 1428 2366 44
T 153.141 2 1449 2353 44
T 153.141 3 1439 2359 44
T 153.141 4 1429 2366 44
T 153.141 5 1453 2375 45
T 153.161 2 1450 2353 44
T 153.161 3 1440 2359 44
T 153.162 4 1430 2366 44
T 153.162 5 1454 2375 45
T 153.183 2 1451 2353 44
T 153.183 3 1441 2359 44
T 153.183 4 1431 2366 44
T 153.183 5 1455 2375 45
T 153.204 2 1452 2353 44
T 153.204 3 1442 2359 44
T 153.204 4 1432 2366 44
T 153.204 5 1456 2375 45
T 153.225 3 1443 2359 44
T 153.225 4 1433 2366 44
T 153.225 5 1457 2375 45
T 153.246 3 1444 2359 44
T 153.246 4 1434 2366 44
T 153.246 5 1458 2375 45
T 153.267 3 1445 2359 44
T 153.267 4 1435 2366 44
T 153.267 5 1459 2375 45
P 153.276 7
F 153.277 7 45
IQ 153.277 7
IS 153.277 7
T 153.288 3 1446 2359 44
T 153.288 4 1436 2366 44
T 153.288 5 1460 2375 45
T 153.309 3 1447 2359 44
T 153.310 4 1437 2366 44
T 153.310 5 1461 2375 45
T 153.331 3 1448 2359 44
T 153.331 4 1438 2366 44
T 153.331 5 1462 2375 45
IE 153.333 6
IR 153.333 6
IA 153.335 6
T 153.352 3 1449 2359 44
T 153.352 4 1439 2366 44
T 153.352 5 1463 2375 45
T 153.417 3 1450 2359 44
T 153.417 4 1440 2366 44
T 153.417 5 1464 2375 45
T 153.424 3 1451 2359 44
T 153.424 4 1441 2366 44
T 153.424 5 1465 2375 45
T 153.424 6 1453 2381 45
T 153.445 3 1452 2359 44
T 153.445 4 1442 2366 44
T 153.445 5 1466 2375 45
T 153.445 6 1454 2381 45
T 153.466 4 1443 2366 44
T 153.466 5 1467 2375 45
T 153.466 6 1455 2381 45
T 153.487 4 1444 2366 44
T 153.487 5 1468 2375 45
T 153.487 6 1456 2381 45
T 153.508 4 1445 2366 44
T 153.508 5 1469 2375 45
T 153.508 6 1457 2381 45
P 153.524 8
F 153.524 8 45
IQ 153.525 8
IS 153.525 8
T 153.529 4 1446 2366 44
T 153.529 5 1470 2375 45
T 153.529 6 1458 2381 45
T 153.550 4 1447 2366 44
T 153.550 5 1471 2375 45
T 153.550 6 1459 2381 45
IE 153.565 7
IR 153.566 7
IA 153.567 7
T 153.572 4 1448 2366 44
T 153.572 5 1472 2375 45
T 153.572 6 1460 2381 45
T 153.637 4 1449 2366 44
T 153.637 5 1473 2375 45
T 153.637 6 1461 2381 45
T 153.644 4 1450 2366 44
T 153.645 5 1474 2375 45
T 153.645 6 1462 2381 45
T 153.645 7 1453 2387 45
T 153.665 4 1451 2366 44
T 153.665 5 1475 2375 45
T 153.665 6 1463 2381 45
T 153.666 7 1454 2387 45
T 153.686 4 1452 2366 44
T 153.686 5 1476 2375 45
T 153.686 6 1464 2381 45
T 153.686 7 1455 2387 45
T 153.707 5 1477 2375 45
T 153.708 6 1465 2381 45
T 153.708 7 1456 2387 45
T 153.729 5 1478 2375 45
T 153.729 6 1466 2381 45
T 153.729 7 1457 2387 45
T 153.749 5 1479 2375 45
T 153.750 6 1467 2381 45
T 153.750 7 1458 2387 45
T 153.771 5 1480 2375 45
T 153.771 6 1468 2381 45
T 153.771 7 1459 2387 45
P 153.774 1
F 153.774 1 45
IQ 153.775 1
IS 153.775 1
T 153.792 5 1481 2375 45
T 153.792 6 1469 2381 45
T 153.793 7 1460 2387 45
IE 153.794 8
IR 153.795 8
IA 153.796 8
T 153.814 5 1482 2375 45
T 153.814 6 1470 2381 45
T 153.814 7 1461 2387 45
T 153.879 5 1483 2375 45
T 153.879 6 1471 2381 45
T 153.879 7 1462 2387 45
T 153.886 5 1484 2375 45
T 153.886 6 1472 2381 45
T 153.886 7 1463 2387 45
T 153.886 8 1453 2394 45
T 153.907 5 1485 2375 45
T 153.907 6 1473 2381 45
T 153.907 7 1464 2387 45
T 153.907 8 1454 2394 45
T 153.928 6 1474 2381 45
T 153.928 7 1465 2387 45
T 153.928 8 1455 2394 45
T 153.949 6 1475 2381 45
T 153.949 7 1466 2387 45
T 153.949 8 1456 2394 45
T 153.970 6 1476 2381 45
T 153.970 7 1467 2387 45
T 153.970 8 1457 2394 45
T 153.991 6 1477 2381 45
T 153.991 7 1468 2387 45
T 153.991 8 1458 2394 45
T 154.012 6 1478 2381 45
T 154.012 7 1469 2387 45
T 154.012 8 1459 2394 45
P 154.025 2
F 154.025 2 45
IQ 154.025 2
IS 154.026 2
T 154.033 6 1479 2381 45
T 154.033 7 1470 2387 45
T 154.034 8 1460 2394 45
T 154.054 6 1480 2381 45
T 154.054 7 1471 2387 45
T 154.054 8 1461 2394 45
IE 154.071 1
IR 154.071 1
IA 154.073 1
T 154.076 6 1481 2381 45
T 154.076 7 1472 2387 45
T 154.076 8 1462 2394 45
T 154.097 6 1482 2381 45
T 154.097 7 1473 2387 45
T 154.097 8 1463 2394 45
T 154.163 6 1483 2381 45
T 154.163 7 1474 2387 45
T 154.163 8 1464 2394 45
T 154.170 6 1484 2381 45
T 154.170 7 1475 2387 45
T 154.170 8 1465 2394 45
T 154.170 1 1453 2400 45
T 154.190 6 1485 2381 45
T 154.191 7 1476 2387 45
T 154.191 8 1466 2394 45
T 154.191 1 1454 2400 45
T 154.211 7 1477 2387 45
T 154.212 8 1467 2394 45
T 154.212 1 1455 2400 45
T 154.233 7 1478 2387 45
T 154.233 8 1468 2394 45
T 154.233 1 1456 2400 45
T 154.254 7 1479 2387 45
T 154.254 8 1469 2394 45
T 154.254 1 1457 2400 45
T 154.275 7 1480 2387 45
T 154.276 8 1470 2394 45
T 154.276 1 1458 2400 45
P 154.276 3
F 154.277 3 45
IQ 154.277 3
IS 154.277 3
T 154.296 7 1481 2387 45
T 154.297 8 1471 2394 45
T 154.297 1 1459 2400 45
IE 154.297 2
IR 154.298 2
IA 154.299 2
T 154.318 7 1482 2387 45
T 154.318 8 1472 2394 45
T 154.318 1 1460 2400 45
T 154.383 7 1483 2387 45
T 154.383 8 1473 2394 45
T 154.383 1 1461 2400 45
T 154.390 7 1484 2387 45
T 154.390 8 1474 2394 45
T 154.390 1 1462 2400 45
T 154.390 2 1453 2406 45
T 154.411 7 1485 2387 45
T 154.411 8 1475 2394 45
T 154.411 1 1463 2400 45
T 154.411 2 1454 2406 45
T 154.432 8 1476 2394 45
T 154.432 1 1464 2400 45
T 154.432 2 1455 2406 45
T 154.453 8 1477 2394 45
T 154.453 1 1465 2400 45
T 154.453 2 1456 2406 45
T 154.474 8 1478 2394 45
T 154.474 1 1466 2400 45
T 154.474 2 1457 2406 45
T 154.495 8 1479 2394 45
T 154.495 1 1467 2400 45
T 154.495 2 1458 2406 45
T 154.516 8 1480 2394 45
T 154.516 1 1468 2400 45
T 154.516 2 1459 2406 45
P 154.526 4
F 154.526 4 45
IQ 154.527 4
IS 154.527 4
T 154.537 8 1481 2394 45
T 154.537 1 1469 2400 45
T 154.537 2 1460 2406 45
T 154.558 8 1482 2394 45
T 154.558 1 1470 2400 45
T 154.558 2 1461 2406 45
IE 154.578 3
IR 154.579 3
IA 154.580 3
T 154.581 8 1483 2394 45
T 154.581 1 1471 2400 45
T 154.582 2 1462 2406 45
T 154.601 8 1484 2394 45
T 154.601 1 1472 2400 45
T 154.601 2 1463 2406 45
T 154.667 8 1485 2394 45
T 154.667 1 1473 2400 45
T 154.667 2 1464 2406 45
T 154.673 1 1474 2400 45
T 154.673 2 1465 2406 45
T 154.673 3 1453 2412 45
T 154.694 1 1475 2400 45
T 154.694 2 1466 2406 45
T 154.694 3 1454 2412 45
T 154.715 1 1476 2400 45
T 154.715 2 1467 2406 45
T 154.715 3 1455 2412 45
T 154.736 1 1477 2400 45
T 154.736 2 1468 2406 45
T 154.736 3 1456 2412 45
T 154.757 1 1478 2400 45
T 154.757 2 1469 2406 45
T 154.757 3 1457 2412 45
T 154.778 1 1479 2400 45
T 154.779 2 1470 2406 45
T 154.779 3 1458 2412 45
P 154.779 5
F 154.779 5 46
IQ 154.779 5
IS 154.780 5
T 154.799 1 1480 2400 45
T 154.799 2 1471 2406 45
T 154.799 3 1459 2412 45
IE 154.805 4
IR 154.806 4
IA 154.808 4
T 154.821 1 1481 2400 45
T 154.821 2 1472 2406 45
T 154.822 3 1460 2412 45
T 154.886 1 1482 2400 45
T 154.886 2 1473 2406 45
T 154.886 3 1461 2412 45
T 154.893 1 1483 2400 45
T 154.893 2 1474 2406 45
T 154.893 3 1462 2412 45
T 154.893 4 1453 2419 45
T 154.914 1 1484 2400 45
T 154.914 2 1475 2406 45
T 154.914 3 1463 2412 45
T 154.914 4 1454 2419 45
T 154.935 1 1485 2400 45
T 154.936 2 1476 2406 45
T 154.936 3 1464 2412 45
T 154.936 4 1455 2419 45
T 154.956 2 1477 2406 45
T 154.956 3 1465 2412 45
T 154.956 4 1456 2419 45
T 154.977 2 1478 2406 45
T 154.977 3 1466 2412 45
T 154.977 4 1457 2419 45
T 154.998 2 1479 2406 45
T 154.998 3 1467 2412 45
T 154.998 4 1458 2419 45
T 155.019 2 1480 2406 45
T 155.019 3 1468 2412 45
T 155.019 4 1459 2419 45
P 155.027 6
F 155.028 6 46
IQ 155.028 6
IS 155.028 6
IE 155.039 5
IR 155.040 5
IA 155.041 5
T 155.042 2 1481 2406 45
T 155.043 3 1469 2412 45
T 155.043 4 1460 2419 45
T 155.062 2 1482 2406 45
T 155.062 3 1470 2412 45
T 155.062 4 1461 2419 45
T 155.127 2 1483 2406 45
T 155.127 3 1471 2412 45
T 155.127 4 1462 2419 45
T 155.135 2 1484 2406 45
T 155.135 3 1472 2412 45
T 155.135 4 1463 2419 45
T 155.135 5 1486 2428 46
T 155.155 2 1485 2406 45
T 155.155 3 1473 2412 45
T 155.156 4 1464 2419 45
T 155.156 5 1487 2428 46
T 155.176 3 1474 2412 45
T 155.177 4 1465 2419 45
T 155.177 5 1488 2428 46
T 155.198 3 1475 2412 45
T 155.198 4 1466 2419 45
T 155.198 5 1489 2428 46
T 155.219 3 1476 2412 45
T 155.219 4 1467 2419 45
T 155.219 5 1490 2428 46
T 155.240 3 1477 2412 45
T 155.240 4 1468 2419 45
T 155.240 5 1491 2428 46
T 155.261 3 1478 2412 45
T 155.261 4 1469 2419 45
T 155.261 5 1492 2428 46
P 155.278 7
F 155.278 7 46
IQ 155.278 7
IS 155.279 7
T 155.282 3 1479 2412 45
T 155.282 4 1470 2419 45
T 155.282 5 1493 2428 46
IE 155.300 6
IR 155.301 6
IA 155.302 6
T 155.304 3 1480 2412 45
T 155.304 4 1471 2419 45
T 155.304 5 1494 2428 46
T 155.325 3 1481 2412 45
T 155.325 4 1472 2419 45
T 155.325 5 1495 2428 46
T 155.391 3 1482 2412 45
T 155.391 4 1473 2419 45
T 155.391 5 1496 2428 46
T 155.397 3 1483 2412 45
T 155.398 4 1474 2419 45
T 155.398 5 1497 2428 46
T 155.398 6 1486 2434 46
T 155.418 3 1484 2412 45
T 155.419 4 1475 2419 45
T 155.419 5 1498 2428 46
T 155.419 6 1487 2434 46
T 155.440 3 1485 2412 45
T 155.440 4 1476 2419 45
T 155.440 5 1499 2428 46
T 155.440 6 1488 2434 46
T 155.461 4 1477 2419 45
T 155.461 5 1500 2428 46
T 155.461 6 1489 2434 46
T 155.482 4 1478 2419 45
T 155.482 5 1501 2428 46
T 155.482 6 1490 2434 46
T 155.503 4 1479 2419 45
T 155.503 5 1502 2428 46
T 155.503 6 1491 2434 46
T 155.524 4 1480 2419 45
T 155.524 5 1503 2428 46
T 155.524 6 1492 2434 46
P 155.528 8
F 155.528 8 46
IQ 155.528 8
IS 155.529 8
IE 155.544 7
IR 155.545 7
IA 155.547 7
T 155.548 4 1481 2419 45
T 155.548 5 1504 2428 46
T 155.548 6 1493 2434 46
T 155.567 4 1482 2419 45
T 155.567 5 1505 2428 46
T 155.567 6 1494 2434 46
T 155.633 4 1483 2419 45
T 155.633 5 1506 2428 46
T 155.633 6 1495 2434 46
T 155.641 4 1484 2419 45
T 155.641 5 1507 2428 46
T 155.641 6 1496 2434 46
T 155.641 7 1486 2440 46
T 155.662 4 1485 2419 45
T 155.662 5 1508 2428 46
T 155.662 6 1497 2434 46
T 155.662 7 1487 2440 46
T 155.683 5 1509 2428 46
T 155.683 6 1498 2434 46
T 155.683 7 1488 2440 46
T 155.704 5 1510 2428 46
T 155.704 6 1499 2434 46
T 155.704 7 1489 2440 46
T 155.725 5 1511 2428 46
T 155.725 6 1500 2434 46
T 155.725 7 1490 2440 46
T 155.746 5 1512 2428 46
T 155.746 6 1501 2434 46
T 155.747 7 1491 2440 46
T 155.767 5 1513 2428 46
T 155.767 6 1502 2434 46
T 155.767 7 1492 2440 46
P 155.778 1
F 155.779 1 46
IQ 155.779 1
IS 155.779 1
T 155.788 5 1514 2428 46
T 155.788 6 1503 2434 46
T 155.788 7 1493 2440 46
T 155.809 5 1515 2428 46
T 155.809 6 1504 2434 46
T 155.809 7 1494 2440 46
IE 155.823 8
IR 155.824 8
IA 155.825 8
T 155.830 5 1516 2428 46
T 155.831 6 1505 2434 46
T 155.831 7 1495 2440 46
T 155.897 5 1517 2428 46
T 155.897 6 1506 2434 46
T 155.897 7 1496 2440 46
T 155.905 5 1518 2428 46
T 155.905 6 1507 2434 46
T 155.905 7 1497 2440 46
T 155.905 8 1486 2447 46
T 155.925 6 1508 2434 46
T 155.925 7 1498 2440 46
T 155.926 8 1487 2447 46
T 155.946 6 1509 2434 46
T 155.947 7 1499 2440 46
T 155.947 8 1488 2447 46
T 155.967 6 1510 2434 46
T 155.967 7 1500 2440 46
T 155.967 8 1489 2447 46
T 155.988 6 1511 2434 46
T 155.988 7 1501 2440 46
T 155.988 8 1490 2447 46
IE 156.010 1
T 156.010 6 1512 2434 46
T 156.010 7 1502 2440 46
T 156.010 8 1491 2447 46
IR 156.010 1
IA 156.012 1
P 156.029 2
F 156.029 2 46
IQ 156.030 2
IS 156.031 2
T 156.031 6 1513 2434 46
T 156.032 7 1503 2440 46
T 156.032 8 1492 2447 46
T 156.097 6 1514 2434 46
T 156.097 7 1504 2440 46
T 156.097 8 1493 2447 46
T 156.104 6 1515 2434 46
T 156.105 7 1505 2440 46
T 156.105 8 1494 2447 46
T 156.105 1 1486 2453 46
T 156.125 6 1516 2434 46
T 156.125 7 1506 2440 46
T 156.126 8 1495 2447 46
T 156.126 1 1487 2453 46
T 156.146 6 1517 2434 46
T 156.146 7 1507 2440 46
T 156.146 8 1496 2447 46
T 156.146 1 1488 2453 46
T 156.167 6 1518 2434 46
T 156.167 7 1508 2440 46
T 156.168 8 1497 2447 46
T 156.168 1 1489 2453 46
T 156.188 7 1509 2440 46
T 156.188 8 1498 2447 46
T 156.189 1 1490 2453 46
T 156.209 7 1510 2440 46
T 156.209 8 1499 2447 46
T 156.210 1 1491 2453 46
T 156.230 7 1511 2440 46
T 156.231 8 1500 2447 46
T 156.231 1 1492 2453 46
T 156.251 7 1512 2440 46
T 156.251 8 1501 2447 46
T 156.252 1 1493 2453 46
T 156.273 7 1513 2440 46
T 156.273 8 1502 2447 46
T 156.273 1 1494 2453 46
P 156.279 3
F 156.280 3 46
IQ 156.280 3
IS 156.281 3
T 156.294 7 1514 2440 46
T 156.294 8 1503 2447 46
T 156.294 1 1495 2453 46
T 156.315 7 1515 2440 46
T 156.315 8 1504 2447 46
T 156.315 1 1496 2453 46
T 156.336 7 1516 2440 46
T 156.336 8 1505 2447 46
T 156.336 1 1497 2453 46
IE 156.337 2
IR 156.337 2
IA 156.338 2
T 156.357 7 1517 2440 46
T 156.357 8 1506 2447 46
T 156.357 1 1498 2453 46
T 156.422 7 1518 2440 46
T 156.422 8 1507 2447 46
T 156.422 1 1499 2453 46
T 156.430 8 1508 2447 46
T 156.430 1 1500 2453 46
T 156.430 2 1486 2459 46
T 156.450 8 1509 2447 46
T 156.450 1 1501 2453 46
T 156.451 2 1487 2459 46
T 156.471 8 1510 2447 46
T 156.472 1 1502 2453 46
T 156.472 2 1488 2459 46
T 156.493 8 1511 2447 46
T 156.493 1 1503 2453 46
T 156.493 2 1489 2459 46
IE 156.504 3
IR 156.505 3
IA 156.506 3
T 156.514 8 1512 2447 46
T 156.514 1 1504 2453 46
T 156.514 2 1490 2459 46
P 156.532 4
F 156.532 4 46
IQ 156.533 4
IS 156.533 4
T 156.581 8 1513 2447 46
T 156.581 1 1505 2453 46
T 156.581 2 1491 2459 46
T 156.587 8 1514 2447 46
T 156.587 1 1506 2453 46
T 156.588 2 1492 2459 46
T 156.588 3 1486 2465 46
T 156.608 8 1515 2447 46
T 156.609 1 1507 2453 46
T 156.609 2 1493 2459 46
T 156.609 3 1487 2465 46
T 156.630 8 1516 2447 46
T 156.630 1 1508 2453 46
T 156.630 2 1494 2459 46
T 156.630 3 1488 2465 46
T 156.651 8 1517 2447 46
T 156.651 1 1509 2453 46
T 156.651 2 1495 2459 46
T 156.651 3 1489 2465 46
T 156.672 8 1518 2447 46
T 156.672 1 1510 2453 46
T 156.672 2 1496 2459 46
T 156.672 3 1490 2465 46
T 156.693 1 1511 2453 46
T 156.693 2 1497 2459 46
T 156.693 3 1491 2465 46
T 156.714 1 1512 2453 46
T 156.714 2 1498 2459 46
T 156.714 3 1492 2465 46
T 156.735 1 1513 2453 46
T 156.735 2 1499 2459 46
T 156.735 3 1493 2465 46
T 156.756 1 1514 2453 46
T 156.756 2 1500 2459 46
T 156.756 3 1494 2465 46
T 156.777 1 1515 2453 46
T 156.777 2 1501 2459 46
T 156.777 3 1495 2465 46
P 156.781 5
F 156.782 5 47
IQ 156.782 5
IS 156.782 5
T 156.798 1 1516 2453 46
T 156.798 2 1502 2459 46
T 156.799 3 1496 2465 46
T 156.820 1 1517 2453 46
T 156.820 2 1503 2459 46
T 156.820 3 1497 2465 46
IE 156.822 4
IR 156.823 4
IA 156.824 4
T 156.841 1 1518 2453 46
T 156.841 2 1504 2459 46
T 156.841 3 1498 2465 46
T 156.906 2 1505 2459 46
T 156.906 3 1499 2465 46
T 156.913 2 1506 2459 46
T 156.914 3 1500 2465 46
T 156.914 4 1486 2472 46
T 156.934 2 1507 2459 46
T 156.934 3 1501 2465 46
T 156.934 4 1487 2472 46
T 156.955 2 1508 2459 46
T 156.955 3 1502 2465 46
T 156.956 4 1488 2472 46
T 156.977 2 1509 2459 46
T 156.977 3 1503 2465 46
T 156.977 4 1489 2472 46
IE 156.978 5
IR 156.979 5
IA 156.980 5
T 156.997 2 1510 2459 46
T 156.997 3 1504 2465 46
T 156.998 4 1490 2472 46
P 157.031 6
F 157.032 6 47
IQ 157.032 6
IS 157.032 6
T 157.063 2 1511 2459 46
T 157.064 3 1505 2465 46
T 157.064 4 1491 2472 46
T 157.070 2 1512 2459 46
T 157.070 3 1506 2465 46
T 157.070 4 1492 2472 46
T 157.070 5 1519 2481 47
T 157.091 2 1513 2459 46
T 157.091 3 1507 2465 46
T 157.091 4 1493 2472 46
T 157.091 5 1520 2481 47
T 157.112 2 1514 2459 46
T 157.112 3 1508 2465 46
T 157.112 4 1494 2472 46
T 157.113 5 1521 2481 47
T 157.133 2 1515 2459 46
T 157.134 3 1509 2465 46
T 157.134 4 1495 2472 46
T 157.134 5 1522 2481 47
T 157.154 2 1516 2459 46
T 157.154 3 1510 2465 46
T 157.154 4 1496 2472 46
T 157.154 5 1523 2481 47
T 157.175 2 1517 2459 46
T 157.176 3 1511 2465 46
T 157.176 4 1497 2472 46
T 157.176 5 1524 2481 47
T 157.196 2 1518 2459 46
T 157.197 3 1512 2465 46
T 157.197 4 1498 2472 46
T 157.197 5 1525 2481 47
T 157.217 3 1513 2465 46
T 157.217 4 1499 2472 46
T 157.218 5 1526 2481 47
T 157.238 3 1514 2465 46
T 157.238 4 1500 2472 46
T 157.239 5 1527 2481 47
T 157.259 3 1515 2465 46
T 157.259 4 1501 2472 46
T 157.260 5 1528 2481 47
T 157.281 3 1516 2465 46
T 157.281 4 1502 2472 46
T 157.281 5 1529 2481 47
P 157.283 7
F 157.284 7 47
IQ 157.284 7
IS 157.284 7
T 157.302 3 1517 2465 46
T 157.302 4 1503 2472 46
T 157.302 5 1530 2481 47
T 157.323 3 1518 2465 46
T 157.323 4 1504 2472 46
T 157.323 5 1531 2481 47
T 157.343 4 1505 2472 46
T 157.344 5 1532 2481 47
IE 157.360 6
IR 157.361 6
IA 157.362 6
T 157.364 4 1506 2472 46
T 157.364 5 1533 2481 47
T 157.385 4 1507 2472 46
T 157.385 5 1534 2481 47
T 157.450 4 1508 2472 46
T 157.450 5 1535 2481 47
T 157.457 4 1509 2472 46
T 157.457 5 1536 2481 47
T 157.458 6 1519 2487 47
T 157.478 4 1510 2472 46
T 157.478 5 1537 2481 47
T 157.478 6 1520 2487 47
T 157.500 4 1511 2472 46
T 157.500 5 1538 2481 47
T 157.500 6 1521 2487 47
IE 157.502 7
IR 157.503 7
IA 157.504 7
T 157.522 4 1512 2472 46
T 157.522 5 1539 2481 47
T 157.522 6 1522 2487 47
P 157.532 8
F 157.532 8 47
IQ 157.533 8
IS 157.533 8
T 157.586 4 1513 2472 46
T 157.586 5 1540 2481 47
T 157.586 6 1523 2487 47
T 157.594 4 1514 2472 46
T 157.594 5 1541 2481 47
T 157.594 6 1524 2487 47
T 157.594 7 1519 2493 47
T 157.615 4 1515 2472 46
T 157.615 5 1542 2481 47
T 157.615 6 1525 2487 47
T 157.615 7 1520 2493 47
T 157.636 4 1516 2472 46
T 157.636 5 1543 2481 47
T 157.636 6 1526 2487 47
T 157.636 7 1521 2493 47
T 157.657 4 1517 2472 46
T 157.657 5 1544 2481 47
T 157.657 6 1527 2487 47
T 157.657 7 1522 2493 47
T 157.678 4 1518 2472 46
T 157.678 5 1545 2481 47
T 157.678 6 1528 2487 47
T 157.678 7 1523 2493 47
T 157.699 5 1546 2481 47
T 157.699 6 1529 2487 47
T 157.699 7 1524 2493 47
T 157.720 5 1547 2481 47
T 157.720 6 1530 2487 47
T 157.720 7 1525 2493 47
T 157.741 5 1548 2481 47
T 157.741 6 1531 2487 47
T 157.741 7 1526 2493 47
T 157.762 5 1549 2481 47
T 157.763 6 1532 2487 47
T 157.763 7 1527 2493 47
P 157.782 1
F 157.783 1 47
IQ 157.783 1
IS 157.784 1
T 157.785 5 1550 2481 47
T 157.785 6 1533 2487 47
T 157.785 7 1528 2493 47
T 157.805 5 1551 2481 47
T 157.805 6 1534 2487 47
T 157.805 7 1529 2493 47
T 157.825 6 1535 2487 47
T 157.825 7 1530 2493 47
IE 157.830 8
IR 157.830 8
IA 157.832 8
T 157.846 6 1536 2487 47
T 157.846 7 1531 2493 47
T 157.911 6 1537 2487 47
T 157.911 7 1532 2493 47
T 157.919 6 1538 2487 47
T 157.919 7 1533 2493 47
T 157.919 8 1519 2500 47
T 157.940 6 1539 2487 47
T 157.940 7 1534 2493 47
T 157.940 8 1520 2500 47
T 157.961 6 1540 2487 47
T 157.961 7 1535 2493 47
T 157.961 8 1521 2500 47
T 157.982 6 1541 2487 47
T 157.982 7 1536 2493 47
T 157.982 8 1522 2500 47
T 158.004 6 1542 2487 47
T 158.004 7 1537 2493 47
T 158.004 8 1523 2500 47
IE 158.006 1
IR 158.006 1
IA 158.007 1
T 158.025 6 1543 2487 47
T 158.025 7 1538 2493 47
T 158.025 8 1524 2500 47
P 158.033 2
F 158.034 2 47
IQ 158.034 2
IS 158.034 2
T 158.091 6 1544 2487 47
T 158.091 7 1539 2493 47
T 158.091 8 1525 2500 47
T 158.098 6 1545 2487 47
T 158.098 7 1540 2493 47
T 158.099 8 1526 2500 47
T 158.099 1 1519 2506 47
T 158.120 6 1546 2487 47
T 158.120 7 1541 2493 47
T 158.120 8 1527 2500 47
T 158.120 1 1520 2506 47
T 158.141 6 1547 2487 47
T 158.141 7 1542 2493 47
T 158.141 8 1528 2500 47
T 158.141 1 1521 2506 47
T 158.162 6 1548 2487 47
T 158.162 7 1543 2493 47
T 158.162 8 1529 2500 47
T 158.162 1 1522 2506 47
T 158.183 6 1549 2487 47
T 158.183 7 1544 2493 47
T 158.183 8 1530 2500 47
T 158.183 1 1523 2506 47
T 158.204 6 1550 2487 47
T 158.204 7 1545 2493 47
T 158.204 8 1531 2500 47
T 158.205 1 1524 2506 47
T 158.225 6 1551 2487 47
T 158.225 7 1546 2493 47
T 158.225 8 1532 2500 47
T 158.225 1 1525 2506 47
T 158.246 7 1547 2493 47
T 158.246 8 1533 2500 47
T 158.246 1 1526 2506 47
T 158.267 7 1548 2493 47
T 158.267 8 1534 2500 47
T 158.268 1 1527 2506 47
P 158.284 3
F 158.284 3 47
IQ 158.285 3
IS 158.285 3
T 158.289 7 1549 2493 47
T 158.289 8 1535 2500 47
T 158.289 1 1528 2506 47
T 158.310 7 1550 2493 47
T 158.310 8 1536 2500 47
T 158.310 1 1529 2506 47
T 158.331 7 1551 2493 47
T 158.331 8 1537 2500 47
T 158.331 1 1530 2506 47
IE 158.345 2
IR 158.345 2
IA 158.346 2
T 158.352 8 1538 2500 47
T 158.352 1 1531 2506 47
T 158.416 8 1539 2500 47
T 158.416 1 1532 2506 47
T 158.424 8 1540 2500 47
T 158.424 1 1533 2506 47
T 158.424 2 1519 2512 47
T 158.445 8 1541 2500 47
T 158.445 1 1534 2506 47
T 158.445 2 1520 2512 47
T 158.466 8 1542 2500 47
T 158.466 1 1535 2506 47
T 158.466 2 1521 2512 47
T 158.487 8 1543 2500 47
T 158.487 1 1536 2506 47
T 158.487 2 1522 2512 47
T 158.508 8 1544 2500 47
T 158.508 1 1537 2506 47
T 158.508 2 1523 2512 47
IE 158.518 3
IR 158.518 3
IA 158.519 3
T 158.530 8 1545 2500 47
T 158.530 1 1538 2506 47
T 158.530 2 1524 2512 47
P 158.535 4
F 158.535 4 47
IQ 158.536 4
IS 158.536 4
T 158.595 8 1546 2500 47
T 158.595 1 1539 2506 47
T 158.595 2 1525 2512 47
T 158.603 8 1547 2500 47
T 158.603 1 1540 2506 47
T 158.603 2 1526 2512 47
T 158.603 3 1519 2518 47
T 158.624 8 1548 2500 47
T 158.624 1 1541 2506 47
T 158.624 2 1527 2512 47
T 158.625 3 1520 2518 47
T 158.645 8 1549 2500 47
T 158.645 1 1542 2506 47
T 158.646 2 1528 2512 47
T 158.646 3 1521 2518 47
T 158.666 8 1550 2500 47
T 158.666 1 1543 2506 47
T 158.666 2 1529 2512 47
T 158.667 3 1522 2518 47
T 158.687 8 1551 2500 47
T 158.687 1 1544 2506 47
T 158.687 2 1530 2512 47
T 158.687 3 1523 2518 47
T 158.708 1 1545 2506 47
T 158.708 2 1531 2512 47
T 158.708 3 1524 2518 47
T 158.729 1 1546 2506 47
T 158.729 2 1532 2512 47
T 158.729 3 1525 2518 47
T 158.750 1 1547 2506 47
T 158.750 2 1533 2512 47
T 158.751 3 1526 2518 47
T 158.771 1 1548 2506 47
T 158.771 2 1534 2512 47
T 158.772 3 1527 2518 47
P 158.785 5
F 158.786 5 48
IQ 158.786 5
IS 158.786 5
T 158.793 1 1549 2506 47
T 158.793 2 1535 2512 47
T 158.793 3 1528 2518 47
IE 158.808 4
IR 158.808 4
IA 158.810 4
T 158.814 1 1550 2506 47
T 158.814 2 1536 2512 47
T 158.814 3 1529 2518 47
T 158.880 1 1551 2506 47
T 158.880 2 1537 2512 47
T 158.880 3 1530 2518 47
T 158.887 2 1538 2512 47
T 158.887 3 1531 2518 47
T 158.887 4 1519 2525 47
T 158.908 2 1539 2512 47
T 158.908 3 1532 2518 47
T 158.908 4 1520 2525 47
T 158.929 2 1540 2512 47
T 158.929 3 1533 2518 47
T 158.929 4 1521 2525 47
T 158.950 2 1541 2512 47
T 158.950 3 1534 2518 47
T 158.950 4 1522 2525 47
T 158.971 2 1542 2512 47
T 158.971 3 1535 2518 47
T 158.971 4 1523 2525 47
T 158.992 2 1543 2512 47
T 158.992 3 1536 2518 47
T 158.992 4 1524 2525 47
T 159.013 2 1544 2512 47
T 159.013 3 1537 2518 47
T 159.013 4 1525 2525 47
IE 159.015 5
IR 159.015 5
IA 159.016 5
T 159.034 2 1545 2512 47
T 159.034 3 1538 2518 47
T 159.035 4 1526 2525 47
P 159.036 6
F 159.036 6 48
IQ 159.037 6
IS 159.037 6
T 159.100 2 1546 2512 47
T 159.100 3 1539 2518 47
T 159.100 4 1527 2525 47
T 159.107 2 1547 2512 47
T 159.107 3 1540 2518 47
T 159.107 4 1528 2525 47
T 159.107 5 1552 2534 48
T 159.128 2 1548 2512 47
T 159.128 3 1541 2518 47
T 159.128 4 1529 2525 47
T 159.128 5 1553 2534 48
T 159.149 2 1549 2512 47
T 159.149 3 1542 2518 47
T 159.149 4 1530 2525 47
T 159.149 5 1554 2534 48
T 159.171 2 1550 2512 47
T 159.171 3 1543 2518 47
T 159.171 4 1531 2525 47
T 159.171 5 1555 2534 48
T 159.192 2 1551 2512 47
T 159.192 3 1544 2518 47
T 159.192 4 1532 2525 47
T 159.192 5 1556 2534 48
T 159.213 3 1545 2518 47
T 159.213 4 1533 2525 47
T 159.213 5 1557 2534 48
T 159.234 3 1546 2518 47
T 159.234 4 1534 2525 47
T 159.234 5 1558 2534 48
T 159.255 3 1547 2518 47
T 159.255 4 1535 2525 47
T 159.255 5 1559 2534 48
T 159.276 3 1548 2518 47
T 159.276 4 1536 2525 47
T 159.276 5 1560 2534 48
P 159.287 7
F 159.288 7 48
IQ 159.288 7
IS 159.288 7
IE 159.291 6
IR 159.291 6
IA 159.293 6
T 159.298 3 1549 2518 47
T 159.298 4 1537 2525 47
T 159.298 5 1561 2534 48
T 159.364 3 1550 2518 47
T 159.364 4 1538 2525 47
T 159.364 5 1562 2534 48
T 159.371 3 1551 2518 47
T 159.372 4 1539 2525 47
T 159.372 5 1563 2534 48
T 159.372 6 1552 2540 48
T 159.392 4 1540 2525 47
T 159.392 5 1564 2534 48
T 159.392 6 1553 2540 48
T 159.413 4 1541 2525 47
T 159.414 5 1565 2534 48
T 159.414 6 1554 2540 48
T 159.435 4 1542 2525 47
T 159.435 5 1566 2534 48
T 159.435 6 1555 2540 48
T 159.456 4 1543 2525 47
T 159.456 5 1567 2534 48
T 159.456 6 1556 2540 48
T 159.477 4 1544 2525 47
T 159.477 5 1568 2534 48
T 159.477 6 1557 2540 48
T 159.498 4 1545 2525 47
T 159.498 5 1569 2534 48
T 159.498 6 1558 2540 48
T 159.519 4 1546 2525 47
T 159.519 5 1570 2534 48
T 159.519 6 1559 2540 48
P 159.537 8
F 159.538 8 48
IQ 159.538 8
IS 159.538 8
T 159.540 4 1547 2525 47
T 159.541 5 1571 2534 48
T 159.541 6 1560 2540 48
T 159.561 4 1548 2525 47
T 159.561 5 1572 2534 48
T 159.561 6 1561 2540 48
IE 159.578 7
IR 159.578 7
IA 159.580 7
T 159.582 4 1549 2525 47
T 159.582 5 1573 2534 48
T 159.582 6 1562 2540 48
T 159.604 4 1550 2525 47
T 159.604 5 1574 2534 48
T 159.604 6 1563 2540 48
T 159.670 4 1551 2525 47
T 159.670 5 1575 2534 48
T 159.670 6 1564 2540 48
T 159.677 5 1576 2534 48
T 159.677 6 1565 2540 48
T 159.677 7 1552 2546 48
T 159.698 5 1577 2534 48
T 159.698 6 1566 2540 48
T 159.698 7 1553 2546 48
T 159.719 5 1578 2534 48
T 159.719 6 1567 2540 48
T 159.719 7 1554 2546 48
T 159.740 5 1579 2534 48
T 159.740 6 1568 2540 48
T 159.740 7 1555 2546 48
T 159.761 5 1580 2534 48
T 159.761 6 1569 2540 48
T 159.761 7 1556 2546 48
T 159.782 5 1581 2534 48
T 159.783 6 1570 2540 48
T 159.783 7 1557 2546 48
P 159.787 1
F 159.787 1 48
IQ 159.787 1
IS 159.788 1
T 159.804 5 1582 2534 48
T 159.804 6 1571 2540 48
T 159.804 7 1558 2546 48
T 159.825 5 1583 2534 48
T 159.825 6 1572 2540 48
T 159.825 7 1559 2546 48
IE 159.841 8
IR 159.842 8
IA 159.843 8
T 159.846 5 1584 2534 48
T 159.846 6 1573 2540 48
T 159.847 7 1560 2546 48
T 159.867 6 1574 2540 48
T 159.867 7 1561 2546 48
T 159.933 6 1575 2540 48
T 159.934 7 1562 2546 48
T 159.941 6 1576 2540 48
T 159.942 7 1563 2546 48
T 159.942 8 1552 2553 48
T 159.962 6 1577 2540 48
T 159.962 7 1564 2546 48
T 159.962 8 1553 2553 48
T 159.983 6 1578 2540 48
T 159.983 7 1565 2546 48
T 159.983 8 1554 2553 48
T 160.003 6 1579 2540 48
T 160.004 7 1566 2546 48
T 160.004 8 1555 2553 48
T 160.025 6 1580 2540 48
T 160.025 7 1567 2546 48
T 160.025 8 1556 2553 48
P 160.038 2
F 160.038 2 48
IQ 160.039 2
IS 160.039 2
T 160.046 6 1581 2540 48
T 160.046 7 1568 2546 48
T 160.046 8 1557 2553 48
IE 160.052 1
IR 160.053 1
IA 160.054 1
T 160.067 6 1582 2540 48
T 160.067 7 1569 2546 48
T 160.067 8 1558 2553 48
T 160.132 6 1583 2540 48
T 160.132 7 1570 2546 48
T 160.132 8 1559 2553 48
T 160.140 6 1584 2540 48
T 160.140 7 1571 2546 48
T 160.140 8 1560 2553 48
T 160.140 1 1552 2559 48
T 160.161 7 1572 2546 48
T 160.161 8 1561 2553 48
T 160.161 1 1553 2559 48
T 160.182 7 1573 2546 48
T 160.182 8 1562 2553 48
T 160.182 1 1554 2559 48
T 160.203 7 1574 2546 48
T 160.203 8 1563 2553 48
T 160.203 1 1555 2559 48
T 160.224 7 1575 2546 48
T 160.224 8 1564 2553 48
T 160.224 1 1556 2559 48
T 160.245 7 1576 2546 48
T 160.245 8 1565 2553 48
T 160.246 1 1557 2559 48
T 160.267 7 1577 2546 48
T 160.267 8 1566 2553 48
T 160.267 1 1558 2559 48
IE 160.272 2
IR 160.272 2
IA 160.273 2
T 160.288 7 1578 2546 48
T 160.288 8 1567 2553 48
T 160.289 1 1559 2559 48
P 160.290 3
F 160.290 3 48
IQ 160.291 3
IS 160.291 3
T 160.354 7 1579 2546 48
T 160.354 8 1568 2553 48
T 160.354 1 1560 2559 48
T 160.361 7 1580 2546 48
T 160.361 8 1569 2553 48
T 160.361 1 1561 2559 48
T 160.361 2 1552 2565 48
T 160.382 7 1581 2546 48
T 160.382 8 1570 2553 48
T 160.382 1 1562 2559 48
T 160.382 2 1553 2565 48
T 160.403 7 1582 2546 48
T 160.403 8 1571 2553 48
T 160.403 1 1563 2559 48
T 160.404 2 1554 2565 48
T 160.425 7 1583 2546 48
T 160.425 8 1572 2553 48
T 160.425 1 1564 2559 48
T 160.425 2 1555 2565 48
T 160.445 7 1584 2546 48
T 160.446 8 1573 2553 48
T 160.446 1 1565 2559 48
T 160.446 2 1556 2565 48
T 160.467 8 1574 2553 48
T 160.467 1 1566 2559 48
T 160.467 2 1557 2565 48
T 160.488 8 1575 2553 48
T 160.488 1 1567 2559 48
T 160.488 2 1558 2565 48
T 160.509 8 1576 2553 48
T 160.509 1 1568 2559 48
T 160.509 2 1559 2565 48
T 160.530 8 1577 2553 48
T 160.530 1 1569 2559 48
T 160.530 2 1560 2565 48
P 160.538 4
F 160.539 4 48
IQ 160.539 4
IS 160.540 4
T 160.551 8 1578 2553 48
T 160.552 1 1570 2559 48
T 160.552 2 1561 2565 48
IE 160.569 3
IR 160.570 3
IA 160.571 3
T 160.573 8 1579 2553 48
T 160.573 1 1571 2559 48
T 160.573 2 1562 2565 48
T 160.594 8 1580 2553 48
T 160.594 1 1572 2559 48
T 160.594 2 1563 2565 48
T 160.659 8 1581 2553 48
T 160.659 1 1573 2559 48
T 160.659 2 1564 2565 48
T 160.667 8 1582 2553 48
T 160.667 1 1574 2559 48
T 160.667 2 1565 2565 48
T 160.667 3 1552 2571 48
T 160.688 8 1583 2553 48
T 160.688 1 1575 2559 48
T 160.688 2 1566 2565 48
T 160.688 3 1553 2571 48
T 160.709 8 1584 2553 48
T 160.709 1 1576 2559 48
T 160.709 2 1567 2565 48
T 160.709 3 1554 2571 48
T 160.730 1 1577 2559 48
T 160.730 2 1568 2565 48
T 160.730 3 1555 2571 48
T 160.751 1 1578 2559 48
T 160.751 2 1569 2565 48
T 160.752 3 1556 2571 48
T 160.773 1 1579 2559 48
T 160.773 2 1570 2565 48
T 160.773 3 1557 2571 48
IE 160.783 4
IR 160.786 4
IA 160.787 4
P 160.789 5
F 160.789 5 49
IQ 160.789 5
IS 160.790 5
T 160.794 1 1580 2559 48
T 160.794 2 1571 2565 48
T 160.794 3 1558 2571 48
T 160.859 1 1581 2559 48
T 160.859 2 1572 2565 48
T 160.859 3 1559 2571 48
T 160.867 1 1582 2559 48
T 160.867 2 1573 2565 48
T 160.867 3 1560 2571 48
T 160.867 4 1552 2578 48
T 160.888 1 1583 2559 48
T 160.888 2 1574 2565 48
T 160.888 3 1561 2571 48
T 160.888 4 1553 2578 48
T 160.909 1 1584 2559 48
T 160.909 2 1575 2565 48
T 160.909 3 1562 2571 48
T 160.909 4 1554 2578 48
T 160.930 2 1576 2565 48
T 160.930 3 1563 2571 48
T 160.930 4 1555 2578 48
T 160.951 2 1577 2565 48
T 160.951 3 1564 2571 48
T 160.951 4 1556 2578 48
T 160.972 2 1578 2565 48
T 160.972 3 1565 2571 48
T 160.972 4 1557 2578 48
T 160.993 2 1579 2565 48
T 160.993 3 1566 2571 48
T 160.993 4 1558 2578 48
T 161.014 2 1580 2565 48
T 161.014 3 1567 2571 48
T 161.015 4 1559 2578 48
T 161.036 2 1581 2565 48
T 161.036 3 1568 2571 48
T 161.036 4 1560 2578 48
P 161.039 6
F 161.040 6 49
IQ 161.040 6
IS 161.041 6
T 161.057 2 1582 2565 48
T 161.057 3 1569 2571 48
T 161.057 4 1561 2578 48
IE 161.070 5
IR 161.071 5
IA 161.073 5
T 161.079 2 1583 2565 48
T 161.079 3 1570 2571 48
T 161.079 4 1562 2578 48
T 161.143 2 1584 2565 48
T 161.143 3 1571 2571 48
T 161.143 4 1563 2578 48
T 161.151 3 1572 2571 48
T 161.151 4 1564 2578 48
T 161.151 5 1585 2587 49
T 161.172 3 1573 2571 48
T 161.172 4 1565 2578 48
T 161.172 5 1586 2587 49
T 161.193 3 1574 2571 48
T 161.193 4 1566 2578 48
T 161.193 5 1587 2587 49
T 161.214 3 1575 2571 48
T 161.214 4 1567 2578 48
T 161.214 5 1588 2587 49
T 161.235 3 1576 2571 48
T 161.235 4 1568 2578 48
T 161.235 5 1589 2587 49
T 161.256 3 1577 2571 48
T 161.256 4 1569 2578 48
T 161.256 5 1590 2587 49
IE 161.274 6
IR 161.277 6
IA 161.278 6
T 161.280 3 1578 2571 48
T 161.280 4 1570 2578 48
T 161.280 5 1591 2587 49
P 161.290 7
F 161.290 7 49
IQ 161.291 7
IS 161.291 7
T 161.299 3 1579 2571 48
T 161.299 4 1571 2578 48
T 161.299 5 1592 2587 49
T 161.363 3 1580 2571 48
T 161.363 4 1572 2578 48
T 161.363 5 1593 2587 49
T 161.371 3 1581 2571 48
T 161.371 4 1573 2578 48
T 161.371 5 1594 2587 49
T 161.371 6 1585 2593 49
T 161.392 3 1582 2571 48
T 161.392 4 1574 2578 48
T 161.392 5 1595 2587 49
T 161.393 6 1586 2593 49
T 161.414 3 1583 2571 48
T 161.414 4 1575 2578 48
T 161.414 5 1596 2587 49
T 161.414 6 1587 2593 49
T 161.434 3 1584 2571 48
T 161.435 4 1576 2578 48
T 161.435 5 1597 2587 49
T 161.435 6 1588 2593 49
T 161.456 4 1577 2578 48
T 161.456 5 1598 2587 49
T 161.456 6 1589 2593 49
T 161.477 4 1578 2578 48
T 161.477 5 1599 2587 49
T 161.477 6 1590 2593 49
T 161.498 4 1579 2578 48
T 161.498 5 1600 2587 49
T 161.498 6 1591 2593 49
T 161.519 4 1580 2578 48
T 161.519 5 1601 2587 49
T 161.519 6 1592 2593 49
T 161.541 4 1581 2578 48
T 161.541 5 1602 2587 49
T 161.541 6 1593 2593 49
P 161.542 8
F 161.542 8 49
IQ 161.542 8
IS 161.543 8
T 161.561 4 1582 2578 48
T 161.562 5 1603 2587 49
T 161.562 6 1594 2593 49
T 161.582 4 1583 2578 48
T 161.583 5 1604 2587 49
T 161.583 6 1595 2593 49
IE 161.591 7
IR 161.591 7
IA 161.593 7
T 161.604 4 1584 2578 48
T 161.604 5 1605 2587 49
T 161.604 6 1596 2593 49
T 161.669 5 1606 2587 49
T 161.669 6 1597 2593 49
T 161.677 5 1607 2587 49
T 161.677 6 1598 2593 49
T 161.677 7 1585 2599 49
T 161.698 5 1608 2587 49
T 161.698 6 1599 2593 49
T 161.698 7 1586 2599 49
T 161.719 5 1609 2587 49
T 161.719 6 1600 2593 49
T 161.719 7 1587 2599 49
T 161.740 5 1610 2587 49
T 161.740 6 1601 2593 49
T 161.740 7 1588 2599 49
T 161.761 5 1611 2587 49
T 161.761 6 1602 2593 49
T 161.762 7 1589 2599 49
IE 161.773 8
IR 161.774 8
IA 161.775 8
T 161.783 5 1612 2587 49
T 161.783 6 1603 2593 49
T 161.783 7 1590 2599 49
P 161.790 1
F 161.791 1 49
IQ 161.791 1
IS 161.792 1
T 161.849 5 1613 2587 49
T 161.849 6 1604 2593 49
T 161.849 7 1591 2599 49
T 161.856 5 1614 2587 49
T 161.856 6 1605 2593 49
T 161.857 7 1592 2599 49
T 161.857 8 1585 2606 49
T 161.878 5 1615 2587 49
T 161.878 6 1606 2593 49
T 161.878 7 1593 2599 49
T 161.878 8 1586 2606 49
T 161.899 5 1616 2587 49
T 161.899 6 1607 2593 49
T 161.899 7 1594 2599 49
T 161.899 8 1587 2606 49
T 161.920 5 1617 2587 49
T 161.920 6 1608 2593 49
T 161.920 7 1595 2599 49
T 161.920 8 1588 2606 49
T 161.941 6 1609 2593 49
T 161.941 7 1596 2599 49
T 161.941 8 1589 2606 49
T 161.962 6 1610 2593 49
T 161.962 7 1597 2599 49
T 161.962 8 1590 2606 49
T 161.983 6 1611 2593 49
T 161.983 7 1598 2599 49
T 161.983 8 1591 2606 49
T 162.004 6 1612 2593 49
T 162.004 7 1599 2599 49
T 162.004 8 1592 2606 49
T 162.025 6 1613 2593 49
T 162.025 7 1600 2599 49
T 162.026 8 1593 2606 49
P 162.041 2
F 162.042 2 49
IQ 162.042 2
IS 162.042 2
T 162.047 6 1614 2593 49
T 162.047 7 1601 2599 49
T 162.047 8 1594 2606 49
T 162.068 6 1615 2593 49
T 162.068 7 1602 2599 49
T 162.068 8 1595 2606 49
T 162.089 6 1616 2593 49
T 162.089 7 1603 2599 49
T 162.089 8 1596 2606 49
T 162.110 6 1617 2593 49
T 162.110 7 1604 2599 49
T 162.111 8 1597 2606 49
IE 162.118 1
IR 162.118 1
IA 162.120 1
T 162.131 7 1605 2599 49
T 162.131 8 1598 2606 49
T 162.195 7 1606 2599 49
T 162.196 8 1599 2606 49
T 162.203 7 1607 2599 49
T 162.204 8 1600 2606 49
T 162.204 1 1585 2612 49
T 162.224 7 1608 2599 49
T 162.224 8 1601 2606 49
T 162.225 1 1586 2612 49
T 162.246 7 1609 2599 49
T 162.246 8 1602 2606 49
T 162.246 1 1587 2612 49
T 162.266 7 1610 2599 49
T 162.266 8 1603 2606 49
T 162.266 1 1588 2612 49
T 162.287 7 1611 2599 49
T 162.288 8 1604 2606 49
T 162.289 1 1589 2612 49
P 162.292 3
F 162.292 3 49
IQ 162.293 3
IS 162.293 3
IE 162.296 2
IR 162.296 2
IA 162.298 2
T 162.309 7 1612 2599 49
T 162.309 8 1605 2606 49
T 162.309 1 1590 2612 49
T 162.375 7 1613 2599 49
T 162.375 8 1606 2606 49
T 162.375 1 1591 2612 49
T 162.383 7 1614 2599 49
T 162.383 8 1607 2606 49
T 162.383 1 1592 2612 49
T 162.383 2 1585 2618 49
T 162.404 7 1615 2599 49
T 162.404 8 1608 2606 49
T 162.404 1 1593 2612 49
T 162.404 2 1586 2618 49
T 162.425 7 1616 2599 49
T 162.425 8 1609 2606 49
T 162.425 1 1594 2612 49
T 162.425 2 1587 2618 49
T 162.446 7 1617 2599 49
T 162.446 8 1610 2606 49
T 162.446 1 1595 2612 49
T 162.446 2 1588 2618 49
T 162.467 8 1611 2606 49
T 162.467 1 1596 2612 49
T 162.467 2 1589 2618 49
T 162.488 8 1612 2606 49
T 162.488 1 1597 2612 49
T 162.488 2 1590 2618 49
T 162.509 8 1613 2606 49
T 162.509 1 1598 2612 49
T 162.509 2 1591 2618 49
T 162.530 8 1614 2606 49
T 162.530 1 1599 2612 49
T 162.530 2 1592 2618 49
P 162.542 4
F 162.543 4 49
IQ 162.543 4
IS 162.544 4
T 162.552 8 1615 2606 49
T 162.552 1 1600 2612 49
T 162.552 2 1593 2618 49
IE 162.555 3
IR 162.555 3
IA 162.557 3
T 162.572 8 1616 2606 49
T 162.573 1 1601 2612 49
T 162.573 2 1594 2618 49
T 162.638 8 1617 2606 49
T 162.638 1 1602 2612 49
T 162.638 2 1595 2618 49
T 162.646 1 1603 2612 49
T 162.646 2 1596 2618 49
T 162.646 3 1585 2624 49
T 162.667 1 1604 2612 49
T 162.667 2 1597 2618 49
T 162.667 3 1586 2624 49
T 162.688 1 1605 2612 49
T 162.688 2 1598 2618 49
T 162.688 3 1587 2624 49
T 162.709 1 1606 2612 49
T 162.709 2 1599 2618 49
T 162.709 3 1588 2624 49
T 162.730 1 1607 2612 49
T 162.730 2 1600 2618 49
T 162.730 3 1589 2624 49
T 162.751 1 1608 2612 49
T 162.751 2 1601 2618 49
T 162.751 3 1590 2624 49
T 162.772 1 1609 2612 49
T 162.772 2 1602 2618 49
T 162.772 3 1591 2624 49
T 162.793 1 1610 2612 49
T 162.794 2 1603 2618 49
T 162.794 3 1592 2624 49
P 162.794 5
F 162.794 5 50
IQ 162.795 5
IS 162.795 5
T 162.814 1 1611 2612 49
T 162.814 2 1604 2618 49
T 162.814 3 1593 2624 49
T 162.835 1 1612 2612 49
T 162.836 2 1605 2618 49
T 162.836 3 1594 2624 49
IE 162.852 4
IR 162.852 4
IA 162.853 4
T 162.857 1 1613 2612 49
T 162.857 2 1606 2618 49
T 162.857 3 1595 2624 49
T 162.924 1 1614 2612 49
T 162.924 2 1607 2618 49
T 162.924 3 1596 2624 49
T 162.931 1 1615 2612 49
T 162.931 2 1608 2618 49
T 162.931 3 1597 2624 49
T 162.932 4 1585 2631 49
T 162.952 1 1616 2612 49
T 162.952 2 1609 2618 49
T 162.952 3 1598 2624 49
T 162.952 4 1586 2631 49
T 162.973 1 1617 2612 49
T 162.974 2 1610 2618 49
T 162.974 3 1599 2624 49
T 162.974 4 1587 2631 49
T 162.995 2 1611 2618 49
T 162.995 3 1600 2624 49
T 162.995 4 1588 2631 49
T 163.016 2 1612 2618 49
T 163.016 3 1601 2624 49
T 163.016 4 1589 2631 49
T 163.037 2 1613 2618 49
T 163.037 3 1602 2624 49
T 163.037 4 1590 2631 49
P 163.044 6
F 163.044 6 50
IQ 163.044 6
IS 163.045 6
IE 163.048 5
IR 163.049 5
IA 163.050 5
T 163.058 2 1614 2618 49
T 163.058 3 1603 2624 49
T 163.058 4 1591 2631 49
T 163.124 2 1615 2618 49
T 163.124 3 1604 2624 49
T 163.124 4 1592 2631 49
T 163.132 2 1616 2618 49
T 163.132 3 1605 2624 49
T 163.132 4 1593 2631 49
T 163.132 5 1618 2640 50
T 163.153 2 1617 2618 49
T 163.153 3 1606 2624 49
T 163.153 4 1594 2631 49
T 163.153 5 1619 2640 50
T 163.174 3 1607 2624 49
T 163.174 4 1595 2631 49
T 163.174 5 1620 2640 50
T 163.195 3 1608 2624 49
T 163.195 4 1596 2631 49
T 163.195 5 1621 2640 50
T 163.216 3 1609 2624 49
T 163.216 4 1597 2631 49
T 163.216 5 1622 2640 50
T 163.237 3 1610 2624 49
T 163.237 4 1598 2631 49
T 163.237 5 1623 2640 50
T 163.258 3 1611 2624 49
T 163.258 4 1599 2631 49
T 163.258 5 1624 2640 50
T 163.279 3 1612 2624 49
T 163.279 4 1600 2631 49
T 163.280 5 1625 2640 50
P 163.295 7
F 163.296 7 50
IQ 163.296 7
IS 163.296 7
T 163.301 3 1613 2624 49
T 163.301 4 1601 2631 49
T 163.301 5 1626 2640 50
IE 163.304 6
IR 163.305 6
IA 163.306 6
T 163.322 3 1614 2624 49
T 163.322 4 1602 2631 49
T 163.322 5 1627 2640 50
T 163.388 3 1615 2624 49
T 163.388 4 1603 2631 49
T 163.388 5 1628 2640 50
T 163.396 3 1616 2624 49
T 163.396 4 1604 2631 49
T 163.396 5 1629 2640 50
T 163.396 6 1618 2646 50
T 163.417 3 1617 2624 49
T 163.417 4 1605 2631 49
T 163.417 5 1630 2640 50
T 163.417 6 1619 2646 50
T 163.438 4 1606 2631 49
T 163.438 5 1631 2640 50
T 163.438 6 1620 2646 50
T 163.459 4 1607 2631 49
T 163.459 5 1632 2640 50
T 163.459 6 1621 2646 50
T 163.480 4 1608 2631 49
T 163.480 5 1633 2640 50
T 163.480 6 1622 2646 50
T 163.501 4 1609 2631 49
T 163.501 5 1634 2640 50
T 163.501 6 1623 2646 50
T 163.522 4 1610 2631 49
T 163.522 5 1635 2640 50
T 163.522 6 1624 2646 50
T 163.543 4 1611 2631 49
T 163.543 5 1636 2640 50
T 163.543 6 1625 2646 50
P 163.545 8
F 163.546 8 50
IQ 163.546 8
IS 163.546 8
T 163.564 4 1612 2631 49
T 163.564 5 1637 2640 50
T 163.565 6 1626 2646 50
T 163.585 4 1613 2631 49
T 163.586 5 1638 2640 50
T 163.586 6 1627 2646 50
IE 163.588 7
IR 163.589 7
IA 163.590 7
T 163.607 4 1614 2631 49
T 163.607 5 1639 2640 50
T 163.607 6 1628 2646 50
T 163.673 4 1615 2631 49
T 163.673 5 1640 2640 50
T 163.673 6 1629 2646 50
T 163.681 4 1616 2631 49
T 163.681 5 1641 2640 50
T 163.681 6 1630 2646 50
T 163.681 7 1618 2652 50
T 163.702 4 1617 2631 49
T 163.702 5 1642 2640 50
T 163.702 6 1631 2646 50
T 163.702 7 1619 2652 50
T 163.723 5 1643 2640 50
T 163.723 6 1632 2646 50
T 163.723 7 1620 2652 50
T 163.744 5 1644 2640 50
T 163.744 6 1633 2646 50
T 163.744 7 1621 2652 50
T 163.765 5 1645 2640 50
T 163.765 6 1634 2646 50
T 163.766 7 1622 2652 50
IE 163.771 8
IR 163.771 8
IA 163.773 8
T 163.787 5 1646 2640 50
T 163.787 6 1635 2646 50
T 163.787 7 1623 2652 50
P 163.796 1
F 163.796 1 50
IQ 163.796 1
IS 163.797 1
T 163.853 5 1647 2640 50
T 163.853 6 1636 2646 50
T 163.853 7 1624 2652 50
T 163.862 5 1648 2640 50
T 163.862 6 1637 2646 50
T 163.862 7 1625 2652 50
T 163.862 8 1618 2659 50
T 163.883 5 1649 2640 50
T 163.883 6 1638 2646 50
T 163.883 7 1626 2652 50
T 163.883 8 1619 2659 50
T 163.904 5 1650 2640 50
T 163.904 6 1639 2646 50
T 163.904 7 1627 2652 50
T 163.904 8 1620 2659 50
T 163.925 6 1640 2646 50
T 163.925 7 1628 2652 50
T 163.925 8 1621 2659 50
T 163.946 6 1641 2646 50
T 163.946 7 1629 2652 50
T 163.946 8 1622 2659 50
T 163.967 6 1642 2646 50
T 163.967 7 1630 2652 50
T 163.967 8 1623 2659 50
T 163.988 6 1643 2646 50
T 163.988 7 1631 2652 50
T 163.988 8 1624 2659 50
T 164.009 6 1644 2646 50
T 164.009 7 1632 2652 50
T 164.009 8 1625 2659 50
T 164.030 6 1645 2646 50
T 164.030 7 1633 2652 50
T 164.030 8 1626 2659 50
P 164.048 2
F 164.048 2 50
IQ 164.049 2
IS 164.049 2
T 164.051 6 1646 2646 50
T 164.051 7 1634 2652 50
T 164.051 8 1627 2659 50
T 164.072 6 1647 2646 50
T 164.072 7 1635 2652 50
T 164.072 8 1628 2659 50
IE 164.080 1
IR 164.080 1
IA 164.082 1
T 164.094 6 1648 2646 50
T 164.094 7 1636 2652 50
T 164.094 8 1629 2659 50
T 164.159 6 1649 2646 50
T 164.159 7 1637 2652 50
T 164.160 8 1630 2659 50
T 164.167 6 1650 2646 50
T 164.167 7 1638 2652 50
T 164.167 8 1631 2659 50
T 164.167 1 1618 2665 50
T 164.188 7 1639 2652 50
T 164.188 8 1632 2659 50
T 164.188 1 1619 2665 50
T 164.209 7 1640 2652 50
T 164.209 8 1633 2659 50
T 164.209 1 1620 2665 50
T 164.230 7 1641 2652 50
T 164.230 8 1634 2659 50
T 164.230 1 1621 2665 50
IE 164.247 2
IR 164.247 2
IA 164.249 2
T 164.252 7 1642 2652 50
T 164.252 8 1635 2659 50
T 164.252 1 1622 2665 50
T 164.273 7 1643 2652 50
T 164.273 8 1636 2659 50
T 164.273 1 1623 2665 50
P 164.297 3
F 164.298 3 50
IQ 164.298 3
IS 164.298 3
T 164.339 7 1644 2652 50
T 164.339 8 1637 2659 50
T 164.339 1 1624 2665 50
T 164.347 7 1645 2652 50
T 164.347 8 1638 2659 50
T 164.347 1 1625 2665 50
T 164.347 2 1618 2671 50
T 164.368 7 1646 2652 50
T 164.368 8 1639 2659 50
T 164.368 1 1626 2665 50
T 164.368 2 1619 2671 50
T 164.389 7 1647 2652 50
T 164.389 8 1640 2659 50
T 164.389 1 1627 2665 50
T 164.389 2 1620 2671 50
T 164.410 7 1648 2652 50
T 164.410 8 1641 2659 50
T 164.410 1 1628 2665 50
T 164.410 2 1621 2671 50
T 164.431 7 1649 2652 50
T 164.432 8 1642 2659 50
T 164.432 1 1629 2665 50
T 164.432 2 1622 2671 50
T 164.453 7 1650 2652 50
T 164.453 8 1643 2659 50
T 164.453 1 1630 2665 50
T 164.453 2 1623 2671 50
T 164.474 8 1644 2659 50
T 164.474 1 1631 2665 50
T 164.474 2 1624 2671 50
T 164.495 8 1645 2659 50
T 164.495 1 1632 2665 50
T 164.495 2 1625 2671 50
T 164.516 8 1646 2659 50
T 164.516 1 1633 2665 50
T 164.516 2 1626 2671 50
T 164.537 8 1647 2659 50
T 164.537 1 1634 2665 50
T 164.537 2 1627 2671 50
P 164.547 4
F 164.548 4 50
IQ 164.548 4
IS 164.548 4
T 164.560 8 1648 2659 50
T 164.561 1 1635 2665 50
T 164.561 2 1628 2671 50
IE 164.567 3
IR 164.567 3
IA 164.569 3
T 164.580 8 1649 2659 50
T 164.580 1 1636 2665 50
T 164.580 2 1629 2671 50
T 164.645 8 1650 2659 50
T 164.646 1 1637 2665 50
T 164.646 2 1630 2671 50
T 164.654 1 1638 2665 50
T 164.654 2 1631 2671 50
T 164.654 3 1618 2677 50
T 164.675 1 1639 2665 50
T 164.675 2 1632 2671 50
T 164.675 3 1619 2677 50
T 164.696 1 1640 2665 50
T 164.696 2 1633 2671 50
T 164.696 3 1620 2677 50
T 164.717 1 1641 2665 50
T 164.717 2 1634 2671 50
T 164.717 3 1621 2677 50
IE 164.731 4
IR 164.732 4
IA 164.733 4
T 164.738 1 1642 2665 50
T 164.738 2 1635 2671 50
T 164.739 3 1622 2677 50
P 164.798 5
F 164.799 5 51
IQ 164.799 5
IS 164.799 5
T 164.803 1 1643 2665 50
T 164.803 2 1636 2671 50
T 164.804 3 1623 2677 50
T 164.812 1 1644 2665 50
T 164.812 2 1637 2671 50
T 164.812 3 1624 2677 50
T 164.812 4 1618 2684 50
T 164.833 1 1645 2665 50
T 164.833 2 1638 2671 50
T 164.833 3 1625 2677 50
T 164.833 4 1619 2684 50
T 164.854 1 1646 2665 50
T 164.854 2 1639 2671 50
T 164.854 3 1626 2677 50
T 164.854 4 1620 2684 50
T 164.876 1 1647 2665 50
T 164.876 2 1640 2671 50
T 164.876 3 1627 2677 50
T 164.876 4 1621 2684 50
T 164.897 1 1648 2665 50
T 164.897 2 1641 2671 50
T 164.897 3 1628 2677 50
T 164.897 4 1622 2684 50
T 164.918 1 1649 2665 50
T 164.918 2 1642 2671 50
T 164.918 3 1629 2677 50
T 164.918 4 1623 2684 50
T 164.939 1 1650 2665 50
T 164.939 2 1643 2671 50
T 164.939 3 1630 2677 50
T 164.939 4 1624 2684 50
T 164.961 2 1644 2671 50
T 164.961 3 1631 2677 50
T 164.961 4 1625 2684 50
T 164.981 2 1645 2671 50
T 164.981 3 1632 2677 50
T 164.981 4 1626 2684 50
T 165.002 2 1646 2671 50
T 165.002 3 1633 2677 50
T 165.002 4 1627 2684 50
T 165.023 2 1647 2671 50
T 165.023 3 1634 2677 50
T 165.023 4 1628 2684 50
T 165.045 2 1648 2671 50
T 165.045 3 1635 2677 50
T 165.045 4 1629 2684 50
P 165.048 6
F 165.049 6 51
IQ 165.049 6
IS 165.050 6
T 165.066 2 1649 2671 50
T 165.066 3 1636 2677 50
T 165.066 4 1630 2684 50
T 165.087 2 1650 2671 50
T 165.087 3 1637 2677 50
T 165.087 4 1631 2684 50
T 165.108 3 1638 2677 50
T 165.108 4 1632 2684 50
IE 165.125 5
IR 165.125 5
IA 165.126 5
T 165.128 3 1639 2677 50
T 165.128 4 1633 2684 50
T 165.149 3 1640 2677 50
T 165.149 4 1634 2684 50
T 165.213 3 1641 2677 50
T 165.214 4 1635 2684 50
T 165.222 3 1642 2677 50
T 165.222 4 1636 2684 50
T 165.223 5 1651 2693 51
IE 165.237 6
IR 165.237 6
IA 165.239 6
T 165.243 3 1643 2677 50
T 165.243 4 1637 2684 50
T 165.244 5 1652 2693 51
P 165.300 7
F 165.300 7 51
IQ 165.301 7
IS 165.301 7
T 165.309 3 1644 2677 50
T 165.309 4 1638 2684 50
T 165.309 5 1653 2693 51
T 165.317 3 1645 2677 50
T 165.317 4 1639 2684 50
T 165.317 5 1654 2693 51
T 165.317 6 1651 2699 51
T 165.338 3 1646 2677 50
T 165.338 4 1640 2684 50
T 165.338 5 1655 2693 51
T 165.338 6 1652 2699 51
T 165.359 3 1647 2677 50
T 165.359 4 1641 2684 50
T 165.359 5 1656 2693 51
T 165.359 6 1653 2699 51
T 165.380 3 1648 2677 50
T 165.380 4 1642 2684 50
T 165.380 5 1657 2693 51
T 165.381 6 1654 2699 51
T 165.402 3 1649 2677 50
T 165.402 4 1643 2684 50
T 165.402 5 1658 2693 51
T 165.402 6 1655 2699 51
T 165.423 3 1650 2677 50
T 165.423 4 1644 2684 50
T 165.423 5 1659 2693 51
T 165.423 6 1656 2699 51
T 165.444 4 1645 2684 50
T 165.444 5 1660 2693 51
T 165.444 6 1657 2699 51
T 165.465 4 1646 2684 50
T 165.465 5 1661 2693 51
T 165.465 6 1658 2699 51
T 165.486 4 1647 2684 50
T 165.486 5 1662 2693 51
T 165.486 6 1659 2699 51
T 165.507 4 1648 2684 50
T 165.507 5 1663 2693 51
T 165.507 6 1660 2699 51
T 165.528 4 1649 2684 50
T 165.528 5 1664 2693 51
T 165.528 6 1661 2699 51
T 165.549 4 1650 2684 50
T 165.550 5 1665 2693 51
T 165.550 6 1662 2699 51
P 165.551 8
F 165.551 8 51
IQ 165.552 8
IS 165.552 8
T 165.570 5 1666 2693 51
T 165.570 6 1663 2699 51
IE 165.577 7
IR 165.578 7
IA 165.579 7
T 165.591 5 1667 2693 51
T 165.591 6 1664 2699 51
T 165.656 5 1668 2693 51
T 165.656 6 1665 2699 51
T 165.664 5 1669 2693 51
T 165.664 6 1666 2699 51
T 165.664 7 1651 2705 51
T 165.685 5 1670 2693 51
T 165.685 6 1667 2699 51
T 165.685 7 1652 2705 51
T 165.706 5 1671 2693 51
T 165.706 6 1668 2699 51
T 165.706 7 1653 2705 51
T 165.727 5 1672 2693 51
T 165.727 6 1669 2699 51
T 165.727 7 1654 2705 51
T 165.748 5 1673 2693 51
T 165.748 6 1670 2699 51
T 165.748 7 1655 2705 51
IE 165.767 8
IR 165.768 8
IA 165.769 8
T 165.770 5 1674 2693 51
T 165.770 6 1671 2699 51
T 165.771 7 1656 2705 51
T 165.790 5 1675 2693 51
T 165.790 6 1672 2699 51
T 165.790 7 1657 2705 51
P 165.801 1
F 165.801 1 51
IQ 165.801 1
IS 165.802 1
T 165.856 5 1676 2693 51
T 165.856 6 1673 2699 51
T 165.856 7 1658 2705 51
T 165.864 5 1677 2693 51
T 165.865 6 1674 2699 51
T 165.865 7 1659 2705 51
T 165.865 8 1651 2712 51
T 165.886 5 1678 2693 51
T 165.886 6 1675 2699 51
T 165.886 7 1660 2705 51
T 165.886 8 1652 2712 51
T 165.907 5 1679 2693 51
T 165.907 6 1676 2699 51
T 165.907 7 1661 2705 51
T 165.907 8 1653 2712 51
T 165.928 5 1680 2693 51
T 165.928 6 1677 2699 51
T 165.928 7 1662 2705 51
T 165.928 8 1654 2712 51
T 165.949 5 1681 2693 51
T 165.949 6 1678 2699 51
T 165.949 7 1663 2705 51
T 165.949 8 1655 2712 51
T 165.970 5 1682 2693 51
T 165.970 6 1679 2699 51
T 165.970 7 1664 2705 51
T 165.970 8 1656 2712 51
T 165.991 5 1683 2693 51
T 165.992 6 1680 2699 51
T 165.992 7 1665 2705 51
T 165.992 8 1657 2712 51
T 166.013 6 1681 2699 51
T 166.013 7 1666 2705 51
T 166.013 8 1658 2712 51
T 166.034 6 1682 2699 51
T 166.034 7 1667 2705 51
T 166.034 8 1659 2712 51
P 166.052 2
F 166.053 2 51
IQ 166.053 2
IS 166.053 2
T 166.055 6 1683 2699 51
T 166.055 7 1668 2705 51
T 166.055 8 1660 2712 51
T 166.075 7 1669 2705 51
T 166.075 8 1661 2712 51
T 166.096 7 1670 2705 51
T 166.096 8 1662 2712 51
T 166.116 7 1671 2705 51
T 166.116 8 1663 2712 51
IE 166.121 1
IR 166.121 1
IA 166.122 1
T 166.137 7 1672 2705 51
T 166.137 8 1664 2712 51
T 166.202 7 1673 2705 51
T 166.202 8 1665 2712 51
T 166.210 7 1674 2705 51
T 166.210 8 1666 2712 51
T 166.210 1 1651 2718 51
T 166.231 7 1675 2705 51
T 166.231 8 1667 2712 51
T 166.231 1 1652 2718 51
IE 166.239 2
IR 166.239 2
IA 166.241 2
T 166.253 7 1676 2705 51
T 166.253 8 1668 2712 51
T 166.253 1 1653 2718 51
P 166.303 3
F 166.304 3 51
IQ 166.304 3
IS 166.304 3
T 166.317 7 1677 2705 51
T 166.317 8 1669 2712 51
T 166.317 1 1654 2718 51
T 166.325 7 1678 2705 51
T 166.325 8 1670 2712 51
T 166.326 1 1655 2718 51
T 166.326 2 1651 2724 51
T 166.346 7 1679 2705 51
T 166.346 8 1671 2712 51
T 166.346 1 1656 2718 51
T 166.346 2 1652 2724 51
T 166.367 7 1680 2705 51
T 166.368 8 1672 2712 51
T 166.368 1 1657 2718 51
T 166.368 2 1653 2724 51
T 166.389 7 1681 2705 51
T 166.389 8 1673 2712 51
T 166.389 1 1658 2718 51
T 166.389 2 1654 2724 51
T 166.410 7 1682 2705 51
T 166.410 8 1674 2712 51
T 166.410 1 1659 2718 51
T 166.410 2 1655 2724 51
T 166.431 7 1683 2705 51
T 166.431 8 1675 2712 51
T 166.431 1 1660 2718 51
T 166.431 2 1656 2724 51
T 166.452 8 1676 2712 51
T 166.452 1 1661 2718 51
T 166.452 2 1657 2724 51
T 166.473 8 1677 2712 51
T 166.473 1 1662 2718 51
T 166.473 2 1658 2724 51
T 166.494 8 1678 2712 51
T 166.494 1 1663 2718 51
T 166.494 2 1659 2724 51
T 166.515 8 1679 2712 51
T 166.516 1 1664 2718 51
T 166.516 2 1660 2724 51
T 166.537 8 1680 2712 51
T 166.537 1 1665 2718 51
T 166.537 2 1661 2724 51
P 166.553 4
F 166.554 4 51
IQ 166.554 4
IS 166.554 4
T 166.558 8 1681 2712 51
T 166.559 1 1666 2718 51
T 166.559 2 1662 2724 51
IE 166.577 3
IR 166.577 3
IA 166.578 3
T 166.580 8 1682 2712 51
T 166.580 1 1667 2718 51
T 166.580 2 1663 2724 51
T 166.601 8 1683 2712 51
T 166.601 1 1668 2718 51
T 166.601 2 1664 2724 51
T 166.666 1 1669 2718 51
T 166.666 2 1665 2724 51
T 166.674 1 1670 2718 51
T 166.674 2 1666 2724 51
T 166.674 3 1651 2730 51
T 166.695 1 1671 2718 51
T 166.695 2 1667 2724 51
T 166.695 3 1652 2730 51
T 166.716 1 1672 2718 51
T 166.716 2 1668 2724 51
T 166.716 3 1653 2730 51
T 166.737 1 1673 2718 51
T 166.737 2 1669 2724 51
T 166.737 3 1654 2730 51
T 166.758 1 1674 2718 51
T 166.758 2 1670 2724 51
T 166.758 3 1655 2730 51
IE 166.778 4
IR 166.778 4
IA 166.780 4
T 166.781 1 1675 2718 51
T 166.781 2 1671 2724 51
T 166.781 3 1656 2730 51
T 166.801 1 1676 2718 51
T 166.801 2 1672 2724 51
T 166.801 3 1657 2730 51
P 166.804 5
F 166.805 5 52
IQ 166.805 5
IS 166.805 5
T 166.865 1 1677 2718 51
T 166.866 2 1673 2724 51
T 166.866 3 1658 2730 51
T 166.874 1 1678 2718 51
T 166.874 2 1674 2724 51
T 166.874 3 1659 2730 51
T 166.874 4 1651 2737 51
T 166.895 1 1679 2718 51
T 166.895 2 1675 2724 51
T 166.895 3 1660 2730 51
T 166.895 4 1652 2737 51
T 166.916 1 1680 2718 51
T 166.916 2 1676 2724 51
T 166.916 3 1661 2730 51
T 166.916 4 1653 2737 51
T 166.937 1 1681 2718 51
T 166.937 2 1677 2724 51
T 166.937 3 1662 2730 51
T 166.938 4 1654 2737 51
T 166.959 1 1682 2718 51
T 166.959 2 1678 2724 51
T 166.959 3 1663 2730 51
T 166.959 4 1655 2737 51
T 166.980 1 1683 2718 51
T 166.980 2 1679 2724 51
T 166.980 3 1664 2730 51
T 166.980 4 1656 2737 51
T 167.001 2 1680 2724 51
T 167.001 3 1665 2730 51
T 167.001 4 1657 2737 51
T 167.022 2 1681 2724 51
T 167.022 3 1666 2730 51
T 167.022 4 1658 2737 51
T 167.043 2 1682 2724 51
T 167.043 3 1667 2730 51
T 167.043 4 1659 2737 51
P 167.055 6
F 167.055 6 52
IQ 167.056 6
IS 167.056 6
T 167.064 2 1683 2724 51
T 167.064 3 1668 2730 51
T 167.064 4 1660 2737 51
T 167.085 3 1669 2730 51
T 167.085 4 1661 2737 51
T 167.106 3 1670 2730 51
T 167.106 4 1662 2737 51
IE 167.116 5
IR 167.117 5
IA 167.118 5
T 167.126 3 1671 2730 51
T 167.126 4 1663 2737 51
T 167.192 3 1672 2730 51
T 167.192 4 1664 2737 51
T 167.200 3 1673 2730 51
T 167.201 4 1665 2737 51
T 167.201 5 1684 2746 52
T 167.221 3 1674 2730 51
T 167.221 4 1666 2737 51
T 167.222 5 1685 2746 52
T 167.242 3 1675 2730 51
T 167.242 4 1667 2737 51
T 167.243 5 1686 2746 52
T 167.263 3 1676 2730 51
T 167.264 4 1668 2737 51
T 167.264 5 1687 2746 52
T 167.285 3 1677 2730 51
T 167.285 4 1669 2737 51
T 167.285 5 1688 2746 52
IE 167.287 6
IR 167.288 6
IA 167.289 6
T 167.306 3 1678 2730 51
T 167.306 4 1670 2737 51
T 167.306 5 1689 2746 52
P 167.306 7
F 167.307 7 52
IQ 167.307 7
IS 167.307 7
T 167.372 3 1679 2730 51
T 167.372 4 1671 2737 51
T 167.373 5 1690 2746 52
T 167.380 3 1680 2730 51
T 167.380 4 1672 2737 51
T 167.381 5 1691 2746 52
T 167.381 6 1684 2752 52
T 167.402 3 1681 2730 51
T 167.402 4 1673 2737 51
T 167.402 5 1692 2746 52
T 167.402 6 1685 2752 52
T 167.423 3 1682 2730 51
T 167.423 4 1674 2737 51
T 167.423 5 1693 2746 52
T 167.423 6 1686 2752 52
T 167.444 3 1683 2730 51
T 167.444 4 1675 2737 51
T 167.444 5 1694 2746 52
T 167.444 6 1687 2752 52
T 167.465 4 1676 2737 51
T 167.465 5 1695 2746 52
T 167.465 6 1688 2752 52
T 167.486 4 1677 2737 51
T 167.486 5 1696 2746 52
T 167.486 6 1689 2752 52
T 167.507 4 1678 2737 51
T 167.507 5 1697 2746 52
T 167.507 6 1690 2752 52
T 167.528 4 1679 2737 51
T 167.528 5 1698 2746 52
T 167.528 6 1691 2752 52
T 167.550 4 1680 2737 51
T 167.550 5 1699 2746 52
T 167.550 6 1692 2752 52
P 167.556 8
F 167.556 8 52
IQ 167.556 8
IS 167.557 8
IE 167.567 7
IR 167.568 7
IA 167.569 7
T 167.571 4 1681 2737 51
T 167.571 5 1700 2746 52
T 167.571 6 1693 2752 52
T 167.592 4 1682 2737 51
T 167.592 5 1701 2746 52
T 167.592 6 1694 2752 52
T 167.657 4 1683 2737 51
T 167.657 5 1702 2746 52
T 167.657 6 1695 2752 52
T 167.666 5 1703 2746 52
T 167.666 6 1696 2752 52
T 167.666 7 1684 2758 52
T 167.687 5 1704 2746 52
T 167.687 6 1697 2752 52
T 167.687 7 1685 2758 52
T 167.708 5 1705 2746 52
T 167.708 6 1698 2752 52
T 167.708 7 1686 2758 52
T 167.729 5 1706 2746 52
T 167.729 6 1699 2752 52
T 167.729 7 1687 2758 52
T 167.750 5 1707 2746 52
T 167.750 6 1700 2752 52
T 167.750 7 1688 2758 52
T 167.771 5 1708 2746 52
T 167.771 6 1701 2752 52
T 167.771 7 1689 2758 52
IE 167.789 8
IR 167.789 8
IA 167.791 8
T 167.792 5 1709 2746 52
T 167.792 6 1702 2752 52
T 167.792 7 1690 2758 52
P 167.805 1
F 167.806 1 52
IQ 167.806 1
IS 167.807 1
T 167.814 5 1710 2746 52
T 167.814 6 1703 2752 52
T 167.814 7 1691 2758 52
T 167.879 5 1711 2746 52
T 167.879 6 1704 2752 52
T 167.879 7 1692 2758 52
T 167.888 5 1712 2746 52
T 167.888 6 1705 2752 52
T 167.888 7 1693 2758 52
T 167.888 8 1684 2765 52
T 167.908 5 1713 2746 52
T 167.909 6 1706 2752 52
T 167.909 7 1694 2758 52
T 167.909 8 1685 2765 52
T 167.930 5 1714 2746 52
T 167.930 6 1707 2752 52
T 167.930 7 1695 2758 52
T 167.930 8 1686 2765 52
T 167.951 5 1715 2746 52
T 167.951 6 1708 2752 52
T 167.951 7 1696 2758 52
T 167.951 8 1687 2765 52
T 167.972 5 1716 2746 52
T 167.972 6 1709 2752 52
T 167.972 7 1697 2758 52
T 167.972 8 1688 2765 52
T 167.993 6 1710 2752 52
T 167.993 7 1698 2758 52
T 167.993 8 1689 2765 52
T 168.014 6 1711 2752 52
T 168.014 7 1699 2758 52
T 168.014 8 1690 2765 52
T 168.035 6 1712 2752 52
T 168.035 7 1700 2758 52
T 168.035 8 1691 2765 52
T 168.057 6 1713 2752 52
T 168.057 7 1701 2758 52
T 168.057 8 1692 2765 52
P 168.057 2
F 168.058 2 52
IQ 168.058 2
IS 168.058 2
T 168.078 6 1714 2752 52
T 168.078 7 1702 2758 52
T 168.078 8 1693 2765 52
T 168.099 6 1715 2752 52
T 168.099 7 1703 2758 52
T 168.099 8 1694 2765 52
IE 168.102 1
IR 168.102 1
IA 168.104 1
T 168.121 6 1716 2752 52
T 168.121 7 1704 2758 52
T 168.121 8 1695 2765 52
T 168.185 7 1705 2758 52
T 168.185 8 1696 2765 52
T 168.194 7 1706 2758 52
T 168.194 8 1697 2765 52
T 168.194 1 1684 2771 52
T 168.215 7 1707 2758 52
T 168.215 8 1698 2765 52
T 168.215 1 1685 2771 52
T 168.236 7 1708 2758 52
T 168.236 8 1699 2765 52
T 168.236 1 1686 2771 52
T 168.257 7 1709 2758 52
T 168.257 8 1700 2765 52
T 168.257 1 1687 2771 52
T 168.280 7 1710 2758 52
T 168.280 8 1701 2765 52
T 168.280 1 1688 2771 52
IE 168.285 2
IR 168.285 2
IA 168.287 2
T 168.300 7 1711 2758 52
T 168.300 8 1702 2765 52
T 168.300 1 1689 2771 52
P 168.306 3
F 168.306 3 52
IQ 168.307 3
IS 168.307 3
T 168.365 7 1712 2758 52
T 168.365 8 1703 2765 52
T 168.365 1 1690 2771 52
T 168.374 7 1713 2758 52
T 168.374 8 1704 2765 52
T 168.374 1 1691 2771 52
T 168.374 2 1684 2777 52
T 168.395 7 1714 2758 52
T 168.395 8 1705 2765 52
T 168.395 1 1692 2771 52
T 168.395 2 1685 2777 52
T 168.416 7 1715 2758 52
T 168.416 8 1706 2765 52
T 168.416 1 1693 2771 52
T 168.417 2 1686 2777 52
T 168.437 7 1716 2758 52
T 168.438 8 1707 2765 52
T 168.438 1 1694 2771 52
T 168.438 2 1687 2777 52
T 168.458 8 1708 2765 52
T 168.459 1 1695 2771 52
T 168.459 2 1688 2777 52
T 168.480 8 1709 2765 52
T 168.480 1 1696 2771 52
T 168.480 2 1689 2777 52
T 168.501 8 1710 2765 52
T 168.501 1 1697 2771 52
T 168.501 2 1690 2777 52
T 168.522 8 1711 2765 52
T 168.522 1 1698 2771 52
T 168.522 2 1691 2777 52
T 168.543 8 1712 2765 52
T 168.543 1 1699 2771 52
T 168.543 2 1692 2777 52
P 168.556 4
F 168.557 4 52
IQ 168.557 4
IS 168.558 4
T 168.565 8 1713 2765 52
T 168.565 1 1700 2771 52
T 168.565 2 1693 2777 52
IE 168.580 3
IR 168.580 3
IA 168.581 3
T 168.586 8 1714 2765 52
T 168.586 1 1701 2771 52
T 168.586 2 1694 2777 52
T 168.652 8 1715 2765 52
T 168.652 1 1702 2771 52
T 168.652 2 1695 2777 52
T 168.661 8 1716 2765 52
T 168.661 1 1703 2771 52
T 168.661 2 1696 2777 52
T 168.661 3 1684 2783 52
T 168.681 1 1704 2771 52
T 168.681 2 1697 2777 52
T 168.682 3 1685 2783 52
T 168.702 1 1705 2771 52
T 168.702 2 1698 2777 52
T 168.703 3 1686 2783 52
T 168.724 1 1706 2771 52
T 168.724 2 1699 2777 52
T 168.724 3 1687 2783 52
T 168.745 1 1707 2771 52
T 168.745 2 1700 2777 52
T 168.745 3 1688 2783 52
T 168.766 1 1708 2771 52
T 168.766 2 1701 2777 52
T 168.766 3 1689 2783 52
T 168.787 1 1709 2771 52
T 168.787 2 1702 2777 52
T 168.787 3 1690 2783 52
IE 168.806 4
IR 168.807 4
P 168.807 5
IA 168.809 4
F 168.810 5 53
IQ 168.810 5
IS 168.810 5
T 168.811 1 1710 2771 52
T 168.811 2 1703 2777 52
T 168.811 3 1691 2783 52
T 168.830 1 1711 2771 52
T 168.830 2 1704 2777 52
T 168.830 3 1692 2783 52
T 168.895 1 1712 2771 52
T 168.895 2 1705 2777 52
T 168.895 3 1693 2783 52
T 168.903 1 1713 2771 52
T 168.904 2 1706 2777 52
T 168.904 3 1694 2783 52
T 168.904 4 1684 2790 52
T 168.924 1 1714 2771 52
T 168.924 2 1707 2777 52
T 168.925 3 1695 2783 52
T 168.925 4 1685 2790 52
T 168.946 1 1715 2771 52
T 168.946 2 1708 2777 52
T 168.946 3 1696 2783 52
T 168.946 4 1686 2790 52
T 168.967 1 1716 2771 52
T 168.967 2 1709 2777 52
T 168.967 3 1697 2783 52
T 168.967 4 1687 2790 52
T 168.988 2 1710 2777 52
T 168.988 3 1698 2783 52
T 168.988 4 1688 2790 52
T 169.009 2 1711 2777 52
T 169.009 3 1699 2783 52
T 169.009 4 1689 2790 52
T 169.030 2 1712 2777 52
T 169.030 3 1700 2783 52
T 169.030 4 1690 2790 52
T 169.051 2 1713 2777 52
T 169.051 3 1701 2783 52
T 169.051 4 1691 2790 52
P 169.058 6
F 169.059 6 53
IQ 169.059 6
IS 169.060 6
T 169.072 2 1714 2777 52
T 169.073 3 1702 2783 52
T 169.073 4 1692 2790 52
T 169.094 2 1715 2777 52
T 169.094 3 1703 2783 52
T 169.094 4 1693 2790 52
IE 169.105 5
IR 169.106 5
IA 169.107 5
T 169.115 2 1716 2777 52
T 169.115 3 1704 2783 52
T 169.115 4 1694 2790 52
T 169.178 3 1705 2783 52
T 169.179 4 1695 2790 52
T 169.188 3 1706 2783 52
T 169.188 4 1696 2790 52
T 169.188 5 1717 2799 53
T 169.209 3 1707 2783 52
T 169.209 4 1697 2790 52
T 169.209 5 1718 2799 53
T 169.230 3 1708 2783 52
T 169.230 4 1698 2790 52
T 169.230 5 1719 2799 53
T 169.251 3 1709 2783 52
T 169.251 4 1699 2790 52
T 169.251 5 1720 2799 53
IE 169.268 6
IR 169.269 6
IA 169.270 6
T 169.272 3 1710 2783 52
T 169.272 4 1700 2790 52
T 169.272 5 1721 2799 53
T 169.294 3 1711 2783 52
T 169.294 4 1701 2790 52
T 169.294 5 1722 2799 53
P 169.309 7
F 169.309 7 53
IQ 169.310 7
IS 169.310 7
T 169.359 3 1712 2783 52
T 169.359 4 1702 2790 52
T 169.359 5 1723 2799 53
T 169.368 3 1713 2783 52
T 169.368 4 1703 2790 52
T 169.368 5 1724 2799 53
T 169.368 6 1717 2805 53
T 169.389 3 1714 2783 52
T 169.389 4 1704 2790 52
T 169.389 5 1725 2799 53
T 169.389 6 1718 2805 53
T 169.410 3 1715 2783 52
T 169.410 4 1705 2790 52
T 169.410 5 1726 2799 53
T 169.410 6 1719 2805 53
T 169.431 3 1716 2783 52
T 169.431 4 1706 2790 52
T 169.431 5 1727 2799 53
T 169.431 6 1720 2805 53
T 169.452 4 1707 2790 52
T 169.452 5 1728 2799 53
T 169.452 6 1721 2805 53
T 169.473 4 1708 2790 52
T 169.473 5 1729 2799 53
T 169.473 6 1722 2805 53
T 169.494 4 1709 2790 52
T 169.495 5 1730 2799 53
T 169.495 6 1723 2805 53
T 169.516 4 1710 2790 52
T 169.516 5 1731 2799 53
T 169.516 6 1724 2805 53
T 169.537 4 1711 2790 52
T 169.537 5 1732 2799 53
T 169.537 6 1725 2805 53
T 169.558 4 1712 2790 52
T 169.559 5 1733 2799 53
T 169.559 6 1726 2805 53
P 169.559 8
F 169.560 8 53
IQ 169.560 8
IS 169.560 8
T 169.579 4 1713 2790 52
T 169.579 5 1734 2799 53
T 169.579 6 1727 2805 53
IE 169.585 7
IR 169.586 7
IA 169.587 7
T 169.601 4 1714 2790 52
T 169.601 5 1735 2799 53
T 169.601 6 1728 2805 53
T 169.666 4 1715 2790 52
T 169.666 5 1736 2799 53
T 169.666 6 1729 2805 53
T 169.675 4 1716 2790 52
T 169.675 5 1737 2799 53
T 169.675 6 1730 2805 53
T 169.675 7 1717 2811 53
T 169.696 5 1738 2799 53
T 169.696 6 1731 2805 53
T 169.696 7 1718 2811 53
T 169.717 5 1739 2799 53
T 169.717 6 1732 2805 53
T 169.717 7 1719 2811 53
T 169.738 5 1740 2799 53
T 169.738 6 1733 2805 53
T 169.738 7 1720 2811 53
IE 169.749 8
IR 169.749 8
IA 169.750 8
T 169.760 5 1741 2799 53
T 169.760 6 1734 2805 53
T 169.760 7 1721 2811 53
P 169.809 1
F 169.809 1 53
IQ 169.810 1
IS 169.810 1
T 169.825 5 1742 2799 53
T 169.825 6 1735 2805 53
T 169.825 7 1722 2811 53
T 169.834 5 1743 2799 53
T 169.834 6 1736 2805 53
T 169.834 7 1723 2811 53
T 169.834 8 1717 2818 53
T 169.855 5 1744 2799 53
T 169.855 6 1737 2805 53
T 169.855 7 1724 2811 53
T 169.855 8 1718 2818 53
T 169.876 5 1745 2799 53
T 169.876 6 1738 2805 53
T 169.876 7 1725 2811 53
T 169.876 8 1719 2818 53
T 169.897 5 1746 2799 53
T 169.897 6 1739 2805 53
T 169.898 7 1726 2811 53
T 169.898 8 1720 2818 53
T 169.919 5 1747 2799 53
T 169.919 6 1740 2805 53
T 169.919 7 1727 2811 53
T 169.919 8 1721 2818 53
T 169.940 5 1748 2799 53
T 169.940 6 1741 2805 53
T 169.940 7 1728 2811 53
T 169.940 8 1722 2818 53
T 169.961 5 1749 2799 53
T 169.961 6 1742 2805 53
T 169.961 7 1729 2811 53
T 169.961 8 1723 2818 53
T 169.982 6 1743 2805 53
T 169.982 7 1730 2811 53
T 169.982 8 1724 2818 53
T 170.003 6 1744 2805 53
T 170.003 7 1731 2811 53
T 170.003 8 1725 2818 53
T 170.024 6 1745 2805 53
T 170.024 7 1732 2811 53
T 170.025 8 1726 2818 53
T 170.046 6 1746 2805 53
T 170.046 7 1733 2811 53
T 170.046 8 1727 2818 53
P 170.059 2
F 170.060 2 53
IQ 170.060 2
IS 170.060 2
T 170.068 6 1747 2805 53
T 170.068 7 1734 2811 53
T 170.070 8 1728 2818 53
IE 170.076 1
IR 170.077 1
IA 170.078 1
T 170.089 6 1748 2805 53
T 170.089 7 1735 2811 53
T 170.089 8 1729 2818 53
T 170.155 6 1749 2805 53
T 170.155 7 1736 2811 53
T 170.155 8 1730 2818 53
T 170.163 7 1737 2811 53
T 170.163 8 1731 2818 53
T 170.163 1 1717 2824 53
T 170.184 7 1738 2811 53
T 170.184 8 1732 2818 53
T 170.184 1 1718 2824 53
T 170.205 7 1739 2811 53
T 170.205 8 1733 2818 53
T 170.205 1 1719 2824 53
T 170.226 7 1740 2811 53
T 170.226 8 1734 2818 53
T 170.226 1 1720 2824 53
T 170.247 7 1741 2811 53
T 170.247 8 1735 2818 53
T 170.247 1 1721 2824 53
T 170.269 7 1742 2811 53
T 170.269 8 1736 2818 53
T 170.269 1 1722 2824 53
IE 170.273 2
IR 170.274 2
IA 170.275 2
T 170.290 7 1743 2811 53
T 170.290 8 1737 2818 53
T 170.290 1 1723 2824 53
P 170.310 3
F 170.310 3 53
IQ 170.310 3
IS 170.311 3
T 170.356 7 1744 2811 53
T 170.356 8 1738 2818 53
T 170.356 1 1724 2824 53
T 170.364 7 1745 2811 53
T 170.364 8 1739 2818 53
T 170.364 1 1725 2824 53
T 170.364 2 1717 2830 53
T 170.385 7 1746 2811 53
T 170.385 8 1740 2818 53
T 170.385 1 1726 2824 53
T 170.385 2 1718 2830 53
T 170.406 7 1747 2811 53
T 170.406 8 1741 2818 53
T 170.406 1 1727 2824 53
T 170.406 2 1719 2830 53
T 170.427 7 1748 2811 53
T 170.427 8 1742 2818 53
T 170.427 1 1728 2824 53
T 170.427 2 1720 2830 53
T 170.448 7 1749 2811 53
T 170.449 8 1743 2818 53
T 170.449 1 1729 2824 53
T 170.449 2 1721 2830 53
T 170.469 8 1744 2818 53
T 170.470 1 1730 2824 53
T 170.470 2 1722 2830 53
T 170.491 8 1745 2818 53
T 170.491 1 1731 2824 53
T 170.491 2 1723 2830 53
T 170.512 8 1746 2818 53
T 170.512 1 1732 2824 53
T 170.512 2 1724 2830 53
T 170.533 8 1747 2818 53
T 170.533 1 1733 2824 53
T 170.533 2 1725 2830 53
T 170.554 8 1748 2818 53
T 170.554 1 1734 2824 53
T 170.555 2 1726 2830 53
P 170.561 4
F 170.562 4 53
IQ 170.562 4
IS 170.563 4
IE 170.574 3
IR 170.575 3
IA 170.576 3
T 170.577 8 1749 2818 53
T 170.578 1 1735 2824 53
T 170.578 2 1727 2830 53
T 170.597 1 1736 2824 53
T 170.597 2 1728 2830 53
T 170.662 1 1737 2824 53
T 170.662 2 1729 2830 53
T 170.670 1 1738 2824 53
T 170.671 2 1730 2830 53
T 170.671 3 1717 2836 53
T 170.691 1 1739 2824 53
T 170.691 2 1731 2830 53
T 170.692 3 1718 2836 53
T 170.713 1 1740 2824 53
T 170.713 2 1732 2830 53
T 170.713 3 1719 2836 53
T 170.734 1 1741 2824 53
T 170.734 2 1733 2830 53
T 170.734 3 1720 2836 53
T 170.755 1 1742 2824 53
T 170.756 2 1734 2830 53
T 170.756 3 1721 2836 53
T 170.776 1 1743 2824 53
T 170.777 2 1735 2830 53
T 170.777 3 1722 2836 53
T 170.797 1 1744 2824 53
T 170.797 2 1736 2830 53
T 170.797 3 1723 2836 53
P 170.812 5
F 170.813 5 54
IQ 170.813 5
IS 170.813 5
T 170.819 1 1745 2824 53
T 170.819 2 1737 2830 53
T 170.819 3 1724 2836 53
IE 170.822 4
IR 170.822 4
IA 170.824 4
T 170.841 1 1746 2824 53
T 170.841 2 1738 2830 53
T 170.841 3 1725 2836 53
T 170.907 1 1747 2824 53
T 170.907 2 1739 2830 53
T 170.907 3 1726 2836 53
T 170.915 1 1748 2824 53
T 170.915 2 1740 2830 53
T 170.915 3 1727 2836 53
T 170.915 4 1717 2843 53
T 170.936 1 1749 2824 53
T 170.936 2 1741 2830 53
T 170.936 3 1728 2836 53
T 170.936 4 1718 2843 53
T 170.957 2 1742 2830 53
T 170.958 3 1729 2836 53
T 170.958 4 1719 2843 53
T 170.978 2 1743 2830 53
T 170.978 3 1730 2836 53
T 170.978 4 1720 2843 53
T 170.999 2 1744 2830 53
T 170.999 3 1731 2836 53
T 171.000 4 1721 2843 53
T 171.020 2 1745 2830 53
T 171.021 3 1732 2836 53
T 171.021 4 1722 2843 53
T 171.042 2 1746 2830 53
T 171.042 3 1733 2836 53
T 171.042 4 1723 2843 53
T 171.063 2 1747 2830 53
T 171.063 3 1734 2836 53
T 171.063 4 1724 2843 53
P 171.064 6
F 171.064 6 54
IQ 171.064 6
IS 171.065 6
T 171.084 2 1748 2830 53
T 171.084 3 1735 2836 53
T 171.084 4 1725 2843 53
IE 171.098 5
IR 171.099 5
IA 171.100 5
T 171.106 2 1749 2830 53
T 171.106 3 1736 2836 53
T 171.106 4 1726 2843 53
T 171.170 3 1737 2836 53
T 171.171 4 1727 2843 53
T 171.179 3 1738 2836 53
T 171.179 4 1728 2843 53
T 171.179 5 1750 2852 54
T 171.200 3 1739 2836 53
T 171.200 4 1729 2843 53
T 171.200 5 1751 2852 54
T 171.221 3 1740 2836 53
T 171.221 4 1730 2843 53
T 171.221 5 1752 2852 54
T 171.242 3 1741 2836 53
T 171.242 4 1731 2843 53
T 171.242 5 1753 2852 54
T 171.263 3 1742 2836 53
T 171.263 4 1732 2843 53
T 171.263 5 1754 2852 54
T 171.284 3 1743 2836 53
T 171.284 4 1733 2843 53
T 171.284 5 1755 2852 54
T 171.305 3 1744 2836 53
T 171.305 4 1734 2843 53
T 171.305 5 1756 2852 54
P 171.314 7
F 171.314 7 54
IQ 171.315 7
IS 171.315 7
T 171.326 3 1745 2836 53
T 171.326 4 1735 2843 53
T 171.326 5 1757 2852 54
T 171.347 3 1746 2836 53
T 171.347 4 1736 2843 53
T 171.347 5 1758 2852 54
IE 171.367 6
IR 171.367 6
IA 171.369 6
T 171.370 3 1747 2836 53
T 171.370 4 1737 2843 53
T 171.370 5 1759 2852 54
T 171.389 3 1748 2836 53
T 171.390 4 1738 2843 53
T 171.390 5 1760 2852 54
T 171.455 3 1749 2836 53
T 171.455 4 1739 2843 53
T 171.455 5 1761 2852 54
T 171.464 4 1740 2843 53
T 171.464 5 1762 2852 54
T 171.464 6 1750 2858 54
T 171.484 4 1741 2843 53
T 171.485 5 1763 2852 54
T 171.485 6 1751 2858 54
T 171.505 4 1742 2843 53
T 171.505 5 1764 2852 54
T 171.506 6 1752 2858 54
T 171.527 4 1743 2843 53
T 171.527 5 1765 2852 54
T 171.527 6 1753 2858 54
T 171.548 4 1744 2843 53
T 171.548 5 1766 2852 54
T 171.548 6 1754 2858 54
P 171.563 8
F 171.564 8 54
IQ 171.564 8
IS 171.565 8
T 171.569 4 1745 2843 53
T 171.569 5 1767 2852 54
T 171.569 6 1755 2858 54
T 171.590 4 1746 2843 53
T 171.590 5 1768 2852 54
T 171.590 6 1756 2858 54
T 171.612 4 1747 2843 53
T 171.612 5 1769 2852 54
T 171.612 6 1757 2858 54
IE 171.618 7
IR 171.619 7
IA 171.620 7
T 171.633 4 1748 2843 53
T 171.633 5 1770 2852 54
T 171.633 6 1758 2858 54
T 171.699 4 1749 2843 53
T 171.699 5 1771 2852 54
T 171.699 6 1759 2858 54
T 171.707 5 1772 2852 54
T 171.707 6 1760 2858 54
T 171.707 7 1750 2864 54
T 171.728 5 1773 2852 54
T 171.728 6 1761 2858 54
T 171.728 7 1751 2864 54
T 171.749 5 1774 2852 54
T 171.749 6 1762 2858 54
T 171.749 7 1752 2864 54
T 171.770 5 1775 2852 54
T 171.770 6 1763 2858 54
T 171.770 7 1753 2864 54
T 171.791 5 1776 2852 54
T 171.792 6 1764 2858 54
T 171.792 7 1754 2864 54
T 171.813 5 1777 2852 54
T 171.813 6 1765 2858 54
T 171.813 7 1755 2864 54
P 171.814 1
F 171.814 1 54
IQ 171.814 1
IS 171.815 1
T 171.834 5 1778 2852 54
T 171.834 6 1766 2858 54
T 171.834 7 1756 2864 54
T 171.855 5 1779 2852 54
T 171.855 6 1767 2858 54
T 171.855 7 1757 2864 54
IE 171.858 8
IR 171.859 8
IA 171.860 8
T 171.877 5 1780 2852 54
T 171.877 6 1768 2858 54
T 171.877 7 1758 2864 54
T 171.942 5 1781 2852 54
T 171.943 6 1769 2858 54
T 171.943 7 1759 2864 54
T 171.951 5 1782 2852 54
T 171.951 6 1770 2858 54
T 171.951 7 1760 2864 54
T 171.951 8 1750 2871 54
T 171.972 6 1771 2858 54
T 171.972 7 1761 2864 54
T 171.972 8 1751 2871 54
T 171.993 6 1772 2858 54
T 171.993 7 1762 2864 54
T 171.993 8 1752 2871 54
T 172.014 6 1773 2858 54
T 172.014 7 1763 2864 54
T 172.015 8 1753 2871 54
T 172.036 6 1774 2858 54
T 172.036 7 1764 2864 54
T 172.036 8 1754 2871 54
T 172.057 6 1775 2858 54
T 172.057 7 1765 2864 54
T 172.057 8 1755 2871 54
P 172.065 2
F 172.065 2 54
IQ 172.066 2
IS 172.066 2
T 172.078 6 1776 2858 54
T 172.078 7 1766 2864 54
T 172.079 8 1756 2871 54
IE 172.081 1
IR 172.081 1
IA 172.083 1
T 172.100 6 1777 2858 54
T 172.100 7 1767 2864 54
T 172.100 8 1757 2871 54
T 172.164 6 1778 2858 54
T 172.164 7 1768 2864 54
T 172.165 8 1758 2871 54
T 172.174 6 1779 2858 54
T 172.174 7 1769 2864 54
T 172.174 8 1759 2871 54
T 172.174 1 1750 2877 54
T 172.195 6 1780 2858 54
T 172.195 7 1770 2864 54
T 172.195 8 1760 2871 54
T 172.195 1 1751 2877 54
T 172.216 6 1781 2858 54
T 172.216 7 1771 2864 54
T 172.216 8 1761 2871 54
T 172.217 1 1752 2877 54
T 172.237 6 1782 2858 54
T 172.237 7 1772 2864 54
T 172.238 8 1762 2871 54
T 172.238 1 1753 2877 54
T 172.258 7 1773 2864 54
T 172.258 8 1763 2871 54
T 172.259 1 1754 2877 54
T 172.280 7 1774 2864 54
T 172.280 8 1764 2871 54
T 172.280 1 1755 2877 54
T 172.301 7 1775 2864 54
T 172.301 8 1765 2871 54
T 172.301 1 1756 2877 54
P 172.316 3
F 172.317 3 54
IQ 172.317 3
IS 172.317 3
T 172.322 7 1776 2864 54
T 172.322 8 1766 2871 54
T 172.322 1 1757 2877 54
T 172.343 7 1777 2864 54
T 172.343 8 1767 2871 54
T 172.343 1 1758 2877 54
T 172.364 7 1778 2864 54
IE 172.365 2
T 172.365 8 1768 2871 54
T 172.365 1 1759 2877 54
IR 172.365 2
IA 172.367 2
T 172.387 7 1779 2864 54
T 172.387 8 1769 2871 54
T 172.388 1 1760 2877 54
T 172.452 7 1780 2864 54
T 172.452 8 1770 2871 54
T 172.452 1 1761 2877 54
T 172.461 7 1781 2864 54
T 172.461 8 1771 2871 54
T 172.461 1 1762 2877 54
T 172.461 2 1750 2883 54
T 172.482 7 1782 2864 54
T 172.482 8 1772 2871 54
T 172.482 1 1763 2877 54
T 172.482 2 1751 2883 54
T 172.503 8 1773 2871 54
T 172.503 1 1764 2877 54
T 172.503 2 1752 2883 54
T 172.524 8 1774 2871 54
T 172.524 1 1765 2877 54
T 172.524 2 1753 2883 54
T 172.545 8 1775 2871 54
T 172.545 1 1766 2877 54
T 172.545 2 1754 2883 54
T 172.566 8 1776 2871 54
T 172.567 1 1767 2877 54
T 172.567 2 1755 2883 54
P 172.567 4
F 172.568 4 54
IQ 172.568 4
IS 172.568 4
T 172.587 8 1777 2871 54
T 172.587 1 1768 2877 54
T 172.588 2 1756 2883 54
IE 172.598 3
IR 172.599 3
IA 172.600 3
T 172.609 8 1778 2871 54
T 172.609 1 1769 2877 54
T 172.609 2 1757 2883 54
T 172.674 8 1779 2871 54
T 172.674 1 1770 2877 54
T 172.674 2 1758 2883 54
T 172.683 8 1780 2871 54
T 172.683 1 1771 2877 54
T 172.683 2 1759 2883 54
T 172.683 3 1750 2889 54
T 172.704 8 1781 2871 54
T 172.704 1 1772 2877 54
T 172.704 2 1760 2883 54
T 172.704 3 1751 2889 54
T 172.725 8 1782 2871 54
T 172.725 1 1773 2877 54
T 172.725 2 1761 2883 54
T 172.725 3 1752 2889 54
T 172.746 1 1774 2877 54
T 172.746 2 1762 2883 54
T 172.747 3 1753 2889 54
T 172.767 1 1775 2877 54
T 172.768 2 1763 2883 54
T 172.768 3 1754 2889 54
T 172.789 1 1776 2877 54
T 172.789 2 1764 2883 54
T 172.789 3 1755 2889 54
T 172.810 1 1777 2877 54
T 172.810 2 1765 2883 54
T 172.810 3 1756 2889 54
P 172.816 5
F 172.817 5 55
IQ 172.817 5
IS 172.818 5
T 172.831 1 1778 2877 54
T 172.831 2 1766 2883 54
T 172.831 3 1757 2889 54
T 172.852 1 1779 2877 54
T 172.852 2 1767 2883 54
T 172.852 3 1758 2889 54
IE 172.854 4
IR 172.854 4
IA 172.856 4
T 172.874 1 1780 2877 54
T 172.874 2 1768 2883 54
T 172.874 3 1759 2889 54
T 172.940 1 1781 2877 54
T 172.940 2 1769 2883 54
T 172.940 3 1760 2889 54
T 172.949 1 1782 2877 54
T 172.949 2 1770 2883 54
T 172.949 3 1761 2889 54
T 172.949 4 1750 2896 54
T 172.970 2 1771 2883 54
T 172.970 3 1762 2889 54
T 172.970 4 1751 2896 54
T 172.991 2 1772 2883 54
T 172.991 3 1763 2889 54
T 172.991 4 1752 2896 54
T 173.012 2 1773 2883 54
T 173.012 3 1764 2889 54
T 173.012 4 1753 2896 54
T 173.034 2 1774 2883 54
T 173.034 3 1765 2889 54
T 173.034 4 1754 2896 54
IE 173.035 5
IR 173.036 5
IA 173.037 5
T 173.055 2 1775 2883 54
T 173.055 3 1766 2889 54
T 173.055 4 1755 2896 54
P 173.067 6
F 173.067 6 55
IQ 173.068 6
IS 173.068 6
T 173.121 2 1776 2883 54
T 173.121 3 1767 2889 54
T 173.121 4 1756 2896 54
T 173.130 2 1777 2883 54
T 173.130 3 1768 2889 54
T 173.130 4 1757 2896 54
T 173.130 5 1783 2905 55
T 173.151 2 1778 2883 54
T 173.151 3 1769 2889 54
T 173.151 4 1758 2896 54
T 173.151 5 1784 2905 55
T 173.172 2 1779 2883 54
T 173.172 3 1770 2889 54
T 173.172 4 1759 2896 54
T 173.173 5 1785 2905 55
T 173.194 2 1780 2883 54
T 173.194 3 1771 2889 54
T 173.194 4 1760 2896 54
T 173.194 5 1786 2905 55
T 173.215 2 1781 2883 54
T 173.215 3 1772 2889 54
T 173.215 4 1761 2896 54
T 173.215 5 1787 2905 55
T 173.236 2 1782 2883 54
T 173.237 3 1773 2889 54
T 173.237 4 1762 2896 54
T 173.237 5 1788 2905 55
T 173.258 3 1774 2889 54
T 173.258 4 1763 2896 54
T 173.258 5 1789 2905 55
T 173.279 3 1775 2889 54
T 173.279 4 1764 2896 54
T 173.279 5 1790 2905 55
T 173.300 3 1776 2889 54
T 173.300 4 1765 2896 54
T 173.301 5 1791 2905 55
P 173.317 7
F 173.318 7 55
IQ 173.318 7
IS 173.318 7
T 173.322 3 1777 2889 54
T 173.322 4 1766 2896 54
T 173.322 5 1792 2905 55
IE 173.342 6
IR 173.343 6
IA 173.344 6
T 173.345 3 1778 2889 54
T 173.345 4 1767 2896 54
T 173.345 5 1793 2905 55
T 173.365 3 1779 2889 54
T 173.365 4 1768 2896 54
T 173.365 5 1794 2905 55
T 173.430 3 1780 2889 54
T 173.431 4 1769 2896 54
T 173.431 5 1795 2905 55
T 173.440 3 1781 2889 54
T 173.440 4 1770 2896 54
T 173.440 5 1796 2905 55
T 173.440 6 1783 2911 55
T 173.461 3 1782 2889 54
T 173.461 4 1771 2896 54
T 173.461 5 1797 2905 55
T 173.462 6 1784 2911 55
T 173.483 4 1772 2896 54
T 173.483 5 1798 2905 55
T 173.483 6 1785 2911 55
T 173.504 4 1773 2896 54
T 173.504 5 1799 2905 55
T 173.504 6 1786 2911 55
T 173.526 4 1774 2896 54
T 173.526 5 1800 2905 55
T 173.526 6 1787 2911 55
IE 173.542 7
IR 173.542 7
IA 173.543 7
T 173.548 4 1775 2896 54
T 173.548 5 1801 2905 55
T 173.548 6 1788 2911 55
P 173.568 8
F 173.569 8 55
IQ 173.569 8
IS 173.569 8
T 173.614 4 1776 2896 54
T 173.614 5 1802 2905 55
T 173.614 6 1789 2911 55
T 173.623 4 1777 2896 54
T 173.623 5 1803 2905 55
T 173.623 6 1790 2911 55
T 173.623 7 1783 2917 55
T 173.644 4 1778 2896 54
T 173.644 5 1804 2905 55
T 173.644 6 1791 2911 55
T 173.644 7 1784 2917 55
T 173.665 4 1779 2896 54
T 173.666 5 1805 2905 55
T 173.666 6 1792 2911 55
T 173.666 7 1785 2917 55
T 173.687 4 1780 2896 54
T 173.687 5 1806 2905 55
T 173.687 6 1793 2911 55
T 173.687 7 1786 2917 55
T 173.708 4 1781 2896 54
T 173.709 5 1807 2905 55
T 173.709 6 1794 2911 55
T 173.709 7 1787 2917 55
T 173.730 4 1782 2896 54
T 173.730 5 1808 2905 55
T 173.730 6 1795 2911 55
T 173.730 7 1788 2917 55
T 173.751 5 1809 2905 55
T 173.751 6 1796 2911 55
T 173.751 7 1789 2917 55
T 173.773 5 1810 2905 55
T 173.773 6 1797 2911 55
T 173.773 7 1790 2917 55
T 173.794 5 1811 2905 55
T 173.794 6 1798 2911 55
T 173.794 7 1791 2917 55
T 173.816 5 1812 2905 55
T 173.816 6 1799 2911 55
T 173.816 7 1792 2917 55
P 173.817 1
F 173.818 1 55
IQ 173.818 1
IS 173.818 1
T 173.837 5 1813 2905 55
T 173.837 6 1800 2911 55
T 173.837 7 1793 2917 55
IE 173.841 8
IR 173.841 8
IA 173.842 8
T 173.859 5 1814 2905 55
T 173.859 6 1801 2911 55
T 173.859 7 1794 2917 55
T 173.924 5 1815 2905 55
T 173.924 6 1802 2911 55
T 173.924 7 1795 2917 55
T 173.934 6 1803 2911 55
T 173.934 7 1796 2917 55
T 173.934 8 1783 2924 55
T 173.955 6 1804 2911 55
T 173.955 7 1797 2917 55
T 173.955 8 1784 2924 55
T 173.977 6 1805 2911 55
T 173.977 7 1798 2917 55
T 173.977 8 1785 2924 55
T 173.998 6 1806 2911 55
T 173.998 7 1799 2917 55
T 173.998 8 1786 2924 55
T 174.019 6 1807 2911 55
T 174.019 7 1800 2917 55
T 174.019 8 1787 2924 55
IE 174.032 1
IR 174.033 1
IA 174.034 1
T 174.041 6 1808 2911 55
T 174.041 7 1801 2917 55
T 174.041 8 1788 2924 55
P 174.068 2
F 174.068 2 55
IQ 174.069 2
IS 174.069 2
T 174.107 6 1809 2911 55
T 174.107 7 1802 2917 55
T 174.107 8 1789 2924 55
T 174.116 6 1810 2911 55
T 174.116 7 1803 2917 55
T 174.116 8 1790 2924 55
T 174.116 1 1783 2930 55
T 174.137 6 1811 2911 55
T 174.137 7 1804 2917 55
T 174.137 8 1791 2924 55
T 174.138 1 1784 2930 55
T 174.159 6 1812 2911 55
T 174.159 7 1805 2917 55
T 174.159 8 1792 2924 55
T 174.159 1 1785 2930 55
T 174.180 6 1813 2911 55
T 174.180 7 1806 2917 55
T 174.181 8 1793 2924 55
T 174.181 1 1786 2930 55
T 174.202 6 1814 2911 55
T 174.202 7 1807 2917 55
T 174.202 8 1794 2924 55
T 174.202 1 1787 2930 55
T 174.224 6 1815 2911 55
T 174.224 7 1808 2917 55
T 174.224 8 1795 2924 55
T 174.224 1 1788 2930 55
T 174.245 7 1809 2917 55
T 174.245 8 1796 2924 55
T 174.245 1 1789 2930 55
T 174.266 7 1810 2917 55
T 174.267 8 1797 2924 55
T 174.267 1 1790 2930 55
T 174.288 7 1811 2917 55
T 174.288 8 1798 2924 55
T 174.288 1 1791 2930 55
T 174.309 7 1812 2917 55
T 174.310 8 1799 2924 55
T 174.310 1 1792 2930 55
P 174.321 3
F 174.321 3 55
IQ 174.322 3
IS 174.322 3
T 174.331 7 1813 2917 55
T 174.331 8 1800 2924 55
T 174.331 1 1793 2930 55
T 174.353 7 1814 2917 55
T 174.353 8 1801 2924 55
T 174.353 1 1794 2930 55
IE 174.356 2
IR 174.356 2
IA 174.358 2
T 174.375 7 1815 2917 55
T 174.375 8 1802 2924 55
T 174.375 1 1795 2930 55
T 174.440 8 1803 2924 55
T 174.440 1 1796 2930 55
T 174.449 8 1804 2924 55
T 174.449 1 1797 2930 55
T 174.449 2 1783 2936 55
T 174.470 8 1805 2924 55
T 174.470 1 1798 2930 55
T 174.471 2 1784 2936 55
T 174.492 8 1806 2924 55
T 174.492 1 1799 2930 55
T 174.492 2 1785 2936 55
T 174.513 8 1807 2924 55
T 174.513 1 1800 2930 55
T 174.513 2 1786 2936 55
T 174.535 8 1808 2924 55
T 174.535 1 1801 2930 55
T 174.535 2 1787 2936 55
IE 174.538 3
IR 174.538 3
IA 174.540 3
T 174.556 8 1809 2924 55
T 174.556 1 1802 2930 55
T 174.556 2 1788 2936 55
P 174.569 4
F 174.569 4 55
IQ 174.570 4
IS 174.570 4
T 174.622 8 1810 2924 55
T 174.622 1 1803 2930 55
T 174.622 2 1789 2936 55
T 174.632 8 1811 2924 55
T 174.632 1 1804 2930 55
T 174.632 2 1790 2936 55
T 174.632 3 1783 2942 55
T 174.653 8 1812 2924 55
T 174.653 1 1805 2930 55
T 174.653 2 1791 2936 55
T 174.653 3 1784 2942 55
T 174.674 8 1813 2924 55
T 174.674 1 1806 2930 55
T 174.675 2 1792 2936 55
T 174.675 3 1785 2942 55
T 174.696 8 1814 2924 55
T 174.696 1 1807 2930 55
T 174.696 2 1793 2936 55
T 174.696 3 1786 2942 55
T 174.717 8 1815 2924 55
T 174.717 1 1808 2930 55
T 174.717 2 1794 2936 55
T 174.717 3 1787 2942 55
T 174.738 1 1809 2930 55
T 174.739 2 1795 2936 55
T 174.739 3 1788 2942 55
T 174.760 1 1810 2930 55
T 174.760 2 1796 2936 55
T 174.760 3 1789 2942 55
T 174.782 1 1811 2930 55
T 174.782 2 1797 2936 55
T 174.782 3 1790 2942 55
T 174.803 1 1812 2930 55
T 174.803 2 1798 2936 55
T 174.803 3 1791 2942 55
P 174.820 5
F 174.820 5 56
IQ 174.820 5
IS 174.821 5
T 174.825 1 1813 2930 55
T 174.825 2 1799 2936 55
T 174.825 3 1792 2942 55
T 174.847 1 1814 2930 55
T 174.847 2 1800 2936 55
T 174.847 3 1793 2942 55
IE 174.854 4
IR 174.855 4
IA 174.856 4
T 174.868 1 1815 2930 55
T 174.868 2 1801 2936 55
T 174.868 3 1794 2942 55
T 174.933 2 1802 2936 55
T 174.933 3 1795 2942 55
T 174.942 2 1803 2936 55
T 174.942 3 1796 2942 55
T 174.942 4 1783 2949 55
T 174.964 2 1804 2936 55
T 174.964 3 1797 2942 55
T 174.964 4 1784 2949 55
T 174.984 2 1805 2936 55
T 174.985 3 1798 2942 55
T 174.985 4 1785 2949 55
T 175.006 2 1806 2936 55
T 175.006 3 1799 2942 55
T 175.006 4 1786 2949 55
T 175.027 2 1807 2936 55
T 175.027 3 1800 2942 55
T 175.027 4 1787 2949 55
IE 175.040 5
IR 175.040 5
IA 175.042 5
T 175.048 2 1808 2936 55
T 175.048 3 1801 2942 55
T 175.049 4 1788 2949 55
P 175.070 6
F 175.071 6 56
IQ 175.071 6
IS 175.071 6
T 175.115 2 1809 2936 55
T 175.115 3 1802 2942 55
T 175.115 4 1789 2949 55
T 175.123 2 1810 2936 55
T 175.123 3 1803 2942 55
T 175.123 4 1790 2949 55
T 175.124 5 1816 2958 56
T 175.145 2 1811 2936 55
T 175.145 3 1804 2942 55
T 175.145 4 1791 2949 55
T 175.145 5 1817 2958 56
T 175.166 2 1812 2936 55
T 175.166 3 1805 2942 55
T 175.166 4 1792 2949 55
T 175.166 5 1818 2958 56
T 175.187 2 1813 2936 55
T 175.187 3 1806 2942 55
T 175.188 4 1793 2949 55
T 175.188 5 1819 2958 56
T 175.209 2 1814 2936 55
T 175.209 3 1807 2942 55
T 175.209 4 1794 2949 55
T 175.209 5 1820 2958 56
T 175.230 2 1815 2936 55
T 175.230 3 1808 2942 55
T 175.230 4 1795 2949 55
T 175.230 5 1821 2958 56
T 175.251 3 1809 2942 55
T 175.252 4 1796 2949 55
T 175.252 5 1822 2958 56
T 175.273 3 1810 2942 55
T 175.273 4 1797 2949 55
T 175.273 5 1823 2958 56
T 175.294 3 1811 2942 55
T 175.295 4 1798 2949 55
T 175.295 5 1824 2958 56
IE 175.313 6
IR 175.313 6
IA 175.315 6
T 175.316 3 1812 2942 55
T 175.316 4 1799 2949 55
T 175.317 5 1825 2958 56
P 175.321 7
F 175.321 7 56
IQ 175.322 7
IS 175.322 7
T 175.338 3 1813 2942 55
T 175.338 4 1800 2949 55
T 175.338 5 1826 2958 56
T 175.404 3 1814 2942 55
T 175.404 4 1801 2949 55
T 175.404 5 1827 2958 56
T 175.413 3 1815 2942 55
T 175.413 4 1802 2949 55
T 175.413 5 1828 2958 56
T 175.413 6 1816 2964 56
T 175.435 4 1803 2949 55
T 175.435 5 1829 2958 56
T 175.435 6 1817 2964 56
T 175.456 4 1804 2949 55
T 175.456 5 1830 2958 56
T 175.456 6 1818 2964 56
T 175.477 4 1805 2949 55
T 175.477 5 1831 2958 56
T 175.477 6 1819 2964 56
T 175.499 4 1806 2949 55
T 175.499 5 1832 2958 56
T 175.499 6 1820 2964 56
T 175.520 4 1807 2949 55
T 175.521 5 1833 2958 56
T 175.521 6 1821 2964 56
T 175.542 4 1808 2949 55
T 175.542 5 1834 2958 56
T 175.542 6 1822 2964 56
T 175.564 4 1809 2949 55
T 175.564 5 1835 2958 56
T 175.564 6 1823 2964 56
IE 175.566 7
IR 175.566 7
IA 175.568 7
P 175.572 8
F 175.572 8 56
IQ 175.573 8
IS 175.573 8
T 175.585 4 1810 2949 55
T 175.586 5 1836 2958 56
T 175.586 6 1824 2964 56
T 175.652 4 1811 2949 55
T 175.653 5 1837 2958 56
T 175.653 6 1825 2964 56
T 175.662 4 1812 2949 55
T 175.662 5 1838 2958 56
T 175.662 6 1826 2964 56
T 175.662 7 1816 2970 56
T 175.683 4 1813 2949 55
T 175.683 5 1839 2958 56
T 175.683 6 1827 2964 56
T 175.683 7 1817 2970 56
T 175.704 4 1814 2949 55
T 175.704 5 1840 2958 56
T 175.704 6 1828 2964 56
T 175.705 7 1818 2970 56
T 175.726 4 1815 2949 55
T 175.726 5 1841 2958 56
T 175.726 6 1829 2964 56
T 175.726 7 1819 2970 56
T 175.747 5 1842 2958 56
T 175.747 6 1830 2964 56
T 175.747 7 1820 2970 56
T 175.768 5 1843 2958 56
T 175.768 6 1831 2964 56
T 175.769 7 1821 2970 56
T 175.790 5 1844 2958 56
T 175.790 6 1832 2964 56
T 175.790 7 1822 2970 56
IE 175.810 8
IR 175.811 8
IA 175.812 8
T 175.814 5 1845 2958 56
T 175.814 6 1833 2964 56
T 175.814 7 1823 2970 56
P 175.822 1
F 175.823 1 56
IQ 175.823 1
IS 175.824 1
T 175.834 5 1846 2958 56
T 175.834 6 1834 2964 56
T 175.834 7 1824 2970 56
T 175.900 5 1847 2958 56
T 175.900 6 1835 2964 56
T 175.900 7 1825 2970 56
T 175.909 5 1848 2958 56
T 175.909 6 1836 2964 56
T 175.909 7 1826 2970 56
T 175.909 8 1816 2977 56
T 175.930 6 1837 2964 56
T 175.930 7 1827 2970 56
T 175.930 8 1817 2977 56
T 175.951 6 1838 2964 56
T 175.951 7 1828 2970 56
T 175.951 8 1818 2977 56
T 175.972 6 1839 2964 56
T 175.973 7 1829 2970 56
T 175.973 8 1819 2977 56
T 175.994 6 1840 2964 56
T 175.994 7 1830 2970 56
T 175.994 8 1820 2977 56
T 176.015 6 1841 2964 56
T 176.015 7 1831 2970 56
T 176.015 8 1821 2977 56
T 176.036 6 1842 2964 56
T 176.037 7 1832 2970 56
T 176.037 8 1822 2977 56
T 176.058 6 1843 2964 56
T 176.058 7 1833 2970 56
T 176.058 8 1823 2977 56
P 176.073 2
F 176.073 2 56
IQ 176.073 2
IS 176.074 2
T 176.080 6 1844 2964 56
T 176.080 7 1834 2970 56
T 176.080 8 1824 2977 56
IE 176.092 1
IR 176.092 1
IA 176.094 1
T 176.101 6 1845 2964 56
T 176.101 7 1835 2970 56
T 176.101 8 1825 2977 56
T 176.167 6 1846 2964 56
T 176.167 7 1836 2970 56
T 176.167 8 1826 2977 56
T 176.177 6 1847 2964 56
T 176.177 7 1837 2970 56
T 176.177 8 1827 2977 56
T 176.177 1 1816 2983 56
T 176.198 6 1848 2964 56
T 176.198 7 1838 2970 56
T 176.198 8 1828 2977 56
T 176.198 1 1817 2983 56
T 176.219 7 1839 2970 56
T 176.219 8 1829 2977 56
T 176.219 1 1818 2983 56
T 176.241 7 1840 2970 56
T 176.241 8 1830 2977 56
T 176.241 1 1819 2983 56
T 176.262 7 1841 2970 56
T 176.262 8 1831 2977 56
T 176.262 1 1820 2983 56
T 176.284 7 1842 2970 56
T 176.284 8 1832 2977 56
T 176.284 1 1821 2983 56
T 176.305 7 1843 2970 56
T 176.305 8 1833 2977 56
T 176.305 1 1822 2983 56
IE 176.322 2
IR 176.323 2
P 176.324 3
IA 176.325 2
F 176.326 3 56
IQ 176.326 3
IS 176.327 3
T 176.327 7 1844 2970 56
T 176.328 8 1834 2977 56
T 176.328 1 1823 2983 56
T 176.348 7 1845 2970 56
T 176.349 8 1835 2977 56
T 176.349 1 1824 2983 56
T 176.413 7 1846 2970 56
T 176.413 8 1836 2977 56
T 176.413 1 1825 2983 56
T 176.423 7 1847 2970 56
T 176.423 8 1837 2977 56
T 176.423 1 1826 2983 56
T 176.423 2 1816 2989 56
T 176.444 7 1848 2970 56
T 176.444 8 1838 2977 56
T 176.444 1 1827 2983 56
T 176.444 2 1817 2989 56
T 176.465 8 1839 2977 56
T 176.465 1 1828 2983 56
T 176.466 2 1818 2989 56
T 176.487 8 1840 2977 56
T 176.487 1 1829 2983 56
T 176.487 2 1819 2989 56
T 176.508 8 1841 2977 56
T 176.508 1 1830 2983 56
T 176.508 2 1820 2989 56
T 176.530 8 1842 2977 56
T 176.530 1 1831 2983 56
T 176.530 2 1821 2989 56
T 176.551 8 1843 2977 56
T 176.551 1 1832 2983 56
T 176.551 2 1822 2989 56
T 176.573 8 1844 2977 56
T 176.573 1 1833 2983 56
T 176.574 2 1823 2989 56
P 176.574 4
F 176.575 4 56
IQ 176.575 4
IS 176.575 4
T 176.595 8 1845 2977 56
T 176.595 1 1834 2983 56
T 176.595 2 1824 2989 56
IE 176.600 3
IR 176.601 3
IA 176.602 3
T 176.617 8 1846 2977 56
T 176.617 1 1835 2983 56
T 176.617 2 1825 2989 56
T 176.682 8 1847 2977 56
T 176.682 1 1836 2983 56
T 176.682 2 1826 2989 56
T 176.691 8 1848 2977 56
T 176.692 1 1837 2983 56
T 176.692 2 1827 2989 56
T 176.692 3 1816 2995 56
T 176.712 1 1838 2983 56
T 176.713 2 1828 2989 56
T 176.713 3 1817 2995 56
T 176.734 1 1839 2983 56
T 176.734 2 1829 2989 56
T 176.734 3 1818 2995 56
T 176.755 1 1840 2983 56
T 176.755 2 1830 2989 56
T 176.755 3 1819 2995 56
T 176.777 1 1841 2983 56
T 176.777 2 1831 2989 56
T 176.777 3 1820 2995 56
T 176.798 1 1842 2983 56
T 176.798 2 1832 2989 56
T 176.798 3 1821 2995 56
T 176.820 1 1843 2983 56
T 176.820 2 1833 2989 56
T 176.820 3 1822 2995 56
P 176.824 5
F 176.825 5 57
IQ 176.825 5
IS 176.825 5
T 176.841 1 1844 2983 56
T 176.841 2 1834 2989 56
T 176.842 3 1823 2995 56
T 176.863 1 1845 2983 56
T 176.863 2 1835 2989 56
T 176.863 3 1824 2995 56
IE 176.879 4
IR 176.879 4
IA 176.880 4
T 176.884 1 1846 2983 56
T 176.884 2 1836 2989 56
T 176.884 3 1825 2995 56
T 176.951 1 1847 2983 56
T 176.951 2 1837 2989 56
T 176.951 3 1826 2995 56
T 176.960 1 1848 2983 56
T 176.960 2 1838 2989 56
T 176.960 3 1827 2995 56
T 176.960 4 1816 3002 56
T 176.981 2 1839 2989 56
T 176.981 3 1828 2995 56
T 176.981 4 1817 3002 56
T 177.003 2 1840 2989 56
T 177.003 3 1829 2995 56
T 177.003 4 1818 3002 56
T 177.024 2 1841 2989 56
T 177.024 3 1830 2995 56
T 177.024 4 1819 3002 56
T 177.045 2 1842 2989 56
T 177.045 3 1831 2995 56
T 177.045 4 1820 3002 56
T 177.067 2 1843 2989 56
T 177.067 3 1832 2995 56
T 177.067 4 1821 3002 56
P 177.076 6
F 177.077 6 57
IQ 177.077 6
IS 177.077 6
T 177.088 2 1844 2989 56
T 177.088 3 1833 2995 56
T 177.088 4 1822 3002 56
T 177.110 2 1845 2989 56
T 177.110 3 1834 2995 56
T 177.110 4 1823 3002 56
IE 177.123 5
IR 177.123 5
IA 177.125 5
T 177.132 2 1846 2989 56
T 177.132 3 1835 2995 56
T 177.132 4 1824 3002 56
T 177.197 2 1847 2989 56
T 177.197 3 1836 2995 56
T 177.197 4 1825 3002 56
T 177.207 2 1848 2989 56
T 177.207 3 1837 2995 56
T 177.207 4 1826 3002 56
T 177.207 5 1849 3011 57
T 177.228 3 1838 2995 56
T 177.228 4 1827 3002 56
T 177.228 5 1850 3011 57
T 177.249 3 1839 2995 56
T 177.250 4 1828 3002 56
T 177.250 5 1851 3011 57
T 177.271 3 1840 2995 56
T 177.271 4 1829 3002 56
T 177.271 5 1852 3011 57
T 177.292 3 1841 2995 56
T 177.292 4 1830 3002 56
T 177.293 5 1853 3011 57
T 177.314 3 1842 2995 56
T 177.314 4 1831 3002 56
T 177.314 5 1854 3011 57
P 177.325 7
F 177.326 7 57
IQ 177.326 7
IS 177.326 7
T 177.338 3 1843 2995 56
T 177.338 4 1832 3002 56
T 177.338 5 1855 3011 57
IE 177.344 6
IR 177.344 6
IA 177.346 6
T 177.357 3 1844 2995 56
T 177.357 4 1833 3002 56
T 177.358 5 1856 3011 57
T 177.423 3 1845 2995 56
T 177.423 4 1834 3002 56
T 177.423 5 1857 3011 57
T 177.432 3 1846 2995 56
T 177.433 4 1835 3002 56
T 177.433 5 1858 3011 57
T 177.433 6 1849 3017 57
T 177.454 3 1847 2995 56
T 177.454 4 1836 3002 56
T 177.454 5 1859 3011 57
T 177.454 6 1850 3017 57
T 177.475 3 1848 2995 56
T 177.476 4 1837 3002 56
T 177.476 5 1860 3011 57
T 177.476 6 1851 3017 57
T 177.497 4 1838 3002 56
T 177.497 5 1861 3011 57
T 177.497 6 1852 3017 57
T 177.518 4 1839 3002 56
T 177.518 5 1862 3011 57
T 177.518 6 1853 3017 57
T 177.539 4 1840 3002 56
T 177.539 5 1863 3011 57
T 177.540 6 1854 3017 57
T 177.561 4 1841 3002 56
T 177.561 5 1864 3011 57
T 177.561 6 1855 3017 57
P 177.576 8
F 177.576 8 57
IQ 177.577 8
IS 177.577 8
T 177.582 4 1842 3002 56
T 177.582 5 1865 3011 57
T 177.582 6 1856 3017 57
T 177.604 4 1843 3002 56
T 177.604 5 1866 3011 57
T 177.604 6 1857 3017 57
IE 177.623 7
IR 177.623 7
IA 177.624 7
T 177.626 4 1844 3002 56
T 177.626 5 1867 3011 57
T 177.626 6 1858 3017 57
T 177.647 4 1845 3002 56
T 177.647 5 1868 3011 57
T 177.647 6 1859 3017 57
T 177.713 4 1846 3002 56
T 177.713 5 1869 3011 57
T 177.713 6 1860 3017 57
T 177.722 4 1847 3002 56
T 177.723 5 1870 3011 57
T 177.723 6 1861 3017 57
T 177.723 7 1849 3023 57
T 177.744 4 1848 3002 56
T 177.744 5 1871 3011 57
T 177.744 6 1862 3017 57
T 177.744 7 1850 3023 57
T 177.765 5 1872 3011 57
T 177.765 6 1863 3017 57
T 177.765 7 1851 3023 57
IE 177.781 8
IR 177.782 8
IA 177.783 8
T 177.787 5 1873 3011 57
T 177.787 6 1864 3017 57
T 177.787 7 1852 3023 57
T 177.808 5 1874 3011 57
T 177.808 6 1865 3017 57
T 177.808 7 1853 3023 57
P 177.827 1
F 177.828 1 57
IQ 177.828 1
IS 177.828 1
T 177.874 5 1875 3011 57
T 177.874 6 1866 3017 57
T 177.874 7 1854 3023 57
T 177.883 5 1876 3011 57
T 177.883 6 1867 3017 57
T 177.883 7 1855 3023 57
T 177.883 8 1849 3030 57
T 177.905 5 1877 3011 57
T 177.905 6 1868 3017 57
T 177.905 7 1856 3023 57
T 177.905 8 1850 3030 57
T 177.926 5 1878 3011 57
T 177.926 6 1869 3017 57
T 177.926 7 1857 3023 57
T 177.926 8 1851 3030 57
T 177.947 5 1879 3011 57
T 177.948 6 1870 3017 57
T 177.948 7 1858 3023 57
T 177.948 8 1852 3030 57
T 177.969 5 1880 3011 57
T 177.969 6 1871 3017 57
T 177.969 7 1859 3023 57
T 177.970 8 1853 3030 57
T 177.991 5 1881 3011 57
T 177.991 6 1872 3017 57
T 177.991 7 1860 3023 57
T 177.991 8 1854 3030 57
T 178.012 6 1873 3017 57
T 178.012 7 1861 3023 57
T 178.012 8 1855 3030 57
T 178.033 6 1874 3017 57
T 178.033 7 1862 3023 57
T 178.033 8 1856 3030 57
T 178.055 6 1875 3017 57
T 178.055 7 1863 3023 57
T 178.055 8 1857 3030 57
T 178.077 6 1876 3017 57
T 178.077 7 1864 3023 57
T 178.077 8 1858 3030 57
P 178.078 2
F 178.078 2 57
IQ 178.078 2
IS 178.079 2
T 178.098 6 1877 3017 57
T 178.098 7 1865 3023 57
T 178.098 8 1859 3030 57
T 178.119 6 1878 3017 57
T 178.119 7 1866 3023 57
T 178.120 8 1860 3030 57
IE 178.126 1
IR 178.126 1
IA 178.127 1
T 178.140 6 1879 3017 57
T 178.141 7 1867 3023 57
T 178.141 8 1861 3030 57
T 178.206 6 1880 3017 57
T 178.206 7 1868 3023 57
T 178.206 8 1862 3030 57
T 178.216 6 1881 3017 57
T 178.216 7 1869 3023 57
T 178.216 8 1863 3030 57
T 178.216 1 1849 3036 57
T 178.237 7 1870 3023 57
T 178.237 8 1864 3030 57
T 178.237 1 1850 3036 57
T 178.259 7 1871 3023 57
T 178.259 8 1865 3030 57
T 178.259 1 1851 3036 57
T 178.280 7 1872 3023 57
T 178.280 8 1866 3030 57
T 178.280 1 1852 3036 57
IE 178.295 2
IR 178.296 2
IA 178.297 2
T 178.302 7 1873 3023 57
T 178.302 8 1867 3030 57
T 178.302 1 1853 3036 57
P 178.328 3
F 178.328 3 57
IQ 178.329 3
IS 178.329 3
T 178.368 7 1874 3023 57
T 178.369 8 1868 3030 57
T 178.369 1 1854 3036 57
T 178.378 7 1875 3023 57
T 178.378 8 1869 3030 57
T 178.378 1 1855 3036 57
T 178.378 2 1849 3042 57
T 178.399 7 1876 3023 57
T 178.399 8 1870 3030 57
T 178.399 1 1856 3036 57
T 178.399 2 1850 3042 57
T 178.420 7 1877 3023 57
T 178.420 8 1871 3030 57
T 178.421 1 1857 3036 57
T 178.421 2 1851 3042 57
T 178.442 7 1878 3023 57
T 178.442 8 1872 3030 57
T 178.442 1 1858 3036 57
T 178.442 2 1852 3042 57
T 178.463 7 1879 3023 57
T 178.463 8 1873 3030 57
T 178.463 1 1859 3036 57
T 178.464 2 1853 3042 57
T 178.485 7 1880 3023 57
T 178.485 8 1874 3030 57
T 178.485 1 1860 3036 57
T 178.485 2 1854 3042 57
T 178.507 7 1881 3023 57
T 178.507 8 1875 3030 57
T 178.507 1 1861 3036 57
T 178.507 2 1855 3042 57
T 178.528 8 1876 3030 57
T 178.528 1 1862 3036 57
T 178.528 2 1856 3042 57
T 178.549 8 1877 3030 57
T 178.550 1 1863 3036 57
T 178.550 2 1857 3042 57
T 178.571 8 1878 3030 57
T 178.571 1 1864 3036 57
T 178.571 2 1858 3042 57
P 178.579 4
F 178.580 4 57
IQ 178.580 4
IS 178.580 4
IE 178.584 3
IR 178.585 3
IA 178.586 3
T 178.592 8 1879 3030 57
T 178.593 1 1865 3036 57
T 178.593 2 1859 3042 57
T 178.658 8 1880 3030 57
T 178.658 1 1866 3036 57
T 178.659 2 1860 3042 57
T 178.668 8 1881 3030 57
T 178.668 1 1867 3036 57
T 178.668 2 1861 3042 57
T 178.668 3 1849 3048 57
T 178.689 1 1868 3036 57
T 178.689 2 1862 3042 57
T 178.689 3 1850 3048 57
T 178.710 1 1869 3036 57
T 178.710 2 1863 3042 57
T 178.710 3 1851 3048 57
T 178.732 1 1870 3036 57
T 178.732 2 1864 3042 57
T 178.732 3 1852 3048 57
T 178.753 1 1871 3036 57
T 178.753 2 1865 3042 57
T 178.753 3 1853 3048 57
T 178.775 1 1872 3036 57
T 178.775 2 1866 3042 57
T 178.775 3 1854 3048 57
IE 178.783 4
IR 178.794 4
IA 178.795 4
T 178.797 1 1873 3036 57
T 178.797 2 1867 3042 57
T 178.797 3 1855 3048 57
T 178.818 1 1874 3036 57
T 178.818 2 1868 3042 57
T 178.818 3 1856 3048 57
P 178.828 5
F 178.829 5 58
IQ 178.829 5
IS 178.829 5
T 178.884 1 1875 3036 57
T 178.885 2 1869 3042 57
T 178.885 3 1857 3048 57
T 178.894 1 1876 3036 57
T 178.894 2 1870 3042 57
T 178.894 3 1858 3048 57
T 178.894 4 1849 3055 57
T 178.915 1 1877 3036 57
T 178.916 2 1871 3042 57
T 178.916 3 1859 3048 57
T 178.916 4 1850 3055 57
T 178.937 1 1878 3036 57
T 178.937 2 1872 3042 57
T 178.937 3 1860 3048 57
T 178.937 4 1851 3055 57
T 178.958 1 1879 3036 57
T 178.958 2 1873 3042 57
T 178.958 3 1861 3048 57
T 178.958 4 1852 3055 57
T 178.980 1 1880 3036 57
T 178.980 2 1874 3042 57
T 178.980 3 1862 3048 57
T 178.980 4 1853 3055 57
T 179.001 1 1881 3036 57
T 179.001 2 1875 3042 57
T 179.001 3 1863 3048 57
T 179.001 4 1854 3055 57
T 179.022 2 1876 3042 57
T 179.023 3 1864 3048 57
T 179.023 4 1855 3055 57
T 179.044 2 1877 3042 57
T 179.045 3 1865 3048 57
T 179.045 4 1856 3055 57
T 179.065 2 1878 3042 57
T 179.066 3 1866 3048 57
T 179.066 4 1857 3055 57
P 179.079 6
F 179.079 6 58
IQ 179.080 6
IS 179.080 6
T 179.087 2 1879 3042 57
T 179.088 3 1867 3048 57
T 179.088 4 1858 3055 57
IE 179.106 5
IR 179.107 5
IA 179.107 5
T 179.108 2 1880 3042 57
T 179.108 3 1868 3048 57
T 179.109 4 1859 3055 57
T 179.130 2 1881 3042 57
T 179.130 3 1869 3048 57
T 179.130 4 1860 3055 57
T 179.195 3 1870 3048 57
T 179.195 4 1861 3055 57
T 179.205 3 1871 3048 57
T 179.205 4 1862 3055 57
T 179.205 5 1882 3064 58
T 179.226 3 1872 3048 57
T 179.226 4 1863 3055 57
T 179.226 5 1883 3064 58
T 179.247 3 1873 3048 57
T 179.247 4 1864 3055 57
T 179.248 5 1884 3064 58
IE 179.267 6
IR 179.267 6
IA 179.269 6
T 179.270 3 1874 3048 57
T 179.270 4 1865 3055 57
T 179.270 5 1885 3064 58
T 179.291 3 1875 3048 57
T 179.291 4 1866 3055 57
T 179.291 5 1886 3064 58
P 179.329 7
F 179.329 7 58
IQ 179.330 7
IS 179.330 7
T 179.356 3 1876 3048 57
T 179.356 4 1867 3055 57
T 179.357 5 1887 3064 58
T 179.366 3 1877 3048 57
T 179.366 4 1868 3055 57
T 179.366 5 1888 3064 58
T 179.366 6 1882 3070 58
T 179.387 3 1878 3048 57
T 179.387 4 1869 3055 57
T 179.387 5 1889 3064 58
T 179.387 6 1883 3070 58
T 179.408 3 1879 3048 57
T 179.408 4 1870 3055 57
T 179.408 5 1890 3064 58
T 179.408 6 1884 3070 58
T 179.430 3 1880 3048 57
T 179.430 4 1871 3055 57
T 179.430 5 1891 3064 58
T 179.430 6 1885 3070 58
T 179.451 3 1881 3048 57
T 179.451 4 1872 3055 57
T 179.451 5 1892 3064 58
T 179.451 6 1886 3070 58
T 179.472 4 1873 3055 57
T 179.472 5 1893 3064 58
T 179.472 6 1887 3070 58
T 179.493 4 1874 3055 57
T 179.494 5 1894 3064 58
T 179.494 6 1888 3070 58
T 179.515 4 1875 3055 57
T 179.515 5 1895 3064 58
T 179.515 6 1889 3070 58
T 179.536 4 1876 3055 57
T 179.537 5 1896 3064 58
T 179.537 6 1890 3070 58
T 179.558 4 1877 3055 57
T 179.558 5 1897 3064 58
T 179.558 6 1891 3070 58
T 179.580 4 1878 3055 57
T 179.580 5 1898 3064 58
T 179.580 6 1892 3070 58
P 179.581 8
F 179.581 8 58
IQ 179.581 8
IS 179.582 8
IE 179.590 7
IR 179.591 7
IA 179.592 7
T 179.601 4 1879 3055 57
T 179.601 5 1899 3064 58
T 179.602 6 1893 3070 58
T 179.668 4 1880 3055 57
T 179.668 5 1900 3064 58
T 179.668 6 1894 3070 58
T 179.677 4 1881 3055 57
T 179.678 5 1901 3064 58
T 179.678 6 1895 3070 58
T 179.678 7 1882 3076 58
T 179.699 5 1902 3064 58
T 179.699 6 1896 3070 58
T 179.699 7 1883 3076 58
T 179.720 5 1903 3064 58
T 179.720 6 1897 3070 58
T 179.720 7 1884 3076 58
T 179.742 5 1904 3064 58
T 179.742 6 1898 3070 58
T 179.742 7 1885 3076 58
T 179.763 5 1905 3064 58
T 179.763 6 1899 3070 58
T 179.763 7 1886 3076 58
T 179.785 5 1906 3064 58
T 179.785 6 1900 3070 58
T 179.785 7 1887 3076 58
IE 179.799 8
IR 179.799 8
IA 179.801 8
T 179.806 5 1907 3064 58
T 179.806 6 1901 3070 58
T 179.806 7 1888 3076 58
P 179.833 1
F 179.833 1 58
IQ 179.834 1
IS 179.834 1
T 179.873 5 1908 3064 58
T 179.873 6 1902 3070 58
T 179.873 7 1889 3076 58
T 179.883 5 1909 3064 58
T 179.883 6 1903 3070 58
T 179.883 7 1890 3076 58
T 179.883 8 1882 3083 58
T 179.904 5 1910 3064 58
T 179.904 6 1904 3070 58
T 179.904 7 1891 3076 58
T 179.904 8 1883 3083 58
T 179.925 5 1911 3064 58
T 179.925 6 1905 3070 58
T 179.925 7 1892 3076 58
T 179.925 8 1884 3083 58
T 179.947 5 1912 3064 58
T 179.947 6 1906 3070 58
T 179.947 7 1893 3076 58
T 179.947 8 1885 3083 58
T 179.970 5 1913 3064 58
T 179.970 6 1907 3070 58
T 179.970 7 1894 3076 58
T 179.970 8 1886 3083 58
T 179.990 5 1914 3064 58
T 179.990 6 1908 3070 58
T 179.990 7 1895 3076 58
T 179.990 8 1887 3083 58
T 180.011 6 1909 3070 58
T 180.011 7 1896 3076 58
T 180.011 8 1888 3083 58
T 180.032 6 1910 3070 58
T 180.032 7 1897 3076 58
T 180.033 8 1889 3083 58
T 180.054 6 1911 3070 58
T 180.054 7 1898 3076 58
T 180.054 8 1890 3083 58
T 180.075 6 1912 3070 58
T 180.076 7 1899 3076 58
T 180.076 8 1891 3083 58
P 180.081 2
F 180.081 2 58
IQ 180.081 2
IS 180.082 2
T 180.097 6 1913 3070 58
T 180.097 7 1900 3076 58
T 180.097 8 1892 3083 58
T 180.119 6 1914 3070 58
T 180.119 7 1901 3076 58
T 180.119 8 1893 3083 58
IE 180.121 1
IR 180.121 1
IA 180.122 1
T 180.140 7 1902 3076 58
T 180.140 8 1894 3083 58
T 180.204 7 1903 3076 58
T 180.204 8 1895 3083 58
T 180.214 7 1904 3076 58
T 180.214 8 1896 3083 58
T 180.215 1 1882 3089 58
T 180.236 7 1905 3076 58
T 180.236 8 1897 3083 58
T 180.236 1 1883 3089 58
T 180.257 7 1906 3076 58
T 180.257 8 1898 3083 58
T 180.257 1 1884 3089 58
T 180.278 7 1907 3076 58
T 180.279 8 1899 3083 58
T 180.279 1 1885 3089 58
IE 180.298 2
IR 180.298 2
IA 180.300 2
T 180.301 7 1908 3076 58
T 180.301 8 1900 3083 58
T 180.301 1 1886 3089 58
T 180.322 7 1909 3076 58
T 180.322 8 1901 3083 58
T 180.322 1 1887 3089 58
P 180.331 3
F 180.332 3 58
IQ 180.332 3
IS 180.332 3
T 180.388 7 1910 3076 58
T 180.388 8 1902 3083 58
T 180.388 1 1888 3089 58
T 180.397 7 1911 3076 58
T 180.397 8 1903 3083 58
T 180.397 1 1889 3089 58
T 180.397 2 1882 3095 58
T 180.419 7 1912 3076 58
T 180.419 8 1904 3083 58
T 180.419 1 1890 3089 58
T 180.419 2 1883 3095 58
T 180.440 7 1913 3076 58
T 180.440 8 1905 3083 58
T 180.441 1 1891 3089 58
T 180.441 2 1884 3095 58
T 180.461 7 1914 3076 58
T 180.462 8 1906 3083 58
T 180.462 1 1892 3089 58
T 180.462 2 1885 3095 58
T 180.483 8 1907 3083 58
T 180.483 1 1893 3089 58
T 180.483 2 1886 3095 58
T 180.504 8 1908 3083 58
T 180.504 1 1894 3089 58
T 180.504 2 1887 3095 58
T 180.526 8 1909 3083 58
T 180.526 1 1895 3089 58
T 180.526 2 1888 3095 58
T 180.547 8 1910 3083 58
T 180.547 1 1896 3089 58
T 180.547 2 1889 3095 58
T 180.569 8 1911 3083 58
T 180.569 1 1897 3089 58
T 180.569 2 1890 3095 58
P 180.582 4
F 180.583 4 58
IQ 180.583 4
IS 180.584 4
T 180.590 8 1912 3083 58
T 180.590 1 1898 3089 58
T 180.590 2 1891 3095 58
T 180.612 8 1913 3083 58
T 180.612 1 1899 3089 58
T 180.612 2 1892 3095 58
IE 180.614 3
IR 180.614 3
IA 180.615 3
T 180.634 8 1914 3083 58
T 180.634 1 1900 3089 58
T 180.634 2 1893 3095 58
T 180.698 1 1901 3089 58
T 180.698 2 1894 3095 58
T 180.708 1 1902 3089 58
T 180.708 2 1895 3095 58
T 180.708 3 1882 3101 58
T 180.729 1 1903 3089 58
T 180.729 2 1896 3095 58
T 180.729 3 1883 3101 58
T 180.751 1 1904 3089 58
T 180.751 2 1897 3095 58
T 180.751 3 1884 3101 58
T 180.772 1 1905 3089 58
T 180.772 2 1898 3095 58
T 180.772 3 1885 3101 58
T 180.794 1 1906 3089 58
T 180.794 2 1899 3095 58
T 180.794 3 1886 3101 58
IE 180.798 4
IR 180.798 4
IA 180.799 4
T 180.815 1 1907 3089 58
T 180.815 2 1900 3095 58
T 180.815 3 1887 3101 58
P 180.833 5
F 180.833 5 59
IQ 180.834 5
IS 180.834 5
T 180.881 1 1908 3089 58
T 180.881 2 1901 3095 58
T 180.882 3 1888 3101 58
T 180.891 1 1909 3089 58
T 180.891 2 1902 3095 58
T 180.891 3 1889 3101 58
T 180.892 4 1882 3108 58
T 180.913 1 1910 3089 58
T 180.913 2 1903 3095 58
T 180.913 3 1890 3101 58
T 180.913 4 1883 3108 58
T 180.934 1 1911 3089 58
T 180.934 2 1904 3095 58
T 180.934 3 1891 3101 58
T 180.934 4 1884 3108 58
T 180.956 1 1912 3089 58
T 180.956 2 1905 3095 58
T 180.956 3 1892 3101 58
T 180.956 4 1885 3108 58
T 180.977 1 1913 3089 58
T 180.977 2 1906 3095 58
T 180.977 3 1893 3101 58
T 180.978 4 1886 3108 58
T 180.999 1 1914 3089 58
T 180.999 2 1907 3095 58
T 180.999 3 1894 3101 58
T 180.999 4 1887 3108 58
T 181.020 2 1908 3095 58
T 181.020 3 1895 3101 58
T 181.020 4 1888 3108 58
T 181.041 2 1909 3095 58
T 181.042 3 1896 3101 58
T 181.042 4 1889 3108 58
T 181.063 2 1910 3095 58
T 181.063 3 1897 3101 58
T 181.063 4 1890 3108 58
T 181.084 2 1911 3095 58
T 181.085 3 1898 3101 58
T 181.085 4 1891 3108 58
P 181.086 6
F 181.086 6 59
IQ 181.087 6
IS 181.087 6
T 181.106 2 1912 3095 58
T 181.106 3 1899 3101 58
T 181.106 4 1892 3108 58
IE 181.109 5
IR 181.109 5
IA 181.110 5
T 181.128 2 1913 3095 58
T 181.128 3 1900 3101 58
T 181.128 4 1893 3108 58
T 181.193 2 1914 3095 58
T 181.193 3 1901 3101 58
T 181.193 4 1894 3108 58
T 181.202 3 1902 3101 58
T 181.203 4 1895 3108 58
T 181.203 5 1915 3117 59
T 181.223 3 1903 3101 58
T 181.224 4 1896 3108 58
T 181.224 5 1916 3117 59
T 181.245 3 1904 3101 58
T 181.245 4 1897 3108 58
T 181.245 5 1917 3117 59
T 181.266 3 1905 3101 58
T 181.266 4 1898 3108 58
T 181.266 5 1918 3117 59
T 181.287 3 1906 3101 58
T 181.288 4 1899 3108 58
T 181.288 5 1919 3117 59
T 181.309 3 1907 3101 58
T 181.309 4 1900 3108 58
T 181.309 5 1920 3117 59
T 181.330 3 1908 3101 58
T 181.331 4 1901 3108 58
T 181.331 5 1921 3117 59
IE 181.331 6
IR 181.331 6
IA 181.333 6
P 181.335 7
F 181.335 7 59
IQ 181.336 7
IS 181.336 7
T 181.352 3 1909 3101 58
T 181.353 4 1902 3108 58
T 181.353 5 1922 3117 59
T 181.417 3 1910 3101 58
T 181.417 4 1903 3108 58
T 181.417 5 1923 3117 59
T 181.428 3 1911 3101 58
T 181.428 4 1904 3108 58
T 181.428 5 1924 3117 59
T 181.428 6 1915 3123 59
T 181.449 3 1912 3101 58
T 181.449 4 1905 3108 58
T 181.449 5 1925 3117 59
T 181.449 6 1916 3123 59
T 181.470 3 1913 3101 58
T 181.471 4 1906 3108 58
T 181.471 5 1926 3117 59
T 181.471 6 1917 3123 59
T 181.492 3 1914 3101 58
T 181.492 4 1907 3108 58
T 181.492 5 1927 3117 59
T 181.492 6 1918 3123 59
T 181.513 4 1908 3108 58
T 181.514 5 1928 3117 59
T 181.514 6 1919 3123 59
T 181.535 4 1909 3108 58
T 181.535 5 1929 3117 59
T 181.535 6 1920 3123 59
T 181.556 4 1910 3108 58
T 181.556 5 1930 3117 59
T 181.556 6 1921 3123 59
T 181.578 4 1911 3108 58
T 181.578 5 1931 3117 59
T 181.578 6 1922 3123 59
P 181.585 8
F 181.585 8 59
IQ 181.586 8
IS 181.586 8
T 181.600 4 1912 3108 58
T 181.600 5 1932 3117 59
T 181.600 6 1923 3123 59
IE 181.606 7
IR 181.607 7
IA 181.608 7
T 181.622 4 1913 3108 58
T 181.622 5 1933 3117 59
T 181.622 6 1924 3123 59
T 181.688 4 1914 3108 58
T 181.688 5 1934 3117 59
T 181.688 6 1925 3123 59
T 181.697 5 1935 3117 59
T 181.697 6 1926 3123 59
T 181.697 7 1915 3129 59
T 181.718 5 1936 3117 59
T 181.718 6 1927 3123 59
T 181.718 7 1916 3129 59
T 181.739 5 1937 3117 59
T 181.740 6 1928 3123 59
T 181.740 7 1917 3129 59
T 181.761 5 1938 3117 59
T 181.761 6 1929 3123 59
T 181.761 7 1918 3129 59
T 181.782 5 1939 3117 59
T 181.782 6 1930 3123 59
T 181.782 7 1919 3129 59
T 181.803 5 1940 3117 59
T 181.803 6 1931 3123 59
T 181.804 7 1920 3129 59
T 181.825 5 1941 3117 59
T 181.825 6 1932 3123 59
T 181.825 7 1921 3129 59
IE 181.832 8
IR 181.833 8
IA 181.835 8
P 181.835 1
F 181.836 1 59
IQ 181.836 1
IS 181.836 1
T 181.847 5 1942 3117 59
T 181.847 6 1933 3123 59
T 181.847 7 1922 3129 59
T 181.914 5 1943 3117 59
T 181.914 6 1934 3123 59
T 181.914 7 1923 3129 59
T 181.923 5 1944 3117 59
T 181.923 6 1935 3123 59
T 181.924 7 1924 3129 59
T 181.924 8 1915 3136 59
T 181.945 5 1945 3117 59
T 181.945 6 1936 3123 59
T 181.945 7 1925 3129 59
T 181.945 8 1916 3136 59
T 181.966 5 1946 3117 59
T 181.966 6 1937 3123 59
T 181.966 7 1926 3129 59
T 181.966 8 1917 3136 59
T 181.988 5 1947 3117 59
T 181.988 6 1938 3123 59
T 181.988 7 1927 3129 59
T 181.988 8 1918 3136 59
T 182.009 6 1939 3123 59
T 182.009 7 1928 3129 59
T 182.009 8 1919 3136 59
T 182.031 6 1940 3123 59
T 182.031 7 1929 3129 59
T 182.031 8 1920 3136 59
T 182.052 6 1941 3123 59
T 182.052 7 1930 3129 59
T 182.052 8 1921 3136 59
T 182.073 6 1942 3123 59
T 182.073 7 1931 3129 59
T 182.074 8 1922 3136 59
P 182.089 2
F 182.089 2 59
IQ 182.089 2
IS 182.090 2
T 182.096 6 1943 3123 59
T 182.096 7 1932 3129 59
T 182.096 8 1923 3136 59
IE 182.112 1
IR 182.112 1
IA 182.114 1
T 182.117 6 1944 3123 59
T 182.117 7 1933 3129 59
T 182.117 8 1924 3136 59
T 182.139 6 1945 3123 59
T 182.139 7 1934 3129 59
T 182.139 8 1925 3136 59
T 182.204 6 1946 3123 59
T 182.205 7 1935 3129 59
T 182.205 8 1926 3136 59
T 182.215 6 1947 3123 59
T 182.215 7 1936 3129 59
T 182.215 8 1927 3136 59
T 182.215 1 1915 3142 59
T 182.236 7 1937 3129 59
T 182.236 8 1928 3136 59
T 182.236 1 1916 3142 59
T 182.257 7 1938 3129 59
T 182.258 8 1929 3136 59
T 182.258 1 1917 3142 59
T 182.279 7 1939 3129 59
T 182.279 8 1930 3136 59
T 182.279 1 1918 3142 59
IE 182.290 2
IR 182.290 2
IA 182.292 2
T 182.301 7 1940 3129 59
T 182.301 8 1931 3136 59
T 182.301 1 1919 3142 59
P 182.336 3
F 182.336 3 59
IQ 182.337 3
IS 182.337 3
T 182.367 7 1941 3129 59
T 182.367 8 1932 3136 59
T 182.367 1 1920 3142 59
T 182.377 7 1942 3129 59
T 182.377 8 1933 3136 59
T 182.377 1 1921 3142 59
T 182.377 2 1915 3148 59
T 182.398 7 1943 3129 59
T 182.398 8 1934 3136 59
T 182.398 1 1922 3142 59
T 182.399 2 1916 3148 59
T 182.420 7 1944 3129 59
T 182.420 8 1935 3136 59
T 182.420 1 1923 3142 59
T 182.420 2 1917 3148 59
T 182.441 7 1945 3129 59
T 182.442 8 1936 3136 59
T 182.442 1 1924 3142 59
T 182.442 2 1918 3148 59
T 182.463 7 1946 3129 59
T 182.463 8 1937 3136 59
T 182.463 1 1925 3142 59
T 182.463 2 1919 3148 59
T 182.484 7 1947 3129 59
T 182.484 8 1938 3136 59
T 182.484 1 1926 3142 59
T 182.485 2 1920 3148 59
T 182.506 8 1939 3136 59
T 182.506 1 1927 3142 59
T 182.506 2 1921 3148 59
T 182.527 8 1940 3136 59
T 182.527 1 1928 3142 59
T 182.527 2 1922 3148 59
T 182.549 8 1941 3136 59
T 182.549 1 1929 3142 59
T 182.549 2 1923 3148 59
T 182.570 8 1942 3136 59
T 182.570 1 1930 3142 59
T 182.570 2 1924 3148 59
P 182.586 4
F 182.587 4 59
IQ 182.587 4
IS 182.587 4
T 182.592 8 1943 3136 59
T 182.592 1 1931 3142 59
T 182.592 2 1925 3148 59
IE 182.611 3
IR 182.612 3
IA 182.613 3
T 182.614 8 1944 3136 59
T 182.615 1 1932 3142 59
T 182.615 2 1926 3148 59
T 182.635 8 1945 3136 59
T 182.635 1 1933 3142 59
T 182.635 2 1927 3148 59
T 182.700 8 1946 3136 59
T 182.700 1 1934 3142 59
T 182.700 2 1928 3148 59
T 182.710 8 1947 3136 59
T 182.710 1 1935 3142 59
T 182.711 2 1929 3148 59
T 182.711 3 1915 3154 59
T 182.732 1 1936 3142 59
T 182.732 2 1930 3148 59
T 182.732 3 1916 3154 59
T 182.753 1 1937 3142 59
T 182.753 2 1931 3148 59
T 182.753 3 1917 3154 59
T 182.774 1 1938 3142 59
T 182.775 2 1932 3148 59
T 182.775 3 1918 3154 59
T 182.796 1 1939 3142 59
T 182.796 2 1933 3148 59
T 182.796 3 1919 3154 59
T 182.817 1 1940 3142 59
T 182.817 2 1934 3148 59
T 182.818 3 1920 3154 59
P 182.837 5
F 182.838 5 60
IQ 182.838 5
IS 182.839 5
T 182.840 1 1941 3142 59
T 182.841 2 1935 3148 59
T 182.841 3 1921 3154 59
IE 182.850 4
IR 182.851 4
IA 182.852 4
T 182.860 1 1942 3142 59
T 182.861 2 1936 3148 59
T 182.861 3 1922 3154 59
T 182.927 1 1943 3142 59
T 182.927 2 1937 3148 59
T 182.927 3 1923 3154 59
T 182.937 1 1944 3142 59
T 182.937 2 1938 3148 59
T 182.937 3 1924 3154 59
T 182.938 4 1915 3161 59
T 182.959 1 1945 3142 59
T 182.959 2 1939 3148 59
T 182.959 3 1925 3154 59
T 182.959 4 1916 3161 59
T 182.980 1 1946 3142 59
T 182.980 2 1940 3148 59
T 182.980 3 1926 3154 59
T 182.981 4 1917 3161 59
T 183.002 1 1947 3142 59
T 183.002 2 1941 3148 59
T 183.002 3 1927 3154 59
T 183.002 4 1918 3161 59
T 183.023 2 1942 3148 59
T 183.023 3 1928 3154 59
T 183.023 4 1919 3161 59
T 183.044 2 1943 3148 59
T 183.044 3 1929 3154 59
T 183.044 4 1920 3161 59
T 183.066 2 1944 3148 59
T 183.066 3 1930 3154 59
T 183.066 4 1921 3161 59
T 183.088 2 1945 3148 59
T 183.088 3 1931 3154 59
T 183.088 4 1922 3161 59
P 183.088 6
F 183.089 6 60
IQ 183.089 6
IS 183.089 6
T 183.109 2 1946 3148 59
T 183.109 3 1932 3154 59
T 183.109 4 1923 3161 59
IE 183.112 5
IR 183.112 5
IA 183.114 5
T 183.131 2 1947 3148 59
T 183.131 3 1933 3154 59
T 183.131 4 1924 3161 59
T 183.196 3 1934 3154 59
T 183.196 4 1925 3161 59
T 183.206 3 1935 3154 59
T 183.206 4 1926 3161 59
T 183.206 5 1948 3170 60
T 183.227 3 1936 3154 59
T 183.227 4 1927 3161 59
T 183.227 5 1949 3170 60
T 183.248 3 1937 3154 59
T 183.248 4 1928 3161 59
T 183.248 5 1950 3170 60
T 183.269 3 1938 3154 59
T 183.270 4 1929 3161 59
T 183.270 5 1951 3170 60
T 183.291 3 1939 3154 59
T 183.291 4 1930 3161 59
T 183.291 5 1952 3170 60
T 183.312 3 1940 3154 59
T 183.312 4 1931 3161 59
T 183.312 5 1953 3170 60
T 183.333 3 1941 3154 59
T 183.333 4 1932 3161 59
T 183.334 5 1954 3170 60
P 183.338 7
F 183.338 7 60
IQ 183.339 7
IS 183.339 7
T 183.355 3 1942 3154 59
T 183.355 4 1933 3161 59
T 183.355 5 1955 3170 60
T 183.376 3 1943 3154 59
T 183.377 4 1934 3161 59
T 183.377 5 1956 3170 60
IE 183.379 6
IR 183.380 6
IA 183.381 6
T 183.398 3 1944 3154 59
T 183.398 4 1935 3161 59
T 183.399 5 1957 3170 60
T 183.463 3 1945 3154 59
T 183.463 4 1936 3161 59
T 183.464 5 1958 3170 60
T 183.474 3 1946 3154 59
T 183.474 4 1937 3161 59
T 183.474 5 1959 3170 60
T 183.474 6 1948 3176 60
T 183.495 3 1947 3154 59
T 183.495 4 1938 3161 59
T 183.495 5 1960 3170 60
T 183.496 6 1949 3176 60
T 183.517 4 1939 3161 59
T 183.517 5 1961 3170 60
T 183.517 6 1950 3176 60
T 183.538 4 1940 3161 59
T 183.538 5 1962 3170 60
T 183.538 6 1951 3176 60
T 183.560 4 1941 3161 59
T 183.560 5 1963 3170 60
T 183.560 6 1952 3176 60
IE 183.561 7
IR 183.561 7
IA 183.562 7
T 183.582 4 1942 3161 59
T 183.582 5 1964 3170 60
T 183.582 6 1953 3176 60
P 183.590 8
F 183.590 8 60
IQ 183.590 8
IS 183.591 8
T 183.648 4 1943 3161 59
T 183.648 5 1965 3170 60
T 183.648 6 1954 3176 60
T 183.658 4 1944 3161 59
T 183.658 5 1966 3170 60
T 183.658 6 1955 3176 60
T 183.658 7 1948 3182 60
T 183.680 4 1945 3161 59
T 183.680 5 1967 3170 60
T 183.680 6 1956 3176 60
T 183.680 7 1949 3182 60
T 183.701 4 1946 3161 59
T 183.701 5 1968 3170 60
T 183.701 6 1957 3176 60
T 183.701 7 1950 3182 60
T 183.722 4 1947 3161 59
T 183.722 5 1969 3170 60
T 183.722 6 1958 3176 60
T 183.722 7 1951 3182 60
T 183.744 5 1970 3170 60
T 183.744 6 1959 3176 60
T 183.744 7 1952 3182 60
T 183.765 5 1971 3170 60
T 183.765 6 1960 3176 60
T 183.765 7 1953 3182 60
T 183.787 5 1972 3170 60
T 183.787 6 1961 3176 60
T 183.787 7 1954 3182 60
T 183.808 5 1973 3170 60
T 183.808 6 1962 3176 60
T 183.808 7 1955 3182 60
T 183.830 5 1974 3170 60
T 183.830 6 1963 3176 60
T 183.830 7 1956 3182 60
P 183.840 1
F 183.840 1 60
IQ 183.841 1
IS 183.841 1
T 183.852 5 1975 3170 60
T 183.852 6 1964 3176 60
T 183.852 7 1957 3182 60
IE 183.852 8
IR 183.853 8
IA 183.854 8
T 183.874 5 1976 3170 60
T 183.874 6 1965 3176 60
T 183.874 7 1958 3182 60
T 183.939 5 1977 3170 60
T 183.939 6 1966 3176 60
T 183.939 7 1959 3182 60
T 183.949 5 1978 3170 60
T 183.949 6 1967 3176 60
T 183.949 7 1960 3182 60
T 183.950 8 1948 3189 60
T 183.971 5 1979 3170 60
T 183.971 6 1968 3176 60
T 183.971 7 1961 3182 60
T 183.971 8 1949 3189 60
T 183.992 5 1980 3170 60
T 183.992 6 1969 3176 60
T 183.992 7 1962 3182 60
T 183.992 8 1950 3189 60
T 184.013 6 1970 3176 60
T 184.014 7 1963 3182 60
T 184.014 8 1951 3189 60
T 184.035 6 1971 3176 60
T 184.035 7 1964 3182 60
T 184.035 8 1952 3189 60
T 184.056 6 1972 3176 60
T 184.057 7 1965 3182 60
T 184.057 8 1953 3189 60
T 184.078 6 1973 3176 60
T 184.078 7 1966 3182 60
T 184.078 8 1954 3189 60
P 184.090 2
F 184.091 2 60
IQ 184.091 2
IS 184.091 2
IE 184.098 1
IR 184.099 1
IA 184.100 1
T 184.102 6 1974 3176 60
T 184.102 7 1967 3182 60
T 184.102 8 1955 3189 60
T 184.122 6 1975 3176 60
T 184.122 7 1968 3182 60
T 184.122 8 1956 3189 60
T 184.187 6 1976 3176 60
T 184.187 7 1969 3182 60
T 184.187 8 1957 3189 60
T 184.197 6 1977 3176 60
T 184.198 7 1970 3182 60
T 184.198 8 1958 3189 60
T 184.198 1 1948 3195 60
T 184.219 6 1978 3176 60
T 184.219 7 1971 3182 60
T 184.219 8 1959 3189 60
T 184.219 1 1949 3195 60
T 184.240 6 1979 3176 60
T 184.240 7 1972 3182 60
T 184.240 8 1960 3189 60
T 184.241 1 1950 3195 60
T 184.262 6 1980 3176 60
T 184.262 7 1973 3182 60
T 184.262 8 1961 3189 60
T 184.262 1 1951 3195 60
T 184.283 7 1974 3182 60
T 184.283 8 1962 3189 60
T 184.283 1 1952 3195 60
T 184.304 7 1975 3182 60
T 184.305 8 1963 3189 60
T 184.305 1 1953 3195 60
T 184.326 7 1976 3182 60
T 184.326 8 1964 3189 60
T 184.326 1 1954 3195 60
P 184.340 3
F 184.341 3 60
IQ 184.341 3
IS 184.341 3
T 184.347 7 1977 3182 60
T 184.348 8 1965 3189 60
T 184.348 1 1955 3195 60
T 184.369 7 1978 3182 60
T 184.369 8 1966 3189 60
T 184.369 1 1956 3195 60
T 184.390 7 1979 3182 60
T 184.391 8 1967 3189 60
T 184.391 1 1957 3195 60
IE 184.391 2
IR 184.392 2
IA 184.393 2
T 184.413 7 1980 3182 60
T 184.413 8 1968 3189 60
T 184.413 1 1958 3195 60
T 184.477 8 1969 3189 60
T 184.477 1 1959 3195 60
T 184.488 8 1970 3189 60
T 184.488 1 1960 3195 60
T 184.488 2 1948 3201 60
T 184.509 8 1971 3189 60
T 184.509 1 1961 3195 60
T 184.509 2 1949 3201 60
T 184.530 8 1972 3189 60
T 184.530 1 1962 3195 60
T 184.530 2 1950 3201 60
T 184.552 8 1973 3189 60
T 184.552 1 1963 3195 60
T 184.552 2 1951 3201 60
T 184.573 8 1974 3189 60
T 184.573 1 1964 3195 60
T 184.573 2 1952 3201 60
P 184.592 4
F 184.593 4 60
IQ 184.593 4
T 184.595 8 1975 3189 60
T 184.595 1 1965 3195 60
T 184.595 2 1953 3201 60
IS 184.595 4
IE 184.603 3
IR 184.603 3
IA 184.605 3
T 184.616 8 1976 3189 60
T 184.616 1 1966 3195 60
T 184.616 2 1954 3201 60
T 184.689 8 1977 3189 60
T 184.689 1 1967 3195 60
T 184.689 2 1955 3201 60
T 184.698 8 1978 3189 60
T 184.698 1 1968 3195 60
T 184.698 2 1956 3201 60
T 184.699 3 1948 3202 60
T 184.719 8 1979 3189 60
T 184.720 1 1969 3195 60
T 184.720 2 1957 3201 60
T 184.720 3 1949 3202 60
T 184.741 8 1980 3189 60
T 184.741 1 1970 3195 60
T 184.741 2 1958 3201 60
T 184.741 3 1950 3202 60
T 184.762 1 1971 3195 60
T 184.762 2 1959 3201 60
T 184.762 3 1951 3202 60
T 184.783 1 1972 3195 60
T 184.784 2 1960 3201 60
T 184.784 3 1952 3202 60
T 184.805 1 1973 3195 60
T 184.805 2 1961 3201 60
T 184.805 3 1953 3202 60
T 184.826 1 1974 3195 60
T 184.826 2 1962 3201 60
T 184.827 3 1954 3202 60
P 184.842 5
F 184.842 5 61
IQ 184.842 5
IS 184.843 5
T 184.848 1 1975 3195 60
T 184.848 2 1963 3201 60
T 184.849 3 1955 3202 60
IE 184.868 4
T 184.869 1 1976 3195 60
T 184.870 2 1964 3201 60
T 184.870 3 1956 3202 60
IR 184.870 4
IA 184.871 4
T 184.891 1 1977 3195 60
T 184.891 2 1965 3201 60
T 184.891 3 1957 3202 60
T 184.963 1 1978 3195 60
T 184.963 2 1966 3201 60
T 184.963 3 1958 3202 60
T 184.973 1 1979 3195 60
T 184.973 2 1967 3201 60
T 184.973 3 1959 3202 60
T 184.973 4 1948 3202 60
T 184.994 1 1980 3195 60
T 184.994 2 1968 3201 60
T 184.994 3 1960 3202 60
T 184.994 4 1949 3202 60
T 185.015 2 1969 3201 60
T 185.016 3 1961 3202 60
T 185.016 4 1950 3202 60
T 185.037 2 1970 3201 60
T 185.037 3 1962 3202 60
T 185.037 4 1951 3202 60
T 185.058 2 1971 3201 60
T 185.058 3 1963 3202 60
T 185.058 4 1952 3202 60
T 185.080 2 1972 3201 60
T 185.080 3 1964 3202 60
T 185.080 4 1953 3202 60
P 185.092 6
F 185.093 6 61
IQ 185.093 6
IS 185.093 6
T 185.101 2 1973 3201 60
T 185.102 3 1965 3202 60
T 185.102 4 1954 3202 60
T 185.122 2 1974 3201 60
T 185.123 3 1966 3202 60
T 185.123 4 1955 3202 60
T 185.144 2 1975 3201 60
T 185.145 3 1967 3202 60
T 185.145 4 1956 3202 60
IE 185.158 5
IR 185.159 5
IA 185.160 5
T 185.166 2 1976 3201 60
T 185.166 3 1968 3202 60
T 185.166 4 1957 3202 60
T 185.239 2 1977 3201 60
T 185.239 3 1969 3202 60
T 185.239 4 1958 3202 60
T 185.248 2 1978 3201 60
T 185.248 3 1970 3202 60
T 185.248 4 1959 3202 60
T 185.248 5 1981 3205 61
T 185.269 2 1979 3201 60
T 185.269 3 1971 3202 60
T 185.269 4 1960 3202 60
T 185.270 5 1982 3205 61
T 185.291 2 1980 3201 60
T 185.291 3 1972 3202 60
T 185.291 4 1961 3202 60
T 185.291 5 1983 3205 61
T 185.312 3 1973 3202 60
T 185.312 4 1962 3202 60
T 185.312 5 1984 3205 61
T 185.333 3 1974 3202 60
T 185.333 4 1963 3202 60
T 185.333 5 1985 3205 61
P 185.342 7
F 185.343 7 61
IQ 185.343 7
IS 185.343 7
T 185.355 3 1975 3202 60
T 185.355 4 1964 3202 60
T 185.355 5 1986 3205 61
T 185.376 3 1976 3202 60
T 185.376 4 1965 3202 60
T 185.377 5 1987 3205 61
IE 185.386 6
IR 185.386 6
IA 185.388 6
T 185.398 3 1977 3202 60
T 185.398 4 1966 3202 60
T 185.398 5 1988 3205 61
T 185.458 3 1978 3202 60
T 185.458 4 1967 3202 60
T 185.459 5 1989 3205 61
T 185.481 3 1979 3202 60
T 185.481 4 1968 3202 60
T 185.481 5 1990 3205 61
T 185.481 6 1981 3205 61
T 185.502 3 1980 3202 60
T 185.502 4 1969 3202 60
T 185.502 5 1991 3205 61
T 185.502 6 1982 3205 61
T 185.523 4 1970 3202 60
T 185.523 5 1992 3205 61
T 185.523 6 1983 3205 61
T 185.544 4 1971 3202 60
T 185.544 5 1993 3205 61
T 185.545 6 1984 3205 61
IE 185.555 7
IR 185.556 7
IA 185.557 7
T 185.566 4 1972 3202 60
T 185.566 5 1994 3205 61
T 185.566 6 1985 3205 61
P 185.593 8
F 185.594 8 61
IQ 185.594 8
IS 185.595 8
T 185.622 4 1973 3202 60
T 185.623 5 1995 3205 61
T 185.623 6 1986 3205 61
T 185.646 4 1974 3202 60
T 185.646 5 1996 3205 61
T 185.646 6 1987 3205 61
T 185.646 7 1981 3205 61
T 185.667 4 1975 3202 60
T 185.667 5 1997 3205 61
T 185.667 6 1988 3205 61
T 185.667 7 1982 3205 61
T 185.688 4 1976 3202 60
T 185.688 5 1998 3205 61
T 185.689 6 1989 3205 61
T 185.689 7 1983 3205 61
T 185.710 4 1977 3202 60
T 185.710 5 1999 3205 61
T 185.710 6 1990 3205 61
T 185.710 7 1984 3205 61
T 185.731 4 1978 3202 60
T 185.731 5 2000 3205 61
T 185.731 6 1991 3205 61
T 185.731 7 1985 3205 61
T 185.753 4 1979 3202 60
T 185.753 5 2001 3205 61
T 185.753 6 1992 3205 61
T 185.753 7 1986 3205 61
T 185.774 4 1980 3202 60
T 185.774 5 2002 3205 61
T 185.774 6 1993 3205 61
T 185.774 7 1987 3205 61
T 185.796 5 2003 3205 61
T 185.796 6 1994 3205 61
T 185.796 7 1988 3205 61
T 185.817 5 2004 3205 61
T 185.817 6 1995 3205 61
T 185.817 7 1989 3205 61
T 185.839 5 2005 3205 61
T 185.839 6 1996 3205 61
T 185.839 7 1990 3205 61
P 185.845 1
F 185.845 1 61
IQ 185.845 1
IS 185.846 1
IE 185.849 8
IR 185.849 8
IA 185.851 8
T 185.861 5 2006 3205 61
T 185.861 6 1997 3205 61
T 185.861 7 1991 3205 61
T 185.919 5 2007 3205 61
T 185.919 6 1998 3205 61
T 185.919 7 1992 3205 61
T 185.942 5 2008 3205 61
T 185.942 6 1999 3205 61
T 185.942 7 1993 3205 61
T 185.942 8 1981 3205 61
T 185.963 5 2009 3205 61
T 185.963 6 2000 3205 61
T 185.963 7 1994 3205 61
T 185.963 8 1982 3205 61
T 185.984 5 2010 3205 61
T 185.984 6 2001 3205 61
T 185.984 7 1995 3205 61
T 185.985 8 1983 3205 61
T 186.006 5 2011 3205 61
T 186.006 6 2002 3205 61
T 186.006 7 1996 3205 61
T 186.006 8 1984 3205 61
T 186.027 5 2012 3205 61
T 186.027 6 2003 3205 61
T 186.027 7 1997 3205 61
T 186.027 8 1985 3205 61
T 186.049 5 2013 3205 61
T 186.049 6 2004 3205 61
T 186.049 7 1998 3205 61
T 186.049 8 1986 3205 61
IE 186.051 1
IR 186.051 1
IA 186.053 1
T 186.070 6 2005 3205 61
T 186.070 7 1999 3205 61
T 186.070 8 1987 3205 61
P 186.095 2
F 186.096 2 61
IQ 186.096 2
IS 186.097 2
T 186.132 6 2006 3205 61
T 186.133 7 2000 3205 61
T 186.133 8 1988 3205 61
T 186.155 6 2007 3205 61
T 186.156 7 2001 3205 61
T 186.156 8 1989 3205 61
T 186.156 1 1981 3206 61
T 186.176 6 2008 3205 61
T 186.176 7 2002 3205 61
T 186.177 8 1990 3205 61
T 186.177 1 1982 3206 61
T 186.198 6 2009 3205 61
T 186.198 7 2003 3205 61
T 186.198 8 1991 3205 61
T 186.198 1 1983 3206 61
T 186.219 6 2010 3205 61
T 186.219 7 2004 3205 61
T 186.219 8 1992 3205 61
T 186.219 1 1984 3206 61
T 186.240 6 2011 3205 61
T 186.240 7 2005 3205 61
T 186.240 8 1993 3205 61
T 186.240 1 1985 3206 61
T 186.262 6 2012 3205 61
T 186.262 7 2006 3205 61
T 186.262 8 1994 3205 61
T 186.262 1 1986 3206 61
T 186.283 6 2013 3205 61
T 186.284 7 2007 3205 61
T 186.284 8 1995 3205 61
T 186.284 1 1987 3206 61
T 186.304 7 2008 3205 61
T 186.305 8 1996 3205 61
T 186.305 1 1988 3206 61
T 186.326 7 2009 3205 61
T 186.326 8 1997 3205 61
T 186.326 1 1989 3206 61
T 186.347 7 2010 3205 61
T 186.348 8 1998 3205 61
T 186.348 1 1990 3206 61
IE 186.353 2
IR 186.353 2
IA 186.355 2
T 186.369 7 2011 3205 61
T 186.369 8 1999 3205 61
T 186.369 1 1991 3206 61
T 186.428 7 2012 3205 61
T 186.428 8 2000 3205 61
T 186.428 1 1992 3206 61
T 186.451 7 2013 3205 61
T 186.451 8 2001 3205 61
T 186.451 1 1993 3206 61
T 186.451 2 1981 3205 61
T 186.472 8 2002 3205 61
T 186.472 1 1994 3206 61
T 186.472 2 1982 3205 61
T 186.493 8 2003 3205 61
T 186.493 1 1995 3206 61
T 186.493 2 1983 3205 61
T 186.514 8 2004 3205 61
T 186.514 1 1996 3206 61
T 186.514 2 1984 3205 61
T 186.535 8 2005 3205 61
T 186.536 1 1997 3206 61
T 186.536 2 1985 3205 61
T 186.557 8 2006 3205 61
T 186.557 1 1998 3206 61
T 186.557 2 1986 3205 61
T 186.578 8 2007 3205 61
T 186.578 1 1999 3206 61
T 186.578 2 1987 3205 61
T 186.599 8 2008 3205 61
T 186.599 1 2000 3206 61
T 186.600 2 1988 3205 61
T 186.621 8 2009 3205 61
T 186.621 1 2001 3206 61
T 186.621 2 1989 3205 61
T 186.642 8 2010 3205 61
T 186.642 1 2002 3206 61
T 186.642 2 1990 3205 61
T 186.664 8 2011 3205 61
T 186.664 1 2003 3206 61
T 186.664 2 1991 3205 61
T 186.685 8 2012 3205 61
T 186.685 1 2004 3206 61
T 186.685 2 1992 3205 61
T 186.706 8 2013 3205 61
T 186.706 1 2005 3206 61
T 186.706 2 1993 3205 61
T 186.727 1 2006 3206 61
T 186.727 2 1994 3205 61
T 186.747 1 2007 3206 61
T 186.747 2 1995 3205 61
T 186.768 1 2008 3206 61
T 186.768 2 1996 3205 61
T 186.789 1 2009 3206 61
T 186.789 2 1997 3205 61
T 186.810 1 2010 3206 61
T 186.810 2 1998 3205 61
T 186.831 1 2011 3206 61
T 186.831 2 1999 3205 61
T 186.852 1 2012 3206 61
T 186.852 2 2000 3205 61
T 186.873 1 2013 3206 61
T 186.873 2 2001 3205 61
T 186.893 2 2002 3205 61
T 186.913 2 2003 3205 61
T 186.933 2 2004 3205 61
T 186.953 2 2005 3205 61
T 186.974 2 2006 3205 61
