1786364620.528200 s1000000000e1-8062c27d:82E
1786364620.807452 s1000000000e1-8062c27d:1
1786364620.878529 s1000000000e1-8062c27d:1
1786364620.896449 s1000000000e1-8062c27d:1
1786364620.915813 s1000000000e1-8062c27d:1
1786364620.935273 s1000000000e1-8062c27d:1
1786364620.954736 s1000000000e1-8062c27d:1
1786364620.974231 s1000000000e1-8062c27d:1
1786364620.993753 s1000000000e1-8062c27d:1
1786364621.013240 s1000000000e1-8062c27d:1
1786364621.032756 s1000000000e1-8062c27d:1
1786364621.052262 s1000000000e1-8062c27d:1
1786364621.071929 s1000000000e1-8062c27d:1
1786364621.091298 s1000000000e1-8062c27d:1
1786364621.110768 s1000000000e1-8062c27d:1
1786364621.130359 s1000000000e1-8062c27d:1
1786364621.149778 s1000000000e1-8062c27d:1
1786364621.169398 s1000000000e1-8062c27d:1
1786364621.188915 s1000000000e1-8062c27d:1
1786364621.208443 s1000000000e1-8062c27d:1
1786364621.228003 s1000000000e1-8062c27d:1
1786364621.247547 s1000000000e1-8062c27d:1
1786364621.267097 s1000000000e1-8062c27d:1
1786364621.286683 s1000000000e1-8062c27d:1
1786364621.306201 s1000000000e1-8062c27d:1
1786364621.325735 s1000000000e1-8062c27d:1
1786364621.345257 s1000000000e1-8062c27d:1
1786364621.364803 s1000000000e1-8062c27d:1
1786364621.384362 s1000000000e1-8062c27d:1
1786364621.403893 s1000000000e1-8062c27d:1
1786364621.423445 s1000000000e1-8062c27d:1
1786364621.443050 s1000000000e1-8062c27d:1
1786364621.462526 s1000000000e1-8062c27d:1
1786364653.285335 s5e1-a6032c23:43E
1786364653.408857 s5e1-a6032c23:1
1786364653.412138 s5e1-a6032c23:1
1786364653.431220 s5e1-a6032c23:1
1786364653.451269 s5e1-a6032c23:1
1786364653.471345 s5e1-a6032c23:1
1786364653.491527 s5e1-a6032c23:1
1786364653.511459 s5e1-a6032c23:1
1786364653.531511 s5e1-a6032c23:1
1786364653.551509 s5e1-a6032c23:1
1786364653.571572 s5e1-a6032c23:1
1786364653.591612 s5e1-a6032c23:1
1786364653.611676 s5e1-a6032c23:1
1786364653.631744 s5e1-a6032c23:1
1786364653.651788 s5e1-a6032c23:1
1786364653.671692 s5e1-a6032c23:1
1786364653.691450 s5e1-a6032c23:1
1786364653.711164 s5e1-a6032c23:1
1786364653.730826 s5e1-a6032c23:1
1786364653.750534 s5e1-a6032c23:1
1786364653.770177 s5e1-a6032c23:1
1786364653.789838 s5e1-a6032c23:1
1786364653.809557 s5e1-a6032c23:1
1786364653.829183 s5e1-a6032c23:1 s6e1-9b9b9a76:49E
1786364653.902522 s5e1-a6032c23:1 s6e1-9b9b9a76:1
1786364653.906157 s5e1-a6032c23:1 s6e1-9b9b9a76:1
1786364653.924453 s5e1-a6032c23:1 s6e1-9b9b9a76:1
1786364653.943727 s5e1-a6032c23:1 s6e1-9b9b9a76:1
1786364653.962932 s5e1-a6032c23:1 s6e1-9b9b9a76:1
1786364653.982332 s5e1-a6032c23:1 s6e1-9b9b9a76:1 s7e1-8baa63a2:55E
1786364654.075204 s5e1-a6032c23:1 s6e1-9b9b9a76:1 s7e1-8baa63a2:1 s8e1-80e16469:62E
1786364654.130839 s5e1-a6032c23:1 s6e1-9b9b9a76:1 s7e1-8baa63a2:1 s8e1-80e16469:1
1786364654.139817 s5e1-a6032c23:1 s6e1-9b9b9a76:1 s7e1-8baa63a2:1 s8e1-80e16469:1
1786364654.159082 s6e1-9b9b9a76:1 s7e1-8baa63a2:1 s8e1-80e16469:1
1786364654.180337 s6e1-9b9b9a76:1 s7e1-8baa63a2:1 s8e1-80e16469:1
1786364654.198813 s6e1-9b9b9a76:1 s7e1-8baa63a2:1 s8e1-80e16469:1
1786364654.218152 s6e1-9b9b9a76:1 s7e1-8baa63a2:1 s8e1-80e16469:1
1786364654.237460 s6e1-9b9b9a76:1 s7e1-8baa63a2:1 s8e1-80e16469:1
1786364654.256788 s6e1-9b9b9a76:1 s7e1-8baa63a2:1 s8e1-80e16469:1
1786364654.276361 s6e1-9b9b9a76:1 s7e1-8baa63a2:1 s8e1-80e16469:1
1786364654.295615 s6e1-9b9b9a76:1 s7e1-8baa63a2:1 s8e1-80e16469:1 s1e1-b7e25164:68E
1786364654.357174 s6e1-9b9b9a76:1 s7e1-8baa63a2:1 s8e1-80e16469:1 s1e1-b7e25164:1
1786364654.369815 s6e1-9b9b9a76:1 s7e1-8baa63a2:1 s8e1-80e16469:1 s1e1-b7e25164:1
1786364654.389001 s6e1-9b9b9a76:1 s7e1-8baa63a2:1 s8e1-80e16469:1 s1e1-b7e25164:1
1786364654.408244 s6e1-9b9b9a76:1 s7e1-8baa63a2:1 s8e1-80e16469:1 s1e1-b7e25164:1
1786364654.427619 s6e1-9b9b9a76:1 s7e1-8baa63a2:1 s8e1-80e16469:1 s1e1-b7e25164:1
1786364654.447093 s6e1-9b9b9a76:1 s7e1-8baa63a2:1 s8e1-80e16469:1 s1e1-b7e25164:1 s2e1-86b6c7ad:74E
1786364654.509970 s6e1-9b9b9a76:1 s7e1-8baa63a2:1 s8e1-80e16469:1 s1e1-b7e25164:1 s2e1-86b6c7ad:1
1786364654.523376 s6e1-9b9b9a76:1 s7e1-8baa63a2:1 s8e1-80e16469:1 s1e1-b7e25164:1 s2e1-86b6c7ad:1
1786364654.542749 s6e1-9b9b9a76:1 s7e1-8baa63a2:1 s8e1-80e16469:1 s1e1-b7e25164:1 s2e1-86b6c7ad:1
1786364654.562084 s6e1-9b9b9a76:1 s7e1-8baa63a2:1 s8e1-80e16469:1 s1e1-b7e25164:1 s2e1-86b6c7ad:1
1786364654.581505 s6e1-9b9b9a76:1 s7e1-8baa63a2:1 s8e1-80e16469:1 s1e1-b7e25164:1 s2e1-86b6c7ad:1
1786364654.601012 s6e1-9b9b9a76:1 s7e1-8baa63a2:1 s8e1-80e16469:1 s1e1-b7e25164:1 s2e1-86b6c7ad:1
1786364654.620574 s6e1-9b9b9a76:1 s7e1-8baa63a2:1 s8e1-80e16469:1 s1e1-b7e25164:1 s2e1-86b6c7ad:1
1786364654.640071 s6e1-9b9b9a76:1 s7e1-8baa63a2:1 s8e1-80e16469:1 s1e1-b7e25164:1 s2e1-86b6c7ad:1
1786364654.659731 s6e1-9b9b9a76:1 s7e1-8baa63a2:1 s8e1-80e16469:1 s1e1-b7e25164:1 s2e1-86b6c7ad:1
1786364654.679173 s7e1-8baa63a2:1 s8e1-80e16469:1 s1e1-b7e25164:1 s2e1-86b6c7ad:1
1786364654.698761 s7e1-8baa63a2:1 s8e1-80e16469:1 s1e1-b7e25164:1 s2e1-86b6c7ad:1
1786364654.718301 s7e1-8baa63a2:1 s8e1-80e16469:1 s1e1-b7e25164:1 s2e1-86b6c7ad:1
1786364654.737868 s7e1-8baa63a2:1 s8e1-80e16469:1 s1e1-b7e25164:1 s2e1-86b6c7ad:1 s3e1-9632d15b:80E
1786364654.800829 s7e1-8baa63a2:1 s8e1-80e16469:1 s1e1-b7e25164:1 s2e1-86b6c7ad:1 s3e1-9632d15b:1
1786364654.810532 s7e1-8baa63a2:1 s8e1-80e16469:1 s1e1-b7e25164:1 s2e1-86b6c7ad:1 s3e1-9632d15b:1
1786364654.829930 s8e1-80e16469:1 s1e1-b7e25164:1 s2e1-86b6c7ad:1 s3e1-9632d15b:1
1786364654.849427 s1e1-b7e25164:1 s2e1-86b6c7ad:1 s3e1-9632d15b:1
1786364654.868871 s1e1-b7e25164:1 s2e1-86b6c7ad:1 s3e1-9632d15b:1
1786364654.888320 s1e1-b7e25164:1 s2e1-86b6c7ad:1 s3e1-9632d15b:1
1786364654.907772 s1e1-b7e25164:1 s2e1-86b6c7ad:1 s3e1-9632d15b:1
1786364654.927222 s1e1-b7e25164:1 s2e1-86b6c7ad:1 s3e1-9632d15b:1
1786364654.946680 s1e1-b7e25164:1 s2e1-86b6c7ad:1 s3e1-9632d15b:1
1786364654.966343 s1e1-b7e25164:1 s2e1-86b6c7ad:1 s3e1-9632d15b:1
1786364654.985718 s1e1-b7e25164:1 s2e1-86b6c7ad:1 s3e1-9632d15b:1
1786364655.005434 s1e1-b7e25164:1 s2e1-86b6c7ad:1 s3e1-9632d15b:1 s4e1-9bcd9d54:87E
1786364655.069009 s1e1-b7e25164:1 s2e1-86b6c7ad:1 s3e1-9632d15b:1 s4e1-9bcd9d54:1
1786364655.078924 s2e1-86b6c7ad:1 s3e1-9632d15b:1 s4e1-9bcd9d54:1
1786364655.098316 s2e1-86b6c7ad:1 s3e1-9632d15b:1 s4e1-9bcd9d54:1
1786364655.117699 s2e1-86b6c7ad:1 s3e1-9632d15b:1 s4e1-9bcd9d54:1
1786364655.137146 s2e1-86b6c7ad:1 s3e1-9632d15b:1 s4e1-9bcd9d54:1
1786364655.156446 s2e1-86b6c7ad:1 s3e1-9632d15b:1 s4e1-9bcd9d54:1
1786364655.175839 s2e1-86b6c7ad:1 s3e1-9632d15b:1 s4e1-9bcd9d54:1
1786364655.195204 s3e1-9632d15b:1 s4e1-9bcd9d54:1
1786364655.214665 s3e1-9632d15b:1 s4e1-9bcd9d54:1
1786364655.234261 s3e1-9632d15b:1 s4e1-9bcd9d54:1
1786364655.253660 s3e1-9632d15b:1 s4e1-9bcd9d54:1
1786364655.273198 s3e1-9632d15b:1 s4e1-9bcd9d54:1
1786364655.292730 s3e1-9632d15b:1 s4e1-9bcd9d54:1
1786364655.312399 s3e1-9632d15b:1 s4e1-9bcd9d54:1 s5e1-a6032c23:53E
1786364655.368717 s3e1-9632d15b:1 s4e1-9bcd9d54:1 s5e1-a6032c23:1
1786364655.371194 s3e1-9632d15b:1 s4e1-9bcd9d54:1 s5e1-a6032c23:1
1786364655.390212 s3e1-9632d15b:1 s4e1-9bcd9d54:1 s5e1-a6032c23:1
1786364655.410003 s3e1-9632d15b:1 s4e1-9bcd9d54:1 s5e1-a6032c23:1
1786364655.429697 s3e1-9632d15b:1 s4e1-9bcd9d54:1 s5e1-a6032c23:1
1786364655.449288 s3e1-9632d15b:1 s4e1-9bcd9d54:1 s5e1-a6032c23:1
1786364655.468877 s4e1-9bcd9d54:1 s5e1-a6032c23:1
1786364655.488390 s4e1-9bcd9d54:1 s5e1-a6032c23:1
1786364655.507890 s4e1-9bcd9d54:1 s5e1-a6032c23:1
1786364655.527379 s4e1-9bcd9d54:1 s5e1-a6032c23:1
1786364655.547057 s4e1-9bcd9d54:1 s5e1-a6032c23:1 s6e1-9b9b9a76:53E
1786364655.603177 s4e1-9bcd9d54:1 s5e1-a6032c23:1 s6e1-9b9b9a76:1
1786364655.605618 s4e1-9bcd9d54:1 s5e1-a6032c23:1 s6e1-9b9b9a76:1
1786364655.624411 s4e1-9bcd9d54:1 s5e1-a6032c23:1 s6e1-9b9b9a76:1
1786364655.644046 s4e1-9bcd9d54:1 s5e1-a6032c23:1 s6e1-9b9b9a76:1
1786364655.663683 s4e1-9bcd9d54:1 s5e1-a6032c23:1 s6e1-9b9b9a76:1
1786364655.683244 s4e1-9bcd9d54:1 s5e1-a6032c23:1 s6e1-9b9b9a76:1
1786364655.702702 s4e1-9bcd9d54:1 s5e1-a6032c23:1 s6e1-9b9b9a76:1
1786364655.722308 s5e1-a6032c23:1 s6e1-9b9b9a76:1
1786364655.742018 s5e1-a6032c23:1 s6e1-9b9b9a76:1 s7e1-8baa63a2:53E
1786364655.798276 s5e1-a6032c23:1 s6e1-9b9b9a76:1 s7e1-8baa63a2:1
1786364655.800867 s5e1-a6032c23:1 s6e1-9b9b9a76:1 s7e1-8baa63a2:1
1786364655.819527 s5e1-a6032c23:1 s6e1-9b9b9a76:1 s7e1-8baa63a2:1
1786364655.839073 s5e1-a6032c23:1 s6e1-9b9b9a76:1 s7e1-8baa63a2:1
1786364655.858672 s5e1-a6032c23:1 s6e1-9b9b9a76:1 s7e1-8baa63a2:1
1786364655.878126 s5e1-a6032c23:1 s6e1-9b9b9a76:1 s7e1-8baa63a2:1
1786364655.897631 s5e1-a6032c23:1 s6e1-9b9b9a76:1 s7e1-8baa63a2:1
1786364655.917195 s5e1-a6032c23:1 s6e1-9b9b9a76:1 s7e1-8baa63a2:1
1786364655.936698 s5e1-a6032c23:1 s6e1-9b9b9a76:1 s7e1-8baa63a2:1
1786364655.956228 s5e1-a6032c23:1 s6e1-9b9b9a76:1 s7e1-8baa63a2:1
1786364655.975792 s5e1-a6032c23:1 s6e1-9b9b9a76:1 s7e1-8baa63a2:1
1786364655.995317 s5e1-a6032c23:1 s6e1-9b9b9a76:1 s7e1-8baa63a2:1
1786364656.014840 s6e1-9b9b9a76:1 s7e1-8baa63a2:1
1786364656.034474 s6e1-9b9b9a76:1 s7e1-8baa63a2:1
1786364656.054393 s6e1-9b9b9a76:1 s7e1-8baa63a2:1 s8e1-80e16469:53E
1786364656.109178 s6e1-9b9b9a76:1 s7e1-8baa63a2:1 s8e1-80e16469:1
1786364656.111659 s6e1-9b9b9a76:1 s7e1-8baa63a2:1 s8e1-80e16469:1
1786364656.130990 s6e1-9b9b9a76:1 s7e1-8baa63a2:1 s8e1-80e16469:1
1786364656.150523 s6e1-9b9b9a76:1 s7e1-8baa63a2:1 s8e1-80e16469:1
1786364656.170086 s6e1-9b9b9a76:1 s7e1-8baa63a2:1 s8e1-80e16469:1
1786364656.189661 s6e1-9b9b9a76:1 s7e1-8baa63a2:1 s8e1-80e16469:1
1786364656.209129 s6e1-9b9b9a76:1 s7e1-8baa63a2:1 s8e1-80e16469:1
1786364656.228673 s6e1-9b9b9a76:1 s7e1-8baa63a2:1 s8e1-80e16469:1
1786364656.248210 s7e1-8baa63a2:1 s8e1-80e16469:1
1786364656.267726 s7e1-8baa63a2:1 s8e1-80e16469:1
1786364656.287242 s7e1-8baa63a2:1 s8e1-80e16469:1
1786364656.306766 s7e1-8baa63a2:1 s8e1-80e16469:1
1786364656.326396 s7e1-8baa63a2:1 s8e1-80e16469:1 s1e1-b7e25164:53E
1786364656.382342 s7e1-8baa63a2:1 s8e1-80e16469:1 s1e1-b7e25164:1
1786364656.384713 s7e1-8baa63a2:1 s8e1-80e16469:1 s1e1-b7e25164:1
1786364656.403622 s7e1-8baa63a2:1 s8e1-80e16469:1 s1e1-b7e25164:1
1786364656.423293 s7e1-8baa63a2:1 s8e1-80e16469:1 s1e1-b7e25164:1
1786364656.442857 s8e1-80e16469:1 s1e1-b7e25164:1
1786364656.462463 s8e1-80e16469:1 s1e1-b7e25164:1
1786364656.482204 s8e1-80e16469:1 s1e1-b7e25164:1
1786364656.501811 s8e1-80e16469:1 s1e1-b7e25164:1 s2e1-86b6c7ad:53E
1786364656.557564 s8e1-80e16469:1 s1e1-b7e25164:1 s2e1-86b6c7ad:1
1786364656.560224 s8e1-80e16469:1 s1e1-b7e25164:1 s2e1-86b6c7ad:1
1786364656.578841 s8e1-80e16469:1 s1e1-b7e25164:1 s2e1-86b6c7ad:1
1786364656.598372 s8e1-80e16469:1 s1e1-b7e25164:1 s2e1-86b6c7ad:1
1786364656.617900 s8e1-80e16469:1 s1e1-b7e25164:1 s2e1-86b6c7ad:1
1786364656.637423 s8e1-80e16469:1 s1e1-b7e25164:1 s2e1-86b6c7ad:1
1786364656.656937 s8e1-80e16469:1 s1e1-b7e25164:1 s2e1-86b6c7ad:1
1786364656.676541 s8e1-80e16469:1 s1e1-b7e25164:1 s2e1-86b6c7ad:1
1786364656.696200 s8e1-80e16469:1 s1e1-b7e25164:1 s2e1-86b6c7ad:1
1786364656.715717 s8e1-80e16469:1 s1e1-b7e25164:1 s2e1-86b6c7ad:1
1786364656.735371 s8e1-80e16469:1 s1e1-b7e25164:1 s2e1-86b6c7ad:1
1786364656.754920 s1e1-b7e25164:1 s2e1-86b6c7ad:1
1786364656.774549 s1e1-b7e25164:1 s2e1-86b6c7ad:1
1786364656.794154 s1e1-b7e25164:1 s2e1-86b6c7ad:1
1786364656.813819 s1e1-b7e25164:1 s2e1-86b6c7ad:1 s3e1-9632d15b:53E
1786364656.869358 s1e1-b7e25164:1 s2e1-86b6c7ad:1 s3e1-9632d15b:1
1786364656.871699 s1e1-b7e25164:1 s2e1-86b6c7ad:1 s3e1-9632d15b:1
1786364656.890760 s1e1-b7e25164:1 s2e1-86b6c7ad:1 s3e1-9632d15b:1
1786364656.910328 s1e1-b7e25164:1 s2e1-86b6c7ad:1 s3e1-9632d15b:1
1786364656.929883 s1e1-b7e25164:1 s2e1-86b6c7ad:1 s3e1-9632d15b:1
1786364656.949423 s1e1-b7e25164:1 s2e1-86b6c7ad:1 s3e1-9632d15b:1
1786364656.968948 s1e1-b7e25164:1 s2e1-86b6c7ad:1 s3e1-9632d15b:1
1786364656.988498 s1e1-b7e25164:1 s2e1-86b6c7ad:1 s3e1-9632d15b:1
1786364657.008058 s1e1-b7e25164:1 s2e1-86b6c7ad:1 s3e1-9632d15b:1
1786364657.027704 s2e1-86b6c7ad:1 s3e1-9632d15b:1 s4e1-9bcd9d54:53E
1786364657.083744 s2e1-86b6c7ad:1 s3e1-9632d15b:1 s4e1-9bcd9d54:1
1786364657.086280 s2e1-86b6c7ad:1 s3e1-9632d15b:1 s4e1-9bcd9d54:1
1786364657.105047 s2e1-86b6c7ad:1 s3e1-9632d15b:1 s4e1-9bcd9d54:1
1786364657.124709 s2e1-86b6c7ad:1 s3e1-9632d15b:1 s4e1-9bcd9d54:1
1786364657.144389 s2e1-86b6c7ad:1 s3e1-9632d15b:1 s4e1-9bcd9d54:1
1786364657.163933 s2e1-86b6c7ad:1 s3e1-9632d15b:1 s4e1-9bcd9d54:1
1786364657.183532 s2e1-86b6c7ad:1 s3e1-9632d15b:1 s4e1-9bcd9d54:1
1786364657.203123 s3e1-9632d15b:1 s4e1-9bcd9d54:1
1786364657.222782 s3e1-9632d15b:1 s4e1-9bcd9d54:1
1786364657.242313 s3e1-9632d15b:1 s4e1-9bcd9d54:1
1786364657.261864 s3e1-9632d15b:1 s4e1-9bcd9d54:1
1786364657.281516 s3e1-9632d15b:1 s4e1-9bcd9d54:1 s5e1-a6032c23:53E
1786364657.337332 s3e1-9632d15b:1 s4e1-9bcd9d54:1 s5e1-a6032c23:1
1786364657.339823 s3e1-9632d15b:1 s4e1-9bcd9d54:1 s5e1-a6032c23:1
1786364657.358529 s3e1-9632d15b:1 s4e1-9bcd9d54:1 s5e1-a6032c23:1
1786364657.378070 s3e1-9632d15b:1 s4e1-9bcd9d54:1 s5e1-a6032c23:1
1786364657.397592 s3e1-9632d15b:1 s4e1-9bcd9d54:1 s5e1-a6032c23:1
1786364657.417209 s3e1-9632d15b:1 s4e1-9bcd9d54:1 s5e1-a6032c23:1
1786364657.436634 s3e1-9632d15b:1 s4e1-9bcd9d54:1 s5e1-a6032c23:1
1786364657.456193 s3e1-9632d15b:1 s4e1-9bcd9d54:1 s5e1-a6032c23:1
1786364657.475767 s3e1-9632d15b:1 s4e1-9bcd9d54:1 s5e1-a6032c23:1
1786364657.495251 s3e1-9632d15b:1 s4e1-9bcd9d54:1 s5e1-a6032c23:1
1786364657.514810 s4e1-9bcd9d54:1 s5e1-a6032c23:1
1786364657.534559 s4e1-9bcd9d54:1 s5e1-a6032c23:1 s6e1-9b9b9a76:53E
1786364657.590154 s4e1-9bcd9d54:1 s5e1-a6032c23:1 s6e1-9b9b9a76:1
1786364657.592613 s4e1-9bcd9d54:1 s5e1-a6032c23:1 s6e1-9b9b9a76:1
1786364657.611617 s4e1-9bcd9d54:1 s5e1-a6032c23:1 s6e1-9b9b9a76:1
1786364657.631220 s4e1-9bcd9d54:1 s5e1-a6032c23:1 s6e1-9b9b9a76:1
1786364657.650748 s4e1-9bcd9d54:1 s5e1-a6032c23:1 s6e1-9b9b9a76:1
1786364657.670353 s4e1-9bcd9d54:1 s5e1-a6032c23:1 s6e1-9b9b9a76:1
1786364657.689787 s4e1-9bcd9d54:1 s5e1-a6032c23:1 s6e1-9b9b9a76:1
1786364657.709344 s4e1-9bcd9d54:1 s5e1-a6032c23:1 s6e1-9b9b9a76:1
1786364657.729134 s5e1-a6032c23:1 s6e1-9b9b9a76:1 s7e1-8baa63a2:53E
1786364657.785927 s5e1-a6032c23:1 s6e1-9b9b9a76:1 s7e1-8baa63a2:1
1786364657.788393 s5e1-a6032c23:1 s6e1-9b9b9a76:1 s7e1-8baa63a2:1
1786364657.807351 s5e1-a6032c23:1 s6e1-9b9b9a76:1 s7e1-8baa63a2:1
1786364657.827003 s5e1-a6032c23:1 s6e1-9b9b9a76:1 s7e1-8baa63a2:1
1786364657.846556 s5e1-a6032c23:1 s6e1-9b9b9a76:1 s7e1-8baa63a2:1
1786364657.866098 s5e1-a6032c23:1 s6e1-9b9b9a76:1 s7e1-8baa63a2:1
1786364657.885713 s5e1-a6032c23:1 s6e1-9b9b9a76:1 s7e1-8baa63a2:1
1786364657.905178 s5e1-a6032c23:1 s6e1-9b9b9a76:1 s7e1-8baa63a2:1
1786364657.924702 s5e1-a6032c23:1 s6e1-9b9b9a76:1 s7e1-8baa63a2:1
1786364657.944292 s5e1-a6032c23:1 s6e1-9b9b9a76:1 s7e1-8baa63a2:1
1786364657.964303 s5e1-a6032c23:1 s6e1-9b9b9a76:1 s7e1-8baa63a2:1 s8e1-80e16469:53E
1786364658.020954 s6e1-9b9b9a76:1 s7e1-8baa63a2:1 s8e1-80e16469:1
1786364658.023636 s6e1-9b9b9a76:1 s7e1-8baa63a2:1 s8e1-80e16469:1
1786364658.042348 s6e1-9b9b9a76:1 s7e1-8baa63a2:1 s8e1-80e16469:1
1786364658.062029 s6e1-9b9b9a76:1 s7e1-8baa63a2:1 s8e1-80e16469:1
1786364658.081671 s6e1-9b9b9a76:1 s7e1-8baa63a2:1 s8e1-80e16469:1
1786364658.101244 s6e1-9b9b9a76:1 s7e1-8baa63a2:1 s8e1-80e16469:1
1786364658.120835 s6e1-9b9b9a76:1 s7e1-8baa63a2:1 s8e1-80e16469:1
1786364658.140462 s6e1-9b9b9a76:1 s7e1-8baa63a2:1 s8e1-80e16469:1
1786364658.160115 s6e1-9b9b9a76:1 s7e1-8baa63a2:1 s8e1-80e16469:1
1786364658.179664 s6e1-9b9b9a76:1 s7e1-8baa63a2:1 s8e1-80e16469:1
1786364658.199278 s6e1-9b9b9a76:1 s7e1-8baa63a2:1 s8e1-80e16469:1
1786364658.218876 s6e1-9b9b9a76:1 s7e1-8baa63a2:1 s8e1-80e16469:1
1786364658.238413 s7e1-8baa63a2:1 s8e1-80e16469:1
1786364658.258018 s7e1-8baa63a2:1 s8e1-80e16469:1
1786364658.277646 s7e1-8baa63a2:1 s8e1-80e16469:1 s1e1-b7e25164:53E
1786364658.333121 s7e1-8baa63a2:1 s8e1-80e16469:1 s1e1-b7e25164:1
1786364658.335399 s7e1-8baa63a2:1 s8e1-80e16469:1 s1e1-b7e25164:1
1786364658.354359 s7e1-8baa63a2:1 s8e1-80e16469:1 s1e1-b7e25164:1
1786364658.373837 s7e1-8baa63a2:1 s8e1-80e16469:1 s1e1-b7e25164:1
1786364658.393372 s7e1-8baa63a2:1 s8e1-80e16469:1 s1e1-b7e25164:1
1786364658.412955 s7e1-8baa63a2:1 s8e1-80e16469:1 s1e1-b7e25164:1
1786364658.432407 s8e1-80e16469:1 s1e1-b7e25164:1
1786364658.451998 s8e1-80e16469:1 s1e1-b7e25164:1
1786364658.471554 s8e1-80e16469:1 s1e1-b7e25164:1
1786364658.491188 s8e1-80e16469:1 s1e1-b7e25164:1 s2e1-86b6c7ad:53E
1786364658.547176 s8e1-80e16469:1 s1e1-b7e25164:1 s2e1-86b6c7ad:1
1786364658.549538 s8e1-80e16469:1 s1e1-b7e25164:1 s2e1-86b6c7ad:1
1786364658.568610 s8e1-80e16469:1 s1e1-b7e25164:1 s2e1-86b6c7ad:1
1786364658.588344 s8e1-80e16469:1 s1e1-b7e25164:1 s2e1-86b6c7ad:1
1786364658.607959 s8e1-80e16469:1 s1e1-b7e25164:1 s2e1-86b6c7ad:1
1786364658.627496 s8e1-80e16469:1 s1e1-b7e25164:1 s2e1-86b6c7ad:1
1786364658.647039 s8e1-80e16469:1 s1e1-b7e25164:1 s2e1-86b6c7ad:1
1786364658.666543 s1e1-b7e25164:1 s2e1-86b6c7ad:1
1786364658.686152 s1e1-b7e25164:1 s2e1-86b6c7ad:1
1786364658.705575 s1e1-b7e25164:1 s2e1-86b6c7ad:1
1786364658.725082 s1e1-b7e25164:1 s2e1-86b6c7ad:1
1786364658.744599 s1e1-b7e25164:1 s2e1-86b6c7ad:1
1786364658.764179 s1e1-b7e25164:1 s2e1-86b6c7ad:1
1786364658.783590 s1e1-b7e25164:1 s2e1-86b6c7ad:1
1786364658.803125 s1e1-b7e25164:1 s2e1-86b6c7ad:1
1786364658.822643 s1e1-b7e25164:1 s2e1-86b6c7ad:1
1786364658.842331 s1e1-b7e25164:1 s2e1-86b6c7ad:1 s3e1-9632d15b:53E
1786364658.897707 s1e1-b7e25164:1 s2e1-86b6c7ad:1 s3e1-9632d15b:1
1786364658.900086 s1e1-b7e25164:1 s2e1-86b6c7ad:1 s3e1-9632d15b:1
1786364658.919140 s1e1-b7e25164:1 s2e1-86b6c7ad:1 s3e1-9632d15b:1
1786364658.938689 s1e1-b7e25164:1 s2e1-86b6c7ad:1 s3e1-9632d15b:1
1786364658.958216 s1e1-b7e25164:1 s2e1-86b6c7ad:1 s3e1-9632d15b:1
1786364658.977751 s2e1-86b6c7ad:1 s3e1-9632d15b:1
1786364658.997451 s2e1-86b6c7ad:1 s3e1-9632d15b:1
1786364659.016948 s2e1-86b6c7ad:1 s3e1-9632d15b:1 s4e1-9bcd9d54:53E
1786364659.072305 s2e1-86b6c7ad:1 s3e1-9632d15b:1 s4e1-9bcd9d54:1
1786364659.074646 s2e1-86b6c7ad:1 s3e1-9632d15b:1 s4e1-9bcd9d54:1
1786364659.093850 s2e1-86b6c7ad:1 s3e1-9632d15b:1 s4e1-9bcd9d54:1
1786364659.113480 s2e1-86b6c7ad:1 s3e1-9632d15b:1 s4e1-9bcd9d54:1
1786364659.133036 s2e1-86b6c7ad:1 s3e1-9632d15b:1 s4e1-9bcd9d54:1
1786364659.152646 s2e1-86b6c7ad:1 s3e1-9632d15b:1 s4e1-9bcd9d54:1
1786364659.172251 s2e1-86b6c7ad:1 s3e1-9632d15b:1 s4e1-9bcd9d54:1
1786364659.191828 s3e1-9632d15b:1 s4e1-9bcd9d54:1
1786364659.211442 s3e1-9632d15b:1 s4e1-9bcd9d54:1
1786364659.231035 s3e1-9632d15b:1 s4e1-9bcd9d54:1
1786364659.250605 s3e1-9632d15b:1 s4e1-9bcd9d54:1
1786364659.270326 s3e1-9632d15b:1 s4e1-9bcd9d54:1 s5e1-a6032c23:53E
1786364659.326174 s3e1-9632d15b:1 s4e1-9bcd9d54:1 s5e1-a6032c23:1
1786364659.328686 s3e1-9632d15b:1 s4e1-9bcd9d54:1 s5e1-a6032c23:1
1786364659.347785 s3e1-9632d15b:1 s4e1-9bcd9d54:1 s5e1-a6032c23:1
1786364659.367492 s3e1-9632d15b:1 s4e1-9bcd9d54:1 s5e1-a6032c23:1
1786364659.387057 s3e1-9632d15b:1 s4e1-9bcd9d54:1 s5e1-a6032c23:1
1786364659.406649 s3e1-9632d15b:1 s4e1-9bcd9d54:1 s5e1-a6032c23:1
1786364659.426311 s3e1-9632d15b:1 s4e1-9bcd9d54:1 s5e1-a6032c23:1
1786364659.445843 s3e1-9632d15b:1 s4e1-9bcd9d54:1 s5e1-a6032c23:1
1786364659.465481 s3e1-9632d15b:1 s4e1-9bcd9d54:1 s5e1-a6032c23:1
1786364659.485084 s3e1-9632d15b:1 s4e1-9bcd9d54:1 s5e1-a6032c23:1
1786364659.504686 s3e1-9632d15b:1 s4e1-9bcd9d54:1 s5e1-a6032c23:1
1786364659.524369 s3e1-9632d15b:1 s4e1-9bcd9d54:1 s5e1-a6032c23:1
1786364659.543938 s4e1-9bcd9d54:1 s5e1-a6032c23:1
1786364659.563698 s4e1-9bcd9d54:1 s5e1-a6032c23:1 s6e1-9b9b9a76:53E
1786364659.619003 s4e1-9bcd9d54:1 s5e1-a6032c23:1 s6e1-9b9b9a76:1
1786364659.621437 s4e1-9bcd9d54:1 s5e1-a6032c23:1 s6e1-9b9b9a76:1
1786364659.640453 s4e1-9bcd9d54:1 s5e1-a6032c23:1 s6e1-9b9b9a76:1
1786364659.660119 s4e1-9bcd9d54:1 s5e1-a6032c23:1 s6e1-9b9b9a76:1
1786364659.679710 s4e1-9bcd9d54:1 s5e1-a6032c23:1 s6e1-9b9b9a76:1
1786364659.699355 s4e1-9bcd9d54:1 s5e1-a6032c23:1 s6e1-9b9b9a76:1
1786364659.718774 s5e1-a6032c23:1 s6e1-9b9b9a76:1
1786364659.738352 s5e1-a6032c23:1 s6e1-9b9b9a76:1
1786364659.757923 s5e1-a6032c23:1 s6e1-9b9b9a76:1
1786364659.777507 s5e1-a6032c23:1 s6e1-9b9b9a76:1 s7e1-8baa63a2:53E
1786364659.833698 s5e1-a6032c23:1 s6e1-9b9b9a76:1 s7e1-8baa63a2:1
1786364659.836168 s5e1-a6032c23:1 s6e1-9b9b9a76:1 s7e1-8baa63a2:1
1786364659.855001 s5e1-a6032c23:1 s6e1-9b9b9a76:1 s7e1-8baa63a2:1
1786364659.874534 s5e1-a6032c23:1 s6e1-9b9b9a76:1 s7e1-8baa63a2:1
1786364659.894086 s5e1-a6032c23:1 s6e1-9b9b9a76:1 s7e1-8baa63a2:1
1786364659.913610 s5e1-a6032c23:1 s6e1-9b9b9a76:1 s7e1-8baa63a2:1
1786364659.933249 s5e1-a6032c23:1 s6e1-9b9b9a76:1 s7e1-8baa63a2:1
1786364659.952675 s5e1-a6032c23:1 s6e1-9b9b9a76:1 s7e1-8baa63a2:1
1786364659.972222 s6e1-9b9b9a76:1 s7e1-8baa63a2:1
1786364659.991893 s6e1-9b9b9a76:1 s7e1-8baa63a2:1
1786364660.011508 s6e1-9b9b9a76:1 s7e1-8baa63a2:1 s8e1-80e16469:53E
1786364660.067326 s6e1-9b9b9a76:1 s7e1-8baa63a2:1 s8e1-80e16469:1
1786364660.069789 s6e1-9b9b9a76:1 s7e1-8baa63a2:1 s8e1-80e16469:1
1786364660.089143 s6e1-9b9b9a76:1 s7e1-8baa63a2:1 s8e1-80e16469:1
1786364660.108896 s6e1-9b9b9a76:1 s7e1-8baa63a2:1 s8e1-80e16469:1
1786364660.128470 s6e1-9b9b9a76:1 s7e1-8baa63a2:1 s8e1-80e16469:1
1786364660.148061 s6e1-9b9b9a76:1 s7e1-8baa63a2:1 s8e1-80e16469:1
1786364660.167669 s6e1-9b9b9a76:1 s7e1-8baa63a2:1 s8e1-80e16469:1
1786364660.187325 s6e1-9b9b9a76:1 s7e1-8baa63a2:1 s8e1-80e16469:1
1786364660.206992 s6e1-9b9b9a76:1 s7e1-8baa63a2:1 s8e1-80e16469:1
1786364660.226684 s6e1-9b9b9a76:1 s7e1-8baa63a2:1 s8e1-80e16469:1
1786364660.246427 s6e1-9b9b9a76:1 s7e1-8baa63a2:1 s8e1-80e16469:1
1786364660.266129 s7e1-8baa63a2:1 s8e1-80e16469:1
1786364660.285839 s7e1-8baa63a2:1 s8e1-80e16469:1
1786364660.305472 s7e1-8baa63a2:1 s8e1-80e16469:1
1786364660.325081 s7e1-8baa63a2:1 s8e1-80e16469:1
1786364660.344810 s7e1-8baa63a2:1 s8e1-80e16469:1 s1e1-b7e25164:53E
1786364660.400867 s7e1-8baa63a2:1 s8e1-80e16469:1 s1e1-b7e25164:1
1786364660.403177 s7e1-8baa63a2:1 s8e1-80e16469:1 s1e1-b7e25164:1
1786364660.422036 s7e1-8baa63a2:1 s8e1-80e16469:1 s1e1-b7e25164:1
1786364660.441681 s7e1-8baa63a2:1 s8e1-80e16469:1 s1e1-b7e25164:1
1786364660.461141 s7e1-8baa63a2:1 s8e1-80e16469:1 s1e1-b7e25164:1
1786364660.480690 s8e1-80e16469:1 s1e1-b7e25164:1
1786364660.500376 s8e1-80e16469:1 s1e1-b7e25164:1
1786364660.520066 s8e1-80e16469:1 s1e1-b7e25164:1 s2e1-86b6c7ad:53E
1786364660.575512 s8e1-80e16469:1 s1e1-b7e25164:1 s2e1-86b6c7ad:1
1786364660.578069 s8e1-80e16469:1 s1e1-b7e25164:1 s2e1-86b6c7ad:1
1786364660.596988 s8e1-80e16469:1 s1e1-b7e25164:1 s2e1-86b6c7ad:1
1786364660.616330 s8e1-80e16469:1 s1e1-b7e25164:1 s2e1-86b6c7ad:1
1786364660.635712 s8e1-80e16469:1 s1e1-b7e25164:1 s2e1-86b6c7ad:1
1786364660.655326 s8e1-80e16469:1 s1e1-b7e25164:1 s2e1-86b6c7ad:1
1786364660.674786 s8e1-80e16469:1 s1e1-b7e25164:1 s2e1-86b6c7ad:1
1786364660.694473 s8e1-80e16469:1 s1e1-b7e25164:1 s2e1-86b6c7ad:1
1786364660.714034 s1e1-b7e25164:1 s2e1-86b6c7ad:1
1786364660.733643 s1e1-b7e25164:1 s2e1-86b6c7ad:1
1786364660.753217 s1e1-b7e25164:1 s2e1-86b6c7ad:1
1786364660.772828 s1e1-b7e25164:1 s2e1-86b6c7ad:1
1786364660.792450 s1e1-b7e25164:1 s2e1-86b6c7ad:1
1786364660.812152 s1e1-b7e25164:1 s2e1-86b6c7ad:1 s3e1-9632d15b:53E
1786364660.868563 s1e1-b7e25164:1 s2e1-86b6c7ad:1 s3e1-9632d15b:1
1786364660.871149 s1e1-b7e25164:1 s2e1-86b6c7ad:1 s3e1-9632d15b:1
1786364660.890171 s1e1-b7e25164:1 s2e1-86b6c7ad:1 s3e1-9632d15b:1
1786364660.909849 s1e1-b7e25164:1 s2e1-86b6c7ad:1 s3e1-9632d15b:1
1786364660.929513 s1e1-b7e25164:1 s2e1-86b6c7ad:1 s3e1-9632d15b:1
1786364660.949258 s1e1-b7e25164:1 s2e1-86b6c7ad:1 s3e1-9632d15b:1
1786364660.968904 s1e1-b7e25164:1 s2e1-86b6c7ad:1 s3e1-9632d15b:1
1786364660.988676 s1e1-b7e25164:1 s2e1-86b6c7ad:1 s3e1-9632d15b:1
1786364661.008277 s1e1-b7e25164:1 s2e1-86b6c7ad:1 s3e1-9632d15b:1
1786364661.028152 s1e1-b7e25164:1 s2e1-86b6c7ad:1 s3e1-9632d15b:1 s4e1-9bcd9d54:53E
1786364661.083874 s2e1-86b6c7ad:1 s3e1-9632d15b:1 s4e1-9bcd9d54:1
1786364661.086462 s2e1-86b6c7ad:1 s3e1-9632d15b:1 s4e1-9bcd9d54:1
1786364661.105770 s2e1-86b6c7ad:1 s3e1-9632d15b:1 s4e1-9bcd9d54:1
1786364661.125514 s2e1-86b6c7ad:1 s3e1-9632d15b:1 s4e1-9bcd9d54:1
1786364661.145213 s2e1-86b6c7ad:1 s3e1-9632d15b:1 s4e1-9bcd9d54:1
1786364661.164855 s2e1-86b6c7ad:1 s3e1-9632d15b:1 s4e1-9bcd9d54:1
1786364661.184499 s2e1-86b6c7ad:1 s3e1-9632d15b:1 s4e1-9bcd9d54:1
1786364661.204175 s2e1-86b6c7ad:1 s3e1-9632d15b:1 s4e1-9bcd9d54:1
1786364661.223688 s3e1-9632d15b:1 s4e1-9bcd9d54:1
1786364661.243448 s3e1-9632d15b:1 s4e1-9bcd9d54:1
1786364661.263095 s3e1-9632d15b:1 s4e1-9bcd9d54:1
1786364661.282786 s3e1-9632d15b:1 s4e1-9bcd9d54:1 s5e1-a6032c23:53E
1786364661.338162 s3e1-9632d15b:1 s4e1-9bcd9d54:1 s5e1-a6032c23:1
1786364661.340747 s3e1-9632d15b:1 s4e1-9bcd9d54:1 s5e1-a6032c23:1
1786364661.360112 s3e1-9632d15b:1 s4e1-9bcd9d54:1 s5e1-a6032c23:1
1786364661.379795 s3e1-9632d15b:1 s4e1-9bcd9d54:1 s5e1-a6032c23:1
1786364661.399412 s3e1-9632d15b:1 s4e1-9bcd9d54:1 s5e1-a6032c23:1
1786364661.419013 s3e1-9632d15b:1 s4e1-9bcd9d54:1 s5e1-a6032c23:1
1786364661.438606 s3e1-9632d15b:1 s4e1-9bcd9d54:1 s5e1-a6032c23:1
1786364661.458251 s3e1-9632d15b:1 s4e1-9bcd9d54:1 s5e1-a6032c23:1
1786364661.477865 s3e1-9632d15b:1 s4e1-9bcd9d54:1 s5e1-a6032c23:1
1786364661.497485 s3e1-9632d15b:1 s4e1-9bcd9d54:1 s5e1-a6032c23:1
1786364661.517090 s4e1-9bcd9d54:1 s5e1-a6032c23:1
1786364661.536826 s4e1-9bcd9d54:1 s5e1-a6032c23:1
1786364661.556464 s4e1-9bcd9d54:1 s5e1-a6032c23:1 s6e1-9b9b9a76:53E
1786364661.611964 s4e1-9bcd9d54:1 s5e1-a6032c23:1 s6e1-9b9b9a76:1
1786364661.614493 s4e1-9bcd9d54:1 s5e1-a6032c23:1 s6e1-9b9b9a76:1
1786364661.633856 s4e1-9bcd9d54:1 s5e1-a6032c23:1 s6e1-9b9b9a76:1
1786364661.653446 s4e1-9bcd9d54:1 s5e1-a6032c23:1 s6e1-9b9b9a76:1
1786364661.673111 s4e1-9bcd9d54:1 s5e1-a6032c23:1 s6e1-9b9b9a76:1
1786364661.692663 s4e1-9bcd9d54:1 s5e1-a6032c23:1 s6e1-9b9b9a76:1
1786364661.712269 s4e1-9bcd9d54:1 s5e1-a6032c23:1 s6e1-9b9b9a76:1
1786364661.731879 s5e1-a6032c23:1 s6e1-9b9b9a76:1
1786364661.751509 s5e1-a6032c23:1 s6e1-9b9b9a76:1
1786364661.771131 s5e1-a6032c23:1 s6e1-9b9b9a76:1
1786364661.790840 s5e1-a6032c23:1 s6e1-9b9b9a76:1 s7e1-8baa63a2:53E
1786364661.847405 s5e1-a6032c23:1 s6e1-9b9b9a76:1 s7e1-8baa63a2:1
1786364661.849822 s5e1-a6032c23:1 s6e1-9b9b9a76:1 s7e1-8baa63a2:1
1786364661.869101 s5e1-a6032c23:1 s6e1-9b9b9a76:1 s7e1-8baa63a2:1
1786364661.888868 s5e1-a6032c23:1 s6e1-9b9b9a76:1 s7e1-8baa63a2:1
1786364661.908579 s5e1-a6032c23:1 s6e1-9b9b9a76:1 s7e1-8baa63a2:1
1786364661.928318 s5e1-a6032c23:1 s6e1-9b9b9a76:1 s7e1-8baa63a2:1
1786364661.947992 s5e1-a6032c23:1 s6e1-9b9b9a76:1 s7e1-8baa63a2:1
1786364661.967724 s5e1-a6032c23:1 s6e1-9b9b9a76:1 s7e1-8baa63a2:1
1786364661.987530 s6e1-9b9b9a76:1 s7e1-8baa63a2:1 s8e1-80e16469:53E
1786364662.044265 s6e1-9b9b9a76:1 s7e1-8baa63a2:1 s8e1-80e16469:1
1786364662.046758 s6e1-9b9b9a76:1 s7e1-8baa63a2:1 s8e1-80e16469:1
1786364662.065903 s6e1-9b9b9a76:1 s7e1-8baa63a2:1 s8e1-80e16469:1
1786364662.085680 s6e1-9b9b9a76:1 s7e1-8baa63a2:1 s8e1-80e16469:1
1786364662.105404 s6e1-9b9b9a76:1 s7e1-8baa63a2:1 s8e1-80e16469:1
1786364662.125085 s6e1-9b9b9a76:1 s7e1-8baa63a2:1 s8e1-80e16469:1
1786364662.144786 s6e1-9b9b9a76:1 s7e1-8baa63a2:1 s8e1-80e16469:1
1786364662.164537 s6e1-9b9b9a76:1 s7e1-8baa63a2:1 s8e1-80e16469:1
1786364662.184149 s6e1-9b9b9a76:1 s7e1-8baa63a2:1 s8e1-80e16469:1
1786364662.203828 s6e1-9b9b9a76:1 s7e1-8baa63a2:1 s8e1-80e16469:1
1786364662.223517 s6e1-9b9b9a76:1 s7e1-8baa63a2:1 s8e1-80e16469:1
1786364662.243249 s6e1-9b9b9a76:1 s7e1-8baa63a2:1 s8e1-80e16469:1
1786364662.263046 s7e1-8baa63a2:1 s8e1-80e16469:1
1786364662.282607 s7e1-8baa63a2:1 s8e1-80e16469:1
1786364662.302450 s7e1-8baa63a2:1 s8e1-80e16469:1 s1e1-b7e25164:53E
1786364662.358640 s7e1-8baa63a2:1 s8e1-80e16469:1 s1e1-b7e25164:1
1786364662.361104 s7e1-8baa63a2:1 s8e1-80e16469:1 s1e1-b7e25164:1
1786364662.380155 s7e1-8baa63a2:1 s8e1-80e16469:1 s1e1-b7e25164:1
1786364662.399821 s7e1-8baa63a2:1 s8e1-80e16469:1 s1e1-b7e25164:1
1786364662.419446 s7e1-8baa63a2:1 s8e1-80e16469:1 s1e1-b7e25164:1
1786364662.439068 s7e1-8baa63a2:1 s8e1-80e16469:1 s1e1-b7e25164:1
1786364662.458672 s7e1-8baa63a2:1 s8e1-80e16469:1 s1e1-b7e25164:1
1786364662.478286 s7e1-8baa63a2:1 s8e1-80e16469:1 s1e1-b7e25164:1
1786364662.498157 s8e1-80e16469:1 s1e1-b7e25164:1
1786364662.518163 s8e1-80e16469:1 s1e1-b7e25164:1 s2e1-86b6c7ad:53E
1786364662.573607 s8e1-80e16469:1 s1e1-b7e25164:1 s2e1-86b6c7ad:1
1786364662.576114 s8e1-80e16469:1 s1e1-b7e25164:1 s2e1-86b6c7ad:1
1786364662.595399 s8e1-80e16469:1 s1e1-b7e25164:1 s2e1-86b6c7ad:1
1786364662.614964 s8e1-80e16469:1 s1e1-b7e25164:1 s2e1-86b6c7ad:1
1786364662.634569 s8e1-80e16469:1 s1e1-b7e25164:1 s2e1-86b6c7ad:1
1786364662.654258 s8e1-80e16469:1 s1e1-b7e25164:1 s2e1-86b6c7ad:1
1786364662.673807 s8e1-80e16469:1 s1e1-b7e25164:1 s2e1-86b6c7ad:1
1786364662.693428 s1e1-b7e25164:1 s2e1-86b6c7ad:1
1786364662.713108 s1e1-b7e25164:1 s2e1-86b6c7ad:1
1786364662.732658 s1e1-b7e25164:1 s2e1-86b6c7ad:1
1786364662.752248 s1e1-b7e25164:1 s2e1-86b6c7ad:1
1786364662.771857 s1e1-b7e25164:1 s2e1-86b6c7ad:1
1786364662.791427 s1e1-b7e25164:1 s2e1-86b6c7ad:1
1786364662.811241 s1e1-b7e25164:1 s2e1-86b6c7ad:1 s3e1-9632d15b:53E
1786364662.866972 s1e1-b7e25164:1 s2e1-86b6c7ad:1 s3e1-9632d15b:1
1786364662.869414 s1e1-b7e25164:1 s2e1-86b6c7ad:1 s3e1-9632d15b:1
1786364662.888947 s1e1-b7e25164:1 s2e1-86b6c7ad:1 s3e1-9632d15b:1
1786364662.908798 s1e1-b7e25164:1 s2e1-86b6c7ad:1 s3e1-9632d15b:1
1786364662.928654 s1e1-b7e25164:1 s2e1-86b6c7ad:1 s3e1-9632d15b:1
1786364662.948298 s1e1-b7e25164:1 s2e1-86b6c7ad:1 s3e1-9632d15b:1
1786364662.967996 s1e1-b7e25164:1 s2e1-86b6c7ad:1 s3e1-9632d15b:1
1786364662.987686 s1e1-b7e25164:1 s2e1-86b6c7ad:1 s3e1-9632d15b:1
1786364663.007387 s2e1-86b6c7ad:1 s3e1-9632d15b:1
1786364663.027121 s2e1-86b6c7ad:1 s3e1-9632d15b:1
1786364663.046924 s2e1-86b6c7ad:1 s3e1-9632d15b:1 s4e1-9bcd9d54:53E
1786364663.103144 s2e1-86b6c7ad:1 s3e1-9632d15b:1 s4e1-9bcd9d54:1
1786364663.105520 s2e1-86b6c7ad:1 s3e1-9632d15b:1 s4e1-9bcd9d54:1
1786364663.124918 s2e1-86b6c7ad:1 s3e1-9632d15b:1 s4e1-9bcd9d54:1
1786364663.144752 s2e1-86b6c7ad:1 s3e1-9632d15b:1 s4e1-9bcd9d54:1
1786364663.164473 s2e1-86b6c7ad:1 s3e1-9632d15b:1 s4e1-9bcd9d54:1
1786364663.184244 s2e1-86b6c7ad:1 s3e1-9632d15b:1 s4e1-9bcd9d54:1
1786364663.203896 s2e1-86b6c7ad:1 s3e1-9632d15b:1 s4e1-9bcd9d54:1
1786364663.223641 s3e1-9632d15b:1 s4e1-9bcd9d54:1
1786364663.243468 s3e1-9632d15b:1 s4e1-9bcd9d54:1 s5e1-a6032c23:53E
1786364663.299460 s3e1-9632d15b:1 s4e1-9bcd9d54:1 s5e1-a6032c23:1
1786364663.301992 s3e1-9632d15b:1 s4e1-9bcd9d54:1 s5e1-a6032c23:1
1786364663.321405 s3e1-9632d15b:1 s4e1-9bcd9d54:1 s5e1-a6032c23:1
1786364663.341164 s3e1-9632d15b:1 s4e1-9bcd9d54:1 s5e1-a6032c23:1
1786364663.360849 s3e1-9632d15b:1 s4e1-9bcd9d54:1 s5e1-a6032c23:1
1786364663.380532 s3e1-9632d15b:1 s4e1-9bcd9d54:1 s5e1-a6032c23:1
1786364663.400236 s3e1-9632d15b:1 s4e1-9bcd9d54:1 s5e1-a6032c23:1
1786364663.419920 s3e1-9632d15b:1 s4e1-9bcd9d54:1 s5e1-a6032c23:1
1786364663.439701 s3e1-9632d15b:1 s4e1-9bcd9d54:1 s5e1-a6032c23:1
1786364663.459312 s3e1-9632d15b:1 s4e1-9bcd9d54:1 s5e1-a6032c23:1
1786364663.479000 s3e1-9632d15b:1 s4e1-9bcd9d54:1 s5e1-a6032c23:1
1786364663.498794 s3e1-9632d15b:1 s4e1-9bcd9d54:1 s5e1-a6032c23:1
1786364663.518599 s4e1-9bcd9d54:1 s5e1-a6032c23:1
1786364663.538294 s4e1-9bcd9d54:1 s5e1-a6032c23:1 s6e1-9b9b9a76:53E
1786364663.594069 s4e1-9bcd9d54:1 s5e1-a6032c23:1 s6e1-9b9b9a76:1
1786364663.596560 s4e1-9bcd9d54:1 s5e1-a6032c23:1 s6e1-9b9b9a76:1
1786364663.615963 s4e1-9bcd9d54:1 s5e1-a6032c23:1 s6e1-9b9b9a76:1
1786364663.635592 s4e1-9bcd9d54:1 s5e1-a6032c23:1 s6e1-9b9b9a76:1
1786364663.655217 s4e1-9bcd9d54:1 s5e1-a6032c23:1 s6e1-9b9b9a76:1
1786364663.674911 s4e1-9bcd9d54:1 s5e1-a6032c23:1 s6e1-9b9b9a76:1
1786364663.694533 s4e1-9bcd9d54:1 s5e1-a6032c23:1 s6e1-9b9b9a76:1
1786364663.714134 s4e1-9bcd9d54:1 s5e1-a6032c23:1 s6e1-9b9b9a76:1
1786364663.733821 s4e1-9bcd9d54:1 s5e1-a6032c23:1 s6e1-9b9b9a76:1
1786364663.753391 s5e1-a6032c23:1 s6e1-9b9b9a76:1
1786364663.773204 s5e1-a6032c23:1 s6e1-9b9b9a76:1 s7e1-8baa63a2:53E
1786364663.829298 s5e1-a6032c23:1 s6e1-9b9b9a76:1 s7e1-8baa63a2:1
1786364663.831644 s5e1-a6032c23:1 s6e1-9b9b9a76:1 s7e1-8baa63a2:1
1786364663.851084 s5e1-a6032c23:1 s6e1-9b9b9a76:1 s7e1-8baa63a2:1
1786364663.870830 s5e1-a6032c23:1 s6e1-9b9b9a76:1 s7e1-8baa63a2:1
1786364663.890486 s5e1-a6032c23:1 s6e1-9b9b9a76:1 s7e1-8baa63a2:1
1786364663.910183 s5e1-a6032c23:1 s6e1-9b9b9a76:1 s7e1-8baa63a2:1
1786364663.929850 s5e1-a6032c23:1 s6e1-9b9b9a76:1 s7e1-8baa63a2:1
1786364663.949551 s6e1-9b9b9a76:1 s7e1-8baa63a2:1
1786364663.969275 s6e1-9b9b9a76:1 s7e1-8baa63a2:1
1786364663.988922 s6e1-9b9b9a76:1 s7e1-8baa63a2:1
1786364664.008530 s6e1-9b9b9a76:1 s7e1-8baa63a2:1
1786364664.028273 s6e1-9b9b9a76:1 s7e1-8baa63a2:1
1786364664.047966 s6e1-9b9b9a76:1 s7e1-8baa63a2:1 s8e1-80e16469:53E
1786364664.104783 s6e1-9b9b9a76:1 s7e1-8baa63a2:1 s8e1-80e16469:1
1786364664.107229 s6e1-9b9b9a76:1 s7e1-8baa63a2:1 s8e1-80e16469:1
1786364664.126621 s6e1-9b9b9a76:1 s7e1-8baa63a2:1 s8e1-80e16469:1
1786364664.146503 s6e1-9b9b9a76:1 s7e1-8baa63a2:1 s8e1-80e16469:1
1786364664.166207 s6e1-9b9b9a76:1 s7e1-8baa63a2:1 s8e1-80e16469:1
1786364664.185962 s6e1-9b9b9a76:1 s7e1-8baa63a2:1 s8e1-80e16469:1
1786364664.205655 s6e1-9b9b9a76:1 s7e1-8baa63a2:1 s8e1-80e16469:1
1786364664.225474 s6e1-9b9b9a76:1 s7e1-8baa63a2:1 s8e1-80e16469:1
1786364664.245326 s7e1-8baa63a2:1 s8e1-80e16469:1 s1e1-b7e25164:53E
1786364664.301786 s7e1-8baa63a2:1 s8e1-80e16469:1 s1e1-b7e25164:1
1786364664.304265 s7e1-8baa63a2:1 s8e1-80e16469:1 s1e1-b7e25164:1
1786364664.323891 s7e1-8baa63a2:1 s8e1-80e16469:1 s1e1-b7e25164:1
1786364664.343754 s7e1-8baa63a2:1 s8e1-80e16469:1 s1e1-b7e25164:1
1786364664.363448 s7e1-8baa63a2:1 s8e1-80e16469:1 s1e1-b7e25164:1
1786364664.383167 s7e1-8baa63a2:1 s8e1-80e16469:1 s1e1-b7e25164:1
1786364664.402843 s7e1-8baa63a2:1 s8e1-80e16469:1 s1e1-b7e25164:1
1786364664.422552 s7e1-8baa63a2:1 s8e1-80e16469:1 s1e1-b7e25164:1
1786364664.442267 s7e1-8baa63a2:1 s8e1-80e16469:1 s1e1-b7e25164:1
1786364664.461949 s7e1-8baa63a2:1 s8e1-80e16469:1 s1e1-b7e25164:1
1786364664.481691 s8e1-80e16469:1 s1e1-b7e25164:1
1786364664.501397 s8e1-80e16469:1 s1e1-b7e25164:1
1786364664.521035 s8e1-80e16469:1 s1e1-b7e25164:1
1786364664.540745 s8e1-80e16469:1 s1e1-b7e25164:1
1786364664.560346 s8e1-80e16469:1 s1e1-b7e25164:1
1786364664.580075 s8e1-80e16469:1 s1e1-b7e25164:1 s2e1-86b6c7ad:53E
1786364664.635872 s8e1-80e16469:1 s1e1-b7e25164:1 s2e1-86b6c7ad:1
1786364664.638317 s8e1-80e16469:1 s1e1-b7e25164:1 s2e1-86b6c7ad:1
1786364664.657361 s8e1-80e16469:1 s1e1-b7e25164:1 s2e1-86b6c7ad:1
1786364664.677032 s8e1-80e16469:1 s1e1-b7e25164:1 s2e1-86b6c7ad:1
1786364664.696543 s8e1-80e16469:1 s1e1-b7e25164:1 s2e1-86b6c7ad:1
1786364664.716139 s8e1-80e16469:1 s1e1-b7e25164:1 s2e1-86b6c7ad:1
1786364664.735735 s8e1-80e16469:1 s1e1-b7e25164:1 s2e1-86b6c7ad:1
1786364664.755455 s1e1-b7e25164:1 s2e1-86b6c7ad:1 s3e1-9632d15b:53E
1786364664.812528 s1e1-b7e25164:1 s2e1-86b6c7ad:1 s3e1-9632d15b:1
1786364664.815067 s1e1-b7e25164:1 s2e1-86b6c7ad:1 s3e1-9632d15b:1
1786364664.833916 s1e1-b7e25164:1 s2e1-86b6c7ad:1 s3e1-9632d15b:1
1786364664.853535 s1e1-b7e25164:1 s2e1-86b6c7ad:1 s3e1-9632d15b:1
1786364664.873145 s1e1-b7e25164:1 s2e1-86b6c7ad:1 s3e1-9632d15b:1
1786364664.892846 s1e1-b7e25164:1 s2e1-86b6c7ad:1 s3e1-9632d15b:1
1786364664.912424 s1e1-b7e25164:1 s2e1-86b6c7ad:1 s3e1-9632d15b:1
1786364664.932103 s1e1-b7e25164:1 s2e1-86b6c7ad:1 s3e1-9632d15b:1
1786364664.951649 s2e1-86b6c7ad:1 s3e1-9632d15b:1
1786364664.971414 s2e1-86b6c7ad:1 s3e1-9632d15b:1
1786364664.991213 s2e1-86b6c7ad:1 s3e1-9632d15b:1
1786364665.011102 s2e1-86b6c7ad:1 s3e1-9632d15b:1 s4e1-9bcd9d54:53E
1786364665.067514 s2e1-86b6c7ad:1 s3e1-9632d15b:1 s4e1-9bcd9d54:1
1786364665.070155 s2e1-86b6c7ad:1 s3e1-9632d15b:1 s4e1-9bcd9d54:1
1786364665.089713 s2e1-86b6c7ad:1 s3e1-9632d15b:1 s4e1-9bcd9d54:1
1786364665.109422 s2e1-86b6c7ad:1 s3e1-9632d15b:1 s4e1-9bcd9d54:1
1786364665.129107 s2e1-86b6c7ad:1 s3e1-9632d15b:1 s4e1-9bcd9d54:1
1786364665.148808 s2e1-86b6c7ad:1 s3e1-9632d15b:1 s4e1-9bcd9d54:1
1786364665.168587 s2e1-86b6c7ad:1 s3e1-9632d15b:1 s4e1-9bcd9d54:1
1786364665.188354 s2e1-86b6c7ad:1 s3e1-9632d15b:1 s4e1-9bcd9d54:1
1786364665.208158 s2e1-86b6c7ad:1 s3e1-9632d15b:1 s4e1-9bcd9d54:1
1786364665.228104 s2e1-86b6c7ad:1 s3e1-9632d15b:1 s4e1-9bcd9d54:1
1786364665.247895 s2e1-86b6c7ad:1 s3e1-9632d15b:1 s4e1-9bcd9d54:1 s5e1-a6032c23:53E
1786364665.304512 s2e1-86b6c7ad:1 s3e1-9632d15b:1 s4e1-9bcd9d54:1 s5e1-a6032c23:1
1786364665.307077 s3e1-9632d15b:1 s4e1-9bcd9d54:1 s5e1-a6032c23:1
1786364665.326969 s3e1-9632d15b:1 s4e1-9bcd9d54:1 s5e1-a6032c23:1
1786364665.346848 s3e1-9632d15b:1 s4e1-9bcd9d54:1 s5e1-a6032c23:1
1786364665.366648 s3e1-9632d15b:1 s4e1-9bcd9d54:1 s5e1-a6032c23:1
1786364665.386459 s3e1-9632d15b:1 s4e1-9bcd9d54:1 s5e1-a6032c23:1
1786364665.406083 s3e1-9632d15b:1 s4e1-9bcd9d54:1 s5e1-a6032c23:1
1786364665.425818 s3e1-9632d15b:1 s4e1-9bcd9d54:1 s5e1-a6032c23:1
1786364665.445472 s3e1-9632d15b:1 s4e1-9bcd9d54:1 s5e1-a6032c23:1
1786364665.465178 s4e1-9bcd9d54:1 s5e1-a6032c23:1
1786364665.484894 s4e1-9bcd9d54:1 s5e1-a6032c23:1
1786364665.504601 s4e1-9bcd9d54:1 s5e1-a6032c23:1
1786364665.524189 s4e1-9bcd9d54:1 s5e1-a6032c23:1
1786364665.543862 s4e1-9bcd9d54:1 s5e1-a6032c23:1
1786364665.563393 s4e1-9bcd9d54:1 s5e1-a6032c23:1
1786364665.583153 s4e1-9bcd9d54:1 s5e1-a6032c23:1 s6e1-9b9b9a76:53E
1786364665.639000 s4e1-9bcd9d54:1 s5e1-a6032c23:1 s6e1-9b9b9a76:1
1786364665.641700 s4e1-9bcd9d54:1 s5e1-a6032c23:1 s6e1-9b9b9a76:1
1786364665.661127 s4e1-9bcd9d54:1 s5e1-a6032c23:1 s6e1-9b9b9a76:1
1786364665.680924 s4e1-9bcd9d54:1 s5e1-a6032c23:1 s6e1-9b9b9a76:1
1786364665.700611 s4e1-9bcd9d54:1 s5e1-a6032c23:1 s6e1-9b9b9a76:1
1786364665.720410 s5e1-a6032c23:1 s6e1-9b9b9a76:1
1786364665.740126 s5e1-a6032c23:1 s6e1-9b9b9a76:1
1786364665.759941 s5e1-a6032c23:1 s6e1-9b9b9a76:1 s7e1-8baa63a2:53E
1786364665.815940 s5e1-a6032c23:1 s6e1-9b9b9a76:1 s7e1-8baa63a2:1
1786364665.818758 s5e1-a6032c23:1 s6e1-9b9b9a76:1 s7e1-8baa63a2:1
1786364665.838270 s5e1-a6032c23:1 s6e1-9b9b9a76:1 s7e1-8baa63a2:1
1786364665.857977 s5e1-a6032c23:1 s6e1-9b9b9a76:1 s7e1-8baa63a2:1
1786364665.877712 s5e1-a6032c23:1 s6e1-9b9b9a76:1 s7e1-8baa63a2:1
1786364665.897430 s5e1-a6032c23:1 s6e1-9b9b9a76:1 s7e1-8baa63a2:1
1786364665.917152 s5e1-a6032c23:1 s6e1-9b9b9a76:1 s7e1-8baa63a2:1
1786364665.936845 s5e1-a6032c23:1 s6e1-9b9b9a76:1 s7e1-8baa63a2:1
1786364665.956537 s6e1-9b9b9a76:1 s7e1-8baa63a2:1
1786364665.976359 s6e1-9b9b9a76:1 s7e1-8baa63a2:1
1786364665.995945 s6e1-9b9b9a76:1 s7e1-8baa63a2:1
1786364666.015679 s6e1-9b9b9a76:1 s7e1-8baa63a2:1
1786364666.035442 s6e1-9b9b9a76:1 s7e1-8baa63a2:1
1786364666.055208 s6e1-9b9b9a76:1 s7e1-8baa63a2:1 s8e1-80e16469:53E
1786364666.111952 s6e1-9b9b9a76:1 s7e1-8baa63a2:1 s8e1-80e16469:1
1786364666.114340 s6e1-9b9b9a76:1 s7e1-8baa63a2:1 s8e1-80e16469:1
1786364666.133610 s6e1-9b9b9a76:1 s7e1-8baa63a2:1 s8e1-80e16469:1
1786364666.153250 s6e1-9b9b9a76:1 s7e1-8baa63a2:1 s8e1-80e16469:1
1786364666.172933 s6e1-9b9b9a76:1 s7e1-8baa63a2:1 s8e1-80e16469:1
1786364666.192572 s6e1-9b9b9a76:1 s7e1-8baa63a2:1 s8e1-80e16469:1
1786364666.212203 s6e1-9b9b9a76:1 s7e1-8baa63a2:1 s8e1-80e16469:1
1786364666.231815 s6e1-9b9b9a76:1 s7e1-8baa63a2:1 s8e1-80e16469:1
1786364666.251635 s6e1-9b9b9a76:1 s7e1-8baa63a2:1 s8e1-80e16469:1
1786364666.271374 s6e1-9b9b9a76:1 s7e1-8baa63a2:1 s8e1-80e16469:1 s1e1-b7e25164:53E
1786364666.327720 s7e1-8baa63a2:1 s8e1-80e16469:1 s1e1-b7e25164:1
1786364666.330564 s7e1-8baa63a2:1 s8e1-80e16469:1 s1e1-b7e25164:1
1786364666.350164 s7e1-8baa63a2:1 s8e1-80e16469:1 s1e1-b7e25164:1
1786364666.369922 s7e1-8baa63a2:1 s8e1-80e16469:1 s1e1-b7e25164:1
1786364666.389577 s7e1-8baa63a2:1 s8e1-80e16469:1 s1e1-b7e25164:1
1786364666.409292 s7e1-8baa63a2:1 s8e1-80e16469:1 s1e1-b7e25164:1
1786364666.428998 s7e1-8baa63a2:1 s8e1-80e16469:1 s1e1-b7e25164:1
1786364666.448707 s7e1-8baa63a2:1 s8e1-80e16469:1 s1e1-b7e25164:1
1786364666.468410 s8e1-80e16469:1 s1e1-b7e25164:1
1786364666.488144 s8e1-80e16469:1 s1e1-b7e25164:1
1786364666.507970 s8e1-80e16469:1 s1e1-b7e25164:1
1786364666.527724 s8e1-80e16469:1 s1e1-b7e25164:1 s2e1-86b6c7ad:53E
1786364666.583601 s8e1-80e16469:1 s1e1-b7e25164:1 s2e1-86b6c7ad:1
1786364666.586388 s8e1-80e16469:1 s1e1-b7e25164:1 s2e1-86b6c7ad:1
1786364666.606203 s8e1-80e16469:1 s1e1-b7e25164:1 s2e1-86b6c7ad:1
1786364666.625969 s8e1-80e16469:1 s1e1-b7e25164:1 s2e1-86b6c7ad:1
1786364666.645700 s8e1-80e16469:1 s1e1-b7e25164:1 s2e1-86b6c7ad:1
1786364666.665417 s8e1-80e16469:1 s1e1-b7e25164:1 s2e1-86b6c7ad:1
1786364666.685151 s8e1-80e16469:1 s1e1-b7e25164:1 s2e1-86b6c7ad:1
1786364666.704828 s8e1-80e16469:1 s1e1-b7e25164:1 s2e1-86b6c7ad:1
1786364666.724607 s8e1-80e16469:1 s1e1-b7e25164:1 s2e1-86b6c7ad:1
1786364666.744267 s8e1-80e16469:1 s1e1-b7e25164:1 s2e1-86b6c7ad:1
1786364666.764018 s1e1-b7e25164:1 s2e1-86b6c7ad:1
1786364666.783881 s1e1-b7e25164:1 s2e1-86b6c7ad:1 s3e1-9632d15b:53E
1786364666.839716 s1e1-b7e25164:1 s2e1-86b6c7ad:1 s3e1-9632d15b:1
1786364666.842592 s1e1-b7e25164:1 s2e1-86b6c7ad:1 s3e1-9632d15b:1
1786364666.862116 s1e1-b7e25164:1 s2e1-86b6c7ad:1 s3e1-9632d15b:1
1786364666.881832 s1e1-b7e25164:1 s2e1-86b6c7ad:1 s3e1-9632d15b:1
1786364666.901534 s1e1-b7e25164:1 s2e1-86b6c7ad:1 s3e1-9632d15b:1
1786364666.921250 s1e1-b7e25164:1 s2e1-86b6c7ad:1 s3e1-9632d15b:1
1786364666.941031 s1e1-b7e25164:1 s2e1-86b6c7ad:1 s3e1-9632d15b:1
1786364666.960691 s1e1-b7e25164:1 s2e1-86b6c7ad:1 s3e1-9632d15b:1
1786364666.980472 s2e1-86b6c7ad:1 s3e1-9632d15b:1
1786364667.000269 s2e1-86b6c7ad:1 s3e1-9632d15b:1
1786364667.020042 s2e1-86b6c7ad:1 s3e1-9632d15b:1
1786364667.039797 s2e1-86b6c7ad:1 s3e1-9632d15b:1
1786364667.059606 s2e1-86b6c7ad:1 s3e1-9632d15b:1
1786364667.079384 s2e1-86b6c7ad:1 s3e1-9632d15b:1 s4e1-9bcd9d54:53E
1786364667.135202 s2e1-86b6c7ad:1 s3e1-9632d15b:1 s4e1-9bcd9d54:1
1786364667.137940 s2e1-86b6c7ad:1 s3e1-9632d15b:1 s4e1-9bcd9d54:1
1786364667.157386 s2e1-86b6c7ad:1 s3e1-9632d15b:1 s4e1-9bcd9d54:1
1786364667.177117 s2e1-86b6c7ad:1 s3e1-9632d15b:1 s4e1-9bcd9d54:1
1786364667.196884 s2e1-86b6c7ad:1 s3e1-9632d15b:1 s4e1-9bcd9d54:1
1786364667.216508 s2e1-86b6c7ad:1 s3e1-9632d15b:1 s4e1-9bcd9d54:1
1786364667.236226 s3e1-9632d15b:1 s4e1-9bcd9d54:1
1786364667.255958 s3e1-9632d15b:1 s4e1-9bcd9d54:1
1786364667.275645 s3e1-9632d15b:1 s4e1-9bcd9d54:1
1786364667.295312 s3e1-9632d15b:1 s4e1-9bcd9d54:1
1786364667.314996 s3e1-9632d15b:1 s4e1-9bcd9d54:1
1786364667.334851 s3e1-9632d15b:1 s4e1-9bcd9d54:1
1786364667.354526 s3e1-9632d15b:1 s4e1-9bcd9d54:1 s5e1-a6032c23:53E
1786364667.410576 s3e1-9632d15b:1 s4e1-9bcd9d54:1 s5e1-a6032c23:1
1786364667.413456 s3e1-9632d15b:1 s4e1-9bcd9d54:1 s5e1-a6032c23:1
1786364667.433018 s3e1-9632d15b:1 s4e1-9bcd9d54:1 s5e1-a6032c23:1
1786364667.452712 s3e1-9632d15b:1 s4e1-9bcd9d54:1 s5e1-a6032c23:1
1786364667.472434 s3e1-9632d15b:1 s4e1-9bcd9d54:1 s5e1-a6032c23:1
1786364667.492191 s4e1-9bcd9d54:1 s5e1-a6032c23:1
1786364667.511894 s4e1-9bcd9d54:1 s5e1-a6032c23:1
1786364667.531561 s4e1-9bcd9d54:1 s5e1-a6032c23:1
1786364667.551216 s4e1-9bcd9d54:1 s5e1-a6032c23:1
1786364667.571064 s4e1-9bcd9d54:1 s5e1-a6032c23:1 s6e1-9b9b9a76:53E
1786364667.627201 s4e1-9bcd9d54:1 s5e1-a6032c23:1 s6e1-9b9b9a76:1
1786364667.629995 s4e1-9bcd9d54:1 s5e1-a6032c23:1 s6e1-9b9b9a76:1
1786364667.649623 s4e1-9bcd9d54:1 s5e1-a6032c23:1 s6e1-9b9b9a76:1
1786364667.669330 s4e1-9bcd9d54:1 s5e1-a6032c23:1 s6e1-9b9b9a76:1
1786364667.689110 s4e1-9bcd9d54:1 s5e1-a6032c23:1 s6e1-9b9b9a76:1
1786364667.708753 s4e1-9bcd9d54:1 s5e1-a6032c23:1 s6e1-9b9b9a76:1
1786364667.728463 s4e1-9bcd9d54:1 s5e1-a6032c23:1 s6e1-9b9b9a76:1
1786364667.748187 s4e1-9bcd9d54:1 s5e1-a6032c23:1 s6e1-9b9b9a76:1
1786364667.768060 s4e1-9bcd9d54:1 s5e1-a6032c23:1 s6e1-9b9b9a76:1
1786364667.787786 s5e1-a6032c23:1 s6e1-9b9b9a76:1 s7e1-8baa63a2:53E
1786364667.844521 s5e1-a6032c23:1 s6e1-9b9b9a76:1 s7e1-8baa63a2:1
1786364667.847180 s5e1-a6032c23:1 s6e1-9b9b9a76:1 s7e1-8baa63a2:1
1786364667.866926 s5e1-a6032c23:1 s6e1-9b9b9a76:1 s7e1-8baa63a2:1
1786364667.886680 s5e1-a6032c23:1 s6e1-9b9b9a76:1 s7e1-8baa63a2:1
1786364667.906461 s5e1-a6032c23:1 s6e1-9b9b9a76:1 s7e1-8baa63a2:1
1786364667.926208 s5e1-a6032c23:1 s6e1-9b9b9a76:1 s7e1-8baa63a2:1
1786364667.945955 s5e1-a6032c23:1 s6e1-9b9b9a76:1 s7e1-8baa63a2:1
1786364667.965642 s5e1-a6032c23:1 s6e1-9b9b9a76:1 s7e1-8baa63a2:1
1786364667.985359 s5e1-a6032c23:1 s6e1-9b9b9a76:1 s7e1-8baa63a2:1
1786364668.005137 s5e1-a6032c23:1 s6e1-9b9b9a76:1 s7e1-8baa63a2:1
1786364668.024911 s5e1-a6032c23:1 s6e1-9b9b9a76:1 s7e1-8baa63a2:1
1786364668.044644 s5e1-a6032c23:1 s6e1-9b9b9a76:1 s7e1-8baa63a2:1
1786364668.064508 s6e1-9b9b9a76:1 s7e1-8baa63a2:1 s8e1-80e16469:53E
1786364668.120751 s6e1-9b9b9a76:1 s7e1-8baa63a2:1 s8e1-80e16469:1
1786364668.123394 s6e1-9b9b9a76:1 s7e1-8baa63a2:1 s8e1-80e16469:1
1786364668.143020 s6e1-9b9b9a76:1 s7e1-8baa63a2:1 s8e1-80e16469:1
1786364668.162832 s6e1-9b9b9a76:1 s7e1-8baa63a2:1 s8e1-80e16469:1
1786364668.182586 s6e1-9b9b9a76:1 s7e1-8baa63a2:1 s8e1-80e16469:1
1786364668.202390 s6e1-9b9b9a76:1 s7e1-8baa63a2:1 s8e1-80e16469:1
1786364668.222043 s6e1-9b9b9a76:1 s7e1-8baa63a2:1 s8e1-80e16469:1
1786364668.241756 s6e1-9b9b9a76:1 s7e1-8baa63a2:1 s8e1-80e16469:1
1786364668.261554 s6e1-9b9b9a76:1 s7e1-8baa63a2:1 s8e1-80e16469:1
1786364668.281297 s7e1-8baa63a2:1 s8e1-80e16469:1
1786364668.300963 s7e1-8baa63a2:1 s8e1-80e16469:1
1786364668.320671 s7e1-8baa63a2:1 s8e1-80e16469:1
1786364668.340471 s7e1-8baa63a2:1 s8e1-80e16469:1 s1e1-b7e25164:53E
1786364668.396537 s7e1-8baa63a2:1 s8e1-80e16469:1 s1e1-b7e25164:1
1786364668.399740 s7e1-8baa63a2:1 s8e1-80e16469:1 s1e1-b7e25164:1
1786364668.419290 s7e1-8baa63a2:1 s8e1-80e16469:1 s1e1-b7e25164:1
1786364668.438999 s7e1-8baa63a2:1 s8e1-80e16469:1 s1e1-b7e25164:1
1786364668.458723 s7e1-8baa63a2:1 s8e1-80e16469:1 s1e1-b7e25164:1
1786364668.478465 s7e1-8baa63a2:1 s8e1-80e16469:1 s1e1-b7e25164:1
1786364668.498356 s8e1-80e16469:1 s1e1-b7e25164:1
1786364668.518356 s8e1-80e16469:1 s1e1-b7e25164:1 s2e1-86b6c7ad:53E
1786364668.576075 s8e1-80e16469:1 s1e1-b7e25164:1 s2e1-86b6c7ad:1
1786364668.578724 s8e1-80e16469:1 s1e1-b7e25164:1 s2e1-86b6c7ad:1
1786364668.597934 s8e1-80e16469:1 s1e1-b7e25164:1 s2e1-86b6c7ad:1
1786364668.617766 s8e1-80e16469:1 s1e1-b7e25164:1 s2e1-86b6c7ad:1
1786364668.637416 s8e1-80e16469:1 s1e1-b7e25164:1 s2e1-86b6c7ad:1
1786364668.657152 s8e1-80e16469:1 s1e1-b7e25164:1 s2e1-86b6c7ad:1
1786364668.676872 s8e1-80e16469:1 s1e1-b7e25164:1 s2e1-86b6c7ad:1
1786364668.696616 s8e1-80e16469:1 s1e1-b7e25164:1 s2e1-86b6c7ad:1
1786364668.716406 s8e1-80e16469:1 s1e1-b7e25164:1 s2e1-86b6c7ad:1
1786364668.736171 s8e1-80e16469:1 s1e1-b7e25164:1 s2e1-86b6c7ad:1
1786364668.755934 s8e1-80e16469:1 s1e1-b7e25164:1 s2e1-86b6c7ad:1
1786364668.775575 s1e1-b7e25164:1 s2e1-86b6c7ad:1
1786364668.795346 s1e1-b7e25164:1 s2e1-86b6c7ad:1
1786364668.815153 s1e1-b7e25164:1 s2e1-86b6c7ad:1 s3e1-9632d15b:53E
1786364668.871401 s1e1-b7e25164:1 s2e1-86b6c7ad:1 s3e1-9632d15b:1
1786364668.874072 s1e1-b7e25164:1 s2e1-86b6c7ad:1 s3e1-9632d15b:1
1786364668.893473 s1e1-b7e25164:1 s2e1-86b6c7ad:1 s3e1-9632d15b:1
1786364668.913208 s1e1-b7e25164:1 s2e1-86b6c7ad:1 s3e1-9632d15b:1
1786364668.932772 s1e1-b7e25164:1 s2e1-86b6c7ad:1 s3e1-9632d15b:1
1786364668.952475 s1e1-b7e25164:1 s2e1-86b6c7ad:1 s3e1-9632d15b:1
1786364668.972073 s1e1-b7e25164:1 s2e1-86b6c7ad:1 s3e1-9632d15b:1
1786364668.991880 s1e1-b7e25164:1 s2e1-86b6c7ad:1 s3e1-9632d15b:1
1786364669.011730 s1e1-b7e25164:1 s2e1-86b6c7ad:1 s3e1-9632d15b:1
1786364669.031483 s1e1-b7e25164:1 s2e1-86b6c7ad:1 s3e1-9632d15b:1
1786364669.051266 s2e1-86b6c7ad:1 s3e1-9632d15b:1
1786364669.071109 s2e1-86b6c7ad:1 s3e1-9632d15b:1
1786364669.091013 s2e1-86b6c7ad:1 s3e1-9632d15b:1 s4e1-9bcd9d54:53E
1786364669.147298 s2e1-86b6c7ad:1 s3e1-9632d15b:1 s4e1-9bcd9d54:1
1786364669.149896 s2e1-86b6c7ad:1 s3e1-9632d15b:1 s4e1-9bcd9d54:1
1786364669.169586 s2e1-86b6c7ad:1 s3e1-9632d15b:1 s4e1-9bcd9d54:1
1786364669.189325 s2e1-86b6c7ad:1 s3e1-9632d15b:1 s4e1-9bcd9d54:1
1786364669.209049 s2e1-86b6c7ad:1 s3e1-9632d15b:1 s4e1-9bcd9d54:1
1786364669.228755 s3e1-9632d15b:1 s4e1-9bcd9d54:1
1786364669.248564 s3e1-9632d15b:1 s4e1-9bcd9d54:1
1786364669.268334 s3e1-9632d15b:1 s4e1-9bcd9d54:1
1786364669.288136 s3e1-9632d15b:1 s4e1-9bcd9d54:1 s5e1-a6032c23:53E
1786364669.344595 s3e1-9632d15b:1 s4e1-9bcd9d54:1 s5e1-a6032c23:1
1786364669.347559 s3e1-9632d15b:1 s4e1-9bcd9d54:1 s5e1-a6032c23:1
1786364669.367326 s3e1-9632d15b:1 s4e1-9bcd9d54:1 s5e1-a6032c23:1
1786364669.387125 s3e1-9632d15b:1 s4e1-9bcd9d54:1 s5e1-a6032c23:1
1786364669.406920 s3e1-9632d15b:1 s4e1-9bcd9d54:1 s5e1-a6032c23:1
1786364669.426725 s3e1-9632d15b:1 s4e1-9bcd9d54:1 s5e1-a6032c23:1
1786364669.446532 s3e1-9632d15b:1 s4e1-9bcd9d54:1 s5e1-a6032c23:1
1786364669.466416 s3e1-9632d15b:1 s4e1-9bcd9d54:1 s5e1-a6032c23:1
1786364669.486140 s3e1-9632d15b:1 s4e1-9bcd9d54:1 s5e1-a6032c23:1
1786364669.505951 s3e1-9632d15b:1 s4e1-9bcd9d54:1 s5e1-a6032c23:1
1786364669.525728 s4e1-9bcd9d54:1 s5e1-a6032c23:1
1786364669.545637 s4e1-9bcd9d54:1 s5e1-a6032c23:1 s6e1-9b9b9a76:53E
1786364669.601484 s4e1-9bcd9d54:1 s5e1-a6032c23:1 s6e1-9b9b9a76:1
1786364669.604686 s4e1-9bcd9d54:1 s5e1-a6032c23:1 s6e1-9b9b9a76:1
1786364669.624334 s4e1-9bcd9d54:1 s5e1-a6032c23:1 s6e1-9b9b9a76:1
1786364669.644181 s4e1-9bcd9d54:1 s5e1-a6032c23:1 s6e1-9b9b9a76:1
1786364669.663996 s4e1-9bcd9d54:1 s5e1-a6032c23:1 s6e1-9b9b9a76:1
1786364669.683729 s4e1-9bcd9d54:1 s5e1-a6032c23:1 s6e1-9b9b9a76:1
1786364669.703462 s4e1-9bcd9d54:1 s5e1-a6032c23:1 s6e1-9b9b9a76:1
1786364669.723267 s4e1-9bcd9d54:1 s5e1-a6032c23:1 s6e1-9b9b9a76:1
1786364669.742921 s4e1-9bcd9d54:1 s5e1-a6032c23:1 s6e1-9b9b9a76:1
1786364669.762671 s4e1-9bcd9d54:1 s5e1-a6032c23:1 s6e1-9b9b9a76:1
1786364669.782415 s4e1-9bcd9d54:1 s5e1-a6032c23:1 s6e1-9b9b9a76:1
1786364669.802260 s5e1-a6032c23:1 s6e1-9b9b9a76:1 s7e1-8baa63a2:53E
1786364669.859189 s5e1-a6032c23:1 s6e1-9b9b9a76:1 s7e1-8baa63a2:1
1786364669.861828 s5e1-a6032c23:1 s6e1-9b9b9a76:1 s7e1-8baa63a2:1
1786364669.881230 s5e1-a6032c23:1 s6e1-9b9b9a76:1 s7e1-8baa63a2:1
1786364669.901056 s5e1-a6032c23:1 s6e1-9b9b9a76:1 s7e1-8baa63a2:1
1786364669.920820 s5e1-a6032c23:1 s6e1-9b9b9a76:1 s7e1-8baa63a2:1
1786364669.940610 s5e1-a6032c23:1 s6e1-9b9b9a76:1 s7e1-8baa63a2:1
1786364669.960273 s5e1-a6032c23:1 s6e1-9b9b9a76:1 s7e1-8baa63a2:1
1786364669.980015 s5e1-a6032c23:1 s6e1-9b9b9a76:1 s7e1-8baa63a2:1
1786364669.999725 s6e1-9b9b9a76:1 s7e1-8baa63a2:1
1786364670.019486 s6e1-9b9b9a76:1 s7e1-8baa63a2:1
1786364670.039154 s6e1-9b9b9a76:1 s7e1-8baa63a2:1
1786364670.058971 s6e1-9b9b9a76:1 s7e1-8baa63a2:1
1786364670.078728 s6e1-9b9b9a76:1 s7e1-8baa63a2:1 s8e1-80e16469:53E
1786364670.135021 s6e1-9b9b9a76:1 s7e1-8baa63a2:1 s8e1-80e16469:1
1786364670.137703 s6e1-9b9b9a76:1 s7e1-8baa63a2:1 s8e1-80e16469:1
1786364670.157166 s6e1-9b9b9a76:1 s7e1-8baa63a2:1 s8e1-80e16469:1
1786364670.176878 s6e1-9b9b9a76:1 s7e1-8baa63a2:1 s8e1-80e16469:1
1786364670.196604 s6e1-9b9b9a76:1 s7e1-8baa63a2:1 s8e1-80e16469:1
1786364670.216245 s6e1-9b9b9a76:1 s7e1-8baa63a2:1 s8e1-80e16469:1
1786364670.235980 s6e1-9b9b9a76:1 s7e1-8baa63a2:1 s8e1-80e16469:1
1786364670.255698 s7e1-8baa63a2:1 s8e1-80e16469:1
1786364670.275499 s7e1-8baa63a2:1 s8e1-80e16469:1
1786364670.295151 s7e1-8baa63a2:1 s8e1-80e16469:1
1786364670.315024 s7e1-8baa63a2:1 s8e1-80e16469:1 s1e1-b7e25164:53E
1786364670.371414 s7e1-8baa63a2:1 s8e1-80e16469:1 s1e1-b7e25164:1
1786364670.374307 s7e1-8baa63a2:1 s8e1-80e16469:1 s1e1-b7e25164:1
1786364670.393589 s7e1-8baa63a2:1 s8e1-80e16469:1 s1e1-b7e25164:1
1786364670.413338 s7e1-8baa63a2:1 s8e1-80e16469:1 s1e1-b7e25164:1
1786364670.433117 s7e1-8baa63a2:1 s8e1-80e16469:1 s1e1-b7e25164:1
1786364670.452788 s7e1-8baa63a2:1 s8e1-80e16469:1 s1e1-b7e25164:1
1786364670.472672 s7e1-8baa63a2:1 s8e1-80e16469:1 s1e1-b7e25164:1
1786364670.492542 s7e1-8baa63a2:1 s8e1-80e16469:1 s1e1-b7e25164:1
1786364670.512464 s8e1-80e16469:1 s1e1-b7e25164:1
1786364670.532482 s8e1-80e16469:1 s1e1-b7e25164:1
1786364670.552380 s8e1-80e16469:1 s1e1-b7e25164:1 s2e1-86b6c7ad:53E
1786364670.609252 s8e1-80e16469:1 s1e1-b7e25164:1 s2e1-86b6c7ad:1
1786364670.611956 s8e1-80e16469:1 s1e1-b7e25164:1 s2e1-86b6c7ad:1
1786364670.631627 s8e1-80e16469:1 s1e1-b7e25164:1 s2e1-86b6c7ad:1
1786364670.651375 s8e1-80e16469:1 s1e1-b7e25164:1 s2e1-86b6c7ad:1
1786364670.671177 s8e1-80e16469:1 s1e1-b7e25164:1 s2e1-86b6c7ad:1
1786364670.690867 s8e1-80e16469:1 s1e1-b7e25164:1 s2e1-86b6c7ad:1
1786364670.710608 s8e1-80e16469:1 s1e1-b7e25164:1 s2e1-86b6c7ad:1
1786364670.730440 s8e1-80e16469:1 s1e1-b7e25164:1 s2e1-86b6c7ad:1
1786364670.750271 s8e1-80e16469:1 s1e1-b7e25164:1 s2e1-86b6c7ad:1
1786364670.770200 s8e1-80e16469:1 s1e1-b7e25164:1 s2e1-86b6c7ad:1 s3e1-9632d15b:53E
1786364670.826703 s1e1-b7e25164:1 s2e1-86b6c7ad:1 s3e1-9632d15b:1
1786364670.829629 s1e1-b7e25164:1 s2e1-86b6c7ad:1 s3e1-9632d15b:1
1786364670.849310 s1e1-b7e25164:1 s2e1-86b6c7ad:1 s3e1-9632d15b:1
1786364670.869049 s1e1-b7e25164:1 s2e1-86b6c7ad:1 s3e1-9632d15b:1
1786364670.888817 s1e1-b7e25164:1 s2e1-86b6c7ad:1 s3e1-9632d15b:1
1786364670.908494 s1e1-b7e25164:1 s2e1-86b6c7ad:1 s3e1-9632d15b:1
1786364670.928205 s1e1-b7e25164:1 s2e1-86b6c7ad:1 s3e1-9632d15b:1
1786364670.947939 s1e1-b7e25164:1 s2e1-86b6c7ad:1 s3e1-9632d15b:1
1786364670.967745 s1e1-b7e25164:1 s2e1-86b6c7ad:1 s3e1-9632d15b:1
1786364670.987439 s1e1-b7e25164:1 s2e1-86b6c7ad:1 s3e1-9632d15b:1
1786364671.007385 s1e1-b7e25164:1 s2e1-86b6c7ad:1 s3e1-9632d15b:1
1786364671.027182 s2e1-86b6c7ad:1 s3e1-9632d15b:1
1786364671.047201 s2e1-86b6c7ad:1 s3e1-9632d15b:1 s4e1-9bcd9d54:53E
1786364671.103886 s2e1-86b6c7ad:1 s3e1-9632d15b:1 s4e1-9bcd9d54:1
1786364671.106438 s2e1-86b6c7ad:1 s3e1-9632d15b:1 s4e1-9bcd9d54:1
1786364671.126168 s2e1-86b6c7ad:1 s3e1-9632d15b:1 s4e1-9bcd9d54:1
1786364671.146147 s2e1-86b6c7ad:1 s3e1-9632d15b:1 s4e1-9bcd9d54:1
1786364671.166043 s2e1-86b6c7ad:1 s3e1-9632d15b:1 s4e1-9bcd9d54:1
1786364671.185892 s2e1-86b6c7ad:1 s3e1-9632d15b:1 s4e1-9bcd9d54:1
1786364671.205781 s2e1-86b6c7ad:1 s3e1-9632d15b:1 s4e1-9bcd9d54:1
1786364671.225741 s2e1-86b6c7ad:1 s3e1-9632d15b:1 s4e1-9bcd9d54:1
1786364671.245535 s2e1-86b6c7ad:1 s3e1-9632d15b:1 s4e1-9bcd9d54:1
1786364671.265514 s3e1-9632d15b:1 s4e1-9bcd9d54:1
1786364671.285356 s3e1-9632d15b:1 s4e1-9bcd9d54:1
1786364671.305217 s3e1-9632d15b:1 s4e1-9bcd9d54:1 s5e1-a6032c23:53E
1786364671.361161 s3e1-9632d15b:1 s4e1-9bcd9d54:1 s5e1-a6032c23:1
1786364671.364485 s3e1-9632d15b:1 s4e1-9bcd9d54:1 s5e1-a6032c23:1
1786364671.384368 s3e1-9632d15b:1 s4e1-9bcd9d54:1 s5e1-a6032c23:1
1786364671.404451 s3e1-9632d15b:1 s4e1-9bcd9d54:1 s5e1-a6032c23:1
1786364671.424447 s3e1-9632d15b:1 s4e1-9bcd9d54:1 s5e1-a6032c23:1
1786364671.444435 s3e1-9632d15b:1 s4e1-9bcd9d54:1 s5e1-a6032c23:1
1786364671.464278 s3e1-9632d15b:1 s4e1-9bcd9d54:1 s5e1-a6032c23:1
1786364671.484222 s4e1-9bcd9d54:1 s5e1-a6032c23:1
1786364671.504177 s4e1-9bcd9d54:1 s5e1-a6032c23:1
1786364671.523778 s4e1-9bcd9d54:1 s5e1-a6032c23:1
1786364671.543477 s4e1-9bcd9d54:1 s5e1-a6032c23:1
1786364671.563339 s4e1-9bcd9d54:1 s5e1-a6032c23:1 s6e1-9b9b9a76:53E
1786364671.619194 s4e1-9bcd9d54:1 s5e1-a6032c23:1 s6e1-9b9b9a76:1
1786364671.622594 s4e1-9bcd9d54:1 s5e1-a6032c23:1 s6e1-9b9b9a76:1
1786364671.642459 s4e1-9bcd9d54:1 s5e1-a6032c23:1 s6e1-9b9b9a76:1
1786364671.662389 s4e1-9bcd9d54:1 s5e1-a6032c23:1 s6e1-9b9b9a76:1
1786364671.682369 s4e1-9bcd9d54:1 s5e1-a6032c23:1 s6e1-9b9b9a76:1
1786364671.702361 s4e1-9bcd9d54:1 s5e1-a6032c23:1 s6e1-9b9b9a76:1
1786364671.722330 s4e1-9bcd9d54:1 s5e1-a6032c23:1 s6e1-9b9b9a76:1
1786364671.742274 s4e1-9bcd9d54:1 s5e1-a6032c23:1 s6e1-9b9b9a76:1
1786364671.762256 s5e1-a6032c23:1 s6e1-9b9b9a76:1
1786364671.782290 s5e1-a6032c23:1 s6e1-9b9b9a76:1
1786364671.801970 s5e1-a6032c23:1 s6e1-9b9b9a76:1
1786364671.821765 s5e1-a6032c23:1 s6e1-9b9b9a76:1
1786364671.841619 s5e1-a6032c23:1 s6e1-9b9b9a76:1 s7e1-8baa63a2:53E
1786364671.897909 s5e1-a6032c23:1 s6e1-9b9b9a76:1 s7e1-8baa63a2:1
1786364671.901373 s5e1-a6032c23:1 s6e1-9b9b9a76:1 s7e1-8baa63a2:1
1786364671.921121 s5e1-a6032c23:1 s6e1-9b9b9a76:1 s7e1-8baa63a2:1
1786364671.941123 s5e1-a6032c23:1 s6e1-9b9b9a76:1 s7e1-8baa63a2:1
1786364671.961077 s5e1-a6032c23:1 s6e1-9b9b9a76:1 s7e1-8baa63a2:1
1786364671.981137 s5e1-a6032c23:1 s6e1-9b9b9a76:1 s7e1-8baa63a2:1
1786364672.000913 s5e1-a6032c23:1 s6e1-9b9b9a76:1 s7e1-8baa63a2:1
1786364672.020802 s6e1-9b9b9a76:1 s7e1-8baa63a2:1
1786364672.040711 s6e1-9b9b9a76:1 s7e1-8baa63a2:1
1786364672.060472 s6e1-9b9b9a76:1 s7e1-8baa63a2:1
1786364672.080314 s6e1-9b9b9a76:1 s7e1-8baa63a2:1 s8e1-80e16469:53E
1786364672.136835 s6e1-9b9b9a76:1 s7e1-8baa63a2:1 s8e1-80e16469:1
1786364672.139637 s6e1-9b9b9a76:1 s7e1-8baa63a2:1 s8e1-80e16469:1
1786364672.159278 s6e1-9b9b9a76:1 s7e1-8baa63a2:1 s8e1-80e16469:1
1786364672.179215 s6e1-9b9b9a76:1 s7e1-8baa63a2:1 s8e1-80e16469:1
1786364672.199147 s6e1-9b9b9a76:1 s7e1-8baa63a2:1 s8e1-80e16469:1
1786364672.219080 s6e1-9b9b9a76:1 s7e1-8baa63a2:1 s8e1-80e16469:1
1786364672.238901 s6e1-9b9b9a76:1 s7e1-8baa63a2:1 s8e1-80e16469:1
1786364672.258808 s6e1-9b9b9a76:1 s7e1-8baa63a2:1 s8e1-80e16469:1
1786364672.278698 s7e1-8baa63a2:1 s8e1-80e16469:1
1786364672.298614 s7e1-8baa63a2:1 s8e1-80e16469:1
1786364672.318294 s7e1-8baa63a2:1 s8e1-80e16469:1
1786364672.338288 s7e1-8baa63a2:1 s8e1-80e16469:1 s1e1-b7e25164:53E
1786364672.394556 s7e1-8baa63a2:1 s8e1-80e16469:1 s1e1-b7e25164:1
1786364672.397928 s7e1-8baa63a2:1 s8e1-80e16469:1 s1e1-b7e25164:1
1786364672.417563 s7e1-8baa63a2:1 s8e1-80e16469:1 s1e1-b7e25164:1
1786364672.437433 s7e1-8baa63a2:1 s8e1-80e16469:1 s1e1-b7e25164:1
1786364672.457269 s7e1-8baa63a2:1 s8e1-80e16469:1 s1e1-b7e25164:1
1786364672.477202 s7e1-8baa63a2:1 s8e1-80e16469:1 s1e1-b7e25164:1
1786364672.497079 s7e1-8baa63a2:1 s8e1-80e16469:1 s1e1-b7e25164:1
1786364672.516961 s7e1-8baa63a2:1 s8e1-80e16469:1 s1e1-b7e25164:1
1786364672.536847 s7e1-8baa63a2:1 s8e1-80e16469:1 s1e1-b7e25164:1
1786364672.556885 s8e1-80e16469:1 s1e1-b7e25164:1
1786364672.576877 s8e1-80e16469:1 s1e1-b7e25164:1 s2e1-86b6c7ad:53E
1786364672.632727 s8e1-80e16469:1 s1e1-b7e25164:1 s2e1-86b6c7ad:1
1786364672.636141 s8e1-80e16469:1 s1e1-b7e25164:1 s2e1-86b6c7ad:1
1786364672.655783 s8e1-80e16469:1 s1e1-b7e25164:1 s2e1-86b6c7ad:1
1786364672.675723 s8e1-80e16469:1 s1e1-b7e25164:1 s2e1-86b6c7ad:1
1786364672.695682 s8e1-80e16469:1 s1e1-b7e25164:1 s2e1-86b6c7ad:1
1786364672.715502 s8e1-80e16469:1 s1e1-b7e25164:1 s2e1-86b6c7ad:1
1786364672.735383 s8e1-80e16469:1 s1e1-b7e25164:1 s2e1-86b6c7ad:1
1786364672.755314 s8e1-80e16469:1 s1e1-b7e25164:1 s2e1-86b6c7ad:1
1786364672.775382 s8e1-80e16469:1 s1e1-b7e25164:1 s2e1-86b6c7ad:1
1786364672.795521 s1e1-b7e25164:1 s2e1-86b6c7ad:1
1786364672.815616 s1e1-b7e25164:1 s2e1-86b6c7ad:1
1786364672.835562 s1e1-b7e25164:1 s2e1-86b6c7ad:1 s3e1-9632d15b:53E
1786364672.890476 s1e1-b7e25164:1 s2e1-86b6c7ad:1 s3e1-9632d15b:1
1786364672.894340 s1e1-b7e25164:1 s2e1-86b6c7ad:1 s3e1-9632d15b:1
1786364672.913970 s1e1-b7e25164:1 s2e1-86b6c7ad:1 s3e1-9632d15b:1
1786364672.933889 s1e1-b7e25164:1 s2e1-86b6c7ad:1 s3e1-9632d15b:1
1786364672.953768 s1e1-b7e25164:1 s2e1-86b6c7ad:1 s3e1-9632d15b:1
1786364672.973686 s1e1-b7e25164:1 s2e1-86b6c7ad:1 s3e1-9632d15b:1
1786364672.993600 s1e1-b7e25164:1 s2e1-86b6c7ad:1 s3e1-9632d15b:1
1786364673.013590 s1e1-b7e25164:1 s2e1-86b6c7ad:1 s3e1-9632d15b:1
1786364673.033627 s1e1-b7e25164:1 s2e1-86b6c7ad:1 s3e1-9632d15b:1
1786364673.053550 s2e1-86b6c7ad:1 s3e1-9632d15b:1
1786364673.073546 s2e1-86b6c7ad:1 s3e1-9632d15b:1
1786364673.093299 s2e1-86b6c7ad:1 s3e1-9632d15b:1
1786364673.113214 s2e1-86b6c7ad:1 s3e1-9632d15b:1 s4e1-9bcd9d54:53E
1786364673.169611 s2e1-86b6c7ad:1 s3e1-9632d15b:1 s4e1-9bcd9d54:1
1786364673.172644 s2e1-86b6c7ad:1 s3e1-9632d15b:1 s4e1-9bcd9d54:1
1786364673.192251 s2e1-86b6c7ad:1 s3e1-9632d15b:1 s4e1-9bcd9d54:1
1786364673.212090 s2e1-86b6c7ad:1 s3e1-9632d15b:1 s4e1-9bcd9d54:1
1786364673.231930 s2e1-86b6c7ad:1 s3e1-9632d15b:1 s4e1-9bcd9d54:1
1786364673.251764 s2e1-86b6c7ad:1 s3e1-9632d15b:1 s4e1-9bcd9d54:1
1786364673.271774 s2e1-86b6c7ad:1 s3e1-9632d15b:1 s4e1-9bcd9d54:1
1786364673.291592 s3e1-9632d15b:1 s4e1-9bcd9d54:1
1786364673.311575 s3e1-9632d15b:1 s4e1-9bcd9d54:1
1786364673.331233 s3e1-9632d15b:1 s4e1-9bcd9d54:1
1786364673.351051 s3e1-9632d15b:1 s4e1-9bcd9d54:1 s5e1-a6032c23:53E
1786364673.406664 s3e1-9632d15b:1 s4e1-9bcd9d54:1 s5e1-a6032c23:1
1786364673.410259 s3e1-9632d15b:1 s4e1-9bcd9d54:1 s5e1-a6032c23:1
1786364673.429858 s3e1-9632d15b:1 s4e1-9bcd9d54:1 s5e1-a6032c23:1
1786364673.449715 s3e1-9632d15b:1 s4e1-9bcd9d54:1 s5e1-a6032c23:1
1786364673.469507 s3e1-9632d15b:1 s4e1-9bcd9d54:1 s5e1-a6032c23:1
1786364673.489532 s3e1-9632d15b:1 s4e1-9bcd9d54:1 s5e1-a6032c23:1
1786364673.509534 s3e1-9632d15b:1 s4e1-9bcd9d54:1 s5e1-a6032c23:1 s6e1-9b9b9a76:53E
1786364673.565784 s3e1-9632d15b:1 s4e1-9bcd9d54:1 s5e1-a6032c23:1 s6e1-9b9b9a76:1
1786364673.569460 s4e1-9bcd9d54:1 s5e1-a6032c23:1 s6e1-9b9b9a76:1
1786364673.589346 s4e1-9bcd9d54:1 s5e1-a6032c23:1 s6e1-9b9b9a76:1
1786364673.609231 s4e1-9bcd9d54:1 s5e1-a6032c23:1 s6e1-9b9b9a76:1
1786364673.629165 s4e1-9bcd9d54:1 s5e1-a6032c23:1 s6e1-9b9b9a76:1
1786364673.649070 s4e1-9bcd9d54:1 s5e1-a6032c23:1 s6e1-9b9b9a76:1
1786364673.669001 s4e1-9bcd9d54:1 s5e1-a6032c23:1 s6e1-9b9b9a76:1
1786364673.688886 s4e1-9bcd9d54:1 s5e1-a6032c23:1 s6e1-9b9b9a76:1
1786364673.708816 s4e1-9bcd9d54:1 s5e1-a6032c23:1 s6e1-9b9b9a76:1
1786364673.728718 s4e1-9bcd9d54:1 s5e1-a6032c23:1 s6e1-9b9b9a76:1
1786364673.748773 s4e1-9bcd9d54:1 s5e1-a6032c23:1 s6e1-9b9b9a76:1
1786364673.768775 s4e1-9bcd9d54:1 s5e1-a6032c23:1 s6e1-9b9b9a76:1
1786364673.788926 s4e1-9bcd9d54:1 s5e1-a6032c23:1 s6e1-9b9b9a76:1
1786364673.809025 s4e1-9bcd9d54:1 s5e1-a6032c23:1 s6e1-9b9b9a76:1
1786364673.829019 s5e1-a6032c23:1 s6e1-9b9b9a76:1
1786364673.849108 s5e1-a6032c23:1 s6e1-9b9b9a76:1
1786364673.869114 s5e1-a6032c23:1 s6e1-9b9b9a76:1 s7e1-8baa63a2:53E
1786364673.925122 s5e1-a6032c23:1 s6e1-9b9b9a76:1 s7e1-8baa63a2:1
1786364673.928755 s5e1-a6032c23:1 s6e1-9b9b9a76:1 s7e1-8baa63a2:1
1786364673.948706 s5e1-a6032c23:1 s6e1-9b9b9a76:1 s7e1-8baa63a2:1
1786364673.968830 s5e1-a6032c23:1 s6e1-9b9b9a76:1 s7e1-8baa63a2:1
1786364673.988954 s5e1-a6032c23:1 s6e1-9b9b9a76:1 s7e1-8baa63a2:1 s8e1-80e16469:53E
1786364674.045835 s5e1-a6032c23:1 s6e1-9b9b9a76:1 s7e1-8baa63a2:1 s8e1-80e16469:1
1786364674.049081 s5e1-a6032c23:1 s6e1-9b9b9a76:1 s7e1-8baa63a2:1 s8e1-80e16469:1
1786364674.069052 s5e1-a6032c23:1 s6e1-9b9b9a76:1 s7e1-8baa63a2:1 s8e1-80e16469:1
1786364674.088964 s6e1-9b9b9a76:1 s7e1-8baa63a2:1 s8e1-80e16469:1
1786364674.108952 s6e1-9b9b9a76:1 s7e1-8baa63a2:1 s8e1-80e16469:1
1786364674.128845 s6e1-9b9b9a76:1 s7e1-8baa63a2:1 s8e1-80e16469:1
1786364674.148785 s6e1-9b9b9a76:1 s7e1-8baa63a2:1 s8e1-80e16469:1
1786364674.168766 s6e1-9b9b9a76:1 s7e1-8baa63a2:1 s8e1-80e16469:1
1786364674.188625 s6e1-9b9b9a76:1 s7e1-8baa63a2:1 s8e1-80e16469:1
1786364674.208587 s6e1-9b9b9a76:1 s7e1-8baa63a2:1 s8e1-80e16469:1
1786364674.228488 s7e1-8baa63a2:1 s8e1-80e16469:1
1786364674.248401 s7e1-8baa63a2:1 s8e1-80e16469:1
1786364674.268081 s7e1-8baa63a2:1 s8e1-80e16469:1
1786364674.287847 s7e1-8baa63a2:1 s8e1-80e16469:1
1786364674.307676 s7e1-8baa63a2:1 s8e1-80e16469:1 s1e1-b7e25164:53E
1786364674.364510 s7e1-8baa63a2:1 s8e1-80e16469:1 s1e1-b7e25164:1
1786364674.367708 s7e1-8baa63a2:1 s8e1-80e16469:1 s1e1-b7e25164:1
1786364674.387546 s7e1-8baa63a2:1 s8e1-80e16469:1 s1e1-b7e25164:1
1786364674.407528 s7e1-8baa63a2:1 s8e1-80e16469:1 s1e1-b7e25164:1
1786364674.427408 s7e1-8baa63a2:1 s8e1-80e16469:1 s1e1-b7e25164:1
1786364674.447322 s7e1-8baa63a2:1 s8e1-80e16469:1 s1e1-b7e25164:1
1786364674.467265 s7e1-8baa63a2:1 s8e1-80e16469:1 s1e1-b7e25164:1
1786364674.487192 s7e1-8baa63a2:1 s8e1-80e16469:1 s1e1-b7e25164:1
1786364674.507118 s7e1-8baa63a2:1 s8e1-80e16469:1 s1e1-b7e25164:1
1786364674.527180 s7e1-8baa63a2:1 s8e1-80e16469:1 s1e1-b7e25164:1
1786364674.547204 s7e1-8baa63a2:1 s8e1-80e16469:1 s1e1-b7e25164:1 s2e1-86b6c7ad:53E
1786364674.602143 s7e1-8baa63a2:1 s8e1-80e16469:1 s1e1-b7e25164:1 s2e1-86b6c7ad:1
1786364674.606251 s8e1-80e16469:1 s1e1-b7e25164:1 s2e1-86b6c7ad:1
1786364674.626280 s8e1-80e16469:1 s1e1-b7e25164:1 s2e1-86b6c7ad:1
1786364674.646274 s8e1-80e16469:1 s1e1-b7e25164:1 s2e1-86b6c7ad:1
1786364674.666284 s8e1-80e16469:1 s1e1-b7e25164:1 s2e1-86b6c7ad:1
1786364674.686149 s8e1-80e16469:1 s1e1-b7e25164:1 s2e1-86b6c7ad:1
1786364674.706079 s1e1-b7e25164:1 s2e1-86b6c7ad:1
1786364674.726023 s1e1-b7e25164:1 s2e1-86b6c7ad:1
1786364674.745691 s1e1-b7e25164:1 s2e1-86b6c7ad:1
1786364674.765368 s1e1-b7e25164:1 s2e1-86b6c7ad:1
1786364674.785092 s1e1-b7e25164:1 s2e1-86b6c7ad:1
1786364674.804780 s1e1-b7e25164:1 s2e1-86b6c7ad:1
1786364674.824461 s1e1-b7e25164:1 s2e1-86b6c7ad:1
1786364674.844148 s1e1-b7e25164:1 s2e1-86b6c7ad:1
1786364674.864012 s1e1-b7e25164:1 s2e1-86b6c7ad:1 s3e1-9632d15b:53E
1786364674.918664 s1e1-b7e25164:1 s2e1-86b6c7ad:1 s3e1-9632d15b:1
1786364674.922850 s1e1-b7e25164:1 s2e1-86b6c7ad:1 s3e1-9632d15b:1
1786364674.942854 s1e1-b7e25164:1 s2e1-86b6c7ad:1 s3e1-9632d15b:1
1786364674.963125 s1e1-b7e25164:1 s2e1-86b6c7ad:1 s3e1-9632d15b:1
1786364674.983350 s1e1-b7e25164:1 s2e1-86b6c7ad:1 s3e1-9632d15b:1
1786364675.003529 s1e1-b7e25164:1 s2e1-86b6c7ad:1 s3e1-9632d15b:1
1786364675.023557 s2e1-86b6c7ad:1 s3e1-9632d15b:1
1786364675.043621 s2e1-86b6c7ad:1 s3e1-9632d15b:1
1786364675.063360 s2e1-86b6c7ad:1 s3e1-9632d15b:1
1786364675.083352 s2e1-86b6c7ad:1 s3e1-9632d15b:1 s4e1-9bcd9d54:53E
1786364675.139696 s2e1-86b6c7ad:1 s3e1-9632d15b:1 s4e1-9bcd9d54:1
1786364675.143310 s2e1-86b6c7ad:1 s3e1-9632d15b:1 s4e1-9bcd9d54:1
1786364675.163230 s2e1-86b6c7ad:1 s3e1-9632d15b:1 s4e1-9bcd9d54:1
1786364675.183236 s2e1-86b6c7ad:1 s3e1-9632d15b:1 s4e1-9bcd9d54:1
1786364675.203277 s2e1-86b6c7ad:1 s3e1-9632d15b:1 s4e1-9bcd9d54:1
1786364675.223152 s2e1-86b6c7ad:1 s3e1-9632d15b:1 s4e1-9bcd9d54:1
1786364675.243077 s2e1-86b6c7ad:1 s3e1-9632d15b:1 s4e1-9bcd9d54:1
1786364675.263101 s3e1-9632d15b:1 s4e1-9bcd9d54:1
1786364675.282996 s3e1-9632d15b:1 s4e1-9bcd9d54:1
1786364675.302642 s3e1-9632d15b:1 s4e1-9bcd9d54:1
1786364675.322379 s3e1-9632d15b:1 s4e1-9bcd9d54:1
1786364675.342185 s3e1-9632d15b:1 s4e1-9bcd9d54:1 s5e1-a6032c23:53E
1786364675.397267 s3e1-9632d15b:1 s4e1-9bcd9d54:1 s5e1-a6032c23:1
1786364675.401790 s3e1-9632d15b:1 s4e1-9bcd9d54:1 s5e1-a6032c23:1
1786364675.421659 s3e1-9632d15b:1 s4e1-9bcd9d54:1 s5e1-a6032c23:1
1786364675.441709 s3e1-9632d15b:1 s4e1-9bcd9d54:1 s5e1-a6032c23:1
1786364675.461690 s3e1-9632d15b:1 s4e1-9bcd9d54:1 s5e1-a6032c23:1
1786364675.481663 s3e1-9632d15b:1 s4e1-9bcd9d54:1 s5e1-a6032c23:1
1786364675.501625 s3e1-9632d15b:1 s4e1-9bcd9d54:1 s5e1-a6032c23:1
1786364675.521552 s3e1-9632d15b:1 s4e1-9bcd9d54:1 s5e1-a6032c23:1
1786364675.541566 s3e1-9632d15b:1 s4e1-9bcd9d54:1 s5e1-a6032c23:1
1786364675.561439 s3e1-9632d15b:1 s4e1-9bcd9d54:1 s5e1-a6032c23:1
1786364675.581328 s4e1-9bcd9d54:1 s5e1-a6032c23:1
1786364675.601454 s4e1-9bcd9d54:1 s5e1-a6032c23:1 s6e1-9b9b9a76:53E
1786364675.654931 s4e1-9bcd9d54:1 s5e1-a6032c23:1 s6e1-9b9b9a76:1
1786364675.659762 s4e1-9bcd9d54:1 s5e1-a6032c23:1 s6e1-9b9b9a76:1
1786364675.679624 s4e1-9bcd9d54:1 s5e1-a6032c23:1 s6e1-9b9b9a76:1
1786364675.699643 s4e1-9bcd9d54:1 s5e1-a6032c23:1 s6e1-9b9b9a76:1
1786364675.719609 s4e1-9bcd9d54:1 s5e1-a6032c23:1 s6e1-9b9b9a76:1
1786364675.739523 s4e1-9bcd9d54:1 s5e1-a6032c23:1 s6e1-9b9b9a76:1
1786364675.759465 s4e1-9bcd9d54:1 s5e1-a6032c23:1 s6e1-9b9b9a76:1
1786364675.779409 s4e1-9bcd9d54:1 s5e1-a6032c23:1 s6e1-9b9b9a76:1
1786364675.799395 s5e1-a6032c23:1 s6e1-9b9b9a76:1
1786364675.819301 s5e1-a6032c23:1 s6e1-9b9b9a76:1
1786364675.838989 s5e1-a6032c23:1 s6e1-9b9b9a76:1
1786364675.858851 s5e1-a6032c23:1 s6e1-9b9b9a76:1 s7e1-8baa63a2:53E
1786364675.914936 s5e1-a6032c23:1 s6e1-9b9b9a76:1 s7e1-8baa63a2:1
1786364675.918447 s5e1-a6032c23:1 s6e1-9b9b9a76:1 s7e1-8baa63a2:1
1786364675.938262 s5e1-a6032c23:1 s6e1-9b9b9a76:1 s7e1-8baa63a2:1
1786364675.958250 s5e1-a6032c23:1 s6e1-9b9b9a76:1 s7e1-8baa63a2:1
1786364675.978285 s5e1-a6032c23:1 s6e1-9b9b9a76:1 s7e1-8baa63a2:1
1786364675.998345 s5e1-a6032c23:1 s6e1-9b9b9a76:1 s7e1-8baa63a2:1
1786364676.018513 s5e1-a6032c23:1 s6e1-9b9b9a76:1 s7e1-8baa63a2:1
1786364676.038550 s5e1-a6032c23:1 s6e1-9b9b9a76:1 s7e1-8baa63a2:1
1786364676.058650 s6e1-9b9b9a76:1 s7e1-8baa63a2:1
1786364676.078892 s6e1-9b9b9a76:1 s7e1-8baa63a2:1 s8e1-80e16469:53E
1786364676.135162 s6e1-9b9b9a76:1 s7e1-8baa63a2:1 s8e1-80e16469:1
1786364676.138639 s6e1-9b9b9a76:1 s7e1-8baa63a2:1 s8e1-80e16469:1
1786364676.158508 s6e1-9b9b9a76:1 s7e1-8baa63a2:1 s8e1-80e16469:1
1786364676.178507 s6e1-9b9b9a76:1 s7e1-8baa63a2:1 s8e1-80e16469:1
1786364676.198494 s6e1-9b9b9a76:1 s7e1-8baa63a2:1 s8e1-80e16469:1
1786364676.218451 s6e1-9b9b9a76:1 s7e1-8baa63a2:1 s8e1-80e16469:1
1786364676.238383 s6e1-9b9b9a76:1 s7e1-8baa63a2:1 s8e1-80e16469:1
1786364676.258328 s6e1-9b9b9a76:1 s7e1-8baa63a2:1 s8e1-80e16469:1
1786364676.278413 s6e1-9b9b9a76:1 s7e1-8baa63a2:1 s8e1-80e16469:1
1786364676.298379 s6e1-9b9b9a76:1 s7e1-8baa63a2:1 s8e1-80e16469:1
1786364676.318399 s7e1-8baa63a2:1 s8e1-80e16469:1
1786364676.338465 s7e1-8baa63a2:1 s8e1-80e16469:1
1786364676.358407 s7e1-8baa63a2:1 s8e1-80e16469:1 s1e1-b7e25164:53E
1786364676.413013 s7e1-8baa63a2:1 s8e1-80e16469:1 s1e1-b7e25164:1
1786364676.417221 s7e1-8baa63a2:1 s8e1-80e16469:1 s1e1-b7e25164:1
1786364676.436998 s7e1-8baa63a2:1 s8e1-80e16469:1 s1e1-b7e25164:1
1786364676.457008 s7e1-8baa63a2:1 s8e1-80e16469:1 s1e1-b7e25164:1
1786364676.476933 s7e1-8baa63a2:1 s8e1-80e16469:1 s1e1-b7e25164:1
1786364676.496926 s7e1-8baa63a2:1 s8e1-80e16469:1 s1e1-b7e25164:1
1786364676.516863 s7e1-8baa63a2:1 s8e1-80e16469:1 s1e1-b7e25164:1
1786364676.536803 s7e1-8baa63a2:1 s8e1-80e16469:1 s1e1-b7e25164:1
1786364676.556741 s7e1-8baa63a2:1 s8e1-80e16469:1 s1e1-b7e25164:1
1786364676.576670 s8e1-80e16469:1 s1e1-b7e25164:1
1786364676.596632 s8e1-80e16469:1 s1e1-b7e25164:1
1786364676.616323 s8e1-80e16469:1 s1e1-b7e25164:1
1786364676.636202 s8e1-80e16469:1 s1e1-b7e25164:1 s2e1-86b6c7ad:53E
1786364676.691783 s8e1-80e16469:1 s1e1-b7e25164:1 s2e1-86b6c7ad:1
1786364676.695700 s8e1-80e16469:1 s1e1-b7e25164:1 s2e1-86b6c7ad:1
1786364676.715380 s8e1-80e16469:1 s1e1-b7e25164:1 s2e1-86b6c7ad:1
1786364676.735295 s8e1-80e16469:1 s1e1-b7e25164:1 s2e1-86b6c7ad:1
1786364676.755162 s8e1-80e16469:1 s1e1-b7e25164:1 s2e1-86b6c7ad:1
1786364676.775057 s8e1-80e16469:1 s1e1-b7e25164:1 s2e1-86b6c7ad:1
1786364676.795062 s1e1-b7e25164:1 s2e1-86b6c7ad:1
1786364676.815182 s1e1-b7e25164:1 s2e1-86b6c7ad:1
1786364676.835095 s1e1-b7e25164:1 s2e1-86b6c7ad:1 s3e1-9632d15b:53E
1786364676.889748 s1e1-b7e25164:1 s2e1-86b6c7ad:1 s3e1-9632d15b:1
1786364676.894238 s1e1-b7e25164:1 s2e1-86b6c7ad:1 s3e1-9632d15b:1
1786364676.914036 s1e1-b7e25164:1 s2e1-86b6c7ad:1 s3e1-9632d15b:1
1786364676.934001 s1e1-b7e25164:1 s2e1-86b6c7ad:1 s3e1-9632d15b:1
1786364676.953973 s1e1-b7e25164:1 s2e1-86b6c7ad:1 s3e1-9632d15b:1
1786364676.973905 s1e1-b7e25164:1 s2e1-86b6c7ad:1 s3e1-9632d15b:1
1786364676.993909 s1e1-b7e25164:1 s2e1-86b6c7ad:1 s3e1-9632d15b:1
1786364677.013874 s1e1-b7e25164:1 s2e1-86b6c7ad:1 s3e1-9632d15b:1
1786364677.033894 s1e1-b7e25164:1 s2e1-86b6c7ad:1 s3e1-9632d15b:1
1786364677.053947 s1e1-b7e25164:1 s2e1-86b6c7ad:1 s3e1-9632d15b:1
1786364677.073893 s2e1-86b6c7ad:1 s3e1-9632d15b:1
1786364677.094084 s2e1-86b6c7ad:1 s3e1-9632d15b:1 s4e1-9bcd9d54:53E
1786364677.148176 s2e1-86b6c7ad:1 s3e1-9632d15b:1 s4e1-9bcd9d54:1
1786364677.152928 s2e1-86b6c7ad:1 s3e1-9632d15b:1 s4e1-9bcd9d54:1
1786364677.172789 s2e1-86b6c7ad:1 s3e1-9632d15b:1 s4e1-9bcd9d54:1
1786364677.192744 s2e1-86b6c7ad:1 s3e1-9632d15b:1 s4e1-9bcd9d54:1
1786364677.212687 s2e1-86b6c7ad:1 s3e1-9632d15b:1 s4e1-9bcd9d54:1
1786364677.232612 s2e1-86b6c7ad:1 s3e1-9632d15b:1 s4e1-9bcd9d54:1
1786364677.252554 s2e1-86b6c7ad:1 s3e1-9632d15b:1 s4e1-9bcd9d54:1
1786364677.272501 s2e1-86b6c7ad:1 s3e1-9632d15b:1 s4e1-9bcd9d54:1
1786364677.292540 s2e1-86b6c7ad:1 s3e1-9632d15b:1 s4e1-9bcd9d54:1
1786364677.312552 s2e1-86b6c7ad:1 s3e1-9632d15b:1 s4e1-9bcd9d54:1
1786364677.332637 s2e1-86b6c7ad:1 s3e1-9632d15b:1 s4e1-9bcd9d54:1
1786364677.352583 s3e1-9632d15b:1 s4e1-9bcd9d54:1
1786364677.372775 s3e1-9632d15b:1 s4e1-9bcd9d54:1 s5e1-a6032c23:53E
1786364677.428831 s3e1-9632d15b:1 s4e1-9bcd9d54:1 s5e1-a6032c23:1
1786364677.432852 s3e1-9632d15b:1 s4e1-9bcd9d54:1 s5e1-a6032c23:1
1786364677.452592 s3e1-9632d15b:1 s4e1-9bcd9d54:1 s5e1-a6032c23:1
1786364677.472530 s3e1-9632d15b:1 s4e1-9bcd9d54:1 s5e1-a6032c23:1
1786364677.492480 s3e1-9632d15b:1 s4e1-9bcd9d54:1 s5e1-a6032c23:1
1786364677.512498 s3e1-9632d15b:1 s4e1-9bcd9d54:1 s5e1-a6032c23:1
1786364677.532468 s3e1-9632d15b:1 s4e1-9bcd9d54:1 s5e1-a6032c23:1
1786364677.552495 s4e1-9bcd9d54:1 s5e1-a6032c23:1 s6e1-9b9b9a76:53E
1786364677.608627 s4e1-9bcd9d54:1 s5e1-a6032c23:1 s6e1-9b9b9a76:1
1786364677.612754 s4e1-9bcd9d54:1 s5e1-a6032c23:1 s6e1-9b9b9a76:1
1786364677.632436 s4e1-9bcd9d54:1 s5e1-a6032c23:1 s6e1-9b9b9a76:1
1786364677.652420 s4e1-9bcd9d54:1 s5e1-a6032c23:1 s6e1-9b9b9a76:1
1786364677.672315 s4e1-9bcd9d54:1 s5e1-a6032c23:1 s6e1-9b9b9a76:1
1786364677.692265 s4e1-9bcd9d54:1 s5e1-a6032c23:1 s6e1-9b9b9a76:1
1786364677.712209 s4e1-9bcd9d54:1 s5e1-a6032c23:1 s6e1-9b9b9a76:1
1786364677.732161 s4e1-9bcd9d54:1 s5e1-a6032c23:1 s6e1-9b9b9a76:1
1786364677.752104 s4e1-9bcd9d54:1 s5e1-a6032c23:1 s6e1-9b9b9a76:1
1786364677.772145 s4e1-9bcd9d54:1 s5e1-a6032c23:1 s6e1-9b9b9a76:1
1786364677.792230 s4e1-9bcd9d54:1 s5e1-a6032c23:1 s6e1-9b9b9a76:1
1786364677.812187 s5e1-a6032c23:1 s6e1-9b9b9a76:1
1786364677.832245 s5e1-a6032c23:1 s6e1-9b9b9a76:1
1786364677.852092 s5e1-a6032c23:1 s6e1-9b9b9a76:1
1786364677.872022 s5e1-a6032c23:1 s6e1-9b9b9a76:1 s7e1-8baa63a2:53E
1786364677.926514 s5e1-a6032c23:1 s6e1-9b9b9a76:1 s7e1-8baa63a2:1
1786364677.931215 s5e1-a6032c23:1 s6e1-9b9b9a76:1 s7e1-8baa63a2:1
1786364677.951063 s5e1-a6032c23:1 s6e1-9b9b9a76:1 s7e1-8baa63a2:1
1786364677.971039 s5e1-a6032c23:1 s6e1-9b9b9a76:1 s7e1-8baa63a2:1
1786364677.991063 s5e1-a6032c23:1 s6e1-9b9b9a76:1 s7e1-8baa63a2:1
1786364678.010947 s5e1-a6032c23:1 s6e1-9b9b9a76:1 s7e1-8baa63a2:1
1786364678.030987 s5e1-a6032c23:1 s6e1-9b9b9a76:1 s7e1-8baa63a2:1
1786364678.051024 s5e1-a6032c23:1 s6e1-9b9b9a76:1 s7e1-8baa63a2:1
1786364678.071209 s5e1-a6032c23:1 s6e1-9b9b9a76:1 s7e1-8baa63a2:1 s8e1-80e16469:53E
1786364678.126529 s6e1-9b9b9a76:1 s7e1-8baa63a2:1 s8e1-80e16469:1
1786364678.130763 s6e1-9b9b9a76:1 s7e1-8baa63a2:1 s8e1-80e16469:1
1786364678.150606 s6e1-9b9b9a76:1 s7e1-8baa63a2:1 s8e1-80e16469:1
1786364678.170622 s6e1-9b9b9a76:1 s7e1-8baa63a2:1 s8e1-80e16469:1
1786364678.190645 s6e1-9b9b9a76:1 s7e1-8baa63a2:1 s8e1-80e16469:1
1786364678.210546 s6e1-9b9b9a76:1 s7e1-8baa63a2:1 s8e1-80e16469:1
1786364678.230528 s6e1-9b9b9a76:1 s7e1-8baa63a2:1 s8e1-80e16469:1
1786364678.250482 s6e1-9b9b9a76:1 s7e1-8baa63a2:1 s8e1-80e16469:1
1786364678.270588 s7e1-8baa63a2:1 s8e1-80e16469:1 s1e1-b7e25164:53E
1786364678.327444 s7e1-8baa63a2:1 s8e1-80e16469:1 s1e1-b7e25164:1
1786364678.331152 s7e1-8baa63a2:1 s8e1-80e16469:1 s1e1-b7e25164:1
1786364678.350959 s7e1-8baa63a2:1 s8e1-80e16469:1 s1e1-b7e25164:1
1786364678.370976 s7e1-8baa63a2:1 s8e1-80e16469:1 s1e1-b7e25164:1
1786364678.390921 s7e1-8baa63a2:1 s8e1-80e16469:1 s1e1-b7e25164:1
1786364678.410875 s7e1-8baa63a2:1 s8e1-80e16469:1 s1e1-b7e25164:1
1786364678.430819 s7e1-8baa63a2:1 s8e1-80e16469:1 s1e1-b7e25164:1
1786364678.450792 s7e1-8baa63a2:1 s8e1-80e16469:1 s1e1-b7e25164:1
1786364678.470819 s7e1-8baa63a2:1 s8e1-80e16469:1 s1e1-b7e25164:1
1786364678.490858 s7e1-8baa63a2:1 s8e1-80e16469:1 s1e1-b7e25164:1
1786364678.510892 s7e1-8baa63a2:1 s8e1-80e16469:1 s1e1-b7e25164:1
1786364678.531033 s7e1-8baa63a2:1 s8e1-80e16469:1 s1e1-b7e25164:1
1786364678.550941 s7e1-8baa63a2:1 s8e1-80e16469:1 s1e1-b7e25164:1
1786364678.571229 s7e1-8baa63a2:1 s8e1-80e16469:1 s1e1-b7e25164:1 s2e1-86b6c7ad:53E
1786364678.627259 s8e1-80e16469:1 s1e1-b7e25164:1 s2e1-86b6c7ad:1
1786364678.631158 s8e1-80e16469:1 s1e1-b7e25164:1 s2e1-86b6c7ad:1
1786364678.651016 s8e1-80e16469:1 s1e1-b7e25164:1 s2e1-86b6c7ad:1
1786364678.670979 s8e1-80e16469:1 s1e1-b7e25164:1 s2e1-86b6c7ad:1
1786364678.690942 s8e1-80e16469:1 s1e1-b7e25164:1 s2e1-86b6c7ad:1
1786364678.710902 s8e1-80e16469:1 s1e1-b7e25164:1 s2e1-86b6c7ad:1
1786364678.730846 s8e1-80e16469:1 s1e1-b7e25164:1 s2e1-86b6c7ad:1
1786364678.750828 s8e1-80e16469:1 s1e1-b7e25164:1 s2e1-86b6c7ad:1
1786364678.770824 s8e1-80e16469:1 s1e1-b7e25164:1 s2e1-86b6c7ad:1
1786364678.791117 s1e1-b7e25164:1 s2e1-86b6c7ad:1 s3e1-9632d15b:53E
1786364678.846498 s1e1-b7e25164:1 s2e1-86b6c7ad:1 s3e1-9632d15b:1
1786364678.851188 s1e1-b7e25164:1 s2e1-86b6c7ad:1 s3e1-9632d15b:1
1786364678.870863 s1e1-b7e25164:1 s2e1-86b6c7ad:1 s3e1-9632d15b:1
1786364678.890806 s1e1-b7e25164:1 s2e1-86b6c7ad:1 s3e1-9632d15b:1
1786364678.910801 s1e1-b7e25164:1 s2e1-86b6c7ad:1 s3e1-9632d15b:1
1786364678.930711 s1e1-b7e25164:1 s2e1-86b6c7ad:1 s3e1-9632d15b:1
1786364678.950666 s1e1-b7e25164:1 s2e1-86b6c7ad:1 s3e1-9632d15b:1
1786364678.970651 s1e1-b7e25164:1 s2e1-86b6c7ad:1 s3e1-9632d15b:1
1786364678.990680 s2e1-86b6c7ad:1 s3e1-9632d15b:1
1786364679.010728 s2e1-86b6c7ad:1 s3e1-9632d15b:1
1786364679.030607 s2e1-86b6c7ad:1 s3e1-9632d15b:1
1786364679.050689 s2e1-86b6c7ad:1 s3e1-9632d15b:1
1786364679.070325 s2e1-86b6c7ad:1 s3e1-9632d15b:1 s4e1-9bcd9d54:53E
1786364679.125621 s2e1-86b6c7ad:1 s3e1-9632d15b:1 s4e1-9bcd9d54:1
1786364679.129804 s2e1-86b6c7ad:1 s3e1-9632d15b:1 s4e1-9bcd9d54:1
1786364679.149631 s2e1-86b6c7ad:1 s3e1-9632d15b:1 s4e1-9bcd9d54:1
1786364679.169722 s2e1-86b6c7ad:1 s3e1-9632d15b:1 s4e1-9bcd9d54:1
1786364679.189684 s2e1-86b6c7ad:1 s3e1-9632d15b:1 s4e1-9bcd9d54:1
1786364679.209714 s2e1-86b6c7ad:1 s3e1-9632d15b:1 s4e1-9bcd9d54:1
1786364679.229739 s2e1-86b6c7ad:1 s3e1-9632d15b:1 s4e1-9bcd9d54:1
1786364679.249818 s2e1-86b6c7ad:1 s3e1-9632d15b:1 s4e1-9bcd9d54:1
1786364679.269879 s2e1-86b6c7ad:1 s3e1-9632d15b:1 s4e1-9bcd9d54:1
1786364679.289870 s3e1-9632d15b:1 s4e1-9bcd9d54:1
1786364679.310094 s3e1-9632d15b:1 s4e1-9bcd9d54:1 s5e1-a6032c23:53E
1786364679.367016 s3e1-9632d15b:1 s4e1-9bcd9d54:1 s5e1-a6032c23:1
1786364679.370556 s3e1-9632d15b:1 s4e1-9bcd9d54:1 s5e1-a6032c23:1
1786364679.390406 s3e1-9632d15b:1 s4e1-9bcd9d54:1 s5e1-a6032c23:1
1786364679.410384 s3e1-9632d15b:1 s4e1-9bcd9d54:1 s5e1-a6032c23:1
1786364679.430382 s3e1-9632d15b:1 s4e1-9bcd9d54:1 s5e1-a6032c23:1
1786364679.450278 s3e1-9632d15b:1 s4e1-9bcd9d54:1 s5e1-a6032c23:1
1786364679.470436 s3e1-9632d15b:1 s4e1-9bcd9d54:1 s5e1-a6032c23:1
1786364679.490527 s3e1-9632d15b:1 s4e1-9bcd9d54:1 s5e1-a6032c23:1
1786364679.510637 s4e1-9bcd9d54:1 s5e1-a6032c23:1
1786364679.530798 s4e1-9bcd9d54:1 s5e1-a6032c23:1
1786364679.550671 s4e1-9bcd9d54:1 s5e1-a6032c23:1 s6e1-9b9b9a76:53E
1786364679.606550 s4e1-9bcd9d54:1 s5e1-a6032c23:1 s6e1-9b9b9a76:1
1786364679.610668 s4e1-9bcd9d54:1 s5e1-a6032c23:1 s6e1-9b9b9a76:1
1786364679.630347 s4e1-9bcd9d54:1 s5e1-a6032c23:1 s6e1-9b9b9a76:1
1786364679.650236 s4e1-9bcd9d54:1 s5e1-a6032c23:1 s6e1-9b9b9a76:1
1786364679.670144 s4e1-9bcd9d54:1 s5e1-a6032c23:1 s6e1-9b9b9a76:1
1786364679.690039 s4e1-9bcd9d54:1 s5e1-a6032c23:1 s6e1-9b9b9a76:1
1786364679.710006 s4e1-9bcd9d54:1 s5e1-a6032c23:1 s6e1-9b9b9a76:1
1786364679.730074 s4e1-9bcd9d54:1 s5e1-a6032c23:1 s6e1-9b9b9a76:1
1786364679.749994 s4e1-9bcd9d54:1 s5e1-a6032c23:1 s6e1-9b9b9a76:1
1786364679.770010 s4e1-9bcd9d54:1 s5e1-a6032c23:1 s6e1-9b9b9a76:1
1786364679.789923 s5e1-a6032c23:1 s6e1-9b9b9a76:1
1786364679.809914 s5e1-a6032c23:1 s6e1-9b9b9a76:1
1786364679.829827 s5e1-a6032c23:1 s6e1-9b9b9a76:1 s7e1-8baa63a2:53E
1786364679.886888 s5e1-a6032c23:1 s6e1-9b9b9a76:1 s7e1-8baa63a2:1
1786364679.890491 s5e1-a6032c23:1 s6e1-9b9b9a76:1 s7e1-8baa63a2:1
1786364679.910180 s5e1-a6032c23:1 s6e1-9b9b9a76:1 s7e1-8baa63a2:1
1786364679.930041 s5e1-a6032c23:1 s6e1-9b9b9a76:1 s7e1-8baa63a2:1
1786364679.949903 s5e1-a6032c23:1 s6e1-9b9b9a76:1 s7e1-8baa63a2:1
1786364679.969783 s5e1-a6032c23:1 s6e1-9b9b9a76:1 s7e1-8baa63a2:1
1786364679.989751 s5e1-a6032c23:1 s6e1-9b9b9a76:1 s7e1-8baa63a2:1
1786364680.009691 s5e1-a6032c23:1 s6e1-9b9b9a76:1 s7e1-8baa63a2:1
1786364680.029696 s6e1-9b9b9a76:1 s7e1-8baa63a2:1
1786364680.049603 s6e1-9b9b9a76:1 s7e1-8baa63a2:1
1786364680.069439 s6e1-9b9b9a76:1 s7e1-8baa63a2:1
1786364680.089270 s6e1-9b9b9a76:1 s7e1-8baa63a2:1
1786364680.109199 s6e1-9b9b9a76:1 s7e1-8baa63a2:1 s8e1-80e16469:53E
1786364680.165193 s6e1-9b9b9a76:1 s7e1-8baa63a2:1 s8e1-80e16469:1
1786364680.169677 s6e1-9b9b9a76:1 s7e1-8baa63a2:1 s8e1-80e16469:1
1786364680.189336 s6e1-9b9b9a76:1 s7e1-8baa63a2:1 s8e1-80e16469:1
1786364680.209225 s6e1-9b9b9a76:1 s7e1-8baa63a2:1 s8e1-80e16469:1
1786364680.229234 s6e1-9b9b9a76:1 s7e1-8baa63a2:1 s8e1-80e16469:1
1786364680.249125 s6e1-9b9b9a76:1 s7e1-8baa63a2:1 s8e1-80e16469:1
1786364680.269075 s7e1-8baa63a2:1 s8e1-80e16469:1
1786364680.289167 s7e1-8baa63a2:1 s8e1-80e16469:1
1786364680.308893 s7e1-8baa63a2:1 s8e1-80e16469:1
1786364680.328843 s7e1-8baa63a2:1 s8e1-80e16469:1 s1e1-b7e25164:53E
1786364680.385836 s7e1-8baa63a2:1 s8e1-80e16469:1 s1e1-b7e25164:1
1786364680.389490 s7e1-8baa63a2:1 s8e1-80e16469:1 s1e1-b7e25164:1
1786364680.409165 s7e1-8baa63a2:1 s8e1-80e16469:1 s1e1-b7e25164:1
1786364680.429033 s7e1-8baa63a2:1 s8e1-80e16469:1 s1e1-b7e25164:1
1786364680.448909 s7e1-8baa63a2:1 s8e1-80e16469:1 s1e1-b7e25164:1
1786364680.468881 s7e1-8baa63a2:1 s8e1-80e16469:1 s1e1-b7e25164:1
1786364680.488845 s7e1-8baa63a2:1 s8e1-80e16469:1 s1e1-b7e25164:1
1786364680.508879 s7e1-8baa63a2:1 s8e1-80e16469:1 s1e1-b7e25164:1
1786364680.528800 s7e1-8baa63a2:1 s8e1-80e16469:1 s1e1-b7e25164:1
1786364680.548738 s8e1-80e16469:1 s1e1-b7e25164:1
1786364680.568732 s8e1-80e16469:1 s1e1-b7e25164:1
1786364680.588672 s8e1-80e16469:1 s1e1-b7e25164:1
1786364680.608345 s8e1-80e16469:1 s1e1-b7e25164:1
1786364680.628279 s8e1-80e16469:1 s1e1-b7e25164:1 s2e1-86b6c7ad:53E
1786364680.684031 s8e1-80e16469:1 s1e1-b7e25164:1 s2e1-86b6c7ad:1
1786364680.688443 s8e1-80e16469:1 s1e1-b7e25164:1 s2e1-86b6c7ad:1
1786364680.708251 s8e1-80e16469:1 s1e1-b7e25164:1 s2e1-86b6c7ad:1
1786364680.728167 s8e1-80e16469:1 s1e1-b7e25164:1 s2e1-86b6c7ad:1
1786364680.748038 s8e1-80e16469:1 s1e1-b7e25164:1 s2e1-86b6c7ad:1
1786364680.768112 s8e1-80e16469:1 s1e1-b7e25164:1 s2e1-86b6c7ad:1
1786364680.788279 s8e1-80e16469:1 s1e1-b7e25164:1 s2e1-86b6c7ad:1 s3e1-9632d15b:53E
1786364680.845202 s8e1-80e16469:1 s1e1-b7e25164:1 s2e1-86b6c7ad:1 s3e1-9632d15b:1
1786364680.849077 s1e1-b7e25164:1 s2e1-86b6c7ad:1 s3e1-9632d15b:1
1786364680.868953 s1e1-b7e25164:1 s2e1-86b6c7ad:1 s3e1-9632d15b:1
1786364680.888794 s1e1-b7e25164:1 s2e1-86b6c7ad:1 s3e1-9632d15b:1
1786364680.908698 s1e1-b7e25164:1 s2e1-86b6c7ad:1 s3e1-9632d15b:1
1786364680.928605 s1e1-b7e25164:1 s2e1-86b6c7ad:1 s3e1-9632d15b:1
1786364680.948539 s1e1-b7e25164:1 s2e1-86b6c7ad:1 s3e1-9632d15b:1
1786364680.968373 s1e1-b7e25164:1 s2e1-86b6c7ad:1 s3e1-9632d15b:1
1786364680.988294 s1e1-b7e25164:1 s2e1-86b6c7ad:1 s3e1-9632d15b:1
1786364681.008191 s1e1-b7e25164:1 s2e1-86b6c7ad:1 s3e1-9632d15b:1
1786364681.028155 s1e1-b7e25164:1 s2e1-86b6c7ad:1 s3e1-9632d15b:1
1786364681.048175 s2e1-86b6c7ad:1 s3e1-9632d15b:1
1786364681.068312 s2e1-86b6c7ad:1 s3e1-9632d15b:1 s4e1-9bcd9d54:53E
1786364681.125216 s2e1-86b6c7ad:1 s3e1-9632d15b:1 s4e1-9bcd9d54:1
1786364681.128963 s2e1-86b6c7ad:1 s3e1-9632d15b:1 s4e1-9bcd9d54:1
1786364681.148742 s2e1-86b6c7ad:1 s3e1-9632d15b:1 s4e1-9bcd9d54:1
1786364681.168584 s2e1-86b6c7ad:1 s3e1-9632d15b:1 s4e1-9bcd9d54:1
1786364681.188480 s2e1-86b6c7ad:1 s3e1-9632d15b:1 s4e1-9bcd9d54:1
1786364681.208356 s2e1-86b6c7ad:1 s3e1-9632d15b:1 s4e1-9bcd9d54:1
1786364681.228250 s2e1-86b6c7ad:1 s3e1-9632d15b:1 s4e1-9bcd9d54:1
1786364681.248258 s2e1-86b6c7ad:1 s3e1-9632d15b:1 s4e1-9bcd9d54:1
1786364681.268274 s2e1-86b6c7ad:1 s3e1-9632d15b:1 s4e1-9bcd9d54:1
1786364681.288252 s2e1-86b6c7ad:1 s3e1-9632d15b:1 s4e1-9bcd9d54:1
1786364681.308209 s2e1-86b6c7ad:1 s3e1-9632d15b:1 s4e1-9bcd9d54:1
1786364681.328344 s2e1-86b6c7ad:1 s3e1-9632d15b:1 s4e1-9bcd9d54:1 s5e1-a6032c23:53E
1786364681.384907 s3e1-9632d15b:1 s4e1-9bcd9d54:1 s5e1-a6032c23:1
1786364681.388779 s3e1-9632d15b:1 s4e1-9bcd9d54:1 s5e1-a6032c23:1
1786364681.408566 s3e1-9632d15b:1 s4e1-9bcd9d54:1 s5e1-a6032c23:1
1786364681.428538 s3e1-9632d15b:1 s4e1-9bcd9d54:1 s5e1-a6032c23:1
1786364681.448503 s3e1-9632d15b:1 s4e1-9bcd9d54:1 s5e1-a6032c23:1
1786364681.468474 s3e1-9632d15b:1 s4e1-9bcd9d54:1 s5e1-a6032c23:1
1786364681.488530 s3e1-9632d15b:1 s4e1-9bcd9d54:1 s5e1-a6032c23:1
1786364681.508441 s4e1-9bcd9d54:1 s5e1-a6032c23:1
1786364681.528532 s4e1-9bcd9d54:1 s5e1-a6032c23:1
1786364681.548467 s4e1-9bcd9d54:1 s5e1-a6032c23:1 s6e1-9b9b9a76:53E
1786364681.604609 s4e1-9bcd9d54:1 s5e1-a6032c23:1 s6e1-9b9b9a76:1
1786364681.608805 s4e1-9bcd9d54:1 s5e1-a6032c23:1 s6e1-9b9b9a76:1
1786364681.628580 s4e1-9bcd9d54:1 s5e1-a6032c23:1 s6e1-9b9b9a76:1
1786364681.648306 s4e1-9bcd9d54:1 s5e1-a6032c23:1 s6e1-9b9b9a76:1
1786364681.668139 s4e1-9bcd9d54:1 s5e1-a6032c23:1 s6e1-9b9b9a76:1
1786364681.687968 s4e1-9bcd9d54:1 s5e1-a6032c23:1 s6e1-9b9b9a76:1
1786364681.707887 s4e1-9bcd9d54:1 s5e1-a6032c23:1 s6e1-9b9b9a76:1
1786364681.727883 s4e1-9bcd9d54:1 s5e1-a6032c23:1 s6e1-9b9b9a76:1
1786364681.747846 s4e1-9bcd9d54:1 s5e1-a6032c23:1 s6e1-9b9b9a76:1
1786364681.767850 s4e1-9bcd9d54:1 s5e1-a6032c23:1 s6e1-9b9b9a76:1
1786364681.787771 s5e1-a6032c23:1 s6e1-9b9b9a76:1
1786364681.807768 s5e1-a6032c23:1 s6e1-9b9b9a76:1
1786364681.827556 s5e1-a6032c23:1 s6e1-9b9b9a76:1
1786364681.847520 s5e1-a6032c23:1 s6e1-9b9b9a76:1 s7e1-8baa63a2:53E
1786364681.903889 s5e1-a6032c23:1 s6e1-9b9b9a76:1 s7e1-8baa63a2:1
1786364681.908118 s5e1-a6032c23:1 s6e1-9b9b9a76:1 s7e1-8baa63a2:1
1786364681.927930 s5e1-a6032c23:1 s6e1-9b9b9a76:1 s7e1-8baa63a2:1
1786364681.947896 s5e1-a6032c23:1 s6e1-9b9b9a76:1 s7e1-8baa63a2:1
1786364681.967743 s5e1-a6032c23:1 s6e1-9b9b9a76:1 s7e1-8baa63a2:1
1786364681.987660 s5e1-a6032c23:1 s6e1-9b9b9a76:1 s7e1-8baa63a2:1
1786364682.007666 s5e1-a6032c23:1 s6e1-9b9b9a76:1 s7e1-8baa63a2:1
1786364682.027776 s5e1-a6032c23:1 s6e1-9b9b9a76:1 s7e1-8baa63a2:1 s8e1-80e16469:53E
1786364682.085238 s6e1-9b9b9a76:1 s7e1-8baa63a2:1 s8e1-80e16469:1
1786364682.088972 s6e1-9b9b9a76:1 s7e1-8baa63a2:1 s8e1-80e16469:1
1786364682.108708 s6e1-9b9b9a76:1 s7e1-8baa63a2:1 s8e1-80e16469:1
1786364682.128672 s6e1-9b9b9a76:1 s7e1-8baa63a2:1 s8e1-80e16469:1
1786364682.148506 s6e1-9b9b9a76:1 s7e1-8baa63a2:1 s8e1-80e16469:1
1786364682.168397 s6e1-9b9b9a76:1 s7e1-8baa63a2:1 s8e1-80e16469:1
1786364682.188305 s6e1-9b9b9a76:1 s7e1-8baa63a2:1 s8e1-80e16469:1
1786364682.208208 s6e1-9b9b9a76:1 s7e1-8baa63a2:1 s8e1-80e16469:1
1786364682.228118 s6e1-9b9b9a76:1 s7e1-8baa63a2:1 s8e1-80e16469:1
1786364682.248103 s6e1-9b9b9a76:1 s7e1-8baa63a2:1 s8e1-80e16469:1
1786364682.268067 s7e1-8baa63a2:1 s8e1-80e16469:1
1786364682.288137 s7e1-8baa63a2:1 s8e1-80e16469:1
1786364682.307938 s7e1-8baa63a2:1 s8e1-80e16469:1
1786364682.327849 s7e1-8baa63a2:1 s8e1-80e16469:1 s1e1-b7e25164:53E
1786364682.384958 s7e1-8baa63a2:1 s8e1-80e16469:1 s1e1-b7e25164:1
1786364682.388400 s7e1-8baa63a2:1 s8e1-80e16469:1 s1e1-b7e25164:1
1786364682.408191 s7e1-8baa63a2:1 s8e1-80e16469:1 s1e1-b7e25164:1
1786364682.428176 s7e1-8baa63a2:1 s8e1-80e16469:1 s1e1-b7e25164:1
1786364682.448130 s7e1-8baa63a2:1 s8e1-80e16469:1 s1e1-b7e25164:1
1786364682.468156 s7e1-8baa63a2:1 s8e1-80e16469:1 s1e1-b7e25164:1
1786364682.488196 s7e1-8baa63a2:1 s8e1-80e16469:1 s1e1-b7e25164:1
1786364682.508099 s7e1-8baa63a2:1 s8e1-80e16469:1 s1e1-b7e25164:1
1786364682.528204 s7e1-8baa63a2:1 s8e1-80e16469:1 s1e1-b7e25164:1
1786364682.548345 s7e1-8baa63a2:1 s8e1-80e16469:1 s1e1-b7e25164:1 s2e1-86b6c7ad:53E
1786364682.603989 s8e1-80e16469:1 s1e1-b7e25164:1 s2e1-86b6c7ad:1
1786364682.608918 s8e1-80e16469:1 s1e1-b7e25164:1 s2e1-86b6c7ad:1
1786364682.628726 s8e1-80e16469:1 s1e1-b7e25164:1 s2e1-86b6c7ad:1
1786364682.648699 s8e1-80e16469:1 s1e1-b7e25164:1 s2e1-86b6c7ad:1
1786364682.668719 s8e1-80e16469:1 s1e1-b7e25164:1 s2e1-86b6c7ad:1
1786364682.688677 s8e1-80e16469:1 s1e1-b7e25164:1 s2e1-86b6c7ad:1
1786364682.708655 s8e1-80e16469:1 s1e1-b7e25164:1 s2e1-86b6c7ad:1
1786364682.728662 s8e1-80e16469:1 s1e1-b7e25164:1 s2e1-86b6c7ad:1
1786364682.748596 s1e1-b7e25164:1 s2e1-86b6c7ad:1
1786364682.768572 s1e1-b7e25164:1 s2e1-86b6c7ad:1
1786364682.788407 s1e1-b7e25164:1 s2e1-86b6c7ad:1
1786364682.808234 s1e1-b7e25164:1 s2e1-86b6c7ad:1
1786364682.828108 s1e1-b7e25164:1 s2e1-86b6c7ad:1
1786364682.847802 s1e1-b7e25164:1 s2e1-86b6c7ad:1
1786364682.867654 s1e1-b7e25164:1 s2e1-86b6c7ad:1
1786364682.887729 s1e1-b7e25164:1 s2e1-86b6c7ad:1 s3e1-9632d15b:53E
1786364682.943765 s1e1-b7e25164:1 s2e1-86b6c7ad:1 s3e1-9632d15b:1
1786364682.948049 s1e1-b7e25164:1 s2e1-86b6c7ad:1 s3e1-9632d15b:1
1786364682.967818 s1e1-b7e25164:1 s2e1-86b6c7ad:1 s3e1-9632d15b:1
1786364682.987710 s1e1-b7e25164:1 s2e1-86b6c7ad:1 s3e1-9632d15b:1
1786364683.007614 s1e1-b7e25164:1 s2e1-86b6c7ad:1 s3e1-9632d15b:1
1786364683.027505 s1e1-b7e25164:1 s2e1-86b6c7ad:1 s3e1-9632d15b:1
1786364683.047390 s2e1-86b6c7ad:1 s3e1-9632d15b:1
1786364683.067315 s2e1-86b6c7ad:1 s3e1-9632d15b:1
1786364683.087418 s2e1-86b6c7ad:1 s3e1-9632d15b:1 s4e1-9bcd9d54:53E
1786364683.144263 s2e1-86b6c7ad:1 s3e1-9632d15b:1 s4e1-9bcd9d54:1
1786364683.148402 s2e1-86b6c7ad:1 s3e1-9632d15b:1 s4e1-9bcd9d54:1
1786364683.168079 s2e1-86b6c7ad:1 s3e1-9632d15b:1 s4e1-9bcd9d54:1
1786364683.188040 s2e1-86b6c7ad:1 s3e1-9632d15b:1 s4e1-9bcd9d54:1
1786364683.207861 s2e1-86b6c7ad:1 s3e1-9632d15b:1 s4e1-9bcd9d54:1
1786364683.227803 s2e1-86b6c7ad:1 s3e1-9632d15b:1 s4e1-9bcd9d54:1
1786364683.247670 s2e1-86b6c7ad:1 s3e1-9632d15b:1 s4e1-9bcd9d54:1
1786364683.267604 s3e1-9632d15b:1 s4e1-9bcd9d54:1
1786364683.287576 s3e1-9632d15b:1 s4e1-9bcd9d54:1
1786364683.307438 s3e1-9632d15b:1 s4e1-9bcd9d54:1
1786364683.327419 s3e1-9632d15b:1 s4e1-9bcd9d54:1 s5e1-a6032c23:53E
1786364683.383141 s3e1-9632d15b:1 s4e1-9bcd9d54:1 s5e1-a6032c23:1
1786364683.387516 s3e1-9632d15b:1 s4e1-9bcd9d54:1 s5e1-a6032c23:1
1786364683.407319 s3e1-9632d15b:1 s4e1-9bcd9d54:1 s5e1-a6032c23:1
1786364683.427215 s3e1-9632d15b:1 s4e1-9bcd9d54:1 s5e1-a6032c23:1
1786364683.447116 s3e1-9632d15b:1 s4e1-9bcd9d54:1 s5e1-a6032c23:1
1786364683.467082 s3e1-9632d15b:1 s4e1-9bcd9d54:1 s5e1-a6032c23:1
1786364683.487109 s3e1-9632d15b:1 s4e1-9bcd9d54:1 s5e1-a6032c23:1
1786364683.507048 s3e1-9632d15b:1 s4e1-9bcd9d54:1 s5e1-a6032c23:1
1786364683.527058 s3e1-9632d15b:1 s4e1-9bcd9d54:1 s5e1-a6032c23:1
1786364683.547025 s3e1-9632d15b:1 s4e1-9bcd9d54:1 s5e1-a6032c23:1
1786364683.567041 s3e1-9632d15b:1 s4e1-9bcd9d54:1 s5e1-a6032c23:1
1786364683.586961 s3e1-9632d15b:1 s4e1-9bcd9d54:1 s5e1-a6032c23:1
1786364683.606944 s4e1-9bcd9d54:1 s5e1-a6032c23:1
1786364683.626958 s4e1-9bcd9d54:1 s5e1-a6032c23:1
1786364683.647114 s4e1-9bcd9d54:1 s5e1-a6032c23:1 s6e1-9b9b9a76:53E
1786364683.703191 s4e1-9bcd9d54:1 s5e1-a6032c23:1 s6e1-9b9b9a76:1
1786364683.707741 s4e1-9bcd9d54:1 s5e1-a6032c23:1 s6e1-9b9b9a76:1
1786364683.727557 s4e1-9bcd9d54:1 s5e1-a6032c23:1 s6e1-9b9b9a76:1
1786364683.747527 s4e1-9bcd9d54:1 s5e1-a6032c23:1 s6e1-9b9b9a76:1
1786364683.767559 s4e1-9bcd9d54:1 s5e1-a6032c23:1 s6e1-9b9b9a76:1
1786364683.787470 s4e1-9bcd9d54:1 s5e1-a6032c23:1 s6e1-9b9b9a76:1
1786364683.807528 s5e1-a6032c23:1 s6e1-9b9b9a76:1
1786364683.827667 s5e1-a6032c23:1 s6e1-9b9b9a76:1
1786364683.847872 s5e1-a6032c23:1 s6e1-9b9b9a76:1 s7e1-8baa63a2:53E
1786364683.904645 s5e1-a6032c23:1 s6e1-9b9b9a76:1 s7e1-8baa63a2:1
1786364683.909046 s5e1-a6032c23:1 s6e1-9b9b9a76:1 s7e1-8baa63a2:1
1786364683.928849 s5e1-a6032c23:1 s6e1-9b9b9a76:1 s7e1-8baa63a2:1
1786364683.948673 s5e1-a6032c23:1 s6e1-9b9b9a76:1 s7e1-8baa63a2:1
1786364683.968581 s5e1-a6032c23:1 s6e1-9b9b9a76:1 s7e1-8baa63a2:1
1786364683.988483 s5e1-a6032c23:1 s6e1-9b9b9a76:1 s7e1-8baa63a2:1
1786364684.008415 s5e1-a6032c23:1 s6e1-9b9b9a76:1 s7e1-8baa63a2:1
1786364684.028328 s5e1-a6032c23:1 s6e1-9b9b9a76:1 s7e1-8baa63a2:1
1786364684.048235 s6e1-9b9b9a76:1 s7e1-8baa63a2:1
1786364684.068163 s6e1-9b9b9a76:1 s7e1-8baa63a2:1
1786364684.088108 s6e1-9b9b9a76:1 s7e1-8baa63a2:1
1786364684.108208 s6e1-9b9b9a76:1 s7e1-8baa63a2:1 s8e1-80e16469:53E
1786364684.164793 s6e1-9b9b9a76:1 s7e1-8baa63a2:1 s8e1-80e16469:1
1786364684.168877 s6e1-9b9b9a76:1 s7e1-8baa63a2:1 s8e1-80e16469:1
1786364684.188677 s6e1-9b9b9a76:1 s7e1-8baa63a2:1 s8e1-80e16469:1
1786364684.208528 s6e1-9b9b9a76:1 s7e1-8baa63a2:1 s8e1-80e16469:1
1786364684.228417 s6e1-9b9b9a76:1 s7e1-8baa63a2:1 s8e1-80e16469:1
1786364684.248336 s6e1-9b9b9a76:1 s7e1-8baa63a2:1 s8e1-80e16469:1
1786364684.268241 s6e1-9b9b9a76:1 s7e1-8baa63a2:1 s8e1-80e16469:1
1786364684.288253 s6e1-9b9b9a76:1 s7e1-8baa63a2:1 s8e1-80e16469:1
1786364684.308113 s6e1-9b9b9a76:1 s7e1-8baa63a2:1 s8e1-80e16469:1
1786364684.328009 s6e1-9b9b9a76:1 s7e1-8baa63a2:1 s8e1-80e16469:1
1786364684.347919 s6e1-9b9b9a76:1 s7e1-8baa63a2:1 s8e1-80e16469:1
1786364684.367858 s7e1-8baa63a2:1 s8e1-80e16469:1
1786364684.387947 s7e1-8baa63a2:1 s8e1-80e16469:1 s1e1-b7e25164:53E
1786364684.444730 s7e1-8baa63a2:1 s8e1-80e16469:1 s1e1-b7e25164:1
1786364684.449035 s7e1-8baa63a2:1 s8e1-80e16469:1 s1e1-b7e25164:1
1786364684.468654 s7e1-8baa63a2:1 s8e1-80e16469:1 s1e1-b7e25164:1
1786364684.488540 s7e1-8baa63a2:1 s8e1-80e16469:1 s1e1-b7e25164:1
1786364684.508436 s7e1-8baa63a2:1 s8e1-80e16469:1 s1e1-b7e25164:1
1786364684.528415 s7e1-8baa63a2:1 s8e1-80e16469:1 s1e1-b7e25164:1
1786364684.548268 s7e1-8baa63a2:1 s8e1-80e16469:1 s1e1-b7e25164:1
1786364684.568313 s8e1-80e16469:1 s1e1-b7e25164:1
1786364684.588512 s8e1-80e16469:1 s1e1-b7e25164:1
1786364684.608721 s8e1-80e16469:1 s1e1-b7e25164:1 s2e1-86b6c7ad:53E
1786364684.665164 s8e1-80e16469:1 s1e1-b7e25164:1 s2e1-86b6c7ad:1
1786364684.669512 s8e1-80e16469:1 s1e1-b7e25164:1 s2e1-86b6c7ad:1
1786364684.689255 s8e1-80e16469:1 s1e1-b7e25164:1 s2e1-86b6c7ad:1
1786364684.709234 s8e1-80e16469:1 s1e1-b7e25164:1 s2e1-86b6c7ad:1
1786364684.729218 s8e1-80e16469:1 s1e1-b7e25164:1 s2e1-86b6c7ad:1
1786364684.749235 s8e1-80e16469:1 s1e1-b7e25164:1 s2e1-86b6c7ad:1
1786364684.769294 s8e1-80e16469:1 s1e1-b7e25164:1 s2e1-86b6c7ad:1
1786364684.789424 s8e1-80e16469:1 s1e1-b7e25164:1 s2e1-86b6c7ad:1
1786364684.809474 s8e1-80e16469:1 s1e1-b7e25164:1 s2e1-86b6c7ad:1
1786364684.829724 s1e1-b7e25164:1 s2e1-86b6c7ad:1 s3e1-9632d15b:53E
1786364684.886800 s1e1-b7e25164:1 s2e1-86b6c7ad:1 s3e1-9632d15b:1
1786364684.890788 s1e1-b7e25164:1 s2e1-86b6c7ad:1 s3e1-9632d15b:1
1786364684.910529 s1e1-b7e25164:1 s2e1-86b6c7ad:1 s3e1-9632d15b:1
1786364684.930474 s1e1-b7e25164:1 s2e1-86b6c7ad:1 s3e1-9632d15b:1
1786364684.950359 s1e1-b7e25164:1 s2e1-86b6c7ad:1 s3e1-9632d15b:1
1786364684.970336 s1e1-b7e25164:1 s2e1-86b6c7ad:1 s3e1-9632d15b:1
1786364684.990185 s1e1-b7e25164:1 s2e1-86b6c7ad:1 s3e1-9632d15b:1
1786364685.010097 s1e1-b7e25164:1 s2e1-86b6c7ad:1 s3e1-9632d15b:1
1786364685.030017 s1e1-b7e25164:1 s2e1-86b6c7ad:1 s3e1-9632d15b:1
1786364685.049951 s1e1-b7e25164:1 s2e1-86b6c7ad:1 s3e1-9632d15b:1
1786364685.069836 s1e1-b7e25164:1 s2e1-86b6c7ad:1 s3e1-9632d15b:1
1786364685.089782 s1e1-b7e25164:1 s2e1-86b6c7ad:1 s3e1-9632d15b:1
1786364685.109681 s2e1-86b6c7ad:1 s3e1-9632d15b:1
1786364685.129798 s2e1-86b6c7ad:1 s3e1-9632d15b:1 s4e1-9bcd9d54:53E
1786364685.186637 s2e1-86b6c7ad:1 s3e1-9632d15b:1 s4e1-9bcd9d54:1
1786364685.190714 s2e1-86b6c7ad:1 s3e1-9632d15b:1 s4e1-9bcd9d54:1
1786364685.210354 s2e1-86b6c7ad:1 s3e1-9632d15b:1 s4e1-9bcd9d54:1
1786364685.230328 s2e1-86b6c7ad:1 s3e1-9632d15b:1 s4e1-9bcd9d54:1
1786364685.250187 s2e1-86b6c7ad:1 s3e1-9632d15b:1 s4e1-9bcd9d54:1
1786364685.270103 s2e1-86b6c7ad:1 s3e1-9632d15b:1 s4e1-9bcd9d54:1
1786364685.290053 s2e1-86b6c7ad:1 s3e1-9632d15b:1 s4e1-9bcd9d54:1
1786364685.310152 s2e1-86b6c7ad:1 s3e1-9632d15b:1 s4e1-9bcd9d54:1
1786364685.330194 s3e1-9632d15b:1 s4e1-9bcd9d54:1 s5e1-a6032c23:53E
1786364685.388829 s3e1-9632d15b:1 s4e1-9bcd9d54:1 s5e1-a6032c23:1
1786364685.392636 s3e1-9632d15b:1 s4e1-9bcd9d54:1 s5e1-a6032c23:1
1786364685.412318 s3e1-9632d15b:1 s4e1-9bcd9d54:1 s5e1-a6032c23:1
1786364685.432202 s3e1-9632d15b:1 s4e1-9bcd9d54:1 s5e1-a6032c23:1
1786364685.452106 s3e1-9632d15b:1 s4e1-9bcd9d54:1 s5e1-a6032c23:1
1786364685.472130 s3e1-9632d15b:1 s4e1-9bcd9d54:1 s5e1-a6032c23:1
1786364685.491936 s3e1-9632d15b:1 s4e1-9bcd9d54:1 s5e1-a6032c23:1
1786364685.511848 s3e1-9632d15b:1 s4e1-9bcd9d54:1 s5e1-a6032c23:1
1786364685.531859 s3e1-9632d15b:1 s4e1-9bcd9d54:1 s5e1-a6032c23:1
1786364685.551965 s4e1-9bcd9d54:1 s5e1-a6032c23:1
1786364685.572007 s4e1-9bcd9d54:1 s5e1-a6032c23:1
1786364685.592152 s4e1-9bcd9d54:1 s5e1-a6032c23:1
1786364685.612187 s4e1-9bcd9d54:1 s5e1-a6032c23:1
1786364685.632391 s4e1-9bcd9d54:1 s5e1-a6032c23:1 s6e1-9b9b9a76:53E
1786364685.688737 s4e1-9bcd9d54:1 s5e1-a6032c23:1 s6e1-9b9b9a76:1
1786364685.693482 s4e1-9bcd9d54:1 s5e1-a6032c23:1 s6e1-9b9b9a76:1
1786364685.713182 s4e1-9bcd9d54:1 s5e1-a6032c23:1 s6e1-9b9b9a76:1
1786364685.733172 s4e1-9bcd9d54:1 s5e1-a6032c23:1 s6e1-9b9b9a76:1
1786364685.753190 s4e1-9bcd9d54:1 s5e1-a6032c23:1 s6e1-9b9b9a76:1
1786364685.773209 s4e1-9bcd9d54:1 s5e1-a6032c23:1 s6e1-9b9b9a76:1
1786364685.793271 s4e1-9bcd9d54:1 s5e1-a6032c23:1 s6e1-9b9b9a76:1
1786364685.813424 s4e1-9bcd9d54:1 s5e1-a6032c23:1 s6e1-9b9b9a76:1
1786364685.833537 s4e1-9bcd9d54:1 s5e1-a6032c23:1 s6e1-9b9b9a76:1 s7e1-8baa63a2:53E
1786364685.890828 s5e1-a6032c23:1 s6e1-9b9b9a76:1 s7e1-8baa63a2:1
1786364685.894979 s5e1-a6032c23:1 s6e1-9b9b9a76:1 s7e1-8baa63a2:1
1786364685.914714 s5e1-a6032c23:1 s6e1-9b9b9a76:1 s7e1-8baa63a2:1
1786364685.934746 s5e1-a6032c23:1 s6e1-9b9b9a76:1 s7e1-8baa63a2:1
1786364685.954730 s5e1-a6032c23:1 s6e1-9b9b9a76:1 s7e1-8baa63a2:1
1786364685.974683 s5e1-a6032c23:1 s6e1-9b9b9a76:1 s7e1-8baa63a2:1
1786364685.994723 s5e1-a6032c23:1 s6e1-9b9b9a76:1 s7e1-8baa63a2:1
1786364686.014563 s5e1-a6032c23:1 s6e1-9b9b9a76:1 s7e1-8baa63a2:1
1786364686.034518 s5e1-a6032c23:1 s6e1-9b9b9a76:1 s7e1-8baa63a2:1
1786364686.054660 s6e1-9b9b9a76:1 s7e1-8baa63a2:1
1786364686.074704 s6e1-9b9b9a76:1 s7e1-8baa63a2:1 s8e1-80e16469:53E
1786364686.131887 s6e1-9b9b9a76:1 s7e1-8baa63a2:1 s8e1-80e16469:1
1786364686.135924 s6e1-9b9b9a76:1 s7e1-8baa63a2:1 s8e1-80e16469:1
1786364686.155695 s6e1-9b9b9a76:1 s7e1-8baa63a2:1 s8e1-80e16469:1
1786364686.175589 s6e1-9b9b9a76:1 s7e1-8baa63a2:1 s8e1-80e16469:1
1786364686.195498 s6e1-9b9b9a76:1 s7e1-8baa63a2:1 s8e1-80e16469:1
1786364686.215414 s6e1-9b9b9a76:1 s7e1-8baa63a2:1 s8e1-80e16469:1
1786364686.235337 s6e1-9b9b9a76:1 s7e1-8baa63a2:1 s8e1-80e16469:1
1786364686.255285 s6e1-9b9b9a76:1 s7e1-8baa63a2:1 s8e1-80e16469:1
1786364686.275264 s6e1-9b9b9a76:1 s7e1-8baa63a2:1 s8e1-80e16469:1
1786364686.295297 s6e1-9b9b9a76:1 s7e1-8baa63a2:1 s8e1-80e16469:1
1786364686.315311 s6e1-9b9b9a76:1 s7e1-8baa63a2:1 s8e1-80e16469:1
1786364686.335486 s6e1-9b9b9a76:1 s7e1-8baa63a2:1 s8e1-80e16469:1 s1e1-b7e25164:53E
1786364686.392552 s7e1-8baa63a2:1 s8e1-80e16469:1 s1e1-b7e25164:1
1786364686.397258 s7e1-8baa63a2:1 s8e1-80e16469:1 s1e1-b7e25164:1
1786364686.416955 s7e1-8baa63a2:1 s8e1-80e16469:1 s1e1-b7e25164:1
1786364686.436936 s7e1-8baa63a2:1 s8e1-80e16469:1 s1e1-b7e25164:1
1786364686.456904 s7e1-8baa63a2:1 s8e1-80e16469:1 s1e1-b7e25164:1
1786364686.476899 s7e1-8baa63a2:1 s8e1-80e16469:1 s1e1-b7e25164:1
1786364686.496910 s7e1-8baa63a2:1 s8e1-80e16469:1 s1e1-b7e25164:1
1786364686.516866 s7e1-8baa63a2:1 s8e1-80e16469:1 s1e1-b7e25164:1
1786364686.536994 s7e1-8baa63a2:1 s8e1-80e16469:1 s1e1-b7e25164:1
1786364686.557187 s8e1-80e16469:1 s1e1-b7e25164:1 s2e1-86b6c7ad:53E
1786364686.613720 s8e1-80e16469:1 s1e1-b7e25164:1 s2e1-86b6c7ad:1
1786364686.618504 s8e1-80e16469:1 s1e1-b7e25164:1 s2e1-86b6c7ad:1
1786364686.638442 s8e1-80e16469:1 s1e1-b7e25164:1 s2e1-86b6c7ad:1
1786364686.658389 s8e1-80e16469:1 s1e1-b7e25164:1 s2e1-86b6c7ad:1
1786364686.678372 s8e1-80e16469:1 s1e1-b7e25164:1 s2e1-86b6c7ad:1
1786364686.698420 s8e1-80e16469:1 s1e1-b7e25164:1 s2e1-86b6c7ad:1
1786364686.718448 s8e1-80e16469:1 s1e1-b7e25164:1 s2e1-86b6c7ad:1
1786364686.738403 s8e1-80e16469:1 s1e1-b7e25164:1 s2e1-86b6c7ad:1
1786364686.758499 s8e1-80e16469:1 s1e1-b7e25164:1 s2e1-86b6c7ad:1
1786364686.778705 s8e1-80e16469:1 s1e1-b7e25164:1 s2e1-86b6c7ad:1 s3e1-9632d15b:53E
1786364686.835705 s1e1-b7e25164:1 s2e1-86b6c7ad:1 s3e1-9632d15b:1
1786364686.840214 s1e1-b7e25164:1 s2e1-86b6c7ad:1 s3e1-9632d15b:1
1786364686.860209 s1e1-b7e25164:1 s2e1-86b6c7ad:1 s3e1-9632d15b:1
1786364686.880296 s1e1-b7e25164:1 s2e1-86b6c7ad:1 s3e1-9632d15b:1
1786364686.900367 s1e1-b7e25164:1 s2e1-86b6c7ad:1 s3e1-9632d15b:1
1786364686.920438 s1e1-b7e25164:1 s2e1-86b6c7ad:1 s3e1-9632d15b:1
1786364686.940512 s1e1-b7e25164:1 s2e1-86b6c7ad:1 s3e1-9632d15b:1
1786364686.960586 s1e1-b7e25164:1 s2e1-86b6c7ad:1 s3e1-9632d15b:1
1786364686.980683 s1e1-b7e25164:1 s2e1-86b6c7ad:1 s3e1-9632d15b:1
1786364687.000607 s1e1-b7e25164:1 s2e1-86b6c7ad:1 s3e1-9632d15b:1
1786364687.020590 s1e1-b7e25164:1 s2e1-86b6c7ad:1 s3e1-9632d15b:1
1786364687.040579 s1e1-b7e25164:1 s2e1-86b6c7ad:1 s3e1-9632d15b:1
1786364687.060659 s2e1-86b6c7ad:1 s3e1-9632d15b:1
1786364687.080555 s2e1-86b6c7ad:1 s3e1-9632d15b:1
1786364687.100725 s2e1-86b6c7ad:1 s3e1-9632d15b:1 s4e1-9bcd9d54:53E
1786364687.156929 s2e1-86b6c7ad:1 s3e1-9632d15b:1 s4e1-9bcd9d54:1
1786364687.162055 s2e1-86b6c7ad:1 s3e1-9632d15b:1 s4e1-9bcd9d54:1
1786364687.181926 s2e1-86b6c7ad:1 s3e1-9632d15b:1 s4e1-9bcd9d54:1
1786364687.201923 s2e1-86b6c7ad:1 s3e1-9632d15b:1 s4e1-9bcd9d54:1
1786364687.221902 s2e1-86b6c7ad:1 s3e1-9632d15b:1 s4e1-9bcd9d54:1
1786364687.241901 s2e1-86b6c7ad:1 s3e1-9632d15b:1 s4e1-9bcd9d54:1
1786364687.261943 s2e1-86b6c7ad:1 s3e1-9632d15b:1 s4e1-9bcd9d54:1
1786364687.282066 s3e1-9632d15b:1 s4e1-9bcd9d54:1 s5e1-a6032c23:53E
1786364687.339255 s3e1-9632d15b:1 s4e1-9bcd9d54:1 s5e1-a6032c23:1
1786364687.343828 s3e1-9632d15b:1 s4e1-9bcd9d54:1 s5e1-a6032c23:1
1786364687.363764 s3e1-9632d15b:1 s4e1-9bcd9d54:1 s5e1-a6032c23:1
1786364687.383782 s3e1-9632d15b:1 s4e1-9bcd9d54:1 s5e1-a6032c23:1
1786364687.403762 s3e1-9632d15b:1 s4e1-9bcd9d54:1 s5e1-a6032c23:1
1786364687.423766 s3e1-9632d15b:1 s4e1-9bcd9d54:1 s5e1-a6032c23:1
1786364687.443759 s3e1-9632d15b:1 s4e1-9bcd9d54:1 s5e1-a6032c23:1
1786364687.463737 s3e1-9632d15b:1 s4e1-9bcd9d54:1 s5e1-a6032c23:1
1786364687.483741 s3e1-9632d15b:1 s4e1-9bcd9d54:1 s5e1-a6032c23:1
1786364687.503767 s4e1-9bcd9d54:1 s5e1-a6032c23:1
1786364687.523753 s4e1-9bcd9d54:1 s5e1-a6032c23:1
1786364687.543730 s4e1-9bcd9d54:1 s5e1-a6032c23:1
1786364687.563684 s4e1-9bcd9d54:1 s5e1-a6032c23:1
1786364687.583596 s4e1-9bcd9d54:1 s5e1-a6032c23:1
1786364687.603616 s4e1-9bcd9d54:1 s5e1-a6032c23:1
1786364687.623689 s4e1-9bcd9d54:1 s5e1-a6032c23:1 s6e1-9b9b9a76:53E
1786364687.680205 s4e1-9bcd9d54:1 s5e1-a6032c23:1 s6e1-9b9b9a76:1
1786364687.684741 s4e1-9bcd9d54:1 s5e1-a6032c23:1 s6e1-9b9b9a76:1
1786364687.704652 s4e1-9bcd9d54:1 s5e1-a6032c23:1 s6e1-9b9b9a76:1
1786364687.724627 s4e1-9bcd9d54:1 s5e1-a6032c23:1 s6e1-9b9b9a76:1
1786364687.744632 s4e1-9bcd9d54:1 s5e1-a6032c23:1 s6e1-9b9b9a76:1
1786364687.764709 s4e1-9bcd9d54:1 s5e1-a6032c23:1 s6e1-9b9b9a76:1
1786364687.784831 s4e1-9bcd9d54:1 s5e1-a6032c23:1 s6e1-9b9b9a76:1 s7e1-8baa63a2:53E
1786364687.842297 s4e1-9bcd9d54:1 s5e1-a6032c23:1 s6e1-9b9b9a76:1 s7e1-8baa63a2:1
1786364687.846584 s5e1-a6032c23:1 s6e1-9b9b9a76:1 s7e1-8baa63a2:1
1786364687.866871 s5e1-a6032c23:1 s6e1-9b9b9a76:1 s7e1-8baa63a2:1
1786364687.886821 s5e1-a6032c23:1 s6e1-9b9b9a76:1 s7e1-8baa63a2:1
1786364687.906736 s5e1-a6032c23:1 s6e1-9b9b9a76:1 s7e1-8baa63a2:1
1786364687.926621 s5e1-a6032c23:1 s6e1-9b9b9a76:1 s7e1-8baa63a2:1
1786364687.946524 s5e1-a6032c23:1 s6e1-9b9b9a76:1 s7e1-8baa63a2:1
1786364687.966449 s5e1-a6032c23:1 s6e1-9b9b9a76:1 s7e1-8baa63a2:1
1786364687.986377 s5e1-a6032c23:1 s6e1-9b9b9a76:1 s7e1-8baa63a2:1
1786364688.006350 s6e1-9b9b9a76:1 s7e1-8baa63a2:1
1786364688.026450 s6e1-9b9b9a76:1 s7e1-8baa63a2:1
1786364688.046494 s6e1-9b9b9a76:1 s7e1-8baa63a2:1
1786364688.066599 s6e1-9b9b9a76:1 s7e1-8baa63a2:1
1786364688.086721 s6e1-9b9b9a76:1 s7e1-8baa63a2:1
1786364688.106934 s6e1-9b9b9a76:1 s7e1-8baa63a2:1 s8e1-80e16469:53E
1786364688.163806 s6e1-9b9b9a76:1 s7e1-8baa63a2:1 s8e1-80e16469:1
1786364688.168325 s6e1-9b9b9a76:1 s7e1-8baa63a2:1 s8e1-80e16469:1
1786364688.188069 s6e1-9b9b9a76:1 s7e1-8baa63a2:1 s8e1-80e16469:1
1786364688.208058 s6e1-9b9b9a76:1 s7e1-8baa63a2:1 s8e1-80e16469:1
1786364688.228114 s6e1-9b9b9a76:1 s7e1-8baa63a2:1 s8e1-80e16469:1
1786364688.248106 s6e1-9b9b9a76:1 s7e1-8baa63a2:1 s8e1-80e16469:1
1786364688.268078 s6e1-9b9b9a76:1 s7e1-8baa63a2:1 s8e1-80e16469:1
1786364688.288294 s6e1-9b9b9a76:1 s7e1-8baa63a2:1 s8e1-80e16469:1 s1e1-b7e25164:53E
1786364688.344831 s6e1-9b9b9a76:1 s7e1-8baa63a2:1 s8e1-80e16469:1 s1e1-b7e25164:1
1786364688.349646 s6e1-9b9b9a76:1 s7e1-8baa63a2:1 s8e1-80e16469:1 s1e1-b7e25164:1
1786364688.369720 s7e1-8baa63a2:1 s8e1-80e16469:1 s1e1-b7e25164:1
1786364688.390082 s7e1-8baa63a2:1 s8e1-80e16469:1 s1e1-b7e25164:1
1786364688.410013 s7e1-8baa63a2:1 s8e1-80e16469:1 s1e1-b7e25164:1
1786364688.429999 s7e1-8baa63a2:1 s8e1-80e16469:1 s1e1-b7e25164:1
1786364688.449838 s7e1-8baa63a2:1 s8e1-80e16469:1 s1e1-b7e25164:1
1786364688.469849 s7e1-8baa63a2:1 s8e1-80e16469:1 s1e1-b7e25164:1
1786364688.489721 s7e1-8baa63a2:1 s8e1-80e16469:1 s1e1-b7e25164:1
1786364688.509657 s8e1-80e16469:1 s1e1-b7e25164:1
1786364688.529700 s8e1-80e16469:1 s1e1-b7e25164:1
1786364688.549980 s8e1-80e16469:1 s1e1-b7e25164:1 s2e1-86b6c7ad:53E
1786364688.607612 s8e1-80e16469:1 s1e1-b7e25164:1 s2e1-86b6c7ad:1
1786364688.612132 s8e1-80e16469:1 s1e1-b7e25164:1 s2e1-86b6c7ad:1
1786364688.631863 s8e1-80e16469:1 s1e1-b7e25164:1 s2e1-86b6c7ad:1
1786364688.651834 s8e1-80e16469:1 s1e1-b7e25164:1 s2e1-86b6c7ad:1
1786364688.671764 s8e1-80e16469:1 s1e1-b7e25164:1 s2e1-86b6c7ad:1
1786364688.691724 s8e1-80e16469:1 s1e1-b7e25164:1 s2e1-86b6c7ad:1
1786364688.711787 s8e1-80e16469:1 s1e1-b7e25164:1 s2e1-86b6c7ad:1
1786364688.731789 s8e1-80e16469:1 s1e1-b7e25164:1 s2e1-86b6c7ad:1
1786364688.751810 s8e1-80e16469:1 s1e1-b7e25164:1 s2e1-86b6c7ad:1
1786364688.771944 s8e1-80e16469:1 s1e1-b7e25164:1 s2e1-86b6c7ad:1
1786364688.791980 s8e1-80e16469:1 s1e1-b7e25164:1 s2e1-86b6c7ad:1 s3e1-9632d15b:53E
1786364688.848750 s8e1-80e16469:1 s1e1-b7e25164:1 s2e1-86b6c7ad:1 s3e1-9632d15b:1
1786364688.853377 s1e1-b7e25164:1 s2e1-86b6c7ad:1 s3e1-9632d15b:1
1786364688.873475 s1e1-b7e25164:1 s2e1-86b6c7ad:1 s3e1-9632d15b:1
1786364688.893512 s1e1-b7e25164:1 s2e1-86b6c7ad:1 s3e1-9632d15b:1
1786364688.913554 s1e1-b7e25164:1 s2e1-86b6c7ad:1 s3e1-9632d15b:1
1786364688.933505 s1e1-b7e25164:1 s2e1-86b6c7ad:1 s3e1-9632d15b:1
1786364688.953551 s1e1-b7e25164:1 s2e1-86b6c7ad:1 s3e1-9632d15b:1
1786364688.973480 s1e1-b7e25164:1 s2e1-86b6c7ad:1 s3e1-9632d15b:1
1786364688.993484 s1e1-b7e25164:1 s2e1-86b6c7ad:1 s3e1-9632d15b:1
1786364689.013486 s2e1-86b6c7ad:1 s3e1-9632d15b:1
1786364689.033628 s2e1-86b6c7ad:1 s3e1-9632d15b:1
1786364689.053886 s2e1-86b6c7ad:1 s3e1-9632d15b:1
1786364689.074008 s2e1-86b6c7ad:1 s3e1-9632d15b:1 s4e1-9bcd9d54:53E
1786364689.130234 s2e1-86b6c7ad:1 s3e1-9632d15b:1 s4e1-9bcd9d54:1
1786364689.135547 s2e1-86b6c7ad:1 s3e1-9632d15b:1 s4e1-9bcd9d54:1
1786364689.155351 s2e1-86b6c7ad:1 s3e1-9632d15b:1 s4e1-9bcd9d54:1
1786364689.175397 s2e1-86b6c7ad:1 s3e1-9632d15b:1 s4e1-9bcd9d54:1
1786364689.195433 s2e1-86b6c7ad:1 s3e1-9632d15b:1 s4e1-9bcd9d54:1
1786364689.215383 s2e1-86b6c7ad:1 s3e1-9632d15b:1 s4e1-9bcd9d54:1
1786364689.235508 s2e1-86b6c7ad:1 s3e1-9632d15b:1 s4e1-9bcd9d54:1
1786364689.255686 s2e1-86b6c7ad:1 s3e1-9632d15b:1 s4e1-9bcd9d54:1
1786364689.275797 s3e1-9632d15b:1 s4e1-9bcd9d54:1
1786364689.296026 s3e1-9632d15b:1 s4e1-9bcd9d54:1
1786364689.315956 s3e1-9632d15b:1 s4e1-9bcd9d54:1
1786364689.336106 s3e1-9632d15b:1 s4e1-9bcd9d54:1 s5e1-a6032c23:53E
1786364689.392571 s3e1-9632d15b:1 s4e1-9bcd9d54:1 s5e1-a6032c23:1
1786364689.397563 s3e1-9632d15b:1 s4e1-9bcd9d54:1 s5e1-a6032c23:1
1786364689.417652 s3e1-9632d15b:1 s4e1-9bcd9d54:1 s5e1-a6032c23:1
1786364689.437710 s3e1-9632d15b:1 s4e1-9bcd9d54:1 s5e1-a6032c23:1
1786364689.457865 s3e1-9632d15b:1 s4e1-9bcd9d54:1 s5e1-a6032c23:1
1786364689.478007 s3e1-9632d15b:1 s4e1-9bcd9d54:1 s5e1-a6032c23:1
1786364689.498155 s3e1-9632d15b:1 s4e1-9bcd9d54:1 s5e1-a6032c23:1
1786364689.518272 s4e1-9bcd9d54:1 s5e1-a6032c23:1
1786364689.538534 s4e1-9bcd9d54:1 s5e1-a6032c23:1
1786364689.558578 s4e1-9bcd9d54:1 s5e1-a6032c23:1
1786364689.578626 s4e1-9bcd9d54:1 s5e1-a6032c23:1 s6e1-9b9b9a76:53E
1786364689.634912 s4e1-9bcd9d54:1 s5e1-a6032c23:1 s6e1-9b9b9a76:1
1786364689.639753 s4e1-9bcd9d54:1 s5e1-a6032c23:1 s6e1-9b9b9a76:1
1786364689.659761 s4e1-9bcd9d54:1 s5e1-a6032c23:1 s6e1-9b9b9a76:1
1786364689.679908 s4e1-9bcd9d54:1 s5e1-a6032c23:1 s6e1-9b9b9a76:1
1786364689.700047 s4e1-9bcd9d54:1 s5e1-a6032c23:1 s6e1-9b9b9a76:1
1786364689.720232 s4e1-9bcd9d54:1 s5e1-a6032c23:1 s6e1-9b9b9a76:1
1786364689.740302 s4e1-9bcd9d54:1 s5e1-a6032c23:1 s6e1-9b9b9a76:1
1786364689.760469 s4e1-9bcd9d54:1 s5e1-a6032c23:1 s6e1-9b9b9a76:1
1786364689.780561 s4e1-9bcd9d54:1 s5e1-a6032c23:1 s6e1-9b9b9a76:1
1786364689.800693 s5e1-a6032c23:1 s6e1-9b9b9a76:1
1786364689.820871 s5e1-a6032c23:1 s6e1-9b9b9a76:1
1786364689.841067 s5e1-a6032c23:1 s6e1-9b9b9a76:1 s7e1-8baa63a2:53E
1786364689.898764 s5e1-a6032c23:1 s6e1-9b9b9a76:1 s7e1-8baa63a2:1
1786364689.903239 s5e1-a6032c23:1 s6e1-9b9b9a76:1 s7e1-8baa63a2:1
1786364689.923404 s5e1-a6032c23:1 s6e1-9b9b9a76:1 s7e1-8baa63a2:1
1786364689.943598 s5e1-a6032c23:1 s6e1-9b9b9a76:1 s7e1-8baa63a2:1
1786364689.963892 s5e1-a6032c23:1 s6e1-9b9b9a76:1 s7e1-8baa63a2:1
1786364689.984056 s5e1-a6032c23:1 s6e1-9b9b9a76:1 s7e1-8baa63a2:1
1786364690.004290 s5e1-a6032c23:1 s6e1-9b9b9a76:1 s7e1-8baa63a2:1
1786364690.024502 s5e1-a6032c23:1 s6e1-9b9b9a76:1 s7e1-8baa63a2:1
1786364690.044602 s5e1-a6032c23:1 s6e1-9b9b9a76:1 s7e1-8baa63a2:1
1786364690.064824 s6e1-9b9b9a76:1 s7e1-8baa63a2:1
1786364690.084928 s6e1-9b9b9a76:1 s7e1-8baa63a2:1
1786364690.105126 s6e1-9b9b9a76:1 s7e1-8baa63a2:1 s8e1-80e16469:53E
1786364690.161931 s6e1-9b9b9a76:1 s7e1-8baa63a2:1 s8e1-80e16469:1
1786364690.166937 s6e1-9b9b9a76:1 s7e1-8baa63a2:1 s8e1-80e16469:1
1786364690.186848 s6e1-9b9b9a76:1 s7e1-8baa63a2:1 s8e1-80e16469:1
1786364690.206970 s6e1-9b9b9a76:1 s7e1-8baa63a2:1 s8e1-80e16469:1
1786364690.226977 s6e1-9b9b9a76:1 s7e1-8baa63a2:1 s8e1-80e16469:1
1786364690.247038 s6e1-9b9b9a76:1 s7e1-8baa63a2:1 s8e1-80e16469:1
1786364690.267196 s6e1-9b9b9a76:1 s7e1-8baa63a2:1 s8e1-80e16469:1
1786364690.287325 s6e1-9b9b9a76:1 s7e1-8baa63a2:1 s8e1-80e16469:1
1786364690.307584 s7e1-8baa63a2:1 s8e1-80e16469:1
1786364690.327625 s7e1-8baa63a2:1 s8e1-80e16469:1
1786364690.347629 s7e1-8baa63a2:1 s8e1-80e16469:1
1786364690.367701 s7e1-8baa63a2:1 s8e1-80e16469:1
1786364690.387750 s7e1-8baa63a2:1 s8e1-80e16469:1 s1e1-b7e25164:53E
1786364690.444197 s7e1-8baa63a2:1 s8e1-80e16469:1 s1e1-b7e25164:1
1786364690.449252 s7e1-8baa63a2:1 s8e1-80e16469:1 s1e1-b7e25164:1
1786364690.469111 s7e1-8baa63a2:1 s8e1-80e16469:1 s1e1-b7e25164:1
1786364690.489148 s7e1-8baa63a2:1 s8e1-80e16469:1 s1e1-b7e25164:1
1786364690.509253 s7e1-8baa63a2:1 s8e1-80e16469:1 s1e1-b7e25164:1
1786364690.529424 s7e1-8baa63a2:1 s8e1-80e16469:1 s1e1-b7e25164:1
1786364690.549660 s7e1-8baa63a2:1 s8e1-80e16469:1 s1e1-b7e25164:1
1786364690.569715 s8e1-80e16469:1 s1e1-b7e25164:1
1786364690.589956 s8e1-80e16469:1 s1e1-b7e25164:1
1786364690.610632 s8e1-80e16469:1 s1e1-b7e25164:1 s2e1-86b6c7ad:53E
1786364690.666601 s8e1-80e16469:1 s1e1-b7e25164:1 s2e1-86b6c7ad:1
1786364690.671765 s8e1-80e16469:1 s1e1-b7e25164:1 s2e1-86b6c7ad:1
1786364690.691626 s8e1-80e16469:1 s1e1-b7e25164:1 s2e1-86b6c7ad:1
1786364690.711753 s8e1-80e16469:1 s1e1-b7e25164:1 s2e1-86b6c7ad:1
1786364690.731834 s8e1-80e16469:1 s1e1-b7e25164:1 s2e1-86b6c7ad:1
1786364690.751940 s8e1-80e16469:1 s1e1-b7e25164:1 s2e1-86b6c7ad:1
1786364690.772108 s8e1-80e16469:1 s1e1-b7e25164:1 s2e1-86b6c7ad:1
1786364690.792300 s8e1-80e16469:1 s1e1-b7e25164:1 s2e1-86b6c7ad:1
1786364690.812503 s8e1-80e16469:1 s1e1-b7e25164:1 s2e1-86b6c7ad:1
1786364690.832584 s1e1-b7e25164:1 s2e1-86b6c7ad:1
1786364690.852749 s1e1-b7e25164:1 s2e1-86b6c7ad:1
1786364690.872919 s1e1-b7e25164:1 s2e1-86b6c7ad:1 s3e1-9632d15b:53E
1786364690.929864 s1e1-b7e25164:1 s2e1-86b6c7ad:1 s3e1-9632d15b:1
1786364690.934675 s1e1-b7e25164:1 s2e1-86b6c7ad:1 s3e1-9632d15b:1
1786364690.954645 s1e1-b7e25164:1 s2e1-86b6c7ad:1 s3e1-9632d15b:1
1786364690.974842 s1e1-b7e25164:1 s2e1-86b6c7ad:1 s3e1-9632d15b:1
1786364690.995003 s1e1-b7e25164:1 s2e1-86b6c7ad:1 s3e1-9632d15b:1
1786364691.015193 s1e1-b7e25164:1 s2e1-86b6c7ad:1 s3e1-9632d15b:1
1786364691.035516 s1e1-b7e25164:1 s2e1-86b6c7ad:1 s3e1-9632d15b:1
1786364691.055686 s1e1-b7e25164:1 s2e1-86b6c7ad:1 s3e1-9632d15b:1
1786364691.075974 s1e1-b7e25164:1 s2e1-86b6c7ad:1 s3e1-9632d15b:1
1786364691.096353 s1e1-b7e25164:1 s2e1-86b6c7ad:1 s3e1-9632d15b:1
1786364691.116525 s2e1-86b6c7ad:1 s3e1-9632d15b:1
1786364691.136967 s2e1-86b6c7ad:1 s3e1-9632d15b:1 s4e1-9bcd9d54:53E
1786364691.193946 s2e1-86b6c7ad:1 s3e1-9632d15b:1 s4e1-9bcd9d54:1
1786364691.198736 s2e1-86b6c7ad:1 s3e1-9632d15b:1 s4e1-9bcd9d54:1
1786364691.218871 s2e1-86b6c7ad:1 s3e1-9632d15b:1 s4e1-9bcd9d54:1
1786364691.239141 s2e1-86b6c7ad:1 s3e1-9632d15b:1 s4e1-9bcd9d54:1
1786364691.259453 s2e1-86b6c7ad:1 s3e1-9632d15b:1 s4e1-9bcd9d54:1
1786364691.279725 s2e1-86b6c7ad:1 s3e1-9632d15b:1 s4e1-9bcd9d54:1
1786364691.300085 s2e1-86b6c7ad:1 s3e1-9632d15b:1 s4e1-9bcd9d54:1 s5e1-a6032c23:53E
1786364691.357822 s2e1-86b6c7ad:1 s3e1-9632d15b:1 s4e1-9bcd9d54:1 s5e1-a6032c23:1
1786364691.362476 s3e1-9632d15b:1 s4e1-9bcd9d54:1 s5e1-a6032c23:1
1786364691.382949 s3e1-9632d15b:1 s4e1-9bcd9d54:1 s5e1-a6032c23:1
1786364691.403261 s3e1-9632d15b:1 s4e1-9bcd9d54:1 s5e1-a6032c23:1
1786364691.423465 s3e1-9632d15b:1 s4e1-9bcd9d54:1 s5e1-a6032c23:1
1786364691.443735 s3e1-9632d15b:1 s4e1-9bcd9d54:1 s5e1-a6032c23:1
1786364691.464081 s3e1-9632d15b:1 s4e1-9bcd9d54:1 s5e1-a6032c23:1
1786364691.484254 s3e1-9632d15b:1 s4e1-9bcd9d54:1 s5e1-a6032c23:1
1786364691.504499 s3e1-9632d15b:1 s4e1-9bcd9d54:1 s5e1-a6032c23:1
1786364691.524699 s3e1-9632d15b:1 s4e1-9bcd9d54:1 s5e1-a6032c23:1
1786364691.545019 s3e1-9632d15b:1 s4e1-9bcd9d54:1 s5e1-a6032c23:1 s6e1-9b9b9a76:53E
1786364691.601886 s3e1-9632d15b:1 s4e1-9bcd9d54:1 s5e1-a6032c23:1 s6e1-9b9b9a76:1
1786364691.607058 s3e1-9632d15b:1 s4e1-9bcd9d54:1 s5e1-a6032c23:1 s6e1-9b9b9a76:1
1786364691.627259 s4e1-9bcd9d54:1 s5e1-a6032c23:1 s6e1-9b9b9a76:1
1786364691.647598 s4e1-9bcd9d54:1 s5e1-a6032c23:1 s6e1-9b9b9a76:1
1786364691.667806 s4e1-9bcd9d54:1 s5e1-a6032c23:1 s6e1-9b9b9a76:1
1786364691.688000 s4e1-9bcd9d54:1 s5e1-a6032c23:1 s6e1-9b9b9a76:1
1786364691.708223 s4e1-9bcd9d54:1 s5e1-a6032c23:1 s6e1-9b9b9a76:1
1786364691.728451 s4e1-9bcd9d54:1 s5e1-a6032c23:1 s6e1-9b9b9a76:1
1786364691.748642 s4e1-9bcd9d54:1 s5e1-a6032c23:1 s6e1-9b9b9a76:1
1786364691.768862 s4e1-9bcd9d54:1 s5e1-a6032c23:1 s6e1-9b9b9a76:1
1786364691.789358 s4e1-9bcd9d54:1 s5e1-a6032c23:1 s6e1-9b9b9a76:1 s7e1-8baa63a2:53E
1786364691.846848 s4e1-9bcd9d54:1 s5e1-a6032c23:1 s6e1-9b9b9a76:1 s7e1-8baa63a2:1
1786364691.852044 s4e1-9bcd9d54:1 s5e1-a6032c23:1 s6e1-9b9b9a76:1 s7e1-8baa63a2:1
1786364691.872244 s4e1-9bcd9d54:1 s5e1-a6032c23:1 s6e1-9b9b9a76:1 s7e1-8baa63a2:1
1786364691.892555 s5e1-a6032c23:1 s6e1-9b9b9a76:1 s7e1-8baa63a2:1
1786364691.912920 s5e1-a6032c23:1 s6e1-9b9b9a76:1 s7e1-8baa63a2:1
1786364691.933303 s5e1-a6032c23:1 s6e1-9b9b9a76:1 s7e1-8baa63a2:1
1786364691.953533 s5e1-a6032c23:1 s6e1-9b9b9a76:1 s7e1-8baa63a2:1
1786364691.973840 s5e1-a6032c23:1 s6e1-9b9b9a76:1 s7e1-8baa63a2:1
1786364691.994234 s5e1-a6032c23:1 s6e1-9b9b9a76:1 s7e1-8baa63a2:1
1786364692.014519 s5e1-a6032c23:1 s6e1-9b9b9a76:1 s7e1-8baa63a2:1
1786364692.034917 s6e1-9b9b9a76:1 s7e1-8baa63a2:1
1786364692.055271 s6e1-9b9b9a76:1 s7e1-8baa63a2:1
1786364692.075408 s6e1-9b9b9a76:1 s7e1-8baa63a2:1 s8e1-80e16469:53E
1786364692.131721 s6e1-9b9b9a76:1 s7e1-8baa63a2:1 s8e1-80e16469:1
1786364692.137197 s6e1-9b9b9a76:1 s7e1-8baa63a2:1 s8e1-80e16469:1
1786364692.157390 s6e1-9b9b9a76:1 s7e1-8baa63a2:1 s8e1-80e16469:1
1786364692.177781 s6e1-9b9b9a76:1 s7e1-8baa63a2:1 s8e1-80e16469:1
1786364692.198038 s6e1-9b9b9a76:1 s7e1-8baa63a2:1 s8e1-80e16469:1
1786364692.218348 s6e1-9b9b9a76:1 s7e1-8baa63a2:1 s8e1-80e16469:1
1786364692.238687 s6e1-9b9b9a76:1 s7e1-8baa63a2:1 s8e1-80e16469:1
1786364692.258994 s6e1-9b9b9a76:1 s7e1-8baa63a2:1 s8e1-80e16469:1
1786364692.279443 s7e1-8baa63a2:1 s8e1-80e16469:1
1786364692.299803 s7e1-8baa63a2:1 s8e1-80e16469:1 s1e1-b7e25164:53E
1786364692.356929 s7e1-8baa63a2:1 s8e1-80e16469:1 s1e1-b7e25164:1
1786364692.361705 s7e1-8baa63a2:1 s8e1-80e16469:1 s1e1-b7e25164:1
1786364692.382041 s7e1-8baa63a2:1 s8e1-80e16469:1 s1e1-b7e25164:1
1786364692.402424 s7e1-8baa63a2:1 s8e1-80e16469:1 s1e1-b7e25164:1
1786364692.422668 s7e1-8baa63a2:1 s8e1-80e16469:1 s1e1-b7e25164:1
1786364692.442997 s7e1-8baa63a2:1 s8e1-80e16469:1 s1e1-b7e25164:1
1786364692.463300 s7e1-8baa63a2:1 s8e1-80e16469:1 s1e1-b7e25164:1
1786364692.483633 s7e1-8baa63a2:1 s8e1-80e16469:1 s1e1-b7e25164:1
1786364692.503945 s7e1-8baa63a2:1 s8e1-80e16469:1 s1e1-b7e25164:1
1786364692.524307 s8e1-80e16469:1 s1e1-b7e25164:1
1786364692.544473 s8e1-80e16469:1 s1e1-b7e25164:1
1786364692.564489 s8e1-80e16469:1 s1e1-b7e25164:1
1786364692.584379 s8e1-80e16469:1 s1e1-b7e25164:1
1786364692.604542 s8e1-80e16469:1 s1e1-b7e25164:1 s2e1-86b6c7ad:53E
1786364692.660807 s8e1-80e16469:1 s1e1-b7e25164:1 s2e1-86b6c7ad:1
1786364692.666233 s8e1-80e16469:1 s1e1-b7e25164:1 s2e1-86b6c7ad:1
1786364692.686312 s8e1-80e16469:1 s1e1-b7e25164:1 s2e1-86b6c7ad:1
1786364692.706547 s8e1-80e16469:1 s1e1-b7e25164:1 s2e1-86b6c7ad:1
1786364692.726788 s8e1-80e16469:1 s1e1-b7e25164:1 s2e1-86b6c7ad:1
1786364692.747045 s8e1-80e16469:1 s1e1-b7e25164:1 s2e1-86b6c7ad:1
1786364692.767281 s8e1-80e16469:1 s1e1-b7e25164:1 s2e1-86b6c7ad:1
1786364692.787706 s8e1-80e16469:1 s1e1-b7e25164:1 s2e1-86b6c7ad:1
1786364692.807968 s1e1-b7e25164:1 s2e1-86b6c7ad:1 s3e1-9632d15b:53E
1786364692.865010 s1e1-b7e25164:1 s2e1-86b6c7ad:1 s3e1-9632d15b:1
1786364692.870399 s1e1-b7e25164:1 s2e1-86b6c7ad:1 s3e1-9632d15b:1
1786364692.890351 s1e1-b7e25164:1 s2e1-86b6c7ad:1 s3e1-9632d15b:1
1786364692.910575 s1e1-b7e25164:1 s2e1-86b6c7ad:1 s3e1-9632d15b:1
1786364692.930815 s1e1-b7e25164:1 s2e1-86b6c7ad:1 s3e1-9632d15b:1
1786364692.951072 s1e1-b7e25164:1 s2e1-86b6c7ad:1 s3e1-9632d15b:1
1786364692.971367 s1e1-b7e25164:1 s2e1-86b6c7ad:1 s3e1-9632d15b:1
1786364692.991592 s1e1-b7e25164:1 s2e1-86b6c7ad:1 s3e1-9632d15b:1
1786364693.012112 s1e1-b7e25164:1 s2e1-86b6c7ad:1 s3e1-9632d15b:1
1786364693.032576 s2e1-86b6c7ad:1 s3e1-9632d15b:1 s4e1-9bcd9d54:53E
1786364693.090030 s2e1-86b6c7ad:1 s3e1-9632d15b:1 s4e1-9bcd9d54:1
1786364693.095105 s2e1-86b6c7ad:1 s3e1-9632d15b:1 s4e1-9bcd9d54:1
1786364693.115257 s2e1-86b6c7ad:1 s3e1-9632d15b:1 s4e1-9bcd9d54:1
1786364693.135627 s2e1-86b6c7ad:1 s3e1-9632d15b:1 s4e1-9bcd9d54:1
1786364693.156015 s2e1-86b6c7ad:1 s3e1-9632d15b:1 s4e1-9bcd9d54:1
1786364693.176234 s2e1-86b6c7ad:1 s3e1-9632d15b:1 s4e1-9bcd9d54:1
1786364693.196567 s2e1-86b6c7ad:1 s3e1-9632d15b:1 s4e1-9bcd9d54:1
1786364693.216972 s2e1-86b6c7ad:1 s3e1-9632d15b:1 s4e1-9bcd9d54:1
1786364693.237355 s2e1-86b6c7ad:1 s3e1-9632d15b:1 s4e1-9bcd9d54:1
1786364693.257758 s2e1-86b6c7ad:1 s3e1-9632d15b:1 s4e1-9bcd9d54:1
1786364693.278236 s2e1-86b6c7ad:1 s3e1-9632d15b:1 s4e1-9bcd9d54:1
1786364693.298667 s2e1-86b6c7ad:1 s3e1-9632d15b:1 s4e1-9bcd9d54:1
1786364693.319218 s2e1-86b6c7ad:1 s3e1-9632d15b:1 s4e1-9bcd9d54:1 s5e1-a6032c23:53E
1786364693.376024 s3e1-9632d15b:1 s4e1-9bcd9d54:1 s5e1-a6032c23:1
1786364693.381468 s3e1-9632d15b:1 s4e1-9bcd9d54:1 s5e1-a6032c23:1
1786364693.401855 s3e1-9632d15b:1 s4e1-9bcd9d54:1 s5e1-a6032c23:1
1786364693.422365 s3e1-9632d15b:1 s4e1-9bcd9d54:1 s5e1-a6032c23:1
1786364693.442807 s3e1-9632d15b:1 s4e1-9bcd9d54:1 s5e1-a6032c23:1
1786364693.463218 s3e1-9632d15b:1 s4e1-9bcd9d54:1 s5e1-a6032c23:1
1786364693.483603 s3e1-9632d15b:1 s4e1-9bcd9d54:1 s5e1-a6032c23:1
1786364693.504054 s3e1-9632d15b:1 s4e1-9bcd9d54:1 s5e1-a6032c23:1
1786364693.524677 s3e1-9632d15b:1 s4e1-9bcd9d54:1 s5e1-a6032c23:1 s6e1-9b9b9a76:53E
1786364693.581975 s4e1-9bcd9d54:1 s5e1-a6032c23:1 s6e1-9b9b9a76:1
1786364693.587098 s4e1-9bcd9d54:1 s5e1-a6032c23:1 s6e1-9b9b9a76:1
1786364693.607197 s4e1-9bcd9d54:1 s5e1-a6032c23:1 s6e1-9b9b9a76:1
1786364693.627475 s4e1-9bcd9d54:1 s5e1-a6032c23:1 s6e1-9b9b9a76:1
1786364693.647799 s4e1-9bcd9d54:1 s5e1-a6032c23:1 s6e1-9b9b9a76:1
1786364693.667961 s4e1-9bcd9d54:1 s5e1-a6032c23:1 s6e1-9b9b9a76:1
1786364693.688197 s4e1-9bcd9d54:1 s5e1-a6032c23:1 s6e1-9b9b9a76:1
1786364693.708442 s4e1-9bcd9d54:1 s5e1-a6032c23:1 s6e1-9b9b9a76:1
1786364693.728781 s4e1-9bcd9d54:1 s5e1-a6032c23:1 s6e1-9b9b9a76:1
1786364693.749011 s4e1-9bcd9d54:1 s5e1-a6032c23:1 s6e1-9b9b9a76:1
1786364693.769221 s5e1-a6032c23:1 s6e1-9b9b9a76:1
1786364693.789563 s5e1-a6032c23:1 s6e1-9b9b9a76:1
1786364693.809475 s5e1-a6032c23:1 s6e1-9b9b9a76:1
1786364693.829553 s5e1-a6032c23:1 s6e1-9b9b9a76:1 s7e1-8baa63a2:53E
1786364693.886760 s5e1-a6032c23:1 s6e1-9b9b9a76:1 s7e1-8baa63a2:1
1786364693.891680 s5e1-a6032c23:1 s6e1-9b9b9a76:1 s7e1-8baa63a2:1
1786364693.911765 s5e1-a6032c23:1 s6e1-9b9b9a76:1 s7e1-8baa63a2:1
1786364693.932069 s5e1-a6032c23:1 s6e1-9b9b9a76:1 s7e1-8baa63a2:1
1786364693.952326 s5e1-a6032c23:1 s6e1-9b9b9a76:1 s7e1-8baa63a2:1
1786364693.972648 s5e1-a6032c23:1 s6e1-9b9b9a76:1 s7e1-8baa63a2:1
1786364693.992804 s5e1-a6032c23:1 s6e1-9b9b9a76:1 s7e1-8baa63a2:1
1786364694.013084 s5e1-a6032c23:1 s6e1-9b9b9a76:1 s7e1-8baa63a2:1
1786364694.033431 s5e1-a6032c23:1 s6e1-9b9b9a76:1 s7e1-8baa63a2:1
1786364694.053788 s6e1-9b9b9a76:1 s7e1-8baa63a2:1 s8e1-80e16469:53E
1786364694.110182 s6e1-9b9b9a76:1 s7e1-8baa63a2:1 s8e1-80e16469:1
1786364694.115989 s6e1-9b9b9a76:1 s7e1-8baa63a2:1 s8e1-80e16469:1
1786364694.136165 s6e1-9b9b9a76:1 s7e1-8baa63a2:1 s8e1-80e16469:1
1786364694.156616 s6e1-9b9b9a76:1 s7e1-8baa63a2:1 s8e1-80e16469:1
1786364694.176855 s6e1-9b9b9a76:1 s7e1-8baa63a2:1 s8e1-80e16469:1
1786364694.197196 s6e1-9b9b9a76:1 s7e1-8baa63a2:1 s8e1-80e16469:1
1786364694.217519 s6e1-9b9b9a76:1 s7e1-8baa63a2:1 s8e1-80e16469:1
1786364694.237904 s6e1-9b9b9a76:1 s7e1-8baa63a2:1 s8e1-80e16469:1
1786364694.258336 s7e1-8baa63a2:1 s8e1-80e16469:1
1786364694.278759 s7e1-8baa63a2:1 s8e1-80e16469:1
1786364694.298872 s7e1-8baa63a2:1 s8e1-80e16469:1
1786364694.319055 s7e1-8baa63a2:1 s8e1-80e16469:1
1786364694.339065 s7e1-8baa63a2:1 s8e1-80e16469:1
1786364694.359267 s7e1-8baa63a2:1 s8e1-80e16469:1
1786364694.379508 s7e1-8baa63a2:1 s8e1-80e16469:1
1786364694.399541 s7e1-8baa63a2:1 s8e1-80e16469:1 s1e1-b7e25164:53E
1786364694.456839 s7e1-8baa63a2:1 s8e1-80e16469:1 s1e1-b7e25164:1
1786364694.462029 s7e1-8baa63a2:1 s8e1-80e16469:1 s1e1-b7e25164:1
1786364694.482395 s7e1-8baa63a2:1 s8e1-80e16469:1 s1e1-b7e25164:1
1786364694.502802 s7e1-8baa63a2:1 s8e1-80e16469:1 s1e1-b7e25164:1
1786364694.523211 s7e1-8baa63a2:1 s8e1-80e16469:1 s1e1-b7e25164:1
1786364694.543705 s7e1-8baa63a2:1 s8e1-80e16469:1 s1e1-b7e25164:1
1786364694.564361 s8e1-80e16469:1 s1e1-b7e25164:1 s2e1-86b6c7ad:53E
1786364694.621563 s8e1-80e16469:1 s1e1-b7e25164:1 s2e1-86b6c7ad:1
1786364694.626706 s8e1-80e16469:1 s1e1-b7e25164:1 s2e1-86b6c7ad:1
1786364694.646794 s8e1-80e16469:1 s1e1-b7e25164:1 s2e1-86b6c7ad:1
1786364694.666990 s8e1-80e16469:1 s1e1-b7e25164:1 s2e1-86b6c7ad:1
1786364694.687218 s8e1-80e16469:1 s1e1-b7e25164:1 s2e1-86b6c7ad:1
1786364694.707470 s8e1-80e16469:1 s1e1-b7e25164:1 s2e1-86b6c7ad:1
1786364694.727734 s8e1-80e16469:1 s1e1-b7e25164:1 s2e1-86b6c7ad:1
1786364694.748057 s8e1-80e16469:1 s1e1-b7e25164:1 s2e1-86b6c7ad:1
1786364694.768233 s8e1-80e16469:1 s1e1-b7e25164:1 s2e1-86b6c7ad:1
1786364694.788468 s1e1-b7e25164:1 s2e1-86b6c7ad:1
1786364694.808730 s1e1-b7e25164:1 s2e1-86b6c7ad:1
1786364694.828668 s1e1-b7e25164:1 s2e1-86b6c7ad:1
1786364694.848668 s1e1-b7e25164:1 s2e1-86b6c7ad:1
1786364694.868778 s1e1-b7e25164:1 s2e1-86b6c7ad:1 s3e1-9632d15b:53E
1786364694.925715 s1e1-b7e25164:1 s2e1-86b6c7ad:1 s3e1-9632d15b:1
1786364694.930700 s1e1-b7e25164:1 s2e1-86b6c7ad:1 s3e1-9632d15b:1
1786364694.950772 s1e1-b7e25164:1 s2e1-86b6c7ad:1 s3e1-9632d15b:1
1786364694.971178 s1e1-b7e25164:1 s2e1-86b6c7ad:1 s3e1-9632d15b:1
1786364694.991568 s1e1-b7e25164:1 s2e1-86b6c7ad:1 s3e1-9632d15b:1
1786364695.011834 s1e1-b7e25164:1 s2e1-86b6c7ad:1 s3e1-9632d15b:1
1786364695.032139 s1e1-b7e25164:1 s2e1-86b6c7ad:1 s3e1-9632d15b:1
1786364695.052578 s1e1-b7e25164:1 s2e1-86b6c7ad:1 s3e1-9632d15b:1
1786364695.073051 s1e1-b7e25164:1 s2e1-86b6c7ad:1 s3e1-9632d15b:1 s4e1-9bcd9d54:53E
1786364695.129145 s1e1-b7e25164:1 s2e1-86b6c7ad:1 s3e1-9632d15b:1 s4e1-9bcd9d54:1
1786364695.135167 s1e1-b7e25164:1 s2e1-86b6c7ad:1 s3e1-9632d15b:1 s4e1-9bcd9d54:1
1786364695.155387 s2e1-86b6c7ad:1 s3e1-9632d15b:1 s4e1-9bcd9d54:1
1786364695.175825 s2e1-86b6c7ad:1 s3e1-9632d15b:1 s4e1-9bcd9d54:1
1786364695.196117 s2e1-86b6c7ad:1 s3e1-9632d15b:1 s4e1-9bcd9d54:1
1786364695.216414 s2e1-86b6c7ad:1 s3e1-9632d15b:1 s4e1-9bcd9d54:1
1786364695.236597 s2e1-86b6c7ad:1 s3e1-9632d15b:1 s4e1-9bcd9d54:1
1786364695.256810 s2e1-86b6c7ad:1 s3e1-9632d15b:1 s4e1-9bcd9d54:1
1786364695.277067 s2e1-86b6c7ad:1 s3e1-9632d15b:1 s4e1-9bcd9d54:1
1786364695.297282 s3e1-9632d15b:1 s4e1-9bcd9d54:1
1786364695.317642 s3e1-9632d15b:1 s4e1-9bcd9d54:1
1786364695.337763 s3e1-9632d15b:1 s4e1-9bcd9d54:1
1786364695.357919 s3e1-9632d15b:1 s4e1-9bcd9d54:1
1786364695.378192 s3e1-9632d15b:1 s4e1-9bcd9d54:1 s5e1-a6032c23:53E
1786364695.434276 s3e1-9632d15b:1 s4e1-9bcd9d54:1 s5e1-a6032c23:1
1786364695.440296 s3e1-9632d15b:1 s4e1-9bcd9d54:1 s5e1-a6032c23:1
1786364695.460725 s3e1-9632d15b:1 s4e1-9bcd9d54:1 s5e1-a6032c23:1
1786364695.481308 s3e1-9632d15b:1 s4e1-9bcd9d54:1 s5e1-a6032c23:1
1786364695.501900 s3e1-9632d15b:1 s4e1-9bcd9d54:1 s5e1-a6032c23:1
1786364695.522439 s3e1-9632d15b:1 s4e1-9bcd9d54:1 s5e1-a6032c23:1
1786364695.542960 s3e1-9632d15b:1 s4e1-9bcd9d54:1 s5e1-a6032c23:1
1786364695.563550 s3e1-9632d15b:1 s4e1-9bcd9d54:1 s5e1-a6032c23:1 s6e1-9b9b9a76:53E
1786364695.620734 s3e1-9632d15b:1 s4e1-9bcd9d54:1 s5e1-a6032c23:1 s6e1-9b9b9a76:1
1786364695.625949 s4e1-9bcd9d54:1 s5e1-a6032c23:1 s6e1-9b9b9a76:1
1786364695.646169 s4e1-9bcd9d54:1 s5e1-a6032c23:1 s6e1-9b9b9a76:1
1786364695.666442 s4e1-9bcd9d54:1 s5e1-a6032c23:1 s6e1-9b9b9a76:1
1786364695.686816 s4e1-9bcd9d54:1 s5e1-a6032c23:1 s6e1-9b9b9a76:1
1786364695.707082 s4e1-9bcd9d54:1 s5e1-a6032c23:1 s6e1-9b9b9a76:1
1786364695.727445 s4e1-9bcd9d54:1 s5e1-a6032c23:1 s6e1-9b9b9a76:1
1786364695.747708 s4e1-9bcd9d54:1 s5e1-a6032c23:1 s6e1-9b9b9a76:1
1786364695.768068 s4e1-9bcd9d54:1 s5e1-a6032c23:1 s6e1-9b9b9a76:1
1786364695.788382 s4e1-9bcd9d54:1 s5e1-a6032c23:1 s6e1-9b9b9a76:1
1786364695.808675 s5e1-a6032c23:1 s6e1-9b9b9a76:1
1786364695.829069 s5e1-a6032c23:1 s6e1-9b9b9a76:1
1786364695.849264 s5e1-a6032c23:1 s6e1-9b9b9a76:1 s7e1-8baa63a2:53E
1786364695.906353 s5e1-a6032c23:1 s6e1-9b9b9a76:1 s7e1-8baa63a2:1
1786364695.911975 s5e1-a6032c23:1 s6e1-9b9b9a76:1 s7e1-8baa63a2:1
1786364695.932052 s5e1-a6032c23:1 s6e1-9b9b9a76:1 s7e1-8baa63a2:1
1786364695.952315 s5e1-a6032c23:1 s6e1-9b9b9a76:1 s7e1-8baa63a2:1
1786364695.972558 s5e1-a6032c23:1 s6e1-9b9b9a76:1 s7e1-8baa63a2:1
1786364695.992839 s5e1-a6032c23:1 s6e1-9b9b9a76:1 s7e1-8baa63a2:1
1786364696.013075 s5e1-a6032c23:1 s6e1-9b9b9a76:1 s7e1-8baa63a2:1
1786364696.033345 s5e1-a6032c23:1 s6e1-9b9b9a76:1 s7e1-8baa63a2:1
1786364696.053602 s5e1-a6032c23:1 s6e1-9b9b9a76:1 s7e1-8baa63a2:1
1786364696.074030 s5e1-a6032c23:1 s6e1-9b9b9a76:1 s7e1-8baa63a2:1 s8e1-80e16469:53E
1786364696.130580 s5e1-a6032c23:1 s6e1-9b9b9a76:1 s7e1-8baa63a2:1 s8e1-80e16469:1
1786364696.136287 s6e1-9b9b9a76:1 s7e1-8baa63a2:1 s8e1-80e16469:1
1786364696.156520 s6e1-9b9b9a76:1 s7e1-8baa63a2:1 s8e1-80e16469:1
1786364696.176854 s6e1-9b9b9a76:1 s7e1-8baa63a2:1 s8e1-80e16469:1
1786364696.197181 s6e1-9b9b9a76:1 s7e1-8baa63a2:1 s8e1-80e16469:1
1786364696.217502 s6e1-9b9b9a76:1 s7e1-8baa63a2:1 s8e1-80e16469:1
1786364696.237915 s6e1-9b9b9a76:1 s7e1-8baa63a2:1 s8e1-80e16469:1
1786364696.258164 s6e1-9b9b9a76:1 s7e1-8baa63a2:1 s8e1-80e16469:1
1786364696.278491 s6e1-9b9b9a76:1 s7e1-8baa63a2:1 s8e1-80e16469:1
1786364696.298892 s7e1-8baa63a2:1 s8e1-80e16469:1
1786364696.319175 s7e1-8baa63a2:1 s8e1-80e16469:1
1786364696.339198 s7e1-8baa63a2:1 s8e1-80e16469:1
1786364696.359301 s7e1-8baa63a2:1 s8e1-80e16469:1
1786364696.379491 s7e1-8baa63a2:1 s8e1-80e16469:1 s1e1-b7e25164:53E
1786364696.435636 s7e1-8baa63a2:1 s8e1-80e16469:1 s1e1-b7e25164:1
1786364696.441708 s7e1-8baa63a2:1 s8e1-80e16469:1 s1e1-b7e25164:1
1786364696.461988 s7e1-8baa63a2:1 s8e1-80e16469:1 s1e1-b7e25164:1
1786364696.482462 s7e1-8baa63a2:1 s8e1-80e16469:1 s1e1-b7e25164:1
1786364696.502810 s7e1-8baa63a2:1 s8e1-80e16469:1 s1e1-b7e25164:1
1786364696.523218 s7e1-8baa63a2:1 s8e1-80e16469:1 s1e1-b7e25164:1
1786364696.543729 s7e1-8baa63a2:1 s8e1-80e16469:1 s1e1-b7e25164:1
1786364696.564275 s7e1-8baa63a2:1 s8e1-80e16469:1 s1e1-b7e25164:1 s2e1-86b6c7ad:53E
1786364696.620908 s8e1-80e16469:1 s1e1-b7e25164:1 s2e1-86b6c7ad:1
1786364696.626678 s8e1-80e16469:1 s1e1-b7e25164:1 s2e1-86b6c7ad:1
1786364696.646756 s8e1-80e16469:1 s1e1-b7e25164:1 s2e1-86b6c7ad:1
1786364696.667134 s8e1-80e16469:1 s1e1-b7e25164:1 s2e1-86b6c7ad:1
1786364696.687329 s8e1-80e16469:1 s1e1-b7e25164:1 s2e1-86b6c7ad:1
1786364696.707561 s8e1-80e16469:1 s1e1-b7e25164:1 s2e1-86b6c7ad:1
1786364696.727807 s8e1-80e16469:1 s1e1-b7e25164:1 s2e1-86b6c7ad:1
1786364696.748065 s8e1-80e16469:1 s1e1-b7e25164:1 s2e1-86b6c7ad:1
1786364696.768407 s8e1-80e16469:1 s1e1-b7e25164:1 s2e1-86b6c7ad:1
1786364696.788876 s8e1-80e16469:1 s1e1-b7e25164:1 s2e1-86b6c7ad:1
1786364696.809232 s1e1-b7e25164:1 s2e1-86b6c7ad:1
1786364696.829775 s1e1-b7e25164:1 s2e1-86b6c7ad:1
1786364696.849810 s1e1-b7e25164:1 s2e1-86b6c7ad:1
1786364696.870082 s1e1-b7e25164:1 s2e1-86b6c7ad:1 s3e1-9632d15b:53E
1786364696.926848 s1e1-b7e25164:1 s2e1-86b6c7ad:1 s3e1-9632d15b:1
1786364696.932303 s1e1-b7e25164:1 s2e1-86b6c7ad:1 s3e1-9632d15b:1
1786364696.952385 s1e1-b7e25164:1 s2e1-86b6c7ad:1 s3e1-9632d15b:1
1786364696.972664 s1e1-b7e25164:1 s2e1-86b6c7ad:1 s3e1-9632d15b:1
1786364696.992959 s1e1-b7e25164:1 s2e1-86b6c7ad:1 s3e1-9632d15b:1
1786364697.013230 s1e1-b7e25164:1 s2e1-86b6c7ad:1 s3e1-9632d15b:1
1786364697.033506 s1e1-b7e25164:1 s2e1-86b6c7ad:1 s3e1-9632d15b:1
1786364697.053921 s1e1-b7e25164:1 s2e1-86b6c7ad:1 s3e1-9632d15b:1
1786364697.074287 s1e1-b7e25164:1 s2e1-86b6c7ad:1 s3e1-9632d15b:1 s4e1-9bcd9d54:53E
1786364697.130592 s1e1-b7e25164:1 s2e1-86b6c7ad:1 s3e1-9632d15b:1 s4e1-9bcd9d54:1
1786364697.136447 s2e1-86b6c7ad:1 s3e1-9632d15b:1 s4e1-9bcd9d54:1
1786364697.156698 s2e1-86b6c7ad:1 s3e1-9632d15b:1 s4e1-9bcd9d54:1
1786364697.177043 s2e1-86b6c7ad:1 s3e1-9632d15b:1 s4e1-9bcd9d54:1
1786364697.197374 s2e1-86b6c7ad:1 s3e1-9632d15b:1 s4e1-9bcd9d54:1
1786364697.217698 s2e1-86b6c7ad:1 s3e1-9632d15b:1 s4e1-9bcd9d54:1
1786364697.238106 s2e1-86b6c7ad:1 s3e1-9632d15b:1 s4e1-9bcd9d54:1
1786364697.258346 s2e1-86b6c7ad:1 s3e1-9632d15b:1 s4e1-9bcd9d54:1
1786364697.278681 s2e1-86b6c7ad:1 s3e1-9632d15b:1 s4e1-9bcd9d54:1
1786364697.299077 s3e1-9632d15b:1 s4e1-9bcd9d54:1
1786364697.319495 s3e1-9632d15b:1 s4e1-9bcd9d54:1
1786364697.339619 s3e1-9632d15b:1 s4e1-9bcd9d54:1
1786364697.359926 s3e1-9632d15b:1 s4e1-9bcd9d54:1 s5e1-a6032c23:53E
1786364697.416787 s3e1-9632d15b:1 s4e1-9bcd9d54:1 s5e1-a6032c23:1
1786364697.422913 s3e1-9632d15b:1 s4e1-9bcd9d54:1 s5e1-a6032c23:1
1786364697.443183 s3e1-9632d15b:1 s4e1-9bcd9d54:1 s5e1-a6032c23:1
1786364697.463566 s3e1-9632d15b:1 s4e1-9bcd9d54:1 s5e1-a6032c23:1
1786364697.483863 s3e1-9632d15b:1 s4e1-9bcd9d54:1 s5e1-a6032c23:1
1786364697.504291 s3e1-9632d15b:1 s4e1-9bcd9d54:1 s5e1-a6032c23:1
1786364697.524736 s3e1-9632d15b:1 s4e1-9bcd9d54:1 s5e1-a6032c23:1
1786364697.545198 s3e1-9632d15b:1 s4e1-9bcd9d54:1 s5e1-a6032c23:1
1786364697.565640 s3e1-9632d15b:1 s4e1-9bcd9d54:1 s5e1-a6032c23:1
1786364697.586189 s3e1-9632d15b:1 s4e1-9bcd9d54:1 s5e1-a6032c23:1 s6e1-9b9b9a76:53E
1786364697.643219 s4e1-9bcd9d54:1 s5e1-a6032c23:1 s6e1-9b9b9a76:1
1786364697.648989 s4e1-9bcd9d54:1 s5e1-a6032c23:1 s6e1-9b9b9a76:1
1786364697.669018 s4e1-9bcd9d54:1 s5e1-a6032c23:1 s6e1-9b9b9a76:1
1786364697.689281 s4e1-9bcd9d54:1 s5e1-a6032c23:1 s6e1-9b9b9a76:1
1786364697.709539 s4e1-9bcd9d54:1 s5e1-a6032c23:1 s6e1-9b9b9a76:1
1786364697.729766 s4e1-9bcd9d54:1 s5e1-a6032c23:1 s6e1-9b9b9a76:1
1786364697.750004 s4e1-9bcd9d54:1 s5e1-a6032c23:1 s6e1-9b9b9a76:1
1786364697.770232 s4e1-9bcd9d54:1 s5e1-a6032c23:1 s6e1-9b9b9a76:1
1786364697.790523 s4e1-9bcd9d54:1 s5e1-a6032c23:1 s6e1-9b9b9a76:1
1786364697.810905 s5e1-a6032c23:1 s6e1-9b9b9a76:1
1786364697.831234 s5e1-a6032c23:1 s6e1-9b9b9a76:1
1786364697.851217 s5e1-a6032c23:1 s6e1-9b9b9a76:1
1786364697.871265 s5e1-a6032c23:1 s6e1-9b9b9a76:1
1786364697.891484 s5e1-a6032c23:1 s6e1-9b9b9a76:1
1786364697.911579 s5e1-a6032c23:1 s6e1-9b9b9a76:1 s7e1-8baa63a2:53E
1786364697.968282 s5e1-a6032c23:1 s6e1-9b9b9a76:1 s7e1-8baa63a2:1
1786364697.974274 s5e1-a6032c23:1 s6e1-9b9b9a76:1 s7e1-8baa63a2:1
1786364697.994489 s5e1-a6032c23:1 s6e1-9b9b9a76:1 s7e1-8baa63a2:1
1786364698.014776 s5e1-a6032c23:1 s6e1-9b9b9a76:1 s7e1-8baa63a2:1
1786364698.035114 s5e1-a6032c23:1 s6e1-9b9b9a76:1 s7e1-8baa63a2:1
1786364698.055434 s5e1-a6032c23:1 s6e1-9b9b9a76:1 s7e1-8baa63a2:1
1786364698.075834 s5e1-a6032c23:1 s6e1-9b9b9a76:1 s7e1-8baa63a2:1
1786364698.096106 s6e1-9b9b9a76:1 s7e1-8baa63a2:1
1786364698.116480 s6e1-9b9b9a76:1 s7e1-8baa63a2:1
1786364698.136602 s6e1-9b9b9a76:1 s7e1-8baa63a2:1
1786364698.156738 s6e1-9b9b9a76:1 s7e1-8baa63a2:1 s8e1-80e16469:53E
1786364698.213551 s6e1-9b9b9a76:1 s7e1-8baa63a2:1 s8e1-80e16469:1
1786364698.219373 s6e1-9b9b9a76:1 s7e1-8baa63a2:1 s8e1-80e16469:1
1786364698.239619 s6e1-9b9b9a76:1 s7e1-8baa63a2:1 s8e1-80e16469:1
1786364698.259966 s6e1-9b9b9a76:1 s7e1-8baa63a2:1 s8e1-80e16469:1
1786364698.280433 s6e1-9b9b9a76:1 s7e1-8baa63a2:1 s8e1-80e16469:1
1786364698.300932 s6e1-9b9b9a76:1 s7e1-8baa63a2:1 s8e1-80e16469:1
1786364698.321517 s7e1-8baa63a2:1 s8e1-80e16469:1 s1e1-b7e25164:53E
1786364698.379034 s7e1-8baa63a2:1 s8e1-80e16469:1 s1e1-b7e25164:1
1786364698.384623 s7e1-8baa63a2:1 s8e1-80e16469:1 s1e1-b7e25164:1
1786364698.404820 s7e1-8baa63a2:1 s8e1-80e16469:1 s1e1-b7e25164:1
1786364698.425138 s7e1-8baa63a2:1 s8e1-80e16469:1 s1e1-b7e25164:1
1786364698.445472 s7e1-8baa63a2:1 s8e1-80e16469:1 s1e1-b7e25164:1
1786364698.465791 s7e1-8baa63a2:1 s8e1-80e16469:1 s1e1-b7e25164:1
1786364698.486112 s7e1-8baa63a2:1 s8e1-80e16469:1 s1e1-b7e25164:1
1786364698.506440 s7e1-8baa63a2:1 s8e1-80e16469:1 s1e1-b7e25164:1
1786364698.526748 s7e1-8baa63a2:1 s8e1-80e16469:1 s1e1-b7e25164:1
1786364698.547169 s7e1-8baa63a2:1 s8e1-80e16469:1 s1e1-b7e25164:1
1786364698.567473 s7e1-8baa63a2:1 s8e1-80e16469:1 s1e1-b7e25164:1
1786364698.587753 s7e1-8baa63a2:1 s8e1-80e16469:1 s1e1-b7e25164:1
1786364698.608095 s7e1-8baa63a2:1 s8e1-80e16469:1 s1e1-b7e25164:1
1786364698.628565 s7e1-8baa63a2:1 s8e1-80e16469:1 s1e1-b7e25164:1
1786364698.648944 s8e1-80e16469:1 s1e1-b7e25164:1 s2e1-86b6c7ad:53E
1786364698.706768 s8e1-80e16469:1 s1e1-b7e25164:1 s2e1-86b6c7ad:1
1786364698.711866 s8e1-80e16469:1 s1e1-b7e25164:1 s2e1-86b6c7ad:1
1786364698.731926 s8e1-80e16469:1 s1e1-b7e25164:1 s2e1-86b6c7ad:1
1786364698.752247 s8e1-80e16469:1 s1e1-b7e25164:1 s2e1-86b6c7ad:1
1786364698.772510 s8e1-80e16469:1 s1e1-b7e25164:1 s2e1-86b6c7ad:1
1786364698.792779 s8e1-80e16469:1 s1e1-b7e25164:1 s2e1-86b6c7ad:1
1786364698.813118 s8e1-80e16469:1 s1e1-b7e25164:1 s2e1-86b6c7ad:1
1786364698.833576 s8e1-80e16469:1 s1e1-b7e25164:1 s2e1-86b6c7ad:1
1786364698.853921 s8e1-80e16469:1 s1e1-b7e25164:1 s2e1-86b6c7ad:1 s3e1-9632d15b:53E
1786364698.910626 s8e1-80e16469:1 s1e1-b7e25164:1 s2e1-86b6c7ad:1 s3e1-9632d15b:1
1786364698.916489 s1e1-b7e25164:1 s2e1-86b6c7ad:1 s3e1-9632d15b:1
1786364698.936953 s1e1-b7e25164:1 s2e1-86b6c7ad:1 s3e1-9632d15b:1
1786364698.957295 s1e1-b7e25164:1 s2e1-86b6c7ad:1 s3e1-9632d15b:1
1786364698.977701 s1e1-b7e25164:1 s2e1-86b6c7ad:1 s3e1-9632d15b:1
1786364698.998114 s1e1-b7e25164:1 s2e1-86b6c7ad:1 s3e1-9632d15b:1
1786364699.018564 s1e1-b7e25164:1 s2e1-86b6c7ad:1 s3e1-9632d15b:1
1786364699.038852 s1e1-b7e25164:1 s2e1-86b6c7ad:1 s3e1-9632d15b:1
1786364699.059166 s2e1-86b6c7ad:1 s3e1-9632d15b:1
1786364699.079536 s2e1-86b6c7ad:1 s3e1-9632d15b:1
1786364699.099555 s2e1-86b6c7ad:1 s3e1-9632d15b:1
1786364699.119590 s2e1-86b6c7ad:1 s3e1-9632d15b:1
1786364699.139714 s2e1-86b6c7ad:1 s3e1-9632d15b:1
1786364699.159884 s2e1-86b6c7ad:1 s3e1-9632d15b:1 s4e1-9bcd9d54:53E
1786364699.216862 s2e1-86b6c7ad:1 s3e1-9632d15b:1 s4e1-9bcd9d54:1
1786364699.222817 s2e1-86b6c7ad:1 s3e1-9632d15b:1 s4e1-9bcd9d54:1
1786364699.243083 s2e1-86b6c7ad:1 s3e1-9632d15b:1 s4e1-9bcd9d54:1
1786364699.263491 s2e1-86b6c7ad:1 s3e1-9632d15b:1 s4e1-9bcd9d54:1
1786364699.283963 s2e1-86b6c7ad:1 s3e1-9632d15b:1 s4e1-9bcd9d54:1
1786364699.304339 s2e1-86b6c7ad:1 s3e1-9632d15b:1 s4e1-9bcd9d54:1
1786364699.324788 s2e1-86b6c7ad:1 s3e1-9632d15b:1 s4e1-9bcd9d54:1
1786364699.345169 s2e1-86b6c7ad:1 s3e1-9632d15b:1 s4e1-9bcd9d54:1
1786364699.365535 s2e1-86b6c7ad:1 s3e1-9632d15b:1 s4e1-9bcd9d54:1
1786364699.385901 s3e1-9632d15b:1 s4e1-9bcd9d54:1
1786364699.406452 s3e1-9632d15b:1 s4e1-9bcd9d54:1 s5e1-a6032c23:53E
1786364699.462725 s3e1-9632d15b:1 s4e1-9bcd9d54:1 s5e1-a6032c23:1
1786364699.468754 s3e1-9632d15b:1 s4e1-9bcd9d54:1 s5e1-a6032c23:1
1786364699.488899 s3e1-9632d15b:1 s4e1-9bcd9d54:1 s5e1-a6032c23:1
1786364699.509165 s3e1-9632d15b:1 s4e1-9bcd9d54:1 s5e1-a6032c23:1
1786364699.529402 s3e1-9632d15b:1 s4e1-9bcd9d54:1 s5e1-a6032c23:1
1786364699.549673 s3e1-9632d15b:1 s4e1-9bcd9d54:1 s5e1-a6032c23:1
1786364699.569953 s3e1-9632d15b:1 s4e1-9bcd9d54:1 s5e1-a6032c23:1
1786364699.590277 s4e1-9bcd9d54:1 s5e1-a6032c23:1
1786364699.610633 s4e1-9bcd9d54:1 s5e1-a6032c23:1
1786364699.630717 s4e1-9bcd9d54:1 s5e1-a6032c23:1
1786364699.650854 s4e1-9bcd9d54:1 s5e1-a6032c23:1 s6e1-9b9b9a76:53E
1786364699.707139 s4e1-9bcd9d54:1 s5e1-a6032c23:1 s6e1-9b9b9a76:1
1786364699.713081 s4e1-9bcd9d54:1 s5e1-a6032c23:1 s6e1-9b9b9a76:1
1786364699.733172 s4e1-9bcd9d54:1 s5e1-a6032c23:1 s6e1-9b9b9a76:1
1786364699.753451 s4e1-9bcd9d54:1 s5e1-a6032c23:1 s6e1-9b9b9a76:1
1786364699.773738 s4e1-9bcd9d54:1 s5e1-a6032c23:1 s6e1-9b9b9a76:1
1786364699.794143 s4e1-9bcd9d54:1 s5e1-a6032c23:1 s6e1-9b9b9a76:1
1786364699.814393 s4e1-9bcd9d54:1 s5e1-a6032c23:1 s6e1-9b9b9a76:1
1786364699.834817 s4e1-9bcd9d54:1 s5e1-a6032c23:1 s6e1-9b9b9a76:1
1786364699.855078 s4e1-9bcd9d54:1 s5e1-a6032c23:1 s6e1-9b9b9a76:1
1786364699.875403 s4e1-9bcd9d54:1 s5e1-a6032c23:1 s6e1-9b9b9a76:1
1786364699.895783 s5e1-a6032c23:1 s6e1-9b9b9a76:1
1786364699.916131 s5e1-a6032c23:1 s6e1-9b9b9a76:1
1786364699.936355 s5e1-a6032c23:1 s6e1-9b9b9a76:1 s7e1-8baa63a2:53E
1786364699.992457 s5e1-a6032c23:1 s6e1-9b9b9a76:1 s7e1-8baa63a2:1
1786364699.998593 s5e1-a6032c23:1 s6e1-9b9b9a76:1 s7e1-8baa63a2:1
1786364700.018987 s5e1-a6032c23:1 s6e1-9b9b9a76:1 s7e1-8baa63a2:1
1786364700.039414 s5e1-a6032c23:1 s6e1-9b9b9a76:1 s7e1-8baa63a2:1
1786364700.059844 s5e1-a6032c23:1 s6e1-9b9b9a76:1 s7e1-8baa63a2:1
1786364700.080269 s5e1-a6032c23:1 s6e1-9b9b9a76:1 s7e1-8baa63a2:1
1786364700.100823 s5e1-a6032c23:1 s6e1-9b9b9a76:1 s7e1-8baa63a2:1
1786364700.121621 s5e1-a6032c23:1 s6e1-9b9b9a76:1 s7e1-8baa63a2:1 s8e1-80e16469:53E
1786364700.179248 s6e1-9b9b9a76:1 s7e1-8baa63a2:1 s8e1-80e16469:1
1786364700.184808 s6e1-9b9b9a76:1 s7e1-8baa63a2:1 s8e1-80e16469:1
1786364700.204992 s6e1-9b9b9a76:1 s7e1-8baa63a2:1 s8e1-80e16469:1
1786364700.225323 s6e1-9b9b9a76:1 s7e1-8baa63a2:1 s8e1-80e16469:1
1786364700.245683 s6e1-9b9b9a76:1 s7e1-8baa63a2:1 s8e1-80e16469:1
1786364700.266018 s6e1-9b9b9a76:1 s7e1-8baa63a2:1 s8e1-80e16469:1
1786364700.286357 s6e1-9b9b9a76:1 s7e1-8baa63a2:1 s8e1-80e16469:1
1786364700.306779 s6e1-9b9b9a76:1 s7e1-8baa63a2:1 s8e1-80e16469:1
1786364700.327108 s6e1-9b9b9a76:1 s7e1-8baa63a2:1 s8e1-80e16469:1
1786364700.347526 s6e1-9b9b9a76:1 s7e1-8baa63a2:1 s8e1-80e16469:1
1786364700.367948 s6e1-9b9b9a76:1 s7e1-8baa63a2:1 s8e1-80e16469:1
1786364700.388374 s7e1-8baa63a2:1 s8e1-80e16469:1
1786364700.408953 s7e1-8baa63a2:1 s8e1-80e16469:1 s1e1-b7e25164:53E
1786364700.464927 s7e1-8baa63a2:1 s8e1-80e16469:1 s1e1-b7e25164:1
1786364700.471343 s7e1-8baa63a2:1 s8e1-80e16469:1 s1e1-b7e25164:1
1786364700.491399 s7e1-8baa63a2:1 s8e1-80e16469:1 s1e1-b7e25164:1
1786364700.511727 s7e1-8baa63a2:1 s8e1-80e16469:1 s1e1-b7e25164:1
1786364700.532059 s7e1-8baa63a2:1 s8e1-80e16469:1 s1e1-b7e25164:1
1786364700.552389 s7e1-8baa63a2:1 s8e1-80e16469:1 s1e1-b7e25164:1
1786364700.572787 s7e1-8baa63a2:1 s8e1-80e16469:1 s1e1-b7e25164:1
1786364700.593269 s7e1-8baa63a2:1 s8e1-80e16469:1 s1e1-b7e25164:1 s2e1-86b6c7ad:53E
1786364700.650022 s7e1-8baa63a2:1 s8e1-80e16469:1 s1e1-b7e25164:1 s2e1-86b6c7ad:1
1786364700.656473 s7e1-8baa63a2:1 s8e1-80e16469:1 s1e1-b7e25164:1 s2e1-86b6c7ad:1
1786364700.676822 s7e1-8baa63a2:1 s8e1-80e16469:1 s1e1-b7e25164:1 s2e1-86b6c7ad:1
1786364700.697353 s8e1-80e16469:1 s1e1-b7e25164:1 s2e1-86b6c7ad:1
1786364700.717793 s8e1-80e16469:1 s1e1-b7e25164:1 s2e1-86b6c7ad:1
1786364700.738214 s8e1-80e16469:1 s1e1-b7e25164:1 s2e1-86b6c7ad:1
1786364700.758657 s8e1-80e16469:1 s1e1-b7e25164:1 s2e1-86b6c7ad:1
1786364700.779055 s8e1-80e16469:1 s1e1-b7e25164:1 s2e1-86b6c7ad:1
1786364700.799417 s8e1-80e16469:1 s1e1-b7e25164:1 s2e1-86b6c7ad:1
1786364700.819718 s8e1-80e16469:1 s1e1-b7e25164:1 s2e1-86b6c7ad:1
1786364700.840126 s8e1-80e16469:1 s1e1-b7e25164:1 s2e1-86b6c7ad:1
1786364700.860386 s1e1-b7e25164:1 s2e1-86b6c7ad:1
1786364700.880901 s1e1-b7e25164:1 s2e1-86b6c7ad:1 s3e1-9632d15b:53E
1786364700.936304 s1e1-b7e25164:1 s2e1-86b6c7ad:1 s3e1-9632d15b:1
1786364700.942886 s1e1-b7e25164:1 s2e1-86b6c7ad:1 s3e1-9632d15b:1
1786364700.963077 s1e1-b7e25164:1 s2e1-86b6c7ad:1 s3e1-9632d15b:1
1786364700.983341 s1e1-b7e25164:1 s2e1-86b6c7ad:1 s3e1-9632d15b:1
1786364701.003691 s1e1-b7e25164:1 s2e1-86b6c7ad:1 s3e1-9632d15b:1
1786364701.023888 s1e1-b7e25164:1 s2e1-86b6c7ad:1 s3e1-9632d15b:1
1786364701.044335 s1e1-b7e25164:1 s2e1-86b6c7ad:1 s3e1-9632d15b:1
1786364701.064616 s1e1-b7e25164:1 s2e1-86b6c7ad:1 s3e1-9632d15b:1
1786364701.085183 s1e1-b7e25164:1 s2e1-86b6c7ad:1 s3e1-9632d15b:1 s4e1-9bcd9d54:53E
1786364701.141791 s1e1-b7e25164:1 s2e1-86b6c7ad:1 s3e1-9632d15b:1 s4e1-9bcd9d54:1
1786364701.148133 s1e1-b7e25164:1 s2e1-86b6c7ad:1 s3e1-9632d15b:1 s4e1-9bcd9d54:1
1786364701.168315 s2e1-86b6c7ad:1 s3e1-9632d15b:1 s4e1-9bcd9d54:1
1786364701.188701 s2e1-86b6c7ad:1 s3e1-9632d15b:1 s4e1-9bcd9d54:1
1786364701.209049 s2e1-86b6c7ad:1 s3e1-9632d15b:1 s4e1-9bcd9d54:1
1786364701.229262 s2e1-86b6c7ad:1 s3e1-9632d15b:1 s4e1-9bcd9d54:1
1786364701.249540 s2e1-86b6c7ad:1 s3e1-9632d15b:1 s4e1-9bcd9d54:1
1786364701.269746 s2e1-86b6c7ad:1 s3e1-9632d15b:1 s4e1-9bcd9d54:1
1786364701.290004 s2e1-86b6c7ad:1 s3e1-9632d15b:1 s4e1-9bcd9d54:1
1786364701.310311 s2e1-86b6c7ad:1 s3e1-9632d15b:1 s4e1-9bcd9d54:1
1786364701.330779 s3e1-9632d15b:1 s4e1-9bcd9d54:1
1786364701.351326 s3e1-9632d15b:1 s4e1-9bcd9d54:1 s5e1-a6032c23:53E
1786364701.408105 s3e1-9632d15b:1 s4e1-9bcd9d54:1 s5e1-a6032c23:1
1786364701.414224 s3e1-9632d15b:1 s4e1-9bcd9d54:1 s5e1-a6032c23:1
1786364701.434422 s3e1-9632d15b:1 s4e1-9bcd9d54:1 s5e1-a6032c23:1
1786364701.454804 s3e1-9632d15b:1 s4e1-9bcd9d54:1 s5e1-a6032c23:1
1786364701.475164 s3e1-9632d15b:1 s4e1-9bcd9d54:1 s5e1-a6032c23:1
1786364701.495491 s3e1-9632d15b:1 s4e1-9bcd9d54:1 s5e1-a6032c23:1
1786364701.515956 s3e1-9632d15b:1 s4e1-9bcd9d54:1 s5e1-a6032c23:1
1786364701.536362 s3e1-9632d15b:1 s4e1-9bcd9d54:1 s5e1-a6032c23:1
1786364701.556974 s3e1-9632d15b:1 s4e1-9bcd9d54:1 s5e1-a6032c23:1
1786364701.577432 s3e1-9632d15b:1 s4e1-9bcd9d54:1 s5e1-a6032c23:1 s6e1-9b9b9a76:53E
1786364701.634003 s3e1-9632d15b:1 s4e1-9bcd9d54:1 s5e1-a6032c23:1 s6e1-9b9b9a76:1
1786364701.640485 s4e1-9bcd9d54:1 s5e1-a6032c23:1 s6e1-9b9b9a76:1
1786364701.661031 s4e1-9bcd9d54:1 s5e1-a6032c23:1 s6e1-9b9b9a76:1
1786364701.681588 s4e1-9bcd9d54:1 s5e1-a6032c23:1 s6e1-9b9b9a76:1
1786364701.701933 s4e1-9bcd9d54:1 s5e1-a6032c23:1 s6e1-9b9b9a76:1
1786364701.722360 s4e1-9bcd9d54:1 s5e1-a6032c23:1 s6e1-9b9b9a76:1
1786364701.742747 s4e1-9bcd9d54:1 s5e1-a6032c23:1 s6e1-9b9b9a76:1
1786364701.763241 s4e1-9bcd9d54:1 s5e1-a6032c23:1 s6e1-9b9b9a76:1
1786364701.783582 s4e1-9bcd9d54:1 s5e1-a6032c23:1 s6e1-9b9b9a76:1
1786364701.803996 s4e1-9bcd9d54:1 s5e1-a6032c23:1 s6e1-9b9b9a76:1
1786364701.824453 s5e1-a6032c23:1 s6e1-9b9b9a76:1
1786364701.844797 s5e1-a6032c23:1 s6e1-9b9b9a76:1
1786364701.864831 s5e1-a6032c23:1 s6e1-9b9b9a76:1
1786364701.884948 s5e1-a6032c23:1 s6e1-9b9b9a76:1
1786364701.905110 s5e1-a6032c23:1 s6e1-9b9b9a76:1 s7e1-8baa63a2:53E
1786364701.961227 s5e1-a6032c23:1 s6e1-9b9b9a76:1 s7e1-8baa63a2:1
1786364701.967694 s5e1-a6032c23:1 s6e1-9b9b9a76:1 s7e1-8baa63a2:1
1786364701.987710 s5e1-a6032c23:1 s6e1-9b9b9a76:1 s7e1-8baa63a2:1
1786364702.007965 s5e1-a6032c23:1 s6e1-9b9b9a76:1 s7e1-8baa63a2:1
1786364702.028332 s5e1-a6032c23:1 s6e1-9b9b9a76:1 s7e1-8baa63a2:1
1786364702.048495 s5e1-a6032c23:1 s6e1-9b9b9a76:1 s7e1-8baa63a2:1
1786364702.068781 s5e1-a6032c23:1 s6e1-9b9b9a76:1 s7e1-8baa63a2:1
1786364702.089047 s6e1-9b9b9a76:1 s7e1-8baa63a2:1
1786364702.109477 s6e1-9b9b9a76:1 s7e1-8baa63a2:1 s8e1-80e16469:53E
1786364702.166197 s6e1-9b9b9a76:1 s7e1-8baa63a2:1 s8e1-80e16469:1
1786364702.172204 s6e1-9b9b9a76:1 s7e1-8baa63a2:1 s8e1-80e16469:1
1786364702.192245 s6e1-9b9b9a76:1 s7e1-8baa63a2:1 s8e1-80e16469:1
1786364702.212527 s6e1-9b9b9a76:1 s7e1-8baa63a2:1 s8e1-80e16469:1
1786364702.232800 s6e1-9b9b9a76:1 s7e1-8baa63a2:1 s8e1-80e16469:1
1786364702.253053 s6e1-9b9b9a76:1 s7e1-8baa63a2:1 s8e1-80e16469:1
1786364702.273351 s6e1-9b9b9a76:1 s7e1-8baa63a2:1 s8e1-80e16469:1
1786364702.293700 s6e1-9b9b9a76:1 s7e1-8baa63a2:1 s8e1-80e16469:1
1786364702.314103 s7e1-8baa63a2:1 s8e1-80e16469:1
1786364702.334414 s7e1-8baa63a2:1 s8e1-80e16469:1
1786364702.354506 s7e1-8baa63a2:1 s8e1-80e16469:1
1786364702.374738 s7e1-8baa63a2:1 s8e1-80e16469:1 s1e1-b7e25164:53E
1786364702.431731 s7e1-8baa63a2:1 s8e1-80e16469:1 s1e1-b7e25164:1
1786364702.437517 s7e1-8baa63a2:1 s8e1-80e16469:1 s1e1-b7e25164:1
1786364702.457807 s7e1-8baa63a2:1 s8e1-80e16469:1 s1e1-b7e25164:1
1786364702.478153 s7e1-8baa63a2:1 s8e1-80e16469:1 s1e1-b7e25164:1
1786364702.498640 s7e1-8baa63a2:1 s8e1-80e16469:1 s1e1-b7e25164:1
1786364702.518972 s7e1-8baa63a2:1 s8e1-80e16469:1 s1e1-b7e25164:1
1786364702.539378 s7e1-8baa63a2:1 s8e1-80e16469:1 s1e1-b7e25164:1
1786364702.559921 s7e1-8baa63a2:1 s8e1-80e16469:1 s1e1-b7e25164:1
1786364702.580538 s7e1-8baa63a2:1 s8e1-80e16469:1 s1e1-b7e25164:1 s2e1-86b6c7ad:53E
1786364702.637724 s7e1-8baa63a2:1 s8e1-80e16469:1 s1e1-b7e25164:1 s2e1-86b6c7ad:1
1786364702.643738 s7e1-8baa63a2:1 s8e1-80e16469:1 s1e1-b7e25164:1 s2e1-86b6c7ad:1
1786364702.664076 s8e1-80e16469:1 s1e1-b7e25164:1 s2e1-86b6c7ad:1
1786364702.684634 s8e1-80e16469:1 s1e1-b7e25164:1 s2e1-86b6c7ad:1
1786364702.705011 s8e1-80e16469:1 s1e1-b7e25164:1 s2e1-86b6c7ad:1
1786364702.725485 s8e1-80e16469:1 s1e1-b7e25164:1 s2e1-86b6c7ad:1
1786364702.745861 s8e1-80e16469:1 s1e1-b7e25164:1 s2e1-86b6c7ad:1
1786364702.766283 s8e1-80e16469:1 s1e1-b7e25164:1 s2e1-86b6c7ad:1
1786364702.786738 s8e1-80e16469:1 s1e1-b7e25164:1 s2e1-86b6c7ad:1
1786364702.807153 s8e1-80e16469:1 s1e1-b7e25164:1 s2e1-86b6c7ad:1
1786364702.827672 s8e1-80e16469:1 s1e1-b7e25164:1 s2e1-86b6c7ad:1
1786364702.848122 s1e1-b7e25164:1 s2e1-86b6c7ad:1
1786364702.868678 s1e1-b7e25164:1 s2e1-86b6c7ad:1 s3e1-9632d15b:53E
1786364702.925363 s1e1-b7e25164:1 s2e1-86b6c7ad:1 s3e1-9632d15b:1
1786364702.932063 s1e1-b7e25164:1 s2e1-86b6c7ad:1 s3e1-9632d15b:1
1786364702.952091 s1e1-b7e25164:1 s2e1-86b6c7ad:1 s3e1-9632d15b:1
1786364702.972476 s1e1-b7e25164:1 s2e1-86b6c7ad:1 s3e1-9632d15b:1
1786364702.992847 s1e1-b7e25164:1 s2e1-86b6c7ad:1 s3e1-9632d15b:1
1786364703.013186 s1e1-b7e25164:1 s2e1-86b6c7ad:1 s3e1-9632d15b:1
1786364703.033667 s1e1-b7e25164:1 s2e1-86b6c7ad:1 s3e1-9632d15b:1
1786364703.054101 s1e1-b7e25164:1 s2e1-86b6c7ad:1 s3e1-9632d15b:1 s4e1-9bcd9d54:53E
1786364703.111274 s1e1-b7e25164:1 s2e1-86b6c7ad:1 s3e1-9632d15b:1 s4e1-9bcd9d54:1
1786364703.117747 s1e1-b7e25164:1 s2e1-86b6c7ad:1 s3e1-9632d15b:1 s4e1-9bcd9d54:1
1786364703.138160 s2e1-86b6c7ad:1 s3e1-9632d15b:1 s4e1-9bcd9d54:1
1786364703.158684 s2e1-86b6c7ad:1 s3e1-9632d15b:1 s4e1-9bcd9d54:1
1786364703.179102 s2e1-86b6c7ad:1 s3e1-9632d15b:1 s4e1-9bcd9d54:1
1786364703.199513 s2e1-86b6c7ad:1 s3e1-9632d15b:1 s4e1-9bcd9d54:1
1786364703.219948 s2e1-86b6c7ad:1 s3e1-9632d15b:1 s4e1-9bcd9d54:1
1786364703.240354 s2e1-86b6c7ad:1 s3e1-9632d15b:1 s4e1-9bcd9d54:1
1786364703.260760 s2e1-86b6c7ad:1 s3e1-9632d15b:1 s4e1-9bcd9d54:1
1786364703.281190 s2e1-86b6c7ad:1 s3e1-9632d15b:1 s4e1-9bcd9d54:1
1786364703.301445 s2e1-86b6c7ad:1 s3e1-9632d15b:1 s4e1-9bcd9d54:1
1786364703.321786 s3e1-9632d15b:1 s4e1-9bcd9d54:1
1786364703.342175 s3e1-9632d15b:1 s4e1-9bcd9d54:1
1786364703.362241 s3e1-9632d15b:1 s4e1-9bcd9d54:1
1786364703.382346 s3e1-9632d15b:1 s4e1-9bcd9d54:1
1786364703.402536 s3e1-9632d15b:1 s4e1-9bcd9d54:1 s5e1-a6032c23:53E
1786364703.459063 s3e1-9632d15b:1 s4e1-9bcd9d54:1 s5e1-a6032c23:1
1786364703.465513 s3e1-9632d15b:1 s4e1-9bcd9d54:1 s5e1-a6032c23:1
1786364703.485556 s3e1-9632d15b:1 s4e1-9bcd9d54:1 s5e1-a6032c23:1
1786364703.505829 s3e1-9632d15b:1 s4e1-9bcd9d54:1 s5e1-a6032c23:1
1786364703.526105 s3e1-9632d15b:1 s4e1-9bcd9d54:1 s5e1-a6032c23:1
1786364703.546381 s3e1-9632d15b:1 s4e1-9bcd9d54:1 s5e1-a6032c23:1
1786364703.566738 s3e1-9632d15b:1 s4e1-9bcd9d54:1 s5e1-a6032c23:1
1786364703.587162 s3e1-9632d15b:1 s4e1-9bcd9d54:1 s5e1-a6032c23:1 s6e1-9b9b9a76:53E
1786364703.644191 s4e1-9bcd9d54:1 s5e1-a6032c23:1 s6e1-9b9b9a76:1
1786364703.650055 s4e1-9bcd9d54:1 s5e1-a6032c23:1 s6e1-9b9b9a76:1
1786364703.670255 s4e1-9bcd9d54:1 s5e1-a6032c23:1 s6e1-9b9b9a76:1
1786364703.690612 s4e1-9bcd9d54:1 s5e1-a6032c23:1 s6e1-9b9b9a76:1
1786364703.711033 s4e1-9bcd9d54:1 s5e1-a6032c23:1 s6e1-9b9b9a76:1
1786364703.731398 s4e1-9bcd9d54:1 s5e1-a6032c23:1 s6e1-9b9b9a76:1
1786364703.751723 s4e1-9bcd9d54:1 s5e1-a6032c23:1 s6e1-9b9b9a76:1
1786364703.772066 s4e1-9bcd9d54:1 s5e1-a6032c23:1 s6e1-9b9b9a76:1
1786364703.792453 s5e1-a6032c23:1 s6e1-9b9b9a76:1
1786364703.812896 s5e1-a6032c23:1 s6e1-9b9b9a76:1
1786364703.833007 s5e1-a6032c23:1 s6e1-9b9b9a76:1
1786364703.853203 s5e1-a6032c23:1 s6e1-9b9b9a76:1
1786364703.873552 s5e1-a6032c23:1 s6e1-9b9b9a76:1 s7e1-8baa63a2:53E
1786364703.930175 s5e1-a6032c23:1 s6e1-9b9b9a76:1 s7e1-8baa63a2:1
1786364703.937026 s5e1-a6032c23:1 s6e1-9b9b9a76:1 s7e1-8baa63a2:1
1786364703.957294 s5e1-a6032c23:1 s6e1-9b9b9a76:1 s7e1-8baa63a2:1
1786364703.977763 s5e1-a6032c23:1 s6e1-9b9b9a76:1 s7e1-8baa63a2:1
1786364703.998128 s5e1-a6032c23:1 s6e1-9b9b9a76:1 s7e1-8baa63a2:1
1786364704.018691 s5e1-a6032c23:1 s6e1-9b9b9a76:1 s7e1-8baa63a2:1
1786364704.038975 s5e1-a6032c23:1 s6e1-9b9b9a76:1 s7e1-8baa63a2:1
1786364704.059420 s5e1-a6032c23:1 s6e1-9b9b9a76:1 s7e1-8baa63a2:1
1786364704.079916 s5e1-a6032c23:1 s6e1-9b9b9a76:1 s7e1-8baa63a2:1
1786364704.100499 s5e1-a6032c23:1 s6e1-9b9b9a76:1 s7e1-8baa63a2:1 s8e1-80e16469:53E
1786364704.157515 s5e1-a6032c23:1 s6e1-9b9b9a76:1 s7e1-8baa63a2:1 s8e1-80e16469:1
1786364704.163796 s6e1-9b9b9a76:1 s7e1-8baa63a2:1 s8e1-80e16469:1
1786364704.184180 s6e1-9b9b9a76:1 s7e1-8baa63a2:1 s8e1-80e16469:1
1786364704.204418 s6e1-9b9b9a76:1 s7e1-8baa63a2:1 s8e1-80e16469:1
1786364704.224761 s6e1-9b9b9a76:1 s7e1-8baa63a2:1 s8e1-80e16469:1
1786364704.245164 s6e1-9b9b9a76:1 s7e1-8baa63a2:1 s8e1-80e16469:1
1786364704.265435 s6e1-9b9b9a76:1 s7e1-8baa63a2:1 s8e1-80e16469:1
1786364704.285791 s6e1-9b9b9a76:1 s7e1-8baa63a2:1 s8e1-80e16469:1
1786364704.306106 s6e1-9b9b9a76:1 s7e1-8baa63a2:1 s8e1-80e16469:1
1786364704.326446 s7e1-8baa63a2:1 s8e1-80e16469:1
1786364704.346824 s7e1-8baa63a2:1 s8e1-80e16469:1
1786364704.366871 s7e1-8baa63a2:1 s8e1-80e16469:1
1786364704.387176 s7e1-8baa63a2:1 s8e1-80e16469:1 s1e1-b7e25164:53E
1786364704.443767 s7e1-8baa63a2:1 s8e1-80e16469:1 s1e1-b7e25164:1
1786364704.450455 s7e1-8baa63a2:1 s8e1-80e16469:1 s1e1-b7e25164:1
1786364704.470576 s7e1-8baa63a2:1 s8e1-80e16469:1 s1e1-b7e25164:1
1786364704.490879 s7e1-8baa63a2:1 s8e1-80e16469:1 s1e1-b7e25164:1
1786364704.511127 s7e1-8baa63a2:1 s8e1-80e16469:1 s1e1-b7e25164:1
1786364704.531458 s7e1-8baa63a2:1 s8e1-80e16469:1 s1e1-b7e25164:1
1786364704.551664 s7e1-8baa63a2:1 s8e1-80e16469:1 s1e1-b7e25164:1
1786364704.571885 s7e1-8baa63a2:1 s8e1-80e16469:1 s1e1-b7e25164:1
1786364704.592290 s7e1-8baa63a2:1 s8e1-80e16469:1 s1e1-b7e25164:1
1786364704.612391 s8e1-80e16469:1 s1e1-b7e25164:1
1786364704.632839 s8e1-80e16469:1 s1e1-b7e25164:1 s2e1-86b6c7ad:53E
1786364704.690581 s8e1-80e16469:1 s1e1-b7e25164:1 s2e1-86b6c7ad:1
1786364704.696685 s8e1-80e16469:1 s1e1-b7e25164:1 s2e1-86b6c7ad:1
1786364704.717025 s8e1-80e16469:1 s1e1-b7e25164:1 s2e1-86b6c7ad:1
1786364704.737362 s8e1-80e16469:1 s1e1-b7e25164:1 s2e1-86b6c7ad:1
1786364704.757758 s8e1-80e16469:1 s1e1-b7e25164:1 s2e1-86b6c7ad:1
1786364704.778022 s8e1-80e16469:1 s1e1-b7e25164:1 s2e1-86b6c7ad:1
1786364704.798441 s8e1-80e16469:1 s1e1-b7e25164:1 s2e1-86b6c7ad:1
1786364704.818856 s8e1-80e16469:1 s1e1-b7e25164:1 s2e1-86b6c7ad:1
1786364704.839272 s1e1-b7e25164:1 s2e1-86b6c7ad:1
1786364704.859791 s1e1-b7e25164:1 s2e1-86b6c7ad:1
1786364704.879890 s1e1-b7e25164:1 s2e1-86b6c7ad:1
1786364704.900233 s1e1-b7e25164:1 s2e1-86b6c7ad:1 s3e1-9632d15b:53E
1786364704.956616 s1e1-b7e25164:1 s2e1-86b6c7ad:1 s3e1-9632d15b:1
1786364704.963185 s1e1-b7e25164:1 s2e1-86b6c7ad:1 s3e1-9632d15b:1
1786364704.983352 s1e1-b7e25164:1 s2e1-86b6c7ad:1 s3e1-9632d15b:1
1786364705.003854 s1e1-b7e25164:1 s2e1-86b6c7ad:1 s3e1-9632d15b:1
1786364705.024200 s1e1-b7e25164:1 s2e1-86b6c7ad:1 s3e1-9632d15b:1
1786364705.044651 s1e1-b7e25164:1 s2e1-86b6c7ad:1 s3e1-9632d15b:1
1786364705.065103 s1e1-b7e25164:1 s2e1-86b6c7ad:1 s3e1-9632d15b:1
1786364705.085516 s1e1-b7e25164:1 s2e1-86b6c7ad:1 s3e1-9632d15b:1
1786364705.106023 s1e1-b7e25164:1 s2e1-86b6c7ad:1 s3e1-9632d15b:1
1786364705.126416 s2e1-86b6c7ad:1 s3e1-9632d15b:1
1786364705.147045 s2e1-86b6c7ad:1 s3e1-9632d15b:1 s4e1-9bcd9d54:53E
1786364705.204389 s2e1-86b6c7ad:1 s3e1-9632d15b:1 s4e1-9bcd9d54:1
1786364705.210287 s2e1-86b6c7ad:1 s3e1-9632d15b:1 s4e1-9bcd9d54:1
1786364705.230468 s2e1-86b6c7ad:1 s3e1-9632d15b:1 s4e1-9bcd9d54:1
1786364705.250691 s2e1-86b6c7ad:1 s3e1-9632d15b:1 s4e1-9bcd9d54:1
1786364705.270950 s2e1-86b6c7ad:1 s3e1-9632d15b:1 s4e1-9bcd9d54:1
1786364705.291207 s2e1-86b6c7ad:1 s3e1-9632d15b:1 s4e1-9bcd9d54:1
1786364705.311573 s2e1-86b6c7ad:1 s3e1-9632d15b:1 s4e1-9bcd9d54:1
1786364705.331898 s2e1-86b6c7ad:1 s3e1-9632d15b:1 s4e1-9bcd9d54:1
1786364705.352317 s2e1-86b6c7ad:1 s3e1-9632d15b:1 s4e1-9bcd9d54:1
1786364705.372628 s3e1-9632d15b:1 s4e1-9bcd9d54:1
1786364705.393120 s3e1-9632d15b:1 s4e1-9bcd9d54:1 s5e1-a6032c23:53E
1786364705.449371 s3e1-9632d15b:1 s4e1-9bcd9d54:1 s5e1-a6032c23:1
1786364705.456282 s3e1-9632d15b:1 s4e1-9bcd9d54:1 s5e1-a6032c23:1
1786364705.476524 s3e1-9632d15b:1 s4e1-9bcd9d54:1 s5e1-a6032c23:1
1786364705.496955 s3e1-9632d15b:1 s4e1-9bcd9d54:1 s5e1-a6032c23:1
1786364705.517262 s3e1-9632d15b:1 s4e1-9bcd9d54:1 s5e1-a6032c23:1
1786364705.537604 s3e1-9632d15b:1 s4e1-9bcd9d54:1 s5e1-a6032c23:1
1786364705.557948 s3e1-9632d15b:1 s4e1-9bcd9d54:1 s5e1-a6032c23:1
1786364705.578387 s3e1-9632d15b:1 s4e1-9bcd9d54:1 s5e1-a6032c23:1
1786364705.598904 s3e1-9632d15b:1 s4e1-9bcd9d54:1 s5e1-a6032c23:1 s6e1-9b9b9a76:53E
1786364705.656645 s3e1-9632d15b:1 s4e1-9bcd9d54:1 s5e1-a6032c23:1 s6e1-9b9b9a76:1
1786364705.662773 s4e1-9bcd9d54:1 s5e1-a6032c23:1 s6e1-9b9b9a76:1
1786364705.683107 s4e1-9bcd9d54:1 s5e1-a6032c23:1 s6e1-9b9b9a76:1
1786364705.703419 s4e1-9bcd9d54:1 s5e1-a6032c23:1 s6e1-9b9b9a76:1
1786364705.723774 s4e1-9bcd9d54:1 s5e1-a6032c23:1 s6e1-9b9b9a76:1
1786364705.744091 s4e1-9bcd9d54:1 s5e1-a6032c23:1 s6e1-9b9b9a76:1
1786364705.764433 s4e1-9bcd9d54:1 s5e1-a6032c23:1 s6e1-9b9b9a76:1
1786364705.784765 s4e1-9bcd9d54:1 s5e1-a6032c23:1 s6e1-9b9b9a76:1
1786364705.805232 s4e1-9bcd9d54:1 s5e1-a6032c23:1 s6e1-9b9b9a76:1
1786364705.825613 s4e1-9bcd9d54:1 s5e1-a6032c23:1 s6e1-9b9b9a76:1
1786364705.846126 s4e1-9bcd9d54:1 s5e1-a6032c23:1 s6e1-9b9b9a76:1
1786364705.866466 s4e1-9bcd9d54:1 s5e1-a6032c23:1 s6e1-9b9b9a76:1
1786364705.886940 s5e1-a6032c23:1 s6e1-9b9b9a76:1
1786364705.907588 s5e1-a6032c23:1 s6e1-9b9b9a76:1 s7e1-8baa63a2:53E
1786364705.963806 s5e1-a6032c23:1 s6e1-9b9b9a76:1 s7e1-8baa63a2:1
1786364705.970733 s5e1-a6032c23:1 s6e1-9b9b9a76:1 s7e1-8baa63a2:1
1786364705.990972 s5e1-a6032c23:1 s6e1-9b9b9a76:1 s7e1-8baa63a2:1
1786364706.011363 s5e1-a6032c23:1 s6e1-9b9b9a76:1 s7e1-8baa63a2:1
1786364706.031890 s5e1-a6032c23:1 s6e1-9b9b9a76:1 s7e1-8baa63a2:1
1786364706.052069 s5e1-a6032c23:1 s6e1-9b9b9a76:1 s7e1-8baa63a2:1
1786364706.072519 s5e1-a6032c23:1 s6e1-9b9b9a76:1 s7e1-8baa63a2:1
1786364706.093097 s5e1-a6032c23:1 s6e1-9b9b9a76:1 s7e1-8baa63a2:1
1786364706.113384 s5e1-a6032c23:1 s6e1-9b9b9a76:1 s7e1-8baa63a2:1
1786364706.133816 s6e1-9b9b9a76:1 s7e1-8baa63a2:1
1786364706.154558 s6e1-9b9b9a76:1 s7e1-8baa63a2:1 s8e1-80e16469:53E
1786364706.242581 s6e1-9b9b9a76:1 s7e1-8baa63a2:1 s8e1-80e16469:1
1786364706.246454 s6e1-9b9b9a76:1 s7e1-8baa63a2:1 s8e1-80e16469:1
1786364706.265469 s6e1-9b9b9a76:1 s7e1-8baa63a2:1 s8e1-80e16469:1
1786364706.285394 s6e1-9b9b9a76:1 s7e1-8baa63a2:1 s8e1-80e16469:1
1786364706.305623 s6e1-9b9b9a76:1 s7e1-8baa63a2:1 s8e1-80e16469:1
1786364706.325655 s6e1-9b9b9a76:1 s7e1-8baa63a2:1 s8e1-80e16469:1
1786364706.345856 s6e1-9b9b9a76:1 s7e1-8baa63a2:1 s8e1-80e16469:1
1786364706.366164 s7e1-8baa63a2:1 s8e1-80e16469:1
1786364706.386628 s7e1-8baa63a2:1 s8e1-80e16469:1 s1e1-b7e25164:53E
1786364706.451083 s7e1-8baa63a2:1 s8e1-80e16469:1 s1e1-b7e25164:1
1786364706.454190 s7e1-8baa63a2:1 s8e1-80e16469:1 s1e1-b7e25164:1
1786364706.474332 s7e1-8baa63a2:1 s8e1-80e16469:1 s1e1-b7e25164:1
1786364706.494754 s7e1-8baa63a2:1 s8e1-80e16469:1 s1e1-b7e25164:1
1786364706.515078 s7e1-8baa63a2:1 s8e1-80e16469:1 s1e1-b7e25164:1
1786364706.535414 s7e1-8baa63a2:1 s8e1-80e16469:1 s1e1-b7e25164:1
1786364706.555760 s7e1-8baa63a2:1 s8e1-80e16469:1 s1e1-b7e25164:1
1786364706.576175 s7e1-8baa63a2:1 s8e1-80e16469:1 s1e1-b7e25164:1
1786364706.596439 s7e1-8baa63a2:1 s8e1-80e16469:1 s1e1-b7e25164:1
1786364706.616798 s7e1-8baa63a2:1 s8e1-80e16469:1 s1e1-b7e25164:1
1786364706.637233 s7e1-8baa63a2:1 s8e1-80e16469:1 s1e1-b7e25164:1
1786364706.657593 s7e1-8baa63a2:1 s8e1-80e16469:1 s1e1-b7e25164:1
1786364706.678061 s8e1-80e16469:1 s1e1-b7e25164:1 s2e1-86b6c7ad:53E
1786364706.742072 s8e1-80e16469:1 s1e1-b7e25164:1 s2e1-86b6c7ad:1
1786364706.745756 s8e1-80e16469:1 s1e1-b7e25164:1 s2e1-86b6c7ad:1
1786364706.765855 s8e1-80e16469:1 s1e1-b7e25164:1 s2e1-86b6c7ad:1
1786364706.786208 s8e1-80e16469:1 s1e1-b7e25164:1 s2e1-86b6c7ad:1
1786364706.806619 s8e1-80e16469:1 s1e1-b7e25164:1 s2e1-86b6c7ad:1
1786364706.826883 s8e1-80e16469:1 s1e1-b7e25164:1 s2e1-86b6c7ad:1
1786364706.847263 s8e1-80e16469:1 s1e1-b7e25164:1 s2e1-86b6c7ad:1
1786364706.867632 s8e1-80e16469:1 s1e1-b7e25164:1 s2e1-86b6c7ad:1
1786364706.888024 s8e1-80e16469:1 s1e1-b7e25164:1 s2e1-86b6c7ad:1
1786364706.908531 s8e1-80e16469:1 s1e1-b7e25164:1 s2e1-86b6c7ad:1 s3e1-9632d15b:53E
1786364706.973629 s1e1-b7e25164:1 s2e1-86b6c7ad:1 s3e1-9632d15b:1
1786364706.976906 s1e1-b7e25164:1 s2e1-86b6c7ad:1 s3e1-9632d15b:1
1786364706.997300 s1e1-b7e25164:1 s2e1-86b6c7ad:1 s3e1-9632d15b:1
1786364707.017772 s1e1-b7e25164:1 s2e1-86b6c7ad:1 s3e1-9632d15b:1
1786364707.038207 s1e1-b7e25164:1 s2e1-86b6c7ad:1 s3e1-9632d15b:1
1786364707.058780 s1e1-b7e25164:1 s2e1-86b6c7ad:1 s3e1-9632d15b:1
1786364707.079397 s1e1-b7e25164:1 s2e1-86b6c7ad:1 s3e1-9632d15b:1
1786364707.100228 s1e1-b7e25164:1 s2e1-86b6c7ad:1 s3e1-9632d15b:1
1786364707.121127 s1e1-b7e25164:1 s2e1-86b6c7ad:1 s3e1-9632d15b:1 s4e1-9bcd9d54:53E
1786364707.186285 s2e1-86b6c7ad:1 s3e1-9632d15b:1 s4e1-9bcd9d54:1
1786364707.190066 s2e1-86b6c7ad:1 s3e1-9632d15b:1 s4e1-9bcd9d54:1
1786364707.210196 s2e1-86b6c7ad:1 s3e1-9632d15b:1 s4e1-9bcd9d54:1
1786364707.230601 s2e1-86b6c7ad:1 s3e1-9632d15b:1 s4e1-9bcd9d54:1
1786364707.250952 s2e1-86b6c7ad:1 s3e1-9632d15b:1 s4e1-9bcd9d54:1
1786364707.271377 s2e1-86b6c7ad:1 s3e1-9632d15b:1 s4e1-9bcd9d54:1
1786364707.291699 s2e1-86b6c7ad:1 s3e1-9632d15b:1 s4e1-9bcd9d54:1
1786364707.312143 s2e1-86b6c7ad:1 s3e1-9632d15b:1 s4e1-9bcd9d54:1
1786364707.332527 s2e1-86b6c7ad:1 s3e1-9632d15b:1 s4e1-9bcd9d54:1
1786364707.353053 s2e1-86b6c7ad:1 s3e1-9632d15b:1 s4e1-9bcd9d54:1
1786364707.373401 s2e1-86b6c7ad:1 s3e1-9632d15b:1 s4e1-9bcd9d54:1
1786364707.393978 s2e1-86b6c7ad:1 s3e1-9632d15b:1 s4e1-9bcd9d54:1 s5e1-a6032c23:53E
1786364707.459389 s2e1-86b6c7ad:1 s3e1-9632d15b:1 s4e1-9bcd9d54:1 s5e1-a6032c23:1
1786364707.463106 s3e1-9632d15b:1 s4e1-9bcd9d54:1 s5e1-a6032c23:1
1786364707.483627 s3e1-9632d15b:1 s4e1-9bcd9d54:1 s5e1-a6032c23:1
1786364707.503935 s3e1-9632d15b:1 s4e1-9bcd9d54:1 s5e1-a6032c23:1
1786364707.524228 s3e1-9632d15b:1 s4e1-9bcd9d54:1 s5e1-a6032c23:1
1786364707.544550 s3e1-9632d15b:1 s4e1-9bcd9d54:1 s5e1-a6032c23:1
1786364707.564862 s3e1-9632d15b:1 s4e1-9bcd9d54:1 s5e1-a6032c23:1
1786364707.585168 s3e1-9632d15b:1 s4e1-9bcd9d54:1 s5e1-a6032c23:1
1786364707.605498 s3e1-9632d15b:1 s4e1-9bcd9d54:1 s5e1-a6032c23:1
1786364707.625949 s3e1-9632d15b:1 s4e1-9bcd9d54:1 s5e1-a6032c23:1
1786364707.646332 s3e1-9632d15b:1 s4e1-9bcd9d54:1 s5e1-a6032c23:1 s6e1-9b9b9a76:53E
1786364707.710913 s4e1-9bcd9d54:1 s5e1-a6032c23:1 s6e1-9b9b9a76:1
1786364707.714806 s4e1-9bcd9d54:1 s5e1-a6032c23:1 s6e1-9b9b9a76:1
1786364707.735121 s4e1-9bcd9d54:1 s5e1-a6032c23:1 s6e1-9b9b9a76:1
1786364707.755576 s4e1-9bcd9d54:1 s5e1-a6032c23:1 s6e1-9b9b9a76:1
1786364707.775920 s4e1-9bcd9d54:1 s5e1-a6032c23:1 s6e1-9b9b9a76:1
1786364707.796310 s4e1-9bcd9d54:1 s5e1-a6032c23:1 s6e1-9b9b9a76:1
1786364707.816711 s4e1-9bcd9d54:1 s5e1-a6032c23:1 s6e1-9b9b9a76:1
1786364707.837111 s4e1-9bcd9d54:1 s5e1-a6032c23:1 s6e1-9b9b9a76:1
1786364707.857600 s4e1-9bcd9d54:1 s5e1-a6032c23:1 s6e1-9b9b9a76:1
1786364707.877957 s5e1-a6032c23:1 s6e1-9b9b9a76:1
1786364707.898554 s5e1-a6032c23:1 s6e1-9b9b9a76:1 s7e1-8baa63a2:53E
1786364707.963145 s5e1-a6032c23:1 s6e1-9b9b9a76:1 s7e1-8baa63a2:1
1786364707.966831 s5e1-a6032c23:1 s6e1-9b9b9a76:1 s7e1-8baa63a2:1
1786364707.986938 s5e1-a6032c23:1 s6e1-9b9b9a76:1 s7e1-8baa63a2:1
1786364708.007182 s5e1-a6032c23:1 s6e1-9b9b9a76:1 s7e1-8baa63a2:1
1786364708.027495 s5e1-a6032c23:1 s6e1-9b9b9a76:1 s7e1-8baa63a2:1
1786364708.047854 s5e1-a6032c23:1 s6e1-9b9b9a76:1 s7e1-8baa63a2:1
1786364708.068251 s5e1-a6032c23:1 s6e1-9b9b9a76:1 s7e1-8baa63a2:1
1786364708.088689 s5e1-a6032c23:1 s6e1-9b9b9a76:1 s7e1-8baa63a2:1
1786364708.109490 s5e1-a6032c23:1 s6e1-9b9b9a76:1 s7e1-8baa63a2:1
1786364708.129905 s5e1-a6032c23:1 s6e1-9b9b9a76:1 s7e1-8baa63a2:1 s8e1-80e16469:53E
1786364708.218660 s6e1-9b9b9a76:1 s7e1-8baa63a2:1 s8e1-80e16469:1
1786364708.222164 s6e1-9b9b9a76:1 s7e1-8baa63a2:1 s8e1-80e16469:1
1786364708.242202 s6e1-9b9b9a76:1 s7e1-8baa63a2:1 s8e1-80e16469:1
1786364708.262520 s6e1-9b9b9a76:1 s7e1-8baa63a2:1 s8e1-80e16469:1
1786364708.282684 s6e1-9b9b9a76:1 s7e1-8baa63a2:1 s8e1-80e16469:1
1786364708.302937 s6e1-9b9b9a76:1 s7e1-8baa63a2:1 s8e1-80e16469:1
1786364708.323162 s6e1-9b9b9a76:1 s7e1-8baa63a2:1 s8e1-80e16469:1
1786364708.343432 s6e1-9b9b9a76:1 s7e1-8baa63a2:1 s8e1-80e16469:1
1786364708.363769 s6e1-9b9b9a76:1 s7e1-8baa63a2:1 s8e1-80e16469:1
1786364708.384126 s6e1-9b9b9a76:1 s7e1-8baa63a2:1 s8e1-80e16469:1 s1e1-b7e25164:53E
1786364708.448647 s6e1-9b9b9a76:1 s7e1-8baa63a2:1 s8e1-80e16469:1 s1e1-b7e25164:1
1786364708.452416 s7e1-8baa63a2:1 s8e1-80e16469:1 s1e1-b7e25164:1
1786364708.472897 s7e1-8baa63a2:1 s8e1-80e16469:1 s1e1-b7e25164:1
1786364708.493221 s7e1-8baa63a2:1 s8e1-80e16469:1 s1e1-b7e25164:1
1786364708.513539 s7e1-8baa63a2:1 s8e1-80e16469:1 s1e1-b7e25164:1
1786364708.533914 s7e1-8baa63a2:1 s8e1-80e16469:1 s1e1-b7e25164:1
1786364708.554186 s7e1-8baa63a2:1 s8e1-80e16469:1 s1e1-b7e25164:1
1786364708.574510 s7e1-8baa63a2:1 s8e1-80e16469:1 s1e1-b7e25164:1
1786364708.594980 s7e1-8baa63a2:1 s8e1-80e16469:1 s1e1-b7e25164:1
1786364708.615395 s7e1-8baa63a2:1 s8e1-80e16469:1 s1e1-b7e25164:1 s2e1-86b6c7ad:53E
1786364708.680697 s7e1-8baa63a2:1 s8e1-80e16469:1 s1e1-b7e25164:1 s2e1-86b6c7ad:1
1786364708.684153 s7e1-8baa63a2:1 s8e1-80e16469:1 s1e1-b7e25164:1 s2e1-86b6c7ad:1
1786364708.704623 s8e1-80e16469:1 s1e1-b7e25164:1 s2e1-86b6c7ad:1
1786364708.725370 s8e1-80e16469:1 s1e1-b7e25164:1 s2e1-86b6c7ad:1
1786364708.745662 s8e1-80e16469:1 s1e1-b7e25164:1 s2e1-86b6c7ad:1
1786364708.765990 s8e1-80e16469:1 s1e1-b7e25164:1 s2e1-86b6c7ad:1
1786364708.786285 s8e1-80e16469:1 s1e1-b7e25164:1 s2e1-86b6c7ad:1
1786364708.806685 s8e1-80e16469:1 s1e1-b7e25164:1 s2e1-86b6c7ad:1
1786364708.826996 s8e1-80e16469:1 s1e1-b7e25164:1 s2e1-86b6c7ad:1
1786364708.847579 s8e1-80e16469:1 s1e1-b7e25164:1 s2e1-86b6c7ad:1 s3e1-9632d15b:53E
1786364708.912800 s8e1-80e16469:1 s1e1-b7e25164:1 s2e1-86b6c7ad:1 s3e1-9632d15b:1
1786364708.916282 s8e1-80e16469:1 s1e1-b7e25164:1 s2e1-86b6c7ad:1 s3e1-9632d15b:1
1786364708.936922 s1e1-b7e25164:1 s2e1-86b6c7ad:1 s3e1-9632d15b:1
1786364708.957687 s1e1-b7e25164:1 s2e1-86b6c7ad:1 s3e1-9632d15b:1
1786364708.978078 s1e1-b7e25164:1 s2e1-86b6c7ad:1 s3e1-9632d15b:1
1786364708.998555 s1e1-b7e25164:1 s2e1-86b6c7ad:1 s3e1-9632d15b:1
1786364709.018909 s1e1-b7e25164:1 s2e1-86b6c7ad:1 s3e1-9632d15b:1
1786364709.039302 s1e1-b7e25164:1 s2e1-86b6c7ad:1 s3e1-9632d15b:1
1786364709.059731 s1e1-b7e25164:1 s2e1-86b6c7ad:1 s3e1-9632d15b:1
1786364709.080779 s1e1-b7e25164:1 s2e1-86b6c7ad:1 s3e1-9632d15b:1
1786364709.101308 s1e1-b7e25164:1 s2e1-86b6c7ad:1 s3e1-9632d15b:1 s4e1-9bcd9d54:53E
1786364709.167726 s1e1-b7e25164:1 s2e1-86b6c7ad:1 s3e1-9632d15b:1 s4e1-9bcd9d54:1
1786364709.171439 s2e1-86b6c7ad:1 s3e1-9632d15b:1 s4e1-9bcd9d54:1
1786364709.192162 s2e1-86b6c7ad:1 s3e1-9632d15b:1 s4e1-9bcd9d54:1
1786364709.212520 s2e1-86b6c7ad:1 s3e1-9632d15b:1 s4e1-9bcd9d54:1
1786364709.232939 s2e1-86b6c7ad:1 s3e1-9632d15b:1 s4e1-9bcd9d54:1
1786364709.253328 s2e1-86b6c7ad:1 s3e1-9632d15b:1 s4e1-9bcd9d54:1
1786364709.273762 s2e1-86b6c7ad:1 s3e1-9632d15b:1 s4e1-9bcd9d54:1
1786364709.294178 s2e1-86b6c7ad:1 s3e1-9632d15b:1 s4e1-9bcd9d54:1
1786364709.314604 s2e1-86b6c7ad:1 s3e1-9632d15b:1 s4e1-9bcd9d54:1
1786364709.335037 s2e1-86b6c7ad:1 s3e1-9632d15b:1 s4e1-9bcd9d54:1
1786364709.355593 s2e1-86b6c7ad:1 s3e1-9632d15b:1 s4e1-9bcd9d54:1
1786364709.375894 s3e1-9632d15b:1 s4e1-9bcd9d54:1
1786364709.396529 s3e1-9632d15b:1 s4e1-9bcd9d54:1 s5e1-a6032c23:53E
1786364709.460678 s3e1-9632d15b:1 s4e1-9bcd9d54:1 s5e1-a6032c23:1
1786364709.464781 s3e1-9632d15b:1 s4e1-9bcd9d54:1 s5e1-a6032c23:1
1786364709.484827 s3e1-9632d15b:1 s4e1-9bcd9d54:1 s5e1-a6032c23:1
1786364709.505177 s3e1-9632d15b:1 s4e1-9bcd9d54:1 s5e1-a6032c23:1
1786364709.525533 s3e1-9632d15b:1 s4e1-9bcd9d54:1 s5e1-a6032c23:1
1786364709.545950 s3e1-9632d15b:1 s4e1-9bcd9d54:1 s5e1-a6032c23:1
1786364709.566261 s3e1-9632d15b:1 s4e1-9bcd9d54:1 s5e1-a6032c23:1
1786364709.586701 s3e1-9632d15b:1 s4e1-9bcd9d54:1 s5e1-a6032c23:1
1786364709.607236 s4e1-9bcd9d54:1 s5e1-a6032c23:1 s6e1-9b9b9a76:53E
1786364709.672409 s4e1-9bcd9d54:1 s5e1-a6032c23:1 s6e1-9b9b9a76:1
1786364709.675979 s4e1-9bcd9d54:1 s5e1-a6032c23:1 s6e1-9b9b9a76:1
1786364709.696326 s4e1-9bcd9d54:1 s5e1-a6032c23:1 s6e1-9b9b9a76:1
1786364709.716831 s4e1-9bcd9d54:1 s5e1-a6032c23:1 s6e1-9b9b9a76:1
1786364709.737229 s4e1-9bcd9d54:1 s5e1-a6032c23:1 s6e1-9b9b9a76:1
1786364709.757656 s4e1-9bcd9d54:1 s5e1-a6032c23:1 s6e1-9b9b9a76:1
1786364709.778109 s4e1-9bcd9d54:1 s5e1-a6032c23:1 s6e1-9b9b9a76:1
1786364709.798572 s4e1-9bcd9d54:1 s5e1-a6032c23:1 s6e1-9b9b9a76:1
1786364709.819025 s4e1-9bcd9d54:1 s5e1-a6032c23:1 s6e1-9b9b9a76:1
1786364709.839584 s4e1-9bcd9d54:1 s5e1-a6032c23:1 s6e1-9b9b9a76:1
1786364709.860279 s5e1-a6032c23:1 s6e1-9b9b9a76:1 s7e1-8baa63a2:53E
1786364709.926155 s5e1-a6032c23:1 s6e1-9b9b9a76:1 s7e1-8baa63a2:1
1786364709.929615 s5e1-a6032c23:1 s6e1-9b9b9a76:1 s7e1-8baa63a2:1
1786364709.949911 s5e1-a6032c23:1 s6e1-9b9b9a76:1 s7e1-8baa63a2:1
1786364709.970407 s5e1-a6032c23:1 s6e1-9b9b9a76:1 s7e1-8baa63a2:1
1786364709.990810 s5e1-a6032c23:1 s6e1-9b9b9a76:1 s7e1-8baa63a2:1
1786364710.011302 s5e1-a6032c23:1 s6e1-9b9b9a76:1 s7e1-8baa63a2:1
1786364710.031696 s5e1-a6032c23:1 s6e1-9b9b9a76:1 s7e1-8baa63a2:1
1786364710.052126 s5e1-a6032c23:1 s6e1-9b9b9a76:1 s7e1-8baa63a2:1
1786364710.072645 s5e1-a6032c23:1 s6e1-9b9b9a76:1 s7e1-8baa63a2:1
1786364710.093096 s5e1-a6032c23:1 s6e1-9b9b9a76:1 s7e1-8baa63a2:1
1786364710.113673 s5e1-a6032c23:1 s6e1-9b9b9a76:1 s7e1-8baa63a2:1 s8e1-80e16469:53E
1786364710.178945 s5e1-a6032c23:1 s6e1-9b9b9a76:1 s7e1-8baa63a2:1 s8e1-80e16469:1
1786364710.182421 s6e1-9b9b9a76:1 s7e1-8baa63a2:1 s8e1-80e16469:1
1786364710.203074 s6e1-9b9b9a76:1 s7e1-8baa63a2:1 s8e1-80e16469:1
1786364710.223563 s6e1-9b9b9a76:1 s7e1-8baa63a2:1 s8e1-80e16469:1
1786364710.244160 s6e1-9b9b9a76:1 s7e1-8baa63a2:1 s8e1-80e16469:1
1786364710.264761 s6e1-9b9b9a76:1 s7e1-8baa63a2:1 s8e1-80e16469:1
1786364710.285443 s6e1-9b9b9a76:1 s7e1-8baa63a2:1 s8e1-80e16469:1
1786364710.305978 s6e1-9b9b9a76:1 s7e1-8baa63a2:1 s8e1-80e16469:1
1786364710.326591 s6e1-9b9b9a76:1 s7e1-8baa63a2:1 s8e1-80e16469:1
1786364710.347276 s6e1-9b9b9a76:1 s7e1-8baa63a2:1 s8e1-80e16469:1
1786364710.367845 s7e1-8baa63a2:1 s8e1-80e16469:1
1786364710.388504 s7e1-8baa63a2:1 s8e1-80e16469:1
1786364710.408587 s7e1-8baa63a2:1 s8e1-80e16469:1
1786364710.428873 s7e1-8baa63a2:1 s8e1-80e16469:1 s1e1-b7e25164:53E
1786364710.492925 s7e1-8baa63a2:1 s8e1-80e16469:1 s1e1-b7e25164:1
1786364710.497168 s7e1-8baa63a2:1 s8e1-80e16469:1 s1e1-b7e25164:1
1786364710.517673 s7e1-8baa63a2:1 s8e1-80e16469:1 s1e1-b7e25164:1
1786364710.538285 s7e1-8baa63a2:1 s8e1-80e16469:1 s1e1-b7e25164:1
1786364710.558946 s7e1-8baa63a2:1 s8e1-80e16469:1 s1e1-b7e25164:1
1786364710.579449 s7e1-8baa63a2:1 s8e1-80e16469:1 s1e1-b7e25164:1
1786364710.600208 s7e1-8baa63a2:1 s8e1-80e16469:1 s1e1-b7e25164:1
1786364710.620941 s8e1-80e16469:1 s1e1-b7e25164:1 s2e1-86b6c7ad:53E
1786364710.685562 s8e1-80e16469:1 s1e1-b7e25164:1 s2e1-86b6c7ad:1
1786364710.689514 s8e1-80e16469:1 s1e1-b7e25164:1 s2e1-86b6c7ad:1
1786364710.709845 s8e1-80e16469:1 s1e1-b7e25164:1 s2e1-86b6c7ad:1
1786364710.730383 s8e1-80e16469:1 s1e1-b7e25164:1 s2e1-86b6c7ad:1
1786364710.750875 s8e1-80e16469:1 s1e1-b7e25164:1 s2e1-86b6c7ad:1
1786364710.771394 s8e1-80e16469:1 s1e1-b7e25164:1 s2e1-86b6c7ad:1
1786364710.791898 s8e1-80e16469:1 s1e1-b7e25164:1 s2e1-86b6c7ad:1
1786364710.812411 s8e1-80e16469:1 s1e1-b7e25164:1 s2e1-86b6c7ad:1
1786364710.833077 s8e1-80e16469:1 s1e1-b7e25164:1 s2e1-86b6c7ad:1
1786364710.853503 s8e1-80e16469:1 s1e1-b7e25164:1 s2e1-86b6c7ad:1
1786364710.874054 s1e1-b7e25164:1 s2e1-86b6c7ad:1
1786364710.894634 s1e1-b7e25164:1 s2e1-86b6c7ad:1
1786364710.914718 s1e1-b7e25164:1 s2e1-86b6c7ad:1 s3e1-9632d15b:53E
1786364710.979260 s1e1-b7e25164:1 s2e1-86b6c7ad:1 s3e1-9632d15b:1
1786364710.983410 s1e1-b7e25164:1 s2e1-86b6c7ad:1 s3e1-9632d15b:1
1786364711.003658 s1e1-b7e25164:1 s2e1-86b6c7ad:1 s3e1-9632d15b:1
1786364711.024090 s1e1-b7e25164:1 s2e1-86b6c7ad:1 s3e1-9632d15b:1
1786364711.044667 s1e1-b7e25164:1 s2e1-86b6c7ad:1 s3e1-9632d15b:1
1786364711.065062 s1e1-b7e25164:1 s2e1-86b6c7ad:1 s3e1-9632d15b:1
1786364711.085451 s1e1-b7e25164:1 s2e1-86b6c7ad:1 s3e1-9632d15b:1
1786364711.105968 s1e1-b7e25164:1 s2e1-86b6c7ad:1 s3e1-9632d15b:1
1786364711.126401 s1e1-b7e25164:1 s2e1-86b6c7ad:1 s3e1-9632d15b:1
1786364711.147029 s1e1-b7e25164:1 s2e1-86b6c7ad:1 s3e1-9632d15b:1 s4e1-9bcd9d54:53E
1786364711.211645 s1e1-b7e25164:1 s2e1-86b6c7ad:1 s3e1-9632d15b:1 s4e1-9bcd9d54:1
1786364711.215887 s2e1-86b6c7ad:1 s3e1-9632d15b:1 s4e1-9bcd9d54:1
1786364711.236557 s2e1-86b6c7ad:1 s3e1-9632d15b:1 s4e1-9bcd9d54:1
1786364711.257150 s2e1-86b6c7ad:1 s3e1-9632d15b:1 s4e1-9bcd9d54:1
1786364711.277705 s2e1-86b6c7ad:1 s3e1-9632d15b:1 s4e1-9bcd9d54:1
1786364711.298298 s2e1-86b6c7ad:1 s3e1-9632d15b:1 s4e1-9bcd9d54:1
1786364711.318899 s2e1-86b6c7ad:1 s3e1-9632d15b:1 s4e1-9bcd9d54:1
1786364711.339579 s2e1-86b6c7ad:1 s3e1-9632d15b:1 s4e1-9bcd9d54:1
1786364711.360343 s2e1-86b6c7ad:1 s3e1-9632d15b:1 s4e1-9bcd9d54:1 s5e1-a6032c23:53E
1786364711.424891 s3e1-9632d15b:1 s4e1-9bcd9d54:1 s5e1-a6032c23:1
1786364711.428931 s3e1-9632d15b:1 s4e1-9bcd9d54:1 s5e1-a6032c23:1
1786364711.449147 s3e1-9632d15b:1 s4e1-9bcd9d54:1 s5e1-a6032c23:1
1786364711.469697 s3e1-9632d15b:1 s4e1-9bcd9d54:1 s5e1-a6032c23:1
1786364711.490304 s3e1-9632d15b:1 s4e1-9bcd9d54:1 s5e1-a6032c23:1
1786364711.510724 s3e1-9632d15b:1 s4e1-9bcd9d54:1 s5e1-a6032c23:1
1786364711.531310 s3e1-9632d15b:1 s4e1-9bcd9d54:1 s5e1-a6032c23:1
1786364711.551937 s3e1-9632d15b:1 s4e1-9bcd9d54:1 s5e1-a6032c23:1
1786364711.572634 s3e1-9632d15b:1 s4e1-9bcd9d54:1 s5e1-a6032c23:1
1786364711.593378 s3e1-9632d15b:1 s4e1-9bcd9d54:1 s5e1-a6032c23:1
1786364711.614099 s3e1-9632d15b:1 s4e1-9bcd9d54:1 s5e1-a6032c23:1
1786364711.634776 s3e1-9632d15b:1 s4e1-9bcd9d54:1 s5e1-a6032c23:1
1786364711.655548 s3e1-9632d15b:1 s4e1-9bcd9d54:1 s5e1-a6032c23:1
1786364711.676191 s4e1-9bcd9d54:1 s5e1-a6032c23:1
1786364711.697080 s4e1-9bcd9d54:1 s5e1-a6032c23:1 s6e1-9b9b9a76:53E
1786364711.761774 s4e1-9bcd9d54:1 s5e1-a6032c23:1 s6e1-9b9b9a76:1
1786364711.765909 s4e1-9bcd9d54:1 s5e1-a6032c23:1 s6e1-9b9b9a76:1
1786364711.786234 s4e1-9bcd9d54:1 s5e1-a6032c23:1 s6e1-9b9b9a76:1
1786364711.806708 s4e1-9bcd9d54:1 s5e1-a6032c23:1 s6e1-9b9b9a76:1
1786364711.827172 s4e1-9bcd9d54:1 s5e1-a6032c23:1 s6e1-9b9b9a76:1
1786364711.847852 s4e1-9bcd9d54:1 s5e1-a6032c23:1 s6e1-9b9b9a76:1
1786364711.868435 s4e1-9bcd9d54:1 s5e1-a6032c23:1 s6e1-9b9b9a76:1 s7e1-8baa63a2:53E
1786364711.933856 s4e1-9bcd9d54:1 s5e1-a6032c23:1 s6e1-9b9b9a76:1 s7e1-8baa63a2:1
1786364711.937616 s5e1-a6032c23:1 s6e1-9b9b9a76:1 s7e1-8baa63a2:1
1786364711.958536 s5e1-a6032c23:1 s6e1-9b9b9a76:1 s7e1-8baa63a2:1
1786364711.979128 s5e1-a6032c23:1 s6e1-9b9b9a76:1 s7e1-8baa63a2:1
1786364711.999840 s5e1-a6032c23:1 s6e1-9b9b9a76:1 s7e1-8baa63a2:1
1786364712.020540 s5e1-a6032c23:1 s6e1-9b9b9a76:1 s7e1-8baa63a2:1
1786364712.041255 s5e1-a6032c23:1 s6e1-9b9b9a76:1 s7e1-8baa63a2:1
1786364712.062068 s5e1-a6032c23:1 s6e1-9b9b9a76:1 s7e1-8baa63a2:1
1786364712.082749 s5e1-a6032c23:1 s6e1-9b9b9a76:1 s7e1-8baa63a2:1
1786364712.103399 s5e1-a6032c23:1 s6e1-9b9b9a76:1 s7e1-8baa63a2:1
1786364712.124008 s6e1-9b9b9a76:1 s7e1-8baa63a2:1
1786364712.144722 s6e1-9b9b9a76:1 s7e1-8baa63a2:1
1786364712.164980 s6e1-9b9b9a76:1 s7e1-8baa63a2:1 s8e1-80e16469:53E
1786364712.230396 s6e1-9b9b9a76:1 s7e1-8baa63a2:1 s8e1-80e16469:1
1786364712.234303 s6e1-9b9b9a76:1 s7e1-8baa63a2:1 s8e1-80e16469:1
1786364712.254654 s6e1-9b9b9a76:1 s7e1-8baa63a2:1 s8e1-80e16469:1
1786364712.275198 s6e1-9b9b9a76:1 s7e1-8baa63a2:1 s8e1-80e16469:1
1786364712.295739 s6e1-9b9b9a76:1 s7e1-8baa63a2:1 s8e1-80e16469:1
1786364712.316277 s6e1-9b9b9a76:1 s7e1-8baa63a2:1 s8e1-80e16469:1
1786364712.336803 s6e1-9b9b9a76:1 s7e1-8baa63a2:1 s8e1-80e16469:1
1786364712.357399 s6e1-9b9b9a76:1 s7e1-8baa63a2:1 s8e1-80e16469:1
1786364712.377912 s6e1-9b9b9a76:1 s7e1-8baa63a2:1 s8e1-80e16469:1
1786364712.398485 s6e1-9b9b9a76:1 s7e1-8baa63a2:1 s8e1-80e16469:1
1786364712.419208 s6e1-9b9b9a76:1 s7e1-8baa63a2:1 s8e1-80e16469:1 s1e1-b7e25164:53E
1786364712.484740 s6e1-9b9b9a76:1 s7e1-8baa63a2:1 s8e1-80e16469:1 s1e1-b7e25164:1
1786364712.488341 s7e1-8baa63a2:1 s8e1-80e16469:1 s1e1-b7e25164:1
1786364712.508884 s7e1-8baa63a2:1 s8e1-80e16469:1 s1e1-b7e25164:1
1786364712.529433 s7e1-8baa63a2:1 s8e1-80e16469:1 s1e1-b7e25164:1
1786364712.550023 s7e1-8baa63a2:1 s8e1-80e16469:1 s1e1-b7e25164:1
1786364712.570509 s7e1-8baa63a2:1 s8e1-80e16469:1 s1e1-b7e25164:1
1786364712.591144 s7e1-8baa63a2:1 s8e1-80e16469:1 s1e1-b7e25164:1
1786364712.611722 s7e1-8baa63a2:1 s8e1-80e16469:1 s1e1-b7e25164:1
1786364712.632311 s8e1-80e16469:1 s1e1-b7e25164:1 s2e1-86b6c7ad:53E
1786364712.697262 s8e1-80e16469:1 s1e1-b7e25164:1 s2e1-86b6c7ad:1
1786364712.701174 s8e1-80e16469:1 s1e1-b7e25164:1 s2e1-86b6c7ad:1
1786364712.721593 s8e1-80e16469:1 s1e1-b7e25164:1 s2e1-86b6c7ad:1
1786364712.742053 s8e1-80e16469:1 s1e1-b7e25164:1 s2e1-86b6c7ad:1
1786364712.762590 s8e1-80e16469:1 s1e1-b7e25164:1 s2e1-86b6c7ad:1
1786364712.783174 s8e1-80e16469:1 s1e1-b7e25164:1 s2e1-86b6c7ad:1
1786364712.803646 s8e1-80e16469:1 s1e1-b7e25164:1 s2e1-86b6c7ad:1
1786364712.824172 s8e1-80e16469:1 s1e1-b7e25164:1 s2e1-86b6c7ad:1
1786364712.844720 s8e1-80e16469:1 s1e1-b7e25164:1 s2e1-86b6c7ad:1
1786364712.865322 s8e1-80e16469:1 s1e1-b7e25164:1 s2e1-86b6c7ad:1
1786364712.885998 s8e1-80e16469:1 s1e1-b7e25164:1 s2e1-86b6c7ad:1 s3e1-9632d15b:53E
1786364712.950810 s8e1-80e16469:1 s1e1-b7e25164:1 s2e1-86b6c7ad:1 s3e1-9632d15b:1
1786364712.954855 s1e1-b7e25164:1 s2e1-86b6c7ad:1 s3e1-9632d15b:1
1786364712.975651 s1e1-b7e25164:1 s2e1-86b6c7ad:1 s3e1-9632d15b:1
1786364712.996236 s1e1-b7e25164:1 s2e1-86b6c7ad:1 s3e1-9632d15b:1
1786364713.016880 s1e1-b7e25164:1 s2e1-86b6c7ad:1 s3e1-9632d15b:1
1786364713.037513 s1e1-b7e25164:1 s2e1-86b6c7ad:1 s3e1-9632d15b:1
1786364713.058139 s1e1-b7e25164:1 s2e1-86b6c7ad:1 s3e1-9632d15b:1
1786364713.078823 s1e1-b7e25164:1 s2e1-86b6c7ad:1 s3e1-9632d15b:1
1786364713.099510 s1e1-b7e25164:1 s2e1-86b6c7ad:1 s3e1-9632d15b:1
1786364713.120248 s1e1-b7e25164:1 s2e1-86b6c7ad:1 s3e1-9632d15b:1
1786364713.141033 s1e1-b7e25164:1 s2e1-86b6c7ad:1 s3e1-9632d15b:1
1786364713.161711 s1e1-b7e25164:1 s2e1-86b6c7ad:1 s3e1-9632d15b:1
1786364713.182578 s2e1-86b6c7ad:1 s3e1-9632d15b:1 s4e1-9bcd9d54:53E
1786364713.247663 s2e1-86b6c7ad:1 s3e1-9632d15b:1 s4e1-9bcd9d54:1
1786364713.251629 s2e1-86b6c7ad:1 s3e1-9632d15b:1 s4e1-9bcd9d54:1
1786364713.272168 s2e1-86b6c7ad:1 s3e1-9632d15b:1 s4e1-9bcd9d54:1
1786364713.292675 s2e1-86b6c7ad:1 s3e1-9632d15b:1 s4e1-9bcd9d54:1
1786364713.313200 s2e1-86b6c7ad:1 s3e1-9632d15b:1 s4e1-9bcd9d54:1
1786364713.333740 s2e1-86b6c7ad:1 s3e1-9632d15b:1 s4e1-9bcd9d54:1
1786364713.354391 s2e1-86b6c7ad:1 s3e1-9632d15b:1 s4e1-9bcd9d54:1
1786364713.375126 s2e1-86b6c7ad:1 s3e1-9632d15b:1 s4e1-9bcd9d54:1 s5e1-a6032c23:53E
1786364713.440768 s3e1-9632d15b:1 s4e1-9bcd9d54:1 s5e1-a6032c23:1
1786364713.444340 s3e1-9632d15b:1 s4e1-9bcd9d54:1 s5e1-a6032c23:1
1786364713.464759 s3e1-9632d15b:1 s4e1-9bcd9d54:1 s5e1-a6032c23:1
1786364713.485404 s3e1-9632d15b:1 s4e1-9bcd9d54:1 s5e1-a6032c23:1
1786364713.505936 s3e1-9632d15b:1 s4e1-9bcd9d54:1 s5e1-a6032c23:1
1786364713.526495 s3e1-9632d15b:1 s4e1-9bcd9d54:1 s5e1-a6032c23:1
1786364713.547114 s3e1-9632d15b:1 s4e1-9bcd9d54:1 s5e1-a6032c23:1
1786364713.567773 s3e1-9632d15b:1 s4e1-9bcd9d54:1 s5e1-a6032c23:1
1786364713.588413 s3e1-9632d15b:1 s4e1-9bcd9d54:1 s5e1-a6032c23:1
1786364713.609097 s3e1-9632d15b:1 s4e1-9bcd9d54:1 s5e1-a6032c23:1
1786364713.629925 s3e1-9632d15b:1 s4e1-9bcd9d54:1 s5e1-a6032c23:1
1786364713.650634 s4e1-9bcd9d54:1 s5e1-a6032c23:1 s6e1-9b9b9a76:53E
1786364713.716699 s4e1-9bcd9d54:1 s5e1-a6032c23:1 s6e1-9b9b9a76:1
1786364713.720385 s4e1-9bcd9d54:1 s5e1-a6032c23:1 s6e1-9b9b9a76:1
1786364713.740947 s4e1-9bcd9d54:1 s5e1-a6032c23:1 s6e1-9b9b9a76:1
1786364713.761659 s4e1-9bcd9d54:1 s5e1-a6032c23:1 s6e1-9b9b9a76:1
1786364713.782343 s4e1-9bcd9d54:1 s5e1-a6032c23:1 s6e1-9b9b9a76:1
1786364713.802920 s4e1-9bcd9d54:1 s5e1-a6032c23:1 s6e1-9b9b9a76:1
1786364713.823619 s4e1-9bcd9d54:1 s5e1-a6032c23:1 s6e1-9b9b9a76:1
1786364713.844240 s4e1-9bcd9d54:1 s5e1-a6032c23:1 s6e1-9b9b9a76:1
1786364713.864935 s4e1-9bcd9d54:1 s5e1-a6032c23:1 s6e1-9b9b9a76:1
1786364713.885679 s4e1-9bcd9d54:1 s5e1-a6032c23:1 s6e1-9b9b9a76:1
1786364713.906432 s4e1-9bcd9d54:1 s5e1-a6032c23:1 s6e1-9b9b9a76:1 s7e1-8baa63a2:53E
1786364713.972010 s4e1-9bcd9d54:1 s5e1-a6032c23:1 s6e1-9b9b9a76:1 s7e1-8baa63a2:1
1786364713.976185 s5e1-a6032c23:1 s6e1-9b9b9a76:1 s7e1-8baa63a2:1
1786364713.996994 s5e1-a6032c23:1 s6e1-9b9b9a76:1 s7e1-8baa63a2:1
1786364714.017873 s5e1-a6032c23:1 s6e1-9b9b9a76:1 s7e1-8baa63a2:1
1786364714.038631 s5e1-a6032c23:1 s6e1-9b9b9a76:1 s7e1-8baa63a2:1
1786364714.059401 s5e1-a6032c23:1 s6e1-9b9b9a76:1 s7e1-8baa63a2:1
1786364714.080161 s5e1-a6032c23:1 s6e1-9b9b9a76:1 s7e1-8baa63a2:1
1786364714.100899 s5e1-a6032c23:1 s6e1-9b9b9a76:1 s7e1-8baa63a2:1
1786364714.121828 s5e1-a6032c23:1 s6e1-9b9b9a76:1 s7e1-8baa63a2:1
1786364714.142587 s6e1-9b9b9a76:1 s7e1-8baa63a2:1 s8e1-80e16469:53E
1786364714.208614 s6e1-9b9b9a76:1 s7e1-8baa63a2:1 s8e1-80e16469:1
1786364714.212187 s6e1-9b9b9a76:1 s7e1-8baa63a2:1 s8e1-80e16469:1
1786364714.232793 s6e1-9b9b9a76:1 s7e1-8baa63a2:1 s8e1-80e16469:1
1786364714.253481 s6e1-9b9b9a76:1 s7e1-8baa63a2:1 s8e1-80e16469:1
1786364714.274226 s6e1-9b9b9a76:1 s7e1-8baa63a2:1 s8e1-80e16469:1
1786364714.294800 s6e1-9b9b9a76:1 s7e1-8baa63a2:1 s8e1-80e16469:1
1786364714.315455 s6e1-9b9b9a76:1 s7e1-8baa63a2:1 s8e1-80e16469:1
1786364714.336137 s6e1-9b9b9a76:1 s7e1-8baa63a2:1 s8e1-80e16469:1
1786364714.356797 s6e1-9b9b9a76:1 s7e1-8baa63a2:1 s8e1-80e16469:1
1786364714.377539 s6e1-9b9b9a76:1 s7e1-8baa63a2:1 s8e1-80e16469:1
1786364714.398242 s6e1-9b9b9a76:1 s7e1-8baa63a2:1 s8e1-80e16469:1
1786364714.419033 s7e1-8baa63a2:1 s8e1-80e16469:1 s1e1-b7e25164:53E
1786364714.485043 s7e1-8baa63a2:1 s8e1-80e16469:1 s1e1-b7e25164:1
1786364714.488918 s7e1-8baa63a2:1 s8e1-80e16469:1 s1e1-b7e25164:1
1786364714.509356 s7e1-8baa63a2:1 s8e1-80e16469:1 s1e1-b7e25164:1
1786364714.529946 s7e1-8baa63a2:1 s8e1-80e16469:1 s1e1-b7e25164:1
1786364714.550522 s7e1-8baa63a2:1 s8e1-80e16469:1 s1e1-b7e25164:1
1786364714.571122 s7e1-8baa63a2:1 s8e1-80e16469:1 s1e1-b7e25164:1
1786364714.591751 s7e1-8baa63a2:1 s8e1-80e16469:1 s1e1-b7e25164:1
1786364714.612338 s7e1-8baa63a2:1 s8e1-80e16469:1 s1e1-b7e25164:1
1786364714.632901 s7e1-8baa63a2:1 s8e1-80e16469:1 s1e1-b7e25164:1
1786364714.653469 s7e1-8baa63a2:1 s8e1-80e16469:1 s1e1-b7e25164:1
1786364714.674089 s8e1-80e16469:1 s1e1-b7e25164:1
1786364714.694801 s8e1-80e16469:1 s1e1-b7e25164:1 s2e1-86b6c7ad:53E
1786364714.760195 s8e1-80e16469:1 s1e1-b7e25164:1 s2e1-86b6c7ad:1
1786364714.763979 s8e1-80e16469:1 s1e1-b7e25164:1 s2e1-86b6c7ad:1
1786364714.784316 s8e1-80e16469:1 s1e1-b7e25164:1 s2e1-86b6c7ad:1
1786364714.805073 s8e1-80e16469:1 s1e1-b7e25164:1 s2e1-86b6c7ad:1
1786364714.825661 s8e1-80e16469:1 s1e1-b7e25164:1 s2e1-86b6c7ad:1
1786364714.846311 s8e1-80e16469:1 s1e1-b7e25164:1 s2e1-86b6c7ad:1
1786364714.867170 s8e1-80e16469:1 s1e1-b7e25164:1 s2e1-86b6c7ad:1
1786364714.888036 s8e1-80e16469:1 s1e1-b7e25164:1 s2e1-86b6c7ad:1 s3e1-9632d15b:53E
1786364714.954568 s1e1-b7e25164:1 s2e1-86b6c7ad:1 s3e1-9632d15b:1
1786364714.958692 s1e1-b7e25164:1 s2e1-86b6c7ad:1 s3e1-9632d15b:1
1786364714.979371 s1e1-b7e25164:1 s2e1-86b6c7ad:1 s3e1-9632d15b:1
1786364714.999952 s1e1-b7e25164:1 s2e1-86b6c7ad:1 s3e1-9632d15b:1
1786364715.020622 s1e1-b7e25164:1 s2e1-86b6c7ad:1 s3e1-9632d15b:1
1786364715.041277 s1e1-b7e25164:1 s2e1-86b6c7ad:1 s3e1-9632d15b:1
1786364715.061945 s1e1-b7e25164:1 s2e1-86b6c7ad:1 s3e1-9632d15b:1
1786364715.082693 s1e1-b7e25164:1 s2e1-86b6c7ad:1 s3e1-9632d15b:1
1786364715.103572 s1e1-b7e25164:1 s2e1-86b6c7ad:1 s3e1-9632d15b:1
1786364715.124251 s1e1-b7e25164:1 s2e1-86b6c7ad:1 s3e1-9632d15b:1
1786364715.145098 s1e1-b7e25164:1 s2e1-86b6c7ad:1 s3e1-9632d15b:1
1786364715.165771 s1e1-b7e25164:1 s2e1-86b6c7ad:1 s3e1-9632d15b:1
1786364715.186656 s2e1-86b6c7ad:1 s3e1-9632d15b:1 s4e1-9bcd9d54:53E
1786364715.252060 s2e1-86b6c7ad:1 s3e1-9632d15b:1 s4e1-9bcd9d54:1
1786364715.256163 s2e1-86b6c7ad:1 s3e1-9632d15b:1 s4e1-9bcd9d54:1
1786364715.276838 s2e1-86b6c7ad:1 s3e1-9632d15b:1 s4e1-9bcd9d54:1
1786364715.297659 s2e1-86b6c7ad:1 s3e1-9632d15b:1 s4e1-9bcd9d54:1
1786364715.318373 s2e1-86b6c7ad:1 s3e1-9632d15b:1 s4e1-9bcd9d54:1
1786364715.339099 s2e1-86b6c7ad:1 s3e1-9632d15b:1 s4e1-9bcd9d54:1
1786364715.359883 s2e1-86b6c7ad:1 s3e1-9632d15b:1 s4e1-9bcd9d54:1
1786364715.380696 s2e1-86b6c7ad:1 s3e1-9632d15b:1 s4e1-9bcd9d54:1
1786364715.401428 s2e1-86b6c7ad:1 s3e1-9632d15b:1 s4e1-9bcd9d54:1
1786364715.422372 s2e1-86b6c7ad:1 s3e1-9632d15b:1 s4e1-9bcd9d54:1 s5e1-a6032c23:53E
1786364715.487184 s2e1-86b6c7ad:1 s3e1-9632d15b:1 s4e1-9bcd9d54:1 s5e1-a6032c23:1
1786364715.491554 s3e1-9632d15b:1 s4e1-9bcd9d54:1 s5e1-a6032c23:1
1786364715.512260 s3e1-9632d15b:1 s4e1-9bcd9d54:1 s5e1-a6032c23:1
1786364715.533061 s3e1-9632d15b:1 s4e1-9bcd9d54:1 s5e1-a6032c23:1
1786364715.553794 s3e1-9632d15b:1 s4e1-9bcd9d54:1 s5e1-a6032c23:1
1786364715.574529 s3e1-9632d15b:1 s4e1-9bcd9d54:1 s5e1-a6032c23:1
1786364715.595309 s3e1-9632d15b:1 s4e1-9bcd9d54:1 s5e1-a6032c23:1
1786364715.616096 s3e1-9632d15b:1 s4e1-9bcd9d54:1 s5e1-a6032c23:1
1786364715.636899 s3e1-9632d15b:1 s4e1-9bcd9d54:1 s5e1-a6032c23:1
1786364715.657806 s4e1-9bcd9d54:1 s5e1-a6032c23:1 s6e1-9b9b9a76:53E
1786364715.723883 s4e1-9bcd9d54:1 s5e1-a6032c23:1 s6e1-9b9b9a76:1
1786364715.727545 s4e1-9bcd9d54:1 s5e1-a6032c23:1 s6e1-9b9b9a76:1
1786364715.747979 s4e1-9bcd9d54:1 s5e1-a6032c23:1 s6e1-9b9b9a76:1
1786364715.768581 s4e1-9bcd9d54:1 s5e1-a6032c23:1 s6e1-9b9b9a76:1
1786364715.789220 s4e1-9bcd9d54:1 s5e1-a6032c23:1 s6e1-9b9b9a76:1
1786364715.809742 s4e1-9bcd9d54:1 s5e1-a6032c23:1 s6e1-9b9b9a76:1
1786364715.830312 s4e1-9bcd9d54:1 s5e1-a6032c23:1 s6e1-9b9b9a76:1
1786364715.850882 s4e1-9bcd9d54:1 s5e1-a6032c23:1 s6e1-9b9b9a76:1
1786364715.871499 s4e1-9bcd9d54:1 s5e1-a6032c23:1 s6e1-9b9b9a76:1
1786364715.892075 s4e1-9bcd9d54:1 s5e1-a6032c23:1 s6e1-9b9b9a76:1
1786364715.912731 s4e1-9bcd9d54:1 s5e1-a6032c23:1 s6e1-9b9b9a76:1
1786364715.933410 s4e1-9bcd9d54:1 s5e1-a6032c23:1 s6e1-9b9b9a76:1
1786364715.953976 s5e1-a6032c23:1 s6e1-9b9b9a76:1 s7e1-8baa63a2:53E
1786364716.019103 s5e1-a6032c23:1 s6e1-9b9b9a76:1 s7e1-8baa63a2:1
1786364716.023367 s5e1-a6032c23:1 s6e1-9b9b9a76:1 s7e1-8baa63a2:1
1786364716.043678 s5e1-a6032c23:1 s6e1-9b9b9a76:1 s7e1-8baa63a2:1
1786364716.064327 s5e1-a6032c23:1 s6e1-9b9b9a76:1 s7e1-8baa63a2:1
1786364716.084873 s5e1-a6032c23:1 s6e1-9b9b9a76:1 s7e1-8baa63a2:1
1786364716.105455 s5e1-a6032c23:1 s6e1-9b9b9a76:1 s7e1-8baa63a2:1
1786364716.126225 s5e1-a6032c23:1 s6e1-9b9b9a76:1 s7e1-8baa63a2:1
1786364716.147160 s5e1-a6032c23:1 s6e1-9b9b9a76:1 s7e1-8baa63a2:1
1786364716.167924 s5e1-a6032c23:1 s6e1-9b9b9a76:1 s7e1-8baa63a2:1 s8e1-80e16469:53E
1786364716.234314 s6e1-9b9b9a76:1 s7e1-8baa63a2:1 s8e1-80e16469:1
1786364716.238902 s6e1-9b9b9a76:1 s7e1-8baa63a2:1 s8e1-80e16469:1
1786364716.259549 s6e1-9b9b9a76:1 s7e1-8baa63a2:1 s8e1-80e16469:1
1786364716.280302 s6e1-9b9b9a76:1 s7e1-8baa63a2:1 s8e1-80e16469:1
1786364716.301094 s6e1-9b9b9a76:1 s7e1-8baa63a2:1 s8e1-80e16469:1
1786364716.321901 s6e1-9b9b9a76:1 s7e1-8baa63a2:1 s8e1-80e16469:1
1786364716.342591 s6e1-9b9b9a76:1 s7e1-8baa63a2:1 s8e1-80e16469:1
1786364716.363572 s6e1-9b9b9a76:1 s7e1-8baa63a2:1 s8e1-80e16469:1
1786364716.384514 s6e1-9b9b9a76:1 s7e1-8baa63a2:1 s8e1-80e16469:1 s1e1-b7e25164:53E
1786364716.450065 s6e1-9b9b9a76:1 s7e1-8baa63a2:1 s8e1-80e16469:1 s1e1-b7e25164:1
1786364716.454413 s7e1-8baa63a2:1 s8e1-80e16469:1 s1e1-b7e25164:1
1786364716.475171 s7e1-8baa63a2:1 s8e1-80e16469:1 s1e1-b7e25164:1
1786364716.495951 s7e1-8baa63a2:1 s8e1-80e16469:1 s1e1-b7e25164:1
1786364716.516777 s7e1-8baa63a2:1 s8e1-80e16469:1 s1e1-b7e25164:1
1786364716.537584 s7e1-8baa63a2:1 s8e1-80e16469:1 s1e1-b7e25164:1
1786364716.558322 s7e1-8baa63a2:1 s8e1-80e16469:1 s1e1-b7e25164:1
1786364716.579056 s7e1-8baa63a2:1 s8e1-80e16469:1 s1e1-b7e25164:1
1786364716.599853 s7e1-8baa63a2:1 s8e1-80e16469:1 s1e1-b7e25164:1
1786364716.620580 s7e1-8baa63a2:1 s8e1-80e16469:1 s1e1-b7e25164:1
1786364716.641315 s7e1-8baa63a2:1 s8e1-80e16469:1 s1e1-b7e25164:1
1786364716.662151 s7e1-8baa63a2:1 s8e1-80e16469:1 s1e1-b7e25164:1
1786364716.683084 s7e1-8baa63a2:1 s8e1-80e16469:1 s1e1-b7e25164:1 s2e1-86b6c7ad:53E
1786364716.748269 s7e1-8baa63a2:1 s8e1-80e16469:1 s1e1-b7e25164:1 s2e1-86b6c7ad:1
1786364716.753008 s8e1-80e16469:1 s1e1-b7e25164:1 s2e1-86b6c7ad:1
1786364716.773731 s8e1-80e16469:1 s1e1-b7e25164:1 s2e1-86b6c7ad:1
1786364716.794473 s8e1-80e16469:1 s1e1-b7e25164:1 s2e1-86b6c7ad:1
1786364716.815269 s8e1-80e16469:1 s1e1-b7e25164:1 s2e1-86b6c7ad:1
1786364716.835969 s8e1-80e16469:1 s1e1-b7e25164:1 s2e1-86b6c7ad:1
1786364716.856714 s8e1-80e16469:1 s1e1-b7e25164:1 s2e1-86b6c7ad:1
1786364716.877570 s8e1-80e16469:1 s1e1-b7e25164:1 s2e1-86b6c7ad:1
1786364716.898444 s8e1-80e16469:1 s1e1-b7e25164:1 s2e1-86b6c7ad:1 s3e1-9632d15b:53E
1786364716.964415 s8e1-80e16469:1 s1e1-b7e25164:1 s2e1-86b6c7ad:1 s3e1-9632d15b:1
1786364716.968666 s1e1-b7e25164:1 s2e1-86b6c7ad:1 s3e1-9632d15b:1
1786364716.989336 s1e1-b7e25164:1 s2e1-86b6c7ad:1 s3e1-9632d15b:1
1786364717.009935 s1e1-b7e25164:1 s2e1-86b6c7ad:1 s3e1-9632d15b:1
1786364717.030595 s1e1-b7e25164:1 s2e1-86b6c7ad:1 s3e1-9632d15b:1
1786364717.051318 s1e1-b7e25164:1 s2e1-86b6c7ad:1 s3e1-9632d15b:1
1786364717.071915 s1e1-b7e25164:1 s2e1-86b6c7ad:1 s3e1-9632d15b:1
1786364717.092657 s1e1-b7e25164:1 s2e1-86b6c7ad:1 s3e1-9632d15b:1
1786364717.113512 s1e1-b7e25164:1 s2e1-86b6c7ad:1 s3e1-9632d15b:1 s4e1-9bcd9d54:53E
1786364717.179343 s1e1-b7e25164:1 s2e1-86b6c7ad:1 s3e1-9632d15b:1 s4e1-9bcd9d54:1
1786364717.183705 s2e1-86b6c7ad:1 s3e1-9632d15b:1 s4e1-9bcd9d54:1
1786364717.204266 s2e1-86b6c7ad:1 s3e1-9632d15b:1 s4e1-9bcd9d54:1
1786364717.224920 s2e1-86b6c7ad:1 s3e1-9632d15b:1 s4e1-9bcd9d54:1
1786364717.245687 s2e1-86b6c7ad:1 s3e1-9632d15b:1 s4e1-9bcd9d54:1
1786364717.266413 s2e1-86b6c7ad:1 s3e1-9632d15b:1 s4e1-9bcd9d54:1
1786364717.287203 s2e1-86b6c7ad:1 s3e1-9632d15b:1 s4e1-9bcd9d54:1
1786364717.307923 s2e1-86b6c7ad:1 s3e1-9632d15b:1 s4e1-9bcd9d54:1
1786364717.328676 s2e1-86b6c7ad:1 s3e1-9632d15b:1 s4e1-9bcd9d54:1
1786364717.349742 s2e1-86b6c7ad:1 s3e1-9632d15b:1 s4e1-9bcd9d54:1
1786364717.370533 s2e1-86b6c7ad:1 s3e1-9632d15b:1 s4e1-9bcd9d54:1 s5e1-a6032c23:53E
1786364717.436079 s2e1-86b6c7ad:1 s3e1-9632d15b:1 s4e1-9bcd9d54:1 s5e1-a6032c23:1
1786364717.440294 s2e1-86b6c7ad:1 s3e1-9632d15b:1 s4e1-9bcd9d54:1 s5e1-a6032c23:1
1786364717.460860 s2e1-86b6c7ad:1 s3e1-9632d15b:1 s4e1-9bcd9d54:1 s5e1-a6032c23:1
1786364717.481733 s3e1-9632d15b:1 s4e1-9bcd9d54:1 s5e1-a6032c23:1
1786364717.502468 s3e1-9632d15b:1 s4e1-9bcd9d54:1 s5e1-a6032c23:1
1786364717.523230 s3e1-9632d15b:1 s4e1-9bcd9d54:1 s5e1-a6032c23:1
1786364717.543946 s3e1-9632d15b:1 s4e1-9bcd9d54:1 s5e1-a6032c23:1
1786364717.564670 s3e1-9632d15b:1 s4e1-9bcd9d54:1 s5e1-a6032c23:1
1786364717.585410 s3e1-9632d15b:1 s4e1-9bcd9d54:1 s5e1-a6032c23:1
1786364717.606298 s3e1-9632d15b:1 s4e1-9bcd9d54:1 s5e1-a6032c23:1
1786364717.627222 s3e1-9632d15b:1 s4e1-9bcd9d54:1 s5e1-a6032c23:1 s6e1-9b9b9a76:53E
1786364717.693530 s3e1-9632d15b:1 s4e1-9bcd9d54:1 s5e1-a6032c23:1 s6e1-9b9b9a76:1
1786364717.697723 s4e1-9bcd9d54:1 s5e1-a6032c23:1 s6e1-9b9b9a76:1
1786364717.718544 s4e1-9bcd9d54:1 s5e1-a6032c23:1 s6e1-9b9b9a76:1
1786364717.739264 s4e1-9bcd9d54:1 s5e1-a6032c23:1 s6e1-9b9b9a76:1
1786364717.760009 s4e1-9bcd9d54:1 s5e1-a6032c23:1 s6e1-9b9b9a76:1
1786364717.780753 s4e1-9bcd9d54:1 s5e1-a6032c23:1 s6e1-9b9b9a76:1
1786364717.801519 s4e1-9bcd9d54:1 s5e1-a6032c23:1 s6e1-9b9b9a76:1
1786364717.822256 s4e1-9bcd9d54:1 s5e1-a6032c23:1 s6e1-9b9b9a76:1
1786364717.843069 s4e1-9bcd9d54:1 s5e1-a6032c23:1 s6e1-9b9b9a76:1
1786364717.863863 s4e1-9bcd9d54:1 s5e1-a6032c23:1 s6e1-9b9b9a76:1
1786364717.884774 s5e1-a6032c23:1 s6e1-9b9b9a76:1 s7e1-8baa63a2:53E
1786364717.950802 s5e1-a6032c23:1 s6e1-9b9b9a76:1 s7e1-8baa63a2:1
1786364717.954997 s5e1-a6032c23:1 s6e1-9b9b9a76:1 s7e1-8baa63a2:1
1786364717.975682 s5e1-a6032c23:1 s6e1-9b9b9a76:1 s7e1-8baa63a2:1
1786364717.996435 s5e1-a6032c23:1 s6e1-9b9b9a76:1 s7e1-8baa63a2:1
1786364718.017267 s5e1-a6032c23:1 s6e1-9b9b9a76:1 s7e1-8baa63a2:1
1786364718.037934 s5e1-a6032c23:1 s6e1-9b9b9a76:1 s7e1-8baa63a2:1
1786364718.058691 s5e1-a6032c23:1 s6e1-9b9b9a76:1 s7e1-8baa63a2:1
1786364718.079450 s5e1-a6032c23:1 s6e1-9b9b9a76:1 s7e1-8baa63a2:1
1786364718.100214 s5e1-a6032c23:1 s6e1-9b9b9a76:1 s7e1-8baa63a2:1
1786364718.121083 s5e1-a6032c23:1 s6e1-9b9b9a76:1 s7e1-8baa63a2:1
1786364718.141728 s6e1-9b9b9a76:1 s7e1-8baa63a2:1
1786364718.162516 s6e1-9b9b9a76:1 s7e1-8baa63a2:1
1786364718.182904 s6e1-9b9b9a76:1 s7e1-8baa63a2:1
1786364718.203571 s6e1-9b9b9a76:1 s7e1-8baa63a2:1 s8e1-80e16469:53E
1786364718.268593 s6e1-9b9b9a76:1 s7e1-8baa63a2:1 s8e1-80e16469:1
1786364718.273299 s6e1-9b9b9a76:1 s7e1-8baa63a2:1 s8e1-80e16469:1
1786364718.294038 s6e1-9b9b9a76:1 s7e1-8baa63a2:1 s8e1-80e16469:1
1786364718.314664 s6e1-9b9b9a76:1 s7e1-8baa63a2:1 s8e1-80e16469:1
1786364718.335310 s6e1-9b9b9a76:1 s7e1-8baa63a2:1 s8e1-80e16469:1
1786364718.356017 s6e1-9b9b9a76:1 s7e1-8baa63a2:1 s8e1-80e16469:1
1786364718.376893 s6e1-9b9b9a76:1 s7e1-8baa63a2:1 s8e1-80e16469:1
1786364718.397563 s7e1-8baa63a2:1 s8e1-80e16469:1 s1e1-b7e25164:53E
1786364718.463520 s7e1-8baa63a2:1 s8e1-80e16469:1 s1e1-b7e25164:1
1786364718.467595 s7e1-8baa63a2:1 s8e1-80e16469:1 s1e1-b7e25164:1
1786364718.488022 s7e1-8baa63a2:1 s8e1-80e16469:1 s1e1-b7e25164:1
1786364718.508682 s7e1-8baa63a2:1 s8e1-80e16469:1 s1e1-b7e25164:1
1786364718.529190 s7e1-8baa63a2:1 s8e1-80e16469:1 s1e1-b7e25164:1
1786364718.549772 s7e1-8baa63a2:1 s8e1-80e16469:1 s1e1-b7e25164:1
1786364718.570358 s7e1-8baa63a2:1 s8e1-80e16469:1 s1e1-b7e25164:1
1786364718.590921 s7e1-8baa63a2:1 s8e1-80e16469:1 s1e1-b7e25164:1
1786364718.611499 s7e1-8baa63a2:1 s8e1-80e16469:1 s1e1-b7e25164:1
1786364718.632158 s7e1-8baa63a2:1 s8e1-80e16469:1 s1e1-b7e25164:1
1786364718.652950 s8e1-80e16469:1 s1e1-b7e25164:1 s2e1-86b6c7ad:53E
1786364718.717519 s8e1-80e16469:1 s1e1-b7e25164:1 s2e1-86b6c7ad:1
1786364718.722286 s8e1-80e16469:1 s1e1-b7e25164:1 s2e1-86b6c7ad:1
1786364718.742638 s8e1-80e16469:1 s1e1-b7e25164:1 s2e1-86b6c7ad:1
1786364718.763300 s8e1-80e16469:1 s1e1-b7e25164:1 s2e1-86b6c7ad:1
1786364718.783989 s8e1-80e16469:1 s1e1-b7e25164:1 s2e1-86b6c7ad:1
1786364718.804658 s8e1-80e16469:1 s1e1-b7e25164:1 s2e1-86b6c7ad:1
1786364718.825467 s8e1-80e16469:1 s1e1-b7e25164:1 s2e1-86b6c7ad:1
1786364718.846149 s8e1-80e16469:1 s1e1-b7e25164:1 s2e1-86b6c7ad:1
1786364718.866967 s8e1-80e16469:1 s1e1-b7e25164:1 s2e1-86b6c7ad:1
1786364718.887728 s8e1-80e16469:1 s1e1-b7e25164:1 s2e1-86b6c7ad:1
1786364718.908635 s8e1-80e16469:1 s1e1-b7e25164:1 s2e1-86b6c7ad:1 s3e1-9632d15b:53E
1786364718.973815 s8e1-80e16469:1 s1e1-b7e25164:1 s2e1-86b6c7ad:1 s3e1-9632d15b:1
1786364718.978617 s8e1-80e16469:1 s1e1-b7e25164:1 s2e1-86b6c7ad:1 s3e1-9632d15b:1
1786364718.999310 s1e1-b7e25164:1 s2e1-86b6c7ad:1 s3e1-9632d15b:1
1786364719.020173 s1e1-b7e25164:1 s2e1-86b6c7ad:1 s3e1-9632d15b:1
1786364719.040889 s1e1-b7e25164:1 s2e1-86b6c7ad:1 s3e1-9632d15b:1
1786364719.061670 s1e1-b7e25164:1 s2e1-86b6c7ad:1 s3e1-9632d15b:1
1786364719.082519 s1e1-b7e25164:1 s2e1-86b6c7ad:1 s3e1-9632d15b:1
1786364719.103197 s1e1-b7e25164:1 s2e1-86b6c7ad:1 s3e1-9632d15b:1
1786364719.123967 s1e1-b7e25164:1 s2e1-86b6c7ad:1 s3e1-9632d15b:1
1786364719.144730 s1e1-b7e25164:1 s2e1-86b6c7ad:1 s3e1-9632d15b:1
1786364719.165608 s2e1-86b6c7ad:1 s3e1-9632d15b:1 s4e1-9bcd9d54:53E
1786364719.230369 s2e1-86b6c7ad:1 s3e1-9632d15b:1 s4e1-9bcd9d54:1
1786364719.235039 s2e1-86b6c7ad:1 s3e1-9632d15b:1 s4e1-9bcd9d54:1
1786364719.255724 s2e1-86b6c7ad:1 s3e1-9632d15b:1 s4e1-9bcd9d54:1
1786364719.276463 s2e1-86b6c7ad:1 s3e1-9632d15b:1 s4e1-9bcd9d54:1
1786364719.297207 s2e1-86b6c7ad:1 s3e1-9632d15b:1 s4e1-9bcd9d54:1
1786364719.318028 s2e1-86b6c7ad:1 s3e1-9632d15b:1 s4e1-9bcd9d54:1
1786364719.338705 s2e1-86b6c7ad:1 s3e1-9632d15b:1 s4e1-9bcd9d54:1
1786364719.359589 s2e1-86b6c7ad:1 s3e1-9632d15b:1 s4e1-9bcd9d54:1
1786364719.380501 s2e1-86b6c7ad:1 s3e1-9632d15b:1 s4e1-9bcd9d54:1 s5e1-a6032c23:53E
1786364719.446197 s2e1-86b6c7ad:1 s3e1-9632d15b:1 s4e1-9bcd9d54:1 s5e1-a6032c23:1
1786364719.450573 s3e1-9632d15b:1 s4e1-9bcd9d54:1 s5e1-a6032c23:1
1786364719.471222 s3e1-9632d15b:1 s4e1-9bcd9d54:1 s5e1-a6032c23:1
1786364719.491863 s3e1-9632d15b:1 s4e1-9bcd9d54:1 s5e1-a6032c23:1
1786364719.512523 s3e1-9632d15b:1 s4e1-9bcd9d54:1 s5e1-a6032c23:1
1786364719.533196 s3e1-9632d15b:1 s4e1-9bcd9d54:1 s5e1-a6032c23:1
1786364719.553838 s3e1-9632d15b:1 s4e1-9bcd9d54:1 s5e1-a6032c23:1
1786364719.574486 s3e1-9632d15b:1 s4e1-9bcd9d54:1 s5e1-a6032c23:1
1786364719.595175 s3e1-9632d15b:1 s4e1-9bcd9d54:1 s5e1-a6032c23:1
1786364719.615823 s3e1-9632d15b:1 s4e1-9bcd9d54:1 s5e1-a6032c23:1
1786364719.636483 s3e1-9632d15b:1 s4e1-9bcd9d54:1 s5e1-a6032c23:1
1786364719.657190 s3e1-9632d15b:1 s4e1-9bcd9d54:1 s5e1-a6032c23:1
1786364719.678025 s4e1-9bcd9d54:1 s5e1-a6032c23:1 s6e1-9b9b9a76:53E
1786364719.742880 s4e1-9bcd9d54:1 s5e1-a6032c23:1 s6e1-9b9b9a76:1
1786364719.747766 s4e1-9bcd9d54:1 s5e1-a6032c23:1 s6e1-9b9b9a76:1
1786364719.768209 s4e1-9bcd9d54:1 s5e1-a6032c23:1 s6e1-9b9b9a76:1
1786364719.788882 s4e1-9bcd9d54:1 s5e1-a6032c23:1 s6e1-9b9b9a76:1
1786364719.809460 s4e1-9bcd9d54:1 s5e1-a6032c23:1 s6e1-9b9b9a76:1
1786364719.830261 s4e1-9bcd9d54:1 s5e1-a6032c23:1 s6e1-9b9b9a76:1 s7e1-8baa63a2:53E
1786364719.896014 s4e1-9bcd9d54:1 s5e1-a6032c23:1 s6e1-9b9b9a76:1 s7e1-8baa63a2:1
1786364719.900364 s4e1-9bcd9d54:1 s5e1-a6032c23:1 s6e1-9b9b9a76:1 s7e1-8baa63a2:1
1786364719.920900 s4e1-9bcd9d54:1 s5e1-a6032c23:1 s6e1-9b9b9a76:1 s7e1-8baa63a2:1
1786364719.941699 s4e1-9bcd9d54:1 s5e1-a6032c23:1 s6e1-9b9b9a76:1 s7e1-8baa63a2:1
1786364719.962598 s5e1-a6032c23:1 s6e1-9b9b9a76:1 s7e1-8baa63a2:1
1786364719.983323 s5e1-a6032c23:1 s6e1-9b9b9a76:1 s7e1-8baa63a2:1
1786364720.004780 s5e1-a6032c23:1 s6e1-9b9b9a76:1 s7e1-8baa63a2:1
1786364720.024770 s5e1-a6032c23:1 s6e1-9b9b9a76:1 s7e1-8baa63a2:1
1786364720.045496 s5e1-a6032c23:1 s6e1-9b9b9a76:1 s7e1-8baa63a2:1
1786364720.066238 s5e1-a6032c23:1 s6e1-9b9b9a76:1 s7e1-8baa63a2:1
1786364720.086972 s5e1-a6032c23:1 s6e1-9b9b9a76:1 s7e1-8baa63a2:1
1786364720.107745 s5e1-a6032c23:1 s6e1-9b9b9a76:1 s7e1-8baa63a2:1
1786364720.128480 s5e1-a6032c23:1 s6e1-9b9b9a76:1 s7e1-8baa63a2:1
1786364720.149281 s6e1-9b9b9a76:1 s7e1-8baa63a2:1
1786364720.170058 s6e1-9b9b9a76:1 s7e1-8baa63a2:1
1786364720.190686 s6e1-9b9b9a76:1 s7e1-8baa63a2:1 s8e1-80e16469:53E
1786364720.257143 s6e1-9b9b9a76:1 s7e1-8baa63a2:1 s8e1-80e16469:1
1786364720.261453 s6e1-9b9b9a76:1 s7e1-8baa63a2:1 s8e1-80e16469:1
1786364720.281936 s6e1-9b9b9a76:1 s7e1-8baa63a2:1 s8e1-80e16469:1
1786364720.302616 s6e1-9b9b9a76:1 s7e1-8baa63a2:1 s8e1-80e16469:1
1786364720.323471 s6e1-9b9b9a76:1 s7e1-8baa63a2:1 s8e1-80e16469:1
1786364720.344241 s6e1-9b9b9a76:1 s7e1-8baa63a2:1 s8e1-80e16469:1
1786364720.365141 s6e1-9b9b9a76:1 s7e1-8baa63a2:1 s8e1-80e16469:1 s1e1-b7e25164:53E
1786364720.431316 s6e1-9b9b9a76:1 s7e1-8baa63a2:1 s8e1-80e16469:1 s1e1-b7e25164:1
1786364720.435817 s6e1-9b9b9a76:1 s7e1-8baa63a2:1 s8e1-80e16469:1 s1e1-b7e25164:1
1786364720.456607 s6e1-9b9b9a76:1 s7e1-8baa63a2:1 s8e1-80e16469:1 s1e1-b7e25164:1
1786364720.477403 s7e1-8baa63a2:1 s8e1-80e16469:1 s1e1-b7e25164:1
1786364720.498227 s7e1-8baa63a2:1 s8e1-80e16469:1 s1e1-b7e25164:1
1786364720.518936 s7e1-8baa63a2:1 s8e1-80e16469:1 s1e1-b7e25164:1
1786364720.539755 s7e1-8baa63a2:1 s8e1-80e16469:1 s1e1-b7e25164:1
1786364720.560459 s7e1-8baa63a2:1 s8e1-80e16469:1 s1e1-b7e25164:1
1786364720.581080 s7e1-8baa63a2:1 s8e1-80e16469:1 s1e1-b7e25164:1
1786364720.601682 s8e1-80e16469:1 s1e1-b7e25164:1
1786364720.622445 s8e1-80e16469:1 s1e1-b7e25164:1
1786364720.642938 s8e1-80e16469:1 s1e1-b7e25164:1 s2e1-86b6c7ad:53E
1786364720.708138 s8e1-80e16469:1 s1e1-b7e25164:1 s2e1-86b6c7ad:1
1786364720.713034 s8e1-80e16469:1 s1e1-b7e25164:1 s2e1-86b6c7ad:1
1786364720.733621 s8e1-80e16469:1 s1e1-b7e25164:1 s2e1-86b6c7ad:1
1786364720.754359 s8e1-80e16469:1 s1e1-b7e25164:1 s2e1-86b6c7ad:1
1786364720.775107 s8e1-80e16469:1 s1e1-b7e25164:1 s2e1-86b6c7ad:1
1786364720.795955 s8e1-80e16469:1 s1e1-b7e25164:1 s2e1-86b6c7ad:1
1786364720.816643 s8e1-80e16469:1 s1e1-b7e25164:1 s2e1-86b6c7ad:1
1786364720.837418 s8e1-80e16469:1 s1e1-b7e25164:1 s2e1-86b6c7ad:1
1786364720.858186 s8e1-80e16469:1 s1e1-b7e25164:1 s2e1-86b6c7ad:1
1786364720.878887 s8e1-80e16469:1 s1e1-b7e25164:1 s2e1-86b6c7ad:1
1786364720.899866 s8e1-80e16469:1 s1e1-b7e25164:1 s2e1-86b6c7ad:1 s3e1-9632d15b:53E
1786364720.965150 s8e1-80e16469:1 s1e1-b7e25164:1 s2e1-86b6c7ad:1 s3e1-9632d15b:1
1786364720.969783 s8e1-80e16469:1 s1e1-b7e25164:1 s2e1-86b6c7ad:1 s3e1-9632d15b:1
1786364720.990433 s1e1-b7e25164:1 s2e1-86b6c7ad:1 s3e1-9632d15b:1
1786364721.011297 s1e1-b7e25164:1 s2e1-86b6c7ad:1 s3e1-9632d15b:1
1786364721.032036 s1e1-b7e25164:1 s2e1-86b6c7ad:1 s3e1-9632d15b:1
1786364721.052783 s1e1-b7e25164:1 s2e1-86b6c7ad:1 s3e1-9632d15b:1
1786364721.073580 s1e1-b7e25164:1 s2e1-86b6c7ad:1 s3e1-9632d15b:1
1786364721.094245 s1e1-b7e25164:1 s2e1-86b6c7ad:1 s3e1-9632d15b:1
1786364721.115021 s1e1-b7e25164:1 s2e1-86b6c7ad:1 s3e1-9632d15b:1
1786364721.135777 s2e1-86b6c7ad:1 s3e1-9632d15b:1
1786364721.156523 s2e1-86b6c7ad:1 s3e1-9632d15b:1
1786364721.177015 s2e1-86b6c7ad:1 s3e1-9632d15b:1
1786364721.197545 s2e1-86b6c7ad:1 s3e1-9632d15b:1 s4e1-9bcd9d54:53E
1786364721.262919 s2e1-86b6c7ad:1 s3e1-9632d15b:1 s4e1-9bcd9d54:1
1786364721.267479 s2e1-86b6c7ad:1 s3e1-9632d15b:1 s4e1-9bcd9d54:1
1786364721.288130 s2e1-86b6c7ad:1 s3e1-9632d15b:1 s4e1-9bcd9d54:1
1786364721.308709 s2e1-86b6c7ad:1 s3e1-9632d15b:1 s4e1-9bcd9d54:1
1786364721.329475 s2e1-86b6c7ad:1 s3e1-9632d15b:1 s4e1-9bcd9d54:1
1786364721.350213 s2e1-86b6c7ad:1 s3e1-9632d15b:1 s4e1-9bcd9d54:1
1786364721.371001 s2e1-86b6c7ad:1 s3e1-9632d15b:1 s4e1-9bcd9d54:1 s5e1-a6032c23:53E
1786364721.436584 s2e1-86b6c7ad:1 s3e1-9632d15b:1 s4e1-9bcd9d54:1 s5e1-a6032c23:1
1786364721.441224 s3e1-9632d15b:1 s4e1-9bcd9d54:1 s5e1-a6032c23:1
1786364721.461839 s3e1-9632d15b:1 s4e1-9bcd9d54:1 s5e1-a6032c23:1
1786364721.482429 s3e1-9632d15b:1 s4e1-9bcd9d54:1 s5e1-a6032c23:1
1786364721.503077 s3e1-9632d15b:1 s4e1-9bcd9d54:1 s5e1-a6032c23:1
1786364721.523740 s3e1-9632d15b:1 s4e1-9bcd9d54:1 s5e1-a6032c23:1
1786364721.544384 s3e1-9632d15b:1 s4e1-9bcd9d54:1 s5e1-a6032c23:1
1786364721.565126 s3e1-9632d15b:1 s4e1-9bcd9d54:1 s5e1-a6032c23:1
1786364721.585713 s3e1-9632d15b:1 s4e1-9bcd9d54:1 s5e1-a6032c23:1
1786364721.606390 s3e1-9632d15b:1 s4e1-9bcd9d54:1 s5e1-a6032c23:1
1786364721.627172 s3e1-9632d15b:1 s4e1-9bcd9d54:1 s5e1-a6032c23:1
1786364721.647828 s3e1-9632d15b:1 s4e1-9bcd9d54:1 s5e1-a6032c23:1
1786364721.668418 s4e1-9bcd9d54:1 s5e1-a6032c23:1
1786364721.689209 s4e1-9bcd9d54:1 s5e1-a6032c23:1
1786364721.709616 s4e1-9bcd9d54:1 s5e1-a6032c23:1 s6e1-9b9b9a76:53E
1786364721.774175 s4e1-9bcd9d54:1 s5e1-a6032c23:1 s6e1-9b9b9a76:1
1786364721.779294 s4e1-9bcd9d54:1 s5e1-a6032c23:1 s6e1-9b9b9a76:1
1786364721.799832 s4e1-9bcd9d54:1 s5e1-a6032c23:1 s6e1-9b9b9a76:1
1786364721.820498 s4e1-9bcd9d54:1 s5e1-a6032c23:1 s6e1-9b9b9a76:1
1786364721.841300 s4e1-9bcd9d54:1 s5e1-a6032c23:1 s6e1-9b9b9a76:1
1786364721.862339 s4e1-9bcd9d54:1 s5e1-a6032c23:1 s6e1-9b9b9a76:1 s7e1-8baa63a2:53E
1786364721.928822 s4e1-9bcd9d54:1 s5e1-a6032c23:1 s6e1-9b9b9a76:1 s7e1-8baa63a2:1
1786364721.933228 s4e1-9bcd9d54:1 s5e1-a6032c23:1 s6e1-9b9b9a76:1 s7e1-8baa63a2:1
1786364721.954033 s4e1-9bcd9d54:1 s5e1-a6032c23:1 s6e1-9b9b9a76:1 s7e1-8baa63a2:1
1786364721.974919 s4e1-9bcd9d54:1 s5e1-a6032c23:1 s6e1-9b9b9a76:1 s7e1-8baa63a2:1
1786364721.995819 s5e1-a6032c23:1 s6e1-9b9b9a76:1 s7e1-8baa63a2:1
1786364722.016725 s5e1-a6032c23:1 s6e1-9b9b9a76:1 s7e1-8baa63a2:1
1786364722.037616 s5e1-a6032c23:1 s6e1-9b9b9a76:1 s7e1-8baa63a2:1
1786364722.058275 s5e1-a6032c23:1 s6e1-9b9b9a76:1 s7e1-8baa63a2:1
1786364722.079021 s5e1-a6032c23:1 s6e1-9b9b9a76:1 s7e1-8baa63a2:1
1786364722.099808 s5e1-a6032c23:1 s6e1-9b9b9a76:1 s7e1-8baa63a2:1
1786364722.120540 s5e1-a6032c23:1 s6e1-9b9b9a76:1 s7e1-8baa63a2:1
1786364722.141390 s6e1-9b9b9a76:1 s7e1-8baa63a2:1
1786364722.162303 s6e1-9b9b9a76:1 s7e1-8baa63a2:1 s8e1-80e16469:53E
1786364722.228100 s6e1-9b9b9a76:1 s7e1-8baa63a2:1 s8e1-80e16469:1
1786364722.232844 s6e1-9b9b9a76:1 s7e1-8baa63a2:1 s8e1-80e16469:1
1786364722.253587 s6e1-9b9b9a76:1 s7e1-8baa63a2:1 s8e1-80e16469:1
1786364722.274263 s6e1-9b9b9a76:1 s7e1-8baa63a2:1 s8e1-80e16469:1
1786364722.295003 s6e1-9b9b9a76:1 s7e1-8baa63a2:1 s8e1-80e16469:1
1786364722.315772 s6e1-9b9b9a76:1 s7e1-8baa63a2:1 s8e1-80e16469:1
1786364722.336513 s6e1-9b9b9a76:1 s7e1-8baa63a2:1 s8e1-80e16469:1
1786364722.357254 s6e1-9b9b9a76:1 s7e1-8baa63a2:1 s8e1-80e16469:1
1786364722.378188 s6e1-9b9b9a76:1 s7e1-8baa63a2:1 s8e1-80e16469:1
1786364722.398979 s6e1-9b9b9a76:1 s7e1-8baa63a2:1 s8e1-80e16469:1 s1e1-b7e25164:53E
1786364722.464723 s6e1-9b9b9a76:1 s7e1-8baa63a2:1 s8e1-80e16469:1 s1e1-b7e25164:1
1786364722.470187 s6e1-9b9b9a76:1 s7e1-8baa63a2:1 s8e1-80e16469:1 s1e1-b7e25164:1
1786364722.490911 s6e1-9b9b9a76:1 s7e1-8baa63a2:1 s8e1-80e16469:1 s1e1-b7e25164:1
1786364722.511585 s7e1-8baa63a2:1 s8e1-80e16469:1 s1e1-b7e25164:1
1786364722.532355 s7e1-8baa63a2:1 s8e1-80e16469:1 s1e1-b7e25164:1
1786364722.552998 s7e1-8baa63a2:1 s8e1-80e16469:1 s1e1-b7e25164:1
1786364722.573647 s7e1-8baa63a2:1 s8e1-80e16469:1 s1e1-b7e25164:1
1786364722.594318 s7e1-8baa63a2:1 s8e1-80e16469:1 s1e1-b7e25164:1
1786364722.615049 s7e1-8baa63a2:1 s8e1-80e16469:1 s1e1-b7e25164:1
1786364722.635679 s8e1-80e16469:1 s1e1-b7e25164:1
1786364722.656353 s8e1-80e16469:1 s1e1-b7e25164:1
1786364722.676731 s8e1-80e16469:1 s1e1-b7e25164:1
1786364722.697053 s8e1-80e16469:1 s1e1-b7e25164:1
1786364722.717549 s8e1-80e16469:1 s1e1-b7e25164:1 s2e1-86b6c7ad:53E
1786364722.782177 s8e1-80e16469:1 s1e1-b7e25164:1 s2e1-86b6c7ad:1
1786364722.787227 s8e1-80e16469:1 s1e1-b7e25164:1 s2e1-86b6c7ad:1
1786364722.807662 s8e1-80e16469:1 s1e1-b7e25164:1 s2e1-86b6c7ad:1
1786364722.828326 s8e1-80e16469:1 s1e1-b7e25164:1 s2e1-86b6c7ad:1
1786364722.849061 s8e1-80e16469:1 s1e1-b7e25164:1 s2e1-86b6c7ad:1
1786364722.869673 s8e1-80e16469:1 s1e1-b7e25164:1 s2e1-86b6c7ad:1
1786364722.890330 s8e1-80e16469:1 s1e1-b7e25164:1 s2e1-86b6c7ad:1
1786364722.911030 s8e1-80e16469:1 s1e1-b7e25164:1 s2e1-86b6c7ad:1
1786364722.931682 s1e1-b7e25164:1 s2e1-86b6c7ad:1
1786364722.952568 s1e1-b7e25164:1 s2e1-86b6c7ad:1 s3e1-9632d15b:53E
1786364723.017560 s1e1-b7e25164:1 s2e1-86b6c7ad:1 s3e1-9632d15b:1
1786364723.022444 s1e1-b7e25164:1 s2e1-86b6c7ad:1 s3e1-9632d15b:1
1786364723.042936 s1e1-b7e25164:1 s2e1-86b6c7ad:1 s3e1-9632d15b:1
1786364723.063533 s1e1-b7e25164:1 s2e1-86b6c7ad:1 s3e1-9632d15b:1
1786364723.084272 s1e1-b7e25164:1 s2e1-86b6c7ad:1 s3e1-9632d15b:1
1786364723.105129 s1e1-b7e25164:1 s2e1-86b6c7ad:1 s3e1-9632d15b:1
1786364723.126044 s1e1-b7e25164:1 s2e1-86b6c7ad:1 s3e1-9632d15b:1
1786364723.146832 s1e1-b7e25164:1 s2e1-86b6c7ad:1 s3e1-9632d15b:1
1786364723.167659 s2e1-86b6c7ad:1 s3e1-9632d15b:1
1786364723.188742 s2e1-86b6c7ad:1 s3e1-9632d15b:1 s4e1-9bcd9d54:53E
1786364723.254465 s2e1-86b6c7ad:1 s3e1-9632d15b:1 s4e1-9bcd9d54:1
1786364723.259242 s2e1-86b6c7ad:1 s3e1-9632d15b:1 s4e1-9bcd9d54:1
1786364723.279767 s2e1-86b6c7ad:1 s3e1-9632d15b:1 s4e1-9bcd9d54:1
1786364723.300528 s2e1-86b6c7ad:1 s3e1-9632d15b:1 s4e1-9bcd9d54:1
1786364723.321275 s2e1-86b6c7ad:1 s3e1-9632d15b:1 s4e1-9bcd9d54:1
1786364723.342061 s2e1-86b6c7ad:1 s3e1-9632d15b:1 s4e1-9bcd9d54:1
1786364723.362806 s2e1-86b6c7ad:1 s3e1-9632d15b:1 s4e1-9bcd9d54:1
1786364723.383567 s2e1-86b6c7ad:1 s3e1-9632d15b:1 s4e1-9bcd9d54:1
1786364723.404412 s2e1-86b6c7ad:1 s3e1-9632d15b:1 s4e1-9bcd9d54:1
1786364723.425091 s2e1-86b6c7ad:1 s3e1-9632d15b:1 s4e1-9bcd9d54:1
1786364723.445943 s2e1-86b6c7ad:1 s3e1-9632d15b:1 s4e1-9bcd9d54:1
1786364723.466873 s2e1-86b6c7ad:1 s3e1-9632d15b:1 s4e1-9bcd9d54:1 s5e1-a6032c23:53E
1786364723.531922 s3e1-9632d15b:1 s4e1-9bcd9d54:1 s5e1-a6032c23:1
1786364723.537099 s3e1-9632d15b:1 s4e1-9bcd9d54:1 s5e1-a6032c23:1
1786364723.557728 s3e1-9632d15b:1 s4e1-9bcd9d54:1 s5e1-a6032c23:1
1786364723.578534 s3e1-9632d15b:1 s4e1-9bcd9d54:1 s5e1-a6032c23:1
1786364723.599253 s3e1-9632d15b:1 s4e1-9bcd9d54:1 s5e1-a6032c23:1
1786364723.620028 s3e1-9632d15b:1 s4e1-9bcd9d54:1 s5e1-a6032c23:1
1786364723.640856 s3e1-9632d15b:1 s4e1-9bcd9d54:1 s5e1-a6032c23:1
1786364723.661534 s3e1-9632d15b:1 s4e1-9bcd9d54:1 s5e1-a6032c23:1
1786364723.682398 s3e1-9632d15b:1 s4e1-9bcd9d54:1 s5e1-a6032c23:1
1786364723.703327 s3e1-9632d15b:1 s4e1-9bcd9d54:1 s5e1-a6032c23:1 s6e1-9b9b9a76:53E
1786364723.769162 s4e1-9bcd9d54:1 s5e1-a6032c23:1 s6e1-9b9b9a76:1
1786364723.773975 s4e1-9bcd9d54:1 s5e1-a6032c23:1 s6e1-9b9b9a76:1
1786364723.794665 s4e1-9bcd9d54:1 s5e1-a6032c23:1 s6e1-9b9b9a76:1
1786364723.815413 s4e1-9bcd9d54:1 s5e1-a6032c23:1 s6e1-9b9b9a76:1
1786364723.836215 s4e1-9bcd9d54:1 s5e1-a6032c23:1 s6e1-9b9b9a76:1
1786364723.856992 s4e1-9bcd9d54:1 s5e1-a6032c23:1 s6e1-9b9b9a76:1
1786364723.877820 s4e1-9bcd9d54:1 s5e1-a6032c23:1 s6e1-9b9b9a76:1
1786364723.898766 s4e1-9bcd9d54:1 s5e1-a6032c23:1 s6e1-9b9b9a76:1 s7e1-8baa63a2:53E
1786364723.964799 s4e1-9bcd9d54:1 s5e1-a6032c23:1 s6e1-9b9b9a76:1 s7e1-8baa63a2:1
1786364723.969885 s4e1-9bcd9d54:1 s5e1-a6032c23:1 s6e1-9b9b9a76:1 s7e1-8baa63a2:1
1786364723.990463 s5e1-a6032c23:1 s6e1-9b9b9a76:1 s7e1-8baa63a2:1
1786364724.011302 s5e1-a6032c23:1 s6e1-9b9b9a76:1 s7e1-8baa63a2:1
1786364724.032110 s5e1-a6032c23:1 s6e1-9b9b9a76:1 s7e1-8baa63a2:1
1786364724.052818 s5e1-a6032c23:1 s6e1-9b9b9a76:1 s7e1-8baa63a2:1
1786364724.073623 s5e1-a6032c23:1 s6e1-9b9b9a76:1 s7e1-8baa63a2:1
1786364724.094363 s5e1-a6032c23:1 s6e1-9b9b9a76:1 s7e1-8baa63a2:1
1786364724.115230 s5e1-a6032c23:1 s6e1-9b9b9a76:1 s7e1-8baa63a2:1
1786364724.135991 s5e1-a6032c23:1 s6e1-9b9b9a76:1 s7e1-8baa63a2:1
1786364724.156936 s5e1-a6032c23:1 s6e1-9b9b9a76:1 s7e1-8baa63a2:1 s8e1-80e16469:53E
1786364724.222251 s5e1-a6032c23:1 s6e1-9b9b9a76:1 s7e1-8baa63a2:1 s8e1-80e16469:1
1786364724.227131 s5e1-a6032c23:1 s6e1-9b9b9a76:1 s7e1-8baa63a2:1 s8e1-80e16469:1
1786364724.247746 s5e1-a6032c23:1 s6e1-9b9b9a76:1 s7e1-8baa63a2:1 s8e1-80e16469:1
1786364724.268586 s6e1-9b9b9a76:1 s7e1-8baa63a2:1 s8e1-80e16469:1
1786364724.289296 s6e1-9b9b9a76:1 s7e1-8baa63a2:1 s8e1-80e16469:1
1786364724.309966 s6e1-9b9b9a76:1 s7e1-8baa63a2:1 s8e1-80e16469:1
1786364724.330637 s6e1-9b9b9a76:1 s7e1-8baa63a2:1 s8e1-80e16469:1
1786364724.351310 s6e1-9b9b9a76:1 s7e1-8baa63a2:1 s8e1-80e16469:1
1786364724.372003 s6e1-9b9b9a76:1 s7e1-8baa63a2:1 s8e1-80e16469:1
1786364724.392678 s6e1-9b9b9a76:1 s7e1-8baa63a2:1 s8e1-80e16469:1
1786364724.413361 s6e1-9b9b9a76:1 s7e1-8baa63a2:1 s8e1-80e16469:1
1786364724.434148 s6e1-9b9b9a76:1 s7e1-8baa63a2:1 s8e1-80e16469:1
1786364724.454964 s6e1-9b9b9a76:1 s7e1-8baa63a2:1 s8e1-80e16469:1 s1e1-b7e25164:53E
1786364724.520369 s7e1-8baa63a2:1 s8e1-80e16469:1 s1e1-b7e25164:1
1786364724.525258 s7e1-8baa63a2:1 s8e1-80e16469:1 s1e1-b7e25164:1
1786364724.545798 s7e1-8baa63a2:1 s8e1-80e16469:1 s1e1-b7e25164:1
1786364724.566483 s7e1-8baa63a2:1 s8e1-80e16469:1 s1e1-b7e25164:1
1786364724.587152 s7e1-8baa63a2:1 s8e1-80e16469:1 s1e1-b7e25164:1
1786364724.607931 s7e1-8baa63a2:1 s8e1-80e16469:1 s1e1-b7e25164:1
1786364724.628852 s7e1-8baa63a2:1 s8e1-80e16469:1 s1e1-b7e25164:1 s2e1-86b6c7ad:53E
1786364724.693883 s7e1-8baa63a2:1 s8e1-80e16469:1 s1e1-b7e25164:1 s2e1-86b6c7ad:1
1786364724.699147 s8e1-80e16469:1 s1e1-b7e25164:1 s2e1-86b6c7ad:1
1786364724.719818 s8e1-80e16469:1 s1e1-b7e25164:1 s2e1-86b6c7ad:1
1786364724.740544 s8e1-80e16469:1 s1e1-b7e25164:1 s2e1-86b6c7ad:1
1786364724.761280 s8e1-80e16469:1 s1e1-b7e25164:1 s2e1-86b6c7ad:1
1786364724.782050 s8e1-80e16469:1 s1e1-b7e25164:1 s2e1-86b6c7ad:1
1786364724.802886 s8e1-80e16469:1 s1e1-b7e25164:1 s2e1-86b6c7ad:1
1786364724.823634 s8e1-80e16469:1 s1e1-b7e25164:1 s2e1-86b6c7ad:1
1786364724.844418 s8e1-80e16469:1 s1e1-b7e25164:1 s2e1-86b6c7ad:1
1786364724.865285 s8e1-80e16469:1 s1e1-b7e25164:1 s2e1-86b6c7ad:1
1786364724.886228 s8e1-80e16469:1 s1e1-b7e25164:1 s2e1-86b6c7ad:1
1786364724.906996 s8e1-80e16469:1 s1e1-b7e25164:1 s2e1-86b6c7ad:1
1786364724.927842 s1e1-b7e25164:1 s2e1-86b6c7ad:1
1786364724.948720 s1e1-b7e25164:1 s2e1-86b6c7ad:1
1786364724.969242 s1e1-b7e25164:1 s2e1-86b6c7ad:1
1786364724.989878 s1e1-b7e25164:1 s2e1-86b6c7ad:1 s3e1-9632d15b:53E
1786364725.054652 s1e1-b7e25164:1 s2e1-86b6c7ad:1 s3e1-9632d15b:1
1786364725.060012 s1e1-b7e25164:1 s2e1-86b6c7ad:1 s3e1-9632d15b:1
1786364725.080455 s1e1-b7e25164:1 s2e1-86b6c7ad:1 s3e1-9632d15b:1
1786364725.101231 s1e1-b7e25164:1 s2e1-86b6c7ad:1 s3e1-9632d15b:1
1786364725.121836 s1e1-b7e25164:1 s2e1-86b6c7ad:1 s3e1-9632d15b:1
1786364725.142577 s1e1-b7e25164:1 s2e1-86b6c7ad:1 s3e1-9632d15b:1
1786364725.163354 s1e1-b7e25164:1 s2e1-86b6c7ad:1 s3e1-9632d15b:1
1786364725.184143 s1e1-b7e25164:1 s2e1-86b6c7ad:1 s3e1-9632d15b:1 s4e1-9bcd9d54:53E
1786364725.249330 s1e1-b7e25164:1 s2e1-86b6c7ad:1 s3e1-9632d15b:1 s4e1-9bcd9d54:1
1786364725.254724 s2e1-86b6c7ad:1 s3e1-9632d15b:1 s4e1-9bcd9d54:1
1786364725.275553 s2e1-86b6c7ad:1 s3e1-9632d15b:1 s4e1-9bcd9d54:1
1786364725.296332 s2e1-86b6c7ad:1 s3e1-9632d15b:1 s4e1-9bcd9d54:1
1786364725.317091 s2e1-86b6c7ad:1 s3e1-9632d15b:1 s4e1-9bcd9d54:1
1786364725.337827 s2e1-86b6c7ad:1 s3e1-9632d15b:1 s4e1-9bcd9d54:1
1786364725.358612 s2e1-86b6c7ad:1 s3e1-9632d15b:1 s4e1-9bcd9d54:1
1786364725.379369 s2e1-86b6c7ad:1 s3e1-9632d15b:1 s4e1-9bcd9d54:1
1786364725.400169 s3e1-9632d15b:1 s4e1-9bcd9d54:1
1786364725.421092 s3e1-9632d15b:1 s4e1-9bcd9d54:1
1786364725.441546 s3e1-9632d15b:1 s4e1-9bcd9d54:1
1786364725.462040 s3e1-9632d15b:1 s4e1-9bcd9d54:1 s5e1-a6032c23:53E
1786364725.527654 s3e1-9632d15b:1 s4e1-9bcd9d54:1 s5e1-a6032c23:1
1786364725.532948 s3e1-9632d15b:1 s4e1-9bcd9d54:1 s5e1-a6032c23:1
1786364725.553557 s3e1-9632d15b:1 s4e1-9bcd9d54:1 s5e1-a6032c23:1
1786364725.574372 s3e1-9632d15b:1 s4e1-9bcd9d54:1 s5e1-a6032c23:1
1786364725.595083 s3e1-9632d15b:1 s4e1-9bcd9d54:1 s5e1-a6032c23:1
1786364725.615832 s3e1-9632d15b:1 s4e1-9bcd9d54:1 s5e1-a6032c23:1
1786364725.636588 s3e1-9632d15b:1 s4e1-9bcd9d54:1 s5e1-a6032c23:1
1786364725.657349 s3e1-9632d15b:1 s4e1-9bcd9d54:1 s5e1-a6032c23:1
1786364725.678162 s3e1-9632d15b:1 s4e1-9bcd9d54:1 s5e1-a6032c23:1
1786364725.699101 s3e1-9632d15b:1 s4e1-9bcd9d54:1 s5e1-a6032c23:1 s6e1-9b9b9a76:53E
1786364725.764778 s3e1-9632d15b:1 s4e1-9bcd9d54:1 s5e1-a6032c23:1 s6e1-9b9b9a76:1
1786364725.770515 s3e1-9632d15b:1 s4e1-9bcd9d54:1 s5e1-a6032c23:1 s6e1-9b9b9a76:1
1786364725.791252 s4e1-9bcd9d54:1 s5e1-a6032c23:1 s6e1-9b9b9a76:1
1786364725.812126 s4e1-9bcd9d54:1 s5e1-a6032c23:1 s6e1-9b9b9a76:1
1786364725.832889 s4e1-9bcd9d54:1 s5e1-a6032c23:1 s6e1-9b9b9a76:1
1786364725.853588 s4e1-9bcd9d54:1 s5e1-a6032c23:1 s6e1-9b9b9a76:1
1786364725.874353 s4e1-9bcd9d54:1 s5e1-a6032c23:1 s6e1-9b9b9a76:1
1786364725.895321 s4e1-9bcd9d54:1 s5e1-a6032c23:1 s6e1-9b9b9a76:1
1786364725.916084 s4e1-9bcd9d54:1 s5e1-a6032c23:1 s6e1-9b9b9a76:1 s7e1-8baa63a2:53E
1786364725.981523 s4e1-9bcd9d54:1 s5e1-a6032c23:1 s6e1-9b9b9a76:1 s7e1-8baa63a2:1
1786364725.986663 s5e1-a6032c23:1 s6e1-9b9b9a76:1 s7e1-8baa63a2:1
1786364726.007378 s5e1-a6032c23:1 s6e1-9b9b9a76:1 s7e1-8baa63a2:1
1786364726.028050 s5e1-a6032c23:1 s6e1-9b9b9a76:1 s7e1-8baa63a2:1
1786364726.048794 s5e1-a6032c23:1 s6e1-9b9b9a76:1 s7e1-8baa63a2:1
1786364726.069596 s5e1-a6032c23:1 s6e1-9b9b9a76:1 s7e1-8baa63a2:1
1786364726.090317 s5e1-a6032c23:1 s6e1-9b9b9a76:1 s7e1-8baa63a2:1
1786364726.111067 s5e1-a6032c23:1 s6e1-9b9b9a76:1 s7e1-8baa63a2:1
1786364726.131807 s5e1-a6032c23:1 s6e1-9b9b9a76:1 s7e1-8baa63a2:1
1786364726.152578 s5e1-a6032c23:1 s6e1-9b9b9a76:1 s7e1-8baa63a2:1
1786364726.173573 s5e1-a6032c23:1 s6e1-9b9b9a76:1 s7e1-8baa63a2:1 s8e1-80e16469:53E
1786364726.238949 s5e1-a6032c23:1 s6e1-9b9b9a76:1 s7e1-8baa63a2:1 s8e1-80e16469:1
1786364726.244276 s5e1-a6032c23:1 s6e1-9b9b9a76:1 s7e1-8baa63a2:1 s8e1-80e16469:1
1786364726.264894 s6e1-9b9b9a76:1 s7e1-8baa63a2:1 s8e1-80e16469:1
1786364726.285735 s6e1-9b9b9a76:1 s7e1-8baa63a2:1 s8e1-80e16469:1
1786364726.306345 s6e1-9b9b9a76:1 s7e1-8baa63a2:1 s8e1-80e16469:1
1786364726.327019 s6e1-9b9b9a76:1 s7e1-8baa63a2:1 s8e1-80e16469:1
1786364726.347694 s6e1-9b9b9a76:1 s7e1-8baa63a2:1 s8e1-80e16469:1
1786364726.368433 s6e1-9b9b9a76:1 s7e1-8baa63a2:1 s8e1-80e16469:1
1786364726.389066 s6e1-9b9b9a76:1 s7e1-8baa63a2:1 s8e1-80e16469:1
1786364726.409765 s6e1-9b9b9a76:1 s7e1-8baa63a2:1 s8e1-80e16469:1
1786364726.430695 s6e1-9b9b9a76:1 s7e1-8baa63a2:1 s8e1-80e16469:1 s1e1-b7e25164:53E
1786364726.496089 s6e1-9b9b9a76:1 s7e1-8baa63a2:1 s8e1-80e16469:1 s1e1-b7e25164:1
1786364726.501351 s7e1-8baa63a2:1 s8e1-80e16469:1 s1e1-b7e25164:1
1786364726.521850 s7e1-8baa63a2:1 s8e1-80e16469:1 s1e1-b7e25164:1
1786364726.542663 s7e1-8baa63a2:1 s8e1-80e16469:1 s1e1-b7e25164:1
1786364726.563339 s7e1-8baa63a2:1 s8e1-80e16469:1 s1e1-b7e25164:1
1786364726.584098 s7e1-8baa63a2:1 s8e1-80e16469:1 s1e1-b7e25164:1
1786364726.604863 s7e1-8baa63a2:1 s8e1-80e16469:1 s1e1-b7e25164:1
1786364726.625646 s7e1-8baa63a2:1 s8e1-80e16469:1 s1e1-b7e25164:1
1786364726.646488 s7e1-8baa63a2:1 s8e1-80e16469:1 s1e1-b7e25164:1
1786364726.667163 s7e1-8baa63a2:1 s8e1-80e16469:1 s1e1-b7e25164:1
1786364726.687973 s8e1-80e16469:1 s1e1-b7e25164:1
1786364726.708948 s8e1-80e16469:1 s1e1-b7e25164:1 s2e1-86b6c7ad:53E
1786364726.773573 s8e1-80e16469:1 s1e1-b7e25164:1 s2e1-86b6c7ad:1
1786364726.779263 s8e1-80e16469:1 s1e1-b7e25164:1 s2e1-86b6c7ad:1
1786364726.799773 s8e1-80e16469:1 s1e1-b7e25164:1 s2e1-86b6c7ad:1
1786364726.820378 s8e1-80e16469:1 s1e1-b7e25164:1 s2e1-86b6c7ad:1
1786364726.841089 s8e1-80e16469:1 s1e1-b7e25164:1 s2e1-86b6c7ad:1
1786364726.861832 s8e1-80e16469:1 s1e1-b7e25164:1 s2e1-86b6c7ad:1
1786364726.882695 s8e1-80e16469:1 s1e1-b7e25164:1 s2e1-86b6c7ad:1
1786364726.903694 s8e1-80e16469:1 s1e1-b7e25164:1 s2e1-86b6c7ad:1 s3e1-9632d15b:53E
1786364726.968640 s8e1-80e16469:1 s1e1-b7e25164:1 s2e1-86b6c7ad:1 s3e1-9632d15b:1
1786364726.974130 s1e1-b7e25164:1 s2e1-86b6c7ad:1 s3e1-9632d15b:1
1786364726.994968 s1e1-b7e25164:1 s2e1-86b6c7ad:1 s3e1-9632d15b:1
1786364727.015691 s1e1-b7e25164:1 s2e1-86b6c7ad:1 s3e1-9632d15b:1
1786364727.036509 s1e1-b7e25164:1 s2e1-86b6c7ad:1 s3e1-9632d15b:1
1786364727.057194 s1e1-b7e25164:1 s2e1-86b6c7ad:1 s3e1-9632d15b:1
1786364727.077946 s1e1-b7e25164:1 s2e1-86b6c7ad:1 s3e1-9632d15b:1
1786364727.098726 s1e1-b7e25164:1 s2e1-86b6c7ad:1 s3e1-9632d15b:1
1786364727.119449 s1e1-b7e25164:1 s2e1-86b6c7ad:1 s3e1-9632d15b:1
1786364727.140220 s1e1-b7e25164:1 s2e1-86b6c7ad:1 s3e1-9632d15b:1
1786364727.161062 s1e1-b7e25164:1 s2e1-86b6c7ad:1 s3e1-9632d15b:1
1786364727.181910 s1e1-b7e25164:1 s2e1-86b6c7ad:1 s3e1-9632d15b:1 s4e1-9bcd9d54:53E
1786364727.247283 s2e1-86b6c7ad:1 s3e1-9632d15b:1 s4e1-9bcd9d54:1
1786364727.252419 s2e1-86b6c7ad:1 s3e1-9632d15b:1 s4e1-9bcd9d54:1
1786364727.273230 s2e1-86b6c7ad:1 s3e1-9632d15b:1 s4e1-9bcd9d54:1
1786364727.294070 s2e1-86b6c7ad:1 s3e1-9632d15b:1 s4e1-9bcd9d54:1
1786364727.314892 s2e1-86b6c7ad:1 s3e1-9632d15b:1 s4e1-9bcd9d54:1
1786364727.335824 s2e1-86b6c7ad:1 s3e1-9632d15b:1 s4e1-9bcd9d54:1
1786364727.356586 s2e1-86b6c7ad:1 s3e1-9632d15b:1 s4e1-9bcd9d54:1
1786364727.377429 s2e1-86b6c7ad:1 s3e1-9632d15b:1 s4e1-9bcd9d54:1
1786364727.398306 s2e1-86b6c7ad:1 s3e1-9632d15b:1 s4e1-9bcd9d54:1
1786364727.419153 s2e1-86b6c7ad:1 s3e1-9632d15b:1 s4e1-9bcd9d54:1
1786364727.440043 s2e1-86b6c7ad:1 s3e1-9632d15b:1 s4e1-9bcd9d54:1
1786364727.461126 s2e1-86b6c7ad:1 s3e1-9632d15b:1 s4e1-9bcd9d54:1 s5e1-a6032c23:53E
1786364727.526862 s3e1-9632d15b:1 s4e1-9bcd9d54:1 s5e1-a6032c23:1
1786364727.532318 s3e1-9632d15b:1 s4e1-9bcd9d54:1 s5e1-a6032c23:1
1786364727.553011 s3e1-9632d15b:1 s4e1-9bcd9d54:1 s5e1-a6032c23:1
1786364727.573754 s3e1-9632d15b:1 s4e1-9bcd9d54:1 s5e1-a6032c23:1
1786364727.594611 s3e1-9632d15b:1 s4e1-9bcd9d54:1 s5e1-a6032c23:1
1786364727.615366 s3e1-9632d15b:1 s4e1-9bcd9d54:1 s5e1-a6032c23:1
1786364727.636253 s3e1-9632d15b:1 s4e1-9bcd9d54:1 s5e1-a6032c23:1 s6e1-9b9b9a76:53E
1786364727.701181 s3e1-9632d15b:1 s4e1-9bcd9d54:1 s5e1-a6032c23:1 s6e1-9b9b9a76:1
1786364727.706801 s4e1-9bcd9d54:1 s5e1-a6032c23:1 s6e1-9b9b9a76:1
1786364727.727600 s4e1-9bcd9d54:1 s5e1-a6032c23:1 s6e1-9b9b9a76:1
1786364727.748253 s4e1-9bcd9d54:1 s5e1-a6032c23:1 s6e1-9b9b9a76:1
1786364727.768991 s4e1-9bcd9d54:1 s5e1-a6032c23:1 s6e1-9b9b9a76:1
1786364727.789817 s4e1-9bcd9d54:1 s5e1-a6032c23:1 s6e1-9b9b9a76:1
1786364727.810546 s4e1-9bcd9d54:1 s5e1-a6032c23:1 s6e1-9b9b9a76:1
1786364727.831246 s4e1-9bcd9d54:1 s5e1-a6032c23:1 s6e1-9b9b9a76:1
1786364727.851977 s4e1-9bcd9d54:1 s5e1-a6032c23:1 s6e1-9b9b9a76:1
1786364727.872775 s4e1-9bcd9d54:1 s5e1-a6032c23:1 s6e1-9b9b9a76:1
1786364727.893541 s4e1-9bcd9d54:1 s5e1-a6032c23:1 s6e1-9b9b9a76:1
1786364727.914260 s4e1-9bcd9d54:1 s5e1-a6032c23:1 s6e1-9b9b9a76:1
1786364727.935086 s4e1-9bcd9d54:1 s5e1-a6032c23:1 s6e1-9b9b9a76:1
1786364727.956007 s5e1-a6032c23:1 s6e1-9b9b9a76:1 s7e1-8baa63a2:53E
1786364728.021759 s5e1-a6032c23:1 s6e1-9b9b9a76:1 s7e1-8baa63a2:1
1786364728.027045 s5e1-a6032c23:1 s6e1-9b9b9a76:1 s7e1-8baa63a2:1
1786364728.047526 s5e1-a6032c23:1 s6e1-9b9b9a76:1 s7e1-8baa63a2:1
1786364728.068195 s5e1-a6032c23:1 s6e1-9b9b9a76:1 s7e1-8baa63a2:1
1786364728.088854 s5e1-a6032c23:1 s6e1-9b9b9a76:1 s7e1-8baa63a2:1
1786364728.109541 s5e1-a6032c23:1 s6e1-9b9b9a76:1 s7e1-8baa63a2:1
1786364728.130310 s5e1-a6032c23:1 s6e1-9b9b9a76:1 s7e1-8baa63a2:1
1786364728.151167 s5e1-a6032c23:1 s6e1-9b9b9a76:1 s7e1-8baa63a2:1 s8e1-80e16469:53E
1786364728.216977 s5e1-a6032c23:1 s6e1-9b9b9a76:1 s7e1-8baa63a2:1 s8e1-80e16469:1
1786364728.222604 s5e1-a6032c23:1 s6e1-9b9b9a76:1 s7e1-8baa63a2:1 s8e1-80e16469:1
1786364728.243204 s5e1-a6032c23:1 s6e1-9b9b9a76:1 s7e1-8baa63a2:1 s8e1-80e16469:1
1786364728.264028 s6e1-9b9b9a76:1 s7e1-8baa63a2:1 s8e1-80e16469:1
1786364728.284873 s6e1-9b9b9a76:1 s7e1-8baa63a2:1 s8e1-80e16469:1
1786364728.305619 s6e1-9b9b9a76:1 s7e1-8baa63a2:1 s8e1-80e16469:1
1786364728.326348 s6e1-9b9b9a76:1 s7e1-8baa63a2:1 s8e1-80e16469:1
1786364728.347093 s6e1-9b9b9a76:1 s7e1-8baa63a2:1 s8e1-80e16469:1
1786364728.367928 s6e1-9b9b9a76:1 s7e1-8baa63a2:1 s8e1-80e16469:1
1786364728.388723 s6e1-9b9b9a76:1 s7e1-8baa63a2:1 s8e1-80e16469:1
1786364728.409510 s7e1-8baa63a2:1 s8e1-80e16469:1
1786364728.430376 s7e1-8baa63a2:1 s8e1-80e16469:1
1786364728.450943 s7e1-8baa63a2:1 s8e1-80e16469:1
1786364728.471512 s7e1-8baa63a2:1 s8e1-80e16469:1 s1e1-b7e25164:53E
1786364728.536267 s7e1-8baa63a2:1 s8e1-80e16469:1 s1e1-b7e25164:1
1786364728.541803 s7e1-8baa63a2:1 s8e1-80e16469:1 s1e1-b7e25164:1
1786364728.562287 s7e1-8baa63a2:1 s8e1-80e16469:1 s1e1-b7e25164:1
1786364728.583015 s7e1-8baa63a2:1 s8e1-80e16469:1 s1e1-b7e25164:1
1786364728.603611 s7e1-8baa63a2:1 s8e1-80e16469:1 s1e1-b7e25164:1
1786364728.624291 s7e1-8baa63a2:1 s8e1-80e16469:1 s1e1-b7e25164:1
1786364728.644934 s7e1-8baa63a2:1 s8e1-80e16469:1 s1e1-b7e25164:1
1786364728.665651 s7e1-8baa63a2:1 s8e1-80e16469:1 s1e1-b7e25164:1
1786364728.686295 s7e1-8baa63a2:1 s8e1-80e16469:1 s1e1-b7e25164:1
1786364728.707196 s7e1-8baa63a2:1 s8e1-80e16469:1 s1e1-b7e25164:1 s2e1-86b6c7ad:53E
1786364728.772116 s8e1-80e16469:1 s1e1-b7e25164:1 s2e1-86b6c7ad:1
1786364728.778107 s8e1-80e16469:1 s1e1-b7e25164:1 s2e1-86b6c7ad:1
1786364728.798576 s8e1-80e16469:1 s1e1-b7e25164:1 s2e1-86b6c7ad:1
1786364728.819320 s8e1-80e16469:1 s1e1-b7e25164:1 s2e1-86b6c7ad:1
1786364728.840063 s8e1-80e16469:1 s1e1-b7e25164:1 s2e1-86b6c7ad:1
1786364728.860813 s8e1-80e16469:1 s1e1-b7e25164:1 s2e1-86b6c7ad:1
1786364728.881592 s8e1-80e16469:1 s1e1-b7e25164:1 s2e1-86b6c7ad:1
1786364728.902515 s8e1-80e16469:1 s1e1-b7e25164:1 s2e1-86b6c7ad:1
1786364728.923539 s1e1-b7e25164:1 s2e1-86b6c7ad:1 s3e1-9632d15b:53E
1786364728.990079 s1e1-b7e25164:1 s2e1-86b6c7ad:1 s3e1-9632d15b:1
1786364728.995337 s1e1-b7e25164:1 s2e1-86b6c7ad:1 s3e1-9632d15b:1
1786364729.015996 s1e1-b7e25164:1 s2e1-86b6c7ad:1 s3e1-9632d15b:1
1786364729.036668 s1e1-b7e25164:1 s2e1-86b6c7ad:1 s3e1-9632d15b:1
1786364729.057397 s1e1-b7e25164:1 s2e1-86b6c7ad:1 s3e1-9632d15b:1
1786364729.078032 s1e1-b7e25164:1 s2e1-86b6c7ad:1 s3e1-9632d15b:1
1786364729.098661 s1e1-b7e25164:1 s2e1-86b6c7ad:1 s3e1-9632d15b:1
1786364729.119436 s1e1-b7e25164:1 s2e1-86b6c7ad:1 s3e1-9632d15b:1
1786364729.140119 s1e1-b7e25164:1 s2e1-86b6c7ad:1 s3e1-9632d15b:1
1786364729.160944 s1e1-b7e25164:1 s2e1-86b6c7ad:1 s3e1-9632d15b:1 s4e1-9bcd9d54:53E
1786364729.226446 s1e1-b7e25164:1 s2e1-86b6c7ad:1 s3e1-9632d15b:1 s4e1-9bcd9d54:1
1786364729.231893 s1e1-b7e25164:1 s2e1-86b6c7ad:1 s3e1-9632d15b:1 s4e1-9bcd9d54:1
1786364729.252663 s1e1-b7e25164:1 s2e1-86b6c7ad:1 s3e1-9632d15b:1 s4e1-9bcd9d54:1
1786364729.273476 s2e1-86b6c7ad:1 s3e1-9632d15b:1 s4e1-9bcd9d54:1
1786364729.294324 s2e1-86b6c7ad:1 s3e1-9632d15b:1 s4e1-9bcd9d54:1
1786364729.315078 s2e1-86b6c7ad:1 s3e1-9632d15b:1 s4e1-9bcd9d54:1
1786364729.335833 s2e1-86b6c7ad:1 s3e1-9632d15b:1 s4e1-9bcd9d54:1
1786364729.356582 s2e1-86b6c7ad:1 s3e1-9632d15b:1 s4e1-9bcd9d54:1
1786364729.377336 s2e1-86b6c7ad:1 s3e1-9632d15b:1 s4e1-9bcd9d54:1
1786364729.398151 s2e1-86b6c7ad:1 s3e1-9632d15b:1 s4e1-9bcd9d54:1
1786364729.419059 s2e1-86b6c7ad:1 s3e1-9632d15b:1 s4e1-9bcd9d54:1
1786364729.439916 s2e1-86b6c7ad:1 s3e1-9632d15b:1 s4e1-9bcd9d54:1
1786364729.460734 s2e1-86b6c7ad:1 s3e1-9632d15b:1 s4e1-9bcd9d54:1
1786364729.481745 s3e1-9632d15b:1 s4e1-9bcd9d54:1 s5e1-a6032c23:53E
1786364729.547198 s3e1-9632d15b:1 s4e1-9bcd9d54:1 s5e1-a6032c23:1
1786364729.552953 s3e1-9632d15b:1 s4e1-9bcd9d54:1 s5e1-a6032c23:1
1786364729.573756 s3e1-9632d15b:1 s4e1-9bcd9d54:1 s5e1-a6032c23:1
1786364729.594438 s3e1-9632d15b:1 s4e1-9bcd9d54:1 s5e1-a6032c23:1
1786364729.615197 s3e1-9632d15b:1 s4e1-9bcd9d54:1 s5e1-a6032c23:1
1786364729.635949 s3e1-9632d15b:1 s4e1-9bcd9d54:1 s5e1-a6032c23:1
1786364729.656797 s3e1-9632d15b:1 s4e1-9bcd9d54:1 s5e1-a6032c23:1
1786364729.677720 s3e1-9632d15b:1 s4e1-9bcd9d54:1 s5e1-a6032c23:1 s6e1-9b9b9a76:53E
1786364729.744693 s4e1-9bcd9d54:1 s5e1-a6032c23:1 s6e1-9b9b9a76:1
1786364729.749843 s4e1-9bcd9d54:1 s5e1-a6032c23:1 s6e1-9b9b9a76:1
1786364729.770425 s4e1-9bcd9d54:1 s5e1-a6032c23:1 s6e1-9b9b9a76:1
1786364729.791188 s4e1-9bcd9d54:1 s5e1-a6032c23:1 s6e1-9b9b9a76:1
1786364729.811934 s4e1-9bcd9d54:1 s5e1-a6032c23:1 s6e1-9b9b9a76:1
1786364729.832699 s4e1-9bcd9d54:1 s5e1-a6032c23:1 s6e1-9b9b9a76:1
1786364729.853453 s4e1-9bcd9d54:1 s5e1-a6032c23:1 s6e1-9b9b9a76:1
1786364729.874226 s4e1-9bcd9d54:1 s5e1-a6032c23:1 s6e1-9b9b9a76:1
1786364729.894993 s4e1-9bcd9d54:1 s5e1-a6032c23:1 s6e1-9b9b9a76:1
1786364729.915768 s4e1-9bcd9d54:1 s5e1-a6032c23:1 s6e1-9b9b9a76:1
1786364729.936943 s5e1-a6032c23:1 s6e1-9b9b9a76:1
1786364729.957500 s5e1-a6032c23:1 s6e1-9b9b9a76:1 s7e1-8baa63a2:53E
1786364730.022724 s5e1-a6032c23:1 s6e1-9b9b9a76:1 s7e1-8baa63a2:1
1786364730.028161 s5e1-a6032c23:1 s6e1-9b9b9a76:1 s7e1-8baa63a2:1
1786364730.048691 s5e1-a6032c23:1 s6e1-9b9b9a76:1 s7e1-8baa63a2:1
1786364730.069424 s5e1-a6032c23:1 s6e1-9b9b9a76:1 s7e1-8baa63a2:1
1786364730.090044 s5e1-a6032c23:1 s6e1-9b9b9a76:1 s7e1-8baa63a2:1
1786364730.110770 s5e1-a6032c23:1 s6e1-9b9b9a76:1 s7e1-8baa63a2:1
1786364730.131441 s5e1-a6032c23:1 s6e1-9b9b9a76:1 s7e1-8baa63a2:1
1786364730.152103 s5e1-a6032c23:1 s6e1-9b9b9a76:1 s7e1-8baa63a2:1
1786364730.172770 s5e1-a6032c23:1 s6e1-9b9b9a76:1 s7e1-8baa63a2:1
1786364730.193533 s5e1-a6032c23:1 s6e1-9b9b9a76:1 s7e1-8baa63a2:1
1786364730.214367 s5e1-a6032c23:1 s6e1-9b9b9a76:1 s7e1-8baa63a2:1 s8e1-80e16469:53E
1786364730.279805 s5e1-a6032c23:1 s6e1-9b9b9a76:1 s7e1-8baa63a2:1 s8e1-80e16469:1
1786364730.285550 s6e1-9b9b9a76:1 s7e1-8baa63a2:1 s8e1-80e16469:1
1786364730.306229 s6e1-9b9b9a76:1 s7e1-8baa63a2:1 s8e1-80e16469:1
1786364730.326873 s6e1-9b9b9a76:1 s7e1-8baa63a2:1 s8e1-80e16469:1
1786364730.347613 s6e1-9b9b9a76:1 s7e1-8baa63a2:1 s8e1-80e16469:1
1786364730.368272 s6e1-9b9b9a76:1 s7e1-8baa63a2:1 s8e1-80e16469:1
1786364730.388920 s6e1-9b9b9a76:1 s7e1-8baa63a2:1 s8e1-80e16469:1
1786364730.409667 s6e1-9b9b9a76:1 s7e1-8baa63a2:1 s8e1-80e16469:1
1786364730.430405 s6e1-9b9b9a76:1 s7e1-8baa63a2:1 s8e1-80e16469:1
1786364730.451387 s7e1-8baa63a2:1 s8e1-80e16469:1 s1e1-b7e25164:53E
1786364730.517252 s7e1-8baa63a2:1 s8e1-80e16469:1 s1e1-b7e25164:1
1786364730.522710 s7e1-8baa63a2:1 s8e1-80e16469:1 s1e1-b7e25164:1
1786364730.543137 s7e1-8baa63a2:1 s8e1-80e16469:1 s1e1-b7e25164:1
1786364730.563822 s7e1-8baa63a2:1 s8e1-80e16469:1 s1e1-b7e25164:1
1786364730.584571 s7e1-8baa63a2:1 s8e1-80e16469:1 s1e1-b7e25164:1
1786364730.605418 s7e1-8baa63a2:1 s8e1-80e16469:1 s1e1-b7e25164:1
1786364730.626507 s7e1-8baa63a2:1 s8e1-80e16469:1 s1e1-b7e25164:1
1786364730.647516 s7e1-8baa63a2:1 s8e1-80e16469:1 s1e1-b7e25164:1
1786364730.668473 s7e1-8baa63a2:1 s8e1-80e16469:1 s1e1-b7e25164:1 s2e1-86b6c7ad:53E
1786364730.733377 s7e1-8baa63a2:1 s8e1-80e16469:1 s1e1-b7e25164:1 s2e1-86b6c7ad:1
1786364730.739577 s7e1-8baa63a2:1 s8e1-80e16469:1 s1e1-b7e25164:1 s2e1-86b6c7ad:1
1786364730.760112 s8e1-80e16469:1 s1e1-b7e25164:1 s2e1-86b6c7ad:1
1786364730.780990 s8e1-80e16469:1 s1e1-b7e25164:1 s2e1-86b6c7ad:1
1786364730.801709 s8e1-80e16469:1 s1e1-b7e25164:1 s2e1-86b6c7ad:1
1786364730.822537 s8e1-80e16469:1 s1e1-b7e25164:1 s2e1-86b6c7ad:1
1786364730.843228 s8e1-80e16469:1 s1e1-b7e25164:1 s2e1-86b6c7ad:1
1786364730.863974 s8e1-80e16469:1 s1e1-b7e25164:1 s2e1-86b6c7ad:1
1786364730.884856 s8e1-80e16469:1 s1e1-b7e25164:1 s2e1-86b6c7ad:1
1786364730.905680 s8e1-80e16469:1 s1e1-b7e25164:1 s2e1-86b6c7ad:1
1786364730.926520 s8e1-80e16469:1 s1e1-b7e25164:1 s2e1-86b6c7ad:1
1786364730.947368 s8e1-80e16469:1 s1e1-b7e25164:1 s2e1-86b6c7ad:1
1786364730.968271 s8e1-80e16469:1 s1e1-b7e25164:1 s2e1-86b6c7ad:1
1786364730.989222 s1e1-b7e25164:1 s2e1-86b6c7ad:1 s3e1-9632d15b:53E
1786364731.053867 s1e1-b7e25164:1 s2e1-86b6c7ad:1 s3e1-9632d15b:1
1786364731.059790 s1e1-b7e25164:1 s2e1-86b6c7ad:1 s3e1-9632d15b:1
1786364731.080314 s1e1-b7e25164:1 s2e1-86b6c7ad:1 s3e1-9632d15b:1
1786364731.101024 s1e1-b7e25164:1 s2e1-86b6c7ad:1 s3e1-9632d15b:1
1786364731.121862 s1e1-b7e25164:1 s2e1-86b6c7ad:1 s3e1-9632d15b:1 s4e1-9bcd9d54:53E
1786364731.188004 s1e1-b7e25164:1 s2e1-86b6c7ad:1 s3e1-9632d15b:1 s4e1-9bcd9d54:1
1786364731.193246 s1e1-b7e25164:1 s2e1-86b6c7ad:1 s3e1-9632d15b:1 s4e1-9bcd9d54:1
1786364731.214158 s1e1-b7e25164:1 s2e1-86b6c7ad:1 s3e1-9632d15b:1 s4e1-9bcd9d54:1
1786364731.234950 s1e1-b7e25164:1 s2e1-86b6c7ad:1 s3e1-9632d15b:1 s4e1-9bcd9d54:1
1786364731.255757 s2e1-86b6c7ad:1 s3e1-9632d15b:1 s4e1-9bcd9d54:1
1786364731.276712 s2e1-86b6c7ad:1 s3e1-9632d15b:1 s4e1-9bcd9d54:1
1786364731.297390 s2e1-86b6c7ad:1 s3e1-9632d15b:1 s4e1-9bcd9d54:1
1786364731.318146 s2e1-86b6c7ad:1 s3e1-9632d15b:1 s4e1-9bcd9d54:1
1786364731.338909 s2e1-86b6c7ad:1 s3e1-9632d15b:1 s4e1-9bcd9d54:1
1786364731.359681 s2e1-86b6c7ad:1 s3e1-9632d15b:1 s4e1-9bcd9d54:1
1786364731.380471 s2e1-86b6c7ad:1 s3e1-9632d15b:1 s4e1-9bcd9d54:1
1786364731.401618 s2e1-86b6c7ad:1 s3e1-9632d15b:1 s4e1-9bcd9d54:1
1786364731.422307 s2e1-86b6c7ad:1 s3e1-9632d15b:1 s4e1-9bcd9d54:1 s5e1-a6032c23:53E
1786364731.487264 s3e1-9632d15b:1 s4e1-9bcd9d54:1 s5e1-a6032c23:1
1786364731.493456 s3e1-9632d15b:1 s4e1-9bcd9d54:1 s5e1-a6032c23:1
1786364731.514195 s3e1-9632d15b:1 s4e1-9bcd9d54:1 s5e1-a6032c23:1
1786364731.534909 s3e1-9632d15b:1 s4e1-9bcd9d54:1 s5e1-a6032c23:1
1786364731.555673 s3e1-9632d15b:1 s4e1-9bcd9d54:1 s5e1-a6032c23:1
1786364731.576454 s3e1-9632d15b:1 s4e1-9bcd9d54:1 s5e1-a6032c23:1
1786364731.597331 s3e1-9632d15b:1 s4e1-9bcd9d54:1 s5e1-a6032c23:1
1786364731.618253 s3e1-9632d15b:1 s4e1-9bcd9d54:1 s5e1-a6032c23:1 s6e1-9b9b9a76:53E
1786364731.683636 s3e1-9632d15b:1 s4e1-9bcd9d54:1 s5e1-a6032c23:1 s6e1-9b9b9a76:1
1786364731.689981 s3e1-9632d15b:1 s4e1-9bcd9d54:1 s5e1-a6032c23:1 s6e1-9b9b9a76:1
1786364731.710777 s3e1-9632d15b:1 s4e1-9bcd9d54:1 s5e1-a6032c23:1 s6e1-9b9b9a76:1
1786364731.731610 s3e1-9632d15b:1 s4e1-9bcd9d54:1 s5e1-a6032c23:1 s6e1-9b9b9a76:1
1786364731.752447 s3e1-9632d15b:1 s4e1-9bcd9d54:1 s5e1-a6032c23:1 s6e1-9b9b9a76:1
1786364731.773285 s3e1-9632d15b:1 s4e1-9bcd9d54:1 s5e1-a6032c23:1 s6e1-9b9b9a76:1
1786364731.794209 s4e1-9bcd9d54:1 s5e1-a6032c23:1 s6e1-9b9b9a76:1
1786364731.815002 s4e1-9bcd9d54:1 s5e1-a6032c23:1 s6e1-9b9b9a76:1
1786364731.835738 s4e1-9bcd9d54:1 s5e1-a6032c23:1 s6e1-9b9b9a76:1
1786364731.856499 s4e1-9bcd9d54:1 s5e1-a6032c23:1 s6e1-9b9b9a76:1
1786364731.877337 s4e1-9bcd9d54:1 s5e1-a6032c23:1 s6e1-9b9b9a76:1
1786364731.898068 s5e1-a6032c23:1 s6e1-9b9b9a76:1
1786364731.918896 s5e1-a6032c23:1 s6e1-9b9b9a76:1
1786364731.939343 s5e1-a6032c23:1 s6e1-9b9b9a76:1
1786364731.959885 s5e1-a6032c23:1 s6e1-9b9b9a76:1 s7e1-8baa63a2:53E
1786364732.025358 s5e1-a6032c23:1 s6e1-9b9b9a76:1 s7e1-8baa63a2:1
1786364732.031294 s5e1-a6032c23:1 s6e1-9b9b9a76:1 s7e1-8baa63a2:1
1786364732.052015 s5e1-a6032c23:1 s6e1-9b9b9a76:1 s7e1-8baa63a2:1
1786364732.072784 s5e1-a6032c23:1 s6e1-9b9b9a76:1 s7e1-8baa63a2:1
1786364732.093607 s5e1-a6032c23:1 s6e1-9b9b9a76:1 s7e1-8baa63a2:1
1786364732.114370 s5e1-a6032c23:1 s6e1-9b9b9a76:1 s7e1-8baa63a2:1
1786364732.135239 s5e1-a6032c23:1 s6e1-9b9b9a76:1 s7e1-8baa63a2:1
1786364732.156021 s5e1-a6032c23:1 s6e1-9b9b9a76:1 s7e1-8baa63a2:1
1786364732.176960 s5e1-a6032c23:1 s6e1-9b9b9a76:1 s7e1-8baa63a2:1 s8e1-80e16469:53E
1786364732.242308 s6e1-9b9b9a76:1 s7e1-8baa63a2:1 s8e1-80e16469:1
1786364732.248518 s6e1-9b9b9a76:1 s7e1-8baa63a2:1 s8e1-80e16469:1
1786364732.269206 s6e1-9b9b9a76:1 s7e1-8baa63a2:1 s8e1-80e16469:1
1786364732.289915 s6e1-9b9b9a76:1 s7e1-8baa63a2:1 s8e1-80e16469:1
1786364732.310751 s6e1-9b9b9a76:1 s7e1-8baa63a2:1 s8e1-80e16469:1
1786364732.331439 s6e1-9b9b9a76:1 s7e1-8baa63a2:1 s8e1-80e16469:1
1786364732.352219 s6e1-9b9b9a76:1 s7e1-8baa63a2:1 s8e1-80e16469:1
1786364732.373039 s6e1-9b9b9a76:1 s7e1-8baa63a2:1 s8e1-80e16469:1
1786364732.393739 s7e1-8baa63a2:1 s8e1-80e16469:1
1786364732.414556 s7e1-8baa63a2:1 s8e1-80e16469:1
1786364732.435015 s7e1-8baa63a2:1 s8e1-80e16469:1
1786364732.455611 s7e1-8baa63a2:1 s8e1-80e16469:1 s1e1-b7e25164:53E
1786364732.519931 s7e1-8baa63a2:1 s8e1-80e16469:1 s1e1-b7e25164:1
1786364732.526295 s7e1-8baa63a2:1 s8e1-80e16469:1 s1e1-b7e25164:1
1786364732.546810 s7e1-8baa63a2:1 s8e1-80e16469:1 s1e1-b7e25164:1
1786364732.567558 s7e1-8baa63a2:1 s8e1-80e16469:1 s1e1-b7e25164:1
1786364732.588237 s7e1-8baa63a2:1 s8e1-80e16469:1 s1e1-b7e25164:1
1786364732.608920 s7e1-8baa63a2:1 s8e1-80e16469:1 s1e1-b7e25164:1
1786364732.629618 s7e1-8baa63a2:1 s8e1-80e16469:1 s1e1-b7e25164:1
1786364732.650437 s7e1-8baa63a2:1 s8e1-80e16469:1 s1e1-b7e25164:1
1786364732.671259 s7e1-8baa63a2:1 s8e1-80e16469:1 s1e1-b7e25164:1 s2e1-86b6c7ad:53E
1786364732.736717 s7e1-8baa63a2:1 s8e1-80e16469:1 s1e1-b7e25164:1 s2e1-86b6c7ad:1
1786364732.742532 s7e1-8baa63a2:1 s8e1-80e16469:1 s1e1-b7e25164:1 s2e1-86b6c7ad:1
1786364732.763125 s8e1-80e16469:1 s1e1-b7e25164:1 s2e1-86b6c7ad:1
1786364732.784051 s8e1-80e16469:1 s1e1-b7e25164:1 s2e1-86b6c7ad:1
1786364732.804766 s8e1-80e16469:1 s1e1-b7e25164:1 s2e1-86b6c7ad:1
1786364732.825535 s8e1-80e16469:1 s1e1-b7e25164:1 s2e1-86b6c7ad:1
1786364732.846298 s8e1-80e16469:1 s1e1-b7e25164:1 s2e1-86b6c7ad:1
1786364732.867080 s8e1-80e16469:1 s1e1-b7e25164:1 s2e1-86b6c7ad:1
1786364732.887832 s8e1-80e16469:1 s1e1-b7e25164:1 s2e1-86b6c7ad:1
1786364732.908737 s8e1-80e16469:1 s1e1-b7e25164:1 s2e1-86b6c7ad:1
1786364732.929640 s8e1-80e16469:1 s1e1-b7e25164:1 s2e1-86b6c7ad:1 s3e1-9632d15b:53E
1786364732.994670 s1e1-b7e25164:1 s2e1-86b6c7ad:1 s3e1-9632d15b:1
1786364733.000781 s1e1-b7e25164:1 s2e1-86b6c7ad:1 s3e1-9632d15b:1
1786364733.021326 s1e1-b7e25164:1 s2e1-86b6c7ad:1 s3e1-9632d15b:1
1786364733.042099 s1e1-b7e25164:1 s2e1-86b6c7ad:1 s3e1-9632d15b:1
1786364733.062856 s1e1-b7e25164:1 s2e1-86b6c7ad:1 s3e1-9632d15b:1
1786364733.083729 s1e1-b7e25164:1 s2e1-86b6c7ad:1 s3e1-9632d15b:1
1786364733.104505 s1e1-b7e25164:1 s2e1-86b6c7ad:1 s3e1-9632d15b:1
1786364733.125370 s1e1-b7e25164:1 s2e1-86b6c7ad:1 s3e1-9632d15b:1
1786364733.146300 s1e1-b7e25164:1 s2e1-86b6c7ad:1 s3e1-9632d15b:1
1786364733.167135 s1e1-b7e25164:1 s2e1-86b6c7ad:1 s3e1-9632d15b:1
1786364733.188029 s1e1-b7e25164:1 s2e1-86b6c7ad:1 s3e1-9632d15b:1
1786364733.209098 s1e1-b7e25164:1 s2e1-86b6c7ad:1 s3e1-9632d15b:1 s4e1-9bcd9d54:53E
1786364733.273900 s2e1-86b6c7ad:1 s3e1-9632d15b:1 s4e1-9bcd9d54:1
1786364733.280439 s2e1-86b6c7ad:1 s3e1-9632d15b:1 s4e1-9bcd9d54:1
1786364733.300946 s2e1-86b6c7ad:1 s3e1-9632d15b:1 s4e1-9bcd9d54:1
1786364733.321687 s2e1-86b6c7ad:1 s3e1-9632d15b:1 s4e1-9bcd9d54:1
1786364733.342460 s2e1-86b6c7ad:1 s3e1-9632d15b:1 s4e1-9bcd9d54:1
1786364733.363243 s2e1-86b6c7ad:1 s3e1-9632d15b:1 s4e1-9bcd9d54:1
1786364733.384110 s2e1-86b6c7ad:1 s3e1-9632d15b:1 s4e1-9bcd9d54:1
1786364733.404824 s2e1-86b6c7ad:1 s3e1-9632d15b:1 s4e1-9bcd9d54:1
1786364733.425632 s2e1-86b6c7ad:1 s3e1-9632d15b:1 s4e1-9bcd9d54:1
1786364733.446601 s3e1-9632d15b:1 s4e1-9bcd9d54:1 s5e1-a6032c23:53E
1786364733.512707 s3e1-9632d15b:1 s4e1-9bcd9d54:1 s5e1-a6032c23:1
1786364733.518472 s3e1-9632d15b:1 s4e1-9bcd9d54:1 s5e1-a6032c23:1
1786364733.538944 s3e1-9632d15b:1 s4e1-9bcd9d54:1 s5e1-a6032c23:1
1786364733.559623 s3e1-9632d15b:1 s4e1-9bcd9d54:1 s5e1-a6032c23:1
1786364733.580320 s3e1-9632d15b:1 s4e1-9bcd9d54:1 s5e1-a6032c23:1
1786364733.601051 s3e1-9632d15b:1 s4e1-9bcd9d54:1 s5e1-a6032c23:1
1786364733.621799 s3e1-9632d15b:1 s4e1-9bcd9d54:1 s5e1-a6032c23:1
1786364733.642538 s3e1-9632d15b:1 s4e1-9bcd9d54:1 s5e1-a6032c23:1
1786364733.663260 s3e1-9632d15b:1 s4e1-9bcd9d54:1 s5e1-a6032c23:1
1786364733.684448 s3e1-9632d15b:1 s4e1-9bcd9d54:1 s5e1-a6032c23:1 s6e1-9b9b9a76:53E
1786364733.749120 s4e1-9bcd9d54:1 s5e1-a6032c23:1 s6e1-9b9b9a76:1
1786364733.755255 s4e1-9bcd9d54:1 s5e1-a6032c23:1 s6e1-9b9b9a76:1
1786364733.775927 s4e1-9bcd9d54:1 s5e1-a6032c23:1 s6e1-9b9b9a76:1
1786364733.796723 s4e1-9bcd9d54:1 s5e1-a6032c23:1 s6e1-9b9b9a76:1
1786364733.817443 s4e1-9bcd9d54:1 s5e1-a6032c23:1 s6e1-9b9b9a76:1
1786364733.838193 s4e1-9bcd9d54:1 s5e1-a6032c23:1 s6e1-9b9b9a76:1
1786364733.858958 s4e1-9bcd9d54:1 s5e1-a6032c23:1 s6e1-9b9b9a76:1
1786364733.879787 s4e1-9bcd9d54:1 s5e1-a6032c23:1 s6e1-9b9b9a76:1
1786364733.900525 s4e1-9bcd9d54:1 s5e1-a6032c23:1 s6e1-9b9b9a76:1
1786364733.921409 s4e1-9bcd9d54:1 s5e1-a6032c23:1 s6e1-9b9b9a76:1
1786364733.942335 s4e1-9bcd9d54:1 s5e1-a6032c23:1 s6e1-9b9b9a76:1 s7e1-8baa63a2:53E
1786364734.007626 s4e1-9bcd9d54:1 s5e1-a6032c23:1 s6e1-9b9b9a76:1 s7e1-8baa63a2:1
1786364734.014062 s5e1-a6032c23:1 s6e1-9b9b9a76:1 s7e1-8baa63a2:1
1786364734.034937 s5e1-a6032c23:1 s6e1-9b9b9a76:1 s7e1-8baa63a2:1
1786364734.056094 s5e1-a6032c23:1 s6e1-9b9b9a76:1 s7e1-8baa63a2:1
1786364734.077248 s5e1-a6032c23:1 s6e1-9b9b9a76:1 s7e1-8baa63a2:1
1786364734.098399 s5e1-a6032c23:1 s6e1-9b9b9a76:1 s7e1-8baa63a2:1
1786364734.119564 s5e1-a6032c23:1 s6e1-9b9b9a76:1 s7e1-8baa63a2:1
1786364734.140802 s5e1-a6032c23:1 s6e1-9b9b9a76:1 s7e1-8baa63a2:1
1786364734.162043 s5e1-a6032c23:1 s6e1-9b9b9a76:1 s7e1-8baa63a2:1
1786364734.183122 s5e1-a6032c23:1 s6e1-9b9b9a76:1 s7e1-8baa63a2:1
1786364734.204308 s5e1-a6032c23:1 s6e1-9b9b9a76:1 s7e1-8baa63a2:1
1786364734.225554 s6e1-9b9b9a76:1 s7e1-8baa63a2:1 s8e1-80e16469:53E
1786364734.291994 s6e1-9b9b9a76:1 s7e1-8baa63a2:1 s8e1-80e16469:1
1786364734.298048 s6e1-9b9b9a76:1 s7e1-8baa63a2:1 s8e1-80e16469:1
1786364734.318859 s6e1-9b9b9a76:1 s7e1-8baa63a2:1 s8e1-80e16469:1
1786364734.339853 s6e1-9b9b9a76:1 s7e1-8baa63a2:1 s8e1-80e16469:1
1786364734.360839 s6e1-9b9b9a76:1 s7e1-8baa63a2:1 s8e1-80e16469:1
1786364734.381912 s6e1-9b9b9a76:1 s7e1-8baa63a2:1 s8e1-80e16469:1
1786364734.402910 s6e1-9b9b9a76:1 s7e1-8baa63a2:1 s8e1-80e16469:1
1786364734.424115 s6e1-9b9b9a76:1 s7e1-8baa63a2:1 s8e1-80e16469:1 s1e1-b7e25164:53E
1786364734.489806 s6e1-9b9b9a76:1 s7e1-8baa63a2:1 s8e1-80e16469:1 s1e1-b7e25164:1
1786364734.496235 s7e1-8baa63a2:1 s8e1-80e16469:1 s1e1-b7e25164:1
1786364734.517306 s7e1-8baa63a2:1 s8e1-80e16469:1 s1e1-b7e25164:1
1786364734.538261 s7e1-8baa63a2:1 s8e1-80e16469:1 s1e1-b7e25164:1
1786364734.559392 s7e1-8baa63a2:1 s8e1-80e16469:1 s1e1-b7e25164:1
1786364734.580516 s7e1-8baa63a2:1 s8e1-80e16469:1 s1e1-b7e25164:1
1786364734.601825 s7e1-8baa63a2:1 s8e1-80e16469:1 s1e1-b7e25164:1 s2e1-86b6c7ad:53E
1786364734.666588 s7e1-8baa63a2:1 s8e1-80e16469:1 s1e1-b7e25164:1 s2e1-86b6c7ad:1
1786364734.672947 s7e1-8baa63a2:1 s8e1-80e16469:1 s1e1-b7e25164:1 s2e1-86b6c7ad:1
1786364734.694274 s7e1-8baa63a2:1 s8e1-80e16469:1 s1e1-b7e25164:1 s2e1-86b6c7ad:1
1786364734.715419 s7e1-8baa63a2:1 s8e1-80e16469:1 s1e1-b7e25164:1 s2e1-86b6c7ad:1
1786364734.736660 s7e1-8baa63a2:1 s8e1-80e16469:1 s1e1-b7e25164:1 s2e1-86b6c7ad:1
1786364734.757840 s8e1-80e16469:1 s1e1-b7e25164:1 s2e1-86b6c7ad:1
1786364734.779122 s8e1-80e16469:1 s1e1-b7e25164:1 s2e1-86b6c7ad:1
1786364734.800232 s8e1-80e16469:1 s1e1-b7e25164:1 s2e1-86b6c7ad:1
1786364734.821334 s8e1-80e16469:1 s1e1-b7e25164:1 s2e1-86b6c7ad:1
1786364734.842483 s8e1-80e16469:1 s1e1-b7e25164:1 s2e1-86b6c7ad:1
1786364734.863528 s8e1-80e16469:1 s1e1-b7e25164:1 s2e1-86b6c7ad:1
1786364734.884727 s8e1-80e16469:1 s1e1-b7e25164:1 s2e1-86b6c7ad:1
1786364734.905833 s8e1-80e16469:1 s1e1-b7e25164:1 s2e1-86b6c7ad:1
1786364734.927027 s8e1-80e16469:1 s1e1-b7e25164:1 s2e1-86b6c7ad:1 s3e1-9632d15b:53E
1786364734.993403 s8e1-80e16469:1 s1e1-b7e25164:1 s2e1-86b6c7ad:1 s3e1-9632d15b:1
1786364734.999084 s8e1-80e16469:1 s1e1-b7e25164:1 s2e1-86b6c7ad:1 s3e1-9632d15b:1
1786364735.019914 s8e1-80e16469:1 s1e1-b7e25164:1 s2e1-86b6c7ad:1 s3e1-9632d15b:1
1786364735.041013 s1e1-b7e25164:1 s2e1-86b6c7ad:1 s3e1-9632d15b:1
1786364735.062159 s1e1-b7e25164:1 s2e1-86b6c7ad:1 s3e1-9632d15b:1
1786364735.083254 s1e1-b7e25164:1 s2e1-86b6c7ad:1 s3e1-9632d15b:1
1786364735.104290 s1e1-b7e25164:1 s2e1-86b6c7ad:1 s3e1-9632d15b:1
1786364735.125487 s1e1-b7e25164:1 s2e1-86b6c7ad:1 s3e1-9632d15b:1
1786364735.146711 s1e1-b7e25164:1 s2e1-86b6c7ad:1 s3e1-9632d15b:1 s4e1-9bcd9d54:53E
1786364735.213425 s1e1-b7e25164:1 s2e1-86b6c7ad:1 s3e1-9632d15b:1 s4e1-9bcd9d54:1
1786364735.219464 s1e1-b7e25164:1 s2e1-86b6c7ad:1 s3e1-9632d15b:1 s4e1-9bcd9d54:1
1786364735.240281 s2e1-86b6c7ad:1 s3e1-9632d15b:1 s4e1-9bcd9d54:1
1786364735.261395 s2e1-86b6c7ad:1 s3e1-9632d15b:1 s4e1-9bcd9d54:1
1786364735.282489 s2e1-86b6c7ad:1 s3e1-9632d15b:1 s4e1-9bcd9d54:1
1786364735.303560 s2e1-86b6c7ad:1 s3e1-9632d15b:1 s4e1-9bcd9d54:1
1786364735.324617 s2e1-86b6c7ad:1 s3e1-9632d15b:1 s4e1-9bcd9d54:1
1786364735.345748 s2e1-86b6c7ad:1 s3e1-9632d15b:1 s4e1-9bcd9d54:1
1786364735.366747 s2e1-86b6c7ad:1 s3e1-9632d15b:1 s4e1-9bcd9d54:1
1786364735.387790 s3e1-9632d15b:1 s4e1-9bcd9d54:1
1786364735.409063 s3e1-9632d15b:1 s4e1-9bcd9d54:1
1786364735.429662 s3e1-9632d15b:1 s4e1-9bcd9d54:1
1786364735.449980 s3e1-9632d15b:1 s4e1-9bcd9d54:1 s5e1-a6032c23:53E
1786364735.514249 s3e1-9632d15b:1 s4e1-9bcd9d54:1 s5e1-a6032c23:1
1786364735.520899 s3e1-9632d15b:1 s4e1-9bcd9d54:1 s5e1-a6032c23:1
1786364735.541698 s3e1-9632d15b:1 s4e1-9bcd9d54:1 s5e1-a6032c23:1
1786364735.562642 s3e1-9632d15b:1 s4e1-9bcd9d54:1 s5e1-a6032c23:1
1786364735.583694 s3e1-9632d15b:1 s4e1-9bcd9d54:1 s5e1-a6032c23:1
1786364735.604630 s3e1-9632d15b:1 s4e1-9bcd9d54:1 s5e1-a6032c23:1
1786364735.625633 s3e1-9632d15b:1 s4e1-9bcd9d54:1 s5e1-a6032c23:1
1786364735.646683 s3e1-9632d15b:1 s4e1-9bcd9d54:1 s5e1-a6032c23:1
1786364735.667930 s3e1-9632d15b:1 s4e1-9bcd9d54:1 s5e1-a6032c23:1 s6e1-9b9b9a76:53E
1786364735.733479 s3e1-9632d15b:1 s4e1-9bcd9d54:1 s5e1-a6032c23:1 s6e1-9b9b9a76:1
1786364735.740006 s4e1-9bcd9d54:1 s5e1-a6032c23:1 s6e1-9b9b9a76:1
1786364735.760993 s4e1-9bcd9d54:1 s5e1-a6032c23:1 s6e1-9b9b9a76:1
1786364735.781970 s4e1-9bcd9d54:1 s5e1-a6032c23:1 s6e1-9b9b9a76:1
1786364735.803065 s4e1-9bcd9d54:1 s5e1-a6032c23:1 s6e1-9b9b9a76:1
1786364735.824122 s4e1-9bcd9d54:1 s5e1-a6032c23:1 s6e1-9b9b9a76:1
1786364735.845190 s4e1-9bcd9d54:1 s5e1-a6032c23:1 s6e1-9b9b9a76:1
1786364735.866271 s4e1-9bcd9d54:1 s5e1-a6032c23:1 s6e1-9b9b9a76:1
1786364735.887350 s4e1-9bcd9d54:1 s5e1-a6032c23:1 s6e1-9b9b9a76:1
1786364735.908421 s4e1-9bcd9d54:1 s5e1-a6032c23:1 s6e1-9b9b9a76:1
1786364735.929548 s5e1-a6032c23:1 s6e1-9b9b9a76:1
1786364735.950886 s5e1-a6032c23:1 s6e1-9b9b9a76:1 s7e1-8baa63a2:53E
1786364736.015840 s5e1-a6032c23:1 s6e1-9b9b9a76:1 s7e1-8baa63a2:1
1786364736.022299 s5e1-a6032c23:1 s6e1-9b9b9a76:1 s7e1-8baa63a2:1
1786364736.043297 s5e1-a6032c23:1 s6e1-9b9b9a76:1 s7e1-8baa63a2:1
1786364736.064156 s5e1-a6032c23:1 s6e1-9b9b9a76:1 s7e1-8baa63a2:1
1786364736.085092 s5e1-a6032c23:1 s6e1-9b9b9a76:1 s7e1-8baa63a2:1
1786364736.106084 s5e1-a6032c23:1 s6e1-9b9b9a76:1 s7e1-8baa63a2:1
1786364736.127209 s5e1-a6032c23:1 s6e1-9b9b9a76:1 s7e1-8baa63a2:1
1786364736.148135 s5e1-a6032c23:1 s6e1-9b9b9a76:1 s7e1-8baa63a2:1
1786364736.169125 s5e1-a6032c23:1 s6e1-9b9b9a76:1 s7e1-8baa63a2:1
1786364736.190185 s5e1-a6032c23:1 s6e1-9b9b9a76:1 s7e1-8baa63a2:1
1786364736.211207 s5e1-a6032c23:1 s6e1-9b9b9a76:1 s7e1-8baa63a2:1
1786364736.232359 s6e1-9b9b9a76:1 s7e1-8baa63a2:1 s8e1-80e16469:53E
1786364736.298535 s6e1-9b9b9a76:1 s7e1-8baa63a2:1 s8e1-80e16469:1
1786364736.304331 s6e1-9b9b9a76:1 s7e1-8baa63a2:1 s8e1-80e16469:1
1786364736.325174 s6e1-9b9b9a76:1 s7e1-8baa63a2:1 s8e1-80e16469:1
1786364736.346108 s6e1-9b9b9a76:1 s7e1-8baa63a2:1 s8e1-80e16469:1
1786364736.367091 s6e1-9b9b9a76:1 s7e1-8baa63a2:1 s8e1-80e16469:1
1786364736.388241 s6e1-9b9b9a76:1 s7e1-8baa63a2:1 s8e1-80e16469:1
1786364736.409493 s6e1-9b9b9a76:1 s7e1-8baa63a2:1 s8e1-80e16469:1
1786364736.430648 s6e1-9b9b9a76:1 s7e1-8baa63a2:1 s8e1-80e16469:1 s1e1-b7e25164:53E
1786364736.496728 s7e1-8baa63a2:1 s8e1-80e16469:1 s1e1-b7e25164:1
1786364736.502854 s7e1-8baa63a2:1 s8e1-80e16469:1 s1e1-b7e25164:1
1786364736.523738 s7e1-8baa63a2:1 s8e1-80e16469:1 s1e1-b7e25164:1
1786364736.544767 s7e1-8baa63a2:1 s8e1-80e16469:1 s1e1-b7e25164:1
1786364736.565755 s7e1-8baa63a2:1 s8e1-80e16469:1 s1e1-b7e25164:1
1786364736.586831 s7e1-8baa63a2:1 s8e1-80e16469:1 s1e1-b7e25164:1
1786364736.607903 s7e1-8baa63a2:1 s8e1-80e16469:1 s1e1-b7e25164:1
1786364736.629007 s7e1-8baa63a2:1 s8e1-80e16469:1 s1e1-b7e25164:1
1786364736.650191 s7e1-8baa63a2:1 s8e1-80e16469:1 s1e1-b7e25164:1
1786364736.671212 s7e1-8baa63a2:1 s8e1-80e16469:1 s1e1-b7e25164:1
1786364736.692365 s7e1-8baa63a2:1 s8e1-80e16469:1 s1e1-b7e25164:1
1786364736.713621 s7e1-8baa63a2:1 s8e1-80e16469:1 s1e1-b7e25164:1 s2e1-86b6c7ad:53E
1786364736.778876 s8e1-80e16469:1 s1e1-b7e25164:1 s2e1-86b6c7ad:1
1786364736.785590 s8e1-80e16469:1 s1e1-b7e25164:1 s2e1-86b6c7ad:1
1786364736.806440 s8e1-80e16469:1 s1e1-b7e25164:1 s2e1-86b6c7ad:1
1786364736.827503 s8e1-80e16469:1 s1e1-b7e25164:1 s2e1-86b6c7ad:1
1786364736.848465 s8e1-80e16469:1 s1e1-b7e25164:1 s2e1-86b6c7ad:1
1786364736.869540 s8e1-80e16469:1 s1e1-b7e25164:1 s2e1-86b6c7ad:1
1786364736.890654 s8e1-80e16469:1 s1e1-b7e25164:1 s2e1-86b6c7ad:1
1786364736.911886 s8e1-80e16469:1 s1e1-b7e25164:1 s2e1-86b6c7ad:1
1786364736.933084 s8e1-80e16469:1 s1e1-b7e25164:1 s2e1-86b6c7ad:1 s3e1-9632d15b:53E
1786364736.998234 s8e1-80e16469:1 s1e1-b7e25164:1 s2e1-86b6c7ad:1 s3e1-9632d15b:1
1786364737.004865 s8e1-80e16469:1 s1e1-b7e25164:1 s2e1-86b6c7ad:1 s3e1-9632d15b:1
1786364737.025860 s8e1-80e16469:1 s1e1-b7e25164:1 s2e1-86b6c7ad:1 s3e1-9632d15b:1
1786364737.047012 s1e1-b7e25164:1 s2e1-86b6c7ad:1 s3e1-9632d15b:1
1786364737.068035 s1e1-b7e25164:1 s2e1-86b6c7ad:1 s3e1-9632d15b:1
1786364737.089059 s1e1-b7e25164:1 s2e1-86b6c7ad:1 s3e1-9632d15b:1
1786364737.110063 s1e1-b7e25164:1 s2e1-86b6c7ad:1 s3e1-9632d15b:1
1786364737.131059 s1e1-b7e25164:1 s2e1-86b6c7ad:1 s3e1-9632d15b:1
1786364737.152117 s1e1-b7e25164:1 s2e1-86b6c7ad:1 s3e1-9632d15b:1
1786364737.173180 s1e1-b7e25164:1 s2e1-86b6c7ad:1 s3e1-9632d15b:1
1786364737.194364 s1e1-b7e25164:1 s2e1-86b6c7ad:1 s3e1-9632d15b:1
1786364737.215674 s2e1-86b6c7ad:1 s3e1-9632d15b:1 s4e1-9bcd9d54:53E
1786364737.280781 s2e1-86b6c7ad:1 s3e1-9632d15b:1 s4e1-9bcd9d54:1
1786364737.287191 s2e1-86b6c7ad:1 s3e1-9632d15b:1 s4e1-9bcd9d54:1
1786364737.308195 s2e1-86b6c7ad:1 s3e1-9632d15b:1 s4e1-9bcd9d54:1
1786364737.329282 s2e1-86b6c7ad:1 s3e1-9632d15b:1 s4e1-9bcd9d54:1
1786364737.350435 s2e1-86b6c7ad:1 s3e1-9632d15b:1 s4e1-9bcd9d54:1
1786364737.371568 s2e1-86b6c7ad:1 s3e1-9632d15b:1 s4e1-9bcd9d54:1
1786364737.392799 s2e1-86b6c7ad:1 s3e1-9632d15b:1 s4e1-9bcd9d54:1 s5e1-a6032c23:53E
1786364737.459485 s2e1-86b6c7ad:1 s3e1-9632d15b:1 s4e1-9bcd9d54:1 s5e1-a6032c23:1
1786364737.465421 s2e1-86b6c7ad:1 s3e1-9632d15b:1 s4e1-9bcd9d54:1 s5e1-a6032c23:1
1786364737.486406 s2e1-86b6c7ad:1 s3e1-9632d15b:1 s4e1-9bcd9d54:1 s5e1-a6032c23:1
1786364737.507607 s2e1-86b6c7ad:1 s3e1-9632d15b:1 s4e1-9bcd9d54:1 s5e1-a6032c23:1
1786364737.528675 s3e1-9632d15b:1 s4e1-9bcd9d54:1 s5e1-a6032c23:1
1786364737.549893 s3e1-9632d15b:1 s4e1-9bcd9d54:1 s5e1-a6032c23:1
1786364737.570908 s3e1-9632d15b:1 s4e1-9bcd9d54:1 s5e1-a6032c23:1
1786364737.592000 s3e1-9632d15b:1 s4e1-9bcd9d54:1 s5e1-a6032c23:1
1786364737.613061 s3e1-9632d15b:1 s4e1-9bcd9d54:1 s5e1-a6032c23:1
1786364737.634197 s3e1-9632d15b:1 s4e1-9bcd9d54:1 s5e1-a6032c23:1
1786364737.655474 s3e1-9632d15b:1 s4e1-9bcd9d54:1 s5e1-a6032c23:1 s6e1-9b9b9a76:53E
1786364737.721176 s3e1-9632d15b:1 s4e1-9bcd9d54:1 s5e1-a6032c23:1 s6e1-9b9b9a76:1
1786364737.727769 s3e1-9632d15b:1 s4e1-9bcd9d54:1 s5e1-a6032c23:1 s6e1-9b9b9a76:1
1786364737.748832 s4e1-9bcd9d54:1 s5e1-a6032c23:1 s6e1-9b9b9a76:1
1786364737.769972 s4e1-9bcd9d54:1 s5e1-a6032c23:1 s6e1-9b9b9a76:1
1786364737.791064 s4e1-9bcd9d54:1 s5e1-a6032c23:1 s6e1-9b9b9a76:1
1786364737.812124 s4e1-9bcd9d54:1 s5e1-a6032c23:1 s6e1-9b9b9a76:1
1786364737.833211 s4e1-9bcd9d54:1 s5e1-a6032c23:1 s6e1-9b9b9a76:1
1786364737.854295 s4e1-9bcd9d54:1 s5e1-a6032c23:1 s6e1-9b9b9a76:1
1786364737.875445 s4e1-9bcd9d54:1 s5e1-a6032c23:1 s6e1-9b9b9a76:1
1786364737.896489 s4e1-9bcd9d54:1 s5e1-a6032c23:1 s6e1-9b9b9a76:1
1786364737.917806 s4e1-9bcd9d54:1 s5e1-a6032c23:1 s6e1-9b9b9a76:1 s7e1-8baa63a2:53E
1786364737.983808 s4e1-9bcd9d54:1 s5e1-a6032c23:1 s6e1-9b9b9a76:1 s7e1-8baa63a2:1
1786364737.990381 s4e1-9bcd9d54:1 s5e1-a6032c23:1 s6e1-9b9b9a76:1 s7e1-8baa63a2:1
1786364738.011588 s4e1-9bcd9d54:1 s5e1-a6032c23:1 s6e1-9b9b9a76:1 s7e1-8baa63a2:1
1786364738.032651 s5e1-a6032c23:1 s6e1-9b9b9a76:1 s7e1-8baa63a2:1
1786364738.053797 s5e1-a6032c23:1 s6e1-9b9b9a76:1 s7e1-8baa63a2:1
1786364738.074871 s5e1-a6032c23:1 s6e1-9b9b9a76:1 s7e1-8baa63a2:1
1786364738.095956 s5e1-a6032c23:1 s6e1-9b9b9a76:1 s7e1-8baa63a2:1
1786364738.117088 s5e1-a6032c23:1 s6e1-9b9b9a76:1 s7e1-8baa63a2:1
1786364738.138136 s5e1-a6032c23:1 s6e1-9b9b9a76:1 s7e1-8baa63a2:1
1786364738.159280 s5e1-a6032c23:1 s6e1-9b9b9a76:1 s7e1-8baa63a2:1
1786364738.180538 s6e1-9b9b9a76:1 s7e1-8baa63a2:1 s8e1-80e16469:53E
1786364738.246556 s6e1-9b9b9a76:1 s7e1-8baa63a2:1 s8e1-80e16469:1
1786364738.252970 s6e1-9b9b9a76:1 s7e1-8baa63a2:1 s8e1-80e16469:1
1786364738.273939 s6e1-9b9b9a76:1 s7e1-8baa63a2:1 s8e1-80e16469:1
1786364738.294957 s6e1-9b9b9a76:1 s7e1-8baa63a2:1 s8e1-80e16469:1
1786364738.315916 s6e1-9b9b9a76:1 s7e1-8baa63a2:1 s8e1-80e16469:1
1786364738.336921 s6e1-9b9b9a76:1 s7e1-8baa63a2:1 s8e1-80e16469:1
1786364738.357920 s6e1-9b9b9a76:1 s7e1-8baa63a2:1 s8e1-80e16469:1
1786364738.379032 s6e1-9b9b9a76:1 s7e1-8baa63a2:1 s8e1-80e16469:1
1786364738.399911 s6e1-9b9b9a76:1 s7e1-8baa63a2:1 s8e1-80e16469:1
1786364738.420943 s6e1-9b9b9a76:1 s7e1-8baa63a2:1 s8e1-80e16469:1
1786364738.441973 s7e1-8baa63a2:1 s8e1-80e16469:1
1786364738.462987 s7e1-8baa63a2:1 s8e1-80e16469:1
1786364738.483559 s7e1-8baa63a2:1 s8e1-80e16469:1 s1e1-b7e25164:53E
1786364738.547967 s7e1-8baa63a2:1 s8e1-80e16469:1 s1e1-b7e25164:1
1786364738.554772 s7e1-8baa63a2:1 s8e1-80e16469:1 s1e1-b7e25164:1
1786364738.575571 s7e1-8baa63a2:1 s8e1-80e16469:1 s1e1-b7e25164:1
1786364738.596637 s7e1-8baa63a2:1 s8e1-80e16469:1 s1e1-b7e25164:1
1786364738.617558 s7e1-8baa63a2:1 s8e1-80e16469:1 s1e1-b7e25164:1
1786364738.638630 s7e1-8baa63a2:1 s8e1-80e16469:1 s1e1-b7e25164:1
1786364738.659776 s7e1-8baa63a2:1 s8e1-80e16469:1 s1e1-b7e25164:1 s2e1-86b6c7ad:53E
1786364738.727280 s7e1-8baa63a2:1 s8e1-80e16469:1 s1e1-b7e25164:1 s2e1-86b6c7ad:1
1786364738.733637 s8e1-80e16469:1 s1e1-b7e25164:1 s2e1-86b6c7ad:1
1786364738.754617 s8e1-80e16469:1 s1e1-b7e25164:1 s2e1-86b6c7ad:1
1786364738.775664 s8e1-80e16469:1 s1e1-b7e25164:1 s2e1-86b6c7ad:1
1786364738.796629 s8e1-80e16469:1 s1e1-b7e25164:1 s2e1-86b6c7ad:1
1786364738.817569 s8e1-80e16469:1 s1e1-b7e25164:1 s2e1-86b6c7ad:1
1786364738.838575 s8e1-80e16469:1 s1e1-b7e25164:1 s2e1-86b6c7ad:1
1786364738.859665 s8e1-80e16469:1 s1e1-b7e25164:1 s2e1-86b6c7ad:1
1786364738.880744 s8e1-80e16469:1 s1e1-b7e25164:1 s2e1-86b6c7ad:1
1786364738.901803 s8e1-80e16469:1 s1e1-b7e25164:1 s2e1-86b6c7ad:1
1786364738.923053 s8e1-80e16469:1 s1e1-b7e25164:1 s2e1-86b6c7ad:1
1786364738.943995 s8e1-80e16469:1 s1e1-b7e25164:1 s2e1-86b6c7ad:1
1786364738.965241 s1e1-b7e25164:1 s2e1-86b6c7ad:1 s3e1-9632d15b:53E
1786364739.031155 s1e1-b7e25164:1 s2e1-86b6c7ad:1 s3e1-9632d15b:1
1786364739.037688 s1e1-b7e25164:1 s2e1-86b6c7ad:1 s3e1-9632d15b:1
1786364739.058477 s1e1-b7e25164:1 s2e1-86b6c7ad:1 s3e1-9632d15b:1
1786364739.079440 s1e1-b7e25164:1 s2e1-86b6c7ad:1 s3e1-9632d15b:1
1786364739.100467 s1e1-b7e25164:1 s2e1-86b6c7ad:1 s3e1-9632d15b:1
1786364739.121545 s1e1-b7e25164:1 s2e1-86b6c7ad:1 s3e1-9632d15b:1
1786364739.142734 s1e1-b7e25164:1 s2e1-86b6c7ad:1 s3e1-9632d15b:1
1786364739.163795 s1e1-b7e25164:1 s2e1-86b6c7ad:1 s3e1-9632d15b:1
1786364739.184794 s1e1-b7e25164:1 s2e1-86b6c7ad:1 s3e1-9632d15b:1
1786364739.205936 s1e1-b7e25164:1 s2e1-86b6c7ad:1 s3e1-9632d15b:1
1786364739.227173 s1e1-b7e25164:1 s2e1-86b6c7ad:1 s3e1-9632d15b:1 s4e1-9bcd9d54:53E
1786364739.292345 s1e1-b7e25164:1 s2e1-86b6c7ad:1 s3e1-9632d15b:1 s4e1-9bcd9d54:1
1786364739.298795 s2e1-86b6c7ad:1 s3e1-9632d15b:1 s4e1-9bcd9d54:1
1786364739.319699 s2e1-86b6c7ad:1 s3e1-9632d15b:1 s4e1-9bcd9d54:1
1786364739.340868 s2e1-86b6c7ad:1 s3e1-9632d15b:1 s4e1-9bcd9d54:1
1786364739.361894 s2e1-86b6c7ad:1 s3e1-9632d15b:1 s4e1-9bcd9d54:1
1786364739.382959 s2e1-86b6c7ad:1 s3e1-9632d15b:1 s4e1-9bcd9d54:1
1786364739.404184 s2e1-86b6c7ad:1 s3e1-9632d15b:1 s4e1-9bcd9d54:1
1786364739.425456 s2e1-86b6c7ad:1 s3e1-9632d15b:1 s4e1-9bcd9d54:1 s5e1-a6032c23:53E
1786364739.492137 s3e1-9632d15b:1 s4e1-9bcd9d54:1 s5e1-a6032c23:1
1786364739.498569 s3e1-9632d15b:1 s4e1-9bcd9d54:1 s5e1-a6032c23:1
1786364739.519391 s3e1-9632d15b:1 s4e1-9bcd9d54:1 s5e1-a6032c23:1
1786364739.540469 s3e1-9632d15b:1 s4e1-9bcd9d54:1 s5e1-a6032c23:1
1786364739.561541 s3e1-9632d15b:1 s4e1-9bcd9d54:1 s5e1-a6032c23:1
1786364739.582607 s3e1-9632d15b:1 s4e1-9bcd9d54:1 s5e1-a6032c23:1
1786364739.603687 s3e1-9632d15b:1 s4e1-9bcd9d54:1 s5e1-a6032c23:1
1786364739.624783 s3e1-9632d15b:1 s4e1-9bcd9d54:1 s5e1-a6032c23:1
1786364739.645853 s3e1-9632d15b:1 s4e1-9bcd9d54:1 s5e1-a6032c23:1
1786364739.667020 s3e1-9632d15b:1 s4e1-9bcd9d54:1 s5e1-a6032c23:1
1786364739.688139 s3e1-9632d15b:1 s4e1-9bcd9d54:1 s5e1-a6032c23:1
1786364739.709373 s3e1-9632d15b:1 s4e1-9bcd9d54:1 s5e1-a6032c23:1 s6e1-9b9b9a76:53E
1786364739.775349 s3e1-9632d15b:1 s4e1-9bcd9d54:1 s5e1-a6032c23:1 s6e1-9b9b9a76:1
1786364739.781734 s4e1-9bcd9d54:1 s5e1-a6032c23:1 s6e1-9b9b9a76:1
1786364739.802763 s4e1-9bcd9d54:1 s5e1-a6032c23:1 s6e1-9b9b9a76:1
1786364739.823831 s4e1-9bcd9d54:1 s5e1-a6032c23:1 s6e1-9b9b9a76:1
1786364739.844858 s4e1-9bcd9d54:1 s5e1-a6032c23:1 s6e1-9b9b9a76:1
1786364739.865941 s4e1-9bcd9d54:1 s5e1-a6032c23:1 s6e1-9b9b9a76:1
1786364739.887018 s4e1-9bcd9d54:1 s5e1-a6032c23:1 s6e1-9b9b9a76:1
1786364739.908074 s4e1-9bcd9d54:1 s5e1-a6032c23:1 s6e1-9b9b9a76:1
1786364739.929227 s4e1-9bcd9d54:1 s5e1-a6032c23:1 s6e1-9b9b9a76:1
1786364739.950234 s4e1-9bcd9d54:1 s5e1-a6032c23:1 s6e1-9b9b9a76:1
1786364739.971386 s4e1-9bcd9d54:1 s5e1-a6032c23:1 s6e1-9b9b9a76:1
1786364739.992619 s4e1-9bcd9d54:1 s5e1-a6032c23:1 s6e1-9b9b9a76:1 s7e1-8baa63a2:53E
1786364740.058472 s5e1-a6032c23:1 s6e1-9b9b9a76:1 s7e1-8baa63a2:1
1786364740.065192 s5e1-a6032c23:1 s6e1-9b9b9a76:1 s7e1-8baa63a2:1
1786364740.086181 s5e1-a6032c23:1 s6e1-9b9b9a76:1 s7e1-8baa63a2:1
1786364740.107113 s5e1-a6032c23:1 s6e1-9b9b9a76:1 s7e1-8baa63a2:1
1786364740.128134 s5e1-a6032c23:1 s6e1-9b9b9a76:1 s7e1-8baa63a2:1
1786364740.149096 s5e1-a6032c23:1 s6e1-9b9b9a76:1 s7e1-8baa63a2:1
1786364740.170194 s5e1-a6032c23:1 s6e1-9b9b9a76:1 s7e1-8baa63a2:1
1786364740.191172 s5e1-a6032c23:1 s6e1-9b9b9a76:1 s7e1-8baa63a2:1
1786364740.212323 s6e1-9b9b9a76:1 s7e1-8baa63a2:1 s8e1-80e16469:53E
1786364740.278513 s6e1-9b9b9a76:1 s7e1-8baa63a2:1 s8e1-80e16469:1
1786364740.285081 s6e1-9b9b9a76:1 s7e1-8baa63a2:1 s8e1-80e16469:1
1786364740.305927 s6e1-9b9b9a76:1 s7e1-8baa63a2:1 s8e1-80e16469:1
1786364740.326988 s6e1-9b9b9a76:1 s7e1-8baa63a2:1 s8e1-80e16469:1
1786364740.347934 s6e1-9b9b9a76:1 s7e1-8baa63a2:1 s8e1-80e16469:1
1786364740.368970 s6e1-9b9b9a76:1 s7e1-8baa63a2:1 s8e1-80e16469:1
1786364740.390055 s6e1-9b9b9a76:1 s7e1-8baa63a2:1 s8e1-80e16469:1
1786364740.411147 s6e1-9b9b9a76:1 s7e1-8baa63a2:1 s8e1-80e16469:1
1786364740.432312 s6e1-9b9b9a76:1 s7e1-8baa63a2:1 s8e1-80e16469:1
1786364740.453551 s6e1-9b9b9a76:1 s7e1-8baa63a2:1 s8e1-80e16469:1 s1e1-b7e25164:53E
1786364740.519049 s6e1-9b9b9a76:1 s7e1-8baa63a2:1 s8e1-80e16469:1 s1e1-b7e25164:1
1786364740.526102 s7e1-8baa63a2:1 s8e1-80e16469:1 s1e1-b7e25164:1
1786364740.547048 s7e1-8baa63a2:1 s8e1-80e16469:1 s1e1-b7e25164:1
1786364740.568100 s7e1-8baa63a2:1 s8e1-80e16469:1 s1e1-b7e25164:1
1786364740.589165 s7e1-8baa63a2:1 s8e1-80e16469:1 s1e1-b7e25164:1
1786364740.610299 s7e1-8baa63a2:1 s8e1-80e16469:1 s1e1-b7e25164:1
1786364740.631303 s7e1-8baa63a2:1 s8e1-80e16469:1 s1e1-b7e25164:1
1786364740.652478 s7e1-8baa63a2:1 s8e1-80e16469:1 s1e1-b7e25164:1
1786364740.673755 s7e1-8baa63a2:1 s8e1-80e16469:1 s1e1-b7e25164:1
1786364740.694877 s7e1-8baa63a2:1 s8e1-80e16469:1 s1e1-b7e25164:1
1786364740.716076 s7e1-8baa63a2:1 s8e1-80e16469:1 s1e1-b7e25164:1
1786364740.737324 s7e1-8baa63a2:1 s8e1-80e16469:1 s1e1-b7e25164:1
1786364740.758607 s7e1-8baa63a2:1 s8e1-80e16469:1 s1e1-b7e25164:1 s2e1-86b6c7ad:53E
1786364740.823775 s8e1-80e16469:1 s1e1-b7e25164:1 s2e1-86b6c7ad:1
1786364740.831096 s8e1-80e16469:1 s1e1-b7e25164:1 s2e1-86b6c7ad:1
1786364740.852146 s8e1-80e16469:1 s1e1-b7e25164:1 s2e1-86b6c7ad:1
1786364740.873221 s8e1-80e16469:1 s1e1-b7e25164:1 s2e1-86b6c7ad:1
1786364740.894392 s8e1-80e16469:1 s1e1-b7e25164:1 s2e1-86b6c7ad:1
1786364740.915425 s8e1-80e16469:1 s1e1-b7e25164:1 s2e1-86b6c7ad:1
1786364740.936478 s8e1-80e16469:1 s1e1-b7e25164:1 s2e1-86b6c7ad:1
1786364740.957588 s8e1-80e16469:1 s1e1-b7e25164:1 s2e1-86b6c7ad:1
1786364740.978786 s8e1-80e16469:1 s1e1-b7e25164:1 s2e1-86b6c7ad:1
1786364740.999959 s1e1-b7e25164:1 s2e1-86b6c7ad:1 s3e1-9632d15b:53E
1786364741.065380 s1e1-b7e25164:1 s2e1-86b6c7ad:1 s3e1-9632d15b:1
1786364741.072229 s1e1-b7e25164:1 s2e1-86b6c7ad:1 s3e1-9632d15b:1
1786364741.093199 s1e1-b7e25164:1 s2e1-86b6c7ad:1 s3e1-9632d15b:1
1786364741.114188 s1e1-b7e25164:1 s2e1-86b6c7ad:1 s3e1-9632d15b:1
1786364741.135172 s1e1-b7e25164:1 s2e1-86b6c7ad:1 s3e1-9632d15b:1
1786364741.156250 s1e1-b7e25164:1 s2e1-86b6c7ad:1 s3e1-9632d15b:1
1786364741.177179 s1e1-b7e25164:1 s2e1-86b6c7ad:1 s3e1-9632d15b:1
1786364741.198167 s1e1-b7e25164:1 s2e1-86b6c7ad:1 s3e1-9632d15b:1
1786364741.219350 s1e1-b7e25164:1 s2e1-86b6c7ad:1 s3e1-9632d15b:1
1786364741.240402 s2e1-86b6c7ad:1 s3e1-9632d15b:1 s4e1-9bcd9d54:53E
1786364741.306391 s2e1-86b6c7ad:1 s3e1-9632d15b:1 s4e1-9bcd9d54:1
1786364741.312637 s2e1-86b6c7ad:1 s3e1-9632d15b:1 s4e1-9bcd9d54:1
1786364741.333609 s2e1-86b6c7ad:1 s3e1-9632d15b:1 s4e1-9bcd9d54:1
1786364741.354539 s2e1-86b6c7ad:1 s3e1-9632d15b:1 s4e1-9bcd9d54:1
1786364741.375573 s2e1-86b6c7ad:1 s3e1-9632d15b:1 s4e1-9bcd9d54:1
1786364741.396550 s2e1-86b6c7ad:1 s3e1-9632d15b:1 s4e1-9bcd9d54:1
1786364741.417563 s2e1-86b6c7ad:1 s3e1-9632d15b:1 s4e1-9bcd9d54:1
1786364741.438621 s2e1-86b6c7ad:1 s3e1-9632d15b:1 s4e1-9bcd9d54:1
1786364741.459805 s2e1-86b6c7ad:1 s3e1-9632d15b:1 s4e1-9bcd9d54:1 s5e1-a6032c23:53E
1786364741.525324 s2e1-86b6c7ad:1 s3e1-9632d15b:1 s4e1-9bcd9d54:1 s5e1-a6032c23:1
1786364741.532495 s2e1-86b6c7ad:1 s3e1-9632d15b:1 s4e1-9bcd9d54:1 s5e1-a6032c23:1
1786364741.553619 s2e1-86b6c7ad:1 s3e1-9632d15b:1 s4e1-9bcd9d54:1 s5e1-a6032c23:1
1786364741.574690 s3e1-9632d15b:1 s4e1-9bcd9d54:1 s5e1-a6032c23:1
1786364741.595837 s3e1-9632d15b:1 s4e1-9bcd9d54:1 s5e1-a6032c23:1
1786364741.616900 s3e1-9632d15b:1 s4e1-9bcd9d54:1 s5e1-a6032c23:1
1786364741.638075 s3e1-9632d15b:1 s4e1-9bcd9d54:1 s5e1-a6032c23:1
1786364741.659142 s3e1-9632d15b:1 s4e1-9bcd9d54:1 s5e1-a6032c23:1
1786364741.680215 s3e1-9632d15b:1 s4e1-9bcd9d54:1 s5e1-a6032c23:1
1786364741.701380 s3e1-9632d15b:1 s4e1-9bcd9d54:1 s5e1-a6032c23:1
1786364741.722442 s3e1-9632d15b:1 s4e1-9bcd9d54:1 s5e1-a6032c23:1
1786364741.743684 s3e1-9632d15b:1 s4e1-9bcd9d54:1 s5e1-a6032c23:1 s6e1-9b9b9a76:53E
1786364741.809076 s3e1-9632d15b:1 s4e1-9bcd9d54:1 s5e1-a6032c23:1 s6e1-9b9b9a76:1
1786364741.815764 s4e1-9bcd9d54:1 s5e1-a6032c23:1 s6e1-9b9b9a76:1
1786364741.836704 s4e1-9bcd9d54:1 s5e1-a6032c23:1 s6e1-9b9b9a76:1
1786364741.857835 s4e1-9bcd9d54:1 s5e1-a6032c23:1 s6e1-9b9b9a76:1
1786364741.878846 s4e1-9bcd9d54:1 s5e1-a6032c23:1 s6e1-9b9b9a76:1
1786364741.899926 s4e1-9bcd9d54:1 s5e1-a6032c23:1 s6e1-9b9b9a76:1
1786364741.921029 s4e1-9bcd9d54:1 s5e1-a6032c23:1 s6e1-9b9b9a76:1
1786364741.942150 s4e1-9bcd9d54:1 s5e1-a6032c23:1 s6e1-9b9b9a76:1
1786364741.963483 s4e1-9bcd9d54:1 s5e1-a6032c23:1 s6e1-9b9b9a76:1 s7e1-8baa63a2:53E
1786364742.029016 s4e1-9bcd9d54:1 s5e1-a6032c23:1 s6e1-9b9b9a76:1 s7e1-8baa63a2:1
1786364742.036346 s4e1-9bcd9d54:1 s5e1-a6032c23:1 s6e1-9b9b9a76:1 s7e1-8baa63a2:1
1786364742.057240 s5e1-a6032c23:1 s6e1-9b9b9a76:1 s7e1-8baa63a2:1
1786364742.078385 s5e1-a6032c23:1 s6e1-9b9b9a76:1 s7e1-8baa63a2:1
1786364742.099532 s5e1-a6032c23:1 s6e1-9b9b9a76:1 s7e1-8baa63a2:1
1786364742.120555 s5e1-a6032c23:1 s6e1-9b9b9a76:1 s7e1-8baa63a2:1
1786364742.141646 s5e1-a6032c23:1 s6e1-9b9b9a76:1 s7e1-8baa63a2:1
1786364742.162748 s5e1-a6032c23:1 s6e1-9b9b9a76:1 s7e1-8baa63a2:1
1786364742.183962 s5e1-a6032c23:1 s6e1-9b9b9a76:1 s7e1-8baa63a2:1
1786364742.205151 s5e1-a6032c23:1 s6e1-9b9b9a76:1 s7e1-8baa63a2:1 s8e1-80e16469:53E
1786364742.271061 s5e1-a6032c23:1 s6e1-9b9b9a76:1 s7e1-8baa63a2:1 s8e1-80e16469:1
1786364742.277682 s6e1-9b9b9a76:1 s7e1-8baa63a2:1 s8e1-80e16469:1
1786364742.298634 s6e1-9b9b9a76:1 s7e1-8baa63a2:1 s8e1-80e16469:1
1786364742.319879 s6e1-9b9b9a76:1 s7e1-8baa63a2:1 s8e1-80e16469:1
1786364742.340787 s6e1-9b9b9a76:1 s7e1-8baa63a2:1 s8e1-80e16469:1
1786364742.361884 s6e1-9b9b9a76:1 s7e1-8baa63a2:1 s8e1-80e16469:1
1786364742.383030 s6e1-9b9b9a76:1 s7e1-8baa63a2:1 s8e1-80e16469:1
1786364742.404032 s6e1-9b9b9a76:1 s7e1-8baa63a2:1 s8e1-80e16469:1
1786364742.425138 s6e1-9b9b9a76:1 s7e1-8baa63a2:1 s8e1-80e16469:1
1786364742.446209 s6e1-9b9b9a76:1 s7e1-8baa63a2:1 s8e1-80e16469:1
1786364742.467376 s6e1-9b9b9a76:1 s7e1-8baa63a2:1 s8e1-80e16469:1
1786364742.488641 s6e1-9b9b9a76:1 s7e1-8baa63a2:1 s8e1-80e16469:1 s1e1-b7e25164:53E
1786364742.554800 s6e1-9b9b9a76:1 s7e1-8baa63a2:1 s8e1-80e16469:1 s1e1-b7e25164:1
1786364742.561489 s7e1-8baa63a2:1 s8e1-80e16469:1 s1e1-b7e25164:1
1786364742.582453 s7e1-8baa63a2:1 s8e1-80e16469:1 s1e1-b7e25164:1
1786364742.603525 s7e1-8baa63a2:1 s8e1-80e16469:1 s1e1-b7e25164:1
1786364742.624607 s7e1-8baa63a2:1 s8e1-80e16469:1 s1e1-b7e25164:1
1786364742.645704 s7e1-8baa63a2:1 s8e1-80e16469:1 s1e1-b7e25164:1
1786364742.666831 s7e1-8baa63a2:1 s8e1-80e16469:1 s1e1-b7e25164:1
1786364742.688129 s7e1-8baa63a2:1 s8e1-80e16469:1 s1e1-b7e25164:1
1786364742.709212 s7e1-8baa63a2:1 s8e1-80e16469:1 s1e1-b7e25164:1 s2e1-86b6c7ad:53E
1786364742.774455 s7e1-8baa63a2:1 s8e1-80e16469:1 s1e1-b7e25164:1 s2e1-86b6c7ad:1
1786364742.781723 s8e1-80e16469:1 s1e1-b7e25164:1 s2e1-86b6c7ad:1
1786364742.802637 s8e1-80e16469:1 s1e1-b7e25164:1 s2e1-86b6c7ad:1
1786364742.823671 s8e1-80e16469:1 s1e1-b7e25164:1 s2e1-86b6c7ad:1
1786364742.844756 s8e1-80e16469:1 s1e1-b7e25164:1 s2e1-86b6c7ad:1
1786364742.865850 s8e1-80e16469:1 s1e1-b7e25164:1 s2e1-86b6c7ad:1
1786364742.886926 s8e1-80e16469:1 s1e1-b7e25164:1 s2e1-86b6c7ad:1
1786364742.908111 s8e1-80e16469:1 s1e1-b7e25164:1 s2e1-86b6c7ad:1
1786364742.929116 s8e1-80e16469:1 s1e1-b7e25164:1 s2e1-86b6c7ad:1
1786364742.950206 s8e1-80e16469:1 s1e1-b7e25164:1 s2e1-86b6c7ad:1
1786364742.971454 s8e1-80e16469:1 s1e1-b7e25164:1 s2e1-86b6c7ad:1
1786364742.992622 s1e1-b7e25164:1 s2e1-86b6c7ad:1 s3e1-9632d15b:53E
1786364743.058378 s1e1-b7e25164:1 s2e1-86b6c7ad:1 s3e1-9632d15b:1
1786364743.065223 s1e1-b7e25164:1 s2e1-86b6c7ad:1 s3e1-9632d15b:1
1786364743.086020 s1e1-b7e25164:1 s2e1-86b6c7ad:1 s3e1-9632d15b:1
1786364743.107001 s1e1-b7e25164:1 s2e1-86b6c7ad:1 s3e1-9632d15b:1
1786364743.128144 s1e1-b7e25164:1 s2e1-86b6c7ad:1 s3e1-9632d15b:1
1786364743.149044 s1e1-b7e25164:1 s2e1-86b6c7ad:1 s3e1-9632d15b:1
1786364743.170168 s1e1-b7e25164:1 s2e1-86b6c7ad:1 s3e1-9632d15b:1
1786364743.191141 s1e1-b7e25164:1 s2e1-86b6c7ad:1 s3e1-9632d15b:1
1786364743.212311 s1e1-b7e25164:1 s2e1-86b6c7ad:1 s3e1-9632d15b:1 s4e1-9bcd9d54:53E
1786364743.277558 s1e1-b7e25164:1 s2e1-86b6c7ad:1 s3e1-9632d15b:1 s4e1-9bcd9d54:1
1786364743.284565 s1e1-b7e25164:1 s2e1-86b6c7ad:1 s3e1-9632d15b:1 s4e1-9bcd9d54:1
1786364743.305639 s2e1-86b6c7ad:1 s3e1-9632d15b:1 s4e1-9bcd9d54:1
1786364743.326799 s2e1-86b6c7ad:1 s3e1-9632d15b:1 s4e1-9bcd9d54:1
1786364743.347874 s2e1-86b6c7ad:1 s3e1-9632d15b:1 s4e1-9bcd9d54:1
1786364743.369061 s2e1-86b6c7ad:1 s3e1-9632d15b:1 s4e1-9bcd9d54:1
1786364743.390084 s2e1-86b6c7ad:1 s3e1-9632d15b:1 s4e1-9bcd9d54:1
1786364743.411158 s2e1-86b6c7ad:1 s3e1-9632d15b:1 s4e1-9bcd9d54:1
1786364743.432372 s2e1-86b6c7ad:1 s3e1-9632d15b:1 s4e1-9bcd9d54:1
1786364743.453523 s2e1-86b6c7ad:1 s3e1-9632d15b:1 s4e1-9bcd9d54:1 s5e1-a6032c23:53E
1786364743.519166 s2e1-86b6c7ad:1 s3e1-9632d15b:1 s4e1-9bcd9d54:1 s5e1-a6032c23:1
1786364743.526424 s3e1-9632d15b:1 s4e1-9bcd9d54:1 s5e1-a6032c23:1
1786364743.547455 s3e1-9632d15b:1 s4e1-9bcd9d54:1 s5e1-a6032c23:1
1786364743.568556 s3e1-9632d15b:1 s4e1-9bcd9d54:1 s5e1-a6032c23:1
1786364743.589627 s3e1-9632d15b:1 s4e1-9bcd9d54:1 s5e1-a6032c23:1
1786364743.610643 s3e1-9632d15b:1 s4e1-9bcd9d54:1 s5e1-a6032c23:1
1786364743.631723 s3e1-9632d15b:1 s4e1-9bcd9d54:1 s5e1-a6032c23:1
1786364743.652793 s3e1-9632d15b:1 s4e1-9bcd9d54:1 s5e1-a6032c23:1
1786364743.673965 s3e1-9632d15b:1 s4e1-9bcd9d54:1 s5e1-a6032c23:1
1786364743.695031 s3e1-9632d15b:1 s4e1-9bcd9d54:1 s5e1-a6032c23:1
1786364743.716248 s3e1-9632d15b:1 s4e1-9bcd9d54:1 s5e1-a6032c23:1 s6e1-9b9b9a76:53E
1786364743.782920 s3e1-9632d15b:1 s4e1-9bcd9d54:1 s5e1-a6032c23:1 s6e1-9b9b9a76:1
1786364743.789392 s3e1-9632d15b:1 s4e1-9bcd9d54:1 s5e1-a6032c23:1 s6e1-9b9b9a76:1
1786364743.810497 s4e1-9bcd9d54:1 s5e1-a6032c23:1 s6e1-9b9b9a76:1
1786364743.831679 s4e1-9bcd9d54:1 s5e1-a6032c23:1 s6e1-9b9b9a76:1
1786364743.852702 s4e1-9bcd9d54:1 s5e1-a6032c23:1 s6e1-9b9b9a76:1
1786364743.873797 s4e1-9bcd9d54:1 s5e1-a6032c23:1 s6e1-9b9b9a76:1
1786364743.894842 s4e1-9bcd9d54:1 s5e1-a6032c23:1 s6e1-9b9b9a76:1
1786364743.915942 s4e1-9bcd9d54:1 s5e1-a6032c23:1 s6e1-9b9b9a76:1
1786364743.937215 s4e1-9bcd9d54:1 s5e1-a6032c23:1 s6e1-9b9b9a76:1
1786364743.958365 s4e1-9bcd9d54:1 s5e1-a6032c23:1 s6e1-9b9b9a76:1 s7e1-8baa63a2:53E
1786364744.025118 s4e1-9bcd9d54:1 s5e1-a6032c23:1 s6e1-9b9b9a76:1 s7e1-8baa63a2:1
1786364744.032501 s5e1-a6032c23:1 s6e1-9b9b9a76:1 s7e1-8baa63a2:1
1786364744.053583 s5e1-a6032c23:1 s6e1-9b9b9a76:1 s7e1-8baa63a2:1
1786364744.074635 s5e1-a6032c23:1 s6e1-9b9b9a76:1 s7e1-8baa63a2:1
1786364744.095788 s5e1-a6032c23:1 s6e1-9b9b9a76:1 s7e1-8baa63a2:1
1786364744.116802 s5e1-a6032c23:1 s6e1-9b9b9a76:1 s7e1-8baa63a2:1
1786364744.137870 s5e1-a6032c23:1 s6e1-9b9b9a76:1 s7e1-8baa63a2:1
1786364744.158967 s5e1-a6032c23:1 s6e1-9b9b9a76:1 s7e1-8baa63a2:1
1786364744.180160 s5e1-a6032c23:1 s6e1-9b9b9a76:1 s7e1-8baa63a2:1
1786364744.201183 s5e1-a6032c23:1 s6e1-9b9b9a76:1 s7e1-8baa63a2:1
1786364744.222449 s5e1-a6032c23:1 s6e1-9b9b9a76:1 s7e1-8baa63a2:1 s8e1-80e16469:53E
1786364744.289116 s6e1-9b9b9a76:1 s7e1-8baa63a2:1 s8e1-80e16469:1
1786364744.296433 s6e1-9b9b9a76:1 s7e1-8baa63a2:1 s8e1-80e16469:1
1786364744.317094 s6e1-9b9b9a76:1 s7e1-8baa63a2:1 s8e1-80e16469:1
1786364744.338189 s6e1-9b9b9a76:1 s7e1-8baa63a2:1 s8e1-80e16469:1
1786364744.359257 s6e1-9b9b9a76:1 s7e1-8baa63a2:1 s8e1-80e16469:1
1786364744.380358 s6e1-9b9b9a76:1 s7e1-8baa63a2:1 s8e1-80e16469:1
1786364744.401516 s6e1-9b9b9a76:1 s7e1-8baa63a2:1 s8e1-80e16469:1
1786364744.422741 s6e1-9b9b9a76:1 s7e1-8baa63a2:1 s8e1-80e16469:1 s1e1-b7e25164:53E
1786364744.488669 s6e1-9b9b9a76:1 s7e1-8baa63a2:1 s8e1-80e16469:1 s1e1-b7e25164:1
1786364744.496023 s6e1-9b9b9a76:1 s7e1-8baa63a2:1 s8e1-80e16469:1 s1e1-b7e25164:1
1786364744.516894 s6e1-9b9b9a76:1 s7e1-8baa63a2:1 s8e1-80e16469:1 s1e1-b7e25164:1
1786364744.538021 s7e1-8baa63a2:1 s8e1-80e16469:1 s1e1-b7e25164:1
1786364744.559198 s7e1-8baa63a2:1 s8e1-80e16469:1 s1e1-b7e25164:1
1786364744.580342 s7e1-8baa63a2:1 s8e1-80e16469:1 s1e1-b7e25164:1
1786364744.601361 s7e1-8baa63a2:1 s8e1-80e16469:1 s1e1-b7e25164:1
1786364744.622452 s7e1-8baa63a2:1 s8e1-80e16469:1 s1e1-b7e25164:1
1786364744.643509 s7e1-8baa63a2:1 s8e1-80e16469:1 s1e1-b7e25164:1
1786364744.664677 s7e1-8baa63a2:1 s8e1-80e16469:1 s1e1-b7e25164:1
1786364744.685664 s7e1-8baa63a2:1 s8e1-80e16469:1 s1e1-b7e25164:1
1786364744.706858 s7e1-8baa63a2:1 s8e1-80e16469:1 s1e1-b7e25164:1
1786364744.727850 s7e1-8baa63a2:1 s8e1-80e16469:1 s1e1-b7e25164:1
1786364744.749093 s8e1-80e16469:1 s1e1-b7e25164:1 s2e1-86b6c7ad:53E
1786364744.814272 s8e1-80e16469:1 s1e1-b7e25164:1 s2e1-86b6c7ad:1
1786364744.821738 s8e1-80e16469:1 s1e1-b7e25164:1 s2e1-86b6c7ad:1
1786364744.842600 s8e1-80e16469:1 s1e1-b7e25164:1 s2e1-86b6c7ad:1
1786364744.863609 s8e1-80e16469:1 s1e1-b7e25164:1 s2e1-86b6c7ad:1
1786364744.884678 s8e1-80e16469:1 s1e1-b7e25164:1 s2e1-86b6c7ad:1
1786364744.905853 s8e1-80e16469:1 s1e1-b7e25164:1 s2e1-86b6c7ad:1 s3e1-9632d15b:53E
1786364744.972797 s8e1-80e16469:1 s1e1-b7e25164:1 s2e1-86b6c7ad:1 s3e1-9632d15b:1
1786364744.979545 s8e1-80e16469:1 s1e1-b7e25164:1 s2e1-86b6c7ad:1 s3e1-9632d15b:1
1786364745.000475 s8e1-80e16469:1 s1e1-b7e25164:1 s2e1-86b6c7ad:1 s3e1-9632d15b:1
1786364745.021610 s8e1-80e16469:1 s1e1-b7e25164:1 s2e1-86b6c7ad:1 s3e1-9632d15b:1
1786364745.042759 s1e1-b7e25164:1 s2e1-86b6c7ad:1 s3e1-9632d15b:1
1786364745.063968 s1e1-b7e25164:1 s2e1-86b6c7ad:1 s3e1-9632d15b:1
1786364745.084973 s1e1-b7e25164:1 s2e1-86b6c7ad:1 s3e1-9632d15b:1
1786364745.106110 s1e1-b7e25164:1 s2e1-86b6c7ad:1 s3e1-9632d15b:1
1786364745.127127 s1e1-b7e25164:1 s2e1-86b6c7ad:1 s3e1-9632d15b:1
1786364745.148217 s1e1-b7e25164:1 s2e1-86b6c7ad:1 s3e1-9632d15b:1
1786364745.169297 s1e1-b7e25164:1 s2e1-86b6c7ad:1 s3e1-9632d15b:1
1786364745.190368 s1e1-b7e25164:1 s2e1-86b6c7ad:1 s3e1-9632d15b:1
1786364745.211461 s2e1-86b6c7ad:1 s3e1-9632d15b:1
1786364745.232740 s2e1-86b6c7ad:1 s3e1-9632d15b:1 s4e1-9bcd9d54:53E
1786364745.298336 s2e1-86b6c7ad:1 s3e1-9632d15b:1 s4e1-9bcd9d54:1
1786364745.305513 s2e1-86b6c7ad:1 s3e1-9632d15b:1 s4e1-9bcd9d54:1
1786364745.326321 s2e1-86b6c7ad:1 s3e1-9632d15b:1 s4e1-9bcd9d54:1
1786364745.347332 s2e1-86b6c7ad:1 s3e1-9632d15b:1 s4e1-9bcd9d54:1
1786364745.368410 s2e1-86b6c7ad:1 s3e1-9632d15b:1 s4e1-9bcd9d54:1
1786364745.389538 s2e1-86b6c7ad:1 s3e1-9632d15b:1 s4e1-9bcd9d54:1 s5e1-a6032c23:53E
1786364745.455279 s2e1-86b6c7ad:1 s3e1-9632d15b:1 s4e1-9bcd9d54:1 s5e1-a6032c23:1
1786364745.462042 s2e1-86b6c7ad:1 s3e1-9632d15b:1 s4e1-9bcd9d54:1 s5e1-a6032c23:1
1786364745.483119 s2e1-86b6c7ad:1 s3e1-9632d15b:1 s4e1-9bcd9d54:1 s5e1-a6032c23:1
1786364745.504135 s2e1-86b6c7ad:1 s3e1-9632d15b:1 s4e1-9bcd9d54:1 s5e1-a6032c23:1
1786364745.525232 s2e1-86b6c7ad:1 s3e1-9632d15b:1 s4e1-9bcd9d54:1 s5e1-a6032c23:1
1786364745.546284 s2e1-86b6c7ad:1 s3e1-9632d15b:1 s4e1-9bcd9d54:1 s5e1-a6032c23:1
1786364745.567347 s3e1-9632d15b:1 s4e1-9bcd9d54:1 s5e1-a6032c23:1
1786364745.588443 s3e1-9632d15b:1 s4e1-9bcd9d54:1 s5e1-a6032c23:1
1786364745.609424 s3e1-9632d15b:1 s4e1-9bcd9d54:1 s5e1-a6032c23:1
1786364745.630424 s3e1-9632d15b:1 s4e1-9bcd9d54:1 s5e1-a6032c23:1
1786364745.651421 s3e1-9632d15b:1 s4e1-9bcd9d54:1 s5e1-a6032c23:1
1786364745.672654 s3e1-9632d15b:1 s4e1-9bcd9d54:1 s5e1-a6032c23:1
1786364745.693780 s4e1-9bcd9d54:1 s5e1-a6032c23:1
1786364745.714931 s4e1-9bcd9d54:1 s5e1-a6032c23:1
1786364745.735516 s4e1-9bcd9d54:1 s5e1-a6032c23:1
1786364745.756123 s4e1-9bcd9d54:1 s5e1-a6032c23:1
1786364745.776822 s4e1-9bcd9d54:1 s5e1-a6032c23:1 s6e1-9b9b9a76:53E
1786364745.842053 s4e1-9bcd9d54:1 s5e1-a6032c23:1 s6e1-9b9b9a76:1
1786364745.849319 s4e1-9bcd9d54:1 s5e1-a6032c23:1 s6e1-9b9b9a76:1
1786364745.870235 s4e1-9bcd9d54:1 s5e1-a6032c23:1 s6e1-9b9b9a76:1
1786364745.891328 s4e1-9bcd9d54:1 s5e1-a6032c23:1 s6e1-9b9b9a76:1
1786364745.912475 s4e1-9bcd9d54:1 s5e1-a6032c23:1 s6e1-9b9b9a76:1 s7e1-8baa63a2:53E
1786364745.978098 s4e1-9bcd9d54:1 s5e1-a6032c23:1 s6e1-9b9b9a76:1 s7e1-8baa63a2:1
1786364745.985483 s4e1-9bcd9d54:1 s5e1-a6032c23:1 s6e1-9b9b9a76:1 s7e1-8baa63a2:1
1786364746.006571 s4e1-9bcd9d54:1 s5e1-a6032c23:1 s6e1-9b9b9a76:1 s7e1-8baa63a2:1
1786364746.027792 s4e1-9bcd9d54:1 s5e1-a6032c23:1 s6e1-9b9b9a76:1 s7e1-8baa63a2:1
1786364746.048948 s5e1-a6032c23:1 s6e1-9b9b9a76:1 s7e1-8baa63a2:1
1786364746.070030 s5e1-a6032c23:1 s6e1-9b9b9a76:1 s7e1-8baa63a2:1
1786364746.091102 s5e1-a6032c23:1 s6e1-9b9b9a76:1 s7e1-8baa63a2:1
1786364746.112179 s5e1-a6032c23:1 s6e1-9b9b9a76:1 s7e1-8baa63a2:1
1786364746.133276 s5e1-a6032c23:1 s6e1-9b9b9a76:1 s7e1-8baa63a2:1
1786364746.154417 s5e1-a6032c23:1 s6e1-9b9b9a76:1 s7e1-8baa63a2:1
1786364746.175415 s6e1-9b9b9a76:1 s7e1-8baa63a2:1
1786364746.196549 s6e1-9b9b9a76:1 s7e1-8baa63a2:1
1786364746.217052 s6e1-9b9b9a76:1 s7e1-8baa63a2:1
1786364746.237718 s6e1-9b9b9a76:1 s7e1-8baa63a2:1 s8e1-80e16469:53E
1786364746.303173 s6e1-9b9b9a76:1 s7e1-8baa63a2:1 s8e1-80e16469:1
1786364746.310869 s6e1-9b9b9a76:1 s7e1-8baa63a2:1 s8e1-80e16469:1
1786364746.331869 s6e1-9b9b9a76:1 s7e1-8baa63a2:1 s8e1-80e16469:1
1786364746.352966 s6e1-9b9b9a76:1 s7e1-8baa63a2:1 s8e1-80e16469:1
1786364746.374036 s6e1-9b9b9a76:1 s7e1-8baa63a2:1 s8e1-80e16469:1
1786364746.395318 s6e1-9b9b9a76:1 s7e1-8baa63a2:1 s8e1-80e16469:1
1786364746.416503 s6e1-9b9b9a76:1 s7e1-8baa63a2:1 s8e1-80e16469:1 s1e1-b7e25164:53E
1786364746.482584 s6e1-9b9b9a76:1 s7e1-8baa63a2:1 s8e1-80e16469:1 s1e1-b7e25164:1
1786364746.490280 s6e1-9b9b9a76:1 s7e1-8baa63a2:1 s8e1-80e16469:1 s1e1-b7e25164:1
1786364746.511433 s6e1-9b9b9a76:1 s7e1-8baa63a2:1 s8e1-80e16469:1 s1e1-b7e25164:1
1786364746.532619 s6e1-9b9b9a76:1 s7e1-8baa63a2:1 s8e1-80e16469:1 s1e1-b7e25164:1
1786364746.553735 s6e1-9b9b9a76:1 s7e1-8baa63a2:1 s8e1-80e16469:1 s1e1-b7e25164:1
1786364746.574960 s6e1-9b9b9a76:1 s7e1-8baa63a2:1 s8e1-80e16469:1 s1e1-b7e25164:1
1786364746.596101 s7e1-8baa63a2:1 s8e1-80e16469:1 s1e1-b7e25164:1
1786364746.617224 s7e1-8baa63a2:1 s8e1-80e16469:1 s1e1-b7e25164:1
1786364746.638299 s7e1-8baa63a2:1 s8e1-80e16469:1 s1e1-b7e25164:1
1786364746.659399 s7e1-8baa63a2:1 s8e1-80e16469:1 s1e1-b7e25164:1
1786364746.680509 s7e1-8baa63a2:1 s8e1-80e16469:1 s1e1-b7e25164:1
1786364746.701580 s8e1-80e16469:1 s1e1-b7e25164:1
1786364746.722708 s8e1-80e16469:1 s1e1-b7e25164:1
1786364746.743419 s8e1-80e16469:1 s1e1-b7e25164:1 s2e1-86b6c7ad:53E
1786364746.808287 s8e1-80e16469:1 s1e1-b7e25164:1 s2e1-86b6c7ad:1
1786364746.816165 s8e1-80e16469:1 s1e1-b7e25164:1 s2e1-86b6c7ad:1
1786364746.836944 s8e1-80e16469:1 s1e1-b7e25164:1 s2e1-86b6c7ad:1
1786364746.857998 s8e1-80e16469:1 s1e1-b7e25164:1 s2e1-86b6c7ad:1
1786364746.879018 s8e1-80e16469:1 s1e1-b7e25164:1 s2e1-86b6c7ad:1
1786364746.900082 s8e1-80e16469:1 s1e1-b7e25164:1 s2e1-86b6c7ad:1
1786364746.921261 s8e1-80e16469:1 s1e1-b7e25164:1 s2e1-86b6c7ad:1 s3e1-9632d15b:53E
1786364746.987099 s8e1-80e16469:1 s1e1-b7e25164:1 s2e1-86b6c7ad:1 s3e1-9632d15b:1
1786364746.994767 s8e1-80e16469:1 s1e1-b7e25164:1 s2e1-86b6c7ad:1 s3e1-9632d15b:1
1786364747.015701 s8e1-80e16469:1 s1e1-b7e25164:1 s2e1-86b6c7ad:1 s3e1-9632d15b:1
1786364747.036802 s8e1-80e16469:1 s1e1-b7e25164:1 s2e1-86b6c7ad:1 s3e1-9632d15b:1
1786364747.057947 s1e1-b7e25164:1 s2e1-86b6c7ad:1 s3e1-9632d15b:1
1786364747.079123 s1e1-b7e25164:1 s2e1-86b6c7ad:1 s3e1-9632d15b:1
1786364747.100199 s1e1-b7e25164:1 s2e1-86b6c7ad:1 s3e1-9632d15b:1
1786364747.121330 s1e1-b7e25164:1 s2e1-86b6c7ad:1 s3e1-9632d15b:1
1786364747.142410 s1e1-b7e25164:1 s2e1-86b6c7ad:1 s3e1-9632d15b:1
1786364747.163569 s1e1-b7e25164:1 s2e1-86b6c7ad:1 s3e1-9632d15b:1
1786364747.184832 s1e1-b7e25164:1 s2e1-86b6c7ad:1 s3e1-9632d15b:1
1786364747.206032 s2e1-86b6c7ad:1 s3e1-9632d15b:1 s4e1-9bcd9d54:53E
1786364747.271528 s2e1-86b6c7ad:1 s3e1-9632d15b:1 s4e1-9bcd9d54:1
1786364747.279111 s2e1-86b6c7ad:1 s3e1-9632d15b:1 s4e1-9bcd9d54:1
1786364747.299885 s2e1-86b6c7ad:1 s3e1-9632d15b:1 s4e1-9bcd9d54:1
1786364747.320863 s2e1-86b6c7ad:1 s3e1-9632d15b:1 s4e1-9bcd9d54:1
1786364747.341820 s2e1-86b6c7ad:1 s3e1-9632d15b:1 s4e1-9bcd9d54:1
1786364747.362799 s2e1-86b6c7ad:1 s3e1-9632d15b:1 s4e1-9bcd9d54:1
1786364747.383825 s2e1-86b6c7ad:1 s3e1-9632d15b:1 s4e1-9bcd9d54:1
1786364747.404861 s2e1-86b6c7ad:1 s3e1-9632d15b:1 s4e1-9bcd9d54:1
1786364747.426000 s2e1-86b6c7ad:1 s3e1-9632d15b:1 s4e1-9bcd9d54:1 s5e1-a6032c23:53E
1786364747.491644 s2e1-86b6c7ad:1 s3e1-9632d15b:1 s4e1-9bcd9d54:1 s5e1-a6032c23:1
1786364747.499177 s2e1-86b6c7ad:1 s3e1-9632d15b:1 s4e1-9bcd9d54:1 s5e1-a6032c23:1
1786364747.520122 s2e1-86b6c7ad:1 s3e1-9632d15b:1 s4e1-9bcd9d54:1 s5e1-a6032c23:1
1786364747.541305 s2e1-86b6c7ad:1 s3e1-9632d15b:1 s4e1-9bcd9d54:1 s5e1-a6032c23:1
1786364747.562495 s3e1-9632d15b:1 s4e1-9bcd9d54:1 s5e1-a6032c23:1
1786364747.583673 s3e1-9632d15b:1 s4e1-9bcd9d54:1 s5e1-a6032c23:1
1786364747.604726 s3e1-9632d15b:1 s4e1-9bcd9d54:1 s5e1-a6032c23:1
1786364747.625797 s3e1-9632d15b:1 s4e1-9bcd9d54:1 s5e1-a6032c23:1
1786364747.646899 s3e1-9632d15b:1 s4e1-9bcd9d54:1 s5e1-a6032c23:1
1786364747.668146 s3e1-9632d15b:1 s4e1-9bcd9d54:1 s5e1-a6032c23:1
1786364747.689571 s3e1-9632d15b:1 s4e1-9bcd9d54:1 s5e1-a6032c23:1 s6e1-9b9b9a76:53E
1786364747.755749 s4e1-9bcd9d54:1 s5e1-a6032c23:1 s6e1-9b9b9a76:1
1786364747.763331 s4e1-9bcd9d54:1 s5e1-a6032c23:1 s6e1-9b9b9a76:1
1786364747.784282 s4e1-9bcd9d54:1 s5e1-a6032c23:1 s6e1-9b9b9a76:1
1786364747.805389 s4e1-9bcd9d54:1 s5e1-a6032c23:1 s6e1-9b9b9a76:1
1786364747.826545 s4e1-9bcd9d54:1 s5e1-a6032c23:1 s6e1-9b9b9a76:1
1786364747.847553 s4e1-9bcd9d54:1 s5e1-a6032c23:1 s6e1-9b9b9a76:1
1786364747.868658 s4e1-9bcd9d54:1 s5e1-a6032c23:1 s6e1-9b9b9a76:1
1786364747.889798 s4e1-9bcd9d54:1 s5e1-a6032c23:1 s6e1-9b9b9a76:1
1786364747.910965 s4e1-9bcd9d54:1 s5e1-a6032c23:1 s6e1-9b9b9a76:1
1786364747.931996 s4e1-9bcd9d54:1 s5e1-a6032c23:1 s6e1-9b9b9a76:1
1786364747.953094 s4e1-9bcd9d54:1 s5e1-a6032c23:1 s6e1-9b9b9a76:1
1786364747.974202 s4e1-9bcd9d54:1 s5e1-a6032c23:1 s6e1-9b9b9a76:1
1786364747.995492 s5e1-a6032c23:1 s6e1-9b9b9a76:1 s7e1-8baa63a2:53E
1786364748.061564 s5e1-a6032c23:1 s6e1-9b9b9a76:1 s7e1-8baa63a2:1
1786364748.069125 s5e1-a6032c23:1 s6e1-9b9b9a76:1 s7e1-8baa63a2:1
1786364748.090191 s5e1-a6032c23:1 s6e1-9b9b9a76:1 s7e1-8baa63a2:1
1786364748.111120 s5e1-a6032c23:1 s6e1-9b9b9a76:1 s7e1-8baa63a2:1
1786364748.132159 s5e1-a6032c23:1 s6e1-9b9b9a76:1 s7e1-8baa63a2:1
1786364748.153250 s5e1-a6032c23:1 s6e1-9b9b9a76:1 s7e1-8baa63a2:1
1786364748.174356 s5e1-a6032c23:1 s6e1-9b9b9a76:1 s7e1-8baa63a2:1
1786364748.195554 s5e1-a6032c23:1 s6e1-9b9b9a76:1 s7e1-8baa63a2:1
1786364748.216563 s6e1-9b9b9a76:1 s7e1-8baa63a2:1
1786364748.237712 s6e1-9b9b9a76:1 s7e1-8baa63a2:1
1786364748.258355 s6e1-9b9b9a76:1 s7e1-8baa63a2:1 s8e1-80e16469:53E
1786364748.325265 s6e1-9b9b9a76:1 s7e1-8baa63a2:1 s8e1-80e16469:1
1786364748.332839 s6e1-9b9b9a76:1 s7e1-8baa63a2:1 s8e1-80e16469:1
1786364748.353621 s6e1-9b9b9a76:1 s7e1-8baa63a2:1 s8e1-80e16469:1
1786364748.374708 s6e1-9b9b9a76:1 s7e1-8baa63a2:1 s8e1-80e16469:1
1786364748.395492 s6e1-9b9b9a76:1 s7e1-8baa63a2:1 s8e1-80e16469:1
1786364748.416455 s6e1-9b9b9a76:1 s7e1-8baa63a2:1 s8e1-80e16469:1
1786364748.437398 s6e1-9b9b9a76:1 s7e1-8baa63a2:1 s8e1-80e16469:1
1786364748.458663 s6e1-9b9b9a76:1 s7e1-8baa63a2:1 s8e1-80e16469:1 s1e1-b7e25164:53E
1786364748.524304 s7e1-8baa63a2:1 s8e1-80e16469:1 s1e1-b7e25164:1
1786364748.532075 s7e1-8baa63a2:1 s8e1-80e16469:1 s1e1-b7e25164:1
1786364748.552941 s7e1-8baa63a2:1 s8e1-80e16469:1 s1e1-b7e25164:1
1786364748.574051 s7e1-8baa63a2:1 s8e1-80e16469:1 s1e1-b7e25164:1
1786364748.595183 s7e1-8baa63a2:1 s8e1-80e16469:1 s1e1-b7e25164:1
1786364748.616265 s7e1-8baa63a2:1 s8e1-80e16469:1 s1e1-b7e25164:1
1786364748.637329 s7e1-8baa63a2:1 s8e1-80e16469:1 s1e1-b7e25164:1
1786364748.658530 s7e1-8baa63a2:1 s8e1-80e16469:1 s1e1-b7e25164:1
1786364748.679776 s7e1-8baa63a2:1 s8e1-80e16469:1 s1e1-b7e25164:1 s2e1-86b6c7ad:53E
1786364748.745397 s7e1-8baa63a2:1 s8e1-80e16469:1 s1e1-b7e25164:1 s2e1-86b6c7ad:1
1786364748.752972 s7e1-8baa63a2:1 s8e1-80e16469:1 s1e1-b7e25164:1 s2e1-86b6c7ad:1
1786364748.774088 s7e1-8baa63a2:1 s8e1-80e16469:1 s1e1-b7e25164:1 s2e1-86b6c7ad:1
1786364748.795201 s7e1-8baa63a2:1 s8e1-80e16469:1 s1e1-b7e25164:1 s2e1-86b6c7ad:1
1786364748.816370 s8e1-80e16469:1 s1e1-b7e25164:1 s2e1-86b6c7ad:1
1786364748.837523 s8e1-80e16469:1 s1e1-b7e25164:1 s2e1-86b6c7ad:1
1786364748.858677 s8e1-80e16469:1 s1e1-b7e25164:1 s2e1-86b6c7ad:1
1786364748.879705 s8e1-80e16469:1 s1e1-b7e25164:1 s2e1-86b6c7ad:1
1786364748.900865 s8e1-80e16469:1 s1e1-b7e25164:1 s2e1-86b6c7ad:1
1786364748.921963 s8e1-80e16469:1 s1e1-b7e25164:1 s2e1-86b6c7ad:1
1786364748.943262 s8e1-80e16469:1 s1e1-b7e25164:1 s2e1-86b6c7ad:1
1786364748.964520 s8e1-80e16469:1 s1e1-b7e25164:1 s2e1-86b6c7ad:1
1786364748.985818 s8e1-80e16469:1 s1e1-b7e25164:1 s2e1-86b6c7ad:1 s3e1-9632d15b:53E
1786364749.050865 s8e1-80e16469:1 s1e1-b7e25164:1 s2e1-86b6c7ad:1 s3e1-9632d15b:1
1786364749.058970 s8e1-80e16469:1 s1e1-b7e25164:1 s2e1-86b6c7ad:1 s3e1-9632d15b:1
1786364749.079922 s1e1-b7e25164:1 s2e1-86b6c7ad:1 s3e1-9632d15b:1
1786364749.101130 s1e1-b7e25164:1 s2e1-86b6c7ad:1 s3e1-9632d15b:1
1786364749.122202 s1e1-b7e25164:1 s2e1-86b6c7ad:1 s3e1-9632d15b:1
1786364749.143369 s1e1-b7e25164:1 s2e1-86b6c7ad:1 s3e1-9632d15b:1
1786364749.164517 s1e1-b7e25164:1 s2e1-86b6c7ad:1 s3e1-9632d15b:1
1786364749.185827 s1e1-b7e25164:1 s2e1-86b6c7ad:1 s3e1-9632d15b:1 s4e1-9bcd9d54:53E
1786364749.251255 s1e1-b7e25164:1 s2e1-86b6c7ad:1 s3e1-9632d15b:1 s4e1-9bcd9d54:1
1786364749.258807 s1e1-b7e25164:1 s2e1-86b6c7ad:1 s3e1-9632d15b:1 s4e1-9bcd9d54:1
1786364749.279786 s2e1-86b6c7ad:1 s3e1-9632d15b:1 s4e1-9bcd9d54:1
1786364749.301029 s2e1-86b6c7ad:1 s3e1-9632d15b:1 s4e1-9bcd9d54:1
1786364749.322078 s2e1-86b6c7ad:1 s3e1-9632d15b:1 s4e1-9bcd9d54:1
1786364749.343172 s2e1-86b6c7ad:1 s3e1-9632d15b:1 s4e1-9bcd9d54:1
1786364749.364346 s2e1-86b6c7ad:1 s3e1-9632d15b:1 s4e1-9bcd9d54:1
1786364749.385378 s2e1-86b6c7ad:1 s3e1-9632d15b:1 s4e1-9bcd9d54:1
1786364749.406479 s2e1-86b6c7ad:1 s3e1-9632d15b:1 s4e1-9bcd9d54:1
1786364749.427586 s2e1-86b6c7ad:1 s3e1-9632d15b:1 s4e1-9bcd9d54:1
1786364749.448791 s2e1-86b6c7ad:1 s3e1-9632d15b:1 s4e1-9bcd9d54:1
1786364749.470060 s3e1-9632d15b:1 s4e1-9bcd9d54:1 s5e1-a6032c23:53E
1786364749.535088 s3e1-9632d15b:1 s4e1-9bcd9d54:1 s5e1-a6032c23:1
1786364749.543031 s3e1-9632d15b:1 s4e1-9bcd9d54:1 s5e1-a6032c23:1
1786364749.563924 s3e1-9632d15b:1 s4e1-9bcd9d54:1 s5e1-a6032c23:1
1786364749.584890 s3e1-9632d15b:1 s4e1-9bcd9d54:1 s5e1-a6032c23:1
1786364749.605887 s3e1-9632d15b:1 s4e1-9bcd9d54:1 s5e1-a6032c23:1
1786364749.626948 s3e1-9632d15b:1 s4e1-9bcd9d54:1 s5e1-a6032c23:1
1786364749.647915 s3e1-9632d15b:1 s4e1-9bcd9d54:1 s5e1-a6032c23:1
1786364749.668965 s3e1-9632d15b:1 s4e1-9bcd9d54:1 s5e1-a6032c23:1
1786364749.690194 s3e1-9632d15b:1 s4e1-9bcd9d54:1 s5e1-a6032c23:1 s6e1-9b9b9a76:53E
1786364749.755013 s3e1-9632d15b:1 s4e1-9bcd9d54:1 s5e1-a6032c23:1 s6e1-9b9b9a76:1
1786364749.763076 s3e1-9632d15b:1 s4e1-9bcd9d54:1 s5e1-a6032c23:1 s6e1-9b9b9a76:1
1786364749.784165 s3e1-9632d15b:1 s4e1-9bcd9d54:1 s5e1-a6032c23:1 s6e1-9b9b9a76:1
1786364749.805313 s4e1-9bcd9d54:1 s5e1-a6032c23:1 s6e1-9b9b9a76:1
1786364749.826486 s4e1-9bcd9d54:1 s5e1-a6032c23:1 s6e1-9b9b9a76:1
1786364749.847571 s4e1-9bcd9d54:1 s5e1-a6032c23:1 s6e1-9b9b9a76:1
1786364749.868653 s4e1-9bcd9d54:1 s5e1-a6032c23:1 s6e1-9b9b9a76:1
1786364749.889729 s4e1-9bcd9d54:1 s5e1-a6032c23:1 s6e1-9b9b9a76:1
1786364749.910901 s4e1-9bcd9d54:1 s5e1-a6032c23:1 s6e1-9b9b9a76:1
1786364749.932125 s4e1-9bcd9d54:1 s5e1-a6032c23:1 s6e1-9b9b9a76:1
1786364749.953237 s4e1-9bcd9d54:1 s5e1-a6032c23:1 s6e1-9b9b9a76:1
1786364749.974410 s5e1-a6032c23:1 s6e1-9b9b9a76:1
1786364749.995788 s5e1-a6032c23:1 s6e1-9b9b9a76:1 s7e1-8baa63a2:53E
1786364750.060463 s5e1-a6032c23:1 s6e1-9b9b9a76:1 s7e1-8baa63a2:1
1786364750.068751 s5e1-a6032c23:1 s6e1-9b9b9a76:1 s7e1-8baa63a2:1
1786364750.089809 s5e1-a6032c23:1 s6e1-9b9b9a76:1 s7e1-8baa63a2:1
1786364750.110784 s5e1-a6032c23:1 s6e1-9b9b9a76:1 s7e1-8baa63a2:1
1786364750.131853 s5e1-a6032c23:1 s6e1-9b9b9a76:1 s7e1-8baa63a2:1
1786364750.153073 s5e1-a6032c23:1 s6e1-9b9b9a76:1 s7e1-8baa63a2:1
1786364750.174288 s5e1-a6032c23:1 s6e1-9b9b9a76:1 s7e1-8baa63a2:1 s8e1-80e16469:53E
1786364750.240702 s5e1-a6032c23:1 s6e1-9b9b9a76:1 s7e1-8baa63a2:1 s8e1-80e16469:1
1786364750.248482 s5e1-a6032c23:1 s6e1-9b9b9a76:1 s7e1-8baa63a2:1 s8e1-80e16469:1
1786364750.269740 s5e1-a6032c23:1 s6e1-9b9b9a76:1 s7e1-8baa63a2:1 s8e1-80e16469:1
1786364750.290812 s6e1-9b9b9a76:1 s7e1-8baa63a2:1 s8e1-80e16469:1
1786364750.312006 s6e1-9b9b9a76:1 s7e1-8baa63a2:1 s8e1-80e16469:1
1786364750.333107 s6e1-9b9b9a76:1 s7e1-8baa63a2:1 s8e1-80e16469:1
1786364750.354163 s6e1-9b9b9a76:1 s7e1-8baa63a2:1 s8e1-80e16469:1
1786364750.375242 s6e1-9b9b9a76:1 s7e1-8baa63a2:1 s8e1-80e16469:1
1786364750.396341 s6e1-9b9b9a76:1 s7e1-8baa63a2:1 s8e1-80e16469:1
1786364750.417454 s6e1-9b9b9a76:1 s7e1-8baa63a2:1 s8e1-80e16469:1
1786364750.438646 s6e1-9b9b9a76:1 s7e1-8baa63a2:1 s8e1-80e16469:1
1786364750.459762 s6e1-9b9b9a76:1 s7e1-8baa63a2:1 s8e1-80e16469:1
1786364750.480835 s7e1-8baa63a2:1 s8e1-80e16469:1
1786364750.501907 s7e1-8baa63a2:1 s8e1-80e16469:1
1786364750.522576 s7e1-8baa63a2:1 s8e1-80e16469:1 s1e1-b7e25164:53E
1786364750.587457 s7e1-8baa63a2:1 s8e1-80e16469:1 s1e1-b7e25164:1
1786364750.595397 s7e1-8baa63a2:1 s8e1-80e16469:1 s1e1-b7e25164:1
1786364750.616252 s7e1-8baa63a2:1 s8e1-80e16469:1 s1e1-b7e25164:1
1786364750.637352 s7e1-8baa63a2:1 s8e1-80e16469:1 s1e1-b7e25164:1
1786364750.658231 s7e1-8baa63a2:1 s8e1-80e16469:1 s1e1-b7e25164:1
1786364750.679324 s7e1-8baa63a2:1 s8e1-80e16469:1 s1e1-b7e25164:1
1786364750.700551 s7e1-8baa63a2:1 s8e1-80e16469:1 s1e1-b7e25164:1 s2e1-86b6c7ad:53E
1786364750.766766 s7e1-8baa63a2:1 s8e1-80e16469:1 s1e1-b7e25164:1 s2e1-86b6c7ad:1
1786364750.774484 s7e1-8baa63a2:1 s8e1-80e16469:1 s1e1-b7e25164:1 s2e1-86b6c7ad:1
1786364750.795459 s7e1-8baa63a2:1 s8e1-80e16469:1 s1e1-b7e25164:1 s2e1-86b6c7ad:1
1786364750.816620 s8e1-80e16469:1 s1e1-b7e25164:1 s2e1-86b6c7ad:1
1786364750.837809 s8e1-80e16469:1 s1e1-b7e25164:1 s2e1-86b6c7ad:1
1786364750.858974 s8e1-80e16469:1 s1e1-b7e25164:1 s2e1-86b6c7ad:1
1786364750.880098 s8e1-80e16469:1 s1e1-b7e25164:1 s2e1-86b6c7ad:1
1786364750.901108 s8e1-80e16469:1 s1e1-b7e25164:1 s2e1-86b6c7ad:1
1786364750.922228 s8e1-80e16469:1 s1e1-b7e25164:1 s2e1-86b6c7ad:1
1786364750.943446 s8e1-80e16469:1 s1e1-b7e25164:1 s2e1-86b6c7ad:1
1786364750.964611 s1e1-b7e25164:1 s2e1-86b6c7ad:1 s3e1-9632d15b:53E
1786364751.030024 s1e1-b7e25164:1 s2e1-86b6c7ad:1 s3e1-9632d15b:1
1786364751.037858 s1e1-b7e25164:1 s2e1-86b6c7ad:1 s3e1-9632d15b:1
1786364751.058673 s1e1-b7e25164:1 s2e1-86b6c7ad:1 s3e1-9632d15b:1
1786364751.079659 s1e1-b7e25164:1 s2e1-86b6c7ad:1 s3e1-9632d15b:1
1786364751.100733 s1e1-b7e25164:1 s2e1-86b6c7ad:1 s3e1-9632d15b:1
1786364751.121815 s1e1-b7e25164:1 s2e1-86b6c7ad:1 s3e1-9632d15b:1
1786364751.142921 s1e1-b7e25164:1 s2e1-86b6c7ad:1 s3e1-9632d15b:1
1786364751.164011 s1e1-b7e25164:1 s2e1-86b6c7ad:1 s3e1-9632d15b:1
1786364751.185096 s1e1-b7e25164:1 s2e1-86b6c7ad:1 s3e1-9632d15b:1
1786364751.206186 s1e1-b7e25164:1 s2e1-86b6c7ad:1 s3e1-9632d15b:1
1786364751.227448 s1e1-b7e25164:1 s2e1-86b6c7ad:1 s3e1-9632d15b:1
1786364751.248937 s1e1-b7e25164:1 s2e1-86b6c7ad:1 s3e1-9632d15b:1 s4e1-9bcd9d54:53E
1786364751.315893 s1e1-b7e25164:1 s2e1-86b6c7ad:1 s3e1-9632d15b:1 s4e1-9bcd9d54:1
1786364751.323367 s1e1-b7e25164:1 s2e1-86b6c7ad:1 s3e1-9632d15b:1 s4e1-9bcd9d54:1
1786364751.344238 s2e1-86b6c7ad:1 s3e1-9632d15b:1 s4e1-9bcd9d54:1
1786364751.365443 s2e1-86b6c7ad:1 s3e1-9632d15b:1 s4e1-9bcd9d54:1
1786364751.386603 s2e1-86b6c7ad:1 s3e1-9632d15b:1 s4e1-9bcd9d54:1
1786364751.407621 s2e1-86b6c7ad:1 s3e1-9632d15b:1 s4e1-9bcd9d54:1
1786364751.428834 s2e1-86b6c7ad:1 s3e1-9632d15b:1 s4e1-9bcd9d54:1
1786364751.450150 s2e1-86b6c7ad:1 s3e1-9632d15b:1 s4e1-9bcd9d54:1 s5e1-a6032c23:53E
1786364751.515513 s2e1-86b6c7ad:1 s3e1-9632d15b:1 s4e1-9bcd9d54:1 s5e1-a6032c23:1
1786364751.523706 s3e1-9632d15b:1 s4e1-9bcd9d54:1 s5e1-a6032c23:1
1786364751.544760 s3e1-9632d15b:1 s4e1-9bcd9d54:1 s5e1-a6032c23:1
1786364751.565852 s3e1-9632d15b:1 s4e1-9bcd9d54:1 s5e1-a6032c23:1
1786364751.586929 s3e1-9632d15b:1 s4e1-9bcd9d54:1 s5e1-a6032c23:1
1786364751.608046 s3e1-9632d15b:1 s4e1-9bcd9d54:1 s5e1-a6032c23:1
1786364751.629126 s3e1-9632d15b:1 s4e1-9bcd9d54:1 s5e1-a6032c23:1
1786364751.650219 s3e1-9632d15b:1 s4e1-9bcd9d54:1 s5e1-a6032c23:1
1786364751.671316 s3e1-9632d15b:1 s4e1-9bcd9d54:1 s5e1-a6032c23:1
1786364751.692593 s3e1-9632d15b:1 s4e1-9bcd9d54:1 s5e1-a6032c23:1
1786364751.713782 s3e1-9632d15b:1 s4e1-9bcd9d54:1 s5e1-a6032c23:1 s6e1-9b9b9a76:53E
1786364751.779481 s3e1-9632d15b:1 s4e1-9bcd9d54:1 s5e1-a6032c23:1 s6e1-9b9b9a76:1
1786364751.787431 s4e1-9bcd9d54:1 s5e1-a6032c23:1 s6e1-9b9b9a76:1
1786364751.808556 s4e1-9bcd9d54:1 s5e1-a6032c23:1 s6e1-9b9b9a76:1
1786364751.829595 s4e1-9bcd9d54:1 s5e1-a6032c23:1 s6e1-9b9b9a76:1
1786364751.850689 s4e1-9bcd9d54:1 s5e1-a6032c23:1 s6e1-9b9b9a76:1
1786364751.871876 s4e1-9bcd9d54:1 s5e1-a6032c23:1 s6e1-9b9b9a76:1
1786364751.892944 s4e1-9bcd9d54:1 s5e1-a6032c23:1 s6e1-9b9b9a76:1
1786364751.914032 s4e1-9bcd9d54:1 s5e1-a6032c23:1 s6e1-9b9b9a76:1
1786364751.935106 s4e1-9bcd9d54:1 s5e1-a6032c23:1 s6e1-9b9b9a76:1
1786364751.956227 s4e1-9bcd9d54:1 s5e1-a6032c23:1 s6e1-9b9b9a76:1
1786364751.977422 s4e1-9bcd9d54:1 s5e1-a6032c23:1 s6e1-9b9b9a76:1
1786364751.998632 s4e1-9bcd9d54:1 s5e1-a6032c23:1 s6e1-9b9b9a76:1 s7e1-8baa63a2:53E
1786364752.064770 s4e1-9bcd9d54:1 s5e1-a6032c23:1 s6e1-9b9b9a76:1 s7e1-8baa63a2:1
1786364752.072724 s5e1-a6032c23:1 s6e1-9b9b9a76:1 s7e1-8baa63a2:1
1786364752.093739 s5e1-a6032c23:1 s6e1-9b9b9a76:1 s7e1-8baa63a2:1
1786364752.114815 s5e1-a6032c23:1 s6e1-9b9b9a76:1 s7e1-8baa63a2:1
1786364752.135972 s5e1-a6032c23:1 s6e1-9b9b9a76:1 s7e1-8baa63a2:1
1786364752.157123 s5e1-a6032c23:1 s6e1-9b9b9a76:1 s7e1-8baa63a2:1
1786364752.178355 s5e1-a6032c23:1 s6e1-9b9b9a76:1 s7e1-8baa63a2:1 s8e1-80e16469:53E
1786364752.244490 s5e1-a6032c23:1 s6e1-9b9b9a76:1 s7e1-8baa63a2:1 s8e1-80e16469:1
1786364752.253355 s5e1-a6032c23:1 s6e1-9b9b9a76:1 s7e1-8baa63a2:1 s8e1-80e16469:1
1786364752.274339 s6e1-9b9b9a76:1 s7e1-8baa63a2:1 s8e1-80e16469:1
1786364752.295506 s6e1-9b9b9a76:1 s7e1-8baa63a2:1 s8e1-80e16469:1
1786364752.316576 s6e1-9b9b9a76:1 s7e1-8baa63a2:1 s8e1-80e16469:1
1786364752.337667 s6e1-9b9b9a76:1 s7e1-8baa63a2:1 s8e1-80e16469:1
1786364752.358756 s6e1-9b9b9a76:1 s7e1-8baa63a2:1 s8e1-80e16469:1
1786364752.379917 s6e1-9b9b9a76:1 s7e1-8baa63a2:1 s8e1-80e16469:1
1786364752.400958 s6e1-9b9b9a76:1 s7e1-8baa63a2:1 s8e1-80e16469:1
1786364752.422050 s6e1-9b9b9a76:1 s7e1-8baa63a2:1 s8e1-80e16469:1
1786364752.443166 s6e1-9b9b9a76:1 s7e1-8baa63a2:1 s8e1-80e16469:1
1786364752.464262 s6e1-9b9b9a76:1 s7e1-8baa63a2:1 s8e1-80e16469:1
1786364752.485603 s6e1-9b9b9a76:1 s7e1-8baa63a2:1 s8e1-80e16469:1 s1e1-b7e25164:53E
1786364752.551077 s7e1-8baa63a2:1 s8e1-80e16469:1 s1e1-b7e25164:1
1786364752.559079 s7e1-8baa63a2:1 s8e1-80e16469:1 s1e1-b7e25164:1
1786364752.579991 s7e1-8baa63a2:1 s8e1-80e16469:1 s1e1-b7e25164:1
1786364752.601081 s7e1-8baa63a2:1 s8e1-80e16469:1 s1e1-b7e25164:1
1786364752.622181 s7e1-8baa63a2:1 s8e1-80e16469:1 s1e1-b7e25164:1
1786364752.643385 s7e1-8baa63a2:1 s8e1-80e16469:1 s1e1-b7e25164:1
1786364752.664598 s7e1-8baa63a2:1 s8e1-80e16469:1 s1e1-b7e25164:1 s2e1-86b6c7ad:53E
1786364752.730439 s7e1-8baa63a2:1 s8e1-80e16469:1 s1e1-b7e25164:1 s2e1-86b6c7ad:1
1786364752.738891 s7e1-8baa63a2:1 s8e1-80e16469:1 s1e1-b7e25164:1 s2e1-86b6c7ad:1
1786364752.759999 s7e1-8baa63a2:1 s8e1-80e16469:1 s1e1-b7e25164:1 s2e1-86b6c7ad:1
1786364752.781029 s7e1-8baa63a2:1 s8e1-80e16469:1 s1e1-b7e25164:1 s2e1-86b6c7ad:1
1786364752.802235 s7e1-8baa63a2:1 s8e1-80e16469:1 s1e1-b7e25164:1 s2e1-86b6c7ad:1
1786364752.823364 s8e1-80e16469:1 s1e1-b7e25164:1 s2e1-86b6c7ad:1
1786364752.844567 s8e1-80e16469:1 s1e1-b7e25164:1 s2e1-86b6c7ad:1
1786364752.865647 s8e1-80e16469:1 s1e1-b7e25164:1 s2e1-86b6c7ad:1
1786364752.886782 s8e1-80e16469:1 s1e1-b7e25164:1 s2e1-86b6c7ad:1
1786364752.907990 s8e1-80e16469:1 s1e1-b7e25164:1 s2e1-86b6c7ad:1
1786364752.929015 s8e1-80e16469:1 s1e1-b7e25164:1 s2e1-86b6c7ad:1
1786364752.950134 s8e1-80e16469:1 s1e1-b7e25164:1 s2e1-86b6c7ad:1
1786364752.971474 s1e1-b7e25164:1 s2e1-86b6c7ad:1 s3e1-9632d15b:53E
1786364753.037326 s1e1-b7e25164:1 s2e1-86b6c7ad:1 s3e1-9632d15b:1
1786364753.045711 s1e1-b7e25164:1 s2e1-86b6c7ad:1 s3e1-9632d15b:1
1786364753.066703 s1e1-b7e25164:1 s2e1-86b6c7ad:1 s3e1-9632d15b:1
1786364753.087785 s1e1-b7e25164:1 s2e1-86b6c7ad:1 s3e1-9632d15b:1
1786364753.108805 s1e1-b7e25164:1 s2e1-86b6c7ad:1 s3e1-9632d15b:1
1786364753.129975 s1e1-b7e25164:1 s2e1-86b6c7ad:1 s3e1-9632d15b:1 s4e1-9bcd9d54:53E
1786364753.195386 s1e1-b7e25164:1 s2e1-86b6c7ad:1 s3e1-9632d15b:1 s4e1-9bcd9d54:1
1786364753.203896 s1e1-b7e25164:1 s2e1-86b6c7ad:1 s3e1-9632d15b:1 s4e1-9bcd9d54:1
1786364753.225035 s1e1-b7e25164:1 s2e1-86b6c7ad:1 s3e1-9632d15b:1 s4e1-9bcd9d54:1
1786364753.246198 s1e1-b7e25164:1 s2e1-86b6c7ad:1 s3e1-9632d15b:1 s4e1-9bcd9d54:1
1786364753.267461 s1e1-b7e25164:1 s2e1-86b6c7ad:1 s3e1-9632d15b:1 s4e1-9bcd9d54:1
1786364753.288630 s1e1-b7e25164:1 s2e1-86b6c7ad:1 s3e1-9632d15b:1 s4e1-9bcd9d54:1
1786364753.309747 s2e1-86b6c7ad:1 s3e1-9632d15b:1 s4e1-9bcd9d54:1
1786364753.330941 s2e1-86b6c7ad:1 s3e1-9632d15b:1 s4e1-9bcd9d54:1
1786364753.352030 s2e1-86b6c7ad:1 s3e1-9632d15b:1 s4e1-9bcd9d54:1
1786364753.373110 s2e1-86b6c7ad:1 s3e1-9632d15b:1 s4e1-9bcd9d54:1
1786364753.394223 s2e1-86b6c7ad:1 s3e1-9632d15b:1 s4e1-9bcd9d54:1
1786364753.415353 s2e1-86b6c7ad:1 s3e1-9632d15b:1 s4e1-9bcd9d54:1
1786364753.436654 s2e1-86b6c7ad:1 s3e1-9632d15b:1 s4e1-9bcd9d54:1
1786364753.457777 s3e1-9632d15b:1 s4e1-9bcd9d54:1
1786364753.479023 s3e1-9632d15b:1 s4e1-9bcd9d54:1
1786364753.499521 s3e1-9632d15b:1 s4e1-9bcd9d54:1
1786364753.520167 s3e1-9632d15b:1 s4e1-9bcd9d54:1
1786364753.540851 s3e1-9632d15b:1 s4e1-9bcd9d54:1 s5e1-a6032c23:53E
1786364753.605411 s3e1-9632d15b:1 s4e1-9bcd9d54:1 s5e1-a6032c23:1
1786364753.614168 s3e1-9632d15b:1 s4e1-9bcd9d54:1 s5e1-a6032c23:1
1786364753.635283 s3e1-9632d15b:1 s4e1-9bcd9d54:1 s5e1-a6032c23:1 s6e1-9b9b9a76:53E
1786364753.700404 s3e1-9632d15b:1 s4e1-9bcd9d54:1 s5e1-a6032c23:1 s6e1-9b9b9a76:1
1786364753.708654 s3e1-9632d15b:1 s4e1-9bcd9d54:1 s5e1-a6032c23:1 s6e1-9b9b9a76:1
1786364753.729800 s3e1-9632d15b:1 s4e1-9bcd9d54:1 s5e1-a6032c23:1 s6e1-9b9b9a76:1
1786364753.750993 s3e1-9632d15b:1 s4e1-9bcd9d54:1 s5e1-a6032c23:1 s6e1-9b9b9a76:1
1786364753.772183 s3e1-9632d15b:1 s4e1-9bcd9d54:1 s5e1-a6032c23:1 s6e1-9b9b9a76:1
1786364753.793431 s4e1-9bcd9d54:1 s5e1-a6032c23:1 s6e1-9b9b9a76:1
1786364753.814562 s4e1-9bcd9d54:1 s5e1-a6032c23:1 s6e1-9b9b9a76:1
1786364753.835620 s4e1-9bcd9d54:1 s5e1-a6032c23:1 s6e1-9b9b9a76:1
1786364753.856779 s4e1-9bcd9d54:1 s5e1-a6032c23:1 s6e1-9b9b9a76:1
1786364753.877817 s4e1-9bcd9d54:1 s5e1-a6032c23:1 s6e1-9b9b9a76:1
1786364753.898928 s4e1-9bcd9d54:1 s5e1-a6032c23:1 s6e1-9b9b9a76:1
1786364753.920019 s5e1-a6032c23:1 s6e1-9b9b9a76:1
1786364753.941143 s5e1-a6032c23:1 s6e1-9b9b9a76:1
1786364753.961692 s5e1-a6032c23:1 s6e1-9b9b9a76:1
1786364753.982438 s5e1-a6032c23:1 s6e1-9b9b9a76:1 s7e1-8baa63a2:53E
1786364754.047550 s5e1-a6032c23:1 s6e1-9b9b9a76:1 s7e1-8baa63a2:1
1786364754.055909 s5e1-a6032c23:1 s6e1-9b9b9a76:1 s7e1-8baa63a2:1
1786364754.076757 s5e1-a6032c23:1 s6e1-9b9b9a76:1 s7e1-8baa63a2:1
1786364754.097764 s5e1-a6032c23:1 s6e1-9b9b9a76:1 s7e1-8baa63a2:1
1786364754.118786 s5e1-a6032c23:1 s6e1-9b9b9a76:1 s7e1-8baa63a2:1
1786364754.139808 s5e1-a6032c23:1 s6e1-9b9b9a76:1 s7e1-8baa63a2:1
1786364754.161005 s5e1-a6032c23:1 s6e1-9b9b9a76:1 s7e1-8baa63a2:1
1786364754.182078 s5e1-a6032c23:1 s6e1-9b9b9a76:1 s7e1-8baa63a2:1 s8e1-80e16469:53E
1786364754.248011 s5e1-a6032c23:1 s6e1-9b9b9a76:1 s7e1-8baa63a2:1 s8e1-80e16469:1
1786364754.256440 s5e1-a6032c23:1 s6e1-9b9b9a76:1 s7e1-8baa63a2:1 s8e1-80e16469:1
1786364754.277385 s5e1-a6032c23:1 s6e1-9b9b9a76:1 s7e1-8baa63a2:1 s8e1-80e16469:1
1786364754.298565 s5e1-a6032c23:1 s6e1-9b9b9a76:1 s7e1-8baa63a2:1 s8e1-80e16469:1
1786364754.319764 s5e1-a6032c23:1 s6e1-9b9b9a76:1 s7e1-8baa63a2:1 s8e1-80e16469:1
1786364754.340958 s5e1-a6032c23:1 s6e1-9b9b9a76:1 s7e1-8baa63a2:1 s8e1-80e16469:1
1786364754.362131 s6e1-9b9b9a76:1 s7e1-8baa63a2:1 s8e1-80e16469:1
1786364754.383404 s6e1-9b9b9a76:1 s7e1-8baa63a2:1 s8e1-80e16469:1
1786364754.404469 s6e1-9b9b9a76:1 s7e1-8baa63a2:1 s8e1-80e16469:1
1786364754.425525 s7e1-8baa63a2:1 s8e1-80e16469:1
1786364754.446661 s7e1-8baa63a2:1 s8e1-80e16469:1
1786364754.467152 s7e1-8baa63a2:1 s8e1-80e16469:1
1786364754.487694 s7e1-8baa63a2:1 s8e1-80e16469:1
1786364754.508218 s7e1-8baa63a2:1 s8e1-80e16469:1
1786364754.529007 s7e1-8baa63a2:1 s8e1-80e16469:1 s1e1-b7e25164:53E
1786364754.593901 s7e1-8baa63a2:1 s8e1-80e16469:1 s1e1-b7e25164:1
1786364754.601957 s7e1-8baa63a2:1 s8e1-80e16469:1 s1e1-b7e25164:1
1786364754.623075 s7e1-8baa63a2:1 s8e1-80e16469:1 s1e1-b7e25164:1
1786364754.644198 s7e1-8baa63a2:1 s8e1-80e16469:1 s1e1-b7e25164:1 s2e1-86b6c7ad:53E
1786364754.709007 s7e1-8baa63a2:1 s8e1-80e16469:1 s1e1-b7e25164:1 s2e1-86b6c7ad:1
1786364754.717237 s7e1-8baa63a2:1 s8e1-80e16469:1 s1e1-b7e25164:1 s2e1-86b6c7ad:1
1786364754.738203 s7e1-8baa63a2:1 s8e1-80e16469:1 s1e1-b7e25164:1 s2e1-86b6c7ad:1
1786364754.759376 s7e1-8baa63a2:1 s8e1-80e16469:1 s1e1-b7e25164:1 s2e1-86b6c7ad:1
1786364754.780650 s7e1-8baa63a2:1 s8e1-80e16469:1 s1e1-b7e25164:1 s2e1-86b6c7ad:1
1786364754.801809 s8e1-80e16469:1 s1e1-b7e25164:1 s2e1-86b6c7ad:1
1786364754.822942 s8e1-80e16469:1 s1e1-b7e25164:1 s2e1-86b6c7ad:1
1786364754.844049 s8e1-80e16469:1 s1e1-b7e25164:1 s2e1-86b6c7ad:1
1786364754.865160 s8e1-80e16469:1 s1e1-b7e25164:1 s2e1-86b6c7ad:1
1786364754.886219 s8e1-80e16469:1 s1e1-b7e25164:1 s2e1-86b6c7ad:1
1786364754.907465 s8e1-80e16469:1 s1e1-b7e25164:1 s2e1-86b6c7ad:1
1786364754.928630 s8e1-80e16469:1 s1e1-b7e25164:1 s2e1-86b6c7ad:1
1786364754.950079 s8e1-80e16469:1 s1e1-b7e25164:1 s2e1-86b6c7ad:1
1786364754.971071 s1e1-b7e25164:1 s2e1-86b6c7ad:1
1786364754.992493 s1e1-b7e25164:1 s2e1-86b6c7ad:1 s3e1-9632d15b:53E
1786364755.058005 s1e1-b7e25164:1 s2e1-86b6c7ad:1 s3e1-9632d15b:1
1786364755.066047 s1e1-b7e25164:1 s2e1-86b6c7ad:1 s3e1-9632d15b:1
1786364755.087040 s1e1-b7e25164:1 s2e1-86b6c7ad:1 s3e1-9632d15b:1
1786364755.108063 s1e1-b7e25164:1 s2e1-86b6c7ad:1 s3e1-9632d15b:1
1786364755.129086 s1e1-b7e25164:1 s2e1-86b6c7ad:1 s3e1-9632d15b:1
1786364755.150122 s1e1-b7e25164:1 s2e1-86b6c7ad:1 s3e1-9632d15b:1
1786364755.171316 s1e1-b7e25164:1 s2e1-86b6c7ad:1 s3e1-9632d15b:1
1786364755.192371 s1e1-b7e25164:1 s2e1-86b6c7ad:1 s3e1-9632d15b:1 s4e1-9bcd9d54:53E
1786364755.257437 s1e1-b7e25164:1 s2e1-86b6c7ad:1 s3e1-9632d15b:1 s4e1-9bcd9d54:1
1786364755.265802 s1e1-b7e25164:1 s2e1-86b6c7ad:1 s3e1-9632d15b:1 s4e1-9bcd9d54:1
1786364755.286998 s1e1-b7e25164:1 s2e1-86b6c7ad:1 s3e1-9632d15b:1 s4e1-9bcd9d54:1
1786364755.308183 s1e1-b7e25164:1 s2e1-86b6c7ad:1 s3e1-9632d15b:1 s4e1-9bcd9d54:1
1786364755.329360 s1e1-b7e25164:1 s2e1-86b6c7ad:1 s3e1-9632d15b:1 s4e1-9bcd9d54:1
1786364755.350648 s2e1-86b6c7ad:1 s3e1-9632d15b:1 s4e1-9bcd9d54:1
1786364755.371761 s2e1-86b6c7ad:1 s3e1-9632d15b:1 s4e1-9bcd9d54:1
1786364755.392854 s2e1-86b6c7ad:1 s3e1-9632d15b:1 s4e1-9bcd9d54:1
1786364755.413951 s2e1-86b6c7ad:1 s3e1-9632d15b:1 s4e1-9bcd9d54:1
1786364755.435118 s3e1-9632d15b:1 s4e1-9bcd9d54:1
1786364755.456276 s3e1-9632d15b:1 s4e1-9bcd9d54:1
1786364755.476871 s3e1-9632d15b:1 s4e1-9bcd9d54:1
1786364755.497586 s3e1-9632d15b:1 s4e1-9bcd9d54:1
1786364755.518372 s3e1-9632d15b:1 s4e1-9bcd9d54:1 s5e1-a6032c23:53E
1786364755.584027 s3e1-9632d15b:1 s4e1-9bcd9d54:1 s5e1-a6032c23:1
1786364755.592491 s3e1-9632d15b:1 s4e1-9bcd9d54:1 s5e1-a6032c23:1
1786364755.613372 s3e1-9632d15b:1 s4e1-9bcd9d54:1 s5e1-a6032c23:1
1786364755.634335 s3e1-9632d15b:1 s4e1-9bcd9d54:1 s5e1-a6032c23:1
1786364755.655363 s3e1-9632d15b:1 s4e1-9bcd9d54:1 s5e1-a6032c23:1
1786364755.676445 s3e1-9632d15b:1 s4e1-9bcd9d54:1 s5e1-a6032c23:1
1786364755.697676 s3e1-9632d15b:1 s4e1-9bcd9d54:1 s5e1-a6032c23:1 s6e1-9b9b9a76:53E
1786364755.764103 s3e1-9632d15b:1 s4e1-9bcd9d54:1 s5e1-a6032c23:1 s6e1-9b9b9a76:1
1786364755.772401 s3e1-9632d15b:1 s4e1-9bcd9d54:1 s5e1-a6032c23:1 s6e1-9b9b9a76:1
1786364755.793434 s3e1-9632d15b:1 s4e1-9bcd9d54:1 s5e1-a6032c23:1 s6e1-9b9b9a76:1
1786364755.814559 s4e1-9bcd9d54:1 s5e1-a6032c23:1 s6e1-9b9b9a76:1
1786364755.835775 s4e1-9bcd9d54:1 s5e1-a6032c23:1 s6e1-9b9b9a76:1
1786364755.856880 s4e1-9bcd9d54:1 s5e1-a6032c23:1 s6e1-9b9b9a76:1
1786364755.877973 s4e1-9bcd9d54:1 s5e1-a6032c23:1 s6e1-9b9b9a76:1
1786364755.899095 s4e1-9bcd9d54:1 s5e1-a6032c23:1 s6e1-9b9b9a76:1
1786364755.920179 s4e1-9bcd9d54:1 s5e1-a6032c23:1 s6e1-9b9b9a76:1
1786364755.941381 s4e1-9bcd9d54:1 s5e1-a6032c23:1 s6e1-9b9b9a76:1
1786364755.962562 s4e1-9bcd9d54:1 s5e1-a6032c23:1 s6e1-9b9b9a76:1
1786364755.983799 s5e1-a6032c23:1 s6e1-9b9b9a76:1 s7e1-8baa63a2:53E
1786364756.049094 s5e1-a6032c23:1 s6e1-9b9b9a76:1 s7e1-8baa63a2:1
1786364756.057822 s5e1-a6032c23:1 s6e1-9b9b9a76:1 s7e1-8baa63a2:1
1786364756.078675 s5e1-a6032c23:1 s6e1-9b9b9a76:1 s7e1-8baa63a2:1
1786364756.099750 s5e1-a6032c23:1 s6e1-9b9b9a76:1 s7e1-8baa63a2:1
1786364756.120889 s5e1-a6032c23:1 s6e1-9b9b9a76:1 s7e1-8baa63a2:1
1786364756.141917 s5e1-a6032c23:1 s6e1-9b9b9a76:1 s7e1-8baa63a2:1
1786364756.163003 s5e1-a6032c23:1 s6e1-9b9b9a76:1 s7e1-8baa63a2:1
1786364756.184184 s5e1-a6032c23:1 s6e1-9b9b9a76:1 s7e1-8baa63a2:1
1786364756.205448 s5e1-a6032c23:1 s6e1-9b9b9a76:1 s7e1-8baa63a2:1 s8e1-80e16469:53E
1786364756.271106 s5e1-a6032c23:1 s6e1-9b9b9a76:1 s7e1-8baa63a2:1 s8e1-80e16469:1
1786364756.279396 s5e1-a6032c23:1 s6e1-9b9b9a76:1 s7e1-8baa63a2:1 s8e1-80e16469:1
1786364756.300375 s5e1-a6032c23:1 s6e1-9b9b9a76:1 s7e1-8baa63a2:1 s8e1-80e16469:1
1786364756.321605 s5e1-a6032c23:1 s6e1-9b9b9a76:1 s7e1-8baa63a2:1 s8e1-80e16469:1
1786364756.342713 s6e1-9b9b9a76:1 s7e1-8baa63a2:1 s8e1-80e16469:1
1786364756.363997 s6e1-9b9b9a76:1 s7e1-8baa63a2:1 s8e1-80e16469:1
1786364756.385019 s6e1-9b9b9a76:1 s7e1-8baa63a2:1 s8e1-80e16469:1
1786364756.406147 s6e1-9b9b9a76:1 s7e1-8baa63a2:1 s8e1-80e16469:1
1786364756.427250 s6e1-9b9b9a76:1 s7e1-8baa63a2:1 s8e1-80e16469:1
1786364756.448431 s6e1-9b9b9a76:1 s7e1-8baa63a2:1 s8e1-80e16469:1
1786364756.469662 s6e1-9b9b9a76:1 s7e1-8baa63a2:1 s8e1-80e16469:1
1786364756.490881 s7e1-8baa63a2:1 s8e1-80e16469:1
1786364756.512304 s7e1-8baa63a2:1 s8e1-80e16469:1 s1e1-b7e25164:53E
1786364756.576812 s7e1-8baa63a2:1 s8e1-80e16469:1 s1e1-b7e25164:1
1786364756.585928 s7e1-8baa63a2:1 s8e1-80e16469:1 s1e1-b7e25164:1
1786364756.606987 s7e1-8baa63a2:1 s8e1-80e16469:1 s1e1-b7e25164:1
1786364756.628110 s7e1-8baa63a2:1 s8e1-80e16469:1 s1e1-b7e25164:1
1786364756.649251 s7e1-8baa63a2:1 s8e1-80e16469:1 s1e1-b7e25164:1
1786364756.670410 s7e1-8baa63a2:1 s8e1-80e16469:1 s1e1-b7e25164:1
1786364756.691653 s7e1-8baa63a2:1 s8e1-80e16469:1 s1e1-b7e25164:1 s2e1-86b6c7ad:53E
1786364756.756718 s7e1-8baa63a2:1 s8e1-80e16469:1 s1e1-b7e25164:1 s2e1-86b6c7ad:1
1786364756.765918 s7e1-8baa63a2:1 s8e1-80e16469:1 s1e1-b7e25164:1 s2e1-86b6c7ad:1
1786364756.787081 s7e1-8baa63a2:1 s8e1-80e16469:1 s1e1-b7e25164:1 s2e1-86b6c7ad:1
1786364756.808250 s8e1-80e16469:1 s1e1-b7e25164:1 s2e1-86b6c7ad:1
1786364756.829458 s8e1-80e16469:1 s1e1-b7e25164:1 s2e1-86b6c7ad:1
1786364756.850571 s8e1-80e16469:1 s1e1-b7e25164:1 s2e1-86b6c7ad:1
1786364756.871768 s8e1-80e16469:1 s1e1-b7e25164:1 s2e1-86b6c7ad:1
1786364756.892865 s8e1-80e16469:1 s1e1-b7e25164:1 s2e1-86b6c7ad:1
1786364756.913915 s8e1-80e16469:1 s1e1-b7e25164:1 s2e1-86b6c7ad:1
1786364756.935035 s8e1-80e16469:1 s1e1-b7e25164:1 s2e1-86b6c7ad:1
1786364756.956280 s8e1-80e16469:1 s1e1-b7e25164:1 s2e1-86b6c7ad:1
1786364756.977549 s8e1-80e16469:1 s1e1-b7e25164:1 s2e1-86b6c7ad:1 s3e1-9632d15b:53E
1786364757.043833 s1e1-b7e25164:1 s2e1-86b6c7ad:1 s3e1-9632d15b:1
1786364757.052538 s1e1-b7e25164:1 s2e1-86b6c7ad:1 s3e1-9632d15b:1
1786364757.073398 s1e1-b7e25164:1 s2e1-86b6c7ad:1 s3e1-9632d15b:1
1786364757.094484 s1e1-b7e25164:1 s2e1-86b6c7ad:1 s3e1-9632d15b:1
1786364757.115593 s1e1-b7e25164:1 s2e1-86b6c7ad:1 s3e1-9632d15b:1
1786364757.136708 s1e1-b7e25164:1 s2e1-86b6c7ad:1 s3e1-9632d15b:1
1786364757.157809 s1e1-b7e25164:1 s2e1-86b6c7ad:1 s3e1-9632d15b:1
1786364757.178919 s1e1-b7e25164:1 s2e1-86b6c7ad:1 s3e1-9632d15b:1
1786364757.200086 s1e1-b7e25164:1 s2e1-86b6c7ad:1 s3e1-9632d15b:1
1786364757.221388 s1e1-b7e25164:1 s2e1-86b6c7ad:1 s3e1-9632d15b:1 s4e1-9bcd9d54:53E
1786364757.287086 s1e1-b7e25164:1 s2e1-86b6c7ad:1 s3e1-9632d15b:1 s4e1-9bcd9d54:1
1786364757.295504 s1e1-b7e25164:1 s2e1-86b6c7ad:1 s3e1-9632d15b:1 s4e1-9bcd9d54:1
1786364757.316454 s1e1-b7e25164:1 s2e1-86b6c7ad:1 s3e1-9632d15b:1 s4e1-9bcd9d54:1
1786364757.337623 s2e1-86b6c7ad:1 s3e1-9632d15b:1 s4e1-9bcd9d54:1
1786364757.358820 s2e1-86b6c7ad:1 s3e1-9632d15b:1 s4e1-9bcd9d54:1
1786364757.379920 s2e1-86b6c7ad:1 s3e1-9632d15b:1 s4e1-9bcd9d54:1
1786364757.401011 s2e1-86b6c7ad:1 s3e1-9632d15b:1 s4e1-9bcd9d54:1
1786364757.422221 s2e1-86b6c7ad:1 s3e1-9632d15b:1 s4e1-9bcd9d54:1
1786364757.443224 s2e1-86b6c7ad:1 s3e1-9632d15b:1 s4e1-9bcd9d54:1
1786364757.464354 s2e1-86b6c7ad:1 s3e1-9632d15b:1 s4e1-9bcd9d54:1
1786364757.485575 s3e1-9632d15b:1 s4e1-9bcd9d54:1
1786364757.506754 s3e1-9632d15b:1 s4e1-9bcd9d54:1 s5e1-a6032c23:53E
1786364757.570563 s3e1-9632d15b:1 s4e1-9bcd9d54:1 s5e1-a6032c23:1
1786364757.579798 s3e1-9632d15b:1 s4e1-9bcd9d54:1 s5e1-a6032c23:1
1786364757.600725 s3e1-9632d15b:1 s4e1-9bcd9d54:1 s5e1-a6032c23:1
1786364757.621784 s3e1-9632d15b:1 s4e1-9bcd9d54:1 s5e1-a6032c23:1
1786364757.642946 s3e1-9632d15b:1 s4e1-9bcd9d54:1 s5e1-a6032c23:1
1786364757.664164 s3e1-9632d15b:1 s4e1-9bcd9d54:1 s5e1-a6032c23:1
1786364757.685379 s3e1-9632d15b:1 s4e1-9bcd9d54:1 s5e1-a6032c23:1 s6e1-9b9b9a76:53E
1786364757.750929 s3e1-9632d15b:1 s4e1-9bcd9d54:1 s5e1-a6032c23:1 s6e1-9b9b9a76:1
1786364757.759686 s3e1-9632d15b:1 s4e1-9bcd9d54:1 s5e1-a6032c23:1 s6e1-9b9b9a76:1
1786364757.780746 s3e1-9632d15b:1 s4e1-9bcd9d54:1 s5e1-a6032c23:1 s6e1-9b9b9a76:1
1786364757.801939 s4e1-9bcd9d54:1 s5e1-a6032c23:1 s6e1-9b9b9a76:1
1786364757.823197 s4e1-9bcd9d54:1 s5e1-a6032c23:1 s6e1-9b9b9a76:1
1786364757.844252 s4e1-9bcd9d54:1 s5e1-a6032c23:1 s6e1-9b9b9a76:1
1786364757.865354 s4e1-9bcd9d54:1 s5e1-a6032c23:1 s6e1-9b9b9a76:1
1786364757.886539 s4e1-9bcd9d54:1 s5e1-a6032c23:1 s6e1-9b9b9a76:1
1786364757.907618 s4e1-9bcd9d54:1 s5e1-a6032c23:1 s6e1-9b9b9a76:1
1786364757.928722 s4e1-9bcd9d54:1 s5e1-a6032c23:1 s6e1-9b9b9a76:1
1786364757.949915 s4e1-9bcd9d54:1 s5e1-a6032c23:1 s6e1-9b9b9a76:1
1786364757.971059 s4e1-9bcd9d54:1 s5e1-a6032c23:1 s6e1-9b9b9a76:1
1786364757.992342 s4e1-9bcd9d54:1 s5e1-a6032c23:1 s6e1-9b9b9a76:1 s7e1-8baa63a2:53E
1786364758.057563 s5e1-a6032c23:1 s6e1-9b9b9a76:1 s7e1-8baa63a2:1
1786364758.066653 s5e1-a6032c23:1 s6e1-9b9b9a76:1 s7e1-8baa63a2:1
1786364758.087763 s5e1-a6032c23:1 s6e1-9b9b9a76:1 s7e1-8baa63a2:1
1786364758.108927 s5e1-a6032c23:1 s6e1-9b9b9a76:1 s7e1-8baa63a2:1
1786364758.130142 s5e1-a6032c23:1 s6e1-9b9b9a76:1 s7e1-8baa63a2:1
1786364758.151632 s5e1-a6032c23:1 s6e1-9b9b9a76:1 s7e1-8baa63a2:1 s8e1-80e16469:53E
1786364758.216919 s5e1-a6032c23:1 s6e1-9b9b9a76:1 s7e1-8baa63a2:1 s8e1-80e16469:1
1786364758.225852 s5e1-a6032c23:1 s6e1-9b9b9a76:1 s7e1-8baa63a2:1 s8e1-80e16469:1
1786364758.247037 s5e1-a6032c23:1 s6e1-9b9b9a76:1 s7e1-8baa63a2:1 s8e1-80e16469:1
1786364758.268222 s5e1-a6032c23:1 s6e1-9b9b9a76:1 s7e1-8baa63a2:1 s8e1-80e16469:1
1786364758.289380 s5e1-a6032c23:1 s6e1-9b9b9a76:1 s7e1-8baa63a2:1 s8e1-80e16469:1
1786364758.310573 s5e1-a6032c23:1 s6e1-9b9b9a76:1 s7e1-8baa63a2:1 s8e1-80e16469:1
1786364758.331758 s6e1-9b9b9a76:1 s7e1-8baa63a2:1 s8e1-80e16469:1
1786364758.353034 s6e1-9b9b9a76:1 s7e1-8baa63a2:1 s8e1-80e16469:1
1786364758.374138 s6e1-9b9b9a76:1 s7e1-8baa63a2:1 s8e1-80e16469:1
1786364758.395252 s6e1-9b9b9a76:1 s7e1-8baa63a2:1 s8e1-80e16469:1
1786364758.416334 s6e1-9b9b9a76:1 s7e1-8baa63a2:1 s8e1-80e16469:1
1786364758.437514 s6e1-9b9b9a76:1 s7e1-8baa63a2:1 s8e1-80e16469:1
1786364758.458891 s6e1-9b9b9a76:1 s7e1-8baa63a2:1 s8e1-80e16469:1
1786364758.480257 s7e1-8baa63a2:1 s8e1-80e16469:1 s1e1-b7e25164:53E
1786364758.546672 s7e1-8baa63a2:1 s8e1-80e16469:1 s1e1-b7e25164:1
1786364758.555149 s7e1-8baa63a2:1 s8e1-80e16469:1 s1e1-b7e25164:1
1786364758.575990 s7e1-8baa63a2:1 s8e1-80e16469:1 s1e1-b7e25164:1
1786364758.597012 s7e1-8baa63a2:1 s8e1-80e16469:1 s1e1-b7e25164:1
1786364758.618115 s7e1-8baa63a2:1 s8e1-80e16469:1 s1e1-b7e25164:1
1786364758.639254 s7e1-8baa63a2:1 s8e1-80e16469:1 s1e1-b7e25164:1
1786364758.660462 s7e1-8baa63a2:1 s8e1-80e16469:1 s1e1-b7e25164:1
1786364758.681757 s7e1-8baa63a2:1 s8e1-80e16469:1 s1e1-b7e25164:1 s2e1-86b6c7ad:53E
1786364758.747481 s7e1-8baa63a2:1 s8e1-80e16469:1 s1e1-b7e25164:1 s2e1-86b6c7ad:1
1786364758.755937 s7e1-8baa63a2:1 s8e1-80e16469:1 s1e1-b7e25164:1 s2e1-86b6c7ad:1
1786364758.776970 s7e1-8baa63a2:1 s8e1-80e16469:1 s1e1-b7e25164:1 s2e1-86b6c7ad:1
1786364758.798127 s7e1-8baa63a2:1 s8e1-80e16469:1 s1e1-b7e25164:1 s2e1-86b6c7ad:1
1786364758.819304 s8e1-80e16469:1 s1e1-b7e25164:1 s2e1-86b6c7ad:1
1786364758.840505 s8e1-80e16469:1 s1e1-b7e25164:1 s2e1-86b6c7ad:1
1786364758.861607 s8e1-80e16469:1 s1e1-b7e25164:1 s2e1-86b6c7ad:1
1786364758.882751 s8e1-80e16469:1 s1e1-b7e25164:1 s2e1-86b6c7ad:1
1786364758.903946 s8e1-80e16469:1 s1e1-b7e25164:1 s2e1-86b6c7ad:1
1786364758.925091 s8e1-80e16469:1 s1e1-b7e25164:1 s2e1-86b6c7ad:1
1786364758.946275 s1e1-b7e25164:1 s2e1-86b6c7ad:1
1786364758.967594 s1e1-b7e25164:1 s2e1-86b6c7ad:1
1786364758.988388 s1e1-b7e25164:1 s2e1-86b6c7ad:1 s3e1-9632d15b:53E
1786364759.053694 s1e1-b7e25164:1 s2e1-86b6c7ad:1 s3e1-9632d15b:1
1786364759.062620 s1e1-b7e25164:1 s2e1-86b6c7ad:1 s3e1-9632d15b:1
1786364759.083681 s1e1-b7e25164:1 s2e1-86b6c7ad:1 s3e1-9632d15b:1
1786364759.104891 s1e1-b7e25164:1 s2e1-86b6c7ad:1 s3e1-9632d15b:1
1786364759.125953 s1e1-b7e25164:1 s2e1-86b6c7ad:1 s3e1-9632d15b:1
1786364759.147169 s1e1-b7e25164:1 s2e1-86b6c7ad:1 s3e1-9632d15b:1
1786364759.168234 s1e1-b7e25164:1 s2e1-86b6c7ad:1 s3e1-9632d15b:1
1786364759.189379 s1e1-b7e25164:1 s2e1-86b6c7ad:1 s3e1-9632d15b:1
1786364759.210588 s1e1-b7e25164:1 s2e1-86b6c7ad:1 s3e1-9632d15b:1
1786364759.231917 s1e1-b7e25164:1 s2e1-86b6c7ad:1 s3e1-9632d15b:1 s4e1-9bcd9d54:53E
1786364759.298413 s1e1-b7e25164:1 s2e1-86b6c7ad:1 s3e1-9632d15b:1 s4e1-9bcd9d54:1
1786364759.306801 s2e1-86b6c7ad:1 s3e1-9632d15b:1 s4e1-9bcd9d54:1
1786364759.328092 s2e1-86b6c7ad:1 s3e1-9632d15b:1 s4e1-9bcd9d54:1
1786364759.349087 s2e1-86b6c7ad:1 s3e1-9632d15b:1 s4e1-9bcd9d54:1
1786364759.370205 s2e1-86b6c7ad:1 s3e1-9632d15b:1 s4e1-9bcd9d54:1
1786364759.391375 s2e1-86b6c7ad:1 s3e1-9632d15b:1 s4e1-9bcd9d54:1
1786364759.412426 s2e1-86b6c7ad:1 s3e1-9632d15b:1 s4e1-9bcd9d54:1
1786364759.433619 s2e1-86b6c7ad:1 s3e1-9632d15b:1 s4e1-9bcd9d54:1
1786364759.454699 s2e1-86b6c7ad:1 s3e1-9632d15b:1 s4e1-9bcd9d54:1
1786364759.475895 s3e1-9632d15b:1 s4e1-9bcd9d54:1
1786364759.497229 s3e1-9632d15b:1 s4e1-9bcd9d54:1 s5e1-a6032c23:53E
1786364759.562419 s3e1-9632d15b:1 s4e1-9bcd9d54:1 s5e1-a6032c23:1
1786364759.571160 s3e1-9632d15b:1 s4e1-9bcd9d54:1 s5e1-a6032c23:1
1786364759.591972 s3e1-9632d15b:1 s4e1-9bcd9d54:1 s5e1-a6032c23:1
1786364759.613009 s3e1-9632d15b:1 s4e1-9bcd9d54:1 s5e1-a6032c23:1
1786364759.634074 s3e1-9632d15b:1 s4e1-9bcd9d54:1 s5e1-a6032c23:1
1786364759.655082 s3e1-9632d15b:1 s4e1-9bcd9d54:1 s5e1-a6032c23:1
1786364759.676120 s3e1-9632d15b:1 s4e1-9bcd9d54:1 s5e1-a6032c23:1
1786364759.697260 s3e1-9632d15b:1 s4e1-9bcd9d54:1 s5e1-a6032c23:1
1786364759.718229 s3e1-9632d15b:1 s4e1-9bcd9d54:1 s5e1-a6032c23:1
1786364759.739274 s3e1-9632d15b:1 s4e1-9bcd9d54:1 s5e1-a6032c23:1
1786364759.760492 s3e1-9632d15b:1 s4e1-9bcd9d54:1 s5e1-a6032c23:1
1786364759.781575 s4e1-9bcd9d54:1 s5e1-a6032c23:1 s6e1-9b9b9a76:53E
1786364759.846691 s4e1-9bcd9d54:1 s5e1-a6032c23:1 s6e1-9b9b9a76:1
1786364759.855806 s4e1-9bcd9d54:1 s5e1-a6032c23:1 s6e1-9b9b9a76:1
1786364759.876628 s4e1-9bcd9d54:1 s5e1-a6032c23:1 s6e1-9b9b9a76:1
1786364759.897599 s4e1-9bcd9d54:1 s5e1-a6032c23:1 s6e1-9b9b9a76:1
1786364759.918729 s4e1-9bcd9d54:1 s5e1-a6032c23:1 s6e1-9b9b9a76:1
1786364759.939822 s4e1-9bcd9d54:1 s5e1-a6032c23:1 s6e1-9b9b9a76:1
1786364759.961050 s4e1-9bcd9d54:1 s5e1-a6032c23:1 s6e1-9b9b9a76:1
1786364759.982108 s4e1-9bcd9d54:1 s5e1-a6032c23:1 s6e1-9b9b9a76:1
1786364760.003257 s4e1-9bcd9d54:1 s5e1-a6032c23:1 s6e1-9b9b9a76:1
1786364760.024591 s5e1-a6032c23:1 s6e1-9b9b9a76:1 s7e1-8baa63a2:53E
1786364760.090665 s5e1-a6032c23:1 s6e1-9b9b9a76:1 s7e1-8baa63a2:1
1786364760.098993 s5e1-a6032c23:1 s6e1-9b9b9a76:1 s7e1-8baa63a2:1
1786364760.119852 s5e1-a6032c23:1 s6e1-9b9b9a76:1 s7e1-8baa63a2:1
1786364760.140808 s5e1-a6032c23:1 s6e1-9b9b9a76:1 s7e1-8baa63a2:1
1786364760.162005 s5e1-a6032c23:1 s6e1-9b9b9a76:1 s7e1-8baa63a2:1
1786364760.183306 s5e1-a6032c23:1 s6e1-9b9b9a76:1 s7e1-8baa63a2:1
1786364760.204530 s5e1-a6032c23:1 s6e1-9b9b9a76:1 s7e1-8baa63a2:1
1786364760.225694 s5e1-a6032c23:1 s6e1-9b9b9a76:1 s7e1-8baa63a2:1
1786364760.246972 s5e1-a6032c23:1 s6e1-9b9b9a76:1 s7e1-8baa63a2:1
1786364760.268386 s5e1-a6032c23:1 s6e1-9b9b9a76:1 s7e1-8baa63a2:1 s8e1-80e16469:53E
1786364760.334395 s6e1-9b9b9a76:1 s7e1-8baa63a2:1 s8e1-80e16469:1
1786364760.342962 s6e1-9b9b9a76:1 s7e1-8baa63a2:1 s8e1-80e16469:1
1786364760.364155 s6e1-9b9b9a76:1 s7e1-8baa63a2:1 s8e1-80e16469:1
1786364760.385230 s6e1-9b9b9a76:1 s7e1-8baa63a2:1 s8e1-80e16469:1
1786364760.406406 s6e1-9b9b9a76:1 s7e1-8baa63a2:1 s8e1-80e16469:1
1786364760.427603 s6e1-9b9b9a76:1 s7e1-8baa63a2:1 s8e1-80e16469:1
1786364760.448931 s6e1-9b9b9a76:1 s7e1-8baa63a2:1 s8e1-80e16469:1
1786364760.470205 s6e1-9b9b9a76:1 s7e1-8baa63a2:1 s8e1-80e16469:1
1786364760.491540 s6e1-9b9b9a76:1 s7e1-8baa63a2:1 s8e1-80e16469:1 s1e1-b7e25164:53E
1786364760.556144 s6e1-9b9b9a76:1 s7e1-8baa63a2:1 s8e1-80e16469:1 s1e1-b7e25164:1
1786364760.565650 s6e1-9b9b9a76:1 s7e1-8baa63a2:1 s8e1-80e16469:1 s1e1-b7e25164:1
1786364760.586853 s6e1-9b9b9a76:1 s7e1-8baa63a2:1 s8e1-80e16469:1 s1e1-b7e25164:1
1786364760.608126 s7e1-8baa63a2:1 s8e1-80e16469:1 s1e1-b7e25164:1
1786364760.629292 s7e1-8baa63a2:1 s8e1-80e16469:1 s1e1-b7e25164:1
1786364760.650382 s7e1-8baa63a2:1 s8e1-80e16469:1 s1e1-b7e25164:1
1786364760.671525 s7e1-8baa63a2:1 s8e1-80e16469:1 s1e1-b7e25164:1
1786364760.692671 s7e1-8baa63a2:1 s8e1-80e16469:1 s1e1-b7e25164:1
1786364760.713807 s7e1-8baa63a2:1 s8e1-80e16469:1 s1e1-b7e25164:1
1786364760.734949 s7e1-8baa63a2:1 s8e1-80e16469:1 s1e1-b7e25164:1
1786364760.756160 s7e1-8baa63a2:1 s8e1-80e16469:1 s1e1-b7e25164:1
1786364760.777502 s7e1-8baa63a2:1 s8e1-80e16469:1 s1e1-b7e25164:1 s2e1-86b6c7ad:53E
1786364760.843716 s7e1-8baa63a2:1 s8e1-80e16469:1 s1e1-b7e25164:1 s2e1-86b6c7ad:1
1786364760.852482 s8e1-80e16469:1 s1e1-b7e25164:1 s2e1-86b6c7ad:1
1786364760.873483 s8e1-80e16469:1 s1e1-b7e25164:1 s2e1-86b6c7ad:1
1786364760.894595 s8e1-80e16469:1 s1e1-b7e25164:1 s2e1-86b6c7ad:1
1786364760.915795 s8e1-80e16469:1 s1e1-b7e25164:1 s2e1-86b6c7ad:1
1786364760.936869 s8e1-80e16469:1 s1e1-b7e25164:1 s2e1-86b6c7ad:1
1786364760.958018 s8e1-80e16469:1 s1e1-b7e25164:1 s2e1-86b6c7ad:1
1786364760.979327 s8e1-80e16469:1 s1e1-b7e25164:1 s2e1-86b6c7ad:1
1786364761.000583 s8e1-80e16469:1 s1e1-b7e25164:1 s2e1-86b6c7ad:1 s3e1-9632d15b:53E
1786364761.065924 s8e1-80e16469:1 s1e1-b7e25164:1 s2e1-86b6c7ad:1 s3e1-9632d15b:1
1786364761.075090 s8e1-80e16469:1 s1e1-b7e25164:1 s2e1-86b6c7ad:1 s3e1-9632d15b:1
1786364761.096109 s1e1-b7e25164:1 s2e1-86b6c7ad:1 s3e1-9632d15b:1
1786364761.117332 s1e1-b7e25164:1 s2e1-86b6c7ad:1 s3e1-9632d15b:1
1786364761.138545 s1e1-b7e25164:1 s2e1-86b6c7ad:1 s3e1-9632d15b:1
1786364761.159598 s1e1-b7e25164:1 s2e1-86b6c7ad:1 s3e1-9632d15b:1
1786364761.180749 s1e1-b7e25164:1 s2e1-86b6c7ad:1 s3e1-9632d15b:1
1786364761.201944 s1e1-b7e25164:1 s2e1-86b6c7ad:1 s3e1-9632d15b:1
1786364761.223034 s1e1-b7e25164:1 s2e1-86b6c7ad:1 s3e1-9632d15b:1
1786364761.244183 s1e1-b7e25164:1 s2e1-86b6c7ad:1 s3e1-9632d15b:1
1786364761.265590 s1e1-b7e25164:1 s2e1-86b6c7ad:1 s3e1-9632d15b:1 s4e1-9bcd9d54:53E
1786364761.332162 s2e1-86b6c7ad:1 s3e1-9632d15b:1 s4e1-9bcd9d54:1
1786364761.340727 s2e1-86b6c7ad:1 s3e1-9632d15b:1 s4e1-9bcd9d54:1
1786364761.361796 s2e1-86b6c7ad:1 s3e1-9632d15b:1 s4e1-9bcd9d54:1
1786364761.382944 s2e1-86b6c7ad:1 s3e1-9632d15b:1 s4e1-9bcd9d54:1
1786364761.404114 s2e1-86b6c7ad:1 s3e1-9632d15b:1 s4e1-9bcd9d54:1
1786364761.425445 s2e1-86b6c7ad:1 s3e1-9632d15b:1 s4e1-9bcd9d54:1
1786364761.446791 s2e1-86b6c7ad:1 s3e1-9632d15b:1 s4e1-9bcd9d54:1 s5e1-a6032c23:53E
1786364761.512449 s2e1-86b6c7ad:1 s3e1-9632d15b:1 s4e1-9bcd9d54:1 s5e1-a6032c23:1
1786364761.521647 s2e1-86b6c7ad:1 s3e1-9632d15b:1 s4e1-9bcd9d54:1 s5e1-a6032c23:1
1786364761.543051 s2e1-86b6c7ad:1 s3e1-9632d15b:1 s4e1-9bcd9d54:1 s5e1-a6032c23:1
1786364761.564347 s2e1-86b6c7ad:1 s3e1-9632d15b:1 s4e1-9bcd9d54:1 s5e1-a6032c23:1
1786364761.585688 s2e1-86b6c7ad:1 s3e1-9632d15b:1 s4e1-9bcd9d54:1 s5e1-a6032c23:1
1786364761.607109 s3e1-9632d15b:1 s4e1-9bcd9d54:1 s5e1-a6032c23:1
1786364761.628430 s3e1-9632d15b:1 s4e1-9bcd9d54:1 s5e1-a6032c23:1
1786364761.649743 s3e1-9632d15b:1 s4e1-9bcd9d54:1 s5e1-a6032c23:1
1786364761.670955 s3e1-9632d15b:1 s4e1-9bcd9d54:1 s5e1-a6032c23:1
1786364761.692322 s3e1-9632d15b:1 s4e1-9bcd9d54:1 s5e1-a6032c23:1
1786364761.713680 s3e1-9632d15b:1 s4e1-9bcd9d54:1 s5e1-a6032c23:1
1786364761.735209 s3e1-9632d15b:1 s4e1-9bcd9d54:1 s5e1-a6032c23:1
1786364761.756881 s3e1-9632d15b:1 s4e1-9bcd9d54:1 s5e1-a6032c23:1 s6e1-9b9b9a76:53E
1786364761.822255 s3e1-9632d15b:1 s4e1-9bcd9d54:1 s5e1-a6032c23:1 s6e1-9b9b9a76:1
1786364761.832031 s4e1-9bcd9d54:1 s5e1-a6032c23:1 s6e1-9b9b9a76:1
1786364761.853264 s4e1-9bcd9d54:1 s5e1-a6032c23:1 s6e1-9b9b9a76:1
1786364761.874718 s4e1-9bcd9d54:1 s5e1-a6032c23:1 s6e1-9b9b9a76:1
1786364761.896081 s4e1-9bcd9d54:1 s5e1-a6032c23:1 s6e1-9b9b9a76:1
1786364761.917492 s4e1-9bcd9d54:1 s5e1-a6032c23:1 s6e1-9b9b9a76:1
1786364761.939454 s4e1-9bcd9d54:1 s5e1-a6032c23:1 s6e1-9b9b9a76:1 s7e1-8baa63a2:53E
1786364762.005397 s4e1-9bcd9d54:1 s5e1-a6032c23:1 s6e1-9b9b9a76:1 s7e1-8baa63a2:1
1786364762.014632 s4e1-9bcd9d54:1 s5e1-a6032c23:1 s6e1-9b9b9a76:1 s7e1-8baa63a2:1
1786364762.035909 s4e1-9bcd9d54:1 s5e1-a6032c23:1 s6e1-9b9b9a76:1 s7e1-8baa63a2:1
1786364762.057469 s4e1-9bcd9d54:1 s5e1-a6032c23:1 s6e1-9b9b9a76:1 s7e1-8baa63a2:1
1786364762.078879 s4e1-9bcd9d54:1 s5e1-a6032c23:1 s6e1-9b9b9a76:1 s7e1-8baa63a2:1
1786364762.100387 s5e1-a6032c23:1 s6e1-9b9b9a76:1 s7e1-8baa63a2:1
1786364762.121864 s5e1-a6032c23:1 s6e1-9b9b9a76:1 s7e1-8baa63a2:1
1786364762.143257 s5e1-a6032c23:1 s6e1-9b9b9a76:1 s7e1-8baa63a2:1
1786364762.164671 s5e1-a6032c23:1 s6e1-9b9b9a76:1 s7e1-8baa63a2:1
1786364762.186094 s5e1-a6032c23:1 s6e1-9b9b9a76:1 s7e1-8baa63a2:1
1786364762.207587 s5e1-a6032c23:1 s6e1-9b9b9a76:1 s7e1-8baa63a2:1
1786364762.229046 s5e1-a6032c23:1 s6e1-9b9b9a76:1 s7e1-8baa63a2:1
1786364762.250582 s6e1-9b9b9a76:1 s7e1-8baa63a2:1 s8e1-80e16469:53E
1786364762.316029 s6e1-9b9b9a76:1 s7e1-8baa63a2:1 s8e1-80e16469:1
1786364762.325697 s6e1-9b9b9a76:1 s7e1-8baa63a2:1 s8e1-80e16469:1
1786364762.347046 s6e1-9b9b9a76:1 s7e1-8baa63a2:1 s8e1-80e16469:1
1786364762.368374 s6e1-9b9b9a76:1 s7e1-8baa63a2:1 s8e1-80e16469:1
1786364762.389738 s6e1-9b9b9a76:1 s7e1-8baa63a2:1 s8e1-80e16469:1
1786364762.411064 s6e1-9b9b9a76:1 s7e1-8baa63a2:1 s8e1-80e16469:1
1786364762.432599 s6e1-9b9b9a76:1 s7e1-8baa63a2:1 s8e1-80e16469:1 s1e1-b7e25164:53E
1786364762.498529 s6e1-9b9b9a76:1 s7e1-8baa63a2:1 s8e1-80e16469:1 s1e1-b7e25164:1
1786364762.507624 s6e1-9b9b9a76:1 s7e1-8baa63a2:1 s8e1-80e16469:1 s1e1-b7e25164:1
1786364762.529136 s6e1-9b9b9a76:1 s7e1-8baa63a2:1 s8e1-80e16469:1 s1e1-b7e25164:1
1786364762.550712 s6e1-9b9b9a76:1 s7e1-8baa63a2:1 s8e1-80e16469:1 s1e1-b7e25164:1
1786364762.572291 s6e1-9b9b9a76:1 s7e1-8baa63a2:1 s8e1-80e16469:1 s1e1-b7e25164:1
1786364762.593878 s7e1-8baa63a2:1 s8e1-80e16469:1 s1e1-b7e25164:1
1786364762.615514 s7e1-8baa63a2:1 s8e1-80e16469:1 s1e1-b7e25164:1
1786364762.637023 s7e1-8baa63a2:1 s8e1-80e16469:1 s1e1-b7e25164:1
1786364762.658458 s7e1-8baa63a2:1 s8e1-80e16469:1 s1e1-b7e25164:1
1786364762.679946 s7e1-8baa63a2:1 s8e1-80e16469:1 s1e1-b7e25164:1
1786364762.701452 s7e1-8baa63a2:1 s8e1-80e16469:1 s1e1-b7e25164:1
1786364762.722954 s7e1-8baa63a2:1 s8e1-80e16469:1 s1e1-b7e25164:1
1786364762.744504 s8e1-80e16469:1 s1e1-b7e25164:1
1786364762.766243 s8e1-80e16469:1 s1e1-b7e25164:1 s2e1-86b6c7ad:53E
1786364762.831875 s8e1-80e16469:1 s1e1-b7e25164:1 s2e1-86b6c7ad:1
1786364762.841312 s8e1-80e16469:1 s1e1-b7e25164:1 s2e1-86b6c7ad:1
1786364762.862526 s8e1-80e16469:1 s1e1-b7e25164:1 s2e1-86b6c7ad:1
1786364762.883830 s8e1-80e16469:1 s1e1-b7e25164:1 s2e1-86b6c7ad:1
1786364762.905149 s8e1-80e16469:1 s1e1-b7e25164:1 s2e1-86b6c7ad:1
1786364762.926591 s8e1-80e16469:1 s1e1-b7e25164:1 s2e1-86b6c7ad:1
1786364762.948079 s8e1-80e16469:1 s1e1-b7e25164:1 s2e1-86b6c7ad:1 s3e1-9632d15b:53E
1786364763.014003 s8e1-80e16469:1 s1e1-b7e25164:1 s2e1-86b6c7ad:1 s3e1-9632d15b:1
1786364763.023652 s8e1-80e16469:1 s1e1-b7e25164:1 s2e1-86b6c7ad:1 s3e1-9632d15b:1
1786364763.045121 s8e1-80e16469:1 s1e1-b7e25164:1 s2e1-86b6c7ad:1 s3e1-9632d15b:1
1786364763.066531 s8e1-80e16469:1 s1e1-b7e25164:1 s2e1-86b6c7ad:1 s3e1-9632d15b:1
1786364763.088012 s1e1-b7e25164:1 s2e1-86b6c7ad:1 s3e1-9632d15b:1
1786364763.109509 s1e1-b7e25164:1 s2e1-86b6c7ad:1 s3e1-9632d15b:1
1786364763.130893 s1e1-b7e25164:1 s2e1-86b6c7ad:1 s3e1-9632d15b:1
1786364763.152303 s1e1-b7e25164:1 s2e1-86b6c7ad:1 s3e1-9632d15b:1
1786364763.173753 s1e1-b7e25164:1 s2e1-86b6c7ad:1 s3e1-9632d15b:1
1786364763.195228 s1e1-b7e25164:1 s2e1-86b6c7ad:1 s3e1-9632d15b:1
1786364763.216614 s1e1-b7e25164:1 s2e1-86b6c7ad:1 s3e1-9632d15b:1
1786364763.237991 s2e1-86b6c7ad:1 s3e1-9632d15b:1
1786364763.259607 s2e1-86b6c7ad:1 s3e1-9632d15b:1 s4e1-9bcd9d54:53E
1786364763.324897 s2e1-86b6c7ad:1 s3e1-9632d15b:1 s4e1-9bcd9d54:1
1786364763.334216 s2e1-86b6c7ad:1 s3e1-9632d15b:1 s4e1-9bcd9d54:1
1786364763.355266 s2e1-86b6c7ad:1 s3e1-9632d15b:1 s4e1-9bcd9d54:1
1786364763.376500 s2e1-86b6c7ad:1 s3e1-9632d15b:1 s4e1-9bcd9d54:1
1786364763.397784 s2e1-86b6c7ad:1 s3e1-9632d15b:1 s4e1-9bcd9d54:1
1786364763.419114 s2e1-86b6c7ad:1 s3e1-9632d15b:1 s4e1-9bcd9d54:1
1786364763.440482 s2e1-86b6c7ad:1 s3e1-9632d15b:1 s4e1-9bcd9d54:1 s5e1-a6032c23:53E
1786364763.506495 s2e1-86b6c7ad:1 s3e1-9632d15b:1 s4e1-9bcd9d54:1 s5e1-a6032c23:1
1786364763.515489 s2e1-86b6c7ad:1 s3e1-9632d15b:1 s4e1-9bcd9d54:1 s5e1-a6032c23:1
1786364763.536778 s2e1-86b6c7ad:1 s3e1-9632d15b:1 s4e1-9bcd9d54:1 s5e1-a6032c23:1
1786364763.558149 s2e1-86b6c7ad:1 s3e1-9632d15b:1 s4e1-9bcd9d54:1 s5e1-a6032c23:1
1786364763.579571 s2e1-86b6c7ad:1 s3e1-9632d15b:1 s4e1-9bcd9d54:1 s5e1-a6032c23:1
1786364763.600911 s3e1-9632d15b:1 s4e1-9bcd9d54:1 s5e1-a6032c23:1
1786364763.622349 s3e1-9632d15b:1 s4e1-9bcd9d54:1 s5e1-a6032c23:1
1786364763.643675 s3e1-9632d15b:1 s4e1-9bcd9d54:1 s5e1-a6032c23:1
1786364763.664995 s3e1-9632d15b:1 s4e1-9bcd9d54:1 s5e1-a6032c23:1
1786364763.686456 s3e1-9632d15b:1 s4e1-9bcd9d54:1 s5e1-a6032c23:1
1786364763.708145 s3e1-9632d15b:1 s4e1-9bcd9d54:1 s5e1-a6032c23:1
1786364763.729929 s3e1-9632d15b:1 s4e1-9bcd9d54:1 s5e1-a6032c23:1 s6e1-9b9b9a76:53E
1786364763.796036 s4e1-9bcd9d54:1 s5e1-a6032c23:1 s6e1-9b9b9a76:1
1786364763.805251 s4e1-9bcd9d54:1 s5e1-a6032c23:1 s6e1-9b9b9a76:1
1786364763.826655 s4e1-9bcd9d54:1 s5e1-a6032c23:1 s6e1-9b9b9a76:1
1786364763.848058 s4e1-9bcd9d54:1 s5e1-a6032c23:1 s6e1-9b9b9a76:1
1786364763.869497 s4e1-9bcd9d54:1 s5e1-a6032c23:1 s6e1-9b9b9a76:1
1786364763.891039 s4e1-9bcd9d54:1 s5e1-a6032c23:1 s6e1-9b9b9a76:1
1786364763.912592 s4e1-9bcd9d54:1 s5e1-a6032c23:1 s6e1-9b9b9a76:1
1786364763.934026 s4e1-9bcd9d54:1 s5e1-a6032c23:1 s6e1-9b9b9a76:1
1786364763.955721 s4e1-9bcd9d54:1 s5e1-a6032c23:1 s6e1-9b9b9a76:1
1786364763.977397 s4e1-9bcd9d54:1 s5e1-a6032c23:1 s6e1-9b9b9a76:1 s7e1-8baa63a2:53E
1786364764.044272 s4e1-9bcd9d54:1 s5e1-a6032c23:1 s6e1-9b9b9a76:1 s7e1-8baa63a2:1
1786364764.053421 s4e1-9bcd9d54:1 s5e1-a6032c23:1 s6e1-9b9b9a76:1 s7e1-8baa63a2:1
1786364764.074777 s4e1-9bcd9d54:1 s5e1-a6032c23:1 s6e1-9b9b9a76:1 s7e1-8baa63a2:1
1786364764.096185 s5e1-a6032c23:1 s6e1-9b9b9a76:1 s7e1-8baa63a2:1
1786364764.117678 s5e1-a6032c23:1 s6e1-9b9b9a76:1 s7e1-8baa63a2:1
1786364764.139083 s5e1-a6032c23:1 s6e1-9b9b9a76:1 s7e1-8baa63a2:1
1786364764.160545 s5e1-a6032c23:1 s6e1-9b9b9a76:1 s7e1-8baa63a2:1
1786364764.181879 s5e1-a6032c23:1 s6e1-9b9b9a76:1 s7e1-8baa63a2:1
1786364764.203414 s5e1-a6032c23:1 s6e1-9b9b9a76:1 s7e1-8baa63a2:1
1786364764.225030 s5e1-a6032c23:1 s6e1-9b9b9a76:1 s7e1-8baa63a2:1 s8e1-80e16469:53E
1786364764.291775 s6e1-9b9b9a76:1 s7e1-8baa63a2:1 s8e1-80e16469:1
1786364764.300764 s6e1-9b9b9a76:1 s7e1-8baa63a2:1 s8e1-80e16469:1
1786364764.322012 s6e1-9b9b9a76:1 s7e1-8baa63a2:1 s8e1-80e16469:1
1786364764.343307 s6e1-9b9b9a76:1 s7e1-8baa63a2:1 s8e1-80e16469:1
1786364764.364615 s6e1-9b9b9a76:1 s7e1-8baa63a2:1 s8e1-80e16469:1
1786364764.385934 s6e1-9b9b9a76:1 s7e1-8baa63a2:1 s8e1-80e16469:1
1786364764.407285 s6e1-9b9b9a76:1 s7e1-8baa63a2:1 s8e1-80e16469:1
1786364764.428602 s6e1-9b9b9a76:1 s7e1-8baa63a2:1 s8e1-80e16469:1
1786364764.449993 s6e1-9b9b9a76:1 s7e1-8baa63a2:1 s8e1-80e16469:1
1786364764.471413 s6e1-9b9b9a76:1 s7e1-8baa63a2:1 s8e1-80e16469:1
1786364764.492823 s6e1-9b9b9a76:1 s7e1-8baa63a2:1 s8e1-80e16469:1 s1e1-b7e25164:53E
1786364764.558931 s6e1-9b9b9a76:1 s7e1-8baa63a2:1 s8e1-80e16469:1 s1e1-b7e25164:1
1786364764.568619 s7e1-8baa63a2:1 s8e1-80e16469:1 s1e1-b7e25164:1
1786364764.589912 s7e1-8baa63a2:1 s8e1-80e16469:1 s1e1-b7e25164:1
1786364764.611324 s7e1-8baa63a2:1 s8e1-80e16469:1 s1e1-b7e25164:1
1786364764.632750 s7e1-8baa63a2:1 s8e1-80e16469:1 s1e1-b7e25164:1
1786364764.654174 s7e1-8baa63a2:1 s8e1-80e16469:1 s1e1-b7e25164:1
1786364764.675528 s7e1-8baa63a2:1 s8e1-80e16469:1 s1e1-b7e25164:1
1786364764.696973 s7e1-8baa63a2:1 s8e1-80e16469:1 s1e1-b7e25164:1
1786364764.718405 s7e1-8baa63a2:1 s8e1-80e16469:1 s1e1-b7e25164:1
1786364764.740017 s7e1-8baa63a2:1 s8e1-80e16469:1 s1e1-b7e25164:1 s2e1-86b6c7ad:53E
1786364764.805090 s7e1-8baa63a2:1 s8e1-80e16469:1 s1e1-b7e25164:1 s2e1-86b6c7ad:1
1786364764.814929 s8e1-80e16469:1 s1e1-b7e25164:1 s2e1-86b6c7ad:1
1786364764.836268 s8e1-80e16469:1 s1e1-b7e25164:1 s2e1-86b6c7ad:1
1786364764.857695 s8e1-80e16469:1 s1e1-b7e25164:1 s2e1-86b6c7ad:1
1786364764.879043 s8e1-80e16469:1 s1e1-b7e25164:1 s2e1-86b6c7ad:1
1786364764.900439 s8e1-80e16469:1 s1e1-b7e25164:1 s2e1-86b6c7ad:1
1786364764.921955 s8e1-80e16469:1 s1e1-b7e25164:1 s2e1-86b6c7ad:1
1786364764.943433 s8e1-80e16469:1 s1e1-b7e25164:1 s2e1-86b6c7ad:1
1786364764.964917 s8e1-80e16469:1 s1e1-b7e25164:1 s2e1-86b6c7ad:1
1786364764.986469 s8e1-80e16469:1 s1e1-b7e25164:1 s2e1-86b6c7ad:1
1786364765.008201 s8e1-80e16469:1 s1e1-b7e25164:1 s2e1-86b6c7ad:1 s3e1-9632d15b:53E
1786364765.074050 s1e1-b7e25164:1 s2e1-86b6c7ad:1 s3e1-9632d15b:1
1786364765.083275 s1e1-b7e25164:1 s2e1-86b6c7ad:1 s3e1-9632d15b:1
1786364765.104647 s1e1-b7e25164:1 s2e1-86b6c7ad:1 s3e1-9632d15b:1
1786364765.126044 s1e1-b7e25164:1 s2e1-86b6c7ad:1 s3e1-9632d15b:1
1786364765.147518 s1e1-b7e25164:1 s2e1-86b6c7ad:1 s3e1-9632d15b:1
1786364765.168856 s1e1-b7e25164:1 s2e1-86b6c7ad:1 s3e1-9632d15b:1
1786364765.190269 s1e1-b7e25164:1 s2e1-86b6c7ad:1 s3e1-9632d15b:1
1786364765.211683 s1e1-b7e25164:1 s2e1-86b6c7ad:1 s3e1-9632d15b:1
1786364765.233160 s1e1-b7e25164:1 s2e1-86b6c7ad:1 s3e1-9632d15b:1
1786364765.254535 s1e1-b7e25164:1 s2e1-86b6c7ad:1 s3e1-9632d15b:1
1786364765.276260 s1e1-b7e25164:1 s2e1-86b6c7ad:1 s3e1-9632d15b:1 s4e1-9bcd9d54:53E
1786364765.342487 s2e1-86b6c7ad:1 s3e1-9632d15b:1 s4e1-9bcd9d54:1
1786364765.351976 s2e1-86b6c7ad:1 s3e1-9632d15b:1 s4e1-9bcd9d54:1
1786364765.373302 s2e1-86b6c7ad:1 s3e1-9632d15b:1 s4e1-9bcd9d54:1
1786364765.394618 s2e1-86b6c7ad:1 s3e1-9632d15b:1 s4e1-9bcd9d54:1
1786364765.416031 s2e1-86b6c7ad:1 s3e1-9632d15b:1 s4e1-9bcd9d54:1
1786364765.437436 s2e1-86b6c7ad:1 s3e1-9632d15b:1 s4e1-9bcd9d54:1
1786364765.458913 s2e1-86b6c7ad:1 s3e1-9632d15b:1 s4e1-9bcd9d54:1
1786364765.480256 s2e1-86b6c7ad:1 s3e1-9632d15b:1 s4e1-9bcd9d54:1
1786364765.501681 s2e1-86b6c7ad:1 s3e1-9632d15b:1 s4e1-9bcd9d54:1
1786364765.523315 s2e1-86b6c7ad:1 s3e1-9632d15b:1 s4e1-9bcd9d54:1 s5e1-a6032c23:53E
1786364765.589151 s3e1-9632d15b:1 s4e1-9bcd9d54:1 s5e1-a6032c23:1
1786364765.598755 s3e1-9632d15b:1 s4e1-9bcd9d54:1 s5e1-a6032c23:1
1786364765.620047 s3e1-9632d15b:1 s4e1-9bcd9d54:1 s5e1-a6032c23:1
1786364765.641475 s3e1-9632d15b:1 s4e1-9bcd9d54:1 s5e1-a6032c23:1
1786364765.662881 s3e1-9632d15b:1 s4e1-9bcd9d54:1 s5e1-a6032c23:1
1786364765.684274 s3e1-9632d15b:1 s4e1-9bcd9d54:1 s5e1-a6032c23:1
1786364765.705714 s3e1-9632d15b:1 s4e1-9bcd9d54:1 s5e1-a6032c23:1
1786364765.727221 s3e1-9632d15b:1 s4e1-9bcd9d54:1 s5e1-a6032c23:1
1786364765.748839 s3e1-9632d15b:1 s4e1-9bcd9d54:1 s5e1-a6032c23:1 s6e1-9b9b9a76:53E
1786364765.814483 s3e1-9632d15b:1 s4e1-9bcd9d54:1 s5e1-a6032c23:1 s6e1-9b9b9a76:1
1786364765.824265 s3e1-9632d15b:1 s4e1-9bcd9d54:1 s5e1-a6032c23:1 s6e1-9b9b9a76:1
1786364765.845659 s4e1-9bcd9d54:1 s5e1-a6032c23:1 s6e1-9b9b9a76:1
1786364765.867263 s4e1-9bcd9d54:1 s5e1-a6032c23:1 s6e1-9b9b9a76:1
1786364765.888619 s4e1-9bcd9d54:1 s5e1-a6032c23:1 s6e1-9b9b9a76:1
1786364765.909991 s4e1-9bcd9d54:1 s5e1-a6032c23:1 s6e1-9b9b9a76:1
1786364765.931378 s4e1-9bcd9d54:1 s5e1-a6032c23:1 s6e1-9b9b9a76:1
1786364765.952876 s4e1-9bcd9d54:1 s5e1-a6032c23:1 s6e1-9b9b9a76:1
1786364765.974231 s4e1-9bcd9d54:1 s5e1-a6032c23:1 s6e1-9b9b9a76:1
1786364765.995642 s4e1-9bcd9d54:1 s5e1-a6032c23:1 s6e1-9b9b9a76:1
1786364766.017081 s4e1-9bcd9d54:1 s5e1-a6032c23:1 s6e1-9b9b9a76:1
1786364766.038684 s4e1-9bcd9d54:1 s5e1-a6032c23:1 s6e1-9b9b9a76:1 s7e1-8baa63a2:53E
1786364766.104685 s4e1-9bcd9d54:1 s5e1-a6032c23:1 s6e1-9b9b9a76:1 s7e1-8baa63a2:1
1786364766.114209 s5e1-a6032c23:1 s6e1-9b9b9a76:1 s7e1-8baa63a2:1
1786364766.135455 s5e1-a6032c23:1 s6e1-9b9b9a76:1 s7e1-8baa63a2:1
1786364766.156893 s5e1-a6032c23:1 s6e1-9b9b9a76:1 s7e1-8baa63a2:1
1786364766.178481 s5e1-a6032c23:1 s6e1-9b9b9a76:1 s7e1-8baa63a2:1
1786364766.199916 s5e1-a6032c23:1 s6e1-9b9b9a76:1 s7e1-8baa63a2:1 s8e1-80e16469:53E
1786364766.265582 s5e1-a6032c23:1 s6e1-9b9b9a76:1 s7e1-8baa63a2:1 s8e1-80e16469:1
1786364766.275186 s5e1-a6032c23:1 s6e1-9b9b9a76:1 s7e1-8baa63a2:1 s8e1-80e16469:1
1786364766.296573 s5e1-a6032c23:1 s6e1-9b9b9a76:1 s7e1-8baa63a2:1 s8e1-80e16469:1
1786364766.317996 s5e1-a6032c23:1 s6e1-9b9b9a76:1 s7e1-8baa63a2:1 s8e1-80e16469:1
1786364766.339482 s5e1-a6032c23:1 s6e1-9b9b9a76:1 s7e1-8baa63a2:1 s8e1-80e16469:1
1786364766.361050 s6e1-9b9b9a76:1 s7e1-8baa63a2:1 s8e1-80e16469:1
1786364766.382494 s6e1-9b9b9a76:1 s7e1-8baa63a2:1 s8e1-80e16469:1
1786364766.403891 s6e1-9b9b9a76:1 s7e1-8baa63a2:1 s8e1-80e16469:1
1786364766.425285 s6e1-9b9b9a76:1 s7e1-8baa63a2:1 s8e1-80e16469:1
1786364766.446744 s6e1-9b9b9a76:1 s7e1-8baa63a2:1 s8e1-80e16469:1
1786364766.468241 s6e1-9b9b9a76:1 s7e1-8baa63a2:1 s8e1-80e16469:1
1786364766.489619 s6e1-9b9b9a76:1 s7e1-8baa63a2:1 s8e1-80e16469:1
1786364766.511023 s6e1-9b9b9a76:1 s7e1-8baa63a2:1 s8e1-80e16469:1
1786364766.532580 s6e1-9b9b9a76:1 s7e1-8baa63a2:1 s8e1-80e16469:1 s1e1-b7e25164:53E
1786364766.597933 s7e1-8baa63a2:1 s8e1-80e16469:1 s1e1-b7e25164:1
1786364766.607932 s7e1-8baa63a2:1 s8e1-80e16469:1 s1e1-b7e25164:1
1786364766.629265 s7e1-8baa63a2:1 s8e1-80e16469:1 s1e1-b7e25164:1
1786364766.650687 s7e1-8baa63a2:1 s8e1-80e16469:1 s1e1-b7e25164:1
1786364766.672201 s7e1-8baa63a2:1 s8e1-80e16469:1 s1e1-b7e25164:1
1786364766.693854 s7e1-8baa63a2:1 s8e1-80e16469:1 s1e1-b7e25164:1 s2e1-86b6c7ad:53E
1786364766.760173 s7e1-8baa63a2:1 s8e1-80e16469:1 s1e1-b7e25164:1 s2e1-86b6c7ad:1
1786364766.769628 s7e1-8baa63a2:1 s8e1-80e16469:1 s1e1-b7e25164:1 s2e1-86b6c7ad:1
1786364766.790941 s7e1-8baa63a2:1 s8e1-80e16469:1 s1e1-b7e25164:1 s2e1-86b6c7ad:1
1786364766.812468 s7e1-8baa63a2:1 s8e1-80e16469:1 s1e1-b7e25164:1 s2e1-86b6c7ad:1
1786364766.833930 s7e1-8baa63a2:1 s8e1-80e16469:1 s1e1-b7e25164:1 s2e1-86b6c7ad:1
1786364766.855432 s7e1-8baa63a2:1 s8e1-80e16469:1 s1e1-b7e25164:1 s2e1-86b6c7ad:1
1786364766.876987 s8e1-80e16469:1 s1e1-b7e25164:1 s2e1-86b6c7ad:1
1786364766.898437 s8e1-80e16469:1 s1e1-b7e25164:1 s2e1-86b6c7ad:1
1786364766.919791 s8e1-80e16469:1 s1e1-b7e25164:1 s2e1-86b6c7ad:1
1786364766.941194 s8e1-80e16469:1 s1e1-b7e25164:1 s2e1-86b6c7ad:1
1786364766.962659 s8e1-80e16469:1 s1e1-b7e25164:1 s2e1-86b6c7ad:1
1786364766.984347 s8e1-80e16469:1 s1e1-b7e25164:1 s2e1-86b6c7ad:1 s3e1-9632d15b:53E
1786364767.050315 s1e1-b7e25164:1 s2e1-86b6c7ad:1 s3e1-9632d15b:1
1786364767.059952 s1e1-b7e25164:1 s2e1-86b6c7ad:1 s3e1-9632d15b:1
1786364767.081297 s1e1-b7e25164:1 s2e1-86b6c7ad:1 s3e1-9632d15b:1
1786364767.102523 s1e1-b7e25164:1 s2e1-86b6c7ad:1 s3e1-9632d15b:1
1786364767.123838 s1e1-b7e25164:1 s2e1-86b6c7ad:1 s3e1-9632d15b:1
1786364767.145250 s1e1-b7e25164:1 s2e1-86b6c7ad:1 s3e1-9632d15b:1
1786364767.166748 s1e1-b7e25164:1 s2e1-86b6c7ad:1 s3e1-9632d15b:1
1786364767.188196 s1e1-b7e25164:1 s2e1-86b6c7ad:1 s3e1-9632d15b:1
1786364767.209766 s1e1-b7e25164:1 s2e1-86b6c7ad:1 s3e1-9632d15b:1 s4e1-9bcd9d54:53E
1786364767.276424 s1e1-b7e25164:1 s2e1-86b6c7ad:1 s3e1-9632d15b:1 s4e1-9bcd9d54:1
1786364767.285976 s1e1-b7e25164:1 s2e1-86b6c7ad:1 s3e1-9632d15b:1 s4e1-9bcd9d54:1
1786364767.307369 s1e1-b7e25164:1 s2e1-86b6c7ad:1 s3e1-9632d15b:1 s4e1-9bcd9d54:1
1786364767.328864 s1e1-b7e25164:1 s2e1-86b6c7ad:1 s3e1-9632d15b:1 s4e1-9bcd9d54:1
1786364767.350354 s1e1-b7e25164:1 s2e1-86b6c7ad:1 s3e1-9632d15b:1 s4e1-9bcd9d54:1
1786364767.371820 s2e1-86b6c7ad:1 s3e1-9632d15b:1 s4e1-9bcd9d54:1
1786364767.393310 s2e1-86b6c7ad:1 s3e1-9632d15b:1 s4e1-9bcd9d54:1
1786364767.414717 s2e1-86b6c7ad:1 s3e1-9632d15b:1 s4e1-9bcd9d54:1
1786364767.436214 s2e1-86b6c7ad:1 s3e1-9632d15b:1 s4e1-9bcd9d54:1
1786364767.457626 s2e1-86b6c7ad:1 s3e1-9632d15b:1 s4e1-9bcd9d54:1
1786364767.479138 s2e1-86b6c7ad:1 s3e1-9632d15b:1 s4e1-9bcd9d54:1
1786364767.500435 s3e1-9632d15b:1 s4e1-9bcd9d54:1
1786364767.521993 s3e1-9632d15b:1 s4e1-9bcd9d54:1 s5e1-a6032c23:53E
1786364767.586938 s3e1-9632d15b:1 s4e1-9bcd9d54:1 s5e1-a6032c23:1
1786364767.596931 s3e1-9632d15b:1 s4e1-9bcd9d54:1 s5e1-a6032c23:1
1786364767.618217 s3e1-9632d15b:1 s4e1-9bcd9d54:1 s5e1-a6032c23:1
1786364767.639477 s3e1-9632d15b:1 s4e1-9bcd9d54:1 s5e1-a6032c23:1
1786364767.660979 s3e1-9632d15b:1 s4e1-9bcd9d54:1 s5e1-a6032c23:1
1786364767.682333 s3e1-9632d15b:1 s4e1-9bcd9d54:1 s5e1-a6032c23:1 s6e1-9b9b9a76:53E
1786364767.748362 s3e1-9632d15b:1 s4e1-9bcd9d54:1 s5e1-a6032c23:1 s6e1-9b9b9a76:1
1786364767.757612 s3e1-9632d15b:1 s4e1-9bcd9d54:1 s5e1-a6032c23:1 s6e1-9b9b9a76:1
1786364767.779014 s3e1-9632d15b:1 s4e1-9bcd9d54:1 s5e1-a6032c23:1 s6e1-9b9b9a76:1
1786364767.800292 s3e1-9632d15b:1 s4e1-9bcd9d54:1 s5e1-a6032c23:1 s6e1-9b9b9a76:1
1786364767.821658 s4e1-9bcd9d54:1 s5e1-a6032c23:1 s6e1-9b9b9a76:1
1786364767.843083 s4e1-9bcd9d54:1 s5e1-a6032c23:1 s6e1-9b9b9a76:1
1786364767.864373 s4e1-9bcd9d54:1 s5e1-a6032c23:1 s6e1-9b9b9a76:1
1786364767.885700 s4e1-9bcd9d54:1 s5e1-a6032c23:1 s6e1-9b9b9a76:1
1786364767.907088 s4e1-9bcd9d54:1 s5e1-a6032c23:1 s6e1-9b9b9a76:1
1786364767.928562 s4e1-9bcd9d54:1 s5e1-a6032c23:1 s6e1-9b9b9a76:1
1786364767.950061 s4e1-9bcd9d54:1 s5e1-a6032c23:1 s6e1-9b9b9a76:1
1786364767.971619 s4e1-9bcd9d54:1 s5e1-a6032c23:1 s6e1-9b9b9a76:1
1786364767.993310 s4e1-9bcd9d54:1 s5e1-a6032c23:1 s6e1-9b9b9a76:1 s7e1-8baa63a2:53E
1786364768.059573 s5e1-a6032c23:1 s6e1-9b9b9a76:1 s7e1-8baa63a2:1
1786364768.069575 s5e1-a6032c23:1 s6e1-9b9b9a76:1 s7e1-8baa63a2:1
1786364768.090778 s5e1-a6032c23:1 s6e1-9b9b9a76:1 s7e1-8baa63a2:1
1786364768.112193 s5e1-a6032c23:1 s6e1-9b9b9a76:1 s7e1-8baa63a2:1
1786364768.133591 s5e1-a6032c23:1 s6e1-9b9b9a76:1 s7e1-8baa63a2:1
1786364768.155067 s5e1-a6032c23:1 s6e1-9b9b9a76:1 s7e1-8baa63a2:1
1786364768.176434 s5e1-a6032c23:1 s6e1-9b9b9a76:1 s7e1-8baa63a2:1
1786364768.198129 s5e1-a6032c23:1 s6e1-9b9b9a76:1 s7e1-8baa63a2:1 s8e1-80e16469:53E
1786364768.264571 s5e1-a6032c23:1 s6e1-9b9b9a76:1 s7e1-8baa63a2:1 s8e1-80e16469:1
1786364768.274513 s5e1-a6032c23:1 s6e1-9b9b9a76:1 s7e1-8baa63a2:1 s8e1-80e16469:1
1786364768.295848 s5e1-a6032c23:1 s6e1-9b9b9a76:1 s7e1-8baa63a2:1 s8e1-80e16469:1
1786364768.317293 s5e1-a6032c23:1 s6e1-9b9b9a76:1 s7e1-8baa63a2:1 s8e1-80e16469:1
1786364768.338873 s5e1-a6032c23:1 s6e1-9b9b9a76:1 s7e1-8baa63a2:1 s8e1-80e16469:1
1786364768.360322 s6e1-9b9b9a76:1 s7e1-8baa63a2:1 s8e1-80e16469:1
1786364768.381778 s6e1-9b9b9a76:1 s7e1-8baa63a2:1 s8e1-80e16469:1
1786364768.403189 s6e1-9b9b9a76:1 s7e1-8baa63a2:1 s8e1-80e16469:1
1786364768.424595 s6e1-9b9b9a76:1 s7e1-8baa63a2:1 s8e1-80e16469:1
1786364768.446099 s6e1-9b9b9a76:1 s7e1-8baa63a2:1 s8e1-80e16469:1
1786364768.467537 s6e1-9b9b9a76:1 s7e1-8baa63a2:1 s8e1-80e16469:1
1786364768.489045 s7e1-8baa63a2:1 s8e1-80e16469:1
1786364768.510582 s7e1-8baa63a2:1 s8e1-80e16469:1
1786364768.531618 s7e1-8baa63a2:1 s8e1-80e16469:1 s1e1-b7e25164:53E
1786364768.595905 s7e1-8baa63a2:1 s8e1-80e16469:1 s1e1-b7e25164:1
1786364768.606527 s7e1-8baa63a2:1 s8e1-80e16469:1 s1e1-b7e25164:1
1786364768.627848 s7e1-8baa63a2:1 s8e1-80e16469:1 s1e1-b7e25164:1
1786364768.649154 s7e1-8baa63a2:1 s8e1-80e16469:1 s1e1-b7e25164:1
1786364768.670480 s7e1-8baa63a2:1 s8e1-80e16469:1 s1e1-b7e25164:1
1786364768.691902 s7e1-8baa63a2:1 s8e1-80e16469:1 s1e1-b7e25164:1
1786364768.713371 s7e1-8baa63a2:1 s8e1-80e16469:1 s1e1-b7e25164:1 s2e1-86b6c7ad:53E
1786364768.779478 s7e1-8baa63a2:1 s8e1-80e16469:1 s1e1-b7e25164:1 s2e1-86b6c7ad:1
1786364768.789232 s7e1-8baa63a2:1 s8e1-80e16469:1 s1e1-b7e25164:1 s2e1-86b6c7ad:1
1786364768.810540 s7e1-8baa63a2:1 s8e1-80e16469:1 s1e1-b7e25164:1 s2e1-86b6c7ad:1
1786364768.832019 s8e1-80e16469:1 s1e1-b7e25164:1 s2e1-86b6c7ad:1
1786364768.853503 s8e1-80e16469:1 s1e1-b7e25164:1 s2e1-86b6c7ad:1
1786364768.874902 s8e1-80e16469:1 s1e1-b7e25164:1 s2e1-86b6c7ad:1
1786364768.896306 s8e1-80e16469:1 s1e1-b7e25164:1 s2e1-86b6c7ad:1
1786364768.917704 s8e1-80e16469:1 s1e1-b7e25164:1 s2e1-86b6c7ad:1
1786364768.939196 s8e1-80e16469:1 s1e1-b7e25164:1 s2e1-86b6c7ad:1
1786364768.960580 s8e1-80e16469:1 s1e1-b7e25164:1 s2e1-86b6c7ad:1
1786364768.981927 s8e1-80e16469:1 s1e1-b7e25164:1 s2e1-86b6c7ad:1
1786364769.003393 s1e1-b7e25164:1 s2e1-86b6c7ad:1
1786364769.024995 s1e1-b7e25164:1 s2e1-86b6c7ad:1 s3e1-9632d15b:53E
1786364769.089767 s1e1-b7e25164:1 s2e1-86b6c7ad:1 s3e1-9632d15b:1
1786364769.099940 s1e1-b7e25164:1 s2e1-86b6c7ad:1 s3e1-9632d15b:1
1786364769.121247 s1e1-b7e25164:1 s2e1-86b6c7ad:1 s3e1-9632d15b:1
1786364769.142640 s1e1-b7e25164:1 s2e1-86b6c7ad:1 s3e1-9632d15b:1
1786364769.163868 s1e1-b7e25164:1 s2e1-86b6c7ad:1 s3e1-9632d15b:1
1786364769.185307 s1e1-b7e25164:1 s2e1-86b6c7ad:1 s3e1-9632d15b:1
1786364769.206761 s1e1-b7e25164:1 s2e1-86b6c7ad:1 s3e1-9632d15b:1 s4e1-9bcd9d54:53E
1786364769.273235 s1e1-b7e25164:1 s2e1-86b6c7ad:1 s3e1-9632d15b:1 s4e1-9bcd9d54:1
1786364769.283162 s1e1-b7e25164:1 s2e1-86b6c7ad:1 s3e1-9632d15b:1 s4e1-9bcd9d54:1
1786364769.304645 s1e1-b7e25164:1 s2e1-86b6c7ad:1 s3e1-9632d15b:1 s4e1-9bcd9d54:1
1786364769.326142 s1e1-b7e25164:1 s2e1-86b6c7ad:1 s3e1-9632d15b:1 s4e1-9bcd9d54:1
1786364769.347680 s1e1-b7e25164:1 s2e1-86b6c7ad:1 s3e1-9632d15b:1 s4e1-9bcd9d54:1
1786364769.369164 s2e1-86b6c7ad:1 s3e1-9632d15b:1 s4e1-9bcd9d54:1
1786364769.390617 s2e1-86b6c7ad:1 s3e1-9632d15b:1 s4e1-9bcd9d54:1
1786364769.412000 s2e1-86b6c7ad:1 s3e1-9632d15b:1 s4e1-9bcd9d54:1
1786364769.433410 s2e1-86b6c7ad:1 s3e1-9632d15b:1 s4e1-9bcd9d54:1
1786364769.454812 s2e1-86b6c7ad:1 s3e1-9632d15b:1 s4e1-9bcd9d54:1
1786364769.476234 s2e1-86b6c7ad:1 s3e1-9632d15b:1 s4e1-9bcd9d54:1
1786364769.497739 s2e1-86b6c7ad:1 s3e1-9632d15b:1 s4e1-9bcd9d54:1
1786364769.519406 s3e1-9632d15b:1 s4e1-9bcd9d54:1 s5e1-a6032c23:53E
1786364769.584581 s3e1-9632d15b:1 s4e1-9bcd9d54:1 s5e1-a6032c23:1
1786364769.594434 s3e1-9632d15b:1 s4e1-9bcd9d54:1 s5e1-a6032c23:1
1786364769.615558 s3e1-9632d15b:1 s4e1-9bcd9d54:1 s5e1-a6032c23:1
1786364769.636860 s3e1-9632d15b:1 s4e1-9bcd9d54:1 s5e1-a6032c23:1
1786364769.658117 s3e1-9632d15b:1 s4e1-9bcd9d54:1 s5e1-a6032c23:1
1786364769.679441 s3e1-9632d15b:1 s4e1-9bcd9d54:1 s5e1-a6032c23:1
1786364769.700771 s3e1-9632d15b:1 s4e1-9bcd9d54:1 s5e1-a6032c23:1
1786364769.722261 s3e1-9632d15b:1 s4e1-9bcd9d54:1 s5e1-a6032c23:1
1786364769.743752 s3e1-9632d15b:1 s4e1-9bcd9d54:1 s5e1-a6032c23:1 s6e1-9b9b9a76:53E
1786364769.809204 s3e1-9632d15b:1 s4e1-9bcd9d54:1 s5e1-a6032c23:1 s6e1-9b9b9a76:1
1786364769.819482 s3e1-9632d15b:1 s4e1-9bcd9d54:1 s5e1-a6032c23:1 s6e1-9b9b9a76:1
1786364769.840920 s3e1-9632d15b:1 s4e1-9bcd9d54:1 s5e1-a6032c23:1 s6e1-9b9b9a76:1
1786364769.862376 s4e1-9bcd9d54:1 s5e1-a6032c23:1 s6e1-9b9b9a76:1
1786364769.883898 s4e1-9bcd9d54:1 s5e1-a6032c23:1 s6e1-9b9b9a76:1
1786364769.905288 s4e1-9bcd9d54:1 s5e1-a6032c23:1 s6e1-9b9b9a76:1
1786364769.926822 s4e1-9bcd9d54:1 s5e1-a6032c23:1 s6e1-9b9b9a76:1
1786364769.948174 s4e1-9bcd9d54:1 s5e1-a6032c23:1 s6e1-9b9b9a76:1
1786364769.969708 s4e1-9bcd9d54:1 s5e1-a6032c23:1 s6e1-9b9b9a76:1
1786364769.991292 s4e1-9bcd9d54:1 s5e1-a6032c23:1 s6e1-9b9b9a76:1
1786364770.013001 s5e1-a6032c23:1 s6e1-9b9b9a76:1 s7e1-8baa63a2:53E
1786364770.079626 s5e1-a6032c23:1 s6e1-9b9b9a76:1 s7e1-8baa63a2:1
1786364770.089032 s5e1-a6032c23:1 s6e1-9b9b9a76:1 s7e1-8baa63a2:1
1786364770.110262 s5e1-a6032c23:1 s6e1-9b9b9a76:1 s7e1-8baa63a2:1
1786364770.131523 s5e1-a6032c23:1 s6e1-9b9b9a76:1 s7e1-8baa63a2:1
1786364770.152865 s5e1-a6032c23:1 s6e1-9b9b9a76:1 s7e1-8baa63a2:1
1786364770.174210 s5e1-a6032c23:1 s6e1-9b9b9a76:1 s7e1-8baa63a2:1
1786364770.195508 s5e1-a6032c23:1 s6e1-9b9b9a76:1 s7e1-8baa63a2:1
1786364770.217038 s5e1-a6032c23:1 s6e1-9b9b9a76:1 s7e1-8baa63a2:1
1786364770.238497 s5e1-a6032c23:1 s6e1-9b9b9a76:1 s7e1-8baa63a2:1 s8e1-80e16469:53E
1786364770.305808 s5e1-a6032c23:1 s6e1-9b9b9a76:1 s7e1-8baa63a2:1 s8e1-80e16469:1
1786364770.315182 s5e1-a6032c23:1 s6e1-9b9b9a76:1 s7e1-8baa63a2:1 s8e1-80e16469:1
1786364770.336560 s5e1-a6032c23:1 s6e1-9b9b9a76:1 s7e1-8baa63a2:1 s8e1-80e16469:1
1786364770.358036 s6e1-9b9b9a76:1 s7e1-8baa63a2:1 s8e1-80e16469:1
1786364770.379519 s6e1-9b9b9a76:1 s7e1-8baa63a2:1 s8e1-80e16469:1
1786364770.400951 s6e1-9b9b9a76:1 s7e1-8baa63a2:1 s8e1-80e16469:1
1786364770.422354 s6e1-9b9b9a76:1 s7e1-8baa63a2:1 s8e1-80e16469:1
1786364770.443775 s6e1-9b9b9a76:1 s7e1-8baa63a2:1 s8e1-80e16469:1
1786364770.465304 s6e1-9b9b9a76:1 s7e1-8baa63a2:1 s8e1-80e16469:1
1786364770.487065 s6e1-9b9b9a76:1 s7e1-8baa63a2:1 s8e1-80e16469:1
1786364770.508389 s6e1-9b9b9a76:1 s7e1-8baa63a2:1 s8e1-80e16469:1
1786364770.530168 s6e1-9b9b9a76:1 s7e1-8baa63a2:1 s8e1-80e16469:1 s1e1-b7e25164:53E
1786364770.596313 s7e1-8baa63a2:1 s8e1-80e16469:1 s1e1-b7e25164:1
1786364770.606730 s7e1-8baa63a2:1 s8e1-80e16469:1 s1e1-b7e25164:1
1786364770.628149 s7e1-8baa63a2:1 s8e1-80e16469:1 s1e1-b7e25164:1
1786364770.649488 s7e1-8baa63a2:1 s8e1-80e16469:1 s1e1-b7e25164:1
1786364770.671088 s7e1-8baa63a2:1 s8e1-80e16469:1 s1e1-b7e25164:1
1786364770.692604 s7e1-8baa63a2:1 s8e1-80e16469:1 s1e1-b7e25164:1 s2e1-86b6c7ad:53E
1786364770.758612 s7e1-8baa63a2:1 s8e1-80e16469:1 s1e1-b7e25164:1 s2e1-86b6c7ad:1
1786364770.768856 s7e1-8baa63a2:1 s8e1-80e16469:1 s1e1-b7e25164:1 s2e1-86b6c7ad:1
1786364770.790206 s7e1-8baa63a2:1 s8e1-80e16469:1 s1e1-b7e25164:1 s2e1-86b6c7ad:1
1786364770.811718 s7e1-8baa63a2:1 s8e1-80e16469:1 s1e1-b7e25164:1 s2e1-86b6c7ad:1
1786364770.833328 s7e1-8baa63a2:1 s8e1-80e16469:1 s1e1-b7e25164:1 s2e1-86b6c7ad:1
1786364770.854690 s8e1-80e16469:1 s1e1-b7e25164:1 s2e1-86b6c7ad:1
1786364770.876212 s8e1-80e16469:1 s1e1-b7e25164:1 s2e1-86b6c7ad:1
1786364770.897614 s8e1-80e16469:1 s1e1-b7e25164:1 s2e1-86b6c7ad:1
1786364770.919065 s8e1-80e16469:1 s1e1-b7e25164:1 s2e1-86b6c7ad:1
1786364770.940485 s8e1-80e16469:1 s1e1-b7e25164:1 s2e1-86b6c7ad:1
1786364770.961913 s8e1-80e16469:1 s1e1-b7e25164:1 s2e1-86b6c7ad:1
1786364770.983475 s8e1-80e16469:1 s1e1-b7e25164:1 s2e1-86b6c7ad:1
1786364771.004844 s8e1-80e16469:1 s1e1-b7e25164:1 s2e1-86b6c7ad:1
1786364771.026489 s8e1-80e16469:1 s1e1-b7e25164:1 s2e1-86b6c7ad:1 s3e1-9632d15b:53E
1786364771.091610 s1e1-b7e25164:1 s2e1-86b6c7ad:1 s3e1-9632d15b:1
1786364771.102245 s1e1-b7e25164:1 s2e1-86b6c7ad:1 s3e1-9632d15b:1
1786364771.123604 s1e1-b7e25164:1 s2e1-86b6c7ad:1 s3e1-9632d15b:1
1786364771.145043 s1e1-b7e25164:1 s2e1-86b6c7ad:1 s3e1-9632d15b:1
1786364771.166469 s1e1-b7e25164:1 s2e1-86b6c7ad:1 s3e1-9632d15b:1
1786364771.187904 s1e1-b7e25164:1 s2e1-86b6c7ad:1 s3e1-9632d15b:1
1786364771.209394 s1e1-b7e25164:1 s2e1-86b6c7ad:1 s3e1-9632d15b:1
1786364771.230869 s1e1-b7e25164:1 s2e1-86b6c7ad:1 s3e1-9632d15b:1
1786364771.252466 s1e1-b7e25164:1 s2e1-86b6c7ad:1 s3e1-9632d15b:1 s4e1-9bcd9d54:53E
1786364771.318866 s1e1-b7e25164:1 s2e1-86b6c7ad:1 s3e1-9632d15b:1 s4e1-9bcd9d54:1
1786364771.329173 s1e1-b7e25164:1 s2e1-86b6c7ad:1 s3e1-9632d15b:1 s4e1-9bcd9d54:1
1786364771.350451 s1e1-b7e25164:1 s2e1-86b6c7ad:1 s3e1-9632d15b:1 s4e1-9bcd9d54:1
1786364771.371944 s2e1-86b6c7ad:1 s3e1-9632d15b:1 s4e1-9bcd9d54:1
1786364771.393449 s2e1-86b6c7ad:1 s3e1-9632d15b:1 s4e1-9bcd9d54:1
1786364771.414932 s2e1-86b6c7ad:1 s3e1-9632d15b:1 s4e1-9bcd9d54:1
1786364771.436279 s2e1-86b6c7ad:1 s3e1-9632d15b:1 s4e1-9bcd9d54:1
1786364771.457763 s2e1-86b6c7ad:1 s3e1-9632d15b:1 s4e1-9bcd9d54:1
1786364771.479150 s2e1-86b6c7ad:1 s3e1-9632d15b:1 s4e1-9bcd9d54:1
1786364771.500581 s3e1-9632d15b:1 s4e1-9bcd9d54:1
1786364771.522233 s3e1-9632d15b:1 s4e1-9bcd9d54:1 s5e1-a6032c23:53E
1786364771.587731 s3e1-9632d15b:1 s4e1-9bcd9d54:1 s5e1-a6032c23:1
1786364771.597804 s3e1-9632d15b:1 s4e1-9bcd9d54:1 s5e1-a6032c23:1
1786364771.618999 s3e1-9632d15b:1 s4e1-9bcd9d54:1 s5e1-a6032c23:1
1786364771.640252 s3e1-9632d15b:1 s4e1-9bcd9d54:1 s5e1-a6032c23:1
1786364771.661498 s3e1-9632d15b:1 s4e1-9bcd9d54:1 s5e1-a6032c23:1
1786364771.682777 s3e1-9632d15b:1 s4e1-9bcd9d54:1 s5e1-a6032c23:1
1786364771.704097 s3e1-9632d15b:1 s4e1-9bcd9d54:1 s5e1-a6032c23:1
1786364771.725336 s3e1-9632d15b:1 s4e1-9bcd9d54:1 s5e1-a6032c23:1
1786364771.746698 s3e1-9632d15b:1 s4e1-9bcd9d54:1 s5e1-a6032c23:1
1786364771.768093 s3e1-9632d15b:1 s4e1-9bcd9d54:1 s5e1-a6032c23:1
1786364771.789633 s3e1-9632d15b:1 s4e1-9bcd9d54:1 s5e1-a6032c23:1 s6e1-9b9b9a76:53E
1786364771.855251 s3e1-9632d15b:1 s4e1-9bcd9d54:1 s5e1-a6032c23:1 s6e1-9b9b9a76:1
1786364771.865727 s4e1-9bcd9d54:1 s5e1-a6032c23:1 s6e1-9b9b9a76:1
1786364771.887126 s4e1-9bcd9d54:1 s5e1-a6032c23:1 s6e1-9b9b9a76:1
1786364771.908548 s4e1-9bcd9d54:1 s5e1-a6032c23:1 s6e1-9b9b9a76:1
1786364771.929931 s4e1-9bcd9d54:1 s5e1-a6032c23:1 s6e1-9b9b9a76:1
1786364771.951537 s4e1-9bcd9d54:1 s5e1-a6032c23:1 s6e1-9b9b9a76:1
1786364771.973162 s4e1-9bcd9d54:1 s5e1-a6032c23:1 s6e1-9b9b9a76:1 s7e1-8baa63a2:53E
1786364772.039766 s4e1-9bcd9d54:1 s5e1-a6032c23:1 s6e1-9b9b9a76:1 s7e1-8baa63a2:1
1786364772.049838 s4e1-9bcd9d54:1 s5e1-a6032c23:1 s6e1-9b9b9a76:1 s7e1-8baa63a2:1
1786364772.071180 s4e1-9bcd9d54:1 s5e1-a6032c23:1 s6e1-9b9b9a76:1 s7e1-8baa63a2:1
1786364772.092610 s5e1-a6032c23:1 s6e1-9b9b9a76:1 s7e1-8baa63a2:1
1786364772.114128 s5e1-a6032c23:1 s6e1-9b9b9a76:1 s7e1-8baa63a2:1
1786364772.135553 s5e1-a6032c23:1 s6e1-9b9b9a76:1 s7e1-8baa63a2:1
1786364772.157018 s5e1-a6032c23:1 s6e1-9b9b9a76:1 s7e1-8baa63a2:1
1786364772.178524 s5e1-a6032c23:1 s6e1-9b9b9a76:1 s7e1-8baa63a2:1
1786364772.200052 s5e1-a6032c23:1 s6e1-9b9b9a76:1 s7e1-8baa63a2:1
1786364772.221609 s5e1-a6032c23:1 s6e1-9b9b9a76:1 s7e1-8baa63a2:1
1786364772.243223 s5e1-a6032c23:1 s6e1-9b9b9a76:1 s7e1-8baa63a2:1
1786364772.264911 s5e1-a6032c23:1 s6e1-9b9b9a76:1 s7e1-8baa63a2:1 s8e1-80e16469:53E
1786364772.330924 s5e1-a6032c23:1 s6e1-9b9b9a76:1 s7e1-8baa63a2:1 s8e1-80e16469:1
1786364772.341118 s5e1-a6032c23:1 s6e1-9b9b9a76:1 s7e1-8baa63a2:1 s8e1-80e16469:1
1786364772.362567 s6e1-9b9b9a76:1 s7e1-8baa63a2:1 s8e1-80e16469:1
1786364772.384099 s6e1-9b9b9a76:1 s7e1-8baa63a2:1 s8e1-80e16469:1
1786364772.405509 s6e1-9b9b9a76:1 s7e1-8baa63a2:1 s8e1-80e16469:1
1786364772.427026 s6e1-9b9b9a76:1 s7e1-8baa63a2:1 s8e1-80e16469:1
1786364772.448478 s6e1-9b9b9a76:1 s7e1-8baa63a2:1 s8e1-80e16469:1
1786364772.470000 s6e1-9b9b9a76:1 s7e1-8baa63a2:1 s8e1-80e16469:1
1786364772.491621 s6e1-9b9b9a76:1 s7e1-8baa63a2:1 s8e1-80e16469:1
1786364772.513348 s6e1-9b9b9a76:1 s7e1-8baa63a2:1 s8e1-80e16469:1 s1e1-b7e25164:53E
1786364772.578932 s6e1-9b9b9a76:1 s7e1-8baa63a2:1 s8e1-80e16469:1 s1e1-b7e25164:1
1786364772.589395 s6e1-9b9b9a76:1 s7e1-8baa63a2:1 s8e1-80e16469:1 s1e1-b7e25164:1
1786364772.610641 s6e1-9b9b9a76:1 s7e1-8baa63a2:1 s8e1-80e16469:1 s1e1-b7e25164:1
1786364772.632120 s7e1-8baa63a2:1 s8e1-80e16469:1 s1e1-b7e25164:1
1786364772.653632 s7e1-8baa63a2:1 s8e1-80e16469:1 s1e1-b7e25164:1
1786364772.675121 s7e1-8baa63a2:1 s8e1-80e16469:1 s1e1-b7e25164:1
1786364772.696482 s7e1-8baa63a2:1 s8e1-80e16469:1 s1e1-b7e25164:1
1786364772.717946 s7e1-8baa63a2:1 s8e1-80e16469:1 s1e1-b7e25164:1
1786364772.739375 s7e1-8baa63a2:1 s8e1-80e16469:1 s1e1-b7e25164:1
1786364772.760836 s7e1-8baa63a2:1 s8e1-80e16469:1 s1e1-b7e25164:1
1786364772.782341 s8e1-80e16469:1 s1e1-b7e25164:1
1786364772.803970 s8e1-80e16469:1 s1e1-b7e25164:1 s2e1-86b6c7ad:53E
1786364772.869120 s8e1-80e16469:1 s1e1-b7e25164:1 s2e1-86b6c7ad:1
1786364772.879802 s8e1-80e16469:1 s1e1-b7e25164:1 s2e1-86b6c7ad:1
1786364772.901063 s8e1-80e16469:1 s1e1-b7e25164:1 s2e1-86b6c7ad:1
1786364772.922316 s8e1-80e16469:1 s1e1-b7e25164:1 s2e1-86b6c7ad:1
1786364772.943589 s8e1-80e16469:1 s1e1-b7e25164:1 s2e1-86b6c7ad:1
1786364772.964911 s8e1-80e16469:1 s1e1-b7e25164:1 s2e1-86b6c7ad:1
1786364772.986234 s8e1-80e16469:1 s1e1-b7e25164:1 s2e1-86b6c7ad:1
1786364773.007694 s8e1-80e16469:1 s1e1-b7e25164:1 s2e1-86b6c7ad:1 s3e1-9632d15b:48E
1786364773.080436 s8e1-80e16469:1 s1e1-b7e25164:1 s2e1-86b6c7ad:1 s3e1-9632d15b:1
1786364773.090201 s8e1-80e16469:1 s1e1-b7e25164:1 s2e1-86b6c7ad:1 s3e1-9632d15b:1
1786364773.111327 s1e1-b7e25164:1 s2e1-86b6c7ad:1 s3e1-9632d15b:1
1786364773.132758 s1e1-b7e25164:1 s2e1-86b6c7ad:1 s3e1-9632d15b:1
1786364773.154102 s1e1-b7e25164:1 s2e1-86b6c7ad:1 s3e1-9632d15b:1
1786364773.175485 s1e1-b7e25164:1 s2e1-86b6c7ad:1 s3e1-9632d15b:1
1786364773.196898 s1e1-b7e25164:1 s2e1-86b6c7ad:1 s3e1-9632d15b:1
1786364773.218421 s1e1-b7e25164:1 s2e1-86b6c7ad:1 s3e1-9632d15b:1
1786364773.239807 s1e1-b7e25164:1 s2e1-86b6c7ad:1 s3e1-9632d15b:1
1786364773.261313 s1e1-b7e25164:1 s2e1-86b6c7ad:1 s3e1-9632d15b:1
1786364773.282892 s1e1-b7e25164:1 s2e1-86b6c7ad:1 s3e1-9632d15b:1 s4e1-9bcd9d54:41E
1786364773.355057 s1e1-b7e25164:1 s2e1-86b6c7ad:1 s3e1-9632d15b:1 s4e1-9bcd9d54:1
1786364773.364742 s2e1-86b6c7ad:1 s3e1-9632d15b:1 s4e1-9bcd9d54:1
1786364773.386111 s2e1-86b6c7ad:1 s3e1-9632d15b:1 s4e1-9bcd9d54:1
1786364773.407503 s2e1-86b6c7ad:1 s3e1-9632d15b:1 s4e1-9bcd9d54:1
1786364773.428846 s2e1-86b6c7ad:1 s3e1-9632d15b:1 s4e1-9bcd9d54:1
1786364773.450270 s2e1-86b6c7ad:1 s3e1-9632d15b:1 s4e1-9bcd9d54:1
1786364773.471728 s2e1-86b6c7ad:1 s3e1-9632d15b:1 s4e1-9bcd9d54:1
1786364773.493214 s2e1-86b6c7ad:1 s3e1-9632d15b:1 s4e1-9bcd9d54:1
1786364773.514637 s2e1-86b6c7ad:1 s3e1-9632d15b:1 s4e1-9bcd9d54:1
1786364773.536247 s2e1-86b6c7ad:1 s3e1-9632d15b:1 s4e1-9bcd9d54:1
1786364773.557820 s2e1-86b6c7ad:1 s3e1-9632d15b:1 s4e1-9bcd9d54:1 s5e1-a6032c23:35E
1786364773.630536 s2e1-86b6c7ad:1 s3e1-9632d15b:1 s4e1-9bcd9d54:1 s5e1-a6032c23:1
1786364773.639873 s2e1-86b6c7ad:1 s3e1-9632d15b:1 s4e1-9bcd9d54:1 s5e1-a6032c23:1
1786364773.661121 s3e1-9632d15b:1 s4e1-9bcd9d54:1 s5e1-a6032c23:1
1786364773.682619 s3e1-9632d15b:1 s4e1-9bcd9d54:1 s5e1-a6032c23:1
1786364773.703911 s3e1-9632d15b:1 s4e1-9bcd9d54:1 s5e1-a6032c23:1
1786364773.725250 s3e1-9632d15b:1 s4e1-9bcd9d54:1 s5e1-a6032c23:1
1786364773.746609 s3e1-9632d15b:1 s4e1-9bcd9d54:1 s5e1-a6032c23:1
1786364773.768049 s3e1-9632d15b:1 s4e1-9bcd9d54:1 s5e1-a6032c23:1
1786364773.789576 s3e1-9632d15b:1 s4e1-9bcd9d54:1 s5e1-a6032c23:1 s6e1-9b9b9a76:29E
1786364773.850209 s3e1-9632d15b:1 s4e1-9bcd9d54:1 s5e1-a6032c23:1 s6e1-9b9b9a76:1
1786364773.872415 s4e1-9bcd9d54:1 s5e1-a6032c23:1 s6e1-9b9b9a76:1
1786364773.893637 s4e1-9bcd9d54:1 s5e1-a6032c23:1 s6e1-9b9b9a76:1
1786364773.914768 s4e1-9bcd9d54:1 s5e1-a6032c23:1 s6e1-9b9b9a76:1
1786364773.936114 s4e1-9bcd9d54:1 s5e1-a6032c23:1 s6e1-9b9b9a76:1
1786364773.957597 s4e1-9bcd9d54:1 s5e1-a6032c23:1 s6e1-9b9b9a76:1 s7e1-8baa63a2:23E
1786364774.014195 s4e1-9bcd9d54:1 s5e1-a6032c23:1 s6e1-9b9b9a76:1 s7e1-8baa63a2:1
1786364774.037756 s4e1-9bcd9d54:1 s5e1-a6032c23:1 s6e1-9b9b9a76:1 s7e1-8baa63a2:1
1786364774.058947 s4e1-9bcd9d54:1 s5e1-a6032c23:1 s6e1-9b9b9a76:1 s7e1-8baa63a2:1
1786364774.080258 s4e1-9bcd9d54:1 s5e1-a6032c23:1 s6e1-9b9b9a76:1 s7e1-8baa63a2:1
1786364774.101748 s4e1-9bcd9d54:1 s5e1-a6032c23:1 s6e1-9b9b9a76:1 s7e1-8baa63a2:1
1786364774.123144 s4e1-9bcd9d54:1 s5e1-a6032c23:1 s6e1-9b9b9a76:1 s7e1-8baa63a2:1
1786364774.144583 s5e1-a6032c23:1 s6e1-9b9b9a76:1 s7e1-8baa63a2:1
1786364774.166077 s5e1-a6032c23:1 s6e1-9b9b9a76:1 s7e1-8baa63a2:1
1786364774.187505 s5e1-a6032c23:1 s6e1-9b9b9a76:1 s7e1-8baa63a2:1
1786364774.208950 s5e1-a6032c23:1 s6e1-9b9b9a76:1 s7e1-8baa63a2:1
1786364774.230484 s5e1-a6032c23:1 s6e1-9b9b9a76:1 s7e1-8baa63a2:1
1786364774.252099 s5e1-a6032c23:1 s6e1-9b9b9a76:1 s7e1-8baa63a2:1 s8e1-80e16469:16E
1786364774.310909 s5e1-a6032c23:1 s6e1-9b9b9a76:1 s7e1-8baa63a2:1 s8e1-80e16469:1
1786364774.333671 s5e1-a6032c23:1 s6e1-9b9b9a76:1 s7e1-8baa63a2:1 s8e1-80e16469:1
1786364774.354833 s5e1-a6032c23:1 s6e1-9b9b9a76:1 s7e1-8baa63a2:1 s8e1-80e16469:1
1786364774.376155 s5e1-a6032c23:1 s6e1-9b9b9a76:1 s7e1-8baa63a2:1 s8e1-80e16469:1
1786364774.397581 s5e1-a6032c23:1 s6e1-9b9b9a76:1 s7e1-8baa63a2:1 s8e1-80e16469:1
1786364774.418976 s6e1-9b9b9a76:1 s7e1-8baa63a2:1 s8e1-80e16469:1
1786364774.440510 s6e1-9b9b9a76:1 s7e1-8baa63a2:1 s8e1-80e16469:1
1786364774.462005 s6e1-9b9b9a76:1 s7e1-8baa63a2:1 s8e1-80e16469:1 s1e1-b7e25164:11E
1786364774.524285 s6e1-9b9b9a76:1 s7e1-8baa63a2:1 s8e1-80e16469:1 s1e1-b7e25164:1
1786364774.547248 s6e1-9b9b9a76:1 s7e1-8baa63a2:1 s8e1-80e16469:1 s1e1-b7e25164:1
1786364774.568180 s6e1-9b9b9a76:1 s7e1-8baa63a2:1 s8e1-80e16469:1 s1e1-b7e25164:1
1786364774.589443 s6e1-9b9b9a76:1 s7e1-8baa63a2:1 s8e1-80e16469:1 s1e1-b7e25164:1
1786364774.610679 s6e1-9b9b9a76:1 s7e1-8baa63a2:1 s8e1-80e16469:1 s1e1-b7e25164:1
1786364774.632081 s6e1-9b9b9a76:1 s7e1-8baa63a2:1 s8e1-80e16469:1 s1e1-b7e25164:1
1786364774.653498 s7e1-8baa63a2:1 s8e1-80e16469:1 s1e1-b7e25164:1
1786364774.675048 s7e1-8baa63a2:1 s8e1-80e16469:1 s1e1-b7e25164:1
1786364774.696287 s7e1-8baa63a2:1 s8e1-80e16469:1 s1e1-b7e25164:1
1786364774.717620 s7e1-8baa63a2:1 s8e1-80e16469:1 s1e1-b7e25164:1
1786364774.739188 s7e1-8baa63a2:1 s8e1-80e16469:1 s1e1-b7e25164:1
1786364774.760621 s7e1-8baa63a2:1 s8e1-80e16469:1 s1e1-b7e25164:1 s2e1-86b6c7ad:4E
1786364774.819536 s8e1-80e16469:1 s1e1-b7e25164:1 s2e1-86b6c7ad:1
1786364774.842784 s8e1-80e16469:1 s1e1-b7e25164:1 s2e1-86b6c7ad:1
1786364774.863666 s8e1-80e16469:1 s1e1-b7e25164:1 s2e1-86b6c7ad:1
1786364774.884766 s8e1-80e16469:1 s1e1-b7e25164:1 s2e1-86b6c7ad:1
1786364774.905958 s8e1-80e16469:1 s1e1-b7e25164:1 s2e1-86b6c7ad:1
1786364774.927274 s8e1-80e16469:1 s1e1-b7e25164:1 s2e1-86b6c7ad:1
1786364774.948552 s8e1-80e16469:1 s1e1-b7e25164:1 s2e1-86b6c7ad:1
1786364774.969975 s8e1-80e16469:1 s1e1-b7e25164:1 s2e1-86b6c7ad:1
1786364774.991233 s8e1-80e16469:1 s1e1-b7e25164:1 s2e1-86b6c7ad:1
1786364775.012506 s8e1-80e16469:1 s1e1-b7e25164:1 s2e1-86b6c7ad:1
1786364775.033828 s8e1-80e16469:1 s1e1-b7e25164:1 s2e1-86b6c7ad:1
1786364775.055319 s8e1-80e16469:1 s1e1-b7e25164:1 s2e1-86b6c7ad:1
1786364775.076534 s1e1-b7e25164:1 s2e1-86b6c7ad:1
1786364775.097829 s1e1-b7e25164:1 s2e1-86b6c7ad:1
1786364775.118564 s1e1-b7e25164:1 s2e1-86b6c7ad:1
1786364775.139217 s1e1-b7e25164:1 s2e1-86b6c7ad:1
1786364775.159902 s1e1-b7e25164:1 s2e1-86b6c7ad:1
1786364775.180788 s1e1-b7e25164:1 s2e1-86b6c7ad:1
1786364775.201824 s1e1-b7e25164:1 s2e1-86b6c7ad:1
1786364775.222879 s1e1-b7e25164:1 s2e1-86b6c7ad:1
1786364775.243937 s2e1-86b6c7ad:1
1786364775.265013 s2e1-86b6c7ad:1
1786364775.285488 s2e1-86b6c7ad:1
1786364775.305895 s2e1-86b6c7ad:1
1786364775.326292 s2e1-86b6c7ad:1
1786364775.346665 s2e1-86b6c7ad:1
1786364775.367037 s2e1-86b6c7ad:1
