1786477040.647148 S req=s1000000000e1-85cb19f9 blocks=128
1786477041.085406 S req=s1000000000e1-85cb19f9 blocks=128
1786477041.181595 S req=s1000000000e1-85cb19f9 blocks=257
1786477041.479022 S req=s1000000000e1-85cb19f9 blocks=3
1786477041.713709 S req=s1000000000e1-85cb19f9 blocks=1
1786477053.999765 S req=s8e1-91f4c90a blocks=1
1786477054.429242 S req=s8e1-91f4c90a blocks=128
1786477054.429242 S req=s1e1-b3a16e41 blocks=1
1786477054.871146 S req=s1e1-b3a16e41 blocks=3
1786477055.296272 S req=s8e1-91f4c90a blocks=252
1786477055.296272 S req=s1e1-b3a16e41 blocks=128
1786477055.296272 S req=s2e1-9f23d8fd blocks=1
1786477055.772327 S req=s8e1-91f4c90a blocks=1
1786477055.772327 S req=s2e1-9f23d8fd blocks=6
1786477056.196475 S req=s2e1-9f23d8fd blocks=128
1786477056.196475 S req=s3e1-90ff1266 blocks=1
1786477056.650246 S req=s3e1-90ff1266 blocks=8
1786477057.072947 S req=s3e1-90ff1266 blocks=128
1786477057.072947 S req=s4e1-b16c535e blocks=1
1786477057.526541 S req=s4e1-b16c535e blocks=11
1786477057.950128 S req=s4e1-b16c535e blocks=128
1786477057.950128 S req=s5e1-a20594e7 blocks=1
1786477058.398714 S req=s5e1-a20594e7 blocks=16
1786477058.828702 S req=s1e1-b3a16e41 blocks=252
1786477058.828702 S req=s5e1-a20594e7 blocks=128
1786477058.828702 S req=s6e1-bfb0bab6 blocks=1
1786477059.297608 S req=s1e1-b3a16e41 blocks=1
1786477059.297608 S req=s6e1-bfb0bab6 blocks=21
1786477059.731179 S req=s6e1-bfb0bab6 blocks=128
1786477059.731179 S req=s7e1-865d313a blocks=1
1786477060.181329 S req=s7e1-865d313a blocks=23
1786477060.613109 S req=s2e1-9f23d8fd blocks=254
1786477060.613109 S req=s3e1-90ff1266 blocks=252
1786477060.613109 S req=s4e1-b16c535e blocks=251
1786477060.613109 S req=s5e1-a20594e7 blocks=249
1786477060.613109 S req=s6e1-bfb0bab6 blocks=253
1786477060.613109 S req=s7e1-865d313a blocks=128
1786477061.063624 S req=s2e1-9f23d8fd blocks=1
1786477061.063624 S req=s3e1-90ff1266 blocks=2
1786477061.063624 S req=s4e1-b16c535e blocks=2
1786477061.063624 S req=s5e1-a20594e7 blocks=3
1786477061.063624 S req=s6e1-bfb0bab6 blocks=3
1786477061.063624 S req=s7e1-865d313a blocks=249
1786477061.129332 S req=s2e1-9f23d8fd blocks=1
1786477061.129332 S req=s7e1-865d313a blocks=4
1786477061.179083 S req=s8e1-91f4c90a blocks=1
1786477061.227357 S req=s4e1-b16c535e blocks=1
1786477061.227357 S req=s6e1-bfb0bab6 blocks=1
1786477061.299969 S req=s1e1-b3a16e41 blocks=1
1786477061.299969 S req=s3e1-90ff1266 blocks=1
1786477061.372164 S req=s5e1-a20594e7 blocks=1
1786477061.493966 S req=s8e1-91f4c90a blocks=3
1786477061.493966 S req=s7e1-865d313a blocks=1
1786477061.543001 S req=s8e1-91f4c90a blocks=1
1786477061.591294 S req=s2e1-9f23d8fd blocks=1
1786477061.722395 S req=s1e1-b3a16e41 blocks=4
1786477061.722395 S req=s4e1-b16c535e blocks=1
1786477061.722395 S req=s6e1-bfb0bab6 blocks=1
1786477061.796641 S req=s3e1-90ff1266 blocks=1
1786477061.941968 S req=s2e1-9f23d8fd blocks=3
1786477061.941968 S req=s3e1-90ff1266 blocks=3
1786477061.941968 S req=s4e1-b16c535e blocks=3
1786477061.941968 S req=s5e1-a20594e7 blocks=4
1786477061.941968 S req=s6e1-bfb0bab6 blocks=3
1786477062.011965 S req=s7e1-865d313a blocks=4
1786477062.084242 S req=s2e1-9f23d8fd blocks=1
1786477062.131911 S req=s8e1-91f4c90a blocks=1
1786477062.179772 S req=s4e1-b16c535e blocks=1
1786477062.179772 S req=s6e1-bfb0bab6 blocks=1
1786477062.251414 S req=s1e1-b3a16e41 blocks=1
1786477062.251414 S req=s3e1-90ff1266 blocks=1
1786477062.334364 S req=s8e1-91f4c90a blocks=3
1786477062.358629 S req=s5e1-a20594e7 blocks=1
1786477062.406652 S req=s7e1-865d313a blocks=1
1786477062.454324 S req=s8e1-91f4c90a blocks=1
1786477062.502498 S req=s2e1-9f23d8fd blocks=1
1786477062.561398 S req=s1e1-b3a16e41 blocks=3
1786477062.609967 S req=s1e1-b3a16e41 blocks=1
1786477062.635677 S req=s4e1-b16c535e blocks=1
1786477062.635677 S req=s6e1-bfb0bab6 blocks=1
1786477062.775765 S req=s2e1-9f23d8fd blocks=3
1786477062.775765 S req=s3e1-90ff1266 blocks=4
1786477062.775765 S req=s4e1-b16c535e blocks=3
1786477062.775765 S req=s5e1-a20594e7 blocks=3
1786477062.775765 S req=s6e1-bfb0bab6 blocks=3
1786477062.835722 S req=s5e1-a20594e7 blocks=1
1786477062.835722 S req=s7e1-865d313a blocks=3
1786477062.884182 S req=s7e1-865d313a blocks=1
1786477062.980105 S req=s2e1-9f23d8fd blocks=1
1786477063.028168 S req=s8e1-91f4c90a blocks=1
1786477063.076263 S req=s4e1-b16c535e blocks=1
1786477063.076263 S req=s6e1-bfb0bab6 blocks=1
1786477063.166150 S req=s8e1-91f4c90a blocks=3
1786477063.190087 S req=s1e1-b3a16e41 blocks=1
1786477063.190087 S req=s3e1-90ff1266 blocks=1
1786477063.261788 S req=s5e1-a20594e7 blocks=1
1786477063.309755 S req=s7e1-865d313a blocks=1
1786477063.393377 S req=s8e1-91f4c90a blocks=1
1786477063.393377 S req=s1e1-b3a16e41 blocks=3
1786477063.441832 S req=s2e1-9f23d8fd blocks=1
1786477063.467467 S req=s2e1-9f23d8fd blocks=1
1786477063.608213 S req=s2e1-9f23d8fd blocks=3
1786477063.608213 S req=s3e1-90ff1266 blocks=3
1786477063.608213 S req=s4e1-b16c535e blocks=4
1786477063.608213 S req=s5e1-a20594e7 blocks=3
1786477063.608213 S req=s6e1-bfb0bab6 blocks=4
1786477063.668043 S req=s1e1-b3a16e41 blocks=1
1786477063.668043 S req=s3e1-90ff1266 blocks=1
1786477063.668043 S req=s7e1-865d313a blocks=3
1786477063.740403 S req=s5e1-a20594e7 blocks=1
1786477063.788718 S req=s7e1-865d313a blocks=1
1786477063.885363 S req=s2e1-9f23d8fd blocks=1
1786477063.933663 S req=s8e1-91f4c90a blocks=1
1786477063.994748 S req=s8e1-91f4c90a blocks=3
1786477064.019117 S req=s4e1-b16c535e blocks=1
1786477064.019117 S req=s6e1-bfb0bab6 blocks=1
1786477064.091380 S req=s1e1-b3a16e41 blocks=1
1786477064.091380 S req=s3e1-90ff1266 blocks=1
1786477064.163674 S req=s5e1-a20594e7 blocks=1
1786477064.229554 S req=s1e1-b3a16e41 blocks=3
1786477064.253841 S req=s7e1-865d313a blocks=1
1786477064.303700 S req=s8e1-91f4c90a blocks=1
1786477064.444651 S req=s2e1-9f23d8fd blocks=4
1786477064.444651 S req=s3e1-90ff1266 blocks=3
1786477064.444651 S req=s4e1-b16c535e blocks=3
1786477064.444651 S req=s5e1-a20594e7 blocks=3
1786477064.444651 S req=s6e1-bfb0bab6 blocks=3
1786477064.504537 S req=s4e1-b16c535e blocks=1
1786477064.504537 S req=s6e1-bfb0bab6 blocks=1
1786477064.504537 S req=s7e1-865d313a blocks=3
1786477064.577604 S req=s1e1-b3a16e41 blocks=1
1786477064.577604 S req=s3e1-90ff1266 blocks=1
1786477064.649442 S req=s5e1-a20594e7 blocks=1
1786477064.697376 S req=s7e1-865d313a blocks=1
1786477064.829946 S req=s8e1-91f4c90a blocks=4
1786477064.829946 S req=s2e1-9f23d8fd blocks=1
1786477064.926518 S req=s4e1-b16c535e blocks=1
1786477064.926518 S req=s6e1-bfb0bab6 blocks=1
1786477064.998783 S req=s1e1-b3a16e41 blocks=1
1786477064.998783 S req=s3e1-90ff1266 blocks=1
1786477065.059051 S req=s1e1-b3a16e41 blocks=3
1786477065.107708 S req=s5e1-a20594e7 blocks=1
1786477065.132530 req=s4e1-b16c535e held=276 evicted=145 cpu_covered=145 usage_before=0.4799 usage_after=0.4202
1786477065.132832 req=s5e1-a20594e7 held=275 evicted=144 cpu_covered=144 usage_before=0.4202 usage_after=0.361
1786477065.133126 req=s6e1-bfb0bab6 held=279 evicted=148 cpu_covered=148 usage_before=0.361 usage_after=0.3006
1786477065.196010 req=s7e1-865d313a held=275 evicted=145 cpu_covered=145 usage_before=0.3019 usage_after=0.2425
1786477065.196399 S req=s2e1-9f23d8fd blocks=4
1786477065.196399 S req=s3e1-90ff1266 blocks=3
1786477065.242878 S req=s8e1-91f4c90a blocks=1
1786477065.312220 L req=s4e1-b16c535e cpu_tok=2352 gpu_tok=0
1786477065.358616 R req=s4e1-b16c535e
1786477065.359011 S req=s1e1-b3a16e41 blocks=1
1786477065.359011 S req=s3e1-90ff1266 blocks=1
1786477065.411435 S req=s4e1-b16c535e blocks=3
1786477065.507087 req=s8e1-91f4c90a held=280 evicted=149 cpu_covered=149 usage_before=0.3035 usage_after=0.2429
1786477065.507423 S req=s4e1-b16c535e blocks=1
1786477065.532789 L req=s5e1-a20594e7 cpu_tok=2336 gpu_tok=0
1786477065.578953 R req=s5e1-a20594e7
1786477065.633479 S req=s2e1-9f23d8fd blocks=1
1786477065.633479 S req=s5e1-a20594e7 blocks=3
1786477065.728356 req=s1e1-b3a16e41 held=280 evicted=149 cpu_covered=149 usage_before=0.3035 usage_after=0.2429
1786477065.797038 S req=s3e1-90ff1266 blocks=1
1786477065.819969 req=s2e1-9f23d8fd held=283 evicted=152 cpu_covered=152 usage_before=0.2431 usage_after=0.1819
1786477065.820343 req=s3e1-90ff1266 held=282 evicted=151 cpu_covered=151 usage_before=0.1819 usage_after=0.1211
1786477065.821234 L req=s6e1-bfb0bab6 cpu_tok=2400 gpu_tok=0
1786477065.866517 R req=s6e1-bfb0bab6
1786477065.867001 S req=s5e1-a20594e7 blocks=1
1786477065.920917 S req=s6e1-bfb0bab6 blocks=3
1786477065.943473 S req=s4e1-b16c535e blocks=1
1786477066.011135 S req=s6e1-bfb0bab6 blocks=1
1786477066.034009 req=s4e1-b16c535e held=281 evicted=150 cpu_covered=150 usage_before=0.1825 usage_after=0.1218
1786477066.034977 L req=s7e1-865d313a cpu_tok=2336 gpu_tok=0
1786477066.079599 R req=s7e1-865d313a
1786477066.143879 S req=s7e1-865d313a blocks=4
1786477066.256102 req=s5e1-a20594e7 held=279 evicted=148 cpu_covered=148 usage_before=0.1821 usage_after=0.1218
1786477066.345293 L req=s8e1-91f4c90a cpu_tok=2416 gpu_tok=0
1786477066.389721 S req=s7e1-865d313a blocks=1
1786477066.411666 R req=s8e1-91f4c90a
1786477066.412029 S req=s6e1-bfb0bab6 blocks=1
1786477066.476244 S req=s8e1-91f4c90a blocks=3
1786477066.498823 S req=s8e1-91f4c90a blocks=1
1786477066.544036 req=s6e1-bfb0bab6 held=284 evicted=153 cpu_covered=153 usage_before=0.1836 usage_after=0.1222
1786477066.567914 L req=s1e1-b3a16e41 cpu_tok=2416 gpu_tok=0
1786477066.634128 R req=s1e1-b3a16e41
1786477066.698199 S req=s1e1-b3a16e41 blocks=4
1786477066.772540 req=s7e1-865d313a held=280 evicted=149 cpu_covered=149 usage_before=0.1836 usage_after=0.1231
1786477066.795763 L req=s2e1-9f23d8fd cpu_tok=2464 gpu_tok=0
1786477066.861828 R req=s2e1-9f23d8fd
1786477066.916576 S req=s2e1-9f23d8fd blocks=3
1786477066.939310 S req=s8e1-91f4c90a blocks=1
1786477066.984518 S req=s2e1-9f23d8fd blocks=1
1786477067.030665 L req=s3e1-90ff1266 cpu_tok=2448 gpu_tok=0
1786477067.053834 S req=s1e1-b3a16e41 blocks=1
1786477067.076411 R req=s3e1-90ff1266
1786477067.131079 req=s8e1-91f4c90a held=285 evicted=154 cpu_covered=154 usage_before=0.2472 usage_after=0.1856
1786477067.131403 S req=s3e1-90ff1266 blocks=3
1786477067.267580 L req=s4e1-b16c535e cpu_tok=2432 gpu_tok=0
1786477067.313329 req=s1e1-b3a16e41 held=285 evicted=154 cpu_covered=154 usage_before=0.2461 usage_after=0.1845
1786477067.313593 R req=s4e1-b16c535e
1786477067.368854 S req=s4e1-b16c535e blocks=3
1786477067.391663 S req=s3e1-90ff1266 blocks=1
1786477067.414236 S req=s2e1-9f23d8fd blocks=1
1786477067.526837 req=s2e1-9f23d8fd held=288 evicted=157 cpu_covered=157 usage_before=0.1858 usage_after=0.1235
1786477067.527126 S req=s4e1-b16c535e blocks=1
1786477067.594397 L req=s5e1-a20594e7 cpu_tok=2400 gpu_tok=0
1786477067.638818 R req=s5e1-a20594e7
1786477067.703188 S req=s5e1-a20594e7 blocks=4
1786477067.748264 req=s3e1-90ff1266 held=286 evicted=155 cpu_covered=155 usage_before=0.1849 usage_after=0.1231
1786477067.794055 L req=s6e1-bfb0bab6 cpu_tok=2480 gpu_tok=0
1786477067.860003 R req=s6e1-bfb0bab6
1786477067.931280 S req=s6e1-bfb0bab6 blocks=3
1786477067.976531 S req=s4e1-b16c535e blocks=1
1786477067.999266 req=s4e1-b16c535e held=286 evicted=155 cpu_covered=155 usage_before=0.1854 usage_after=0.1237
1786477068.043477 S req=s5e1-a20594e7 blocks=1
1786477068.066401 L req=s7e1-865d313a cpu_tok=2416 gpu_tok=0
1786477068.088911 S req=s6e1-bfb0bab6 blocks=1
1786477068.110936 R req=s7e1-865d313a
1786477068.175331 S req=s7e1-865d313a blocks=4
1786477068.288367 L req=s8e1-91f4c90a cpu_tok=2496 gpu_tok=0
1786477068.334140 req=s5e1-a20594e7 held=284 evicted=153 cpu_covered=153 usage_before=0.2468 usage_after=0.1854
1786477068.334425 R req=s8e1-91f4c90a
1786477068.388629 S req=s8e1-91f4c90a blocks=3
1786477068.478671 S req=s8e1-91f4c90a blocks=1
1786477068.523766 S req=s6e1-bfb0bab6 blocks=1
1786477068.523766 S req=s7e1-865d313a blocks=1
1786477068.547665 req=s6e1-bfb0bab6 held=289 evicted=158 cpu_covered=158 usage_before=0.1869 usage_after=0.1246
1786477068.548706 L req=s1e1-b3a16e41 cpu_tok=2496 gpu_tok=0
1786477068.593275 R req=s1e1-b3a16e41
1786477068.657602 S req=s1e1-b3a16e41 blocks=3
1786477068.680113 S req=s1e1-b3a16e41 blocks=1
1786477068.771300 L req=s2e1-9f23d8fd cpu_tok=2544 gpu_tok=0
1786477068.794760 req=s7e1-865d313a held=285 evicted=154 cpu_covered=154 usage_before=0.249 usage_after=0.1873
1786477068.817450 R req=s2e1-9f23d8fd
1786477068.872186 S req=s2e1-9f23d8fd blocks=3
1786477068.917927 S req=s8e1-91f4c90a blocks=1
1786477069.008912 req=s8e1-91f4c90a held=290 evicted=159 cpu_covered=159 usage_before=0.1884 usage_after=0.1257
1786477069.009164 S req=s2e1-9f23d8fd blocks=1
1786477069.071452 L req=s3e1-90ff1266 cpu_tok=2512 gpu_tok=0
1786477069.094041 S req=s1e1-b3a16e41 blocks=1
1786477069.137848 R req=s3e1-90ff1266
1786477069.202555 S req=s3e1-90ff1266 blocks=4
1786477069.294144 req=s1e1-b3a16e41 held=290 evicted=159 cpu_covered=159 usage_before=0.1888 usage_after=0.1261
1786477069.295147 L req=s4e1-b16c535e cpu_tok=2512 gpu_tok=0
1786477069.362513 R req=s4e1-b16c535e
1786477069.415466 S req=s4e1-b16c535e blocks=3
1786477069.461656 S req=s2e1-9f23d8fd blocks=1
1786477069.507664 req=s2e1-9f23d8fd held=293 evicted=162 cpu_covered=162 usage_before=0.1888 usage_after=0.1257
1786477069.530465 S req=s3e1-90ff1266 blocks=1
1786477069.553625 L req=s5e1-a20594e7 cpu_tok=2480 gpu_tok=0
1786477069.620742 R req=s5e1-a20594e7
1786477069.685410 S req=s4e1-b16c535e blocks=1
1786477069.685410 S req=s5e1-a20594e7 blocks=4
1786477069.776270 L req=s6e1-bfb0bab6 cpu_tok=2560 gpu_tok=0
1786477069.821962 req=s3e1-90ff1266 held=291 evicted=160 cpu_covered=160 usage_before=0.2505 usage_after=0.1875
1786477069.822223 R req=s6e1-bfb0bab6
1786477069.874836 S req=s6e1-bfb0bab6 blocks=3
1786477070.033391 req=s4e1-b16c535e held=290 evicted=159 cpu_covered=159 usage_before=0.1884 usage_after=0.1257
1786477070.056736 L req=s7e1-865d313a cpu_tok=2496 gpu_tok=0
1786477070.079255 S req=s5e1-a20594e7 blocks=1
1786477070.101315 S req=s6e1-bfb0bab6 blocks=1
1786477070.123352 R req=s7e1-865d313a
1786477070.187937 S req=s7e1-865d313a blocks=3
1786477070.210425 S req=s7e1-865d313a blocks=1
1786477070.277236 L req=s8e1-91f4c90a cpu_tok=2576 gpu_tok=0
1786477070.323400 req=s5e1-a20594e7 held=289 evicted=158 cpu_covered=158 usage_before=0.2511 usage_after=0.1886
1786477070.345657 R req=s8e1-91f4c90a
1786477070.400672 S req=s8e1-91f4c90a blocks=3
1786477070.514929 req=s6e1-bfb0bab6 held=293 evicted=162 cpu_covered=162 usage_before=0.1895 usage_after=0.1261
1786477070.540129 L req=s1e1-b3a16e41 cpu_tok=2576 gpu_tok=0
1786477070.562789 S req=s8e1-91f4c90a blocks=1
1786477070.607089 R req=s1e1-b3a16e41
1786477070.662243 S req=s1e1-b3a16e41 blocks=3
1786477070.662243 S req=s7e1-865d313a blocks=1
1786477070.754091 S req=s1e1-b3a16e41 blocks=1
1786477070.778753 L req=s2e1-9f23d8fd cpu_tok=2624 gpu_tok=0
1786477070.825171 req=s7e1-865d313a held=290 evicted=159 cpu_covered=159 usage_before=0.2533 usage_after=0.1906
1786477070.847573 R req=s2e1-9f23d8fd
1786477070.902331 S req=s2e1-9f23d8fd blocks=3
1786477070.993905 S req=s8e1-91f4c90a blocks=1
1786477071.017202 req=s8e1-91f4c90a held=295 evicted=164 cpu_covered=164 usage_before=0.1917 usage_after=0.1281
1786477071.018236 L req=s3e1-90ff1266 cpu_tok=2592 gpu_tok=0
1786477071.085339 R req=s3e1-90ff1266
1786477071.150632 S req=s2e1-9f23d8fd blocks=1
1786477071.150632 S req=s3e1-90ff1266 blocks=4
1786477071.196093 S req=s1e1-b3a16e41 blocks=1
1786477071.265456 L req=s4e1-b16c535e cpu_tok=2576 gpu_tok=0
1786477071.288889 req=s1e1-b3a16e41 held=295 evicted=164 cpu_covered=164 usage_before=0.2546 usage_after=0.1908
1786477071.333643 R req=s4e1-b16c535e
1786477071.398970 S req=s4e1-b16c535e blocks=4
1786477071.537169 req=s2e1-9f23d8fd held=297 evicted=166 cpu_covered=166 usage_before=0.1919 usage_after=0.1276
1786477071.538211 L req=s5e1-a20594e7 cpu_tok=2560 gpu_tok=0
1786477071.561111 S req=s3e1-90ff1266 blocks=1
1786477071.605356 R req=s5e1-a20594e7
1786477071.660815 S req=s5e1-a20594e7 blocks=3
1786477071.729620 S req=s4e1-b16c535e blocks=1
1786477071.729620 S req=s5e1-a20594e7 blocks=1
1786477071.753736 L req=s6e1-bfb0bab6 cpu_tok=2624 gpu_tok=0
1786477071.777343 req=s3e1-90ff1266 held=296 evicted=165 cpu_covered=165 usage_before=0.2546 usage_after=0.1906
1786477071.822007 R req=s6e1-bfb0bab6
1786477071.887393 S req=s6e1-bfb0bab6 blocks=4
1786477072.024178 req=s4e1-b16c535e held=295 evicted=164 cpu_covered=164 usage_before=0.1917 usage_after=0.1278
1786477072.025190 L req=s7e1-865d313a cpu_tok=2576 gpu_tok=0
1786477072.092384 R req=s7e1-865d313a
1786477072.147407 S req=s7e1-865d313a blocks=3
1786477072.170367 S req=s5e1-a20594e7 blocks=1
1786477072.216027 S req=s6e1-bfb0bab6 blocks=1
1786477072.239230 S req=s7e1-865d313a blocks=1
1786477072.263746 L req=s8e1-91f4c90a cpu_tok=2656 gpu_tok=0
1786477072.287128 req=s5e1-a20594e7 held=294 evicted=163 cpu_covered=163 usage_before=0.2555 usage_after=0.1919
1786477072.331670 R req=s8e1-91f4c90a
1786477072.384423 S req=s8e1-91f4c90a blocks=3
1786477072.476648 L req=s1e1-b3a16e41 cpu_tok=2656 gpu_tok=0
1786477072.500167 req=s6e1-bfb0bab6 held=298 evicted=167 cpu_covered=167 usage_before=0.2563 usage_after=0.1919
1786477072.544846 R req=s1e1-b3a16e41
1786477072.600325 S req=s1e1-b3a16e41 blocks=3
1786477072.646023 S req=s8e1-91f4c90a blocks=1
1786477072.668836 S req=s7e1-865d313a blocks=1
1786477072.762431 req=s7e1-865d313a held=295 evicted=164 cpu_covered=164 usage_before=0.1932 usage_after=0.1294
1786477072.763520 L req=s2e1-9f23d8fd cpu_tok=2688 gpu_tok=0
1786477072.763755 S req=s1e1-b3a16e41 blocks=1
1786477072.830639 R req=s2e1-9f23d8fd
1786477072.896801 S req=s2e1-9f23d8fd blocks=4
1786477073.011203 req=s8e1-91f4c90a held=299 evicted=168 cpu_covered=168 usage_before=0.1947 usage_after=0.13
1786477073.034678 L req=s3e1-90ff1266 cpu_tok=2672 gpu_tok=0
1786477073.101551 R req=s3e1-90ff1266
1786477073.157058 S req=s3e1-90ff1266 blocks=3
1786477073.203217 S req=s1e1-b3a16e41 blocks=1
1786477073.203217 S req=s2e1-9f23d8fd blocks=1
1786477073.226287 req=s1e1-b3a16e41 held=300 evicted=169 cpu_covered=169 usage_before=0.1951 usage_after=0.1305
1786477073.226566 S req=s3e1-90ff1266 blocks=1
1786477073.272623 L req=s4e1-b16c535e cpu_tok=2656 gpu_tok=0
1786477073.339995 R req=s4e1-b16c535e
1786477073.405589 S req=s4e1-b16c535e blocks=4
1786477073.520755 req=s2e1-9f23d8fd held=302 evicted=171 cpu_covered=171 usage_before=0.1951 usage_after=0.1298
1786477073.546762 L req=s5e1-a20594e7 cpu_tok=2640 gpu_tok=0
1786477073.617491 R req=s5e1-a20594e7
1786477073.679314 S req=s3e1-90ff1266 blocks=1
1786477073.679314 S req=s5e1-a20594e7 blocks=3
1786477073.772328 L req=s6e1-bfb0bab6 cpu_tok=2704 gpu_tok=0
1786477073.795962 req=s3e1-90ff1266 held=301 evicted=170 cpu_covered=170 usage_before=0.2585 usage_after=0.1934
1786477073.818555 S req=s4e1-b16c535e blocks=1
1786477073.818555 S req=s5e1-a20594e7 blocks=1
1786477073.840604 R req=s6e1-bfb0bab6
1786477073.906345 S req=s6e1-bfb0bab6 blocks=4
1786477074.021472 L req=s7e1-865d313a cpu_tok=2656 gpu_tok=0
1786477074.045020 req=s4e1-b16c535e held=300 evicted=169 cpu_covered=169 usage_before=0.2585 usage_after=0.1936
1786477074.089702 R req=s7e1-865d313a
1786477074.145360 S req=s7e1-865d313a blocks=3
1786477074.259128 S req=s5e1-a20594e7 blocks=1
1786477074.282914 L req=s8e1-91f4c90a cpu_tok=2720 gpu_tok=0
1786477074.306384 req=s5e1-a20594e7 held=299 evicted=168 cpu_covered=168 usage_before=0.2592 usage_after=0.1947
1786477074.306671 S req=s6e1-bfb0bab6 blocks=1
1786477074.306671 S req=s7e1-865d313a blocks=1
1786477074.351055 R req=s8e1-91f4c90a
1786477074.416351 S req=s8e1-91f4c90a blocks=4
1786477074.532016 req=s6e1-bfb0bab6 held=303 evicted=172 cpu_covered=172 usage_before=0.196 usage_after=0.1305
1786477074.533072 L req=s1e1-b3a16e41 cpu_tok=2736 gpu_tok=0
1786477074.600143 R req=s1e1-b3a16e41
1786477074.654170 S req=s1e1-b3a16e41 blocks=3
1786477074.745859 S req=s8e1-91f4c90a blocks=1
1786477074.745859 S req=s7e1-865d313a blocks=1
1786477074.768953 req=s7e1-865d313a held=300 evicted=169 cpu_covered=169 usage_before=0.1964 usage_after=0.1318
1786477074.792527 L req=s2e1-9f23d8fd cpu_tok=2768 gpu_tok=0
1786477074.859492 R req=s2e1-9f23d8fd
1786477074.925133 S req=s1e1-b3a16e41 blocks=1
1786477074.925133 S req=s2e1-9f23d8fd blocks=4
1786477075.018003 L req=s3e1-90ff1266 cpu_tok=2752 gpu_tok=0
1786477075.041266 req=s8e1-91f4c90a held=304 evicted=173 cpu_covered=173 usage_before=0.2629 usage_after=0.1971
1786477075.085811 R req=s3e1-90ff1266
1786477075.141308 S req=s3e1-90ff1266 blocks=3
1786477075.278559 req=s1e1-b3a16e41 held=304 evicted=173 cpu_covered=173 usage_before=0.198 usage_after=0.1322
1786477075.278894 S req=s3e1-90ff1266 blocks=1
1786477075.301403 S req=s2e1-9f23d8fd blocks=1
1786477075.324677 L req=s4e1-b16c535e cpu_tok=2736 gpu_tok=0
1786477075.391948 R req=s4e1-b16c535e
1786477075.447436 S req=s4e1-b16c535e blocks=3
1786477075.517424 L req=s5e1-a20594e7 cpu_tok=2720 gpu_tok=0
1786477075.517826 S req=s4e1-b16c535e blocks=1
1786477075.542893 req=s2e1-9f23d8fd held=307 evicted=176 cpu_covered=176 usage_before=0.2629 usage_after=0.1964
1786477075.587918 R req=s5e1-a20594e7
1786477075.643780 S req=s5e1-a20594e7 blocks=3
1786477075.712268 S req=s3e1-90ff1266 blocks=1
1786477075.758022 req=s3e1-90ff1266 held=306 evicted=175 cpu_covered=175 usage_before=0.1975 usage_after=0.1315
1786477075.826578 L req=s6e1-bfb0bab6 cpu_tok=2784 gpu_tok=0
1786477075.849319 S req=s5e1-a20594e7 blocks=1
1786477075.893872 R req=s6e1-bfb0bab6
1786477075.949308 S req=s4e1-b16c535e blocks=1
1786477075.949308 S req=s6e1-bfb0bab6 blocks=3
1786477076.018506 S req=s6e1-bfb0bab6 blocks=1
1786477076.042515 L req=s7e1-865d313a cpu_tok=2736 gpu_tok=0
1786477076.066216 req=s4e1-b16c535e held=305 evicted=174 cpu_covered=174 usage_before=0.2629 usage_after=0.1969
1786477076.111093 R req=s7e1-865d313a
1786477076.164073 S req=s7e1-865d313a blocks=3
1786477076.255593 req=s5e1-a20594e7 held=303 evicted=172 cpu_covered=172 usage_before=0.1977 usage_after=0.1322
1786477076.345146 L req=s8e1-91f4c90a cpu_tok=2800 gpu_tok=0
1786477076.389969 S req=s7e1-865d313a blocks=1
1786477076.412117 R req=s8e1-91f4c90a
1786477076.412488 S req=s6e1-bfb0bab6 blocks=1
1786477076.477631 S req=s8e1-91f4c90a blocks=4
1786477076.570094 req=s6e1-bfb0bab6 held=308 evicted=177 cpu_covered=177 usage_before=0.1993 usage_after=0.1326
1786477076.571125 L req=s1e1-b3a16e41 cpu_tok=2800 gpu_tok=0
1786477076.638247 R req=s1e1-b3a16e41
1786477076.704126 S req=s1e1-b3a16e41 blocks=4
1786477076.795692 req=s7e1-865d313a held=304 evicted=173 cpu_covered=173 usage_before=0.1993 usage_after=0.1335
1786477076.841367 L req=s2e1-9f23d8fd cpu_tok=2848 gpu_tok=0
1786477076.886277 S req=s8e1-91f4c90a blocks=1
1786477076.908462 R req=s2e1-9f23d8fd
1786477076.962412 S req=s2e1-9f23d8fd blocks=3
1786477077.008752 S req=s2e1-9f23d8fd blocks=1
1786477077.031770 S req=s1e1-b3a16e41 blocks=1
1786477077.078989 L req=s3e1-90ff1266 cpu_tok=2832 gpu_tok=0
1786477077.102531 req=s8e1-91f4c90a held=309 evicted=178 cpu_covered=178 usage_before=0.2672 usage_after=0.2003
1786477077.147262 R req=s3e1-90ff1266
1786477077.202994 S req=s3e1-90ff1266 blocks=3
1786477077.295408 L req=s4e1-b16c535e cpu_tok=2816 gpu_tok=0
1786477077.319158 req=s1e1-b3a16e41 held=309 evicted=178 cpu_covered=178 usage_before=0.267 usage_after=0.2001
1786477077.364404 R req=s4e1-b16c535e
1786477077.420266 S req=s4e1-b16c535e blocks=3
1786477077.443149 S req=s2e1-9f23d8fd blocks=1
1786477077.443149 S req=s3e1-90ff1266 blocks=1
1786477077.558052 S req=s4e1-b16c535e blocks=1
1786477077.581353 req=s2e1-9f23d8fd held=312 evicted=181 cpu_covered=181 usage_before=0.2016 usage_after=0.1341
1786477077.582365 L req=s5e1-a20594e7 cpu_tok=2784 gpu_tok=0
1786477077.649706 R req=s5e1-a20594e7
1786477077.716545 S req=s5e1-a20594e7 blocks=4
1786477077.763301 L req=s6e1-bfb0bab6 cpu_tok=2864 gpu_tok=0
1786477077.832553 req=s3e1-90ff1266 held=310 evicted=179 cpu_covered=179 usage_before=0.267 usage_after=0.1999
1786477077.832812 R req=s6e1-bfb0bab6
1786477077.888262 S req=s6e1-bfb0bab6 blocks=3
1786477078.002234 S req=s4e1-b16c535e blocks=1
1786477078.025337 S req=s5e1-a20594e7 blocks=1
1786477078.025337 S req=s6e1-bfb0bab6 blocks=1
1786477078.048597 req=s4e1-b16c535e held=310 evicted=179 cpu_covered=179 usage_before=0.2014 usage_after=0.1346
1786477078.049654 L req=s7e1-865d313a cpu_tok=2800 gpu_tok=0
1786477078.116889 R req=s7e1-865d313a
1786477078.182786 S req=s7e1-865d313a blocks=4
1786477078.274878 L req=s8e1-91f4c90a cpu_tok=2880 gpu_tok=0
1786477078.344404 req=s5e1-a20594e7 held=308 evicted=177 cpu_covered=177 usage_before=0.2676 usage_after=0.201
1786477078.344668 R req=s8e1-91f4c90a
1786477078.400622 S req=s8e1-91f4c90a blocks=3
1786477078.469342 S req=s8e1-91f4c90a blocks=1
1786477078.469342 S req=s6e1-bfb0bab6 blocks=1
1786477078.515405 req=s6e1-bfb0bab6 held=313 evicted=182 cpu_covered=182 usage_before=0.2023 usage_after=0.1348
1786477078.515754 S req=s7e1-865d313a blocks=1
1786477078.539272 L req=s1e1-b3a16e41 cpu_tok=2880 gpu_tok=0
1786477078.606521 R req=s1e1-b3a16e41
1786477078.672936 S req=s1e1-b3a16e41 blocks=4
1786477078.765188 L req=s2e1-9f23d8fd cpu_tok=2928 gpu_tok=0
1786477078.811706 req=s7e1-865d313a held=309 evicted=178 cpu_covered=178 usage_before=0.2698 usage_after=0.203
1786477078.834104 R req=s2e1-9f23d8fd
1786477078.890441 S req=s2e1-9f23d8fd blocks=3
1786477078.913338 S req=s8e1-91f4c90a blocks=1
1786477079.004721 S req=s2e1-9f23d8fd blocks=1
1786477079.028095 req=s8e1-91f4c90a held=314 evicted=183 cpu_covered=183 usage_before=0.2043 usage_after=0.1363
1786477079.029095 L req=s3e1-90ff1266 cpu_tok=2896 gpu_tok=0
1786477079.074264 S req=s1e1-b3a16e41 blocks=1
1786477079.096540 R req=s3e1-90ff1266
1786477079.163314 S req=s3e1-90ff1266 blocks=4
1786477079.300571 req=s1e1-b3a16e41 held=314 evicted=183 cpu_covered=183 usage_before=0.2045 usage_after=0.1365
1786477079.346722 L req=s4e1-b16c535e cpu_tok=2896 gpu_tok=0
1786477079.414127 R req=s4e1-b16c535e
1786477079.414654 S req=s2e1-9f23d8fd blocks=1
1786477079.470190 S req=s3e1-90ff1266 blocks=1
1786477079.470190 S req=s4e1-b16c535e blocks=3
1786477079.516443 req=s2e1-9f23d8fd held=317 evicted=186 cpu_covered=186 usage_before=0.2047 usage_after=0.1361
1786477079.540233 L req=s5e1-a20594e7 cpu_tok=2864 gpu_tok=0
1786477079.607715 R req=s5e1-a20594e7
1786477079.674265 S req=s5e1-a20594e7 blocks=4
1786477079.720212 S req=s4e1-b16c535e blocks=1
1786477079.789397 req=s3e1-90ff1266 held=315 evicted=184 cpu_covered=184 usage_before=0.2038 usage_after=0.1357
1786477079.790436 L req=s6e1-bfb0bab6 cpu_tok=2944 gpu_tok=0
1786477079.857622 R req=s6e1-bfb0bab6
1786477079.913648 S req=s6e1-bfb0bab6 blocks=3
1786477080.029170 L req=s7e1-865d313a cpu_tok=2880 gpu_tok=0
1786477080.052653 S req=s5e1-a20594e7 blocks=1
1786477080.098667 req=s4e1-b16c535e held=314 evicted=183 cpu_covered=183 usage_before=0.2709 usage_after=0.203
1786477080.098969 R req=s7e1-865d313a
1786477080.165622 S req=s6e1-bfb0bab6 blocks=1
1786477080.165622 S req=s7e1-865d313a blocks=4
1786477080.302574 req=s5e1-a20594e7 held=313 evicted=182 cpu_covered=182 usage_before=0.2043 usage_after=0.1365
1786477080.326199 L req=s8e1-91f4c90a cpu_tok=2960 gpu_tok=0
1786477080.393344 R req=s8e1-91f4c90a
1786477080.449175 S req=s8e1-91f4c90a blocks=3
1786477080.541001 req=s6e1-bfb0bab6 held=317 evicted=186 cpu_covered=186 usage_before=0.2051 usage_after=0.1365
1786477080.542031 L req=s1e1-b3a16e41 cpu_tok=2960 gpu_tok=0
1786477080.564802 S req=s7e1-865d313a blocks=1
1786477080.587142 S req=s8e1-91f4c90a blocks=1
1786477080.609347 R req=s1e1-b3a16e41
1786477080.665292 S req=s1e1-b3a16e41 blocks=3
1786477080.736036 S req=s1e1-b3a16e41 blocks=1
1786477080.760510 L req=s2e1-9f23d8fd cpu_tok=3008 gpu_tok=0
1786477080.783932 req=s7e1-865d313a held=314 evicted=183 cpu_covered=183 usage_before=0.2741 usage_after=0.2062
1786477080.828930 R req=s2e1-9f23d8fd
1786477080.885209 S req=s2e1-9f23d8fd blocks=3
1786477081.022533 S req=s8e1-91f4c90a blocks=1
1786477081.046508 L req=s3e1-90ff1266 cpu_tok=2976 gpu_tok=0
1786477081.070108 req=s8e1-91f4c90a held=319 evicted=188 cpu_covered=188 usage_before=0.2752 usage_after=0.2064
1786477081.070379 S req=s2e1-9f23d8fd blocks=1
1786477081.114793 R req=s3e1-90ff1266
1786477081.181184 S req=s1e1-b3a16e41 blocks=1
1786477081.181184 S req=s3e1-90ff1266 blocks=4
1786477081.250834 L req=s4e1-b16c535e cpu_tok=2960 gpu_tok=0
1786477081.297297 req=s1e1-b3a16e41 held=319 evicted=188 cpu_covered=188 usage_before=0.2755 usage_after=0.2064
1786477081.319925 R req=s4e1-b16c535e
1786477081.387269 S req=s4e1-b16c535e blocks=4
1786477081.524430 req=s2e1-9f23d8fd held=321 evicted=191 cpu_covered=191 usage_before=0.2075 usage_after=0.1381
1786477081.548966 L req=s5e1-a20594e7 cpu_tok=2944 gpu_tok=0
1786477081.571606 S req=s3e1-90ff1266 blocks=1
1786477081.616055 R req=s5e1-a20594e7
1786477081.670860 S req=s5e1-a20594e7 blocks=3
1786477081.694104 S req=s4e1-b16c535e blocks=1
1786477081.717257 S req=s5e1-a20594e7 blocks=1
1786477081.741395 L req=s6e1-bfb0bab6 cpu_tok=3008 gpu_tok=0
1786477081.811496 req=s3e1-90ff1266 held=320 evicted=189 cpu_covered=189 usage_before=0.2755 usage_after=0.2062
1786477081.811778 R req=s6e1-bfb0bab6
1786477081.878283 S req=s6e1-bfb0bab6 blocks=4
1786477082.015707 req=s4e1-b16c535e held=319 evicted=188 cpu_covered=188 usage_before=0.2073 usage_after=0.1383
1786477082.016745 L req=s7e1-865d313a cpu_tok=2960 gpu_tok=0
1786477082.061644 R req=s7e1-865d313a
1786477082.118150 S req=s7e1-865d313a blocks=3
1786477082.164168 S req=s5e1-a20594e7 blocks=1
1786477082.187032 S req=s6e1-bfb0bab6 blocks=1
1786477082.187032 S req=s7e1-865d313a blocks=1
1786477082.279517 L req=s8e1-91f4c90a cpu_tok=3040 gpu_tok=0
1786477082.303151 req=s5e1-a20594e7 held=318 evicted=187 cpu_covered=187 usage_before=0.2763 usage_after=0.2075
1786477082.347980 R req=s8e1-91f4c90a
1786477082.403989 S req=s8e1-91f4c90a blocks=3
1786477082.495226 req=s6e1-bfb0bab6 held=322 evicted=191 cpu_covered=191 usage_before=0.2084 usage_after=0.1387
1786477082.540918 L req=s1e1-b3a16e41 cpu_tok=3040 gpu_tok=0
1786477082.586016 S req=s7e1-865d313a blocks=1
1786477082.608159 R req=s1e1-b3a16e41
1786477082.608677 S req=s8e1-91f4c90a blocks=1
1786477082.664490 S req=s1e1-b3a16e41 blocks=3
1786477082.733624 req=s7e1-865d313a held=319 evicted=188 cpu_covered=188 usage_before=0.2088 usage_after=0.1398
1786477082.734714 L req=s2e1-9f23d8fd cpu_tok=3072 gpu_tok=0
1786477082.802599 R req=s2e1-9f23d8fd
1786477082.803148 S req=s1e1-b3a16e41 blocks=1
1786477082.869674 S req=s2e1-9f23d8fd blocks=4
1786477083.007106 L req=s3e1-90ff1266 cpu_tok=3056 gpu_tok=0
1786477083.030736 req=s8e1-91f4c90a held=323 evicted=192 cpu_covered=192 usage_before=0.2794 usage_after=0.2095
1786477083.075513 R req=s3e1-90ff1266
1786477083.129981 S req=s3e1-90ff1266 blocks=3
1786477083.152964 S req=s2e1-9f23d8fd blocks=1
1786477083.175839 S req=s3e1-90ff1266 blocks=1
1786477083.244752 S req=s1e1-b3a16e41 blocks=1
1786477083.269037 L req=s4e1-b16c535e cpu_tok=3040 gpu_tok=0
1786477083.292670 req=s1e1-b3a16e41 held=324 evicted=193 cpu_covered=193 usage_before=0.2798 usage_after=0.2099
1786477083.339417 R req=s4e1-b16c535e
1786477083.413720 S req=s4e1-b16c535e blocks=4
1786477083.508483 req=s2e1-9f23d8fd held=326 evicted=195 cpu_covered=195 usage_before=0.2108 usage_after=0.1402
1786477083.534126 L req=s5e1-a20594e7 cpu_tok=3024 gpu_tok=0
1786477083.600961 R req=s5e1-a20594e7
1786477083.601379 S req=s3e1-90ff1266 blocks=1
1786477083.659351 S req=s5e1-a20594e7 blocks=3
1786477083.774049 req=s3e1-90ff1266 held=325 evicted=194 cpu_covered=194 usage_before=0.2099 usage_after=0.1396
1786477083.775259 L req=s6e1-bfb0bab6 cpu_tok=3088 gpu_tok=0
1786477083.775503 S req=s5e1-a20594e7 blocks=1
1786477083.797872 S req=s4e1-b16c535e blocks=1
1786477083.842263 R req=s6e1-bfb0bab6
1786477083.910377 S req=s6e1-bfb0bab6 blocks=4
1786477084.026928 L req=s7e1-865d313a cpu_tok=3040 gpu_tok=0
1786477084.050750 req=s4e1-b16c535e held=324 evicted=193 cpu_covered=193 usage_before=0.2794 usage_after=0.2092
1786477084.095509 R req=s7e1-865d313a
1786477084.152805 S req=s7e1-865d313a blocks=3
1786477084.221421 S req=s5e1-a20594e7 blocks=1
1786477084.290254 req=s5e1-a20594e7 held=323 evicted=192 cpu_covered=192 usage_before=0.2103 usage_after=0.1404
1786477084.291344 L req=s8e1-91f4c90a cpu_tok=3104 gpu_tok=0
1786477084.291580 S req=s6e1-bfb0bab6 blocks=1
1786477084.291580 S req=s7e1-865d313a blocks=1
1786477084.358337 R req=s8e1-91f4c90a
1786477084.428259 S req=s8e1-91f4c90a blocks=4
1786477084.547364 req=s6e1-bfb0bab6 held=327 evicted=196 cpu_covered=196 usage_before=0.2116 usage_after=0.1409
1786477084.548980 L req=s1e1-b3a16e41 cpu_tok=3120 gpu_tok=0
1786477084.617008 R req=s1e1-b3a16e41
1786477084.681404 S req=s1e1-b3a16e41 blocks=3
1786477084.751547 S req=s8e1-91f4c90a blocks=1
1786477084.751547 S req=s7e1-865d313a blocks=1
1786477084.776127 L req=s2e1-9f23d8fd cpu_tok=3152 gpu_tok=0
1786477084.800025 req=s7e1-865d313a held=324 evicted=193 cpu_covered=193 usage_before=0.2824 usage_after=0.2125
1786477084.845154 R req=s2e1-9f23d8fd
1786477084.918345 S req=s2e1-9f23d8fd blocks=4
1786477084.940817 S req=s1e1-b3a16e41 blocks=1
1786477084.987017 L req=s3e1-90ff1266 cpu_tok=3136 gpu_tok=0
1786477085.056067 R req=s3e1-90ff1266
1786477085.113297 req=s8e1-91f4c90a held=328 evicted=197 cpu_covered=197 usage_before=0.2846 usage_after=0.2136
1786477085.113623 S req=s3e1-90ff1266 blocks=3
1786477085.229172 S req=s3e1-90ff1266 blocks=1
1786477085.253293 L req=s4e1-b16c535e cpu_tok=3120 gpu_tok=0
1786477085.276883 S req=s2e1-9f23d8fd blocks=1
1786477085.322981 req=s1e1-b3a16e41 held=328 evicted=197 cpu_covered=197 usage_before=0.2839 usage_after=0.2129
1786477085.323272 R req=s4e1-b16c535e
1786477085.380179 S req=s4e1-b16c535e blocks=3
1786477085.425802 S req=s4e1-b16c535e blocks=1
1786477085.540041 req=s2e1-9f23d8fd held=331 evicted=200 cpu_covered=200 usage_before=0.214 usage_after=0.1424
1786477085.541152 L req=s5e1-a20594e7 cpu_tok=3104 gpu_tok=0
1786477085.608348 R req=s5e1-a20594e7
1786477085.665799 S req=s3e1-90ff1266 blocks=1
1786477085.665799 S req=s5e1-a20594e7 blocks=3
1786477085.734517 req=s3e1-90ff1266 held=330 evicted=199 cpu_covered=199 usage_before=0.2132 usage_after=0.1417
1786477085.780270 L req=s6e1-bfb0bab6 cpu_tok=3168 gpu_tok=0
1786477085.825203 S req=s4e1-b16c535e blocks=1
1786477085.847272 R req=s6e1-bfb0bab6
1786477085.847768 S req=s5e1-a20594e7 blocks=1
1786477085.902123 S req=s6e1-bfb0bab6 blocks=3
1786477085.947570 S req=s6e1-bfb0bab6 blocks=1
1786477085.971064 L req=s7e1-865d313a cpu_tok=3120 gpu_tok=0
1786477085.994385 req=s4e1-b16c535e held=329 evicted=198 cpu_covered=198 usage_before=0.2837 usage_after=0.2125
1786477086.039098 R req=s7e1-865d313a
1786477086.100026 S req=s7e1-865d313a blocks=3
1786477086.283572 req=s5e1-a20594e7 held=327 evicted=197 cpu_covered=197 usage_before=0.2134 usage_after=0.1426
1786477086.284871 L req=s8e1-91f4c90a cpu_tok=3184 gpu_tok=0
1786477086.307518 S req=s7e1-865d313a blocks=1
1786477086.351644 R req=s8e1-91f4c90a
1786477086.352166 S req=s6e1-bfb0bab6 blocks=1
1786477086.418573 S req=s8e1-91f4c90a blocks=4
1786477086.510137 L req=s1e1-b3a16e41 cpu_tok=3184 gpu_tok=0
1786477086.533671 req=s6e1-bfb0bab6 held=332 evicted=201 cpu_covered=201 usage_before=0.2857 usage_after=0.2138
1786477086.578322 R req=s1e1-b3a16e41
1786477086.646319 S req=s1e1-b3a16e41 blocks=4
1786477086.737823 req=s7e1-865d313a held=328 evicted=197 cpu_covered=197 usage_before=0.2149 usage_after=0.1439
1786477086.738963 L req=s2e1-9f23d8fd cpu_tok=3232 gpu_tok=0
1786477086.805943 R req=s2e1-9f23d8fd
1786477086.806460 S req=s8e1-91f4c90a blocks=1
1786477086.873367 S req=s2e1-9f23d8fd blocks=3
1786477086.895891 S req=s2e1-9f23d8fd blocks=1
1786477086.963717 S req=s1e1-b3a16e41 blocks=1
1786477087.010419 L req=s3e1-90ff1266 cpu_tok=3216 gpu_tok=0
1786477087.056634 req=s8e1-91f4c90a held=333 evicted=202 cpu_covered=202 usage_before=0.288 usage_after=0.216
1786477087.079075 R req=s3e1-90ff1266
1786477087.136140 S req=s3e1-90ff1266 blocks=3
1786477087.251356 L req=s4e1-b16c535e cpu_tok=3200 gpu_tok=0
1786477087.274793 req=s1e1-b3a16e41 held=333 evicted=202 cpu_covered=202 usage_before=0.2878 usage_after=0.2158
1786477087.297342 S req=s2e1-9f23d8fd blocks=1
1786477087.319425 R req=s4e1-b16c535e
1786477087.319910 S req=s3e1-90ff1266 blocks=1
1786477087.377194 S req=s4e1-b16c535e blocks=3
1786477087.491402 req=s2e1-9f23d8fd held=336 evicted=205 cpu_covered=205 usage_before=0.2171 usage_after=0.1443
1786477087.491626 S req=s4e1-b16c535e blocks=1
1786477087.514842 L req=s5e1-a20594e7 cpu_tok=3168 gpu_tok=0
1786477087.581574 R req=s5e1-a20594e7
1786477087.649540 S req=s5e1-a20594e7 blocks=4
1786477087.742024 L req=s6e1-bfb0bab6 cpu_tok=3248 gpu_tok=0
1786477087.765695 req=s3e1-90ff1266 held=334 evicted=204 cpu_covered=204 usage_before=0.2878 usage_after=0.2155
1786477087.810232 R req=s6e1-bfb0bab6
1786477087.866127 S req=s6e1-bfb0bab6 blocks=3
1786477087.934106 S req=s4e1-b16c535e blocks=1
1786477087.934106 S req=s5e1-a20594e7 blocks=1
1786477087.979511 S req=s6e1-bfb0bab6 blocks=1
1786477088.002700 req=s4e1-b16c535e held=334 evicted=203 cpu_covered=203 usage_before=0.2171 usage_after=0.1448
1786477088.004072 L req=s7e1-865d313a cpu_tok=3184 gpu_tok=0
1786477088.071810 R req=s7e1-865d313a
1786477088.138652 S req=s7e1-865d313a blocks=4
1786477088.275778 req=s5e1-a20594e7 held=332 evicted=201 cpu_covered=201 usage_before=0.2166 usage_after=0.1448
1786477088.276829 L req=s8e1-91f4c90a cpu_tok=3264 gpu_tok=0
1786477088.343494 R req=s8e1-91f4c90a
1786477088.398015 S req=s8e1-91f4c90a blocks=3
1786477088.420699 S req=s6e1-bfb0bab6 blocks=1
1786477088.443429 S req=s8e1-91f4c90a blocks=1
1786477088.443429 S req=s7e1-865d313a blocks=1
1786477088.488977 req=s6e1-bfb0bab6 held=337 evicted=206 cpu_covered=206 usage_before=0.2181 usage_after=0.1452
1786477088.512807 L req=s1e1-b3a16e41 cpu_tok=3264 gpu_tok=0
1786477088.579568 R req=s1e1-b3a16e41
1786477088.647333 S req=s1e1-b3a16e41 blocks=4
1786477088.761609 req=s7e1-865d313a held=333 evicted=202 cpu_covered=202 usage_before=0.2181 usage_after=0.1461
1786477088.762704 L req=s2e1-9f23d8fd cpu_tok=3312 gpu_tok=0
1786477088.829390 R req=s2e1-9f23d8fd
1786477088.885970 S req=s8e1-91f4c90a blocks=1
1786477088.885970 S req=s2e1-9f23d8fd blocks=3
1786477088.976483 S req=s2e1-9f23d8fd blocks=1
1786477089.000077 L req=s3e1-90ff1266 cpu_tok=3280 gpu_tok=0
1786477089.023550 req=s8e1-91f4c90a held=338 evicted=207 cpu_covered=207 usage_before=0.2919 usage_after=0.2188
1786477089.023774 S req=s1e1-b3a16e41 blocks=1
1786477089.068338 R req=s3e1-90ff1266
1786477089.135558 S req=s3e1-90ff1266 blocks=4
1786477089.272794 req=s1e1-b3a16e41 held=338 evicted=207 cpu_covered=207 usage_before=0.2201 usage_after=0.147
1786477089.296666 L req=s4e1-b16c535e cpu_tok=3280 gpu_tok=0
1786477089.363477 R req=s4e1-b16c535e
1786477089.419841 S req=s2e1-9f23d8fd blocks=1
1786477089.419841 S req=s3e1-90ff1266 blocks=1
1786477089.419841 S req=s4e1-b16c535e blocks=3
1786477089.510870 req=s2e1-9f23d8fd held=341 evicted=210 cpu_covered=210 usage_before=0.2203 usage_after=0.1465
1786477089.534201 L req=s5e1-a20594e7 cpu_tok=3248 gpu_tok=0
1786477089.603804 R req=s5e1-a20594e7
1786477089.604379 S req=s4e1-b16c535e blocks=1
1786477089.671924 S req=s5e1-a20594e7 blocks=4
1786477089.763514 req=s3e1-90ff1266 held=339 evicted=208 cpu_covered=208 usage_before=0.2194 usage_after=0.1461
1786477089.764643 L req=s6e1-bfb0bab6 cpu_tok=3328 gpu_tok=0
1786477089.831177 R req=s6e1-bfb0bab6
1786477089.887378 S req=s6e1-bfb0bab6 blocks=3
1786477090.025323 L req=s7e1-865d313a cpu_tok=3264 gpu_tok=0
1786477090.025694 S req=s5e1-a20594e7 blocks=1
1786477090.048945 req=s4e1-b16c535e held=338 evicted=208 cpu_covered=208 usage_before=0.2917 usage_after=0.2186
1786477090.071646 S req=s6e1-bfb0bab6 blocks=1
1786477090.093796 R req=s7e1-865d313a
1786477090.161173 S req=s7e1-865d313a blocks=4
1786477090.276305 L req=s8e1-91f4c90a cpu_tok=3344 gpu_tok=0
1786477090.299857 req=s5e1-a20594e7 held=337 evicted=206 cpu_covered=206 usage_before=0.2928 usage_after=0.2199
1786477090.344428 R req=s8e1-91f4c90a
1786477090.401289 S req=s8e1-91f4c90a blocks=3
1786477090.515549 req=s6e1-bfb0bab6 held=341 evicted=211 cpu_covered=211 usage_before=0.2208 usage_after=0.147
1786477090.515861 S req=s8e1-91f4c90a blocks=1
1786477090.540164 L req=s1e1-b3a16e41 cpu_tok=3344 gpu_tok=0
1786477090.540548 S req=s7e1-865d313a blocks=1
1786477090.609006 R req=s1e1-b3a16e41
1786477090.665391 S req=s1e1-b3a16e41 blocks=3
1786477090.711606 S req=s1e1-b3a16e41 blocks=1
1786477090.758429 L req=s2e1-9f23d8fd cpu_tok=3392 gpu_tok=0
1786477090.781893 req=s7e1-865d313a held=338 evicted=207 cpu_covered=207 usage_before=0.295 usage_after=0.2218
1786477090.826736 R req=s2e1-9f23d8fd
1786477090.884133 S req=s2e1-9f23d8fd blocks=3
1786477090.951953 S req=s8e1-91f4c90a blocks=1
1786477090.975422 L req=s3e1-90ff1266 cpu_tok=3360 gpu_tok=0
1786477091.021553 req=s8e1-91f4c90a held=343 evicted=212 cpu_covered=212 usage_before=0.2961 usage_after=0.2218
1786477091.044095 R req=s3e1-90ff1266
1786477091.044503 S req=s2e1-9f23d8fd blocks=1
1786477091.111646 S req=s3e1-90ff1266 blocks=4
1786477091.157340 S req=s1e1-b3a16e41 blocks=1
1786477091.294195 req=s1e1-b3a16e41 held=343 evicted=212 cpu_covered=212 usage_before=0.2234 usage_after=0.1491
1786477091.317924 L req=s4e1-b16c535e cpu_tok=3344 gpu_tok=0
1786477091.385098 R req=s4e1-b16c535e
1786477091.451647 S req=s4e1-b16c535e blocks=4
1786477091.475110 L req=s5e1-a20594e7 cpu_tok=3328 gpu_tok=0
1786477091.475333 S req=s3e1-90ff1266 blocks=1
1786477091.498088 S req=s2e1-9f23d8fd blocks=1
1786477091.521405 req=s2e1-9f23d8fd held=346 evicted=215 cpu_covered=215 usage_before=0.2963 usage_after=0.2216
1786477091.544034 R req=s5e1-a20594e7
1786477091.611522 S req=s5e1-a20594e7 blocks=3
1786477091.634450 S req=s5e1-a20594e7 blocks=1
1786477091.749435 req=s3e1-90ff1266 held=344 evicted=213 cpu_covered=213 usage_before=0.2225 usage_after=0.148
1786477091.749697 S req=s4e1-b16c535e blocks=1
1786477091.818132 L req=s6e1-bfb0bab6 cpu_tok=3392 gpu_tok=0
1786477091.885212 R req=s6e1-bfb0bab6
1786477091.952095 S req=s6e1-bfb0bab6 blocks=4
1786477092.043501 L req=s7e1-865d313a cpu_tok=3344 gpu_tok=0
1786477092.043891 S req=s5e1-a20594e7 blocks=1
1786477092.089797 req=s4e1-b16c535e held=343 evicted=212 cpu_covered=212 usage_before=0.2961 usage_after=0.2218
1786477092.112162 R req=s7e1-865d313a
1786477092.167390 S req=s7e1-865d313a blocks=3
1786477092.213068 S req=s7e1-865d313a blocks=1
1786477092.236147 req=s5e1-a20594e7 held=342 evicted=211 cpu_covered=211 usage_before=0.2229 usage_after=0.1489
1786477092.236383 S req=s6e1-bfb0bab6 blocks=1
1786477092.303690 L req=s8e1-91f4c90a cpu_tok=3424 gpu_tok=0
1786477092.370237 R req=s8e1-91f4c90a
1786477092.426622 S req=s8e1-91f4c90a blocks=3
1786477092.518210 L req=s1e1-b3a16e41 cpu_tok=3424 gpu_tok=0
1786477092.564820 req=s6e1-bfb0bab6 held=346 evicted=215 cpu_covered=215 usage_before=0.298 usage_after=0.2231
1786477092.587366 R req=s1e1-b3a16e41
1786477092.644599 S req=s8e1-91f4c90a blocks=1
1786477092.644599 S req=s1e1-b3a16e41 blocks=3
1786477092.644599 S req=s7e1-865d313a blocks=1
1786477092.759138 S req=s1e1-b3a16e41 blocks=1
1786477092.782807 req=s7e1-865d313a held=343 evicted=212 cpu_covered=212 usage_before=0.2247 usage_after=0.1504
1786477092.783911 L req=s2e1-9f23d8fd cpu_tok=3472 gpu_tok=0
1786477092.851060 R req=s2e1-9f23d8fd
1786477092.905151 S req=s2e1-9f23d8fd blocks=3
1786477093.019944 L req=s3e1-90ff1266 cpu_tok=3440 gpu_tok=0
1786477093.043621 req=s8e1-91f4c90a held=347 evicted=217 cpu_covered=217 usage_before=0.3002 usage_after=0.2251
1786477093.088356 R req=s3e1-90ff1266
1786477093.156040 S req=s3e1-90ff1266 blocks=3
1786477093.178839 S req=s2e1-9f23d8fd blocks=1
1786477093.178839 S req=s3e1-90ff1266 blocks=1
1786477093.201642 S req=s1e1-b3a16e41 blocks=1
1786477093.271303 req=s1e1-b3a16e41 held=348 evicted=217 cpu_covered=217 usage_before=0.2266 usage_after=0.1513
1786477093.272409 L req=s4e1-b16c535e cpu_tok=3424 gpu_tok=0
1786477093.339003 R req=s4e1-b16c535e
1786477093.406947 S req=s4e1-b16c535e blocks=4
1786477093.520887 L req=s5e1-a20594e7 cpu_tok=3408 gpu_tok=0
1786477093.544422 req=s2e1-9f23d8fd held=350 evicted=219 cpu_covered=219 usage_before=0.3002 usage_after=0.2244
1786477093.589384 R req=s5e1-a20594e7
1786477093.589901 S req=s3e1-90ff1266 blocks=1
1786477093.647288 S req=s5e1-a20594e7 blocks=3
1786477093.741603 L req=s6e1-bfb0bab6 cpu_tok=3472 gpu_tok=0
1786477093.742043 S req=s5e1-a20594e7 blocks=1
1786477093.764889 S req=s4e1-b16c535e blocks=1
1786477093.787926 req=s3e1-90ff1266 held=349 evicted=218 cpu_covered=218 usage_before=0.3006 usage_after=0.2251
1786477093.810488 R req=s6e1-bfb0bab6
1786477093.877206 S req=s6e1-bfb0bab6 blocks=4
1786477094.013824 L req=s7e1-865d313a cpu_tok=3424 gpu_tok=0
1786477094.037269 req=s4e1-b16c535e held=348 evicted=217 cpu_covered=217 usage_before=0.3002 usage_after=0.2249
1786477094.082142 R req=s7e1-865d313a
1786477094.139539 S req=s7e1-865d313a blocks=3
1786477094.185342 S req=s5e1-a20594e7 blocks=1
1786477094.231165 S req=s6e1-bfb0bab6 blocks=1
1786477094.254030 S req=s7e1-865d313a blocks=1
1786477094.277254 req=s5e1-a20594e7 held=347 evicted=216 cpu_covered=216 usage_before=0.2264 usage_after=0.1513
1786477094.300889 L req=s8e1-91f4c90a cpu_tok=3488 gpu_tok=0
1786477094.367762 R req=s8e1-91f4c90a
1786477094.434958 S req=s8e1-91f4c90a blocks=4
1786477094.481498 L req=s1e1-b3a16e41 cpu_tok=3504 gpu_tok=0
1786477094.504898 req=s6e1-bfb0bab6 held=351 evicted=220 cpu_covered=220 usage_before=0.3024 usage_after=0.2264
1786477094.549669 R req=s1e1-b3a16e41
1786477094.607209 S req=s1e1-b3a16e41 blocks=3
1786477094.698485 S req=s7e1-865d313a blocks=1
1786477094.721417 S req=s8e1-91f4c90a blocks=1
1786477094.767566 req=s7e1-865d313a held=348 evicted=217 cpu_covered=217 usage_before=0.2277 usage_after=0.1524
1786477094.791417 L req=s2e1-9f23d8fd cpu_tok=3536 gpu_tok=0
1786477094.791699 S req=s1e1-b3a16e41 blocks=1
1786477094.859603 R req=s2e1-9f23d8fd
1786477094.927960 S req=s2e1-9f23d8fd blocks=4
1786477094.974247 L req=s3e1-90ff1266 cpu_tok=3520 gpu_tok=0
1786477095.043034 R req=s3e1-90ff1266
1786477095.100933 req=s8e1-91f4c90a held=352 evicted=221 cpu_covered=221 usage_before=0.3054 usage_after=0.2292
1786477095.101263 S req=s3e1-90ff1266 blocks=3
1786477095.192843 S req=s3e1-90ff1266 blocks=1
1786477095.238768 req=s1e1-b3a16e41 held=352 evicted=222 cpu_covered=222 usage_before=0.2294 usage_after=0.1532
1786477095.261579 S req=s2e1-9f23d8fd blocks=1
1786477095.285086 L req=s4e1-b16c535e cpu_tok=3504 gpu_tok=0
1786477095.352098 R req=s4e1-b16c535e
1786477095.419582 S req=s4e1-b16c535e blocks=3
1786477095.442784 S req=s4e1-b16c535e blocks=1
1786477095.490059 L req=s5e1-a20594e7 cpu_tok=3488 gpu_tok=0
1786477095.559123 req=s2e1-9f23d8fd held=355 evicted=224 cpu_covered=224 usage_before=0.3045 usage_after=0.2277
1786477095.559403 R req=s5e1-a20594e7
1786477095.618029 S req=s5e1-a20594e7 blocks=3
1786477095.641095 S req=s3e1-90ff1266 blocks=1
1786477095.733371 req=s3e1-90ff1266 held=354 evicted=223 cpu_covered=223 usage_before=0.2288 usage_after=0.1522
1786477095.779600 L req=s6e1-bfb0bab6 cpu_tok=3552 gpu_tok=0
1786477095.780004 S req=s5e1-a20594e7 blocks=1
1786477095.846684 R req=s6e1-bfb0bab6
1786477095.847217 S req=s4e1-b16c535e blocks=1
1786477095.913665 S req=s6e1-bfb0bab6 blocks=3
1786477095.936231 S req=s6e1-bfb0bab6 blocks=1
1786477096.006127 L req=s7e1-865d313a cpu_tok=3504 gpu_tok=0
1786477096.052590 req=s4e1-b16c535e held=353 evicted=222 cpu_covered=222 usage_before=0.3045 usage_after=0.2281
1786477096.075141 R req=s7e1-865d313a
1786477096.132894 S req=s7e1-865d313a blocks=3
1786477096.224362 S req=s5e1-a20594e7 blocks=1
1786477096.247444 req=s5e1-a20594e7 held=352 evicted=221 cpu_covered=221 usage_before=0.2292 usage_after=0.1532
1786477096.315486 L req=s8e1-91f4c90a cpu_tok=3568 gpu_tok=0
1786477096.315754 S req=s7e1-865d313a blocks=1
1786477096.338111 S req=s6e1-bfb0bab6 blocks=1
1786477096.382497 R req=s8e1-91f4c90a
1786477096.449214 S req=s8e1-91f4c90a blocks=4
1786477096.518265 L req=s1e1-b3a16e41 cpu_tok=3568 gpu_tok=0
1786477096.541774 req=s6e1-bfb0bab6 held=356 evicted=225 cpu_covered=225 usage_before=0.3065 usage_after=0.2294
1786477096.586617 R req=s1e1-b3a16e41
1786477096.654531 S req=s1e1-b3a16e41 blocks=4
1786477096.768934 req=s7e1-865d313a held=352 evicted=222 cpu_covered=222 usage_before=0.2305 usage_after=0.1543
1786477096.814758 L req=s2e1-9f23d8fd cpu_tok=3616 gpu_tok=0
1786477096.815160 S req=s8e1-91f4c90a blocks=1
1786477096.881918 R req=s2e1-9f23d8fd
1786477096.948733 S req=s1e1-b3a16e41 blocks=1
1786477096.948733 S req=s2e1-9f23d8fd blocks=4
1786477097.017354 L req=s3e1-90ff1266 cpu_tok=3600 gpu_tok=0
1786477097.086591 req=s8e1-91f4c90a held=357 evicted=226 cpu_covered=226 usage_before=0.3089 usage_after=0.2316
1786477097.086870 R req=s3e1-90ff1266
1786477097.144415 S req=s3e1-90ff1266 blocks=3
1786477097.281465 req=s1e1-b3a16e41 held=357 evicted=226 cpu_covered=226 usage_before=0.2325 usage_after=0.1552
1786477097.304915 L req=s4e1-b16c535e cpu_tok=3584 gpu_tok=0
1786477097.305156 S req=s3e1-90ff1266 blocks=1
1786477097.349965 S req=s2e1-9f23d8fd blocks=1
1786477097.372198 R req=s4e1-b16c535e
1786477097.429195 S req=s4e1-b16c535e blocks=3
1786477097.521255 L req=s5e1-a20594e7 cpu_tok=3568 gpu_tok=0
1786477097.521660 S req=s4e1-b16c535e blocks=1
1786477097.568575 req=s2e1-9f23d8fd held=360 evicted=229 cpu_covered=229 usage_before=0.3089 usage_after=0.231
1786477097.591309 R req=s5e1-a20594e7
1786477097.646830 S req=s5e1-a20594e7 blocks=3
1786477097.738949 S req=s3e1-90ff1266 blocks=1
1786477097.762259 req=s3e1-90ff1266 held=359 evicted=228 cpu_covered=228 usage_before=0.232 usage_after=0.1545
1786477097.785998 L req=s6e1-bfb0bab6 cpu_tok=3632 gpu_tok=0
1786477097.852933 R req=s6e1-bfb0bab6
1786477097.910663 S req=s5e1-a20594e7 blocks=1
1786477097.910663 S req=s6e1-bfb0bab6 blocks=3
1786477097.956416 S req=s4e1-b16c535e blocks=1
1786477098.002979 L req=s7e1-865d313a cpu_tok=3568 gpu_tok=0
1786477098.003231 S req=s6e1-bfb0bab6 blocks=1
1786477098.049696 req=s4e1-b16c535e held=358 evicted=227 cpu_covered=227 usage_before=0.3087 usage_after=0.2312
1786477098.072306 R req=s7e1-865d313a
1786477098.140957 S req=s7e1-865d313a blocks=4
1786477098.278856 req=s5e1-a20594e7 held=356 evicted=225 cpu_covered=225 usage_before=0.2323 usage_after=0.1552
1786477098.279966 L req=s8e1-91f4c90a cpu_tok=3648 gpu_tok=0
1786477098.347171 R req=s8e1-91f4c90a
1786477098.414554 S req=s8e1-91f4c90a blocks=3
1786477098.437276 S req=s8e1-91f4c90a blocks=1
1786477098.437276 S req=s7e1-865d313a blocks=1
1786477098.460153 S req=s6e1-bfb0bab6 blocks=1
1786477098.484046 L req=s1e1-b3a16e41 cpu_tok=3648 gpu_tok=0
1786477098.554358 req=s6e1-bfb0bab6 held=361 evicted=230 cpu_covered=230 usage_before=0.3108 usage_after=0.2327
1786477098.554650 R req=s1e1-b3a16e41
1786477098.623716 S req=s1e1-b3a16e41 blocks=4
1786477098.763222 L req=s2e1-9f23d8fd cpu_tok=3696 gpu_tok=0
1786477098.786943 req=s7e1-865d313a held=357 evicted=226 cpu_covered=226 usage_before=0.3115 usage_after=0.2342
1786477098.831795 R req=s2e1-9f23d8fd
1786477098.889266 S req=s8e1-91f4c90a blocks=1
1786477098.889266 S req=s2e1-9f23d8fd blocks=3
1786477098.958175 S req=s2e1-9f23d8fd blocks=1
1786477098.981282 S req=s1e1-b3a16e41 blocks=1
1786477099.028437 L req=s3e1-90ff1266 cpu_tok=3680 gpu_tok=0
1786477099.052382 req=s8e1-91f4c90a held=362 evicted=231 cpu_covered=231 usage_before=0.3132 usage_after=0.2349
1786477099.097257 R req=s3e1-90ff1266
1786477099.153224 S req=s3e1-90ff1266 blocks=3
1786477099.246234 req=s1e1-b3a16e41 held=362 evicted=231 cpu_covered=231 usage_before=0.2357 usage_after=0.1574
1786477099.292481 L req=s4e1-b16c535e cpu_tok=3664 gpu_tok=0
1786477099.359877 R req=s4e1-b16c535e
1786477099.360406 S req=s2e1-9f23d8fd blocks=1
1786477099.417855 S req=s3e1-90ff1266 blocks=1
1786477099.417855 S req=s4e1-b16c535e blocks=3
1786477099.487754 L req=s5e1-a20594e7 cpu_tok=3632 gpu_tok=0
1786477099.511464 req=s2e1-9f23d8fd held=365 evicted=234 cpu_covered=234 usage_before=0.3128 usage_after=0.2338
1786477099.556225 R req=s5e1-a20594e7
1786477099.625347 S req=s4e1-b16c535e blocks=1
1786477099.625347 S req=s5e1-a20594e7 blocks=4
1786477099.786476 req=s3e1-90ff1266 held=363 evicted=232 cpu_covered=232 usage_before=0.2351 usage_after=0.1565
1786477099.832814 L req=s6e1-bfb0bab6 cpu_tok=3712 gpu_tok=0
1786477099.899995 R req=s6e1-bfb0bab6
1786477099.957154 S req=s5e1-a20594e7 blocks=1
1786477099.957154 S req=s6e1-bfb0bab6 blocks=3
1786477100.028115 L req=s7e1-865d313a cpu_tok=3648 gpu_tok=0
1786477100.028380 S req=s4e1-b16c535e blocks=1
1786477100.051967 req=s4e1-b16c535e held=363 evicted=232 cpu_covered=232 usage_before=0.3128 usage_after=0.2344
1786477100.096753 R req=s7e1-865d313a
1786477100.165403 S req=s6e1-bfb0bab6 blocks=1
1786477100.165403 S req=s7e1-865d313a blocks=4
1786477100.258014 req=s5e1-a20594e7 held=361 evicted=230 cpu_covered=230 usage_before=0.2355 usage_after=0.1574
1786477100.304089 L req=s8e1-91f4c90a cpu_tok=3728 gpu_tok=0
1786477100.371416 R req=s8e1-91f4c90a
1786477100.430294 S req=s8e1-91f4c90a blocks=3
1786477100.523724 L req=s1e1-b3a16e41 cpu_tok=3728 gpu_tok=0
1786477100.524145 S req=s8e1-91f4c90a blocks=1
1786477100.524145 S req=s7e1-865d313a blocks=1
1786477100.570934 S req=s6e1-bfb0bab6 blocks=1
1786477100.594373 req=s6e1-bfb0bab6 held=366 evicted=235 cpu_covered=235 usage_before=0.3152 usage_after=0.2362
1786477100.594659 R req=s1e1-b3a16e41
1786477100.663866 S req=s1e1-b3a16e41 blocks=3
1786477100.687176 S req=s1e1-b3a16e41 blocks=1
1786477100.803105 req=s7e1-865d313a held=362 evicted=231 cpu_covered=231 usage_before=0.237 usage_after=0.1587
1786477100.804273 L req=s2e1-9f23d8fd cpu_tok=3776 gpu_tok=0
1786477100.871675 R req=s2e1-9f23d8fd
1786477100.929336 S req=s2e1-9f23d8fd blocks=3
1786477100.977545 S req=s8e1-91f4c90a blocks=1
1786477101.001896 L req=s3e1-90ff1266 cpu_tok=3744 gpu_tok=0
1786477101.072201 req=s8e1-91f4c90a held=367 evicted=236 cpu_covered=236 usage_before=0.3169 usage_after=0.2375
1786477101.072539 R req=s3e1-90ff1266
1786477101.072933 S req=s2e1-9f23d8fd blocks=1
1786477101.142610 S req=s1e1-b3a16e41 blocks=1
1786477101.142610 S req=s3e1-90ff1266 blocks=4
1786477101.304831 req=s1e1-b3a16e41 held=367 evicted=236 cpu_covered=236 usage_before=0.239 usage_after=0.1595
1786477101.306065 L req=s4e1-b16c535e cpu_tok=3744 gpu_tok=0
1786477101.373787 R req=s4e1-b16c535e
1786477101.429908 S req=s4e1-b16c535e blocks=3
1786477101.476324 S req=s3e1-90ff1266 blocks=1
1786477101.500456 L req=s5e1-a20594e7 cpu_tok=3712 gpu_tok=0
1786477101.524111 S req=s2e1-9f23d8fd blocks=1
1786477101.571219 req=s2e1-9f23d8fd held=370 evicted=239 cpu_covered=239 usage_before=0.3171 usage_after=0.2372
1786477101.571513 R req=s5e1-a20594e7
1786477101.640734 S req=s5e1-a20594e7 blocks=4
1786477101.710148 S req=s4e1-b16c535e blocks=1
1786477101.780291 req=s3e1-90ff1266 held=368 evicted=237 cpu_covered=237 usage_before=0.2383 usage_after=0.1587
1786477101.781545 L req=s6e1-bfb0bab6 cpu_tok=3792 gpu_tok=0
1786477101.848450 R req=s6e1-bfb0bab6
1786477101.904248 S req=s6e1-bfb0bab6 blocks=3
1786477101.974662 L req=s7e1-865d313a cpu_tok=3728 gpu_tok=0
1786477102.044419 R req=s7e1-865d313a
1786477102.044975 S req=s5e1-a20594e7 blocks=1
1786477102.113655 req=s4e1-b16c535e held=367 evicted=236 cpu_covered=236 usage_before=0.3178 usage_after=0.2383
1786477102.114021 S req=s7e1-865d313a blocks=3
1786477102.137298 S req=s7e1-865d313a blocks=1
1786477102.183399 S req=s6e1-bfb0bab6 blocks=1
1786477102.276374 req=s5e1-a20594e7 held=366 evicted=235 cpu_covered=235 usage_before=0.2388 usage_after=0.1595
1786477102.300509 L req=s8e1-91f4c90a cpu_tok=3808 gpu_tok=0
1786477102.367383 R req=s8e1-91f4c90a
1786477102.424961 S req=s8e1-91f4c90a blocks=3
1786477102.471862 L req=s1e1-b3a16e41 cpu_tok=3808 gpu_tok=0
1786477102.542586 req=s6e1-bfb0bab6 held=370 evicted=239 cpu_covered=239 usage_before=0.3189 usage_after=0.2388
1786477102.542865 R req=s1e1-b3a16e41
1786477102.543404 S req=s7e1-865d313a blocks=1
1786477102.601408 S req=s1e1-b3a16e41 blocks=3
1786477102.624693 S req=s8e1-91f4c90a blocks=1
1786477102.694219 S req=s1e1-b3a16e41 blocks=1
1786477102.741232 req=s7e1-865d313a held=367 evicted=236 cpu_covered=236 usage_before=0.2403 usage_after=0.1608
1786477102.742511 L req=s2e1-9f23d8fd cpu_tok=3856 gpu_tok=0
1786477102.809618 R req=s2e1-9f23d8fd
1786477102.868195 S req=s2e1-9f23d8fd blocks=3
1786477102.983973 L req=s3e1-90ff1266 cpu_tok=3824 gpu_tok=0
1786477103.030710 S req=s8e1-91f4c90a blocks=1
1786477103.054168 req=s8e1-91f4c90a held=372 evicted=241 cpu_covered=241 usage_before=0.3213 usage_after=0.2409
1786477103.054472 R req=s3e1-90ff1266
1786477103.123387 S req=s2e1-9f23d8fd blocks=1
1786477103.123387 S req=s3e1-90ff1266 blocks=4
1786477103.146468 S req=s1e1-b3a16e41 blocks=1
1786477103.239367 req=s1e1-b3a16e41 held=372 evicted=241 cpu_covered=241 usage_before=0.2422 usage_after=0.1617
1786477103.240520 L req=s4e1-b16c535e cpu_tok=3808 gpu_tok=0
1786477103.307685 R req=s4e1-b16c535e
1786477103.376819 S req=s4e1-b16c535e blocks=4
1786477103.492311 L req=s5e1-a20594e7 cpu_tok=3792 gpu_tok=0
1786477103.515969 req=s2e1-9f23d8fd held=374 evicted=243 cpu_covered=243 usage_before=0.321 usage_after=0.2401
1786477103.538723 S req=s3e1-90ff1266 blocks=1
1786477103.561007 R req=s5e1-a20594e7
1786477103.619897 S req=s5e1-a20594e7 blocks=3
1786477103.689580 S req=s5e1-a20594e7 blocks=1
1786477103.712668 S req=s4e1-b16c535e blocks=1
1786477103.759423 req=s3e1-90ff1266 held=373 evicted=242 cpu_covered=242 usage_before=0.2416 usage_after=0.1608
1786477103.828137 L req=s6e1-bfb0bab6 cpu_tok=3856 gpu_tok=0
1786477103.895184 R req=s6e1-bfb0bab6
1786477103.963519 S req=s6e1-bfb0bab6 blocks=4
1786477104.009668 req=s4e1-b16c535e held=372 evicted=241 cpu_covered=241 usage_before=0.2418 usage_after=0.1613
1786477104.033275 L req=s7e1-865d313a cpu_tok=3808 gpu_tok=0
1786477104.100779 R req=s7e1-865d313a
1786477104.101313 S req=s5e1-a20594e7 blocks=1
1786477104.159672 S req=s7e1-865d313a blocks=3
1786477104.253210 req=s5e1-a20594e7 held=371 evicted=240 cpu_covered=240 usage_before=0.2416 usage_after=0.1613
1786477104.254368 L req=s8e1-91f4c90a cpu_tok=3888 gpu_tok=0
1786477104.254629 S req=s7e1-865d313a blocks=1
1786477104.299464 S req=s6e1-bfb0bab6 blocks=1
1786477104.321506 R req=s8e1-91f4c90a
1786477104.377090 S req=s8e1-91f4c90a blocks=3
1786477104.516057 L req=s1e1-b3a16e41 cpu_tok=3888 gpu_tok=0
1786477104.586215 req=s6e1-bfb0bab6 held=375 evicted=244 cpu_covered=244 usage_before=0.3232 usage_after=0.242
1786477104.586545 R req=s1e1-b3a16e41
1786477104.645858 S req=s8e1-91f4c90a blocks=1
1786477104.645858 S req=s1e1-b3a16e41 blocks=3
1786477104.692482 S req=s7e1-865d313a blocks=1
1786477104.741017 L req=s2e1-9f23d8fd cpu_tok=3920 gpu_tok=0
1786477104.787786 req=s7e1-865d313a held=372 evicted=241 cpu_covered=241 usage_before=0.3241 usage_after=0.2435
1786477104.810212 R req=s2e1-9f23d8fd
1786477104.810617 S req=s1e1-b3a16e41 blocks=1
1786477104.879196 S req=s2e1-9f23d8fd blocks=4
1786477104.994684 L req=s3e1-90ff1266 cpu_tok=3904 gpu_tok=0
1786477105.018536 req=s8e1-91f4c90a held=376 evicted=245 cpu_covered=245 usage_before=0.3254 usage_after=0.244
1786477105.063663 R req=s3e1-90ff1266
1786477105.122186 S req=s3e1-90ff1266 blocks=3
1786477105.191809 S req=s2e1-9f23d8fd blocks=1
1786477105.191809 S req=s3e1-90ff1266 blocks=1
1786477105.239463 L req=s4e1-b16c535e cpu_tok=3888 gpu_tok=0
1786477105.263025 S req=s1e1-b3a16e41 blocks=1
1786477105.286576 req=s1e1-b3a16e41 held=377 evicted=246 cpu_covered=246 usage_before=0.3258 usage_after=0.2444
1786477105.309111 R req=s4e1-b16c535e
1786477105.379460 S req=s4e1-b16c535e blocks=4
1786477105.495410 L req=s5e1-a20594e7 cpu_tok=3872 gpu_tok=0
1786477105.519403 req=s2e1-9f23d8fd held=379 evicted=248 cpu_covered=248 usage_before=0.3254 usage_after=0.2433
1786477105.564447 R req=s5e1-a20594e7
1786477105.623450 S req=s5e1-a20594e7 blocks=3
1786477105.646929 S req=s3e1-90ff1266 blocks=1
1786477105.741605 L req=s6e1-bfb0bab6 cpu_tok=3936 gpu_tok=0
1786477105.765670 req=s3e1-90ff1266 held=378 evicted=247 cpu_covered=247 usage_before=0.3254 usage_after=0.2435
1786477105.765950 S req=s5e1-a20594e7 blocks=1
1786477105.788525 S req=s4e1-b16c535e blocks=1
1786477105.810754 R req=s6e1-bfb0bab6
1786477105.879751 S req=s6e1-bfb0bab6 blocks=4
1786477105.949927 L req=s7e1-865d313a cpu_tok=3888 gpu_tok=0
1786477106.019724 req=s4e1-b16c535e held=377 evicted=246 cpu_covered=246 usage_before=0.3254 usage_after=0.2438
1786477106.020027 R req=s7e1-865d313a
1786477106.078896 S req=s7e1-865d313a blocks=3
1786477106.218078 S req=s5e1-a20594e7 blocks=1
1786477106.241449 S req=s7e1-865d313a blocks=1
1786477106.265454 req=s5e1-a20594e7 held=376 evicted=245 cpu_covered=245 usage_before=0.2451 usage_after=0.1639
1786477106.266686 L req=s8e1-91f4c90a cpu_tok=3952 gpu_tok=0
1786477106.289603 S req=s6e1-bfb0bab6 blocks=1
1786477106.334265 R req=s8e1-91f4c90a
1786477106.402878 S req=s8e1-91f4c90a blocks=4
1786477106.472376 L req=s1e1-b3a16e41 cpu_tok=3968 gpu_tok=0
1786477106.519233 req=s6e1-bfb0bab6 held=380 evicted=249 cpu_covered=249 usage_before=0.3275 usage_after=0.2453
1786477106.542069 R req=s1e1-b3a16e41
1786477106.599418 S req=s1e1-b3a16e41 blocks=3
1786477106.692366 S req=s7e1-865d313a blocks=1
1786477106.716211 req=s7e1-865d313a held=377 evicted=246 cpu_covered=246 usage_before=0.2464 usage_after=0.165
1786477106.740113 L req=s2e1-9f23d8fd cpu_tok=4000 gpu_tok=0
1786477106.740379 S req=s8e1-91f4c90a blocks=1
1786477106.807148 R req=s2e1-9f23d8fd
1786477106.876246 S req=s1e1-b3a16e41 blocks=1
1786477106.876246 S req=s2e1-9f23d8fd blocks=4
1786477106.991831 L req=s3e1-90ff1266 cpu_tok=3984 gpu_tok=0
1786477107.038819 req=s8e1-91f4c90a held=381 evicted=250 cpu_covered=250 usage_before=0.3297 usage_after=0.2472
1786477107.061387 R req=s3e1-90ff1266
1786477107.120729 S req=s3e1-90ff1266 blocks=3
1786477107.237027 req=s1e1-b3a16e41 held=381 evicted=250 cpu_covered=250 usage_before=0.2481 usage_after=0.1656
1786477107.259688 S req=s2e1-9f23d8fd blocks=1
1786477107.259688 S req=s3e1-90ff1266 blocks=1
1786477107.305830 L req=s4e1-b16c535e cpu_tok=3968 gpu_tok=0
1786477107.373381 R req=s4e1-b16c535e
1786477107.433029 S req=s4e1-b16c535e blocks=3
1786477107.502838 req=s2e1-9f23d8fd held=384 evicted=253 cpu_covered=253 usage_before=0.2483 usage_after=0.1652
1786477107.503090 S req=s4e1-b16c535e blocks=1
1786477107.526424 L req=s5e1-a20594e7 cpu_tok=3952 gpu_tok=0
1786477107.593691 R req=s5e1-a20594e7
1786477107.652210 S req=s5e1-a20594e7 blocks=3
1786477107.699568 S req=s3e1-90ff1266 blocks=1
1786477107.746207 req=s3e1-90ff1266 held=383 evicted=252 cpu_covered=252 usage_before=0.2477 usage_after=0.165
1786477107.814478 L req=s6e1-bfb0bab6 cpu_tok=4016 gpu_tok=0
1786477107.859491 S req=s5e1-a20594e7 blocks=1
1786477107.881649 R req=s6e1-bfb0bab6
1786477107.941375 S req=s4e1-b16c535e blocks=1
1786477107.941375 S req=s6e1-bfb0bab6 blocks=3
1786477107.989394 L req=s7e1-865d313a cpu_tok=3968 gpu_tok=0
1786477108.012826 S req=s6e1-bfb0bab6 blocks=1
1786477108.059770 req=s4e1-b16c535e held=382 evicted=251 cpu_covered=251 usage_before=0.3297 usage_after=0.247
1786477108.060067 R req=s7e1-865d313a
1786477108.116476 S req=s7e1-865d313a blocks=3
1786477108.279536 req=s5e1-a20594e7 held=380 evicted=249 cpu_covered=249 usage_before=0.2479 usage_after=0.1656
1786477108.280725 L req=s8e1-91f4c90a cpu_tok=4032 gpu_tok=0
1786477108.348255 R req=s8e1-91f4c90a
1786477108.348822 S req=s7e1-865d313a blocks=1
1786477108.417259 S req=s8e1-91f4c90a blocks=4
1786477108.463016 S req=s6e1-bfb0bab6 blocks=1
1786477108.509942 L req=s1e1-b3a16e41 cpu_tok=4032 gpu_tok=0
1786477108.580541 req=s6e1-bfb0bab6 held=385 evicted=254 cpu_covered=254 usage_before=0.3317 usage_after=0.2483
1786477108.580820 R req=s1e1-b3a16e41
1786477108.650498 S req=s1e1-b3a16e41 blocks=4
1786477108.766648 req=s7e1-865d313a held=381 evicted=250 cpu_covered=250 usage_before=0.2494 usage_after=0.1669
1786477108.790812 L req=s2e1-9f23d8fd cpu_tok=4080 gpu_tok=0
1786477108.835787 S req=s8e1-91f4c90a blocks=1
1786477108.857942 R req=s2e1-9f23d8fd
1786477108.914615 S req=s2e1-9f23d8fd blocks=3
1786477108.960849 S req=s2e1-9f23d8fd blocks=1
1786477108.983916 S req=s1e1-b3a16e41 blocks=1
1786477109.007973 L req=s3e1-90ff1266 cpu_tok=4064 gpu_tok=0
1786477109.055101 req=s8e1-91f4c90a held=386 evicted=255 cpu_covered=255 usage_before=0.3341 usage_after=0.2505
1786477109.077737 R req=s3e1-90ff1266
1786477109.136287 S req=s3e1-90ff1266 blocks=3
1786477109.276103 req=s1e1-b3a16e41 held=386 evicted=255 cpu_covered=255 usage_before=0.2514 usage_after=0.1678
1786477109.277320 L req=s4e1-b16c535e cpu_tok=4048 gpu_tok=0
1786477109.345027 R req=s4e1-b16c535e
1786477109.345566 S req=s3e1-90ff1266 blocks=1
1786477109.403822 S req=s2e1-9f23d8fd blocks=1
1786477109.403822 S req=s4e1-b16c535e blocks=3
1786477109.497051 L req=s5e1-a20594e7 cpu_tok=4016 gpu_tok=0
1786477109.544721 req=s2e1-9f23d8fd held=389 evicted=258 cpu_covered=258 usage_before=0.3336 usage_after=0.2494
1786477109.544998 S req=s4e1-b16c535e blocks=1
1786477109.567456 R req=s5e1-a20594e7
1786477109.636780 S req=s5e1-a20594e7 blocks=4
1786477109.776568 req=s3e1-90ff1266 held=387 evicted=256 cpu_covered=256 usage_before=0.2507 usage_after=0.1669
1786477109.777761 L req=s6e1-bfb0bab6 cpu_tok=4096 gpu_tok=0
1786477109.844858 R req=s6e1-bfb0bab6
1786477109.903439 S req=s6e1-bfb0bab6 blocks=3
1786477109.949383 S req=s5e1-a20594e7 blocks=1
1786477109.995489 S req=s4e1-b16c535e blocks=1
1786477110.019687 L req=s7e1-865d313a cpu_tok=4032 gpu_tok=0
1786477110.043801 req=s4e1-b16c535e held=387 evicted=256 cpu_covered=256 usage_before=0.3336 usage_after=0.2501
1786477110.044075 S req=s6e1-bfb0bab6 blocks=1
1786477110.088930 R req=s7e1-865d313a
1786477110.158348 S req=s7e1-865d313a blocks=4
1786477110.274680 req=s5e1-a20594e7 held=385 evicted=254 cpu_covered=254 usage_before=0.2511 usage_after=0.1678
1786477110.298643 L req=s8e1-91f4c90a cpu_tok=4112 gpu_tok=0
1786477110.365904 R req=s8e1-91f4c90a
1786477110.424536 S req=s8e1-91f4c90a blocks=3
1786477110.493665 S req=s8e1-91f4c90a blocks=1
1786477110.493665 S req=s6e1-bfb0bab6 blocks=1
1786477110.493665 S req=s7e1-865d313a blocks=1
1786477110.540483 req=s6e1-bfb0bab6 held=390 evicted=259 cpu_covered=259 usage_before=0.2527 usage_after=0.1684
1786477110.542004 L req=s1e1-b3a16e41 cpu_tok=4112 gpu_tok=0
1786477110.609340 R req=s1e1-b3a16e41
1786477110.678342 S req=s1e1-b3a16e41 blocks=4
1786477110.748903 L req=s2e1-9f23d8fd cpu_tok=4160 gpu_tok=0
1786477110.796144 req=s7e1-865d313a held=386 evicted=255 cpu_covered=255 usage_before=0.3367 usage_after=0.2531
1786477110.818665 R req=s2e1-9f23d8fd
1786477110.878544 S req=s2e1-9f23d8fd blocks=3
1786477110.947573 S req=s8e1-91f4c90a blocks=1
1786477110.994955 L req=s3e1-90ff1266 cpu_tok=4128 gpu_tok=0
1786477110.995220 S req=s2e1-9f23d8fd blocks=1
1786477111.065362 req=s8e1-91f4c90a held=391 evicted=260 cpu_covered=260 usage_before=0.338 usage_after=0.2533
1786477111.065697 R req=s3e1-90ff1266
1786477111.135835 S req=s1e1-b3a16e41 blocks=1
1786477111.135835 S req=s3e1-90ff1266 blocks=4
1786477111.299163 L req=s4e1-b16c535e cpu_tok=4128 gpu_tok=0
1786477111.323203 req=s1e1-b3a16e41 held=391 evicted=260 cpu_covered=260 usage_before=0.3382 usage_after=0.2535
1786477111.368348 R req=s4e1-b16c535e
1786477111.427179 S req=s4e1-b16c535e blocks=3
1786477111.450238 S req=s2e1-9f23d8fd blocks=1
1786477111.450238 S req=s3e1-90ff1266 blocks=1
1786477111.474249 L req=s5e1-a20594e7 cpu_tok=4096 gpu_tok=0
1786477111.521667 req=s2e1-9f23d8fd held=394 evicted=263 cpu_covered=263 usage_before=0.338 usage_after=0.2527
1786477111.544518 R req=s5e1-a20594e7
1786477111.614176 S req=s5e1-a20594e7 blocks=4
1786477111.683337 S req=s4e1-b16c535e blocks=1
1786477111.775881 req=s3e1-90ff1266 held=392 evicted=261 cpu_covered=261 usage_before=0.254 usage_after=0.1691
1786477111.799339 L req=s6e1-bfb0bab6 cpu_tok=4176 gpu_tok=0
1786477111.866306 R req=s6e1-bfb0bab6
1786477111.925438 S req=s6e1-bfb0bab6 blocks=3
1786477111.995630 L req=s7e1-865d313a cpu_tok=4112 gpu_tok=0
1786477111.995877 S req=s5e1-a20594e7 blocks=1
1786477112.066341 req=s4e1-b16c535e held=391 evicted=260 cpu_covered=260 usage_before=0.3377 usage_after=0.2531
1786477112.066618 R req=s7e1-865d313a
1786477112.136031 S req=s7e1-865d313a blocks=4
1786477112.182254 S req=s6e1-bfb0bab6 blocks=1
1786477112.252099 req=s5e1-a20594e7 held=390 evicted=259 cpu_covered=259 usage_before=0.2544 usage_after=0.17
1786477112.298222 L req=s8e1-91f4c90a cpu_tok=4192 gpu_tok=0
1786477112.365544 R req=s8e1-91f4c90a
1786477112.424659 S req=s8e1-91f4c90a blocks=3
1786477112.518108 L req=s1e1-b3a16e41 cpu_tok=4192 gpu_tok=0
1786477112.541775 S req=s7e1-865d313a blocks=1
1786477112.565786 req=s6e1-bfb0bab6 held=394 evicted=263 cpu_covered=263 usage_before=0.3399 usage_after=0.2546
1786477112.566071 S req=s8e1-91f4c90a blocks=1
1786477112.588592 R req=s1e1-b3a16e41
1786477112.648299 S req=s1e1-b3a16e41 blocks=3
1786477112.718299 S req=s1e1-b3a16e41 blocks=1
1786477112.765344 req=s7e1-865d313a held=391 evicted=260 cpu_covered=260 usage_before=0.2559 usage_after=0.1713
1786477112.834527 L req=s2e1-9f23d8fd cpu_tok=4240 gpu_tok=0
1786477112.901532 R req=s2e1-9f23d8fd
1786477112.960944 S req=s2e1-9f23d8fd blocks=3
1786477112.985109 L req=s3e1-90ff1266 cpu_tok=4208 gpu_tok=0
1786477113.008579 S req=s8e1-91f4c90a blocks=1
1786477113.055828 req=s8e1-91f4c90a held=396 evicted=265 cpu_covered=265 usage_before=0.3421 usage_after=0.2566
1786477113.056142 R req=s3e1-90ff1266
1786477113.126430 S req=s3e1-90ff1266 blocks=4
1786477113.172930 S req=s1e1-b3a16e41 blocks=1
1786477113.196237 S req=s2e1-9f23d8fd blocks=1
1786477113.267371 L req=s4e1-b16c535e cpu_tok=4192 gpu_tok=0
1786477113.291280 req=s1e1-b3a16e41 held=396 evicted=265 cpu_covered=265 usage_before=0.3423 usage_after=0.2566
1786477113.336192 R req=s4e1-b16c535e
1786477113.405601 S req=s4e1-b16c535e blocks=4
1786477113.476104 L req=s5e1-a20594e7 cpu_tok=4176 gpu_tok=0
1786477113.522988 S req=s3e1-90ff1266 blocks=1
1786477113.546289 R req=s5e1-a20594e7
1786477113.616448 S req=s5e1-a20594e7 blocks=3
1786477113.663356 req=s2e1-9f23d8fd held=398 evicted=268 cpu_covered=268 usage_before=0.343 usage_after=0.2568
1786477113.663648 S req=s5e1-a20594e7 blocks=1
1786477113.733333 S req=s4e1-b16c535e blocks=1
1786477113.758729 L req=s6e1-bfb0bab6 cpu_tok=4240 gpu_tok=0
1786477113.782495 req=s3e1-90ff1266 held=397 evicted=266 cpu_covered=266 usage_before=0.3423 usage_after=0.2563
1786477113.827343 R req=s6e1-bfb0bab6
1786477113.896800 S req=s6e1-bfb0bab6 blocks=4
1786477113.989874 L req=s7e1-865d313a cpu_tok=4192 gpu_tok=0
1786477114.060255 req=s4e1-b16c535e held=396 evicted=265 cpu_covered=265 usage_before=0.3419 usage_after=0.2561
1786477114.060582 R req=s7e1-865d313a
1786477114.120217 S req=s5e1-a20594e7 blocks=1
1786477114.120217 S req=s7e1-865d313a blocks=3
1786477114.189791 S req=s7e1-865d313a blocks=1
1786477114.213099 S req=s6e1-bfb0bab6 blocks=1
1786477114.237679 L req=s8e1-91f4c90a cpu_tok=4272 gpu_tok=0
1786477114.261725 req=s5e1-a20594e7 held=395 evicted=264 cpu_covered=264 usage_before=0.3432 usage_after=0.2577
1786477114.306683 R req=s8e1-91f4c90a
1786477114.365871 S req=s8e1-91f4c90a blocks=3
1786477114.505976 L req=s1e1-b3a16e41 cpu_tok=4272 gpu_tok=0
1786477114.529954 req=s6e1-bfb0bab6 held=399 evicted=268 cpu_covered=268 usage_before=0.344 usage_after=0.2577
1786477114.575099 R req=s1e1-b3a16e41
1786477114.575602 S req=s8e1-91f4c90a blocks=1
1786477114.634784 S req=s1e1-b3a16e41 blocks=3
1786477114.634784 S req=s7e1-865d313a blocks=1
1786477114.752471 req=s7e1-865d313a held=396 evicted=265 cpu_covered=265 usage_before=0.259 usage_after=0.1732
1786477114.753705 L req=s2e1-9f23d8fd cpu_tok=4304 gpu_tok=0
1786477114.776397 S req=s1e1-b3a16e41 blocks=1
1786477114.821189 R req=s2e1-9f23d8fd
1786477114.891318 S req=s2e1-9f23d8fd blocks=4
1786477115.006740 req=s8e1-91f4c90a held=400 evicted=269 cpu_covered=269 usage_before=0.2605 usage_after=0.1739
1786477115.007938 L req=s3e1-90ff1266 cpu_tok=4288 gpu_tok=0
1786477115.075309 R req=s3e1-90ff1266
1786477115.133036 S req=s3e1-90ff1266 blocks=3
1786477115.179652 S req=s2e1-9f23d8fd blocks=1
1786477115.179652 S req=s3e1-90ff1266 blocks=1
1786477115.226259 S req=s1e1-b3a16e41 blocks=1
1786477115.251669 L req=s4e1-b16c535e cpu_tok=4272 gpu_tok=0
1786477115.275614 req=s1e1-b3a16e41 held=401 evicted=270 cpu_covered=270 usage_before=0.3466 usage_after=0.26
1786477115.320568 R req=s4e1-b16c535e
1786477115.390143 S req=s4e1-b16c535e blocks=4
1786477115.505930 L req=s5e1-a20594e7 cpu_tok=4256 gpu_tok=0
1786477115.529961 req=s2e1-9f23d8fd held=403 evicted=272 cpu_covered=272 usage_before=0.3462 usage_after=0.259
1786477115.575268 R req=s5e1-a20594e7
1786477115.635687 S req=s3e1-90ff1266 blocks=1
1786477115.635687 S req=s5e1-a20594e7 blocks=3
1786477115.753161 L req=s6e1-bfb0bab6 cpu_tok=4320 gpu_tok=0
1786477115.753462 S req=s5e1-a20594e7 blocks=1
1786477115.777160 req=s3e1-90ff1266 held=402 evicted=271 cpu_covered=271 usage_before=0.3464 usage_after=0.2594
1786477115.777398 S req=s4e1-b16c535e blocks=1
1786477115.822144 R req=s6e1-bfb0bab6
1786477115.891776 S req=s6e1-bfb0bab6 blocks=4
1786477116.029961 req=s4e1-b16c535e held=401 evicted=270 cpu_covered=270 usage_before=0.2607 usage_after=0.1739
1786477116.054376 L req=s7e1-865d313a cpu_tok=4272 gpu_tok=0
1786477116.121557 R req=s7e1-865d313a
1786477116.181225 S req=s7e1-865d313a blocks=3
1786477116.204489 S req=s5e1-a20594e7 blocks=1
1786477116.252470 L req=s8e1-91f4c90a cpu_tok=4336 gpu_tok=0
1786477116.276576 req=s5e1-a20594e7 held=400 evicted=269 cpu_covered=269 usage_before=0.3469 usage_after=0.2603
1786477116.276816 S req=s6e1-bfb0bab6 blocks=1
1786477116.321559 R req=s8e1-91f4c90a
1786477116.322106 S req=s7e1-865d313a blocks=1
1786477116.391434 S req=s8e1-91f4c90a blocks=4
1786477116.529734 req=s6e1-bfb0bab6 held=404 evicted=273 cpu_covered=273 usage_before=0.2618 usage_after=0.1743
1786477116.530935 L req=s1e1-b3a16e41 cpu_tok=4352 gpu_tok=0
1786477116.598556 R req=s1e1-b3a16e41
1786477116.658266 S req=s1e1-b3a16e41 blocks=3
1786477116.704751 S req=s8e1-91f4c90a blocks=1
1786477116.752542 L req=s2e1-9f23d8fd cpu_tok=4384 gpu_tok=0
1786477116.776326 S req=s7e1-865d313a blocks=1
1786477116.823293 req=s7e1-865d313a held=401 evicted=270 cpu_covered=270 usage_before=0.3493 usage_after=0.2626
1786477116.823586 R req=s2e1-9f23d8fd
1786477116.894727 S req=s2e1-9f23d8fd blocks=4
1786477116.917647 S req=s1e1-b3a16e41 blocks=1
1786477116.987573 L req=s3e1-90ff1266 cpu_tok=4368 gpu_tok=0
1786477117.034672 req=s8e1-91f4c90a held=405 evicted=274 cpu_covered=274 usage_before=0.3506 usage_after=0.2629
1786477117.057328 R req=s3e1-90ff1266
1786477117.116994 S req=s3e1-90ff1266 blocks=3
1786477117.232992 S req=s3e1-90ff1266 blocks=1
1786477117.257575 L req=s4e1-b16c535e cpu_tok=4352 gpu_tok=0
1786477117.257854 S req=s2e1-9f23d8fd blocks=1
1786477117.304883 req=s1e1-b3a16e41 held=405 evicted=274 cpu_covered=274 usage_before=0.3508 usage_after=0.2631
1786477117.327301 R req=s4e1-b16c535e
1786477117.385464 S req=s4e1-b16c535e blocks=3
1786477117.431706 S req=s4e1-b16c535e blocks=1
1786477117.502153 L req=s5e1-a20594e7 cpu_tok=4336 gpu_tok=0
1786477117.526211 req=s2e1-9f23d8fd held=408 evicted=277 cpu_covered=277 usage_before=0.3506 usage_after=0.2622
1786477117.571270 R req=s5e1-a20594e7
1786477117.631325 S req=s5e1-a20594e7 blocks=3
1786477117.677859 S req=s3e1-90ff1266 blocks=1
1786477117.748023 req=s3e1-90ff1266 held=407 evicted=276 cpu_covered=276 usage_before=0.2633 usage_after=0.1752
1786477117.771876 L req=s6e1-bfb0bab6 cpu_tok=4400 gpu_tok=0
1786477117.817103 S req=s5e1-a20594e7 blocks=1
1786477117.839345 R req=s6e1-bfb0bab6
1786477117.839765 S req=s4e1-b16c535e blocks=1
1786477117.897128 S req=s6e1-bfb0bab6 blocks=3
1786477117.943341 S req=s6e1-bfb0bab6 blocks=1
1786477117.967304 L req=s7e1-865d313a cpu_tok=4352 gpu_tok=0
1786477118.014673 req=s4e1-b16c535e held=406 evicted=275 cpu_covered=275 usage_before=0.3506 usage_after=0.2626
1786477118.037505 R req=s7e1-865d313a
1786477118.097123 S req=s7e1-865d313a blocks=3
1786477118.260171 req=s5e1-a20594e7 held=404 evicted=274 cpu_covered=274 usage_before=0.2635 usage_after=0.176
1786477118.261441 L req=s8e1-91f4c90a cpu_tok=4416 gpu_tok=0
1786477118.306612 S req=s7e1-865d313a blocks=1
1786477118.328762 R req=s8e1-91f4c90a
1786477118.398898 S req=s8e1-91f4c90a blocks=4
1786477118.398898 S req=s6e1-bfb0bab6 blocks=1
1786477118.445614 L req=s1e1-b3a16e41 cpu_tok=4416 gpu_tok=0
1786477118.515363 R req=s1e1-b3a16e41
1786477118.586614 req=s6e1-bfb0bab6 held=409 evicted=278 cpu_covered=278 usage_before=0.3536 usage_after=0.265
1786477118.587000 S req=s1e1-b3a16e41 blocks=4
1786477118.750352 req=s7e1-865d313a held=405 evicted=274 cpu_covered=274 usage_before=0.265 usage_after=0.1773
1786477118.774394 L req=s2e1-9f23d8fd cpu_tok=4464 gpu_tok=0
1786477118.797150 S req=s8e1-91f4c90a blocks=1
1786477118.842013 R req=s2e1-9f23d8fd
1786477118.912573 S req=s1e1-b3a16e41 blocks=1
1786477118.912573 S req=s2e1-9f23d8fd blocks=3
1786477118.935406 S req=s2e1-9f23d8fd blocks=1
1786477118.959389 L req=s3e1-90ff1266 cpu_tok=4448 gpu_tok=0
1786477119.029253 R req=s3e1-90ff1266
1786477119.090147 req=s8e1-91f4c90a held=410 evicted=279 cpu_covered=279 usage_before=0.3558 usage_after=0.267
1786477119.090477 S req=s3e1-90ff1266 blocks=3
1786477119.229912 req=s1e1-b3a16e41 held=410 evicted=279 cpu_covered=279 usage_before=0.267 usage_after=0.1782
1786477119.276289 L req=s4e1-b16c535e cpu_tok=4432 gpu_tok=0
1786477119.276572 S req=s3e1-90ff1266 blocks=1
1786477119.343648 R req=s4e1-b16c535e
1786477119.344194 S req=s2e1-9f23d8fd blocks=1
1786477119.403958 S req=s4e1-b16c535e blocks=3
1786477119.497206 L req=s5e1-a20594e7 cpu_tok=4400 gpu_tok=0
1786477119.520706 S req=s4e1-b16c535e blocks=1
1786477119.544459 req=s2e1-9f23d8fd held=413 evicted=282 cpu_covered=282 usage_before=0.3547 usage_after=0.2652
1786477119.566967 R req=s5e1-a20594e7
1786477119.637980 S req=s5e1-a20594e7 blocks=4
1786477119.730995 req=s3e1-90ff1266 held=411 evicted=281 cpu_covered=281 usage_before=0.2663 usage_after=0.1773
1786477119.755128 L req=s6e1-bfb0bab6 cpu_tok=4480 gpu_tok=0
1786477119.822628 R req=s6e1-bfb0bab6
1786477119.882003 S req=s6e1-bfb0bab6 blocks=3
1786477119.928149 S req=s5e1-a20594e7 blocks=1
1786477119.974301 S req=s4e1-b16c535e blocks=1
1786477119.997580 S req=s6e1-bfb0bab6 blocks=1
1786477120.021852 L req=s7e1-865d313a cpu_tok=4416 gpu_tok=0
1786477120.045811 req=s4e1-b16c535e held=411 evicted=280 cpu_covered=280 usage_before=0.3547 usage_after=0.2657
1786477120.090707 R req=s7e1-865d313a
1786477120.161697 S req=s7e1-865d313a blocks=4
1786477120.277861 req=s5e1-a20594e7 held=409 evicted=278 cpu_covered=278 usage_before=0.2668 usage_after=0.1782
1786477120.279523 L req=s8e1-91f4c90a cpu_tok=4496 gpu_tok=0
1786477120.347049 R req=s8e1-91f4c90a
1786477120.406050 S req=s8e1-91f4c90a blocks=3
1786477120.452302 S req=s8e1-91f4c90a blocks=1
1786477120.452302 S req=s6e1-bfb0bab6 blocks=1
1786477120.475362 S req=s7e1-865d313a blocks=1
1786477120.499560 L req=s1e1-b3a16e41 cpu_tok=4496 gpu_tok=0
1786477120.523451 req=s6e1-bfb0bab6 held=414 evicted=283 cpu_covered=283 usage_before=0.3568 usage_after=0.2672
1786477120.568571 R req=s1e1-b3a16e41
1786477120.640064 S req=s1e1-b3a16e41 blocks=4
1786477120.803310 req=s7e1-865d313a held=410 evicted=279 cpu_covered=279 usage_before=0.2683 usage_after=0.1795
1786477120.804566 L req=s2e1-9f23d8fd cpu_tok=4544 gpu_tok=0
1786477120.871935 R req=s2e1-9f23d8fd
1786477120.872403 S req=s8e1-91f4c90a blocks=1
1786477120.932398 S req=s2e1-9f23d8fd blocks=3
1786477120.956860 L req=s3e1-90ff1266 cpu_tok=4512 gpu_tok=0
1786477121.027029 R req=s3e1-90ff1266
1786477121.027652 S req=s1e1-b3a16e41 blocks=1
1786477121.027652 S req=s2e1-9f23d8fd blocks=1
1786477121.098600 req=s8e1-91f4c90a held=415 evicted=284 cpu_covered=284 usage_before=0.3601 usage_after=0.2702
1786477121.098925 S req=s3e1-90ff1266 blocks=4
1786477121.284760 req=s1e1-b3a16e41 held=415 evicted=284 cpu_covered=284 usage_before=0.2702 usage_after=0.1804
1786477121.286064 L req=s4e1-b16c535e cpu_tok=4512 gpu_tok=0
1786477121.353492 R req=s4e1-b16c535e
1786477121.354077 S req=s3e1-90ff1266 blocks=1
1786477121.413649 S req=s4e1-b16c535e blocks=3
1786477121.483899 L req=s5e1-a20594e7 cpu_tok=4480 gpu_tok=0
1786477121.484175 S req=s2e1-9f23d8fd blocks=1
1786477121.554249 R req=s5e1-a20594e7
1786477121.625705 req=s2e1-9f23d8fd held=418 evicted=287 cpu_covered=287 usage_before=0.3599 usage_after=0.2694
1786477121.626080 S req=s5e1-a20594e7 blocks=4
1786477121.649386 S req=s4e1-b16c535e blocks=1
1786477121.742618 req=s3e1-90ff1266 held=416 evicted=285 cpu_covered=285 usage_before=0.2696 usage_after=0.1795
1786477121.766574 L req=s6e1-bfb0bab6 cpu_tok=4560 gpu_tok=0
1786477121.833802 R req=s6e1-bfb0bab6
1786477121.893901 S req=s6e1-bfb0bab6 blocks=3
1786477121.964075 L req=s7e1-865d313a cpu_tok=4496 gpu_tok=0
1786477121.987654 S req=s5e1-a20594e7 blocks=1
1786477122.034410 R req=s7e1-865d313a
1786477122.105957 req=s4e1-b16c535e held=415 evicted=285 cpu_covered=285 usage_before=0.3597 usage_after=0.2698
1786477122.106369 S req=s7e1-865d313a blocks=4
1786477122.129698 S req=s6e1-bfb0bab6 blocks=1
1786477122.269140 req=s5e1-a20594e7 held=414 evicted=283 cpu_covered=283 usage_before=0.27 usage_after=0.1804
1786477122.293446 L req=s8e1-91f4c90a cpu_tok=4576 gpu_tok=0
1786477122.360436 R req=s8e1-91f4c90a
1786477122.420191 S req=s8e1-91f4c90a blocks=3
1786477122.467129 L req=s1e1-b3a16e41 cpu_tok=4576 gpu_tok=0
1786477122.490529 S req=s7e1-865d313a blocks=1
1786477122.537869 req=s6e1-bfb0bab6 held=418 evicted=288 cpu_covered=288 usage_before=0.3608 usage_after=0.2702
1786477122.538218 R req=s1e1-b3a16e41
1786477122.538771 S req=s8e1-91f4c90a blocks=1
1786477122.597037 S req=s1e1-b3a16e41 blocks=3
1786477122.643656 S req=s1e1-b3a16e41 blocks=1
1786477122.736905 req=s7e1-865d313a held=415 evicted=284 cpu_covered=284 usage_before=0.2715 usage_after=0.1817
1786477122.761201 L req=s2e1-9f23d8fd cpu_tok=4624 gpu_tok=0
1786477122.828536 R req=s2e1-9f23d8fd
1786477122.888904 S req=s2e1-9f23d8fd blocks=3
1786477122.981065 S req=s8e1-91f4c90a blocks=1
1786477123.006227 L req=s3e1-90ff1266 cpu_tok=4592 gpu_tok=0
1786477123.053791 req=s8e1-91f4c90a held=420 evicted=289 cpu_covered=289 usage_before=0.3629 usage_after=0.272
1786477123.054068 S req=s1e1-b3a16e41 blocks=1
1786477123.054068 S req=s2e1-9f23d8fd blocks=1
1786477123.076601 R req=s3e1-90ff1266
1786477123.147684 S req=s3e1-90ff1266 blocks=4
1786477123.240919 req=s1e1-b3a16e41 held=420 evicted=289 cpu_covered=289 usage_before=0.2735 usage_after=0.1825
1786477123.309261 L req=s4e1-b16c535e cpu_tok=4576 gpu_tok=0
1786477123.376601 R req=s4e1-b16c535e
1786477123.447180 S req=s4e1-b16c535e blocks=4
1786477123.471117 L req=s5e1-a20594e7 cpu_tok=4560 gpu_tok=0
1786477123.518086 S req=s2e1-9f23d8fd blocks=1
1786477123.518086 S req=s3e1-90ff1266 blocks=1
1786477123.541677 req=s2e1-9f23d8fd held=423 evicted=292 cpu_covered=292 usage_before=0.3631 usage_after=0.2718
1786477123.542006 R req=s5e1-a20594e7
1786477123.613390 S req=s5e1-a20594e7 blocks=3
1786477123.636696 S req=s5e1-a20594e7 blocks=1
1786477123.753162 S req=s4e1-b16c535e blocks=1
1786477123.800745 req=s3e1-90ff1266 held=421 evicted=290 cpu_covered=290 usage_before=0.2728 usage_after=0.1817
1786477123.802041 L req=s6e1-bfb0bab6 cpu_tok=4624 gpu_tok=0
1786477123.869900 R req=s6e1-bfb0bab6
1786477123.941316 S req=s6e1-bfb0bab6 blocks=4
1786477123.988466 L req=s7e1-865d313a cpu_tok=4576 gpu_tok=0
1786477124.059218 R req=s7e1-865d313a
1786477124.059823 S req=s5e1-a20594e7 blocks=1
1786477124.130351 S req=s7e1-865d313a blocks=3
1786477124.154084 req=s4e1-b16c535e held=420 evicted=289 cpu_covered=289 usage_before=0.3638 usage_after=0.2728
1786477124.177656 S req=s7e1-865d313a blocks=1
1786477124.247507 S req=s6e1-bfb0bab6 blocks=1
1786477124.271349 req=s5e1-a20594e7 held=419 evicted=288 cpu_covered=288 usage_before=0.2733 usage_after=0.1825
1786477124.295701 L req=s8e1-91f4c90a cpu_tok=4656 gpu_tok=0
1786477124.364147 R req=s8e1-91f4c90a
1786477124.425303 S req=s8e1-91f4c90a blocks=3
1786477124.543449 L req=s1e1-b3a16e41 cpu_tok=4656 gpu_tok=0
1786477124.591452 req=s6e1-bfb0bab6 held=423 evicted=292 cpu_covered=292 usage_before=0.3649 usage_after=0.2733
1786477124.591758 S req=s7e1-865d313a blocks=1
1786477124.614277 R req=s1e1-b3a16e41
1786477124.614758 S req=s8e1-91f4c90a blocks=1
1786477124.675946 S req=s1e1-b3a16e41 blocks=3
1786477124.769433 req=s7e1-865d313a held=420 evicted=289 cpu_covered=289 usage_before=0.2746 usage_after=0.1836
1786477124.793567 L req=s2e1-9f23d8fd cpu_tok=4704 gpu_tok=0
1786477124.793876 S req=s1e1-b3a16e41 blocks=1
1786477124.861970 R req=s2e1-9f23d8fd
1786477124.920269 S req=s2e1-9f23d8fd blocks=3
1786477124.967469 L req=s3e1-90ff1266 cpu_tok=4672 gpu_tok=0
1786477125.037806 R req=s3e1-90ff1266
1786477125.109352 req=s8e1-91f4c90a held=424 evicted=294 cpu_covered=294 usage_before=0.3679 usage_after=0.2761
1786477125.109733 S req=s3e1-90ff1266 blocks=3
1786477125.133075 S req=s3e1-90ff1266 blocks=1
1786477125.202448 S req=s2e1-9f23d8fd blocks=1
1786477125.249021 S req=s1e1-b3a16e41 blocks=1
1786477125.297385 L req=s4e1-b16c535e cpu_tok=4656 gpu_tok=0
1786477125.321699 req=s1e1-b3a16e41 held=425 evicted=294 cpu_covered=294 usage_before=0.3675 usage_after=0.2755
1786477125.366775 R req=s4e1-b16c535e
1786477125.438094 S req=s4e1-b16c535e blocks=4
1786477125.462063 L req=s5e1-a20594e7 cpu_tok=4640 gpu_tok=0
1786477125.532361 R req=s5e1-a20594e7
1786477125.594103 S req=s3e1-90ff1266 blocks=1
1786477125.594103 S req=s5e1-a20594e7 blocks=3
1786477125.618258 req=s2e1-9f23d8fd held=427 evicted=296 cpu_covered=296 usage_before=0.3681 usage_after=0.2757
1786477125.688652 S req=s5e1-a20594e7 blocks=1
1786477125.759339 req=s3e1-90ff1266 held=426 evicted=295 cpu_covered=295 usage_before=0.2759 usage_after=0.1836
1786477125.806016 L req=s6e1-bfb0bab6 cpu_tok=4704 gpu_tok=0
1786477125.806340 S req=s4e1-b16c535e blocks=1
1786477125.874140 R req=s6e1-bfb0bab6
1786477125.945134 S req=s6e1-bfb0bab6 blocks=4
1786477125.992447 L req=s7e1-865d313a cpu_tok=4656 gpu_tok=0
1786477126.063190 R req=s7e1-865d313a
1786477126.125201 req=s4e1-b16c535e held=425 evicted=294 cpu_covered=294 usage_before=0.3679 usage_after=0.2759
1786477126.125578 S req=s7e1-865d313a blocks=3
1786477126.149148 S req=s5e1-a20594e7 blocks=1
1786477126.243146 req=s5e1-a20594e7 held=424 evicted=293 cpu_covered=293 usage_before=0.2761 usage_after=0.1843
1786477126.243475 S req=s7e1-865d313a blocks=1
1786477126.267364 L req=s8e1-91f4c90a cpu_tok=4720 gpu_tok=0
1786477126.312754 S req=s6e1-bfb0bab6 blocks=1
1786477126.335043 R req=s8e1-91f4c90a
1786477126.405493 S req=s8e1-91f4c90a blocks=4
1786477126.499381 L req=s1e1-b3a16e41 cpu_tok=4736 gpu_tok=0
1786477126.569575 R req=s1e1-b3a16e41
1786477126.631360 req=s6e1-bfb0bab6 held=428 evicted=297 cpu_covered=297 usage_before=0.3701 usage_after=0.2774
1786477126.631672 S req=s1e1-b3a16e41 blocks=3
1786477126.701909 S req=s8e1-91f4c90a blocks=1
1786477126.701909 S req=s7e1-865d313a blocks=1
1786477126.726466 L req=s2e1-9f23d8fd cpu_tok=4768 gpu_tok=0
1786477126.774237 req=s7e1-865d313a held=425 evicted=294 cpu_covered=294 usage_before=0.3701 usage_after=0.2781
1786477126.796907 R req=s2e1-9f23d8fd
1786477126.868309 S req=s1e1-b3a16e41 blocks=1
1786477126.868309 S req=s2e1-9f23d8fd blocks=4
1786477126.984786 L req=s3e1-90ff1266 cpu_tok=4752 gpu_tok=0
1786477127.055719 req=s8e1-91f4c90a held=429 evicted=298 cpu_covered=298 usage_before=0.3714 usage_after=0.2785
1786477127.056069 R req=s3e1-90ff1266
1786477127.117704 S req=s3e1-90ff1266 blocks=3
1786477127.210854 S req=s2e1-9f23d8fd blocks=1
1786477127.210854 S req=s3e1-90ff1266 blocks=1
1786477127.281459 req=s1e1-b3a16e41 held=429 evicted=299 cpu_covered=299 usage_before=0.2798 usage_after=0.1869
1786477127.305344 L req=s4e1-b16c535e cpu_tok=4736 gpu_tok=0
1786477127.372994 R req=s4e1-b16c535e
1786477127.443837 S req=s4e1-b16c535e blocks=3
1786477127.466712 S req=s4e1-b16c535e blocks=1
1786477127.490881 L req=s5e1-a20594e7 cpu_tok=4720 gpu_tok=0
1786477127.514939 req=s2e1-9f23d8fd held=432 evicted=301 cpu_covered=301 usage_before=0.3714 usage_after=0.2778
1786477127.559995 R req=s5e1-a20594e7
1786477127.621370 S req=s5e1-a20594e7 blocks=3
1786477127.667868 S req=s3e1-90ff1266 blocks=1
1786477127.761513 req=s3e1-90ff1266 held=431 evicted=300 cpu_covered=300 usage_before=0.2789 usage_after=0.1856
1786477127.762832 L req=s6e1-bfb0bab6 cpu_tok=4784 gpu_tok=0
1786477127.785433 S req=s5e1-a20594e7 blocks=1
1786477127.830281 R req=s6e1-bfb0bab6
1786477127.901003 S req=s6e1-bfb0bab6 blocks=3
1786477127.923972 S req=s4e1-b16c535e blocks=1
1786477127.923972 S req=s6e1-bfb0bab6 blocks=1
1786477127.994054 L req=s7e1-865d313a cpu_tok=4736 gpu_tok=0
1786477128.063960 R req=s7e1-865d313a
1786477128.125154 req=s4e1-b16c535e held=430 evicted=299 cpu_covered=299 usage_before=0.3723 usage_after=0.2791
1786477128.125417 S req=s7e1-865d313a blocks=3
1786477128.242250 L req=s8e1-91f4c90a cpu_tok=4800 gpu_tok=0
1786477128.242666 S req=s5e1-a20594e7 blocks=1
1786477128.266397 req=s5e1-a20594e7 held=429 evicted=298 cpu_covered=298 usage_before=0.372 usage_after=0.2794
1786477128.311469 R req=s8e1-91f4c90a
1786477128.312042 S req=s7e1-865d313a blocks=1
1786477128.381811 S req=s8e1-91f4c90a blocks=4
1786477128.381811 S req=s6e1-bfb0bab6 blocks=1
1786477128.498999 L req=s1e1-b3a16e41 cpu_tok=4800 gpu_tok=0
1786477128.546540 req=s6e1-bfb0bab6 held=433 evicted=302 cpu_covered=302 usage_before=0.3733 usage_after=0.2796
1786477128.569227 R req=s1e1-b3a16e41
1786477128.640311 S req=s1e1-b3a16e41 blocks=4
1786477128.757677 L req=s2e1-9f23d8fd cpu_tok=4848 gpu_tok=0
1786477128.757969 S req=s8e1-91f4c90a blocks=1
1786477128.781885 req=s7e1-865d313a held=429 evicted=299 cpu_covered=299 usage_before=0.3742 usage_after=0.2813
1786477128.827613 R req=s2e1-9f23d8fd
1786477128.899416 S req=s2e1-9f23d8fd blocks=4
1786477128.946041 S req=s1e1-b3a16e41 blocks=1
1786477129.017085 L req=s3e1-90ff1266 cpu_tok=4832 gpu_tok=0
1786477129.041310 req=s8e1-91f4c90a held=434 evicted=303 cpu_covered=303 usage_before=0.3757 usage_after=0.2817
1786477129.086467 R req=s3e1-90ff1266
1786477129.147860 S req=s3e1-90ff1266 blocks=3
1786477129.218743 L req=s4e1-b16c535e cpu_tok=4816 gpu_tok=0
1786477129.289611 req=s1e1-b3a16e41 held=434 evicted=303 cpu_covered=303 usage_before=0.3755 usage_after=0.2815
1786477129.289933 R req=s4e1-b16c535e
1786477129.350450 S req=s2e1-9f23d8fd blocks=1
1786477129.350450 S req=s3e1-90ff1266 blocks=1
1786477129.350450 S req=s4e1-b16c535e blocks=3
1786477129.443722 S req=s4e1-b16c535e blocks=1
1786477129.491619 L req=s5e1-a20594e7 cpu_tok=4800 gpu_tok=0
1786477129.539893 req=s2e1-9f23d8fd held=437 evicted=306 cpu_covered=306 usage_before=0.3757 usage_after=0.2811
1786477129.562648 R req=s5e1-a20594e7
1786477129.620595 S req=s5e1-a20594e7 blocks=3
1786477129.761340 L req=s6e1-bfb0bab6 cpu_tok=4864 gpu_tok=0
1786477129.761620 S req=s3e1-90ff1266 blocks=1
1786477129.785610 req=s3e1-90ff1266 held=436 evicted=305 cpu_covered=305 usage_before=0.3757 usage_after=0.2815
1786477129.830867 R req=s6e1-bfb0bab6
1786477129.891260 S req=s4e1-b16c535e blocks=1
1786477129.891260 S req=s5e1-a20594e7 blocks=1
1786477129.891260 S req=s6e1-bfb0bab6 blocks=3
1786477129.985055 req=s4e1-b16c535e held=435 evicted=304 cpu_covered=304 usage_before=0.2826 usage_after=0.1884
1786477129.985264 S req=s6e1-bfb0bab6 blocks=1
1786477130.054748 L req=s7e1-865d313a cpu_tok=4800 gpu_tok=0
1786477130.122534 R req=s7e1-865d313a
1786477130.194582 S req=s7e1-865d313a blocks=4
1786477130.242153 L req=s8e1-91f4c90a cpu_tok=4880 gpu_tok=0
1786477130.266135 req=s5e1-a20594e7 held=433 evicted=302 cpu_covered=302 usage_before=0.3762 usage_after=0.2824
1786477130.311551 R req=s8e1-91f4c90a
1786477130.382284 S req=s8e1-91f4c90a blocks=3
1786477130.405371 S req=s8e1-91f4c90a blocks=1
1786477130.451864 S req=s6e1-bfb0bab6 blocks=1
1786477130.499662 L req=s1e1-b3a16e41 cpu_tok=4880 gpu_tok=0
1786477130.499927 S req=s7e1-865d313a blocks=1
1786477130.547591 req=s6e1-bfb0bab6 held=438 evicted=307 cpu_covered=307 usage_before=0.3777 usage_after=0.2828
1786477130.570324 R req=s1e1-b3a16e41
1786477130.641292 S req=s1e1-b3a16e41 blocks=4
1786477130.805591 L req=s2e1-9f23d8fd cpu_tok=4928 gpu_tok=0
1786477130.829386 S req=s8e1-91f4c90a blocks=1
1786477130.853641 req=s7e1-865d313a held=434 evicted=303 cpu_covered=303 usage_before=0.3786 usage_after=0.2846
1786477130.876534 R req=s2e1-9f23d8fd
1786477130.937655 S req=s2e1-9f23d8fd blocks=3
1786477130.985563 L req=s3e1-90ff1266 cpu_tok=4912 gpu_tok=0
1786477131.009339 S req=s1e1-b3a16e41 blocks=1
1786477131.009339 S req=s2e1-9f23d8fd blocks=1
1786477131.033611 req=s8e1-91f4c90a held=439 evicted=308 cpu_covered=308 usage_before=0.3801 usage_after=0.285
1786477131.056401 R req=s3e1-90ff1266
1786477131.115400 S req=s3e1-90ff1266 blocks=3
1786477131.257163 L req=s4e1-b16c535e cpu_tok=4896 gpu_tok=0
1786477131.281318 req=s1e1-b3a16e41 held=439 evicted=308 cpu_covered=308 usage_before=0.3799 usage_after=0.2848
1786477131.326790 R req=s4e1-b16c535e
1786477131.388129 S req=s3e1-90ff1266 blocks=1
1786477131.388129 S req=s4e1-b16c535e blocks=3
1786477131.458120 S req=s2e1-9f23d8fd blocks=1
1786477131.483577 L req=s5e1-a20594e7 cpu_tok=4864 gpu_tok=0
1786477131.554423 R req=s5e1-a20594e7
1786477131.554981 S req=s4e1-b16c535e blocks=1
1786477131.626746 req=s2e1-9f23d8fd held=442 evicted=311 cpu_covered=311 usage_before=0.3809 usage_after=0.2852
1786477131.626996 S req=s5e1-a20594e7 blocks=4
1786477131.745075 L req=s6e1-bfb0bab6 cpu_tok=4944 gpu_tok=0
1786477131.769121 req=s3e1-90ff1266 held=440 evicted=309 cpu_covered=309 usage_before=0.3799 usage_after=0.2846
1786477131.814934 R req=s6e1-bfb0bab6
1786477131.876134 S req=s6e1-bfb0bab6 blocks=3
1786477131.970453 L req=s7e1-865d313a cpu_tok=4880 gpu_tok=0
1786477131.970721 S req=s5e1-a20594e7 blocks=1
1786477132.018405 S req=s4e1-b16c535e blocks=1
1786477132.042228 req=s4e1-b16c535e held=440 evicted=309 cpu_covered=309 usage_before=0.3796 usage_after=0.2846
1786477132.042519 R req=s7e1-865d313a
1786477132.043116 S req=s6e1-bfb0bab6 blocks=1
1786477132.113688 S req=s7e1-865d313a blocks=4
1786477132.231165 L req=s8e1-91f4c90a cpu_tok=4960 gpu_tok=0
1786477132.279197 req=s5e1-a20594e7 held=438 evicted=307 cpu_covered=307 usage_before=0.3805 usage_after=0.2857
1786477132.302018 R req=s8e1-91f4c90a
1786477132.363466 S req=s8e1-91f4c90a blocks=3
1786477132.456965 S req=s8e1-91f4c90a blocks=1
1786477132.480421 S req=s7e1-865d313a blocks=1
1786477132.504910 L req=s1e1-b3a16e41 cpu_tok=4960 gpu_tok=0
1786477132.505189 S req=s6e1-bfb0bab6 blocks=1
1786477132.529612 req=s6e1-bfb0bab6 held=443 evicted=312 cpu_covered=312 usage_before=0.382 usage_after=0.2863
1786477132.575131 R req=s1e1-b3a16e41
1786477132.646814 S req=s1e1-b3a16e41 blocks=3
1786477132.670422 S req=s1e1-b3a16e41 blocks=1
1786477132.718151 L req=s2e1-9f23d8fd cpu_tok=5008 gpu_tok=0
1786477132.765972 req=s7e1-865d313a held=439 evicted=308 cpu_covered=308 usage_before=0.3827 usage_after=0.2876
1786477132.788779 R req=s2e1-9f23d8fd
1786477132.850586 S req=s2e1-9f23d8fd blocks=3
1786477132.920684 S req=s8e1-91f4c90a blocks=1
1786477132.992424 L req=s3e1-90ff1266 cpu_tok=4976 gpu_tok=0
1786477132.992852 S req=s2e1-9f23d8fd blocks=1
1786477133.016819 req=s8e1-91f4c90a held=444 evicted=313 cpu_covered=313 usage_before=0.384 usage_after=0.2878
1786477133.063166 R req=s3e1-90ff1266
1786477133.142228 S req=s1e1-b3a16e41 blocks=1
1786477133.142228 S req=s3e1-90ff1266 blocks=4
1786477133.238444 L req=s4e1-b16c535e cpu_tok=4976 gpu_tok=0
1786477133.311535 req=s1e1-b3a16e41 held=444 evicted=313 cpu_covered=313 usage_before=0.3842 usage_after=0.288
1786477133.311912 R req=s4e1-b16c535e
1786477133.373222 S req=s4e1-b16c535e blocks=3
1786477133.466889 S req=s2e1-9f23d8fd blocks=1
1786477133.491492 L req=s5e1-a20594e7 cpu_tok=4944 gpu_tok=0
1786477133.491776 S req=s3e1-90ff1266 blocks=1
1786477133.516996 req=s2e1-9f23d8fd held=447 evicted=316 cpu_covered=316 usage_before=0.384 usage_after=0.2874
1786477133.562506 R req=s5e1-a20594e7
1786477133.634120 S req=s5e1-a20594e7 blocks=4
1786477133.657374 S req=s4e1-b16c535e blocks=1
1786477133.728442 L req=s6e1-bfb0bab6 cpu_tok=5024 gpu_tok=0
1786477133.800419 req=s3e1-90ff1266 held=445 evicted=314 cpu_covered=314 usage_before=0.3842 usage_after=0.2878
1786477133.800704 R req=s6e1-bfb0bab6
1786477133.859898 S req=s6e1-bfb0bab6 blocks=3
1786477134.001174 L req=s7e1-865d313a cpu_tok=4960 gpu_tok=0
1786477134.025242 req=s4e1-b16c535e held=444 evicted=313 cpu_covered=313 usage_before=0.3835 usage_after=0.2874
1786477134.048420 S req=s5e1-a20594e7 blocks=1
1786477134.070933 R req=s7e1-865d313a
1786477134.141717 S req=s6e1-bfb0bab6 blocks=1
1786477134.141717 S req=s7e1-865d313a blocks=3
1786477134.164939 S req=s7e1-865d313a blocks=1
1786477134.282084 req=s5e1-a20594e7 held=443 evicted=312 cpu_covered=312 usage_before=0.2889 usage_after=0.193
1786477134.283393 L req=s8e1-91f4c90a cpu_tok=5040 gpu_tok=0
1786477134.352391 R req=s8e1-91f4c90a
1786477134.413322 S req=s8e1-91f4c90a blocks=3
1786477134.460864 L req=s1e1-b3a16e41 cpu_tok=5040 gpu_tok=0
1786477134.509227 req=s6e1-bfb0bab6 held=447 evicted=316 cpu_covered=316 usage_before=0.3857 usage_after=0.2889
1786477134.532125 R req=s1e1-b3a16e41
1786477134.593444 S req=s1e1-b3a16e41 blocks=3
1786477134.616896 S req=s8e1-91f4c90a blocks=1
1786477134.616896 S req=s7e1-865d313a blocks=1
1786477134.687108 S req=s1e1-b3a16e41 blocks=1
1786477134.735256 L req=s2e1-9f23d8fd cpu_tok=5088 gpu_tok=0
1786477134.783308 req=s7e1-865d313a held=444 evicted=313 cpu_covered=313 usage_before=0.387 usage_after=0.2909
1786477134.806027 R req=s2e1-9f23d8fd
1786477134.867706 S req=s2e1-9f23d8fd blocks=3
1786477134.962364 L req=s3e1-90ff1266 cpu_tok=5056 gpu_tok=0
1786477135.033550 R req=s3e1-90ff1266
1786477135.033999 S req=s8e1-91f4c90a blocks=1
1786477135.105555 req=s8e1-91f4c90a held=449 evicted=318 cpu_covered=318 usage_before=0.389 usage_after=0.2919
1786477135.105830 S req=s3e1-90ff1266 blocks=4
1786477135.129258 S req=s2e1-9f23d8fd blocks=1
1786477135.152505 S req=s1e1-b3a16e41 blocks=1
1786477135.246085 req=s1e1-b3a16e41 held=449 evicted=318 cpu_covered=318 usage_before=0.2924 usage_after=0.1951
1786477135.247386 L req=s4e1-b16c535e cpu_tok=5040 gpu_tok=0
1786477135.317679 R req=s4e1-b16c535e
1786477135.390334 S req=s4e1-b16c535e blocks=4
1786477135.461730 L req=s5e1-a20594e7 cpu_tok=5024 gpu_tok=0
1786477135.535282 req=s2e1-9f23d8fd held=451 evicted=320 cpu_covered=320 usage_before=0.3879 usage_after=0.2902
1786477135.535640 R req=s5e1-a20594e7
1786477135.536111 S req=s3e1-90ff1266 blocks=1
1786477135.598029 S req=s5e1-a20594e7 blocks=3
1786477135.669046 S req=s5e1-a20594e7 blocks=1
1786477135.741821 L req=s6e1-bfb0bab6 cpu_tok=5088 gpu_tok=0
1786477135.742201 S req=s4e1-b16c535e blocks=1
1786477135.766300 req=s3e1-90ff1266 held=450 evicted=319 cpu_covered=319 usage_before=0.3883 usage_after=0.2909
1786477135.813268 R req=s6e1-bfb0bab6
1786477135.885424 S req=s6e1-bfb0bab6 blocks=4
1786477135.980416 L req=s7e1-865d313a cpu_tok=5040 gpu_tok=0
1786477136.054244 req=s4e1-b16c535e held=449 evicted=318 cpu_covered=318 usage_before=0.3879 usage_after=0.2906
1786477136.054549 R req=s7e1-865d313a
1786477136.116060 S req=s7e1-865d313a blocks=3
1786477136.139402 S req=s5e1-a20594e7 blocks=1
1786477136.209464 S req=s7e1-865d313a blocks=1
1786477136.232948 S req=s6e1-bfb0bab6 blocks=1
1786477136.256953 req=s5e1-a20594e7 held=448 evicted=317 cpu_covered=317 usage_before=0.2922 usage_after=0.1951
1786477136.303640 L req=s8e1-91f4c90a cpu_tok=5120 gpu_tok=0
1786477136.373417 R req=s8e1-91f4c90a
1786477136.432262 S req=s8e1-91f4c90a blocks=3
1786477136.456757 L req=s1e1-b3a16e41 cpu_tok=5120 gpu_tok=0
1786477136.529531 req=s6e1-bfb0bab6 held=452 evicted=321 cpu_covered=321 usage_before=0.3901 usage_after=0.2922
1786477136.529834 R req=s1e1-b3a16e41
1786477136.591398 S req=s1e1-b3a16e41 blocks=3
1786477136.661657 S req=s7e1-865d313a blocks=1
1786477136.708443 S req=s8e1-91f4c90a blocks=1
1786477136.733038 L req=s2e1-9f23d8fd cpu_tok=5152 gpu_tok=0
1786477136.758218 req=s7e1-865d313a held=449 evicted=318 cpu_covered=318 usage_before=0.3909 usage_after=0.2937
1786477136.758460 S req=s1e1-b3a16e41 blocks=1
1786477136.803818 R req=s2e1-9f23d8fd
1786477136.876435 S req=s2e1-9f23d8fd blocks=4
1786477136.948202 L req=s3e1-90ff1266 cpu_tok=5136 gpu_tok=0
1786477137.020442 R req=s3e1-90ff1266
1786477137.080105 S req=s3e1-90ff1266 blocks=3
1786477137.127774 req=s8e1-91f4c90a held=453 evicted=322 cpu_covered=322 usage_before=0.3931 usage_after=0.295
1786477137.151700 S req=s3e1-90ff1266 blocks=1
1786477137.198779 S req=s2e1-9f23d8fd blocks=1
1786477137.223396 L req=s4e1-b16c535e cpu_tok=5120 gpu_tok=0
1786477137.223691 S req=s1e1-b3a16e41 blocks=1
1786477137.249424 req=s1e1-b3a16e41 held=454 evicted=323 cpu_covered=323 usage_before=0.3927 usage_after=0.2946
1786477137.295109 R req=s4e1-b16c535e
1786477137.367411 S req=s4e1-b16c535e blocks=4
1786477137.461473 L req=s5e1-a20594e7 cpu_tok=5104 gpu_tok=0
1786477137.534318 req=s2e1-9f23d8fd held=456 evicted=325 cpu_covered=325 usage_before=0.3922 usage_after=0.2935
1786477137.534640 R req=s5e1-a20594e7
1786477137.596311 S req=s5e1-a20594e7 blocks=3
1786477137.619699 S req=s3e1-90ff1266 blocks=1
1786477137.738135 req=s3e1-90ff1266 held=455 evicted=324 cpu_covered=324 usage_before=0.2946 usage_after=0.196
1786477137.739753 L req=s6e1-bfb0bab6 cpu_tok=5168 gpu_tok=0
1786477137.740181 S req=s5e1-a20594e7 blocks=1
1786477137.787374 S req=s4e1-b16c535e blocks=1
1786477137.832151 R req=s6e1-bfb0bab6
1786477137.903767 S req=s6e1-bfb0bab6 blocks=4
1786477137.974685 L req=s7e1-865d313a cpu_tok=5120 gpu_tok=0
1786477138.024291 req=s4e1-b16c535e held=454 evicted=323 cpu_covered=323 usage_before=0.3922 usage_after=0.2939
1786477138.047035 R req=s7e1-865d313a
1786477138.110226 S req=s7e1-865d313a blocks=3
1786477138.205074 L req=s8e1-91f4c90a cpu_tok=5184 gpu_tok=0
1786477138.205365 S req=s5e1-a20594e7 blocks=1
1786477138.254672 req=s5e1-a20594e7 held=453 evicted=322 cpu_covered=322 usage_before=0.3929 usage_after=0.295
1786477138.277715 R req=s8e1-91f4c90a
1786477138.278316 S req=s7e1-865d313a blocks=1
1786477138.350055 S req=s8e1-91f4c90a blocks=4
1786477138.373276 S req=s6e1-bfb0bab6 blocks=1
1786477138.420948 L req=s1e1-b3a16e41 cpu_tok=5200 gpu_tok=0
1786477138.493223 R req=s1e1-b3a16e41
1786477138.554514 S req=s1e1-b3a16e41 blocks=3
1786477138.602005 req=s6e1-bfb0bab6 held=457 evicted=326 cpu_covered=326 usage_before=0.3953 usage_after=0.2963
1786477138.696057 S req=s8e1-91f4c90a blocks=1
1786477138.720751 L req=s2e1-9f23d8fd cpu_tok=5232 gpu_tok=0
1786477138.746161 S req=s7e1-865d313a blocks=1
1786477138.770465 req=s7e1-865d313a held=454 evicted=323 cpu_covered=323 usage_before=0.3953 usage_after=0.2972
1786477138.793241 R req=s2e1-9f23d8fd
1786477138.793831 S req=s1e1-b3a16e41 blocks=1
1786477138.864859 S req=s2e1-9f23d8fd blocks=4
1786477138.935787 L req=s3e1-90ff1266 cpu_tok=5216 gpu_tok=0
1786477139.008425 req=s8e1-91f4c90a held=458 evicted=327 cpu_covered=327 usage_before=0.3966 usage_after=0.2974
1786477139.008733 R req=s3e1-90ff1266
1786477139.070577 S req=s3e1-90ff1266 blocks=3
1786477139.211463 req=s1e1-b3a16e41 held=458 evicted=327 cpu_covered=327 usage_before=0.2982 usage_after=0.199
1786477139.211679 S req=s3e1-90ff1266 blocks=1
1786477139.257045 S req=s2e1-9f23d8fd blocks=1
1786477139.303382 L req=s4e1-b16c535e cpu_tok=5200 gpu_tok=0
1786477139.373795 R req=s4e1-b16c535e
1786477139.437366 L req=s5e1-a20594e7 cpu_tok=5184 gpu_tok=0
1786477139.437840 S req=s4e1-b16c535e blocks=3
1786477139.511514 req=s2e1-9f23d8fd held=461 evicted=330 cpu_covered=330 usage_before=0.3964 usage_after=0.2965
1786477139.511820 R req=s5e1-a20594e7
1786477139.512402 S req=s4e1-b16c535e blocks=1
1786477139.573398 S req=s5e1-a20594e7 blocks=3
1786477139.667283 S req=s3e1-90ff1266 blocks=1
1786477139.714723 req=s3e1-90ff1266 held=460 evicted=329 cpu_covered=329 usage_before=0.2978 usage_after=0.1984
1786477139.783718 L req=s6e1-bfb0bab6 cpu_tok=5248 gpu_tok=0
1786477139.783995 S req=s5e1-a20594e7 blocks=1
1786477139.854378 R req=s6e1-bfb0bab6
1786477139.916496 S req=s6e1-bfb0bab6 blocks=3
1786477139.941712 L req=s7e1-865d313a cpu_tok=5200 gpu_tok=0
1786477139.966953 S req=s4e1-b16c535e blocks=1
1786477139.990971 S req=s6e1-bfb0bab6 blocks=1
1786477140.014436 R req=s7e1-865d313a
1786477140.075964 S req=s7e1-865d313a blocks=3
1786477140.123355 req=s4e1-b16c535e held=459 evicted=328 cpu_covered=328 usage_before=0.3974 usage_after=0.298
1786477140.217719 req=s5e1-a20594e7 held=457 evicted=326 cpu_covered=326 usage_before=0.298 usage_after=0.199
1786477140.241506 L req=s8e1-91f4c90a cpu_tok=5264 gpu_tok=0
1786477140.311768 S req=s7e1-865d313a blocks=1
1786477140.334350 R req=s8e1-91f4c90a
1786477140.406395 S req=s8e1-91f4c90a blocks=4
1786477140.452945 S req=s6e1-bfb0bab6 blocks=1
1786477140.477486 L req=s1e1-b3a16e41 cpu_tok=5264 gpu_tok=0
1786477140.550424 R req=s1e1-b3a16e41
1786477140.623523 req=s6e1-bfb0bab6 held=462 evicted=331 cpu_covered=331 usage_before=0.3996 usage_after=0.2995
1786477140.623807 S req=s1e1-b3a16e41 blocks=4
1786477140.741439 req=s7e1-865d313a held=458 evicted=327 cpu_covered=327 usage_before=0.2995 usage_after=0.2003
1786477140.742737 L req=s2e1-9f23d8fd cpu_tok=5312 gpu_tok=0
1786477140.837031 R req=s2e1-9f23d8fd
1786477140.837659 S req=s8e1-91f4c90a blocks=1
1786477140.897819 S req=s2e1-9f23d8fd blocks=3
1786477140.945937 L req=s3e1-90ff1266 cpu_tok=5296 gpu_tok=0
1786477140.946229 S req=s2e1-9f23d8fd blocks=1
1786477140.972106 S req=s1e1-b3a16e41 blocks=1
1786477141.019487 R req=s3e1-90ff1266
1786477141.081670 S req=s3e1-90ff1266 blocks=3
1786477141.105653 req=s8e1-91f4c90a held=463 evicted=332 cpu_covered=332 usage_before=0.4018 usage_after=0.3015
1786477141.270538 req=s1e1-b3a16e41 held=463 evicted=332 cpu_covered=332 usage_before=0.3015 usage_after=0.2012
1786477141.294730 L req=s4e1-b16c535e cpu_tok=5280 gpu_tok=0
1786477141.295003 S req=s3e1-90ff1266 blocks=1
1786477141.365412 S req=s2e1-9f23d8fd blocks=1
1786477141.387937 R req=s4e1-b16c535e
1786477141.450252 S req=s4e1-b16c535e blocks=3
1786477141.474825 L req=s5e1-a20594e7 cpu_tok=5248 gpu_tok=0
1786477141.548419 req=s2e1-9f23d8fd held=466 evicted=335 cpu_covered=335 usage_before=0.4005 usage_after=0.2995
1786477141.548748 R req=s5e1-a20594e7
1786477141.621358 S req=s5e1-a20594e7 blocks=4
1786477141.644703 S req=s4e1-b16c535e blocks=1
1786477141.738630 req=s3e1-90ff1266 held=464 evicted=333 cpu_covered=333 usage_before=0.3008 usage_after=0.2003
1786477141.784882 L req=s6e1-bfb0bab6 cpu_tok=5328 gpu_tok=0
1786477141.878144 R req=s6e1-bfb0bab6
1786477141.940354 S req=s5e1-a20594e7 blocks=1
1786477141.940354 S req=s6e1-bfb0bab6 blocks=3
1786477142.011912 L req=s7e1-865d313a cpu_tok=5264 gpu_tok=0
1786477142.061139 S req=s4e1-b16c535e blocks=1
1786477142.084551 R req=s7e1-865d313a
1786477142.085060 S req=s6e1-bfb0bab6 blocks=1
1786477142.157965 req=s4e1-b16c535e held=464 evicted=333 cpu_covered=333 usage_before=0.4018 usage_after=0.3015
1786477142.158276 S req=s7e1-865d313a blocks=4
1786477142.275680 req=s5e1-a20594e7 held=462 evicted=331 cpu_covered=331 usage_before=0.3013 usage_after=0.2012
1786477142.299585 L req=s8e1-91f4c90a cpu_tok=5344 gpu_tok=0
1786477142.392869 R req=s8e1-91f4c90a
1786477142.454687 S req=s8e1-91f4c90a blocks=3
1786477142.501495 S req=s7e1-865d313a blocks=1
1786477142.524950 S req=s8e1-91f4c90a blocks=1
1786477142.549650 L req=s1e1-b3a16e41 cpu_tok=5344 gpu_tok=0
1786477142.549945 S req=s6e1-bfb0bab6 blocks=1
1786477142.600024 req=s6e1-bfb0bab6 held=467 evicted=336 cpu_covered=336 usage_before=0.4029 usage_after=0.3019
1786477142.622756 R req=s1e1-b3a16e41
1786477142.695412 S req=s1e1-b3a16e41 blocks=4
1786477142.789842 L req=s2e1-9f23d8fd cpu_tok=5392 gpu_tok=0
1786477142.816374 req=s7e1-865d313a held=463 evicted=332 cpu_covered=332 usage_before=0.4035 usage_after=0.3032
1786477142.862072 R req=s2e1-9f23d8fd
1786477142.924396 S req=s2e1-9f23d8fd blocks=3
1786477142.994515 S req=s8e1-91f4c90a blocks=1
1786477143.019172 L req=s3e1-90ff1266 cpu_tok=5360 gpu_tok=0
1786477143.044942 S req=s2e1-9f23d8fd blocks=1
1786477143.092361 R req=s3e1-90ff1266
1786477143.164967 req=s8e1-91f4c90a held=468 evicted=337 cpu_covered=337 usage_before=0.4059 usage_after=0.3045
1786477143.165252 S req=s1e1-b3a16e41 blocks=1
1786477143.165252 S req=s3e1-90ff1266 blocks=4
1786477143.236444 L req=s4e1-b16c535e cpu_tok=5360 gpu_tok=0
1786477143.309393 R req=s4e1-b16c535e
1786477143.371341 S req=s4e1-b16c535e blocks=3
1786477143.395249 req=s1e1-b3a16e41 held=468 evicted=337 cpu_covered=337 usage_before=0.4059 usage_after=0.3045
1786477143.490501 L req=s5e1-a20594e7 cpu_tok=5328 gpu_tok=0
1786477143.490808 S req=s3e1-90ff1266 blocks=1
1786477143.516525 S req=s2e1-9f23d8fd blocks=1
1786477143.564002 R req=s5e1-a20594e7
1786477143.637153 req=s2e1-9f23d8fd held=471 evicted=340 cpu_covered=340 usage_before=0.4059 usage_after=0.3039
1786477143.637411 S req=s4e1-b16c535e blocks=1
1786477143.637411 S req=s5e1-a20594e7 blocks=4
1786477143.779518 L req=s6e1-bfb0bab6 cpu_tok=5408 gpu_tok=0
1786477143.829840 req=s3e1-90ff1266 held=469 evicted=338 cpu_covered=338 usage_before=0.405 usage_after=0.3035
1786477143.852561 R req=s6e1-bfb0bab6
1786477143.914887 S req=s6e1-bfb0bab6 blocks=3
1786477143.986226 L req=s7e1-865d313a cpu_tok=5344 gpu_tok=0
1786477144.036749 req=s4e1-b16c535e held=468 evicted=337 cpu_covered=337 usage_before=0.4044 usage_after=0.303
1786477144.037004 S req=s5e1-a20594e7 blocks=1
1786477144.059788 R req=s7e1-865d313a
1786477144.133013 S req=s7e1-865d313a blocks=4
1786477144.180104 S req=s6e1-bfb0bab6 blocks=1
1786477144.275595 L req=s8e1-91f4c90a cpu_tok=5424 gpu_tok=0
1786477144.299945 req=s5e1-a20594e7 held=467 evicted=336 cpu_covered=336 usage_before=0.4057 usage_after=0.3045
1786477144.368642 R req=s8e1-91f4c90a
1786477144.430816 S req=s8e1-91f4c90a blocks=3
1786477144.502070 L req=s1e1-b3a16e41 cpu_tok=5424 gpu_tok=0
1786477144.552102 S req=s7e1-865d313a blocks=1
1786477144.575974 req=s6e1-bfb0bab6 held=471 evicted=340 cpu_covered=340 usage_before=0.4068 usage_after=0.3048
1786477144.576303 R req=s1e1-b3a16e41
1786477144.576897 S req=s8e1-91f4c90a blocks=1
1786477144.638750 S req=s1e1-b3a16e41 blocks=3
1786477144.709249 S req=s1e1-b3a16e41 blocks=1
1786477144.780119 req=s7e1-865d313a held=468 evicted=337 cpu_covered=337 usage_before=0.3061 usage_after=0.2047
1786477144.781468 L req=s2e1-9f23d8fd cpu_tok=5472 gpu_tok=0
1786477144.875086 R req=s2e1-9f23d8fd
1786477144.937960 S req=s2e1-9f23d8fd blocks=3
1786477145.009781 L req=s3e1-90ff1266 cpu_tok=5440 gpu_tok=0
1786477145.033486 S req=s8e1-91f4c90a blocks=1
1786477145.082786 req=s8e1-91f4c90a held=473 evicted=342 cpu_covered=342 usage_before=0.4089 usage_after=0.3067
1786477145.105673 R req=s3e1-90ff1266
1786477145.178500 S req=s1e1-b3a16e41 blocks=1
1786477145.178500 S req=s2e1-9f23d8fd blocks=1
1786477145.178500 S req=s3e1-90ff1266 blocks=4
1786477145.273514 L req=s4e1-b16c535e cpu_tok=5424 gpu_tok=0
1786477145.299582 req=s1e1-b3a16e41 held=473 evicted=342 cpu_covered=342 usage_before=0.4092 usage_after=0.3067
1786477145.368317 R req=s4e1-b16c535e
1786477145.440782 S req=s4e1-b16c535e blocks=4
1786477145.558280 L req=s5e1-a20594e7 cpu_tok=5408 gpu_tok=0
1786477145.584250 S req=s3e1-90ff1266 blocks=1
1786477145.608547 req=s2e1-9f23d8fd held=475 evicted=345 cpu_covered=345 usage_before=0.4089 usage_after=0.3061
1786477145.631356 R req=s5e1-a20594e7
1786477145.691871 S req=s5e1-a20594e7 blocks=3
1786477145.738815 S req=s5e1-a20594e7 blocks=1
1786477145.763392 L req=s6e1-bfb0bab6 cpu_tok=5472 gpu_tok=0
1786477145.763709 S req=s4e1-b16c535e blocks=1
1786477145.838017 req=s3e1-90ff1266 held=474 evicted=343 cpu_covered=343 usage_before=0.4092 usage_after=0.3065
1786477145.838311 R req=s6e1-bfb0bab6
1786477145.911572 S req=s6e1-bfb0bab6 blocks=4
1786477146.029664 L req=s7e1-865d313a cpu_tok=5424 gpu_tok=0
1786477146.103235 req=s4e1-b16c535e held=473 evicted=342 cpu_covered=342 usage_before=0.4087 usage_after=0.3063
1786477146.103559 R req=s7e1-865d313a
1786477146.166442 S req=s7e1-865d313a blocks=3
1786477146.213830 S req=s5e1-a20594e7 blocks=1
1786477146.237297 S req=s6e1-bfb0bab6 blocks=1
1786477146.237297 S req=s7e1-865d313a blocks=1
1786477146.285480 L req=s8e1-91f4c90a cpu_tok=5504 gpu_tok=0
1786477146.360320 req=s5e1-a20594e7 held=472 evicted=341 cpu_covered=341 usage_before=0.41 usage_after=0.3078
1786477146.382975 R req=s8e1-91f4c90a
1786477146.445339 S req=s8e1-91f4c90a blocks=3
1786477146.493099 L req=s1e1-b3a16e41 cpu_tok=5504 gpu_tok=0
1786477146.567112 req=s6e1-bfb0bab6 held=476 evicted=345 cpu_covered=345 usage_before=0.4109 usage_after=0.3078
1786477146.589938 R req=s1e1-b3a16e41
1786477146.651975 S req=s1e1-b3a16e41 blocks=3
1786477146.698740 S req=s8e1-91f4c90a blocks=1
1786477146.698740 S req=s7e1-865d313a blocks=1
1786477146.746615 L req=s2e1-9f23d8fd cpu_tok=5536 gpu_tok=0
1786477146.797157 S req=s1e1-b3a16e41 blocks=1
1786477146.821123 req=s7e1-865d313a held=473 evicted=342 cpu_covered=342 usage_before=0.412 usage_after=0.3095
1786477146.821450 R req=s2e1-9f23d8fd
1786477146.895441 S req=s2e1-9f23d8fd blocks=4
1786477146.990432 L req=s3e1-90ff1266 cpu_tok=5520 gpu_tok=0
1786477147.087974 R req=s3e1-90ff1266
1786477147.162102 req=s8e1-91f4c90a held=477 evicted=346 cpu_covered=346 usage_before=0.4139 usage_after=0.3106
1786477147.162408 S req=s3e1-90ff1266 blocks=3
1786477147.209490 S req=s2e1-9f23d8fd blocks=1
1786477147.209490 S req=s3e1-90ff1266 blocks=1
1786477147.258278 L req=s4e1-b16c535e cpu_tok=5504 gpu_tok=0
1786477147.284704 S req=s1e1-b3a16e41 blocks=1
1786477147.332542 req=s1e1-b3a16e41 held=478 evicted=347 cpu_covered=347 usage_before=0.4135 usage_after=0.3102
1786477147.332861 R req=s4e1-b16c535e
1786477147.406056 S req=s4e1-b16c535e blocks=4
1786477147.453743 L req=s5e1-a20594e7 cpu_tok=5488 gpu_tok=0
1786477147.550268 R req=s5e1-a20594e7
1786477147.613164 req=s2e1-9f23d8fd held=480 evicted=349 cpu_covered=349 usage_before=0.4139 usage_after=0.31
1786477147.613407 S req=s5e1-a20594e7 blocks=3
1786477147.683833 S req=s3e1-90ff1266 blocks=1
1786477147.730808 S req=s5e1-a20594e7 blocks=1
1786477147.779045 L req=s6e1-bfb0bab6 cpu_tok=5552 gpu_tok=0
1786477147.806368 S req=s4e1-b16c535e blocks=1
1786477147.830668 req=s3e1-90ff1266 held=479 evicted=348 cpu_covered=348 usage_before=0.4135 usage_after=0.3097
1786477147.853379 R req=s6e1-bfb0bab6
1786477147.926604 S req=s6e1-bfb0bab6 blocks=4
1786477147.974548 L req=s7e1-865d313a cpu_tok=5504 gpu_tok=0
1786477148.072176 req=s4e1-b16c535e held=478 evicted=347 cpu_covered=347 usage_before=0.4131 usage_after=0.3095
1786477148.072487 R req=s7e1-865d313a
1786477148.134779 S req=s7e1-865d313a blocks=3
1786477148.204863 S req=s5e1-a20594e7 blocks=1
1786477148.253043 L req=s8e1-91f4c90a cpu_tok=5568 gpu_tok=0
1786477148.277301 req=s5e1-a20594e7 held=477 evicted=346 cpu_covered=346 usage_before=0.4137 usage_after=0.3104
1786477148.277512 S req=s7e1-865d313a blocks=1
1786477148.324454 S req=s6e1-bfb0bab6 blocks=1
1786477148.347041 R req=s8e1-91f4c90a
1786477148.420084 S req=s8e1-91f4c90a blocks=4
1786477148.491295 L req=s1e1-b3a16e41 cpu_tok=5584 gpu_tok=0
1786477148.588519 req=s6e1-bfb0bab6 held=481 evicted=350 cpu_covered=350 usage_before=0.4152 usage_after=0.311
1786477148.588837 R req=s1e1-b3a16e41
1786477148.651871 S req=s1e1-b3a16e41 blocks=3
1786477148.746728 L req=s2e1-9f23d8fd cpu_tok=5616 gpu_tok=0
1786477148.747060 S req=s8e1-91f4c90a blocks=1
1786477148.747060 S req=s7e1-865d313a blocks=1
1786477148.797688 req=s7e1-865d313a held=478 evicted=347 cpu_covered=347 usage_before=0.4161 usage_after=0.3128
1786477148.843105 R req=s2e1-9f23d8fd
1786477148.916610 S req=s1e1-b3a16e41 blocks=1
1786477148.916610 S req=s2e1-9f23d8fd blocks=4
1786477149.011004 L req=s3e1-90ff1266 cpu_tok=5600 gpu_tok=0
1786477149.084979 req=s8e1-91f4c90a held=482 evicted=351 cpu_covered=351 usage_before=0.4174 usage_after=0.313
1786477149.107783 R req=s3e1-90ff1266
1786477149.170084 S req=s3e1-90ff1266 blocks=3
1786477149.241399 L req=s4e1-b16c535e cpu_tok=5584 gpu_tok=0
1786477149.291488 S req=s2e1-9f23d8fd blocks=1
1786477149.291488 S req=s3e1-90ff1266 blocks=1
1786477149.315394 req=s1e1-b3a16e41 held=482 evicted=351 cpu_covered=351 usage_before=0.4176 usage_after=0.3132
1786477149.338209 R req=s4e1-b16c535e
1786477149.399406 S req=s4e1-b16c535e blocks=3
1786477149.446286 S req=s4e1-b16c535e blocks=1
1786477149.494228 L req=s5e1-a20594e7 cpu_tok=5568 gpu_tok=0
1786477149.568712 req=s2e1-9f23d8fd held=485 evicted=354 cpu_covered=354 usage_before=0.4174 usage_after=0.3124
1786477149.591437 R req=s5e1-a20594e7
1786477149.653638 S req=s5e1-a20594e7 blocks=3
1786477149.724910 L req=s6e1-bfb0bab6 cpu_tok=5632 gpu_tok=0
1786477149.748766 S req=s3e1-90ff1266 blocks=1
1786477149.798799 R req=s6e1-bfb0bab6
1786477149.873078 req=s3e1-90ff1266 held=484 evicted=353 cpu_covered=353 usage_before=0.4183 usage_after=0.3134
1786477149.873377 S req=s6e1-bfb0bab6 blocks=3
1786477149.896760 S req=s5e1-a20594e7 blocks=1
1786477149.920080 S req=s4e1-b16c535e blocks=1
1786477149.920080 S req=s6e1-bfb0bab6 blocks=1
1786477149.968012 L req=s7e1-865d313a cpu_tok=5584 gpu_tok=0
1786477150.065029 req=s4e1-b16c535e held=483 evicted=352 cpu_covered=352 usage_before=0.4174 usage_after=0.3128
1786477150.065344 R req=s7e1-865d313a
1786477150.127810 S req=s7e1-865d313a blocks=3
1786477150.245832 L req=s8e1-91f4c90a cpu_tok=5648 gpu_tok=0
1786477150.319821 req=s5e1-a20594e7 held=481 evicted=351 cpu_covered=351 usage_before=0.4178 usage_after=0.3137
1786477150.342591 R req=s8e1-91f4c90a
1786477150.343237 S req=s6e1-bfb0bab6 blocks=1
1786477150.343237 S req=s7e1-865d313a blocks=1
1786477150.417021 S req=s8e1-91f4c90a blocks=4
1786477150.511750 L req=s1e1-b3a16e41 cpu_tok=5648 gpu_tok=0
1786477150.539750 req=s6e1-bfb0bab6 held=486 evicted=355 cpu_covered=355 usage_before=0.4194 usage_after=0.3141
1786477150.585329 R req=s1e1-b3a16e41
1786477150.659204 S req=s1e1-b3a16e41 blocks=4
1786477150.754463 L req=s2e1-9f23d8fd cpu_tok=5696 gpu_tok=0
1786477150.805504 req=s7e1-865d313a held=482 evicted=351 cpu_covered=351 usage_before=0.42 usage_after=0.3156
1786477150.828244 S req=s8e1-91f4c90a blocks=1
1786477150.850864 R req=s2e1-9f23d8fd
1786477150.925152 S req=s2e1-9f23d8fd blocks=3
1786477150.948633 S req=s2e1-9f23d8fd blocks=1
1786477150.995206 S req=s1e1-b3a16e41 blocks=1
1786477151.019780 L req=s3e1-90ff1266 cpu_tok=5680 gpu_tok=0
1786477151.094958 req=s8e1-91f4c90a held=487 evicted=356 cpu_covered=356 usage_before=0.4217 usage_after=0.3163
1786477151.095299 R req=s3e1-90ff1266
1786477151.158399 S req=s3e1-90ff1266 blocks=3
1786477151.276963 L req=s4e1-b16c535e cpu_tok=5664 gpu_tok=0
1786477151.327736 req=s1e1-b3a16e41 held=487 evicted=356 cpu_covered=356 usage_before=0.4215 usage_after=0.316
1786477151.350590 R req=s4e1-b16c535e
1786477151.351190 S req=s3e1-90ff1266 blocks=1
1786477151.413696 S req=s2e1-9f23d8fd blocks=1
1786477151.413696 S req=s4e1-b16c535e blocks=3
1786477151.508204 L req=s5e1-a20594e7 cpu_tok=5632 gpu_tok=0
1786477151.531953 S req=s4e1-b16c535e blocks=1
1786477151.582081 req=s2e1-9f23d8fd held=490 evicted=359 cpu_covered=359 usage_before=0.4215 usage_after=0.3154
1786477151.582408 R req=s5e1-a20594e7
1786477151.655370 S req=s5e1-a20594e7 blocks=4
1786477151.796926 L req=s6e1-bfb0bab6 cpu_tok=5712 gpu_tok=0
1786477151.821173 req=s3e1-90ff1266 held=488 evicted=358 cpu_covered=358 usage_before=0.4215 usage_after=0.3158
1786477151.891495 R req=s6e1-bfb0bab6
1786477151.954754 S req=s5e1-a20594e7 blocks=1
1786477151.954754 S req=s6e1-bfb0bab6 blocks=3
1786477152.001563 S req=s4e1-b16c535e blocks=1
1786477152.026282 L req=s7e1-865d313a cpu_tok=5648 gpu_tok=0
1786477152.077882 req=s4e1-b16c535e held=488 evicted=357 cpu_covered=357 usage_before=0.4213 usage_after=0.3156
1786477152.078113 S req=s6e1-bfb0bab6 blocks=1
1786477152.100642 R req=s7e1-865d313a
1786477152.174515 S req=s7e1-865d313a blocks=4
1786477152.292238 L req=s8e1-91f4c90a cpu_tok=5728 gpu_tok=0
1786477152.316412 req=s5e1-a20594e7 held=486 evicted=355 cpu_covered=355 usage_before=0.4222 usage_after=0.3169
1786477152.386692 R req=s8e1-91f4c90a
1786477152.447796 S req=s8e1-91f4c90a blocks=3
1786477152.495780 L req=s1e1-b3a16e41 cpu_tok=5728 gpu_tok=0
1786477152.496107 S req=s8e1-91f4c90a blocks=1
1786477152.496107 S req=s7e1-865d313a blocks=1
1786477152.546919 S req=s6e1-bfb0bab6 blocks=1
1786477152.570452 R req=s1e1-b3a16e41
1786477152.644146 S req=s1e1-b3a16e41 blocks=4
1786477152.668229 req=s6e1-bfb0bab6 held=491 evicted=360 cpu_covered=360 usage_before=0.4248 usage_after=0.3184
1786477152.763383 L req=s2e1-9f23d8fd cpu_tok=5776 gpu_tok=0
1786477152.838196 req=s7e1-865d313a held=487 evicted=356 cpu_covered=356 usage_before=0.4244 usage_after=0.3189
1786477152.838540 R req=s2e1-9f23d8fd
1786477152.901907 S req=s2e1-9f23d8fd blocks=3
1786477152.971928 S req=s8e1-91f4c90a blocks=1
1786477152.996658 L req=s3e1-90ff1266 cpu_tok=5744 gpu_tok=0
1786477152.997125 S req=s2e1-9f23d8fd blocks=1
1786477153.047833 S req=s1e1-b3a16e41 blocks=1
1786477153.071338 R req=s3e1-90ff1266
1786477153.144661 S req=s3e1-90ff1266 blocks=4
1786477153.168573 req=s8e1-91f4c90a held=492 evicted=361 cpu_covered=361 usage_before=0.427 usage_after=0.3204
1786477153.287065 L req=s4e1-b16c535e cpu_tok=5744 gpu_tok=0
1786477153.311423 req=s1e1-b3a16e41 held=492 evicted=361 cpu_covered=361 usage_before=0.4259 usage_after=0.3193
1786477153.382202 R req=s4e1-b16c535e
1786477153.446198 S req=s3e1-90ff1266 blocks=1
1786477153.446198 S req=s4e1-b16c535e blocks=3
1786477153.469713 S req=s2e1-9f23d8fd blocks=1
1786477153.542899 L req=s5e1-a20594e7 cpu_tok=5712 gpu_tok=0
1786477153.567491 req=s2e1-9f23d8fd held=495 evicted=364 cpu_covered=364 usage_before=0.4257 usage_after=0.3184
1786477153.616238 R req=s5e1-a20594e7
1786477153.690904 S req=s4e1-b16c535e blocks=1
1786477153.690904 S req=s5e1-a20594e7 blocks=4
1786477153.786163 L req=s6e1-bfb0bab6 cpu_tok=5792 gpu_tok=0
1786477153.810411 req=s3e1-90ff1266 held=493 evicted=362 cpu_covered=362 usage_before=0.4259 usage_after=0.3191
1786477153.881053 R req=s6e1-bfb0bab6
1786477153.945083 S req=s6e1-bfb0bab6 blocks=3
1786477154.040226 L req=s7e1-865d313a cpu_tok=5728 gpu_tok=0
1786477154.064031 S req=s5e1-a20594e7 blocks=1
1786477154.115034 req=s4e1-b16c535e held=492 evicted=362 cpu_covered=362 usage_before=0.4254 usage_after=0.3189
1786477154.115397 R req=s7e1-865d313a
1786477154.189552 S req=s6e1-bfb0bab6 blocks=1
1786477154.189552 S req=s7e1-865d313a blocks=4
1786477154.283948 L req=s8e1-91f4c90a cpu_tok=5808 gpu_tok=0
1786477154.359178 req=s5e1-a20594e7 held=491 evicted=360 cpu_covered=360 usage_before=0.4265 usage_after=0.3202
1786477154.359490 R req=s8e1-91f4c90a
1786477154.422486 S req=s8e1-91f4c90a blocks=3
1786477154.470266 L req=s1e1-b3a16e41 cpu_tok=5808 gpu_tok=0
1786477154.545225 R req=s1e1-b3a16e41
1786477154.545884 S req=s8e1-91f4c90a blocks=1
1786477154.620090 S req=s1e1-b3a16e41 blocks=3
1786477154.643780 S req=s7e1-865d313a blocks=1
1786477154.667860 req=s6e1-bfb0bab6 held=495 evicted=365 cpu_covered=365 usage_before=0.4287 usage_after=0.3215
1786477154.668125 S req=s1e1-b3a16e41 blocks=1
1786477154.739603 L req=s2e1-9f23d8fd cpu_tok=5856 gpu_tok=0
1786477154.838394 R req=s2e1-9f23d8fd
1786477154.903504 req=s7e1-865d313a held=492 evicted=361 cpu_covered=361 usage_before=0.4296 usage_after=0.323
1786477154.903817 S req=s2e1-9f23d8fd blocks=3
1786477154.952189 L req=s3e1-90ff1266 cpu_tok=5824 gpu_tok=0
1786477155.026846 R req=s3e1-90ff1266
1786477155.027344 S req=s8e1-91f4c90a blocks=1
1786477155.100947 S req=s3e1-90ff1266 blocks=4
1786477155.124493 S req=s2e1-9f23d8fd blocks=1
1786477155.148505 req=s8e1-91f4c90a held=497 evicted=366 cpu_covered=366 usage_before=0.4311 usage_after=0.3234
1786477155.148760 S req=s1e1-b3a16e41 blocks=1
1786477155.220261 L req=s4e1-b16c535e cpu_tok=5808 gpu_tok=0
1786477155.295090 req=s1e1-b3a16e41 held=497 evicted=366 cpu_covered=366 usage_before=0.43 usage_after=0.3223
1786477155.319779 R req=s4e1-b16c535e
1786477155.393762 S req=s4e1-b16c535e blocks=4
1786477155.464859 L req=s5e1-a20594e7 cpu_tok=5792 gpu_tok=0
1786477155.488675 S req=s3e1-90ff1266 blocks=1
1786477155.562775 R req=s5e1-a20594e7
1786477155.563265 S req=s2e1-9f23d8fd blocks=1
1786477155.637187 req=s2e1-9f23d8fd held=500 evicted=369 cpu_covered=369 usage_before=0.4309 usage_after=0.3228
1786477155.637484 S req=s5e1-a20594e7 blocks=3
1786477155.660833 S req=s5e1-a20594e7 blocks=1
1786477155.708710 L req=s6e1-bfb0bab6 cpu_tok=5856 gpu_tok=0
1786477155.709027 S req=s4e1-b16c535e blocks=1
1786477155.784147 req=s3e1-90ff1266 held=498 evicted=367 cpu_covered=367 usage_before=0.43 usage_after=0.3221
1786477155.806927 R req=s6e1-bfb0bab6
1786477155.880678 S req=s6e1-bfb0bab6 blocks=4
1786477155.976346 L req=s7e1-865d313a cpu_tok=5808 gpu_tok=0
1786477156.074842 req=s4e1-b16c535e held=497 evicted=366 cpu_covered=366 usage_before=0.4296 usage_after=0.3219
1786477156.075226 R req=s7e1-865d313a
1786477156.136825 S req=s5e1-a20594e7 blocks=1
1786477156.136825 S req=s7e1-865d313a blocks=3
1786477156.183894 S req=s6e1-bfb0bab6 blocks=1
1786477156.183894 S req=s7e1-865d313a blocks=1
1786477156.301969 req=s5e1-a20594e7 held=496 evicted=365 cpu_covered=365 usage_before=0.3234 usage_after=0.216
1786477156.326811 L req=s8e1-91f4c90a cpu_tok=5888 gpu_tok=0
1786477156.400178 R req=s8e1-91f4c90a
1786477156.465035 L req=s1e1-b3a16e41 cpu_tok=5888 gpu_tok=0
1786477156.465507 S req=s8e1-91f4c90a blocks=3
1786477156.541471 req=s6e1-bfb0bab6 held=500 evicted=369 cpu_covered=369 usage_before=0.4317 usage_after=0.3234
1786477156.564257 R req=s1e1-b3a16e41
1786477156.627811 S req=s1e1-b3a16e41 blocks=3
1786477156.651268 S req=s7e1-865d313a blocks=1
1786477156.698095 S req=s8e1-91f4c90a blocks=1
1786477156.746557 L req=s2e1-9f23d8fd cpu_tok=5936 gpu_tok=0
1786477156.746891 S req=s1e1-b3a16e41 blocks=1
1786477156.799532 req=s7e1-865d313a held=497 evicted=366 cpu_covered=366 usage_before=0.433 usage_after=0.3254
1786477156.822330 R req=s2e1-9f23d8fd
1786477156.884085 S req=s2e1-9f23d8fd blocks=3
1786477156.979121 L req=s3e1-90ff1266 cpu_tok=5904 gpu_tok=0
1786477157.054800 R req=s3e1-90ff1266
1786477157.129131 S req=s3e1-90ff1266 blocks=3
1786477157.152508 S req=s3e1-90ff1266 blocks=1
1786477157.176435 req=s8e1-91f4c90a held=501 evicted=371 cpu_covered=371 usage_before=0.435 usage_after=0.3265
1786477157.176676 S req=s2e1-9f23d8fd blocks=1
1786477157.223618 S req=s1e1-b3a16e41 blocks=1
1786477157.248311 L req=s4e1-b16c535e cpu_tok=5888 gpu_tok=0
1786477157.300114 req=s1e1-b3a16e41 held=502 evicted=371 cpu_covered=371 usage_before=0.4343 usage_after=0.3256
1786477157.322994 R req=s4e1-b16c535e
1786477157.397285 S req=s4e1-b16c535e blocks=4
1786477157.516086 L req=s5e1-a20594e7 cpu_tok=5872 gpu_tok=0
1786477157.567775 req=s2e1-9f23d8fd held=504 evicted=373 cpu_covered=373 usage_before=0.4339 usage_after=0.3247
1786477157.590383 S req=s3e1-90ff1266 blocks=1
1786477157.612751 R req=s5e1-a20594e7
1786477157.676396 S req=s5e1-a20594e7 blocks=3
1786477157.771803 L req=s6e1-bfb0bab6 cpu_tok=5936 gpu_tok=0
1786477157.772146 S req=s4e1-b16c535e blocks=1
1786477157.772146 S req=s5e1-a20594e7 blocks=1
1786477157.796364 req=s3e1-90ff1266 held=503 evicted=372 cpu_covered=372 usage_before=0.4343 usage_after=0.3254
1786477157.844937 R req=s6e1-bfb0bab6
1786477157.918831 S req=s6e1-bfb0bab6 blocks=4
1786477157.990541 L req=s7e1-865d313a cpu_tok=5888 gpu_tok=0
1786477158.065611 req=s4e1-b16c535e held=502 evicted=371 cpu_covered=371 usage_before=0.4339 usage_after=0.3252
1786477158.088462 R req=s7e1-865d313a
1786477158.151989 S req=s7e1-865d313a blocks=3
1786477158.246945 L req=s8e1-91f4c90a cpu_tok=5952 gpu_tok=0
1786477158.247303 S req=s5e1-a20594e7 blocks=1
1786477158.270960 S req=s7e1-865d313a blocks=1
1786477158.299271 S req=s6e1-bfb0bab6 blocks=1
1786477158.322882 R req=s8e1-91f4c90a
1786477158.398008 req=s5e1-a20594e7 held=501 evicted=370 cpu_covered=370 usage_before=0.4361 usage_after=0.3275
1786477158.398267 S req=s8e1-91f4c90a blocks=4
1786477158.540286 L req=s1e1-b3a16e41 cpu_tok=5968 gpu_tok=0
1786477158.592609 req=s6e1-bfb0bab6 held=505 evicted=374 cpu_covered=374 usage_before=0.4361 usage_after=0.3267
1786477158.615483 R req=s1e1-b3a16e41
1786477158.679830 S req=s1e1-b3a16e41 blocks=3
1786477158.703552 S req=s8e1-91f4c90a blocks=1
1786477158.752133 L req=s2e1-9f23d8fd cpu_tok=6000 gpu_tok=0
1786477158.752488 S req=s7e1-865d313a blocks=1
1786477158.828644 req=s7e1-865d313a held=502 evicted=371 cpu_covered=371 usage_before=0.4369 usage_after=0.3282
1786477158.829017 R req=s2e1-9f23d8fd
1786477158.904447 S req=s2e1-9f23d8fd blocks=4
1786477158.928362 S req=s1e1-b3a16e41 blocks=1
1786477159.001020 L req=s3e1-90ff1266 cpu_tok=5984 gpu_tok=0
1786477159.077789 req=s8e1-91f4c90a held=506 evicted=375 cpu_covered=375 usage_before=0.4382 usage_after=0.3286
1786477159.100581 R req=s3e1-90ff1266
1786477159.164993 S req=s3e1-90ff1266 blocks=3
1786477159.261336 L req=s4e1-b16c535e cpu_tok=5968 gpu_tok=0
1786477159.261688 S req=s2e1-9f23d8fd blocks=1
1786477159.261688 S req=s3e1-90ff1266 blocks=1
1786477159.338068 R req=s4e1-b16c535e
1786477159.413757 req=s1e1-b3a16e41 held=506 evicted=376 cpu_covered=376 usage_before=0.4393 usage_after=0.3297
1786477159.414054 S req=s4e1-b16c535e blocks=3
1786477159.437712 S req=s4e1-b16c535e blocks=1
1786477159.510717 L req=s5e1-a20594e7 cpu_tok=5952 gpu_tok=0
1786477159.586535 req=s2e1-9f23d8fd held=509 evicted=378 cpu_covered=378 usage_before=0.4382 usage_after=0.328
1786477159.609279 R req=s5e1-a20594e7
1786477159.672659 S req=s5e1-a20594e7 blocks=3
1786477159.744409 L req=s6e1-bfb0bab6 cpu_tok=6016 gpu_tok=0
1786477159.744861 S req=s3e1-90ff1266 blocks=1
1786477159.820791 R req=s6e1-bfb0bab6
1786477159.895547 req=s3e1-90ff1266 held=508 evicted=377 cpu_covered=377 usage_before=0.4391 usage_after=0.3291
1786477159.895955 S req=s5e1-a20594e7 blocks=1
1786477159.895955 S req=s6e1-bfb0bab6 blocks=3
1786477159.920092 S req=s4e1-b16c535e blocks=1
1786477159.920092 S req=s6e1-bfb0bab6 blocks=1
1786477159.969158 L req=s7e1-865d313a cpu_tok=5968 gpu_tok=0
1786477160.070374 R req=s7e1-865d313a
1786477160.135767 req=s4e1-b16c535e held=507 evicted=376 cpu_covered=376 usage_before=0.4391 usage_after=0.3293
1786477160.136071 S req=s7e1-865d313a blocks=3
1786477160.232536 L req=s8e1-91f4c90a cpu_tok=6032 gpu_tok=0
1786477160.309042 R req=s8e1-91f4c90a
1786477160.385355 S req=s8e1-91f4c90a blocks=4
1786477160.385355 S req=s5e1-a20594e7 blocks=1
1786477160.385355 S req=s7e1-865d313a blocks=1
1786477160.409672 req=s5e1-a20594e7 held=506 evicted=375 cpu_covered=375 usage_before=0.4402 usage_after=0.3308
1786477160.409913 S req=s6e1-bfb0bab6 blocks=1
1786477160.507149 L req=s1e1-b3a16e41 cpu_tok=6032 gpu_tok=0
1786477160.584212 req=s6e1-bfb0bab6 held=510 evicted=379 cpu_covered=379 usage_before=0.4402 usage_after=0.3297
1786477160.584576 R req=s1e1-b3a16e41
1786477160.658878 S req=s1e1-b3a16e41 blocks=4
1786477160.707565 L req=s2e1-9f23d8fd cpu_tok=6080 gpu_tok=0
1786477160.784335 R req=s2e1-9f23d8fd
1786477160.785019 S req=s8e1-91f4c90a blocks=1
1786477160.859444 S req=s2e1-9f23d8fd blocks=4
1786477160.884125 req=s7e1-865d313a held=506 evicted=376 cpu_covered=376 usage_before=0.4422 usage_after=0.3325
1786477160.981469 L req=s3e1-90ff1266 cpu_tok=6064 gpu_tok=0
1786477160.981835 S req=s1e1-b3a16e41 blocks=1
1786477161.082772 req=s8e1-91f4c90a held=511 evicted=380 cpu_covered=380 usage_before=0.4426 usage_after=0.3319
1786477161.083125 R req=s3e1-90ff1266
1786477161.147599 S req=s3e1-90ff1266 blocks=3
1786477161.219977 L req=s4e1-b16c535e cpu_tok=6048 gpu_tok=0
1786477161.296204 R req=s4e1-b16c535e
1786477161.296948 S req=s2e1-9f23d8fd blocks=1
1786477161.361363 S req=s3e1-90ff1266 blocks=1
1786477161.361363 S req=s4e1-b16c535e blocks=3
1786477161.385836 req=s1e1-b3a16e41 held=511 evicted=380 cpu_covered=380 usage_before=0.4437 usage_after=0.333
1786477161.457365 S req=s4e1-b16c535e blocks=1
1786477161.529393 req=s2e1-9f23d8fd held=514 evicted=383 cpu_covered=383 usage_before=0.3332 usage_after=0.2218
1786477161.530857 L req=s5e1-a20594e7 cpu_tok=6032 gpu_tok=0
1786477161.624976 R req=s5e1-a20594e7
1786477161.687570 S req=s5e1-a20594e7 blocks=3
1786477161.712689 L req=s6e1-bfb0bab6 cpu_tok=6096 gpu_tok=0
1786477161.789323 R req=s6e1-bfb0bab6
1786477161.790215 S req=s3e1-90ff1266 blocks=1
1786477161.855452 req=s3e1-90ff1266 held=513 evicted=382 cpu_covered=382 usage_before=0.4435 usage_after=0.3325
1786477161.855746 S req=s6e1-bfb0bab6 blocks=3
1786477161.927882 S req=s4e1-b16c535e blocks=1
1786477161.951835 S req=s6e1-bfb0bab6 blocks=1
1786477161.975695 S req=s5e1-a20594e7 blocks=1
1786477162.000967 L req=s7e1-865d313a cpu_tok=6032 gpu_tok=0
1786477162.025724 req=s4e1-b16c535e held=512 evicted=381 cpu_covered=381 usage_before=0.4424 usage_after=0.3315
1786477162.096743 R req=s7e1-865d313a
1786477162.172135 S req=s7e1-865d313a blocks=4
1786477162.268605 L req=s8e1-91f4c90a cpu_tok=6112 gpu_tok=0
1786477162.345429 R req=s8e1-91f4c90a
1786477162.423246 req=s5e1-a20594e7 held=510 evicted=379 cpu_covered=379 usage_before=0.4439 usage_after=0.3334
1786477162.423579 S req=s8e1-91f4c90a blocks=3
1786477162.447326 S req=s8e1-91f4c90a blocks=1
1786477162.447326 S req=s6e1-bfb0bab6 blocks=1
1786477162.494587 S req=s7e1-865d313a blocks=1
1786477162.542790 req=s6e1-bfb0bab6 held=515 evicted=384 cpu_covered=384 usage_before=0.3341 usage_after=0.2225
1786477162.589584 L req=s1e1-b3a16e41 cpu_tok=6112 gpu_tok=0
1786477162.686129 R req=s1e1-b3a16e41
1786477162.763140 L req=s2e1-9f23d8fd cpu_tok=6160 gpu_tok=0
1786477162.763644 S req=s1e1-b3a16e41 blocks=4
1786477162.839931 R req=s2e1-9f23d8fd
1786477162.902625 req=s7e1-865d313a held=511 evicted=380 cpu_covered=380 usage_before=0.4461 usage_after=0.3354
1786477162.902908 S req=s2e1-9f23d8fd blocks=3
1786477162.926875 S req=s8e1-91f4c90a blocks=1
1786477162.974568 S req=s2e1-9f23d8fd blocks=1
1786477163.023750 L req=s3e1-90ff1266 cpu_tok=6144 gpu_tok=0
1786477163.100794 req=s8e1-91f4c90a held=516 evicted=385 cpu_covered=385 usage_before=0.4467 usage_after=0.3349
1786477163.101131 R req=s3e1-90ff1266
1786477163.163327 S req=s3e1-90ff1266 blocks=3
1786477163.187003 S req=s1e1-b3a16e41 blocks=1
1786477163.259428 L req=s4e1-b16c535e cpu_tok=6128 gpu_tok=0
1786477163.335840 R req=s4e1-b16c535e
1786477163.400612 S req=s4e1-b16c535e blocks=3
1786477163.448305 S req=s2e1-9f23d8fd blocks=1
1786477163.448305 S req=s3e1-90ff1266 blocks=1
1786477163.472634 req=s1e1-b3a16e41 held=516 evicted=385 cpu_covered=385 usage_before=0.448 usage_after=0.3362
1786477163.521744 L req=s5e1-a20594e7 cpu_tok=6096 gpu_tok=0
1786477163.575679 req=s2e1-9f23d8fd held=519 evicted=388 cpu_covered=388 usage_before=0.4465 usage_after=0.3341
1786477163.575896 S req=s4e1-b16c535e blocks=1
1786477163.620841 R req=s5e1-a20594e7
1786477163.695132 S req=s5e1-a20594e7 blocks=4
1786477163.720056 L req=s6e1-bfb0bab6 cpu_tok=6176 gpu_tok=0
1786477163.799117 R req=s6e1-bfb0bab6
1786477163.863515 S req=s6e1-bfb0bab6 blocks=3
1786477163.887953 req=s3e1-90ff1266 held=517 evicted=386 cpu_covered=386 usage_before=0.4476 usage_after=0.3356
1786477164.008438 L req=s7e1-865d313a cpu_tok=6112 gpu_tok=0
1786477164.032615 S req=s6e1-bfb0bab6 blocks=1
1786477164.061952 S req=s4e1-b16c535e blocks=1
1786477164.061952 S req=s5e1-a20594e7 blocks=1
1786477164.086138 req=s4e1-b16c535e held=517 evicted=386 cpu_covered=386 usage_before=0.4467 usage_after=0.3349
1786477164.108882 R req=s7e1-865d313a
1786477164.183335 S req=s7e1-865d313a blocks=4
1786477164.256665 L req=s8e1-91f4c90a cpu_tok=6192 gpu_tok=0
1786477164.333235 R req=s8e1-91f4c90a
1786477164.398276 S req=s8e1-91f4c90a blocks=3
1786477164.422711 req=s5e1-a20594e7 held=515 evicted=384 cpu_covered=384 usage_before=0.4482 usage_after=0.3367
1786477164.495683 L req=s1e1-b3a16e41 cpu_tok=6192 gpu_tok=0
1786477164.496006 S req=s8e1-91f4c90a blocks=1
1786477164.519871 S req=s6e1-bfb0bab6 blocks=1
1786477164.549703 req=s6e1-bfb0bab6 held=520 evicted=389 cpu_covered=389 usage_before=0.4487 usage_after=0.3362
1786477164.572541 S req=s7e1-865d313a blocks=1
1786477164.595163 R req=s1e1-b3a16e41
1786477164.670555 S req=s1e1-b3a16e41 blocks=3
1786477164.694206 S req=s1e1-b3a16e41 blocks=1
1786477164.719168 L req=s2e1-9f23d8fd cpu_tok=6240 gpu_tok=0
1786477164.796420 R req=s2e1-9f23d8fd
1786477164.861995 S req=s2e1-9f23d8fd blocks=3
1786477164.910625 req=s7e1-865d313a held=516 evicted=385 cpu_covered=385 usage_before=0.4504 usage_after=0.3386
1786477164.983775 L req=s3e1-90ff1266 cpu_tok=6208 gpu_tok=0
1786477164.984274 S req=s8e1-91f4c90a blocks=1
1786477165.007976 S req=s2e1-9f23d8fd blocks=1
1786477165.061539 R req=s3e1-90ff1266
1786477165.137425 req=s8e1-91f4c90a held=521 evicted=390 cpu_covered=390 usage_before=0.4519 usage_after=0.339
1786477165.137684 S req=s3e1-90ff1266 blocks=4
1786477165.185174 S req=s1e1-b3a16e41 blocks=1
1786477165.210111 L req=s4e1-b16c535e cpu_tok=6208 gpu_tok=0
1786477165.286786 R req=s4e1-b16c535e
1786477165.351326 S req=s4e1-b16c535e blocks=3
1786477165.401789 req=s1e1-b3a16e41 held=521 evicted=390 cpu_covered=390 usage_before=0.4519 usage_after=0.339
1786477165.498531 L req=s5e1-a20594e7 cpu_tok=6176 gpu_tok=0
1786477165.498875 S req=s2e1-9f23d8fd blocks=1
1786477165.498875 S req=s3e1-90ff1266 blocks=1
1786477165.552615 req=s2e1-9f23d8fd held=524 evicted=393 cpu_covered=393 usage_before=0.4508 usage_after=0.3375
1786477165.598013 R req=s5e1-a20594e7
1786477165.598610 S req=s4e1-b16c535e blocks=1
1786477165.673685 S req=s5e1-a20594e7 blocks=4
1786477165.769605 L req=s6e1-bfb0bab6 cpu_tok=6256 gpu_tok=0
1786477165.823360 req=s3e1-90ff1266 held=522 evicted=391 cpu_covered=391 usage_before=0.4511 usage_after=0.338
1786477165.846074 R req=s6e1-bfb0bab6
1786477165.908676 S req=s6e1-bfb0bab6 blocks=3
1786477166.005342 L req=s7e1-865d313a cpu_tok=6192 gpu_tok=0
1786477166.029971 req=s4e1-b16c535e held=521 evicted=390 cpu_covered=390 usage_before=0.4504 usage_after=0.3375
1786477166.101918 R req=s7e1-865d313a
1786477166.102575 S req=s5e1-a20594e7 blocks=1
1786477166.177071 S req=s7e1-865d313a blocks=3
1786477166.200587 S req=s6e1-bfb0bab6 blocks=1
1786477166.200587 S req=s7e1-865d313a blocks=1
1786477166.272619 L req=s8e1-91f4c90a cpu_tok=6272 gpu_tok=0
1786477166.349871 req=s5e1-a20594e7 held=520 evicted=389 cpu_covered=389 usage_before=0.4517 usage_after=0.339
1786477166.350235 R req=s8e1-91f4c90a
1786477166.414890 S req=s8e1-91f4c90a blocks=3
1786477166.510930 L req=s1e1-b3a16e41 cpu_tok=6272 gpu_tok=0
1786477166.589571 req=s6e1-bfb0bab6 held=524 evicted=393 cpu_covered=393 usage_before=0.4526 usage_after=0.339
1786477166.589804 S req=s8e1-91f4c90a blocks=1
1786477166.612504 R req=s1e1-b3a16e41
1786477166.677775 S req=s1e1-b3a16e41 blocks=3
1786477166.677775 S req=s7e1-865d313a blocks=1
1786477166.772533 S req=s1e1-b3a16e41 blocks=1
1786477166.797518 L req=s2e1-9f23d8fd cpu_tok=6320 gpu_tok=0
1786477166.851351 req=s7e1-865d313a held=521 evicted=390 cpu_covered=390 usage_before=0.4539 usage_after=0.341
1786477166.874107 R req=s2e1-9f23d8fd
1786477166.939576 S req=s2e1-9f23d8fd blocks=3
1786477167.011960 L req=s3e1-90ff1266 cpu_tok=6288 gpu_tok=0
1786477167.065201 S req=s8e1-91f4c90a blocks=1
1786477167.089372 req=s8e1-91f4c90a held=526 evicted=395 cpu_covered=395 usage_before=0.455 usage_after=0.3412
1786477167.089715 R req=s3e1-90ff1266
1786477167.165002 S req=s3e1-90ff1266 blocks=4
1786477167.212760 S req=s2e1-9f23d8fd blocks=1
1786477167.260057 S req=s1e1-b3a16e41 blocks=1
1786477167.285261 L req=s4e1-b16c535e cpu_tok=6272 gpu_tok=0
1786477167.362382 req=s1e1-b3a16e41 held=526 evicted=395 cpu_covered=395 usage_before=0.4552 usage_after=0.3412
1786477167.362724 R req=s4e1-b16c535e
1786477167.438861 S req=s4e1-b16c535e blocks=4
1786477167.487470 L req=s5e1-a20594e7 cpu_tok=6256 gpu_tok=0
1786477167.588081 R req=s5e1-a20594e7
1786477167.650515 S req=s3e1-90ff1266 blocks=1
1786477167.650515 S req=s5e1-a20594e7 blocks=3
1786477167.675007 req=s2e1-9f23d8fd held=528 evicted=397 cpu_covered=397 usage_before=0.4558 usage_after=0.3414
1786477167.723038 S req=s5e1-a20594e7 blocks=1
1786477167.748242 L req=s6e1-bfb0bab6 cpu_tok=6320 gpu_tok=0
1786477167.804476 S req=s4e1-b16c535e blocks=1
1786477167.828364 R req=s6e1-bfb0bab6
1786477167.904167 req=s3e1-90ff1266 held=527 evicted=396 cpu_covered=396 usage_before=0.4563 usage_after=0.3421
1786477167.904440 S req=s6e1-bfb0bab6 blocks=4
1786477168.000967 L req=s7e1-865d313a cpu_tok=6272 gpu_tok=0
1786477168.102011 R req=s7e1-865d313a
1786477168.167542 req=s4e1-b16c535e held=526 evicted=395 cpu_covered=395 usage_before=0.4556 usage_after=0.3417
1786477168.167815 S req=s7e1-865d313a blocks=3
1786477168.215638 S req=s5e1-a20594e7 blocks=1
1786477168.263272 S req=s6e1-bfb0bab6 blocks=1
1786477168.263272 S req=s7e1-865d313a blocks=1
1786477168.288361 L req=s8e1-91f4c90a cpu_tok=6352 gpu_tok=0
1786477168.343261 req=s5e1-a20594e7 held=525 evicted=394 cpu_covered=394 usage_before=0.456 usage_after=0.3423
1786477168.388281 R req=s8e1-91f4c90a
1786477168.451061 S req=s8e1-91f4c90a blocks=3
1786477168.499803 L req=s1e1-b3a16e41 cpu_tok=6352 gpu_tok=0
1786477168.578288 req=s6e1-bfb0bab6 held=529 evicted=398 cpu_covered=398 usage_before=0.4569 usage_after=0.3423
1786477168.601144 R req=s1e1-b3a16e41
1786477168.665791 S req=s1e1-b3a16e41 blocks=3
1786477168.736809 S req=s8e1-91f4c90a blocks=1
1786477168.736809 S req=s7e1-865d313a blocks=1
1786477168.761959 L req=s2e1-9f23d8fd cpu_tok=6384 gpu_tok=0
1786477168.840575 req=s7e1-865d313a held=526 evicted=395 cpu_covered=395 usage_before=0.4578 usage_after=0.3438
1786477168.840938 R req=s2e1-9f23d8fd
1786477168.841462 S req=s1e1-b3a16e41 blocks=1
1786477168.917298 S req=s2e1-9f23d8fd blocks=4
1786477169.013278 L req=s3e1-90ff1266 cpu_tok=6368 gpu_tok=0
1786477169.092354 R req=s3e1-90ff1266
1786477169.156404 S req=s3e1-90ff1266 blocks=3
1786477169.180930 req=s8e1-91f4c90a held=530 evicted=399 cpu_covered=399 usage_before=0.46 usage_after=0.3451
1786477169.228966 S req=s3e1-90ff1266 blocks=1
1786477169.252781 S req=s2e1-9f23d8fd blocks=1
1786477169.301614 L req=s4e1-b16c535e cpu_tok=6352 gpu_tok=0
1786477169.325914 S req=s1e1-b3a16e41 blocks=1
1786477169.355735 req=s1e1-b3a16e41 held=531 evicted=400 cpu_covered=400 usage_before=0.4595 usage_after=0.3447
1786477169.378558 R req=s4e1-b16c535e
1786477169.453794 S req=s4e1-b16c535e blocks=4
1786477169.502506 L req=s5e1-a20594e7 cpu_tok=6336 gpu_tok=0
1786477169.604598 req=s2e1-9f23d8fd held=533 evicted=402 cpu_covered=402 usage_before=0.4591 usage_after=0.3436
1786477169.604935 R req=s5e1-a20594e7
1786477169.670238 S req=s5e1-a20594e7 blocks=3
1786477169.717731 S req=s3e1-90ff1266 blocks=1
1786477169.790287 L req=s6e1-bfb0bab6 cpu_tok=6400 gpu_tok=0
1786477169.814539 S req=s5e1-a20594e7 blocks=1
1786477169.845957 req=s3e1-90ff1266 held=532 evicted=401 cpu_covered=401 usage_before=0.4593 usage_after=0.344
1786477169.868652 R req=s6e1-bfb0bab6
1786477169.944376 S req=s4e1-b16c535e blocks=1
1786477169.944376 S req=s6e1-bfb0bab6 blocks=4
1786477170.017441 L req=s7e1-865d313a cpu_tok=6352 gpu_tok=0
1786477170.119363 R req=s7e1-865d313a
1786477170.186288 req=s4e1-b16c535e held=531 evicted=400 cpu_covered=400 usage_before=0.46 usage_after=0.3449
1786477170.186575 S req=s7e1-865d313a blocks=3
1786477170.307292 L req=s8e1-91f4c90a cpu_tok=6416 gpu_tok=0
1786477170.307645 S req=s5e1-a20594e7 blocks=1
1786477170.364085 req=s5e1-a20594e7 held=530 evicted=399 cpu_covered=399 usage_before=0.4597 usage_after=0.3451
1786477170.364334 S req=s7e1-865d313a blocks=1
1786477170.388565 R req=s8e1-91f4c90a
1786477170.389073 S req=s6e1-bfb0bab6 blocks=1
1786477170.464213 S req=s8e1-91f4c90a blocks=4
1786477170.512608 L req=s1e1-b3a16e41 cpu_tok=6432 gpu_tok=0
1786477170.614749 R req=s1e1-b3a16e41
1786477170.680442 req=s6e1-bfb0bab6 held=534 evicted=403 cpu_covered=403 usage_before=0.4621 usage_after=0.3464
1786477170.680715 S req=s1e1-b3a16e41 blocks=3
1786477170.753515 L req=s2e1-9f23d8fd cpu_tok=6464 gpu_tok=0
1786477170.831143 R req=s2e1-9f23d8fd
1786477170.831795 S req=s8e1-91f4c90a blocks=1
1786477170.906964 S req=s2e1-9f23d8fd blocks=4
1786477170.906964 S req=s7e1-865d313a blocks=1
1786477170.931227 req=s7e1-865d313a held=531 evicted=400 cpu_covered=400 usage_before=0.4632 usage_after=0.3484
1786477170.978872 S req=s1e1-b3a16e41 blocks=1
1786477171.004944 L req=s3e1-90ff1266 cpu_tok=6448 gpu_tok=0
1786477171.106511 R req=s3e1-90ff1266
1786477171.171593 S req=s3e1-90ff1266 blocks=3
1786477171.196037 req=s8e1-91f4c90a held=535 evicted=404 cpu_covered=404 usage_before=0.4643 usage_after=0.3484
1786477171.268775 L req=s4e1-b16c535e cpu_tok=6432 gpu_tok=0
1786477171.324847 S req=s2e1-9f23d8fd blocks=1
1786477171.324847 S req=s3e1-90ff1266 blocks=1
1786477171.348680 R req=s4e1-b16c535e
1786477171.413508 req=s1e1-b3a16e41 held=535 evicted=404 cpu_covered=404 usage_before=0.4645 usage_after=0.3486
1786477171.413766 S req=s4e1-b16c535e blocks=3
1786477171.485336 S req=s4e1-b16c535e blocks=1
1786477171.510867 L req=s5e1-a20594e7 cpu_tok=6416 gpu_tok=0
1786477171.589518 req=s2e1-9f23d8fd held=538 evicted=407 cpu_covered=407 usage_before=0.4634 usage_after=0.3469
1786477171.589847 R req=s5e1-a20594e7
1786477171.654857 S req=s5e1-a20594e7 blocks=3
1786477171.774842 L req=s6e1-bfb0bab6 cpu_tok=6480 gpu_tok=0
1786477171.799149 S req=s3e1-90ff1266 blocks=1
1786477171.853893 req=s3e1-90ff1266 held=537 evicted=406 cpu_covered=406 usage_before=0.4634 usage_after=0.3473
1786477171.854298 R req=s6e1-bfb0bab6
1786477171.920037 S req=s5e1-a20594e7 blocks=1
1786477171.920037 S req=s6e1-bfb0bab6 blocks=3
1786477171.967600 S req=s4e1-b16c535e blocks=1
1786477171.991320 S req=s6e1-bfb0bab6 blocks=1
1786477172.016518 L req=s7e1-865d313a cpu_tok=6432 gpu_tok=0
1786477172.096462 req=s4e1-b16c535e held=536 evicted=405 cpu_covered=405 usage_before=0.4634 usage_after=0.3473
1786477172.119421 R req=s7e1-865d313a
1786477172.183304 S req=s7e1-865d313a blocks=3
1786477172.255785 L req=s8e1-91f4c90a cpu_tok=6496 gpu_tok=0
1786477172.334976 req=s5e1-a20594e7 held=534 evicted=403 cpu_covered=403 usage_before=0.4639 usage_after=0.3482
1786477172.335329 R req=s8e1-91f4c90a
1786477172.410964 S req=s8e1-91f4c90a blocks=4
1786477172.481644 S req=s6e1-bfb0bab6 blocks=1
1786477172.481644 S req=s7e1-865d313a blocks=1
1786477172.506681 L req=s1e1-b3a16e41 cpu_tok=6496 gpu_tok=0
1786477172.608632 req=s6e1-bfb0bab6 held=539 evicted=408 cpu_covered=408 usage_before=0.4654 usage_after=0.3486
1786477172.608965 R req=s1e1-b3a16e41
1786477172.684682 S req=s1e1-b3a16e41 blocks=4
1786477172.780699 L req=s2e1-9f23d8fd cpu_tok=6544 gpu_tok=0
1786477172.858747 R req=s2e1-9f23d8fd
1786477172.859402 S req=s8e1-91f4c90a blocks=1
1786477172.934779 req=s7e1-865d313a held=535 evicted=404 cpu_covered=404 usage_before=0.4671 usage_after=0.3512
1786477172.935014 S req=s2e1-9f23d8fd blocks=3
1786477172.982183 S req=s2e1-9f23d8fd blocks=1
1786477173.007265 L req=s3e1-90ff1266 cpu_tok=6528 gpu_tok=0
1786477173.061452 S req=s1e1-b3a16e41 blocks=1
1786477173.109163 req=s8e1-91f4c90a held=540 evicted=409 cpu_covered=409 usage_before=0.4678 usage_after=0.3508
1786477173.109500 R req=s3e1-90ff1266
1786477173.174683 S req=s3e1-90ff1266 blocks=3
1786477173.247013 L req=s4e1-b16c535e cpu_tok=6512 gpu_tok=0
1786477173.325026 R req=s4e1-b16c535e
1786477173.390878 S req=s4e1-b16c535e blocks=3
1786477173.415198 req=s1e1-b3a16e41 held=540 evicted=409 cpu_covered=409 usage_before=0.4684 usage_after=0.3514
1786477173.439338 S req=s3e1-90ff1266 blocks=1
1786477173.463061 S req=s2e1-9f23d8fd blocks=1
1786477173.511837 L req=s5e1-a20594e7 cpu_tok=6480 gpu_tok=0
1786477173.535895 S req=s4e1-b16c535e blocks=1
1786477173.613763 req=s2e1-9f23d8fd held=543 evicted=412 cpu_covered=412 usage_before=0.4675 usage_after=0.3499
1786477173.614110 R req=s5e1-a20594e7
1786477173.689652 S req=s5e1-a20594e7 blocks=4
1786477173.785697 L req=s6e1-bfb0bab6 cpu_tok=6560 gpu_tok=0
1786477173.864896 req=s3e1-90ff1266 held=541 evicted=410 cpu_covered=410 usage_before=0.4675 usage_after=0.3503
1786477173.865267 R req=s6e1-bfb0bab6
1786477173.930631 S req=s6e1-bfb0bab6 blocks=3
1786477174.003330 L req=s7e1-865d313a cpu_tok=6496 gpu_tok=0
1786477174.027550 S req=s4e1-b16c535e blocks=1
1786477174.027550 S req=s5e1-a20594e7 blocks=1
1786477174.081633 req=s4e1-b16c535e held=541 evicted=410 cpu_covered=410 usage_before=0.4673 usage_after=0.3503
1786477174.082010 R req=s7e1-865d313a
1786477174.082666 S req=s6e1-bfb0bab6 blocks=1
1786477174.152197 S req=s7e1-865d313a blocks=3
1786477174.199943 S req=s7e1-865d313a blocks=1
1786477174.272488 L req=s8e1-91f4c90a cpu_tok=6576 gpu_tok=0
1786477174.350752 R req=s8e1-91f4c90a
1786477174.420299 req=s5e1-a20594e7 held=539 evicted=408 cpu_covered=408 usage_before=0.4691 usage_after=0.3523
1786477174.420570 S req=s8e1-91f4c90a blocks=3
1786477174.541343 L req=s1e1-b3a16e41 cpu_tok=6576 gpu_tok=0
1786477174.565458 S req=s6e1-bfb0bab6 blocks=1
1786477174.620084 req=s6e1-bfb0bab6 held=544 evicted=413 cpu_covered=413 usage_before=0.4693 usage_after=0.3516
1786477174.642936 R req=s1e1-b3a16e41
1786477174.643482 S req=s7e1-865d313a blocks=1
1786477174.712435 S req=s1e1-b3a16e41 blocks=2
1786477174.736342 S req=s1e1-b3a16e41 blocks=1
1786477174.808884 L req=s2e1-9f23d8fd cpu_tok=6624 gpu_tok=0
1786477174.809257 S req=s8e1-91f4c90a blocks=1
1786477174.833681 req=s7e1-865d313a held=540 evicted=409 cpu_covered=409 usage_before=0.4702 usage_after=0.3532
1786477174.885207 R req=s2e1-9f23d8fd
1786477174.953362 S req=s2e1-9f23d8fd blocks=2
1786477175.025701 L req=s3e1-90ff1266 cpu_tok=6592 gpu_tok=0
1786477175.104336 req=s8e1-91f4c90a held=544 evicted=413 cpu_covered=413 usage_before=0.4708 usage_after=0.3529
1786477175.127120 R req=s3e1-90ff1266
1786477175.195170 S req=s3e1-90ff1266 blocks=2
1786477175.218747 S req=s1e1-b3a16e41 blocks=1
1786477175.290893 L req=s4e1-b16c535e cpu_tok=6592 gpu_tok=0
1786477175.291245 S req=s2e1-9f23d8fd blocks=1
1786477175.369306 R req=s4e1-b16c535e
1786477175.437371 req=s1e1-b3a16e41 held=544 evicted=413 cpu_covered=413 usage_before=0.4715 usage_after=0.3536
1786477175.437629 S req=s4e1-b16c535e blocks=1
1786477175.485052 S req=s3e1-90ff1266 blocks=1
1786477175.510126 L req=s5e1-a20594e7 cpu_tok=6560 gpu_tok=0
1786477175.612345 R req=s5e1-a20594e7
1786477175.683443 req=s2e1-9f23d8fd held=546 evicted=415 cpu_covered=415 usage_before=0.4708 usage_after=0.3525
1786477175.683793 S req=s5e1-a20594e7 blocks=1
1786477175.803954 S req=s4e1-b16c535e blocks=1
1786477175.853732 L req=s6e1-bfb0bab6 cpu_tok=6640 gpu_tok=0
1786477175.878882 req=s3e1-90ff1266 held=544 evicted=413 cpu_covered=413 usage_before=0.4704 usage_after=0.3525
1786477175.908235 S req=s5e1-a20594e7 blocks=1
1786477175.931201 R req=s6e1-bfb0bab6
1786477176.131322 req=s4e1-b16c535e held=543 evicted=412 cpu_covered=412 usage_before=0.3529 usage_after=0.2353
1786477176.222842 S req=s6e1-bfb0bab6 blocks=1
