C 0.000 1786477005.662266
P 34.497 1000000000
SEED 34.546 1000000000 4096
IQ 34.546 1000000000
IS 34.547 1000000000
IE 34.561 1000000000
IR 34.562 1000000000
IA 34.562 1000000000
F 34.562 1000000000 1
IQ 34.562 1000000000
IS 34.562 1000000000
IE 34.947 1000000000
IR 34.947 1000000000
IA 34.953 1000000000
T 35.529 1000000000 1 4165 1
T 35.819 1000000000 2 4165 1
T 35.842 1000000000 3 4165 1
T 35.863 1000000000 4 4165 1
T 35.884 1000000000 5 4165 1
T 35.906 1000000000 6 4165 1
T 35.926 1000000000 7 4165 1
T 35.947 1000000000 8 4165 1
T 35.969 1000000000 9 4165 1
T 35.990 1000000000 10 4165 1
T 36.022 1000000000 11 4165 1
T 36.032 1000000000 12 4165 1
T 36.052 1000000000 13 4165 1
T 36.074 1000000000 14 4165 1
T 36.095 1000000000 15 4165 1
T 36.116 1000000000 16 4165 1
T 36.137 1000000000 17 4165 1
T 36.158 1000000000 18 4165 1
T 36.179 1000000000 19 4165 1
T 36.200 1000000000 20 4165 1
T 36.221 1000000000 21 4165 1
T 36.243 1000000000 22 4165 1
T 36.264 1000000000 23 4165 1
T 36.285 1000000000 24 4165 1
T 36.306 1000000000 25 4165 1
T 36.327 1000000000 26 4165 1
P 48.314 8
SEED 48.320 8 4096
IQ 48.320 8
IS 48.320 8
IE 48.332 8
IR 48.332 8
IA 48.333 8
F 48.333 8 1
IQ 48.333 8
IS 48.333 8
P 48.564 1
SEED 48.570 1 4096
IQ 48.570 1
IS 48.571 1
IE 48.585 1
IR 48.585 1
IA 48.586 1
F 48.586 1 1
IQ 48.586 1
IS 48.586 1
IE 48.716 8
IR 48.716 8
IA 48.718 8
P 48.814 2
SEED 48.819 2 4096
IQ 48.819 2
IS 48.819 2
IE 48.830 2
IR 48.831 2
IA 48.831 2
F 48.831 2 1
IQ 48.831 2
IS 48.832 2
IE 48.990 1
IR 48.990 1
IA 48.991 1
P 49.067 3
SEED 49.072 3 4096
IQ 49.072 3
IS 49.073 3
IE 49.081 3
IR 49.081 3
IA 49.082 3
F 49.082 3 1
IQ 49.082 3
IS 49.082 3
IE 49.160 2
IR 49.161 2
IA 49.162 2
T 49.218 8 1 4065 1
P 49.315 4
SEED 49.321 4 4096
IQ 49.321 4
IS 49.321 4
IE 49.332 4
IR 49.332 4
IA 49.333 4
F 49.333 4 1
IQ 49.333 4
IS 49.334 4
IE 49.378 3
IR 49.378 3
IA 49.380 3
P 49.567 5
SEED 49.573 5 4096
IQ 49.574 5
IS 49.574 5
IE 49.582 5
IR 49.583 5
IA 49.584 5
F 49.584 5 1
IQ 49.584 5
IS 49.584 5
IE 49.606 4
IR 49.606 4
IA 49.608 4
P 49.815 6
SEED 49.821 6 4096
IQ 49.821 6
IS 49.821 6
IE 49.832 6
IR 49.833 6
IA 49.833 6
F 49.834 6 1
IQ 49.834 6
IS 49.834 6
IE 49.894 5
IR 49.894 5
IA 49.896 5
P 50.065 7
SEED 50.071 7 4096
IQ 50.072 7
IS 50.072 7
IE 50.082 7
IR 50.082 7
IA 50.083 7
F 50.083 7 1
IQ 50.083 7
IS 50.084 7
T 50.129 1 1 4068 1
T 50.129 8 2 4065 1
IE 50.187 6
IR 50.187 6
IA 50.189 6
P 50.314 8
F 50.315 8 2
IQ 50.315 8
IS 50.316 8
IE 50.386 7
IR 50.387 7
IA 50.388 7
T 50.536 8 3 4065 2
P 50.564 1
F 50.565 1 2
IQ 50.565 1
IS 50.565 1
IE 50.651 8
IR 50.651 8
IA 50.653 8
P 50.814 2
F 50.814 2 2
IQ 50.814 2
IS 50.815 2
IE 50.852 1
IR 50.852 1
IA 50.853 1
T 51.001 8 4 4065 2
T 51.001 2 1 4111 2
P 51.068 3
F 51.069 3 2
IQ 51.069 3
IS 51.069 3
IE 51.103 2
IR 51.103 2
IA 51.105 2
P 51.313 4
F 51.314 4 2
IQ 51.314 4
IS 51.315 4
IE 51.365 3
IR 51.365 3
IA 51.367 3
T 51.412 8 5 4065 2
P 51.564 5
F 51.564 5 2
IQ 51.565 5
IS 51.565 5
IE 51.608 4
IR 51.609 4
IA 51.610 4
P 51.813 6
F 51.814 6 2
IQ 51.814 6
IS 51.815 6
IE 51.838 5
IR 51.838 5
IA 51.840 5
T 51.875 8 6 4065 2
T 51.875 3 1 4088 2
P 52.064 7
F 52.064 7 2
IQ 52.065 7
IS 52.065 7
IE 52.122 6
IR 52.122 6
IA 52.124 6
T 52.290 8 7 4065 2
P 52.314 8
F 52.314 8 3
IQ 52.314 8
IS 52.315 8
IE 52.367 7
IR 52.367 7
IA 52.369 7
P 52.563 1
F 52.563 1 3
IQ 52.564 1
IS 52.564 1
IE 52.615 8
IR 52.615 8
IA 52.617 8
T 52.748 8 8 4065 3
T 52.748 4 1 4075 2
P 52.813 2
F 52.814 2 3
IQ 52.814 2
IS 52.814 2
IE 52.866 1
IR 52.866 1
IA 52.868 1
P 53.063 3
F 53.063 3 3
IQ 53.064 3
IS 53.064 3
IE 53.127 2
IR 53.127 2
IA 53.129 2
T 53.168 8 9 4065 3
P 53.314 4
F 53.314 4 3
IQ 53.315 4
IS 53.315 4
IE 53.361 3
IR 53.361 3
IA 53.363 3
P 53.564 5
F 53.565 5 3
IQ 53.565 5
IS 53.565 5
IE 53.595 4
IR 53.595 4
IA 53.597 4
T 53.646 8 10 4065 3
T 53.646 5 1 4053 3
T 53.646 1 2 4068 3
P 53.813 6
F 53.813 6 3
IQ 53.813 6
IS 53.814 6
IE 53.839 5
IR 53.840 5
IA 53.841 5
P 54.064 7
F 54.065 7 3
IQ 54.065 7
IS 54.066 7
T 54.072 8 11 4065 3
T 54.072 1 3 4068 3
IE 54.105 6
IR 54.106 6
IA 54.107 6
P 54.313 8
F 54.314 8 4
IQ 54.314 8
IS 54.315 8
IE 54.349 7
IR 54.350 7
IA 54.351 7
T 54.529 8 12 4065 4
T 54.529 1 4 4068 3
T 54.529 6 1 4123 3
P 54.563 1
F 54.564 1 4
IQ 54.564 1
IS 54.565 1
IE 54.607 8
IR 54.607 8
IA 54.609 8
P 54.814 2
F 54.815 2 4
IQ 54.815 2
IS 54.815 2
IE 54.835 1
IR 54.835 1
IA 54.837 1
T 54.953 8 13 4065 4
T 54.953 1 5 4068 4
P 55.063 3
F 55.064 3 4
IQ 55.064 3
IS 55.065 3
IE 55.104 2
IR 55.127 2
IA 55.128 2
P 55.313 4
F 55.314 4 4
IQ 55.314 4
IS 55.315 4
IE 55.355 3
IR 55.355 3
IA 55.357 3
T 55.411 8 14 4065 4
T 55.411 1 6 4068 4
T 55.411 7 1 4068 3
T 55.411 2 2 4111 4
T 55.411 3 2 4088 4
T 55.411 4 2 4075 4
T 55.411 5 2 4053 3
T 55.411 6 2 4123 3
T 55.469 8 15 4065 4
T 55.469 1 7 4068 4
T 55.469 2 3 4111 4
T 55.470 3 3 4088 4
T 55.470 4 3 4075 4
T 55.470 5 3 4053 3
T 55.470 6 3 4123 3
T 55.470 7 2 4068 3
T 55.495 8 16 4065 4
T 55.495 1 8 4068 4
T 55.495 2 4 4111 4
T 55.495 3 4 4088 4
T 55.495 4 4 4075 4
T 55.495 5 4 4053 3
T 55.495 6 4 4123 3
T 55.495 7 3 4068 3
T 55.519 8 17 4065 4
T 55.519 1 9 4068 4
T 55.519 2 5 4111 4
T 55.519 3 5 4088 4
T 55.519 4 5 4075 4
T 55.519 5 5 4053 3
T 55.519 6 5 4123 3
T 55.519 7 4 4068 3
T 55.543 8 18 4065 4
T 55.543 1 10 4068 4
T 55.543 2 6 4111 4
T 55.543 3 6 4088 4
T 55.543 4 6 4075 4
T 55.543 5 6 4053 3
T 55.543 6 6 4123 3
T 55.543 7 5 4068 3
P 55.564 5
F 55.564 5 4
IQ 55.565 5
IS 55.565 5
T 55.567 8 19 4065 4
T 55.568 1 11 4068 4
T 55.568 2 7 4111 4
T 55.568 3 7 4088 4
T 55.568 4 7 4075 4
T 55.568 5 7 4053 4
T 55.568 6 7 4123 3
T 55.568 7 6 4068 3
T 55.591 8 20 4065 4
T 55.591 1 12 4068 4
T 55.592 2 8 4111 4
T 55.592 3 8 4088 4
T 55.592 4 8 4075 4
T 55.592 5 8 4053 4
T 55.592 6 8 4123 3
T 55.592 7 7 4068 3
IE 55.593 4
IR 55.594 4
IA 55.595 4
T 55.615 8 21 4065 4
T 55.615 1 13 4068 4
T 55.616 2 9 4111 4
T 55.616 3 9 4088 4
T 55.616 4 9 4075 4
T 55.616 5 9 4053 4
T 55.616 6 9 4123 3
T 55.616 7 8 4068 3
T 55.640 8 22 4065 4
T 55.640 1 14 4068 4
T 55.640 2 10 4111 4
T 55.640 3 10 4088 4
T 55.640 4 10 4075 4
T 55.640 5 10 4053 4
T 55.640 6 10 4123 3
T 55.640 7 9 4068 3
T 55.664 8 23 4065 4
T 55.664 1 15 4068 4
T 55.664 2 11 4111 4
T 55.664 3 11 4088 4
T 55.664 4 11 4075 4
T 55.664 5 11 4053 4
T 55.664 6 11 4123 3
T 55.664 7 10 4068 3
T 55.688 8 24 4065 4
T 55.688 1 16 4068 4
T 55.688 2 12 4111 4
T 55.688 3 12 4088 4
T 55.688 4 12 4075 4
T 55.688 5 12 4053 4
T 55.688 6 12 4123 3
T 55.688 7 11 4068 3
T 55.712 8 25 4065 4
T 55.712 1 17 4068 4
T 55.712 2 13 4111 4
T 55.712 3 13 4088 4
T 55.712 4 13 4075 4
T 55.712 5 13 4053 4
T 55.712 6 13 4123 3
T 55.712 7 12 4068 3
T 55.736 8 26 4118 4
T 55.736 1 18 4068 4
T 55.737 2 14 4111 4
T 55.737 3 14 4088 4
T 55.737 4 14 4075 4
T 55.737 5 14 4053 4
T 55.737 6 14 4123 3
T 55.737 7 13 4068 3
P 55.814 6
F 55.814 6 4
IQ 55.814 6
IS 55.815 6
T 55.834 1 19 4068 4
T 55.834 2 15 4111 4
T 55.834 3 15 4088 4
T 55.834 4 15 4075 4
T 55.834 5 15 4053 4
T 55.834 6 15 4123 4
T 55.834 7 14 4068 3
T 55.834 8 27 4118 4
T 55.859 1 20 4068 4
T 55.859 2 16 4111 4
T 55.859 3 16 4088 4
T 55.859 4 16 4075 4
T 55.859 5 16 4053 4
T 55.859 6 16 4123 4
T 55.859 7 15 4068 3
T 55.859 8 28 4118 4
IE 55.867 5
IR 55.868 5
IA 55.869 5
T 55.883 1 21 4068 4
T 55.883 2 17 4111 4
T 55.883 3 17 4088 4
T 55.883 4 17 4075 4
T 55.883 5 17 4053 4
T 55.883 6 17 4123 4
T 55.883 7 16 4068 3
T 55.883 8 29 4118 4
T 55.907 1 22 4068 4
T 55.907 2 18 4111 4
T 55.907 3 18 4088 4
T 55.907 4 18 4075 4
T 55.907 5 18 4053 4
T 55.907 6 18 4123 4
T 55.907 7 17 4068 3
T 55.907 8 30 4118 4
T 55.931 1 23 4068 4
T 55.931 2 19 4111 4
T 55.931 3 19 4088 4
T 55.931 4 19 4075 4
T 55.931 5 19 4053 4
T 55.931 6 19 4123 4
T 55.931 7 18 4068 3
T 55.931 8 31 4118 4
T 55.955 1 24 4068 4
T 55.955 2 20 4111 4
T 55.955 3 20 4088 4
T 55.955 4 20 4075 4
T 55.955 5 20 4053 4
T 55.955 6 20 4123 4
T 55.955 7 19 4068 3
T 55.955 8 32 4118 4
T 55.979 1 25 4068 4
T 55.979 2 21 4111 4
T 55.979 3 21 4088 4
T 55.979 4 21 4075 4
T 55.979 5 21 4053 4
T 55.979 6 21 4123 4
T 55.979 7 20 4068 3
T 55.979 8 33 4118 4
T 56.003 1 26 4121 4
T 56.003 2 22 4111 4
T 56.003 3 22 4088 4
T 56.004 4 22 4075 4
T 56.004 5 22 4053 4
T 56.004 6 22 4123 4
T 56.004 7 21 4068 3
T 56.004 8 34 4118 4
T 56.062 2 23 4111 4
T 56.062 3 23 4088 4
T 56.062 4 23 4075 4
T 56.062 5 23 4053 4
T 56.062 6 23 4123 4
T 56.062 7 22 4068 3
T 56.062 8 35 4118 4
T 56.063 1 27 4121 4
P 56.065 7
F 56.065 7 4
IQ 56.066 7
IS 56.066 7
T 56.086 2 24 4111 4
T 56.086 3 24 4088 4
T 56.086 4 24 4075 4
T 56.087 5 24 4053 4
T 56.087 6 24 4123 4
T 56.087 7 23 4068 4
T 56.087 8 36 4118 4
T 56.087 1 28 4121 4
T 56.111 2 25 4111 4
T 56.111 3 25 4088 4
T 56.111 4 25 4075 4
T 56.111 5 25 4053 4
T 56.111 6 25 4123 4
T 56.111 7 24 4068 4
T 56.111 8 37 4118 4
T 56.111 1 29 4121 4
IE 56.112 6
IR 56.112 6
IA 56.114 6
T 56.137 2 26 4164 4
T 56.137 3 26 4141 4
T 56.137 4 26 4128 4
T 56.137 5 26 4106 4
T 56.137 6 26 4176 4
T 56.137 7 25 4068 4
T 56.137 8 38 4118 4
T 56.137 1 30 4121 4
T 56.282 7 26 4121 4
T 56.282 8 39 4118 4
T 56.282 1 31 4121 4
T 56.283 2 27 4164 4
T 56.283 3 27 4141 4
T 56.283 4 27 4128 4
T 56.283 5 27 4106 4
T 56.283 6 27 4176 4
P 56.314 8
F 56.314 8 5
IQ 56.315 8
IS 56.315 8
T 56.352 8 40 4118 5
T 56.352 1 32 4121 4
T 56.352 2 28 4164 4
T 56.352 3 28 4141 4
T 56.352 4 28 4128 4
T 56.352 5 28 4106 4
T 56.352 6 28 4176 4
T 56.352 7 27 4121 4
IE 56.355 7
IR 56.355 7
IA 56.357 7
T 56.376 8 41 4118 5
T 56.376 1 33 4121 4
T 56.376 2 29 4164 4
T 56.376 3 29 4141 4
T 56.376 4 29 4128 4
T 56.376 5 29 4106 4
T 56.376 6 29 4176 4
T 56.376 7 28 4121 4
T 56.400 8 42 4118 5
T 56.400 1 34 4121 4
T 56.400 2 30 4164 4
T 56.400 3 30 4141 4
T 56.400 4 30 4128 4
T 56.400 5 30 4106 4
T 56.400 6 30 4176 4
T 56.400 7 29 4121 4
T 56.424 8 43 4118 5
T 56.424 1 35 4121 4
T 56.424 2 31 4164 4
T 56.424 3 31 4141 4
T 56.424 4 31 4128 4
T 56.424 5 31 4106 4
T 56.424 6 31 4176 4
T 56.424 7 30 4121 4
T 56.448 8 44 4118 5
T 56.448 1 36 4121 4
T 56.448 2 32 4164 4
T 56.448 3 32 4141 4
T 56.448 4 32 4128 4
T 56.448 5 32 4106 4
T 56.448 6 32 4176 4
T 56.448 7 31 4121 4
T 56.472 8 45 4118 5
T 56.472 1 37 4121 4
T 56.472 2 33 4164 4
T 56.472 3 33 4141 4
T 56.472 4 33 4128 4
T 56.472 5 33 4106 4
T 56.472 6 33 4176 4
T 56.472 7 32 4121 4
T 56.496 8 46 4118 5
T 56.496 1 38 4121 4
T 56.496 2 34 4164 4
T 56.496 3 34 4141 4
T 56.496 4 34 4128 4
T 56.496 5 34 4106 4
T 56.496 6 34 4176 4
T 56.496 7 33 4121 4
T 56.519 8 47 4118 5
T 56.520 1 39 4121 4
T 56.520 2 35 4164 4
T 56.520 3 35 4141 4
T 56.520 4 35 4128 4
T 56.520 5 35 4106 4
T 56.520 6 35 4176 4
T 56.520 7 34 4121 4
T 56.543 8 48 4118 5
T 56.543 1 40 4121 4
T 56.543 2 36 4164 4
T 56.543 3 36 4141 4
T 56.543 4 36 4128 4
T 56.544 5 36 4106 4
T 56.544 6 36 4176 4
T 56.544 7 35 4121 4
P 56.564 1
F 56.565 1 5
IQ 56.565 1
IS 56.565 1
T 56.568 8 49 4118 5
T 56.568 1 41 4121 5
T 56.568 2 37 4164 4
T 56.568 3 37 4141 4
T 56.568 4 37 4128 4
T 56.568 5 37 4106 4
T 56.568 6 37 4176 4
T 56.568 7 36 4121 4
T 56.591 8 50 4118 5
T 56.591 1 42 4121 5
T 56.591 2 38 4164 4
T 56.591 3 38 4141 4
T 56.591 4 38 4128 4
T 56.591 5 38 4106 4
T 56.591 6 38 4176 4
T 56.591 7 37 4121 4
IE 56.608 8
IR 56.609 8
IA 56.610 8
T 56.616 8 51 4171 5
T 56.616 1 43 4121 5
T 56.616 2 39 4164 4
T 56.616 3 39 4141 4
T 56.616 4 39 4128 4
T 56.616 5 39 4106 4
T 56.616 6 39 4176 4
T 56.616 7 38 4121 4
T 56.675 1 44 4121 5
T 56.675 2 40 4164 4
T 56.675 3 40 4141 4
T 56.675 4 40 4128 4
T 56.675 5 40 4106 4
T 56.675 6 40 4176 4
T 56.675 7 39 4121 4
T 56.675 8 52 4171 5
T 56.698 1 45 4121 5
T 56.698 2 41 4164 4
T 56.699 3 41 4141 4
T 56.699 4 41 4128 4
T 56.699 5 41 4106 4
T 56.699 6 41 4176 4
T 56.699 7 40 4121 4
T 56.699 8 53 4171 5
T 56.723 1 46 4121 5
T 56.723 2 42 4164 4
T 56.723 3 42 4141 4
T 56.723 4 42 4128 4
T 56.723 5 42 4106 4
T 56.723 6 42 4176 4
T 56.723 7 41 4121 4
T 56.723 8 54 4171 5
T 56.746 1 47 4121 5
T 56.747 2 43 4164 4
T 56.747 3 43 4141 4
T 56.747 4 43 4128 4
T 56.747 5 43 4106 4
T 56.747 6 43 4176 4
T 56.747 7 42 4121 4
T 56.747 8 55 4171 5
T 56.770 1 48 4121 5
T 56.770 2 44 4164 4
T 56.771 3 44 4141 4
T 56.771 4 44 4128 4
T 56.771 5 44 4106 4
T 56.771 6 44 4176 4
T 56.771 7 43 4121 4
T 56.771 8 56 4171 5
T 56.794 1 49 4121 5
T 56.794 2 45 4164 4
T 56.794 3 45 4141 4
T 56.794 4 45 4128 4
T 56.794 5 45 4106 4
T 56.794 6 45 4176 4
T 56.794 7 44 4121 4
T 56.794 8 57 4171 5
P 56.814 2
F 56.814 2 5
IQ 56.815 2
IS 56.815 2
T 56.818 1 50 4121 5
T 56.818 2 46 4164 5
T 56.818 3 46 4141 4
T 56.818 4 46 4128 4
T 56.818 5 46 4106 4
T 56.818 6 46 4176 4
T 56.818 7 45 4121 4
T 56.818 8 58 4171 5
T 56.842 1 51 4174 5
T 56.842 2 47 4164 5
T 56.842 3 47 4141 4
T 56.842 4 47 4128 4
T 56.842 5 47 4106 4
T 56.843 6 47 4176 4
T 56.843 7 46 4121 4
T 56.843 8 59 4171 5
IE 56.885 1
IR 56.886 1
IA 56.887 1
T 56.902 2 48 4164 5
T 56.902 3 48 4141 4
T 56.902 4 48 4128 4
T 56.902 5 48 4106 4
T 56.902 6 48 4176 4
T 56.902 7 47 4121 4
T 56.902 8 60 4171 5
T 56.902 1 52 4174 5
T 56.926 2 49 4164 5
T 56.926 3 49 4141 4
T 56.926 4 49 4128 4
T 56.926 5 49 4106 4
T 56.926 6 49 4176 4
T 56.926 7 48 4121 4
T 56.926 8 61 4171 5
T 56.926 1 53 4174 5
T 56.950 2 50 4164 5
T 56.950 3 50 4141 4
T 56.950 4 50 4128 4
T 56.950 5 50 4106 4
T 56.950 6 50 4176 4
T 56.950 7 49 4121 4
T 56.950 8 62 4171 5
T 56.950 1 54 4174 5
T 56.976 2 51 4217 5
T 56.976 3 51 4194 4
T 56.976 4 51 4181 4
T 56.976 5 51 4159 4
T 56.976 6 51 4229 4
T 56.976 7 50 4121 4
T 56.976 8 63 4171 5
T 56.976 1 55 4174 5
P 57.063 3
F 57.064 3 5
IQ 57.064 3
IS 57.065 3
T 57.116 7 51 4174 4
T 57.116 8 64 4171 5
T 57.116 1 56 4174 5
T 57.116 2 52 4217 5
T 57.116 3 52 4194 5
T 57.116 4 52 4181 4
T 57.116 5 52 4159 4
T 57.116 6 52 4229 4
IE 57.118 2
IR 57.118 2
IA 57.119 2
T 57.176 8 65 4171 5
T 57.176 1 57 4174 5
T 57.176 2 53 4217 5
T 57.176 3 53 4194 5
T 57.176 4 53 4181 4
T 57.176 5 53 4159 4
T 57.176 6 53 4229 4
T 57.176 7 52 4174 4
T 57.200 8 66 4171 5
T 57.200 1 58 4174 5
T 57.200 2 54 4217 5
T 57.200 3 54 4194 5
T 57.200 4 54 4181 4
T 57.200 5 54 4159 4
T 57.200 6 54 4229 4
T 57.200 7 53 4174 4
T 57.224 8 67 4171 5
T 57.224 1 59 4174 5
T 57.224 2 55 4217 5
T 57.224 3 55 4194 5
T 57.224 4 55 4181 4
T 57.224 5 55 4159 4
T 57.224 6 55 4229 4
T 57.224 7 54 4174 4
T 57.248 8 68 4171 5
T 57.248 1 60 4174 5
T 57.248 2 56 4217 5
T 57.248 3 56 4194 5
T 57.248 4 56 4181 4
T 57.248 5 56 4159 4
T 57.248 6 56 4229 4
T 57.248 7 55 4174 4
T 57.272 8 69 4171 5
T 57.272 1 61 4174 5
T 57.272 2 57 4217 5
T 57.272 3 57 4194 5
T 57.272 4 57 4181 4
T 57.272 5 57 4159 4
T 57.272 6 57 4229 4
T 57.272 7 56 4174 4
T 57.296 8 70 4171 5
T 57.296 1 62 4174 5
T 57.296 2 58 4217 5
T 57.296 3 58 4194 5
T 57.296 4 58 4181 4
T 57.296 5 58 4159 4
T 57.296 6 58 4229 4
T 57.296 7 57 4174 4
P 57.314 4
F 57.315 4 5
IQ 57.315 4
IS 57.315 4
T 57.320 8 71 4171 5
T 57.320 1 63 4174 5
T 57.321 2 59 4217 5
T 57.321 3 59 4194 5
T 57.321 4 59 4181 5
T 57.321 5 59 4159 4
T 57.321 6 59 4229 4
T 57.321 7 58 4174 4
T 57.344 8 72 4171 5
T 57.344 1 64 4174 5
T 57.344 2 60 4217 5
T 57.344 3 60 4194 5
T 57.344 4 60 4181 5
T 57.344 5 60 4159 4
T 57.344 6 60 4229 4
T 57.344 7 59 4174 4
IE 57.347 3
IR 57.348 3
IA 57.349 3
T 57.368 8 73 4171 5
T 57.369 1 65 4174 5
T 57.369 2 61 4217 5
T 57.369 3 61 4194 5
T 57.369 4 61 4181 5
T 57.369 5 61 4159 4
T 57.369 6 61 4229 4
T 57.369 7 60 4174 4
T 57.392 8 74 4171 5
T 57.392 1 66 4174 5
T 57.392 2 62 4217 5
T 57.392 3 62 4194 5
T 57.392 4 62 4181 5
T 57.392 5 62 4159 4
T 57.392 6 62 4229 4
T 57.392 7 61 4174 4
T 57.416 8 75 4171 5
T 57.416 1 67 4174 5
T 57.416 2 63 4217 5
T 57.416 3 63 4194 5
T 57.416 4 63 4181 5
T 57.416 5 63 4159 4
T 57.416 6 63 4229 4
T 57.416 7 62 4174 4
T 57.441 8 76 4224 5
T 57.441 1 68 4174 5
T 57.441 2 64 4217 5
T 57.441 3 64 4194 5
T 57.441 4 64 4181 5
T 57.441 5 64 4159 4
T 57.441 6 64 4229 4
T 57.441 7 63 4174 4
T 57.506 1 69 4174 5
T 57.506 2 65 4217 5
T 57.507 3 65 4194 5
T 57.507 4 65 4181 5
T 57.507 5 65 4159 4
T 57.507 6 65 4229 4
T 57.507 7 64 4174 4
T 57.507 8 77 4224 5
T 57.530 1 70 4174 5
T 57.530 2 66 4217 5
T 57.530 3 66 4194 5
T 57.530 4 66 4181 5
T 57.530 5 66 4159 4
T 57.530 6 66 4229 4
T 57.530 7 65 4174 4
T 57.530 8 78 4224 5
T 57.554 1 71 4174 5
T 57.554 2 67 4217 5
T 57.554 3 67 4194 5
T 57.554 4 67 4181 5
T 57.554 5 67 4159 4
T 57.554 6 67 4229 4
T 57.554 7 66 4174 4
T 57.554 8 79 4224 5
P 57.564 5
F 57.565 5 5
IQ 57.565 5
IS 57.565 5
T 57.578 1 72 4174 5
T 57.578 2 68 4217 5
T 57.581 3 68 4194 5
T 57.581 4 68 4181 5
T 57.581 5 68 4159 5
T 57.581 6 68 4229 4
T 57.581 7 67 4174 4
T 57.581 8 80 4224 5
T 57.601 1 73 4174 5
T 57.601 2 69 4217 5
T 57.602 3 69 4194 5
T 57.602 4 69 4181 5
T 57.602 5 69 4159 5
T 57.602 6 69 4229 4
T 57.602 7 68 4174 4
T 57.602 8 81 4224 5
T 57.625 1 74 4174 5
T 57.625 2 70 4217 5
T 57.625 3 70 4194 5
T 57.626 4 70 4181 5
T 57.626 5 70 4159 5
T 57.626 6 70 4229 4
T 57.626 7 69 4174 4
T 57.626 8 82 4224 5
T 57.650 1 75 4174 5
T 57.650 2 71 4217 5
T 57.650 3 71 4194 5
T 57.650 4 71 4181 5
T 57.650 5 71 4159 5
T 57.650 6 71 4229 4
T 57.650 7 70 4174 4
T 57.650 8 83 4224 5
IE 57.657 4
IR 57.657 4
IA 57.659 4
T 57.674 1 76 4227 5
T 57.675 2 72 4217 5
T 57.675 3 72 4194 5
T 57.675 4 72 4181 5
T 57.675 5 72 4159 5
T 57.675 6 72 4229 4
T 57.675 7 71 4174 4
T 57.675 8 84 4224 5
T 57.733 2 73 4217 5
T 57.733 3 73 4194 5
T 57.733 4 73 4181 5
T 57.733 5 73 4159 5
T 57.734 6 73 4229 4
T 57.734 7 72 4174 4
T 57.734 8 85 4224 5
T 57.734 1 77 4227 5
T 57.757 2 74 4217 5
T 57.758 3 74 4194 5
T 57.758 4 74 4181 5
T 57.758 5 74 4159 5
T 57.758 6 74 4229 4
T 57.758 7 73 4174 4
T 57.758 8 86 4224 5
T 57.758 1 78 4227 5
T 57.781 2 75 4217 5
T 57.782 3 75 4194 5
T 57.782 4 75 4181 5
T 57.782 5 75 4159 5
T 57.782 6 75 4229 4
T 57.782 7 74 4174 4
T 57.782 8 87 4224 5
T 57.782 1 79 4227 5
T 57.807 2 76 4270 5
T 57.807 3 76 4247 5
T 57.808 4 76 4234 5
T 57.808 5 76 4212 5
T 57.808 6 76 4282 4
T 57.808 7 75 4174 4
T 57.808 8 88 4224 5
T 57.808 1 80 4227 5
P 57.813 6
F 57.814 6 5
IQ 57.814 6
IS 57.814 6
IE 57.852 5
IR 57.863 5
IA 57.865 5
T 57.948 7 76 4227 4
T 57.948 8 89 4224 5
T 57.948 1 81 4227 5
T 57.948 2 77 4270 5
T 57.949 3 77 4247 5
T 57.949 4 77 4234 5
T 57.949 5 77 4212 5
T 57.949 6 77 4282 5
T 58.008 8 90 4224 5
T 58.008 1 82 4227 5
T 58.008 2 78 4270 5
T 58.008 3 78 4247 5
T 58.008 4 78 4234 5
T 58.008 5 78 4212 5
T 58.008 6 78 4282 5
T 58.008 7 77 4227 4
T 58.032 8 91 4224 5
T 58.032 1 83 4227 5
T 58.032 2 79 4270 5
T 58.032 3 79 4247 5
T 58.032 4 79 4234 5
T 58.032 5 79 4212 5
T 58.032 6 79 4282 5
T 58.033 7 78 4227 4
T 58.056 8 92 4224 5
T 58.056 1 84 4227 5
T 58.056 2 80 4270 5
T 58.056 3 80 4247 5
T 58.056 4 80 4234 5
T 58.056 5 80 4212 5
T 58.056 6 80 4282 5
T 58.056 7 79 4227 4
P 58.064 7
F 58.064 7 5
IQ 58.065 7
IS 58.065 7
T 58.080 8 93 4224 5
T 58.080 1 85 4227 5
T 58.080 2 81 4270 5
T 58.080 3 81 4247 5
T 58.080 4 81 4234 5
T 58.080 5 81 4212 5
T 58.080 6 81 4282 5
T 58.080 7 80 4227 5
T 58.104 8 94 4224 5
T 58.104 1 86 4227 5
T 58.104 2 82 4270 5
T 58.104 3 82 4247 5
T 58.104 4 82 4234 5
T 58.104 5 82 4212 5
T 58.104 6 82 4282 5
T 58.104 7 81 4227 5
T 58.128 8 95 4224 5
T 58.129 1 87 4227 5
T 58.129 2 83 4270 5
T 58.129 3 83 4247 5
T 58.129 4 83 4234 5
T 58.129 5 83 4212 5
T 58.129 6 83 4282 5
T 58.129 7 82 4227 5
IE 58.137 6
IR 58.137 6
IA 58.138 6
T 58.153 8 96 4224 5
T 58.153 1 88 4227 5
T 58.153 2 84 4270 5
T 58.153 3 84 4247 5
T 58.153 4 84 4234 5
T 58.153 5 84 4212 5
T 58.153 6 84 4282 5
T 58.153 7 83 4227 5
T 58.177 8 97 4224 5
T 58.177 1 89 4227 5
T 58.177 2 85 4270 5
T 58.177 3 85 4247 5
T 58.177 4 85 4234 5
T 58.177 5 85 4212 5
T 58.177 6 85 4282 5
T 58.177 7 84 4227 5
T 58.201 8 98 4224 5
T 58.201 1 90 4227 5
T 58.201 2 86 4270 5
T 58.201 3 86 4247 5
T 58.201 4 86 4234 5
T 58.201 5 86 4212 5
T 58.201 6 86 4282 5
T 58.201 7 85 4227 5
T 58.225 8 99 4224 5
T 58.225 1 91 4227 5
T 58.225 2 87 4270 5
T 58.225 3 87 4247 5
T 58.225 4 87 4234 5
T 58.225 5 87 4212 5
T 58.225 6 87 4282 5
T 58.225 7 86 4227 5
T 58.249 8 100 4224 5
T 58.249 1 92 4227 5
T 58.249 2 88 4270 5
T 58.249 3 88 4247 5
T 58.249 4 88 4234 5
T 58.249 5 88 4212 5
T 58.249 6 88 4282 5
T 58.249 7 87 4227 5
T 58.273 8 101 4277 5
T 58.273 1 93 4227 5
T 58.274 2 89 4270 5
T 58.274 3 89 4247 5
T 58.274 4 89 4234 5
T 58.274 5 89 4212 5
T 58.274 6 89 4282 5
T 58.274 7 88 4227 5
P 58.314 8
F 58.314 8 6
IQ 58.315 8
IS 58.315 8
T 58.334 1 94 4227 5
T 58.335 2 90 4270 5
T 58.335 3 90 4247 5
T 58.335 4 90 4234 5
T 58.335 5 90 4212 5
T 58.335 6 90 4282 5
T 58.335 7 89 4227 5
T 58.335 8 102 4277 6
IE 58.339 7
IR 58.339 7
IA 58.340 7
T 58.359 1 95 4227 5
T 58.359 2 91 4270 5
T 58.359 3 91 4247 5
T 58.359 4 91 4234 5
T 58.359 5 91 4212 5
T 58.359 6 91 4282 5
T 58.359 7 90 4227 5
T 58.359 8 103 4277 6
T 58.383 1 96 4227 5
T 58.383 2 92 4270 5
T 58.383 3 92 4247 5
T 58.383 4 92 4234 5
T 58.383 5 92 4212 5
T 58.383 6 92 4282 5
T 58.383 7 91 4227 5
T 58.383 8 104 4277 6
T 58.407 1 97 4227 5
T 58.407 2 93 4270 5
T 58.407 3 93 4247 5
T 58.407 4 93 4234 5
T 58.407 5 93 4212 5
T 58.407 6 93 4282 5
T 58.407 7 92 4227 5
T 58.407 8 105 4277 6
T 58.431 1 98 4227 5
T 58.431 2 94 4270 5
T 58.431 3 94 4247 5
T 58.431 4 94 4234 5
T 58.431 5 94 4212 5
T 58.431 6 94 4282 5
T 58.431 7 93 4227 5
T 58.431 8 106 4277 6
T 58.455 1 99 4227 5
T 58.455 2 95 4270 5
T 58.455 3 95 4247 5
T 58.455 4 95 4234 5
T 58.455 5 95 4212 5
T 58.455 6 95 4282 5
T 58.455 7 94 4227 5
T 58.455 8 107 4277 6
T 58.479 1 100 4227 5
T 58.479 2 96 4270 5
T 58.479 3 96 4247 5
T 58.479 4 96 4234 5
T 58.479 5 96 4212 5
T 58.479 6 96 4282 5
T 58.479 7 95 4227 5
T 58.479 8 108 4277 6
T 58.503 1 101 4280 5
T 58.503 2 97 4270 5
T 58.503 3 97 4247 5
T 58.503 4 97 4234 5
T 58.503 5 97 4212 5
T 58.503 6 97 4282 5
T 58.503 7 96 4227 5
T 58.503 8 109 4277 6
P 58.563 1
F 58.564 1 6
IQ 58.564 1
IS 58.564 1
T 58.570 2 98 4270 5
T 58.571 3 98 4247 5
T 58.571 4 98 4234 5
T 58.571 5 98 4212 5
T 58.571 6 98 4282 5
T 58.571 7 97 4227 5
T 58.571 8 110 4277 6
T 58.571 1 102 4280 6
T 58.594 2 99 4270 5
T 58.594 3 99 4247 5
T 58.594 4 99 4234 5
T 58.594 5 99 4212 5
T 58.594 6 99 4282 5
T 58.594 7 98 4227 5
T 58.594 8 111 4277 6
T 58.594 1 103 4280 6
T 58.618 2 100 4270 5
T 58.618 3 100 4247 5
T 58.618 4 100 4234 5
T 58.618 5 100 4212 5
T 58.618 6 100 4282 5
T 58.618 7 99 4227 5
T 58.618 8 112 4277 6
T 58.618 1 104 4280 6
T 58.644 2 101 4323 5
T 58.644 3 101 4300 5
T 58.644 4 101 4287 5
T 58.644 5 101 4265 5
T 58.644 6 101 4335 5
T 58.644 7 100 4227 5
T 58.644 8 113 4277 6
T 58.644 1 105 4280 6
IE 58.662 8
IR 58.670 8
IA 58.672 8
T 58.785 7 101 4280 5
T 58.785 8 114 4277 6
T 58.785 1 106 4280 6
T 58.785 2 102 4323 5
T 58.785 3 102 4300 5
T 58.785 4 102 4287 5
T 58.785 5 102 4265 5
T 58.785 6 102 4335 5
P 58.814 2
F 58.814 2 6
IQ 58.814 2
IS 58.815 2
T 58.844 8 115 4277 6
T 58.844 1 107 4280 6
T 58.845 2 103 4323 6
T 58.845 3 103 4300 5
T 58.845 4 103 4287 5
T 58.845 5 103 4265 5
T 58.845 6 103 4335 5
T 58.845 7 102 4280 5
IE 58.867 1
IR 58.869 1
IA 58.870 1
T 58.871 8 116 4277 6
T 58.871 1 108 4280 6
T 58.871 2 104 4323 6
T 58.871 3 104 4300 5
T 58.871 4 104 4287 5
T 58.871 5 104 4265 5
T 58.871 6 104 4335 5
T 58.871 7 103 4280 5
T 58.893 8 117 4277 6
T 58.893 1 109 4280 6
T 58.893 2 105 4323 6
T 58.893 3 105 4300 5
T 58.893 4 105 4287 5
T 58.893 5 105 4265 5
T 58.894 6 105 4335 5
T 58.894 7 104 4280 5
T 58.917 8 118 4277 6
T 58.917 1 110 4280 6
T 58.917 2 106 4323 6
T 58.917 3 106 4300 5
T 58.917 4 106 4287 5
T 58.917 5 106 4265 5
T 58.917 6 106 4335 5
T 58.917 7 105 4280 5
T 58.941 8 119 4277 6
T 58.941 1 111 4280 6
T 58.941 2 107 4323 6
T 58.941 3 107 4300 5
T 58.941 4 107 4287 5
T 58.942 5 107 4265 5
T 58.942 6 107 4335 5
T 58.942 7 106 4280 5
T 58.965 8 120 4277 6
T 58.965 1 112 4280 6
T 58.965 2 108 4323 6
T 58.965 3 108 4300 5
T 58.965 4 108 4287 5
T 58.965 5 108 4265 5
T 58.965 6 108 4335 5
T 58.965 7 107 4280 5
T 58.989 8 121 4277 6
T 58.989 1 113 4280 6
T 58.989 2 109 4323 6
T 58.989 3 109 4300 5
T 58.989 4 109 4287 5
T 58.989 5 109 4265 5
T 58.989 6 109 4335 5
T 58.989 7 108 4280 5
T 59.013 8 122 4277 6
T 59.013 1 114 4280 6
T 59.013 2 110 4323 6
T 59.013 3 110 4300 5
T 59.013 4 110 4287 5
T 59.013 5 110 4265 5
T 59.013 6 110 4335 5
T 59.013 7 109 4280 5
T 59.037 8 123 4277 6
T 59.037 1 115 4280 6
T 59.037 2 111 4323 6
T 59.037 3 111 4300 5
T 59.037 4 111 4287 5
T 59.037 5 111 4265 5
T 59.037 6 111 4335 5
T 59.037 7 110 4280 5
T 59.061 8 124 4277 6
T 59.061 1 116 4280 6
T 59.061 2 112 4323 6
T 59.061 3 112 4300 5
T 59.061 4 112 4287 5
T 59.061 5 112 4265 5
T 59.061 6 112 4335 5
T 59.061 7 111 4280 5
P 59.065 3
F 59.065 3 6
IQ 59.065 3
IS 59.066 3
T 59.085 8 125 4277 6
T 59.085 1 117 4280 6
T 59.085 2 113 4323 6
T 59.085 3 113 4300 6
T 59.085 4 113 4287 5
T 59.085 5 113 4265 5
T 59.085 6 113 4335 5
T 59.085 7 112 4280 5
T 59.110 8 126 4330 6
T 59.110 1 118 4280 6
T 59.110 2 114 4323 6
T 59.110 3 114 4300 6
T 59.110 4 114 4287 5
T 59.110 5 114 4265 5
T 59.110 6 114 4335 5
T 59.110 7 113 4280 5
IE 59.145 2
IR 59.146 2
IA 59.147 2
T 59.170 1 119 4280 6
T 59.170 2 115 4323 6
T 59.170 3 115 4300 6
T 59.170 4 115 4287 5
T 59.170 5 115 4265 5
T 59.170 6 115 4335 5
T 59.170 7 114 4280 5
T 59.170 8 127 4330 6
T 59.194 1 120 4280 6
T 59.194 2 116 4323 6
T 59.194 3 116 4300 6
T 59.194 4 116 4287 5
T 59.194 5 116 4265 5
T 59.194 6 116 4335 5
T 59.194 7 115 4280 5
T 59.194 8 128 4330 6
T 59.218 1 121 4280 6
T 59.218 2 117 4323 6
T 59.218 3 117 4300 6
T 59.218 4 117 4287 5
T 59.218 5 117 4265 5
T 59.218 6 117 4335 5
T 59.218 7 116 4280 5
T 59.218 8 129 4330 6
T 59.242 1 122 4280 6
T 59.242 2 118 4323 6
T 59.242 3 118 4300 6
T 59.242 4 118 4287 5
T 59.242 5 118 4265 5
T 59.242 6 118 4335 5
T 59.242 7 117 4280 5
T 59.242 8 130 4330 6
T 59.266 1 123 4280 6
T 59.266 2 119 4323 6
T 59.266 3 119 4300 6
T 59.266 4 119 4287 5
T 59.266 5 119 4265 5
T 59.266 6 119 4335 5
T 59.266 7 118 4280 5
T 59.266 8 131 4330 6
T 59.290 1 124 4280 6
T 59.290 2 120 4323 6
T 59.290 3 120 4300 6
T 59.290 4 120 4287 5
T 59.290 5 120 4265 5
T 59.290 6 120 4335 5
T 59.290 7 119 4280 5
T 59.291 8 132 4330 6
T 59.314 1 125 4280 6
T 59.314 2 121 4323 6
T 59.314 3 121 4300 6
T 59.315 4 121 4287 5
T 59.315 5 121 4265 5
T 59.315 6 121 4335 5
T 59.315 7 120 4280 5
T 59.315 8 133 4330 6
P 59.315 4
F 59.316 4 6
IQ 59.316 4
IS 59.316 4
T 59.339 1 126 4333 6
T 59.339 2 122 4323 6
T 59.339 3 122 4300 6
T 59.339 4 122 4287 6
T 59.339 5 122 4265 5
T 59.339 6 122 4335 5
T 59.339 7 121 4280 5
T 59.339 8 134 4330 6
IE 59.351 3
IR 59.362 3
IA 59.363 3
T 59.399 2 123 4323 6
T 59.399 3 123 4300 6
T 59.399 4 123 4287 6
T 59.399 5 123 4265 5
T 59.399 6 123 4335 5
T 59.399 7 122 4280 5
T 59.399 8 135 4330 6
T 59.399 1 127 4333 6
T 59.423 2 124 4323 6
T 59.423 3 124 4300 6
T 59.423 4 124 4287 6
T 59.423 5 124 4265 5
T 59.423 6 124 4335 5
T 59.424 7 123 4280 5
T 59.424 8 136 4330 6
T 59.424 1 128 4333 6
T 59.447 2 125 4323 6
T 59.447 3 125 4300 6
T 59.448 4 125 4287 6
T 59.448 5 125 4265 5
T 59.448 6 125 4335 5
T 59.448 7 124 4280 5
T 59.448 8 137 4330 6
T 59.448 1 129 4333 6
T 59.474 2 126 4376 6
T 59.474 3 126 4353 6
T 59.474 4 126 4287 6
T 59.474 5 126 4265 5
T 59.474 6 126 4335 5
T 59.474 7 125 4280 5
T 59.474 8 138 4330 6
T 59.474 1 130 4333 6
T 59.536 7 126 4280 5
T 59.536 8 139 4330 6
T 59.536 1 131 4333 6
T 59.536 2 127 4376 6
T 59.536 3 127 4353 6
T 59.560 8 140 4330 6
T 59.560 1 132 4333 6
T 59.560 2 128 4376 6
T 59.560 3 128 4353 6
P 59.564 5
F 59.565 5 6
IQ 59.565 5
IS 59.565 5
T 59.582 8 141 4330 6
T 59.582 1 133 4333 6
T 59.582 2 129 4376 6
T 59.583 3 129 4353 6
T 59.605 8 142 4330 6
T 59.605 1 134 4333 6
T 59.605 2 130 4376 6
T 59.605 3 130 4353 6
T 59.628 8 143 4330 6
T 59.628 1 135 4333 6
T 59.628 2 131 4376 6
T 59.628 3 131 4353 6
IE 59.631 4
IR 59.632 4
IA 59.633 4
T 59.652 8 144 4330 6
T 59.652 1 136 4333 6
T 59.652 2 132 4376 6
T 59.652 3 132 4353 6
T 59.675 8 145 4330 6
T 59.675 1 137 4333 6
T 59.675 2 133 4376 6
T 59.676 3 133 4353 6
T 59.698 8 146 4330 6
T 59.699 1 138 4333 6
T 59.699 2 134 4376 6
T 59.699 3 134 4353 6
T 59.751 8 147 4330 6
T 59.751 1 139 4333 6
T 59.751 2 135 4376 6
T 59.751 3 135 4353 6
T 59.751 4 127 4340 6
T 59.775 8 148 4330 6
T 59.775 1 140 4333 6
T 59.775 2 136 4376 6
T 59.775 3 136 4353 6
T 59.775 4 128 4340 6
T 59.799 8 149 4330 6
T 59.799 1 141 4333 6
T 59.799 2 137 4376 6
T 59.799 3 137 4353 6
T 59.799 4 129 4340 6
P 59.813 6
F 59.814 6 6
IQ 59.814 6
IS 59.814 6
T 59.823 8 150 4330 6
T 59.823 1 142 4333 6
T 59.823 2 138 4376 6
T 59.823 3 138 4353 6
T 59.823 4 130 4340 6
T 59.847 8 151 4330 6
T 59.847 1 143 4333 6
T 59.847 2 139 4376 6
T 59.847 3 139 4353 6
T 59.847 4 131 4340 6
IE 59.853 5
IR 59.854 5
IA 59.855 5
T 59.872 1 144 4333 6
T 59.872 2 140 4376 6
T 59.873 3 140 4353 6
T 59.873 4 132 4340 6
T 59.896 1 145 4333 6
T 59.896 2 141 4376 6
T 59.896 3 141 4353 6
T 59.896 4 133 4340 6
T 59.918 1 146 4333 6
T 59.919 2 142 4376 6
T 59.919 3 142 4353 6
T 59.919 4 134 4340 6
T 59.973 1 147 4333 6
T 59.973 2 143 4376 6
T 59.973 3 143 4353 6
T 59.973 4 135 4340 6
T 59.973 5 127 4318 6
T 59.997 1 148 4333 6
T 59.997 2 144 4376 6
T 59.997 3 144 4353 6
T 59.997 4 136 4340 6
T 59.997 5 128 4318 6
T 60.020 1 149 4333 6
T 60.021 2 145 4376 6
T 60.021 3 145 4353 6
T 60.021 4 137 4340 6
T 60.021 5 129 4318 6
T 60.044 1 150 4333 6
T 60.044 2 146 4376 6
T 60.044 3 146 4353 6
T 60.044 4 138 4340 6
T 60.044 5 130 4318 6
P 60.063 7
F 60.064 7 6
IQ 60.064 7
IS 60.064 7
T 60.068 1 151 4333 6
T 60.068 2 147 4376 6
T 60.069 3 147 4353 6
T 60.069 4 139 4340 6
T 60.069 5 131 4318 6
T 60.091 2 148 4376 6
T 60.091 3 148 4353 6
T 60.091 4 140 4340 6
T 60.091 5 132 4318 6
T 60.114 2 149 4376 6
T 60.114 3 149 4353 6
T 60.114 4 141 4340 6
T 60.114 5 133 4318 6
IE 60.132 6
IR 60.143 6
IA 60.144 6
T 60.145 2 150 4376 6
T 60.145 3 150 4353 6
T 60.146 4 142 4340 6
T 60.146 5 134 4318 6
T 60.161 2 151 4376 6
T 60.161 3 151 4353 6
T 60.161 4 143 4340 6
T 60.161 5 135 4318 6
T 60.184 4 144 4340 6
T 60.184 5 136 4318 6
T 60.206 4 145 4340 6
T 60.206 5 137 4318 6
T 60.261 4 146 4340 6
T 60.261 5 138 4318 6
T 60.261 6 127 4388 6
T 60.283 4 147 4340 6
T 60.283 5 139 4318 6
T 60.283 6 128 4388 6
T 60.305 4 148 4340 6
T 60.306 5 140 4318 6
T 60.306 6 129 4388 6
P 60.313 8
F 60.314 8 7
IQ 60.314 8
IS 60.315 8
T 60.328 4 149 4340 6
T 60.328 5 141 4318 6
T 60.328 6 130 4388 6
T 60.351 4 150 4340 6
T 60.351 5 142 4318 6
T 60.351 6 131 4388 6
IE 60.366 7
IR 60.367 7
IA 60.368 7
T 60.375 4 151 4340 6
T 60.375 5 143 4318 6
T 60.375 6 132 4388 6
T 60.397 5 144 4318 6
T 60.397 6 133 4388 6
T 60.419 5 145 4318 6
T 60.419 6 134 4388 6
T 60.483 5 146 4318 6
T 60.484 6 135 4388 6
T 60.484 7 127 4333 6
T 60.506 5 147 4318 6
T 60.506 6 136 4388 6
T 60.506 7 128 4333 6
T 60.528 5 148 4318 6
T 60.528 6 137 4388 6
T 60.528 7 129 4333 6
T 60.551 5 149 4318 6
T 60.551 6 138 4388 6
T 60.551 7 130 4333 6
P 60.563 1
F 60.564 1 7
IQ 60.564 1
IS 60.564 1
T 60.573 5 150 4318 6
T 60.573 6 139 4388 6
T 60.573 7 131 4333 6
T 60.596 5 151 4318 6
T 60.596 6 140 4388 6
T 60.596 7 132 4333 6
T 60.618 6 141 4388 6
T 60.618 7 133 4333 6
T 60.640 6 142 4388 6
T 60.640 7 134 4333 6
IE 60.655 8
IR 60.664 8
IA 60.665 8
T 60.667 6 143 4388 6
T 60.667 7 135 4333 6
T 60.685 6 144 4388 6
T 60.685 7 136 4333 6
T 60.707 6 145 4388 6
T 60.707 7 137 4333 6
T 60.729 6 146 4388 6
T 60.729 7 138 4333 6
T 60.752 6 147 4388 6
T 60.752 7 139 4333 6
P 60.814 2
F 60.815 2 7
IQ 60.815 2
IS 60.816 2
T 60.816 6 148 4388 6
T 60.817 7 140 4333 6
T 60.817 8 152 4383 7
T 60.838 6 149 4388 6
T 60.839 7 141 4333 6
T 60.839 8 153 4383 7
T 60.861 6 150 4388 6
T 60.861 7 142 4333 6
T 60.861 8 154 4383 7
IE 60.880 1
IR 60.880 1
IA 60.881 1
T 60.885 6 151 4388 6
T 60.885 7 143 4333 6
T 60.885 8 155 4383 7
T 60.908 7 144 4333 6
T 60.908 8 156 4383 7
T 60.930 7 145 4333 6
T 60.930 8 157 4383 7
T 60.952 7 146 4333 6
T 60.952 8 158 4383 7
T 60.973 7 147 4333 6
T 60.974 8 159 4383 7
T 61.038 7 148 4333 6
T 61.038 8 160 4383 7
T 61.038 1 152 4386 7
T 61.060 7 149 4333 6
T 61.060 8 161 4383 7
T 61.060 1 153 4386 7
P 61.063 3
F 61.064 3 7
IQ 61.064 3
IS 61.064 3
T 61.089 7 150 4333 6
T 61.089 8 162 4383 7
T 61.090 1 154 4386 7
T 61.113 7 151 4333 6
T 61.113 8 163 4383 7
T 61.113 1 155 4386 7
IE 61.115 2
IR 61.124 2
IA 61.125 2
T 61.135 8 164 4383 7
T 61.135 1 156 4386 7
T 61.158 8 165 4383 7
T 61.158 1 157 4386 7
T 61.179 8 166 4383 7
T 61.179 1 158 4386 7
T 61.202 8 167 4383 7
T 61.202 1 159 4386 7
T 61.256 8 168 4383 7
T 61.256 1 160 4386 7
T 61.256 2 152 4429 7
T 61.279 8 169 4383 7
T 61.279 1 161 4386 7
T 61.279 2 153 4429 7
T 61.302 8 170 4383 7
T 61.302 1 162 4386 7
T 61.302 2 154 4429 7
P 61.313 4
F 61.314 4 7
IQ 61.314 4
IS 61.314 4
T 61.324 8 171 4383 7
T 61.324 1 163 4386 7
T 61.324 2 155 4429 7
T 61.347 8 172 4383 7
IE 61.349 3
T 61.355 1 164 4386 7
T 61.356 2 156 4429 7
IR 61.356 3
IA 61.357 3
T 61.370 8 173 4383 7
T 61.370 1 165 4386 7
T 61.370 2 157 4429 7
T 61.393 8 174 4383 7
T 61.393 1 166 4386 7
T 61.393 2 158 4429 7
T 61.416 8 175 4383 7
T 61.416 1 167 4386 7
T 61.417 2 159 4429 7
T 61.471 8 176 4383 7
T 61.471 1 168 4386 7
T 61.471 2 160 4429 7
T 61.471 3 152 4406 7
T 61.494 1 169 4386 7
T 61.494 2 161 4429 7
T 61.494 3 153 4406 7
T 61.516 1 170 4386 7
T 61.516 2 162 4429 7
T 61.516 3 154 4406 7
T 61.539 1 171 4386 7
T 61.539 2 163 4429 7
T 61.539 3 155 4406 7
T 61.561 1 172 4386 7
T 61.561 2 164 4429 7
T 61.561 3 156 4406 7
P 61.565 5
F 61.566 5 7
IQ 61.566 5
IS 61.567 5
T 61.584 1 173 4386 7
T 61.584 2 165 4429 7
T 61.585 3 157 4406 7
IE 61.590 4
IR 61.590 4
IA 61.591 4
T 61.607 1 174 4386 7
T 61.607 2 166 4429 7
T 61.608 3 158 4406 7
T 61.630 1 175 4386 7
T 61.630 2 167 4429 7
T 61.630 3 159 4406 7
T 61.653 1 176 4386 7
T 61.653 2 168 4429 7
T 61.653 3 160 4406 7
T 61.709 2 169 4429 7
T 61.709 3 161 4406 7
T 61.709 4 152 4393 7
T 61.731 2 170 4429 7
T 61.731 3 162 4406 7
T 61.731 4 153 4393 7
T 61.754 2 171 4429 7
T 61.754 3 163 4406 7
T 61.754 4 154 4393 7
T 61.776 2 172 4429 7
T 61.776 3 164 4406 7
T 61.776 4 155 4393 7
T 61.799 2 173 4429 7
T 61.799 3 165 4406 7
T 61.799 4 156 4393 7
P 61.813 6
F 61.814 6 7
IQ 61.814 6
IS 61.814 6
T 61.821 2 174 4429 7
T 61.821 3 166 4406 7
T 61.821 4 157 4393 7
T 61.844 2 175 4429 7
T 61.844 3 167 4406 7
T 61.844 4 158 4393 7
T 61.867 2 176 4429 7
T 61.867 3 168 4406 7
T 61.867 4 159 4393 7
T 61.889 3 169 4406 7
T 61.889 4 160 4393 7
T 61.912 3 170 4406 7
T 61.912 4 161 4393 7
IE 61.912 5
IR 61.912 5
IA 61.914 5
T 61.934 3 171 4406 7
T 61.934 4 162 4393 7
T 61.956 3 172 4406 7
T 61.956 4 163 4393 7
T 61.978 3 173 4406 7
T 61.978 4 164 4393 7
T 62.043 3 174 4406 7
T 62.043 4 165 4393 7
T 62.043 5 152 4371 7
P 62.064 7
F 62.065 7 7
IQ 62.065 7
IS 62.066 7
T 62.067 3 175 4406 7
T 62.067 4 166 4393 7
T 62.067 5 153 4371 7
T 62.088 3 176 4406 7
T 62.088 4 167 4393 7
T 62.088 5 154 4371 7
IE 62.107 6
IR 62.107 6
IA 62.108 6
T 62.110 4 168 4393 7
T 62.110 5 155 4371 7
T 62.134 4 169 4393 7
T 62.134 5 156 4371 7
T 62.156 4 170 4393 7
T 62.156 5 157 4371 7
T 62.178 4 171 4393 7
T 62.178 5 158 4371 7
T 62.199 4 172 4393 7
T 62.199 5 159 4371 7
T 62.271 4 173 4393 7
T 62.271 5 160 4371 7
T 62.271 6 152 4441 7
T 62.294 4 174 4393 7
T 62.294 5 161 4371 7
T 62.294 6 153 4441 7
P 62.313 8
F 62.314 8 8
IQ 62.314 8
IS 62.314 8
T 62.316 4 175 4393 7
T 62.316 5 162 4371 7
T 62.316 6 154 4441 7
T 62.339 4 176 4393 7
T 62.339 5 163 4371 7
T 62.339 6 155 4441 7
T 62.361 5 164 4371 7
T 62.361 6 156 4441 7
T 62.383 5 165 4371 7
T 62.383 6 157 4441 7
IE 62.395 7
IR 62.395 7
IA 62.396 7
T 62.406 5 166 4371 7
T 62.406 6 158 4441 7
T 62.428 5 167 4371 7
T 62.428 6 159 4441 7
T 62.450 5 168 4371 7
T 62.450 6 160 4441 7
T 62.515 5 169 4371 7
T 62.515 6 161 4441 7
T 62.515 7 152 4386 7
T 62.537 5 170 4371 7
T 62.537 6 162 4441 7
T 62.537 7 153 4386 7
T 62.560 5 171 4371 7
T 62.560 6 163 4441 7
T 62.560 7 154 4386 7
P 62.564 1
F 62.565 1 8
IQ 62.565 1
IS 62.565 1
T 62.582 5 172 4371 7
T 62.582 6 164 4441 7
T 62.582 7 155 4386 7
T 62.605 5 173 4371 7
T 62.605 6 165 4441 7
T 62.605 7 156 4386 7
IE 62.606 8
IR 62.607 8
IA 62.608 8
T 62.628 5 174 4371 7
T 62.628 6 166 4441 7
T 62.628 7 157 4386 7
T 62.651 5 175 4371 7
T 62.651 6 167 4441 7
T 62.651 7 158 4386 7
T 62.674 5 176 4371 7
T 62.674 6 168 4441 7
T 62.674 7 159 4386 7
T 62.728 6 169 4441 7
T 62.728 7 160 4386 7
T 62.728 8 177 4436 8
T 62.751 6 170 4441 7
T 62.751 7 161 4386 7
T 62.751 8 178 4436 8
T 62.773 6 171 4441 7
T 62.773 7 162 4386 7
T 62.773 8 179 4436 8
T 62.796 6 172 4441 7
T 62.796 7 163 4386 7
T 62.796 8 180 4436 8
P 62.814 2
F 62.814 2 8
IQ 62.815 2
IS 62.815 2
T 62.818 6 173 4441 7
T 62.818 7 164 4386 7
T 62.818 8 181 4436 8
T 62.841 6 174 4441 7
T 62.841 7 165 4386 7
T 62.841 8 182 4436 8
IE 62.860 1
IR 62.861 1
IA 62.862 1
T 62.863 6 175 4441 7
T 62.863 7 166 4386 7
T 62.863 8 183 4436 8
T 62.889 6 176 4441 7
T 62.889 7 167 4386 7
T 62.889 8 184 4436 8
T 62.911 7 168 4386 7
T 62.911 8 185 4436 8
T 62.933 7 169 4386 7
T 62.933 8 186 4436 8
T 62.997 7 170 4386 7
T 62.997 8 187 4436 8
T 62.997 1 177 4439 8
T 63.020 7 171 4386 7
T 63.020 8 188 4436 8
T 63.020 1 178 4439 8
T 63.042 7 172 4386 7
T 63.042 8 189 4436 8
T 63.042 1 179 4439 8
P 63.063 3
F 63.064 3 8
IQ 63.064 3
T 63.065 7 173 4386 7
T 63.065 8 190 4436 8
T 63.065 1 180 4439 8
IS 63.066 3
T 63.087 7 174 4386 7
T 63.087 8 191 4436 8
T 63.087 1 181 4439 8
IE 63.104 2
IR 63.105 2
IA 63.106 2
T 63.111 7 175 4386 7
T 63.111 8 192 4436 8
T 63.111 1 182 4439 8
T 63.135 7 176 4386 7
T 63.135 8 193 4436 8
T 63.135 1 183 4439 8
T 63.157 8 194 4436 8
T 63.157 1 184 4439 8
T 63.212 8 195 4436 8
T 63.212 1 185 4439 8
T 63.212 2 177 4482 8
T 63.235 8 196 4436 8
T 63.235 1 186 4439 8
T 63.235 2 178 4482 8
T 63.257 8 197 4436 8
T 63.258 1 187 4439 8
T 63.258 2 179 4482 8
T 63.280 8 198 4436 8
T 63.280 1 188 4439 8
T 63.280 2 180 4482 8
T 63.303 8 199 4436 8
T 63.303 1 189 4439 8
T 63.303 2 181 4482 8
P 63.315 4
F 63.315 4 8
IQ 63.316 4
IS 63.316 4
T 63.326 8 200 4436 8
T 63.326 1 190 4439 8
T 63.326 2 182 4482 8
T 63.349 8 201 4436 8
T 63.349 1 191 4439 8
T 63.349 2 183 4482 8
IE 63.363 3
IR 63.378 3
IA 63.380 3
T 63.381 1 192 4439 8
T 63.381 2 184 4482 8
T 63.411 1 193 4439 8
T 63.411 2 185 4482 8
T 63.434 1 194 4439 8
T 63.434 2 186 4482 8
T 63.455 1 195 4439 8
T 63.456 2 187 4482 8
T 63.477 1 196 4439 8
T 63.477 2 188 4482 8
T 63.542 1 197 4439 8
T 63.542 2 189 4482 8
T 63.542 3 177 4459 8
P 63.563 5
F 63.564 5 8
IQ 63.565 5
IS 63.566 5
T 63.566 1 198 4439 8
T 63.566 2 190 4482 8
T 63.566 3 178 4459 8
T 63.588 1 199 4439 8
T 63.588 2 191 4482 8
T 63.588 3 179 4459 8
T 63.611 1 200 4439 8
T 63.611 2 192 4482 8
T 63.611 3 180 4459 8
IE 63.613 4
IR 63.613 4
IA 63.615 4
T 63.635 1 201 4439 8
T 63.635 2 193 4482 8
T 63.635 3 181 4459 8
T 63.657 2 194 4482 8
T 63.658 3 182 4459 8
T 63.680 2 195 4482 8
T 63.680 3 183 4459 8
T 63.702 2 196 4482 8
T 63.702 3 184 4459 8
T 63.755 2 197 4482 8
T 63.755 3 185 4459 8
T 63.755 4 177 4446 8
T 63.778 2 198 4482 8
T 63.778 3 186 4459 8
T 63.778 4 178 4446 8
T 63.801 2 199 4482 8
T 63.801 3 187 4459 8
T 63.801 4 179 4446 8
P 63.813 6
F 63.814 6 8
IQ 63.814 6
IS 63.815 6
T 63.824 2 200 4482 8
T 63.824 3 188 4459 8
T 63.824 4 180 4446 8
T 63.848 2 201 4482 8
T 63.848 3 189 4459 8
T 63.848 4 181 4446 8
T 63.870 3 190 4459 8
T 63.870 4 182 4446 8
IE 63.879 5
IR 63.879 5
IA 63.881 5
T 63.893 3 191 4459 8
T 63.894 4 183 4446 8
T 63.916 3 192 4459 8
T 63.916 4 184 4446 8
T 63.938 3 193 4459 8
T 63.938 4 185 4446 8
T 63.960 3 194 4459 8
T 63.960 4 186 4446 8
T 64.025 3 195 4459 8
T 64.025 4 187 4446 8
T 64.025 5 177 4424 8
T 64.048 3 196 4459 8
T 64.048 4 188 4446 8
T 64.048 5 178 4424 8
P 64.065 7
F 64.065 7 8
IQ 64.066 7
IS 64.066 7
T 64.070 3 197 4459 8
T 64.070 4 189 4446 8
T 64.070 5 179 4424 8
T 64.092 3 198 4459 8
T 64.093 4 190 4446 8
T 64.093 5 180 4424 8
IE 64.095 6
IR 64.096 6
IA 64.097 6
T 64.116 3 199 4459 8
T 64.116 4 191 4446 8
T 64.116 5 181 4424 8
T 64.139 3 200 4459 8
T 64.139 4 192 4446 8
T 64.139 5 182 4424 8
T 64.162 3 201 4459 8
T 64.162 4 193 4446 8
T 64.162 5 183 4424 8
T 64.214 4 194 4446 8
T 64.214 5 184 4424 8
T 64.214 6 177 4494 8
T 64.237 4 195 4446 8
T 64.237 5 185 4424 8
T 64.237 6 178 4494 8
T 64.260 4 196 4446 8
T 64.260 5 186 4424 8
T 64.260 6 179 4494 8
T 64.282 4 197 4446 8
T 64.282 5 187 4424 8
T 64.282 6 180 4494 8
T 64.305 4 198 4446 8
T 64.305 5 188 4424 8
T 64.305 6 181 4494 8
P 64.314 8
F 64.314 8 9
IQ 64.314 8
IS 64.315 8
T 64.328 4 199 4446 8
T 64.328 5 189 4424 8
T 64.328 6 182 4494 8
T 64.350 4 200 4446 8
T 64.350 5 190 4424 8
T 64.350 6 183 4494 8
T 64.374 4 201 4446 8
T 64.374 5 191 4424 8
T 64.374 6 184 4494 8
IE 64.383 7
IR 64.383 7
IA 64.385 7
T 64.396 5 192 4424 8
T 64.396 6 185 4494 8
T 64.419 5 193 4424 8
T 64.419 6 186 4494 8
T 64.441 5 194 4424 8
T 64.441 6 187 4494 8
T 64.463 5 195 4424 8
T 64.463 6 188 4494 8
T 64.528 5 196 4424 8
T 64.528 6 189 4494 8
T 64.528 7 177 4439 8
T 64.550 5 197 4424 8
T 64.550 6 190 4494 8
T 64.550 7 178 4439 8
P 64.563 1
F 64.564 1 9
IQ 64.564 1
IS 64.564 1
T 64.573 5 198 4424 8
T 64.573 6 191 4494 8
T 64.573 7 179 4439 8
IE 64.604 8
IR 64.604 8
IA 64.606 8
T 64.617 5 199 4424 8
T 64.617 6 192 4494 8
T 64.617 7 180 4439 8
T 64.640 5 200 4424 8
T 64.640 6 193 4494 8
T 64.640 7 181 4439 8
T 64.663 5 201 4424 8
T 64.663 6 194 4494 8
T 64.663 7 182 4439 8
T 64.685 6 195 4494 8
T 64.685 7 183 4439 8
T 64.740 6 196 4494 8
T 64.740 7 184 4439 8
T 64.740 8 202 4489 9
T 64.763 6 197 4494 8
T 64.763 7 185 4439 8
T 64.763 8 203 4489 9
T 64.786 6 198 4494 8
T 64.786 7 186 4439 8
T 64.786 8 204 4489 9
T 64.809 6 199 4494 8
T 64.809 7 187 4439 8
T 64.809 8 205 4489 9
P 64.814 2
F 64.814 2 9
IQ 64.814 2
IS 64.815 2
T 64.831 6 200 4494 8
T 64.832 7 188 4439 8
T 64.832 8 206 4489 9
T 64.855 6 201 4494 8
T 64.855 7 189 4439 8
T 64.855 8 207 4489 9
IE 64.862 1
IR 64.863 1
IA 64.864 1
T 64.880 7 190 4439 8
T 64.880 8 208 4489 9
T 64.902 7 191 4439 8
T 64.902 8 209 4489 9
T 64.924 7 192 4439 8
T 64.924 8 210 4489 9
T 64.946 7 193 4439 8
T 64.947 8 211 4489 9
T 65.002 7 194 4439 8
T 65.002 8 212 4489 9
T 65.002 1 202 4492 9
T 65.025 7 195 4439 8
T 65.025 8 213 4489 9
T 65.025 1 203 4492 9
T 65.047 7 196 4439 8
T 65.047 8 214 4489 9
T 65.048 1 204 4492 9
P 65.063 3
F 65.064 3 9
IQ 65.064 3
IS 65.064 3
T 65.070 7 197 4439 8
T 65.071 8 215 4489 9
T 65.071 1 205 4492 9
IE 65.089 2
IR 65.089 2
IA 65.091 2
T 65.094 7 198 4439 8
T 65.094 8 216 4489 9
T 65.094 1 206 4492 9
T 65.118 7 199 4439 8
T 65.118 8 217 4489 9
T 65.119 1 207 4492 9
T 65.142 7 200 4439 8
T 65.142 8 218 4489 9
T 65.142 1 208 4492 9
T 65.165 7 201 4439 8
T 65.165 8 219 4489 9
T 65.165 1 209 4492 9
T 65.187 8 220 4489 9
T 65.187 1 210 4492 9
T 65.242 8 221 4489 9
T 65.242 1 211 4492 9
T 65.242 2 202 4535 9
T 65.265 8 222 4489 9
T 65.265 1 212 4492 9
T 65.265 2 203 4535 9
T 65.288 8 223 4489 9
T 65.288 1 213 4492 9
T 65.288 2 204 4535 9
T 65.310 8 224 4489 9
T 65.311 1 214 4492 9
T 65.311 2 205 4535 9
P 65.314 4
F 65.315 4 9
IQ 65.315 4
IS 65.315 4
T 65.334 8 225 4489 9
T 65.334 1 215 4492 9
T 65.334 2 206 4535 9
IE 65.342 3
IR 65.342 3
IA 65.344 3
T 65.358 8 226 4489 9
T 65.358 1 216 4492 9
T 65.358 2 207 4535 9
T 65.381 1 217 4492 9
T 65.381 2 208 4535 9
T 65.403 1 218 4492 9
T 65.403 2 209 4535 9
T 65.425 1 219 4492 9
T 65.425 2 210 4535 9
T 65.490 1 220 4492 9
T 65.490 2 211 4535 9
T 65.490 3 202 4512 9
T 65.513 1 221 4492 9
T 65.513 2 212 4535 9
T 65.513 3 203 4512 9
T 65.536 1 222 4492 9
T 65.536 2 213 4535 9
T 65.536 3 204 4512 9
T 65.558 1 223 4492 9
T 65.559 2 214 4535 9
T 65.559 3 205 4512 9
P 65.563 5
F 65.563 5 9
IQ 65.564 5
IS 65.564 5
IE 65.577 4
IR 65.593 4
IA 65.594 4
T 65.596 1 224 4492 9
T 65.596 2 215 4535 9
T 65.596 3 206 4512 9
T 65.605 1 225 4492 9
T 65.605 2 216 4535 9
T 65.605 3 207 4512 9
T 65.629 1 226 4492 9
T 65.629 2 217 4535 9
T 65.629 3 208 4512 9
T 65.651 2 218 4535 9
T 65.651 3 209 4512 9
T 65.673 2 219 4535 9
T 65.673 3 210 4512 9
T 65.739 2 220 4535 9
T 65.739 3 211 4512 9
T 65.739 4 202 4499 9
T 65.761 2 221 4535 9
T 65.761 3 212 4512 9
T 65.761 4 203 4499 9
T 65.784 2 222 4535 9
T 65.784 3 213 4512 9
T 65.784 4 204 4499 9
T 65.807 2 223 4535 9
T 65.807 3 214 4512 9
T 65.807 4 205 4499 9
P 65.814 6
F 65.814 6 9
IQ 65.815 6
IS 65.815 6
T 65.830 2 224 4535 9
T 65.830 3 215 4512 9
T 65.830 4 206 4499 9
T 65.853 2 225 4535 9
T 65.853 3 216 4512 9
T 65.853 4 207 4499 9
IE 65.855 5
IR 65.855 5
IA 65.856 5
T 65.878 2 226 4535 9
T 65.878 3 217 4512 9
T 65.878 4 208 4499 9
T 65.901 3 218 4512 9
T 65.901 4 209 4499 9
T 65.923 3 219 4512 9
T 65.923 4 210 4499 9
T 65.945 3 220 4512 9
T 65.945 4 211 4499 9
T 66.001 3 221 4512 9
T 66.001 4 212 4499 9
T 66.001 5 202 4477 9
T 66.023 3 222 4512 9
T 66.023 4 213 4499 9
T 66.024 5 203 4477 9
T 66.046 3 223 4512 9
T 66.046 4 214 4499 9
T 66.046 5 204 4477 9
P 66.063 7
F 66.064 7 9
IQ 66.064 7
IS 66.064 7
T 66.069 3 224 4512 9
T 66.069 4 215 4499 9
T 66.069 5 205 4477 9
IE 66.080 6
IR 66.080 6
IA 66.082 6
T 66.093 3 225 4512 9
T 66.093 4 216 4499 9
T 66.093 5 206 4477 9
T 66.117 3 226 4512 9
T 66.117 4 217 4499 9
T 66.117 5 207 4477 9
T 66.139 4 218 4499 9
T 66.139 5 208 4477 9
T 66.161 4 219 4499 9
T 66.161 5 209 4477 9
T 66.227 4 220 4499 9
T 66.227 5 210 4477 9
T 66.227 6 202 4547 9
T 66.250 4 221 4499 9
T 66.250 5 211 4477 9
T 66.250 6 203 4547 9
T 66.273 4 222 4499 9
T 66.273 5 212 4477 9
T 66.273 6 204 4547 9
T 66.295 4 223 4499 9
T 66.295 5 213 4477 9
T 66.295 6 205 4547 9
P 66.313 8
F 66.314 8 10
IQ 66.314 8
IS 66.314 8
T 66.318 4 224 4499 9
T 66.318 5 214 4477 9
T 66.318 6 206 4547 9
T 66.341 4 225 4499 9
T 66.341 5 215 4477 9
T 66.341 6 207 4547 9
IE 66.348 7
IR 66.348 7
IA 66.350 7
T 66.365 4 226 4499 9
T 66.365 5 216 4477 9
T 66.365 6 208 4547 9
T 66.388 5 217 4477 9
T 66.388 6 209 4547 9
T 66.410 5 218 4477 9
T 66.410 6 210 4547 9
T 66.432 5 219 4477 9
T 66.432 6 211 4547 9
T 66.487 5 220 4477 9
T 66.487 6 212 4547 9
T 66.487 7 202 4492 9
T 66.510 5 221 4477 9
T 66.510 6 213 4547 9
T 66.510 7 203 4492 9
T 66.533 5 222 4477 9
T 66.533 6 214 4547 9
T 66.533 7 204 4492 9
T 66.556 5 223 4477 9
T 66.556 6 215 4547 9
T 66.556 7 205 4492 9
P 66.564 1
F 66.565 1 10
IQ 66.565 1
IS 66.566 1
IE 66.574 8
IR 66.574 8
IA 66.575 8
T 66.579 5 224 4477 9
T 66.579 6 216 4547 9
T 66.579 7 206 4492 9
T 66.604 5 225 4477 9
T 66.604 6 217 4547 9
T 66.604 7 207 4492 9
T 66.627 5 226 4477 9
T 66.627 6 218 4547 9
T 66.627 7 208 4492 9
T 66.649 6 219 4547 9
T 66.649 7 209 4492 9
T 66.671 6 220 4547 9
T 66.671 7 210 4492 9
T 66.724 6 221 4547 9
T 66.724 7 211 4492 9
T 66.724 8 227 4542 10
T 66.747 6 222 4547 9
T 66.747 7 212 4492 9
T 66.747 8 228 4542 10
T 66.769 6 223 4547 9
T 66.769 7 213 4492 9
T 66.770 8 229 4542 10
T 66.792 6 224 4547 9
T 66.792 7 214 4492 9
T 66.792 8 230 4542 10
IE 66.810 1
IR 66.810 1
IA 66.811 1
P 66.813 2
F 66.813 2 10
IQ 66.813 2
IS 66.814 2
T 66.816 6 225 4547 9
T 66.816 7 215 4492 9
T 66.816 8 231 4542 10
T 66.840 6 226 4547 9
T 66.840 7 216 4492 9
T 66.840 8 232 4542 10
T 66.862 7 217 4492 9
T 66.862 8 233 4542 10
T 66.884 7 218 4492 9
T 66.884 8 234 4542 10
T 66.940 7 219 4492 9
T 66.940 8 235 4542 10
T 66.940 1 227 4545 10
T 66.963 7 220 4492 9
T 66.963 8 236 4542 10
T 66.963 1 228 4545 10
T 66.985 7 221 4492 9
T 66.986 8 237 4542 10
T 66.986 1 229 4545 10
T 67.008 7 222 4492 9
T 67.008 8 238 4542 10
T 67.008 1 230 4545 10
T 67.031 7 223 4492 9
T 67.031 8 239 4542 10
T 67.031 1 231 4545 10
T 67.054 7 224 4492 9
T 67.054 8 240 4542 10
T 67.054 1 232 4545 10
P 67.065 3
F 67.065 3 10
IQ 67.065 3
IS 67.066 3
IE 67.072 2
IR 67.072 2
IA 67.074 2
T 67.078 7 225 4492 9
T 67.078 8 241 4542 10
T 67.078 1 233 4545 10
T 67.103 7 226 4492 9
T 67.104 8 242 4542 10
T 67.104 1 234 4545 10
T 67.126 8 243 4542 10
T 67.126 1 235 4545 10
T 67.148 8 244 4542 10
T 67.148 1 236 4545 10
T 67.170 8 245 4542 10
T 67.170 1 237 4545 10
T 67.236 8 246 4542 10
T 67.237 1 238 4545 10
T 67.237 2 227 4588 10
T 67.259 8 247 4542 10
T 67.259 1 239 4545 10
T 67.259 2 228 4588 10
T 67.282 8 248 4542 10
T 67.282 1 240 4545 10
T 67.282 2 229 4588 10
T 67.305 8 249 4542 10
T 67.305 1 241 4545 10
T 67.305 2 230 4588 10
P 67.313 4
F 67.314 4 10
IQ 67.314 4
IS 67.314 4
T 67.328 8 250 4542 10
T 67.328 1 242 4545 10
T 67.328 2 231 4588 10
T 67.351 8 251 4542 10
T 67.352 1 243 4545 10
T 67.352 2 232 4588 10
IE 67.358 3
IR 67.358 3
IA 67.360 3
T 67.375 1 244 4545 10
T 67.375 2 233 4588 10
T 67.397 1 245 4545 10
T 67.397 2 234 4588 10
T 67.419 1 246 4545 10
T 67.419 2 235 4588 10
T 67.441 1 247 4545 10
T 67.441 2 236 4588 10
T 67.497 1 248 4545 10
T 67.497 2 237 4588 10
T 67.497 3 227 4565 10
T 67.520 1 249 4545 10
T 67.520 2 238 4588 10
T 67.520 3 228 4565 10
T 67.543 1 250 4545 10
T 67.543 2 239 4588 10
T 67.543 3 229 4565 10
P 67.564 5
F 67.564 5 10
IQ 67.564 5
IS 67.565 5
T 67.567 1 251 4545 10
T 67.567 2 240 4588 10
T 67.567 3 230 4565 10
T 67.589 2 241 4588 10
T 67.589 3 231 4565 10
IE 67.592 4
IR 67.592 4
IA 67.594 4
T 67.612 2 242 4588 10
T 67.612 3 232 4565 10
T 67.635 2 243 4588 10
T 67.635 3 233 4565 10
T 67.657 2 244 4588 10
T 67.657 3 234 4565 10
T 67.679 2 245 4588 10
T 67.679 3 235 4565 10
T 67.745 2 246 4588 10
T 67.745 3 236 4565 10
T 67.745 4 227 4552 10
T 67.768 2 247 4588 10
T 67.768 3 237 4565 10
T 67.768 4 228 4552 10
T 67.791 2 248 4588 10
T 67.791 3 238 4565 10
T 67.791 4 229 4552 10
T 67.814 2 249 4588 10
T 67.814 3 239 4565 10
T 67.814 4 230 4552 10
P 67.815 6
F 67.815 6 10
IQ 67.815 6
IS 67.816 6
T 67.836 2 250 4588 10
T 67.836 3 240 4565 10
T 67.837 4 231 4552 10
T 67.861 2 251 4588 10
T 67.861 3 241 4565 10
T 67.861 4 232 4552 10
IE 67.864 5
IR 67.865 5
IA 67.866 5
T 67.887 3 242 4565 10
T 67.887 4 233 4552 10
T 67.911 3 243 4565 10
T 67.911 4 234 4552 10
T 67.935 3 244 4565 10
T 67.935 4 235 4552 10
T 67.957 3 245 4565 10
T 67.957 4 236 4552 10
T 68.019 3 246 4565 10
T 68.019 4 237 4552 10
T 68.019 5 227 4530 10
T 68.042 3 247 4565 10
T 68.042 4 238 4552 10
T 68.042 5 228 4530 10
P 68.063 7
F 68.064 7 10
IQ 68.064 7
IS 68.065 7
T 68.066 3 248 4565 10
T 68.066 4 239 4552 10
T 68.066 5 229 4530 10
T 68.088 3 249 4565 10
T 68.088 4 240 4552 10
T 68.088 5 230 4530 10
IE 68.105 6
IR 68.106 6
IA 68.107 6
T 68.112 3 250 4565 10
T 68.112 4 241 4552 10
T 68.112 5 231 4530 10
T 68.136 3 251 4565 10
T 68.136 4 242 4552 10
T 68.136 5 232 4530 10
T 68.158 4 243 4552 10
T 68.158 5 233 4530 10
T 68.180 4 244 4552 10
T 68.180 5 234 4530 10
T 68.246 4 245 4552 10
T 68.246 5 235 4530 10
T 68.246 6 227 4600 10
T 68.269 4 246 4552 10
T 68.269 5 236 4530 10
T 68.269 6 228 4600 10
T 68.291 4 247 4552 10
T 68.292 5 237 4530 10
T 68.292 6 229 4600 10
T 68.315 4 248 4552 10
T 68.315 5 238 4530 10
T 68.315 6 230 4600 10
P 68.316 8
F 68.316 8 11
IQ 68.316 8
IS 68.317 8
T 68.337 4 249 4552 10
T 68.337 5 239 4530 10
T 68.338 6 231 4600 10
IE 68.342 7
IR 68.342 7
IA 68.344 7
T 68.361 4 250 4552 10
T 68.361 5 240 4530 10
T 68.361 6 232 4600 10
T 68.385 4 251 4552 10
T 68.385 5 241 4530 10
T 68.385 6 233 4600 10
T 68.407 5 242 4530 10
T 68.407 6 234 4600 10
T 68.429 5 243 4530 10
T 68.429 6 235 4600 10
T 68.485 5 244 4530 10
T 68.485 6 236 4600 10
T 68.485 7 227 4545 10
T 68.508 5 245 4530 10
T 68.508 6 237 4600 10
T 68.508 7 228 4545 10
T 68.530 5 246 4530 10
T 68.530 6 238 4600 10
T 68.531 7 229 4545 10
T 68.553 5 247 4530 10
T 68.553 6 239 4600 10
T 68.553 7 230 4545 10
P 68.563 1
F 68.563 1 11
IQ 68.563 1
IS 68.564 1
T 68.576 5 248 4530 10
T 68.576 6 240 4600 10
T 68.576 7 231 4545 10
T 68.599 5 249 4530 10
T 68.599 6 241 4600 10
T 68.599 7 232 4545 10
IE 68.611 8
IR 68.612 8
IA 68.613 8
T 68.623 5 250 4530 10
T 68.623 6 242 4600 10
T 68.623 7 233 4545 10
T 68.646 5 251 4530 10
T 68.646 6 243 4600 10
T 68.646 7 234 4545 10
T 68.668 6 244 4600 10
T 68.668 7 235 4545 10
T 68.691 6 245 4600 10
T 68.691 7 236 4545 10
T 68.756 6 246 4600 10
T 68.756 7 237 4545 10
T 68.756 8 252 4595 11
T 68.779 6 247 4600 10
T 68.779 7 238 4545 10
T 68.779 8 253 4595 11
T 68.802 6 248 4600 10
T 68.802 7 239 4545 10
T 68.802 8 254 4595 11
P 68.813 2
F 68.814 2 11
IQ 68.814 2
IS 68.814 2
T 68.824 6 249 4600 10
T 68.824 7 240 4545 10
T 68.824 8 255 4595 11
IE 68.844 1
IR 68.844 1
IA 68.846 1
T 68.847 6 250 4600 10
T 68.848 7 241 4545 10
T 68.848 8 256 4595 11
T 68.873 6 251 4600 10
T 68.873 7 242 4545 10
T 68.873 8 257 4595 11
T 68.895 7 243 4545 10
T 68.895 8 258 4595 11
T 68.918 7 244 4545 10
T 68.918 8 259 4595 11
T 68.940 7 245 4545 10
T 68.940 8 260 4595 11
T 68.994 7 246 4545 10
T 68.994 8 261 4595 11
T 68.994 1 252 4598 11
T 69.017 7 247 4545 10
T 69.017 8 262 4595 11
T 69.017 1 253 4598 11
T 69.040 7 248 4545 10
T 69.040 8 263 4595 11
T 69.040 1 254 4598 11
T 69.063 7 249 4545 10
T 69.063 8 264 4595 11
T 69.063 1 255 4598 11
P 69.064 3
F 69.064 3 11
IQ 69.064 3
IS 69.064 3
T 69.085 7 250 4545 10
T 69.085 8 265 4595 11
T 69.085 1 256 4598 11
T 69.109 7 251 4545 10
T 69.109 8 266 4595 11
T 69.109 1 257 4598 11
IE 69.112 2
IR 69.112 2
IA 69.114 2
T 69.132 8 267 4595 11
T 69.132 1 258 4598 11
T 69.155 8 268 4595 11
T 69.155 1 259 4598 11
T 69.177 8 269 4595 11
T 69.177 1 260 4598 11
T 69.199 8 270 4595 11
T 69.199 1 261 4598 11
T 69.265 8 271 4595 11
T 69.265 1 262 4598 11
T 69.265 2 252 4641 11
T 69.287 8 272 4595 11
T 69.288 1 263 4598 11
T 69.288 2 253 4641 11
T 69.310 8 273 4595 11
T 69.310 1 264 4598 11
T 69.310 2 254 4641 11
P 69.313 4
F 69.313 4 11
IQ 69.314 4
IS 69.314 4
IE 69.328 3
IR 69.328 3
IA 69.330 3
T 69.334 8 274 4595 11
T 69.334 1 265 4598 11
T 69.334 2 255 4641 11
T 69.357 8 275 4595 11
T 69.358 1 266 4598 11
T 69.358 2 256 4641 11
T 69.381 8 276 4595 11
T 69.381 1 267 4598 11
T 69.381 2 257 4641 11
T 69.403 1 268 4598 11
T 69.403 2 258 4641 11
T 69.425 1 269 4598 11
T 69.425 2 259 4641 11
T 69.481 1 270 4598 11
T 69.481 2 260 4641 11
T 69.481 3 252 4618 11
T 69.504 1 271 4598 11
T 69.504 2 261 4641 11
T 69.504 3 253 4618 11
T 69.527 1 272 4598 11
T 69.527 2 262 4641 11
T 69.527 3 254 4618 11
T 69.549 1 273 4598 11
T 69.549 2 263 4641 11
T 69.549 3 255 4618 11
P 69.564 5
F 69.565 5 11
IQ 69.565 5
IS 69.565 5
T 69.572 1 274 4598 11
T 69.572 2 264 4641 11
T 69.572 3 256 4618 11
T 69.595 1 275 4598 11
T 69.595 2 265 4641 11
T 69.595 3 257 4618 11
T 69.619 1 276 4598 11
T 69.619 2 266 4641 11
T 69.619 3 258 4618 11
IE 69.636 4
IR 69.647 4
IA 69.649 4
T 69.650 2 267 4641 11
T 69.650 3 259 4618 11
T 69.664 2 268 4641 11
T 69.665 3 260 4618 11
T 69.687 2 269 4641 11
T 69.687 3 261 4618 11
T 69.709 2 270 4641 11
T 69.709 3 262 4618 11
T 69.731 2 271 4641 11
T 69.731 3 263 4618 11
T 69.787 2 272 4641 11
T 69.787 3 264 4618 11
T 69.787 4 252 4605 11
T 69.810 2 273 4641 11
T 69.810 3 265 4618 11
T 69.810 4 253 4605 11
P 69.813 6
F 69.814 6 11
IQ 69.814 6
IS 69.814 6
T 69.833 2 274 4641 11
T 69.833 3 266 4618 11
T 69.833 4 254 4605 11
IE 69.835 5
IR 69.835 5
IA 69.837 5
T 69.858 2 275 4641 11
T 69.858 3 267 4618 11
T 69.858 4 255 4605 11
T 69.883 2 276 4641 11
T 69.883 3 268 4618 11
T 69.883 4 256 4605 11
T 69.905 3 269 4618 11
T 69.905 4 257 4605 11
T 69.927 3 270 4618 11
T 69.927 4 258 4605 11
T 69.983 3 271 4618 11
T 69.984 4 259 4605 11
T 69.984 5 252 4583 11
T 70.006 3 272 4618 11
T 70.006 4 260 4605 11
T 70.006 5 253 4583 11
T 70.029 3 273 4618 11
T 70.029 4 261 4605 11
T 70.029 5 254 4583 11
T 70.052 3 274 4618 11
T 70.052 4 262 4605 11
T 70.052 5 255 4583 11
P 70.064 7
F 70.064 7 11
IQ 70.065 7
IS 70.065 7
T 70.075 3 275 4618 11
T 70.075 4 263 4605 11
T 70.075 5 256 4583 11
T 70.098 3 276 4618 11
T 70.098 4 264 4605 11
T 70.098 5 257 4583 11
T 70.120 4 265 4605 11
T 70.120 5 258 4583 11
IE 70.133 6
IR 70.142 6
IA 70.144 6
T 70.145 4 266 4605 11
T 70.145 5 259 4583 11
T 70.166 4 267 4605 11
T 70.166 5 260 4583 11
T 70.188 4 268 4605 11
T 70.189 5 261 4583 11
T 70.211 4 269 4605 11
T 70.211 5 262 4583 11
T 70.233 4 270 4605 11
T 70.233 5 263 4583 11
T 70.289 4 271 4605 11
T 70.289 5 264 4583 11
T 70.289 6 252 4653 11
T 70.312 4 272 4605 11
T 70.312 5 265 4583 11
T 70.312 6 253 4653 11
P 70.313 8
F 70.314 8 12
IQ 70.314 8
IS 70.315 8
T 70.341 4 273 4605 11
T 70.341 5 266 4583 11
T 70.341 6 254 4653 11
T 70.358 4 274 4605 11
T 70.358 5 267 4583 11
T 70.358 6 255 4653 11
IE 70.363 7
IR 70.363 7
IA 70.365 7
T 70.382 4 275 4605 11
T 70.382 5 268 4583 11
T 70.383 6 256 4653 11
T 70.406 4 276 4605 11
T 70.406 5 269 4583 11
T 70.406 6 257 4653 11
T 70.428 5 270 4583 11
T 70.428 6 258 4653 11
T 70.450 5 271 4583 11
T 70.450 6 259 4653 11
T 70.504 5 272 4583 11
T 70.504 6 260 4653 11
T 70.504 7 252 4598 11
T 70.526 5 273 4583 11
T 70.526 6 261 4653 11
T 70.526 7 253 4598 11
T 70.549 5 274 4583 11
T 70.549 6 262 4653 11
T 70.549 7 254 4598 11
P 70.563 1
F 70.564 1 12
IQ 70.564 1
IS 70.564 1
T 70.572 5 275 4583 11
T 70.572 6 263 4653 11
T 70.573 7 255 4598 11
T 70.596 5 276 4583 11
T 70.596 6 264 4653 11
T 70.596 7 256 4598 11
T 70.618 6 265 4653 11
T 70.618 7 257 4598 11
T 70.640 6 266 4653 11
T 70.640 7 258 4598 11
T 70.662 6 267 4653 11
T 70.662 7 259 4598 11
IE 70.665 8
IR 70.665 8
IA 70.667 8
T 70.685 6 268 4653 11
T 70.685 7 260 4598 11
T 70.707 6 269 4653 11
T 70.707 7 261 4598 11
T 70.729 6 270 4653 11
T 70.729 7 262 4598 11
T 70.752 6 271 4653 11
T 70.752 7 263 4598 11
P 70.813 2
F 70.814 2 12
IQ 70.814 2
IS 70.815 2
T 70.817 6 272 4653 11
T 70.817 7 264 4598 11
T 70.817 8 277 4648 12
T 70.839 6 273 4653 11
T 70.840 7 265 4598 11
T 70.840 8 278 4648 12
T 70.863 6 274 4653 11
T 70.863 7 266 4598 11
T 70.863 8 279 4648 12
T 70.886 6 275 4653 11
T 70.886 7 267 4598 11
T 70.886 8 280 4648 12
IE 70.889 1
IR 70.899 1
IA 70.900 1
T 70.911 6 276 4653 11
T 70.911 7 268 4598 11
T 70.911 8 281 4648 12
T 70.933 7 269 4598 11
T 70.933 8 282 4648 12
T 70.955 7 270 4598 11
T 70.956 8 283 4648 12
T 70.978 7 271 4598 11
T 70.978 8 284 4648 12
T 71.044 7 272 4598 11
T 71.044 8 285 4648 12
T 71.044 1 277 4651 12
P 71.063 3
F 71.064 3 12
IQ 71.064 3
IS 71.065 3
T 71.067 7 273 4598 11
T 71.067 8 286 4648 12
T 71.067 1 278 4651 12
T 71.089 7 274 4598 11
T 71.089 8 287 4648 12
T 71.090 1 279 4651 12
T 71.112 7 275 4598 11
T 71.112 8 288 4648 12
T 71.112 1 280 4651 12
T 71.136 7 276 4598 11
T 71.136 8 289 4648 12
T 71.136 1 281 4651 12
T 71.158 8 290 4648 12
T 71.158 1 282 4651 12
IE 71.159 2
IR 71.160 2
IA 71.161 2
T 71.181 8 291 4648 12
T 71.181 1 283 4651 12
T 71.204 8 292 4648 12
T 71.204 1 284 4651 12
T 71.226 8 293 4648 12
T 71.226 1 285 4651 12
T 71.248 8 294 4648 12
T 71.248 1 286 4651 12
T 71.302 8 295 4648 12
T 71.302 1 287 4651 12
T 71.302 2 277 4694 12
P 71.315 4
F 71.315 4 12
IQ 71.316 4
IS 71.316 4
T 71.325 8 296 4648 12
T 71.325 1 288 4651 12
T 71.325 2 278 4694 12
T 71.348 8 297 4648 12
T 71.348 1 289 4651 12
T 71.348 2 279 4694 12
T 71.371 8 298 4648 12
T 71.371 1 290 4651 12
T 71.372 2 280 4694 12
T 71.395 8 299 4648 12
T 71.395 1 291 4651 12
T 71.395 2 281 4694 12
IE 71.399 3
IR 71.399 3
IA 71.401 3
T 71.418 8 300 4648 12
T 71.418 1 292 4651 12
T 71.419 2 282 4694 12
T 71.443 8 301 4648 12
T 71.443 1 293 4651 12
T 71.443 2 283 4694 12
T 71.464 1 294 4651 12
T 71.464 2 284 4694 12
T 71.487 1 295 4651 12
T 71.487 2 285 4694 12
T 71.543 1 296 4651 12
T 71.543 2 286 4694 12
T 71.543 3 277 4671 12
P 71.564 5
F 71.565 5 12
IQ 71.565 5
IS 71.566 5
T 71.566 1 297 4651 12
T 71.567 2 287 4694 12
T 71.567 3 278 4671 12
T 71.588 1 298 4651 12
T 71.588 2 288 4694 12
T 71.588 3 279 4671 12
T 71.611 1 299 4651 12
T 71.611 2 289 4694 12
T 71.611 3 280 4671 12
IE 71.623 4
IR 71.624 4
IA 71.625 4
T 71.635 1 300 4651 12
T 71.635 2 290 4694 12
T 71.635 3 281 4671 12
T 71.659 1 301 4651 12
T 71.659 2 291 4694 12
T 71.659 3 282 4671 12
T 71.681 2 292 4694 12
T 71.682 3 283 4671 12
T 71.704 2 293 4694 12
T 71.704 3 284 4671 12
T 71.760 2 294 4694 12
T 71.760 3 285 4671 12
T 71.760 4 277 4658 12
T 71.783 2 295 4694 12
T 71.783 3 286 4671 12
T 71.783 4 278 4658 12
T 71.806 2 296 4694 12
T 71.806 3 287 4671 12
T 71.806 4 279 4658 12
P 71.813 6
F 71.813 6 12
IQ 71.814 6
IS 71.814 6
T 71.829 2 297 4694 12
T 71.829 3 288 4671 12
T 71.829 4 280 4658 12
T 71.851 2 298 4694 12
T 71.851 3 289 4671 12
T 71.851 4 281 4658 12
T 71.874 2 299 4694 12
T 71.874 3 290 4671 12
T 71.875 4 282 4658 12
IE 71.898 5
T 71.898 2 300 4694 12
T 71.898 3 291 4671 12
T 71.898 4 283 4658 12
IR 71.898 5
IA 71.900 5
T 71.922 2 301 4694 12
T 71.922 3 292 4671 12
T 71.922 4 284 4658 12
T 71.944 3 293 4671 12
T 71.944 4 285 4658 12
T 71.967 3 294 4671 12
T 71.967 4 286 4658 12
T 71.989 3 295 4671 12
T 71.989 4 287 4658 12
T 72.056 3 296 4671 12
T 72.056 4 288 4658 12
T 72.056 5 277 4636 12
P 72.063 7
F 72.064 7 12
IQ 72.065 7
IS 72.065 7
T 72.081 3 297 4671 12
T 72.081 4 289 4658 12
T 72.081 5 278 4636 12
IE 72.088 6
IR 72.089 6
IA 72.091 6
T 72.103 3 298 4671 12
T 72.103 4 290 4658 12
T 72.103 5 279 4636 12
T 72.126 3 299 4671 12
T 72.126 4 291 4658 12
T 72.126 5 280 4636 12
T 72.149 3 300 4671 12
T 72.149 4 292 4658 12
T 72.149 5 281 4636 12
T 72.173 3 301 4671 12
T 72.173 4 293 4658 12
T 72.173 5 282 4636 12
T 72.228 4 294 4658 12
T 72.228 5 283 4636 12
T 72.228 6 277 4706 12
T 72.251 4 295 4658 12
T 72.251 5 284 4636 12
T 72.251 6 278 4706 12
T 72.273 4 296 4658 12
T 72.273 5 285 4636 12
T 72.274 6 279 4706 12
T 72.296 4 297 4658 12
T 72.296 5 286 4636 12
T 72.296 6 280 4706 12
P 72.314 8
F 72.315 8 13
IQ 72.315 8
IS 72.315 8
T 72.319 4 298 4658 12
T 72.319 5 287 4636 12
T 72.319 6 281 4706 12
T 72.342 4 299 4658 12
T 72.342 5 288 4636 12
T 72.342 6 282 4706 12
IE 72.361 7
IR 72.366 7
IA 72.368 7
T 72.370 4 300 4658 12
T 72.370 5 289 4636 12
T 72.370 6 283 4706 12
T 72.389 4 301 4658 12
T 72.389 5 290 4636 12
T 72.390 6 284 4706 12
T 72.412 5 291 4636 12
T 72.412 6 285 4706 12
T 72.434 5 292 4636 12
T 72.434 6 286 4706 12
T 72.456 5 293 4636 12
T 72.456 6 287 4706 12
T 72.523 5 294 4636 12
T 72.523 6 288 4706 12
T 72.523 7 277 4651 12
T 72.545 5 295 4636 12
T 72.545 6 289 4706 12
T 72.545 7 278 4651 12
P 72.564 1
F 72.565 1 13
IQ 72.565 1
IS 72.565 1
T 72.568 5 296 4636 12
T 72.568 6 290 4706 12
T 72.568 7 279 4651 12
T 72.591 5 297 4636 12
T 72.591 6 291 4706 12
T 72.591 7 280 4651 12
IE 72.593 8
IR 72.593 8
IA 72.595 8
T 72.614 5 298 4636 12
T 72.615 6 292 4706 12
T 72.615 7 281 4651 12
T 72.638 5 299 4636 12
T 72.638 6 293 4706 12
T 72.638 7 282 4651 12
T 72.661 5 300 4636 12
T 72.661 6 294 4706 12
T 72.661 7 283 4651 12
T 72.684 5 301 4636 12
T 72.684 6 295 4706 12
T 72.684 7 284 4651 12
T 72.740 6 296 4706 12
T 72.740 7 285 4651 12
T 72.740 8 302 4701 13
T 72.763 6 297 4706 12
T 72.763 7 286 4651 12
T 72.763 8 303 4701 13
T 72.786 6 298 4706 12
T 72.786 7 287 4651 12
T 72.786 8 304 4701 13
T 72.809 6 299 4706 12
T 72.809 7 288 4651 12
T 72.809 8 305 4701 13
P 72.814 2
F 72.814 2 13
IQ 72.815 2
IS 72.815 2
T 72.832 6 300 4706 12
T 72.832 7 289 4651 12
T 72.832 8 306 4701 13
T 72.856 6 301 4706 12
T 72.856 7 290 4651 12
T 72.856 8 307 4701 13
IE 72.869 1
IR 72.870 1
IA 72.871 1
T 72.879 7 291 4651 12
T 72.879 8 308 4701 13
T 72.902 7 292 4651 12
T 72.902 8 309 4701 13
T 72.924 7 293 4651 12
T 72.924 8 310 4701 13
T 72.946 7 294 4651 12
T 72.946 8 311 4701 13
T 73.012 7 295 4651 12
T 73.013 8 312 4701 13
T 73.013 1 302 4704 13
T 73.035 7 296 4651 12
T 73.035 8 313 4701 13
T 73.035 1 303 4704 13
T 73.058 7 297 4651 12
T 73.058 8 314 4701 13
T 73.058 1 304 4704 13
P 73.065 3
F 73.066 3 13
IQ 73.066 3
IS 73.066 3
T 73.081 7 298 4651 12
T 73.081 8 315 4701 13
T 73.081 1 305 4704 13
IE 73.082 2
IR 73.083 2
IA 73.084 2
T 73.105 7 299 4651 12
T 73.105 8 316 4701 13
T 73.105 1 306 4704 13
T 73.128 7 300 4651 12
T 73.128 8 317 4701 13
T 73.129 1 307 4704 13
T 73.152 7 301 4651 12
T 73.152 8 318 4701 13
T 73.152 1 308 4704 13
T 73.173 8 319 4701 13
T 73.173 1 309 4704 13
T 73.230 8 320 4701 13
T 73.230 1 310 4704 13
T 73.230 2 302 4747 13
T 73.253 8 321 4701 13
T 73.253 1 311 4704 13
T 73.253 2 303 4747 13
T 73.276 8 322 4701 13
T 73.276 1 312 4704 13
T 73.276 2 304 4747 13
T 73.298 8 323 4701 13
T 73.299 1 313 4704 13
T 73.299 2 305 4747 13
P 73.313 4
F 73.314 4 13
IQ 73.314 4
IS 73.314 4
T 73.326 8 324 4701 13
T 73.326 1 314 4704 13
T 73.326 2 306 4747 13
T 73.344 8 325 4701 13
T 73.344 1 315 4704 13
T 73.344 2 307 4747 13
IE 73.359 3
IR 73.359 3
IA 73.360 3
T 73.369 8 326 4701 13
T 73.369 1 316 4704 13
T 73.369 2 308 4747 13
T 73.391 1 317 4704 13
T 73.391 2 309 4747 13
T 73.414 1 318 4704 13
T 73.414 2 310 4747 13
T 73.436 1 319 4704 13
T 73.436 2 311 4747 13
T 73.503 1 320 4704 13
T 73.503 2 312 4747 13
T 73.503 3 302 4724 13
T 73.526 1 321 4704 13
T 73.526 2 313 4747 13
T 73.526 3 303 4724 13
T 73.548 1 322 4704 13
T 73.549 2 314 4747 13
T 73.549 3 304 4724 13
P 73.563 5
F 73.564 5 13
IQ 73.564 5
IS 73.564 5
T 73.571 1 323 4704 13
T 73.571 2 315 4747 13
T 73.571 3 305 4724 13
T 73.594 1 324 4704 13
T 73.594 2 316 4747 13
T 73.594 3 306 4724 13
T 73.617 1 325 4704 13
T 73.617 2 317 4747 13
T 73.617 3 307 4724 13
T 73.641 1 326 4704 13
T 73.641 2 318 4747 13
T 73.641 3 308 4724 13
T 73.663 2 319 4747 13
T 73.663 3 309 4724 13
IE 73.675 4
IR 73.675 4
IA 73.677 4
T 73.686 2 320 4747 13
T 73.686 3 310 4724 13
T 73.709 2 321 4747 13
T 73.709 3 311 4724 13
T 73.731 2 322 4747 13
T 73.731 3 312 4724 13
T 73.753 2 323 4747 13
T 73.754 3 313 4724 13
T 73.810 2 324 4747 13
T 73.810 3 314 4724 13
T 73.810 4 302 4711 13
P 73.813 6
F 73.814 6 13
IQ 73.814 6
IS 73.815 6
T 73.833 2 325 4747 13
T 73.833 3 315 4724 13
T 73.833 4 303 4711 13
T 73.856 2 326 4747 13
T 73.856 3 316 4724 13
T 73.857 4 304 4711 13
IE 73.865 5
IR 73.865 5
IA 73.867 5
T 73.880 3 317 4724 13
T 73.880 4 305 4711 13
T 73.902 3 318 4724 13
T 73.903 4 306 4711 13
T 73.925 3 319 4724 13
T 73.925 4 307 4711 13
T 73.947 3 320 4724 13
T 73.947 4 308 4711 13
T 74.014 3 321 4724 13
T 74.014 4 309 4711 13
T 74.014 5 302 4689 13
T 74.037 3 322 4724 13
T 74.037 4 310 4711 13
T 74.037 5 303 4689 13
T 74.060 3 323 4724 13
T 74.060 4 311 4711 13
T 74.060 5 304 4689 13
P 74.063 7
F 74.064 7 13
IQ 74.064 7
IS 74.064 7
T 74.083 3 324 4724 13
T 74.083 4 312 4711 13
T 74.083 5 305 4689 13
T 74.106 3 325 4724 13
T 74.106 4 313 4711 13
T 74.106 5 306 4689 13
IE 74.118 6
IR 74.119 6
IA 74.120 6
T 74.130 3 326 4724 13
T 74.130 4 314 4711 13
T 74.130 5 307 4689 13
T 74.153 4 315 4711 13
T 74.153 5 308 4689 13
T 74.175 4 316 4711 13
T 74.175 5 309 4689 13
T 74.197 4 317 4711 13
T 74.197 5 310 4689 13
T 74.253 4 318 4711 13
T 74.253 5 311 4689 13
T 74.253 6 302 4759 13
T 74.276 4 319 4711 13
T 74.276 5 312 4689 13
T 74.276 6 303 4759 13
T 74.299 4 320 4711 13
T 74.299 5 313 4689 13
T 74.299 6 304 4759 13
P 74.313 8
F 74.314 8 14
IQ 74.314 8
IS 74.314 8
T 74.322 4 321 4711 13
T 74.322 5 314 4689 13
T 74.322 6 305 4759 13
T 74.345 4 322 4711 13
T 74.345 5 315 4689 13
T 74.345 6 306 4759 13
IE 74.349 7
IR 74.349 7
IA 74.350 7
T 74.369 4 323 4711 13
T 74.369 5 316 4689 13
T 74.369 6 307 4759 13
T 74.392 4 324 4711 13
T 74.392 5 317 4689 13
T 74.392 6 308 4759 13
T 74.415 4 325 4711 13
T 74.415 5 318 4689 13
T 74.415 6 309 4759 13
T 74.439 4 326 4711 13
T 74.439 5 319 4689 13
T 74.439 6 310 4759 13
T 74.505 5 320 4689 13
T 74.505 6 311 4759 13
T 74.505 7 302 4704 13
T 74.528 5 321 4689 13
T 74.528 6 312 4759 13
T 74.528 7 303 4704 13
T 74.551 5 322 4689 13
T 74.551 6 313 4759 13
T 74.551 7 304 4704 13
P 74.564 1
F 74.564 1 14
IQ 74.564 1
IS 74.565 1
T 74.573 5 323 4689 13
T 74.573 6 314 4759 13
T 74.573 7 305 4704 13
T 74.596 5 324 4689 13
T 74.596 6 315 4759 13
T 74.596 7 306 4704 13
T 74.619 5 325 4689 13
T 74.619 6 316 4759 13
T 74.619 7 307 4704 13
T 74.643 5 326 4689 13
T 74.643 6 317 4759 13
T 74.643 7 308 4704 13
IE 74.649 8
IR 74.659 8
IA 74.660 8
T 74.665 6 318 4759 13
T 74.666 7 309 4704 13
T 74.688 6 319 4759 13
T 74.688 7 310 4704 13
T 74.711 6 320 4759 13
T 74.711 7 311 4704 13
T 74.733 6 321 4759 13
T 74.733 7 312 4704 13
T 74.789 6 322 4759 13
T 74.789 7 313 4704 13
T 74.789 8 327 4754 14
T 74.812 6 323 4759 13
T 74.812 7 314 4704 13
T 74.812 8 328 4754 14
P 74.813 2
F 74.814 2 14
IQ 74.814 2
IS 74.814 2
T 74.834 6 324 4759 13
T 74.834 7 315 4704 13
T 74.835 8 329 4754 14
T 74.857 6 325 4759 13
T 74.857 7 316 4704 13
T 74.857 8 330 4754 14
IE 74.875 1
IR 74.875 1
IA 74.876 1
T 74.882 6 326 4759 13
T 74.882 7 317 4704 13
T 74.882 8 331 4754 14
T 74.904 7 318 4704 13
T 74.904 8 332 4754 14
T 74.926 7 319 4704 13
T 74.927 8 333 4754 14
T 74.949 7 320 4704 13
T 74.949 8 334 4754 14
T 75.005 7 321 4704 13
T 75.005 8 335 4754 14
T 75.005 1 327 4757 14
T 75.029 7 322 4704 13
T 75.030 8 336 4754 14
T 75.030 1 328 4757 14
T 75.053 7 323 4704 13
T 75.053 8 337 4754 14
T 75.053 1 329 4757 14
P 75.067 3
F 75.067 3 14
IQ 75.068 3
IS 75.068 3
IE 75.070 2
IR 75.071 2
IA 75.072 2
T 75.076 7 324 4704 13
T 75.076 8 338 4754 14
T 75.076 1 330 4757 14
T 75.100 7 325 4704 13
T 75.100 8 339 4754 14
T 75.100 1 331 4757 14
T 75.124 7 326 4704 13
T 75.124 8 340 4754 14
T 75.124 1 332 4757 14
T 75.146 8 341 4754 14
T 75.146 1 333 4757 14
T 75.168 8 342 4754 14
T 75.168 1 334 4757 14
T 75.225 8 343 4754 14
T 75.225 1 335 4757 14
T 75.225 2 327 4800 14
T 75.248 8 344 4754 14
T 75.248 1 336 4757 14
T 75.248 2 328 4800 14
T 75.270 8 345 4754 14
T 75.270 1 337 4757 14
T 75.270 2 329 4800 14
T 75.293 8 346 4754 14
T 75.293 1 338 4757 14
T 75.293 2 330 4800 14
P 75.313 4
F 75.314 4 14
IQ 75.314 4
IS 75.314 4
T 75.316 8 347 4754 14
T 75.316 1 339 4757 14
T 75.316 2 331 4800 14
T 75.339 8 348 4754 14
T 75.339 1 340 4757 14
T 75.339 2 332 4800 14
T 75.362 8 349 4754 14
T 75.362 1 341 4757 14
T 75.362 2 333 4800 14
IE 75.369 3
IR 75.370 3
IA 75.371 3
T 75.386 8 350 4754 14
T 75.386 1 342 4757 14
T 75.386 2 334 4800 14
T 75.410 8 351 4754 14
T 75.410 1 343 4757 14
T 75.410 2 335 4800 14
T 75.432 1 344 4757 14
T 75.432 2 336 4800 14
T 75.455 1 345 4757 14
T 75.455 2 337 4800 14
T 75.521 1 346 4757 14
T 75.521 2 338 4800 14
T 75.521 3 327 4777 14
T 75.544 1 347 4757 14
T 75.544 2 339 4800 14
T 75.544 3 328 4777 14
P 75.564 5
F 75.564 5 14
IQ 75.565 5
IS 75.565 5
T 75.567 1 348 4757 14
T 75.567 2 340 4800 14
T 75.567 3 329 4777 14
IE 75.569 4
IR 75.569 4
IA 75.571 4
T 75.591 1 349 4757 14
T 75.591 2 341 4800 14
T 75.591 3 330 4777 14
T 75.614 1 350 4757 14
T 75.614 2 342 4800 14
T 75.614 3 331 4777 14
T 75.637 1 351 4757 14
T 75.638 2 343 4800 14
T 75.638 3 332 4777 14
T 75.659 2 344 4800 14
T 75.659 3 333 4777 14
T 75.727 2 345 4800 14
T 75.727 3 334 4777 14
T 75.727 4 327 4764 14
T 75.750 2 346 4800 14
T 75.750 3 335 4777 14
T 75.750 4 328 4764 14
T 75.772 2 347 4800 14
T 75.772 3 336 4777 14
T 75.773 4 329 4764 14
T 75.795 2 348 4800 14
T 75.795 3 337 4777 14
T 75.795 4 330 4764 14
P 75.813 6
F 75.814 6 14
IQ 75.814 6
IS 75.815 6
T 75.818 2 349 4800 14
T 75.818 3 338 4777 14
T 75.818 4 331 4764 14
T 75.840 2 350 4800 14
T 75.840 3 339 4777 14
T 75.840 4 332 4764 14
IE 75.862 5
IR 75.862 5
IA 75.863 5
T 75.864 2 351 4800 14
T 75.864 3 340 4777 14
T 75.865 4 333 4764 14
T 75.889 3 341 4777 14
T 75.889 4 334 4764 14
T 75.911 3 342 4777 14
T 75.911 4 335 4764 14
T 75.933 3 343 4777 14
T 75.933 4 336 4764 14
T 75.956 3 344 4777 14
T 75.956 4 337 4764 14
T 76.010 3 345 4777 14
T 76.010 4 338 4764 14
T 76.011 5 327 4742 14
T 76.034 3 346 4777 14
T 76.034 4 339 4764 14
T 76.034 5 328 4742 14
T 76.057 3 347 4777 14
T 76.058 4 340 4764 14
T 76.058 5 329 4742 14
IE 76.058 6
IR 76.059 6
IA 76.060 6
P 76.064 7
F 76.065 7 14
IQ 76.065 7
IS 76.066 7
T 76.081 3 348 4777 14
T 76.081 4 341 4764 14
T 76.081 5 330 4742 14
T 76.105 3 349 4777 14
T 76.105 4 342 4764 14
T 76.105 5 331 4742 14
T 76.128 3 350 4777 14
T 76.128 4 343 4764 14
T 76.128 5 332 4742 14
T 76.152 3 351 4777 14
T 76.152 4 344 4764 14
T 76.152 5 333 4742 14
T 76.218 4 345 4764 14
T 76.218 5 334 4742 14
T 76.218 6 327 4812 14
T 76.241 4 346 4764 14
T 76.241 5 335 4742 14
T 76.241 6 328 4812 14
T 76.264 4 347 4764 14
T 76.264 5 336 4742 14
T 76.264 6 329 4812 14
T 76.286 4 348 4764 14
T 76.286 5 337 4742 14
T 76.287 6 330 4812 14
T 76.309 4 349 4764 14
T 76.309 5 338 4742 14
T 76.309 6 331 4812 14
P 76.314 8
F 76.314 8 15
IQ 76.314 8
IS 76.315 8
T 76.332 4 350 4764 14
T 76.332 5 339 4742 14
T 76.332 6 332 4812 14
IE 76.338 7
IR 76.339 7
IA 76.340 7
T 76.357 4 351 4764 14
T 76.357 5 340 4742 14
T 76.357 6 333 4812 14
T 76.379 5 341 4742 14
T 76.379 6 334 4812 14
T 76.401 5 342 4742 14
T 76.401 6 335 4812 14
T 76.458 5 343 4742 14
T 76.458 6 336 4812 14
T 76.458 7 327 4757 14
T 76.481 5 344 4742 14
T 76.481 6 337 4812 14
T 76.481 7 328 4757 14
T 76.504 5 345 4742 14
T 76.504 6 338 4812 14
T 76.504 7 329 4757 14
T 76.526 5 346 4742 14
T 76.527 6 339 4812 14
T 76.527 7 330 4757 14
T 76.549 5 347 4742 14
T 76.550 6 340 4812 14
T 76.550 7 331 4757 14
P 76.564 1
F 76.564 1 15
IQ 76.565 1
IS 76.565 1
T 76.573 5 348 4742 14
T 76.573 6 341 4812 14
T 76.573 7 332 4757 14
T 76.595 5 349 4742 14
T 76.595 6 342 4812 14
T 76.595 7 333 4757 14
IE 76.609 8
IR 76.609 8
IA 76.611 8
T 76.619 5 350 4742 14
T 76.619 6 343 4812 14
T 76.620 7 334 4757 14
T 76.643 5 351 4742 14
T 76.643 6 344 4812 14
T 76.643 7 335 4757 14
T 76.665 6 345 4812 14
T 76.666 7 336 4757 14
T 76.687 6 346 4812 14
T 76.687 7 337 4757 14
T 76.744 6 347 4812 14
T 76.744 7 338 4757 14
T 76.744 8 352 4807 15
T 76.766 6 348 4812 14
T 76.766 7 339 4757 14
T 76.766 8 353 4807 15
T 76.789 6 349 4812 14
T 76.789 7 340 4757 14
T 76.789 8 354 4807 15
T 76.812 6 350 4812 14
T 76.812 7 341 4757 14
T 76.812 8 355 4807 15
P 76.813 2
F 76.813 2 15
IQ 76.814 2
IS 76.814 2
T 76.835 6 351 4812 14
T 76.835 7 342 4757 14
T 76.835 8 356 4807 15
T 76.857 7 343 4757 14
T 76.857 8 357 4807 15
IE 76.870 1
IR 76.871 1
IA 76.872 1
T 76.880 7 344 4757 14
T 76.881 8 358 4807 15
T 76.903 7 345 4757 14
T 76.903 8 359 4807 15
T 76.925 7 346 4757 14
T 76.925 8 360 4807 15
T 76.948 7 347 4757 14
T 76.948 8 361 4807 15
T 77.004 7 348 4757 14
T 77.004 8 362 4807 15
T 77.004 1 352 4810 15
T 77.027 7 349 4757 14
T 77.027 8 363 4807 15
T 77.027 1 353 4810 15
T 77.050 7 350 4757 14
T 77.050 8 364 4807 15
T 77.050 1 354 4810 15
IE 77.062 2
IR 77.062 2
P 77.064 3
IA 77.065 2
F 77.065 3 15
IQ 77.065 3
IS 77.065 3
T 77.075 7 351 4757 14
T 77.075 8 365 4807 15
T 77.075 1 355 4810 15
T 77.097 8 366 4807 15
T 77.097 1 356 4810 15
T 77.120 8 367 4807 15
T 77.120 1 357 4810 15
T 77.142 8 368 4807 15
T 77.142 1 358 4810 15
T 77.209 8 369 4807 15
T 77.209 1 359 4810 15
T 77.209 2 352 4853 15
T 77.232 8 370 4807 15
T 77.232 1 360 4810 15
T 77.232 2 353 4853 15
T 77.254 8 371 4807 15
T 77.255 1 361 4810 15
T 77.255 2 354 4853 15
T 77.277 8 372 4807 15
T 77.277 1 362 4810 15
T 77.277 2 355 4853 15
T 77.300 8 373 4807 15
T 77.300 1 363 4810 15
T 77.300 2 356 4853 15
P 77.314 4
F 77.314 4 15
IQ 77.315 4
IS 77.315 4
T 77.323 8 374 4807 15
T 77.323 1 364 4810 15
T 77.323 2 357 4853 15
IE 77.339 3
IR 77.340 3
IA 77.341 3
T 77.347 8 375 4807 15
T 77.347 1 365 4810 15
T 77.347 2 358 4853 15
T 77.371 8 376 4807 15
T 77.371 1 366 4810 15
T 77.371 2 359 4853 15
T 77.393 1 367 4810 15
T 77.393 2 360 4853 15
T 77.415 1 368 4810 15
T 77.415 2 361 4853 15
T 77.470 1 369 4810 15
T 77.470 2 362 4853 15
T 77.470 3 352 4830 15
T 77.493 1 370 4810 15
T 77.493 2 363 4853 15
T 77.493 3 353 4830 15
T 77.515 1 371 4810 15
T 77.515 2 364 4853 15
T 77.516 3 354 4830 15
T 77.538 1 372 4810 15
T 77.538 2 365 4853 15
T 77.538 3 355 4830 15
T 77.561 1 373 4810 15
T 77.561 2 366 4853 15
T 77.561 3 356 4830 15
P 77.564 5
F 77.565 5 15
IQ 77.565 5
IS 77.565 5
T 77.584 1 374 4810 15
T 77.584 2 367 4853 15
T 77.584 3 357 4830 15
IE 77.587 4
IR 77.587 4
IA 77.589 4
T 77.609 1 375 4810 15
T 77.609 2 368 4853 15
T 77.609 3 358 4830 15
T 77.633 1 376 4810 15
T 77.633 2 369 4853 15
T 77.633 3 359 4830 15
T 77.655 2 370 4853 15
T 77.655 3 360 4830 15
T 77.679 2 371 4853 15
T 77.679 3 361 4830 15
T 77.753 2 372 4853 15
T 77.754 3 362 4830 15
T 77.754 4 352 4817 15
T 77.777 2 373 4853 15
T 77.777 3 363 4830 15
T 77.777 4 353 4817 15
T 77.801 2 374 4853 15
T 77.801 3 364 4830 15
T 77.802 4 354 4817 15
P 77.813 6
F 77.814 6 15
IQ 77.814 6
IS 77.815 6
T 77.825 2 375 4853 15
T 77.825 3 365 4830 15
T 77.825 4 355 4817 15
IE 77.844 5
IR 77.844 5
IA 77.846 5
T 77.849 2 376 4853 15
T 77.849 3 366 4830 15
T 77.849 4 356 4817 15
T 77.874 3 367 4830 15
T 77.874 4 357 4817 15
T 77.896 3 368 4830 15
T 77.896 4 358 4817 15
T 77.918 3 369 4830 15
T 77.919 4 359 4817 15
T 77.941 3 370 4830 15
T 77.941 4 360 4817 15
T 78.000 3 371 4830 15
T 78.000 4 361 4817 15
T 78.000 5 352 4795 15
T 78.022 3 372 4830 15
T 78.022 4 362 4817 15
T 78.022 5 353 4795 15
T 78.045 3 373 4830 15
T 78.045 4 363 4817 15
T 78.045 5 354 4795 15
P 78.065 7
F 78.066 7 15
IQ 78.066 7
IS 78.067 7
T 78.068 3 374 4830 15
T 78.069 4 364 4817 15
T 78.069 5 355 4795 15
T 78.091 3 375 4830 15
T 78.091 4 365 4817 15
T 78.091 5 356 4795 15
IE 78.106 6
IR 78.106 6
IA 78.108 6
T 78.115 3 376 4830 15
T 78.115 4 366 4817 15
T 78.115 5 357 4795 15
T 78.137 4 367 4817 15
T 78.137 5 358 4795 15
T 78.159 4 368 4817 15
T 78.159 5 359 4795 15
T 78.182 4 369 4817 15
T 78.182 5 360 4795 15
T 78.250 4 370 4817 15
T 78.250 5 361 4795 15
T 78.250 6 352 4865 15
T 78.273 4 371 4817 15
T 78.273 5 362 4795 15
T 78.273 6 353 4865 15
T 78.296 4 372 4817 15
T 78.296 5 363 4795 15
T 78.296 6 354 4865 15
P 78.314 8
F 78.315 8 16
IQ 78.315 8
IS 78.315 8
T 78.319 4 373 4817 15
T 78.319 5 364 4795 15
T 78.319 6 355 4865 15
T 78.343 4 374 4817 15
T 78.343 5 365 4795 15
T 78.343 6 356 4865 15
IE 78.348 7
IR 78.349 7
IA 78.350 7
T 78.366 4 375 4817 15
T 78.367 5 366 4795 15
T 78.367 6 357 4865 15
T 78.391 4 376 4817 15
T 78.391 5 367 4795 15
T 78.391 6 358 4865 15
T 78.413 5 368 4795 15
T 78.413 6 359 4865 15
T 78.435 5 369 4795 15
T 78.435 6 360 4865 15
T 78.492 5 370 4795 15
T 78.492 6 361 4865 15
T 78.493 7 352 4810 15
T 78.515 5 371 4795 15
T 78.515 6 362 4865 15
T 78.515 7 353 4810 15
T 78.538 5 372 4795 15
T 78.538 6 363 4865 15
T 78.538 7 354 4810 15
T 78.561 5 373 4795 15
T 78.561 6 364 4865 15
T 78.561 7 355 4810 15
P 78.564 1
F 78.564 1 16
IQ 78.564 1
IS 78.565 1
T 78.584 5 374 4795 15
T 78.584 6 365 4865 15
T 78.584 7 356 4810 15
T 78.607 5 375 4795 15
T 78.607 6 366 4865 15
T 78.607 7 357 4810 15
IE 78.610 8
IR 78.610 8
IA 78.611 8
T 78.631 5 376 4795 15
T 78.631 6 367 4865 15
T 78.632 7 358 4810 15
T 78.653 6 368 4865 15
T 78.653 7 359 4810 15
T 78.675 6 369 4865 15
T 78.676 7 360 4810 15
T 78.698 6 370 4865 15
T 78.698 7 361 4810 15
T 78.768 6 371 4865 15
T 78.768 7 362 4810 15
T 78.768 8 377 4860 16
T 78.791 6 372 4865 15
T 78.791 7 363 4810 15
T 78.791 8 378 4860 16
T 78.814 6 373 4865 15
T 78.814 7 364 4810 15
T 78.814 8 379 4860 16
P 78.814 2
F 78.815 2 16
IQ 78.815 2
IS 78.815 2
T 78.838 6 374 4865 15
T 78.838 7 365 4810 15
T 78.838 8 380 4860 16
IE 78.859 1
IR 78.859 1
IA 78.861 1
T 78.862 6 375 4865 15
T 78.862 7 366 4810 15
T 78.862 8 381 4860 16
T 78.889 6 376 4865 15
T 78.889 7 367 4810 15
T 78.889 8 382 4860 16
T 78.912 7 368 4810 15
T 78.912 8 383 4860 16
T 78.934 7 369 4810 15
T 78.934 8 384 4860 16
T 78.956 7 370 4810 15
T 78.956 8 385 4860 16
T 79.021 7 371 4810 15
T 79.021 8 386 4860 16
T 79.021 1 377 4863 16
T 79.044 7 372 4810 15
T 79.044 8 387 4860 16
T 79.044 1 378 4863 16
P 79.064 3
F 79.064 3 16
IQ 79.064 3
IS 79.065 3
T 79.067 7 373 4810 15
T 79.067 8 388 4860 16
T 79.067 1 379 4863 16
T 79.091 7 374 4810 15
T 79.091 8 389 4860 16
T 79.091 1 380 4863 16
IE 79.094 2
IR 79.094 2
IA 79.096 2
T 79.116 7 375 4810 15
T 79.116 8 390 4860 16
T 79.116 1 381 4863 16
T 79.140 7 376 4810 15
T 79.140 8 391 4860 16
T 79.140 1 382 4863 16
T 79.162 8 392 4860 16
T 79.162 1 383 4863 16
T 79.184 8 393 4860 16
T 79.184 1 384 4863 16
T 79.258 8 394 4860 16
T 79.258 1 385 4863 16
T 79.258 2 377 4906 16
T 79.280 8 395 4860 16
T 79.280 1 386 4863 16
T 79.280 2 378 4906 16
T 79.303 8 396 4860 16
T 79.303 1 387 4863 16
T 79.303 2 379 4906 16
IE 79.305 3
IR 79.306 3
IA 79.308 3
P 79.313 4
F 79.314 4 16
IQ 79.314 4
IS 79.314 4
T 79.326 8 397 4860 16
T 79.326 1 388 4863 16
T 79.327 2 380 4906 16
T 79.350 8 398 4860 16
T 79.350 1 389 4863 16
T 79.350 2 381 4906 16
T 79.373 8 399 4860 16
T 79.373 1 390 4863 16
T 79.373 2 382 4906 16
T 79.395 8 400 4860 16
T 79.396 1 391 4863 16
T 79.396 2 383 4906 16
T 79.454 8 401 4860 16
T 79.454 1 392 4863 16
T 79.454 2 384 4906 16
T 79.454 3 377 4883 16
T 79.476 1 393 4863 16
T 79.476 2 385 4906 16
T 79.476 3 378 4883 16
T 79.499 1 394 4863 16
T 79.499 2 386 4906 16
T 79.499 3 379 4883 16
T 79.522 1 395 4863 16
T 79.522 2 387 4906 16
T 79.522 3 380 4883 16
T 79.546 1 396 4863 16
T 79.546 2 388 4906 16
T 79.546 3 381 4883 16
P 79.563 5
F 79.564 5 16
IQ 79.564 5
IS 79.565 5
T 79.569 1 397 4863 16
T 79.569 2 389 4906 16
T 79.569 3 382 4883 16
IE 79.584 4
IR 79.584 4
IA 79.586 4
T 79.593 1 398 4863 16
T 79.593 2 390 4906 16
T 79.593 3 383 4883 16
T 79.616 1 399 4863 16
T 79.617 2 391 4906 16
T 79.617 3 384 4883 16
T 79.639 1 400 4863 16
T 79.639 2 392 4906 16
T 79.639 3 385 4883 16
T 79.663 1 401 4863 16
T 79.663 2 393 4906 16
T 79.663 3 386 4883 16
T 79.720 2 394 4906 16
T 79.720 3 387 4883 16
T 79.720 4 377 4870 16
T 79.742 2 395 4906 16
T 79.743 3 388 4883 16
T 79.743 4 378 4870 16
T 79.766 2 396 4906 16
T 79.766 3 389 4883 16
T 79.766 4 379 4870 16
T 79.788 2 397 4906 16
T 79.788 3 390 4883 16
T 79.788 4 380 4870 16
T 79.811 2 398 4906 16
T 79.811 3 391 4883 16
T 79.811 4 381 4870 16
P 79.815 6
F 79.815 6 16
IQ 79.816 6
IS 79.816 6
T 79.834 2 399 4906 16
T 79.834 3 392 4883 16
T 79.834 4 382 4870 16
T 79.856 2 400 4906 16
T 79.857 3 393 4883 16
T 79.857 4 383 4870 16
IE 79.867 5
IR 79.868 5
IA 79.870 5
T 79.881 2 401 4906 16
T 79.881 3 394 4883 16
T 79.881 4 384 4870 16
T 79.903 3 395 4883 16
T 79.904 4 385 4870 16
T 79.926 3 396 4883 16
T 79.926 4 386 4870 16
T 79.948 3 397 4883 16
T 79.948 4 387 4870 16
T 80.005 3 398 4883 16
T 80.006 4 388 4870 16
T 80.006 5 377 4848 16
T 80.028 3 399 4883 16
T 80.028 4 389 4870 16
T 80.028 5 378 4848 16
T 80.051 3 400 4883 16
T 80.051 4 390 4870 16
T 80.051 5 379 4848 16
P 80.064 7
F 80.065 7 16
IQ 80.065 7
IS 80.065 7
T 80.074 3 401 4883 16
T 80.074 4 391 4870 16
T 80.074 5 380 4848 16
T 80.096 4 392 4870 16
T 80.097 5 381 4848 16
IE 80.113 6
IR 80.113 6
IA 80.115 6
T 80.120 4 393 4870 16
T 80.120 5 382 4848 16
T 80.143 4 394 4870 16
T 80.143 5 383 4848 16
T 80.165 4 395 4870 16
T 80.165 5 384 4848 16
T 80.187 4 396 4870 16
T 80.187 5 385 4848 16
T 80.242 4 397 4870 16
T 80.242 5 386 4848 16
T 80.242 6 377 4918 16
T 80.264 4 398 4870 16
T 80.264 5 387 4848 16
T 80.264 6 378 4918 16
T 80.287 4 399 4870 16
T 80.287 5 388 4848 16
T 80.287 6 379 4918 16
IE 80.304 7
IR 80.304 7
IA 80.305 7
T 80.311 4 400 4870 16
T 80.311 5 389 4848 16
T 80.311 6 380 4918 16
P 80.314 8
F 80.314 8 17
IQ 80.314 8
IS 80.315 8
T 80.334 4 401 4870 16
T 80.334 5 390 4848 16
T 80.334 6 381 4918 16
T 80.356 5 391 4848 16
T 80.356 6 382 4918 16
T 80.379 5 392 4848 16
T 80.379 6 383 4918 16
T 80.440 5 393 4848 16
T 80.440 6 384 4918 16
T 80.440 7 377 4863 16
T 80.463 5 394 4848 16
T 80.463 6 385 4918 16
T 80.463 7 378 4863 16
T 80.486 5 395 4848 16
T 80.486 6 386 4918 16
T 80.486 7 379 4863 16
T 80.509 5 396 4848 16
T 80.509 6 387 4918 16
T 80.509 7 380 4863 16
T 80.531 5 397 4848 16
T 80.531 6 388 4918 16
T 80.532 7 381 4863 16
T 80.554 5 398 4848 16
T 80.554 6 389 4918 16
T 80.554 7 382 4863 16
P 80.565 1
F 80.565 1 17
IQ 80.566 1
IS 80.566 1
T 80.577 5 399 4848 16
T 80.577 6 390 4918 16
T 80.577 7 383 4863 16
T 80.600 5 400 4848 16
T 80.600 6 391 4918 16
T 80.600 7 384 4863 16
IE 80.607 8
IR 80.607 8
IA 80.609 8
T 80.625 5 401 4848 16
T 80.625 6 392 4918 16
T 80.625 7 385 4863 16
T 80.647 6 393 4918 16
T 80.647 7 386 4863 16
T 80.669 6 394 4918 16
T 80.669 7 387 4863 16
T 80.691 6 395 4918 16
T 80.691 7 388 4863 16
T 80.758 6 396 4918 16
T 80.758 7 389 4863 16
T 80.758 8 402 4913 17
T 80.781 6 397 4918 16
T 80.781 7 390 4863 16
T 80.781 8 403 4913 17
T 80.804 6 398 4918 16
T 80.804 7 391 4863 16
T 80.804 8 404 4913 17
P 80.813 2
F 80.814 2 17
IQ 80.814 2
IS 80.815 2
T 80.826 6 399 4918 16
T 80.826 7 392 4863 16
T 80.826 8 405 4913 17
IE 80.831 1
IR 80.831 1
IA 80.833 1
T 80.850 6 400 4918 16
T 80.850 7 393 4863 16
T 80.850 8 406 4913 17
T 80.874 6 401 4918 16
T 80.874 7 394 4863 16
T 80.874 8 407 4913 17
T 80.896 7 395 4863 16
T 80.896 8 408 4913 17
T 80.918 7 396 4863 16
T 80.918 8 409 4913 17
T 80.986 7 397 4863 16
T 80.986 8 410 4913 17
T 80.986 1 402 4916 17
T 81.009 7 398 4863 16
T 81.009 8 411 4913 17
T 81.009 1 403 4916 17
T 81.031 7 399 4863 16
T 81.032 8 412 4913 17
T 81.032 1 404 4916 17
T 81.055 7 400 4863 16
T 81.055 8 413 4913 17
T 81.055 1 405 4916 17
IE 81.061 2
IR 81.061 2
P 81.064 3
IA 81.065 2
F 81.065 3 17
IQ 81.066 3
IS 81.066 3
T 81.079 7 401 4863 16
T 81.079 8 414 4913 17
T 81.079 1 406 4916 17
T 81.101 8 415 4913 17
T 81.101 1 407 4916 17
T 81.124 8 416 4913 17
T 81.124 1 408 4916 17
T 81.145 8 417 4913 17
T 81.146 1 409 4916 17
T 81.213 8 418 4913 17
T 81.213 1 410 4916 17
T 81.213 2 402 4959 17
T 81.236 8 419 4913 17
T 81.236 1 411 4916 17
T 81.236 2 403 4959 17
T 81.258 8 420 4913 17
T 81.258 1 412 4916 17
T 81.258 2 404 4959 17
T 81.281 8 421 4913 17
T 81.281 1 413 4916 17
T 81.281 2 405 4959 17
T 81.304 8 422 4913 17
T 81.304 1 414 4916 17
T 81.304 2 406 4959 17
P 81.314 4
F 81.314 4 17
IQ 81.315 4
IS 81.315 4
IE 81.324 3
IR 81.325 3
IA 81.327 3
T 81.328 8 423 4913 17
T 81.328 1 415 4916 17
T 81.328 2 407 4959 17
T 81.350 8 424 4913 17
T 81.351 1 416 4916 17
T 81.351 2 408 4959 17
T 81.373 8 425 4913 17
T 81.373 1 417 4916 17
T 81.373 2 409 4959 17
T 81.397 8 426 4913 17
T 81.397 1 418 4916 17
T 81.397 2 410 4959 17
T 81.419 1 419 4916 17
T 81.419 2 411 4959 17
T 81.476 1 420 4916 17
T 81.476 2 412 4959 17
T 81.476 3 402 4936 17
T 81.499 1 421 4916 17
T 81.499 2 413 4959 17
T 81.499 3 403 4936 17
T 81.521 1 422 4916 17
T 81.521 2 414 4959 17
T 81.521 3 404 4936 17
T 81.544 1 423 4916 17
T 81.544 2 415 4959 17
T 81.544 3 405 4936 17
P 81.566 5
F 81.566 5 17
IQ 81.567 5
IS 81.568 5
T 81.568 1 424 4916 17
T 81.568 2 416 4959 17
T 81.569 3 406 4936 17
IE 81.571 4
IR 81.571 4
IA 81.573 4
T 81.591 1 425 4916 17
T 81.591 2 417 4959 17
T 81.591 3 407 4936 17
T 81.615 1 426 4916 17
T 81.615 2 418 4959 17
T 81.615 3 408 4936 17
T 81.637 2 419 4959 17
T 81.637 3 409 4936 17
T 81.659 2 420 4959 17
T 81.659 3 410 4936 17
T 81.717 2 421 4959 17
T 81.717 3 411 4936 17
T 81.717 4 402 4923 17
T 81.740 2 422 4959 17
T 81.740 3 412 4936 17
T 81.740 4 403 4923 17
T 81.763 2 423 4959 17
T 81.763 3 413 4936 17
T 81.763 4 404 4923 17
T 81.785 2 424 4959 17
T 81.785 3 414 4936 17
T 81.786 4 405 4923 17
T 81.808 2 425 4959 17
T 81.808 3 415 4936 17
T 81.808 4 406 4923 17
P 81.813 6
F 81.813 6 17
IQ 81.813 6
IS 81.814 6
T 81.832 2 426 4959 17
T 81.832 3 416 4936 17
T 81.832 4 407 4923 17
IE 81.833 5
IR 81.833 5
IA 81.835 5
T 81.855 3 417 4936 17
T 81.855 4 408 4923 17
T 81.877 3 418 4936 17
T 81.877 4 409 4923 17
T 81.899 3 419 4936 17
T 81.899 4 410 4923 17
T 81.921 3 420 4936 17
T 81.921 4 411 4923 17
T 81.989 3 421 4936 17
T 81.989 4 412 4923 17
T 81.989 5 402 4901 17
T 82.012 3 422 4936 17
T 82.012 4 413 4923 17
T 82.012 5 403 4901 17
T 82.035 3 423 4936 17
T 82.035 4 414 4923 17
T 82.035 5 404 4901 17
T 82.058 3 424 4936 17
T 82.058 4 415 4923 17
T 82.058 5 405 4901 17
P 82.064 7
F 82.065 7 17
IQ 82.065 7
IS 82.066 7
IE 82.067 6
IR 82.068 6
IA 82.070 6
T 82.082 3 425 4936 17
T 82.082 4 416 4923 17
T 82.082 5 406 4901 17
T 82.106 3 426 4936 17
T 82.106 4 417 4923 17
T 82.106 5 407 4901 17
T 82.128 4 418 4923 17
T 82.128 5 408 4901 17
T 82.150 4 419 4923 17
T 82.150 5 409 4901 17
T 82.206 4 420 4923 17
T 82.206 5 410 4901 17
T 82.206 6 402 4971 17
T 82.228 4 421 4923 17
T 82.229 5 411 4901 17
T 82.229 6 403 4971 17
T 82.251 4 422 4923 17
T 82.251 5 412 4901 17
T 82.251 6 404 4971 17
T 82.274 4 423 4923 17
T 82.274 5 413 4901 17
T 82.274 6 405 4971 17
T 82.296 4 424 4923 17
T 82.297 5 414 4901 17
T 82.297 6 406 4971 17
P 82.314 8
F 82.314 8 18
IQ 82.315 8
IS 82.315 8
T 82.319 4 425 4923 17
T 82.320 5 415 4901 17
T 82.320 6 407 4971 17
IE 82.322 7
IR 82.322 7
IA 82.324 7
T 82.344 4 426 4923 17
T 82.344 5 416 4901 17
T 82.344 6 408 4971 17
T 82.366 5 417 4901 17
T 82.367 6 409 4971 17
T 82.389 5 418 4901 17
T 82.389 6 410 4971 17
T 82.411 5 419 4901 17
T 82.411 6 411 4971 17
T 82.478 5 420 4901 17
T 82.478 6 412 4971 17
T 82.478 7 402 4916 17
T 82.501 5 421 4901 17
T 82.501 6 413 4971 17
T 82.501 7 403 4916 17
T 82.523 5 422 4901 17
T 82.523 6 414 4971 17
T 82.524 7 404 4916 17
T 82.546 5 423 4901 17
T 82.546 6 415 4971 17
T 82.546 7 405 4916 17
P 82.563 1
F 82.564 1 18
IQ 82.564 1
IS 82.565 1
T 82.569 5 424 4901 17
T 82.569 6 416 4971 17
T 82.569 7 406 4916 17
IE 82.590 8
IR 82.591 8
IA 82.592 8
T 82.594 5 425 4901 17
T 82.594 6 417 4971 17
T 82.594 7 407 4916 17
T 82.617 5 426 4901 17
T 82.617 6 418 4971 17
T 82.617 7 408 4916 17
T 82.639 6 419 4971 17
T 82.639 7 409 4916 17
T 82.661 6 420 4971 17
T 82.661 7 410 4916 17
T 82.683 6 421 4971 17
T 82.683 7 411 4916 17
T 82.737 6 422 4971 17
T 82.738 7 412 4916 17
T 82.738 8 427 4966 18
T 82.760 6 423 4971 17
T 82.760 7 413 4916 17
T 82.760 8 428 4966 18
T 82.783 6 424 4971 17
T 82.783 7 414 4916 17
T 82.783 8 429 4966 18
T 82.805 6 425 4971 17
T 82.806 7 415 4916 17
T 82.806 8 430 4966 18
P 82.815 2
F 82.815 2 18
IQ 82.816 2
IS 82.817 2
IE 82.823 1
IR 82.826 1
IA 82.827 1
T 82.829 6 426 4971 17
T 82.829 7 416 4916 17
T 82.829 8 431 4966 18
T 82.852 7 417 4916 17
T 82.853 8 432 4966 18
T 82.875 7 418 4916 17
T 82.875 8 433 4966 18
T 82.897 7 419 4916 17
T 82.897 8 434 4966 18
T 82.919 7 420 4916 17
T 82.919 8 435 4966 18
T 82.987 7 421 4916 17
T 82.987 8 436 4966 18
T 82.987 1 427 4969 18
T 83.010 7 422 4916 17
T 83.010 8 437 4966 18
T 83.010 1 428 4969 18
T 83.032 7 423 4916 17
T 83.032 8 438 4966 18
T 83.032 1 429 4969 18
T 83.055 7 424 4916 17
T 83.055 8 439 4966 18
T 83.055 1 430 4969 18
P 83.064 3
F 83.064 3 18
IQ 83.064 3
IS 83.065 3
T 83.079 7 425 4916 17
T 83.079 8 440 4966 18
T 83.079 1 431 4969 18
IE 83.086 2
IR 83.086 2
IA 83.088 2
T 83.103 7 426 4916 17
T 83.103 8 441 4966 18
T 83.103 1 432 4969 18
T 83.125 8 442 4966 18
T 83.125 1 433 4969 18
T 83.147 8 443 4966 18
T 83.147 1 434 4969 18
T 83.169 8 444 4966 18
T 83.169 1 435 4969 18
T 83.226 8 445 4966 18
T 83.226 1 436 4969 18
T 83.226 2 427 5012 18
T 83.248 8 446 4966 18
T 83.248 1 437 4969 18
T 83.248 2 428 5012 18
T 83.271 8 447 4966 18
T 83.271 1 438 4969 18
T 83.271 2 429 5012 18
T 83.293 8 448 4966 18
T 83.293 1 439 4969 18
T 83.293 2 430 5012 18
P 83.313 4
F 83.314 4 18
IQ 83.314 4
IS 83.314 4
T 83.317 8 449 4966 18
T 83.317 1 440 4969 18
T 83.317 2 431 5012 18
IE 83.328 3
IR 83.329 3
IA 83.330 3
T 83.340 8 450 4966 18
T 83.340 1 441 4969 18
T 83.340 2 432 5012 18
T 83.364 8 451 4966 18
T 83.364 1 442 4969 18
T 83.364 2 433 5012 18
T 83.386 1 443 4969 18
T 83.386 2 434 5012 18
T 83.408 1 444 4969 18
T 83.408 2 435 5012 18
T 83.475 1 445 4969 18
T 83.475 2 436 5012 18
T 83.475 3 427 4989 18
T 83.498 1 446 4969 18
T 83.498 2 437 5012 18
T 83.498 3 428 4989 18
T 83.521 1 447 4969 18
T 83.521 2 438 5012 18
T 83.521 3 429 4989 18
T 83.544 1 448 4969 18
T 83.544 2 439 5012 18
T 83.544 3 430 4989 18
P 83.563 5
F 83.564 5 18
IQ 83.564 5
IS 83.565 5
T 83.567 1 449 4969 18
T 83.567 2 440 5012 18
T 83.567 3 431 4989 18
T 83.589 1 450 4969 18
T 83.589 2 441 5012 18
T 83.589 3 432 4989 18
IE 83.610 4
IR 83.610 4
IA 83.612 4
T 83.613 1 451 4969 18
T 83.613 2 442 5012 18
T 83.613 3 433 4989 18
T 83.636 2 443 5012 18
T 83.636 3 434 4989 18
T 83.658 2 444 5012 18
T 83.658 3 435 4989 18
T 83.681 2 445 5012 18
T 83.681 3 436 4989 18
T 83.703 2 446 5012 18
T 83.703 3 437 4989 18
T 83.760 2 447 5012 18
T 83.760 3 438 4989 18
T 83.760 4 427 4976 18
T 83.782 2 448 5012 18
T 83.782 3 439 4989 18
T 83.782 4 428 4976 18
T 83.805 2 449 5012 18
T 83.805 3 440 4989 18
T 83.805 4 429 4976 18
P 83.813 6
F 83.814 6 18
IQ 83.814 6
IS 83.815 6
T 83.827 2 450 5012 18
T 83.828 3 441 4989 18
T 83.828 4 430 4976 18
T 83.851 2 451 5012 18
T 83.851 3 442 4989 18
T 83.851 4 431 4976 18
IE 83.861 5
IR 83.861 5
IA 83.863 5
T 83.874 3 443 4989 18
T 83.874 4 432 4976 18
T 83.896 3 444 4989 18
T 83.896 4 433 4976 18
T 83.921 3 445 4989 18
T 83.921 4 434 4976 18
T 83.943 3 446 4989 18
T 83.943 4 435 4976 18
T 84.012 3 447 4989 18
T 84.012 4 436 4976 18
T 84.012 5 427 4954 18
T 84.034 3 448 4989 18
T 84.034 4 437 4976 18
T 84.034 5 428 4954 18
T 84.057 3 449 4989 18
T 84.057 4 438 4976 18
T 84.057 5 429 4954 18
P 84.063 7
F 84.063 7 18
IQ 84.064 7
IS 84.064 7
T 84.080 3 450 4989 18
T 84.080 4 439 4976 18
T 84.080 5 430 4954 18
IE 84.083 6
IR 84.090 6
IA 84.091 6
T 84.104 3 451 4989 18
T 84.104 4 440 4976 18
T 84.104 5 431 4954 18
T 84.126 4 441 4976 18
T 84.127 5 432 4954 18
T 84.149 4 442 4976 18
T 84.149 5 433 4954 18
T 84.170 4 443 4976 18
T 84.170 5 434 4954 18
T 84.227 4 444 4976 18
T 84.227 5 435 4954 18
T 84.227 6 427 5024 18
T 84.250 4 445 4976 18
T 84.250 5 436 4954 18
T 84.250 6 428 5024 18
T 84.272 4 446 4976 18
T 84.272 5 437 4954 18
T 84.272 6 429 5024 18
T 84.295 4 447 4976 18
T 84.295 5 438 4954 18
T 84.295 6 430 5024 18
P 84.313 8
F 84.314 8 19
IQ 84.314 8
IS 84.315 8
T 84.318 4 448 4976 18
T 84.318 5 439 4954 18
T 84.318 6 431 5024 18
IE 84.337 7
IR 84.337 7
IA 84.339 7
T 84.340 4 449 4976 18
T 84.341 5 440 4954 18
T 84.341 6 432 5024 18
T 84.365 4 450 4976 18
T 84.365 5 441 4954 18
T 84.365 6 433 5024 18
T 84.389 4 451 4976 18
T 84.389 5 442 4954 18
T 84.389 6 434 5024 18
T 84.411 5 443 4954 18
T 84.411 6 435 5024 18
T 84.433 5 444 4954 18
T 84.433 6 436 5024 18
T 84.501 5 445 4954 18
T 84.501 6 437 5024 18
T 84.501 7 427 4969 18
T 84.523 5 446 4954 18
T 84.523 6 438 5024 18
T 84.524 7 428 4969 18
T 84.546 5 447 4954 18
T 84.546 6 439 5024 18
T 84.546 7 429 4969 18
P 84.565 1
F 84.566 1 19
IQ 84.566 1
IS 84.567 1
T 84.569 5 448 4954 18
T 84.570 6 440 5024 18
T 84.570 7 430 4969 18
T 84.592 5 449 4954 18
T 84.592 6 441 5024 18
T 84.592 7 431 4969 18
IE 84.604 8
IR 84.605 8
IA 84.607 8
T 84.616 5 450 4954 18
T 84.616 6 442 5024 18
T 84.616 7 432 4969 18
T 84.640 5 451 4954 18
T 84.640 6 443 5024 18
T 84.640 7 433 4969 18
T 84.662 6 444 5024 18
T 84.662 7 434 4969 18
T 84.684 6 445 5024 18
T 84.684 7 435 4969 18
T 84.741 6 446 5024 18
T 84.741 7 436 4969 18
T 84.741 8 452 5019 19
T 84.764 6 447 5024 18
T 84.764 7 437 4969 18
T 84.764 8 453 5019 19
T 84.786 6 448 5024 18
T 84.786 7 438 4969 18
T 84.787 8 454 5019 19
T 84.809 6 449 5024 18
T 84.809 7 439 4969 18
T 84.809 8 455 5019 19
P 84.813 2
F 84.814 2 19
IQ 84.814 2
IS 84.815 2
T 84.832 6 450 5024 18
T 84.832 7 440 4969 18
T 84.832 8 456 5019 19
IE 84.852 1
IR 84.852 1
IA 84.854 1
T 84.856 6 451 5024 18
T 84.856 7 441 4969 18
T 84.856 8 457 5019 19
T 84.880 7 442 4969 18
T 84.880 8 458 5019 19
T 84.904 7 443 4969 18
T 84.904 8 459 5019 19
T 84.926 7 444 4969 18
T 84.926 8 460 5019 19
T 84.948 7 445 4969 18
T 84.948 8 461 5019 19
T 85.005 7 446 4969 18
T 85.005 8 462 5019 19
T 85.005 1 452 5022 19
T 85.028 7 447 4969 18
T 85.028 8 463 5019 19
T 85.028 1 453 5022 19
T 85.051 7 448 4969 18
T 85.051 8 464 5019 19
T 85.051 1 454 5022 19
P 85.064 3
F 85.064 3 19
IQ 85.064 3
IS 85.065 3
T 85.074 7 449 4969 18
T 85.074 8 465 5019 19
T 85.074 1 455 5022 19
IE 85.088 2
IR 85.088 2
IA 85.090 2
T 85.098 7 450 4969 18
T 85.098 8 466 5019 19
T 85.098 1 456 5022 19
T 85.122 7 451 4969 18
T 85.122 8 467 5019 19
T 85.122 1 457 5022 19
T 85.144 8 468 5019 19
T 85.144 1 458 5022 19
T 85.166 8 469 5019 19
T 85.166 1 459 5022 19
T 85.224 8 470 5019 19
T 85.224 1 460 5022 19
T 85.224 2 452 5065 19
T 85.246 8 471 5019 19
T 85.247 1 461 5022 19
T 85.247 2 453 5065 19
T 85.269 8 472 5019 19
T 85.269 1 462 5022 19
T 85.269 2 454 5065 19
T 85.292 8 473 5019 19
T 85.292 1 463 5022 19
T 85.292 2 455 5065 19
IE 85.306 3
IR 85.306 3
IA 85.308 3
P 85.314 4
F 85.314 4 19
IQ 85.314 4
IS 85.316 4
T 85.316 8 474 5019 19
T 85.317 1 464 5022 19
T 85.317 2 456 5065 19
T 85.338 8 475 5019 19
T 85.338 1 465 5022 19
T 85.338 2 457 5065 19
T 85.362 8 476 5019 19
T 85.362 1 466 5022 19
T 85.362 2 458 5065 19
T 85.384 1 467 5022 19
T 85.384 2 459 5065 19
T 85.451 1 468 5022 19
T 85.451 2 460 5065 19
T 85.452 3 452 5042 19
T 85.474 1 469 5022 19
T 85.474 2 461 5065 19
T 85.474 3 453 5042 19
T 85.497 1 470 5022 19
T 85.497 2 462 5065 19
T 85.497 3 454 5042 19
T 85.520 1 471 5022 19
T 85.520 2 463 5065 19
T 85.520 3 455 5042 19
T 85.542 1 472 5022 19
T 85.542 2 464 5065 19
T 85.543 3 456 5042 19
P 85.563 5
F 85.563 5 19
IQ 85.564 5
IS 85.565 5
T 85.566 1 473 5022 19
T 85.566 2 465 5065 19
T 85.567 3 457 5042 19
T 85.588 1 474 5022 19
T 85.588 2 466 5065 19
T 85.588 3 458 5042 19
T 85.611 1 475 5022 19
T 85.611 2 467 5065 19
T 85.611 3 459 5042 19
T 85.634 1 476 5022 19
T 85.634 2 468 5065 19
T 85.635 3 460 5042 19
IE 85.646 4
IR 85.646 4
IA 85.648 4
T 85.657 2 469 5065 19
T 85.657 3 461 5042 19
T 85.680 2 470 5065 19
T 85.680 3 462 5042 19
T 85.702 2 471 5065 19
T 85.703 3 463 5042 19
T 85.724 2 472 5065 19
T 85.724 3 464 5042 19
T 85.791 2 473 5065 19
T 85.791 3 465 5042 19
T 85.791 4 452 5029 19
IE 85.808 5
IR 85.808 5
IA 85.810 5
P 85.813 6
F 85.814 6 19
IQ 85.814 6
IS 85.815 6
T 85.816 2 474 5065 19
T 85.817 3 466 5042 19
T 85.817 4 453 5029 19
T 85.838 2 475 5065 19
T 85.838 3 467 5042 19
T 85.838 4 454 5029 19
T 85.861 2 476 5065 19
T 85.861 3 468 5042 19
T 85.861 4 455 5029 19
T 85.883 3 469 5042 19
T 85.883 4 456 5029 19
T 85.951 3 470 5042 19
T 85.951 4 457 5029 19
T 85.951 5 452 5007 19
T 85.974 3 471 5042 19
T 85.974 4 458 5029 19
T 85.974 5 453 5007 19
T 85.997 3 472 5042 19
T 85.997 4 459 5029 19
T 85.997 5 454 5007 19
T 86.019 3 473 5042 19
T 86.020 4 460 5029 19
T 86.020 5 455 5007 19
T 86.042 3 474 5042 19
T 86.042 4 461 5029 19
T 86.042 5 456 5007 19
P 86.064 7
F 86.064 7 19
IQ 86.065 7
T 86.066 3 475 5042 19
IS 86.066 7
T 86.067 4 462 5029 19
T 86.067 5 457 5007 19
T 86.089 3 476 5042 19
T 86.089 4 463 5029 19
T 86.089 5 458 5007 19
T 86.112 4 464 5029 19
T 86.112 5 459 5007 19
T 86.134 4 465 5029 19
T 86.134 5 460 5007 19
IE 86.147 6
IR 86.147 6
IA 86.149 6
T 86.158 4 466 5029 19
T 86.158 5 461 5007 19
T 86.181 4 467 5029 19
T 86.181 5 462 5007 19
T 86.203 4 468 5029 19
T 86.203 5 463 5007 19
T 86.225 4 469 5029 19
T 86.225 5 464 5007 19
T 86.292 4 470 5029 19
T 86.292 5 465 5007 19
T 86.292 6 452 5077 19
T 86.314 4 471 5029 19
T 86.315 5 466 5007 19
T 86.315 6 453 5077 19
P 86.315 8
F 86.315 8 20
IQ 86.316 8
IS 86.316 8
T 86.337 4 472 5029 19
T 86.337 5 467 5007 19
T 86.337 6 454 5077 19
IE 86.357 7
IR 86.357 7
IA 86.359 7
T 86.360 4 473 5029 19
T 86.361 5 468 5007 19
T 86.361 6 455 5077 19
T 86.383 4 474 5029 19
T 86.383 5 469 5007 19
T 86.383 6 456 5077 19
T 86.406 4 475 5029 19
T 86.406 5 470 5007 19
T 86.406 6 457 5077 19
T 86.430 4 476 5029 19
T 86.430 5 471 5007 19
T 86.430 6 458 5077 19
T 86.452 5 472 5007 19
T 86.452 6 459 5077 19
T 86.507 5 473 5007 19
T 86.507 6 460 5077 19
T 86.507 7 452 5022 19
T 86.530 5 474 5007 19
T 86.530 6 461 5077 19
T 86.530 7 453 5022 19
T 86.553 5 475 5007 19
T 86.553 6 462 5077 19
T 86.553 7 454 5022 19
P 86.565 1
F 86.565 1 20
IQ 86.566 1
IS 86.566 1
T 86.576 5 476 5007 19
T 86.576 6 463 5077 19
T 86.576 7 455 5022 19
T 86.598 6 464 5077 19
T 86.598 7 456 5022 19
T 86.620 6 465 5077 19
T 86.620 7 457 5022 19
IE 86.621 8
IR 86.621 8
IA 86.623 8
T 86.643 6 466 5077 19
T 86.644 7 458 5022 19
T 86.665 6 467 5077 19
T 86.665 7 459 5022 19
T 86.688 6 468 5077 19
T 86.688 7 460 5022 19
T 86.710 6 469 5077 19
T 86.710 7 461 5022 19
T 86.766 6 470 5077 19
T 86.766 7 462 5022 19
T 86.766 8 477 5072 20
T 86.789 6 471 5077 19
T 86.789 7 463 5022 19
T 86.789 8 478 5072 20
T 86.811 6 472 5077 19
T 86.812 7 464 5022 19
T 86.812 8 479 5072 20
P 86.814 2
F 86.814 2 20
IQ 86.815 2
IS 86.815 2
T 86.834 6 473 5077 19
T 86.835 7 465 5022 19
T 86.835 8 480 5072 20
IE 86.841 1
IR 86.841 1
IA 86.843 1
T 86.858 6 474 5077 19
T 86.858 7 466 5022 19
T 86.858 8 481 5072 20
T 86.881 6 475 5077 19
T 86.881 7 467 5022 19
T 86.881 8 482 5072 20
T 86.905 6 476 5077 19
T 86.905 7 468 5022 19
T 86.905 8 483 5072 20
T 86.927 7 469 5022 19
T 86.927 8 484 5072 20
T 86.984 7 470 5022 19
T 86.984 8 485 5072 20
T 86.984 1 477 5075 20
T 87.007 7 471 5022 19
T 87.007 8 486 5072 20
T 87.007 1 478 5075 20
T 87.030 7 472 5022 19
T 87.030 8 487 5072 20
T 87.030 1 479 5075 20
T 87.053 7 473 5022 19
T 87.053 8 488 5072 20
T 87.053 1 480 5075 20
P 87.064 3
F 87.065 3 20
IQ 87.065 3
IS 87.066 3
T 87.076 7 474 5022 19
T 87.076 8 489 5072 20
T 87.076 1 481 5075 20
T 87.099 7 475 5022 19
T 87.099 8 490 5072 20
T 87.099 1 482 5075 20
IE 87.101 2
IR 87.102 2
IA 87.103 2
T 87.124 7 476 5022 19
T 87.124 8 491 5072 20
T 87.124 1 483 5075 20
T 87.146 8 492 5072 20
T 87.146 1 484 5075 20
T 87.168 8 493 5072 20
T 87.168 1 485 5075 20
T 87.190 8 494 5072 20
T 87.190 1 486 5075 20
T 87.244 8 495 5072 20
T 87.245 1 487 5075 20
T 87.245 2 477 5118 20
T 87.267 8 496 5072 20
T 87.267 1 488 5075 20
T 87.267 2 478 5118 20
T 87.290 8 497 5072 20
T 87.290 1 489 5075 20
T 87.290 2 479 5118 20
T 87.313 8 498 5072 20
T 87.313 1 490 5075 20
T 87.313 2 480 5118 20
P 87.314 4
F 87.315 4 20
IQ 87.315 4
IS 87.315 4
T 87.336 8 499 5072 20
T 87.336 1 491 5075 20
T 87.336 2 481 5118 20
IE 87.347 3
IR 87.348 3
IA 87.349 3
T 87.360 8 500 5072 20
T 87.360 1 492 5075 20
T 87.360 2 482 5118 20
T 87.384 8 501 5072 20
T 87.384 1 493 5075 20
T 87.384 2 483 5118 20
T 87.406 1 494 5075 20
T 87.406 2 484 5118 20
T 87.428 1 495 5075 20
T 87.428 2 485 5118 20
T 87.496 1 496 5075 20
T 87.496 2 486 5118 20
T 87.496 3 477 5095 20
T 87.518 1 497 5075 20
T 87.518 2 487 5118 20
T 87.518 3 478 5095 20
T 87.541 1 498 5075 20
T 87.541 2 488 5118 20
T 87.541 3 479 5095 20
T 87.564 1 499 5075 20
T 87.564 2 489 5118 20
T 87.564 3 480 5095 20
P 87.566 5
F 87.566 5 20
IQ 87.567 5
IS 87.567 5
IE 87.582 4
IR 87.583 4
IA 87.584 4
T 87.587 1 500 5075 20
T 87.587 2 490 5118 20
T 87.587 3 481 5095 20
T 87.612 1 501 5075 20
T 87.612 2 491 5118 20
T 87.612 3 482 5095 20
T 87.634 2 492 5118 20
T 87.634 3 483 5095 20
T 87.656 2 493 5118 20
T 87.656 3 484 5095 20
T 87.678 2 494 5118 20
T 87.678 3 485 5095 20
T 87.746 2 495 5118 20
T 87.747 3 486 5095 20
T 87.747 4 477 5082 20
T 87.769 2 496 5118 20
T 87.769 3 487 5095 20
T 87.769 4 478 5082 20
T 87.791 2 497 5118 20
T 87.791 3 488 5095 20
T 87.792 4 479 5082 20
T 87.814 2 498 5118 20
T 87.815 3 489 5095 20
T 87.815 4 480 5082 20
P 87.815 6
F 87.816 6 20
IQ 87.816 6
IS 87.816 6
T 87.837 2 499 5118 20
T 87.837 3 490 5095 20
T 87.837 4 481 5082 20
IE 87.850 5
IR 87.850 5
IA 87.852 5
T 87.861 2 500 5118 20
T 87.861 3 491 5095 20
T 87.861 4 482 5082 20
T 87.884 2 501 5118 20
T 87.885 3 492 5095 20
T 87.885 4 483 5082 20
T 87.906 3 493 5095 20
T 87.907 4 484 5082 20
T 87.929 3 494 5095 20
T 87.929 4 485 5082 20
T 87.987 3 495 5095 20
T 87.987 4 486 5082 20
T 87.987 5 477 5060 20
T 88.010 3 496 5095 20
T 88.010 4 487 5082 20
T 88.010 5 478 5060 20
T 88.033 3 497 5095 20
T 88.033 4 488 5082 20
T 88.033 5 479 5060 20
IE 88.053 6
IR 88.053 6
IA 88.054 6
T 88.056 3 498 5095 20
T 88.056 4 489 5082 20
T 88.056 5 480 5060 20
P 88.064 7
F 88.064 7 20
IQ 88.065 7
IS 88.065 7
T 88.081 3 499 5095 20
T 88.081 4 490 5082 20
T 88.081 5 481 5060 20
T 88.105 3 500 5095 20
T 88.105 4 491 5082 20
T 88.105 5 482 5060 20
T 88.128 3 501 5095 20
T 88.128 4 492 5082 20
T 88.128 5 483 5060 20
T 88.150 4 493 5082 20
T 88.150 5 484 5060 20
T 88.217 4 494 5082 20
T 88.217 5 485 5060 20
T 88.217 6 477 5130 20
T 88.239 4 495 5082 20
T 88.239 5 486 5060 20
T 88.239 6 478 5130 20
T 88.262 4 496 5082 20
T 88.262 5 487 5060 20
T 88.262 6 479 5130 20
T 88.285 4 497 5082 20
T 88.285 5 488 5060 20
T 88.285 6 480 5130 20
T 88.308 4 498 5082 20
T 88.308 5 489 5060 20
T 88.308 6 481 5130 20
P 88.314 8
F 88.314 8 21
IQ 88.315 8
IS 88.315 8
T 88.330 4 499 5082 20
T 88.330 5 490 5060 20
T 88.331 6 482 5130 20
IE 88.343 7
IR 88.343 7
IA 88.345 7
T 88.354 4 500 5082 20
T 88.354 5 491 5060 20
T 88.354 6 483 5130 20
T 88.377 4 501 5082 20
T 88.377 5 492 5060 20
T 88.377 6 484 5130 20
T 88.399 5 493 5060 20
T 88.400 6 485 5130 20
T 88.422 5 494 5060 20
T 88.422 6 486 5130 20
T 88.480 5 495 5060 20
T 88.480 6 487 5130 20
T 88.480 7 477 5075 20
T 88.502 5 496 5060 20
T 88.502 6 488 5130 20
T 88.502 7 478 5075 20
T 88.525 5 497 5060 20
T 88.525 6 489 5130 20
T 88.525 7 479 5075 20
T 88.548 5 498 5060 20
T 88.548 6 490 5130 20
T 88.548 7 480 5075 20
P 88.564 1
F 88.564 1 21
IQ 88.565 1
IS 88.565 1
T 88.571 5 499 5060 20
T 88.571 6 491 5130 20
T 88.571 7 481 5075 20
T 88.594 5 500 5060 20
T 88.594 6 492 5130 20
T 88.594 7 482 5075 20
T 88.617 5 501 5060 20
T 88.618 6 493 5130 20
T 88.618 7 483 5075 20
IE 88.626 8
IR 88.626 8
IA 88.628 8
T 88.641 6 494 5130 20
T 88.641 7 484 5075 20
T 88.663 6 495 5130 20
T 88.663 7 485 5075 20
T 88.685 6 496 5130 20
T 88.685 7 486 5075 20
T 88.707 6 497 5130 20
T 88.707 7 487 5075 20
T 88.775 6 498 5130 20
T 88.775 7 488 5075 20
T 88.775 8 502 5125 21
IE 88.794 1
IR 88.794 1
IA 88.796 1
T 88.797 6 499 5130 20
T 88.797 7 489 5075 20
T 88.797 8 503 5125 21
P 88.814 2
F 88.814 2 21
IQ 88.814 2
IS 88.815 2
T 88.821 6 500 5130 20
T 88.822 7 490 5075 20
T 88.822 8 504 5125 21
T 88.845 6 501 5130 20
T 88.845 7 491 5075 20
T 88.845 8 505 5125 21
T 88.867 7 492 5075 20
T 88.867 8 506 5125 21
T 88.889 7 493 5075 20
T 88.889 8 507 5125 21
T 88.947 7 494 5075 20
T 88.947 8 508 5125 21
T 88.947 1 502 5128 21
T 88.970 7 495 5075 20
T 88.970 8 509 5125 21
T 88.970 1 503 5128 21
T 88.992 7 496 5075 20
T 88.993 8 510 5125 21
T 88.993 1 504 5128 21
T 89.015 7 497 5075 20
T 89.015 8 511 5125 21
T 89.015 1 505 5128 21
T 89.038 7 498 5075 20
T 89.038 8 512 5125 21
T 89.038 1 506 5128 21
T 89.061 7 499 5075 20
T 89.061 8 513 5125 21
T 89.061 1 507 5128 21
P 89.065 3
F 89.065 3 21
IQ 89.066 3
IS 89.066 3
T 89.084 7 500 5075 20
T 89.084 8 514 5125 21
T 89.084 1 508 5128 21
T 89.108 7 501 5075 20
T 89.108 8 515 5125 21
T 89.108 1 509 5128 21
IE 89.121 2
IR 89.121 2
IA 89.124 2
T 89.131 8 516 5125 21
T 89.131 1 510 5128 21
T 89.155 8 517 5125 21
T 89.155 1 511 5128 21
T 89.177 8 518 5125 21
T 89.177 1 512 5128 21
T 89.199 8 519 5125 21
T 89.199 1 513 5128 21
T 89.268 8 520 5125 21
T 89.268 1 514 5128 21
T 89.268 2 502 5171 21
IE 89.289 3
IR 89.289 3
IA 89.291 3
T 89.292 8 521 5125 21
T 89.292 1 515 5128 21
T 89.292 2 503 5171 21
T 89.314 8 522 5125 21
T 89.315 1 516 5128 21
T 89.315 2 504 5171 21
P 89.315 4
F 89.316 4 21
IQ 89.316 4
IS 89.316 4
T 89.337 8 523 5125 21
T 89.337 1 517 5128 21
T 89.337 2 505 5171 21
T 89.360 8 524 5125 21
T 89.360 1 518 5128 21
T 89.360 2 506 5171 21
T 89.383 8 525 5125 21
T 89.383 1 519 5128 21
T 89.383 2 507 5171 21
T 89.441 8 526 5125 21
T 89.441 1 520 5128 21
T 89.441 2 508 5171 21
T 89.441 3 502 5148 21
T 89.464 1 521 5128 21
T 89.464 2 509 5171 21
T 89.464 3 503 5148 21
T 89.487 1 522 5128 21
T 89.487 2 510 5171 21
T 89.487 3 504 5148 21
T 89.510 1 523 5128 21
T 89.510 2 511 5171 21
T 89.510 3 505 5148 21
T 89.532 1 524 5128 21
T 89.532 2 512 5171 21
T 89.532 3 506 5148 21
T 89.555 1 525 5128 21
T 89.555 2 513 5171 21
T 89.555 3 507 5148 21
P 89.564 5
F 89.564 5 21
IQ 89.565 5
IS 89.565 5
T 89.579 1 526 5128 21
T 89.579 2 514 5171 21
T 89.579 3 508 5148 21
T 89.601 2 515 5171 21
T 89.602 3 509 5148 21
IE 89.603 4
IR 89.604 4
IA 89.606 4
T 89.625 2 516 5171 21
T 89.625 3 510 5148 21
T 89.647 2 517 5171 21
T 89.647 3 511 5148 21
T 89.669 2 518 5171 21
T 89.669 3 512 5148 21
T 89.692 2 519 5171 21
T 89.692 3 513 5148 21
T 89.760 2 520 5171 21
T 89.760 3 514 5148 21
T 89.760 4 502 5135 21
T 89.782 2 521 5171 21
T 89.783 3 515 5148 21
T 89.783 4 503 5135 21
IE 89.800 5
IR 89.801 5
IA 89.803 5
T 89.805 2 522 5171 21
T 89.805 3 516 5148 21
T 89.805 4 504 5135 21
P 89.813 6
F 89.814 6 21
IQ 89.814 6
IS 89.814 6
T 89.830 2 523 5171 21
T 89.830 3 517 5148 21
T 89.830 4 505 5135 21
T 89.853 2 524 5171 21
T 89.853 3 518 5148 21
T 89.853 4 506 5135 21
T 89.876 2 525 5171 21
T 89.876 3 519 5148 21
T 89.876 4 507 5135 21
T 89.900 2 526 5171 21
T 89.900 3 520 5148 21
T 89.900 4 508 5135 21
T 89.958 3 521 5148 21
T 89.958 4 509 5135 21
T 89.958 5 502 5113 21
T 89.981 3 522 5148 21
T 89.981 4 510 5135 21
T 89.981 5 503 5113 21
T 90.004 3 523 5148 21
T 90.004 4 511 5135 21
T 90.004 5 504 5113 21
T 90.027 3 524 5148 21
T 90.027 4 512 5135 21
T 90.027 5 505 5113 21
T 90.050 3 525 5148 21
T 90.050 4 513 5135 21
T 90.050 5 506 5113 21
P 90.064 7
F 90.064 7 21
IQ 90.065 7
IS 90.066 7
T 90.073 3 526 5148 21
T 90.073 4 514 5135 21
T 90.073 5 507 5113 21
T 90.096 4 515 5135 21
T 90.096 5 508 5113 21
IE 90.106 6
IR 90.106 6
IA 90.109 6
T 90.119 4 516 5135 21
T 90.119 5 509 5113 21
T 90.142 4 517 5135 21
T 90.142 5 510 5113 21
T 90.164 4 518 5135 21
T 90.164 5 511 5113 21
T 90.186 4 519 5135 21
T 90.186 5 512 5113 21
T 90.254 4 520 5135 21
T 90.254 5 513 5113 21
T 90.254 6 502 5183 21
T 90.276 4 521 5135 21
T 90.276 5 514 5113 21
T 90.276 6 503 5183 21
T 90.299 4 522 5135 21
T 90.299 5 515 5113 21
T 90.299 6 504 5183 21
P 90.314 8
F 90.315 8 22
IQ 90.315 8
IS 90.315 8
IE 90.317 7
IR 90.317 7
IA 90.319 7
T 90.321 4 523 5135 21
T 90.321 5 516 5113 21
T 90.321 6 505 5183 21
T 90.346 4 524 5135 21
T 90.346 5 517 5113 21
T 90.346 6 506 5183 21
T 90.369 4 525 5135 21
T 90.369 5 518 5113 21
T 90.369 6 507 5183 21
T 90.392 4 526 5135 21
T 90.393 5 519 5113 21
T 90.393 6 508 5183 21
T 90.414 5 520 5113 21
T 90.414 6 509 5183 21
T 90.473 5 521 5113 21
T 90.473 6 510 5183 21
T 90.473 7 502 5128 21
T 90.495 5 522 5113 21
T 90.495 6 511 5183 21
T 90.496 7 503 5128 21
T 90.518 5 523 5113 21
T 90.518 6 512 5183 21
T 90.518 7 504 5128 21
T 90.541 5 524 5113 21
T 90.541 6 513 5183 21
T 90.541 7 505 5128 21
T 90.564 5 525 5113 21
T 90.565 6 514 5183 21
T 90.565 7 506 5128 21
P 90.565 1
F 90.565 1 22
IQ 90.566 1
IS 90.566 1
T 90.587 5 526 5113 21
T 90.587 6 515 5183 21
T 90.587 7 507 5128 21
T 90.610 6 516 5183 21
T 90.610 7 508 5128 21
T 90.632 6 517 5183 21
T 90.632 7 509 5128 21
IE 90.639 8
IR 90.640 8
IA 90.642 8
T 90.655 6 518 5183 21
T 90.655 7 510 5128 21
T 90.677 6 519 5183 21
T 90.677 7 511 5128 21
T 90.700 6 520 5183 21
T 90.700 7 512 5128 21
T 90.722 6 521 5183 21
T 90.722 7 513 5128 21
T 90.789 6 522 5183 21
T 90.789 7 514 5128 21
T 90.789 8 527 5178 22
T 90.811 6 523 5183 21
T 90.811 7 515 5128 21
T 90.811 8 528 5178 22
P 90.813 2
F 90.814 2 22
IQ 90.814 2
IS 90.814 2
IE 90.823 1
IR 90.832 1
IA 90.834 1
T 90.835 6 524 5183 21
T 90.835 7 516 5128 21
T 90.835 8 529 5178 22
T 90.858 6 525 5183 21
T 90.858 7 517 5128 21
T 90.858 8 530 5178 22
T 90.882 6 526 5183 21
T 90.882 7 518 5128 21
T 90.882 8 531 5178 22
T 90.904 7 519 5128 21
T 90.904 8 532 5178 22
T 90.926 7 520 5128 21
T 90.927 8 533 5178 22
T 90.995 7 521 5128 21
T 90.995 8 534 5178 22
T 90.995 1 527 5181 22
T 91.017 7 522 5128 21
T 91.017 8 535 5178 22
T 91.017 1 528 5181 22
T 91.040 7 523 5128 21
T 91.040 8 536 5178 22
T 91.040 1 529 5181 22
T 91.063 7 524 5128 21
T 91.063 8 537 5178 22
T 91.063 1 530 5181 22
P 91.064 3
F 91.064 3 22
IQ 91.064 3
IS 91.065 3
T 91.085 7 525 5128 21
T 91.085 8 538 5178 22
T 91.085 1 531 5181 22
T 91.109 7 526 5128 21
T 91.109 8 539 5178 22
T 91.109 1 532 5181 22
T 91.131 8 540 5178 22
T 91.131 1 533 5181 22
IE 91.143 2
IR 91.143 2
IA 91.145 2
T 91.154 8 541 5178 22
T 91.154 1 534 5181 22
T 91.177 8 542 5178 22
T 91.177 1 535 5181 22
T 91.199 8 543 5178 22
T 91.200 1 536 5181 22
T 91.221 8 544 5178 22
T 91.221 1 537 5181 22
T 91.289 8 545 5178 22
T 91.289 1 538 5181 22
T 91.289 2 527 5224 22
T 91.311 8 546 5178 22
T 91.311 1 539 5181 22
T 91.311 2 528 5224 22
P 91.314 4
F 91.314 4 22
IQ 91.314 4
IS 91.315 4
T 91.334 8 547 5178 22
T 91.334 1 540 5181 22
T 91.334 2 529 5224 22
IE 91.337 3
IR 91.338 3
IA 91.339 3
T 91.357 8 548 5178 22
T 91.357 1 541 5181 22
T 91.357 2 530 5224 22
T 91.380 8 549 5178 22
T 91.380 1 542 5181 22
T 91.380 2 531 5224 22
T 91.403 8 550 5178 22
T 91.403 1 543 5181 22
T 91.403 2 532 5224 22
T 91.427 8 551 5178 22
T 91.427 1 544 5181 22
T 91.427 2 533 5224 22
T 91.484 1 545 5181 22
T 91.484 2 534 5224 22
T 91.484 3 527 5201 22
T 91.507 1 546 5181 22
T 91.507 2 535 5224 22
T 91.507 3 528 5201 22
T 91.530 1 547 5181 22
T 91.530 2 536 5224 22
T 91.530 3 529 5201 22
T 91.553 1 548 5181 22
T 91.553 2 537 5224 22
T 91.553 3 530 5201 22
P 91.563 5
F 91.564 5 22
IQ 91.564 5
IS 91.564 5
T 91.575 1 549 5181 22
T 91.575 2 538 5224 22
T 91.575 3 531 5201 22
T 91.598 1 550 5181 22
T 91.598 2 539 5224 22
T 91.598 3 532 5201 22
T 91.622 1 551 5181 22
T 91.622 2 540 5224 22
T 91.622 3 533 5201 22
IE 91.631 4
IR 91.631 4
IA 91.634 4
T 91.645 2 541 5224 22
T 91.645 3 534 5201 22
T 91.667 2 542 5224 22
T 91.667 3 535 5201 22
T 91.690 2 543 5224 22
T 91.690 3 536 5201 22
T 91.712 2 544 5224 22
T 91.712 3 537 5201 22
T 91.769 2 545 5224 22
T 91.769 3 538 5201 22
T 91.769 4 527 5188 22
T 91.791 2 546 5224 22
T 91.792 3 539 5201 22
T 91.792 4 528 5188 22
T 91.814 2 547 5224 22
T 91.815 3 540 5201 22
T 91.815 4 529 5188 22
P 91.815 6
F 91.815 6 22
IQ 91.816 6
IS 91.816 6
IE 91.836 5
IR 91.838 5
IA 91.839 5
T 91.839 2 548 5224 22
T 91.839 3 541 5201 22
T 91.839 4 530 5188 22
T 91.861 2 549 5224 22
T 91.861 3 542 5201 22
T 91.861 4 531 5188 22
T 91.884 2 550 5224 22
T 91.884 3 543 5201 22
T 91.885 4 532 5188 22
T 91.908 2 551 5224 22
T 91.908 3 544 5201 22
T 91.909 4 533 5188 22
T 91.931 3 545 5201 22
T 91.931 4 534 5188 22
T 91.987 3 546 5201 22
T 91.987 4 535 5188 22
T 91.987 5 527 5166 22
T 92.009 3 547 5201 22
T 92.010 4 536 5188 22
T 92.010 5 528 5166 22
T 92.032 3 548 5201 22
T 92.033 4 537 5188 22
T 92.033 5 529 5166 22
T 92.055 3 549 5201 22
T 92.056 4 538 5188 22
T 92.056 5 530 5166 22
P 92.064 7
F 92.065 7 22
IQ 92.065 7
IS 92.066 7
T 92.079 3 550 5201 22
T 92.079 4 539 5188 22
T 92.079 5 531 5166 22
T 92.102 3 551 5201 22
T 92.103 4 540 5188 22
T 92.103 5 532 5166 22
IE 92.110 6
IR 92.111 6
IA 92.113 6
T 92.126 4 541 5188 22
T 92.126 5 533 5166 22
T 92.148 4 542 5188 22
T 92.148 5 534 5166 22
T 92.170 4 543 5188 22
T 92.171 5 535 5166 22
T 92.192 4 544 5188 22
T 92.192 5 536 5166 22
T 92.251 4 545 5188 22
T 92.251 5 537 5166 22
T 92.251 6 527 5236 22
T 92.273 4 546 5188 22
T 92.273 5 538 5166 22
T 92.273 6 528 5236 22
T 92.296 4 547 5188 22
T 92.296 5 539 5166 22
T 92.296 6 529 5236 22
P 92.315 8
F 92.316 8 23
IQ 92.316 8
IS 92.317 8
T 92.319 4 548 5188 22
T 92.320 5 540 5166 22
T 92.320 6 530 5236 22
IE 92.321 7
IR 92.321 7
IA 92.323 7
T 92.343 4 549 5188 22
T 92.343 5 541 5166 22
T 92.343 6 531 5236 22
T 92.366 4 550 5188 22
T 92.366 5 542 5166 22
T 92.366 6 532 5236 22
T 92.390 4 551 5188 22
T 92.390 5 543 5166 22
T 92.390 6 533 5236 22
T 92.412 5 544 5166 22
T 92.412 6 534 5236 22
T 92.481 5 545 5166 22
T 92.481 6 535 5236 22
T 92.481 7 527 5181 22
T 92.503 5 546 5166 22
T 92.503 6 536 5236 22
T 92.503 7 528 5181 22
T 92.526 5 547 5166 22
T 92.526 6 537 5236 22
T 92.526 7 529 5181 22
T 92.549 5 548 5166 22
T 92.549 6 538 5236 22
T 92.549 7 530 5181 22
P 92.564 1
F 92.564 1 23
IQ 92.564 1
IS 92.565 1
T 92.572 5 549 5166 22
T 92.572 6 539 5236 22
T 92.572 7 531 5181 22
T 92.595 5 550 5166 22
T 92.595 6 540 5236 22
T 92.595 7 532 5181 22
IE 92.605 8
IR 92.605 8
IA 92.607 8
T 92.620 5 551 5166 22
T 92.620 6 541 5236 22
T 92.620 7 533 5181 22
T 92.642 6 542 5236 22
T 92.642 7 534 5181 22
T 92.664 6 543 5236 22
T 92.665 7 535 5181 22
T 92.686 6 544 5236 22
T 92.687 7 536 5181 22
T 92.754 6 545 5236 22
T 92.754 7 537 5181 22
T 92.754 8 552 5231 23
T 92.777 6 546 5236 22
T 92.777 7 538 5181 22
T 92.777 8 553 5231 23
T 92.800 6 547 5236 22
T 92.800 7 539 5181 22
T 92.800 8 554 5231 23
IE 92.807 1
IR 92.807 1
IA 92.809 1
P 92.814 2
F 92.814 2 23
IQ 92.814 2
IS 92.815 2
T 92.824 6 548 5236 22
T 92.824 7 540 5181 22
T 92.824 8 555 5231 23
T 92.847 6 549 5236 22
T 92.848 7 541 5181 22
T 92.848 8 556 5231 23
T 92.871 6 550 5236 22
T 92.871 7 542 5181 22
T 92.871 8 557 5231 23
T 92.894 6 551 5236 22
T 92.894 7 543 5181 22
T 92.894 8 558 5231 23
T 92.964 7 544 5181 22
T 92.964 8 559 5231 23
T 92.964 1 552 5234 23
T 92.987 7 545 5181 22
T 92.987 8 560 5231 23
T 92.987 1 553 5234 23
T 93.009 7 546 5181 22
T 93.010 8 561 5231 23
T 93.010 1 554 5234 23
T 93.032 7 547 5181 22
T 93.033 8 562 5231 23
T 93.033 1 555 5234 23
T 93.055 7 548 5181 22
T 93.055 8 563 5231 23
T 93.056 1 556 5234 23
P 93.065 3
F 93.065 3 23
IQ 93.066 3
IS 93.066 3
T 93.079 7 549 5181 22
T 93.079 8 564 5231 23
T 93.079 1 557 5234 23
IE 93.087 2
IR 93.087 2
IA 93.089 2
T 93.103 7 550 5181 22
T 93.103 8 565 5231 23
T 93.103 1 558 5234 23
T 93.127 7 551 5181 22
T 93.127 8 566 5231 23
T 93.127 1 559 5234 23
T 93.149 8 567 5231 23
T 93.149 1 560 5234 23
T 93.171 8 568 5231 23
T 93.171 1 561 5234 23
T 93.229 8 569 5231 23
T 93.229 1 562 5234 23
T 93.229 2 552 5277 23
T 93.252 8 570 5231 23
T 93.252 1 563 5234 23
T 93.252 2 553 5277 23
T 93.275 8 571 5231 23
T 93.275 1 564 5234 23
T 93.275 2 554 5277 23
T 93.298 8 572 5231 23
T 93.298 1 565 5234 23
T 93.298 2 555 5277 23
P 93.313 4
F 93.314 4 23
IQ 93.314 4
IS 93.314 4
T 93.321 8 573 5231 23
T 93.321 1 566 5234 23
T 93.321 2 556 5277 23
T 93.344 8 574 5231 23
T 93.344 1 567 5234 23
T 93.344 2 557 5277 23
IE 93.347 3
IR 93.347 3
IA 93.349 3
T 93.368 8 575 5231 23
T 93.368 1 568 5234 23
T 93.368 2 558 5277 23
T 93.392 8 576 5231 23
T 93.392 1 569 5234 23
T 93.392 2 559 5277 23
T 93.415 1 570 5234 23
T 93.415 2 560 5277 23
T 93.437 1 571 5234 23
T 93.437 2 561 5277 23
T 93.493 1 572 5234 23
T 93.493 2 562 5277 23
T 93.493 3 552 5254 23
T 93.516 1 573 5234 23
T 93.516 2 563 5277 23
T 93.516 3 553 5254 23
T 93.539 1 574 5234 23
T 93.539 2 564 5277 23
T 93.539 3 554 5254 23
T 93.562 1 575 5234 23
T 93.562 2 565 5277 23
T 93.562 3 555 5254 23
P 93.565 5
F 93.566 5 23
IQ 93.566 5
IS 93.566 5
T 93.586 1 576 5234 23
T 93.586 2 566 5277 23
T 93.587 3 556 5254 23
T 93.609 2 567 5277 23
T 93.609 3 557 5254 23
IE 93.610 4
IR 93.616 4
IA 93.617 4
T 93.632 2 568 5277 23
T 93.632 3 558 5254 23
T 93.655 2 569 5277 23
T 93.655 3 559 5254 23
T 93.677 2 570 5277 23
T 93.677 3 560 5254 23
T 93.699 2 571 5277 23
T 93.699 3 561 5254 23
T 93.758 2 572 5277 23
T 93.758 3 562 5254 23
T 93.758 4 552 5241 23
T 93.780 2 573 5277 23
T 93.780 3 563 5254 23
T 93.781 4 553 5241 23
T 93.804 2 574 5277 23
T 93.804 3 564 5254 23
T 93.804 4 554 5241 23
P 93.813 6
F 93.814 6 23
IQ 93.814 6
IS 93.814 6
IE 93.819 5
IR 93.819 5
IA 93.821 5
T 93.828 2 575 5277 23
T 93.828 3 565 5254 23
T 93.828 4 555 5241 23
T 93.851 2 576 5277 23
T 93.851 3 566 5254 23
T 93.851 4 556 5241 23
T 93.873 3 567 5254 23
T 93.874 4 557 5241 23
T 93.896 3 568 5254 23
T 93.896 4 558 5241 23
T 93.965 3 569 5254 23
T 93.965 4 559 5241 23
T 93.965 5 552 5219 23
T 93.988 3 570 5254 23
T 93.988 4 560 5241 23
T 93.988 5 553 5219 23
T 94.011 3 571 5254 23
T 94.011 4 561 5241 23
T 94.011 5 554 5219 23
T 94.034 3 572 5254 23
T 94.034 4 562 5241 23
T 94.034 5 555 5219 23
T 94.056 3 573 5254 23
T 94.056 4 563 5241 23
T 94.056 5 556 5219 23
P 94.064 7
F 94.064 7 23
IQ 94.065 7
IS 94.065 7
T 94.079 3 574 5254 23
T 94.080 4 564 5241 23
T 94.080 5 557 5219 23
T 94.103 3 575 5254 23
T 94.103 4 565 5241 23
T 94.103 5 558 5219 23
T 94.126 3 576 5254 23
T 94.127 4 566 5241 23
T 94.127 5 559 5219 23
T 94.149 4 567 5241 23
T 94.149 5 560 5219 23
IE 94.159 6
IR 94.166 6
IA 94.168 6
T 94.173 4 568 5241 23
T 94.173 5 561 5219 23
T 94.195 4 569 5241 23
T 94.195 5 562 5219 23
T 94.217 4 570 5241 23
T 94.217 5 563 5219 23
T 94.239 4 571 5241 23
T 94.239 5 564 5219 23
T 94.297 4 572 5241 23
T 94.297 5 565 5219 23
T 94.297 6 552 5289 23
P 94.314 8
F 94.315 8 24
IQ 94.315 8
IS 94.316 8
T 94.320 4 573 5241 23
T 94.320 5 566 5219 23
T 94.320 6 553 5289 23
IE 94.339 7
IR 94.339 7
IA 94.341 7
T 94.343 4 574 5241 23
T 94.343 5 567 5219 23
T 94.343 6 554 5289 23
T 94.368 4 575 5241 23
T 94.368 5 568 5219 23
T 94.368 6 555 5289 23
T 94.392 4 576 5241 23
T 94.392 5 569 5219 23
T 94.392 6 556 5289 23
T 94.414 5 570 5219 23
T 94.414 6 557 5289 23
T 94.436 5 571 5219 23
T 94.436 6 558 5289 23
T 94.505 5 572 5219 23
T 94.505 6 559 5289 23
T 94.505 7 552 5234 23
T 94.528 5 573 5219 23
T 94.528 6 560 5289 23
T 94.528 7 553 5234 23
T 94.551 5 574 5219 23
T 94.551 6 561 5289 23
T 94.551 7 554 5234 23
P 94.564 1
F 94.565 1 24
IQ 94.566 1
IS 94.566 1
T 94.574 5 575 5219 23
T 94.574 6 562 5289 23
T 94.574 7 555 5234 23
T 94.598 5 576 5219 23
T 94.598 6 563 5289 23
T 94.598 7 556 5234 23
IE 94.618 8
IR 94.619 8
IA 94.620 8
T 94.621 6 564 5289 23
T 94.622 7 557 5234 23
T 94.644 6 565 5289 23
T 94.644 7 558 5234 23
T 94.666 6 566 5289 23
T 94.666 7 559 5234 23
T 94.688 6 567 5289 23
T 94.689 7 560 5234 23
T 94.711 6 568 5289 23
T 94.711 7 561 5234 23
T 94.770 6 569 5289 23
T 94.770 7 562 5234 23
T 94.770 8 577 5284 24
T 94.793 6 570 5289 23
T 94.793 7 563 5234 23
T 94.793 8 578 5284 24
P 94.814 2
F 94.814 2 24
IQ 94.815 2
IS 94.816 2
T 94.816 6 571 5289 23
T 94.817 7 564 5234 23
T 94.817 8 579 5284 24
T 94.839 6 572 5289 23
T 94.839 7 565 5234 23
T 94.839 8 580 5284 24
IE 94.841 1
IR 94.841 1
IA 94.843 1
T 94.863 6 573 5289 23
T 94.863 7 566 5234 23
T 94.864 8 581 5284 24
T 94.887 6 574 5289 23
T 94.887 7 567 5234 23
T 94.887 8 582 5284 24
T 94.910 6 575 5289 23
T 94.911 7 568 5234 23
T 94.911 8 583 5284 24
T 94.935 6 576 5289 23
T 94.935 7 569 5234 23
T 94.935 8 584 5284 24
T 95.003 7 570 5234 23
T 95.004 8 585 5284 24
T 95.004 1 577 5287 24
T 95.027 7 571 5234 23
T 95.027 8 586 5284 24
T 95.027 1 578 5287 24
T 95.050 7 572 5234 23
T 95.050 8 587 5284 24
T 95.050 1 579 5287 24
P 95.064 3
F 95.065 3 24
IQ 95.065 3
IS 95.065 3
T 95.073 7 573 5234 23
T 95.073 8 588 5284 24
T 95.073 1 580 5287 24
T 95.096 7 574 5234 23
T 95.096 8 589 5284 24
T 95.096 1 581 5287 24
T 95.119 7 575 5234 23
T 95.119 8 590 5284 24
T 95.119 1 582 5287 24
IE 95.136 2
IR 95.137 2
IA 95.138 2
T 95.144 7 576 5234 23
T 95.144 8 591 5284 24
T 95.144 1 583 5287 24
T 95.167 8 592 5284 24
T 95.167 1 584 5287 24
T 95.189 8 593 5284 24
T 95.189 1 585 5287 24
T 95.211 8 594 5284 24
T 95.211 1 586 5287 24
T 95.269 8 595 5284 24
T 95.269 1 587 5287 24
T 95.269 2 577 5330 24
T 95.292 8 596 5284 24
T 95.292 1 588 5287 24
T 95.292 2 578 5330 24
P 95.314 4
F 95.315 4 24
IQ 95.315 4
IS 95.316 4
T 95.318 8 597 5284 24
T 95.318 1 589 5287 24
T 95.318 2 579 5330 24
IE 95.320 3
IR 95.321 3
IA 95.323 3
T 95.342 8 598 5284 24
T 95.342 1 590 5287 24
T 95.342 2 580 5330 24
T 95.365 8 599 5284 24
T 95.365 1 591 5287 24
T 95.365 2 581 5330 24
T 95.389 8 600 5284 24
T 95.389 1 592 5287 24
T 95.389 2 582 5330 24
T 95.413 8 601 5284 24
T 95.413 1 593 5287 24
T 95.413 2 583 5330 24
T 95.482 1 594 5287 24
T 95.482 2 584 5330 24
T 95.483 3 577 5307 24
T 95.505 1 595 5287 24
T 95.505 2 585 5330 24
T 95.505 3 578 5307 24
T 95.528 1 596 5287 24
T 95.528 2 586 5330 24
T 95.528 3 579 5307 24
T 95.551 1 597 5287 24
T 95.551 2 587 5330 24
T 95.551 3 580 5307 24
P 95.564 5
F 95.564 5 24
IQ 95.564 5
IS 95.565 5
T 95.574 1 598 5287 24
T 95.574 2 588 5330 24
T 95.574 3 581 5307 24
T 95.597 1 599 5287 24
T 95.597 2 589 5330 24
T 95.597 3 582 5307 24
T 95.621 1 600 5287 24
T 95.621 2 590 5330 24
T 95.621 3 583 5307 24
IE 95.636 4
IR 95.636 4
IA 95.638 4
T 95.646 1 601 5287 24
T 95.646 2 591 5330 24
T 95.646 3 584 5307 24
T 95.668 2 592 5330 24
T 95.668 3 585 5307 24
T 95.691 2 593 5330 24
T 95.691 3 586 5307 24
T 95.714 2 594 5330 24
T 95.714 3 587 5307 24
T 95.769 2 595 5330 24
T 95.769 3 588 5307 24
T 95.770 4 577 5294 24
T 95.792 2 596 5330 24
T 95.793 3 589 5307 24
T 95.793 4 578 5294 24
P 95.814 6
F 95.814 6 24
IQ 95.814 6
IS 95.815 6
T 95.817 2 597 5330 24
T 95.817 3 590 5307 24
T 95.817 4 579 5294 24
IE 95.821 5
IR 95.821 5
IA 95.822 5
T 95.840 2 598 5330 24
T 95.840 3 591 5307 24
T 95.840 4 580 5294 24
T 95.863 2 599 5330 24
T 95.864 3 592 5307 24
T 95.864 4 581 5294 24
T 95.887 2 600 5330 24
T 95.887 3 593 5307 24
T 95.887 4 582 5294 24
T 95.912 2 601 5330 24
T 95.912 3 594 5307 24
T 95.912 4 583 5294 24
T 95.980 3 595 5307 24
T 95.980 4 584 5294 24
T 95.980 5 577 5272 24
T 96.003 3 596 5307 24
T 96.004 4 585 5294 24
T 96.004 5 578 5272 24
T 96.026 3 597 5307 24
T 96.027 4 586 5294 24
T 96.027 5 579 5272 24
T 96.050 3 598 5307 24
T 96.050 4 587 5294 24
T 96.050 5 580 5272 24
P 96.063 7
F 96.064 7 24
IQ 96.064 7
IS 96.065 7
T 96.073 3 599 5307 24
T 96.073 4 588 5294 24
T 96.073 5 581 5272 24
IE 96.095 6
T 96.096 3 600 5307 24
T 96.096 4 589 5294 24
T 96.096 5 582 5272 24
IR 96.097 6
IA 96.099 6
T 96.121 3 601 5307 24
T 96.121 4 590 5294 24
T 96.122 5 583 5272 24
T 96.144 4 591 5294 24
T 96.144 5 584 5272 24
T 96.166 4 592 5294 24
T 96.166 5 585 5272 24
T 96.188 4 593 5294 24
T 96.188 5 586 5272 24
T 96.244 4 594 5294 24
T 96.244 5 587 5272 24
T 96.244 6 577 5342 24
T 96.267 4 595 5294 24
T 96.267 5 588 5272 24
T 96.267 6 578 5342 24
IE 96.285 7
IR 96.285 7
IA 96.286 7
T 96.290 4 596 5294 24
T 96.290 5 589 5272 24
T 96.290 6 579 5342 24
T 96.315 4 597 5294 24
T 96.315 5 590 5272 24
T 96.315 6 580 5342 24
P 96.315 8
F 96.315 8 25
IQ 96.316 8
IS 96.316 8
T 96.338 4 598 5294 24
T 96.338 5 591 5272 24
T 96.338 6 581 5342 24
T 96.361 4 599 5294 24
T 96.361 5 592 5272 24
T 96.361 6 582 5342 24
T 96.384 4 600 5294 24
T 96.384 5 593 5272 24
T 96.384 6 583 5342 24
T 96.454 4 601 5294 24
T 96.454 5 594 5272 24
T 96.454 6 584 5342 24
T 96.454 7 577 5287 24
T 96.477 5 595 5272 24
T 96.477 6 585 5342 24
T 96.477 7 578 5287 24
T 96.500 5 596 5272 24
T 96.500 6 586 5342 24
T 96.500 7 579 5287 24
T 96.523 5 597 5272 24
T 96.523 6 587 5342 24
T 96.523 7 580 5287 24
T 96.546 5 598 5272 24
T 96.546 6 588 5342 24
T 96.546 7 581 5287 24
P 96.563 1
F 96.564 1 25
IQ 96.564 1
IS 96.564 1
T 96.569 5 599 5272 24
T 96.569 6 589 5342 24
T 96.569 7 582 5287 24
T 96.592 5 600 5272 24
T 96.592 6 590 5342 24
T 96.592 7 583 5287 24
IE 96.612 8
IR 96.618 8
IA 96.620 8
T 96.621 5 601 5272 24
T 96.622 6 591 5342 24
T 96.622 7 584 5287 24
T 96.640 6 592 5342 24
T 96.640 7 585 5287 24
T 96.663 6 593 5342 24
T 96.663 7 586 5287 24
T 96.685 6 594 5342 24
T 96.685 7 587 5287 24
T 96.707 6 595 5342 24
T 96.707 7 588 5287 24
T 96.765 6 596 5342 24
T 96.765 7 589 5287 24
T 96.765 8 602 5337 25
IE 96.778 1
IR 96.786 1
IA 96.788 1
T 96.789 6 597 5342 24
T 96.789 7 590 5287 24
T 96.789 8 603 5337 25
T 96.812 6 598 5342 24
T 96.812 7 591 5287 24
T 96.812 8 604 5337 25
P 96.814 2
F 96.814 2 25
IQ 96.815 2
IS 96.815 2
T 96.835 6 599 5342 24
T 96.835 7 592 5287 24
T 96.835 8 605 5337 25
T 96.858 6 600 5342 24
T 96.859 7 593 5287 24
T 96.859 8 606 5337 25
T 96.882 6 601 5342 24
T 96.882 7 594 5287 24
T 96.882 8 607 5337 25
T 96.941 7 595 5287 24
T 96.941 8 608 5337 25
T 96.941 1 602 5340 25
T 96.964 7 596 5287 24
T 96.964 8 609 5337 25
T 96.964 1 603 5340 25
T 96.987 7 597 5287 24
T 96.987 8 610 5337 25
T 96.987 1 604 5340 25
T 97.011 7 598 5287 24
T 97.011 8 611 5337 25
T 97.011 1 605 5340 25
T 97.034 7 599 5287 24
T 97.034 8 612 5337 25
T 97.034 1 606 5340 25
T 97.057 7 600 5287 24
T 97.057 8 613 5337 25
T 97.057 1 607 5340 25
P 97.064 3
F 97.064 3 25
IQ 97.065 3
IS 97.065 3
IE 97.072 2
IR 97.073 2
IA 97.074 2
T 97.083 7 601 5287 24
T 97.083 8 614 5337 25
T 97.083 1 608 5340 25
T 97.105 8 615 5337 25
T 97.105 1 609 5340 25
T 97.127 8 616 5337 25
T 97.127 1 610 5340 25
T 97.149 8 617 5337 25
T 97.149 1 611 5340 25
T 97.208 8 618 5337 25
T 97.208 1 612 5340 25
T 97.208 2 602 5383 25
T 97.231 8 619 5337 25
T 97.231 1 613 5340 25
T 97.231 2 603 5383 25
T 97.254 8 620 5337 25
T 97.254 1 614 5340 25
T 97.254 2 604 5383 25
T 97.277 8 621 5337 25
T 97.277 1 615 5340 25
T 97.277 2 605 5383 25
T 97.300 8 622 5337 25
T 97.300 1 616 5340 25
T 97.300 2 606 5383 25
IE 97.303 3
IR 97.303 3
IA 97.305 3
P 97.313 4
F 97.313 4 25
IQ 97.314 4
IS 97.314 4
T 97.324 8 623 5337 25
T 97.324 1 617 5340 25
T 97.324 2 607 5383 25
T 97.347 8 624 5337 25
T 97.347 1 618 5340 25
T 97.347 2 608 5383 25
T 97.370 8 625 5337 25
T 97.370 1 619 5340 25
T 97.370 2 609 5383 25
T 97.395 8 626 5337 25
T 97.395 1 620 5340 25
T 97.395 2 610 5383 25
T 97.463 1 621 5340 25
T 97.463 2 611 5383 25
T 97.463 3 602 5360 25
T 97.486 1 622 5340 25
T 97.486 2 612 5383 25
T 97.486 3 603 5360 25
T 97.509 1 623 5340 25
T 97.509 2 613 5383 25
T 97.509 3 604 5360 25
T 97.532 1 624 5340 25
T 97.532 2 614 5383 25
T 97.532 3 605 5360 25
T 97.555 1 625 5340 25
T 97.555 2 615 5383 25
T 97.555 3 606 5360 25
P 97.564 5
F 97.564 5 25
IQ 97.565 5
IS 97.565 5
IE 97.569 4
IR 97.569 4
IA 97.571 4
T 97.581 1 626 5340 25
T 97.581 2 616 5383 25
T 97.581 3 607 5360 25
T 97.603 2 617 5383 25
T 97.603 3 608 5360 25
T 97.625 2 618 5383 25
T 97.625 3 609 5360 25
T 97.647 2 619 5383 25
T 97.647 3 610 5360 25
T 97.717 2 620 5383 25
T 97.717 3 611 5360 25
T 97.717 4 602 5347 25
T 97.739 2 621 5383 25
T 97.739 3 612 5360 25
T 97.740 4 603 5347 25
T 97.762 2 622 5383 25
T 97.763 3 613 5360 25
T 97.763 4 604 5347 25
T 97.785 2 623 5383 25
T 97.785 3 614 5360 25
T 97.785 4 605 5347 25
T 97.808 2 624 5383 25
T 97.808 3 615 5360 25
T 97.808 4 606 5347 25
P 97.815 6
F 97.815 6 25
IQ 97.815 6
IS 97.816 6
IE 97.819 5
IR 97.820 5
IA 97.821 5
T 97.832 2 625 5383 25
T 97.832 3 616 5360 25
T 97.832 4 607 5347 25
T 97.856 2 626 5383 25
T 97.856 3 617 5360 25
T 97.856 4 608 5347 25
T 97.878 3 618 5360 25
T 97.878 4 609 5347 25
T 97.900 3 619 5360 25
T 97.900 4 610 5347 25
T 97.960 3 620 5360 25
T 97.960 4 611 5347 25
T 97.960 5 602 5325 25
T 97.983 3 621 5360 25
T 97.983 4 612 5347 25
T 97.983 5 603 5325 25
T 98.006 3 622 5360 25
T 98.006 4 613 5347 25
T 98.006 5 604 5325 25
T 98.029 3 623 5360 25
T 98.029 4 614 5347 25
T 98.029 5 605 5325 25
T 98.052 3 624 5360 25
T 98.052 4 615 5347 25
T 98.052 5 606 5325 25
P 98.063 7
F 98.064 7 25
IQ 98.064 7
IS 98.065 7
T 98.075 3 625 5360 25
T 98.075 4 616 5347 25
T 98.075 5 607 5325 25
T 98.099 3 626 5360 25
T 98.099 4 617 5347 25
T 98.100 5 608 5325 25
T 98.121 4 618 5347 25
T 98.122 5 609 5325 25
T 98.144 4 619 5347 25
T 98.144 5 610 5325 25
IE 98.157 6
IR 98.158 6
IA 98.160 6
T 98.168 4 620 5347 25
T 98.168 5 611 5325 25
T 98.190 4 621 5347 25
T 98.190 5 612 5325 25
T 98.213 4 622 5347 25
T 98.213 5 613 5325 25
T 98.235 4 623 5347 25
T 98.235 5 614 5325 25
T 98.303 4 624 5347 25
T 98.303 5 615 5325 25
T 98.303 6 602 5395 25
P 98.314 8
F 98.314 8 26
IQ 98.315 8
IS 98.315 8
T 98.326 4 625 5347 25
T 98.326 5 616 5325 25
T 98.326 6 603 5395 25
T 98.350 4 626 5347 25
T 98.350 5 617 5325 25
T 98.350 6 604 5395 25
IE 98.364 7
IR 98.365 7
IA 98.366 7
T 98.373 5 618 5325 25
T 98.373 6 605 5395 25
T 98.396 5 619 5325 25
T 98.396 6 606 5395 25
T 98.418 5 620 5325 25
T 98.418 6 607 5395 25
T 98.440 5 621 5325 25
T 98.440 6 608 5395 25
T 98.499 5 622 5325 25
T 98.500 6 609 5395 25
T 98.500 7 602 5340 25
T 98.523 5 623 5325 25
T 98.523 6 610 5395 25
T 98.523 7 603 5340 25
T 98.546 5 624 5325 25
T 98.546 6 611 5395 25
T 98.546 7 604 5340 25
P 98.563 1
F 98.564 1 26
IQ 98.564 1
IS 98.565 1
T 98.569 5 625 5325 25
T 98.570 6 612 5395 25
T 98.570 7 605 5340 25
IE 98.576 8
IR 98.576 8
IA 98.577 8
T 98.594 5 626 5325 25
T 98.594 6 613 5395 25
T 98.594 7 606 5340 25
T 98.617 6 614 5395 25
T 98.617 7 607 5340 25
T 98.639 6 615 5395 25
T 98.639 7 608 5340 25
T 98.661 6 616 5395 25
T 98.661 7 609 5340 25
T 98.717 6 617 5395 25
T 98.717 7 610 5340 25
T 98.717 8 627 5390 26
T 98.740 6 618 5395 25
T 98.740 7 611 5340 25
T 98.740 8 628 5390 26
T 98.763 6 619 5395 25
T 98.763 7 612 5340 25
T 98.763 8 629 5390 26
T 98.786 6 620 5395 25
T 98.786 7 613 5340 25
T 98.786 8 630 5390 26
T 98.809 6 621 5395 25
T 98.809 7 614 5340 25
T 98.809 8 631 5390 26
P 98.814 2
F 98.814 2 26
IQ 98.815 2
IS 98.815 2
T 98.832 6 622 5395 25
T 98.832 7 615 5340 25
T 98.832 8 632 5390 26
IE 98.844 1
IR 98.845 1
IA 98.846 1
T 98.856 6 623 5395 25
T 98.856 7 616 5340 25
T 98.856 8 633 5390 26
T 98.879 6 624 5395 25
T 98.879 7 617 5340 25
T 98.879 8 634 5390 26
T 98.902 6 625 5395 25
T 98.902 7 618 5340 25
T 98.903 8 635 5390 26
T 98.926 6 626 5395 25
T 98.926 7 619 5340 25
T 98.926 8 636 5390 26
T 98.985 7 620 5340 25
T 98.985 8 637 5390 26
T 98.986 1 627 5393 26
T 99.009 7 621 5340 25
T 99.009 8 638 5390 26
T 99.009 1 628 5393 26
T 99.032 7 622 5340 25
T 99.032 8 639 5390 26
T 99.032 1 629 5393 26
IE 99.050 2
IR 99.051 2
IA 99.052 2
T 99.056 7 623 5340 25
T 99.056 8 640 5390 26
T 99.056 1 630 5393 26
P 99.064 3
F 99.064 3 26
IQ 99.064 3
IS 99.065 3
T 99.081 7 624 5340 25
T 99.081 8 641 5390 26
T 99.081 1 631 5393 26
T 99.104 7 625 5340 25
T 99.104 8 642 5390 26
T 99.104 1 632 5393 26
T 99.128 7 626 5340 25
T 99.128 8 643 5390 26
T 99.128 1 633 5393 26
T 99.150 8 644 5390 26
T 99.150 1 634 5393 26
T 99.219 8 645 5390 26
T 99.219 1 635 5393 26
T 99.219 2 627 5436 26
T 99.242 8 646 5390 26
T 99.242 1 636 5393 26
T 99.242 2 628 5436 26
T 99.265 8 647 5390 26
T 99.265 1 637 5393 26
T 99.265 2 629 5436 26
T 99.287 8 648 5390 26
T 99.287 1 638 5393 26
T 99.287 2 630 5436 26
T 99.311 8 649 5390 26
T 99.311 1 639 5393 26
T 99.311 2 631 5436 26
P 99.313 4
F 99.314 4 26
IQ 99.315 4
IS 99.315 4
IE 99.317 3
IR 99.318 3
IA 99.319 3
T 99.334 8 650 5390 26
T 99.335 1 640 5393 26
T 99.335 2 632 5436 26
T 99.358 8 651 5390 26
T 99.358 1 641 5393 26
T 99.358 2 633 5436 26
T 99.381 1 642 5393 26
T 99.381 2 634 5436 26
T 99.403 1 643 5393 26
T 99.403 2 635 5436 26
T 99.462 1 644 5393 26
T 99.462 2 636 5436 26
T 99.462 3 627 5413 26
T 99.485 1 645 5393 26
T 99.485 2 637 5436 26
T 99.485 3 628 5413 26
T 99.508 1 646 5393 26
T 99.508 2 638 5436 26
T 99.508 3 629 5413 26
T 99.531 1 647 5393 26
T 99.531 2 639 5436 26
T 99.531 3 630 5413 26
T 99.555 1 648 5393 26
T 99.555 2 640 5436 26
T 99.555 3 631 5413 26
IE 99.557 4
IR 99.557 4
IA 99.559 4
P 99.564 5
F 99.565 5 26
IQ 99.565 5
IS 99.565 5
T 99.579 1 649 5393 26
T 99.580 2 641 5436 26
T 99.580 3 632 5413 26
T 99.603 1 650 5393 26
T 99.603 2 642 5436 26
T 99.603 3 633 5413 26
T 99.626 1 651 5393 26
T 99.626 2 643 5436 26
T 99.627 3 634 5413 26
T 99.649 2 644 5436 26
T 99.649 3 635 5413 26
T 99.719 2 645 5436 26
T 99.719 3 636 5413 26
T 99.719 4 627 5400 26
T 99.742 2 646 5436 26
T 99.742 3 637 5413 26
T 99.742 4 628 5400 26
T 99.765 2 647 5436 26
T 99.765 3 638 5413 26
T 99.765 4 629 5400 26
T 99.788 2 648 5436 26
T 99.788 3 639 5413 26
T 99.788 4 630 5400 26
T 99.811 2 649 5436 26
T 99.811 3 640 5413 26
T 99.811 4 631 5400 26
P 99.813 6
F 99.814 6 26
IQ 99.814 6
IS 99.815 6
IE 99.826 5
IR 99.826 5
IA 99.828 5
T 99.835 2 650 5436 26
T 99.835 3 641 5413 26
T 99.835 4 632 5400 26
T 99.859 2 651 5436 26
T 99.859 3 642 5413 26
T 99.859 4 633 5400 26
T 99.881 3 643 5413 26
T 99.882 4 634 5400 26
T 99.904 3 644 5413 26
T 99.904 4 635 5400 26
T 99.963 3 645 5413 26
T 99.963 4 636 5400 26
T 99.963 5 627 5378 26
T 99.986 3 646 5413 26
T 99.987 4 637 5400 26
T 99.987 5 628 5378 26
T 100.010 3 647 5413 26
T 100.010 4 638 5400 26
T 100.010 5 629 5378 26
T 100.033 3 648 5413 26
T 100.033 4 639 5400 26
T 100.033 5 630 5378 26
T 100.057 3 649 5413 26
T 100.057 4 640 5400 26
T 100.057 5 631 5378 26
P 100.064 7
F 100.064 7 26
IQ 100.065 7
IS 100.065 7
IE 100.066 6
IR 100.067 6
IA 100.068 6
T 100.081 3 650 5413 26
T 100.081 4 641 5400 26
T 100.081 5 632 5378 26
T 100.106 3 651 5413 26
T 100.106 4 642 5400 26
T 100.106 5 633 5378 26
T 100.128 4 643 5400 26
T 100.128 5 634 5378 26
T 100.150 4 644 5400 26
T 100.150 5 635 5378 26
T 100.219 4 645 5400 26
T 100.219 5 636 5378 26
T 100.219 6 627 5448 26
T 100.242 4 646 5400 26
T 100.242 5 637 5378 26
T 100.242 6 628 5448 26
T 100.265 4 647 5400 26
T 100.265 5 638 5378 26
T 100.266 6 629 5448 26
IE 100.281 7
IR 100.281 7
IA 100.283 7
T 100.290 4 648 5400 26
T 100.290 5 639 5378 26
T 100.290 6 630 5448 26
T 100.313 4 649 5400 26
T 100.313 5 640 5378 26
T 100.313 6 631 5448 26
P 100.314 8
F 100.314 8 27
IQ 100.314 8
IS 100.315 8
T 100.336 4 650 5400 26
T 100.336 5 641 5378 26
T 100.336 6 632 5448 26
T 100.359 4 651 5400 26
T 100.360 5 642 5378 26
T 100.360 6 633 5448 26
T 100.419 5 643 5378 26
T 100.419 6 634 5448 26
T 100.419 7 627 5393 26
T 100.442 5 644 5378 26
T 100.442 6 635 5448 26
T 100.442 7 628 5393 26
T 100.465 5 645 5378 26
T 100.465 6 636 5448 26
T 100.465 7 629 5393 26
T 100.488 5 646 5378 26
T 100.488 6 637 5448 26
T 100.488 7 630 5393 26
T 100.511 5 647 5378 26
T 100.511 6 638 5448 26
T 100.511 7 631 5393 26
T 100.534 5 648 5378 26
T 100.534 6 639 5448 26
T 100.534 7 632 5393 26
T 100.557 5 649 5378 26
T 100.558 6 640 5448 26
T 100.558 7 633 5393 26
P 100.564 1
F 100.564 1 27
IQ 100.565 1
IS 100.565 1
T 100.581 5 650 5378 26
T 100.581 6 641 5448 26
T 100.581 7 634 5393 26
IE 100.593 8
IR 100.593 8
IA 100.595 8
T 100.606 5 651 5378 26
T 100.606 6 642 5448 26
T 100.606 7 635 5393 26
T 100.629 6 643 5448 26
T 100.629 7 636 5393 26
T 100.651 6 644 5448 26
T 100.651 7 637 5393 26
T 100.673 6 645 5448 26
T 100.674 7 638 5393 26
T 100.742 6 646 5448 26
T 100.742 7 639 5393 26
T 100.742 8 652 5443 27
T 100.765 6 647 5448 26
T 100.765 7 640 5393 26
T 100.765 8 653 5443 27
T 100.788 6 648 5448 26
T 100.788 7 641 5393 26
T 100.788 8 654 5443 27
IE 100.790 1
IR 100.791 1
IA 100.792 1
T 100.812 6 649 5448 26
T 100.812 7 642 5393 26
T 100.813 8 655 5443 27
P 100.814 2
F 100.814 2 27
IQ 100.814 2
IS 100.815 2
T 100.835 6 650 5448 26
T 100.835 7 643 5393 26
T 100.835 8 656 5443 27
T 100.859 6 651 5448 26
T 100.859 7 644 5393 26
T 100.859 8 657 5443 27
T 100.881 7 645 5393 26
T 100.881 8 658 5443 27
T 100.939 7 646 5393 26
T 100.939 8 659 5443 27
T 100.939 1 652 5446 27
T 100.962 7 647 5393 26
T 100.962 8 660 5443 27
T 100.962 1 653 5446 27
T 100.985 7 648 5393 26
T 100.985 8 661 5443 27
T 100.986 1 654 5446 27
T 101.009 7 649 5393 26
T 101.009 8 662 5443 27
T 101.009 1 655 5446 27
T 101.032 7 650 5393 26
T 101.032 8 663 5443 27
T 101.032 1 656 5446 27
T 101.057 7 651 5393 26
T 101.057 8 664 5443 27
T 101.057 1 657 5446 27
IE 101.061 2
IR 101.063 2
P 101.063 3
IA 101.065 2
F 101.065 3 27
IQ 101.065 3
IS 101.065 3
T 101.080 8 665 5443 27
T 101.080 1 658 5446 27
T 101.102 8 666 5443 27
T 101.102 1 659 5446 27
T 101.124 8 667 5443 27
T 101.124 1 660 5446 27
T 101.146 8 668 5443 27
T 101.147 1 661 5446 27
T 101.216 8 669 5443 27
T 101.216 1 662 5446 27
T 101.216 2 652 5489 27
T 101.239 8 670 5443 27
T 101.239 1 663 5446 27
T 101.239 2 653 5489 27
T 101.262 8 671 5443 27
T 101.262 1 664 5446 27
T 101.262 2 654 5489 27
T 101.285 8 672 5443 27
T 101.285 1 665 5446 27
T 101.285 2 655 5489 27
T 101.308 8 673 5443 27
T 101.308 1 666 5446 27
T 101.308 2 656 5489 27
P 101.315 4
F 101.316 4 27
IQ 101.316 4
IS 101.317 4
IE 101.322 3
IR 101.322 3
IA 101.324 3
T 101.332 8 674 5443 27
T 101.332 1 667 5446 27
T 101.332 2 657 5489 27
T 101.355 8 675 5443 27
T 101.355 1 668 5446 27
T 101.355 2 658 5489 27
T 101.379 8 676 5443 27
T 101.379 1 669 5446 27
T 101.379 2 659 5489 27
T 101.401 1 670 5446 27
T 101.401 2 660 5489 27
T 101.460 1 671 5446 27
T 101.461 2 661 5489 27
T 101.461 3 652 5466 27
T 101.484 1 672 5446 27
T 101.484 2 662 5489 27
T 101.484 3 653 5466 27
T 101.507 1 673 5446 27
T 101.507 2 663 5489 27
T 101.507 3 654 5466 27
T 101.530 1 674 5446 27
T 101.530 2 664 5489 27
T 101.530 3 655 5466 27
T 101.553 1 675 5446 27
T 101.553 2 665 5489 27
T 101.553 3 656 5466 27
P 101.563 5
F 101.563 5 27
IQ 101.564 5
IS 101.564 5
T 101.577 1 676 5446 27
T 101.577 2 666 5489 27
T 101.577 3 657 5466 27
T 101.599 2 667 5489 27
T 101.599 3 658 5466 27
T 101.622 2 668 5489 27
T 101.622 3 659 5466 27
IE 101.624 4
IR 101.624 4
IA 101.625 4
T 101.646 2 669 5489 27
T 101.646 3 660 5466 27
T 101.668 2 670 5489 27
T 101.668 3 661 5466 27
T 101.691 2 671 5489 27
T 101.691 3 662 5466 27
T 101.713 2 672 5489 27
T 101.713 3 663 5466 27
T 101.772 2 673 5489 27
T 101.773 3 664 5466 27
T 101.773 4 652 5453 27
T 101.796 2 674 5489 27
T 101.796 3 665 5466 27
T 101.796 4 653 5453 27
P 101.813 6
F 101.814 6 27
IQ 101.814 6
IS 101.814 6
T 101.819 2 675 5489 27
T 101.819 3 666 5466 27
T 101.819 4 654 5453 27
T 101.843 2 676 5489 27
T 101.843 3 667 5466 27
T 101.843 4 655 5453 27
IE 101.846 5
IR 101.846 5
IA 101.847 5
T 101.866 3 668 5466 27
T 101.866 4 656 5453 27
T 101.888 3 669 5466 27
T 101.889 4 657 5453 27
T 101.911 3 670 5466 27
T 101.911 4 658 5453 27
T 101.933 3 671 5466 27
T 101.933 4 659 5453 27
T 101.992 3 672 5466 27
T 101.992 4 660 5453 27
T 101.992 5 652 5431 27
T 102.015 3 673 5466 27
T 102.015 4 661 5453 27
T 102.016 5 653 5431 27
T 102.039 3 674 5466 27
T 102.039 4 662 5453 27
T 102.039 5 654 5431 27
T 102.062 3 675 5466 27
T 102.062 4 663 5453 27
T 102.062 5 655 5431 27
P 102.063 7
F 102.064 7 27
IQ 102.065 7
IS 102.065 7
T 102.086 3 676 5466 27
T 102.086 4 664 5453 27
T 102.086 5 656 5431 27
T 102.108 4 665 5453 27
T 102.108 5 657 5431 27
T 102.131 4 666 5453 27
T 102.131 5 658 5431 27
IE 102.132 6
IR 102.133 6
IA 102.134 6
T 102.154 4 667 5453 27
T 102.154 5 659 5431 27
T 102.177 4 668 5453 27
T 102.177 5 660 5431 27
T 102.199 4 669 5453 27
T 102.199 5 661 5431 27
T 102.221 4 670 5453 27
T 102.221 5 662 5431 27
T 102.281 4 671 5453 27
T 102.281 5 663 5431 27
T 102.281 6 652 5501 27
IE 102.300 7
IR 102.300 7
IA 102.302 7
T 102.304 4 672 5453 27
T 102.304 5 664 5431 27
T 102.304 6 653 5501 27
P 102.313 8
F 102.314 8 28
IQ 102.314 8
IS 102.314 8
T 102.329 4 673 5453 27
T 102.330 5 665 5431 27
T 102.330 6 654 5501 27
T 102.352 4 674 5453 27
T 102.352 5 666 5431 27
T 102.352 6 655 5501 27
T 102.376 4 675 5453 27
T 102.376 5 667 5431 27
T 102.376 6 656 5501 27
T 102.400 4 676 5453 27
T 102.400 5 668 5431 27
T 102.400 6 657 5501 27
T 102.456 5 669 5431 27
T 102.456 6 658 5501 27
T 102.456 7 652 5446 27
T 102.479 5 670 5431 27
T 102.480 6 659 5501 27
T 102.480 7 653 5446 27
T 102.503 5 671 5431 27
T 102.503 6 660 5501 27
T 102.503 7 654 5446 27
T 102.526 5 672 5431 27
T 102.526 6 661 5501 27
T 102.526 7 655 5446 27
T 102.549 5 673 5431 27
T 102.549 6 662 5501 27
T 102.549 7 656 5446 27
P 102.566 1
F 102.566 1 28
IQ 102.566 1
IS 102.567 1
T 102.572 5 674 5431 27
T 102.572 6 663 5501 27
T 102.572 7 657 5446 27
T 102.595 5 675 5431 27
T 102.595 6 664 5501 27
T 102.596 7 658 5446 27
IE 102.605 8
IR 102.605 8
IA 102.607 8
T 102.621 5 676 5431 27
T 102.621 6 665 5501 27
T 102.621 7 659 5446 27
T 102.643 6 666 5501 27
T 102.643 7 660 5446 27
T 102.666 6 667 5501 27
T 102.666 7 661 5446 27
T 102.688 6 668 5501 27
T 102.688 7 662 5446 27
T 102.757 6 669 5501 27
T 102.757 7 663 5446 27
T 102.757 8 677 5496 28
T 102.779 6 670 5501 27
T 102.780 7 664 5446 27
T 102.780 8 678 5496 28
T 102.802 6 671 5501 27
T 102.803 7 665 5446 27
T 102.803 8 679 5496 28
P 102.814 2
F 102.814 2 28
IQ 102.815 2
IS 102.815 2
T 102.826 6 672 5501 27
T 102.826 7 666 5446 27
T 102.826 8 680 5496 28
IE 102.826 1
IR 102.827 1
IA 102.828 1
T 102.850 6 673 5501 27
T 102.850 7 667 5446 27
T 102.850 8 681 5496 28
T 102.873 6 674 5501 27
T 102.873 7 668 5446 27
T 102.873 8 682 5496 28
T 102.897 6 675 5501 27
T 102.897 7 669 5446 27
T 102.897 8 683 5496 28
T 102.921 6 676 5501 27
T 102.921 7 670 5446 27
T 102.921 8 684 5496 28
T 102.990 7 671 5446 27
T 102.990 8 685 5496 28
T 102.990 1 677 5499 28
T 103.013 7 672 5446 27
T 103.013 8 686 5496 28
T 103.013 1 678 5499 28
T 103.036 7 673 5446 27
T 103.037 8 687 5496 28
T 103.037 1 679 5499 28
T 103.060 7 674 5446 27
T 103.060 8 688 5496 28
T 103.060 1 680 5499 28
P 103.064 3
F 103.064 3 28
IQ 103.064 3
IS 103.065 3
T 103.083 7 675 5446 27
T 103.083 8 689 5496 28
T 103.083 1 681 5499 28
T 103.107 7 676 5446 27
T 103.107 8 690 5496 28
T 103.107 1 682 5499 28
IE 103.109 2
IR 103.110 2
IA 103.111 2
T 103.131 8 691 5496 28
T 103.131 1 683 5499 28
T 103.153 8 692 5496 28
T 103.153 1 684 5499 28
T 103.175 8 693 5496 28
T 103.175 1 685 5499 28
T 103.197 8 694 5496 28
T 103.197 1 686 5499 28
T 103.254 8 695 5496 28
T 103.254 1 687 5499 28
T 103.254 2 677 5542 28
T 103.277 8 696 5496 28
T 103.277 1 688 5499 28
T 103.277 2 678 5542 28
T 103.300 8 697 5496 28
T 103.300 1 689 5499 28
T 103.300 2 679 5542 28
P 103.314 4
F 103.315 4 28
IQ 103.315 4
IS 103.316 4
IE 103.321 3
IR 103.321 3
IA 103.323 3
T 103.324 8 698 5496 28
T 103.324 1 690 5499 28
T 103.324 2 680 5542 28
T 103.348 8 699 5496 28
T 103.348 1 691 5499 28
T 103.348 2 681 5542 28
T 103.371 8 700 5496 28
T 103.371 1 692 5499 28
T 103.371 2 682 5542 28
T 103.395 8 701 5496 28
T 103.395 1 693 5499 28
T 103.395 2 683 5542 28
T 103.417 1 694 5499 28
T 103.417 2 684 5542 28
T 103.476 1 695 5499 28
T 103.476 2 685 5542 28
T 103.476 3 677 5519 28
T 103.499 1 696 5499 28
T 103.499 2 686 5542 28
T 103.499 3 678 5519 28
T 103.522 1 697 5499 28
T 103.522 2 687 5542 28
T 103.522 3 679 5519 28
T 103.545 1 698 5499 28
T 103.546 2 688 5542 28
T 103.546 3 680 5519 28
P 103.565 5
F 103.565 5 28
IQ 103.565 5
IS 103.566 5
T 103.569 1 699 5499 28
T 103.569 2 689 5542 28
T 103.569 3 681 5519 28
T 103.592 1 700 5499 28
T 103.592 2 690 5542 28
T 103.592 3 682 5519 28
IE 103.608 4
IR 103.608 4
IA 103.610 4
T 103.617 1 701 5499 28
T 103.617 2 691 5542 28
T 103.618 3 683 5519 28
T 103.640 2 692 5542 28
T 103.640 3 684 5519 28
T 103.662 2 693 5542 28
T 103.662 3 685 5519 28
T 103.684 2 694 5542 28
T 103.684 3 686 5519 28
T 103.743 2 695 5542 28
T 103.744 3 687 5519 28
T 103.744 4 677 5506 28
T 103.766 2 696 5542 28
T 103.767 3 688 5519 28
T 103.767 4 678 5506 28
T 103.789 2 697 5542 28
T 103.790 3 689 5519 28
T 103.790 4 679 5506 28
T 103.813 2 698 5542 28
T 103.813 3 690 5519 28
T 103.813 4 680 5506 28
P 103.814 6
F 103.815 6 28
IQ 103.815 6
IS 103.815 6
IE 103.818 5
IR 103.819 5
IA 103.820 5
T 103.837 2 699 5542 28
T 103.837 3 691 5519 28
T 103.837 4 681 5506 28
T 103.860 2 700 5542 28
T 103.860 3 692 5519 28
T 103.860 4 682 5506 28
T 103.885 2 701 5542 28
T 103.885 3 693 5519 28
T 103.885 4 683 5506 28
T 103.907 3 694 5519 28
T 103.907 4 684 5506 28
T 103.976 3 695 5519 28
T 103.977 4 685 5506 28
T 103.977 5 677 5484 28
T 104.000 3 696 5519 28
T 104.000 4 686 5506 28
T 104.000 5 678 5484 28
T 104.023 3 697 5519 28
T 104.023 4 687 5506 28
T 104.023 5 679 5484 28
T 104.046 3 698 5519 28
T 104.046 4 688 5506 28
T 104.046 5 680 5484 28
F 104.063 7 28
P 104.063 7
IQ 104.063 7
IS 104.064 7
T 104.069 3 699 5519 28
T 104.069 4 689 5506 28
T 104.069 5 681 5484 28
T 104.092 3 700 5519 28
T 104.092 4 690 5506 28
T 104.093 5 682 5484 28
IE 104.094 6
IR 104.094 6
IA 104.096 6
T 104.118 3 701 5519 28
T 104.118 4 691 5506 28
T 104.118 5 683 5484 28
T 104.140 4 692 5506 28
T 104.140 5 684 5484 28
T 104.162 4 693 5506 28
T 104.162 5 685 5484 28
T 104.184 4 694 5506 28
T 104.184 5 686 5484 28
T 104.243 4 695 5506 28
T 104.243 5 687 5484 28
T 104.243 6 677 5554 28
T 104.266 4 696 5506 28
T 104.266 5 688 5484 28
T 104.266 6 678 5554 28
T 104.289 4 697 5506 28
T 104.289 5 689 5484 28
T 104.289 6 679 5554 28
T 104.312 4 698 5506 28
T 104.312 5 690 5484 28
T 104.312 6 680 5554 28
P 104.313 8
F 104.314 8 29
IQ 104.314 8
IS 104.314 8
T 104.335 4 699 5506 28
T 104.335 5 691 5484 28
T 104.335 6 681 5554 28
IE 104.336 7
IR 104.336 7
IA 104.338 7
T 104.359 4 700 5506 28
T 104.359 5 692 5484 28
T 104.359 6 682 5554 28
T 104.384 4 701 5506 28
T 104.384 5 693 5484 28
T 104.384 6 683 5554 28
T 104.406 5 694 5484 28
T 104.406 6 684 5554 28
T 104.428 5 695 5484 28
T 104.428 6 685 5554 28
T 104.498 5 696 5484 28
T 104.498 6 686 5554 28
T 104.498 7 677 5499 28
T 104.521 5 697 5484 28
T 104.521 6 687 5554 28
T 104.521 7 678 5499 28
T 104.544 5 698 5484 28
T 104.544 6 688 5554 28
T 104.544 7 679 5499 28
P 104.563 1
F 104.564 1 29
IQ 104.564 1
IS 104.564 1
T 104.567 5 699 5484 28
T 104.567 6 689 5554 28
T 104.567 7 680 5499 28
T 104.590 5 700 5484 28
T 104.590 6 690 5554 28
T 104.591 7 681 5499 28
T 104.615 5 701 5484 28
T 104.615 6 691 5554 28
T 104.615 7 682 5499 28
IE 104.617 8
IR 104.617 8
IA 104.619 8
T 104.638 6 692 5554 28
T 104.639 7 683 5499 28
T 104.661 6 693 5554 28
T 104.661 7 684 5499 28
T 104.683 6 694 5554 28
T 104.683 7 685 5499 28
T 104.706 6 695 5554 28
T 104.706 7 686 5499 28
T 104.764 6 696 5554 28
T 104.764 7 687 5499 28
T 104.764 8 702 5549 29
T 104.787 6 697 5554 28
T 104.787 7 688 5499 28
T 104.787 8 703 5549 29
T 104.810 6 698 5554 28
T 104.810 7 689 5499 28
T 104.811 8 704 5549 29
P 104.814 2
F 104.814 2 29
IQ 104.815 2
IS 104.815 2
T 104.834 6 699 5554 28
T 104.834 7 690 5499 28
T 104.834 8 705 5549 29
T 104.857 6 700 5554 28
T 104.857 7 691 5499 28
T 104.857 8 706 5549 29
IE 104.873 1
IR 104.873 1
IA 104.875 1
T 104.882 6 701 5554 28
T 104.882 7 692 5499 28
T 104.882 8 707 5549 29
T 104.904 7 693 5499 28
T 104.904 8 708 5549 29
T 104.926 7 694 5499 28
T 104.927 8 709 5549 29
T 104.949 7 695 5499 28
T 104.949 8 710 5549 29
T 105.018 7 696 5499 28
T 105.018 8 711 5549 29
T 105.018 1 702 5552 29
T 105.041 7 697 5499 28
T 105.041 8 712 5549 29
T 105.041 1 703 5552 29
P 105.064 3
T 105.065 7 698 5499 28
T 105.065 8 713 5549 29
T 105.065 1 704 5552 29
F 105.065 3 29
IQ 105.066 3
IS 105.066 3
IE 105.076 2
IR 105.077 2
IA 105.079 2
T 105.089 7 699 5499 28
T 105.089 8 714 5549 29
T 105.089 1 705 5552 29
T 105.112 7 700 5499 28
T 105.112 8 715 5549 29
T 105.112 1 706 5552 29
T 105.136 7 701 5499 28
T 105.136 8 716 5549 29
T 105.136 1 707 5552 29
T 105.158 8 717 5549 29
T 105.158 1 708 5552 29
T 105.218 8 718 5549 29
T 105.218 1 709 5552 29
T 105.218 2 702 5595 29
T 105.241 8 719 5549 29
T 105.241 1 710 5552 29
T 105.241 2 703 5595 29
T 105.264 8 720 5549 29
T 105.264 1 711 5552 29
T 105.264 2 704 5595 29
T 105.287 8 721 5549 29
T 105.287 1 712 5552 29
T 105.287 2 705 5595 29
T 105.310 8 722 5549 29
T 105.310 1 713 5552 29
T 105.310 2 706 5595 29
P 105.314 4
F 105.314 4 29
IQ 105.315 4
IS 105.315 4
IE 105.328 3
IR 105.328 3
IA 105.330 3
T 105.335 8 723 5549 29
T 105.335 1 714 5552 29
T 105.335 2 707 5595 29
T 105.358 8 724 5549 29
T 105.358 1 715 5552 29
T 105.358 2 708 5595 29
T 105.381 8 725 5549 29
T 105.381 1 716 5552 29
T 105.382 2 709 5595 29
T 105.406 8 726 5549 29
T 105.406 1 717 5552 29
T 105.406 2 710 5595 29
T 105.476 1 718 5552 29
T 105.476 2 711 5595 29
T 105.476 3 702 5572 29
T 105.499 1 719 5552 29
T 105.499 2 712 5595 29
T 105.499 3 703 5572 29
T 105.522 1 720 5552 29
T 105.522 2 713 5595 29
T 105.522 3 704 5572 29
T 105.545 1 721 5552 29
T 105.545 2 714 5595 29
T 105.545 3 705 5572 29
P 105.566 5
F 105.567 5 29
IQ 105.567 5
IS 105.568 5
T 105.569 1 722 5552 29
T 105.569 2 715 5595 29
T 105.569 3 706 5572 29
T 105.591 1 723 5552 29
T 105.591 2 716 5595 29
T 105.591 3 707 5572 29
T 105.615 1 724 5552 29
T 105.615 2 717 5595 29
T 105.615 3 708 5572 29
IE 105.621 4
IR 105.622 4
IA 105.624 4
T 105.639 1 725 5552 29
T 105.639 2 718 5595 29
T 105.639 3 709 5572 29
T 105.663 1 726 5552 29
T 105.663 2 719 5595 29
T 105.663 3 710 5572 29
T 105.686 2 720 5595 29
T 105.686 3 711 5572 29
T 105.708 2 721 5595 29
T 105.708 3 712 5572 29
T 105.767 2 722 5595 29
T 105.767 3 713 5572 29
T 105.767 4 702 5559 29
T 105.790 2 723 5595 29
T 105.790 3 714 5572 29
T 105.790 4 703 5559 29
IE 105.800 5
IR 105.800 5
IA 105.802 5
T 105.815 2 724 5595 29
T 105.815 3 715 5572 29
T 105.815 4 704 5559 29
P 105.816 6
F 105.816 6 29
IQ 105.817 6
IS 105.817 6
T 105.837 2 725 5595 29
T 105.838 3 716 5572 29
T 105.838 4 705 5559 29
T 105.861 2 726 5595 29
T 105.862 3 717 5572 29
T 105.862 4 706 5559 29
T 105.884 3 718 5572 29
T 105.884 4 707 5559 29
T 105.954 3 719 5572 29
T 105.954 4 708 5559 29
T 105.954 5 702 5537 29
T 105.977 3 720 5572 29
T 105.977 4 709 5559 29
T 105.977 5 703 5537 29
T 106.000 3 721 5572 29
T 106.000 4 710 5559 29
T 106.001 5 704 5537 29
T 106.023 3 722 5572 29
T 106.023 4 711 5559 29
T 106.023 5 705 5537 29
T 106.046 3 723 5572 29
T 106.046 4 712 5559 29
T 106.046 5 706 5537 29
P 106.064 7
F 106.064 7 29
IQ 106.065 7
IS 106.065 7
T 106.069 3 724 5572 29
T 106.070 4 713 5559 29
T 106.070 5 707 5537 29
T 106.092 3 725 5572 29
T 106.092 4 714 5559 29
T 106.092 5 708 5537 29
T 106.116 3 726 5572 29
T 106.116 4 715 5559 29
T 106.116 5 709 5537 29
IE 106.118 6
IR 106.119 6
IA 106.120 6
T 106.139 4 716 5559 29
T 106.139 5 710 5537 29
T 106.162 4 717 5559 29
T 106.162 5 711 5537 29
T 106.184 4 718 5559 29
T 106.184 5 712 5537 29
T 106.206 4 719 5559 29
T 106.206 5 713 5537 29
T 106.265 4 720 5559 29
T 106.265 5 714 5537 29
T 106.265 6 702 5607 29
T 106.288 4 721 5559 29
T 106.288 5 715 5537 29
T 106.288 6 703 5607 29
T 106.311 4 722 5559 29
T 106.311 5 716 5537 29
T 106.312 6 704 5607 29
IE 106.314 7
P 106.315 8
IR 106.315 7
IA 106.317 7
F 106.317 8 30
IQ 106.317 8
IS 106.317 8
T 106.335 4 723 5559 29
T 106.336 5 717 5537 29
T 106.336 6 705 5607 29
T 106.359 4 724 5559 29
T 106.359 5 718 5537 29
T 106.359 6 706 5607 29
T 106.382 4 725 5559 29
T 106.382 5 719 5537 29
T 106.382 6 707 5607 29
T 106.406 4 726 5559 29
T 106.406 5 720 5537 29
T 106.406 6 708 5607 29
T 106.476 5 721 5537 29
T 106.476 6 709 5607 29
T 106.476 7 702 5552 29
T 106.499 5 722 5537 29
T 106.499 6 710 5607 29
T 106.499 7 703 5552 29
T 106.522 5 723 5537 29
T 106.522 6 711 5607 29
T 106.522 7 704 5552 29
T 106.545 5 724 5537 29
T 106.545 6 712 5607 29
T 106.545 7 705 5552 29
P 106.564 1
F 106.564 1 30
IQ 106.565 1
IS 106.565 1
T 106.568 5 725 5537 29
T 106.568 6 713 5607 29
T 106.569 7 706 5552 29
T 106.592 5 726 5537 29
T 106.592 6 714 5607 29
T 106.592 7 707 5552 29
T 106.614 6 715 5607 29
T 106.614 7 708 5552 29
IE 106.623 8
IR 106.624 8
IA 106.626 8
T 106.638 6 716 5607 29
T 106.638 7 709 5552 29
T 106.660 6 717 5607 29
T 106.660 7 710 5552 29
T 106.683 6 718 5607 29
T 106.683 7 711 5552 29
T 106.705 6 719 5607 29
T 106.705 7 712 5552 29
T 106.764 6 720 5607 29
T 106.764 7 713 5552 29
T 106.764 8 727 5602 30
T 106.787 6 721 5607 29
T 106.787 7 714 5552 29
T 106.787 8 728 5602 30
T 106.810 6 722 5607 29
T 106.810 7 715 5552 29
T 106.810 8 729 5602 30
P 106.814 2
F 106.814 2 30
IQ 106.815 2
IS 106.815 2
T 106.833 6 723 5607 29
T 106.833 7 716 5552 29
T 106.834 8 730 5602 30
IE 106.839 1
IR 106.839 1
IA 106.841 1
T 106.858 6 724 5607 29
T 106.858 7 717 5552 29
T 106.858 8 731 5602 30
T 106.881 6 725 5607 29
T 106.881 7 718 5552 29
T 106.881 8 732 5602 30
T 106.906 6 726 5607 29
T 106.906 7 719 5552 29
T 106.906 8 733 5602 30
T 106.929 7 720 5552 29
T 106.929 8 734 5602 30
T 106.988 7 721 5552 29
T 106.988 8 735 5602 30
T 106.988 1 727 5605 30
T 107.011 7 722 5552 29
T 107.011 8 736 5602 30
T 107.011 1 728 5605 30
T 107.035 7 723 5552 29
T 107.035 8 737 5602 30
T 107.035 1 729 5605 30
T 107.058 7 724 5552 29
T 107.058 8 738 5602 30
T 107.058 1 730 5605 30
P 107.064 3
F 107.064 3 30
IQ 107.065 3
IS 107.065 3
T 107.081 7 725 5552 29
T 107.081 8 739 5602 30
T 107.081 1 731 5605 30
T 107.105 7 726 5552 29
T 107.105 8 740 5602 30
T 107.105 1 732 5605 30
T 107.128 8 741 5602 30
T 107.128 1 733 5605 30
IE 107.147 2
IR 107.147 2
IA 107.149 2
T 107.150 8 742 5602 30
T 107.150 1 734 5605 30
T 107.174 8 743 5602 30
T 107.174 1 735 5605 30
T 107.196 8 744 5602 30
T 107.196 1 736 5605 30
T 107.219 8 745 5602 30
T 107.219 1 737 5605 30
T 107.241 8 746 5602 30
T 107.241 1 738 5605 30
T 107.301 8 747 5602 30
T 107.301 1 739 5605 30
T 107.301 2 727 5648 30
IE 107.305 3
IR 107.305 3
IA 107.307 3
P 107.314 4
F 107.314 4 30
IQ 107.315 4
IS 107.315 4
T 107.325 8 748 5602 30
T 107.325 1 740 5605 30
T 107.325 2 728 5648 30
T 107.348 8 749 5602 30
T 107.348 1 741 5605 30
T 107.348 2 729 5648 30
T 107.372 8 750 5602 30
T 107.372 1 742 5605 30
T 107.372 2 730 5648 30
T 107.396 8 751 5602 30
T 107.396 1 743 5605 30
T 107.396 2 731 5648 30
T 107.466 1 744 5605 30
T 107.466 2 732 5648 30
T 107.466 3 727 5625 30
T 107.489 1 745 5605 30
T 107.490 2 733 5648 30
T 107.490 3 728 5625 30
T 107.513 1 746 5605 30
T 107.513 2 734 5648 30
T 107.513 3 729 5625 30
T 107.536 1 747 5605 30
T 107.536 2 735 5648 30
T 107.536 3 730 5625 30
T 107.559 1 748 5605 30
T 107.559 2 736 5648 30
T 107.559 3 731 5625 30
P 107.563 5
F 107.564 5 30
IQ 107.564 5
IS 107.564 5
T 107.583 1 749 5605 30
T 107.583 2 737 5648 30
T 107.583 3 732 5625 30
IE 107.585 4
IR 107.586 4
IA 107.588 4
T 107.608 1 750 5605 30
T 107.608 2 738 5648 30
T 107.608 3 733 5625 30
T 107.631 1 751 5605 30
T 107.632 2 739 5648 30
T 107.632 3 734 5625 30
T 107.654 2 740 5648 30
T 107.654 3 735 5625 30
T 107.676 2 741 5648 30
T 107.676 3 736 5625 30
T 107.745 2 742 5648 30
T 107.745 3 737 5625 30
T 107.746 4 727 5612 30
T 107.768 2 743 5648 30
T 107.768 3 738 5625 30
T 107.768 4 728 5612 30
IE 107.786 5
IR 107.786 5
IA 107.788 5
T 107.791 2 744 5648 30
T 107.791 3 739 5625 30
T 107.791 4 729 5612 30
P 107.813 6
F 107.814 6 30
IQ 107.814 6
IS 107.814 6
T 107.816 2 745 5648 30
T 107.817 3 740 5625 30
T 107.817 4 730 5612 30
T 107.839 2 746 5648 30
T 107.839 3 741 5625 30
T 107.839 4 731 5612 30
T 107.863 2 747 5648 30
T 107.863 3 742 5625 30
T 107.863 4 732 5612 30
T 107.886 2 748 5648 30
T 107.886 3 743 5625 30
T 107.886 4 733 5612 30
T 107.956 2 749 5648 30
T 107.956 3 744 5625 30
T 107.956 4 734 5612 30
T 107.956 5 727 5590 30
T 107.979 2 750 5648 30
T 107.980 3 745 5625 30
T 107.980 4 735 5612 30
T 107.980 5 728 5590 30
T 108.003 2 751 5648 30
T 108.003 3 746 5625 30
T 108.003 4 736 5612 30
T 108.004 5 729 5590 30
T 108.026 3 747 5625 30
T 108.026 4 737 5612 30
T 108.027 5 730 5590 30
T 108.050 3 748 5625 30
T 108.050 4 738 5612 30
T 108.050 5 731 5590 30
P 108.063 7
F 108.064 7 30
IQ 108.065 7
IS 108.065 7
IE 108.068 6
IR 108.069 6
IA 108.070 6
T 108.073 3 749 5625 30
T 108.073 4 739 5612 30
T 108.073 5 732 5590 30
T 108.099 3 750 5625 30
T 108.099 4 740 5612 30
T 108.099 5 733 5590 30
T 108.122 3 751 5625 30
T 108.122 4 741 5612 30
T 108.122 5 734 5590 30
T 108.145 4 742 5612 30
T 108.145 5 735 5590 30
T 108.167 4 743 5612 30
T 108.167 5 736 5590 30
T 108.236 4 744 5612 30
T 108.236 5 737 5590 30
T 108.236 6 727 5660 30
T 108.259 4 745 5612 30
T 108.259 5 738 5590 30
T 108.259 6 728 5660 30
T 108.282 4 746 5612 30
T 108.282 5 739 5590 30
T 108.282 6 729 5660 30
T 108.305 4 747 5612 30
T 108.305 5 740 5590 30
T 108.305 6 730 5660 30
IE 108.314 7
IR 108.315 7
P 108.315 8
IA 108.317 7
F 108.317 8 31
IQ 108.317 8
IS 108.318 8
T 108.330 4 748 5612 30
T 108.330 5 741 5590 30
T 108.330 6 731 5660 30
T 108.353 4 749 5612 30
T 108.353 5 742 5590 30
T 108.353 6 732 5660 30
T 108.376 4 750 5612 30
T 108.376 5 743 5590 30
T 108.376 6 733 5660 30
T 108.401 4 751 5612 30
T 108.401 5 744 5590 30
T 108.401 6 734 5660 30
T 108.460 5 745 5590 30
T 108.460 6 735 5660 30
T 108.460 7 727 5605 30
T 108.483 5 746 5590 30
T 108.483 6 736 5660 30
T 108.483 7 728 5605 30
T 108.506 5 747 5590 30
T 108.506 6 737 5660 30
T 108.506 7 729 5605 30
T 108.529 5 748 5590 30
T 108.529 6 738 5660 30
T 108.529 7 730 5605 30
T 108.553 5 749 5590 30
T 108.553 6 739 5660 30
T 108.553 7 731 5605 30
IE 108.556 8
IR 108.557 8
IA 108.558 8
P 108.563 1
F 108.564 1 31
IQ 108.564 1
IS 108.565 1
T 108.578 5 750 5590 30
T 108.578 6 740 5660 30
T 108.578 7 732 5605 30
T 108.602 5 751 5590 30
T 108.602 6 741 5660 30
T 108.602 7 733 5605 30
T 108.624 6 742 5660 30
T 108.624 7 734 5605 30
T 108.647 6 743 5660 30
T 108.647 7 735 5605 30
T 108.705 6 744 5660 30
T 108.705 7 736 5605 30
T 108.706 8 752 5655 31
T 108.729 6 745 5660 30
T 108.729 7 737 5605 30
T 108.729 8 753 5655 31
T 108.752 6 746 5660 30
T 108.752 7 738 5605 30
T 108.752 8 754 5655 31
T 108.775 6 747 5660 30
T 108.775 7 739 5605 30
T 108.775 8 755 5655 31
T 108.798 6 748 5660 30
T 108.798 7 740 5605 30
T 108.798 8 756 5655 31
P 108.813 2
IE 108.814 1
F 108.815 2 31
IQ 108.815 2
IS 108.815 2
IR 108.816 1
IA 108.818 1
T 108.821 6 749 5660 30
T 108.821 7 741 5605 30
T 108.821 8 757 5655 31
T 108.846 6 750 5660 30
T 108.846 7 742 5605 30
T 108.846 8 758 5655 31
T 108.870 6 751 5660 30
T 108.870 7 743 5605 30
T 108.870 8 759 5655 31
T 108.892 7 744 5605 30
T 108.892 8 760 5655 31
T 108.915 7 745 5605 30
T 108.915 8 761 5655 31
T 108.974 7 746 5605 30
T 108.975 8 762 5655 31
T 108.975 1 752 5658 31
T 108.998 7 747 5605 30
T 108.998 8 763 5655 31
T 108.998 1 753 5658 31
T 109.021 7 748 5605 30
T 109.021 8 764 5655 31
T 109.021 1 754 5658 31
T 109.044 7 749 5605 30
T 109.044 8 765 5655 31
T 109.044 1 755 5658 31
IE 109.062 2
IR 109.063 2
P 109.064 3
IA 109.065 2
F 109.065 3 31
IQ 109.066 3
IS 109.066 3
T 109.068 7 750 5605 30
T 109.068 8 766 5655 31
T 109.068 1 756 5658 31
T 109.094 7 751 5605 30
T 109.094 8 767 5655 31
T 109.094 1 757 5658 31
T 109.116 8 768 5655 31
T 109.116 1 758 5658 31
T 109.138 8 769 5655 31
T 109.138 1 759 5658 31
T 109.161 8 770 5655 31
T 109.161 1 760 5658 31
T 109.231 8 771 5655 31
T 109.231 1 761 5658 31
T 109.231 2 752 5701 31
T 109.254 8 772 5655 31
T 109.254 1 762 5658 31
T 109.254 2 753 5701 31
T 109.277 8 773 5655 31
T 109.277 1 763 5658 31
T 109.277 2 754 5701 31
T 109.300 8 774 5655 31
T 109.300 1 764 5658 31
T 109.300 2 755 5701 31
P 109.313 4
F 109.314 4 31
IQ 109.315 4
IS 109.315 4
T 109.323 8 775 5655 31
T 109.323 1 765 5658 31
T 109.323 2 756 5701 31
IE 109.330 3
IR 109.331 3
IA 109.332 3
T 109.348 8 776 5655 31
T 109.348 1 766 5658 31
T 109.348 2 757 5701 31
T 109.370 1 767 5658 31
T 109.370 2 758 5701 31
T 109.393 1 768 5658 31
T 109.393 2 759 5701 31
T 109.416 1 769 5658 31
T 109.416 2 760 5701 31
T 109.473 1 770 5658 31
T 109.473 2 761 5701 31
T 109.473 3 752 5678 31
T 109.496 1 771 5658 31
T 109.496 2 762 5701 31
T 109.496 3 753 5678 31
T 109.519 1 772 5658 31
T 109.519 2 763 5701 31
T 109.519 3 754 5678 31
T 109.542 1 773 5658 31
T 109.543 2 764 5701 31
T 109.543 3 755 5678 31
IE 109.561 4
IR 109.562 4
IA 109.564 4
T 109.566 1 774 5658 31
T 109.566 2 765 5701 31
T 109.566 3 756 5678 31
P 109.566 5
F 109.566 5 31
IQ 109.567 5
IS 109.567 5
T 109.592 1 775 5658 31
T 109.592 2 766 5701 31
T 109.592 3 757 5678 31
T 109.615 1 776 5658 31
T 109.615 2 767 5701 31
T 109.615 3 758 5678 31
T 109.638 2 768 5701 31
T 109.638 3 759 5678 31
T 109.660 2 769 5701 31
T 109.660 3 760 5678 31
T 109.730 2 770 5701 31
T 109.730 3 761 5678 31
T 109.730 4 752 5665 31
T 109.752 2 771 5701 31
T 109.752 3 762 5678 31
T 109.753 4 753 5665 31
T 109.775 2 772 5701 31
T 109.775 3 763 5678 31
T 109.775 4 754 5665 31
T 109.798 2 773 5701 31
T 109.798 3 764 5678 31
T 109.798 4 755 5665 31
P 109.814 6
F 109.814 6 31
IQ 109.815 6
IS 109.815 6
T 109.821 2 774 5701 31
T 109.821 3 765 5678 31
T 109.821 4 756 5665 31
IE 109.824 5
IR 109.825 5
IA 109.826 5
T 109.846 2 775 5701 31
T 109.846 3 766 5678 31
T 109.846 4 757 5665 31
T 109.870 2 776 5701 31
T 109.870 3 767 5678 31
T 109.870 4 758 5665 31
T 109.892 3 768 5678 31
T 109.892 4 759 5665 31
T 109.915 3 769 5678 31
T 109.915 4 760 5665 31
T 109.975 3 770 5678 31
T 109.975 4 761 5665 31
T 109.975 5 752 5643 31
T 109.999 3 771 5678 31
T 109.999 4 762 5665 31
T 109.999 5 753 5643 31
T 110.022 3 772 5678 31
T 110.022 4 763 5665 31
T 110.022 5 754 5643 31
T 110.045 3 773 5678 31
T 110.045 4 764 5665 31
T 110.045 5 755 5643 31
P 110.064 7
F 110.064 7 31
IQ 110.065 7
IS 110.066 7
T 110.069 3 774 5678 31
T 110.069 4 765 5665 31
T 110.069 5 756 5643 31
IE 110.074 6
IR 110.074 6
IA 110.075 6
T 110.093 3 775 5678 31
T 110.093 4 766 5665 31
T 110.093 5 757 5643 31
T 110.117 3 776 5678 31
T 110.117 4 767 5665 31
T 110.117 5 758 5643 31
T 110.139 4 768 5665 31
T 110.139 5 759 5643 31
T 110.161 4 769 5665 31
T 110.162 5 760 5643 31
T 110.231 4 770 5665 31
T 110.232 5 761 5643 31
T 110.232 6 752 5713 31
T 110.254 4 771 5665 31
T 110.254 5 762 5643 31
T 110.254 6 753 5713 31
T 110.277 4 772 5665 31
T 110.278 5 763 5643 31
T 110.278 6 754 5713 31
T 110.300 4 773 5665 31
T 110.300 5 764 5643 31
T 110.300 6 755 5713 31
P 110.314 8
F 110.315 8 32
IQ 110.315 8
IS 110.316 8
T 110.323 4 774 5665 31
T 110.323 5 765 5643 31
T 110.323 6 756 5713 31
T 110.346 4 775 5665 31
T 110.346 5 766 5643 31
T 110.346 6 757 5713 31
IE 110.365 7
IR 110.365 7
IA 110.367 7
T 110.370 4 776 5665 31
T 110.370 5 767 5643 31
T 110.370 6 758 5713 31
T 110.394 5 768 5643 31
T 110.394 6 759 5713 31
T 110.416 5 769 5643 31
T 110.416 6 760 5713 31
T 110.439 5 770 5643 31
T 110.439 6 761 5713 31
T 110.462 5 771 5643 31
T 110.462 6 762 5713 31
T 110.521 5 772 5643 31
T 110.521 6 763 5713 31
T 110.521 7 752 5658 31
T 110.544 5 773 5643 31
T 110.544 6 764 5713 31
T 110.544 7 753 5658 31
IE 110.565 8
P 110.565 1
IR 110.566 8
IA 110.568 8
F 110.569 1 32
IQ 110.569 1
IS 110.570 1
T 110.571 5 774 5643 31
T 110.571 6 765 5713 31
T 110.571 7 754 5658 31
T 110.592 5 775 5643 31
T 110.592 6 766 5713 31
T 110.593 7 755 5658 31
T 110.616 5 776 5643 31
T 110.617 6 767 5713 31
T 110.617 7 756 5658 31
T 110.639 6 768 5713 31
T 110.639 7 757 5658 31
T 110.661 6 769 5713 31
T 110.661 7 758 5658 31
T 110.731 6 770 5713 31
T 110.731 7 759 5658 31
T 110.731 8 777 5708 32
T 110.754 6 771 5713 31
T 110.754 7 760 5658 31
T 110.754 8 778 5708 32
T 110.777 6 772 5713 31
T 110.777 7 761 5658 31
T 110.777 8 779 5708 32
T 110.800 6 773 5713 31
T 110.800 7 762 5658 31
T 110.800 8 780 5708 32
P 110.813 2
F 110.814 2 32
IQ 110.814 2
IS 110.815 2
T 110.823 6 774 5713 31
T 110.823 7 763 5658 31
T 110.823 8 781 5708 32
T 110.846 6 775 5713 31
T 110.846 7 764 5658 31
T 110.846 8 782 5708 32
IE 110.848 1
IR 110.848 1
IA 110.849 1
T 110.871 6 776 5713 31
T 110.871 7 765 5658 31
T 110.871 8 783 5708 32
T 110.893 7 766 5658 31
T 110.894 8 784 5708 32
T 110.916 7 767 5658 31
T 110.916 8 785 5708 32
T 110.939 7 768 5658 31
T 110.939 8 786 5708 32
T 110.998 7 769 5658 31
T 110.998 8 787 5708 32
T 110.998 1 777 5711 32
T 111.021 7 770 5658 31
T 111.021 8 788 5708 32
T 111.021 1 778 5711 32
T 111.044 7 771 5658 31
T 111.044 8 789 5708 32
T 111.044 1 779 5711 32
P 111.064 3
F 111.064 3 32
IQ 111.065 3
IS 111.065 3
T 111.068 7 772 5658 31
T 111.068 8 790 5708 32
T 111.068 1 780 5711 32
IE 111.074 2
IR 111.074 2
IA 111.076 2
T 111.092 7 773 5658 31
T 111.092 8 791 5708 32
T 111.093 1 781 5711 32
T 111.116 7 774 5658 31
T 111.116 8 792 5708 32
T 111.116 1 782 5711 32
T 111.139 7 775 5658 31
T 111.139 8 793 5708 32
T 111.139 1 783 5711 32
T 111.164 7 776 5658 31
T 111.164 8 794 5708 32
T 111.164 1 784 5711 32
T 111.234 8 795 5708 32
T 111.234 1 785 5711 32
T 111.234 2 777 5754 32
T 111.257 8 796 5708 32
T 111.257 1 786 5711 32
T 111.257 2 778 5754 32
T 111.280 8 797 5708 32
T 111.280 1 787 5711 32
T 111.280 2 779 5754 32
T 111.303 8 798 5708 32
T 111.303 1 788 5711 32
T 111.303 2 780 5754 32
IE 111.313 3
IR 111.314 3
P 111.315 4
IA 111.316 3
F 111.316 4 32
IQ 111.316 4
IS 111.317 4
T 111.327 8 799 5708 32
T 111.328 1 789 5711 32
T 111.328 2 781 5754 32
T 111.351 8 800 5708 32
T 111.351 1 790 5711 32
T 111.351 2 782 5754 32
T 111.374 8 801 5708 32
T 111.375 1 791 5711 32
T 111.375 2 783 5754 32
T 111.397 1 792 5711 32
T 111.397 2 784 5754 32
T 111.457 1 793 5711 32
T 111.457 2 785 5754 32
T 111.457 3 777 5731 32
T 111.480 1 794 5711 32
T 111.480 2 786 5754 32
T 111.480 3 778 5731 32
T 111.503 1 795 5711 32
T 111.503 2 787 5754 32
T 111.503 3 779 5731 32
T 111.526 1 796 5711 32
T 111.526 2 788 5754 32
T 111.526 3 780 5731 32
T 111.549 1 797 5711 32
T 111.549 2 789 5754 32
T 111.549 3 781 5731 32
P 111.564 5
F 111.565 5 32
IQ 111.565 5
IS 111.565 5
T 111.573 1 798 5711 32
T 111.573 2 790 5754 32
T 111.573 3 782 5731 32
IE 111.575 4
IR 111.576 4
IA 111.577 4
T 111.597 1 799 5711 32
T 111.598 2 791 5754 32
T 111.598 3 783 5731 32
T 111.621 1 800 5711 32
T 111.621 2 792 5754 32
T 111.621 3 784 5731 32
T 111.645 1 801 5711 32
T 111.645 2 793 5754 32
T 111.645 3 785 5731 32
T 111.667 2 794 5754 32
T 111.667 3 786 5731 32
T 111.725 2 795 5754 32
T 111.725 3 787 5731 32
T 111.725 4 777 5718 32
T 111.748 2 796 5754 32
T 111.748 3 788 5731 32
T 111.748 4 778 5718 32
T 111.771 2 797 5754 32
T 111.771 3 789 5731 32
T 111.771 4 779 5718 32
T 111.794 2 798 5754 32
T 111.794 3 790 5731 32
T 111.794 4 780 5718 32
P 111.814 6
F 111.814 6 32
IQ 111.815 6
IS 111.815 6
T 111.817 2 799 5754 32
T 111.818 3 791 5731 32
T 111.818 4 781 5718 32
IE 111.818 5
IR 111.819 5
IA 111.820 5
T 111.842 2 800 5754 32
T 111.842 3 792 5731 32
T 111.843 4 782 5718 32
T 111.866 2 801 5754 32
T 111.866 3 793 5731 32
T 111.866 4 783 5718 32
T 111.888 3 794 5731 32
T 111.888 4 784 5718 32
T 111.911 3 795 5731 32
T 111.911 4 785 5718 32
T 111.971 3 796 5731 32
T 111.971 4 786 5718 32
T 111.971 5 777 5696 32
T 111.994 3 797 5731 32
T 111.994 4 787 5718 32
T 111.994 5 778 5696 32
T 112.017 3 798 5731 32
T 112.018 4 788 5718 32
T 112.018 5 779 5696 32
T 112.041 3 799 5731 32
T 112.041 4 789 5718 32
T 112.041 5 780 5696 32
T 112.064 3 800 5731 32
T 112.064 4 790 5718 32
T 112.065 5 781 5696 32
P 112.065 7
F 112.065 7 32
IQ 112.065 7
IS 112.066 7
T 112.088 3 801 5731 32
T 112.088 4 791 5718 32
T 112.088 5 782 5696 32
IE 112.096 6
IR 112.096 6
IA 112.098 6
T 112.112 4 792 5718 32
T 112.112 5 783 5696 32
T 112.134 4 793 5718 32
T 112.134 5 784 5696 32
T 112.157 4 794 5718 32
T 112.157 5 785 5696 32
T 112.179 4 795 5718 32
T 112.179 5 786 5696 32
T 112.236 4 796 5718 32
T 112.237 5 787 5696 32
T 112.237 6 777 5766 32
T 112.260 4 797 5718 32
T 112.260 5 788 5696 32
T 112.260 6 778 5766 32
T 112.283 4 798 5718 32
T 112.283 5 789 5696 32
T 112.283 6 779 5766 32
IE 112.289 7
IR 112.289 7
IA 112.291 7
T 112.307 4 799 5718 32
T 112.307 5 790 5696 32
T 112.307 6 780 5766 32
P 112.313 8
F 112.314 8 33
IQ 112.314 8
IS 112.314 8
T 112.330 4 800 5718 32
T 112.330 5 791 5696 32
T 112.330 6 781 5766 32
T 112.355 4 801 5718 32
T 112.355 5 792 5696 32
T 112.355 6 782 5766 32
T 112.377 5 793 5696 32
T 112.377 6 783 5766 32
T 112.437 5 794 5696 32
T 112.437 6 784 5766 32
T 112.437 7 777 5711 32
T 112.460 5 795 5696 32
T 112.460 6 785 5766 32
T 112.460 7 778 5711 32
T 112.483 5 796 5696 32
T 112.483 6 786 5766 32
T 112.483 7 779 5711 32
T 112.506 5 797 5696 32
T 112.506 6 787 5766 32
T 112.506 7 780 5711 32
T 112.529 5 798 5696 32
T 112.530 6 788 5766 32
T 112.530 7 781 5711 32
T 112.553 5 799 5696 32
T 112.553 6 789 5766 32
T 112.553 7 782 5711 32
P 112.565 1
F 112.565 1 33
IQ 112.565 1
IS 112.566 1
T 112.576 5 800 5696 32
T 112.576 6 790 5766 32
T 112.576 7 783 5711 32
IE 112.593 8
IR 112.593 8
IA 112.594 8
T 112.601 5 801 5696 32
T 112.601 6 791 5766 32
T 112.601 7 784 5711 32
T 112.624 6 792 5766 32
T 112.624 7 785 5711 32
T 112.646 6 793 5766 32
T 112.646 7 786 5711 32
T 112.669 6 794 5766 32
T 112.669 7 787 5711 32
T 112.738 6 795 5766 32
T 112.738 7 788 5711 32
T 112.738 8 802 5761 33
T 112.761 6 796 5766 32
T 112.761 7 789 5711 32
T 112.761 8 803 5761 33
IE 112.778 1
IR 112.779 1
IA 112.780 1
T 112.785 6 797 5766 32
T 112.786 7 790 5711 32
T 112.786 8 804 5761 33
T 112.808 6 798 5766 32
T 112.809 7 791 5711 32
T 112.809 8 805 5761 33
P 112.814 2
F 112.815 2 33
IQ 112.815 2
IS 112.815 2
T 112.832 6 799 5766 32
T 112.832 7 792 5711 32
T 112.832 8 806 5761 33
T 112.855 6 800 5766 32
T 112.855 7 793 5711 32
T 112.855 8 807 5761 33
T 112.927 6 801 5766 32
T 112.927 7 794 5711 32
T 112.927 8 808 5761 33
T 112.927 1 802 5764 33
T 112.950 7 795 5711 32
T 112.950 8 809 5761 33
T 112.950 1 803 5764 33
T 112.973 7 796 5711 32
T 112.973 8 810 5761 33
T 112.973 1 804 5764 33
T 112.996 7 797 5711 32
T 112.997 8 811 5761 33
T 112.997 1 805 5764 33
T 113.020 7 798 5711 32
T 113.020 8 812 5761 33
T 113.020 1 806 5764 33
T 113.043 7 799 5711 32
T 113.043 8 813 5761 33
T 113.043 1 807 5764 33
P 113.063 3
F 113.064 3 33
IQ 113.064 3
IS 113.064 3
T 113.067 7 800 5711 32
T 113.067 8 814 5761 33
T 113.067 1 808 5764 33
T 113.090 7 801 5711 32
T 113.090 8 815 5761 33
T 113.091 1 809 5764 33
IE 113.100 2
IR 113.101 2
IA 113.102 2
T 113.114 8 816 5761 33
T 113.114 1 810 5764 33
T 113.137 8 817 5761 33
T 113.137 1 811 5764 33
T 113.159 8 818 5761 33
T 113.159 1 812 5764 33
T 113.181 8 819 5761 33
T 113.181 1 813 5764 33
T 113.252 8 820 5761 33
T 113.252 1 814 5764 33
T 113.252 2 802 5807 33
T 113.275 8 821 5761 33
T 113.275 1 815 5764 33
T 113.275 2 803 5807 33
IE 113.291 3
IR 113.291 3
IA 113.293 3
T 113.299 8 822 5761 33
T 113.299 1 816 5764 33
T 113.299 2 804 5807 33
P 113.313 4
F 113.314 4 33
IQ 113.314 4
IS 113.314 4
T 113.322 8 823 5761 33
T 113.322 1 817 5764 33
T 113.322 2 805 5807 33
T 113.345 8 824 5761 33
T 113.345 1 818 5764 33
T 113.345 2 806 5807 33
T 113.368 8 825 5761 33
T 113.368 1 819 5764 33
T 113.368 2 807 5807 33
T 113.430 8 826 5761 33
T 113.430 1 820 5764 33
T 113.430 2 808 5807 33
T 113.430 3 802 5784 33
T 113.453 1 821 5764 33
T 113.453 2 809 5807 33
T 113.453 3 803 5784 33
T 113.476 1 822 5764 33
T 113.476 2 810 5807 33
T 113.476 3 804 5784 33
T 113.499 1 823 5764 33
T 113.499 2 811 5807 33
T 113.499 3 805 5784 33
T 113.522 1 824 5764 33
T 113.522 2 812 5807 33
T 113.522 3 806 5784 33
T 113.545 1 825 5764 33
T 113.545 2 813 5807 33
T 113.545 3 807 5784 33
P 113.564 5
F 113.564 5 33
IQ 113.564 5
IS 113.564 5
T 113.570 1 826 5764 33
T 113.570 2 814 5807 33
T 113.570 3 808 5784 33
T 113.592 2 815 5807 33
T 113.592 3 809 5784 33
IE 113.594 4
IR 113.594 4
IA 113.595 4
T 113.616 2 816 5807 33
T 113.616 3 810 5784 33
T 113.638 2 817 5807 33
T 113.638 3 811 5784 33
T 113.661 2 818 5807 33
T 113.661 3 812 5784 33
T 113.683 2 819 5807 33
T 113.683 3 813 5784 33
T 113.743 2 820 5807 33
T 113.743 3 814 5784 33
T 113.743 4 802 5771 33
T 113.766 2 821 5807 33
T 113.766 3 815 5784 33
T 113.766 4 803 5771 33
T 113.789 2 822 5807 33
T 113.789 3 816 5784 33
T 113.789 4 804 5771 33
T 113.812 2 823 5807 33
T 113.812 3 817 5784 33
T 113.812 4 805 5771 33
P 113.814 6
F 113.814 6 33
IQ 113.815 6
IS 113.815 6
IE 113.821 5
IR 113.822 5
IA 113.824 5
T 113.837 2 824 5807 33
T 113.837 3 818 5784 33
T 113.837 4 806 5771 33
T 113.860 2 825 5807 33
T 113.860 3 819 5784 33
T 113.860 4 807 5771 33
T 113.884 2 826 5807 33
T 113.884 3 820 5784 33
T 113.884 4 808 5771 33
T 113.907 3 821 5784 33
T 113.907 4 809 5771 33
T 113.978 3 822 5784 33
T 113.978 4 810 5771 33
T 113.978 5 802 5749 33
T 114.001 3 823 5784 33
T 114.001 4 811 5771 33
T 114.001 5 803 5749 33
T 114.024 3 824 5784 33
T 114.024 4 812 5771 33
T 114.024 5 804 5749 33
T 114.047 3 825 5784 33
T 114.047 4 813 5771 33
T 114.047 5 805 5749 33
P 114.063 7
F 114.063 7 33
IQ 114.064 7
IS 114.064 7
T 114.071 3 826 5784 33
T 114.071 4 814 5771 33
T 114.071 5 806 5749 33
IE 114.074 6
IR 114.074 6
IA 114.074 6
T 114.094 4 815 5771 33
T 114.094 5 807 5749 33
T 114.117 4 816 5771 33
T 114.117 5 808 5749 33
T 114.139 4 817 5771 33
T 114.139 5 809 5749 33
T 114.162 4 818 5771 33
T 114.162 5 810 5749 33
T 114.221 4 819 5771 33
T 114.221 5 811 5749 33
T 114.221 6 802 5819 33
T 114.245 4 820 5771 33
T 114.245 5 812 5749 33
T 114.245 6 803 5819 33
T 114.268 4 821 5771 33
T 114.268 5 813 5749 33
T 114.268 6 804 5819 33
T 114.291 4 822 5771 33
T 114.291 5 814 5749 33
T 114.291 6 805 5819 33
T 114.314 4 823 5771 33
T 114.314 5 815 5749 33
T 114.315 6 806 5819 33
P 114.315 8
F 114.315 8 34
IQ 114.315 8
IS 114.316 8
T 114.337 4 824 5771 33
T 114.338 5 816 5749 33
T 114.338 6 807 5819 33
IE 114.340 7
IR 114.340 7
IA 114.342 7
T 114.362 4 825 5771 33
T 114.362 5 817 5749 33
T 114.362 6 808 5819 33
T 114.386 4 826 5771 33
T 114.386 5 818 5749 33
T 114.386 6 809 5819 33
T 114.408 5 819 5749 33
T 114.408 6 810 5819 33
T 114.430 5 820 5749 33
T 114.430 6 811 5819 33
T 114.502 5 821 5749 33
T 114.502 6 812 5819 33
T 114.502 7 802 5764 33
T 114.524 5 822 5749 33
T 114.524 6 813 5819 33
T 114.524 7 803 5764 33
T 114.547 5 823 5749 33
T 114.547 6 814 5819 33
T 114.547 7 804 5764 33
P 114.565 1
F 114.565 1 34
IQ 114.566 1
IS 114.566 1
T 114.571 5 824 5749 33
T 114.571 6 815 5819 33
T 114.571 7 805 5764 33
T 114.594 5 825 5749 33
T 114.594 6 816 5819 33
T 114.594 7 806 5764 33
IE 114.611 8
IR 114.612 8
IA 114.613 8
T 114.619 5 826 5749 33
T 114.619 6 817 5819 33
T 114.620 7 807 5764 33
T 114.642 6 818 5819 33
T 114.642 7 808 5764 33
T 114.664 6 819 5819 33
T 114.664 7 809 5764 33
T 114.687 6 820 5819 33
T 114.687 7 810 5764 33
T 114.746 6 821 5819 33
T 114.746 7 811 5764 33
T 114.746 8 827 5814 34
T 114.769 6 822 5819 33
T 114.769 7 812 5764 33
T 114.769 8 828 5814 34
T 114.792 6 823 5819 33
T 114.792 7 813 5764 33
T 114.792 8 829 5814 34
T 114.816 6 824 5819 33
T 114.816 7 814 5764 33
T 114.816 8 830 5814 34
P 114.816 2
F 114.817 2 34
IQ 114.817 2
IS 114.818 2
IE 114.821 1
IR 114.822 1
IA 114.824 1
T 114.840 6 825 5819 33
T 114.840 7 815 5764 33
T 114.840 8 831 5814 34
T 114.863 6 826 5819 33
T 114.863 7 816 5764 33
T 114.864 8 832 5814 34
T 114.886 7 817 5764 33
T 114.886 8 833 5814 34
T 114.908 7 818 5764 33
T 114.908 8 834 5814 34
T 114.985 7 819 5764 33
T 114.986 8 835 5814 34
T 114.986 1 827 5817 34
T 115.003 7 820 5764 33
T 115.003 8 836 5814 34
T 115.003 1 828 5817 34
T 115.026 7 821 5764 33
T 115.026 8 837 5814 34
T 115.026 1 829 5817 34
T 115.049 7 822 5764 33
T 115.049 8 838 5814 34
T 115.049 1 830 5817 34
P 115.064 3
F 115.065 3 34
IQ 115.065 3
IS 115.066 3
T 115.073 7 823 5764 33
T 115.073 8 839 5814 34
T 115.073 1 831 5817 34
T 115.096 7 824 5764 33
T 115.096 8 840 5814 34
T 115.096 1 832 5817 34
T 115.120 7 825 5764 33
T 115.120 8 841 5814 34
T 115.120 1 833 5817 34
IE 115.121 2
IR 115.121 2
IA 115.123 2
T 115.145 7 826 5764 33
T 115.145 8 842 5814 34
T 115.145 1 834 5817 34
T 115.167 8 843 5814 34
T 115.167 1 835 5817 34
T 115.189 8 844 5814 34
T 115.189 1 836 5817 34
T 115.212 8 845 5814 34
T 115.212 1 837 5817 34
T 115.272 8 846 5814 34
T 115.273 1 838 5817 34
T 115.273 2 827 5860 34
IE 115.280 3
IR 115.280 3
IA 115.282 3
T 115.297 8 847 5814 34
T 115.297 1 839 5817 34
T 115.297 2 828 5860 34
P 115.313 4
F 115.314 4 34
IQ 115.314 4
IS 115.315 4
T 115.320 8 848 5814 34
T 115.320 1 840 5817 34
T 115.320 2 829 5860 34
T 115.343 8 849 5814 34
T 115.343 1 841 5817 34
T 115.344 2 830 5860 34
T 115.366 8 850 5814 34
T 115.367 1 842 5817 34
T 115.367 2 831 5860 34
T 115.439 8 851 5814 34
T 115.439 1 843 5817 34
T 115.439 2 832 5860 34
T 115.439 3 827 5837 34
T 115.462 1 844 5817 34
T 115.462 2 833 5860 34
T 115.462 3 828 5837 34
T 115.485 1 845 5817 34
T 115.485 2 834 5860 34
T 115.485 3 829 5837 34
T 115.508 1 846 5817 34
T 115.508 2 835 5860 34
T 115.508 3 830 5837 34
T 115.531 1 847 5817 34
T 115.531 2 836 5860 34
T 115.531 3 831 5837 34
T 115.554 1 848 5817 34
T 115.554 2 837 5860 34
T 115.554 3 832 5837 34
P 115.565 5
F 115.566 5 34
IQ 115.566 5
IS 115.567 5
T 115.577 1 849 5817 34
T 115.577 2 838 5860 34
T 115.577 3 833 5837 34
T 115.601 1 850 5817 34
T 115.601 2 839 5860 34
T 115.601 3 834 5837 34
IE 115.611 4
IR 115.612 4
IA 115.614 4
T 115.626 1 851 5817 34
T 115.626 2 840 5860 34
T 115.626 3 835 5837 34
T 115.648 2 841 5860 34
T 115.648 3 836 5837 34
T 115.671 2 842 5860 34
T 115.671 3 837 5837 34
T 115.693 2 843 5860 34
T 115.693 3 838 5837 34
T 115.753 2 844 5860 34
T 115.754 3 839 5837 34
T 115.754 4 827 5824 34
T 115.777 2 845 5860 34
T 115.777 3 840 5837 34
T 115.777 4 828 5824 34
T 115.800 2 846 5860 34
T 115.800 3 841 5837 34
T 115.800 4 829 5824 34
IE 115.809 5
IR 115.810 5
IA 115.811 5
P 115.813 6
F 115.814 6 34
IQ 115.814 6
IS 115.814 6
T 115.824 2 847 5860 34
T 115.824 3 842 5837 34
T 115.824 4 830 5824 34
T 115.847 2 848 5860 34
T 115.847 3 843 5837 34
T 115.847 4 831 5824 34
T 115.870 2 849 5860 34
T 115.871 3 844 5837 34
T 115.871 4 832 5824 34
T 115.894 2 850 5860 34
T 115.894 3 845 5837 34
T 115.894 4 833 5824 34
T 115.966 2 851 5860 34
T 115.966 3 846 5837 34
T 115.966 4 834 5824 34
T 115.966 5 827 5802 34
T 115.989 3 847 5837 34
T 115.989 4 835 5824 34
T 115.989 5 828 5802 34
T 116.012 3 848 5837 34
T 116.012 4 836 5824 34
T 116.012 5 829 5802 34
T 116.035 3 849 5837 34
T 116.035 4 837 5824 34
T 116.035 5 830 5802 34
T 116.058 3 850 5837 34
T 116.059 4 838 5824 34
T 116.059 5 831 5802 34
P 116.063 7
F 116.064 7 34
IQ 116.065 7
IS 116.065 7
T 116.083 3 851 5837 34
T 116.084 4 839 5824 34
T 116.084 5 832 5802 34
IE 116.089 6
IR 116.089 6
IA 116.091 6
T 116.106 4 840 5824 34
T 116.107 5 833 5802 34
T 116.129 4 841 5824 34
T 116.129 5 834 5802 34
T 116.151 4 842 5824 34
T 116.151 5 835 5802 34
T 116.174 4 843 5824 34
T 116.174 5 836 5802 34
T 116.234 4 844 5824 34
T 116.234 5 837 5802 34
T 116.234 6 827 5872 34
T 116.257 4 845 5824 34
T 116.257 5 838 5802 34
T 116.257 6 828 5872 34
T 116.280 4 846 5824 34
T 116.280 5 839 5802 34
T 116.280 6 829 5872 34
IE 116.283 7
IR 116.284 7
IA 116.285 7
T 116.304 4 847 5824 34
T 116.304 5 840 5802 34
T 116.304 6 830 5872 34
P 116.313 8
F 116.314 8 35
IQ 116.314 8
IS 116.315 8
T 116.327 4 848 5824 34
T 116.328 5 841 5802 34
T 116.328 6 831 5872 34
T 116.351 4 849 5824 34
T 116.351 5 842 5802 34
T 116.351 6 832 5872 34
T 116.374 4 850 5824 34
T 116.374 5 843 5802 34
T 116.374 6 833 5872 34
T 116.446 4 851 5824 34
T 116.446 5 844 5802 34
T 116.447 6 834 5872 34
T 116.447 7 827 5817 34
T 116.469 5 845 5802 34
T 116.469 6 835 5872 34
T 116.469 7 828 5817 34
T 116.492 5 846 5802 34
T 116.492 6 836 5872 34
T 116.493 7 829 5817 34
T 116.516 5 847 5802 34
T 116.516 6 837 5872 34
T 116.516 7 830 5817 34
T 116.539 5 848 5802 34
T 116.539 6 838 5872 34
T 116.539 7 831 5817 34
T 116.562 5 849 5802 34
T 116.562 6 839 5872 34
T 116.562 7 832 5817 34
P 116.564 1
F 116.564 1 35
IQ 116.565 1
IS 116.565 1
T 116.585 5 850 5802 34
T 116.585 6 840 5872 34
T 116.585 7 833 5817 34
IE 116.605 8
IR 116.606 8
IA 116.608 8
T 116.609 5 851 5802 34
T 116.609 6 841 5872 34
T 116.610 7 834 5817 34
T 116.633 6 842 5872 34
T 116.633 7 835 5817 34
T 116.655 6 843 5872 34
T 116.656 7 836 5817 34
T 116.678 6 844 5872 34
T 116.678 7 837 5817 34
T 116.700 6 845 5872 34
T 116.700 7 838 5817 34
T 116.760 6 846 5872 34
T 116.760 7 839 5817 34
T 116.760 8 852 5867 35
T 116.783 6 847 5872 34
T 116.783 7 840 5817 34
T 116.783 8 853 5867 35
IE 116.800 1
IR 116.800 1
IA 116.802 1
T 116.807 6 848 5872 34
T 116.807 7 841 5817 34
T 116.807 8 854 5867 35
P 116.813 2
F 116.814 2 35
IQ 116.814 2
IS 116.814 2
T 116.830 6 849 5872 34
T 116.830 7 842 5817 34
T 116.830 8 855 5867 35
T 116.854 6 850 5872 34
T 116.854 7 843 5817 34
T 116.854 8 856 5867 35
T 116.878 6 851 5872 34
T 116.878 7 844 5817 34
T 116.878 8 857 5867 35
T 116.937 7 845 5817 34
T 116.937 8 858 5867 35
T 116.937 1 852 5870 35
T 116.960 7 846 5817 34
T 116.960 8 859 5867 35
T 116.960 1 853 5870 35
T 116.983 7 847 5817 34
T 116.983 8 860 5867 35
T 116.983 1 854 5870 35
T 117.006 7 848 5817 34
T 117.006 8 861 5867 35
T 117.007 1 855 5870 35
T 117.030 7 849 5817 34
T 117.030 8 862 5867 35
T 117.030 1 856 5870 35
T 117.053 7 850 5817 34
T 117.053 8 863 5867 35
T 117.053 1 857 5870 35
P 117.064 3
F 117.064 3 35
IQ 117.064 3
IS 117.065 3
T 117.077 7 851 5817 34
T 117.077 8 864 5867 35
T 117.077 1 858 5870 35
IE 117.089 2
IR 117.089 2
IA 117.090 2
T 117.101 8 865 5867 35
T 117.101 1 859 5870 35
T 117.123 8 866 5867 35
T 117.123 1 860 5870 35
T 117.146 8 867 5867 35
T 117.146 1 861 5870 35
T 117.168 8 868 5867 35
T 117.168 1 862 5870 35
T 117.228 8 869 5867 35
T 117.228 1 863 5870 35
T 117.229 2 852 5913 35
T 117.251 8 870 5867 35
T 117.251 1 864 5870 35
T 117.252 2 853 5913 35
T 117.274 8 871 5867 35
T 117.274 1 865 5870 35
T 117.274 2 854 5913 35
T 117.297 8 872 5867 35
T 117.297 1 866 5870 35
T 117.297 2 855 5913 35
P 117.313 4
F 117.314 4 35
IE 117.315 3
IQ 117.315 4
IS 117.315 4
IR 117.317 3
IA 117.318 3
T 117.326 8 873 5867 35
T 117.326 1 867 5870 35
T 117.326 2 856 5913 35
T 117.346 8 874 5867 35
T 117.346 1 868 5870 35
T 117.346 2 857 5913 35
T 117.369 8 875 5867 35
T 117.369 1 869 5870 35
T 117.370 2 858 5913 35
T 117.394 8 876 5867 35
T 117.394 1 870 5870 35
T 117.394 2 859 5913 35
T 117.416 1 871 5870 35
T 117.416 2 860 5913 35
T 117.487 1 872 5870 35
T 117.487 2 861 5913 35
T 117.487 3 852 5890 35
T 117.510 1 873 5870 35
T 117.510 2 862 5913 35
T 117.511 3 853 5890 35
T 117.534 1 874 5870 35
T 117.534 2 863 5913 35
T 117.534 3 854 5890 35
T 117.557 1 875 5870 35
T 117.557 2 864 5913 35
T 117.557 3 855 5890 35
P 117.564 5
F 117.564 5 35
IQ 117.564 5
IS 117.565 5
T 117.581 1 876 5870 35
T 117.581 2 865 5913 35
T 117.581 3 856 5890 35
T 117.603 2 866 5913 35
T 117.603 3 857 5890 35
T 117.625 2 867 5913 35
T 117.625 3 858 5890 35
IE 117.626 4
IR 117.626 4
IA 117.628 4
T 117.649 2 868 5913 35
T 117.649 3 859 5890 35
T 117.671 2 869 5913 35
T 117.671 3 860 5890 35
T 117.694 2 870 5913 35
T 117.694 3 861 5890 35
T 117.716 2 871 5913 35
T 117.716 3 862 5890 35
T 117.787 2 872 5913 35
T 117.787 3 863 5890 35
T 117.787 4 852 5877 35
IE 117.800 5
IR 117.801 5
IA 117.802 5
T 117.811 2 873 5913 35
T 117.811 3 864 5890 35
T 117.811 4 853 5877 35
P 117.813 6
F 117.814 6 35
IQ 117.814 6
IS 117.815 6
T 117.834 2 874 5913 35
T 117.834 3 865 5890 35
T 117.834 4 854 5877 35
T 117.858 2 875 5913 35
T 117.858 3 866 5890 35
T 117.858 4 855 5877 35
T 117.881 2 876 5913 35
T 117.882 3 867 5890 35
T 117.882 4 856 5877 35
T 117.953 3 868 5890 35
T 117.953 4 857 5877 35
T 117.953 5 852 5855 35
T 117.976 3 869 5890 35
T 117.976 4 858 5877 35
T 117.976 5 853 5855 35
T 117.999 3 870 5890 35
T 117.999 4 859 5877 35
T 117.999 5 854 5855 35
T 118.022 3 871 5890 35
T 118.023 4 860 5877 35
T 118.023 5 855 5855 35
T 118.046 3 872 5890 35
T 118.046 4 861 5877 35
T 118.046 5 856 5855 35
P 118.063 7
F 118.064 7 35
IQ 118.065 7
IS 118.065 7
T 118.069 3 873 5890 35
T 118.069 4 862 5877 35
T 118.070 5 857 5855 35
T 118.093 3 874 5890 35
T 118.093 4 863 5877 35
T 118.093 5 858 5855 35
T 118.116 3 875 5890 35
T 118.117 4 864 5877 35
T 118.117 5 859 5855 35
IE 118.120 6
IR 118.120 6
IA 118.122 6
T 118.142 3 876 5890 35
T 118.142 4 865 5877 35
T 118.142 5 860 5855 35
T 118.165 4 866 5877 35
T 118.165 5 861 5855 35
T 118.187 4 867 5877 35
T 118.187 5 862 5855 35
T 118.209 4 868 5877 35
T 118.209 5 863 5855 35
T 118.281 4 869 5877 35
T 118.281 5 864 5855 35
T 118.281 6 852 5925 35
T 118.304 4 870 5877 35
T 118.304 5 865 5855 35
T 118.304 6 853 5925 35
IE 118.306 7
IR 118.306 7
IA 118.308 7
P 118.313 8
F 118.313 8 36
IQ 118.314 8
IS 118.314 8
T 118.328 4 871 5877 35
T 118.329 5 866 5855 35
T 118.329 6 854 5925 35
T 118.352 4 872 5877 35
T 118.352 5 867 5855 35
T 118.352 6 855 5925 35
T 118.375 4 873 5877 35
T 118.376 5 868 5855 35
T 118.376 6 856 5925 35
T 118.399 4 874 5877 35
T 118.399 5 869 5855 35
T 118.399 6 857 5925 35
T 118.470 4 875 5877 35
T 118.470 5 870 5855 35
T 118.470 6 858 5925 35
T 118.470 7 852 5870 35
T 118.495 4 876 5877 35
T 118.495 5 871 5855 35
T 118.495 6 859 5925 35
T 118.495 7 853 5870 35
T 118.517 5 872 5855 35
T 118.517 6 860 5925 35
T 118.517 7 854 5870 35
T 118.540 5 873 5855 35
T 118.540 6 861 5925 35
T 118.541 7 855 5870 35
T 118.564 5 874 5855 35
T 118.565 6 862 5925 35
T 118.565 7 856 5870 35
P 118.565 1
F 118.566 1 36
IQ 118.566 1
IS 118.566 1
T 118.587 5 875 5855 35
T 118.587 6 863 5925 35
T 118.587 7 857 5870 35
T 118.611 5 876 5855 35
T 118.612 6 864 5925 35
T 118.612 7 858 5870 35
IE 118.626 8
IR 118.626 8
IA 118.628 8
T 118.636 6 865 5925 35
T 118.636 7 859 5870 35
T 118.658 6 866 5925 35
T 118.659 7 860 5870 35
T 118.681 6 867 5925 35
T 118.681 7 861 5870 35
T 118.704 6 868 5925 35
T 118.704 7 862 5870 35
T 118.765 6 869 5925 35
T 118.765 7 863 5870 35
T 118.765 8 877 5920 36
T 118.788 6 870 5925 35
T 118.788 7 864 5870 35
T 118.788 8 878 5920 36
T 118.811 6 871 5925 35
T 118.811 7 865 5870 35
T 118.811 8 879 5920 36
P 118.814 2
F 118.814 2 36
IQ 118.815 2
IS 118.815 2
T 118.834 6 872 5925 35
T 118.834 7 866 5870 35
T 118.834 8 880 5920 36
T 118.858 6 873 5925 35
T 118.858 7 867 5870 35
T 118.858 8 881 5920 36
IE 118.864 1
IR 118.865 1
IA 118.866 1
T 118.883 6 874 5925 35
T 118.883 7 868 5870 35
T 118.883 8 882 5920 36
T 118.907 6 875 5925 35
T 118.907 7 869 5870 35
T 118.907 8 883 5920 36
T 118.931 6 876 5925 35
T 118.931 7 870 5870 35
T 118.931 8 884 5920 36
T 118.954 7 871 5870 35
T 118.954 8 885 5920 36
T 119.016 7 872 5870 35
T 119.016 8 886 5920 36
T 119.016 1 877 5923 36
T 119.039 7 873 5870 35
T 119.039 8 887 5920 36
T 119.039 1 878 5923 36
T 119.062 7 874 5870 35
T 119.062 8 888 5920 36
T 119.062 1 879 5923 36
P 119.064 3
F 119.065 3 36
IQ 119.065 3
IS 119.065 3
T 119.085 7 875 5870 35
T 119.085 8 889 5920 36
T 119.085 1 880 5923 36
T 119.109 7 876 5870 35
T 119.109 8 890 5920 36
T 119.109 1 881 5923 36
IE 119.127 2
IR 119.127 2
IA 119.127 2
T 119.133 8 891 5920 36
T 119.133 1 882 5923 36
T 119.156 8 892 5920 36
T 119.156 1 883 5923 36
T 119.178 8 893 5920 36
T 119.178 1 884 5923 36
T 119.201 8 894 5920 36
T 119.201 1 885 5923 36
T 119.259 8 895 5920 36
T 119.259 1 886 5923 36
T 119.259 2 877 5966 36
T 119.282 8 896 5920 36
T 119.282 1 887 5923 36
T 119.282 2 878 5966 36
IE 119.288 3
IR 119.289 3
IA 119.290 3
T 119.307 8 897 5920 36
T 119.307 1 888 5923 36
T 119.308 2 879 5966 36
P 119.313 4
F 119.314 4 36
IQ 119.314 4
IS 119.314 4
T 119.330 8 898 5920 36
T 119.330 1 889 5923 36
T 119.330 2 880 5966 36
T 119.353 8 899 5920 36
T 119.353 1 890 5923 36
T 119.353 2 881 5966 36
T 119.377 8 900 5920 36
T 119.377 1 891 5923 36
T 119.377 2 882 5966 36
T 119.449 8 901 5920 36
T 119.449 1 892 5923 36
T 119.449 2 883 5966 36
T 119.449 3 877 5943 36
T 119.472 1 893 5923 36
T 119.472 2 884 5966 36
T 119.472 3 878 5943 36
T 119.495 1 894 5923 36
T 119.495 2 885 5966 36
T 119.495 3 879 5943 36
T 119.518 1 895 5923 36
T 119.518 2 886 5966 36
T 119.518 3 880 5943 36
T 119.542 1 896 5923 36
T 119.542 2 887 5966 36
T 119.542 3 881 5943 36
P 119.564 5
F 119.564 5 36
IQ 119.564 5
IS 119.565 5
T 119.565 1 897 5923 36
T 119.566 2 888 5966 36
T 119.566 3 882 5943 36
T 119.588 1 898 5923 36
T 119.588 2 889 5966 36
T 119.588 3 883 5943 36
T 119.612 1 899 5923 36
T 119.612 2 890 5966 36
T 119.612 3 884 5943 36
IE 119.626 4
IR 119.626 4
IA 119.627 4
T 119.636 1 900 5923 36
T 119.636 2 891 5966 36
T 119.636 3 885 5943 36
T 119.661 1 901 5923 36
T 119.661 2 892 5966 36
T 119.661 3 886 5943 36
T 119.683 2 893 5966 36
T 119.683 3 887 5943 36
T 119.706 2 894 5966 36
T 119.706 3 888 5943 36
T 119.778 2 895 5966 36
T 119.778 3 889 5943 36
T 119.778 4 877 5930 36
IE 119.786 5
IR 119.786 5
IA 119.787 5
T 119.802 2 896 5966 36
T 119.802 3 890 5943 36
T 119.802 4 878 5930 36
P 119.813 6
F 119.814 6 36
IQ 119.814 6
IS 119.815 6
T 119.825 2 897 5966 36
T 119.825 3 891 5943 36
T 119.825 4 879 5930 36
T 119.848 2 898 5966 36
T 119.848 3 892 5943 36
T 119.848 4 880 5930 36
T 119.872 2 899 5966 36
T 119.872 3 893 5943 36
T 119.872 4 881 5930 36
T 119.933 2 900 5966 36
T 119.933 3 894 5943 36
T 119.933 4 882 5930 36
T 119.933 5 877 5908 36
T 119.958 2 901 5966 36
T 119.958 3 895 5943 36
T 119.958 4 883 5930 36
T 119.958 5 878 5908 36
T 119.981 3 896 5943 36
T 119.981 4 884 5930 36
T 119.981 5 879 5908 36
T 120.004 3 897 5943 36
T 120.004 4 885 5930 36
T 120.004 5 880 5908 36
T 120.028 3 898 5943 36
T 120.028 4 886 5930 36
T 120.028 5 881 5908 36
T 120.051 3 899 5943 36
T 120.051 4 887 5930 36
T 120.051 5 882 5908 36
P 120.064 7
F 120.064 7 36
IQ 120.065 7
IS 120.065 7
T 120.075 3 900 5943 36
T 120.075 4 888 5930 36
T 120.075 5 883 5908 36
T 120.099 3 901 5943 36
T 120.099 4 889 5930 36
T 120.099 5 884 5908 36
T 120.121 4 890 5930 36
T 120.121 5 885 5908 36
IE 120.125 6
IR 120.126 6
IA 120.126 6
T 120.146 4 891 5930 36
T 120.146 5 886 5908 36
T 120.169 4 892 5930 36
T 120.169 5 887 5908 36
T 120.191 4 893 5930 36
T 120.191 5 888 5908 36
T 120.213 4 894 5930 36
T 120.214 5 889 5908 36
T 120.285 4 895 5930 36
T 120.285 5 890 5908 36
T 120.285 6 877 5978 36
IE 120.306 7
T 120.308 4 896 5930 36
T 120.308 5 891 5908 36
T 120.308 6 878 5978 36
IR 120.308 7
IA 120.310 7
P 120.313 8
F 120.314 8 37
IQ 120.314 8
IS 120.314 8
T 120.332 4 897 5930 36
T 120.332 5 892 5908 36
T 120.332 6 879 5978 36
T 120.355 4 898 5930 36
T 120.355 5 893 5908 36
T 120.355 6 880 5978 36
T 120.379 4 899 5930 36
T 120.379 5 894 5908 36
T 120.379 6 881 5978 36
T 120.402 4 900 5930 36
T 120.402 5 895 5908 36
T 120.402 6 882 5978 36
T 120.465 4 901 5930 36
T 120.465 5 896 5908 36
T 120.465 6 883 5978 36
T 120.465 7 877 5923 36
T 120.488 5 897 5908 36
T 120.488 6 884 5978 36
T 120.488 7 878 5923 36
T 120.511 5 898 5908 36
T 120.511 6 885 5978 36
T 120.511 7 879 5923 36
T 120.535 5 899 5908 36
T 120.535 6 886 5978 36
T 120.535 7 880 5923 36
T 120.558 5 900 5908 36
T 120.558 6 887 5978 36
T 120.558 7 881 5923 36
P 120.563 1
F 120.563 1 37
IQ 120.564 1
IS 120.564 1
T 120.583 5 901 5908 36
T 120.583 6 888 5978 36
T 120.583 7 882 5923 36
IE 120.595 8
IR 120.595 8
IA 120.595 8
T 120.606 6 889 5978 36
T 120.606 7 883 5923 36
T 120.629 6 890 5978 36
T 120.629 7 884 5923 36
T 120.652 6 891 5978 36
T 120.652 7 885 5923 36
T 120.674 6 892 5978 36
T 120.674 7 886 5923 36
T 120.745 6 893 5978 36
T 120.745 7 887 5923 36
T 120.745 8 902 5973 37
T 120.767 6 894 5978 36
T 120.767 7 888 5923 36
T 120.767 8 903 5973 37
T 120.790 6 895 5978 36
T 120.790 7 889 5923 36
T 120.790 8 904 5973 37
IE 120.810 1
IR 120.810 1
IA 120.811 1
P 120.813 2
F 120.813 2 37
IQ 120.813 2
IS 120.814 2
T 120.814 6 896 5978 36
T 120.814 7 890 5923 36
T 120.815 8 905 5973 37
T 120.839 6 897 5978 36
T 120.839 7 891 5923 36
T 120.839 8 906 5973 37
T 120.862 6 898 5978 36
T 120.862 7 892 5923 36
T 120.862 8 907 5973 37
T 120.885 6 899 5978 36
T 120.885 7 893 5923 36
T 120.886 8 908 5973 37
T 120.908 6 900 5978 36
T 120.908 7 894 5923 36
T 120.908 8 909 5973 37
T 120.971 6 901 5978 36
T 120.971 7 895 5923 36
T 120.971 8 910 5973 37
T 120.971 1 902 5976 37
T 120.995 7 896 5923 36
T 120.995 8 911 5973 37
T 120.995 1 903 5976 37
T 121.018 7 897 5923 36
T 121.018 8 912 5973 37
T 121.018 1 904 5976 37
T 121.041 7 898 5923 36
T 121.041 8 913 5973 37
T 121.041 1 905 5976 37
IE 121.059 2
IR 121.059 2
IA 121.059 2
P 121.064 3
F 121.064 3 37
IQ 121.065 3
T 121.065 7 899 5923 36
IS 121.065 3
T 121.065 8 914 5973 37
T 121.066 1 906 5976 37
T 121.089 7 900 5923 36
T 121.089 8 915 5973 37
T 121.089 1 907 5976 37
T 121.114 7 901 5923 36
T 121.114 8 916 5973 37
T 121.114 1 908 5976 37
T 121.136 8 917 5973 37
T 121.136 1 909 5976 37
T 121.207 8 918 5973 37
T 121.207 1 910 5976 37
T 121.207 2 902 6019 37
T 121.230 8 919 5973 37
T 121.230 1 911 5976 37
T 121.230 2 903 6019 37
T 121.254 8 920 5973 37
T 121.254 1 912 5976 37
T 121.254 2 904 6019 37
T 121.277 8 921 5973 37
T 121.277 1 913 5976 37
T 121.277 2 905 6019 37
T 121.299 8 922 5973 37
T 121.299 1 914 5976 37
T 121.300 2 906 6019 37
IE 121.306 3
IR 121.306 3
IA 121.308 3
P 121.317 4
F 121.317 4 37
IQ 121.318 4
IS 121.318 4
T 121.325 8 923 5973 37
T 121.325 1 915 5976 37
T 121.325 2 907 6019 37
T 121.348 8 924 5973 37
T 121.348 1 916 5976 37
T 121.348 2 908 6019 37
T 121.372 8 925 5973 37
T 121.372 1 917 5976 37
T 121.372 2 909 6019 37
T 121.396 8 926 5973 37
T 121.396 1 918 5976 37
T 121.396 2 910 6019 37
T 121.457 1 919 5976 37
T 121.457 2 911 6019 37
T 121.458 3 902 5996 37
T 121.481 1 920 5976 37
T 121.481 2 912 6019 37
T 121.481 3 903 5996 37
T 121.504 1 921 5976 37
T 121.504 2 913 6019 37
T 121.504 3 904 5996 37
T 121.527 1 922 5976 37
T 121.527 2 914 6019 37
T 121.527 3 905 5996 37
T 121.550 1 923 5976 37
T 121.550 2 915 6019 37
T 121.550 3 906 5996 37
P 121.564 5
F 121.564 5 37
IQ 121.565 5
IS 121.565 5
T 121.574 1 924 5976 37
T 121.574 2 916 6019 37
T 121.574 3 907 5996 37
T 121.597 1 925 5976 37
T 121.597 2 917 6019 37
T 121.597 3 908 5996 37
T 121.621 1 926 5976 37
T 121.622 2 918 6019 37
T 121.622 3 909 5996 37
IE 121.632 4
IR 121.632 4
IA 121.633 4
T 121.645 2 919 6019 37
T 121.645 3 910 5996 37
T 121.668 2 920 6019 37
T 121.668 3 911 5996 37
T 121.690 2 921 6019 37
T 121.690 3 912 5996 37
T 121.713 2 922 6019 37
T 121.713 3 913 5996 37
T 121.783 2 923 6019 37
T 121.783 3 914 5996 37
T 121.783 4 902 5983 37
T 121.806 2 924 6019 37
T 121.806 3 915 5996 37
T 121.806 4 903 5983 37
P 121.814 6
IE 121.814 5
F 121.815 6 37
IQ 121.815 6
IS 121.816 6
IR 121.816 5
IA 121.818 5
T 121.831 2 925 6019 37
T 121.831 3 916 5996 37
T 121.831 4 904 5983 37
T 121.855 2 926 6019 37
T 121.855 3 917 5996 37
T 121.855 4 905 5983 37
T 121.877 3 918 5996 37
T 121.877 4 906 5983 37
T 121.900 3 919 5996 37
T 121.900 4 907 5983 37
T 121.961 3 920 5996 37
T 121.961 4 908 5983 37
T 121.961 5 902 5961 37
T 121.984 3 921 5996 37
T 121.984 4 909 5983 37
T 121.984 5 903 5961 37
T 122.007 3 922 5996 37
T 122.007 4 910 5983 37
T 122.008 5 904 5961 37
T 122.031 3 923 5996 37
T 122.031 4 911 5983 37
T 122.031 5 905 5961 37
T 122.056 3 924 5996 37
T 122.056 4 912 5983 37
T 122.057 5 906 5961 37
P 122.064 7
F 122.065 7 37
IQ 122.066 7
IS 122.066 7
T 122.078 3 925 5996 37
T 122.078 4 913 5983 37
T 122.078 5 907 5961 37
IE 122.094 6
IR 122.094 6
IA 122.096 6
T 122.102 3 926 5996 37
T 122.103 4 914 5983 37
T 122.103 5 908 5961 37
T 122.125 4 915 5983 37
T 122.125 5 909 5961 37
T 122.147 4 916 5983 37
T 122.147 5 910 5961 37
T 122.170 4 917 5983 37
T 122.170 5 911 5961 37
T 122.241 4 918 5983 37
T 122.241 5 912 5961 37
T 122.241 6 902 6031 37
T 122.263 4 919 5983 37
T 122.263 5 913 5961 37
T 122.264 6 903 6031 37
T 122.286 4 920 5983 37
T 122.286 5 914 5961 37
T 122.286 6 904 6031 37
T 122.309 4 921 5983 37
T 122.310 5 915 5961 37
T 122.310 6 905 6031 37
P 122.314 8
F 122.314 8 38
IQ 122.315 8
IS 122.315 8
IE 122.318 7
IR 122.319 7
IA 122.320 7
T 122.334 4 922 5983 37
T 122.334 5 916 5961 37
T 122.334 6 906 6031 37
T 122.357 4 923 5983 37
T 122.357 5 917 5961 37
T 122.358 6 907 6031 37
T 122.380 4 924 5983 37
T 122.380 5 918 5961 37
T 122.381 6 908 6031 37
T 122.403 4 925 5983 37
T 122.403 5 919 5961 37
T 122.403 6 909 6031 37
T 122.465 4 926 5983 37
T 122.465 5 920 5961 37
T 122.465 6 910 6031 37
T 122.465 7 902 5976 37
T 122.488 5 921 5961 37
T 122.488 6 911 6031 37
T 122.488 7 903 5976 37
T 122.511 5 922 5961 37
T 122.511 6 912 6031 37
T 122.511 7 904 5976 37
T 122.534 5 923 5961 37
T 122.534 6 913 6031 37
T 122.535 7 905 5976 37
T 122.558 5 924 5961 37
T 122.558 6 914 6031 37
T 122.558 7 906 5976 37
IE 122.560 8
IR 122.561 8
IA 122.562 8
P 122.564 1
F 122.564 1 38
IQ 122.565 1
IS 122.565 1
T 122.582 5 925 5961 37
T 122.582 6 915 6031 37
T 122.582 7 907 5976 37
T 122.606 5 926 5961 37
T 122.606 6 916 6031 37
T 122.606 7 908 5976 37
T 122.628 6 917 6031 37
T 122.629 7 909 5976 37
T 122.651 6 918 6031 37
T 122.651 7 910 5976 37
T 122.721 6 919 6031 37
T 122.721 7 911 5976 37
T 122.721 8 927 6026 38
T 122.744 6 920 6031 37
T 122.744 7 912 5976 37
T 122.744 8 928 6026 38
T 122.767 6 921 6031 37
T 122.768 7 913 5976 37
T 122.768 8 929 6026 38
T 122.791 6 922 6031 37
T 122.791 7 914 5976 37
T 122.791 8 930 6026 38
P 122.813 2
F 122.814 2 38
IQ 122.814 2
IS 122.815 2
T 122.815 6 923 6031 37
T 122.816 7 915 5976 37
T 122.816 8 931 6026 38
IE 122.831 1
IR 122.831 1
IA 122.833 1
T 122.839 6 924 6031 37
T 122.839 7 916 5976 37
T 122.839 8 932 6026 38
T 122.862 6 925 6031 37
T 122.862 7 917 5976 37
T 122.862 8 933 6026 38
T 122.886 6 926 6031 37
T 122.886 7 918 5976 37
T 122.886 8 934 6026 38
T 122.909 7 919 5976 37
T 122.909 8 935 6026 38
T 122.980 7 920 5976 37
T 122.980 8 936 6026 38
T 122.980 1 927 6029 38
T 123.003 7 921 5976 37
T 123.003 8 937 6026 38
T 123.003 1 928 6029 38
T 123.026 7 922 5976 37
T 123.026 8 938 6026 38
T 123.026 1 929 6029 38
T 123.049 7 923 5976 37
T 123.049 8 939 6026 38
T 123.049 1 930 6029 38
P 123.063 3
F 123.064 3 38
IQ 123.064 3
IS 123.064 3
IE 123.068 2
IR 123.080 2
IA 123.081 2
T 123.082 7 924 5976 37
T 123.082 8 940 6026 38
T 123.083 1 931 6029 38
T 123.098 7 925 5976 37
T 123.098 8 941 6026 38
T 123.098 1 932 6029 38
T 123.122 7 926 5976 37
T 123.122 8 942 6026 38
T 123.122 1 933 6029 38
T 123.144 8 943 6026 38
T 123.144 1 934 6029 38
T 123.167 8 944 6026 38
T 123.167 1 935 6029 38
T 123.239 8 945 6026 38
T 123.239 1 936 6029 38
T 123.239 2 927 6072 38
T 123.262 8 946 6026 38
T 123.262 1 937 6029 38
T 123.262 2 928 6072 38
T 123.285 8 947 6026 38
T 123.286 1 938 6029 38
T 123.286 2 929 6072 38
T 123.309 8 948 6026 38
T 123.309 1 939 6029 38
T 123.309 2 930 6072 38
P 123.314 4
F 123.314 4 38
IQ 123.315 4
IS 123.315 4
T 123.332 8 949 6026 38
T 123.332 1 940 6029 38
T 123.332 2 931 6072 38
IE 123.342 3
IR 123.342 3
IA 123.344 3
T 123.357 8 950 6026 38
T 123.357 1 941 6029 38
T 123.357 2 932 6072 38
T 123.381 8 951 6026 38
T 123.381 1 942 6029 38
T 123.381 2 933 6072 38
T 123.403 1 943 6029 38
T 123.404 2 934 6072 38
T 123.426 1 944 6029 38
T 123.426 2 935 6072 38
T 123.488 1 945 6029 38
T 123.488 2 936 6072 38
T 123.488 3 927 6049 38
T 123.511 1 946 6029 38
T 123.511 2 937 6072 38
T 123.511 3 928 6049 38
T 123.534 1 947 6029 38
T 123.534 2 938 6072 38
T 123.534 3 929 6049 38
IE 123.541 4
IR 123.541 4
IA 123.543 4
T 123.559 1 948 6029 38
T 123.559 2 939 6072 38
T 123.559 3 930 6049 38
P 123.564 5
F 123.565 5 38
IQ 123.565 5
IS 123.566 5
T 123.582 1 949 6029 38
T 123.582 2 940 6072 38
T 123.582 3 931 6049 38
T 123.605 1 950 6029 38
T 123.605 2 941 6072 38
T 123.605 3 932 6049 38
T 123.630 1 951 6029 38
T 123.630 2 942 6072 38
T 123.630 3 933 6049 38
T 123.690 2 943 6072 38
T 123.690 3 934 6049 38
T 123.690 4 927 6036 38
T 123.713 2 944 6072 38
T 123.713 3 935 6049 38
T 123.713 4 928 6036 38
T 123.736 2 945 6072 38
T 123.737 3 936 6049 38
T 123.737 4 929 6036 38
T 123.760 2 946 6072 38
T 123.760 3 937 6049 38
T 123.760 4 930 6036 38
T 123.783 2 947 6072 38
T 123.783 3 938 6049 38
T 123.783 4 931 6036 38
T 123.807 2 948 6072 38
T 123.807 3 939 6049 38
T 123.807 4 932 6036 38
IE 123.807 5
IR 123.808 5
IA 123.809 5
P 123.814 6
F 123.814 6 38
IQ 123.815 6
IS 123.815 6
T 123.831 2 949 6072 38
T 123.831 3 940 6049 38
T 123.832 4 933 6036 38
T 123.855 2 950 6072 38
T 123.855 3 941 6049 38
T 123.855 4 934 6036 38
T 123.880 2 951 6072 38
T 123.880 3 942 6049 38
T 123.880 4 935 6036 38
T 123.902 3 943 6049 38
T 123.902 4 936 6036 38
T 123.960 3 944 6049 38
T 123.960 4 937 6036 38
T 123.960 5 927 6014 38
T 123.983 3 945 6049 38
T 123.983 4 938 6036 38
T 123.983 5 928 6014 38
T 124.006 3 946 6049 38
T 124.006 4 939 6036 38
T 124.006 5 929 6014 38
T 124.030 3 947 6049 38
T 124.030 4 940 6036 38
T 124.030 5 930 6014 38
T 124.053 3 948 6049 38
T 124.053 4 941 6036 38
T 124.053 5 931 6014 38
P 124.065 7
F 124.067 7 38
IQ 124.067 7
IS 124.067 7
IE 124.073 6
IR 124.073 6
IA 124.075 6
T 124.076 3 949 6049 38
T 124.077 4 942 6036 38
T 124.077 5 932 6014 38
T 124.101 3 950 6049 38
T 124.101 4 943 6036 38
T 124.101 5 933 6014 38
T 124.126 3 951 6049 38
T 124.126 4 944 6036 38
T 124.126 5 934 6014 38
T 124.148 4 945 6036 38
T 124.148 5 935 6014 38
T 124.170 4 946 6036 38
T 124.170 5 936 6014 38
T 124.231 4 947 6036 38
T 124.231 5 937 6014 38
T 124.231 6 927 6084 38
T 124.254 4 948 6036 38
T 124.254 5 938 6014 38
T 124.254 6 928 6084 38
T 124.278 4 949 6036 38
T 124.278 5 939 6014 38
T 124.278 6 929 6084 38
T 124.301 4 950 6036 38
T 124.301 5 940 6014 38
T 124.301 6 930 6084 38
P 124.313 8
F 124.314 8 39
IQ 124.314 8
IS 124.315 8
T 124.325 4 951 6036 38
T 124.325 5 941 6014 38
T 124.325 6 931 6084 38
T 124.347 5 942 6014 38
T 124.347 6 932 6084 38
IE 124.365 7
IR 124.365 7
IA 124.367 7
T 124.370 5 943 6014 38
T 124.370 6 933 6084 38
T 124.394 5 944 6014 38
T 124.394 6 934 6084 38
T 124.417 5 945 6014 38
T 124.417 6 935 6084 38
T 124.439 5 946 6014 38
T 124.439 6 936 6084 38
T 124.463 5 947 6014 38
T 124.463 6 937 6084 38
T 124.534 5 948 6014 38
T 124.534 6 938 6084 38
T 124.534 7 927 6029 38
T 124.557 5 949 6014 38
T 124.558 6 939 6084 38
T 124.558 7 928 6029 38
IE 124.565 8
IR 124.566 8
P 124.566 1
IA 124.568 8
F 124.568 1 39
IQ 124.568 1
IS 124.569 1
T 124.581 5 950 6014 38
T 124.581 6 940 6084 38
T 124.582 7 929 6029 38
T 124.606 5 951 6014 38
T 124.606 6 941 6084 38
T 124.606 7 930 6029 38
T 124.628 6 942 6084 38
T 124.628 7 931 6029 38
T 124.651 6 943 6084 38
T 124.651 7 932 6029 38
T 124.722 6 944 6084 38
T 124.722 7 933 6029 38
T 124.722 8 952 6079 39
T 124.745 6 945 6084 38
T 124.745 7 934 6029 38
T 124.745 8 953 6079 39
T 124.768 6 946 6084 38
T 124.768 7 935 6029 38
T 124.768 8 954 6079 39
T 124.791 6 947 6084 38
T 124.791 7 936 6029 38
T 124.791 8 955 6079 39
P 124.813 2
F 124.814 2 39
IQ 124.814 2
IS 124.815 2
T 124.817 6 948 6084 38
T 124.817 7 937 6029 38
T 124.817 8 956 6079 39
IE 124.821 1
IR 124.822 1
IA 124.823 1
T 124.839 6 949 6084 38
T 124.839 7 938 6029 38
T 124.840 8 957 6079 39
T 124.863 6 950 6084 38
T 124.863 7 939 6029 38
T 124.863 8 958 6079 39
T 124.887 6 951 6084 38
T 124.887 7 940 6029 38
T 124.887 8 959 6079 39
T 124.910 7 941 6029 38
T 124.910 8 960 6079 39
T 124.981 7 942 6029 38
T 124.981 8 961 6079 39
T 124.981 1 952 6082 39
T 125.004 7 943 6029 38
T 125.004 8 962 6079 39
T 125.004 1 953 6082 39
T 125.027 7 944 6029 38
T 125.027 8 963 6079 39
T 125.027 1 954 6082 39
T 125.050 7 945 6029 38
T 125.050 8 964 6079 39
T 125.051 1 955 6082 39
P 125.064 3
F 125.065 3 39
IQ 125.065 3
IS 125.065 3
T 125.074 7 946 6029 38
T 125.074 8 965 6079 39
T 125.074 1 956 6082 39
T 125.097 7 947 6029 38
T 125.097 8 966 6079 39
T 125.097 1 957 6082 39
T 125.120 7 948 6029 38
T 125.121 8 967 6079 39
T 125.121 1 958 6082 39
IE 125.124 2
IR 125.124 2
IA 125.126 2
T 125.145 7 949 6029 38
T 125.145 8 968 6079 39
T 125.145 1 959 6082 39
T 125.169 7 950 6029 38
T 125.169 8 969 6079 39
T 125.169 1 960 6082 39
T 125.193 7 951 6029 38
T 125.193 8 970 6079 39
T 125.193 1 961 6082 39
T 125.216 8 971 6079 39
T 125.216 1 962 6082 39
T 125.277 8 972 6079 39
T 125.277 1 963 6082 39
T 125.277 2 952 6125 39
T 125.300 8 973 6079 39
T 125.302 1 964 6082 39
T 125.302 2 953 6125 39
IE 125.308 3
IR 125.308 3
IA 125.310 3
P 125.313 4
F 125.314 4 39
IQ 125.314 4
IS 125.314 4
T 125.325 8 974 6079 39
T 125.326 1 965 6082 39
T 125.326 2 954 6125 39
T 125.349 8 975 6079 39
T 125.349 1 966 6082 39
T 125.349 2 955 6125 39
T 125.373 8 976 6079 39
T 125.373 1 967 6082 39
T 125.373 2 956 6125 39
T 125.396 1 968 6082 39
T 125.396 2 957 6125 39
T 125.455 1 969 6082 39
T 125.455 2 958 6125 39
T 125.455 3 952 6102 39
T 125.478 1 970 6082 39
T 125.478 2 959 6125 39
T 125.478 3 953 6102 39
T 125.502 1 971 6082 39
T 125.502 2 960 6125 39
T 125.502 3 954 6102 39
T 125.525 1 972 6082 39
T 125.525 2 961 6125 39
T 125.525 3 955 6102 39
T 125.548 1 973 6082 39
T 125.548 2 962 6125 39
T 125.549 3 956 6102 39
P 125.565 5
F 125.565 5 39
IQ 125.565 5
IS 125.566 5
T 125.572 1 974 6082 39
T 125.572 2 963 6125 39
T 125.572 3 957 6102 39
IE 125.588 4
IR 125.588 4
IA 125.590 4
T 125.597 1 975 6082 39
T 125.597 2 964 6125 39
T 125.597 3 958 6102 39
T 125.621 1 976 6082 39
T 125.621 2 965 6125 39
T 125.621 3 959 6102 39
T 125.644 2 966 6125 39
T 125.644 3 960 6102 39
T 125.667 2 967 6125 39
T 125.667 3 961 6102 39
T 125.728 2 968 6125 39
T 125.728 3 962 6102 39
T 125.728 4 952 6089 39
T 125.751 2 969 6125 39
T 125.751 3 963 6102 39
T 125.751 4 953 6089 39
T 125.774 2 970 6125 39
T 125.774 3 964 6102 39
T 125.774 4 954 6089 39
IE 125.794 5
IR 125.794 5
IA 125.796 5
T 125.798 2 971 6125 39
T 125.798 3 965 6102 39
T 125.798 4 955 6089 39
P 125.813 6
F 125.814 6 39
IQ 125.814 6
IS 125.814 6
T 125.823 2 972 6125 39
T 125.823 3 966 6102 39
T 125.823 4 956 6089 39
T 125.847 2 973 6125 39
T 125.847 3 967 6102 39
T 125.847 4 957 6089 39
T 125.870 2 974 6125 39
T 125.870 3 968 6102 39
T 125.871 4 958 6089 39
T 125.894 2 975 6125 39
T 125.894 3 969 6102 39
T 125.894 4 959 6089 39
T 125.967 2 976 6125 39
T 125.967 3 970 6102 39
T 125.967 4 960 6089 39
T 125.967 5 952 6067 39
T 125.990 3 971 6102 39
T 125.990 4 961 6089 39
T 125.990 5 953 6067 39
T 126.013 3 972 6102 39
T 126.013 4 962 6089 39
T 126.013 5 954 6067 39
T 126.037 3 973 6102 39
T 126.037 4 963 6089 39
T 126.037 5 955 6067 39
T 126.060 3 974 6102 39
T 126.060 4 964 6089 39
T 126.060 5 956 6067 39
IE 126.061 6
IR 126.061 6
IA 126.064 6
P 126.064 7
F 126.065 7 39
IQ 126.065 7
IS 126.065 7
T 126.085 3 975 6102 39
T 126.085 4 965 6089 39
T 126.085 5 957 6067 39
T 126.109 3 976 6102 39
T 126.109 4 966 6089 39
T 126.110 5 958 6067 39
T 126.132 4 967 6089 39
T 126.132 5 959 6067 39
T 126.154 4 968 6089 39
T 126.154 5 960 6067 39
T 126.216 4 969 6089 39
T 126.216 5 961 6067 39
T 126.216 6 952 6137 39
T 126.239 4 970 6089 39
T 126.239 5 962 6067 39
T 126.239 6 953 6137 39
T 126.262 4 971 6089 39
T 126.262 5 963 6067 39
T 126.262 6 954 6137 39
T 126.286 4 972 6089 39
T 126.286 5 964 6067 39
T 126.286 6 955 6137 39
IE 126.293 7
IR 126.293 7
IA 126.294 7
T 126.310 4 973 6089 39
T 126.310 5 965 6067 39
T 126.310 6 956 6137 39
P 126.314 8
F 126.314 8 40
IQ 126.315 8
IS 126.315 8
T 126.334 4 974 6089 39
T 126.334 5 966 6067 39
T 126.334 6 957 6137 39
T 126.358 4 975 6089 39
T 126.358 5 967 6067 39
T 126.358 6 958 6137 39
T 126.382 4 976 6089 39
T 126.382 5 968 6067 39
T 126.382 6 959 6137 39
T 126.453 5 969 6067 39
T 126.453 6 960 6137 39
T 126.453 7 952 6082 39
T 126.476 5 970 6067 39
T 126.476 6 961 6137 39
T 126.476 7 953 6082 39
T 126.500 5 971 6067 39
T 126.500 6 962 6137 39
T 126.500 7 954 6082 39
T 126.523 5 972 6067 39
T 126.523 6 963 6137 39
T 126.523 7 955 6082 39
T 126.546 5 973 6067 39
T 126.546 6 964 6137 39
T 126.546 7 956 6082 39
IE 126.555 8
IR 126.555 8
IA 126.557 8
P 126.565 1
F 126.565 1 40
IQ 126.566 1
IS 126.566 1
T 126.571 5 974 6067 39
T 126.571 6 965 6137 39
T 126.572 7 957 6082 39
T 126.594 5 975 6067 39
T 126.595 6 966 6137 39
T 126.595 7 958 6082 39
T 126.619 5 976 6067 39
T 126.619 6 967 6137 39
T 126.619 7 959 6082 39
T 126.642 6 968 6137 39
T 126.642 7 960 6082 39
T 126.703 6 969 6137 39
T 126.703 7 961 6082 39
T 126.703 8 977 6132 40
T 126.726 6 970 6137 39
T 126.726 7 962 6082 39
T 126.726 8 978 6132 40
T 126.750 6 971 6137 39
T 126.750 7 963 6082 39
T 126.750 8 979 6132 40
T 126.773 6 972 6137 39
T 126.773 7 964 6082 39
T 126.773 8 980 6132 40
T 126.797 6 973 6137 39
T 126.797 7 965 6082 39
T 126.797 8 981 6132 40
P 126.814 2
F 126.815 2 40
IQ 126.815 2
IS 126.815 2
T 126.820 6 974 6137 39
T 126.821 7 966 6082 39
T 126.821 8 982 6132 40
IE 126.831 1
IR 126.831 1
IA 126.833 1
T 126.845 6 975 6137 39
T 126.845 7 967 6082 39
T 126.845 8 983 6132 40
T 126.869 6 976 6137 39
T 126.870 7 968 6082 39
T 126.870 8 984 6132 40
T 126.892 7 969 6082 39
T 126.892 8 985 6132 40
T 126.915 7 970 6082 39
T 126.915 8 986 6132 40
T 126.987 7 971 6082 39
T 126.987 8 987 6132 40
T 126.987 1 977 6135 40
T 127.010 7 972 6082 39
T 127.010 8 988 6132 40
T 127.010 1 978 6135 40
T 127.033 7 973 6082 39
T 127.034 8 989 6132 40
T 127.034 1 979 6135 40
IE 127.044 2
IR 127.044 2
IA 127.046 2
T 127.058 7 974 6082 39
T 127.058 8 990 6132 40
T 127.058 1 980 6135 40
P 127.065 3
F 127.066 3 40
IQ 127.066 3
IS 127.066 3
T 127.082 7 975 6082 39
T 127.082 8 991 6132 40
T 127.082 1 981 6135 40
T 127.106 7 976 6082 39
T 127.106 8 992 6132 40
T 127.106 1 982 6135 40
T 127.128 8 993 6132 40
T 127.129 1 983 6135 40
T 127.190 8 994 6132 40
T 127.190 1 984 6135 40
T 127.190 2 977 6178 40
T 127.214 8 995 6132 40
T 127.214 1 985 6135 40
T 127.214 2 978 6178 40
T 127.237 8 996 6132 40
T 127.237 1 986 6135 40
T 127.237 2 979 6178 40
T 127.260 8 997 6132 40
T 127.260 1 987 6135 40
T 127.260 2 980 6178 40
T 127.283 8 998 6132 40
T 127.284 1 988 6135 40
T 127.284 2 981 6178 40
T 127.307 8 999 6132 40
T 127.307 1 989 6135 40
T 127.307 2 982 6178 40
IE 127.315 3
P 127.315 4
IR 127.316 3
IA 127.317 3
F 127.318 4 40
IQ 127.318 4
IS 127.318 4
T 127.332 8 1000 6132 40
T 127.332 1 990 6135 40
T 127.332 2 983 6178 40
T 127.357 8 1001 6132 40
T 127.357 1 991 6135 40
T 127.357 2 984 6178 40
T 127.380 1 992 6135 40
T 127.380 2 985 6178 40
T 127.403 1 993 6135 40
T 127.403 2 986 6178 40
T 127.482 1 994 6135 40
T 127.482 2 987 6178 40
T 127.482 3 977 6155 40
T 127.505 1 995 6135 40
T 127.506 2 988 6178 40
T 127.506 3 978 6155 40
T 127.529 1 996 6135 40
T 127.529 2 989 6178 40
T 127.529 3 979 6155 40
T 127.553 1 997 6135 40
T 127.553 2 990 6178 40
T 127.553 3 980 6155 40
IE 127.560 4
IR 127.560 4
IA 127.562 4
P 127.564 5
F 127.564 5 40
IQ 127.565 5
IS 127.565 5
T 127.578 1 998 6135 40
T 127.579 2 991 6178 40
T 127.579 3 981 6155 40
T 127.602 1 999 6135 40
T 127.602 2 992 6178 40
T 127.602 3 982 6155 40
T 127.627 1 1000 6135 40
T 127.627 2 993 6178 40
T 127.627 3 983 6155 40
T 127.652 1 1001 6135 40
T 127.652 2 994 6178 40
T 127.652 3 984 6155 40
T 127.713 2 995 6178 40
T 127.713 3 985 6155 40
T 127.713 4 977 6142 40
T 127.736 2 996 6178 40
T 127.736 3 986 6155 40
T 127.736 4 978 6142 40
T 127.760 2 997 6178 40
T 127.760 3 987 6155 40
T 127.760 4 979 6142 40
T 127.783 2 998 6178 40
T 127.783 3 988 6155 40
T 127.783 4 980 6142 40
T 127.807 2 999 6178 40
T 127.807 3 989 6155 40
T 127.807 4 981 6142 40
IE 127.810 5
IR 127.811 5
IA 127.812 5
P 127.813 6
F 127.814 6 40
IQ 127.814 6
IS 127.814 6
T 127.831 2 1000 6178 40
T 127.832 3 990 6155 40
T 127.832 4 982 6142 40
T 127.857 2 1001 6178 40
T 127.857 3 991 6155 40
T 127.857 4 983 6142 40
T 127.879 3 992 6155 40
T 127.879 4 984 6142 40
T 127.902 3 993 6155 40
T 127.902 4 985 6142 40
T 127.974 3 994 6155 40
T 127.974 4 986 6142 40
T 127.974 5 977 6120 40
T 127.997 3 995 6155 40
T 127.997 4 987 6142 40
T 127.997 5 978 6120 40
T 128.020 3 996 6155 40
T 128.020 4 988 6142 40
T 128.020 5 979 6120 40
T 128.043 3 997 6155 40
T 128.043 4 989 6142 40
T 128.044 5 980 6120 40
IE 128.054 6
IR 128.055 6
IA 128.056 6
P 128.066 7
F 128.066 7 40
IQ 128.067 7
T 128.068 3 998 6155 40
IS 128.068 7
T 128.068 4 990 6142 40
T 128.069 5 981 6120 40
T 128.092 3 999 6155 40
T 128.093 4 991 6142 40
T 128.093 5 982 6120 40
T 128.116 3 1000 6155 40
T 128.116 4 992 6142 40
T 128.116 5 983 6120 40
T 128.140 3 1001 6155 40
T 128.140 4 993 6142 40
T 128.140 5 984 6120 40
T 128.199 4 994 6142 40
T 128.199 5 985 6120 40
T 128.200 6 977 6190 40
T 128.223 4 995 6142 40
T 128.223 5 986 6120 40
T 128.223 6 978 6190 40
T 128.246 4 996 6142 40
T 128.246 5 987 6120 40
T 128.246 6 979 6190 40
T 128.270 4 997 6142 40
T 128.270 5 988 6120 40
T 128.270 6 980 6190 40
T 128.293 4 998 6142 40
T 128.293 5 989 6120 40
T 128.293 6 981 6190 40
P 128.314 8
F 128.314 8 41
IQ 128.314 8
IS 128.316 8
T 128.316 4 999 6142 40
T 128.317 5 990 6120 40
T 128.318 6 982 6190 40
IE 128.320 7
IR 128.320 7
IA 128.322 7
T 128.341 4 1000 6142 40
T 128.341 5 991 6120 40
T 128.341 6 983 6190 40
T 128.365 4 1001 6142 40
T 128.365 5 992 6120 40
T 128.365 6 984 6190 40
T 128.388 5 993 6120 40
T 128.388 6 985 6190 40
T 128.410 5 994 6120 40
T 128.410 6 986 6190 40
T 128.481 5 995 6120 40
T 128.482 6 987 6190 40
T 128.482 7 977 6135 40
T 128.504 5 996 6120 40
T 128.505 6 988 6190 40
T 128.505 7 978 6135 40
T 128.528 5 997 6120 40
T 128.528 6 989 6190 40
T 128.528 7 979 6135 40
T 128.551 5 998 6120 40
T 128.551 6 990 6190 40
T 128.551 7 980 6135 40
P 128.564 1
F 128.564 1 41
IQ 128.564 1
IS 128.565 1
T 128.574 5 999 6120 40
T 128.575 6 991 6190 40
T 128.575 7 981 6135 40
IE 128.596 8
IR 128.596 8
IA 128.598 8
T 128.599 5 1000 6120 40
T 128.599 6 992 6190 40
T 128.600 7 982 6135 40
T 128.623 5 1001 6120 40
T 128.623 6 993 6190 40
T 128.623 7 983 6135 40
T 128.646 6 994 6190 40
T 128.646 7 984 6135 40
T 128.669 6 995 6190 40
T 128.669 7 985 6135 40
T 128.692 6 996 6190 40
T 128.692 7 986 6135 40
T 128.753 6 997 6190 40
T 128.753 7 987 6135 40
T 128.753 8 1002 6185 41
T 128.776 6 998 6190 40
T 128.776 7 988 6135 40
T 128.776 8 1003 6185 41
IE 128.784 1
IR 128.785 1
IA 128.786 1
T 128.801 6 999 6190 40
T 128.801 7 989 6135 40
T 128.801 8 1004 6185 41
P 128.814 2
F 128.814 2 41
IQ 128.814 2
IS 128.815 2
T 128.824 6 1000 6190 40
T 128.824 7 990 6135 40
T 128.824 8 1005 6185 41
T 128.849 6 1001 6190 40
T 128.849 7 991 6135 40
T 128.849 8 1006 6185 41
T 128.871 7 992 6135 40
T 128.872 8 1007 6185 41
T 128.933 7 993 6135 40
T 128.933 8 1008 6185 41
T 128.933 1 1002 6188 41
T 128.957 7 994 6135 40
T 128.957 8 1009 6185 41
T 128.957 1 1003 6188 41
T 128.980 7 995 6135 40
T 128.980 8 1010 6185 41
T 128.980 1 1004 6188 41
T 129.003 7 996 6135 40
T 129.003 8 1011 6185 41
T 129.004 1 1005 6188 41
T 129.027 7 997 6135 40
T 129.027 8 1012 6185 41
T 129.027 1 1006 6188 41
T 129.050 7 998 6135 40
T 129.050 8 1013 6185 41
T 129.050 1 1007 6188 41
P 129.064 3
F 129.065 3 41
IQ 129.065 3
IS 129.066 3
IE 129.067 2
IR 129.067 2
IA 129.069 2
T 129.075 7 999 6135 40
T 129.075 8 1014 6185 41
T 129.075 1 1008 6188 41
T 129.099 7 1000 6135 40
T 129.099 8 1015 6185 41
T 129.099 1 1009 6188 41
T 129.123 7 1001 6135 40
T 129.123 8 1016 6185 41
T 129.123 1 1010 6188 41
T 129.145 8 1017 6185 41
T 129.145 1 1011 6188 41
T 129.207 8 1018 6185 41
T 129.207 1 1012 6188 41
T 129.208 2 1002 6231 41
T 129.231 8 1019 6185 41
T 129.231 1 1013 6188 41
T 129.231 2 1003 6231 41
T 129.254 8 1020 6185 41
T 129.254 1 1014 6188 41
T 129.254 2 1004 6231 41
T 129.277 8 1021 6185 41
T 129.277 1 1015 6188 41
T 129.278 2 1005 6231 41
IE 129.285 3
IR 129.286 3
IA 129.287 3
T 129.302 8 1022 6185 41
T 129.302 1 1016 6188 41
T 129.302 2 1006 6231 41
P 129.314 4
F 129.314 4 41
IQ 129.314 4
IS 129.315 4
T 129.325 8 1023 6185 41
T 129.326 1 1017 6188 41
T 129.326 2 1007 6231 41
T 129.349 8 1024 6185 41
T 129.349 1 1018 6188 41
T 129.350 2 1008 6231 41
T 129.374 8 1025 6185 41
T 129.374 1 1019 6188 41
T 129.374 2 1009 6231 41
T 129.446 8 1026 6185 41
T 129.446 1 1020 6188 41
T 129.446 2 1010 6231 41
T 129.446 3 1002 6208 41
T 129.469 1 1021 6188 41
T 129.469 2 1011 6231 41
T 129.469 3 1003 6208 41
T 129.492 1 1022 6188 41
T 129.492 2 1012 6231 41
T 129.492 3 1004 6208 41
T 129.515 1 1023 6188 41
T 129.516 2 1013 6231 41
T 129.516 3 1005 6208 41
T 129.539 1 1024 6188 41
T 129.539 2 1014 6231 41
T 129.539 3 1006 6208 41
T 129.562 1 1025 6188 41
T 129.563 2 1015 6231 41
T 129.563 3 1007 6208 41
P 129.564 5
F 129.564 5 41
IQ 129.565 5
IS 129.565 5
IE 129.572 4
IR 129.572 4
IA 129.574 4
T 129.587 1 1026 6188 41
T 129.587 2 1016 6231 41
T 129.587 3 1008 6208 41
T 129.610 2 1017 6231 41
T 129.610 3 1009 6208 41
T 129.634 2 1018 6231 41
T 129.635 3 1010 6208 41
T 129.657 2 1019 6231 41
T 129.657 3 1011 6208 41
T 129.730 2 1020 6231 41
T 129.730 3 1012 6208 41
T 129.730 4 1002 6195 41
T 129.753 2 1021 6231 41
T 129.753 3 1013 6208 41
T 129.754 4 1003 6195 41
IE 129.775 5
IR 129.775 5
IA 129.777 5
T 129.778 2 1022 6231 41
T 129.778 3 1014 6208 41
T 129.778 4 1004 6195 41
T 129.802 2 1023 6231 41
T 129.802 3 1015 6208 41
T 129.802 4 1005 6195 41
P 129.814 6
F 129.815 6 41
IQ 129.815 6
IS 129.815 6
T 129.825 2 1024 6231 41
T 129.825 3 1016 6208 41
T 129.825 4 1006 6195 41
T 129.851 2 1025 6231 41
T 129.851 3 1017 6208 41
T 129.851 4 1007 6195 41
T 129.876 2 1026 6231 41
T 129.876 3 1018 6208 41
T 129.876 4 1008 6195 41
T 129.938 3 1019 6208 41
T 129.938 4 1009 6195 41
T 129.938 5 1002 6173 41
T 129.961 3 1020 6208 41
T 129.961 4 1010 6195 41
T 129.961 5 1003 6173 41
T 129.985 3 1021 6208 41
T 129.985 4 1011 6195 41
T 129.985 5 1004 6173 41
T 130.009 3 1022 6208 41
T 130.009 4 1012 6195 41
T 130.009 5 1005 6173 41
T 130.032 3 1023 6208 41
T 130.032 4 1013 6195 41
T 130.033 5 1006 6173 41
T 130.056 3 1024 6208 41
T 130.057 4 1014 6195 41
T 130.057 5 1007 6173 41
P 130.063 7
F 130.064 7 41
IQ 130.064 7
IS 130.065 7
IE 130.074 6
IR 130.075 6
IA 130.076 6
T 130.082 3 1025 6208 41
T 130.082 4 1015 6195 41
T 130.082 5 1008 6173 41
T 130.106 3 1026 6208 41
T 130.106 4 1016 6195 41
T 130.106 5 1009 6173 41
T 130.130 4 1017 6195 41
T 130.130 5 1010 6173 41
T 130.153 4 1018 6195 41
T 130.153 5 1011 6173 41
T 130.225 4 1019 6195 41
T 130.225 5 1012 6173 41
T 130.225 6 1002 6243 41
T 130.248 4 1020 6195 41
T 130.249 5 1013 6173 41
T 130.249 6 1003 6243 41
T 130.272 4 1021 6195 41
T 130.272 5 1014 6173 41
T 130.272 6 1004 6243 41
T 130.295 4 1022 6195 41
T 130.295 5 1015 6173 41
T 130.295 6 1005 6243 41
IE 130.307 7
IR 130.307 7
IA 130.309 7
P 130.314 8
F 130.314 8 42
IQ 130.314 8
IS 130.315 8
T 130.321 4 1023 6195 41
T 130.321 5 1016 6173 41
T 130.321 6 1006 6243 41
T 130.346 4 1024 6195 41
T 130.346 5 1017 6173 41
T 130.346 6 1007 6243 41
T 130.370 4 1025 6195 41
T 130.370 5 1018 6173 41
T 130.370 6 1008 6243 41
T 130.394 4 1026 6195 41
T 130.394 5 1019 6173 41
T 130.394 6 1009 6243 41
T 130.455 5 1020 6173 41
T 130.456 6 1010 6243 41
T 130.456 7 1002 6188 41
T 130.479 5 1021 6173 41
T 130.479 6 1011 6243 41
T 130.479 7 1003 6188 41
T 130.502 5 1022 6173 41
T 130.502 6 1012 6243 41
T 130.502 7 1004 6188 41
T 130.525 5 1023 6173 41
T 130.525 6 1013 6243 41
T 130.526 7 1005 6188 41
T 130.549 5 1024 6173 41
T 130.549 6 1014 6243 41
T 130.549 7 1006 6188 41
P 130.564 1
F 130.565 1 42
IQ 130.565 1
IS 130.566 1
T 130.573 5 1025 6173 41
T 130.573 6 1015 6243 41
T 130.573 7 1007 6188 41
T 130.597 5 1026 6173 41
T 130.597 6 1016 6243 41
T 130.597 7 1008 6188 41
IE 130.616 8
IR 130.617 8
IA 130.618 8
T 130.619 6 1017 6243 41
T 130.620 7 1009 6188 41
T 130.643 6 1018 6243 41
T 130.644 7 1010 6188 41
T 130.668 6 1019 6243 41
T 130.668 7 1011 6188 41
T 130.690 6 1020 6243 41
T 130.690 7 1012 6188 41
T 130.713 6 1021 6243 41
T 130.713 7 1013 6188 41
T 130.772 6 1022 6243 41
T 130.772 7 1014 6188 41
T 130.772 8 1027 6238 42
IE 130.779 1
IR 130.779 1
IA 130.781 1
T 130.797 6 1023 6243 41
T 130.797 7 1015 6188 41
T 130.797 8 1028 6238 42
P 130.813 2
F 130.814 2 42
IQ 130.814 2
IS 130.815 2
T 130.822 6 1024 6243 41
T 130.822 7 1016 6188 41
T 130.822 8 1029 6238 42
T 130.845 6 1025 6243 41
T 130.845 7 1017 6188 41
T 130.845 8 1030 6238 42
T 130.869 6 1026 6243 41
T 130.869 7 1018 6188 41
T 130.869 8 1031 6238 42
T 130.931 7 1019 6188 41
T 130.931 8 1032 6238 42
T 130.931 1 1027 6241 42
T 130.955 7 1020 6188 41
T 130.955 8 1033 6238 42
T 130.955 1 1028 6241 42
T 130.978 7 1021 6188 41
T 130.978 8 1034 6238 42
T 130.978 1 1029 6241 42
T 131.001 7 1022 6188 41
T 131.001 8 1035 6238 42
T 131.001 1 1030 6241 42
T 131.025 7 1023 6188 41
T 131.025 8 1036 6238 42
T 131.025 1 1031 6241 42
T 131.048 7 1024 6188 41
T 131.048 8 1037 6238 42
T 131.048 1 1032 6241 42
P 131.064 3
F 131.064 3 42
IQ 131.065 3
IS 131.065 3
IE 131.066 2
IR 131.066 2
IA 131.068 2
T 131.073 7 1025 6188 41
T 131.073 8 1038 6238 42
T 131.073 1 1033 6241 42
T 131.098 7 1026 6188 41
T 131.098 8 1039 6238 42
T 131.098 1 1034 6241 42
T 131.121 8 1040 6238 42
T 131.121 1 1035 6241 42
T 131.143 8 1041 6238 42
T 131.143 1 1036 6241 42
T 131.216 8 1042 6238 42
T 131.216 1 1037 6241 42
T 131.216 2 1027 6284 42
T 131.239 8 1043 6238 42
T 131.239 1 1038 6241 42
T 131.239 2 1028 6284 42
T 131.263 8 1044 6238 42
T 131.263 1 1039 6241 42
T 131.263 2 1029 6284 42
IE 131.278 3
IR 131.279 3
IA 131.280 3
T 131.288 8 1045 6238 42
T 131.288 1 1040 6241 42
T 131.288 2 1030 6284 42
T 131.312 8 1046 6238 42
T 131.312 1 1041 6241 42
T 131.312 2 1031 6284 42
P 131.315 4
F 131.315 4 42
IQ 131.316 4
IS 131.316 4
T 131.336 8 1047 6238 42
T 131.337 1 1042 6241 42
T 131.337 2 1032 6284 42
T 131.360 8 1048 6238 42
T 131.360 1 1043 6241 42
T 131.360 2 1033 6284 42
T 131.420 8 1049 6238 42
T 131.420 1 1044 6241 42
T 131.420 2 1034 6284 42
T 131.420 3 1027 6261 42
T 131.443 8 1050 6238 42
T 131.443 1 1045 6241 42
T 131.443 2 1035 6284 42
T 131.443 3 1028 6261 42
T 131.468 8 1051 6238 42
T 131.468 1 1046 6241 42
T 131.468 2 1036 6284 42
T 131.468 3 1029 6261 42
T 131.491 1 1047 6241 42
T 131.491 2 1037 6284 42
T 131.491 3 1030 6261 42
T 131.515 1 1048 6241 42
T 131.515 2 1038 6284 42
T 131.515 3 1031 6261 42
IE 131.536 4
IR 131.537 4
IA 131.538 4
T 131.539 1 1049 6241 42
T 131.540 2 1039 6284 42
T 131.540 3 1032 6261 42
T 131.564 1 1050 6241 42
T 131.564 2 1040 6284 42
T 131.564 3 1033 6261 42
P 131.565 5
F 131.565 5 42
IQ 131.566 5
IS 131.566 5
T 131.589 1 1051 6241 42
T 131.589 2 1041 6284 42
T 131.589 3 1034 6261 42
T 131.612 2 1042 6284 42
T 131.612 3 1035 6261 42
T 131.634 2 1043 6284 42
T 131.635 3 1036 6261 42
T 131.707 2 1044 6284 42
T 131.707 3 1037 6261 42
T 131.707 4 1027 6248 42
T 131.730 2 1045 6284 42
T 131.730 3 1038 6261 42
T 131.730 4 1028 6248 42
T 131.753 2 1046 6284 42
T 131.753 3 1039 6261 42
T 131.753 4 1029 6248 42
T 131.777 2 1047 6284 42
T 131.777 3 1040 6261 42
T 131.777 4 1030 6248 42
IE 131.782 5
IR 131.782 5
IA 131.784 5
T 131.801 2 1048 6284 42
T 131.802 3 1041 6261 42
T 131.802 4 1031 6248 42
P 131.815 6
F 131.815 6 42
IQ 131.816 6
IS 131.816 6
T 131.826 2 1049 6284 42
T 131.826 3 1042 6261 42
T 131.827 4 1032 6248 42
T 131.850 2 1050 6284 42
T 131.850 3 1043 6261 42
T 131.850 4 1033 6248 42
T 131.875 2 1051 6284 42
T 131.875 3 1044 6261 42
T 131.875 4 1034 6248 42
T 131.936 3 1045 6261 42
T 131.936 4 1035 6248 42
T 131.936 5 1027 6226 42
T 131.960 3 1046 6261 42
T 131.960 4 1036 6248 42
T 131.960 5 1028 6226 42
T 131.983 3 1047 6261 42
T 131.983 4 1037 6248 42
T 131.983 5 1029 6226 42
T 132.006 3 1048 6261 42
T 132.006 4 1038 6248 42
T 132.006 5 1030 6226 42
T 132.030 3 1049 6261 42
T 132.030 4 1039 6248 42
T 132.030 5 1031 6226 42
IE 132.048 6
IR 132.049 6
IA 132.050 6
T 132.053 3 1050 6261 42
T 132.053 4 1040 6248 42
T 132.053 5 1032 6226 42
P 132.063 7
F 132.064 7 42
IQ 132.064 7
IS 132.065 7
T 132.080 3 1051 6261 42
T 132.080 4 1041 6248 42
T 132.080 5 1033 6226 42
T 132.102 4 1042 6248 42
T 132.102 5 1034 6226 42
T 132.127 4 1043 6248 42
T 132.127 5 1035 6226 42
T 132.149 4 1044 6248 42
T 132.149 5 1036 6226 42
T 132.171 4 1045 6248 42
T 132.172 5 1037 6226 42
T 132.243 4 1046 6248 42
T 132.243 5 1038 6226 42
T 132.243 6 1027 6296 42
T 132.267 4 1047 6248 42
T 132.267 5 1039 6226 42
T 132.267 6 1028 6296 42
IE 132.287 7
IR 132.287 7
IA 132.289 7
T 132.290 4 1048 6248 42
T 132.291 5 1040 6226 42
T 132.291 6 1029 6296 42
T 132.315 4 1049 6248 42
T 132.315 5 1041 6226 42
T 132.315 6 1030 6296 42
P 132.316 8
F 132.316 8 43
IQ 132.317 8
IS 132.317 8
T 132.340 4 1050 6248 42
T 132.340 5 1042 6226 42
T 132.340 6 1031 6296 42
T 132.364 4 1051 6248 42
T 132.364 5 1043 6226 42
T 132.364 6 1032 6296 42
T 132.386 5 1044 6226 42
T 132.386 6 1033 6296 42
T 132.450 5 1045 6226 42
T 132.450 6 1034 6296 42
T 132.450 7 1027 6241 42
T 132.473 5 1046 6226 42
T 132.473 6 1035 6296 42
T 132.473 7 1028 6241 42
T 132.496 5 1047 6226 42
T 132.497 6 1036 6296 42
T 132.497 7 1029 6241 42
T 132.520 5 1048 6226 42
T 132.520 6 1037 6296 42
T 132.520 7 1030 6241 42
IE 132.537 8
IR 132.538 8
IA 132.539 8
T 132.545 5 1049 6226 42
T 132.545 6 1038 6296 42
T 132.545 7 1031 6241 42
P 132.564 1
F 132.564 1 43
IQ 132.564 1
IS 132.565 1
T 132.570 5 1050 6226 42
T 132.570 6 1039 6296 42
T 132.570 7 1032 6241 42
T 132.594 5 1051 6226 42
T 132.594 6 1040 6296 42
T 132.594 7 1033 6241 42
T 132.617 6 1041 6296 42
T 132.617 7 1034 6241 42
T 132.690 6 1042 6296 42
T 132.690 7 1035 6241 42
T 132.690 8 1052 6291 43
T 132.713 6 1043 6296 42
T 132.713 7 1036 6241 42
T 132.713 8 1053 6291 43
T 132.736 6 1044 6296 42
T 132.736 7 1037 6241 42
T 132.736 8 1054 6291 43
IE 132.743 1
IR 132.744 1
IA 132.745 1
T 132.761 6 1045 6296 42
T 132.761 7 1038 6241 42
T 132.761 8 1055 6291 43
T 132.785 6 1046 6296 42
T 132.786 7 1039 6241 42
T 132.786 8 1056 6291 43
T 132.809 6 1047 6296 42
T 132.809 7 1040 6241 42
T 132.810 8 1057 6291 43
P 132.814 2
F 132.814 2 43
IQ 132.815 2
IS 132.815 2
T 132.833 6 1048 6296 42
T 132.833 7 1041 6241 42
T 132.833 8 1058 6291 43
T 132.894 6 1049 6296 42
T 132.894 7 1042 6241 42
T 132.894 8 1059 6291 43
T 132.894 1 1052 6294 43
T 132.918 6 1050 6296 42
T 132.918 7 1043 6241 42
T 132.918 8 1060 6291 43
T 132.918 1 1053 6294 43
T 132.942 6 1051 6296 42
T 132.942 7 1044 6241 42
T 132.942 8 1061 6291 43
T 132.942 1 1054 6294 43
T 132.965 7 1045 6241 42
T 132.965 8 1062 6291 43
T 132.965 1 1055 6294 43
T 132.988 7 1046 6241 42
T 132.989 8 1063 6291 43
T 132.989 1 1056 6294 43
T 133.012 7 1047 6241 42
T 133.012 8 1064 6291 43
T 133.012 1 1057 6294 43
T 133.036 7 1048 6241 42
T 133.036 8 1065 6291 43
T 133.036 1 1058 6294 43
IE 133.036 2
IR 133.048 2
IA 133.050 2
T 133.061 7 1049 6241 42
T 133.061 8 1066 6291 43
T 133.061 1 1059 6294 43
P 133.063 3
F 133.063 3 43
IQ 133.064 3
IS 133.064 3
T 133.086 7 1050 6241 42
T 133.086 8 1067 6291 43
T 133.086 1 1060 6294 43
T 133.110 7 1051 6241 42
T 133.110 8 1068 6291 43
T 133.110 1 1061 6294 43
T 133.133 8 1069 6291 43
T 133.133 1 1062 6294 43
T 133.204 8 1070 6291 43
T 133.204 1 1063 6294 43
T 133.204 2 1052 6337 43
T 133.228 8 1071 6291 43
T 133.228 1 1064 6294 43
T 133.228 2 1053 6337 43
T 133.251 8 1072 6291 43
T 133.251 1 1065 6294 43
T 133.251 2 1054 6337 43
IE 133.253 3
IR 133.254 3
IA 133.255 3
T 133.276 8 1073 6291 43
T 133.276 1 1066 6294 43
T 133.276 2 1055 6337 43
T 133.300 8 1074 6291 43
T 133.301 1 1067 6294 43
T 133.301 2 1056 6337 43
P 133.314 4
F 133.314 4 43
IQ 133.315 4
IS 133.315 4
T 133.324 8 1075 6291 43
T 133.324 1 1068 6294 43
T 133.324 2 1057 6337 43
T 133.348 8 1076 6291 43
T 133.348 1 1069 6294 43
T 133.348 2 1058 6337 43
T 133.410 1 1070 6294 43
T 133.410 2 1059 6337 43
T 133.410 3 1052 6314 43
T 133.434 1 1071 6294 43
T 133.434 2 1060 6337 43
T 133.434 3 1053 6314 43
T 133.457 1 1072 6294 43
T 133.457 2 1061 6337 43
T 133.457 3 1054 6314 43
T 133.480 1 1073 6294 43
T 133.480 2 1062 6337 43
T 133.480 3 1055 6314 43
T 133.503 1 1074 6294 43
T 133.503 2 1063 6337 43
T 133.503 3 1056 6314 43
T 133.527 1 1075 6294 43
T 133.527 2 1064 6337 43
T 133.527 3 1057 6314 43
T 133.552 1 1076 6294 43
T 133.552 2 1065 6337 43
T 133.552 3 1058 6314 43
P 133.564 5
F 133.564 5 43
IQ 133.565 5
IS 133.565 5
T 133.574 2 1066 6337 43
T 133.574 3 1059 6314 43
T 133.596 2 1067 6337 43
T 133.596 3 1060 6314 43
T 133.619 2 1068 6337 43
T 133.619 3 1061 6314 43
IE 133.622 4
IR 133.622 4
IA 133.624 4
T 133.643 2 1069 6337 43
T 133.643 3 1062 6314 43
T 133.668 2 1070 6337 43
T 133.668 3 1063 6314 43
T 133.691 2 1071 6337 43
T 133.691 3 1064 6314 43
T 133.713 2 1072 6337 43
T 133.713 3 1065 6314 43
IE 133.758 5
IR 133.758 5
IA 133.760 5
T 133.777 2 1073 6337 43
T 133.777 3 1066 6314 43
T 133.777 4 1052 6301 43
T 133.803 2 1074 6337 43
T 133.804 3 1067 6314 43
T 133.804 4 1053 6301 43
P 133.813 6
F 133.813 6 43
IQ 133.813 6
IS 133.814 6
T 133.827 2 1075 6337 43
T 133.828 3 1068 6314 43
T 133.828 4 1054 6301 43
T 133.851 2 1076 6337 43
T 133.851 3 1069 6314 43
T 133.851 4 1055 6301 43
T 133.913 3 1070 6314 43
T 133.913 4 1056 6301 43
T 133.913 5 1052 6279 43
T 133.936 3 1071 6314 43
T 133.936 4 1057 6301 43
T 133.936 5 1053 6279 43
T 133.960 3 1072 6314 43
T 133.960 4 1058 6301 43
T 133.960 5 1054 6279 43
T 133.983 3 1073 6314 43
T 133.983 4 1059 6301 43
T 133.983 5 1055 6279 43
T 134.007 3 1074 6314 43
T 134.007 4 1060 6301 43
T 134.007 5 1056 6279 43
T 134.030 3 1075 6314 43
T 134.030 4 1061 6301 43
T 134.030 5 1057 6279 43
T 134.054 3 1076 6314 43
T 134.054 4 1062 6301 43
T 134.054 5 1058 6279 43
P 134.063 7
F 134.064 7 43
IQ 134.064 7
IS 134.065 7
T 134.077 4 1063 6301 43
T 134.077 5 1059 6279 43
T 134.100 4 1064 6301 43
T 134.100 5 1060 6279 43
IE 134.103 6
IR 134.103 6
IA 134.105 6
T 134.124 4 1065 6301 43
T 134.124 5 1061 6279 43
T 134.148 4 1066 6301 43
T 134.149 5 1062 6279 43
T 134.171 4 1067 6301 43
T 134.171 5 1063 6279 43
T 134.194 4 1068 6301 43
T 134.194 5 1064 6279 43
IE 134.253 7
IR 134.253 7
IA 134.255 7
T 134.256 4 1069 6301 43
T 134.256 5 1065 6279 43
T 134.256 6 1052 6349 43
T 134.282 4 1070 6301 43
T 134.282 5 1066 6279 43
T 134.282 6 1053 6349 43
T 134.306 4 1071 6301 43
T 134.306 5 1067 6279 43
T 134.306 6 1054 6349 43
P 134.314 8
F 134.314 8 44
IQ 134.314 8
IS 134.315 8
T 134.331 4 1072 6301 43
T 134.331 5 1068 6279 43
T 134.331 6 1055 6349 43
T 134.354 4 1073 6301 43
T 134.354 5 1069 6279 43
T 134.354 6 1056 6349 43
T 134.416 4 1074 6301 43
T 134.416 5 1070 6279 43
T 134.416 6 1057 6349 43
T 134.416 7 1052 6294 43
T 134.439 4 1075 6301 43
T 134.439 5 1071 6279 43
T 134.439 6 1058 6349 43
T 134.439 7 1053 6294 43
T 134.463 4 1076 6301 43
T 134.463 5 1072 6279 43
T 134.463 6 1059 6349 43
T 134.463 7 1054 6294 43
T 134.487 5 1073 6279 43
T 134.487 6 1060 6349 43
T 134.487 7 1055 6294 43
T 134.510 5 1074 6279 43
T 134.510 6 1061 6349 43
T 134.510 7 1056 6294 43
T 134.533 5 1075 6279 43
T 134.533 6 1062 6349 43
T 134.533 7 1057 6294 43
T 134.557 5 1076 6279 43
T 134.557 6 1063 6349 43
T 134.558 7 1058 6294 43
P 134.566 1
F 134.567 1 44
IQ 134.567 1
IS 134.567 1
IE 134.570 8
IR 134.571 8
IA 134.573 8
T 134.581 6 1064 6349 43
T 134.581 7 1059 6294 43
T 134.604 6 1065 6349 43
T 134.605 7 1060 6294 43
T 134.629 6 1066 6349 43
T 134.629 7 1061 6294 43
T 134.651 6 1067 6349 43
T 134.651 7 1062 6294 43
T 134.674 6 1068 6349 43
T 134.674 7 1063 6294 43
T 134.746 6 1069 6349 43
T 134.746 7 1064 6294 43
T 134.746 8 1077 6344 44
T 134.769 6 1070 6349 43
T 134.769 7 1065 6294 43
T 134.769 8 1078 6344 44
T 134.793 6 1071 6349 43
T 134.793 7 1066 6294 43
T 134.793 8 1079 6344 44
IE 134.799 1
IR 134.810 1
IA 134.812 1
P 134.813 2
F 134.814 2 44
IQ 134.814 2
IS 134.815 2
T 134.817 6 1072 6349 43
T 134.818 7 1067 6294 43
T 134.818 8 1080 6344 44
T 134.843 6 1073 6349 43
T 134.843 7 1068 6294 43
T 134.843 8 1081 6344 44
T 134.866 6 1074 6349 43
T 134.867 7 1069 6294 43
T 134.867 8 1082 6344 44
T 134.890 6 1075 6349 43
T 134.890 7 1070 6294 43
T 134.890 8 1083 6344 44
T 134.963 6 1076 6349 43
T 134.964 7 1071 6294 43
T 134.964 8 1084 6344 44
T 134.964 1 1077 6347 44
T 134.987 7 1072 6294 43
T 134.987 8 1085 6344 44
T 134.987 1 1078 6347 44
T 135.010 7 1073 6294 43
T 135.010 8 1086 6344 44
T 135.010 1 1079 6347 44
T 135.034 7 1074 6294 43
T 135.034 8 1087 6344 44
T 135.034 1 1080 6347 44
T 135.057 7 1075 6294 43
T 135.057 8 1088 6344 44
T 135.058 1 1081 6347 44
IE 135.063 2
P 135.064 3
IR 135.064 2
IA 135.066 2
F 135.066 3 44
IQ 135.066 3
IS 135.067 3
T 135.083 7 1076 6294 43
T 135.083 8 1089 6344 44
T 135.083 1 1082 6347 44
T 135.109 8 1090 6344 44
T 135.109 1 1083 6347 44
T 135.131 8 1091 6344 44
T 135.131 1 1084 6347 44
T 135.154 8 1092 6344 44
T 135.154 1 1085 6347 44
T 135.176 8 1093 6344 44
T 135.176 1 1086 6347 44
T 135.238 8 1094 6344 44
T 135.238 1 1087 6347 44
T 135.238 2 1077 6390 44
T 135.261 8 1095 6344 44
T 135.261 1 1088 6347 44
T 135.261 2 1078 6390 44
IE 135.277 3
IR 135.278 3
IA 135.279 3
T 135.286 8 1096 6344 44
T 135.286 1 1089 6347 44
T 135.286 2 1079 6390 44
T 135.312 8 1097 6344 44
T 135.312 1 1090 6347 44
T 135.312 2 1080 6390 44
P 135.313 4
F 135.314 4 44
IQ 135.314 4
IS 135.315 4
T 135.336 8 1098 6344 44
T 135.336 1 1091 6347 44
T 135.336 2 1081 6390 44
T 135.359 8 1099 6344 44
T 135.359 1 1092 6347 44
T 135.359 2 1082 6390 44
T 135.421 8 1100 6344 44
T 135.421 1 1093 6347 44
T 135.421 2 1083 6390 44
T 135.421 3 1077 6367 44
T 135.446 8 1101 6344 44
T 135.446 1 1094 6347 44
T 135.446 2 1084 6390 44
T 135.446 3 1078 6367 44
T 135.469 1 1095 6347 44
T 135.469 2 1085 6390 44
T 135.469 3 1079 6367 44
T 135.493 1 1096 6347 44
T 135.493 2 1086 6390 44
T 135.493 3 1080 6367 44
T 135.516 1 1097 6347 44
T 135.516 2 1087 6390 44
T 135.516 3 1081 6367 44
T 135.539 1 1098 6347 44
T 135.540 2 1088 6390 44
T 135.540 3 1082 6367 44
T 135.563 1 1099 6347 44
T 135.563 2 1089 6390 44
T 135.563 3 1083 6367 44
P 135.564 5
F 135.565 5 44
IQ 135.565 5
IS 135.565 5
T 135.586 1 1100 6347 44
T 135.587 2 1090 6390 44
T 135.587 3 1084 6367 44
IE 135.607 4
IR 135.608 4
IA 135.609 4
T 135.611 1 1101 6347 44
T 135.611 2 1091 6390 44
T 135.611 3 1085 6367 44
T 135.635 2 1092 6390 44
T 135.635 3 1086 6367 44
T 135.660 2 1093 6390 44
T 135.660 3 1087 6367 44
T 135.682 2 1094 6390 44
T 135.683 3 1088 6367 44
T 135.705 2 1095 6390 44
T 135.705 3 1089 6367 44
T 135.727 2 1096 6390 44
T 135.727 3 1090 6367 44
T 135.790 2 1097 6390 44
T 135.790 3 1091 6367 44
T 135.790 4 1077 6354 44
IE 135.791 5
IR 135.791 5
IA 135.792 5
P 135.813 6
F 135.814 6 44
IQ 135.814 6
T 135.816 2 1098 6390 44
IS 135.816 6
T 135.816 3 1092 6367 44
T 135.816 4 1078 6354 44
T 135.840 2 1099 6390 44
T 135.840 3 1093 6367 44
T 135.840 4 1079 6354 44
T 135.864 2 1100 6390 44
T 135.864 3 1094 6367 44
T 135.864 4 1080 6354 44
T 135.889 2 1101 6390 44
T 135.889 3 1095 6367 44
T 135.889 4 1081 6354 44
T 135.961 3 1096 6367 44
T 135.961 4 1082 6354 44
T 135.961 5 1077 6332 44
T 135.984 3 1097 6367 44
T 135.985 4 1083 6354 44
T 135.985 5 1078 6332 44
T 136.008 3 1098 6367 44
T 136.008 4 1084 6354 44
T 136.008 5 1079 6332 44
T 136.031 3 1099 6367 44
T 136.031 4 1085 6354 44
T 136.031 5 1080 6332 44
T 136.054 3 1100 6367 44
T 136.054 4 1086 6354 44
T 136.054 5 1081 6332 44
P 136.066 7
F 136.067 7 44
IQ 136.067 7
IS 136.068 7
T 136.079 3 1101 6367 44
T 136.079 4 1087 6354 44
T 136.079 5 1082 6332 44
T 136.101 4 1088 6354 44
T 136.101 5 1083 6332 44
IE 136.113 6
IR 136.114 6
IA 136.115 6
T 136.125 4 1089 6354 44
T 136.125 5 1084 6332 44
T 136.150 4 1090 6354 44
T 136.150 5 1085 6332 44
T 136.173 4 1091 6354 44
T 136.173 5 1086 6332 44
T 136.195 4 1092 6354 44
T 136.195 5 1087 6332 44
T 136.218 4 1093 6354 44
T 136.218 5 1088 6332 44
T 136.280 4 1094 6354 44
T 136.280 5 1089 6332 44
T 136.280 6 1077 6402 44
T 136.303 4 1095 6354 44
T 136.304 5 1090 6332 44
T 136.304 6 1078 6402 44
P 136.314 8
F 136.314 8 45
IQ 136.315 8
IS 136.315 8
T 136.327 4 1096 6354 44
T 136.327 5 1091 6332 44
T 136.327 6 1079 6402 44
IE 136.330 7
IR 136.330 7
IA 136.332 7
T 136.352 4 1097 6354 44
T 136.352 5 1092 6332 44
T 136.352 6 1080 6402 44
T 136.377 4 1098 6354 44
T 136.377 5 1093 6332 44
T 136.377 6 1081 6402 44
T 136.401 4 1099 6354 44
T 136.401 5 1094 6332 44
T 136.401 6 1082 6402 44
T 136.425 4 1100 6354 44
T 136.425 5 1095 6332 44
T 136.425 6 1083 6402 44
T 136.498 4 1101 6354 44
T 136.498 5 1096 6332 44
T 136.499 6 1084 6402 44
T 136.499 7 1077 6347 44
T 136.522 5 1097 6332 44
T 136.522 6 1085 6402 44
T 136.522 7 1078 6347 44
T 136.545 5 1098 6332 44
T 136.545 6 1086 6402 44
T 136.545 7 1079 6347 44
P 136.564 1
F 136.565 1 45
IQ 136.565 1
IS 136.566 1
T 136.568 5 1099 6332 44
T 136.568 6 1087 6402 44
T 136.568 7 1080 6347 44
T 136.591 5 1100 6332 44
T 136.591 6 1088 6402 44
T 136.591 7 1081 6347 44
T 136.616 5 1101 6332 44
T 136.616 6 1089 6402 44
T 136.616 7 1082 6347 44
IE 136.618 8
IR 136.631 8
IA 136.632 8
T 136.639 6 1090 6402 44
T 136.640 7 1083 6347 44
T 136.665 6 1091 6402 44
T 136.665 7 1084 6347 44
T 136.688 6 1092 6402 44
T 136.688 7 1085 6347 44
T 136.710 6 1093 6402 44
T 136.710 7 1086 6347 44
T 136.732 6 1094 6402 44
T 136.732 7 1087 6347 44
T 136.794 6 1095 6402 44
T 136.795 7 1088 6347 44
T 136.795 8 1102 6397 45
P 136.813 2
F 136.814 2 45
IQ 136.814 2
IS 136.815 2
T 136.818 6 1096 6402 44
T 136.818 7 1089 6347 44
T 136.818 8 1103 6397 45
T 136.841 6 1097 6402 44
T 136.841 7 1090 6347 44
T 136.841 8 1104 6397 45
T 136.864 6 1098 6402 44
T 136.865 7 1091 6347 44
T 136.865 8 1105 6397 45
IE 136.878 1
IR 136.878 1
IA 136.880 1
T 136.890 6 1099 6402 44
T 136.890 7 1092 6347 44
T 136.890 8 1106 6397 45
T 136.915 6 1100 6402 44
T 136.915 7 1093 6347 44
T 136.915 8 1107 6397 45
T 136.940 6 1101 6402 44
T 136.940 7 1094 6347 44
T 136.940 8 1108 6397 45
T 136.962 7 1095 6347 44
T 136.962 8 1109 6397 45
T 137.035 7 1096 6347 44
T 137.035 8 1110 6397 45
T 137.035 1 1102 6400 45
T 137.058 7 1097 6347 44
T 137.058 8 1111 6397 45
T 137.058 1 1103 6400 45
P 137.064 3
F 137.064 3 45
IQ 137.065 3
IS 137.065 3
T 137.081 7 1098 6347 44
T 137.082 8 1112 6397 45
T 137.082 1 1104 6400 45
T 137.105 7 1099 6347 44
T 137.105 8 1113 6397 45
T 137.105 1 1105 6400 45
IE 137.116 2
IR 137.116 2
IA 137.118 2
T 137.130 7 1100 6347 44
T 137.130 8 1114 6397 45
T 137.130 1 1106 6400 45
T 137.156 7 1101 6347 44
T 137.156 8 1115 6397 45
T 137.157 1 1107 6400 45
T 137.179 8 1116 6397 45
T 137.179 1 1108 6400 45
T 137.201 8 1117 6397 45
T 137.202 1 1109 6400 45
T 137.264 8 1118 6397 45
T 137.264 1 1110 6400 45
T 137.264 2 1102 6443 45
T 137.288 8 1119 6397 45
T 137.288 1 1111 6400 45
T 137.288 2 1103 6443 45
T 137.311 8 1120 6397 45
T 137.311 1 1112 6400 45
T 137.311 2 1104 6443 45
P 137.313 4
F 137.314 4 45
IQ 137.314 4
IS 137.314 4
T 137.334 8 1121 6397 45
T 137.334 1 1113 6400 45
T 137.334 2 1105 6443 45
IE 137.345 3
IR 137.346 3
IA 137.347 3
T 137.359 8 1122 6397 45
T 137.359 1 1114 6400 45
T 137.359 2 1106 6443 45
T 137.385 8 1123 6397 45
T 137.385 1 1115 6400 45
T 137.385 2 1107 6443 45
T 137.408 8 1124 6397 45
T 137.408 1 1116 6400 45
T 137.408 2 1108 6443 45
T 137.433 8 1125 6397 45
T 137.433 1 1117 6400 45
T 137.433 2 1109 6443 45
T 137.505 8 1126 6397 45
T 137.505 1 1118 6400 45
T 137.506 2 1110 6443 45
T 137.506 3 1102 6420 45
T 137.528 1 1119 6400 45
T 137.529 2 1111 6443 45
T 137.529 3 1103 6420 45
T 137.552 1 1120 6400 45
T 137.552 2 1112 6443 45
T 137.552 3 1104 6420 45
IE 137.561 4
IR 137.561 4
IA 137.564 4
P 137.564 5
F 137.564 5 45
IQ 137.565 5
IS 137.565 5
T 137.576 1 1121 6400 45
T 137.577 2 1113 6443 45
T 137.577 3 1105 6420 45
T 137.602 1 1122 6400 45
T 137.602 2 1114 6443 45
T 137.602 3 1106 6420 45
T 137.626 1 1123 6400 45
T 137.626 2 1115 6443 45
T 137.626 3 1107 6420 45
T 137.649 1 1124 6400 45
T 137.649 2 1116 6443 45
T 137.649 3 1108 6420 45
T 137.711 1 1125 6400 45
T 137.711 2 1117 6443 45
T 137.711 3 1109 6420 45
T 137.711 4 1102 6407 45
T 137.735 1 1126 6400 45
T 137.735 2 1118 6443 45
T 137.735 3 1110 6420 45
T 137.735 4 1103 6407 45
T 137.759 2 1119 6443 45
T 137.759 3 1111 6420 45
T 137.759 4 1104 6407 45
T 137.782 2 1120 6443 45
T 137.782 3 1112 6420 45
T 137.782 4 1105 6407 45
T 137.806 2 1121 6443 45
T 137.806 3 1113 6420 45
T 137.806 4 1106 6407 45
P 137.813 6
F 137.814 6 45
IQ 137.814 6
IS 137.814 6
IE 137.818 5
IR 137.819 5
IA 137.820 5
T 137.831 2 1122 6443 45
T 137.831 3 1114 6420 45
T 137.831 4 1107 6407 45
T 137.856 2 1123 6443 45
T 137.856 3 1115 6420 45
T 137.856 4 1108 6407 45
T 137.880 2 1124 6443 45
T 137.880 3 1116 6420 45
T 137.880 4 1109 6407 45
T 137.904 2 1125 6443 45
T 137.904 3 1117 6420 45
T 137.904 4 1110 6407 45
T 137.977 2 1126 6443 45
T 137.978 3 1118 6420 45
T 137.978 4 1111 6407 45
T 137.978 5 1102 6385 45
T 138.001 3 1119 6420 45
T 138.001 4 1112 6407 45
T 138.001 5 1103 6385 45
T 138.024 3 1120 6420 45
T 138.024 4 1113 6407 45
T 138.024 5 1104 6385 45
T 138.047 3 1121 6420 45
T 138.047 4 1114 6407 45
T 138.047 5 1105 6385 45
P 138.064 7
F 138.064 7 45
IQ 138.065 7
IS 138.065 7
T 138.071 3 1122 6420 45
T 138.071 4 1115 6407 45
T 138.071 5 1106 6385 45
IE 138.091 6
IR 138.091 6
IA 138.093 6
T 138.094 3 1123 6420 45
T 138.094 4 1116 6407 45
T 138.094 5 1107 6385 45
T 138.120 3 1124 6420 45
T 138.120 4 1117 6407 45
T 138.120 5 1108 6385 45
T 138.145 3 1125 6420 45
T 138.145 4 1118 6407 45
T 138.145 5 1109 6385 45
T 138.170 3 1126 6420 45
T 138.170 4 1119 6407 45
T 138.170 5 1110 6385 45
T 138.193 4 1120 6407 45
T 138.193 5 1111 6385 45
T 138.255 4 1121 6407 45
T 138.255 5 1112 6385 45
T 138.255 6 1102 6455 45
T 138.278 4 1122 6407 45
T 138.278 5 1113 6385 45
T 138.278 6 1103 6455 45
T 138.302 4 1123 6407 45
T 138.302 5 1114 6385 45
T 138.302 6 1104 6455 45
IE 138.307 7
IR 138.307 7
IA 138.309 7
P 138.313 8
F 138.313 8 46
IQ 138.314 8
IS 138.314 8
T 138.326 4 1124 6407 45
T 138.326 5 1115 6385 45
T 138.326 6 1105 6455 45
T 138.352 4 1125 6407 45
T 138.352 5 1116 6385 45
T 138.352 6 1106 6455 45
T 138.377 4 1126 6407 45
T 138.377 5 1117 6385 45
T 138.377 6 1107 6455 45
T 138.399 5 1118 6385 45
T 138.399 6 1108 6455 45
T 138.473 5 1119 6385 45
T 138.473 6 1109 6455 45
T 138.473 7 1102 6400 45
T 138.496 5 1120 6385 45
T 138.496 6 1110 6455 45
T 138.496 7 1103 6400 45
T 138.520 5 1121 6385 45
T 138.520 6 1111 6455 45
T 138.520 7 1104 6400 45
T 138.543 5 1122 6385 45
T 138.543 6 1112 6455 45
T 138.543 7 1105 6400 45
P 138.563 1
F 138.564 1 46
IQ 138.564 1
IS 138.565 1
T 138.567 5 1123 6385 45
T 138.567 6 1113 6455 45
T 138.567 7 1106 6400 45
T 138.590 5 1124 6385 45
T 138.590 6 1114 6455 45
T 138.590 7 1107 6400 45
IE 138.603 8
IR 138.603 8
IA 138.605 8
T 138.615 5 1125 6385 45
T 138.616 6 1115 6455 45
T 138.616 7 1108 6400 45
T 138.640 5 1126 6385 45
T 138.640 6 1116 6455 45
T 138.640 7 1109 6400 45
T 138.663 6 1117 6455 45
T 138.663 7 1110 6400 45
T 138.686 6 1118 6455 45
T 138.686 7 1111 6400 45
T 138.708 6 1119 6455 45
T 138.708 7 1112 6400 45
T 138.770 6 1120 6455 45
T 138.770 7 1113 6400 45
T 138.770 8 1127 6450 46
T 138.794 6 1121 6455 45
T 138.794 7 1114 6400 45
T 138.794 8 1128 6450 46
P 138.815 2
F 138.816 2 46
IQ 138.817 2
IS 138.818 2
T 138.818 6 1122 6455 45
T 138.819 7 1115 6400 45
T 138.819 8 1129 6450 46
IE 138.820 1
IR 138.820 1
IA 138.821 1
T 138.842 6 1123 6455 45
T 138.842 7 1116 6400 45
T 138.842 8 1130 6450 46
T 138.868 6 1124 6455 45
T 138.868 7 1117 6400 45
T 138.868 8 1131 6450 46
T 138.892 6 1125 6455 45
T 138.892 7 1118 6400 45
T 138.892 8 1132 6450 46
T 138.916 6 1126 6455 45
T 138.916 7 1119 6400 45
T 138.916 8 1133 6450 46
T 138.978 7 1120 6400 45
T 138.978 8 1134 6450 46
T 138.978 1 1127 6453 46
T 139.002 7 1121 6400 45
T 139.002 8 1135 6450 46
T 139.002 1 1128 6453 46
T 139.025 7 1122 6400 45
T 139.025 8 1136 6450 46
T 139.025 1 1129 6453 46
T 139.049 7 1123 6400 45
T 139.049 8 1137 6450 46
T 139.049 1 1130 6453 46
P 139.065 3
F 139.065 3 46
IQ 139.066 3
IS 139.066 3
T 139.072 7 1124 6400 45
T 139.072 8 1138 6450 46
T 139.072 1 1131 6453 46
T 139.096 7 1125 6400 45
T 139.096 8 1139 6450 46
T 139.096 1 1132 6453 46
IE 139.107 2
IR 139.108 2
IA 139.109 2
T 139.121 7 1126 6400 45
T 139.121 8 1140 6450 46
T 139.121 1 1133 6453 46
T 139.144 8 1141 6450 46
T 139.144 1 1134 6453 46
T 139.169 8 1142 6450 46
T 139.170 1 1135 6453 46
T 139.192 8 1143 6450 46
T 139.192 1 1136 6453 46
T 139.214 8 1144 6450 46
T 139.214 1 1137 6453 46
T 139.277 8 1145 6450 46
T 139.278 1 1138 6453 46
T 139.278 2 1127 6496 46
T 139.301 8 1146 6450 46
T 139.301 1 1139 6453 46
T 139.301 2 1128 6496 46
P 139.316 4
F 139.317 4 46
IQ 139.317 4
IS 139.317 4
IE 139.321 3
IR 139.322 3
IA 139.323 3
T 139.325 8 1147 6450 46
T 139.325 1 1140 6453 46
T 139.325 2 1129 6496 46
T 139.349 8 1148 6450 46
T 139.349 1 1141 6453 46
T 139.350 2 1130 6496 46
T 139.373 8 1149 6450 46
T 139.373 1 1142 6453 46
T 139.373 2 1131 6496 46
T 139.399 8 1150 6450 46
T 139.399 1 1143 6453 46
T 139.399 2 1132 6496 46
T 139.423 8 1151 6450 46
T 139.423 1 1144 6453 46
T 139.423 2 1133 6496 46
T 139.446 1 1145 6453 46
T 139.446 2 1134 6496 46
T 139.518 1 1146 6453 46
T 139.518 2 1135 6496 46
T 139.518 3 1127 6473 46
T 139.541 1 1147 6453 46
T 139.542 2 1136 6496 46
T 139.542 3 1128 6473 46
T 139.565 1 1148 6453 46
T 139.565 2 1137 6496 46
T 139.566 3 1129 6473 46
P 139.566 5
F 139.566 5 46
IQ 139.566 5
IS 139.567 5
IE 139.583 4
IR 139.584 4
IA 139.585 4
T 139.588 1 1149 6453 46
T 139.589 2 1138 6496 46
T 139.589 3 1130 6473 46
T 139.614 1 1150 6453 46
T 139.614 2 1139 6496 46
T 139.614 3 1131 6473 46
T 139.639 1 1151 6453 46
T 139.640 2 1140 6496 46
T 139.640 3 1132 6473 46
T 139.663 2 1141 6496 46
T 139.663 3 1133 6473 46
T 139.685 2 1142 6496 46
T 139.686 3 1134 6473 46
T 139.708 2 1143 6496 46
T 139.708 3 1135 6473 46
T 139.780 2 1144 6496 46
T 139.781 3 1136 6473 46
T 139.781 4 1127 6460 46
T 139.804 2 1145 6496 46
T 139.804 3 1137 6473 46
T 139.804 4 1128 6460 46
P 139.814 6
F 139.815 6 46
IQ 139.815 6
IS 139.815 6
T 139.827 2 1146 6496 46
T 139.827 3 1138 6473 46
T 139.827 4 1129 6460 46
T 139.850 2 1147 6496 46
T 139.850 3 1139 6473 46
T 139.850 4 1130 6460 46
T 139.873 2 1148 6496 46
T 139.873 3 1140 6473 46
T 139.873 4 1131 6460 46
IE 139.884 5
IR 139.884 5
IA 139.886 5
T 139.898 2 1149 6496 46
T 139.898 3 1141 6473 46
T 139.898 4 1132 6460 46
T 139.924 2 1150 6496 46
T 139.924 3 1142 6473 46
T 139.924 4 1133 6460 46
T 139.948 2 1151 6496 46
T 139.948 3 1143 6473 46
T 139.948 4 1134 6460 46
T 139.971 3 1144 6473 46
T 139.971 4 1135 6460 46
T 140.032 3 1145 6473 46
T 140.032 4 1136 6460 46
T 140.032 5 1127 6438 46
T 140.055 3 1146 6473 46
T 140.055 4 1137 6460 46
T 140.055 5 1128 6438 46
P 140.065 7
F 140.066 7 46
IQ 140.066 7
IS 140.067 7
IE 140.079 6
T 140.079 3 1147 6473 46
T 140.079 4 1138 6460 46
T 140.079 5 1129 6438 46
IR 140.080 6
IA 140.081 6
T 140.103 3 1148 6473 46
T 140.103 4 1139 6460 46
T 140.103 5 1130 6438 46
T 140.129 3 1149 6473 46
T 140.129 4 1140 6460 46
T 140.129 5 1131 6438 46
T 140.154 3 1150 6473 46
T 140.154 4 1141 6460 46
T 140.154 5 1132 6438 46
T 140.178 3 1151 6473 46
T 140.178 4 1142 6460 46
T 140.178 5 1133 6438 46
T 140.251 4 1143 6460 46
T 140.251 5 1134 6438 46
T 140.251 6 1127 6508 46
T 140.274 4 1144 6460 46
T 140.275 5 1135 6438 46
T 140.275 6 1128 6508 46
T 140.298 4 1145 6460 46
T 140.298 5 1136 6438 46
T 140.298 6 1129 6508 46
P 140.313 8
F 140.314 8 47
IQ 140.314 8
IS 140.315 8
T 140.321 4 1146 6460 46
T 140.321 5 1137 6438 46
T 140.321 6 1130 6508 46
T 140.345 4 1147 6460 46
T 140.345 5 1138 6438 46
T 140.345 6 1131 6508 46
IE 140.361 7
IR 140.362 7
IA 140.363 7
T 140.370 4 1148 6460 46
T 140.370 5 1139 6438 46
T 140.370 6 1132 6508 46
T 140.395 4 1149 6460 46
T 140.396 5 1140 6438 46
T 140.396 6 1133 6508 46
T 140.419 4 1150 6460 46
T 140.419 5 1141 6438 46
T 140.419 6 1134 6508 46
T 140.443 4 1151 6460 46
T 140.443 5 1142 6438 46
T 140.443 6 1135 6508 46
T 140.506 5 1143 6438 46
T 140.506 6 1136 6508 46
T 140.506 7 1127 6453 46
T 140.530 5 1144 6438 46
T 140.530 6 1137 6508 46
T 140.530 7 1128 6453 46
T 140.554 5 1145 6438 46
T 140.554 6 1138 6508 46
T 140.554 7 1129 6453 46
P 140.563 1
F 140.564 1 47
IQ 140.564 1
IS 140.564 1
T 140.577 5 1146 6438 46
T 140.577 6 1139 6508 46
T 140.577 7 1130 6453 46
IE 140.599 8
IR 140.599 8
IA 140.600 8
T 140.602 5 1147 6438 46
T 140.602 6 1140 6508 46
T 140.602 7 1131 6453 46
T 140.625 5 1148 6438 46
T 140.626 6 1141 6508 46
T 140.626 7 1132 6453 46
T 140.652 5 1149 6438 46
T 140.652 6 1142 6508 46
T 140.652 7 1133 6453 46
T 140.676 5 1150 6438 46
T 140.676 6 1143 6508 46
T 140.676 7 1134 6453 46
T 140.700 5 1151 6438 46
T 140.700 6 1144 6508 46
T 140.700 7 1135 6453 46
T 140.723 6 1145 6508 46
T 140.723 7 1136 6453 46
T 140.785 6 1146 6508 46
T 140.785 7 1137 6453 46
T 140.785 8 1152 6503 47
T 140.808 6 1147 6508 46
T 140.809 7 1138 6453 46
T 140.809 8 1153 6503 47
P 140.814 2
F 140.814 2 47
IQ 140.815 2
IS 140.815 2
IE 140.822 1
IR 140.822 1
IA 140.824 1
T 140.833 6 1148 6508 46
T 140.833 7 1139 6453 46
T 140.833 8 1154 6503 47
T 140.859 6 1149 6508 46
T 140.859 7 1140 6453 46
T 140.859 8 1155 6503 47
T 140.883 6 1150 6508 46
T 140.883 7 1141 6453 46
T 140.883 8 1156 6503 47
T 140.907 6 1151 6508 46
T 140.907 7 1142 6453 46
T 140.907 8 1157 6503 47
T 140.929 7 1143 6453 46
T 140.929 8 1158 6503 47
T 140.992 7 1144 6453 46
T 140.992 8 1159 6503 47
T 140.992 1 1152 6506 47
T 141.015 7 1145 6453 46
T 141.015 8 1160 6503 47
T 141.015 1 1153 6506 47
T 141.038 7 1146 6453 46
T 141.038 8 1161 6503 47
T 141.038 1 1154 6506 47
T 141.062 7 1147 6453 46
T 141.062 8 1162 6503 47
T 141.062 1 1155 6506 47
IE 141.064 2
P 141.065 3
IR 141.065 2
IA 141.067 2
F 141.067 3 47
IQ 141.067 3
IS 141.067 3
T 141.086 7 1148 6453 46
T 141.087 8 1163 6503 47
T 141.087 1 1156 6506 47
T 141.113 7 1149 6453 46
T 141.113 8 1164 6503 47
T 141.113 1 1157 6506 47
T 141.137 7 1150 6453 46
T 141.137 8 1165 6503 47
T 141.137 1 1158 6506 47
T 141.162 7 1151 6453 46
T 141.162 8 1166 6503 47
T 141.162 1 1159 6506 47
T 141.235 8 1167 6503 47
T 141.235 1 1160 6506 47
T 141.235 2 1152 6549 47
T 141.259 8 1168 6503 47
T 141.259 1 1161 6506 47
T 141.259 2 1153 6549 47
T 141.282 8 1169 6503 47
T 141.282 1 1162 6506 47
T 141.282 2 1154 6549 47
IE 141.303 3
IR 141.304 3
IA 141.305 3
T 141.307 8 1170 6503 47
T 141.307 1 1163 6506 47
T 141.307 2 1155 6549 47
P 141.314 4
F 141.314 4 47
IQ 141.315 4
IS 141.315 4
T 141.330 8 1171 6503 47
T 141.331 1 1164 6506 47
T 141.331 2 1156 6549 47
T 141.357 8 1172 6503 47
T 141.357 1 1165 6506 47
T 141.357 2 1157 6549 47
T 141.381 8 1173 6503 47
T 141.381 1 1166 6506 47
T 141.381 2 1158 6549 47
T 141.404 8 1174 6503 47
T 141.404 1 1167 6506 47
T 141.404 2 1159 6549 47
T 141.429 8 1175 6503 47
T 141.429 1 1168 6506 47
T 141.429 2 1160 6549 47
T 141.503 8 1176 6503 47
T 141.503 1 1169 6506 47
T 141.503 2 1161 6549 47
T 141.503 3 1152 6526 47
T 141.526 1 1170 6506 47
T 141.526 2 1162 6549 47
T 141.526 3 1153 6526 47
T 141.549 1 1171 6506 47
T 141.549 2 1163 6549 47
T 141.549 3 1154 6526 47
P 141.564 5
F 141.564 5 47
IQ 141.565 5
IS 141.565 5
IE 141.568 4
IR 141.569 4
IA 141.571 4
T 141.573 1 1172 6506 47
T 141.573 2 1164 6549 47
T 141.573 3 1155 6526 47
T 141.598 1 1173 6506 47
T 141.598 2 1165 6549 47
T 141.598 3 1156 6526 47
T 141.624 1 1174 6506 47
T 141.624 2 1166 6549 47
T 141.624 3 1157 6526 47
T 141.648 1 1175 6506 47
T 141.648 2 1167 6549 47
T 141.648 3 1158 6526 47
T 141.673 1 1176 6506 47
T 141.673 2 1168 6549 47
T 141.673 3 1159 6526 47
T 141.746 2 1169 6549 47
T 141.746 3 1160 6526 47
T 141.746 4 1152 6513 47
T 141.769 2 1170 6549 47
T 141.769 3 1161 6526 47
T 141.769 4 1153 6513 47
IE 141.782 5
IR 141.783 5
IA 141.784 5
T 141.794 2 1171 6549 47
T 141.794 3 1162 6526 47
T 141.794 4 1154 6513 47
P 141.814 6
F 141.814 6 47
IQ 141.815 6
IS 141.815 6
T 141.817 2 1172 6549 47
T 141.817 3 1163 6526 47
T 141.817 4 1155 6513 47
T 141.843 2 1173 6549 47
T 141.843 3 1164 6526 47
T 141.843 4 1156 6513 47
T 141.866 2 1174 6549 47
T 141.866 3 1165 6526 47
T 141.866 4 1157 6513 47
T 141.890 2 1175 6549 47
T 141.890 3 1166 6526 47
T 141.890 4 1158 6513 47
T 141.953 2 1176 6549 47
T 141.953 3 1167 6526 47
T 141.953 4 1159 6513 47
T 141.953 5 1152 6491 47
T 141.976 3 1168 6526 47
T 141.976 4 1160 6513 47
T 141.976 5 1153 6491 47
T 142.000 3 1169 6526 47
T 142.000 4 1161 6513 47
T 142.000 5 1154 6491 47
T 142.023 3 1170 6526 47
T 142.023 4 1162 6513 47
T 142.024 5 1155 6491 47
T 142.047 3 1171 6526 47
T 142.047 4 1163 6513 47
T 142.047 5 1156 6491 47
P 142.064 7
F 142.065 7 47
IQ 142.065 7
IS 142.065 7
T 142.071 3 1172 6526 47
T 142.071 4 1164 6513 47
T 142.071 5 1157 6491 47
T 142.094 3 1173 6526 47
T 142.094 4 1165 6513 47
T 142.094 5 1158 6491 47
IE 142.096 6
IR 142.096 6
IA 142.098 6
T 142.119 3 1174 6526 47
T 142.119 4 1166 6513 47
T 142.119 5 1159 6491 47
T 142.146 3 1175 6526 47
T 142.146 4 1167 6513 47
T 142.146 5 1160 6491 47
T 142.170 3 1176 6526 47
T 142.171 4 1168 6513 47
T 142.171 5 1161 6491 47
T 142.193 4 1169 6513 47
T 142.193 5 1162 6491 47
T 142.266 4 1170 6513 47
T 142.266 5 1163 6491 47
T 142.267 6 1152 6561 47
T 142.289 4 1171 6513 47
T 142.290 5 1164 6491 47
T 142.290 6 1153 6561 47
IE 142.307 7
IR 142.308 7
IA 142.309 7
P 142.313 8
F 142.315 8 48
IQ 142.315 8
IS 142.315 8
T 142.316 4 1172 6513 47
T 142.316 5 1165 6491 47
T 142.317 6 1154 6561 47
T 142.341 4 1173 6513 47
T 142.341 5 1166 6491 47
T 142.341 6 1155 6561 47
T 142.364 4 1174 6513 47
T 142.365 5 1167 6491 47
T 142.365 6 1156 6561 47
T 142.388 4 1175 6513 47
T 142.388 5 1168 6491 47
T 142.388 6 1157 6561 47
T 142.412 4 1176 6513 47
T 142.412 5 1169 6491 47
T 142.412 6 1158 6561 47
T 142.474 5 1170 6491 47
T 142.474 6 1159 6561 47
T 142.474 7 1152 6506 47
T 142.498 5 1171 6491 47
T 142.498 6 1160 6561 47
T 142.498 7 1153 6506 47
T 142.521 5 1172 6491 47
T 142.521 6 1161 6561 47
T 142.521 7 1154 6506 47
T 142.544 5 1173 6491 47
T 142.544 6 1162 6561 47
T 142.544 7 1155 6506 47
IE 142.565 8
P 142.566 1
IR 142.566 8
IA 142.568 8
F 142.568 1 48
IQ 142.568 1
IS 142.569 1
T 142.570 5 1174 6491 47
T 142.571 6 1163 6561 47
T 142.571 7 1156 6506 47
T 142.593 5 1175 6491 47
T 142.593 6 1164 6561 47
T 142.593 7 1157 6506 47
T 142.617 5 1176 6491 47
T 142.617 6 1165 6561 47
T 142.617 7 1158 6506 47
T 142.641 6 1166 6561 47
T 142.641 7 1159 6506 47
T 142.664 6 1167 6561 47
T 142.664 7 1160 6506 47
T 142.687 6 1168 6561 47
T 142.687 7 1161 6506 47
T 142.760 6 1169 6561 47
T 142.760 7 1162 6506 47
T 142.760 8 1177 6556 48
T 142.783 6 1170 6561 47
T 142.783 7 1163 6506 47
T 142.783 8 1178 6556 48
T 142.806 6 1171 6561 47
T 142.806 7 1164 6506 47
T 142.806 8 1179 6556 48
P 142.815 2
F 142.815 2 48
IQ 142.816 2
IS 142.816 2
IE 142.824 1
IR 142.824 1
IA 142.826 1
T 142.831 6 1172 6561 47
T 142.831 7 1165 6506 47
T 142.831 8 1180 6556 48
T 142.855 6 1173 6561 47
T 142.855 7 1166 6506 47
T 142.855 8 1181 6556 48
T 142.881 6 1174 6561 47
T 142.881 7 1167 6506 47
T 142.881 8 1182 6556 48
T 142.904 6 1175 6561 47
T 142.904 7 1168 6506 47
T 142.904 8 1183 6556 48
T 142.929 6 1176 6561 47
T 142.929 7 1169 6506 47
T 142.929 8 1184 6556 48
T 142.991 7 1170 6506 47
T 142.992 8 1185 6556 48
T 142.992 1 1177 6559 48
T 143.015 7 1171 6506 47
T 143.015 8 1186 6556 48
T 143.015 1 1178 6559 48
T 143.038 7 1172 6506 47
T 143.038 8 1187 6556 48
T 143.038 1 1179 6559 48
T 143.062 7 1173 6506 47
T 143.062 8 1188 6556 48
T 143.062 1 1180 6559 48
P 143.064 3
F 143.064 3 48
IQ 143.064 3
IS 143.065 3
IE 143.079 2
IR 143.080 2
IA 143.081 2
T 143.087 7 1174 6506 47
T 143.087 8 1189 6556 48
T 143.087 1 1181 6559 48
T 143.110 7 1175 6506 47
T 143.110 8 1190 6556 48
T 143.110 1 1182 6559 48
T 143.138 7 1176 6506 47
T 143.138 8 1191 6556 48
T 143.138 1 1183 6559 48
T 143.160 8 1192 6556 48
T 143.160 1 1184 6559 48
T 143.182 8 1193 6556 48
T 143.183 1 1185 6559 48
T 143.256 8 1194 6556 48
T 143.257 1 1186 6559 48
T 143.257 2 1177 6602 48
T 143.279 8 1195 6556 48
T 143.279 1 1187 6559 48
T 143.279 2 1178 6602 48
T 143.302 8 1196 6556 48
T 143.303 1 1188 6559 48
T 143.303 2 1179 6602 48
P 143.314 4
F 143.315 4 48
IQ 143.315 4
IS 143.315 4
T 143.326 8 1197 6556 48
T 143.326 1 1189 6559 48
T 143.326 2 1180 6602 48
IE 143.336 3
IR 143.337 3
IA 143.338 3
T 143.351 8 1198 6556 48
T 143.351 1 1190 6559 48
T 143.351 2 1181 6602 48
T 143.374 8 1199 6556 48
T 143.374 1 1191 6559 48
T 143.374 2 1182 6602 48
T 143.401 8 1200 6556 48
T 143.401 1 1192 6559 48
T 143.401 2 1183 6602 48
T 143.425 8 1201 6556 48
T 143.425 1 1193 6559 48
T 143.425 2 1184 6602 48
T 143.447 1 1194 6559 48
T 143.447 2 1185 6602 48
T 143.510 1 1195 6559 48
T 143.510 2 1186 6602 48
T 143.510 3 1177 6579 48
T 143.533 1 1196 6559 48
T 143.533 2 1187 6602 48
T 143.533 3 1178 6579 48
T 143.556 1 1197 6559 48
T 143.556 2 1188 6602 48
T 143.557 3 1179 6579 48
P 143.564 5
F 143.565 5 48
IQ 143.565 5
IS 143.566 5
IE 143.574 4
IR 143.575 4
IA 143.576 4
T 143.581 1 1198 6559 48
T 143.581 2 1189 6602 48
T 143.582 3 1180 6579 48
T 143.605 1 1199 6559 48
T 143.605 2 1190 6602 48
T 143.605 3 1181 6579 48
T 143.631 1 1200 6559 48
T 143.631 2 1191 6602 48
T 143.631 3 1182 6579 48
T 143.655 1 1201 6559 48
T 143.655 2 1192 6602 48
T 143.655 3 1183 6579 48
T 143.678 2 1193 6602 48
T 143.678 3 1184 6579 48
T 143.739 2 1194 6602 48
T 143.739 3 1185 6579 48
T 143.739 4 1177 6566 48
T 143.762 2 1195 6602 48
T 143.762 3 1186 6579 48
T 143.763 4 1178 6566 48
T 143.786 2 1196 6602 48
T 143.786 3 1187 6579 48
T 143.786 4 1179 6566 48
T 143.809 2 1197 6602 48
T 143.809 3 1188 6579 48
T 143.810 4 1180 6566 48
P 143.814 6
F 143.814 6 48
IQ 143.815 6
IS 143.815 6
IE 143.824 5
IR 143.824 5
IA 143.826 5
T 143.834 2 1198 6602 48
T 143.834 3 1189 6579 48
T 143.834 4 1181 6566 48
T 143.861 2 1199 6602 48
T 143.861 3 1190 6579 48
T 143.861 4 1182 6566 48
T 143.884 2 1200 6602 48
T 143.885 3 1191 6579 48
T 143.885 4 1183 6566 48
T 143.908 2 1201 6602 48
T 143.909 3 1192 6579 48
T 143.909 4 1184 6566 48
T 143.931 3 1193 6579 48
T 143.931 4 1185 6566 48
T 143.993 3 1194 6579 48
T 143.993 4 1186 6566 48
T 143.994 5 1177 6544 48
T 144.017 3 1195 6579 48
T 144.017 4 1187 6566 48
T 144.017 5 1178 6544 48
T 144.040 3 1196 6579 48
T 144.040 4 1188 6566 48
T 144.040 5 1179 6544 48
IE 144.055 6
IR 144.056 6
IA 144.057 6
P 144.064 7
F 144.065 7 48
IQ 144.065 7
IS 144.066 7
T 144.066 3 1197 6579 48
T 144.067 4 1189 6566 48
T 144.067 5 1180 6544 48
T 144.088 3 1198 6579 48
T 144.088 4 1190 6566 48
T 144.088 5 1181 6544 48
T 144.115 3 1199 6579 48
T 144.115 4 1191 6566 48
T 144.115 5 1182 6544 48
T 144.138 3 1200 6579 48
T 144.138 4 1192 6566 48
T 144.138 5 1183 6544 48
T 144.213 3 1201 6579 48
T 144.213 4 1193 6566 48
T 144.213 5 1184 6544 48
T 144.213 6 1177 6614 48
T 144.236 4 1194 6566 48
T 144.237 5 1185 6544 48
T 144.237 6 1178 6614 48
T 144.260 4 1195 6566 48
T 144.260 5 1186 6544 48
T 144.260 6 1179 6614 48
T 144.283 4 1196 6566 48
T 144.283 5 1187 6544 48
T 144.283 6 1180 6614 48
IE 144.292 7
IR 144.293 7
IA 144.294 7
T 144.308 4 1197 6566 48
T 144.308 5 1188 6544 48
T 144.308 6 1181 6614 48
P 144.313 8
F 144.314 8 49
IQ 144.314 8
IS 144.314 8
T 144.331 4 1198 6566 48
T 144.331 5 1189 6544 48
T 144.331 6 1182 6614 48
T 144.357 4 1199 6566 48
T 144.357 5 1190 6544 48
T 144.357 6 1183 6614 48
T 144.380 4 1200 6566 48
T 144.381 5 1191 6544 48
T 144.381 6 1184 6614 48
T 144.405 4 1201 6566 48
T 144.405 5 1192 6544 48
T 144.406 6 1185 6614 48
T 144.467 5 1193 6544 48
T 144.467 6 1186 6614 48
T 144.467 7 1177 6559 48
T 144.491 5 1194 6544 48
T 144.491 6 1187 6614 48
T 144.491 7 1178 6559 48
T 144.514 5 1195 6544 48
T 144.514 6 1188 6614 48
T 144.514 7 1179 6559 48
T 144.537 5 1196 6544 48
T 144.537 6 1189 6614 48
T 144.537 7 1180 6559 48
T 144.561 5 1197 6544 48
T 144.561 6 1190 6614 48
T 144.561 7 1181 6559 48
P 144.564 1
F 144.564 1 49
IQ 144.564 1
IS 144.565 1
IE 144.567 8
IR 144.568 8
IA 144.570 8
T 144.585 5 1198 6544 48
T 144.586 6 1191 6614 48
T 144.586 7 1182 6559 48
T 144.609 5 1199 6544 48
T 144.609 6 1192 6614 48
T 144.609 7 1183 6559 48
T 144.635 5 1200 6544 48
T 144.636 6 1193 6614 48
T 144.636 7 1184 6559 48
T 144.660 5 1201 6544 48
T 144.660 6 1194 6614 48
T 144.660 7 1185 6559 48
T 144.682 6 1195 6614 48
T 144.682 7 1186 6559 48
T 144.757 6 1196 6614 48
T 144.757 7 1187 6559 48
T 144.757 8 1202 6609 49
T 144.780 6 1197 6614 48
T 144.780 7 1188 6559 48
T 144.780 8 1203 6609 49
T 144.803 6 1198 6614 48
T 144.803 7 1189 6559 48
T 144.803 8 1204 6609 49
P 144.814 2
F 144.814 2 49
IQ 144.815 2
IS 144.815 2
T 144.827 6 1199 6614 48
T 144.827 7 1190 6559 48
T 144.827 8 1205 6609 49
IE 144.838 1
IR 144.838 1
IA 144.840 1
T 144.851 6 1200 6614 48
T 144.851 7 1191 6559 48
T 144.851 8 1206 6609 49
T 144.880 6 1201 6614 48
T 144.880 7 1192 6559 48
T 144.880 8 1207 6609 49
T 144.902 7 1193 6559 48
T 144.902 8 1208 6609 49
T 144.925 7 1194 6559 48
T 144.925 8 1209 6609 49
T 144.999 7 1195 6559 48
T 144.999 8 1210 6609 49
T 144.999 1 1202 6612 49
T 145.022 7 1196 6559 48
T 145.022 8 1211 6609 49
T 145.022 1 1203 6612 49
T 145.046 7 1197 6559 48
T 145.046 8 1212 6609 49
T 145.046 1 1204 6612 49
P 145.065 3
F 145.066 3 49
IQ 145.066 3
IS 145.067 3
T 145.069 7 1198 6559 48
T 145.069 8 1213 6609 49
T 145.069 1 1205 6612 49
IE 145.080 2
IR 145.080 2
IA 145.082 2
T 145.094 7 1199 6559 48
T 145.095 8 1214 6609 49
T 145.095 1 1206 6612 49
T 145.118 7 1200 6559 48
T 145.118 8 1215 6609 49
T 145.118 1 1207 6612 49
T 145.145 7 1201 6559 48
T 145.145 8 1216 6609 49
T 145.145 1 1208 6612 49
T 145.168 8 1217 6609 49
T 145.168 1 1209 6612 49
T 145.190 8 1218 6609 49
T 145.190 1 1210 6612 49
T 145.265 8 1219 6609 49
T 145.265 1 1211 6612 49
T 145.265 2 1202 6655 49
T 145.288 8 1220 6609 49
T 145.288 1 1212 6612 49
T 145.288 2 1203 6655 49
T 145.312 8 1221 6609 49
T 145.312 1 1213 6612 49
T 145.312 2 1204 6655 49
P 145.313 4
F 145.314 4 49
IQ 145.314 4
IS 145.315 4
T 145.336 8 1222 6609 49
T 145.336 1 1214 6612 49
T 145.336 2 1205 6655 49
IE 145.342 3
IR 145.343 3
IA 145.344 3
T 145.360 8 1223 6609 49
T 145.360 1 1215 6612 49
T 145.360 2 1206 6655 49
T 145.387 8 1224 6609 49
T 145.387 1 1216 6612 49
T 145.387 2 1207 6655 49
T 145.411 8 1225 6609 49
T 145.411 1 1217 6612 49
T 145.411 2 1208 6655 49
T 145.435 8 1226 6609 49
T 145.435 1 1218 6612 49
T 145.435 2 1209 6655 49
T 145.498 1 1219 6612 49
T 145.498 2 1210 6655 49
T 145.498 3 1202 6632 49
T 145.521 1 1220 6612 49
T 145.521 2 1211 6655 49
T 145.521 3 1203 6632 49
T 145.545 1 1221 6612 49
T 145.545 2 1212 6655 49
T 145.545 3 1204 6632 49
P 145.563 5
F 145.564 5 49
IQ 145.564 5
IS 145.565 5
T 145.568 1 1222 6612 49
T 145.568 2 1213 6655 49
T 145.568 3 1205 6632 49
IE 145.586 4
IR 145.587 4
IA 145.588 4
T 145.591 1 1223 6612 49
T 145.592 2 1214 6655 49
T 145.592 3 1206 6632 49
T 145.617 1 1224 6612 49
T 145.617 2 1215 6655 49
T 145.617 3 1207 6632 49
T 145.640 1 1225 6612 49
T 145.640 2 1216 6655 49
T 145.640 3 1208 6632 49
T 145.667 1 1226 6612 49
T 145.668 2 1217 6655 49
T 145.668 3 1209 6632 49
T 145.690 2 1218 6655 49
T 145.690 3 1210 6632 49
T 145.753 2 1219 6655 49
T 145.754 3 1211 6632 49
T 145.754 4 1202 6619 49
T 145.777 2 1220 6655 49
T 145.777 3 1212 6632 49
T 145.777 4 1203 6619 49
T 145.800 2 1221 6655 49
T 145.800 3 1213 6632 49
T 145.800 4 1204 6619 49
P 145.814 6
F 145.814 6 49
IQ 145.815 6
IS 145.815 6
T 145.823 2 1222 6655 49
T 145.823 3 1214 6632 49
T 145.823 4 1205 6619 49
IE 145.826 5
IR 145.826 5
IA 145.828 5
T 145.848 2 1223 6655 49
T 145.848 3 1215 6632 49
T 145.848 4 1206 6619 49
T 145.871 2 1224 6655 49
T 145.872 3 1216 6632 49
T 145.872 4 1207 6619 49
T 145.898 2 1225 6655 49
T 145.898 3 1217 6632 49
T 145.898 4 1208 6619 49
T 145.922 2 1226 6655 49
T 145.922 3 1218 6632 49
T 145.923 4 1209 6619 49
T 145.995 3 1219 6632 49
T 145.995 4 1210 6619 49
T 145.995 5 1202 6597 49
T 146.018 3 1220 6632 49
T 146.018 4 1211 6619 49
T 146.018 5 1203 6597 49
T 146.042 3 1221 6632 49
T 146.042 4 1212 6619 49
T 146.042 5 1204 6597 49
P 146.063 7
F 146.064 7 49
IQ 146.065 7
IS 146.066 7
T 146.066 3 1222 6632 49
T 146.067 4 1213 6619 49
T 146.067 5 1205 6597 49
T 146.088 3 1223 6632 49
T 146.088 4 1214 6619 49
T 146.088 5 1206 6597 49
T 146.112 3 1224 6632 49
T 146.112 4 1215 6619 49
T 146.112 5 1207 6597 49
IE 146.120 6
IR 146.120 6
IA 146.122 6
T 146.137 3 1225 6632 49
T 146.137 4 1216 6619 49
T 146.137 5 1208 6597 49
T 146.161 3 1226 6632 49
T 146.161 4 1217 6619 49
T 146.161 5 1209 6597 49
T 146.186 4 1218 6619 49
T 146.186 5 1210 6597 49
T 146.208 4 1219 6619 49
T 146.208 5 1211 6597 49
T 146.231 4 1220 6619 49
T 146.231 5 1212 6597 49
T 146.294 4 1221 6619 49
T 146.295 5 1213 6597 49
T 146.295 6 1202 6667 49
P 146.313 8
F 146.314 8 50
IQ 146.314 8
IS 146.314 8
T 146.317 4 1222 6619 49
T 146.318 5 1214 6597 49
T 146.318 6 1203 6667 49
T 146.341 4 1223 6619 49
T 146.341 5 1215 6597 49
T 146.341 6 1204 6667 49
IE 146.354 7
IR 146.355 7
IA 146.356 7
T 146.366 4 1224 6619 49
T 146.366 5 1216 6597 49
T 146.367 6 1205 6667 49
T 146.393 4 1225 6619 49
T 146.393 5 1217 6597 49
T 146.394 6 1206 6667 49
T 146.418 4 1226 6619 49
T 146.418 5 1218 6597 49
T 146.418 6 1207 6667 49
T 146.440 5 1219 6597 49
T 146.440 6 1208 6667 49
T 146.514 5 1220 6597 49
T 146.514 6 1209 6667 49
T 146.515 7 1202 6612 49
T 146.538 5 1221 6597 49
T 146.538 6 1210 6667 49
T 146.538 7 1203 6612 49
T 146.561 5 1222 6597 49
T 146.561 6 1211 6667 49
T 146.561 7 1204 6612 49
P 146.565 1
F 146.565 1 50
IQ 146.566 1
IS 146.566 1
T 146.584 5 1223 6597 49
T 146.584 6 1212 6667 49
T 146.584 7 1205 6612 49
IE 146.606 8
T 146.607 5 1224 6597 49
T 146.607 6 1213 6667 49
T 146.607 7 1206 6612 49
IR 146.608 8
IA 146.609 8
T 146.632 5 1225 6597 49
T 146.632 6 1214 6667 49
T 146.632 7 1207 6612 49
T 146.656 5 1226 6597 49
T 146.656 6 1215 6667 49
T 146.656 7 1208 6612 49
T 146.681 6 1216 6667 49
T 146.681 7 1209 6612 49
T 146.704 6 1217 6667 49
T 146.704 7 1210 6612 49
T 146.726 6 1218 6667 49
T 146.726 7 1211 6612 49
T 146.788 6 1219 6667 49
T 146.788 7 1212 6612 49
T 146.788 8 1227 6662 50
T 146.811 6 1220 6667 49
T 146.811 7 1213 6612 49
T 146.811 8 1228 6662 50
P 146.814 2
F 146.815 2 50
IQ 146.815 2
IS 146.815 2
IE 146.818 1
IR 146.819 1
IA 146.820 1
T 146.836 6 1221 6667 49
T 146.836 7 1214 6612 49
T 146.836 8 1229 6662 50
T 146.859 6 1222 6667 49
T 146.859 7 1215 6612 49
T 146.859 8 1230 6662 50
T 146.887 6 1223 6667 49
T 146.887 7 1216 6612 49
T 146.887 8 1231 6662 50
T 146.911 6 1224 6667 49
T 146.911 7 1217 6612 49
T 146.911 8 1232 6662 50
T 146.984 6 1225 6667 49
T 146.984 7 1218 6612 49
T 146.984 8 1233 6662 50
T 146.984 1 1227 6665 50
T 147.008 6 1226 6667 49
T 147.008 7 1219 6612 49
T 147.008 8 1234 6662 50
T 147.008 1 1228 6665 50
T 147.032 7 1220 6612 49
T 147.032 8 1235 6662 50
T 147.032 1 1229 6665 50
T 147.055 7 1221 6612 49
T 147.055 8 1236 6662 50
T 147.055 1 1230 6665 50
P 147.066 3
F 147.067 3 50
IQ 147.067 3
IS 147.067 3
T 147.078 7 1222 6612 49
T 147.079 8 1237 6662 50
T 147.079 1 1231 6665 50
IE 147.089 2
IR 147.089 2
IA 147.090 2
T 147.103 7 1223 6612 49
T 147.103 8 1238 6662 50
T 147.103 1 1232 6665 50
T 147.127 7 1224 6612 49
T 147.127 8 1239 6662 50
T 147.127 1 1233 6665 50
T 147.154 7 1225 6612 49
T 147.154 8 1240 6662 50
T 147.154 1 1234 6665 50
T 147.178 7 1226 6612 49
T 147.178 8 1241 6662 50
T 147.178 1 1235 6665 50
T 147.241 8 1242 6662 50
T 147.242 1 1236 6665 50
T 147.242 2 1227 6708 50
T 147.265 8 1243 6662 50
T 147.265 1 1237 6665 50
T 147.265 2 1228 6708 50
T 147.288 8 1244 6662 50
T 147.288 1 1238 6665 50
T 147.288 2 1229 6708 50
T 147.312 8 1245 6662 50
T 147.312 1 1239 6665 50
T 147.312 2 1230 6708 50
P 147.314 4
F 147.314 4 50
IQ 147.314 4
IS 147.315 4
IE 147.329 3
IR 147.329 3
IA 147.331 3
T 147.336 8 1246 6662 50
T 147.336 1 1240 6665 50
T 147.337 2 1231 6708 50
T 147.360 8 1247 6662 50
T 147.360 1 1241 6665 50
T 147.360 2 1232 6708 50
T 147.387 8 1248 6662 50
T 147.388 1 1242 6665 50
T 147.388 2 1233 6708 50
T 147.411 8 1249 6662 50
T 147.411 1 1243 6665 50
T 147.411 2 1234 6708 50
T 147.484 8 1250 6662 50
T 147.484 1 1244 6665 50
T 147.485 2 1235 6708 50
T 147.485 3 1227 6685 50
T 147.509 8 1251 6662 50
T 147.509 1 1245 6665 50
T 147.509 2 1236 6708 50
T 147.509 3 1228 6685 50
T 147.532 1 1246 6665 50
T 147.532 2 1237 6708 50
T 147.532 3 1229 6685 50
T 147.555 1 1247 6665 50
T 147.555 2 1238 6708 50
T 147.555 3 1230 6685 50
P 147.563 5
F 147.563 5 50
IQ 147.564 5
IS 147.564 5
T 147.579 1 1248 6665 50
T 147.579 2 1239 6708 50
T 147.579 3 1231 6685 50
T 147.602 1 1249 6665 50
T 147.602 2 1240 6708 50
T 147.602 3 1232 6685 50
IE 147.619 4
IR 147.620 4
IA 147.621 4
T 147.627 1 1250 6665 50
T 147.627 2 1241 6708 50
T 147.627 3 1233 6685 50
T 147.651 1 1251 6665 50
T 147.651 2 1242 6708 50
T 147.651 3 1234 6685 50
T 147.676 2 1243 6708 50
T 147.676 3 1235 6685 50
T 147.699 2 1244 6708 50
T 147.699 3 1236 6685 50
T 147.722 2 1245 6708 50
T 147.722 3 1237 6685 50
T 147.786 2 1246 6708 50
T 147.786 3 1238 6685 50
T 147.786 4 1227 6672 50
T 147.809 2 1247 6708 50
T 147.809 3 1239 6685 50
T 147.809 4 1228 6672 50
P 147.813 6
F 147.814 6 50
IQ 147.814 6
IS 147.814 6
T 147.833 2 1248 6708 50
T 147.833 3 1240 6685 50
T 147.833 4 1229 6672 50
IE 147.852 5
IR 147.852 5
IA 147.854 5
T 147.857 2 1249 6708 50
T 147.857 3 1241 6685 50
T 147.857 4 1230 6672 50
T 147.883 2 1250 6708 50
T 147.883 3 1242 6685 50
T 147.883 4 1231 6672 50
T 147.907 2 1251 6708 50
T 147.908 3 1243 6685 50
T 147.908 4 1232 6672 50
T 147.933 3 1244 6685 50
T 147.933 4 1233 6672 50
T 147.956 3 1245 6685 50
T 147.956 4 1234 6672 50
T 148.031 3 1246 6685 50
T 148.031 4 1235 6672 50
T 148.031 5 1227 6650 50
T 148.054 3 1247 6685 50
T 148.054 4 1236 6672 50
T 148.054 5 1228 6650 50
P 148.063 7
F 148.064 7 50
IQ 148.065 7
IS 148.065 7
T 148.077 3 1248 6685 50
T 148.078 4 1237 6672 50
T 148.078 5 1229 6650 50
IE 148.095 6
IR 148.096 6
IA 148.097 6
T 148.101 3 1249 6685 50
T 148.101 4 1238 6672 50
T 148.101 5 1230 6650 50
T 148.126 3 1250 6685 50
T 148.126 4 1239 6672 50
T 148.126 5 1231 6650 50
T 148.150 3 1251 6685 50
T 148.150 4 1240 6672 50
T 148.150 5 1232 6650 50
T 148.175 4 1241 6672 50
T 148.176 5 1233 6650 50
T 148.198 4 1242 6672 50
T 148.198 5 1234 6650 50
T 148.220 4 1243 6672 50
T 148.220 5 1235 6650 50
T 148.285 4 1244 6672 50
T 148.285 5 1236 6650 50
T 148.285 6 1227 6720 50
T 148.308 4 1245 6672 50
T 148.308 5 1237 6650 50
T 148.308 6 1228 6720 50
P 148.314 8
F 148.314 8 51
IQ 148.315 8
IS 148.315 8
T 148.332 4 1246 6672 50
T 148.333 5 1238 6650 50
T 148.333 6 1229 6720 50
T 148.355 4 1247 6672 50
T 148.355 5 1239 6650 50
T 148.355 6 1230 6720 50
IE 148.364 7
IR 148.364 7
IA 148.366 7
T 148.380 4 1248 6672 50
T 148.380 5 1240 6650 50
T 148.380 6 1231 6720 50
T 148.404 4 1249 6672 50
T 148.404 5 1241 6650 50
T 148.404 6 1232 6720 50
T 148.431 4 1250 6672 50
T 148.431 5 1242 6650 50
T 148.431 6 1233 6720 50
T 148.455 4 1251 6672 50
T 148.455 5 1243 6650 50
T 148.455 6 1234 6720 50
T 148.529 5 1244 6650 50
T 148.529 6 1235 6720 50
T 148.529 7 1227 6665 50
T 148.552 5 1245 6650 50
T 148.552 6 1236 6720 50
T 148.553 7 1228 6665 50
P 148.564 1
F 148.565 1 51
IQ 148.565 1
IS 148.565 1
T 148.575 5 1246 6650 50
T 148.576 6 1237 6720 50
T 148.576 7 1229 6665 50
T 148.599 5 1247 6650 50
T 148.599 6 1238 6720 50
T 148.599 7 1230 6665 50
IE 148.607 8
IR 148.608 8
IA 148.609 8
T 148.624 5 1248 6650 50
T 148.624 6 1239 6720 50
T 148.624 7 1231 6665 50
T 148.652 5 1249 6650 50
T 148.652 6 1240 6720 50
T 148.652 7 1232 6665 50
T 148.675 5 1250 6650 50
T 148.675 6 1241 6720 50
T 148.675 7 1233 6665 50
T 148.699 5 1251 6650 50
T 148.699 6 1242 6720 50
T 148.699 7 1234 6665 50
T 148.762 6 1243 6720 50
T 148.762 7 1235 6665 50
T 148.762 8 1252 6715 51
T 148.785 6 1244 6720 50
T 148.786 7 1236 6665 50
T 148.786 8 1253 6715 51
IE 148.794 1
IR 148.794 1
IA 148.795 1
T 148.810 6 1245 6720 50
T 148.810 7 1237 6665 50
T 148.810 8 1254 6715 51
P 148.813 2
F 148.813 2 51
IQ 148.813 2
IS 148.814 2
T 148.834 6 1246 6720 50
T 148.834 7 1238 6665 50
T 148.834 8 1255 6715 51
T 148.861 6 1247 6720 50
T 148.861 7 1239 6665 50
T 148.861 8 1256 6715 51
T 148.885 6 1248 6720 50
T 148.885 7 1240 6665 50
T 148.885 8 1257 6715 51
T 148.960 6 1249 6720 50
T 148.960 7 1241 6665 50
T 148.960 8 1258 6715 51
T 148.960 1 1252 6718 51
T 148.983 6 1250 6720 50
T 148.984 7 1242 6665 50
T 148.984 8 1259 6715 51
T 148.984 1 1253 6718 51
T 149.008 6 1251 6720 50
T 149.008 7 1243 6665 50
T 149.008 8 1260 6715 51
T 149.008 1 1254 6718 51
T 149.031 7 1244 6665 50
T 149.031 8 1261 6715 51
T 149.031 1 1255 6718 51
T 149.055 7 1245 6665 50
T 149.055 8 1262 6715 51
T 149.055 1 1256 6718 51
IE 149.061 2
IR 149.062 2
IA 149.064 2
P 149.064 3
F 149.065 3 51
IQ 149.065 3
IS 149.065 3
T 149.080 7 1246 6665 50
T 149.080 8 1263 6715 51
T 149.080 1 1257 6718 51
T 149.107 7 1247 6665 50
T 149.107 8 1264 6715 51
T 149.107 1 1258 6718 51
T 149.131 7 1248 6665 50
T 149.131 8 1265 6715 51
T 149.131 1 1259 6718 51
T 149.154 7 1249 6665 50
T 149.154 8 1266 6715 51
T 149.155 1 1260 6718 51
T 149.178 7 1250 6665 50
T 149.178 8 1267 6715 51
T 149.178 1 1261 6718 51
T 149.244 7 1251 6665 50
T 149.244 8 1268 6715 51
T 149.244 1 1262 6718 51
T 149.244 2 1252 6761 51
T 149.267 8 1269 6715 51
T 149.267 1 1263 6718 51
T 149.267 2 1253 6761 51
IE 149.278 3
IR 149.279 3
IA 149.280 3
T 149.292 8 1270 6715 51
T 149.292 1 1264 6718 51
T 149.292 2 1254 6761 51
P 149.313 4
F 149.314 4 51
IQ 149.314 4
IS 149.315 4
T 149.316 8 1271 6715 51
T 149.317 1 1265 6718 51
T 149.317 2 1255 6761 51
T 149.343 8 1272 6715 51
T 149.343 1 1266 6718 51
T 149.343 2 1256 6761 51
T 149.367 8 1273 6715 51
T 149.367 1 1267 6718 51
T 149.367 2 1257 6761 51
T 149.441 8 1274 6715 51
T 149.441 1 1268 6718 51
T 149.441 2 1258 6761 51
T 149.441 3 1252 6738 51
T 149.464 8 1275 6715 51
T 149.464 1 1269 6718 51
T 149.464 2 1259 6761 51
T 149.464 3 1253 6738 51
T 149.489 8 1276 6715 51
T 149.489 1 1270 6718 51
T 149.489 2 1260 6761 51
T 149.489 3 1254 6738 51
T 149.512 1 1271 6718 51
T 149.512 2 1261 6761 51
T 149.512 3 1255 6738 51
T 149.535 1 1272 6718 51
T 149.535 2 1262 6761 51
T 149.535 3 1256 6738 51
IE 149.552 4
IR 149.552 4
IA 149.554 4
T 149.560 1 1273 6718 51
T 149.560 2 1263 6761 51
T 149.560 3 1257 6738 51
P 149.564 5
F 149.564 5 51
IQ 149.564 5
IS 149.565 5
T 149.584 1 1274 6718 51
T 149.584 2 1264 6761 51
T 149.584 3 1258 6738 51
T 149.611 1 1275 6718 51
T 149.611 2 1265 6761 51
T 149.611 3 1259 6738 51
T 149.635 1 1276 6718 51
T 149.635 2 1266 6761 51
T 149.635 3 1260 6738 51
T 149.659 2 1267 6761 51
T 149.659 3 1261 6738 51
T 149.733 2 1268 6761 51
T 149.734 3 1262 6738 51
T 149.734 4 1252 6725 51
T 149.757 2 1269 6761 51
T 149.757 3 1263 6738 51
T 149.757 4 1253 6725 51
T 149.780 2 1270 6761 51
T 149.780 3 1264 6738 51
T 149.780 4 1254 6725 51
IE 149.782 5
IR 149.783 5
IA 149.784 5
T 149.805 2 1271 6761 51
T 149.805 3 1265 6738 51
T 149.805 4 1255 6725 51
P 149.814 6
F 149.814 6 51
IQ 149.814 6
IS 149.815 6
T 149.828 2 1272 6761 51
T 149.828 3 1266 6738 51
T 149.828 4 1256 6725 51
T 149.855 2 1273 6761 51
T 149.855 3 1267 6738 51
T 149.855 4 1257 6725 51
T 149.879 2 1274 6761 51
T 149.879 3 1268 6738 51
T 149.879 4 1258 6725 51
T 149.903 2 1275 6761 51
T 149.903 3 1269 6738 51
T 149.903 4 1259 6725 51
T 149.977 2 1276 6761 51
T 149.977 3 1270 6738 51
T 149.978 4 1260 6725 51
T 149.978 5 1252 6703 51
T 150.000 3 1271 6738 51
T 150.000 4 1261 6725 51
T 150.000 5 1253 6703 51
T 150.024 3 1272 6738 51
T 150.024 4 1262 6725 51
T 150.024 5 1254 6703 51
IE 150.031 6
IR 150.031 6
IA 150.033 6
T 150.049 3 1273 6738 51
T 150.049 4 1263 6725 51
T 150.049 5 1255 6703 51
P 150.063 7
F 150.065 7 51
IQ 150.065 7
IS 150.065 7
T 150.072 3 1274 6738 51
T 150.072 4 1264 6725 51
T 150.072 5 1256 6703 51
T 150.100 3 1275 6738 51
T 150.100 4 1265 6725 51
T 150.100 5 1257 6703 51
T 150.124 3 1276 6738 51
T 150.124 4 1266 6725 51
T 150.124 5 1258 6703 51
T 150.146 4 1267 6725 51
T 150.146 5 1259 6703 51
T 150.220 4 1268 6725 51
T 150.220 5 1260 6703 51
T 150.221 6 1252 6773 51
T 150.244 4 1269 6725 51
T 150.244 5 1261 6703 51
T 150.244 6 1253 6773 51
T 150.267 4 1270 6725 51
T 150.267 5 1262 6703 51
T 150.267 6 1254 6773 51
IE 150.286 7
IR 150.286 7
IA 150.287 7
T 150.291 4 1271 6725 51
T 150.291 5 1263 6703 51
T 150.291 6 1255 6773 51
P 150.313 8
F 150.314 8 52
IQ 150.314 8
IS 150.315 8
T 150.317 4 1272 6725 51
T 150.317 5 1264 6703 51
T 150.317 6 1256 6773 51
T 150.340 4 1273 6725 51
T 150.340 5 1265 6703 51
T 150.340 6 1257 6773 51
T 150.367 4 1274 6725 51
T 150.367 5 1266 6703 51
T 150.367 6 1258 6773 51
T 150.391 4 1275 6725 51
T 150.391 5 1267 6703 51
T 150.391 6 1259 6773 51
T 150.415 4 1276 6725 51
T 150.415 5 1268 6703 51
T 150.415 6 1260 6773 51
T 150.476 5 1269 6703 51
T 150.476 6 1261 6773 51
T 150.477 7 1252 6718 51
T 150.500 5 1270 6703 51
T 150.500 6 1262 6773 51
T 150.500 7 1253 6718 51
T 150.523 5 1271 6703 51
T 150.523 6 1263 6773 51
T 150.523 7 1254 6718 51
T 150.547 5 1272 6703 51
T 150.547 6 1264 6773 51
T 150.547 7 1255 6718 51
P 150.563 1
F 150.564 1 52
IQ 150.564 1
IS 150.564 1
T 150.570 5 1273 6703 51
T 150.570 6 1265 6773 51
T 150.571 7 1256 6718 51
T 150.594 5 1274 6703 51
T 150.594 6 1266 6773 51
T 150.594 7 1257 6718 51
T 150.617 5 1275 6703 51
T 150.617 6 1267 6773 51
T 150.617 7 1258 6718 51
IE 150.638 8
IR 150.638 8
IA 150.640 8
T 150.642 5 1276 6703 51
T 150.642 6 1268 6773 51
T 150.642 7 1259 6718 51
T 150.667 6 1269 6773 51
T 150.667 7 1260 6718 51
T 150.694 6 1270 6773 51
T 150.694 7 1261 6718 51
T 150.717 6 1271 6773 51
T 150.717 7 1262 6718 51
T 150.739 6 1272 6773 51
T 150.739 7 1263 6718 51
IE 150.796 1
IR 150.796 1
IA 150.797 1
T 150.805 6 1273 6773 51
T 150.805 7 1264 6718 51
T 150.805 8 1277 6768 52
P 150.816 2
F 150.816 2 52
IQ 150.817 2
IS 150.817 2
T 150.833 6 1274 6773 51
T 150.834 7 1265 6718 51
T 150.834 8 1278 6768 52
T 150.857 6 1275 6773 51
T 150.857 7 1266 6718 51
T 150.857 8 1279 6768 52
T 150.881 6 1276 6773 51
T 150.881 7 1267 6718 51
T 150.881 8 1280 6768 52
T 150.903 7 1268 6718 51
T 150.904 8 1281 6768 52
T 150.967 7 1269 6718 51
T 150.968 8 1282 6768 52
T 150.968 1 1277 6771 52
T 150.991 7 1270 6718 51
T 150.991 8 1283 6768 52
T 150.991 1 1278 6771 52
T 151.014 7 1271 6718 51
T 151.014 8 1284 6768 52
T 151.014 1 1279 6771 52
T 151.038 7 1272 6718 51
T 151.038 8 1285 6768 52
T 151.038 1 1280 6771 52
T 151.061 7 1273 6718 51
T 151.061 8 1286 6768 52
T 151.061 1 1281 6771 52
P 151.063 3
F 151.064 3 52
IQ 151.064 3
IS 151.065 3
IE 151.079 2
IR 151.079 2
IA 151.081 2
T 151.087 7 1274 6718 51
T 151.087 8 1287 6768 52
T 151.087 1 1282 6771 52
T 151.115 7 1275 6718 51
T 151.115 8 1288 6768 52
T 151.115 1 1283 6771 52
T 151.139 7 1276 6718 51
T 151.139 8 1289 6768 52
T 151.139 1 1284 6771 52
T 151.162 8 1290 6768 52
T 151.162 1 1285 6771 52
T 151.224 8 1291 6768 52
T 151.224 1 1286 6771 52
T 151.224 2 1277 6814 52
T 151.247 8 1292 6768 52
T 151.248 1 1287 6771 52
T 151.248 2 1278 6814 52
T 151.271 8 1293 6768 52
T 151.271 1 1288 6771 52
T 151.271 2 1279 6814 52
T 151.294 8 1294 6768 52
T 151.294 1 1289 6771 52
T 151.294 2 1280 6814 52
IE 151.297 3
IR 151.297 3
IA 151.299 3
P 151.314 4
F 151.314 4 52
IQ 151.314 4
IS 151.315 4
T 151.319 8 1295 6768 52
T 151.319 1 1290 6771 52
T 151.319 2 1281 6814 52
T 151.342 8 1296 6768 52
T 151.343 1 1291 6771 52
T 151.343 2 1282 6814 52
T 151.371 8 1297 6768 52
T 151.371 1 1292 6771 52
T 151.371 2 1283 6814 52
T 151.394 8 1298 6768 52
T 151.394 1 1293 6771 52
T 151.394 2 1284 6814 52
T 151.469 8 1299 6768 52
T 151.469 1 1294 6771 52
T 151.469 2 1285 6814 52
T 151.469 3 1277 6791 52
T 151.492 8 1300 6768 52
T 151.492 1 1295 6771 52
T 151.492 2 1286 6814 52
T 151.492 3 1278 6791 52
T 151.516 8 1301 6768 52
T 151.516 1 1296 6771 52
T 151.516 2 1287 6814 52
T 151.516 3 1279 6791 52
T 151.539 1 1297 6771 52
T 151.539 2 1288 6814 52
T 151.540 3 1280 6791 52
T 151.564 1 1298 6771 52
T 151.564 2 1289 6814 52
T 151.564 3 1281 6791 52
P 151.565 5
F 151.565 5 52
IQ 151.565 5
IS 151.566 5
IE 151.574 4
IR 151.575 4
IA 151.576 4
T 151.588 1 1299 6771 52
T 151.588 2 1290 6814 52
T 151.588 3 1282 6791 52
T 151.612 1 1300 6771 52
T 151.612 2 1291 6814 52
T 151.612 3 1283 6791 52
T 151.640 1 1301 6771 52
T 151.640 2 1292 6814 52
T 151.640 3 1284 6791 52
T 151.662 2 1293 6814 52
T 151.662 3 1285 6791 52
T 151.737 2 1294 6814 52
T 151.737 3 1286 6791 52
T 151.737 4 1277 6778 52
T 151.760 2 1295 6814 52
T 151.760 3 1287 6791 52
T 151.760 4 1278 6778 52
T 151.783 2 1296 6814 52
T 151.783 3 1288 6791 52
T 151.783 4 1279 6778 52
T 151.807 2 1297 6814 52
T 151.807 3 1289 6791 52
T 151.807 4 1280 6778 52
P 151.813 6
F 151.813 6 52
IQ 151.813 6
IS 151.814 6
IE 151.825 5
IR 151.826 5
IA 151.827 5
T 151.830 2 1298 6814 52
T 151.831 3 1290 6791 52
T 151.831 4 1281 6778 52
T 151.856 2 1299 6814 52
T 151.856 3 1291 6791 52
T 151.856 4 1282 6778 52
T 151.880 2 1300 6814 52
T 151.880 3 1292 6791 52
T 151.880 4 1283 6778 52
T 151.908 2 1301 6814 52
T 151.908 3 1293 6791 52
T 151.908 4 1284 6778 52
T 151.930 3 1294 6791 52
T 151.930 4 1285 6778 52
T 151.952 3 1295 6791 52
T 151.952 4 1286 6778 52
T 152.016 3 1296 6791 52
T 152.016 4 1287 6778 52
T 152.016 5 1277 6756 52
T 152.039 3 1297 6791 52
T 152.039 4 1288 6778 52
T 152.039 5 1278 6756 52
T 152.063 3 1298 6791 52
T 152.063 4 1289 6778 52
T 152.064 5 1279 6756 52
P 152.064 7
F 152.064 7 52
IQ 152.065 7
IS 152.065 7
T 152.087 3 1299 6791 52
T 152.087 4 1290 6778 52
T 152.087 5 1280 6756 52
IE 152.101 6
IR 152.101 6
IA 152.103 6
T 152.112 3 1300 6791 52
T 152.112 4 1291 6778 52
T 152.112 5 1281 6756 52
T 152.136 3 1301 6791 52
T 152.136 4 1292 6778 52
T 152.136 5 1282 6756 52
T 152.162 4 1293 6778 52
T 152.162 5 1283 6756 52
T 152.184 4 1294 6778 52
T 152.184 5 1284 6756 52
T 152.259 4 1295 6778 52
T 152.259 5 1285 6756 52
T 152.259 6 1277 6826 52
T 152.282 4 1296 6778 52
T 152.282 5 1286 6756 52
T 152.282 6 1278 6826 52
T 152.305 4 1297 6778 52
T 152.306 5 1287 6756 52
T 152.306 6 1279 6826 52
IE 152.308 7
IR 152.308 7
IA 152.309 7
P 152.314 8
F 152.315 8 53
IQ 152.315 8
IS 152.315 8
T 152.330 4 1298 6778 52
T 152.331 5 1288 6756 52
T 152.331 6 1280 6826 52
T 152.354 4 1299 6778 52
T 152.354 5 1289 6756 52
T 152.354 6 1281 6826 52
T 152.381 4 1300 6778 52
T 152.381 5 1290 6756 52
T 152.381 6 1282 6826 52
T 152.405 4 1301 6778 52
T 152.405 5 1291 6756 52
T 152.406 6 1283 6826 52
T 152.428 5 1292 6756 52
T 152.428 6 1284 6826 52
T 152.492 5 1293 6756 52
T 152.492 6 1285 6826 52
T 152.492 7 1277 6771 52
T 152.515 5 1294 6756 52
T 152.515 6 1286 6826 52
T 152.515 7 1278 6771 52
T 152.538 5 1295 6756 52
T 152.538 6 1287 6826 52
T 152.538 7 1279 6771 52
T 152.562 5 1296 6756 52
T 152.563 6 1288 6826 52
T 152.563 7 1280 6771 52
P 152.564 1
F 152.564 1 53
IQ 152.565 1
IS 152.565 1
IE 152.577 8
IR 152.577 8
IA 152.579 8
T 152.587 5 1297 6756 52
T 152.587 6 1289 6826 52
T 152.587 7 1281 6771 52
T 152.610 5 1298 6756 52
T 152.610 6 1290 6826 52
T 152.611 7 1282 6771 52
T 152.639 5 1299 6756 52
T 152.639 6 1291 6826 52
T 152.639 7 1283 6771 52
T 152.662 5 1300 6756 52
T 152.662 6 1292 6826 52
T 152.663 7 1284 6771 52
T 152.738 5 1301 6756 52
T 152.738 6 1293 6826 52
T 152.738 7 1285 6771 52
T 152.738 8 1302 6821 53
T 152.761 6 1294 6826 52
T 152.761 7 1286 6771 52
T 152.762 8 1303 6821 53
T 152.785 6 1295 6826 52
T 152.785 7 1287 6771 52
T 152.785 8 1304 6821 53
T 152.808 6 1296 6826 52
T 152.808 7 1288 6771 52
T 152.808 8 1305 6821 53
P 152.813 2
F 152.814 2 53
IQ 152.814 2
IS 152.815 2
T 152.831 6 1297 6826 52
T 152.832 7 1289 6771 52
T 152.832 8 1306 6821 53
IE 152.852 1
IR 152.853 1
IA 152.854 1
T 152.856 6 1298 6826 52
T 152.856 7 1290 6771 52
T 152.856 8 1307 6821 53
T 152.880 6 1299 6826 52
T 152.880 7 1291 6771 52
T 152.880 8 1308 6821 53
T 152.904 6 1300 6826 52
T 152.904 7 1292 6771 52
T 152.904 8 1309 6821 53
T 152.932 6 1301 6826 52
T 152.932 7 1293 6771 52
T 152.933 8 1310 6821 53
T 152.955 7 1294 6771 52
T 152.955 8 1311 6821 53
T 153.020 7 1295 6771 52
T 153.020 8 1312 6821 53
T 153.020 1 1302 6824 53
T 153.043 7 1296 6771 52
T 153.043 8 1313 6821 53
T 153.043 1 1303 6824 53
P 153.063 3
F 153.064 3 53
IQ 153.064 3
IS 153.065 3
T 153.067 7 1297 6771 52
T 153.067 8 1314 6821 53
T 153.067 1 1304 6824 53
IE 153.081 2
IR 153.081 2
IA 153.083 2
T 153.092 7 1298 6771 52
T 153.092 8 1315 6821 53
T 153.092 1 1305 6824 53
T 153.116 7 1299 6771 52
T 153.116 8 1316 6821 53
T 153.116 1 1306 6824 53
T 153.144 7 1300 6771 52
T 153.144 8 1317 6821 53
T 153.144 1 1307 6824 53
T 153.168 7 1301 6771 52
T 153.169 8 1318 6821 53
T 153.169 1 1308 6824 53
T 153.244 8 1319 6821 53
T 153.244 1 1309 6824 53
T 153.244 2 1302 6867 53
T 153.268 8 1320 6821 53
T 153.268 1 1310 6824 53
T 153.268 2 1303 6867 53
T 153.292 8 1321 6821 53
T 153.292 1 1311 6824 53
T 153.292 2 1304 6867 53
P 153.314 4
F 153.314 4 53
IQ 153.314 4
IS 153.316 4
T 153.316 8 1322 6821 53
T 153.317 1 1312 6824 53
T 153.317 2 1305 6867 53
IE 153.332 3
IR 153.332 3
IA 153.334 3
T 153.340 8 1323 6821 53
T 153.341 1 1313 6824 53
T 153.341 2 1306 6867 53
T 153.369 8 1324 6821 53
T 153.369 1 1314 6824 53
T 153.369 2 1307 6867 53
T 153.393 8 1325 6821 53
T 153.393 1 1315 6824 53
T 153.394 2 1308 6867 53
T 153.418 8 1326 6821 53
T 153.418 1 1316 6824 53
T 153.418 2 1309 6867 53
T 153.440 1 1317 6824 53
T 153.440 2 1310 6867 53
T 153.505 1 1318 6824 53
T 153.505 2 1311 6867 53
T 153.505 3 1302 6844 53
T 153.529 1 1319 6824 53
T 153.529 2 1312 6867 53
T 153.529 3 1303 6844 53
T 153.552 1 1320 6824 53
T 153.552 2 1313 6867 53
T 153.552 3 1304 6844 53
P 153.565 5
F 153.565 5 53
IQ 153.566 5
IS 153.566 5
T 153.576 1 1321 6824 53
T 153.576 2 1314 6867 53
T 153.576 3 1305 6844 53
IE 153.592 4
IR 153.592 4
IA 153.594 4
T 153.601 1 1322 6824 53
T 153.601 2 1315 6867 53
T 153.601 3 1306 6844 53
T 153.625 1 1323 6824 53
T 153.625 2 1316 6867 53
T 153.625 3 1307 6844 53
T 153.654 1 1324 6824 53
T 153.654 2 1317 6867 53
T 153.654 3 1308 6844 53
T 153.677 1 1325 6824 53
T 153.677 2 1318 6867 53
T 153.677 3 1309 6844 53
T 153.754 1 1326 6824 53
T 153.754 2 1319 6867 53
T 153.754 3 1310 6844 53
T 153.754 4 1302 6831 53
T 153.777 2 1320 6867 53
T 153.777 3 1311 6844 53
T 153.777 4 1303 6831 53
T 153.801 2 1321 6867 53
T 153.801 3 1312 6844 53
T 153.801 4 1304 6831 53
P 153.814 6
F 153.815 6 53
IQ 153.815 6
IS 153.815 6
T 153.825 2 1322 6867 53
T 153.825 3 1313 6844 53
T 153.825 4 1305 6831 53
IE 153.828 5
IR 153.829 5
IA 153.830 5
T 153.851 2 1323 6867 53
T 153.851 3 1314 6844 53
T 153.851 4 1306 6831 53
T 153.874 2 1324 6867 53
T 153.875 3 1315 6844 53
T 153.875 4 1307 6831 53
T 153.902 2 1325 6867 53
T 153.902 3 1316 6844 53
T 153.902 4 1308 6831 53
T 153.926 2 1326 6867 53
T 153.926 3 1317 6844 53
T 153.927 4 1309 6831 53
T 153.949 3 1318 6844 53
T 153.949 4 1310 6831 53
T 154.012 3 1319 6844 53
T 154.012 4 1311 6831 53
T 154.013 5 1302 6809 53
T 154.036 3 1320 6844 53
T 154.036 4 1312 6831 53
T 154.036 5 1303 6809 53
T 154.059 3 1321 6844 53
T 154.059 4 1313 6831 53
T 154.059 5 1304 6809 53
P 154.063 7
F 154.064 7 53
IQ 154.065 7
IS 154.065 7
IE 154.068 6
IR 154.069 6
IA 154.070 6
T 154.084 3 1322 6844 53
T 154.084 4 1314 6831 53
T 154.084 5 1305 6809 53
T 154.108 3 1323 6844 53
T 154.108 4 1315 6831 53
T 154.108 5 1306 6809 53
T 154.137 3 1324 6844 53
T 154.137 4 1316 6831 53
T 154.137 5 1307 6809 53
T 154.161 3 1325 6844 53
T 154.161 4 1317 6831 53
T 154.161 5 1308 6809 53
T 154.236 3 1326 6844 53
T 154.236 4 1318 6831 53
T 154.236 5 1309 6809 53
T 154.236 6 1302 6879 53
T 154.260 4 1319 6831 53
T 154.260 5 1310 6809 53
T 154.260 6 1303 6879 53
IE 154.282 7
T 154.284 4 1320 6831 53
T 154.284 5 1311 6809 53
T 154.284 6 1304 6879 53
IR 154.284 7
IA 154.286 7
T 154.309 4 1321 6831 53
T 154.309 5 1312 6809 53
T 154.309 6 1305 6879 53
P 154.314 8
F 154.314 8 54
IQ 154.315 8
IS 154.315 8
T 154.339 4 1322 6831 53
T 154.339 5 1313 6809 53
T 154.339 6 1306 6879 53
T 154.363 4 1323 6831 53
T 154.363 5 1314 6809 53
T 154.363 6 1307 6879 53
T 154.386 4 1324 6831 53
T 154.386 5 1315 6809 53
T 154.386 6 1308 6879 53
T 154.410 4 1325 6831 53
T 154.410 5 1316 6809 53
T 154.410 6 1309 6879 53
T 154.476 4 1326 6831 53
T 154.476 5 1317 6809 53
T 154.476 6 1310 6879 53
T 154.476 7 1302 6824 53
T 154.500 5 1318 6809 53
T 154.500 6 1311 6879 53
T 154.500 7 1303 6824 53
T 154.523 5 1319 6809 53
T 154.523 6 1312 6879 53
T 154.523 7 1304 6824 53
T 154.547 5 1320 6809 53
T 154.547 6 1313 6879 53
T 154.547 7 1305 6824 53
IE 154.549 8
IR 154.550 8
IA 154.551 8
P 154.563 1
F 154.564 1 54
IQ 154.564 1
IS 154.564 1
T 154.572 5 1321 6809 53
T 154.572 6 1314 6879 53
T 154.573 7 1306 6824 53
T 154.596 5 1322 6809 53
T 154.596 6 1315 6879 53
T 154.596 7 1307 6824 53
T 154.625 5 1323 6809 53
T 154.625 6 1316 6879 53
T 154.625 7 1308 6824 53
T 154.649 5 1324 6809 53
T 154.649 6 1317 6879 53
T 154.649 7 1309 6824 53
T 154.725 5 1325 6809 53
T 154.725 6 1318 6879 53
T 154.725 7 1310 6824 53
T 154.725 8 1327 6874 54
T 154.749 5 1326 6809 53
T 154.750 6 1319 6879 53
T 154.750 7 1311 6824 53
T 154.750 8 1328 6874 54
T 154.773 6 1320 6879 53
T 154.773 7 1312 6824 53
T 154.773 8 1329 6874 54
T 154.797 6 1321 6879 53
T 154.797 7 1313 6824 53
T 154.797 8 1330 6874 54
P 154.813 2
F 154.814 2 54
IQ 154.814 2
IS 154.815 2
IE 154.817 1
IR 154.817 1
IA 154.818 1
T 154.821 6 1322 6879 53
T 154.821 7 1314 6824 53
T 154.821 8 1331 6874 54
T 154.847 6 1323 6879 53
T 154.847 7 1315 6824 53
T 154.847 8 1332 6874 54
T 154.876 6 1324 6879 53
T 154.876 7 1316 6824 53
T 154.876 8 1333 6874 54
T 154.899 6 1325 6879 53
T 154.899 7 1317 6824 53
T 154.899 8 1334 6874 54
T 154.925 6 1326 6879 53
T 154.925 7 1318 6824 53
T 154.925 8 1335 6874 54
T 154.999 7 1319 6824 53
T 154.999 8 1336 6874 54
T 154.999 1 1327 6877 54
T 155.022 7 1320 6824 53
T 155.022 8 1337 6874 54
T 155.022 1 1328 6877 54
IE 155.034 2
IR 155.035 2
IA 155.036 2
T 155.047 7 1321 6824 53
T 155.048 8 1338 6874 54
T 155.048 1 1329 6877 54
P 155.064 3
F 155.064 3 54
IQ 155.065 3
IS 155.065 3
T 155.072 7 1322 6824 53
T 155.072 8 1339 6874 54
T 155.072 1 1330 6877 54
T 155.100 7 1323 6824 53
T 155.100 8 1340 6874 54
T 155.100 1 1331 6877 54
T 155.124 7 1324 6824 53
T 155.124 8 1341 6874 54
T 155.124 1 1332 6877 54
T 155.199 7 1325 6824 53
T 155.200 8 1342 6874 54
T 155.200 1 1333 6877 54
T 155.200 2 1327 6920 54
T 155.224 7 1326 6824 53
T 155.224 8 1343 6874 54
T 155.224 1 1334 6877 54
T 155.224 2 1328 6920 54
T 155.248 8 1344 6874 54
T 155.248 1 1335 6877 54
T 155.248 2 1329 6920 54
T 155.272 8 1345 6874 54
T 155.272 1 1336 6877 54
T 155.272 2 1330 6920 54
T 155.296 8 1346 6874 54
T 155.296 1 1337 6877 54
T 155.296 2 1331 6920 54
IE 155.298 3
IR 155.298 3
IA 155.300 3
P 155.313 4
F 155.313 4 54
IQ 155.313 4
IS 155.314 4
T 155.321 8 1347 6874 54
T 155.321 1 1338 6877 54
T 155.322 2 1332 6920 54
T 155.346 8 1348 6874 54
T 155.346 1 1339 6877 54
T 155.346 2 1333 6920 54
T 155.374 8 1349 6874 54
T 155.374 1 1340 6877 54
T 155.374 2 1334 6920 54
T 155.398 8 1350 6874 54
T 155.398 1 1341 6877 54
T 155.398 2 1335 6920 54
T 155.423 8 1351 6874 54
T 155.423 1 1342 6877 54
T 155.423 2 1336 6920 54
T 155.487 1 1343 6877 54
T 155.487 2 1337 6920 54
T 155.487 3 1327 6897 54
T 155.511 1 1344 6877 54
T 155.511 2 1338 6920 54
T 155.511 3 1328 6897 54
IE 155.533 4
IR 155.542 4
IA 155.543 4
T 155.545 1 1345 6877 54
T 155.545 2 1339 6920 54
T 155.545 3 1329 6897 54
T 155.560 1 1346 6877 54
T 155.560 2 1340 6920 54
T 155.560 3 1330 6897 54
P 155.563 5
F 155.564 5 54
IQ 155.564 5
IS 155.565 5
T 155.584 1 1347 6877 54
T 155.584 2 1341 6920 54
T 155.584 3 1331 6897 54
T 155.612 1 1348 6877 54
T 155.612 2 1342 6920 54
T 155.612 3 1332 6897 54
T 155.636 1 1349 6877 54
T 155.636 2 1343 6920 54
T 155.636 3 1333 6897 54
T 155.701 1 1350 6877 54
T 155.701 2 1344 6920 54
T 155.701 3 1334 6897 54
T 155.701 4 1327 6884 54
T 155.726 1 1351 6877 54
T 155.726 2 1345 6920 54
T 155.726 3 1335 6897 54
T 155.726 4 1328 6884 54
T 155.749 2 1346 6920 54
T 155.749 3 1336 6897 54
T 155.749 4 1329 6884 54
T 155.773 2 1347 6920 54
T 155.773 3 1337 6897 54
T 155.773 4 1330 6884 54
T 155.797 2 1348 6920 54
T 155.797 3 1338 6897 54
T 155.797 4 1331 6884 54
P 155.813 6
F 155.814 6 54
IQ 155.814 6
IS 155.815 6
T 155.821 2 1349 6920 54
T 155.821 3 1339 6897 54
T 155.821 4 1332 6884 54
T 155.844 2 1350 6920 54
T 155.845 3 1340 6897 54
T 155.845 4 1333 6884 54
IE 155.845 5
IR 155.846 5
IA 155.847 5
T 155.870 2 1351 6920 54
T 155.871 3 1341 6897 54
T 155.871 4 1334 6884 54
T 155.893 3 1342 6897 54
T 155.894 4 1335 6884 54
T 155.919 3 1343 6897 54
T 155.919 4 1336 6884 54
T 155.942 3 1344 6897 54
T 155.942 4 1337 6884 54
T 155.965 3 1345 6897 54
T 155.965 4 1338 6884 54
T 156.027 3 1346 6897 54
T 156.027 4 1339 6884 54
T 156.027 5 1327 6862 54
IE 156.039 6
IR 156.040 6
IA 156.041 6
T 156.052 3 1347 6897 54
T 156.052 4 1340 6884 54
T 156.052 5 1328 6862 54
P 156.064 7
F 156.065 7 54
IQ 156.065 7
IS 156.065 7
T 156.076 3 1348 6897 54
T 156.076 4 1341 6884 54
T 156.077 5 1329 6862 54
T 156.105 3 1349 6897 54
T 156.105 4 1342 6884 54
T 156.105 5 1330 6862 54
T 156.129 3 1350 6897 54
T 156.129 4 1343 6884 54
T 156.129 5 1331 6862 54
T 156.196 3 1351 6897 54
T 156.196 4 1344 6884 54
T 156.196 5 1332 6862 54
T 156.196 6 1327 6932 54
T 156.219 4 1345 6884 54
T 156.219 5 1333 6862 54
T 156.220 6 1328 6932 54
T 156.243 4 1346 6884 54
T 156.243 5 1334 6862 54
T 156.244 6 1329 6932 54
T 156.267 4 1347 6884 54
T 156.267 5 1335 6862 54
T 156.268 6 1330 6932 54
T 156.291 4 1348 6884 54
T 156.291 5 1336 6862 54
T 156.291 6 1331 6932 54
P 156.313 8
F 156.314 8 55
IQ 156.314 8
IS 156.315 8
T 156.316 4 1349 6884 54
T 156.317 5 1337 6862 54
T 156.317 6 1332 6932 54
IE 156.325 7
IR 156.326 7
IA 156.327 7
T 156.340 4 1350 6884 54
T 156.341 5 1338 6862 54
T 156.341 6 1333 6932 54
T 156.366 4 1351 6884 54
T 156.366 5 1339 6862 54
T 156.366 6 1334 6932 54
T 156.391 5 1340 6862 54
T 156.392 6 1335 6932 54
T 156.414 5 1341 6862 54
T 156.414 6 1336 6932 54
T 156.436 5 1342 6862 54
T 156.436 6 1337 6932 54
T 156.512 5 1343 6862 54
T 156.512 6 1338 6932 54
T 156.512 7 1327 6877 54
T 156.535 5 1344 6862 54
T 156.535 6 1339 6932 54
T 156.536 7 1328 6877 54
T 156.559 5 1345 6862 54
T 156.559 6 1340 6932 54
T 156.559 7 1329 6877 54
P 156.565 1
F 156.566 1 55
IQ 156.566 1
IS 156.567 1
T 156.583 5 1346 6862 54
T 156.583 6 1341 6932 54
T 156.583 7 1330 6877 54
IE 156.596 8
IR 156.596 8
IA 156.598 8
T 156.609 5 1347 6862 54
T 156.609 6 1342 6932 54
T 156.609 7 1331 6877 54
T 156.633 5 1348 6862 54
T 156.633 6 1343 6932 54
T 156.633 7 1332 6877 54
T 156.661 5 1349 6862 54
T 156.661 6 1344 6932 54
T 156.661 7 1333 6877 54
T 156.685 5 1350 6862 54
T 156.685 6 1345 6932 54
T 156.685 7 1334 6877 54
T 156.763 5 1351 6862 54
T 156.764 6 1346 6932 54
T 156.764 7 1335 6877 54
T 156.764 8 1352 6927 55
T 156.787 6 1347 6932 54
T 156.787 7 1336 6877 54
T 156.787 8 1353 6927 55
T 156.811 6 1348 6932 54
T 156.811 7 1337 6877 54
T 156.811 8 1354 6927 55
P 156.814 2
F 156.814 2 55
IQ 156.815 2
IS 156.815 2
T 156.835 6 1349 6932 54
T 156.835 7 1338 6877 54
T 156.835 8 1355 6927 55
T 156.858 6 1350 6932 54
T 156.858 7 1339 6877 54
T 156.858 8 1356 6927 55
T 156.882 6 1351 6932 54
T 156.883 7 1340 6877 54
T 156.883 8 1357 6927 55
T 156.905 7 1341 6877 54
T 156.905 8 1358 6927 55
IE 156.920 1
IR 156.920 1
IA 156.922 1
T 156.929 7 1342 6877 54
T 156.930 8 1359 6927 55
T 156.958 7 1343 6877 54
T 156.958 8 1360 6927 55
T 156.981 7 1344 6877 54
T 156.981 8 1361 6927 55
T 157.003 7 1345 6877 54
T 157.003 8 1362 6927 55
T 157.025 7 1346 6877 54
T 157.025 8 1363 6927 55
IE 157.056 2
IR 157.057 2
IA 157.058 2
P 157.063 3
F 157.064 3 55
IQ 157.064 3
IS 157.065 3
T 157.103 7 1347 6877 54
T 157.103 8 1364 6927 55
T 157.103 1 1352 6930 55
T 157.127 7 1348 6877 54
T 157.127 8 1365 6927 55
T 157.127 1 1353 6930 55
T 157.157 7 1349 6877 54
T 157.157 8 1366 6927 55
T 157.157 1 1354 6930 55
T 157.179 7 1350 6877 54
T 157.179 8 1367 6927 55
T 157.179 1 1355 6930 55
T 157.243 7 1351 6877 54
T 157.243 8 1368 6927 55
T 157.243 1 1356 6930 55
T 157.243 2 1352 6973 55
T 157.266 8 1369 6927 55
T 157.266 1 1357 6930 55
T 157.266 2 1353 6973 55
T 157.290 8 1370 6927 55
T 157.290 1 1358 6930 55
T 157.290 2 1354 6973 55
T 157.315 8 1371 6927 55
T 157.315 1 1359 6930 55
P 157.315 4
T 157.315 2 1355 6973 55
F 157.316 4 55
IQ 157.316 4
IS 157.317 4
T 157.338 8 1372 6927 55
T 157.338 1 1360 6930 55
T 157.339 2 1356 6973 55
IE 157.344 3
IR 157.345 3
IA 157.347 3
T 157.363 8 1373 6927 55
T 157.364 1 1361 6930 55
T 157.364 2 1357 6973 55
T 157.387 8 1374 6927 55
T 157.387 1 1362 6930 55
T 157.387 2 1358 6973 55
T 157.416 8 1375 6927 55
T 157.416 1 1363 6930 55
T 157.416 2 1359 6973 55
T 157.440 8 1376 6927 55
T 157.441 1 1364 6930 55
T 157.441 2 1360 6973 55
T 157.503 1 1365 6930 55
T 157.503 2 1361 6973 55
T 157.503 3 1352 6950 55
T 157.526 1 1366 6930 55
T 157.526 2 1362 6973 55
T 157.527 3 1353 6950 55
T 157.550 1 1367 6930 55
T 157.550 2 1363 6973 55
T 157.550 3 1354 6950 55
P 157.563 5
F 157.563 5 55
IQ 157.564 5
IS 157.564 5
T 157.574 1 1368 6930 55
T 157.574 2 1364 6973 55
T 157.574 3 1355 6950 55
IE 157.588 4
IR 157.588 4
IA 157.590 4
T 157.599 1 1369 6930 55
T 157.599 2 1365 6973 55
T 157.599 3 1356 6950 55
T 157.623 1 1370 6930 55
T 157.623 2 1366 6973 55
T 157.623 3 1357 6950 55
T 157.651 1 1371 6930 55
T 157.652 2 1367 6973 55
T 157.652 3 1358 6950 55
T 157.675 1 1372 6930 55
T 157.675 2 1368 6973 55
T 157.675 3 1359 6950 55
T 157.740 1 1373 6930 55
T 157.740 2 1369 6973 55
T 157.740 3 1360 6950 55
T 157.740 4 1352 6937 55
T 157.764 1 1374 6930 55
T 157.764 2 1370 6973 55
T 157.764 3 1361 6950 55
T 157.764 4 1353 6937 55
T 157.788 1 1375 6930 55
T 157.788 2 1371 6973 55
T 157.788 3 1362 6950 55
T 157.788 4 1354 6937 55
T 157.812 1 1376 6930 55
T 157.812 2 1372 6973 55
T 157.812 3 1363 6950 55
T 157.813 4 1355 6937 55
P 157.814 6
F 157.814 6 55
IQ 157.814 6
IS 157.815 6
T 157.836 2 1373 6973 55
T 157.836 3 1364 6950 55
T 157.836 4 1356 6937 55
IE 157.846 5
IR 157.847 5
IA 157.848 5
T 157.861 2 1374 6973 55
T 157.862 3 1365 6950 55
T 157.862 4 1357 6937 55
T 157.890 2 1375 6973 55
T 157.891 3 1366 6950 55
T 157.891 4 1358 6937 55
T 157.915 2 1376 6973 55
T 157.915 3 1367 6950 55
T 157.915 4 1359 6937 55
T 157.938 3 1368 6950 55
T 157.938 4 1360 6937 55
T 157.960 3 1369 6950 55
T 157.960 4 1361 6937 55
T 158.035 3 1370 6950 55
T 158.035 4 1362 6937 55
T 158.035 5 1352 6915 55
IE 158.041 6
IR 158.042 6
IA 158.043 6
T 158.060 3 1371 6950 55
T 158.060 4 1363 6937 55
T 158.060 5 1353 6915 55
P 158.063 7
F 158.064 7 55
IQ 158.064 7
IS 158.065 7
T 158.091 3 1372 6950 55
T 158.091 4 1364 6937 55
T 158.091 5 1354 6915 55
T 158.115 3 1373 6950 55
T 158.115 4 1365 6937 55
T 158.115 5 1355 6915 55
T 158.139 3 1374 6950 55
T 158.139 4 1366 6937 55
T 158.139 5 1356 6915 55
T 158.203 3 1375 6950 55
T 158.203 4 1367 6937 55
T 158.203 5 1357 6915 55
T 158.203 6 1352 6985 55
T 158.228 3 1376 6950 55
T 158.228 4 1368 6937 55
T 158.228 5 1358 6915 55
T 158.228 6 1353 6985 55
T 158.251 4 1369 6937 55
T 158.252 5 1359 6915 55
T 158.252 6 1354 6985 55
T 158.275 4 1370 6937 55
T 158.275 5 1360 6915 55
T 158.275 6 1355 6985 55
T 158.299 4 1371 6937 55
T 158.299 5 1361 6915 55
T 158.299 6 1356 6985 55
P 158.314 8
F 158.314 8 56
IQ 158.314 8
IS 158.315 8
T 158.323 4 1372 6937 55
T 158.323 5 1362 6915 55
T 158.323 6 1357 6985 55
IE 158.324 7
IR 158.324 7
IA 158.326 7
T 158.348 4 1373 6937 55
T 158.348 5 1363 6915 55
T 158.348 6 1358 6985 55
T 158.372 4 1374 6937 55
T 158.372 5 1364 6915 55
T 158.372 6 1359 6985 55
T 158.401 4 1375 6937 55
T 158.401 5 1365 6915 55
T 158.401 6 1360 6985 55
T 158.426 4 1376 6937 55
T 158.426 5 1366 6915 55
T 158.426 6 1361 6985 55
T 158.448 5 1367 6915 55
T 158.448 6 1362 6985 55
T 158.523 5 1368 6915 55
T 158.523 6 1363 6985 55
T 158.523 7 1352 6930 55
T 158.546 5 1369 6915 55
T 158.546 6 1364 6985 55
T 158.547 7 1353 6930 55
IE 158.565 8
P 158.566 1
IR 158.566 8
IA 158.568 8
F 158.568 1 56
IQ 158.568 1
IS 158.569 1
T 158.570 5 1370 6915 55
T 158.571 6 1365 6985 55
T 158.571 7 1354 6930 55
T 158.597 5 1371 6915 55
T 158.597 6 1366 6985 55
T 158.597 7 1355 6930 55
T 158.620 5 1372 6915 55
T 158.621 6 1367 6985 55
T 158.621 7 1356 6930 55
T 158.649 5 1373 6915 55
T 158.649 6 1368 6985 55
T 158.649 7 1357 6930 55
T 158.673 5 1374 6915 55
T 158.673 6 1369 6985 55
T 158.673 7 1358 6930 55
T 158.738 5 1375 6915 55
T 158.738 6 1370 6985 55
T 158.738 7 1359 6930 55
T 158.738 8 1377 6980 56
T 158.763 5 1376 6915 55
T 158.763 6 1371 6985 55
T 158.763 7 1360 6930 55
T 158.763 8 1378 6980 56
T 158.786 6 1372 6985 55
T 158.786 7 1361 6930 55
T 158.786 8 1379 6980 56
T 158.810 6 1373 6985 55
T 158.810 7 1362 6930 55
T 158.810 8 1380 6980 56
P 158.813 2
F 158.814 2 56
IQ 158.814 2
IS 158.814 2
IE 158.827 1
IR 158.827 1
IA 158.829 1
T 158.836 6 1374 6985 55
T 158.836 7 1363 6930 55
T 158.836 8 1381 6980 56
T 158.859 6 1375 6985 55
T 158.859 7 1364 6930 55
T 158.859 8 1382 6980 56
T 158.889 6 1376 6985 55
T 158.889 7 1365 6930 55
T 158.890 8 1383 6980 56
T 158.912 7 1366 6930 55
T 158.912 8 1384 6980 56
T 158.934 7 1367 6930 55
T 158.934 8 1385 6980 56
T 159.010 7 1368 6930 55
T 159.010 8 1386 6980 56
T 159.010 1 1377 6983 56
T 159.034 7 1369 6930 55
T 159.034 8 1387 6980 56
T 159.034 1 1378 6983 56
IE 159.048 2
IR 159.048 2
IA 159.050 2
T 159.059 7 1370 6930 55
T 159.059 8 1388 6980 56
T 159.059 1 1379 6983 56
P 159.063 3
F 159.064 3 56
IQ 159.064 3
IS 159.064 3
T 159.083 7 1371 6930 55
T 159.083 8 1389 6980 56
T 159.083 1 1380 6983 56
T 159.112 7 1372 6930 55
T 159.112 8 1390 6980 56
T 159.112 1 1381 6983 56
T 159.136 7 1373 6930 55
T 159.136 8 1391 6980 56
T 159.136 1 1382 6983 56
T 159.202 7 1374 6930 55
T 159.202 8 1392 6980 56
T 159.202 1 1383 6983 56
T 159.202 2 1377 7026 56
T 159.225 7 1375 6930 55
T 159.226 8 1393 6980 56
T 159.226 1 1384 6983 56
T 159.226 2 1378 7026 56
T 159.250 7 1376 6930 55
T 159.250 8 1394 6980 56
T 159.251 1 1385 6983 56
T 159.251 2 1379 7026 56
T 159.274 8 1395 6980 56
T 159.274 1 1386 6983 56
T 159.274 2 1380 7026 56
T 159.298 8 1396 6980 56
T 159.298 1 1387 6983 56
T 159.298 2 1381 7026 56
IE 159.315 3
P 159.316 4
IR 159.316 3
IA 159.318 3
F 159.318 4 56
IQ 159.318 4
IS 159.319 4
T 159.323 8 1397 6980 56
T 159.324 1 1388 6983 56
T 159.324 2 1382 7026 56
T 159.348 8 1398 6980 56
T 159.348 1 1389 6983 56
T 159.348 2 1383 7026 56
T 159.377 8 1399 6980 56
T 159.377 1 1390 6983 56
T 159.378 2 1384 7026 56
T 159.401 8 1400 6980 56
T 159.401 1 1391 6983 56
T 159.401 2 1385 7026 56
T 159.477 8 1401 6980 56
T 159.478 1 1392 6983 56
T 159.478 2 1386 7026 56
T 159.478 3 1377 7003 56
T 159.501 1 1393 6983 56
T 159.501 2 1387 7026 56
T 159.501 3 1378 7003 56
T 159.525 1 1394 6983 56
T 159.525 2 1388 7026 56
T 159.525 3 1379 7003 56
IE 159.542 4
IR 159.543 4
IA 159.545 4
T 159.550 1 1395 6983 56
T 159.550 2 1389 7026 56
T 159.550 3 1380 7003 56
P 159.564 5
F 159.564 5 56
IQ 159.565 5
IS 159.565 5
T 159.574 1 1396 6983 56
T 159.574 2 1390 7026 56
T 159.574 3 1381 7003 56
T 159.602 1 1397 6983 56
T 159.603 2 1391 7026 56
T 159.603 3 1382 7003 56
T 159.626 1 1398 6983 56
T 159.626 2 1392 7026 56
T 159.626 3 1383 7003 56
T 159.691 1 1399 6983 56
T 159.691 2 1393 7026 56
T 159.692 3 1384 7003 56
T 159.692 4 1377 6990 56
T 159.716 1 1400 6983 56
T 159.716 2 1394 7026 56
T 159.717 3 1385 7003 56
T 159.717 4 1378 6990 56
T 159.741 1 1401 6983 56
T 159.742 2 1395 7026 56
T 159.742 3 1386 7003 56
T 159.742 4 1379 6990 56
T 159.765 2 1396 7026 56
T 159.765 3 1387 7003 56
T 159.765 4 1380 6990 56
T 159.789 2 1397 7026 56
T 159.789 3 1388 7003 56
T 159.789 4 1381 6990 56
T 159.813 2 1398 7026 56
T 159.813 3 1389 7003 56
T 159.814 4 1382 6990 56
P 159.814 6
F 159.819 6 56
IQ 159.819 6
IS 159.820 6
IE 159.826 5
IR 159.827 5
IA 159.828 5
T 159.838 2 1399 7026 56
T 159.839 3 1390 7003 56
T 159.839 4 1383 6990 56
T 159.863 2 1400 7026 56
T 159.863 3 1391 7003 56
T 159.863 4 1384 6990 56
T 159.893 2 1401 7026 56
T 159.893 3 1392 7003 56
T 159.893 4 1385 6990 56
T 159.915 3 1393 7003 56
T 159.915 4 1386 6990 56
T 159.937 3 1394 7003 56
T 159.938 4 1387 6990 56
T 160.014 3 1395 7003 56
T 160.014 4 1388 6990 56
T 160.014 5 1377 6968 56
T 160.037 3 1396 7003 56
T 160.037 4 1389 6990 56
T 160.037 5 1378 6968 56
T 160.061 3 1397 7003 56
T 160.061 4 1390 6990 56
T 160.061 5 1379 6968 56
P 160.064 7
F 160.064 7 56
IQ 160.065 7
IS 160.065 7
IE 160.082 6
IR 160.082 6
IA 160.083 6
T 160.085 3 1398 7003 56
T 160.085 4 1391 6990 56
T 160.085 5 1380 6968 56
T 160.109 3 1399 7003 56
T 160.110 4 1392 6990 56
T 160.110 5 1381 6968 56
T 160.134 3 1400 7003 56
T 160.134 4 1393 6990 56
T 160.134 5 1382 6968 56
T 160.163 3 1401 7003 56
T 160.164 4 1394 6990 56
T 160.164 5 1383 6968 56
T 160.186 4 1395 6990 56
T 160.186 5 1384 6968 56
T 160.248 4 1396 6990 56
T 160.248 5 1385 6968 56
T 160.248 6 1377 7038 56
T 160.272 4 1397 6990 56
T 160.273 5 1386 6968 56
T 160.273 6 1378 7038 56
T 160.296 4 1398 6990 56
T 160.296 5 1387 6968 56
T 160.296 6 1379 7038 56
P 160.314 8
F 160.314 8 57
IQ 160.314 8
IS 160.315 8
T 160.320 4 1399 6990 56
T 160.320 5 1388 6968 56
T 160.320 6 1380 7038 56
IE 160.323 7
IR 160.323 7
IA 160.325 7
T 160.345 4 1400 6990 56
T 160.345 5 1389 6968 56
T 160.346 6 1381 7038 56
T 160.370 4 1401 6990 56
T 160.370 5 1390 6968 56
T 160.370 6 1382 7038 56
T 160.396 5 1391 6968 56
T 160.397 6 1383 7038 56
T 160.419 5 1392 6968 56
T 160.419 6 1384 7038 56
T 160.442 5 1393 6968 56
T 160.442 6 1385 7038 56
T 160.518 5 1394 6968 56
T 160.518 6 1386 7038 56
T 160.518 7 1377 6983 56
T 160.540 5 1395 6968 56
T 160.540 6 1387 7038 56
T 160.540 7 1378 6983 56
T 160.565 5 1396 6968 56
T 160.565 6 1388 7038 56
T 160.566 7 1379 6983 56
P 160.566 1
F 160.567 1 57
IQ 160.567 1
IS 160.568 1
T 160.587 5 1397 6968 56
T 160.588 6 1389 7038 56
T 160.588 7 1380 6983 56
IE 160.597 8
IR 160.598 8
IA 160.599 8
T 160.613 5 1398 6968 56
T 160.613 6 1390 7038 56
T 160.613 7 1381 6983 56
T 160.636 5 1399 6968 56
T 160.636 6 1391 7038 56
T 160.636 7 1382 6983 56
T 160.665 5 1400 6968 56
T 160.666 6 1392 7038 56
T 160.666 7 1383 6983 56
T 160.690 5 1401 6968 56
T 160.690 6 1393 7038 56
T 160.691 7 1384 6983 56
T 160.755 6 1394 7038 56
T 160.755 7 1385 6983 56
T 160.755 8 1402 7033 57
T 160.778 6 1395 7038 56
T 160.778 7 1386 6983 56
T 160.778 8 1403 7033 57
T 160.802 6 1396 7038 56
T 160.802 7 1387 6983 56
T 160.802 8 1404 7033 57
P 160.815 2
F 160.815 2 57
IQ 160.815 2
IS 160.816 2
T 160.826 6 1397 7038 56
T 160.826 7 1388 6983 56
T 160.826 8 1405 7033 57
IE 160.826 1
IR 160.827 1
IA 160.828 1
T 160.851 6 1398 7038 56
T 160.851 7 1389 6983 56
T 160.851 8 1406 7033 57
T 160.875 6 1399 7038 56
T 160.875 7 1390 6983 56
T 160.875 8 1407 7033 57
T 160.905 6 1400 7038 56
T 160.905 7 1391 6983 56
T 160.905 8 1408 7033 57
T 160.929 6 1401 7038 56
T 160.930 7 1392 6983 56
T 160.930 8 1409 7033 57
T 160.952 7 1393 6983 56
T 160.952 8 1410 7033 57
T 161.017 7 1394 6983 56
T 161.018 8 1411 7033 57
T 161.018 1 1402 7036 57
T 161.041 7 1395 6983 56
T 161.041 8 1412 7033 57
T 161.041 1 1403 7036 57
P 161.063 3
F 161.064 3 57
IQ 161.064 3
IS 161.065 3
T 161.066 7 1396 6983 56
T 161.066 8 1413 7033 57
T 161.066 1 1404 7036 57
T 161.088 7 1397 6983 56
T 161.088 8 1414 7033 57
T 161.088 1 1405 7036 57
T 161.112 7 1398 6983 56
T 161.112 8 1415 7033 57
T 161.112 1 1406 7036 57
IE 161.117 2
IR 161.117 2
IA 161.119 2
T 161.137 7 1399 6983 56
T 161.138 8 1416 7033 57
T 161.138 1 1407 7036 57
T 161.161 7 1400 6983 56
T 161.161 8 1417 7033 57
T 161.161 1 1408 7036 57
T 161.191 7 1401 6983 56
T 161.191 8 1418 7033 57
T 161.191 1 1409 7036 57
T 161.214 8 1419 7033 57
T 161.214 1 1410 7036 57
T 161.279 8 1420 7033 57
T 161.279 1 1411 7036 57
T 161.279 2 1402 7079 57
T 161.303 8 1421 7033 57
T 161.303 1 1412 7036 57
T 161.303 2 1403 7079 57
P 161.314 4
F 161.315 4 57
IQ 161.315 4
IS 161.315 4
T 161.327 8 1422 7033 57
T 161.327 1 1413 7036 57
T 161.327 2 1404 7079 57
IE 161.330 3
IR 161.330 3
IA 161.332 3
T 161.352 8 1423 7033 57
T 161.352 1 1414 7036 57
T 161.352 2 1405 7079 57
T 161.376 8 1424 7033 57
T 161.376 1 1415 7036 57
T 161.376 2 1406 7079 57
T 161.405 8 1425 7033 57
T 161.405 1 1416 7036 57
T 161.405 2 1407 7079 57
T 161.430 8 1426 7033 57
T 161.430 1 1417 7036 57
T 161.430 2 1408 7079 57
T 161.505 1 1418 7036 57
T 161.505 2 1409 7079 57
T 161.505 3 1402 7056 57
T 161.529 1 1419 7036 57
T 161.529 2 1410 7079 57
T 161.529 3 1403 7056 57
T 161.552 1 1420 7036 57
T 161.553 2 1411 7079 57
T 161.553 3 1404 7056 57
P 161.564 5
F 161.565 5 57
IQ 161.565 5
IS 161.566 5
T 161.576 1 1421 7036 57
T 161.576 2 1412 7079 57
T 161.576 3 1405 7056 57
T 161.600 1 1422 7036 57
T 161.600 2 1413 7079 57
T 161.600 3 1406 7056 57
IE 161.601 4
IR 161.601 4
IA 161.603 4
T 161.625 1 1423 7036 57
T 161.625 2 1414 7079 57
T 161.625 3 1407 7056 57
T 161.649 1 1424 7036 57
T 161.649 2 1415 7079 57
T 161.649 3 1408 7056 57
T 161.678 1 1425 7036 57
T 161.678 2 1416 7079 57
T 161.678 3 1409 7056 57
T 161.703 1 1426 7036 57
T 161.703 2 1417 7079 57
T 161.703 3 1410 7056 57
T 161.778 2 1418 7079 57
T 161.779 3 1411 7056 57
T 161.779 4 1402 7043 57
T 161.802 2 1419 7079 57
T 161.802 3 1412 7056 57
T 161.802 4 1403 7043 57
IE 161.808 5
IR 161.809 5
IA 161.810 5
P 161.813 6
F 161.814 6 57
IQ 161.814 6
IS 161.814 6
T 161.827 2 1420 7079 57
T 161.828 3 1413 7056 57
T 161.828 4 1404 7043 57
T 161.851 2 1421 7079 57
T 161.851 3 1414 7056 57
T 161.851 4 1405 7043 57
T 161.880 2 1422 7079 57
T 161.880 3 1415 7056 57
T 161.880 4 1406 7043 57
T 161.904 2 1423 7079 57
T 161.904 3 1416 7056 57
T 161.904 4 1407 7043 57
T 161.928 2 1424 7079 57
T 161.928 3 1417 7056 57
T 161.928 4 1408 7043 57
T 161.990 2 1425 7079 57
T 161.990 3 1418 7056 57
T 161.990 4 1409 7043 57
T 161.990 5 1402 7021 57
T 162.015 2 1426 7079 57
T 162.015 3 1419 7056 57
T 162.015 4 1410 7043 57
T 162.015 5 1403 7021 57
T 162.039 3 1420 7056 57
T 162.039 4 1411 7043 57
T 162.039 5 1404 7021 57
T 162.063 3 1421 7056 57
T 162.063 4 1412 7043 57
T 162.063 5 1405 7021 57
P 162.064 7
F 162.065 7 57
IQ 162.065 7
IS 162.066 7
IE 162.072 6
IR 162.073 6
IA 162.074 6
T 162.088 3 1422 7056 57
T 162.088 4 1413 7043 57
T 162.088 5 1406 7021 57
T 162.120 3 1423 7056 57
T 162.120 4 1414 7043 57
T 162.120 5 1407 7021 57
T 162.144 3 1424 7056 57
T 162.144 4 1415 7043 57
T 162.144 5 1408 7021 57
T 162.168 3 1425 7056 57
T 162.168 4 1416 7043 57
T 162.168 5 1409 7021 57
T 162.244 3 1426 7056 57
T 162.244 4 1417 7043 57
T 162.244 5 1410 7021 57
T 162.245 6 1402 7091 57
T 162.268 4 1418 7043 57
T 162.268 5 1411 7021 57
T 162.268 6 1403 7091 57
T 162.292 4 1419 7043 57
T 162.292 5 1412 7021 57
T 162.292 6 1404 7091 57
P 162.314 8
F 162.314 8 58
IQ 162.315 8
IS 162.316 8
T 162.316 4 1420 7043 57
T 162.317 5 1413 7021 57
T 162.317 6 1405 7091 57
IE 162.320 7
IR 162.320 7
IA 162.322 7
T 162.341 4 1421 7043 57
T 162.341 5 1414 7021 57
T 162.341 6 1406 7091 57
T 162.365 4 1422 7043 57
T 162.365 5 1415 7021 57
T 162.365 6 1407 7091 57
T 162.394 4 1423 7043 57
T 162.394 5 1416 7021 57
T 162.394 6 1408 7091 57
T 162.417 4 1424 7043 57
T 162.417 5 1417 7021 57
T 162.418 6 1409 7091 57
T 162.441 4 1425 7043 57
T 162.441 5 1418 7021 57
T 162.441 6 1410 7091 57
T 162.507 4 1426 7043 57
T 162.508 5 1419 7021 57
T 162.508 6 1411 7091 57
T 162.508 7 1402 7036 57
T 162.531 5 1420 7021 57
T 162.531 6 1412 7091 57
T 162.531 7 1403 7036 57
T 162.555 5 1421 7021 57
T 162.555 6 1413 7091 57
T 162.555 7 1404 7036 57
P 162.563 1
F 162.564 1 58
IQ 162.564 1
IS 162.564 1
T 162.579 5 1422 7021 57
T 162.579 6 1414 7091 57
T 162.579 7 1405 7036 57
IE 162.601 8
IR 162.602 8
IA 162.603 8
T 162.605 5 1423 7021 57
T 162.605 6 1415 7091 57
T 162.605 7 1406 7036 57
T 162.628 5 1424 7021 57
T 162.628 6 1416 7091 57
T 162.628 7 1407 7036 57
T 162.658 5 1425 7021 57
T 162.658 6 1417 7091 57
T 162.658 7 1408 7036 57
T 162.683 5 1426 7021 57
T 162.683 6 1418 7091 57
T 162.683 7 1409 7036 57
T 162.705 6 1419 7091 57
T 162.705 7 1410 7036 57
T 162.728 6 1420 7091 57
T 162.728 7 1411 7036 57
T 162.791 6 1421 7091 57
T 162.791 7 1412 7036 57
T 162.791 8 1427 7086 58
P 162.814 2
F 162.814 2 58
IQ 162.814 2
T 162.816 6 1422 7091 57
T 162.816 7 1413 7036 57
IS 162.816 2
T 162.816 8 1428 7086 58
IE 162.819 1
IR 162.819 1
IA 162.821 1
T 162.840 6 1423 7091 57
T 162.840 7 1414 7036 57
T 162.840 8 1429 7086 58
T 162.863 6 1424 7091 57
T 162.863 7 1415 7036 57
T 162.864 8 1430 7086 58
T 162.894 6 1425 7091 57
T 162.894 7 1416 7036 57
T 162.894 8 1431 7086 58
T 162.918 6 1426 7091 57
T 162.918 7 1417 7036 57
T 162.918 8 1432 7086 58
T 162.941 7 1418 7036 57
T 162.941 8 1433 7086 58
T 163.005 7 1419 7036 57
T 163.005 8 1434 7086 58
T 163.006 1 1427 7089 58
T 163.029 7 1420 7036 57
T 163.029 8 1435 7086 58
T 163.029 1 1428 7089 58
T 163.053 7 1421 7036 57
T 163.053 8 1436 7086 58
T 163.053 1 1429 7089 58
P 163.066 3
F 163.066 3 58
IQ 163.067 3
IS 163.067 3
T 163.077 7 1422 7036 57
T 163.077 8 1437 7086 58
T 163.077 1 1430 7089 58
IE 163.083 2
IR 163.092 2
IA 163.094 2
T 163.102 7 1423 7036 57
T 163.102 8 1438 7086 58
T 163.102 1 1431 7089 58
T 163.126 7 1424 7036 57
T 163.126 8 1439 7086 58
T 163.126 1 1432 7089 58
T 163.156 7 1425 7036 57
T 163.156 8 1440 7086 58
T 163.156 1 1433 7089 58
T 163.181 7 1426 7036 57
T 163.181 8 1441 7086 58
T 163.181 1 1434 7089 58
T 163.257 8 1442 7086 58
T 163.257 1 1435 7089 58
T 163.257 2 1427 7132 58
T 163.280 8 1443 7086 58
T 163.280 1 1436 7089 58
T 163.281 2 1428 7132 58
T 163.304 8 1444 7086 58
T 163.304 1 1437 7089 58
T 163.305 2 1429 7132 58
P 163.314 4
F 163.314 4 58
IQ 163.315 4
IS 163.315 4
T 163.328 8 1445 7086 58
T 163.328 1 1438 7089 58
T 163.328 2 1430 7132 58
IE 163.344 3
IR 163.344 3
IA 163.346 3
T 163.353 8 1446 7086 58
T 163.353 1 1439 7089 58
T 163.353 2 1431 7132 58
T 163.384 8 1447 7086 58
T 163.384 1 1440 7089 58
T 163.384 2 1432 7132 58
T 163.408 8 1448 7086 58
T 163.408 1 1441 7089 58
T 163.408 2 1433 7132 58
T 163.432 8 1449 7086 58
T 163.432 1 1442 7089 58
T 163.432 2 1434 7132 58
T 163.496 8 1450 7086 58
T 163.496 1 1443 7089 58
T 163.496 2 1435 7132 58
T 163.496 3 1427 7109 58
T 163.521 8 1451 7086 58
T 163.521 1 1444 7089 58
T 163.521 2 1436 7132 58
T 163.521 3 1428 7109 58
T 163.544 1 1445 7089 58
T 163.545 2 1437 7132 58
T 163.545 3 1429 7109 58
P 163.564 5
F 163.564 5 58
IQ 163.565 5
IS 163.565 5
T 163.568 1 1446 7089 58
T 163.569 2 1438 7132 58
T 163.569 3 1430 7109 58
T 163.592 1 1447 7089 58
T 163.592 2 1439 7132 58
T 163.592 3 1431 7109 58
T 163.616 1 1448 7089 58
T 163.616 2 1440 7132 58
T 163.616 3 1432 7109 58
IE 163.623 4
IR 163.623 4
IA 163.625 4
T 163.642 1 1449 7089 58
T 163.642 2 1441 7132 58
T 163.642 3 1433 7109 58
T 163.666 1 1450 7089 58
T 163.666 2 1442 7132 58
T 163.666 3 1434 7109 58
T 163.695 1 1451 7089 58
T 163.695 2 1443 7132 58
T 163.696 3 1435 7109 58
T 163.718 2 1444 7132 58
T 163.718 3 1436 7109 58
T 163.793 2 1445 7132 58
T 163.793 3 1437 7109 58
T 163.793 4 1427 7096 58
IE 163.812 5
IR 163.814 5
P 163.814 6
IA 163.816 5
F 163.816 6 58
IQ 163.817 6
IS 163.817 6
T 163.818 2 1446 7132 58
T 163.818 3 1438 7109 58
T 163.818 4 1428 7096 58
T 163.842 2 1447 7132 58
T 163.842 3 1439 7109 58
T 163.842 4 1429 7096 58
T 163.872 2 1448 7132 58
T 163.873 3 1440 7109 58
T 163.873 4 1430 7096 58
T 163.896 2 1449 7132 58
T 163.896 3 1441 7109 58
T 163.896 4 1431 7096 58
T 163.920 2 1450 7132 58
T 163.920 3 1442 7109 58
T 163.920 4 1432 7096 58
T 163.945 2 1451 7132 58
T 163.945 3 1443 7109 58
T 163.945 4 1433 7096 58
T 164.010 3 1444 7109 58
T 164.010 4 1434 7096 58
T 164.010 5 1427 7074 58
T 164.033 3 1445 7109 58
T 164.034 4 1435 7096 58
T 164.034 5 1428 7074 58
T 164.057 3 1446 7109 58
T 164.057 4 1436 7096 58
T 164.057 5 1429 7074 58
P 164.063 7
F 164.064 7 58
IQ 164.064 7
IS 164.065 7
T 164.081 3 1447 7109 58
T 164.081 4 1437 7096 58
T 164.081 5 1430 7074 58
IE 164.103 6
IR 164.103 6
IA 164.105 6
T 164.106 3 1448 7109 58
T 164.106 4 1438 7096 58
T 164.106 5 1431 7074 58
T 164.130 3 1449 7109 58
T 164.130 4 1439 7096 58
T 164.130 5 1432 7074 58
T 164.154 3 1450 7109 58
T 164.154 4 1440 7096 58
T 164.154 5 1433 7074 58
T 164.186 3 1451 7109 58
T 164.186 4 1441 7096 58
T 164.186 5 1434 7074 58
T 164.209 4 1442 7096 58
T 164.209 5 1435 7074 58
T 164.284 4 1443 7096 58
T 164.284 5 1436 7074 58
T 164.284 6 1427 7144 58
T 164.308 4 1444 7096 58
T 164.308 5 1437 7074 58
T 164.308 6 1428 7144 58
P 164.314 8
F 164.314 8 59
IQ 164.314 8
IS 164.315 8
T 164.332 4 1445 7096 58
T 164.332 5 1438 7074 58
T 164.333 6 1429 7144 58
IE 164.333 7
IR 164.333 7
IA 164.335 7
T 164.357 4 1446 7096 58
T 164.357 5 1439 7074 58
T 164.357 6 1430 7144 58
T 164.387 4 1447 7096 58
T 164.387 5 1440 7074 58
T 164.388 6 1431 7144 58
T 164.411 4 1448 7096 58
T 164.411 5 1441 7074 58
T 164.411 6 1432 7144 58
T 164.435 4 1449 7096 58
T 164.435 5 1442 7074 58
T 164.435 6 1433 7144 58
T 164.459 4 1450 7096 58
T 164.459 5 1443 7074 58
T 164.459 6 1434 7144 58
T 164.527 4 1451 7096 58
T 164.527 5 1444 7074 58
T 164.527 6 1435 7144 58
T 164.527 7 1427 7089 58
T 164.550 5 1445 7074 58
T 164.550 6 1436 7144 58
T 164.550 7 1428 7089 58
P 164.563 1
F 164.563 1 59
IQ 164.563 1
IS 164.564 1
T 164.574 5 1446 7074 58
T 164.574 6 1437 7144 58
T 164.574 7 1429 7089 58
T 164.598 5 1447 7074 58
T 164.598 6 1438 7144 58
T 164.598 7 1430 7089 58
T 164.621 5 1448 7074 58
T 164.621 6 1439 7144 58
T 164.622 7 1431 7089 58
IE 164.625 8
IR 164.626 8
IA 164.627 8
T 164.647 5 1449 7074 58
T 164.648 6 1440 7144 58
T 164.648 7 1432 7089 58
T 164.679 5 1450 7074 58
T 164.679 6 1441 7144 58
T 164.679 7 1433 7089 58
T 164.704 5 1451 7074 58
T 164.704 6 1442 7144 58
T 164.704 7 1434 7089 58
T 164.729 6 1443 7144 58
T 164.729 7 1435 7089 58
T 164.804 6 1444 7144 58
T 164.804 7 1436 7089 58
T 164.804 8 1452 7139 59
P 164.814 2
F 164.814 2 59
IQ 164.815 2
IS 164.815 2
T 164.827 6 1445 7144 58
T 164.827 7 1437 7089 58
T 164.827 8 1453 7139 59
IE 164.837 1
IR 164.838 1
IA 164.839 1
T 164.853 6 1446 7144 58
T 164.853 7 1438 7089 58
T 164.853 8 1454 7139 59
T 164.876 6 1447 7144 58
T 164.876 7 1439 7089 58
T 164.876 8 1455 7139 59
T 164.907 6 1448 7144 58
T 164.907 7 1440 7089 58
T 164.907 8 1456 7139 59
T 164.930 6 1449 7144 58
T 164.930 7 1441 7089 58
T 164.931 8 1457 7139 59
T 164.955 6 1450 7144 58
T 164.955 7 1442 7089 58
T 164.955 8 1458 7139 59
T 165.020 6 1451 7144 58
T 165.020 7 1443 7089 58
T 165.020 8 1459 7139 59
T 165.021 1 1452 7142 59
T 165.044 7 1444 7089 58
T 165.044 8 1460 7139 59
T 165.044 1 1453 7142 59
P 165.064 3
F 165.064 3 59
IQ 165.064 3
IS 165.065 3
T 165.068 7 1445 7089 58
T 165.068 8 1461 7139 59
T 165.068 1 1454 7142 59
IE 165.077 2
IR 165.077 2
IA 165.079 2
T 165.093 7 1446 7089 58
T 165.094 8 1462 7139 59
T 165.094 1 1455 7142 59
T 165.117 7 1447 7089 58
T 165.117 8 1463 7139 59
T 165.117 1 1456 7142 59
T 165.147 7 1448 7089 58
T 165.147 8 1464 7139 59
T 165.147 1 1457 7142 59
T 165.170 7 1449 7089 58
T 165.171 8 1465 7139 59
T 165.171 1 1458 7142 59
T 165.247 7 1450 7089 58
T 165.247 8 1466 7139 59
T 165.247 1 1459 7142 59
T 165.247 2 1452 7185 59
T 165.271 7 1451 7089 58
T 165.271 8 1467 7139 59
T 165.271 1 1460 7142 59
T 165.271 2 1453 7185 59
T 165.295 8 1468 7139 59
T 165.295 1 1461 7142 59
T 165.295 2 1454 7185 59
IE 165.313 3
IR 165.314 3
P 165.315 4
IA 165.316 3
F 165.316 4 59
IQ 165.317 4
IS 165.317 4
T 165.319 8 1469 7139 59
T 165.319 1 1462 7142 59
T 165.319 2 1455 7185 59
T 165.345 8 1470 7139 59
T 165.345 1 1463 7142 59
T 165.345 2 1456 7185 59
T 165.368 8 1471 7139 59
T 165.368 1 1464 7142 59
T 165.369 2 1457 7185 59
T 165.399 8 1472 7139 59
T 165.399 1 1465 7142 59
T 165.399 2 1458 7185 59
T 165.422 8 1473 7139 59
T 165.422 1 1466 7142 59
T 165.422 2 1459 7185 59
T 165.446 8 1474 7139 59
T 165.446 1 1467 7142 59
T 165.446 2 1460 7185 59
T 165.511 8 1475 7139 59
T 165.511 1 1468 7142 59
T 165.511 2 1461 7185 59
T 165.511 3 1452 7162 59
T 165.536 8 1476 7139 59
T 165.536 1 1469 7142 59
T 165.536 2 1462 7185 59
T 165.536 3 1453 7162 59
T 165.559 1 1470 7142 59
T 165.559 2 1463 7185 59
T 165.560 3 1454 7162 59
P 165.564 5
F 165.564 5 59
IQ 165.564 5
IS 165.565 5
T 165.583 1 1471 7142 59
T 165.583 2 1464 7185 59
T 165.583 3 1455 7162 59
IE 165.584 4
IR 165.584 4
IA 165.586 4
T 165.609 1 1472 7142 59
T 165.609 2 1465 7185 59
T 165.609 3 1456 7162 59
T 165.640 1 1473 7142 59
T 165.640 2 1466 7185 59
T 165.640 3 1457 7162 59
T 165.664 1 1474 7142 59
T 165.664 2 1467 7185 59
T 165.664 3 1458 7162 59
T 165.688 1 1475 7142 59
T 165.688 2 1468 7185 59
T 165.688 3 1459 7162 59
T 165.754 1 1476 7142 59
T 165.754 2 1469 7185 59
T 165.754 3 1460 7162 59
T 165.754 4 1452 7149 59
T 165.777 2 1470 7185 59
T 165.777 3 1461 7162 59
T 165.778 4 1453 7149 59
T 165.801 2 1471 7185 59
T 165.801 3 1462 7162 59
T 165.801 4 1454 7149 59
P 165.816 6
F 165.817 6 59
IQ 165.817 6
IS 165.817 6
IE 165.822 5
IR 165.822 5
IA 165.824 5
T 165.825 2 1472 7185 59
T 165.825 3 1463 7162 59
T 165.826 4 1455 7149 59
T 165.850 2 1473 7185 59
T 165.850 3 1464 7162 59
T 165.850 4 1456 7149 59
T 165.881 2 1474 7185 59
T 165.881 3 1465 7162 59
T 165.881 4 1457 7149 59
T 165.905 2 1475 7185 59
T 165.905 3 1466 7162 59
T 165.905 4 1458 7149 59
T 165.929 2 1476 7185 59
T 165.929 3 1467 7162 59
T 165.930 4 1459 7149 59
T 165.995 3 1468 7162 59
T 165.995 4 1460 7149 59
T 165.995 5 1452 7127 59
T 166.018 3 1469 7162 59
T 166.018 4 1461 7149 59
T 166.018 5 1453 7127 59
T 166.042 3 1470 7162 59
T 166.042 4 1462 7149 59
T 166.042 5 1454 7127 59
P 166.063 7
F 166.064 7 59
IQ 166.064 7
IS 166.064 7
T 166.066 3 1471 7162 59
T 166.067 4 1463 7149 59
T 166.067 5 1455 7127 59
T 166.090 3 1472 7162 59
T 166.090 4 1464 7149 59
T 166.090 5 1456 7127 59
IE 166.090 6
IR 166.091 6
IA 166.092 6
T 166.115 3 1473 7162 59
T 166.115 4 1465 7149 59
T 166.115 5 1457 7127 59
T 166.139 3 1474 7162 59
T 166.139 4 1466 7149 59
T 166.139 5 1458 7127 59
T 166.169 3 1475 7162 59
T 166.169 4 1467 7149 59
T 166.170 5 1459 7127 59
T 166.194 3 1476 7162 59
T 166.194 4 1468 7149 59
T 166.195 5 1460 7127 59
T 166.260 4 1469 7149 59
T 166.260 5 1461 7127 59
T 166.260 6 1452 7197 59
T 166.284 4 1470 7149 59
T 166.284 5 1462 7127 59
T 166.284 6 1453 7197 59
T 166.307 4 1471 7149 59
T 166.307 5 1463 7127 59
T 166.308 6 1454 7197 59
P 166.313 8
F 166.314 8 60
IQ 166.314 8
IS 166.315 8
T 166.331 4 1472 7149 59
T 166.331 5 1464 7127 59
T 166.331 6 1455 7197 59
IE 166.335 7
IR 166.335 7
IA 166.337 7
T 166.356 4 1473 7149 59
T 166.356 5 1465 7127 59
T 166.356 6 1456 7197 59
T 166.388 4 1474 7149 59
T 166.388 5 1466 7127 59
T 166.388 6 1457 7197 59
T 166.412 4 1475 7149 59
T 166.412 5 1467 7127 59
T 166.412 6 1458 7197 59
T 166.436 4 1476 7149 59
T 166.436 5 1468 7127 59
T 166.436 6 1459 7197 59
T 166.459 5 1469 7127 59
T 166.459 6 1460 7197 59
T 166.523 5 1470 7127 59
T 166.523 6 1461 7197 59
T 166.523 7 1452 7142 59
T 166.547 5 1471 7127 59
T 166.547 6 1462 7197 59
T 166.547 7 1453 7142 59
P 166.563 1
F 166.564 1 60
IQ 166.564 1
IS 166.565 1
T 166.570 5 1472 7127 59
T 166.570 6 1463 7197 59
T 166.571 7 1454 7142 59
IE 166.581 8
IR 166.582 8
IA 166.583 8
T 166.595 5 1473 7127 59
T 166.595 6 1464 7197 59
T 166.596 7 1455 7142 59
T 166.620 5 1474 7127 59
T 166.620 6 1465 7197 59
T 166.620 7 1456 7142 59
T 166.650 5 1475 7127 59
T 166.650 6 1466 7197 59
T 166.651 7 1457 7142 59
T 166.675 5 1476 7127 59
T 166.675 6 1467 7197 59
T 166.675 7 1458 7142 59
T 166.751 6 1468 7197 59
T 166.751 7 1459 7142 59
T 166.751 8 1477 7192 60
T 166.774 6 1469 7197 59
T 166.774 7 1460 7142 59
T 166.774 8 1478 7192 60
T 166.797 6 1470 7197 59
T 166.798 7 1461 7142 59
T 166.798 8 1479 7192 60
P 166.815 2
F 166.816 2 60
IQ 166.816 2
IS 166.816 2
T 166.822 6 1471 7197 59
T 166.822 7 1462 7142 59
T 166.822 8 1480 7192 60
IE 166.830 1
IR 166.830 1
IA 166.831 1
T 166.847 6 1472 7197 59
T 166.847 7 1463 7142 59
T 166.847 8 1481 7192 60
T 166.870 6 1473 7197 59
T 166.870 7 1464 7142 59
T 166.870 8 1482 7192 60
T 166.900 6 1474 7197 59
T 166.901 7 1465 7142 59
T 166.901 8 1483 7192 60
T 166.924 6 1475 7197 59
T 166.924 7 1466 7142 59
T 166.924 8 1484 7192 60
T 166.948 6 1476 7197 59
T 166.948 7 1467 7142 59
T 166.949 8 1485 7192 60
T 167.024 7 1468 7142 59
T 167.024 8 1486 7192 60
T 167.024 1 1477 7195 60
T 167.048 7 1469 7142 59
T 167.048 8 1487 7192 60
T 167.048 1 1478 7195 60
P 167.066 3
F 167.066 3 60
IQ 167.066 3
IS 167.067 3
T 167.072 7 1470 7142 59
T 167.072 8 1488 7192 60
T 167.072 1 1479 7195 60
IE 167.090 2
IR 167.102 2
IA 167.104 2
T 167.105 7 1471 7142 59
T 167.105 8 1489 7192 60
T 167.105 1 1480 7195 60
T 167.120 7 1472 7142 59
T 167.120 8 1490 7192 60
T 167.120 1 1481 7195 60
T 167.144 7 1473 7142 59
T 167.144 8 1491 7192 60
T 167.144 1 1482 7195 60
T 167.174 7 1474 7142 59
T 167.174 8 1492 7192 60
T 167.175 1 1483 7195 60
T 167.198 7 1475 7142 59
T 167.198 8 1493 7192 60
T 167.198 1 1484 7195 60
T 167.275 7 1476 7142 59
T 167.275 8 1494 7192 60
T 167.275 1 1485 7195 60
T 167.275 2 1477 7238 60
T 167.298 8 1495 7192 60
T 167.298 1 1486 7195 60
T 167.298 2 1478 7238 60
P 167.313 4
F 167.313 4 60
IQ 167.314 4
IS 167.314 4
T 167.322 8 1496 7192 60
IE 167.323 3
T 167.323 1 1487 7195 60
T 167.323 2 1479 7238 60
IR 167.323 3
IA 167.325 3
T 167.347 8 1497 7192 60
T 167.347 1 1488 7195 60
T 167.347 2 1480 7238 60
T 167.371 8 1498 7192 60
T 167.371 1 1489 7195 60
T 167.371 2 1481 7238 60
T 167.401 8 1499 7192 60
T 167.401 1 1490 7195 60
T 167.401 2 1482 7238 60
T 167.424 8 1500 7192 60
T 167.425 1 1491 7195 60
T 167.425 2 1483 7238 60
T 167.449 8 1501 7192 60
T 167.450 1 1492 7195 60
T 167.450 2 1484 7238 60
T 167.514 1 1493 7195 60
T 167.514 2 1485 7238 60
T 167.514 3 1477 7215 60
T 167.538 1 1494 7195 60
T 167.538 2 1486 7238 60
T 167.538 3 1478 7215 60
T 167.561 1 1495 7195 60
T 167.561 2 1487 7238 60
T 167.562 3 1479 7215 60
P 167.563 5
F 167.564 5 60
IQ 167.564 5
IS 167.565 5
IE 167.572 4
IR 167.573 4
IA 167.575 4
T 167.587 1 1496 7195 60
T 167.587 2 1488 7238 60
T 167.587 3 1480 7215 60
T 167.611 1 1497 7195 60
T 167.611 2 1489 7238 60
T 167.611 3 1481 7215 60
T 167.641 1 1498 7195 60
T 167.641 2 1490 7238 60
T 167.641 3 1482 7215 60
T 167.664 1 1499 7195 60
T 167.665 2 1491 7238 60
T 167.665 3 1483 7215 60
T 167.731 1 1500 7195 60
T 167.731 2 1492 7238 60
T 167.731 3 1484 7215 60
T 167.731 4 1477 7202 60
T 167.755 1 1501 7195 60
T 167.755 2 1493 7238 60
T 167.756 3 1485 7215 60
T 167.756 4 1478 7202 60
T 167.779 2 1494 7238 60
T 167.779 3 1486 7215 60
T 167.779 4 1479 7202 60
T 167.803 2 1495 7238 60
T 167.803 3 1487 7215 60
T 167.803 4 1480 7202 60
P 167.813 6
F 167.814 6 60
IQ 167.814 6
IS 167.815 6
T 167.826 2 1496 7238 60
T 167.827 3 1488 7215 60
T 167.827 4 1481 7202 60
IE 167.838 5
IR 167.839 5
IA 167.840 5
T 167.852 2 1497 7238 60
T 167.852 3 1489 7215 60
T 167.852 4 1482 7202 60
T 167.875 2 1498 7238 60
T 167.875 3 1490 7215 60
T 167.876 4 1483 7202 60
T 167.906 2 1499 7238 60
T 167.906 3 1491 7215 60
T 167.906 4 1484 7202 60
T 167.929 2 1500 7238 60
T 167.929 3 1492 7215 60
T 167.929 4 1485 7202 60
T 167.954 2 1501 7238 60
T 167.954 3 1493 7215 60
T 167.954 4 1486 7202 60
T 168.029 3 1494 7215 60
T 168.030 4 1487 7202 60
T 168.030 5 1477 7180 60
T 168.053 3 1495 7215 60
T 168.053 4 1488 7202 60
T 168.053 5 1478 7180 60
P 168.063 7
F 168.064 7 60
IQ 168.064 7
IS 168.065 7
T 168.077 3 1496 7215 60
T 168.077 4 1489 7202 60
T 168.077 5 1479 7180 60
T 168.100 3 1497 7215 60
T 168.100 4 1490 7202 60
T 168.100 5 1480 7180 60
IE 168.118 6
IR 168.118 6
IA 168.120 6
T 168.126 3 1498 7215 60
T 168.126 4 1491 7202 60
T 168.126 5 1481 7180 60
T 168.149 3 1499 7215 60
T 168.149 4 1492 7202 60
T 168.149 5 1482 7180 60
T 168.180 3 1500 7215 60
T 168.180 4 1493 7202 60
T 168.181 5 1483 7180 60
T 168.205 3 1501 7215 60
T 168.205 4 1494 7202 60
T 168.205 5 1484 7180 60
T 168.270 4 1495 7202 60
T 168.270 5 1485 7180 60
T 168.271 6 1477 7250 60
T 168.294 4 1496 7202 60
T 168.294 5 1486 7180 60
T 168.294 6 1478 7250 60
P 168.314 8
F 168.315 8 61
IQ 168.315 8
IS 168.315 8
T 168.319 4 1497 7202 60
T 168.319 5 1487 7180 60
T 168.319 6 1479 7250 60
IE 168.326 7
IR 168.326 7
IA 168.328 7
T 168.343 4 1498 7202 60
T 168.343 5 1488 7180 60
T 168.343 6 1480 7250 60
T 168.367 4 1499 7202 60
T 168.367 5 1489 7180 60
T 168.367 6 1481 7250 60
T 168.397 4 1500 7202 60
T 168.397 5 1490 7180 60
T 168.397 6 1482 7250 60
T 168.421 4 1501 7202 60
T 168.421 5 1491 7180 60
T 168.421 6 1483 7250 60
T 168.492 5 1492 7180 60
T 168.492 6 1484 7250 60
T 168.492 7 1477 7190 60
T 168.515 5 1493 7180 60
T 168.516 6 1485 7250 60
T 168.516 7 1478 7190 60
T 168.539 5 1494 7180 60
T 168.539 6 1486 7250 60
T 168.539 7 1479 7190 60
T 168.563 5 1495 7180 60
T 168.564 6 1487 7250 60
T 168.564 7 1480 7190 60
P 168.564 1
F 168.565 1 61
IQ 168.565 1
IS 168.565 1
IE 168.587 8
T 168.587 5 1496 7180 60
T 168.588 6 1488 7250 60
T 168.588 7 1481 7190 60
IR 168.588 8
IA 168.590 8
T 168.612 5 1497 7180 60
T 168.612 6 1489 7250 60
T 168.612 7 1482 7190 60
T 168.636 5 1498 7180 60
T 168.636 6 1490 7250 60
T 168.636 7 1483 7190 60
T 168.666 5 1499 7180 60
T 168.666 6 1491 7250 60
T 168.667 7 1484 7190 60
T 168.691 5 1500 7180 60
T 168.691 6 1492 7250 60
T 168.691 7 1485 7190 60
T 168.760 5 1501 7180 60
T 168.760 6 1493 7250 60
T 168.760 7 1486 7190 60
T 168.760 8 1502 7234 61
T 168.784 6 1494 7250 60
T 168.784 7 1487 7190 60
T 168.784 8 1503 7234 61
T 168.808 6 1495 7250 60
T 168.808 7 1488 7190 60
T 168.808 8 1504 7234 61
P 168.813 2
F 168.814 2 61
IQ 168.814 2
IS 168.815 2
T 168.832 6 1496 7250 60
T 168.833 7 1489 7190 60
T 168.833 8 1505 7234 61
T 168.856 6 1497 7250 60
T 168.856 7 1490 7190 60
T 168.856 8 1506 7234 61
IE 168.857 1
IR 168.857 1
IA 168.859 1
T 168.881 6 1498 7250 60
T 168.881 7 1491 7190 60
T 168.881 8 1507 7234 61
T 168.905 6 1499 7250 60
T 168.905 7 1492 7190 60
T 168.905 8 1508 7234 61
T 168.935 6 1500 7250 60
T 168.935 7 1493 7190 60
T 168.935 8 1509 7234 61
T 168.960 6 1501 7250 60
T 168.960 7 1494 7190 60
T 168.960 8 1510 7234 61
T 168.983 7 1495 7190 60
T 168.983 8 1511 7234 61
T 169.052 7 1496 7190 60
T 169.052 8 1512 7234 61
T 169.052 1 1502 7231 61
P 169.064 3
F 169.064 3 61
IQ 169.064 3
IS 169.065 3
T 169.076 7 1497 7190 60
T 169.076 8 1513 7234 61
T 169.076 1 1503 7231 61
T 169.099 7 1498 7190 60
T 169.100 8 1514 7234 61
T 169.100 1 1504 7231 61
T 169.123 7 1499 7190 60
T 169.123 8 1515 7234 61
T 169.123 1 1505 7231 61
IE 169.131 2
IR 169.131 2
IA 169.133 2
T 169.149 7 1500 7190 60
T 169.149 8 1516 7234 61
T 169.149 1 1506 7231 61
T 169.173 7 1501 7190 60
T 169.173 8 1517 7234 61
T 169.173 1 1507 7231 61
T 169.202 8 1518 7234 61
T 169.202 1 1508 7231 61
T 169.224 8 1519 7234 61
T 169.225 1 1509 7231 61
T 169.293 8 1520 7234 61
T 169.293 1 1510 7231 61
T 169.293 2 1502 7268 61
P 169.314 4
F 169.314 4 61
IQ 169.315 4
IS 169.315 4
T 169.317 8 1521 7234 61
T 169.318 1 1511 7231 61
T 169.318 2 1503 7268 61
T 169.340 8 1522 7234 61
T 169.340 1 1512 7231 61
T 169.340 2 1504 7268 61
IE 169.342 3
IR 169.342 3
IA 169.344 3
T 169.365 8 1523 7234 61
T 169.366 1 1513 7231 61
T 169.366 2 1505 7268 61
T 169.390 8 1524 7234 61
T 169.391 1 1514 7231 61
T 169.391 2 1506 7268 61
T 169.420 8 1525 7234 61
T 169.420 1 1515 7231 61
T 169.420 2 1507 7268 61
T 169.444 8 1526 7234 61
T 169.444 1 1516 7231 61
T 169.444 2 1508 7268 61
T 169.466 1 1517 7231 61
T 169.467 2 1509 7268 61
T 169.535 1 1518 7231 61
T 169.535 2 1510 7268 61
T 169.535 3 1502 7238 61
T 169.558 1 1519 7231 61
T 169.559 2 1511 7268 61
T 169.559 3 1503 7238 61
P 169.564 5
F 169.565 5 61
IQ 169.566 5
IS 169.566 5
T 169.582 1 1520 7231 61
T 169.582 2 1512 7268 61
T 169.582 3 1504 7238 61
T 169.606 1 1521 7231 61
T 169.607 2 1513 7268 61
T 169.607 3 1505 7238 61
IE 169.619 4
IR 169.620 4
IA 169.621 4
T 169.631 1 1522 7231 61
T 169.631 2 1514 7268 61
T 169.631 3 1506 7238 61
T 169.655 1 1523 7231 61
T 169.655 2 1515 7268 61
T 169.655 3 1507 7238 61
T 169.685 1 1524 7231 61
T 169.686 2 1516 7268 61
T 169.686 3 1508 7238 61
T 169.709 1 1525 7231 61
T 169.709 2 1517 7268 61
T 169.710 3 1509 7238 61
T 169.778 1 1526 7231 61
T 169.778 2 1518 7268 61
T 169.778 3 1510 7238 61
T 169.778 4 1502 7219 61
T 169.801 2 1519 7268 61
T 169.801 3 1511 7238 61
T 169.801 4 1503 7219 61
P 169.814 6
F 169.814 6 61
IQ 169.814 6
IS 169.815 6
T 169.825 2 1520 7268 61
T 169.825 3 1512 7238 61
T 169.825 4 1504 7219 61
IE 169.842 5
IR 169.842 5
IA 169.844 5
T 169.850 2 1521 7268 61
T 169.850 3 1513 7238 61
T 169.850 4 1505 7219 61
T 169.874 2 1522 7268 61
T 169.874 3 1514 7238 61
T 169.874 4 1506 7219 61
T 169.904 2 1523 7268 61
T 169.904 3 1515 7238 61
T 169.905 4 1507 7219 61
T 169.928 2 1524 7268 61
T 169.928 3 1516 7238 61
T 169.928 4 1508 7219 61
T 169.952 2 1525 7268 61
T 169.952 3 1517 7238 61
T 169.952 4 1509 7219 61
T 170.024 2 1526 7268 61
T 170.024 3 1518 7238 61
T 170.024 4 1510 7219 61
T 170.024 5 1502 7191 61
T 170.048 3 1519 7238 61
T 170.048 4 1511 7219 61
T 170.048 5 1503 7191 61
T 170.071 3 1520 7238 61
T 170.072 4 1512 7219 61
T 170.072 5 1504 7191 61
T 170.095 3 1521 7238 61
T 170.096 4 1513 7219 61
T 170.096 5 1505 7191 61
T 170.120 3 1522 7238 61
T 170.120 4 1514 7219 61
T 170.120 5 1506 7191 61
T 170.144 3 1523 7238 61
T 170.144 4 1515 7219 61
T 170.144 5 1507 7191 61
IE 170.167 6
T 170.168 3 1524 7238 61
T 170.168 4 1516 7219 61
T 170.168 5 1508 7191 61
IR 170.169 6
IA 170.170 6
T 170.194 3 1525 7238 61
T 170.194 4 1517 7219 61
T 170.194 5 1509 7191 61
T 170.219 3 1526 7238 61
T 170.219 4 1518 7219 61
T 170.219 5 1510 7191 61
T 170.248 4 1519 7219 61
T 170.248 5 1511 7191 61
T 170.271 4 1520 7219 61
T 170.271 5 1512 7191 61
T 170.350 4 1521 7219 61
T 170.350 5 1513 7191 61
T 170.350 6 1502 7255 61
T 170.374 4 1522 7219 61
T 170.374 5 1514 7191 61
T 170.374 6 1503 7255 61
T 170.398 4 1523 7219 61
T 170.398 5 1515 7191 61
T 170.398 6 1504 7255 61
T 170.422 4 1524 7219 61
T 170.422 5 1516 7191 61
T 170.422 6 1505 7255 61
T 170.446 4 1525 7219 61
T 170.446 5 1517 7191 61
T 170.446 6 1506 7255 61
T 170.471 4 1526 7219 61
T 170.471 5 1518 7191 61
T 170.471 6 1507 7255 61
T 170.493 5 1519 7191 61
T 170.494 6 1508 7255 61
T 170.516 5 1520 7191 61
T 170.516 6 1509 7255 61
T 170.539 5 1521 7191 61
T 170.539 6 1510 7255 61
T 170.562 5 1522 7191 61
T 170.562 6 1511 7255 61
