1786477040.226595 s1000000000e1-85cb19f9:2048
1786477040.647396 s1000000000e1-85cb19f9:2048
1786477041.085602 s1000000000e1-85cb19f9:16
1786477041.181849 s1000000000e1-85cb19f9:53E
1786477041.479245 s1000000000e1-85cb19f9:1
1786477041.503088 s1000000000e1-85cb19f9:1
1786477041.524308 s1000000000e1-85cb19f9:1
1786477041.545439 s1000000000e1-85cb19f9:1
1786477041.566538 s1000000000e1-85cb19f9:1
1786477041.587569 s1000000000e1-85cb19f9:1
1786477041.608585 s1000000000e1-85cb19f9:1
1786477041.629601 s1000000000e1-85cb19f9:1
1786477041.650631 s1000000000e1-85cb19f9:1
1786477041.671695 s1000000000e1-85cb19f9:1
1786477041.692755 s1000000000e1-85cb19f9:1
1786477041.713825 s1000000000e1-85cb19f9:1
1786477041.734728 s1000000000e1-85cb19f9:1
1786477041.755834 s1000000000e1-85cb19f9:1
1786477041.776912 s1000000000e1-85cb19f9:1
1786477041.797907 s1000000000e1-85cb19f9:1
1786477041.819001 s1000000000e1-85cb19f9:1
1786477041.840087 s1000000000e1-85cb19f9:1
1786477041.861165 s1000000000e1-85cb19f9:1
1786477041.882225 s1000000000e1-85cb19f9:1
1786477041.903313 s1000000000e1-85cb19f9:1
1786477041.924387 s1000000000e1-85cb19f9:1
1786477041.945433 s1000000000e1-85cb19f9:1
1786477041.966523 s1000000000e1-85cb19f9:1
1786477053.999831 s8e1-91f4c90a:2048
1786477054.429443 s8e1-91f4c90a:1988 s1e1-b3a16e41:60
1786477054.871354 s1e1-b3a16e41:2048
1786477055.296482 s1e1-b3a16e41:1924 s8e1-91f4c90a:13E s2e1-9f23d8fd:111
1786477055.772628 s8e1-91f4c90a:1 s2e1-9f23d8fd:2047
1786477056.196721 s8e1-91f4c90a:1 s2e1-9f23d8fd:1911 s3e1-90ff1266:136
1786477056.650479 s8e1-91f4c90a:1 s3e1-90ff1266:2047
1786477057.073188 s8e1-91f4c90a:1 s3e1-90ff1266:1857 s4e1-b16c535e:190
1786477057.526745 s8e1-91f4c90a:1 s4e1-b16c535e:2047
1786477057.950396 s8e1-91f4c90a:1 s4e1-b16c535e:1784 s5e1-a20594e7:263
1786477058.398937 s8e1-91f4c90a:1 s5e1-a20594e7:2047
1786477058.828960 s8e1-91f4c90a:1 s5e1-a20594e7:1682 s1e1-b3a16e41:20E s6e1-bfb0bab6:345
1786477059.297838 s8e1-91f4c90a:1 s1e1-b3a16e41:1 s6e1-bfb0bab6:2046
1786477059.731422 s8e1-91f4c90a:1 s1e1-b3a16e41:1 s6e1-bfb0bab6:1665 s7e1-865d313a:381
1786477060.181560 s8e1-91f4c90a:1 s1e1-b3a16e41:1 s7e1-865d313a:2046
1786477060.613220 s8e1-91f4c90a:1 s1e1-b3a16e41:1 s7e1-865d313a:1568 s2e1-9f23d8fd:26E s3e1-90ff1266:32E s4e1-b16c535e:38E s5e1-a20594e7:45E s6e1-bfb0bab6:51E
1786477061.063940 s8e1-91f4c90a:1 s1e1-b3a16e41:1 s2e1-9f23d8fd:1 s3e1-90ff1266:1 s4e1-b16c535e:1 s5e1-a20594e7:1 s6e1-bfb0bab6:1 s7e1-865d313a:57E
1786477061.129579 s8e1-91f4c90a:1 s1e1-b3a16e41:1 s2e1-9f23d8fd:1 s3e1-90ff1266:1 s4e1-b16c535e:1 s5e1-a20594e7:1 s6e1-bfb0bab6:1 s7e1-865d313a:1
1786477061.154850 s8e1-91f4c90a:1 s1e1-b3a16e41:1 s2e1-9f23d8fd:1 s3e1-90ff1266:1 s4e1-b16c535e:1 s5e1-a20594e7:1 s6e1-bfb0bab6:1 s7e1-865d313a:1
1786477061.179292 s8e1-91f4c90a:1 s1e1-b3a16e41:1 s2e1-9f23d8fd:1 s3e1-90ff1266:1 s4e1-b16c535e:1 s5e1-a20594e7:1 s6e1-bfb0bab6:1 s7e1-865d313a:1
1786477061.203454 s8e1-91f4c90a:1 s1e1-b3a16e41:1 s2e1-9f23d8fd:1 s3e1-90ff1266:1 s4e1-b16c535e:1 s5e1-a20594e7:1 s6e1-bfb0bab6:1 s7e1-865d313a:1
1786477061.227581 s8e1-91f4c90a:1 s1e1-b3a16e41:1 s2e1-9f23d8fd:1 s3e1-90ff1266:1 s4e1-b16c535e:1 s5e1-a20594e7:1 s6e1-bfb0bab6:1 s7e1-865d313a:1
1786477061.251594 s8e1-91f4c90a:1 s1e1-b3a16e41:1 s2e1-9f23d8fd:1 s3e1-90ff1266:1 s4e1-b16c535e:1 s5e1-a20594e7:1 s6e1-bfb0bab6:1 s7e1-865d313a:1
1786477061.275747 s8e1-91f4c90a:1 s1e1-b3a16e41:1 s2e1-9f23d8fd:1 s3e1-90ff1266:1 s4e1-b16c535e:1 s5e1-a20594e7:1 s6e1-bfb0bab6:1 s7e1-865d313a:1
1786477061.300187 s8e1-91f4c90a:1 s1e1-b3a16e41:1 s2e1-9f23d8fd:1 s3e1-90ff1266:1 s4e1-b16c535e:1 s5e1-a20594e7:1 s6e1-bfb0bab6:1 s7e1-865d313a:1
1786477061.324122 s8e1-91f4c90a:1 s1e1-b3a16e41:1 s2e1-9f23d8fd:1 s3e1-90ff1266:1 s4e1-b16c535e:1 s5e1-a20594e7:1 s6e1-bfb0bab6:1 s7e1-865d313a:1
1786477061.348206 s8e1-91f4c90a:1 s1e1-b3a16e41:1 s2e1-9f23d8fd:1 s3e1-90ff1266:1 s4e1-b16c535e:1 s5e1-a20594e7:1 s6e1-bfb0bab6:1 s7e1-865d313a:1
1786477061.372368 s8e1-91f4c90a:1 s1e1-b3a16e41:1 s2e1-9f23d8fd:1 s3e1-90ff1266:1 s4e1-b16c535e:1 s5e1-a20594e7:1 s6e1-bfb0bab6:1 s7e1-865d313a:1
1786477061.396615 s1e1-b3a16e41:1 s2e1-9f23d8fd:1 s3e1-90ff1266:1 s4e1-b16c535e:1 s5e1-a20594e7:1 s6e1-bfb0bab6:1 s7e1-865d313a:1 s8e1-91f4c90a:53E
1786477061.494039 s1e1-b3a16e41:1 s2e1-9f23d8fd:1 s3e1-90ff1266:1 s4e1-b16c535e:1 s5e1-a20594e7:1 s6e1-bfb0bab6:1 s7e1-865d313a:1 s8e1-91f4c90a:1
1786477061.518634 s1e1-b3a16e41:1 s2e1-9f23d8fd:1 s3e1-90ff1266:1 s4e1-b16c535e:1 s5e1-a20594e7:1 s6e1-bfb0bab6:1 s7e1-865d313a:1 s8e1-91f4c90a:1
1786477061.543204 s1e1-b3a16e41:1 s2e1-9f23d8fd:1 s3e1-90ff1266:1 s4e1-b16c535e:1 s5e1-a20594e7:1 s6e1-bfb0bab6:1 s7e1-865d313a:1 s8e1-91f4c90a:1
1786477061.567262 s1e1-b3a16e41:1 s2e1-9f23d8fd:1 s3e1-90ff1266:1 s4e1-b16c535e:1 s5e1-a20594e7:1 s6e1-bfb0bab6:1 s7e1-865d313a:1 s8e1-91f4c90a:1
1786477061.591483 s1e1-b3a16e41:1 s2e1-9f23d8fd:1 s3e1-90ff1266:1 s4e1-b16c535e:1 s5e1-a20594e7:1 s6e1-bfb0bab6:1 s7e1-865d313a:1 s8e1-91f4c90a:1
1786477061.615272 s1e1-b3a16e41:1 s2e1-9f23d8fd:1 s3e1-90ff1266:1 s4e1-b16c535e:1 s5e1-a20594e7:1 s6e1-bfb0bab6:1 s7e1-865d313a:1 s8e1-91f4c90a:1
1786477061.639338 s1e1-b3a16e41:1 s2e1-9f23d8fd:1 s3e1-90ff1266:1 s4e1-b16c535e:1 s5e1-a20594e7:1 s6e1-bfb0bab6:1 s7e1-865d313a:1 s8e1-91f4c90a:1
1786477061.663705 s2e1-9f23d8fd:1 s3e1-90ff1266:1 s4e1-b16c535e:1 s5e1-a20594e7:1 s6e1-bfb0bab6:1 s7e1-865d313a:1 s8e1-91f4c90a:1 s1e1-b3a16e41:53E
1786477061.722617 s2e1-9f23d8fd:1 s3e1-90ff1266:1 s4e1-b16c535e:1 s5e1-a20594e7:1 s6e1-bfb0bab6:1 s7e1-865d313a:1 s8e1-91f4c90a:1 s1e1-b3a16e41:1
1786477061.746599 s2e1-9f23d8fd:1 s3e1-90ff1266:1 s4e1-b16c535e:1 s5e1-a20594e7:1 s6e1-bfb0bab6:1 s7e1-865d313a:1 s8e1-91f4c90a:1 s1e1-b3a16e41:1
1786477061.770794 s2e1-9f23d8fd:1 s3e1-90ff1266:1 s4e1-b16c535e:1 s5e1-a20594e7:1 s6e1-bfb0bab6:1 s7e1-865d313a:1 s8e1-91f4c90a:1 s1e1-b3a16e41:1
1786477061.796857 s7e1-865d313a:1 s8e1-91f4c90a:1 s1e1-b3a16e41:1 s2e1-9f23d8fd:53E s3e1-90ff1266:53E s4e1-b16c535e:53E s5e1-a20594e7:53E s6e1-bfb0bab6:53E
1786477061.942065 s8e1-91f4c90a:1 s1e1-b3a16e41:1 s2e1-9f23d8fd:1 s3e1-90ff1266:1 s4e1-b16c535e:1 s5e1-a20594e7:1 s6e1-bfb0bab6:1 s7e1-865d313a:53E
1786477062.012212 s8e1-91f4c90a:1 s1e1-b3a16e41:1 s2e1-9f23d8fd:1 s3e1-90ff1266:1 s4e1-b16c535e:1 s5e1-a20594e7:1 s6e1-bfb0bab6:1 s7e1-865d313a:1
1786477062.036321 s8e1-91f4c90a:1 s1e1-b3a16e41:1 s2e1-9f23d8fd:1 s3e1-90ff1266:1 s4e1-b16c535e:1 s5e1-a20594e7:1 s6e1-bfb0bab6:1 s7e1-865d313a:1
1786477062.060342 s8e1-91f4c90a:1 s1e1-b3a16e41:1 s2e1-9f23d8fd:1 s3e1-90ff1266:1 s4e1-b16c535e:1 s5e1-a20594e7:1 s6e1-bfb0bab6:1 s7e1-865d313a:1
1786477062.084427 s8e1-91f4c90a:1 s1e1-b3a16e41:1 s2e1-9f23d8fd:1 s3e1-90ff1266:1 s4e1-b16c535e:1 s5e1-a20594e7:1 s6e1-bfb0bab6:1 s7e1-865d313a:1
1786477062.108102 s8e1-91f4c90a:1 s1e1-b3a16e41:1 s2e1-9f23d8fd:1 s3e1-90ff1266:1 s4e1-b16c535e:1 s5e1-a20594e7:1 s6e1-bfb0bab6:1 s7e1-865d313a:1
1786477062.132121 s8e1-91f4c90a:1 s1e1-b3a16e41:1 s2e1-9f23d8fd:1 s3e1-90ff1266:1 s4e1-b16c535e:1 s5e1-a20594e7:1 s6e1-bfb0bab6:1 s7e1-865d313a:1
1786477062.155904 s8e1-91f4c90a:1 s1e1-b3a16e41:1 s2e1-9f23d8fd:1 s3e1-90ff1266:1 s4e1-b16c535e:1 s5e1-a20594e7:1 s6e1-bfb0bab6:1 s7e1-865d313a:1
1786477062.179959 s8e1-91f4c90a:1 s1e1-b3a16e41:1 s2e1-9f23d8fd:1 s3e1-90ff1266:1 s4e1-b16c535e:1 s5e1-a20594e7:1 s6e1-bfb0bab6:1 s7e1-865d313a:1
1786477062.203655 s8e1-91f4c90a:1 s1e1-b3a16e41:1 s2e1-9f23d8fd:1 s3e1-90ff1266:1 s4e1-b16c535e:1 s5e1-a20594e7:1 s6e1-bfb0bab6:1 s7e1-865d313a:1
1786477062.227558 s8e1-91f4c90a:1 s1e1-b3a16e41:1 s2e1-9f23d8fd:1 s3e1-90ff1266:1 s4e1-b16c535e:1 s5e1-a20594e7:1 s6e1-bfb0bab6:1 s7e1-865d313a:1
1786477062.251608 s8e1-91f4c90a:1 s1e1-b3a16e41:1 s2e1-9f23d8fd:1 s3e1-90ff1266:1 s4e1-b16c535e:1 s5e1-a20594e7:1 s6e1-bfb0bab6:1 s7e1-865d313a:1
1786477062.275776 s1e1-b3a16e41:1 s2e1-9f23d8fd:1 s3e1-90ff1266:1 s4e1-b16c535e:1 s5e1-a20594e7:1 s6e1-bfb0bab6:1 s7e1-865d313a:1 s8e1-91f4c90a:53E
1786477062.334579 s1e1-b3a16e41:1 s2e1-9f23d8fd:1 s3e1-90ff1266:1 s4e1-b16c535e:1 s5e1-a20594e7:1 s6e1-bfb0bab6:1 s7e1-865d313a:1 s8e1-91f4c90a:1
1786477062.358822 s1e1-b3a16e41:1 s2e1-9f23d8fd:1 s3e1-90ff1266:1 s4e1-b16c535e:1 s5e1-a20594e7:1 s6e1-bfb0bab6:1 s7e1-865d313a:1 s8e1-91f4c90a:1
1786477062.382730 s1e1-b3a16e41:1 s2e1-9f23d8fd:1 s3e1-90ff1266:1 s4e1-b16c535e:1 s5e1-a20594e7:1 s6e1-bfb0bab6:1 s7e1-865d313a:1 s8e1-91f4c90a:1
1786477062.406832 s1e1-b3a16e41:1 s2e1-9f23d8fd:1 s3e1-90ff1266:1 s4e1-b16c535e:1 s5e1-a20594e7:1 s6e1-bfb0bab6:1 s7e1-865d313a:1 s8e1-91f4c90a:1
1786477062.430556 s1e1-b3a16e41:1 s2e1-9f23d8fd:1 s3e1-90ff1266:1 s4e1-b16c535e:1 s5e1-a20594e7:1 s6e1-bfb0bab6:1 s7e1-865d313a:1 s8e1-91f4c90a:1
1786477062.454499 s1e1-b3a16e41:1 s2e1-9f23d8fd:1 s3e1-90ff1266:1 s4e1-b16c535e:1 s5e1-a20594e7:1 s6e1-bfb0bab6:1 s7e1-865d313a:1 s8e1-91f4c90a:1
1786477062.478153 s1e1-b3a16e41:1 s2e1-9f23d8fd:1 s3e1-90ff1266:1 s4e1-b16c535e:1 s5e1-a20594e7:1 s6e1-bfb0bab6:1 s7e1-865d313a:1 s8e1-91f4c90a:1
1786477062.502683 s2e1-9f23d8fd:1 s3e1-90ff1266:1 s4e1-b16c535e:1 s5e1-a20594e7:1 s6e1-bfb0bab6:1 s7e1-865d313a:1 s8e1-91f4c90a:1 s1e1-b3a16e41:53E
1786477062.561604 s2e1-9f23d8fd:1 s3e1-90ff1266:1 s4e1-b16c535e:1 s5e1-a20594e7:1 s6e1-bfb0bab6:1 s7e1-865d313a:1 s8e1-91f4c90a:1 s1e1-b3a16e41:1
1786477062.585794 s2e1-9f23d8fd:1 s3e1-90ff1266:1 s4e1-b16c535e:1 s5e1-a20594e7:1 s6e1-bfb0bab6:1 s7e1-865d313a:1 s8e1-91f4c90a:1 s1e1-b3a16e41:1
1786477062.610023 s2e1-9f23d8fd:1 s3e1-90ff1266:1 s4e1-b16c535e:1 s5e1-a20594e7:1 s6e1-bfb0bab6:1 s7e1-865d313a:1 s8e1-91f4c90a:1 s1e1-b3a16e41:1
1786477062.635885 s7e1-865d313a:1 s8e1-91f4c90a:1 s1e1-b3a16e41:1 s2e1-9f23d8fd:53E s3e1-90ff1266:53E s4e1-b16c535e:53E s5e1-a20594e7:53E s6e1-bfb0bab6:53E
1786477062.776031 s8e1-91f4c90a:1 s1e1-b3a16e41:1 s2e1-9f23d8fd:1 s3e1-90ff1266:1 s4e1-b16c535e:1 s5e1-a20594e7:1 s6e1-bfb0bab6:1 s7e1-865d313a:53E
1786477062.835965 s8e1-91f4c90a:1 s1e1-b3a16e41:1 s2e1-9f23d8fd:1 s3e1-90ff1266:1 s4e1-b16c535e:1 s5e1-a20594e7:1 s6e1-bfb0bab6:1 s7e1-865d313a:1
1786477062.860115 s8e1-91f4c90a:1 s1e1-b3a16e41:1 s2e1-9f23d8fd:1 s3e1-90ff1266:1 s4e1-b16c535e:1 s5e1-a20594e7:1 s6e1-bfb0bab6:1 s7e1-865d313a:1
1786477062.884365 s8e1-91f4c90a:1 s1e1-b3a16e41:1 s2e1-9f23d8fd:1 s3e1-90ff1266:1 s4e1-b16c535e:1 s5e1-a20594e7:1 s6e1-bfb0bab6:1 s7e1-865d313a:1
1786477062.908163 s8e1-91f4c90a:1 s1e1-b3a16e41:1 s2e1-9f23d8fd:1 s3e1-90ff1266:1 s4e1-b16c535e:1 s5e1-a20594e7:1 s6e1-bfb0bab6:1 s7e1-865d313a:1
1786477062.932220 s8e1-91f4c90a:1 s1e1-b3a16e41:1 s2e1-9f23d8fd:1 s3e1-90ff1266:1 s4e1-b16c535e:1 s5e1-a20594e7:1 s6e1-bfb0bab6:1 s7e1-865d313a:1
1786477062.956215 s8e1-91f4c90a:1 s1e1-b3a16e41:1 s2e1-9f23d8fd:1 s3e1-90ff1266:1 s4e1-b16c535e:1 s5e1-a20594e7:1 s6e1-bfb0bab6:1 s7e1-865d313a:1
1786477062.980292 s8e1-91f4c90a:1 s1e1-b3a16e41:1 s2e1-9f23d8fd:1 s3e1-90ff1266:1 s4e1-b16c535e:1 s5e1-a20594e7:1 s6e1-bfb0bab6:1 s7e1-865d313a:1
1786477063.004114 s8e1-91f4c90a:1 s1e1-b3a16e41:1 s2e1-9f23d8fd:1 s3e1-90ff1266:1 s4e1-b16c535e:1 s5e1-a20594e7:1 s6e1-bfb0bab6:1 s7e1-865d313a:1
1786477063.028359 s8e1-91f4c90a:1 s1e1-b3a16e41:1 s2e1-9f23d8fd:1 s3e1-90ff1266:1 s4e1-b16c535e:1 s5e1-a20594e7:1 s6e1-bfb0bab6:1 s7e1-865d313a:1
1786477063.052255 s8e1-91f4c90a:1 s1e1-b3a16e41:1 s2e1-9f23d8fd:1 s3e1-90ff1266:1 s4e1-b16c535e:1 s5e1-a20594e7:1 s6e1-bfb0bab6:1 s7e1-865d313a:1
1786477063.076456 s8e1-91f4c90a:1 s1e1-b3a16e41:1 s2e1-9f23d8fd:1 s3e1-90ff1266:1 s4e1-b16c535e:1 s5e1-a20594e7:1 s6e1-bfb0bab6:1 s7e1-865d313a:1
1786477063.100608 s1e1-b3a16e41:1 s2e1-9f23d8fd:1 s3e1-90ff1266:1 s4e1-b16c535e:1 s5e1-a20594e7:1 s6e1-bfb0bab6:1 s7e1-865d313a:1 s8e1-91f4c90a:53E
1786477063.166362 s1e1-b3a16e41:1 s2e1-9f23d8fd:1 s3e1-90ff1266:1 s4e1-b16c535e:1 s5e1-a20594e7:1 s6e1-bfb0bab6:1 s7e1-865d313a:1 s8e1-91f4c90a:1
1786477063.190293 s1e1-b3a16e41:1 s2e1-9f23d8fd:1 s3e1-90ff1266:1 s4e1-b16c535e:1 s5e1-a20594e7:1 s6e1-bfb0bab6:1 s7e1-865d313a:1 s8e1-91f4c90a:1
1786477063.214031 s1e1-b3a16e41:1 s2e1-9f23d8fd:1 s3e1-90ff1266:1 s4e1-b16c535e:1 s5e1-a20594e7:1 s6e1-bfb0bab6:1 s7e1-865d313a:1 s8e1-91f4c90a:1
1786477063.237962 s1e1-b3a16e41:1 s2e1-9f23d8fd:1 s3e1-90ff1266:1 s4e1-b16c535e:1 s5e1-a20594e7:1 s6e1-bfb0bab6:1 s7e1-865d313a:1 s8e1-91f4c90a:1
1786477063.261976 s1e1-b3a16e41:1 s2e1-9f23d8fd:1 s3e1-90ff1266:1 s4e1-b16c535e:1 s5e1-a20594e7:1 s6e1-bfb0bab6:1 s7e1-865d313a:1 s8e1-91f4c90a:1
1786477063.285707 s1e1-b3a16e41:1 s2e1-9f23d8fd:1 s3e1-90ff1266:1 s4e1-b16c535e:1 s5e1-a20594e7:1 s6e1-bfb0bab6:1 s7e1-865d313a:1 s8e1-91f4c90a:1
1786477063.309959 s1e1-b3a16e41:1 s2e1-9f23d8fd:1 s3e1-90ff1266:1 s4e1-b16c535e:1 s5e1-a20594e7:1 s6e1-bfb0bab6:1 s7e1-865d313a:1 s8e1-91f4c90a:1
1786477063.334453 s2e1-9f23d8fd:1 s3e1-90ff1266:1 s4e1-b16c535e:1 s5e1-a20594e7:1 s6e1-bfb0bab6:1 s7e1-865d313a:1 s8e1-91f4c90a:1 s1e1-b3a16e41:53E
1786477063.393599 s2e1-9f23d8fd:1 s3e1-90ff1266:1 s4e1-b16c535e:1 s5e1-a20594e7:1 s6e1-bfb0bab6:1 s7e1-865d313a:1 s8e1-91f4c90a:1 s1e1-b3a16e41:1
1786477063.417727 s2e1-9f23d8fd:1 s3e1-90ff1266:1 s4e1-b16c535e:1 s5e1-a20594e7:1 s6e1-bfb0bab6:1 s7e1-865d313a:1 s8e1-91f4c90a:1 s1e1-b3a16e41:1
1786477063.442044 s2e1-9f23d8fd:1 s3e1-90ff1266:1 s4e1-b16c535e:1 s5e1-a20594e7:1 s6e1-bfb0bab6:1 s7e1-865d313a:1 s8e1-91f4c90a:1 s1e1-b3a16e41:1
1786477063.467663 s7e1-865d313a:1 s8e1-91f4c90a:1 s1e1-b3a16e41:1 s2e1-9f23d8fd:53E s3e1-90ff1266:53E s4e1-b16c535e:53E s5e1-a20594e7:53E s6e1-bfb0bab6:53E
1786477063.608491 s8e1-91f4c90a:1 s1e1-b3a16e41:1 s2e1-9f23d8fd:1 s3e1-90ff1266:1 s4e1-b16c535e:1 s5e1-a20594e7:1 s6e1-bfb0bab6:1 s7e1-865d313a:53E
1786477063.668284 s8e1-91f4c90a:1 s1e1-b3a16e41:1 s2e1-9f23d8fd:1 s3e1-90ff1266:1 s4e1-b16c535e:1 s5e1-a20594e7:1 s6e1-bfb0bab6:1 s7e1-865d313a:1
1786477063.692406 s8e1-91f4c90a:1 s1e1-b3a16e41:1 s2e1-9f23d8fd:1 s3e1-90ff1266:1 s4e1-b16c535e:1 s5e1-a20594e7:1 s6e1-bfb0bab6:1 s7e1-865d313a:1
1786477063.716442 s8e1-91f4c90a:1 s1e1-b3a16e41:1 s2e1-9f23d8fd:1 s3e1-90ff1266:1 s4e1-b16c535e:1 s5e1-a20594e7:1 s6e1-bfb0bab6:1 s7e1-865d313a:1
1786477063.740595 s8e1-91f4c90a:1 s1e1-b3a16e41:1 s2e1-9f23d8fd:1 s3e1-90ff1266:1 s4e1-b16c535e:1 s5e1-a20594e7:1 s6e1-bfb0bab6:1 s7e1-865d313a:1
1786477063.764530 s8e1-91f4c90a:1 s1e1-b3a16e41:1 s2e1-9f23d8fd:1 s3e1-90ff1266:1 s4e1-b16c535e:1 s5e1-a20594e7:1 s6e1-bfb0bab6:1 s7e1-865d313a:1
1786477063.788931 s8e1-91f4c90a:1 s1e1-b3a16e41:1 s2e1-9f23d8fd:1 s3e1-90ff1266:1 s4e1-b16c535e:1 s5e1-a20594e7:1 s6e1-bfb0bab6:1 s7e1-865d313a:1
1786477063.813044 s8e1-91f4c90a:1 s1e1-b3a16e41:1 s2e1-9f23d8fd:1 s3e1-90ff1266:1 s4e1-b16c535e:1 s5e1-a20594e7:1 s6e1-bfb0bab6:1 s7e1-865d313a:1
1786477063.837190 s8e1-91f4c90a:1 s1e1-b3a16e41:1 s2e1-9f23d8fd:1 s3e1-90ff1266:1 s4e1-b16c535e:1 s5e1-a20594e7:1 s6e1-bfb0bab6:1 s7e1-865d313a:1
1786477063.861347 s8e1-91f4c90a:1 s1e1-b3a16e41:1 s2e1-9f23d8fd:1 s3e1-90ff1266:1 s4e1-b16c535e:1 s5e1-a20594e7:1 s6e1-bfb0bab6:1 s7e1-865d313a:1
1786477063.885545 s8e1-91f4c90a:1 s1e1-b3a16e41:1 s2e1-9f23d8fd:1 s3e1-90ff1266:1 s4e1-b16c535e:1 s5e1-a20594e7:1 s6e1-bfb0bab6:1 s7e1-865d313a:1
1786477063.909356 s8e1-91f4c90a:1 s1e1-b3a16e41:1 s2e1-9f23d8fd:1 s3e1-90ff1266:1 s4e1-b16c535e:1 s5e1-a20594e7:1 s6e1-bfb0bab6:1 s7e1-865d313a:1
1786477063.933849 s1e1-b3a16e41:1 s2e1-9f23d8fd:1 s3e1-90ff1266:1 s4e1-b16c535e:1 s5e1-a20594e7:1 s6e1-bfb0bab6:1 s7e1-865d313a:1 s8e1-91f4c90a:53E
1786477063.994980 s1e1-b3a16e41:1 s2e1-9f23d8fd:1 s3e1-90ff1266:1 s4e1-b16c535e:1 s5e1-a20594e7:1 s6e1-bfb0bab6:1 s7e1-865d313a:1 s8e1-91f4c90a:1
1786477064.019321 s1e1-b3a16e41:1 s2e1-9f23d8fd:1 s3e1-90ff1266:1 s4e1-b16c535e:1 s5e1-a20594e7:1 s6e1-bfb0bab6:1 s7e1-865d313a:1 s8e1-91f4c90a:1
1786477064.043307 s1e1-b3a16e41:1 s2e1-9f23d8fd:1 s3e1-90ff1266:1 s4e1-b16c535e:1 s5e1-a20594e7:1 s6e1-bfb0bab6:1 s7e1-865d313a:1 s8e1-91f4c90a:1
1786477064.067343 s1e1-b3a16e41:1 s2e1-9f23d8fd:1 s3e1-90ff1266:1 s4e1-b16c535e:1 s5e1-a20594e7:1 s6e1-bfb0bab6:1 s7e1-865d313a:1 s8e1-91f4c90a:1
1786477064.091576 s1e1-b3a16e41:1 s2e1-9f23d8fd:1 s3e1-90ff1266:1 s4e1-b16c535e:1 s5e1-a20594e7:1 s6e1-bfb0bab6:1 s7e1-865d313a:1 s8e1-91f4c90a:1
1786477064.115471 s1e1-b3a16e41:1 s2e1-9f23d8fd:1 s3e1-90ff1266:1 s4e1-b16c535e:1 s5e1-a20594e7:1 s6e1-bfb0bab6:1 s7e1-865d313a:1 s8e1-91f4c90a:1
1786477064.139426 s1e1-b3a16e41:1 s2e1-9f23d8fd:1 s3e1-90ff1266:1 s4e1-b16c535e:1 s5e1-a20594e7:1 s6e1-bfb0bab6:1 s7e1-865d313a:1 s8e1-91f4c90a:1
1786477064.163852 s2e1-9f23d8fd:1 s3e1-90ff1266:1 s4e1-b16c535e:1 s5e1-a20594e7:1 s6e1-bfb0bab6:1 s7e1-865d313a:1 s8e1-91f4c90a:1 s1e1-b3a16e41:53E
1786477064.229777 s2e1-9f23d8fd:1 s3e1-90ff1266:1 s4e1-b16c535e:1 s5e1-a20594e7:1 s6e1-bfb0bab6:1 s7e1-865d313a:1 s8e1-91f4c90a:1 s1e1-b3a16e41:1
1786477064.254064 s2e1-9f23d8fd:1 s3e1-90ff1266:1 s4e1-b16c535e:1 s5e1-a20594e7:1 s6e1-bfb0bab6:1 s7e1-865d313a:1 s8e1-91f4c90a:1 s1e1-b3a16e41:1
1786477064.278024 s2e1-9f23d8fd:1 s3e1-90ff1266:1 s4e1-b16c535e:1 s5e1-a20594e7:1 s6e1-bfb0bab6:1 s7e1-865d313a:1 s8e1-91f4c90a:1 s1e1-b3a16e41:1
1786477064.303912 s7e1-865d313a:1 s8e1-91f4c90a:1 s1e1-b3a16e41:1 s2e1-9f23d8fd:53E s3e1-90ff1266:53E s4e1-b16c535e:53E s5e1-a20594e7:53E s6e1-bfb0bab6:53E
1786477064.444920 s8e1-91f4c90a:1 s1e1-b3a16e41:1 s2e1-9f23d8fd:1 s3e1-90ff1266:1 s4e1-b16c535e:1 s5e1-a20594e7:1 s6e1-bfb0bab6:1 s7e1-865d313a:53E
1786477064.504793 s8e1-91f4c90a:1 s1e1-b3a16e41:1 s2e1-9f23d8fd:1 s3e1-90ff1266:1 s4e1-b16c535e:1 s5e1-a20594e7:1 s6e1-bfb0bab6:1 s7e1-865d313a:1
1786477064.529029 s8e1-91f4c90a:1 s1e1-b3a16e41:1 s2e1-9f23d8fd:1 s3e1-90ff1266:1 s4e1-b16c535e:1 s5e1-a20594e7:1 s6e1-bfb0bab6:1 s7e1-865d313a:1
1786477064.553468 s8e1-91f4c90a:1 s1e1-b3a16e41:1 s2e1-9f23d8fd:1 s3e1-90ff1266:1 s4e1-b16c535e:1 s5e1-a20594e7:1 s6e1-bfb0bab6:1 s7e1-865d313a:1
1786477064.577811 s8e1-91f4c90a:1 s1e1-b3a16e41:1 s2e1-9f23d8fd:1 s3e1-90ff1266:1 s4e1-b16c535e:1 s5e1-a20594e7:1 s6e1-bfb0bab6:1 s7e1-865d313a:1
1786477064.601609 s8e1-91f4c90a:1 s1e1-b3a16e41:1 s2e1-9f23d8fd:1 s3e1-90ff1266:1 s4e1-b16c535e:1 s5e1-a20594e7:1 s6e1-bfb0bab6:1 s7e1-865d313a:1
1786477064.625604 s8e1-91f4c90a:1 s1e1-b3a16e41:1 s2e1-9f23d8fd:1 s3e1-90ff1266:1 s4e1-b16c535e:1 s5e1-a20594e7:1 s6e1-bfb0bab6:1 s7e1-865d313a:1
1786477064.649626 s8e1-91f4c90a:1 s1e1-b3a16e41:1 s2e1-9f23d8fd:1 s3e1-90ff1266:1 s4e1-b16c535e:1 s5e1-a20594e7:1 s6e1-bfb0bab6:1 s7e1-865d313a:1
1786477064.673444 s8e1-91f4c90a:1 s1e1-b3a16e41:1 s2e1-9f23d8fd:1 s3e1-90ff1266:1 s4e1-b16c535e:1 s5e1-a20594e7:1 s6e1-bfb0bab6:1 s7e1-865d313a:1
1786477064.697560 s8e1-91f4c90a:1 s1e1-b3a16e41:1 s2e1-9f23d8fd:1 s3e1-90ff1266:1 s4e1-b16c535e:1 s5e1-a20594e7:1 s6e1-bfb0bab6:1 s7e1-865d313a:1
1786477064.721334 s8e1-91f4c90a:1 s1e1-b3a16e41:1 s2e1-9f23d8fd:1 s3e1-90ff1266:1 s4e1-b16c535e:1 s5e1-a20594e7:1 s6e1-bfb0bab6:1 s7e1-865d313a:1
1786477064.745388 s8e1-91f4c90a:1 s1e1-b3a16e41:1 s2e1-9f23d8fd:1 s3e1-90ff1266:1 s4e1-b16c535e:1 s5e1-a20594e7:1 s6e1-bfb0bab6:1 s7e1-865d313a:1
1786477064.769827 s1e1-b3a16e41:1 s2e1-9f23d8fd:1 s3e1-90ff1266:1 s4e1-b16c535e:1 s5e1-a20594e7:1 s6e1-bfb0bab6:1 s7e1-865d313a:1 s8e1-91f4c90a:53E
1786477064.830168 s1e1-b3a16e41:1 s2e1-9f23d8fd:1 s3e1-90ff1266:1 s4e1-b16c535e:1 s5e1-a20594e7:1 s6e1-bfb0bab6:1 s7e1-865d313a:1 s8e1-91f4c90a:1
1786477064.854374 s1e1-b3a16e41:1 s2e1-9f23d8fd:1 s3e1-90ff1266:1 s4e1-b16c535e:1 s5e1-a20594e7:1 s6e1-bfb0bab6:1 s7e1-865d313a:1 s8e1-91f4c90a:1
1786477064.878515 s1e1-b3a16e41:1 s2e1-9f23d8fd:1 s3e1-90ff1266:1 s4e1-b16c535e:1 s5e1-a20594e7:1 s6e1-bfb0bab6:1 s7e1-865d313a:1 s8e1-91f4c90a:1
1786477064.902591 s1e1-b3a16e41:1 s2e1-9f23d8fd:1 s3e1-90ff1266:1 s4e1-b16c535e:1 s5e1-a20594e7:1 s6e1-bfb0bab6:1 s7e1-865d313a:1 s8e1-91f4c90a:1
1786477064.926706 s1e1-b3a16e41:1 s2e1-9f23d8fd:1 s3e1-90ff1266:1 s4e1-b16c535e:1 s5e1-a20594e7:1 s6e1-bfb0bab6:1 s7e1-865d313a:1 s8e1-91f4c90a:1
1786477064.950446 s1e1-b3a16e41:1 s2e1-9f23d8fd:1 s3e1-90ff1266:1 s4e1-b16c535e:1 s5e1-a20594e7:1 s6e1-bfb0bab6:1 s7e1-865d313a:1 s8e1-91f4c90a:1
1786477064.974455 s1e1-b3a16e41:1 s2e1-9f23d8fd:1 s3e1-90ff1266:1 s4e1-b16c535e:1 s5e1-a20594e7:1 s6e1-bfb0bab6:1 s7e1-865d313a:1 s8e1-91f4c90a:1
1786477064.998995 s2e1-9f23d8fd:1 s3e1-90ff1266:1 s4e1-b16c535e:1 s5e1-a20594e7:1 s6e1-bfb0bab6:1 s7e1-865d313a:1 s8e1-91f4c90a:1 s1e1-b3a16e41:53E
1786477065.059273 s2e1-9f23d8fd:1 s3e1-90ff1266:1 s4e1-b16c535e:1 s5e1-a20594e7:1 s6e1-bfb0bab6:1 s7e1-865d313a:1 s8e1-91f4c90a:1 s1e1-b3a16e41:1
1786477065.083554 s2e1-9f23d8fd:1 s3e1-90ff1266:1 s4e1-b16c535e:1 s5e1-a20594e7:1 s6e1-bfb0bab6:1 s7e1-865d313a:1 s8e1-91f4c90a:1 s1e1-b3a16e41:1
1786477065.107899 s2e1-9f23d8fd:1 s3e1-90ff1266:1 s4e1-b16c535e:1 s5e1-a20594e7:1 s6e1-bfb0bab6:1 s7e1-865d313a:1 s8e1-91f4c90a:1 s1e1-b3a16e41:1
1786477065.133584 s7e1-865d313a:1 s8e1-91f4c90a:1 s1e1-b3a16e41:1 s2e1-9f23d8fd:53E s3e1-90ff1266:53E
1786477065.196598 s8e1-91f4c90a:1 s1e1-b3a16e41:1 s2e1-9f23d8fd:1 s3e1-90ff1266:1
1786477065.220171 s8e1-91f4c90a:1 s1e1-b3a16e41:1 s2e1-9f23d8fd:1 s3e1-90ff1266:1
1786477065.243075 s8e1-91f4c90a:1 s1e1-b3a16e41:1 s2e1-9f23d8fd:1 s3e1-90ff1266:1
1786477065.265639 s8e1-91f4c90a:1 s1e1-b3a16e41:1 s2e1-9f23d8fd:1 s3e1-90ff1266:1
1786477065.288536 s8e1-91f4c90a:1 s1e1-b3a16e41:1 s2e1-9f23d8fd:1 s3e1-90ff1266:1
1786477065.312479 s8e1-91f4c90a:1 s1e1-b3a16e41:1 s2e1-9f23d8fd:1 s3e1-90ff1266:1
1786477065.335761 s8e1-91f4c90a:1 s1e1-b3a16e41:1 s2e1-9f23d8fd:1 s3e1-90ff1266:1
1786477065.359188 s8e1-91f4c90a:1 s1e1-b3a16e41:1 s2e1-9f23d8fd:1 s3e1-90ff1266:1 s4e1-b16c535e:60E
1786477065.411633 s8e1-91f4c90a:1 s1e1-b3a16e41:1 s2e1-9f23d8fd:1 s3e1-90ff1266:1 s4e1-b16c535e:1
1786477065.435606 s8e1-91f4c90a:1 s1e1-b3a16e41:1 s2e1-9f23d8fd:1 s3e1-90ff1266:1 s4e1-b16c535e:1
1786477065.459477 s8e1-91f4c90a:1 s1e1-b3a16e41:1 s2e1-9f23d8fd:1 s3e1-90ff1266:1 s4e1-b16c535e:1
1786477065.483241 s8e1-91f4c90a:1 s1e1-b3a16e41:1 s2e1-9f23d8fd:1 s3e1-90ff1266:1 s4e1-b16c535e:1
1786477065.507458 s1e1-b3a16e41:1 s2e1-9f23d8fd:1 s3e1-90ff1266:1 s4e1-b16c535e:1
1786477065.533198 s1e1-b3a16e41:1 s2e1-9f23d8fd:1 s3e1-90ff1266:1 s4e1-b16c535e:1
1786477065.556180 s1e1-b3a16e41:1 s2e1-9f23d8fd:1 s3e1-90ff1266:1 s4e1-b16c535e:1
1786477065.579548 s1e1-b3a16e41:1 s2e1-9f23d8fd:1 s3e1-90ff1266:1 s4e1-b16c535e:1 s5e1-a20594e7:54E
1786477065.633691 s1e1-b3a16e41:1 s2e1-9f23d8fd:1 s3e1-90ff1266:1 s4e1-b16c535e:1 s5e1-a20594e7:1
1786477065.657390 s1e1-b3a16e41:1 s2e1-9f23d8fd:1 s3e1-90ff1266:1 s4e1-b16c535e:1 s5e1-a20594e7:1
1786477065.681058 s1e1-b3a16e41:1 s2e1-9f23d8fd:1 s3e1-90ff1266:1 s4e1-b16c535e:1 s5e1-a20594e7:1
1786477065.704623 s1e1-b3a16e41:1 s2e1-9f23d8fd:1 s3e1-90ff1266:1 s4e1-b16c535e:1 s5e1-a20594e7:1
1786477065.728630 s2e1-9f23d8fd:1 s3e1-90ff1266:1 s4e1-b16c535e:1 s5e1-a20594e7:1
1786477065.751297 s2e1-9f23d8fd:1 s3e1-90ff1266:1 s4e1-b16c535e:1 s5e1-a20594e7:1
1786477065.774050 s2e1-9f23d8fd:1 s3e1-90ff1266:1 s4e1-b16c535e:1 s5e1-a20594e7:1
1786477065.797235 s2e1-9f23d8fd:1 s3e1-90ff1266:1 s4e1-b16c535e:1 s5e1-a20594e7:1
1786477065.821455 s4e1-b16c535e:1 s5e1-a20594e7:1
1786477065.844587 s4e1-b16c535e:1 s5e1-a20594e7:1
1786477065.867038 s4e1-b16c535e:1 s5e1-a20594e7:1 s6e1-bfb0bab6:60E
1786477065.921127 s4e1-b16c535e:1 s5e1-a20594e7:1 s6e1-bfb0bab6:1
1786477065.943654 s4e1-b16c535e:1 s5e1-a20594e7:1 s6e1-bfb0bab6:1
1786477065.966001 s4e1-b16c535e:1 s5e1-a20594e7:1 s6e1-bfb0bab6:1
1786477065.988584 s4e1-b16c535e:1 s5e1-a20594e7:1 s6e1-bfb0bab6:1
1786477066.011332 s4e1-b16c535e:1 s5e1-a20594e7:1 s6e1-bfb0bab6:1
1786477066.035203 s5e1-a20594e7:1 s6e1-bfb0bab6:1
1786477066.057608 s5e1-a20594e7:1 s6e1-bfb0bab6:1
1786477066.080103 s5e1-a20594e7:1 s6e1-bfb0bab6:1 s7e1-865d313a:69E
1786477066.144095 s5e1-a20594e7:1 s6e1-bfb0bab6:1 s7e1-865d313a:1
1786477066.166401 s5e1-a20594e7:1 s6e1-bfb0bab6:1 s7e1-865d313a:1
1786477066.188798 s5e1-a20594e7:1 s6e1-bfb0bab6:1 s7e1-865d313a:1
1786477066.211173 s5e1-a20594e7:1 s6e1-bfb0bab6:1 s7e1-865d313a:1
1786477066.233497 s5e1-a20594e7:1 s6e1-bfb0bab6:1 s7e1-865d313a:1
1786477066.256341 s6e1-bfb0bab6:1 s7e1-865d313a:1
1786477066.278228 s6e1-bfb0bab6:1 s7e1-865d313a:1
1786477066.300346 s6e1-bfb0bab6:1 s7e1-865d313a:1
1786477066.322510 s6e1-bfb0bab6:1 s7e1-865d313a:1
1786477066.345546 s6e1-bfb0bab6:1 s7e1-865d313a:1
1786477066.367776 s6e1-bfb0bab6:1 s7e1-865d313a:1
1786477066.389909 s6e1-bfb0bab6:1 s7e1-865d313a:1
1786477066.412065 s6e1-bfb0bab6:1 s7e1-865d313a:1 s8e1-91f4c90a:63E
1786477066.476451 s6e1-bfb0bab6:1 s7e1-865d313a:1 s8e1-91f4c90a:1
1786477066.498870 s6e1-bfb0bab6:1 s7e1-865d313a:1 s8e1-91f4c90a:1
1786477066.521261 s6e1-bfb0bab6:1 s7e1-865d313a:1 s8e1-91f4c90a:1
1786477066.544364 s7e1-865d313a:1 s8e1-91f4c90a:1
1786477066.568147 s7e1-865d313a:1 s8e1-91f4c90a:1
1786477066.590299 s7e1-865d313a:1 s8e1-91f4c90a:1
1786477066.612267 s7e1-865d313a:1 s8e1-91f4c90a:1
1786477066.634605 s7e1-865d313a:1 s8e1-91f4c90a:1 s1e1-b3a16e41:66E
1786477066.698403 s7e1-865d313a:1 s8e1-91f4c90a:1 s1e1-b3a16e41:1
1786477066.720746 s7e1-865d313a:1 s8e1-91f4c90a:1 s1e1-b3a16e41:1
1786477066.749853 s7e1-865d313a:1 s8e1-91f4c90a:1 s1e1-b3a16e41:1
1786477066.772866 s8e1-91f4c90a:1 s1e1-b3a16e41:1
1786477066.796008 s8e1-91f4c90a:1 s1e1-b3a16e41:1
1786477066.818152 s8e1-91f4c90a:1 s1e1-b3a16e41:1
1786477066.840011 s8e1-91f4c90a:1 s1e1-b3a16e41:1
1786477066.862183 s8e1-91f4c90a:1 s1e1-b3a16e41:1 s2e1-9f23d8fd:61E
1786477066.916770 s8e1-91f4c90a:1 s1e1-b3a16e41:1 s2e1-9f23d8fd:1
1786477066.939516 s8e1-91f4c90a:1 s1e1-b3a16e41:1 s2e1-9f23d8fd:1
1786477066.962050 s8e1-91f4c90a:1 s1e1-b3a16e41:1 s2e1-9f23d8fd:1
1786477066.984702 s8e1-91f4c90a:1 s1e1-b3a16e41:1 s2e1-9f23d8fd:1
1786477067.007255 s8e1-91f4c90a:1 s1e1-b3a16e41:1 s2e1-9f23d8fd:1
1786477067.031060 s8e1-91f4c90a:1 s1e1-b3a16e41:1 s2e1-9f23d8fd:1
1786477067.054029 s8e1-91f4c90a:1 s1e1-b3a16e41:1 s2e1-9f23d8fd:1
1786477067.076784 s8e1-91f4c90a:1 s1e1-b3a16e41:1 s2e1-9f23d8fd:1 s3e1-90ff1266:54E
1786477067.131438 s1e1-b3a16e41:1 s2e1-9f23d8fd:1 s3e1-90ff1266:1
1786477067.154155 s1e1-b3a16e41:1 s2e1-9f23d8fd:1 s3e1-90ff1266:1
1786477067.176842 s1e1-b3a16e41:1 s2e1-9f23d8fd:1 s3e1-90ff1266:1
1786477067.199370 s1e1-b3a16e41:1 s2e1-9f23d8fd:1 s3e1-90ff1266:1
1786477067.221765 s1e1-b3a16e41:1 s2e1-9f23d8fd:1 s3e1-90ff1266:1
1786477067.244232 s1e1-b3a16e41:1 s2e1-9f23d8fd:1 s3e1-90ff1266:1
1786477067.267818 s1e1-b3a16e41:1 s2e1-9f23d8fd:1 s3e1-90ff1266:1
1786477067.290606 s1e1-b3a16e41:1 s2e1-9f23d8fd:1 s3e1-90ff1266:1
1786477067.314098 s2e1-9f23d8fd:1 s3e1-90ff1266:1 s4e1-b16c535e:57E
1786477067.369076 s2e1-9f23d8fd:1 s3e1-90ff1266:1 s4e1-b16c535e:1
1786477067.391847 s2e1-9f23d8fd:1 s3e1-90ff1266:1 s4e1-b16c535e:1
1786477067.414412 s2e1-9f23d8fd:1 s3e1-90ff1266:1 s4e1-b16c535e:1
1786477067.436695 s2e1-9f23d8fd:1 s3e1-90ff1266:1 s4e1-b16c535e:1
1786477067.459079 s2e1-9f23d8fd:1 s3e1-90ff1266:1 s4e1-b16c535e:1
1786477067.481468 s2e1-9f23d8fd:1 s3e1-90ff1266:1 s4e1-b16c535e:1
1786477067.504166 s2e1-9f23d8fd:1 s3e1-90ff1266:1 s4e1-b16c535e:1
1786477067.527161 s3e1-90ff1266:1 s4e1-b16c535e:1
1786477067.549303 s3e1-90ff1266:1 s4e1-b16c535e:1
1786477067.571540 s3e1-90ff1266:1 s4e1-b16c535e:1
1786477067.594789 s3e1-90ff1266:1 s4e1-b16c535e:1
1786477067.616928 s3e1-90ff1266:1 s4e1-b16c535e:1
1786477067.639329 s3e1-90ff1266:1 s4e1-b16c535e:1 s5e1-a20594e7:67E
1786477067.703439 s3e1-90ff1266:1 s4e1-b16c535e:1 s5e1-a20594e7:1
1786477067.725750 s3e1-90ff1266:1 s4e1-b16c535e:1 s5e1-a20594e7:1
1786477067.748541 s4e1-b16c535e:1 s5e1-a20594e7:1
1786477067.770488 s4e1-b16c535e:1 s5e1-a20594e7:1
1786477067.794429 s4e1-b16c535e:1 s5e1-a20594e7:1
1786477067.816363 s4e1-b16c535e:1 s5e1-a20594e7:1
1786477067.838238 s4e1-b16c535e:1 s5e1-a20594e7:1
1786477067.860487 s4e1-b16c535e:1 s5e1-a20594e7:1 s6e1-bfb0bab6:57E
1786477067.931492 s4e1-b16c535e:1 s5e1-a20594e7:1 s6e1-bfb0bab6:1
1786477067.953992 s4e1-b16c535e:1 s5e1-a20594e7:1 s6e1-bfb0bab6:1
1786477067.976719 s4e1-b16c535e:1 s5e1-a20594e7:1 s6e1-bfb0bab6:1
1786477067.999548 s5e1-a20594e7:1 s6e1-bfb0bab6:1
1786477068.021507 s5e1-a20594e7:1 s6e1-bfb0bab6:1
1786477068.043670 s5e1-a20594e7:1 s6e1-bfb0bab6:1
1786477068.066634 s5e1-a20594e7:1 s6e1-bfb0bab6:1
1786477068.089102 s5e1-a20594e7:1 s6e1-bfb0bab6:1
1786477068.111449 s5e1-a20594e7:1 s6e1-bfb0bab6:1 s7e1-865d313a:66E
1786477068.175545 s5e1-a20594e7:1 s6e1-bfb0bab6:1 s7e1-865d313a:1
1786477068.197800 s5e1-a20594e7:1 s6e1-bfb0bab6:1 s7e1-865d313a:1
1786477068.220166 s5e1-a20594e7:1 s6e1-bfb0bab6:1 s7e1-865d313a:1
1786477068.242569 s5e1-a20594e7:1 s6e1-bfb0bab6:1 s7e1-865d313a:1
1786477068.265033 s5e1-a20594e7:1 s6e1-bfb0bab6:1 s7e1-865d313a:1
1786477068.288752 s5e1-a20594e7:1 s6e1-bfb0bab6:1 s7e1-865d313a:1
1786477068.311469 s5e1-a20594e7:1 s6e1-bfb0bab6:1 s7e1-865d313a:1
1786477068.334890 s6e1-bfb0bab6:1 s7e1-865d313a:1 s8e1-91f4c90a:60E
1786477068.388833 s6e1-bfb0bab6:1 s7e1-865d313a:1 s8e1-91f4c90a:1
1786477068.411261 s6e1-bfb0bab6:1 s7e1-865d313a:1 s8e1-91f4c90a:1
1786477068.433713 s6e1-bfb0bab6:1 s7e1-865d313a:1 s8e1-91f4c90a:1
1786477068.456244 s6e1-bfb0bab6:1 s7e1-865d313a:1 s8e1-91f4c90a:1
1786477068.478713 s6e1-bfb0bab6:1 s7e1-865d313a:1 s8e1-91f4c90a:1
1786477068.501191 s6e1-bfb0bab6:1 s7e1-865d313a:1 s8e1-91f4c90a:1
1786477068.523970 s6e1-bfb0bab6:1 s7e1-865d313a:1 s8e1-91f4c90a:1
1786477068.548931 s7e1-865d313a:1 s8e1-91f4c90a:1
1786477068.571335 s7e1-865d313a:1 s8e1-91f4c90a:1
1786477068.593779 s7e1-865d313a:1 s8e1-91f4c90a:1 s1e1-b3a16e41:63E
1786477068.657827 s7e1-865d313a:1 s8e1-91f4c90a:1 s1e1-b3a16e41:1
1786477068.680158 s7e1-865d313a:1 s8e1-91f4c90a:1 s1e1-b3a16e41:1
1786477068.702582 s7e1-865d313a:1 s8e1-91f4c90a:1 s1e1-b3a16e41:1
1786477068.725050 s7e1-865d313a:1 s8e1-91f4c90a:1 s1e1-b3a16e41:1
1786477068.747564 s7e1-865d313a:1 s8e1-91f4c90a:1 s1e1-b3a16e41:1
1786477068.771542 s7e1-865d313a:1 s8e1-91f4c90a:1 s1e1-b3a16e41:1
1786477068.795080 s8e1-91f4c90a:1 s1e1-b3a16e41:1
1786477068.817950 s8e1-91f4c90a:1 s1e1-b3a16e41:1 s2e1-9f23d8fd:58E
1786477068.872398 s8e1-91f4c90a:1 s1e1-b3a16e41:1 s2e1-9f23d8fd:1
1786477068.895166 s8e1-91f4c90a:1 s1e1-b3a16e41:1 s2e1-9f23d8fd:1
1786477068.917968 s8e1-91f4c90a:1 s1e1-b3a16e41:1 s2e1-9f23d8fd:1
1786477068.940587 s8e1-91f4c90a:1 s1e1-b3a16e41:1 s2e1-9f23d8fd:1
1786477068.963297 s8e1-91f4c90a:1 s1e1-b3a16e41:1 s2e1-9f23d8fd:1
1786477068.985997 s8e1-91f4c90a:1 s1e1-b3a16e41:1 s2e1-9f23d8fd:1
1786477069.009199 s1e1-b3a16e41:1 s2e1-9f23d8fd:1
1786477069.031490 s1e1-b3a16e41:1 s2e1-9f23d8fd:1
1786477069.071843 s1e1-b3a16e41:1 s2e1-9f23d8fd:1
1786477069.094084 s1e1-b3a16e41:1 s2e1-9f23d8fd:1
1786477069.115974 s1e1-b3a16e41:1 s2e1-9f23d8fd:1
1786477069.138341 s1e1-b3a16e41:1 s2e1-9f23d8fd:1 s3e1-90ff1266:67E
1786477069.202783 s1e1-b3a16e41:1 s2e1-9f23d8fd:1 s3e1-90ff1266:1
1786477069.225484 s1e1-b3a16e41:1 s2e1-9f23d8fd:1 s3e1-90ff1266:1
1786477069.248155 s1e1-b3a16e41:1 s2e1-9f23d8fd:1 s3e1-90ff1266:1
1786477069.271005 s1e1-b3a16e41:1 s2e1-9f23d8fd:1 s3e1-90ff1266:1
1786477069.295392 s2e1-9f23d8fd:1 s3e1-90ff1266:1
1786477069.318060 s2e1-9f23d8fd:1 s3e1-90ff1266:1
1786477069.340346 s2e1-9f23d8fd:1 s3e1-90ff1266:1
1786477069.363014 s2e1-9f23d8fd:1 s3e1-90ff1266:1 s4e1-b16c535e:54E
1786477069.415677 s2e1-9f23d8fd:1 s3e1-90ff1266:1 s4e1-b16c535e:1
1786477069.438634 s2e1-9f23d8fd:1 s3e1-90ff1266:1 s4e1-b16c535e:1
1786477069.461704 s2e1-9f23d8fd:1 s3e1-90ff1266:1 s4e1-b16c535e:1
1786477069.484560 s2e1-9f23d8fd:1 s3e1-90ff1266:1 s4e1-b16c535e:1
1786477069.508011 s3e1-90ff1266:1 s4e1-b16c535e:1
1786477069.530662 s3e1-90ff1266:1 s4e1-b16c535e:1
1786477069.553867 s3e1-90ff1266:1 s4e1-b16c535e:1
1786477069.576374 s3e1-90ff1266:1 s4e1-b16c535e:1
1786477069.598557 s3e1-90ff1266:1 s4e1-b16c535e:1
1786477069.621242 s3e1-90ff1266:1 s4e1-b16c535e:1 s5e1-a20594e7:64E
1786477069.685621 s3e1-90ff1266:1 s4e1-b16c535e:1 s5e1-a20594e7:1
1786477069.707949 s3e1-90ff1266:1 s4e1-b16c535e:1 s5e1-a20594e7:1
1786477069.730423 s3e1-90ff1266:1 s4e1-b16c535e:1 s5e1-a20594e7:1
1786477069.752929 s3e1-90ff1266:1 s4e1-b16c535e:1 s5e1-a20594e7:1
1786477069.776663 s3e1-90ff1266:1 s4e1-b16c535e:1 s5e1-a20594e7:1
1786477069.799301 s3e1-90ff1266:1 s4e1-b16c535e:1 s5e1-a20594e7:1
1786477069.822561 s4e1-b16c535e:1 s5e1-a20594e7:1 s6e1-bfb0bab6:54E
1786477069.875059 s4e1-b16c535e:1 s5e1-a20594e7:1 s6e1-bfb0bab6:1
1786477069.897681 s4e1-b16c535e:1 s5e1-a20594e7:1 s6e1-bfb0bab6:1
1786477069.920241 s4e1-b16c535e:1 s5e1-a20594e7:1 s6e1-bfb0bab6:1
1786477069.942685 s4e1-b16c535e:1 s5e1-a20594e7:1 s6e1-bfb0bab6:1
1786477069.965325 s4e1-b16c535e:1 s5e1-a20594e7:1 s6e1-bfb0bab6:1
1786477069.988076 s4e1-b16c535e:1 s5e1-a20594e7:1 s6e1-bfb0bab6:1
1786477070.010624 s4e1-b16c535e:1 s5e1-a20594e7:1 s6e1-bfb0bab6:1
1786477070.033702 s5e1-a20594e7:1 s6e1-bfb0bab6:1
1786477070.056969 s5e1-a20594e7:1 s6e1-bfb0bab6:1
1786477070.079299 s5e1-a20594e7:1 s6e1-bfb0bab6:1
1786477070.101359 s5e1-a20594e7:1 s6e1-bfb0bab6:1
1786477070.123855 s5e1-a20594e7:1 s6e1-bfb0bab6:1 s7e1-865d313a:63E
1786477070.188141 s5e1-a20594e7:1 s6e1-bfb0bab6:1 s7e1-865d313a:1
1786477070.210614 s5e1-a20594e7:1 s6e1-bfb0bab6:1 s7e1-865d313a:1
1786477070.233111 s5e1-a20594e7:1 s6e1-bfb0bab6:1 s7e1-865d313a:1
1786477070.277622 s5e1-a20594e7:1 s6e1-bfb0bab6:1 s7e1-865d313a:1
1786477070.300493 s5e1-a20594e7:1 s6e1-bfb0bab6:1 s7e1-865d313a:1
1786477070.323658 s6e1-bfb0bab6:1 s7e1-865d313a:1
1786477070.346162 s6e1-bfb0bab6:1 s7e1-865d313a:1 s8e1-91f4c90a:57E
1786477070.400877 s6e1-bfb0bab6:1 s7e1-865d313a:1 s8e1-91f4c90a:1
1786477070.423524 s6e1-bfb0bab6:1 s7e1-865d313a:1 s8e1-91f4c90a:1
1786477070.446224 s6e1-bfb0bab6:1 s7e1-865d313a:1 s8e1-91f4c90a:1
1786477070.469075 s6e1-bfb0bab6:1 s7e1-865d313a:1 s8e1-91f4c90a:1
1786477070.491877 s6e1-bfb0bab6:1 s7e1-865d313a:1 s8e1-91f4c90a:1
1786477070.515224 s7e1-865d313a:1 s8e1-91f4c90a:1
1786477070.540511 s7e1-865d313a:1 s8e1-91f4c90a:1
1786477070.562964 s7e1-865d313a:1 s8e1-91f4c90a:1
1786477070.584922 s7e1-865d313a:1 s8e1-91f4c90a:1
1786477070.607573 s7e1-865d313a:1 s8e1-91f4c90a:1 s1e1-b3a16e41:60E
1786477070.662467 s7e1-865d313a:1 s8e1-91f4c90a:1 s1e1-b3a16e41:1
1786477070.685152 s7e1-865d313a:1 s8e1-91f4c90a:1 s1e1-b3a16e41:1
1786477070.707992 s7e1-865d313a:1 s8e1-91f4c90a:1 s1e1-b3a16e41:1
1786477070.730902 s7e1-865d313a:1 s8e1-91f4c90a:1 s1e1-b3a16e41:1
1786477070.754153 s7e1-865d313a:1 s8e1-91f4c90a:1 s1e1-b3a16e41:1
1786477070.779172 s7e1-865d313a:1 s8e1-91f4c90a:1 s1e1-b3a16e41:1
1786477070.802210 s7e1-865d313a:1 s8e1-91f4c90a:1 s1e1-b3a16e41:1
1786477070.825417 s8e1-91f4c90a:1 s1e1-b3a16e41:1
1786477070.848070 s8e1-91f4c90a:1 s1e1-b3a16e41:1 s2e1-9f23d8fd:55E
1786477070.902529 s8e1-91f4c90a:1 s1e1-b3a16e41:1 s2e1-9f23d8fd:1
1786477070.925169 s8e1-91f4c90a:1 s1e1-b3a16e41:1 s2e1-9f23d8fd:1
1786477070.948119 s8e1-91f4c90a:1 s1e1-b3a16e41:1 s2e1-9f23d8fd:1
1786477070.970973 s8e1-91f4c90a:1 s1e1-b3a16e41:1 s2e1-9f23d8fd:1
1786477070.994123 s8e1-91f4c90a:1 s1e1-b3a16e41:1 s2e1-9f23d8fd:1
1786477071.018476 s1e1-b3a16e41:1 s2e1-9f23d8fd:1
1786477071.041154 s1e1-b3a16e41:1 s2e1-9f23d8fd:1
1786477071.063289 s1e1-b3a16e41:1 s2e1-9f23d8fd:1
1786477071.085750 s1e1-b3a16e41:1 s2e1-9f23d8fd:1 s3e1-90ff1266:64E
1786477071.150854 s1e1-b3a16e41:1 s2e1-9f23d8fd:1 s3e1-90ff1266:1
1786477071.173467 s1e1-b3a16e41:1 s2e1-9f23d8fd:1 s3e1-90ff1266:1
1786477071.196264 s1e1-b3a16e41:1 s2e1-9f23d8fd:1 s3e1-90ff1266:1
1786477071.218748 s1e1-b3a16e41:1 s2e1-9f23d8fd:1 s3e1-90ff1266:1
1786477071.241708 s1e1-b3a16e41:1 s2e1-9f23d8fd:1 s3e1-90ff1266:1
1786477071.265694 s1e1-b3a16e41:1 s2e1-9f23d8fd:1 s3e1-90ff1266:1
1786477071.289178 s2e1-9f23d8fd:1 s3e1-90ff1266:1
1786477071.311401 s2e1-9f23d8fd:1 s3e1-90ff1266:1
1786477071.334152 s2e1-9f23d8fd:1 s3e1-90ff1266:1 s4e1-b16c535e:67E
1786477071.399182 s2e1-9f23d8fd:1 s3e1-90ff1266:1 s4e1-b16c535e:1
1786477071.421844 s2e1-9f23d8fd:1 s3e1-90ff1266:1 s4e1-b16c535e:1
1786477071.444567 s2e1-9f23d8fd:1 s3e1-90ff1266:1 s4e1-b16c535e:1
1786477071.467326 s2e1-9f23d8fd:1 s3e1-90ff1266:1 s4e1-b16c535e:1
1786477071.490234 s2e1-9f23d8fd:1 s3e1-90ff1266:1 s4e1-b16c535e:1
1786477071.513338 s2e1-9f23d8fd:1 s3e1-90ff1266:1 s4e1-b16c535e:1
1786477071.538444 s3e1-90ff1266:1 s4e1-b16c535e:1
1786477071.561288 s3e1-90ff1266:1 s4e1-b16c535e:1
1786477071.583268 s3e1-90ff1266:1 s4e1-b16c535e:1
1786477071.605866 s3e1-90ff1266:1 s4e1-b16c535e:1 s5e1-a20594e7:61E
1786477071.661039 s3e1-90ff1266:1 s4e1-b16c535e:1 s5e1-a20594e7:1
1786477071.683818 s3e1-90ff1266:1 s4e1-b16c535e:1 s5e1-a20594e7:1
1786477071.706742 s3e1-90ff1266:1 s4e1-b16c535e:1 s5e1-a20594e7:1
1786477071.729838 s3e1-90ff1266:1 s4e1-b16c535e:1 s5e1-a20594e7:1
1786477071.754138 s3e1-90ff1266:1 s4e1-b16c535e:1 s5e1-a20594e7:1
1786477071.777624 s4e1-b16c535e:1 s5e1-a20594e7:1
1786477071.799882 s4e1-b16c535e:1 s5e1-a20594e7:1
1786477071.822509 s4e1-b16c535e:1 s5e1-a20594e7:1 s6e1-bfb0bab6:67E
1786477071.887605 s4e1-b16c535e:1 s5e1-a20594e7:1 s6e1-bfb0bab6:1
1786477071.910247 s4e1-b16c535e:1 s5e1-a20594e7:1 s6e1-bfb0bab6:1
1786477071.932926 s4e1-b16c535e:1 s5e1-a20594e7:1 s6e1-bfb0bab6:1
1786477071.955612 s4e1-b16c535e:1 s5e1-a20594e7:1 s6e1-bfb0bab6:1
1786477071.978284 s4e1-b16c535e:1 s5e1-a20594e7:1 s6e1-bfb0bab6:1
1786477072.001101 s4e1-b16c535e:1 s5e1-a20594e7:1 s6e1-bfb0bab6:1
1786477072.025417 s5e1-a20594e7:1 s6e1-bfb0bab6:1
1786477072.048102 s5e1-a20594e7:1 s6e1-bfb0bab6:1
1786477072.070346 s5e1-a20594e7:1 s6e1-bfb0bab6:1
1786477072.092876 s5e1-a20594e7:1 s6e1-bfb0bab6:1 s7e1-865d313a:60E
1786477072.147663 s5e1-a20594e7:1 s6e1-bfb0bab6:1 s7e1-865d313a:1
1786477072.170571 s5e1-a20594e7:1 s6e1-bfb0bab6:1 s7e1-865d313a:1
1786477072.193229 s5e1-a20594e7:1 s6e1-bfb0bab6:1 s7e1-865d313a:1
1786477072.216213 s5e1-a20594e7:1 s6e1-bfb0bab6:1 s7e1-865d313a:1
1786477072.239318 s5e1-a20594e7:1 s6e1-bfb0bab6:1 s7e1-865d313a:1
1786477072.264002 s5e1-a20594e7:1 s6e1-bfb0bab6:1 s7e1-865d313a:1
1786477072.287415 s6e1-bfb0bab6:1 s7e1-865d313a:1
1786477072.309615 s6e1-bfb0bab6:1 s7e1-865d313a:1
1786477072.332198 s6e1-bfb0bab6:1 s7e1-865d313a:1 s8e1-91f4c90a:54E
1786477072.384613 s6e1-bfb0bab6:1 s7e1-865d313a:1 s8e1-91f4c90a:1
1786477072.407257 s6e1-bfb0bab6:1 s7e1-865d313a:1 s8e1-91f4c90a:1
1786477072.429923 s6e1-bfb0bab6:1 s7e1-865d313a:1 s8e1-91f4c90a:1
1786477072.452566 s6e1-bfb0bab6:1 s7e1-865d313a:1 s8e1-91f4c90a:1
1786477072.476889 s6e1-bfb0bab6:1 s7e1-865d313a:1 s8e1-91f4c90a:1
1786477072.500424 s7e1-865d313a:1 s8e1-91f4c90a:1
1786477072.522638 s7e1-865d313a:1 s8e1-91f4c90a:1
1786477072.545376 s7e1-865d313a:1 s8e1-91f4c90a:1 s1e1-b3a16e41:57E
1786477072.600535 s7e1-865d313a:1 s8e1-91f4c90a:1 s1e1-b3a16e41:1
1786477072.623258 s7e1-865d313a:1 s8e1-91f4c90a:1 s1e1-b3a16e41:1
1786477072.646216 s7e1-865d313a:1 s8e1-91f4c90a:1 s1e1-b3a16e41:1
1786477072.669030 s7e1-865d313a:1 s8e1-91f4c90a:1 s1e1-b3a16e41:1
1786477072.691627 s7e1-865d313a:1 s8e1-91f4c90a:1 s1e1-b3a16e41:1
1786477072.714341 s7e1-865d313a:1 s8e1-91f4c90a:1 s1e1-b3a16e41:1
1786477072.737756 s7e1-865d313a:1 s8e1-91f4c90a:1 s1e1-b3a16e41:1
1786477072.763791 s8e1-91f4c90a:1 s1e1-b3a16e41:1
1786477072.786265 s8e1-91f4c90a:1 s1e1-b3a16e41:1
1786477072.808541 s8e1-91f4c90a:1 s1e1-b3a16e41:1
1786477072.831200 s8e1-91f4c90a:1 s1e1-b3a16e41:1 s2e1-9f23d8fd:68E
1786477072.897012 s8e1-91f4c90a:1 s1e1-b3a16e41:1 s2e1-9f23d8fd:1
1786477072.919615 s8e1-91f4c90a:1 s1e1-b3a16e41:1 s2e1-9f23d8fd:1
1786477072.942417 s8e1-91f4c90a:1 s1e1-b3a16e41:1 s2e1-9f23d8fd:1
1786477072.965249 s8e1-91f4c90a:1 s1e1-b3a16e41:1 s2e1-9f23d8fd:1
1786477072.988078 s8e1-91f4c90a:1 s1e1-b3a16e41:1 s2e1-9f23d8fd:1
1786477073.011476 s1e1-b3a16e41:1 s2e1-9f23d8fd:1
1786477073.034924 s1e1-b3a16e41:1 s2e1-9f23d8fd:1
1786477073.057419 s1e1-b3a16e41:1 s2e1-9f23d8fd:1
1786477073.079547 s1e1-b3a16e41:1 s2e1-9f23d8fd:1
1786477073.102045 s1e1-b3a16e41:1 s2e1-9f23d8fd:1 s3e1-90ff1266:61E
1786477073.157261 s1e1-b3a16e41:1 s2e1-9f23d8fd:1 s3e1-90ff1266:1
1786477073.180206 s1e1-b3a16e41:1 s2e1-9f23d8fd:1 s3e1-90ff1266:1
1786477073.203395 s1e1-b3a16e41:1 s2e1-9f23d8fd:1 s3e1-90ff1266:1
1786477073.226603 s2e1-9f23d8fd:1 s3e1-90ff1266:1
1786477073.249283 s2e1-9f23d8fd:1 s3e1-90ff1266:1
1786477073.273027 s2e1-9f23d8fd:1 s3e1-90ff1266:1
1786477073.295439 s2e1-9f23d8fd:1 s3e1-90ff1266:1
1786477073.317732 s2e1-9f23d8fd:1 s3e1-90ff1266:1
1786477073.340506 s2e1-9f23d8fd:1 s3e1-90ff1266:1 s4e1-b16c535e:64E
1786477073.405811 s2e1-9f23d8fd:1 s3e1-90ff1266:1 s4e1-b16c535e:1
1786477073.428503 s2e1-9f23d8fd:1 s3e1-90ff1266:1 s4e1-b16c535e:1
1786477073.451187 s2e1-9f23d8fd:1 s3e1-90ff1266:1 s4e1-b16c535e:1
1786477073.473996 s2e1-9f23d8fd:1 s3e1-90ff1266:1 s4e1-b16c535e:1
1786477073.496920 s2e1-9f23d8fd:1 s3e1-90ff1266:1 s4e1-b16c535e:1
1786477073.521206 s3e1-90ff1266:1 s4e1-b16c535e:1
1786477073.547395 s3e1-90ff1266:1 s4e1-b16c535e:1
1786477073.571604 s3e1-90ff1266:1 s4e1-b16c535e:1
1786477073.595079 s3e1-90ff1266:1 s4e1-b16c535e:1
1786477073.618087 s3e1-90ff1266:1 s4e1-b16c535e:1 s5e1-a20594e7:58E
1786477073.679549 s3e1-90ff1266:1 s4e1-b16c535e:1 s5e1-a20594e7:1
1786477073.702620 s3e1-90ff1266:1 s4e1-b16c535e:1 s5e1-a20594e7:1
1786477073.725703 s3e1-90ff1266:1 s4e1-b16c535e:1 s5e1-a20594e7:1
1786477073.748702 s3e1-90ff1266:1 s4e1-b16c535e:1 s5e1-a20594e7:1
1786477073.772726 s3e1-90ff1266:1 s4e1-b16c535e:1 s5e1-a20594e7:1
1786477073.796302 s4e1-b16c535e:1 s5e1-a20594e7:1
1786477073.818722 s4e1-b16c535e:1 s5e1-a20594e7:1
1786477073.841102 s4e1-b16c535e:1 s5e1-a20594e7:1 s6e1-bfb0bab6:64E
1786477073.906547 s4e1-b16c535e:1 s5e1-a20594e7:1 s6e1-bfb0bab6:1
1786477073.929143 s4e1-b16c535e:1 s5e1-a20594e7:1 s6e1-bfb0bab6:1
1786477073.951975 s4e1-b16c535e:1 s5e1-a20594e7:1 s6e1-bfb0bab6:1
1786477073.974567 s4e1-b16c535e:1 s5e1-a20594e7:1 s6e1-bfb0bab6:1
1786477073.997577 s4e1-b16c535e:1 s5e1-a20594e7:1 s6e1-bfb0bab6:1
1786477074.021860 s4e1-b16c535e:1 s5e1-a20594e7:1 s6e1-bfb0bab6:1
1786477074.045309 s5e1-a20594e7:1 s6e1-bfb0bab6:1
1786477074.067647 s5e1-a20594e7:1 s6e1-bfb0bab6:1
1786477074.090203 s5e1-a20594e7:1 s6e1-bfb0bab6:1 s7e1-865d313a:57E
1786477074.145558 s5e1-a20594e7:1 s6e1-bfb0bab6:1 s7e1-865d313a:1
1786477074.168257 s5e1-a20594e7:1 s6e1-bfb0bab6:1 s7e1-865d313a:1
1786477074.190948 s5e1-a20594e7:1 s6e1-bfb0bab6:1 s7e1-865d313a:1
1786477074.213647 s5e1-a20594e7:1 s6e1-bfb0bab6:1 s7e1-865d313a:1
1786477074.236408 s5e1-a20594e7:1 s6e1-bfb0bab6:1 s7e1-865d313a:1
1786477074.259320 s5e1-a20594e7:1 s6e1-bfb0bab6:1 s7e1-865d313a:1
1786477074.283176 s5e1-a20594e7:1 s6e1-bfb0bab6:1 s7e1-865d313a:1
1786477074.306842 s6e1-bfb0bab6:1 s7e1-865d313a:1
1786477074.328919 s6e1-bfb0bab6:1 s7e1-865d313a:1
1786477074.351431 s6e1-bfb0bab6:1 s7e1-865d313a:1 s8e1-91f4c90a:67E
1786477074.416548 s6e1-bfb0bab6:1 s7e1-865d313a:1 s8e1-91f4c90a:1
1786477074.439214 s6e1-bfb0bab6:1 s7e1-865d313a:1 s8e1-91f4c90a:1
1786477074.462056 s6e1-bfb0bab6:1 s7e1-865d313a:1 s8e1-91f4c90a:1
1786477074.484693 s6e1-bfb0bab6:1 s7e1-865d313a:1 s8e1-91f4c90a:1
1786477074.507822 s6e1-bfb0bab6:1 s7e1-865d313a:1 s8e1-91f4c90a:1
1786477074.533314 s7e1-865d313a:1 s8e1-91f4c90a:1
1786477074.555856 s7e1-865d313a:1 s8e1-91f4c90a:1
1786477074.578061 s7e1-865d313a:1 s8e1-91f4c90a:1
1786477074.600530 s7e1-865d313a:1 s8e1-91f4c90a:1 s1e1-b3a16e41:54E
1786477074.654371 s7e1-865d313a:1 s8e1-91f4c90a:1 s1e1-b3a16e41:1
1786477074.677249 s7e1-865d313a:1 s8e1-91f4c90a:1 s1e1-b3a16e41:1
1786477074.700121 s7e1-865d313a:1 s8e1-91f4c90a:1 s1e1-b3a16e41:1
1786477074.723058 s7e1-865d313a:1 s8e1-91f4c90a:1 s1e1-b3a16e41:1
1786477074.746067 s7e1-865d313a:1 s8e1-91f4c90a:1 s1e1-b3a16e41:1
1786477074.769257 s8e1-91f4c90a:1 s1e1-b3a16e41:1
1786477074.792907 s8e1-91f4c90a:1 s1e1-b3a16e41:1
1786477074.815207 s8e1-91f4c90a:1 s1e1-b3a16e41:1
1786477074.837396 s8e1-91f4c90a:1 s1e1-b3a16e41:1
1786477074.859978 s8e1-91f4c90a:1 s1e1-b3a16e41:1 s2e1-9f23d8fd:65E
1786477074.925341 s8e1-91f4c90a:1 s1e1-b3a16e41:1 s2e1-9f23d8fd:1
1786477074.947953 s8e1-91f4c90a:1 s1e1-b3a16e41:1 s2e1-9f23d8fd:1
1786477074.970663 s8e1-91f4c90a:1 s1e1-b3a16e41:1 s2e1-9f23d8fd:1
1786477074.993825 s8e1-91f4c90a:1 s1e1-b3a16e41:1 s2e1-9f23d8fd:1
1786477075.018376 s8e1-91f4c90a:1 s1e1-b3a16e41:1 s2e1-9f23d8fd:1
1786477075.041545 s1e1-b3a16e41:1 s2e1-9f23d8fd:1
1786477075.063652 s1e1-b3a16e41:1 s2e1-9f23d8fd:1
1786477075.086314 s1e1-b3a16e41:1 s2e1-9f23d8fd:1 s3e1-90ff1266:58E
1786477075.141505 s1e1-b3a16e41:1 s2e1-9f23d8fd:1 s3e1-90ff1266:1
1786477075.164122 s1e1-b3a16e41:1 s2e1-9f23d8fd:1 s3e1-90ff1266:1
1786477075.186980 s1e1-b3a16e41:1 s2e1-9f23d8fd:1 s3e1-90ff1266:1
1786477075.209736 s1e1-b3a16e41:1 s2e1-9f23d8fd:1 s3e1-90ff1266:1
1786477075.232539 s1e1-b3a16e41:1 s2e1-9f23d8fd:1 s3e1-90ff1266:1
1786477075.255484 s1e1-b3a16e41:1 s2e1-9f23d8fd:1 s3e1-90ff1266:1
1786477075.278928 s2e1-9f23d8fd:1 s3e1-90ff1266:1
1786477075.301610 s2e1-9f23d8fd:1 s3e1-90ff1266:1
1786477075.324920 s2e1-9f23d8fd:1 s3e1-90ff1266:1
1786477075.347510 s2e1-9f23d8fd:1 s3e1-90ff1266:1
1786477075.369802 s2e1-9f23d8fd:1 s3e1-90ff1266:1
1786477075.392472 s2e1-9f23d8fd:1 s3e1-90ff1266:1 s4e1-b16c535e:61E
1786477075.447640 s2e1-9f23d8fd:1 s3e1-90ff1266:1 s4e1-b16c535e:1
1786477075.470479 s2e1-9f23d8fd:1 s3e1-90ff1266:1 s4e1-b16c535e:1
1786477075.493581 s2e1-9f23d8fd:1 s3e1-90ff1266:1 s4e1-b16c535e:1
1786477075.517867 s2e1-9f23d8fd:1 s3e1-90ff1266:1 s4e1-b16c535e:1
1786477075.543197 s3e1-90ff1266:1 s4e1-b16c535e:1
1786477075.565658 s3e1-90ff1266:1 s4e1-b16c535e:1
1786477075.588484 s3e1-90ff1266:1 s4e1-b16c535e:1 s5e1-a20594e7:55E
1786477075.643968 s3e1-90ff1266:1 s4e1-b16c535e:1 s5e1-a20594e7:1
1786477075.666709 s3e1-90ff1266:1 s4e1-b16c535e:1 s5e1-a20594e7:1
1786477075.689520 s3e1-90ff1266:1 s4e1-b16c535e:1 s5e1-a20594e7:1
1786477075.712463 s3e1-90ff1266:1 s4e1-b16c535e:1 s5e1-a20594e7:1
1786477075.735045 s3e1-90ff1266:1 s4e1-b16c535e:1 s5e1-a20594e7:1
1786477075.758320 s4e1-b16c535e:1 s5e1-a20594e7:1
1786477075.780801 s4e1-b16c535e:1 s5e1-a20594e7:1
1786477075.803340 s4e1-b16c535e:1 s5e1-a20594e7:1
1786477075.826829 s4e1-b16c535e:1 s5e1-a20594e7:1
1786477075.849497 s4e1-b16c535e:1 s5e1-a20594e7:1
1786477075.871616 s4e1-b16c535e:1 s5e1-a20594e7:1
1786477075.894401 s4e1-b16c535e:1 s5e1-a20594e7:1 s6e1-bfb0bab6:61E
1786477075.949521 s4e1-b16c535e:1 s5e1-a20594e7:1 s6e1-bfb0bab6:1
1786477075.972380 s4e1-b16c535e:1 s5e1-a20594e7:1 s6e1-bfb0bab6:1
1786477075.995393 s4e1-b16c535e:1 s5e1-a20594e7:1 s6e1-bfb0bab6:1
1786477076.018693 s4e1-b16c535e:1 s5e1-a20594e7:1 s6e1-bfb0bab6:1
1786477076.042767 s4e1-b16c535e:1 s5e1-a20594e7:1 s6e1-bfb0bab6:1
1786477076.066521 s5e1-a20594e7:1 s6e1-bfb0bab6:1
1786477076.088936 s5e1-a20594e7:1 s6e1-bfb0bab6:1
1786477076.111610 s5e1-a20594e7:1 s6e1-bfb0bab6:1 s7e1-865d313a:54E
1786477076.164269 s5e1-a20594e7:1 s6e1-bfb0bab6:1 s7e1-865d313a:1
1786477076.187011 s5e1-a20594e7:1 s6e1-bfb0bab6:1 s7e1-865d313a:1
1786477076.209760 s5e1-a20594e7:1 s6e1-bfb0bab6:1 s7e1-865d313a:1
1786477076.232522 s5e1-a20594e7:1 s6e1-bfb0bab6:1 s7e1-865d313a:1
1786477076.255826 s6e1-bfb0bab6:1 s7e1-865d313a:1
1786477076.277981 s6e1-bfb0bab6:1 s7e1-865d313a:1
1786477076.300083 s6e1-bfb0bab6:1 s7e1-865d313a:1
1786477076.322215 s6e1-bfb0bab6:1 s7e1-865d313a:1
1786477076.345406 s6e1-bfb0bab6:1 s7e1-865d313a:1
1786477076.367754 s6e1-bfb0bab6:1 s7e1-865d313a:1
1786477076.390140 s6e1-bfb0bab6:1 s7e1-865d313a:1
1786477076.412520 s6e1-bfb0bab6:1 s7e1-865d313a:1 s8e1-91f4c90a:64E
1786477076.477829 s6e1-bfb0bab6:1 s7e1-865d313a:1 s8e1-91f4c90a:1
1786477076.500652 s6e1-bfb0bab6:1 s7e1-865d313a:1 s8e1-91f4c90a:1
1786477076.523468 s6e1-bfb0bab6:1 s7e1-865d313a:1 s8e1-91f4c90a:1
1786477076.546875 s6e1-bfb0bab6:1 s7e1-865d313a:1 s8e1-91f4c90a:1
1786477076.571364 s7e1-865d313a:1 s8e1-91f4c90a:1
1786477076.593850 s7e1-865d313a:1 s8e1-91f4c90a:1
1786477076.616127 s7e1-865d313a:1 s8e1-91f4c90a:1
1786477076.638763 s7e1-865d313a:1 s8e1-91f4c90a:1 s1e1-b3a16e41:67E
1786477076.704342 s7e1-865d313a:1 s8e1-91f4c90a:1 s1e1-b3a16e41:1
1786477076.726953 s7e1-865d313a:1 s8e1-91f4c90a:1 s1e1-b3a16e41:1
1786477076.749769 s7e1-865d313a:1 s8e1-91f4c90a:1 s1e1-b3a16e41:1
1786477076.772536 s7e1-865d313a:1 s8e1-91f4c90a:1 s1e1-b3a16e41:1
1786477076.795955 s8e1-91f4c90a:1 s1e1-b3a16e41:1
1786477076.818279 s8e1-91f4c90a:1 s1e1-b3a16e41:1
1786477076.841626 s8e1-91f4c90a:1 s1e1-b3a16e41:1
1786477076.863990 s8e1-91f4c90a:1 s1e1-b3a16e41:1
1786477076.886448 s8e1-91f4c90a:1 s1e1-b3a16e41:1
1786477076.909056 s8e1-91f4c90a:1 s1e1-b3a16e41:1 s2e1-9f23d8fd:62E
1786477076.962625 s8e1-91f4c90a:1 s1e1-b3a16e41:1 s2e1-9f23d8fd:1
1786477076.985639 s8e1-91f4c90a:1 s1e1-b3a16e41:1 s2e1-9f23d8fd:1
1786477077.008927 s8e1-91f4c90a:1 s1e1-b3a16e41:1 s2e1-9f23d8fd:1
1786477077.031970 s8e1-91f4c90a:1 s1e1-b3a16e41:1 s2e1-9f23d8fd:1
1786477077.055063 s8e1-91f4c90a:1 s1e1-b3a16e41:1 s2e1-9f23d8fd:1
1786477077.079369 s8e1-91f4c90a:1 s1e1-b3a16e41:1 s2e1-9f23d8fd:1
1786477077.102805 s1e1-b3a16e41:1 s2e1-9f23d8fd:1
1786477077.125104 s1e1-b3a16e41:1 s2e1-9f23d8fd:1
1786477077.147750 s1e1-b3a16e41:1 s2e1-9f23d8fd:1 s3e1-90ff1266:55E
1786477077.203189 s1e1-b3a16e41:1 s2e1-9f23d8fd:1 s3e1-90ff1266:1
1786477077.225951 s1e1-b3a16e41:1 s2e1-9f23d8fd:1 s3e1-90ff1266:1
1786477077.248762 s1e1-b3a16e41:1 s2e1-9f23d8fd:1 s3e1-90ff1266:1
1786477077.271605 s1e1-b3a16e41:1 s2e1-9f23d8fd:1 s3e1-90ff1266:1
1786477077.295667 s1e1-b3a16e41:1 s2e1-9f23d8fd:1 s3e1-90ff1266:1
1786477077.319488 s2e1-9f23d8fd:1 s3e1-90ff1266:1
1786477077.342106 s2e1-9f23d8fd:1 s3e1-90ff1266:1
1786477077.364925 s2e1-9f23d8fd:1 s3e1-90ff1266:1 s4e1-b16c535e:58E
1786477077.420468 s2e1-9f23d8fd:1 s3e1-90ff1266:1 s4e1-b16c535e:1
1786477077.443344 s2e1-9f23d8fd:1 s3e1-90ff1266:1 s4e1-b16c535e:1
1786477077.466026 s2e1-9f23d8fd:1 s3e1-90ff1266:1 s4e1-b16c535e:1
1786477077.488978 s2e1-9f23d8fd:1 s3e1-90ff1266:1 s4e1-b16c535e:1
1786477077.511932 s2e1-9f23d8fd:1 s3e1-90ff1266:1 s4e1-b16c535e:1
1786477077.534914 s2e1-9f23d8fd:1 s3e1-90ff1266:1 s4e1-b16c535e:1
1786477077.558245 s2e1-9f23d8fd:1 s3e1-90ff1266:1 s4e1-b16c535e:1
1786477077.582598 s3e1-90ff1266:1 s4e1-b16c535e:1
1786477077.605168 s3e1-90ff1266:1 s4e1-b16c535e:1
1786477077.627516 s3e1-90ff1266:1 s4e1-b16c535e:1
1786477077.650259 s3e1-90ff1266:1 s4e1-b16c535e:1 s5e1-a20594e7:68E
1786477077.716754 s3e1-90ff1266:1 s4e1-b16c535e:1 s5e1-a20594e7:1
1786477077.739532 s3e1-90ff1266:1 s4e1-b16c535e:1 s5e1-a20594e7:1
1786477077.763700 s3e1-90ff1266:1 s4e1-b16c535e:1 s5e1-a20594e7:1
1786477077.786682 s3e1-90ff1266:1 s4e1-b16c535e:1 s5e1-a20594e7:1
1786477077.809623 s3e1-90ff1266:1 s4e1-b16c535e:1 s5e1-a20594e7:1
1786477077.833165 s4e1-b16c535e:1 s5e1-a20594e7:1 s6e1-bfb0bab6:58E
1786477077.888477 s4e1-b16c535e:1 s5e1-a20594e7:1 s6e1-bfb0bab6:1
1786477077.911174 s4e1-b16c535e:1 s5e1-a20594e7:1 s6e1-bfb0bab6:1
1786477077.933859 s4e1-b16c535e:1 s5e1-a20594e7:1 s6e1-bfb0bab6:1
1786477077.956598 s4e1-b16c535e:1 s5e1-a20594e7:1 s6e1-bfb0bab6:1
1786477077.979369 s4e1-b16c535e:1 s5e1-a20594e7:1 s6e1-bfb0bab6:1
1786477078.002440 s4e1-b16c535e:1 s5e1-a20594e7:1 s6e1-bfb0bab6:1
1786477078.025535 s4e1-b16c535e:1 s5e1-a20594e7:1 s6e1-bfb0bab6:1
1786477078.049889 s5e1-a20594e7:1 s6e1-bfb0bab6:1
1786477078.072538 s5e1-a20594e7:1 s6e1-bfb0bab6:1
1786477078.094774 s5e1-a20594e7:1 s6e1-bfb0bab6:1
1786477078.117417 s5e1-a20594e7:1 s6e1-bfb0bab6:1 s7e1-865d313a:67E
1786477078.183007 s5e1-a20594e7:1 s6e1-bfb0bab6:1 s7e1-865d313a:1
1786477078.205694 s5e1-a20594e7:1 s6e1-bfb0bab6:1 s7e1-865d313a:1
1786477078.228328 s5e1-a20594e7:1 s6e1-bfb0bab6:1 s7e1-865d313a:1
1786477078.251115 s5e1-a20594e7:1 s6e1-bfb0bab6:1 s7e1-865d313a:1
1786477078.275292 s5e1-a20594e7:1 s6e1-bfb0bab6:1 s7e1-865d313a:1
1786477078.298353 s5e1-a20594e7:1 s6e1-bfb0bab6:1 s7e1-865d313a:1
1786477078.321401 s5e1-a20594e7:1 s6e1-bfb0bab6:1 s7e1-865d313a:1
1786477078.345157 s6e1-bfb0bab6:1 s7e1-865d313a:1 s8e1-91f4c90a:61E
1786477078.400821 s6e1-bfb0bab6:1 s7e1-865d313a:1 s8e1-91f4c90a:1
1786477078.423461 s6e1-bfb0bab6:1 s7e1-865d313a:1 s8e1-91f4c90a:1
1786477078.446440 s6e1-bfb0bab6:1 s7e1-865d313a:1 s8e1-91f4c90a:1
1786477078.469528 s6e1-bfb0bab6:1 s7e1-865d313a:1 s8e1-91f4c90a:1
1786477078.492314 s6e1-bfb0bab6:1 s7e1-865d313a:1 s8e1-91f4c90a:1
1786477078.515794 s7e1-865d313a:1 s8e1-91f4c90a:1
1786477078.539529 s7e1-865d313a:1 s8e1-91f4c90a:1
1786477078.562180 s7e1-865d313a:1 s8e1-91f4c90a:1
1786477078.584339 s7e1-865d313a:1 s8e1-91f4c90a:1
1786477078.607053 s7e1-865d313a:1 s8e1-91f4c90a:1 s1e1-b3a16e41:64E
1786477078.673163 s7e1-865d313a:1 s8e1-91f4c90a:1 s1e1-b3a16e41:1
1786477078.695813 s7e1-865d313a:1 s8e1-91f4c90a:1 s1e1-b3a16e41:1
1786477078.718582 s7e1-865d313a:1 s8e1-91f4c90a:1 s1e1-b3a16e41:1
1786477078.741358 s7e1-865d313a:1 s8e1-91f4c90a:1 s1e1-b3a16e41:1
1786477078.765589 s7e1-865d313a:1 s8e1-91f4c90a:1 s1e1-b3a16e41:1
1786477078.788575 s7e1-865d313a:1 s8e1-91f4c90a:1 s1e1-b3a16e41:1
1786477078.811974 s8e1-91f4c90a:1 s1e1-b3a16e41:1
1786477078.834623 s8e1-91f4c90a:1 s1e1-b3a16e41:1 s2e1-9f23d8fd:59E
1786477078.890654 s8e1-91f4c90a:1 s1e1-b3a16e41:1 s2e1-9f23d8fd:1
1786477078.913381 s8e1-91f4c90a:1 s1e1-b3a16e41:1 s2e1-9f23d8fd:1
1786477078.936113 s8e1-91f4c90a:1 s1e1-b3a16e41:1 s2e1-9f23d8fd:1
1786477078.959001 s8e1-91f4c90a:1 s1e1-b3a16e41:1 s2e1-9f23d8fd:1
1786477078.981843 s8e1-91f4c90a:1 s1e1-b3a16e41:1 s2e1-9f23d8fd:1
1786477079.004914 s8e1-91f4c90a:1 s1e1-b3a16e41:1 s2e1-9f23d8fd:1
1786477079.029325 s1e1-b3a16e41:1 s2e1-9f23d8fd:1
1786477079.051952 s1e1-b3a16e41:1 s2e1-9f23d8fd:1
1786477079.074442 s1e1-b3a16e41:1 s2e1-9f23d8fd:1
1786477079.097044 s1e1-b3a16e41:1 s2e1-9f23d8fd:1 s3e1-90ff1266:68E
1786477079.163516 s1e1-b3a16e41:1 s2e1-9f23d8fd:1 s3e1-90ff1266:1
1786477079.186275 s1e1-b3a16e41:1 s2e1-9f23d8fd:1 s3e1-90ff1266:1
1786477079.209007 s1e1-b3a16e41:1 s2e1-9f23d8fd:1 s3e1-90ff1266:1
1786477079.231668 s1e1-b3a16e41:1 s2e1-9f23d8fd:1 s3e1-90ff1266:1
1786477079.254516 s1e1-b3a16e41:1 s2e1-9f23d8fd:1 s3e1-90ff1266:1
1786477079.277409 s1e1-b3a16e41:1 s2e1-9f23d8fd:1 s3e1-90ff1266:1
1786477079.300889 s2e1-9f23d8fd:1 s3e1-90ff1266:1
1786477079.323395 s2e1-9f23d8fd:1 s3e1-90ff1266:1
1786477079.347126 s2e1-9f23d8fd:1 s3e1-90ff1266:1
1786477079.369603 s2e1-9f23d8fd:1 s3e1-90ff1266:1
1786477079.391997 s2e1-9f23d8fd:1 s3e1-90ff1266:1
1786477079.414690 s2e1-9f23d8fd:1 s3e1-90ff1266:1 s4e1-b16c535e:55E
1786477079.470401 s2e1-9f23d8fd:1 s3e1-90ff1266:1 s4e1-b16c535e:1
1786477079.493255 s2e1-9f23d8fd:1 s3e1-90ff1266:1 s4e1-b16c535e:1
1786477079.516789 s3e1-90ff1266:1 s4e1-b16c535e:1
1786477079.540639 s3e1-90ff1266:1 s4e1-b16c535e:1
1786477079.563128 s3e1-90ff1266:1 s4e1-b16c535e:1
1786477079.585509 s3e1-90ff1266:1 s4e1-b16c535e:1
1786477079.608278 s3e1-90ff1266:1 s4e1-b16c535e:1 s5e1-a20594e7:65E
1786477079.674472 s3e1-90ff1266:1 s4e1-b16c535e:1 s5e1-a20594e7:1
1786477079.697323 s3e1-90ff1266:1 s4e1-b16c535e:1 s5e1-a20594e7:1
1786477079.720387 s3e1-90ff1266:1 s4e1-b16c535e:1 s5e1-a20594e7:1
1786477079.742993 s3e1-90ff1266:1 s4e1-b16c535e:1 s5e1-a20594e7:1
1786477079.765963 s3e1-90ff1266:1 s4e1-b16c535e:1 s5e1-a20594e7:1
1786477079.790677 s4e1-b16c535e:1 s5e1-a20594e7:1
1786477079.813258 s4e1-b16c535e:1 s5e1-a20594e7:1
1786477079.835475 s4e1-b16c535e:1 s5e1-a20594e7:1
1786477079.858150 s4e1-b16c535e:1 s5e1-a20594e7:1 s6e1-bfb0bab6:55E
1786477079.913856 s4e1-b16c535e:1 s5e1-a20594e7:1 s6e1-bfb0bab6:1
1786477079.936509 s4e1-b16c535e:1 s5e1-a20594e7:1 s6e1-bfb0bab6:1
1786477079.959284 s4e1-b16c535e:1 s5e1-a20594e7:1 s6e1-bfb0bab6:1
1786477079.982128 s4e1-b16c535e:1 s5e1-a20594e7:1 s6e1-bfb0bab6:1
1786477080.005242 s4e1-b16c535e:1 s5e1-a20594e7:1 s6e1-bfb0bab6:1
1786477080.029417 s4e1-b16c535e:1 s5e1-a20594e7:1 s6e1-bfb0bab6:1
1786477080.052850 s4e1-b16c535e:1 s5e1-a20594e7:1 s6e1-bfb0bab6:1
1786477080.075623 s4e1-b16c535e:1 s5e1-a20594e7:1 s6e1-bfb0bab6:1
1786477080.099365 s5e1-a20594e7:1 s6e1-bfb0bab6:1 s7e1-865d313a:64E
1786477080.165824 s5e1-a20594e7:1 s6e1-bfb0bab6:1 s7e1-865d313a:1
1786477080.188336 s5e1-a20594e7:1 s6e1-bfb0bab6:1 s7e1-865d313a:1
1786477080.210962 s5e1-a20594e7:1 s6e1-bfb0bab6:1 s7e1-865d313a:1
1786477080.233642 s5e1-a20594e7:1 s6e1-bfb0bab6:1 s7e1-865d313a:1
1786477080.256386 s5e1-a20594e7:1 s6e1-bfb0bab6:1 s7e1-865d313a:1
1786477080.279256 s5e1-a20594e7:1 s6e1-bfb0bab6:1 s7e1-865d313a:1
1786477080.302865 s6e1-bfb0bab6:1 s7e1-865d313a:1
1786477080.326580 s6e1-bfb0bab6:1 s7e1-865d313a:1
1786477080.348929 s6e1-bfb0bab6:1 s7e1-865d313a:1
1786477080.371230 s6e1-bfb0bab6:1 s7e1-865d313a:1
1786477080.393888 s6e1-bfb0bab6:1 s7e1-865d313a:1 s8e1-91f4c90a:58E
1786477080.449374 s6e1-bfb0bab6:1 s7e1-865d313a:1 s8e1-91f4c90a:1
1786477080.472189 s6e1-bfb0bab6:1 s7e1-865d313a:1 s8e1-91f4c90a:1
1786477080.494962 s6e1-bfb0bab6:1 s7e1-865d313a:1 s8e1-91f4c90a:1
1786477080.517759 s6e1-bfb0bab6:1 s7e1-865d313a:1 s8e1-91f4c90a:1
1786477080.542269 s7e1-865d313a:1 s8e1-91f4c90a:1
1786477080.565008 s7e1-865d313a:1 s8e1-91f4c90a:1
1786477080.587312 s7e1-865d313a:1 s8e1-91f4c90a:1
1786477080.609887 s7e1-865d313a:1 s8e1-91f4c90a:1 s1e1-b3a16e41:61E
1786477080.665507 s7e1-865d313a:1 s8e1-91f4c90a:1 s1e1-b3a16e41:1
1786477080.690000 s7e1-865d313a:1 s8e1-91f4c90a:1 s1e1-b3a16e41:1
1786477080.712992 s7e1-865d313a:1 s8e1-91f4c90a:1 s1e1-b3a16e41:1
1786477080.736156 s7e1-865d313a:1 s8e1-91f4c90a:1 s1e1-b3a16e41:1
1786477080.760897 s7e1-865d313a:1 s8e1-91f4c90a:1 s1e1-b3a16e41:1
1786477080.784237 s8e1-91f4c90a:1 s1e1-b3a16e41:1
1786477080.806707 s8e1-91f4c90a:1 s1e1-b3a16e41:1
1786477080.829495 s8e1-91f4c90a:1 s1e1-b3a16e41:1 s2e1-9f23d8fd:56E
1786477080.885432 s8e1-91f4c90a:1 s1e1-b3a16e41:1 s2e1-9f23d8fd:1
1786477080.908145 s8e1-91f4c90a:1 s1e1-b3a16e41:1 s2e1-9f23d8fd:1
1786477080.930874 s8e1-91f4c90a:1 s1e1-b3a16e41:1 s2e1-9f23d8fd:1
1786477080.953645 s8e1-91f4c90a:1 s1e1-b3a16e41:1 s2e1-9f23d8fd:1
1786477080.976634 s8e1-91f4c90a:1 s1e1-b3a16e41:1 s2e1-9f23d8fd:1
1786477080.999592 s8e1-91f4c90a:1 s1e1-b3a16e41:1 s2e1-9f23d8fd:1
1786477081.022723 s8e1-91f4c90a:1 s1e1-b3a16e41:1 s2e1-9f23d8fd:1
1786477081.046767 s8e1-91f4c90a:1 s1e1-b3a16e41:1 s2e1-9f23d8fd:1
1786477081.070412 s1e1-b3a16e41:1 s2e1-9f23d8fd:1
1786477081.092669 s1e1-b3a16e41:1 s2e1-9f23d8fd:1
1786477081.115170 s1e1-b3a16e41:1 s2e1-9f23d8fd:1 s3e1-90ff1266:65E
1786477081.181399 s1e1-b3a16e41:1 s2e1-9f23d8fd:1 s3e1-90ff1266:1
1786477081.204149 s1e1-b3a16e41:1 s2e1-9f23d8fd:1 s3e1-90ff1266:1
1786477081.227110 s1e1-b3a16e41:1 s2e1-9f23d8fd:1 s3e1-90ff1266:1
1786477081.251089 s1e1-b3a16e41:1 s2e1-9f23d8fd:1 s3e1-90ff1266:1
1786477081.274132 s1e1-b3a16e41:1 s2e1-9f23d8fd:1 s3e1-90ff1266:1
1786477081.297562 s2e1-9f23d8fd:1 s3e1-90ff1266:1
1786477081.320502 s2e1-9f23d8fd:1 s3e1-90ff1266:1 s4e1-b16c535e:68E
1786477081.387493 s2e1-9f23d8fd:1 s3e1-90ff1266:1 s4e1-b16c535e:1
1786477081.410198 s2e1-9f23d8fd:1 s3e1-90ff1266:1 s4e1-b16c535e:1
1786477081.432829 s2e1-9f23d8fd:1 s3e1-90ff1266:1 s4e1-b16c535e:1
1786477081.455567 s2e1-9f23d8fd:1 s3e1-90ff1266:1 s4e1-b16c535e:1
1786477081.478448 s2e1-9f23d8fd:1 s3e1-90ff1266:1 s4e1-b16c535e:1
1786477081.501339 s2e1-9f23d8fd:1 s3e1-90ff1266:1 s4e1-b16c535e:1
1786477081.524715 s3e1-90ff1266:1 s4e1-b16c535e:1
1786477081.549234 s3e1-90ff1266:1 s4e1-b16c535e:1
1786477081.571651 s3e1-90ff1266:1 s4e1-b16c535e:1
1786477081.593891 s3e1-90ff1266:1 s4e1-b16c535e:1
1786477081.616447 s3e1-90ff1266:1 s4e1-b16c535e:1 s5e1-a20594e7:62E
1786477081.671077 s3e1-90ff1266:1 s4e1-b16c535e:1 s5e1-a20594e7:1
1786477081.694285 s3e1-90ff1266:1 s4e1-b16c535e:1 s5e1-a20594e7:1
1786477081.717456 s3e1-90ff1266:1 s4e1-b16c535e:1 s5e1-a20594e7:1
1786477081.741656 s3e1-90ff1266:1 s4e1-b16c535e:1 s5e1-a20594e7:1
1786477081.764979 s3e1-90ff1266:1 s4e1-b16c535e:1 s5e1-a20594e7:1
1786477081.788260 s3e1-90ff1266:1 s4e1-b16c535e:1 s5e1-a20594e7:1
1786477081.812157 s4e1-b16c535e:1 s5e1-a20594e7:1 s6e1-bfb0bab6:68E
1786477081.878482 s4e1-b16c535e:1 s5e1-a20594e7:1 s6e1-bfb0bab6:1
1786477081.901138 s4e1-b16c535e:1 s5e1-a20594e7:1 s6e1-bfb0bab6:1
1786477081.923952 s4e1-b16c535e:1 s5e1-a20594e7:1 s6e1-bfb0bab6:1
1786477081.946887 s4e1-b16c535e:1 s5e1-a20594e7:1 s6e1-bfb0bab6:1
1786477081.969624 s4e1-b16c535e:1 s5e1-a20594e7:1 s6e1-bfb0bab6:1
1786477081.992503 s4e1-b16c535e:1 s5e1-a20594e7:1 s6e1-bfb0bab6:1
1786477082.016980 s5e1-a20594e7:1 s6e1-bfb0bab6:1
1786477082.039505 s5e1-a20594e7:1 s6e1-bfb0bab6:1
1786477082.062239 s5e1-a20594e7:1 s6e1-bfb0bab6:1 s7e1-865d313a:61E
1786477082.118350 s5e1-a20594e7:1 s6e1-bfb0bab6:1 s7e1-865d313a:1
1786477082.141179 s5e1-a20594e7:1 s6e1-bfb0bab6:1 s7e1-865d313a:1
1786477082.164362 s5e1-a20594e7:1 s6e1-bfb0bab6:1 s7e1-865d313a:1
1786477082.187217 s5e1-a20594e7:1 s6e1-bfb0bab6:1 s7e1-865d313a:1
1786477082.209906 s5e1-a20594e7:1 s6e1-bfb0bab6:1 s7e1-865d313a:1
1786477082.232876 s5e1-a20594e7:1 s6e1-bfb0bab6:1 s7e1-865d313a:1
1786477082.255672 s5e1-a20594e7:1 s6e1-bfb0bab6:1 s7e1-865d313a:1
1786477082.279767 s5e1-a20594e7:1 s6e1-bfb0bab6:1 s7e1-865d313a:1
1786477082.303427 s6e1-bfb0bab6:1 s7e1-865d313a:1
1786477082.325979 s6e1-bfb0bab6:1 s7e1-865d313a:1
1786477082.348507 s6e1-bfb0bab6:1 s7e1-865d313a:1 s8e1-91f4c90a:55E
1786477082.404185 s6e1-bfb0bab6:1 s7e1-865d313a:1 s8e1-91f4c90a:1
1786477082.426849 s6e1-bfb0bab6:1 s7e1-865d313a:1 s8e1-91f4c90a:1
1786477082.449538 s6e1-bfb0bab6:1 s7e1-865d313a:1 s8e1-91f4c90a:1
1786477082.472300 s6e1-bfb0bab6:1 s7e1-865d313a:1 s8e1-91f4c90a:1
1786477082.495467 s7e1-865d313a:1 s8e1-91f4c90a:1
1786477082.517678 s7e1-865d313a:1 s8e1-91f4c90a:1
1786477082.541400 s7e1-865d313a:1 s8e1-91f4c90a:1
1786477082.563754 s7e1-865d313a:1 s8e1-91f4c90a:1
1786477082.586178 s7e1-865d313a:1 s8e1-91f4c90a:1
1786477082.608710 s7e1-865d313a:1 s8e1-91f4c90a:1 s1e1-b3a16e41:58E
1786477082.664708 s7e1-865d313a:1 s8e1-91f4c90a:1 s1e1-b3a16e41:1
1786477082.687507 s7e1-865d313a:1 s8e1-91f4c90a:1 s1e1-b3a16e41:1
1786477082.710249 s7e1-865d313a:1 s8e1-91f4c90a:1 s1e1-b3a16e41:1
1786477082.734979 s8e1-91f4c90a:1 s1e1-b3a16e41:1
1786477082.757697 s8e1-91f4c90a:1 s1e1-b3a16e41:1
1786477082.780271 s8e1-91f4c90a:1 s1e1-b3a16e41:1
1786477082.803186 s8e1-91f4c90a:1 s1e1-b3a16e41:1 s2e1-9f23d8fd:69E
1786477082.869883 s8e1-91f4c90a:1 s1e1-b3a16e41:1 s2e1-9f23d8fd:1
1786477082.892468 s8e1-91f4c90a:1 s1e1-b3a16e41:1 s2e1-9f23d8fd:1
1786477082.915072 s8e1-91f4c90a:1 s1e1-b3a16e41:1 s2e1-9f23d8fd:1
1786477082.937714 s8e1-91f4c90a:1 s1e1-b3a16e41:1 s2e1-9f23d8fd:1
1786477082.960336 s8e1-91f4c90a:1 s1e1-b3a16e41:1 s2e1-9f23d8fd:1
1786477082.983072 s8e1-91f4c90a:1 s1e1-b3a16e41:1 s2e1-9f23d8fd:1
1786477083.007359 s8e1-91f4c90a:1 s1e1-b3a16e41:1 s2e1-9f23d8fd:1
1786477083.031004 s1e1-b3a16e41:1 s2e1-9f23d8fd:1
1786477083.053378 s1e1-b3a16e41:1 s2e1-9f23d8fd:1
1786477083.075907 s1e1-b3a16e41:1 s2e1-9f23d8fd:1 s3e1-90ff1266:62E
1786477083.130197 s1e1-b3a16e41:1 s2e1-9f23d8fd:1 s3e1-90ff1266:1
1786477083.153013 s1e1-b3a16e41:1 s2e1-9f23d8fd:1 s3e1-90ff1266:1
1786477083.176045 s1e1-b3a16e41:1 s2e1-9f23d8fd:1 s3e1-90ff1266:1
1786477083.198865 s1e1-b3a16e41:1 s2e1-9f23d8fd:1 s3e1-90ff1266:1
1786477083.221700 s1e1-b3a16e41:1 s2e1-9f23d8fd:1 s3e1-90ff1266:1
1786477083.244954 s1e1-b3a16e41:1 s2e1-9f23d8fd:1 s3e1-90ff1266:1
1786477083.269298 s1e1-b3a16e41:1 s2e1-9f23d8fd:1 s3e1-90ff1266:1
1786477083.292976 s2e1-9f23d8fd:1 s3e1-90ff1266:1
1786477083.315433 s2e1-9f23d8fd:1 s3e1-90ff1266:1
1786477083.340165 s2e1-9f23d8fd:1 s3e1-90ff1266:1 s4e1-b16c535e:65E
1786477083.413975 s2e1-9f23d8fd:1 s3e1-90ff1266:1 s4e1-b16c535e:1
1786477083.437211 s2e1-9f23d8fd:1 s3e1-90ff1266:1 s4e1-b16c535e:1
1786477083.460972 s2e1-9f23d8fd:1 s3e1-90ff1266:1 s4e1-b16c535e:1
1786477083.484962 s2e1-9f23d8fd:1 s3e1-90ff1266:1 s4e1-b16c535e:1
1786477083.509375 s3e1-90ff1266:1 s4e1-b16c535e:1
1786477083.534479 s3e1-90ff1266:1 s4e1-b16c535e:1
1786477083.556808 s3e1-90ff1266:1 s4e1-b16c535e:1
1786477083.579007 s3e1-90ff1266:1 s4e1-b16c535e:1
1786477083.601415 s3e1-90ff1266:1 s4e1-b16c535e:1 s5e1-a20594e7:59E
1786477083.659598 s3e1-90ff1266:1 s4e1-b16c535e:1 s5e1-a20594e7:1
1786477083.682254 s3e1-90ff1266:1 s4e1-b16c535e:1 s5e1-a20594e7:1
1786477083.705370 s3e1-90ff1266:1 s4e1-b16c535e:1 s5e1-a20594e7:1
1786477083.728130 s3e1-90ff1266:1 s4e1-b16c535e:1 s5e1-a20594e7:1
1786477083.750998 s3e1-90ff1266:1 s4e1-b16c535e:1 s5e1-a20594e7:1
1786477083.775539 s4e1-b16c535e:1 s5e1-a20594e7:1
1786477083.798078 s4e1-b16c535e:1 s5e1-a20594e7:1
1786477083.820093 s4e1-b16c535e:1 s5e1-a20594e7:1
1786477083.842695 s4e1-b16c535e:1 s5e1-a20594e7:1 s6e1-bfb0bab6:65E
1786477083.910603 s4e1-b16c535e:1 s5e1-a20594e7:1 s6e1-bfb0bab6:1
1786477083.933477 s4e1-b16c535e:1 s5e1-a20594e7:1 s6e1-bfb0bab6:1
1786477083.956428 s4e1-b16c535e:1 s5e1-a20594e7:1 s6e1-bfb0bab6:1
1786477083.979522 s4e1-b16c535e:1 s5e1-a20594e7:1 s6e1-bfb0bab6:1
1786477084.002677 s4e1-b16c535e:1 s5e1-a20594e7:1 s6e1-bfb0bab6:1
1786477084.027397 s4e1-b16c535e:1 s5e1-a20594e7:1 s6e1-bfb0bab6:1
1786477084.051060 s5e1-a20594e7:1 s6e1-bfb0bab6:1
1786477084.073435 s5e1-a20594e7:1 s6e1-bfb0bab6:1
1786477084.096074 s5e1-a20594e7:1 s6e1-bfb0bab6:1 s7e1-865d313a:58E
1786477084.153047 s5e1-a20594e7:1 s6e1-bfb0bab6:1 s7e1-865d313a:1
1786477084.175752 s5e1-a20594e7:1 s6e1-bfb0bab6:1 s7e1-865d313a:1
1786477084.198653 s5e1-a20594e7:1 s6e1-bfb0bab6:1 s7e1-865d313a:1
1786477084.221614 s5e1-a20594e7:1 s6e1-bfb0bab6:1 s7e1-865d313a:1
1786477084.244258 s5e1-a20594e7:1 s6e1-bfb0bab6:1 s7e1-865d313a:1
1786477084.267192 s5e1-a20594e7:1 s6e1-bfb0bab6:1 s7e1-865d313a:1
1786477084.291617 s6e1-bfb0bab6:1 s7e1-865d313a:1
1786477084.314011 s6e1-bfb0bab6:1 s7e1-865d313a:1
1786477084.336192 s6e1-bfb0bab6:1 s7e1-865d313a:1
1786477084.358929 s6e1-bfb0bab6:1 s7e1-865d313a:1 s8e1-91f4c90a:68E
1786477084.428493 s6e1-bfb0bab6:1 s7e1-865d313a:1 s8e1-91f4c90a:1
1786477084.451337 s6e1-bfb0bab6:1 s7e1-865d313a:1 s8e1-91f4c90a:1
1786477084.474347 s6e1-bfb0bab6:1 s7e1-865d313a:1 s8e1-91f4c90a:1
1786477084.498502 s6e1-bfb0bab6:1 s7e1-865d313a:1 s8e1-91f4c90a:1
1786477084.522479 s6e1-bfb0bab6:1 s7e1-865d313a:1 s8e1-91f4c90a:1
1786477084.549358 s7e1-865d313a:1 s8e1-91f4c90a:1
1786477084.572152 s7e1-865d313a:1 s8e1-91f4c90a:1
1786477084.594630 s7e1-865d313a:1 s8e1-91f4c90a:1
1786477084.617661 s7e1-865d313a:1 s8e1-91f4c90a:1 s1e1-b3a16e41:55E
1786477084.681612 s7e1-865d313a:1 s8e1-91f4c90a:1 s1e1-b3a16e41:1
1786477084.704777 s7e1-865d313a:1 s8e1-91f4c90a:1 s1e1-b3a16e41:1
1786477084.728096 s7e1-865d313a:1 s8e1-91f4c90a:1 s1e1-b3a16e41:1
1786477084.751764 s7e1-865d313a:1 s8e1-91f4c90a:1 s1e1-b3a16e41:1
1786477084.776480 s7e1-865d313a:1 s8e1-91f4c90a:1 s1e1-b3a16e41:1
1786477084.800354 s8e1-91f4c90a:1 s1e1-b3a16e41:1
1786477084.822840 s8e1-91f4c90a:1 s1e1-b3a16e41:1
1786477084.845767 s8e1-91f4c90a:1 s1e1-b3a16e41:1 s2e1-9f23d8fd:66E
1786477084.918529 s8e1-91f4c90a:1 s1e1-b3a16e41:1 s2e1-9f23d8fd:1
1786477084.940869 s8e1-91f4c90a:1 s1e1-b3a16e41:1 s2e1-9f23d8fd:1
1786477084.963453 s8e1-91f4c90a:1 s1e1-b3a16e41:1 s2e1-9f23d8fd:1
1786477084.987393 s8e1-91f4c90a:1 s1e1-b3a16e41:1 s2e1-9f23d8fd:1
1786477085.010181 s8e1-91f4c90a:1 s1e1-b3a16e41:1 s2e1-9f23d8fd:1
1786477085.033151 s8e1-91f4c90a:1 s1e1-b3a16e41:1 s2e1-9f23d8fd:1
1786477085.056611 s8e1-91f4c90a:1 s1e1-b3a16e41:1 s2e1-9f23d8fd:1 s3e1-90ff1266:59E
1786477085.113659 s1e1-b3a16e41:1 s2e1-9f23d8fd:1 s3e1-90ff1266:1
1786477085.136711 s1e1-b3a16e41:1 s2e1-9f23d8fd:1 s3e1-90ff1266:1
1786477085.159667 s1e1-b3a16e41:1 s2e1-9f23d8fd:1 s3e1-90ff1266:1
1786477085.182706 s1e1-b3a16e41:1 s2e1-9f23d8fd:1 s3e1-90ff1266:1
1786477085.206103 s1e1-b3a16e41:1 s2e1-9f23d8fd:1 s3e1-90ff1266:1
1786477085.229368 s1e1-b3a16e41:1 s2e1-9f23d8fd:1 s3e1-90ff1266:1
1786477085.253601 s1e1-b3a16e41:1 s2e1-9f23d8fd:1 s3e1-90ff1266:1
1786477085.276929 s1e1-b3a16e41:1 s2e1-9f23d8fd:1 s3e1-90ff1266:1
1786477085.299810 s1e1-b3a16e41:1 s2e1-9f23d8fd:1 s3e1-90ff1266:1
1786477085.323771 s2e1-9f23d8fd:1 s3e1-90ff1266:1 s4e1-b16c535e:62E
1786477085.380376 s2e1-9f23d8fd:1 s3e1-90ff1266:1 s4e1-b16c535e:1
1786477085.403045 s2e1-9f23d8fd:1 s3e1-90ff1266:1 s4e1-b16c535e:1
1786477085.425857 s2e1-9f23d8fd:1 s3e1-90ff1266:1 s4e1-b16c535e:1
1786477085.448647 s2e1-9f23d8fd:1 s3e1-90ff1266:1 s4e1-b16c535e:1
1786477085.471303 s2e1-9f23d8fd:1 s3e1-90ff1266:1 s4e1-b16c535e:1
1786477085.494014 s2e1-9f23d8fd:1 s3e1-90ff1266:1 s4e1-b16c535e:1
1786477085.516849 s2e1-9f23d8fd:1 s3e1-90ff1266:1 s4e1-b16c535e:1
1786477085.541402 s3e1-90ff1266:1 s4e1-b16c535e:1
1786477085.563902 s3e1-90ff1266:1 s4e1-b16c535e:1
1786477085.586133 s3e1-90ff1266:1 s4e1-b16c535e:1
1786477085.608763 s3e1-90ff1266:1 s4e1-b16c535e:1 s5e1-a20594e7:56E
1786477085.666055 s3e1-90ff1266:1 s4e1-b16c535e:1 s5e1-a20594e7:1
1786477085.688766 s3e1-90ff1266:1 s4e1-b16c535e:1 s5e1-a20594e7:1
1786477085.711524 s3e1-90ff1266:1 s4e1-b16c535e:1 s5e1-a20594e7:1
1786477085.734751 s4e1-b16c535e:1 s5e1-a20594e7:1
1786477085.756976 s4e1-b16c535e:1 s5e1-a20594e7:1
1786477085.780682 s4e1-b16c535e:1 s5e1-a20594e7:1
1786477085.802926 s4e1-b16c535e:1 s5e1-a20594e7:1
1786477085.825244 s4e1-b16c535e:1 s5e1-a20594e7:1
1786477085.847801 s4e1-b16c535e:1 s5e1-a20594e7:1 s6e1-bfb0bab6:62E
1786477085.902305 s4e1-b16c535e:1 s5e1-a20594e7:1 s6e1-bfb0bab6:1
1786477085.924850 s4e1-b16c535e:1 s5e1-a20594e7:1 s6e1-bfb0bab6:1
1786477085.947607 s4e1-b16c535e:1 s5e1-a20594e7:1 s6e1-bfb0bab6:1
1786477085.971314 s4e1-b16c535e:1 s5e1-a20594e7:1 s6e1-bfb0bab6:1
1786477085.994628 s5e1-a20594e7:1 s6e1-bfb0bab6:1
1786477086.016909 s5e1-a20594e7:1 s6e1-bfb0bab6:1
1786477086.039661 s5e1-a20594e7:1 s6e1-bfb0bab6:1 s7e1-865d313a:55E
1786477086.100388 s5e1-a20594e7:1 s6e1-bfb0bab6:1 s7e1-865d313a:1
1786477086.123454 s5e1-a20594e7:1 s6e1-bfb0bab6:1 s7e1-865d313a:1
1786477086.146388 s5e1-a20594e7:1 s6e1-bfb0bab6:1 s7e1-865d313a:1
1786477086.169195 s5e1-a20594e7:1 s6e1-bfb0bab6:1 s7e1-865d313a:1
1786477086.191937 s5e1-a20594e7:1 s6e1-bfb0bab6:1 s7e1-865d313a:1
1786477086.214637 s5e1-a20594e7:1 s6e1-bfb0bab6:1 s7e1-865d313a:1
1786477086.237356 s5e1-a20594e7:1 s6e1-bfb0bab6:1 s7e1-865d313a:1
1786477086.260301 s5e1-a20594e7:1 s6e1-bfb0bab6:1 s7e1-865d313a:1
1786477086.285158 s6e1-bfb0bab6:1 s7e1-865d313a:1
1786477086.307693 s6e1-bfb0bab6:1 s7e1-865d313a:1
1786477086.329691 s6e1-bfb0bab6:1 s7e1-865d313a:1
1786477086.352200 s6e1-bfb0bab6:1 s7e1-865d313a:1 s8e1-91f4c90a:65E
1786477086.418740 s6e1-bfb0bab6:1 s7e1-865d313a:1 s8e1-91f4c90a:1
1786477086.441142 s6e1-bfb0bab6:1 s7e1-865d313a:1 s8e1-91f4c90a:1
1786477086.463735 s6e1-bfb0bab6:1 s7e1-865d313a:1 s8e1-91f4c90a:1
1786477086.486415 s6e1-bfb0bab6:1 s7e1-865d313a:1 s8e1-91f4c90a:1
1786477086.510541 s6e1-bfb0bab6:1 s7e1-865d313a:1 s8e1-91f4c90a:1
1786477086.533899 s7e1-865d313a:1 s8e1-91f4c90a:1
1786477086.556218 s7e1-865d313a:1 s8e1-91f4c90a:1
1786477086.578856 s7e1-865d313a:1 s8e1-91f4c90a:1 s1e1-b3a16e41:68E
1786477086.646524 s7e1-865d313a:1 s8e1-91f4c90a:1 s1e1-b3a16e41:1
1786477086.669277 s7e1-865d313a:1 s8e1-91f4c90a:1 s1e1-b3a16e41:1
1786477086.691933 s7e1-865d313a:1 s8e1-91f4c90a:1 s1e1-b3a16e41:1
1786477086.714722 s7e1-865d313a:1 s8e1-91f4c90a:1 s1e1-b3a16e41:1
1786477086.739264 s8e1-91f4c90a:1 s1e1-b3a16e41:1
1786477086.761580 s8e1-91f4c90a:1 s1e1-b3a16e41:1
1786477086.783854 s8e1-91f4c90a:1 s1e1-b3a16e41:1
1786477086.806498 s8e1-91f4c90a:1 s1e1-b3a16e41:1 s2e1-9f23d8fd:63E
1786477086.873551 s8e1-91f4c90a:1 s1e1-b3a16e41:1 s2e1-9f23d8fd:1
1786477086.895927 s8e1-91f4c90a:1 s1e1-b3a16e41:1 s2e1-9f23d8fd:1
1786477086.918447 s8e1-91f4c90a:1 s1e1-b3a16e41:1 s2e1-9f23d8fd:1
1786477086.941003 s8e1-91f4c90a:1 s1e1-b3a16e41:1 s2e1-9f23d8fd:1
1786477086.963754 s8e1-91f4c90a:1 s1e1-b3a16e41:1 s2e1-9f23d8fd:1
1786477086.986654 s8e1-91f4c90a:1 s1e1-b3a16e41:1 s2e1-9f23d8fd:1
1786477087.010667 s8e1-91f4c90a:1 s1e1-b3a16e41:1 s2e1-9f23d8fd:1
1786477087.033474 s8e1-91f4c90a:1 s1e1-b3a16e41:1 s2e1-9f23d8fd:1
1786477087.056866 s1e1-b3a16e41:1 s2e1-9f23d8fd:1
1786477087.079718 s1e1-b3a16e41:1 s2e1-9f23d8fd:1 s3e1-90ff1266:56E
1786477087.136331 s1e1-b3a16e41:1 s2e1-9f23d8fd:1 s3e1-90ff1266:1
1786477087.159022 s1e1-b3a16e41:1 s2e1-9f23d8fd:1 s3e1-90ff1266:1
1786477087.181806 s1e1-b3a16e41:1 s2e1-9f23d8fd:1 s3e1-90ff1266:1
1786477087.204624 s1e1-b3a16e41:1 s2e1-9f23d8fd:1 s3e1-90ff1266:1
1786477087.227458 s1e1-b3a16e41:1 s2e1-9f23d8fd:1 s3e1-90ff1266:1
1786477087.251630 s1e1-b3a16e41:1 s2e1-9f23d8fd:1 s3e1-90ff1266:1
1786477087.275105 s2e1-9f23d8fd:1 s3e1-90ff1266:1
1786477087.297395 s2e1-9f23d8fd:1 s3e1-90ff1266:1
1786477087.319943 s2e1-9f23d8fd:1 s3e1-90ff1266:1 s4e1-b16c535e:59E
1786477087.377374 s2e1-9f23d8fd:1 s3e1-90ff1266:1 s4e1-b16c535e:1
1786477087.400144 s2e1-9f23d8fd:1 s3e1-90ff1266:1 s4e1-b16c535e:1
1786477087.423108 s2e1-9f23d8fd:1 s3e1-90ff1266:1 s4e1-b16c535e:1
1786477087.445746 s2e1-9f23d8fd:1 s3e1-90ff1266:1 s4e1-b16c535e:1
1786477087.468474 s2e1-9f23d8fd:1 s3e1-90ff1266:1 s4e1-b16c535e:1
1786477087.491656 s3e1-90ff1266:1 s4e1-b16c535e:1
1786477087.515249 s3e1-90ff1266:1 s4e1-b16c535e:1
1786477087.537400 s3e1-90ff1266:1 s4e1-b16c535e:1
1786477087.559530 s3e1-90ff1266:1 s4e1-b16c535e:1
1786477087.582139 s3e1-90ff1266:1 s4e1-b16c535e:1 s5e1-a20594e7:69E
1786477087.649749 s3e1-90ff1266:1 s4e1-b16c535e:1 s5e1-a20594e7:1
1786477087.672529 s3e1-90ff1266:1 s4e1-b16c535e:1 s5e1-a20594e7:1
1786477087.695272 s3e1-90ff1266:1 s4e1-b16c535e:1 s5e1-a20594e7:1
1786477087.718108 s3e1-90ff1266:1 s4e1-b16c535e:1 s5e1-a20594e7:1
1786477087.742480 s3e1-90ff1266:1 s4e1-b16c535e:1 s5e1-a20594e7:1
1786477087.765931 s4e1-b16c535e:1 s5e1-a20594e7:1
1786477087.788216 s4e1-b16c535e:1 s5e1-a20594e7:1
1786477087.810731 s4e1-b16c535e:1 s5e1-a20594e7:1 s6e1-bfb0bab6:59E
1786477087.866297 s4e1-b16c535e:1 s5e1-a20594e7:1 s6e1-bfb0bab6:1
1786477087.888815 s4e1-b16c535e:1 s5e1-a20594e7:1 s6e1-bfb0bab6:1
1786477087.911482 s4e1-b16c535e:1 s5e1-a20594e7:1 s6e1-bfb0bab6:1
1786477087.934267 s4e1-b16c535e:1 s5e1-a20594e7:1 s6e1-bfb0bab6:1
1786477087.956845 s4e1-b16c535e:1 s5e1-a20594e7:1 s6e1-bfb0bab6:1
1786477087.979549 s4e1-b16c535e:1 s5e1-a20594e7:1 s6e1-bfb0bab6:1
1786477088.004370 s5e1-a20594e7:1 s6e1-bfb0bab6:1
1786477088.027066 s5e1-a20594e7:1 s6e1-bfb0bab6:1
1786477088.049529 s5e1-a20594e7:1 s6e1-bfb0bab6:1
1786477088.072316 s5e1-a20594e7:1 s6e1-bfb0bab6:1 s7e1-865d313a:68E
1786477088.138841 s5e1-a20594e7:1 s6e1-bfb0bab6:1 s7e1-865d313a:1
1786477088.161341 s5e1-a20594e7:1 s6e1-bfb0bab6:1 s7e1-865d313a:1
1786477088.184047 s5e1-a20594e7:1 s6e1-bfb0bab6:1 s7e1-865d313a:1
1786477088.206732 s5e1-a20594e7:1 s6e1-bfb0bab6:1 s7e1-865d313a:1
1786477088.229444 s5e1-a20594e7:1 s6e1-bfb0bab6:1 s7e1-865d313a:1
1786477088.252566 s5e1-a20594e7:1 s6e1-bfb0bab6:1 s7e1-865d313a:1
1786477088.277071 s6e1-bfb0bab6:1 s7e1-865d313a:1
1786477088.299341 s6e1-bfb0bab6:1 s7e1-865d313a:1
1786477088.321499 s6e1-bfb0bab6:1 s7e1-865d313a:1
1786477088.343913 s6e1-bfb0bab6:1 s7e1-865d313a:1 s8e1-91f4c90a:62E
1786477088.398202 s6e1-bfb0bab6:1 s7e1-865d313a:1 s8e1-91f4c90a:1
1786477088.420753 s6e1-bfb0bab6:1 s7e1-865d313a:1 s8e1-91f4c90a:1
1786477088.443603 s6e1-bfb0bab6:1 s7e1-865d313a:1 s8e1-91f4c90a:1
1786477088.466094 s6e1-bfb0bab6:1 s7e1-865d313a:1 s8e1-91f4c90a:1
1786477088.489201 s7e1-865d313a:1 s8e1-91f4c90a:1
1786477088.513041 s7e1-865d313a:1 s8e1-91f4c90a:1
1786477088.535203 s7e1-865d313a:1 s8e1-91f4c90a:1
1786477088.557534 s7e1-865d313a:1 s8e1-91f4c90a:1
1786477088.580113 s7e1-865d313a:1 s8e1-91f4c90a:1 s1e1-b3a16e41:65E
1786477088.647527 s7e1-865d313a:1 s8e1-91f4c90a:1 s1e1-b3a16e41:1
1786477088.670091 s7e1-865d313a:1 s8e1-91f4c90a:1 s1e1-b3a16e41:1
1786477088.692696 s7e1-865d313a:1 s8e1-91f4c90a:1 s1e1-b3a16e41:1
1786477088.715311 s7e1-865d313a:1 s8e1-91f4c90a:1 s1e1-b3a16e41:1
1786477088.738076 s7e1-865d313a:1 s8e1-91f4c90a:1 s1e1-b3a16e41:1
1786477088.762953 s8e1-91f4c90a:1 s1e1-b3a16e41:1
1786477088.785370 s8e1-91f4c90a:1 s1e1-b3a16e41:1
1786477088.807457 s8e1-91f4c90a:1 s1e1-b3a16e41:1
1786477088.829893 s8e1-91f4c90a:1 s1e1-b3a16e41:1 s2e1-9f23d8fd:60E
1786477088.886178 s8e1-91f4c90a:1 s1e1-b3a16e41:1 s2e1-9f23d8fd:1
1786477088.908653 s8e1-91f4c90a:1 s1e1-b3a16e41:1 s2e1-9f23d8fd:1
1786477088.931187 s8e1-91f4c90a:1 s1e1-b3a16e41:1 s2e1-9f23d8fd:1
1786477088.953806 s8e1-91f4c90a:1 s1e1-b3a16e41:1 s2e1-9f23d8fd:1
1786477088.976521 s8e1-91f4c90a:1 s1e1-b3a16e41:1 s2e1-9f23d8fd:1
1786477089.000306 s8e1-91f4c90a:1 s1e1-b3a16e41:1 s2e1-9f23d8fd:1
1786477089.023803 s1e1-b3a16e41:1 s2e1-9f23d8fd:1
1786477089.046216 s1e1-b3a16e41:1 s2e1-9f23d8fd:1
1786477089.068867 s1e1-b3a16e41:1 s2e1-9f23d8fd:1 s3e1-90ff1266:69E
1786477089.135748 s1e1-b3a16e41:1 s2e1-9f23d8fd:1 s3e1-90ff1266:1
1786477089.158249 s1e1-b3a16e41:1 s2e1-9f23d8fd:1 s3e1-90ff1266:1
1786477089.181557 s1e1-b3a16e41:1 s2e1-9f23d8fd:1 s3e1-90ff1266:1
1786477089.204289 s1e1-b3a16e41:1 s2e1-9f23d8fd:1 s3e1-90ff1266:1
1786477089.226910 s1e1-b3a16e41:1 s2e1-9f23d8fd:1 s3e1-90ff1266:1
1786477089.249658 s1e1-b3a16e41:1 s2e1-9f23d8fd:1 s3e1-90ff1266:1
1786477089.273065 s2e1-9f23d8fd:1 s3e1-90ff1266:1
1786477089.296906 s2e1-9f23d8fd:1 s3e1-90ff1266:1
1786477089.319080 s2e1-9f23d8fd:1 s3e1-90ff1266:1
1786477089.341328 s2e1-9f23d8fd:1 s3e1-90ff1266:1
1786477089.364022 s2e1-9f23d8fd:1 s3e1-90ff1266:1 s4e1-b16c535e:56E
1786477089.420069 s2e1-9f23d8fd:1 s3e1-90ff1266:1 s4e1-b16c535e:1
1786477089.442569 s2e1-9f23d8fd:1 s3e1-90ff1266:1 s4e1-b16c535e:1
1786477089.465196 s2e1-9f23d8fd:1 s3e1-90ff1266:1 s4e1-b16c535e:1
1786477089.487824 s2e1-9f23d8fd:1 s3e1-90ff1266:1 s4e1-b16c535e:1
1786477089.511115 s3e1-90ff1266:1 s4e1-b16c535e:1
1786477089.534571 s3e1-90ff1266:1 s4e1-b16c535e:1
1786477089.556701 s3e1-90ff1266:1 s4e1-b16c535e:1
1786477089.580794 s3e1-90ff1266:1 s4e1-b16c535e:1
1786477089.604419 s3e1-90ff1266:1 s4e1-b16c535e:1 s5e1-a20594e7:66E
1786477089.672148 s3e1-90ff1266:1 s4e1-b16c535e:1 s5e1-a20594e7:1
1786477089.694819 s3e1-90ff1266:1 s4e1-b16c535e:1 s5e1-a20594e7:1
1786477089.717527 s3e1-90ff1266:1 s4e1-b16c535e:1 s5e1-a20594e7:1
1786477089.740306 s3e1-90ff1266:1 s4e1-b16c535e:1 s5e1-a20594e7:1
1786477089.764889 s4e1-b16c535e:1 s5e1-a20594e7:1
1786477089.787189 s4e1-b16c535e:1 s5e1-a20594e7:1
1786477089.809285 s4e1-b16c535e:1 s5e1-a20594e7:1
1786477089.831687 s4e1-b16c535e:1 s5e1-a20594e7:1 s6e1-bfb0bab6:56E
1786477089.887564 s4e1-b16c535e:1 s5e1-a20594e7:1 s6e1-bfb0bab6:1
1786477089.910112 s4e1-b16c535e:1 s5e1-a20594e7:1 s6e1-bfb0bab6:1
1786477089.932694 s4e1-b16c535e:1 s5e1-a20594e7:1 s6e1-bfb0bab6:1
1786477089.955336 s4e1-b16c535e:1 s5e1-a20594e7:1 s6e1-bfb0bab6:1
1786477089.977990 s4e1-b16c535e:1 s5e1-a20594e7:1 s6e1-bfb0bab6:1
1786477090.000850 s4e1-b16c535e:1 s5e1-a20594e7:1 s6e1-bfb0bab6:1
1786477090.025728 s4e1-b16c535e:1 s5e1-a20594e7:1 s6e1-bfb0bab6:1
1786477090.049240 s5e1-a20594e7:1 s6e1-bfb0bab6:1
1786477090.071829 s5e1-a20594e7:1 s6e1-bfb0bab6:1
1786477090.094348 s5e1-a20594e7:1 s6e1-bfb0bab6:1 s7e1-865d313a:65E
1786477090.161386 s5e1-a20594e7:1 s6e1-bfb0bab6:1 s7e1-865d313a:1
1786477090.183871 s5e1-a20594e7:1 s6e1-bfb0bab6:1 s7e1-865d313a:1
1786477090.206630 s5e1-a20594e7:1 s6e1-bfb0bab6:1 s7e1-865d313a:1
1786477090.229460 s5e1-a20594e7:1 s6e1-bfb0bab6:1 s7e1-865d313a:1
1786477090.252301 s5e1-a20594e7:1 s6e1-bfb0bab6:1 s7e1-865d313a:1
1786477090.276716 s5e1-a20594e7:1 s6e1-bfb0bab6:1 s7e1-865d313a:1
1786477090.300101 s6e1-bfb0bab6:1 s7e1-865d313a:1
1786477090.322351 s6e1-bfb0bab6:1 s7e1-865d313a:1
1786477090.344931 s6e1-bfb0bab6:1 s7e1-865d313a:1 s8e1-91f4c90a:59E
1786477090.401473 s6e1-bfb0bab6:1 s7e1-865d313a:1 s8e1-91f4c90a:1
1786477090.423944 s6e1-bfb0bab6:1 s7e1-865d313a:1 s8e1-91f4c90a:1
1786477090.446621 s6e1-bfb0bab6:1 s7e1-865d313a:1 s8e1-91f4c90a:1
1786477090.469501 s6e1-bfb0bab6:1 s7e1-865d313a:1 s8e1-91f4c90a:1
1786477090.492222 s6e1-bfb0bab6:1 s7e1-865d313a:1 s8e1-91f4c90a:1
1786477090.515894 s7e1-865d313a:1 s8e1-91f4c90a:1
1786477090.540584 s7e1-865d313a:1 s8e1-91f4c90a:1
1786477090.564576 s7e1-865d313a:1 s8e1-91f4c90a:1
1786477090.586854 s7e1-865d313a:1 s8e1-91f4c90a:1
1786477090.609586 s7e1-865d313a:1 s8e1-91f4c90a:1 s1e1-b3a16e41:62E
1786477090.665588 s7e1-865d313a:1 s8e1-91f4c90a:1 s1e1-b3a16e41:1
1786477090.688569 s7e1-865d313a:1 s8e1-91f4c90a:1 s1e1-b3a16e41:1
1786477090.711787 s7e1-865d313a:1 s8e1-91f4c90a:1 s1e1-b3a16e41:1
1786477090.734488 s7e1-865d313a:1 s8e1-91f4c90a:1 s1e1-b3a16e41:1
1786477090.758711 s7e1-865d313a:1 s8e1-91f4c90a:1 s1e1-b3a16e41:1
1786477090.782158 s8e1-91f4c90a:1 s1e1-b3a16e41:1
1786477090.804466 s8e1-91f4c90a:1 s1e1-b3a16e41:1
1786477090.827254 s8e1-91f4c90a:1 s1e1-b3a16e41:1 s2e1-9f23d8fd:57E
1786477090.884302 s8e1-91f4c90a:1 s1e1-b3a16e41:1 s2e1-9f23d8fd:1
1786477090.906765 s8e1-91f4c90a:1 s1e1-b3a16e41:1 s2e1-9f23d8fd:1
1786477090.929410 s8e1-91f4c90a:1 s1e1-b3a16e41:1 s2e1-9f23d8fd:1
1786477090.951998 s8e1-91f4c90a:1 s1e1-b3a16e41:1 s2e1-9f23d8fd:1
1786477090.975667 s8e1-91f4c90a:1 s1e1-b3a16e41:1 s2e1-9f23d8fd:1
1786477090.998441 s8e1-91f4c90a:1 s1e1-b3a16e41:1 s2e1-9f23d8fd:1
1786477091.021791 s1e1-b3a16e41:1 s2e1-9f23d8fd:1
1786477091.044536 s1e1-b3a16e41:1 s2e1-9f23d8fd:1 s3e1-90ff1266:66E
1786477091.111853 s1e1-b3a16e41:1 s2e1-9f23d8fd:1 s3e1-90ff1266:1
1786477091.134624 s1e1-b3a16e41:1 s2e1-9f23d8fd:1 s3e1-90ff1266:1
1786477091.157514 s1e1-b3a16e41:1 s2e1-9f23d8fd:1 s3e1-90ff1266:1
1786477091.180128 s1e1-b3a16e41:1 s2e1-9f23d8fd:1 s3e1-90ff1266:1
1786477091.202930 s1e1-b3a16e41:1 s2e1-9f23d8fd:1 s3e1-90ff1266:1
1786477091.225696 s1e1-b3a16e41:1 s2e1-9f23d8fd:1 s3e1-90ff1266:1
1786477091.248421 s1e1-b3a16e41:1 s2e1-9f23d8fd:1 s3e1-90ff1266:1
1786477091.271115 s1e1-b3a16e41:1 s2e1-9f23d8fd:1 s3e1-90ff1266:1
1786477091.294508 s2e1-9f23d8fd:1 s3e1-90ff1266:1
1786477091.318340 s2e1-9f23d8fd:1 s3e1-90ff1266:1
1786477091.340654 s2e1-9f23d8fd:1 s3e1-90ff1266:1
1786477091.363040 s2e1-9f23d8fd:1 s3e1-90ff1266:1
1786477091.385653 s2e1-9f23d8fd:1 s3e1-90ff1266:1 s4e1-b16c535e:69E
1786477091.451837 s2e1-9f23d8fd:1 s3e1-90ff1266:1 s4e1-b16c535e:1
1786477091.475365 s2e1-9f23d8fd:1 s3e1-90ff1266:1 s4e1-b16c535e:1
1786477091.498132 s2e1-9f23d8fd:1 s3e1-90ff1266:1 s4e1-b16c535e:1
1786477091.521653 s3e1-90ff1266:1 s4e1-b16c535e:1
1786477091.544599 s3e1-90ff1266:1 s4e1-b16c535e:1 s5e1-a20594e7:63E
1786477091.611740 s3e1-90ff1266:1 s4e1-b16c535e:1 s5e1-a20594e7:1
1786477091.634616 s3e1-90ff1266:1 s4e1-b16c535e:1 s5e1-a20594e7:1
1786477091.657212 s3e1-90ff1266:1 s4e1-b16c535e:1 s5e1-a20594e7:1
1786477091.679894 s3e1-90ff1266:1 s4e1-b16c535e:1 s5e1-a20594e7:1
1786477091.702621 s3e1-90ff1266:1 s4e1-b16c535e:1 s5e1-a20594e7:1
1786477091.726004 s3e1-90ff1266:1 s4e1-b16c535e:1 s5e1-a20594e7:1
1786477091.749728 s4e1-b16c535e:1 s5e1-a20594e7:1
1786477091.772033 s4e1-b16c535e:1 s5e1-a20594e7:1
1786477091.794431 s4e1-b16c535e:1 s5e1-a20594e7:1
1786477091.818429 s4e1-b16c535e:1 s5e1-a20594e7:1
1786477091.840901 s4e1-b16c535e:1 s5e1-a20594e7:1
1786477091.863207 s4e1-b16c535e:1 s5e1-a20594e7:1
1786477091.885782 s4e1-b16c535e:1 s5e1-a20594e7:1 s6e1-bfb0bab6:69E
1786477091.952264 s4e1-b16c535e:1 s5e1-a20594e7:1 s6e1-bfb0bab6:1
1786477091.974584 s4e1-b16c535e:1 s5e1-a20594e7:1 s6e1-bfb0bab6:1
1786477091.997086 s4e1-b16c535e:1 s5e1-a20594e7:1 s6e1-bfb0bab6:1
1786477092.019795 s4e1-b16c535e:1 s5e1-a20594e7:1 s6e1-bfb0bab6:1
1786477092.043926 s4e1-b16c535e:1 s5e1-a20594e7:1 s6e1-bfb0bab6:1
1786477092.066702 s4e1-b16c535e:1 s5e1-a20594e7:1 s6e1-bfb0bab6:1
1786477092.090050 s5e1-a20594e7:1 s6e1-bfb0bab6:1
1786477092.112700 s5e1-a20594e7:1 s6e1-bfb0bab6:1 s7e1-865d313a:62E
1786477092.167591 s5e1-a20594e7:1 s6e1-bfb0bab6:1 s7e1-865d313a:1
1786477092.190297 s5e1-a20594e7:1 s6e1-bfb0bab6:1 s7e1-865d313a:1
1786477092.213249 s5e1-a20594e7:1 s6e1-bfb0bab6:1 s7e1-865d313a:1
1786477092.236414 s6e1-bfb0bab6:1 s7e1-865d313a:1
1786477092.258557 s6e1-bfb0bab6:1 s7e1-865d313a:1
1786477092.280743 s6e1-bfb0bab6:1 s7e1-865d313a:1
1786477092.303941 s6e1-bfb0bab6:1 s7e1-865d313a:1
1786477092.326166 s6e1-bfb0bab6:1 s7e1-865d313a:1
1786477092.348300 s6e1-bfb0bab6:1 s7e1-865d313a:1
1786477092.370646 s6e1-bfb0bab6:1 s7e1-865d313a:1 s8e1-91f4c90a:56E
1786477092.426798 s6e1-bfb0bab6:1 s7e1-865d313a:1 s8e1-91f4c90a:1
1786477092.449234 s6e1-bfb0bab6:1 s7e1-865d313a:1 s8e1-91f4c90a:1
1786477092.471897 s6e1-bfb0bab6:1 s7e1-865d313a:1 s8e1-91f4c90a:1
1786477092.494589 s6e1-bfb0bab6:1 s7e1-865d313a:1 s8e1-91f4c90a:1
1786477092.518581 s6e1-bfb0bab6:1 s7e1-865d313a:1 s8e1-91f4c90a:1
1786477092.541474 s6e1-bfb0bab6:1 s7e1-865d313a:1 s8e1-91f4c90a:1
1786477092.565064 s7e1-865d313a:1 s8e1-91f4c90a:1
1786477092.587876 s7e1-865d313a:1 s8e1-91f4c90a:1 s1e1-b3a16e41:59E
1786477092.644823 s7e1-865d313a:1 s8e1-91f4c90a:1 s1e1-b3a16e41:1
1786477092.667650 s7e1-865d313a:1 s8e1-91f4c90a:1 s1e1-b3a16e41:1
1786477092.690584 s7e1-865d313a:1 s8e1-91f4c90a:1 s1e1-b3a16e41:1
1786477092.713410 s7e1-865d313a:1 s8e1-91f4c90a:1 s1e1-b3a16e41:1
1786477092.736224 s7e1-865d313a:1 s8e1-91f4c90a:1 s1e1-b3a16e41:1
1786477092.759343 s7e1-865d313a:1 s8e1-91f4c90a:1 s1e1-b3a16e41:1
1786477092.784176 s8e1-91f4c90a:1 s1e1-b3a16e41:1
1786477092.806705 s8e1-91f4c90a:1 s1e1-b3a16e41:1
1786477092.828967 s8e1-91f4c90a:1 s1e1-b3a16e41:1
1786477092.851559 s8e1-91f4c90a:1 s1e1-b3a16e41:1 s2e1-9f23d8fd:54E
1786477092.905317 s8e1-91f4c90a:1 s1e1-b3a16e41:1 s2e1-9f23d8fd:1
1786477092.927909 s8e1-91f4c90a:1 s1e1-b3a16e41:1 s2e1-9f23d8fd:1
1786477092.950621 s8e1-91f4c90a:1 s1e1-b3a16e41:1 s2e1-9f23d8fd:1
1786477092.973287 s8e1-91f4c90a:1 s1e1-b3a16e41:1 s2e1-9f23d8fd:1
1786477092.996063 s8e1-91f4c90a:1 s1e1-b3a16e41:1 s2e1-9f23d8fd:1
1786477093.020230 s8e1-91f4c90a:1 s1e1-b3a16e41:1 s2e1-9f23d8fd:1
1786477093.043878 s1e1-b3a16e41:1 s2e1-9f23d8fd:1
1786477093.066257 s1e1-b3a16e41:1 s2e1-9f23d8fd:1
1786477093.088891 s1e1-b3a16e41:1 s2e1-9f23d8fd:1 s3e1-90ff1266:63E
1786477093.156258 s1e1-b3a16e41:1 s2e1-9f23d8fd:1 s3e1-90ff1266:1
1786477093.179064 s1e1-b3a16e41:1 s2e1-9f23d8fd:1 s3e1-90ff1266:1
1786477093.201829 s1e1-b3a16e41:1 s2e1-9f23d8fd:1 s3e1-90ff1266:1
1786477093.224461 s1e1-b3a16e41:1 s2e1-9f23d8fd:1 s3e1-90ff1266:1
1786477093.247535 s1e1-b3a16e41:1 s2e1-9f23d8fd:1 s3e1-90ff1266:1
1786477093.272654 s2e1-9f23d8fd:1 s3e1-90ff1266:1
1786477093.294908 s2e1-9f23d8fd:1 s3e1-90ff1266:1
1786477093.316962 s2e1-9f23d8fd:1 s3e1-90ff1266:1
1786477093.339537 s2e1-9f23d8fd:1 s3e1-90ff1266:1 s4e1-b16c535e:66E
1786477093.407167 s2e1-9f23d8fd:1 s3e1-90ff1266:1 s4e1-b16c535e:1
1786477093.429506 s2e1-9f23d8fd:1 s3e1-90ff1266:1 s4e1-b16c535e:1
1786477093.452004 s2e1-9f23d8fd:1 s3e1-90ff1266:1 s4e1-b16c535e:1
1786477093.474540 s2e1-9f23d8fd:1 s3e1-90ff1266:1 s4e1-b16c535e:1
1786477093.497185 s2e1-9f23d8fd:1 s3e1-90ff1266:1 s4e1-b16c535e:1
1786477093.521143 s2e1-9f23d8fd:1 s3e1-90ff1266:1 s4e1-b16c535e:1
1786477093.544675 s3e1-90ff1266:1 s4e1-b16c535e:1
1786477093.567174 s3e1-90ff1266:1 s4e1-b16c535e:1
1786477093.589932 s3e1-90ff1266:1 s4e1-b16c535e:1 s5e1-a20594e7:60E
1786477093.647517 s3e1-90ff1266:1 s4e1-b16c535e:1 s5e1-a20594e7:1
1786477093.670462 s3e1-90ff1266:1 s4e1-b16c535e:1 s5e1-a20594e7:1
1786477093.693357 s3e1-90ff1266:1 s4e1-b16c535e:1 s5e1-a20594e7:1
1786477093.716449 s3e1-90ff1266:1 s4e1-b16c535e:1 s5e1-a20594e7:1
1786477093.742084 s3e1-90ff1266:1 s4e1-b16c535e:1 s5e1-a20594e7:1
1786477093.764926 s3e1-90ff1266:1 s4e1-b16c535e:1 s5e1-a20594e7:1
1786477093.788169 s4e1-b16c535e:1 s5e1-a20594e7:1
1786477093.810998 s4e1-b16c535e:1 s5e1-a20594e7:1 s6e1-bfb0bab6:66E
1786477093.877392 s4e1-b16c535e:1 s5e1-a20594e7:1 s6e1-bfb0bab6:1
1786477093.899716 s4e1-b16c535e:1 s5e1-a20594e7:1 s6e1-bfb0bab6:1
1786477093.922340 s4e1-b16c535e:1 s5e1-a20594e7:1 s6e1-bfb0bab6:1
1786477093.944863 s4e1-b16c535e:1 s5e1-a20594e7:1 s6e1-bfb0bab6:1
1786477093.967613 s4e1-b16c535e:1 s5e1-a20594e7:1 s6e1-bfb0bab6:1
1786477093.990232 s4e1-b16c535e:1 s5e1-a20594e7:1 s6e1-bfb0bab6:1
1786477094.014091 s4e1-b16c535e:1 s5e1-a20594e7:1 s6e1-bfb0bab6:1
1786477094.037528 s5e1-a20594e7:1 s6e1-bfb0bab6:1
1786477094.059909 s5e1-a20594e7:1 s6e1-bfb0bab6:1
1786477094.082676 s5e1-a20594e7:1 s6e1-bfb0bab6:1 s7e1-865d313a:59E
1786477094.139597 s5e1-a20594e7:1 s6e1-bfb0bab6:1 s7e1-865d313a:1
1786477094.162565 s5e1-a20594e7:1 s6e1-bfb0bab6:1 s7e1-865d313a:1
1786477094.185522 s5e1-a20594e7:1 s6e1-bfb0bab6:1 s7e1-865d313a:1
1786477094.208207 s5e1-a20594e7:1 s6e1-bfb0bab6:1 s7e1-865d313a:1
1786477094.231358 s5e1-a20594e7:1 s6e1-bfb0bab6:1 s7e1-865d313a:1
1786477094.254212 s5e1-a20594e7:1 s6e1-bfb0bab6:1 s7e1-865d313a:1
1786477094.277548 s6e1-bfb0bab6:1 s7e1-865d313a:1
1786477094.301154 s6e1-bfb0bab6:1 s7e1-865d313a:1
1786477094.323575 s6e1-bfb0bab6:1 s7e1-865d313a:1
1786477094.345699 s6e1-bfb0bab6:1 s7e1-865d313a:1
1786477094.368304 s6e1-bfb0bab6:1 s7e1-865d313a:1 s8e1-91f4c90a:69E
1786477094.435138 s6e1-bfb0bab6:1 s7e1-865d313a:1 s8e1-91f4c90a:1
1786477094.457483 s6e1-bfb0bab6:1 s7e1-865d313a:1 s8e1-91f4c90a:1
1786477094.481743 s6e1-bfb0bab6:1 s7e1-865d313a:1 s8e1-91f4c90a:1
1786477094.505124 s7e1-865d313a:1 s8e1-91f4c90a:1
1786477094.527480 s7e1-865d313a:1 s8e1-91f4c90a:1
1786477094.550244 s7e1-865d313a:1 s8e1-91f4c90a:1 s1e1-b3a16e41:56E
1786477094.607422 s7e1-865d313a:1 s8e1-91f4c90a:1 s1e1-b3a16e41:1
1786477094.630153 s7e1-865d313a:1 s8e1-91f4c90a:1 s1e1-b3a16e41:1
1786477094.652920 s7e1-865d313a:1 s8e1-91f4c90a:1 s1e1-b3a16e41:1
1786477094.675725 s7e1-865d313a:1 s8e1-91f4c90a:1 s1e1-b3a16e41:1
1786477094.698653 s7e1-865d313a:1 s8e1-91f4c90a:1 s1e1-b3a16e41:1
1786477094.721584 s7e1-865d313a:1 s8e1-91f4c90a:1 s1e1-b3a16e41:1
1786477094.744389 s7e1-865d313a:1 s8e1-91f4c90a:1 s1e1-b3a16e41:1
1786477094.767932 s8e1-91f4c90a:1 s1e1-b3a16e41:1
1786477094.791733 s8e1-91f4c90a:1 s1e1-b3a16e41:1
1786477094.815005 s8e1-91f4c90a:1 s1e1-b3a16e41:1
1786477094.837519 s8e1-91f4c90a:1 s1e1-b3a16e41:1
1786477094.860239 s8e1-91f4c90a:1 s1e1-b3a16e41:1 s2e1-9f23d8fd:67E
1786477094.928149 s8e1-91f4c90a:1 s1e1-b3a16e41:1 s2e1-9f23d8fd:1
1786477094.950476 s8e1-91f4c90a:1 s1e1-b3a16e41:1 s2e1-9f23d8fd:1
1786477094.974515 s8e1-91f4c90a:1 s1e1-b3a16e41:1 s2e1-9f23d8fd:1
1786477094.997201 s8e1-91f4c90a:1 s1e1-b3a16e41:1 s2e1-9f23d8fd:1
1786477095.020114 s8e1-91f4c90a:1 s1e1-b3a16e41:1 s2e1-9f23d8fd:1
1786477095.043478 s8e1-91f4c90a:1 s1e1-b3a16e41:1 s2e1-9f23d8fd:1 s3e1-90ff1266:60E
1786477095.101300 s1e1-b3a16e41:1 s2e1-9f23d8fd:1 s3e1-90ff1266:1
1786477095.124369 s1e1-b3a16e41:1 s2e1-9f23d8fd:1 s3e1-90ff1266:1
1786477095.147187 s1e1-b3a16e41:1 s2e1-9f23d8fd:1 s3e1-90ff1266:1
1786477095.170060 s1e1-b3a16e41:1 s2e1-9f23d8fd:1 s3e1-90ff1266:1
1786477095.193036 s1e1-b3a16e41:1 s2e1-9f23d8fd:1 s3e1-90ff1266:1
1786477095.215744 s1e1-b3a16e41:1 s2e1-9f23d8fd:1 s3e1-90ff1266:1
1786477095.239077 s2e1-9f23d8fd:1 s3e1-90ff1266:1
1786477095.261790 s2e1-9f23d8fd:1 s3e1-90ff1266:1
1786477095.285467 s2e1-9f23d8fd:1 s3e1-90ff1266:1
1786477095.307649 s2e1-9f23d8fd:1 s3e1-90ff1266:1
1786477095.329960 s2e1-9f23d8fd:1 s3e1-90ff1266:1
1786477095.352526 s2e1-9f23d8fd:1 s3e1-90ff1266:1 s4e1-b16c535e:63E
1786477095.419906 s2e1-9f23d8fd:1 s3e1-90ff1266:1 s4e1-b16c535e:1
1786477095.442961 s2e1-9f23d8fd:1 s3e1-90ff1266:1 s4e1-b16c535e:1
1786477095.465294 s2e1-9f23d8fd:1 s3e1-90ff1266:1 s4e1-b16c535e:1
1786477095.490449 s2e1-9f23d8fd:1 s3e1-90ff1266:1 s4e1-b16c535e:1
1786477095.513140 s2e1-9f23d8fd:1 s3e1-90ff1266:1 s4e1-b16c535e:1
1786477095.536108 s2e1-9f23d8fd:1 s3e1-90ff1266:1 s4e1-b16c535e:1
1786477095.559792 s3e1-90ff1266:1 s4e1-b16c535e:1 s5e1-a20594e7:57E
1786477095.618235 s3e1-90ff1266:1 s4e1-b16c535e:1 s5e1-a20594e7:1
1786477095.641276 s3e1-90ff1266:1 s4e1-b16c535e:1 s5e1-a20594e7:1
1786477095.664111 s3e1-90ff1266:1 s4e1-b16c535e:1 s5e1-a20594e7:1
1786477095.687018 s3e1-90ff1266:1 s4e1-b16c535e:1 s5e1-a20594e7:1
1786477095.710039 s3e1-90ff1266:1 s4e1-b16c535e:1 s5e1-a20594e7:1
1786477095.733632 s4e1-b16c535e:1 s5e1-a20594e7:1
1786477095.756034 s4e1-b16c535e:1 s5e1-a20594e7:1
1786477095.780045 s4e1-b16c535e:1 s5e1-a20594e7:1
1786477095.802360 s4e1-b16c535e:1 s5e1-a20594e7:1
1786477095.824686 s4e1-b16c535e:1 s5e1-a20594e7:1
1786477095.847253 s4e1-b16c535e:1 s5e1-a20594e7:1 s6e1-bfb0bab6:63E
1786477095.913839 s4e1-b16c535e:1 s5e1-a20594e7:1 s6e1-bfb0bab6:1
1786477095.936393 s4e1-b16c535e:1 s5e1-a20594e7:1 s6e1-bfb0bab6:1
1786477095.958820 s4e1-b16c535e:1 s5e1-a20594e7:1 s6e1-bfb0bab6:1
1786477095.981494 s4e1-b16c535e:1 s5e1-a20594e7:1 s6e1-bfb0bab6:1
1786477096.006370 s4e1-b16c535e:1 s5e1-a20594e7:1 s6e1-bfb0bab6:1
1786477096.029281 s4e1-b16c535e:1 s5e1-a20594e7:1 s6e1-bfb0bab6:1
1786477096.052858 s5e1-a20594e7:1 s6e1-bfb0bab6:1
1786477096.075678 s5e1-a20594e7:1 s6e1-bfb0bab6:1 s7e1-865d313a:56E
1786477096.133134 s5e1-a20594e7:1 s6e1-bfb0bab6:1 s7e1-865d313a:1
1786477096.155899 s5e1-a20594e7:1 s6e1-bfb0bab6:1 s7e1-865d313a:1
1786477096.178752 s5e1-a20594e7:1 s6e1-bfb0bab6:1 s7e1-865d313a:1
1786477096.201572 s5e1-a20594e7:1 s6e1-bfb0bab6:1 s7e1-865d313a:1
1786477096.224532 s5e1-a20594e7:1 s6e1-bfb0bab6:1 s7e1-865d313a:1
1786477096.247665 s6e1-bfb0bab6:1 s7e1-865d313a:1
1786477096.269912 s6e1-bfb0bab6:1 s7e1-865d313a:1
1786477096.292313 s6e1-bfb0bab6:1 s7e1-865d313a:1
1786477096.315788 s6e1-bfb0bab6:1 s7e1-865d313a:1
1786477096.338290 s6e1-bfb0bab6:1 s7e1-865d313a:1
1786477096.360435 s6e1-bfb0bab6:1 s7e1-865d313a:1
1786477096.383057 s6e1-bfb0bab6:1 s7e1-865d313a:1 s8e1-91f4c90a:66E
1786477096.449381 s6e1-bfb0bab6:1 s7e1-865d313a:1 s8e1-91f4c90a:1
1786477096.471730 s6e1-bfb0bab6:1 s7e1-865d313a:1 s8e1-91f4c90a:1
1786477096.494239 s6e1-bfb0bab6:1 s7e1-865d313a:1 s8e1-91f4c90a:1
1786477096.518518 s6e1-bfb0bab6:1 s7e1-865d313a:1 s8e1-91f4c90a:1
1786477096.542014 s7e1-865d313a:1 s8e1-91f4c90a:1
1786477096.564463 s7e1-865d313a:1 s8e1-91f4c90a:1
1786477096.587026 s7e1-865d313a:1 s8e1-91f4c90a:1 s1e1-b3a16e41:69E
1786477096.654748 s7e1-865d313a:1 s8e1-91f4c90a:1 s1e1-b3a16e41:1
1786477096.677415 s7e1-865d313a:1 s8e1-91f4c90a:1 s1e1-b3a16e41:1
1786477096.700207 s7e1-865d313a:1 s8e1-91f4c90a:1 s1e1-b3a16e41:1
1786477096.722995 s7e1-865d313a:1 s8e1-91f4c90a:1 s1e1-b3a16e41:1
1786477096.745847 s7e1-865d313a:1 s8e1-91f4c90a:1 s1e1-b3a16e41:1
1786477096.769178 s8e1-91f4c90a:1 s1e1-b3a16e41:1
1786477096.791474 s8e1-91f4c90a:1 s1e1-b3a16e41:1
1786477096.815200 s8e1-91f4c90a:1 s1e1-b3a16e41:1
1786477096.837462 s8e1-91f4c90a:1 s1e1-b3a16e41:1
1786477096.859785 s8e1-91f4c90a:1 s1e1-b3a16e41:1
1786477096.882452 s8e1-91f4c90a:1 s1e1-b3a16e41:1 s2e1-9f23d8fd:64E
1786477096.948914 s8e1-91f4c90a:1 s1e1-b3a16e41:1 s2e1-9f23d8fd:1
1786477096.971231 s8e1-91f4c90a:1 s1e1-b3a16e41:1 s2e1-9f23d8fd:1
1786477096.993779 s8e1-91f4c90a:1 s1e1-b3a16e41:1 s2e1-9f23d8fd:1
1786477097.017598 s8e1-91f4c90a:1 s1e1-b3a16e41:1 s2e1-9f23d8fd:1
1786477097.040525 s8e1-91f4c90a:1 s1e1-b3a16e41:1 s2e1-9f23d8fd:1
1786477097.063538 s8e1-91f4c90a:1 s1e1-b3a16e41:1 s2e1-9f23d8fd:1
1786477097.087253 s1e1-b3a16e41:1 s2e1-9f23d8fd:1 s3e1-90ff1266:57E
1786477097.144616 s1e1-b3a16e41:1 s2e1-9f23d8fd:1 s3e1-90ff1266:1
1786477097.167473 s1e1-b3a16e41:1 s2e1-9f23d8fd:1 s3e1-90ff1266:1
1786477097.190310 s1e1-b3a16e41:1 s2e1-9f23d8fd:1 s3e1-90ff1266:1
1786477097.212978 s1e1-b3a16e41:1 s2e1-9f23d8fd:1 s3e1-90ff1266:1
1786477097.235677 s1e1-b3a16e41:1 s2e1-9f23d8fd:1 s3e1-90ff1266:1
1786477097.258355 s1e1-b3a16e41:1 s2e1-9f23d8fd:1 s3e1-90ff1266:1
1786477097.281737 s2e1-9f23d8fd:1 s3e1-90ff1266:1
1786477097.305192 s2e1-9f23d8fd:1 s3e1-90ff1266:1
1786477097.327562 s2e1-9f23d8fd:1 s3e1-90ff1266:1
1786477097.350011 s2e1-9f23d8fd:1 s3e1-90ff1266:1
1786477097.372586 s2e1-9f23d8fd:1 s3e1-90ff1266:1 s4e1-b16c535e:60E
1786477097.429376 s2e1-9f23d8fd:1 s3e1-90ff1266:1 s4e1-b16c535e:1
1786477097.451909 s2e1-9f23d8fd:1 s3e1-90ff1266:1 s4e1-b16c535e:1
1786477097.474564 s2e1-9f23d8fd:1 s3e1-90ff1266:1 s4e1-b16c535e:1
1786477097.497373 s2e1-9f23d8fd:1 s3e1-90ff1266:1 s4e1-b16c535e:1
1786477097.521697 s2e1-9f23d8fd:1 s3e1-90ff1266:1 s4e1-b16c535e:1
1786477097.544975 s2e1-9f23d8fd:1 s3e1-90ff1266:1 s4e1-b16c535e:1
1786477097.568835 s3e1-90ff1266:1 s4e1-b16c535e:1
1786477097.591848 s3e1-90ff1266:1 s4e1-b16c535e:1 s5e1-a20594e7:54E
1786477097.647046 s3e1-90ff1266:1 s4e1-b16c535e:1 s5e1-a20594e7:1
1786477097.669990 s3e1-90ff1266:1 s4e1-b16c535e:1 s5e1-a20594e7:1
1786477097.693048 s3e1-90ff1266:1 s4e1-b16c535e:1 s5e1-a20594e7:1
1786477097.716065 s3e1-90ff1266:1 s4e1-b16c535e:1 s5e1-a20594e7:1
1786477097.739015 s3e1-90ff1266:1 s4e1-b16c535e:1 s5e1-a20594e7:1
1786477097.762550 s4e1-b16c535e:1 s5e1-a20594e7:1
1786477097.786269 s4e1-b16c535e:1 s5e1-a20594e7:1
1786477097.808749 s4e1-b16c535e:1 s5e1-a20594e7:1
1786477097.830910 s4e1-b16c535e:1 s5e1-a20594e7:1
1786477097.853439 s4e1-b16c535e:1 s5e1-a20594e7:1 s6e1-bfb0bab6:60E
1786477097.910930 s4e1-b16c535e:1 s5e1-a20594e7:1 s6e1-bfb0bab6:1
1786477097.933709 s4e1-b16c535e:1 s5e1-a20594e7:1 s6e1-bfb0bab6:1
1786477097.956577 s4e1-b16c535e:1 s5e1-a20594e7:1 s6e1-bfb0bab6:1
1786477097.979283 s4e1-b16c535e:1 s5e1-a20594e7:1 s6e1-bfb0bab6:1
1786477098.003265 s4e1-b16c535e:1 s5e1-a20594e7:1 s6e1-bfb0bab6:1
1786477098.026342 s4e1-b16c535e:1 s5e1-a20594e7:1 s6e1-bfb0bab6:1
1786477098.049969 s5e1-a20594e7:1 s6e1-bfb0bab6:1
1786477098.072843 s5e1-a20594e7:1 s6e1-bfb0bab6:1 s7e1-865d313a:69E
1786477098.141161 s5e1-a20594e7:1 s6e1-bfb0bab6:1 s7e1-865d313a:1
1786477098.163867 s5e1-a20594e7:1 s6e1-bfb0bab6:1 s7e1-865d313a:1
1786477098.186712 s5e1-a20594e7:1 s6e1-bfb0bab6:1 s7e1-865d313a:1
1786477098.209483 s5e1-a20594e7:1 s6e1-bfb0bab6:1 s7e1-865d313a:1
1786477098.232373 s5e1-a20594e7:1 s6e1-bfb0bab6:1 s7e1-865d313a:1
1786477098.255316 s5e1-a20594e7:1 s6e1-bfb0bab6:1 s7e1-865d313a:1
1786477098.280232 s6e1-bfb0bab6:1 s7e1-865d313a:1
1786477098.302755 s6e1-bfb0bab6:1 s7e1-865d313a:1
1786477098.325103 s6e1-bfb0bab6:1 s7e1-865d313a:1
1786477098.347671 s6e1-bfb0bab6:1 s7e1-865d313a:1 s8e1-91f4c90a:63E
1786477098.414742 s6e1-bfb0bab6:1 s7e1-865d313a:1 s8e1-91f4c90a:1
1786477098.437446 s6e1-bfb0bab6:1 s7e1-865d313a:1 s8e1-91f4c90a:1
1786477098.460189 s6e1-bfb0bab6:1 s7e1-865d313a:1 s8e1-91f4c90a:1
1786477098.484301 s6e1-bfb0bab6:1 s7e1-865d313a:1 s8e1-91f4c90a:1
1786477098.507493 s6e1-bfb0bab6:1 s7e1-865d313a:1 s8e1-91f4c90a:1
1786477098.530958 s6e1-bfb0bab6:1 s7e1-865d313a:1 s8e1-91f4c90a:1
1786477098.555173 s7e1-865d313a:1 s8e1-91f4c90a:1 s1e1-b3a16e41:66E
1786477098.623958 s7e1-865d313a:1 s8e1-91f4c90a:1 s1e1-b3a16e41:1
1786477098.646850 s7e1-865d313a:1 s8e1-91f4c90a:1 s1e1-b3a16e41:1
1786477098.669852 s7e1-865d313a:1 s8e1-91f4c90a:1 s1e1-b3a16e41:1
1786477098.692943 s7e1-865d313a:1 s8e1-91f4c90a:1 s1e1-b3a16e41:1
1786477098.715929 s7e1-865d313a:1 s8e1-91f4c90a:1 s1e1-b3a16e41:1
1786477098.739118 s7e1-865d313a:1 s8e1-91f4c90a:1 s1e1-b3a16e41:1
1786477098.763616 s7e1-865d313a:1 s8e1-91f4c90a:1 s1e1-b3a16e41:1
1786477098.787197 s8e1-91f4c90a:1 s1e1-b3a16e41:1
1786477098.809633 s8e1-91f4c90a:1 s1e1-b3a16e41:1
1786477098.832301 s8e1-91f4c90a:1 s1e1-b3a16e41:1 s2e1-9f23d8fd:61E
1786477098.889451 s8e1-91f4c90a:1 s1e1-b3a16e41:1 s2e1-9f23d8fd:1
1786477098.912251 s8e1-91f4c90a:1 s1e1-b3a16e41:1 s2e1-9f23d8fd:1
1786477098.935209 s8e1-91f4c90a:1 s1e1-b3a16e41:1 s2e1-9f23d8fd:1
1786477098.958212 s8e1-91f4c90a:1 s1e1-b3a16e41:1 s2e1-9f23d8fd:1
1786477098.981330 s8e1-91f4c90a:1 s1e1-b3a16e41:1 s2e1-9f23d8fd:1
1786477099.004391 s8e1-91f4c90a:1 s1e1-b3a16e41:1 s2e1-9f23d8fd:1
1786477099.028843 s8e1-91f4c90a:1 s1e1-b3a16e41:1 s2e1-9f23d8fd:1
1786477099.052610 s1e1-b3a16e41:1 s2e1-9f23d8fd:1
1786477099.075103 s1e1-b3a16e41:1 s2e1-9f23d8fd:1
1786477099.097787 s1e1-b3a16e41:1 s2e1-9f23d8fd:1 s3e1-90ff1266:54E
1786477099.153406 s1e1-b3a16e41:1 s2e1-9f23d8fd:1 s3e1-90ff1266:1
1786477099.176401 s1e1-b3a16e41:1 s2e1-9f23d8fd:1 s3e1-90ff1266:1
1786477099.199517 s1e1-b3a16e41:1 s2e1-9f23d8fd:1 s3e1-90ff1266:1
1786477099.222638 s1e1-b3a16e41:1 s2e1-9f23d8fd:1 s3e1-90ff1266:1
1786477099.246532 s2e1-9f23d8fd:1 s3e1-90ff1266:1
1786477099.269192 s2e1-9f23d8fd:1 s3e1-90ff1266:1
1786477099.292745 s2e1-9f23d8fd:1 s3e1-90ff1266:1
1786477099.315130 s2e1-9f23d8fd:1 s3e1-90ff1266:1
1786477099.337627 s2e1-9f23d8fd:1 s3e1-90ff1266:1
1786477099.360443 s2e1-9f23d8fd:1 s3e1-90ff1266:1 s4e1-b16c535e:57E
1786477099.418049 s2e1-9f23d8fd:1 s3e1-90ff1266:1 s4e1-b16c535e:1
1786477099.440971 s2e1-9f23d8fd:1 s3e1-90ff1266:1 s4e1-b16c535e:1
1786477099.463933 s2e1-9f23d8fd:1 s3e1-90ff1266:1 s4e1-b16c535e:1
1786477099.488003 s2e1-9f23d8fd:1 s3e1-90ff1266:1 s4e1-b16c535e:1
1786477099.511692 s3e1-90ff1266:1 s4e1-b16c535e:1
1786477099.534014 s3e1-90ff1266:1 s4e1-b16c535e:1
1786477099.556628 s3e1-90ff1266:1 s4e1-b16c535e:1 s5e1-a20594e7:67E
1786477099.625552 s3e1-90ff1266:1 s4e1-b16c535e:1 s5e1-a20594e7:1
1786477099.648403 s3e1-90ff1266:1 s4e1-b16c535e:1 s5e1-a20594e7:1
1786477099.671280 s3e1-90ff1266:1 s4e1-b16c535e:1 s5e1-a20594e7:1
1786477099.694068 s3e1-90ff1266:1 s4e1-b16c535e:1 s5e1-a20594e7:1
1786477099.716880 s3e1-90ff1266:1 s4e1-b16c535e:1 s5e1-a20594e7:1
1786477099.739972 s3e1-90ff1266:1 s4e1-b16c535e:1 s5e1-a20594e7:1
1786477099.763218 s3e1-90ff1266:1 s4e1-b16c535e:1 s5e1-a20594e7:1
1786477099.786746 s4e1-b16c535e:1 s5e1-a20594e7:1
1786477099.809234 s4e1-b16c535e:1 s5e1-a20594e7:1
1786477099.833103 s4e1-b16c535e:1 s5e1-a20594e7:1
1786477099.855555 s4e1-b16c535e:1 s5e1-a20594e7:1
1786477099.877791 s4e1-b16c535e:1 s5e1-a20594e7:1
1786477099.900505 s4e1-b16c535e:1 s5e1-a20594e7:1 s6e1-bfb0bab6:57E
1786477099.957338 s4e1-b16c535e:1 s5e1-a20594e7:1 s6e1-bfb0bab6:1
1786477099.980158 s4e1-b16c535e:1 s5e1-a20594e7:1 s6e1-bfb0bab6:1
1786477100.003200 s4e1-b16c535e:1 s5e1-a20594e7:1 s6e1-bfb0bab6:1
1786477100.028415 s4e1-b16c535e:1 s5e1-a20594e7:1 s6e1-bfb0bab6:1
1786477100.052228 s5e1-a20594e7:1 s6e1-bfb0bab6:1
1786477100.074646 s5e1-a20594e7:1 s6e1-bfb0bab6:1
1786477100.097285 s5e1-a20594e7:1 s6e1-bfb0bab6:1 s7e1-865d313a:66E
1786477100.165621 s5e1-a20594e7:1 s6e1-bfb0bab6:1 s7e1-865d313a:1
1786477100.188507 s5e1-a20594e7:1 s6e1-bfb0bab6:1 s7e1-865d313a:1
1786477100.211490 s5e1-a20594e7:1 s6e1-bfb0bab6:1 s7e1-865d313a:1
1786477100.234653 s5e1-a20594e7:1 s6e1-bfb0bab6:1 s7e1-865d313a:1
1786477100.258308 s6e1-bfb0bab6:1 s7e1-865d313a:1
1786477100.280743 s6e1-bfb0bab6:1 s7e1-865d313a:1
1786477100.304378 s6e1-bfb0bab6:1 s7e1-865d313a:1
1786477100.326635 s6e1-bfb0bab6:1 s7e1-865d313a:1
1786477100.349048 s6e1-bfb0bab6:1 s7e1-865d313a:1
1786477100.372024 s6e1-bfb0bab6:1 s7e1-865d313a:1 s8e1-91f4c90a:60E
1786477100.430476 s6e1-bfb0bab6:1 s7e1-865d313a:1 s8e1-91f4c90a:1
1786477100.453359 s6e1-bfb0bab6:1 s7e1-865d313a:1 s8e1-91f4c90a:1
1786477100.476442 s6e1-bfb0bab6:1 s7e1-865d313a:1 s8e1-91f4c90a:1
1786477100.499577 s6e1-bfb0bab6:1 s7e1-865d313a:1 s8e1-91f4c90a:1
1786477100.524230 s6e1-bfb0bab6:1 s7e1-865d313a:1 s8e1-91f4c90a:1
1786477100.547530 s6e1-bfb0bab6:1 s7e1-865d313a:1 s8e1-91f4c90a:1
1786477100.571135 s6e1-bfb0bab6:1 s7e1-865d313a:1 s8e1-91f4c90a:1
1786477100.595135 s7e1-865d313a:1 s8e1-91f4c90a:1 s1e1-b3a16e41:63E
1786477100.664089 s7e1-865d313a:1 s8e1-91f4c90a:1 s1e1-b3a16e41:1
1786477100.687356 s7e1-865d313a:1 s8e1-91f4c90a:1 s1e1-b3a16e41:1
1786477100.710266 s7e1-865d313a:1 s8e1-91f4c90a:1 s1e1-b3a16e41:1
1786477100.733220 s7e1-865d313a:1 s8e1-91f4c90a:1 s1e1-b3a16e41:1
1786477100.756218 s7e1-865d313a:1 s8e1-91f4c90a:1 s1e1-b3a16e41:1
1786477100.779404 s7e1-865d313a:1 s8e1-91f4c90a:1 s1e1-b3a16e41:1
1786477100.804534 s8e1-91f4c90a:1 s1e1-b3a16e41:1
1786477100.827328 s8e1-91f4c90a:1 s1e1-b3a16e41:1
1786477100.849584 s8e1-91f4c90a:1 s1e1-b3a16e41:1
1786477100.872200 s8e1-91f4c90a:1 s1e1-b3a16e41:1 s2e1-9f23d8fd:58E
1786477100.929377 s8e1-91f4c90a:1 s1e1-b3a16e41:1 s2e1-9f23d8fd:1
1786477100.952365 s8e1-91f4c90a:1 s1e1-b3a16e41:1 s2e1-9f23d8fd:1
1786477100.977586 s8e1-91f4c90a:1 s1e1-b3a16e41:1 s2e1-9f23d8fd:1
1786477101.002170 s8e1-91f4c90a:1 s1e1-b3a16e41:1 s2e1-9f23d8fd:1
1786477101.025415 s8e1-91f4c90a:1 s1e1-b3a16e41:1 s2e1-9f23d8fd:1
1786477101.048817 s8e1-91f4c90a:1 s1e1-b3a16e41:1 s2e1-9f23d8fd:1
1786477101.072963 s1e1-b3a16e41:1 s2e1-9f23d8fd:1 s3e1-90ff1266:67E
1786477101.142811 s1e1-b3a16e41:1 s2e1-9f23d8fd:1 s3e1-90ff1266:1
1786477101.165770 s1e1-b3a16e41:1 s2e1-9f23d8fd:1 s3e1-90ff1266:1
1786477101.188763 s1e1-b3a16e41:1 s2e1-9f23d8fd:1 s3e1-90ff1266:1
1786477101.211760 s1e1-b3a16e41:1 s2e1-9f23d8fd:1 s3e1-90ff1266:1
1786477101.234771 s1e1-b3a16e41:1 s2e1-9f23d8fd:1 s3e1-90ff1266:1
1786477101.257821 s1e1-b3a16e41:1 s2e1-9f23d8fd:1 s3e1-90ff1266:1
1786477101.281065 s1e1-b3a16e41:1 s2e1-9f23d8fd:1 s3e1-90ff1266:1
1786477101.306341 s2e1-9f23d8fd:1 s3e1-90ff1266:1
1786477101.329000 s2e1-9f23d8fd:1 s3e1-90ff1266:1
1786477101.351544 s2e1-9f23d8fd:1 s3e1-90ff1266:1
1786477101.374218 s2e1-9f23d8fd:1 s3e1-90ff1266:1 s4e1-b16c535e:54E
1786477101.430098 s2e1-9f23d8fd:1 s3e1-90ff1266:1 s4e1-b16c535e:1
1786477101.453128 s2e1-9f23d8fd:1 s3e1-90ff1266:1 s4e1-b16c535e:1
1786477101.476365 s2e1-9f23d8fd:1 s3e1-90ff1266:1 s4e1-b16c535e:1
1786477101.500779 s2e1-9f23d8fd:1 s3e1-90ff1266:1 s4e1-b16c535e:1
1786477101.524268 s2e1-9f23d8fd:1 s3e1-90ff1266:1 s4e1-b16c535e:1
1786477101.547657 s2e1-9f23d8fd:1 s3e1-90ff1266:1 s4e1-b16c535e:1
1786477101.571924 s3e1-90ff1266:1 s4e1-b16c535e:1 s5e1-a20594e7:64E
1786477101.640939 s3e1-90ff1266:1 s4e1-b16c535e:1 s5e1-a20594e7:1
1786477101.663938 s3e1-90ff1266:1 s4e1-b16c535e:1 s5e1-a20594e7:1
1786477101.687073 s3e1-90ff1266:1 s4e1-b16c535e:1 s5e1-a20594e7:1
1786477101.710326 s3e1-90ff1266:1 s4e1-b16c535e:1 s5e1-a20594e7:1
1786477101.733235 s3e1-90ff1266:1 s4e1-b16c535e:1 s5e1-a20594e7:1
1786477101.756505 s3e1-90ff1266:1 s4e1-b16c535e:1 s5e1-a20594e7:1
1786477101.781798 s4e1-b16c535e:1 s5e1-a20594e7:1
1786477101.804318 s4e1-b16c535e:1 s5e1-a20594e7:1
1786477101.826412 s4e1-b16c535e:1 s5e1-a20594e7:1
1786477101.848840 s4e1-b16c535e:1 s5e1-a20594e7:1 s6e1-bfb0bab6:54E
1786477101.904419 s4e1-b16c535e:1 s5e1-a20594e7:1 s6e1-bfb0bab6:1
1786477101.927261 s4e1-b16c535e:1 s5e1-a20594e7:1 s6e1-bfb0bab6:1
1786477101.950314 s4e1-b16c535e:1 s5e1-a20594e7:1 s6e1-bfb0bab6:1
1786477101.974896 s4e1-b16c535e:1 s5e1-a20594e7:1 s6e1-bfb0bab6:1
1786477101.998170 s4e1-b16c535e:1 s5e1-a20594e7:1 s6e1-bfb0bab6:1
1786477102.021317 s4e1-b16c535e:1 s5e1-a20594e7:1 s6e1-bfb0bab6:1
1786477102.045020 s4e1-b16c535e:1 s5e1-a20594e7:1 s6e1-bfb0bab6:1 s7e1-865d313a:63E
1786477102.114059 s5e1-a20594e7:1 s6e1-bfb0bab6:1 s7e1-865d313a:1
1786477102.137476 s5e1-a20594e7:1 s6e1-bfb0bab6:1 s7e1-865d313a:1
1786477102.160399 s5e1-a20594e7:1 s6e1-bfb0bab6:1 s7e1-865d313a:1
1786477102.183586 s5e1-a20594e7:1 s6e1-bfb0bab6:1 s7e1-865d313a:1
1786477102.206390 s5e1-a20594e7:1 s6e1-bfb0bab6:1 s7e1-865d313a:1
1786477102.229439 s5e1-a20594e7:1 s6e1-bfb0bab6:1 s7e1-865d313a:1
1786477102.252556 s5e1-a20594e7:1 s6e1-bfb0bab6:1 s7e1-865d313a:1
1786477102.276664 s6e1-bfb0bab6:1 s7e1-865d313a:1
1786477102.300811 s6e1-bfb0bab6:1 s7e1-865d313a:1
1786477102.323117 s6e1-bfb0bab6:1 s7e1-865d313a:1
1786477102.345336 s6e1-bfb0bab6:1 s7e1-865d313a:1
1786477102.367891 s6e1-bfb0bab6:1 s7e1-865d313a:1 s8e1-91f4c90a:57E
1786477102.425151 s6e1-bfb0bab6:1 s7e1-865d313a:1 s8e1-91f4c90a:1
1786477102.447949 s6e1-bfb0bab6:1 s7e1-865d313a:1 s8e1-91f4c90a:1
1786477102.472110 s6e1-bfb0bab6:1 s7e1-865d313a:1 s8e1-91f4c90a:1
1786477102.495284 s6e1-bfb0bab6:1 s7e1-865d313a:1 s8e1-91f4c90a:1
1786477102.518924 s6e1-bfb0bab6:1 s7e1-865d313a:1 s8e1-91f4c90a:1
1786477102.543442 s7e1-865d313a:1 s8e1-91f4c90a:1 s1e1-b3a16e41:60E
1786477102.601602 s7e1-865d313a:1 s8e1-91f4c90a:1 s1e1-b3a16e41:1
1786477102.624871 s7e1-865d313a:1 s8e1-91f4c90a:1 s1e1-b3a16e41:1
1786477102.647838 s7e1-865d313a:1 s8e1-91f4c90a:1 s1e1-b3a16e41:1
1786477102.671064 s7e1-865d313a:1 s8e1-91f4c90a:1 s1e1-b3a16e41:1
1786477102.694401 s7e1-865d313a:1 s8e1-91f4c90a:1 s1e1-b3a16e41:1
1786477102.717522 s7e1-865d313a:1 s8e1-91f4c90a:1 s1e1-b3a16e41:1
1786477102.742782 s8e1-91f4c90a:1 s1e1-b3a16e41:1
1786477102.765280 s8e1-91f4c90a:1 s1e1-b3a16e41:1
1786477102.787586 s8e1-91f4c90a:1 s1e1-b3a16e41:1
1786477102.810157 s8e1-91f4c90a:1 s1e1-b3a16e41:1 s2e1-9f23d8fd:55E
1786477102.868364 s8e1-91f4c90a:1 s1e1-b3a16e41:1 s2e1-9f23d8fd:1
1786477102.891162 s8e1-91f4c90a:1 s1e1-b3a16e41:1 s2e1-9f23d8fd:1
1786477102.914086 s8e1-91f4c90a:1 s1e1-b3a16e41:1 s2e1-9f23d8fd:1
1786477102.937035 s8e1-91f4c90a:1 s1e1-b3a16e41:1 s2e1-9f23d8fd:1
1786477102.960059 s8e1-91f4c90a:1 s1e1-b3a16e41:1 s2e1-9f23d8fd:1
1786477102.984368 s8e1-91f4c90a:1 s1e1-b3a16e41:1 s2e1-9f23d8fd:1
1786477103.007403 s8e1-91f4c90a:1 s1e1-b3a16e41:1 s2e1-9f23d8fd:1
1786477103.030879 s8e1-91f4c90a:1 s1e1-b3a16e41:1 s2e1-9f23d8fd:1
1786477103.054849 s1e1-b3a16e41:1 s2e1-9f23d8fd:1 s3e1-90ff1266:64E
1786477103.123590 s1e1-b3a16e41:1 s2e1-9f23d8fd:1 s3e1-90ff1266:1
1786477103.146647 s1e1-b3a16e41:1 s2e1-9f23d8fd:1 s3e1-90ff1266:1
1786477103.169585 s1e1-b3a16e41:1 s2e1-9f23d8fd:1 s3e1-90ff1266:1
1786477103.192625 s1e1-b3a16e41:1 s2e1-9f23d8fd:1 s3e1-90ff1266:1
1786477103.215745 s1e1-b3a16e41:1 s2e1-9f23d8fd:1 s3e1-90ff1266:1
1786477103.240794 s2e1-9f23d8fd:1 s3e1-90ff1266:1
1786477103.263304 s2e1-9f23d8fd:1 s3e1-90ff1266:1
1786477103.285629 s2e1-9f23d8fd:1 s3e1-90ff1266:1
1786477103.308208 s2e1-9f23d8fd:1 s3e1-90ff1266:1 s4e1-b16c535e:67E
1786477103.377013 s2e1-9f23d8fd:1 s3e1-90ff1266:1 s4e1-b16c535e:1
1786477103.399815 s2e1-9f23d8fd:1 s3e1-90ff1266:1 s4e1-b16c535e:1
1786477103.422713 s2e1-9f23d8fd:1 s3e1-90ff1266:1 s4e1-b16c535e:1
1786477103.445554 s2e1-9f23d8fd:1 s3e1-90ff1266:1 s4e1-b16c535e:1
1786477103.468462 s2e1-9f23d8fd:1 s3e1-90ff1266:1 s4e1-b16c535e:1
1786477103.492696 s2e1-9f23d8fd:1 s3e1-90ff1266:1 s4e1-b16c535e:1
1786477103.516230 s3e1-90ff1266:1 s4e1-b16c535e:1
1786477103.538913 s3e1-90ff1266:1 s4e1-b16c535e:1
1786477103.561563 s3e1-90ff1266:1 s4e1-b16c535e:1 s5e1-a20594e7:61E
1786477103.620119 s3e1-90ff1266:1 s4e1-b16c535e:1 s5e1-a20594e7:1
1786477103.643272 s3e1-90ff1266:1 s4e1-b16c535e:1 s5e1-a20594e7:1
1786477103.666478 s3e1-90ff1266:1 s4e1-b16c535e:1 s5e1-a20594e7:1
1786477103.689750 s3e1-90ff1266:1 s4e1-b16c535e:1 s5e1-a20594e7:1
1786477103.712839 s3e1-90ff1266:1 s4e1-b16c535e:1 s5e1-a20594e7:1
1786477103.735797 s3e1-90ff1266:1 s4e1-b16c535e:1 s5e1-a20594e7:1
1786477103.759742 s4e1-b16c535e:1 s5e1-a20594e7:1
1786477103.782090 s4e1-b16c535e:1 s5e1-a20594e7:1
1786477103.804479 s4e1-b16c535e:1 s5e1-a20594e7:1
1786477103.828552 s4e1-b16c535e:1 s5e1-a20594e7:1
1786477103.850871 s4e1-b16c535e:1 s5e1-a20594e7:1
1786477103.873174 s4e1-b16c535e:1 s5e1-a20594e7:1
1786477103.895712 s4e1-b16c535e:1 s5e1-a20594e7:1 s6e1-bfb0bab6:67E
1786477103.963687 s4e1-b16c535e:1 s5e1-a20594e7:1 s6e1-bfb0bab6:1
1786477103.986459 s4e1-b16c535e:1 s5e1-a20594e7:1 s6e1-bfb0bab6:1
1786477104.009910 s5e1-a20594e7:1 s6e1-bfb0bab6:1
1786477104.033721 s5e1-a20594e7:1 s6e1-bfb0bab6:1
1786477104.056090 s5e1-a20594e7:1 s6e1-bfb0bab6:1
1786477104.078575 s5e1-a20594e7:1 s6e1-bfb0bab6:1
1786477104.101349 s5e1-a20594e7:1 s6e1-bfb0bab6:1 s7e1-865d313a:60E
1786477104.159878 s5e1-a20594e7:1 s6e1-bfb0bab6:1 s7e1-865d313a:1
1786477104.183091 s5e1-a20594e7:1 s6e1-bfb0bab6:1 s7e1-865d313a:1
1786477104.206240 s5e1-a20594e7:1 s6e1-bfb0bab6:1 s7e1-865d313a:1
1786477104.229454 s5e1-a20594e7:1 s6e1-bfb0bab6:1 s7e1-865d313a:1
1786477104.254666 s6e1-bfb0bab6:1 s7e1-865d313a:1
1786477104.277132 s6e1-bfb0bab6:1 s7e1-865d313a:1
1786477104.299626 s6e1-bfb0bab6:1 s7e1-865d313a:1
1786477104.322047 s6e1-bfb0bab6:1 s7e1-865d313a:1 s8e1-91f4c90a:54E
1786477104.377256 s6e1-bfb0bab6:1 s7e1-865d313a:1 s8e1-91f4c90a:1
1786477104.400101 s6e1-bfb0bab6:1 s7e1-865d313a:1 s8e1-91f4c90a:1
1786477104.423094 s6e1-bfb0bab6:1 s7e1-865d313a:1 s8e1-91f4c90a:1
1786477104.446077 s6e1-bfb0bab6:1 s7e1-865d313a:1 s8e1-91f4c90a:1
1786477104.469069 s6e1-bfb0bab6:1 s7e1-865d313a:1 s8e1-91f4c90a:1
1786477104.492087 s6e1-bfb0bab6:1 s7e1-865d313a:1 s8e1-91f4c90a:1
1786477104.516453 s6e1-bfb0bab6:1 s7e1-865d313a:1 s8e1-91f4c90a:1
1786477104.539544 s6e1-bfb0bab6:1 s7e1-865d313a:1 s8e1-91f4c90a:1
1786477104.562877 s6e1-bfb0bab6:1 s7e1-865d313a:1 s8e1-91f4c90a:1
1786477104.587109 s7e1-865d313a:1 s8e1-91f4c90a:1 s1e1-b3a16e41:57E
1786477104.646088 s7e1-865d313a:1 s8e1-91f4c90a:1 s1e1-b3a16e41:1
1786477104.669314 s7e1-865d313a:1 s8e1-91f4c90a:1 s1e1-b3a16e41:1
1786477104.692663 s7e1-865d313a:1 s8e1-91f4c90a:1 s1e1-b3a16e41:1
1786477104.715850 s7e1-865d313a:1 s8e1-91f4c90a:1 s1e1-b3a16e41:1
1786477104.741318 s7e1-865d313a:1 s8e1-91f4c90a:1 s1e1-b3a16e41:1
1786477104.764408 s7e1-865d313a:1 s8e1-91f4c90a:1 s1e1-b3a16e41:1
1786477104.788035 s8e1-91f4c90a:1 s1e1-b3a16e41:1
1786477104.810649 s8e1-91f4c90a:1 s1e1-b3a16e41:1 s2e1-9f23d8fd:68E
1786477104.879369 s8e1-91f4c90a:1 s1e1-b3a16e41:1 s2e1-9f23d8fd:1
1786477104.902061 s8e1-91f4c90a:1 s1e1-b3a16e41:1 s2e1-9f23d8fd:1
1786477104.924891 s8e1-91f4c90a:1 s1e1-b3a16e41:1 s2e1-9f23d8fd:1
1786477104.947759 s8e1-91f4c90a:1 s1e1-b3a16e41:1 s2e1-9f23d8fd:1
1786477104.970728 s8e1-91f4c90a:1 s1e1-b3a16e41:1 s2e1-9f23d8fd:1
1786477104.995069 s8e1-91f4c90a:1 s1e1-b3a16e41:1 s2e1-9f23d8fd:1
1786477105.018775 s1e1-b3a16e41:1 s2e1-9f23d8fd:1
1786477105.041368 s1e1-b3a16e41:1 s2e1-9f23d8fd:1
1786477105.064214 s1e1-b3a16e41:1 s2e1-9f23d8fd:1 s3e1-90ff1266:61E
1786477105.122378 s1e1-b3a16e41:1 s2e1-9f23d8fd:1 s3e1-90ff1266:1
1786477105.145399 s1e1-b3a16e41:1 s2e1-9f23d8fd:1 s3e1-90ff1266:1
1786477105.168605 s1e1-b3a16e41:1 s2e1-9f23d8fd:1 s3e1-90ff1266:1
1786477105.192003 s1e1-b3a16e41:1 s2e1-9f23d8fd:1 s3e1-90ff1266:1
1786477105.215070 s1e1-b3a16e41:1 s2e1-9f23d8fd:1 s3e1-90ff1266:1
1786477105.239743 s1e1-b3a16e41:1 s2e1-9f23d8fd:1 s3e1-90ff1266:1
1786477105.263193 s1e1-b3a16e41:1 s2e1-9f23d8fd:1 s3e1-90ff1266:1
1786477105.286790 s2e1-9f23d8fd:1 s3e1-90ff1266:1
1786477105.309690 s2e1-9f23d8fd:1 s3e1-90ff1266:1 s4e1-b16c535e:64E
1786477105.379668 s2e1-9f23d8fd:1 s3e1-90ff1266:1 s4e1-b16c535e:1
1786477105.402672 s2e1-9f23d8fd:1 s3e1-90ff1266:1 s4e1-b16c535e:1
1786477105.425553 s2e1-9f23d8fd:1 s3e1-90ff1266:1 s4e1-b16c535e:1
1786477105.448432 s2e1-9f23d8fd:1 s3e1-90ff1266:1 s4e1-b16c535e:1
1786477105.471338 s2e1-9f23d8fd:1 s3e1-90ff1266:1 s4e1-b16c535e:1
1786477105.495805 s2e1-9f23d8fd:1 s3e1-90ff1266:1 s4e1-b16c535e:1
1786477105.519636 s3e1-90ff1266:1 s4e1-b16c535e:1
1786477105.542170 s3e1-90ff1266:1 s4e1-b16c535e:1
1786477105.564996 s3e1-90ff1266:1 s4e1-b16c535e:1 s5e1-a20594e7:58E
1786477105.623650 s3e1-90ff1266:1 s4e1-b16c535e:1 s5e1-a20594e7:1
1786477105.647130 s3e1-90ff1266:1 s4e1-b16c535e:1 s5e1-a20594e7:1
1786477105.670266 s3e1-90ff1266:1 s4e1-b16c535e:1 s5e1-a20594e7:1
1786477105.693511 s3e1-90ff1266:1 s4e1-b16c535e:1 s5e1-a20594e7:1
1786477105.717011 s3e1-90ff1266:1 s4e1-b16c535e:1 s5e1-a20594e7:1
1786477105.742036 s3e1-90ff1266:1 s4e1-b16c535e:1 s5e1-a20594e7:1
1786477105.765995 s4e1-b16c535e:1 s5e1-a20594e7:1
1786477105.788687 s4e1-b16c535e:1 s5e1-a20594e7:1
1786477105.811272 s4e1-b16c535e:1 s5e1-a20594e7:1 s6e1-bfb0bab6:64E
1786477105.879951 s4e1-b16c535e:1 s5e1-a20594e7:1 s6e1-bfb0bab6:1
1786477105.902855 s4e1-b16c535e:1 s5e1-a20594e7:1 s6e1-bfb0bab6:1
1786477105.925829 s4e1-b16c535e:1 s5e1-a20594e7:1 s6e1-bfb0bab6:1
1786477105.950190 s4e1-b16c535e:1 s5e1-a20594e7:1 s6e1-bfb0bab6:1
1786477105.973209 s4e1-b16c535e:1 s5e1-a20594e7:1 s6e1-bfb0bab6:1
1786477105.996395 s4e1-b16c535e:1 s5e1-a20594e7:1 s6e1-bfb0bab6:1
1786477106.020551 s5e1-a20594e7:1 s6e1-bfb0bab6:1 s7e1-865d313a:57E
1786477106.079111 s5e1-a20594e7:1 s6e1-bfb0bab6:1 s7e1-865d313a:1
1786477106.102211 s5e1-a20594e7:1 s6e1-bfb0bab6:1 s7e1-865d313a:1
1786477106.125396 s5e1-a20594e7:1 s6e1-bfb0bab6:1 s7e1-865d313a:1
1786477106.148414 s5e1-a20594e7:1 s6e1-bfb0bab6:1 s7e1-865d313a:1
1786477106.171484 s5e1-a20594e7:1 s6e1-bfb0bab6:1 s7e1-865d313a:1
1786477106.194670 s5e1-a20594e7:1 s6e1-bfb0bab6:1 s7e1-865d313a:1
1786477106.218244 s5e1-a20594e7:1 s6e1-bfb0bab6:1 s7e1-865d313a:1
1786477106.241669 s5e1-a20594e7:1 s6e1-bfb0bab6:1 s7e1-865d313a:1
1786477106.267104 s6e1-bfb0bab6:1 s7e1-865d313a:1
1786477106.289772 s6e1-bfb0bab6:1 s7e1-865d313a:1
1786477106.312076 s6e1-bfb0bab6:1 s7e1-865d313a:1
1786477106.334781 s6e1-bfb0bab6:1 s7e1-865d313a:1 s8e1-91f4c90a:67E
1786477106.403068 s6e1-bfb0bab6:1 s7e1-865d313a:1 s8e1-91f4c90a:1
1786477106.425761 s6e1-bfb0bab6:1 s7e1-865d313a:1 s8e1-91f4c90a:1
1786477106.448593 s6e1-bfb0bab6:1 s7e1-865d313a:1 s8e1-91f4c90a:1
1786477106.472623 s6e1-bfb0bab6:1 s7e1-865d313a:1 s8e1-91f4c90a:1
1786477106.495649 s6e1-bfb0bab6:1 s7e1-865d313a:1 s8e1-91f4c90a:1
1786477106.519464 s7e1-865d313a:1 s8e1-91f4c90a:1
1786477106.542763 s7e1-865d313a:1 s8e1-91f4c90a:1 s1e1-b3a16e41:54E
1786477106.599613 s7e1-865d313a:1 s8e1-91f4c90a:1 s1e1-b3a16e41:1
1786477106.622761 s7e1-865d313a:1 s8e1-91f4c90a:1 s1e1-b3a16e41:1
1786477106.645914 s7e1-865d313a:1 s8e1-91f4c90a:1 s1e1-b3a16e41:1
1786477106.669150 s7e1-865d313a:1 s8e1-91f4c90a:1 s1e1-b3a16e41:1
1786477106.692554 s7e1-865d313a:1 s8e1-91f4c90a:1 s1e1-b3a16e41:1
1786477106.716543 s8e1-91f4c90a:1 s1e1-b3a16e41:1
1786477106.740412 s8e1-91f4c90a:1 s1e1-b3a16e41:1
1786477106.762773 s8e1-91f4c90a:1 s1e1-b3a16e41:1
1786477106.785089 s8e1-91f4c90a:1 s1e1-b3a16e41:1
1786477106.807671 s8e1-91f4c90a:1 s1e1-b3a16e41:1 s2e1-9f23d8fd:65E
1786477106.876424 s8e1-91f4c90a:1 s1e1-b3a16e41:1 s2e1-9f23d8fd:1
1786477106.899158 s8e1-91f4c90a:1 s1e1-b3a16e41:1 s2e1-9f23d8fd:1
1786477106.922053 s8e1-91f4c90a:1 s1e1-b3a16e41:1 s2e1-9f23d8fd:1
1786477106.945007 s8e1-91f4c90a:1 s1e1-b3a16e41:1 s2e1-9f23d8fd:1
1786477106.967920 s8e1-91f4c90a:1 s1e1-b3a16e41:1 s2e1-9f23d8fd:1
1786477106.992224 s8e1-91f4c90a:1 s1e1-b3a16e41:1 s2e1-9f23d8fd:1
1786477107.015202 s8e1-91f4c90a:1 s1e1-b3a16e41:1 s2e1-9f23d8fd:1
1786477107.039054 s1e1-b3a16e41:1 s2e1-9f23d8fd:1
1786477107.061948 s1e1-b3a16e41:1 s2e1-9f23d8fd:1 s3e1-90ff1266:58E
1786477107.120979 s1e1-b3a16e41:1 s2e1-9f23d8fd:1 s3e1-90ff1266:1
1786477107.144117 s1e1-b3a16e41:1 s2e1-9f23d8fd:1 s3e1-90ff1266:1
1786477107.167215 s1e1-b3a16e41:1 s2e1-9f23d8fd:1 s3e1-90ff1266:1
1786477107.190311 s1e1-b3a16e41:1 s2e1-9f23d8fd:1 s3e1-90ff1266:1
1786477107.213408 s1e1-b3a16e41:1 s2e1-9f23d8fd:1 s3e1-90ff1266:1
1786477107.237320 s2e1-9f23d8fd:1 s3e1-90ff1266:1
1786477107.259875 s2e1-9f23d8fd:1 s3e1-90ff1266:1
1786477107.282254 s2e1-9f23d8fd:1 s3e1-90ff1266:1
1786477107.306123 s2e1-9f23d8fd:1 s3e1-90ff1266:1
1786477107.328582 s2e1-9f23d8fd:1 s3e1-90ff1266:1
1786477107.351114 s2e1-9f23d8fd:1 s3e1-90ff1266:1
1786477107.373889 s2e1-9f23d8fd:1 s3e1-90ff1266:1 s4e1-b16c535e:61E
1786477107.433208 s2e1-9f23d8fd:1 s3e1-90ff1266:1 s4e1-b16c535e:1
1786477107.456191 s2e1-9f23d8fd:1 s3e1-90ff1266:1 s4e1-b16c535e:1
1786477107.479399 s2e1-9f23d8fd:1 s3e1-90ff1266:1 s4e1-b16c535e:1
1786477107.503125 s3e1-90ff1266:1 s4e1-b16c535e:1
1786477107.526839 s3e1-90ff1266:1 s4e1-b16c535e:1
1786477107.549071 s3e1-90ff1266:1 s4e1-b16c535e:1
1786477107.571534 s3e1-90ff1266:1 s4e1-b16c535e:1
1786477107.594243 s3e1-90ff1266:1 s4e1-b16c535e:1 s5e1-a20594e7:55E
1786477107.652406 s3e1-90ff1266:1 s4e1-b16c535e:1 s5e1-a20594e7:1
1786477107.675789 s3e1-90ff1266:1 s4e1-b16c535e:1 s5e1-a20594e7:1
1786477107.699739 s3e1-90ff1266:1 s4e1-b16c535e:1 s5e1-a20594e7:1
1786477107.722666 s3e1-90ff1266:1 s4e1-b16c535e:1 s5e1-a20594e7:1
1786477107.746454 s4e1-b16c535e:1 s5e1-a20594e7:1
1786477107.768690 s4e1-b16c535e:1 s5e1-a20594e7:1
1786477107.791007 s4e1-b16c535e:1 s5e1-a20594e7:1
1786477107.814929 s4e1-b16c535e:1 s5e1-a20594e7:1
1786477107.837187 s4e1-b16c535e:1 s5e1-a20594e7:1
1786477107.859652 s4e1-b16c535e:1 s5e1-a20594e7:1
1786477107.882204 s4e1-b16c535e:1 s5e1-a20594e7:1 s6e1-bfb0bab6:61E
1786477107.941551 s4e1-b16c535e:1 s5e1-a20594e7:1 s6e1-bfb0bab6:1
1786477107.964409 s4e1-b16c535e:1 s5e1-a20594e7:1 s6e1-bfb0bab6:1
1786477107.989649 s4e1-b16c535e:1 s5e1-a20594e7:1 s6e1-bfb0bab6:1
1786477108.013026 s4e1-b16c535e:1 s5e1-a20594e7:1 s6e1-bfb0bab6:1
1786477108.036293 s4e1-b16c535e:1 s5e1-a20594e7:1 s6e1-bfb0bab6:1
1786477108.060480 s5e1-a20594e7:1 s6e1-bfb0bab6:1 s7e1-865d313a:54E
1786477108.116673 s5e1-a20594e7:1 s6e1-bfb0bab6:1 s7e1-865d313a:1
1786477108.139900 s5e1-a20594e7:1 s6e1-bfb0bab6:1 s7e1-865d313a:1
1786477108.163137 s5e1-a20594e7:1 s6e1-bfb0bab6:1 s7e1-865d313a:1
1786477108.186288 s5e1-a20594e7:1 s6e1-bfb0bab6:1 s7e1-865d313a:1
1786477108.209373 s5e1-a20594e7:1 s6e1-bfb0bab6:1 s7e1-865d313a:1
1786477108.232476 s5e1-a20594e7:1 s6e1-bfb0bab6:1 s7e1-865d313a:1
1786477108.255689 s5e1-a20594e7:1 s6e1-bfb0bab6:1 s7e1-865d313a:1
1786477108.281008 s6e1-bfb0bab6:1 s7e1-865d313a:1
1786477108.303648 s6e1-bfb0bab6:1 s7e1-865d313a:1
1786477108.326123 s6e1-bfb0bab6:1 s7e1-865d313a:1
1786477108.348858 s6e1-bfb0bab6:1 s7e1-865d313a:1 s8e1-91f4c90a:64E
1786477108.417437 s6e1-bfb0bab6:1 s7e1-865d313a:1 s8e1-91f4c90a:1
1786477108.440140 s6e1-bfb0bab6:1 s7e1-865d313a:1 s8e1-91f4c90a:1
1786477108.463053 s6e1-bfb0bab6:1 s7e1-865d313a:1 s8e1-91f4c90a:1
1786477108.485929 s6e1-bfb0bab6:1 s7e1-865d313a:1 s8e1-91f4c90a:1
1786477108.510230 s6e1-bfb0bab6:1 s7e1-865d313a:1 s8e1-91f4c90a:1
1786477108.533514 s6e1-bfb0bab6:1 s7e1-865d313a:1 s8e1-91f4c90a:1
1786477108.556979 s6e1-bfb0bab6:1 s7e1-865d313a:1 s8e1-91f4c90a:1
1786477108.581212 s7e1-865d313a:1 s8e1-91f4c90a:1 s1e1-b3a16e41:67E
1786477108.650702 s7e1-865d313a:1 s8e1-91f4c90a:1 s1e1-b3a16e41:1
1786477108.673730 s7e1-865d313a:1 s8e1-91f4c90a:1 s1e1-b3a16e41:1
1786477108.696929 s7e1-865d313a:1 s8e1-91f4c90a:1 s1e1-b3a16e41:1
1786477108.720026 s7e1-865d313a:1 s8e1-91f4c90a:1 s1e1-b3a16e41:1
1786477108.743127 s7e1-865d313a:1 s8e1-91f4c90a:1 s1e1-b3a16e41:1
1786477108.766995 s8e1-91f4c90a:1 s1e1-b3a16e41:1
1786477108.791226 s8e1-91f4c90a:1 s1e1-b3a16e41:1
1786477108.813466 s8e1-91f4c90a:1 s1e1-b3a16e41:1
1786477108.835826 s8e1-91f4c90a:1 s1e1-b3a16e41:1
1786477108.858477 s8e1-91f4c90a:1 s1e1-b3a16e41:1 s2e1-9f23d8fd:62E
1786477108.914781 s8e1-91f4c90a:1 s1e1-b3a16e41:1 s2e1-9f23d8fd:1
1786477108.937710 s8e1-91f4c90a:1 s1e1-b3a16e41:1 s2e1-9f23d8fd:1
1786477108.961012 s8e1-91f4c90a:1 s1e1-b3a16e41:1 s2e1-9f23d8fd:1
1786477108.983956 s8e1-91f4c90a:1 s1e1-b3a16e41:1 s2e1-9f23d8fd:1
1786477109.008245 s8e1-91f4c90a:1 s1e1-b3a16e41:1 s2e1-9f23d8fd:1
1786477109.031443 s8e1-91f4c90a:1 s1e1-b3a16e41:1 s2e1-9f23d8fd:1
1786477109.055327 s1e1-b3a16e41:1 s2e1-9f23d8fd:1
1786477109.078304 s1e1-b3a16e41:1 s2e1-9f23d8fd:1 s3e1-90ff1266:55E
1786477109.136484 s1e1-b3a16e41:1 s2e1-9f23d8fd:1 s3e1-90ff1266:1
1786477109.159553 s1e1-b3a16e41:1 s2e1-9f23d8fd:1 s3e1-90ff1266:1
1786477109.182692 s1e1-b3a16e41:1 s2e1-9f23d8fd:1 s3e1-90ff1266:1
1786477109.205816 s1e1-b3a16e41:1 s2e1-9f23d8fd:1 s3e1-90ff1266:1
1786477109.228993 s1e1-b3a16e41:1 s2e1-9f23d8fd:1 s3e1-90ff1266:1
1786477109.252328 s1e1-b3a16e41:1 s2e1-9f23d8fd:1 s3e1-90ff1266:1
1786477109.277596 s2e1-9f23d8fd:1 s3e1-90ff1266:1
1786477109.300280 s2e1-9f23d8fd:1 s3e1-90ff1266:1
1786477109.322777 s2e1-9f23d8fd:1 s3e1-90ff1266:1
1786477109.345601 s2e1-9f23d8fd:1 s3e1-90ff1266:1 s4e1-b16c535e:58E
1786477109.404048 s2e1-9f23d8fd:1 s3e1-90ff1266:1 s4e1-b16c535e:1
1786477109.427000 s2e1-9f23d8fd:1 s3e1-90ff1266:1 s4e1-b16c535e:1
1786477109.449940 s2e1-9f23d8fd:1 s3e1-90ff1266:1 s4e1-b16c535e:1
1786477109.472915 s2e1-9f23d8fd:1 s3e1-90ff1266:1 s4e1-b16c535e:1
1786477109.497468 s2e1-9f23d8fd:1 s3e1-90ff1266:1 s4e1-b16c535e:1
1786477109.520804 s2e1-9f23d8fd:1 s3e1-90ff1266:1 s4e1-b16c535e:1
1786477109.545037 s3e1-90ff1266:1 s4e1-b16c535e:1
1786477109.568023 s3e1-90ff1266:1 s4e1-b16c535e:1 s5e1-a20594e7:68E
1786477109.636994 s3e1-90ff1266:1 s4e1-b16c535e:1 s5e1-a20594e7:1
1786477109.660062 s3e1-90ff1266:1 s4e1-b16c535e:1 s5e1-a20594e7:1
1786477109.683209 s3e1-90ff1266:1 s4e1-b16c535e:1 s5e1-a20594e7:1
1786477109.706318 s3e1-90ff1266:1 s4e1-b16c535e:1 s5e1-a20594e7:1
1786477109.729414 s3e1-90ff1266:1 s4e1-b16c535e:1 s5e1-a20594e7:1
1786477109.752622 s3e1-90ff1266:1 s4e1-b16c535e:1 s5e1-a20594e7:1
1786477109.778031 s4e1-b16c535e:1 s5e1-a20594e7:1
1786477109.800463 s4e1-b16c535e:1 s5e1-a20594e7:1
1786477109.822798 s4e1-b16c535e:1 s5e1-a20594e7:1
1786477109.845371 s4e1-b16c535e:1 s5e1-a20594e7:1 s6e1-bfb0bab6:58E
1786477109.903606 s4e1-b16c535e:1 s5e1-a20594e7:1 s6e1-bfb0bab6:1
1786477109.926436 s4e1-b16c535e:1 s5e1-a20594e7:1 s6e1-bfb0bab6:1
1786477109.949547 s4e1-b16c535e:1 s5e1-a20594e7:1 s6e1-bfb0bab6:1
1786477109.972380 s4e1-b16c535e:1 s5e1-a20594e7:1 s6e1-bfb0bab6:1
1786477109.995667 s4e1-b16c535e:1 s5e1-a20594e7:1 s6e1-bfb0bab6:1
1786477110.020131 s4e1-b16c535e:1 s5e1-a20594e7:1 s6e1-bfb0bab6:1
1786477110.044111 s5e1-a20594e7:1 s6e1-bfb0bab6:1
1786477110.066713 s5e1-a20594e7:1 s6e1-bfb0bab6:1
1786477110.089523 s5e1-a20594e7:1 s6e1-bfb0bab6:1 s7e1-865d313a:67E
1786477110.158542 s5e1-a20594e7:1 s6e1-bfb0bab6:1 s7e1-865d313a:1
1786477110.181476 s5e1-a20594e7:1 s6e1-bfb0bab6:1 s7e1-865d313a:1
1786477110.204583 s5e1-a20594e7:1 s6e1-bfb0bab6:1 s7e1-865d313a:1
1786477110.227659 s5e1-a20594e7:1 s6e1-bfb0bab6:1 s7e1-865d313a:1
1786477110.250855 s5e1-a20594e7:1 s6e1-bfb0bab6:1 s7e1-865d313a:1
1786477110.274999 s6e1-bfb0bab6:1 s7e1-865d313a:1
1786477110.299082 s6e1-bfb0bab6:1 s7e1-865d313a:1
1786477110.321368 s6e1-bfb0bab6:1 s7e1-865d313a:1
1786477110.343737 s6e1-bfb0bab6:1 s7e1-865d313a:1
1786477110.366306 s6e1-bfb0bab6:1 s7e1-865d313a:1 s8e1-91f4c90a:61E
1786477110.424705 s6e1-bfb0bab6:1 s7e1-865d313a:1 s8e1-91f4c90a:1
1786477110.447563 s6e1-bfb0bab6:1 s7e1-865d313a:1 s8e1-91f4c90a:1
1786477110.470627 s6e1-bfb0bab6:1 s7e1-865d313a:1 s8e1-91f4c90a:1
1786477110.493838 s6e1-bfb0bab6:1 s7e1-865d313a:1 s8e1-91f4c90a:1
1786477110.516891 s6e1-bfb0bab6:1 s7e1-865d313a:1 s8e1-91f4c90a:1
1786477110.542275 s7e1-865d313a:1 s8e1-91f4c90a:1
1786477110.564707 s7e1-865d313a:1 s8e1-91f4c90a:1
1786477110.587136 s7e1-865d313a:1 s8e1-91f4c90a:1
1786477110.609895 s7e1-865d313a:1 s8e1-91f4c90a:1 s1e1-b3a16e41:64E
1786477110.678541 s7e1-865d313a:1 s8e1-91f4c90a:1 s1e1-b3a16e41:1
1786477110.701585 s7e1-865d313a:1 s8e1-91f4c90a:1 s1e1-b3a16e41:1
1786477110.724686 s7e1-865d313a:1 s8e1-91f4c90a:1 s1e1-b3a16e41:1
1786477110.749196 s7e1-865d313a:1 s8e1-91f4c90a:1 s1e1-b3a16e41:1
1786477110.772454 s7e1-865d313a:1 s8e1-91f4c90a:1 s1e1-b3a16e41:1
1786477110.796360 s8e1-91f4c90a:1 s1e1-b3a16e41:1
1786477110.819289 s8e1-91f4c90a:1 s1e1-b3a16e41:1 s2e1-9f23d8fd:59E
1786477110.878716 s8e1-91f4c90a:1 s1e1-b3a16e41:1 s2e1-9f23d8fd:1
1786477110.901517 s8e1-91f4c90a:1 s1e1-b3a16e41:1 s2e1-9f23d8fd:1
1786477110.924586 s8e1-91f4c90a:1 s1e1-b3a16e41:1 s2e1-9f23d8fd:1
1786477110.947733 s8e1-91f4c90a:1 s1e1-b3a16e41:1 s2e1-9f23d8fd:1
1786477110.970634 s8e1-91f4c90a:1 s1e1-b3a16e41:1 s2e1-9f23d8fd:1
1786477110.995256 s8e1-91f4c90a:1 s1e1-b3a16e41:1 s2e1-9f23d8fd:1
1786477111.018492 s8e1-91f4c90a:1 s1e1-b3a16e41:1 s2e1-9f23d8fd:1
1786477111.041854 s8e1-91f4c90a:1 s1e1-b3a16e41:1 s2e1-9f23d8fd:1
1786477111.066129 s1e1-b3a16e41:1 s2e1-9f23d8fd:1 s3e1-90ff1266:68E
1786477111.136079 s1e1-b3a16e41:1 s2e1-9f23d8fd:1 s3e1-90ff1266:1
1786477111.159102 s1e1-b3a16e41:1 s2e1-9f23d8fd:1 s3e1-90ff1266:1
1786477111.182195 s1e1-b3a16e41:1 s2e1-9f23d8fd:1 s3e1-90ff1266:1
1786477111.205333 s1e1-b3a16e41:1 s2e1-9f23d8fd:1 s3e1-90ff1266:1
1786477111.228475 s1e1-b3a16e41:1 s2e1-9f23d8fd:1 s3e1-90ff1266:1
1786477111.251550 s1e1-b3a16e41:1 s2e1-9f23d8fd:1 s3e1-90ff1266:1
1786477111.274790 s1e1-b3a16e41:1 s2e1-9f23d8fd:1 s3e1-90ff1266:1
1786477111.299457 s1e1-b3a16e41:1 s2e1-9f23d8fd:1 s3e1-90ff1266:1
1786477111.323453 s2e1-9f23d8fd:1 s3e1-90ff1266:1
1786477111.346039 s2e1-9f23d8fd:1 s3e1-90ff1266:1
1786477111.368784 s2e1-9f23d8fd:1 s3e1-90ff1266:1 s4e1-b16c535e:55E
1786477111.427348 s2e1-9f23d8fd:1 s3e1-90ff1266:1 s4e1-b16c535e:1
1786477111.450419 s2e1-9f23d8fd:1 s3e1-90ff1266:1 s4e1-b16c535e:1
1786477111.474511 s2e1-9f23d8fd:1 s3e1-90ff1266:1 s4e1-b16c535e:1
1786477111.497778 s2e1-9f23d8fd:1 s3e1-90ff1266:1 s4e1-b16c535e:1
1786477111.521955 s3e1-90ff1266:1 s4e1-b16c535e:1
1786477111.545121 s3e1-90ff1266:1 s4e1-b16c535e:1 s5e1-a20594e7:65E
1786477111.614375 s3e1-90ff1266:1 s4e1-b16c535e:1 s5e1-a20594e7:1
1786477111.637360 s3e1-90ff1266:1 s4e1-b16c535e:1 s5e1-a20594e7:1
1786477111.660423 s3e1-90ff1266:1 s4e1-b16c535e:1 s5e1-a20594e7:1
1786477111.683497 s3e1-90ff1266:1 s4e1-b16c535e:1 s5e1-a20594e7:1
1786477111.706372 s3e1-90ff1266:1 s4e1-b16c535e:1 s5e1-a20594e7:1
1786477111.729388 s3e1-90ff1266:1 s4e1-b16c535e:1 s5e1-a20594e7:1
1786477111.752404 s3e1-90ff1266:1 s4e1-b16c535e:1 s5e1-a20594e7:1
1786477111.776091 s4e1-b16c535e:1 s5e1-a20594e7:1
1786477111.799604 s4e1-b16c535e:1 s5e1-a20594e7:1
1786477111.821831 s4e1-b16c535e:1 s5e1-a20594e7:1
1786477111.844162 s4e1-b16c535e:1 s5e1-a20594e7:1
1786477111.866830 s4e1-b16c535e:1 s5e1-a20594e7:1 s6e1-bfb0bab6:55E
1786477111.925618 s4e1-b16c535e:1 s5e1-a20594e7:1 s6e1-bfb0bab6:1
1786477111.948454 s4e1-b16c535e:1 s5e1-a20594e7:1 s6e1-bfb0bab6:1
1786477111.971524 s4e1-b16c535e:1 s5e1-a20594e7:1 s6e1-bfb0bab6:1
1786477111.995909 s4e1-b16c535e:1 s5e1-a20594e7:1 s6e1-bfb0bab6:1
1786477112.019263 s4e1-b16c535e:1 s5e1-a20594e7:1 s6e1-bfb0bab6:1
1786477112.042724 s4e1-b16c535e:1 s5e1-a20594e7:1 s6e1-bfb0bab6:1
1786477112.067184 s5e1-a20594e7:1 s6e1-bfb0bab6:1 s7e1-865d313a:64E
1786477112.136230 s5e1-a20594e7:1 s6e1-bfb0bab6:1 s7e1-865d313a:1
1786477112.159227 s5e1-a20594e7:1 s6e1-bfb0bab6:1 s7e1-865d313a:1
1786477112.182448 s5e1-a20594e7:1 s6e1-bfb0bab6:1 s7e1-865d313a:1
1786477112.205372 s5e1-a20594e7:1 s6e1-bfb0bab6:1 s7e1-865d313a:1
1786477112.228649 s5e1-a20594e7:1 s6e1-bfb0bab6:1 s7e1-865d313a:1
1786477112.252359 s6e1-bfb0bab6:1 s7e1-865d313a:1
1786477112.274765 s6e1-bfb0bab6:1 s7e1-865d313a:1
1786477112.298538 s6e1-bfb0bab6:1 s7e1-865d313a:1
1786477112.320951 s6e1-bfb0bab6:1 s7e1-865d313a:1
1786477112.343360 s6e1-bfb0bab6:1 s7e1-865d313a:1
1786477112.366106 s6e1-bfb0bab6:1 s7e1-865d313a:1 s8e1-91f4c90a:58E
1786477112.424840 s6e1-bfb0bab6:1 s7e1-865d313a:1 s8e1-91f4c90a:1
1786477112.447714 s6e1-bfb0bab6:1 s7e1-865d313a:1 s8e1-91f4c90a:1
1786477112.470763 s6e1-bfb0bab6:1 s7e1-865d313a:1 s8e1-91f4c90a:1
1786477112.493860 s6e1-bfb0bab6:1 s7e1-865d313a:1 s8e1-91f4c90a:1
1786477112.518514 s6e1-bfb0bab6:1 s7e1-865d313a:1 s8e1-91f4c90a:1
1786477112.541973 s6e1-bfb0bab6:1 s7e1-865d313a:1 s8e1-91f4c90a:1
1786477112.566105 s7e1-865d313a:1 s8e1-91f4c90a:1
1786477112.589030 s7e1-865d313a:1 s8e1-91f4c90a:1 s1e1-b3a16e41:61E
1786477112.648493 s7e1-865d313a:1 s8e1-91f4c90a:1 s1e1-b3a16e41:1
1786477112.671679 s7e1-865d313a:1 s8e1-91f4c90a:1 s1e1-b3a16e41:1
1786477112.695022 s7e1-865d313a:1 s8e1-91f4c90a:1 s1e1-b3a16e41:1
1786477112.718481 s7e1-865d313a:1 s8e1-91f4c90a:1 s1e1-b3a16e41:1
1786477112.741648 s7e1-865d313a:1 s8e1-91f4c90a:1 s1e1-b3a16e41:1
1786477112.765590 s8e1-91f4c90a:1 s1e1-b3a16e41:1
1786477112.788004 s8e1-91f4c90a:1 s1e1-b3a16e41:1
1786477112.810527 s8e1-91f4c90a:1 s1e1-b3a16e41:1
1786477112.834811 s8e1-91f4c90a:1 s1e1-b3a16e41:1
1786477112.857068 s8e1-91f4c90a:1 s1e1-b3a16e41:1
1786477112.879417 s8e1-91f4c90a:1 s1e1-b3a16e41:1
1786477112.902067 s8e1-91f4c90a:1 s1e1-b3a16e41:1 s2e1-9f23d8fd:56E
1786477112.961144 s8e1-91f4c90a:1 s1e1-b3a16e41:1 s2e1-9f23d8fd:1
1786477112.985371 s8e1-91f4c90a:1 s1e1-b3a16e41:1 s2e1-9f23d8fd:1
1786477113.008770 s8e1-91f4c90a:1 s1e1-b3a16e41:1 s2e1-9f23d8fd:1
1786477113.032179 s8e1-91f4c90a:1 s1e1-b3a16e41:1 s2e1-9f23d8fd:1
1786477113.056557 s1e1-b3a16e41:1 s2e1-9f23d8fd:1 s3e1-90ff1266:65E
1786477113.126637 s1e1-b3a16e41:1 s2e1-9f23d8fd:1 s3e1-90ff1266:1
1786477113.149725 s1e1-b3a16e41:1 s2e1-9f23d8fd:1 s3e1-90ff1266:1
1786477113.173124 s1e1-b3a16e41:1 s2e1-9f23d8fd:1 s3e1-90ff1266:1
1786477113.196415 s1e1-b3a16e41:1 s2e1-9f23d8fd:1 s3e1-90ff1266:1
1786477113.219526 s1e1-b3a16e41:1 s2e1-9f23d8fd:1 s3e1-90ff1266:1
1786477113.242851 s1e1-b3a16e41:1 s2e1-9f23d8fd:1 s3e1-90ff1266:1
1786477113.267656 s1e1-b3a16e41:1 s2e1-9f23d8fd:1 s3e1-90ff1266:1
1786477113.291540 s2e1-9f23d8fd:1 s3e1-90ff1266:1
1786477113.313958 s2e1-9f23d8fd:1 s3e1-90ff1266:1
1786477113.336590 s2e1-9f23d8fd:1 s3e1-90ff1266:1 s4e1-b16c535e:68E
1786477113.405767 s2e1-9f23d8fd:1 s3e1-90ff1266:1 s4e1-b16c535e:1
1786477113.428471 s2e1-9f23d8fd:1 s3e1-90ff1266:1 s4e1-b16c535e:1
1786477113.451510 s2e1-9f23d8fd:1 s3e1-90ff1266:1 s4e1-b16c535e:1
1786477113.476360 s2e1-9f23d8fd:1 s3e1-90ff1266:1 s4e1-b16c535e:1
1786477113.499625 s2e1-9f23d8fd:1 s3e1-90ff1266:1 s4e1-b16c535e:1
1786477113.523162 s2e1-9f23d8fd:1 s3e1-90ff1266:1 s4e1-b16c535e:1
1786477113.546737 s2e1-9f23d8fd:1 s3e1-90ff1266:1 s4e1-b16c535e:1 s5e1-a20594e7:62E
1786477113.616660 s2e1-9f23d8fd:1 s3e1-90ff1266:1 s4e1-b16c535e:1 s5e1-a20594e7:1
1786477113.639864 s2e1-9f23d8fd:1 s3e1-90ff1266:1 s4e1-b16c535e:1 s5e1-a20594e7:1
1786477113.663680 s3e1-90ff1266:1 s4e1-b16c535e:1 s5e1-a20594e7:1
1786477113.686940 s3e1-90ff1266:1 s4e1-b16c535e:1 s5e1-a20594e7:1
1786477113.710063 s3e1-90ff1266:1 s4e1-b16c535e:1 s5e1-a20594e7:1
1786477113.733848 s3e1-90ff1266:1 s4e1-b16c535e:1 s5e1-a20594e7:1
1786477113.759012 s3e1-90ff1266:1 s4e1-b16c535e:1 s5e1-a20594e7:1
1786477113.782748 s4e1-b16c535e:1 s5e1-a20594e7:1
1786477113.805207 s4e1-b16c535e:1 s5e1-a20594e7:1
1786477113.827898 s4e1-b16c535e:1 s5e1-a20594e7:1 s6e1-bfb0bab6:68E
1786477113.896971 s4e1-b16c535e:1 s5e1-a20594e7:1 s6e1-bfb0bab6:1
1786477113.919765 s4e1-b16c535e:1 s5e1-a20594e7:1 s6e1-bfb0bab6:1
1786477113.942719 s4e1-b16c535e:1 s5e1-a20594e7:1 s6e1-bfb0bab6:1
1786477113.965737 s4e1-b16c535e:1 s5e1-a20594e7:1 s6e1-bfb0bab6:1
1786477113.990142 s4e1-b16c535e:1 s5e1-a20594e7:1 s6e1-bfb0bab6:1
1786477114.013345 s4e1-b16c535e:1 s5e1-a20594e7:1 s6e1-bfb0bab6:1
1786477114.036733 s4e1-b16c535e:1 s5e1-a20594e7:1 s6e1-bfb0bab6:1
1786477114.061013 s5e1-a20594e7:1 s6e1-bfb0bab6:1 s7e1-865d313a:61E
1786477114.120419 s5e1-a20594e7:1 s6e1-bfb0bab6:1 s7e1-865d313a:1
1786477114.143495 s5e1-a20594e7:1 s6e1-bfb0bab6:1 s7e1-865d313a:1
1786477114.166637 s5e1-a20594e7:1 s6e1-bfb0bab6:1 s7e1-865d313a:1
1786477114.189965 s5e1-a20594e7:1 s6e1-bfb0bab6:1 s7e1-865d313a:1
1786477114.213313 s5e1-a20594e7:1 s6e1-bfb0bab6:1 s7e1-865d313a:1
1786477114.237966 s5e1-a20594e7:1 s6e1-bfb0bab6:1 s7e1-865d313a:1
1786477114.261972 s6e1-bfb0bab6:1 s7e1-865d313a:1
1786477114.284528 s6e1-bfb0bab6:1 s7e1-865d313a:1
1786477114.307097 s6e1-bfb0bab6:1 s7e1-865d313a:1 s8e1-91f4c90a:55E
1786477114.366056 s6e1-bfb0bab6:1 s7e1-865d313a:1 s8e1-91f4c90a:1
1786477114.389044 s6e1-bfb0bab6:1 s7e1-865d313a:1 s8e1-91f4c90a:1
1786477114.412004 s6e1-bfb0bab6:1 s7e1-865d313a:1 s8e1-91f4c90a:1
1786477114.435091 s6e1-bfb0bab6:1 s7e1-865d313a:1 s8e1-91f4c90a:1
1786477114.458211 s6e1-bfb0bab6:1 s7e1-865d313a:1 s8e1-91f4c90a:1
1786477114.481383 s6e1-bfb0bab6:1 s7e1-865d313a:1 s8e1-91f4c90a:1
1786477114.506273 s6e1-bfb0bab6:1 s7e1-865d313a:1 s8e1-91f4c90a:1
1786477114.530203 s7e1-865d313a:1 s8e1-91f4c90a:1
1786477114.552750 s7e1-865d313a:1 s8e1-91f4c90a:1
1786477114.575635 s7e1-865d313a:1 s8e1-91f4c90a:1 s1e1-b3a16e41:58E
1786477114.634986 s7e1-865d313a:1 s8e1-91f4c90a:1 s1e1-b3a16e41:1
1786477114.658299 s7e1-865d313a:1 s8e1-91f4c90a:1 s1e1-b3a16e41:1
1786477114.681458 s7e1-865d313a:1 s8e1-91f4c90a:1 s1e1-b3a16e41:1
1786477114.704531 s7e1-865d313a:1 s8e1-91f4c90a:1 s1e1-b3a16e41:1
1786477114.727757 s7e1-865d313a:1 s8e1-91f4c90a:1 s1e1-b3a16e41:1
1786477114.753989 s8e1-91f4c90a:1 s1e1-b3a16e41:1
1786477114.776456 s8e1-91f4c90a:1 s1e1-b3a16e41:1
1786477114.798863 s8e1-91f4c90a:1 s1e1-b3a16e41:1
1786477114.821724 s8e1-91f4c90a:1 s1e1-b3a16e41:1 s2e1-9f23d8fd:69E
1786477114.891531 s8e1-91f4c90a:1 s1e1-b3a16e41:1 s2e1-9f23d8fd:1
1786477114.914497 s8e1-91f4c90a:1 s1e1-b3a16e41:1 s2e1-9f23d8fd:1
1786477114.937480 s8e1-91f4c90a:1 s1e1-b3a16e41:1 s2e1-9f23d8fd:1
1786477114.960475 s8e1-91f4c90a:1 s1e1-b3a16e41:1 s2e1-9f23d8fd:1
1786477114.983416 s8e1-91f4c90a:1 s1e1-b3a16e41:1 s2e1-9f23d8fd:1
1786477115.008209 s1e1-b3a16e41:1 s2e1-9f23d8fd:1
1786477115.030510 s1e1-b3a16e41:1 s2e1-9f23d8fd:1
1786477115.053048 s1e1-b3a16e41:1 s2e1-9f23d8fd:1
1786477115.075742 s1e1-b3a16e41:1 s2e1-9f23d8fd:1 s3e1-90ff1266:62E
1786477115.133238 s1e1-b3a16e41:1 s2e1-9f23d8fd:1 s3e1-90ff1266:1
1786477115.156362 s1e1-b3a16e41:1 s2e1-9f23d8fd:1 s3e1-90ff1266:1
1786477115.179828 s1e1-b3a16e41:1 s2e1-9f23d8fd:1 s3e1-90ff1266:1
1786477115.202944 s1e1-b3a16e41:1 s2e1-9f23d8fd:1 s3e1-90ff1266:1
1786477115.226447 s1e1-b3a16e41:1 s2e1-9f23d8fd:1 s3e1-90ff1266:1
1786477115.252001 s1e1-b3a16e41:1 s2e1-9f23d8fd:1 s3e1-90ff1266:1
1786477115.275887 s2e1-9f23d8fd:1 s3e1-90ff1266:1
1786477115.298399 s2e1-9f23d8fd:1 s3e1-90ff1266:1
1786477115.321117 s2e1-9f23d8fd:1 s3e1-90ff1266:1 s4e1-b16c535e:65E
1786477115.390315 s2e1-9f23d8fd:1 s3e1-90ff1266:1 s4e1-b16c535e:1
1786477115.412935 s2e1-9f23d8fd:1 s3e1-90ff1266:1 s4e1-b16c535e:1
1786477115.435824 s2e1-9f23d8fd:1 s3e1-90ff1266:1 s4e1-b16c535e:1
1786477115.458728 s2e1-9f23d8fd:1 s3e1-90ff1266:1 s4e1-b16c535e:1
1786477115.481773 s2e1-9f23d8fd:1 s3e1-90ff1266:1 s4e1-b16c535e:1
1786477115.506357 s2e1-9f23d8fd:1 s3e1-90ff1266:1 s4e1-b16c535e:1
1786477115.530227 s3e1-90ff1266:1 s4e1-b16c535e:1
1786477115.552793 s3e1-90ff1266:1 s4e1-b16c535e:1
1786477115.575880 s3e1-90ff1266:1 s4e1-b16c535e:1 s5e1-a20594e7:59E
1786477115.635876 s3e1-90ff1266:1 s4e1-b16c535e:1 s5e1-a20594e7:1
1786477115.659267 s3e1-90ff1266:1 s4e1-b16c535e:1 s5e1-a20594e7:1
1786477115.682388 s3e1-90ff1266:1 s4e1-b16c535e:1 s5e1-a20594e7:1
1786477115.705480 s3e1-90ff1266:1 s4e1-b16c535e:1 s5e1-a20594e7:1
1786477115.728714 s3e1-90ff1266:1 s4e1-b16c535e:1 s5e1-a20594e7:1
1786477115.753496 s3e1-90ff1266:1 s4e1-b16c535e:1 s5e1-a20594e7:1
1786477115.777430 s4e1-b16c535e:1 s5e1-a20594e7:1
1786477115.800004 s4e1-b16c535e:1 s5e1-a20594e7:1
1786477115.822676 s4e1-b16c535e:1 s5e1-a20594e7:1 s6e1-bfb0bab6:65E
1786477115.891944 s4e1-b16c535e:1 s5e1-a20594e7:1 s6e1-bfb0bab6:1
1786477115.914640 s4e1-b16c535e:1 s5e1-a20594e7:1 s6e1-bfb0bab6:1
1786477115.937567 s4e1-b16c535e:1 s5e1-a20594e7:1 s6e1-bfb0bab6:1
1786477115.960547 s4e1-b16c535e:1 s5e1-a20594e7:1 s6e1-bfb0bab6:1
1786477115.983515 s4e1-b16c535e:1 s5e1-a20594e7:1 s6e1-bfb0bab6:1
1786477116.006577 s4e1-b16c535e:1 s5e1-a20594e7:1 s6e1-bfb0bab6:1
1786477116.030183 s5e1-a20594e7:1 s6e1-bfb0bab6:1
1786477116.054779 s5e1-a20594e7:1 s6e1-bfb0bab6:1
1786477116.076838 s5e1-a20594e7:1 s6e1-bfb0bab6:1
1786477116.099382 s5e1-a20594e7:1 s6e1-bfb0bab6:1
1786477116.122003 s5e1-a20594e7:1 s6e1-bfb0bab6:1 s7e1-865d313a:58E
1786477116.181419 s5e1-a20594e7:1 s6e1-bfb0bab6:1 s7e1-865d313a:1
1786477116.204687 s5e1-a20594e7:1 s6e1-bfb0bab6:1 s7e1-865d313a:1
1786477116.227834 s5e1-a20594e7:1 s6e1-bfb0bab6:1 s7e1-865d313a:1
1786477116.252748 s5e1-a20594e7:1 s6e1-bfb0bab6:1 s7e1-865d313a:1
1786477116.276911 s6e1-bfb0bab6:1 s7e1-865d313a:1
1786477116.299373 s6e1-bfb0bab6:1 s7e1-865d313a:1
1786477116.322140 s6e1-bfb0bab6:1 s7e1-865d313a:1 s8e1-91f4c90a:68E
1786477116.391616 s6e1-bfb0bab6:1 s7e1-865d313a:1 s8e1-91f4c90a:1
1786477116.414362 s6e1-bfb0bab6:1 s7e1-865d313a:1 s8e1-91f4c90a:1
1786477116.437252 s6e1-bfb0bab6:1 s7e1-865d313a:1 s8e1-91f4c90a:1
1786477116.460227 s6e1-bfb0bab6:1 s7e1-865d313a:1 s8e1-91f4c90a:1
1786477116.483210 s6e1-bfb0bab6:1 s7e1-865d313a:1 s8e1-91f4c90a:1
1786477116.506235 s6e1-bfb0bab6:1 s7e1-865d313a:1 s8e1-91f4c90a:1
1786477116.531212 s7e1-865d313a:1 s8e1-91f4c90a:1
1786477116.553754 s7e1-865d313a:1 s8e1-91f4c90a:1
1786477116.576218 s7e1-865d313a:1 s8e1-91f4c90a:1
1786477116.599000 s7e1-865d313a:1 s8e1-91f4c90a:1 s1e1-b3a16e41:55E
1786477116.658450 s7e1-865d313a:1 s8e1-91f4c90a:1 s1e1-b3a16e41:1
1786477116.681588 s7e1-865d313a:1 s8e1-91f4c90a:1 s1e1-b3a16e41:1
1786477116.704929 s7e1-865d313a:1 s8e1-91f4c90a:1 s1e1-b3a16e41:1
1786477116.728034 s7e1-865d313a:1 s8e1-91f4c90a:1 s1e1-b3a16e41:1
1786477116.752836 s7e1-865d313a:1 s8e1-91f4c90a:1 s1e1-b3a16e41:1
1786477116.776369 s7e1-865d313a:1 s8e1-91f4c90a:1 s1e1-b3a16e41:1
1786477116.799845 s7e1-865d313a:1 s8e1-91f4c90a:1 s1e1-b3a16e41:1
1786477116.823989 s8e1-91f4c90a:1 s1e1-b3a16e41:1 s2e1-9f23d8fd:66E
1786477116.894902 s8e1-91f4c90a:1 s1e1-b3a16e41:1 s2e1-9f23d8fd:1
1786477116.917685 s8e1-91f4c90a:1 s1e1-b3a16e41:1 s2e1-9f23d8fd:1
1786477116.940637 s8e1-91f4c90a:1 s1e1-b3a16e41:1 s2e1-9f23d8fd:1
1786477116.963602 s8e1-91f4c90a:1 s1e1-b3a16e41:1 s2e1-9f23d8fd:1
1786477116.987857 s8e1-91f4c90a:1 s1e1-b3a16e41:1 s2e1-9f23d8fd:1
1786477117.010988 s8e1-91f4c90a:1 s1e1-b3a16e41:1 s2e1-9f23d8fd:1
1786477117.034903 s1e1-b3a16e41:1 s2e1-9f23d8fd:1
1786477117.057886 s1e1-b3a16e41:1 s2e1-9f23d8fd:1 s3e1-90ff1266:59E
1786477117.117186 s1e1-b3a16e41:1 s2e1-9f23d8fd:1 s3e1-90ff1266:1
1786477117.140297 s1e1-b3a16e41:1 s2e1-9f23d8fd:1 s3e1-90ff1266:1
1786477117.163446 s1e1-b3a16e41:1 s2e1-9f23d8fd:1 s3e1-90ff1266:1
1786477117.186517 s1e1-b3a16e41:1 s2e1-9f23d8fd:1 s3e1-90ff1266:1
1786477117.209632 s1e1-b3a16e41:1 s2e1-9f23d8fd:1 s3e1-90ff1266:1
1786477117.233187 s1e1-b3a16e41:1 s2e1-9f23d8fd:1 s3e1-90ff1266:1
1786477117.257889 s1e1-b3a16e41:1 s2e1-9f23d8fd:1 s3e1-90ff1266:1
1786477117.281257 s1e1-b3a16e41:1 s2e1-9f23d8fd:1 s3e1-90ff1266:1
1786477117.305108 s2e1-9f23d8fd:1 s3e1-90ff1266:1
1786477117.327837 s2e1-9f23d8fd:1 s3e1-90ff1266:1 s4e1-b16c535e:62E
1786477117.385635 s2e1-9f23d8fd:1 s3e1-90ff1266:1 s4e1-b16c535e:1
1786477117.408632 s2e1-9f23d8fd:1 s3e1-90ff1266:1 s4e1-b16c535e:1
1786477117.431878 s2e1-9f23d8fd:1 s3e1-90ff1266:1 s4e1-b16c535e:1
1786477117.454838 s2e1-9f23d8fd:1 s3e1-90ff1266:1 s4e1-b16c535e:1
1786477117.478025 s2e1-9f23d8fd:1 s3e1-90ff1266:1 s4e1-b16c535e:1
1786477117.502441 s2e1-9f23d8fd:1 s3e1-90ff1266:1 s4e1-b16c535e:1
1786477117.526493 s3e1-90ff1266:1 s4e1-b16c535e:1
1786477117.549056 s3e1-90ff1266:1 s4e1-b16c535e:1
1786477117.571821 s3e1-90ff1266:1 s4e1-b16c535e:1 s5e1-a20594e7:56E
1786477117.631505 s3e1-90ff1266:1 s4e1-b16c535e:1 s5e1-a20594e7:1
1786477117.654637 s3e1-90ff1266:1 s4e1-b16c535e:1 s5e1-a20594e7:1
1786477117.677901 s3e1-90ff1266:1 s4e1-b16c535e:1 s5e1-a20594e7:1
1786477117.701103 s3e1-90ff1266:1 s4e1-b16c535e:1 s5e1-a20594e7:1
1786477117.724335 s3e1-90ff1266:1 s4e1-b16c535e:1 s5e1-a20594e7:1
1786477117.748323 s4e1-b16c535e:1 s5e1-a20594e7:1
1786477117.772179 s4e1-b16c535e:1 s5e1-a20594e7:1
1786477117.794669 s4e1-b16c535e:1 s5e1-a20594e7:1
1786477117.817139 s4e1-b16c535e:1 s5e1-a20594e7:1
1786477117.839794 s4e1-b16c535e:1 s5e1-a20594e7:1 s6e1-bfb0bab6:62E
1786477117.897293 s4e1-b16c535e:1 s5e1-a20594e7:1 s6e1-bfb0bab6:1
1786477117.920288 s4e1-b16c535e:1 s5e1-a20594e7:1 s6e1-bfb0bab6:1
1786477117.943511 s4e1-b16c535e:1 s5e1-a20594e7:1 s6e1-bfb0bab6:1
1786477117.967574 s4e1-b16c535e:1 s5e1-a20594e7:1 s6e1-bfb0bab6:1
1786477117.990738 s4e1-b16c535e:1 s5e1-a20594e7:1 s6e1-bfb0bab6:1
1786477118.014931 s5e1-a20594e7:1 s6e1-bfb0bab6:1
1786477118.038116 s5e1-a20594e7:1 s6e1-bfb0bab6:1 s7e1-865d313a:55E
1786477118.097320 s5e1-a20594e7:1 s6e1-bfb0bab6:1 s7e1-865d313a:1
1786477118.120527 s5e1-a20594e7:1 s6e1-bfb0bab6:1 s7e1-865d313a:1
1786477118.143732 s5e1-a20594e7:1 s6e1-bfb0bab6:1 s7e1-865d313a:1
1786477118.166827 s5e1-a20594e7:1 s6e1-bfb0bab6:1 s7e1-865d313a:1
1786477118.189960 s5e1-a20594e7:1 s6e1-bfb0bab6:1 s7e1-865d313a:1
1786477118.213093 s5e1-a20594e7:1 s6e1-bfb0bab6:1 s7e1-865d313a:1
1786477118.236403 s5e1-a20594e7:1 s6e1-bfb0bab6:1 s7e1-865d313a:1
1786477118.261718 s6e1-bfb0bab6:1 s7e1-865d313a:1
1786477118.284185 s6e1-bfb0bab6:1 s7e1-865d313a:1
1786477118.306772 s6e1-bfb0bab6:1 s7e1-865d313a:1
1786477118.329185 s6e1-bfb0bab6:1 s7e1-865d313a:1 s8e1-91f4c90a:65E
1786477118.399092 s6e1-bfb0bab6:1 s7e1-865d313a:1 s8e1-91f4c90a:1
1786477118.421772 s6e1-bfb0bab6:1 s7e1-865d313a:1 s8e1-91f4c90a:1
1786477118.445889 s6e1-bfb0bab6:1 s7e1-865d313a:1 s8e1-91f4c90a:1
1786477118.468945 s6e1-bfb0bab6:1 s7e1-865d313a:1 s8e1-91f4c90a:1
1786477118.492119 s6e1-bfb0bab6:1 s7e1-865d313a:1 s8e1-91f4c90a:1
1786477118.515973 s6e1-bfb0bab6:1 s7e1-865d313a:1 s8e1-91f4c90a:1 s1e1-b3a16e41:68E
1786477118.587040 s7e1-865d313a:1 s8e1-91f4c90a:1 s1e1-b3a16e41:1
1786477118.610456 s7e1-865d313a:1 s8e1-91f4c90a:1 s1e1-b3a16e41:1
1786477118.633733 s7e1-865d313a:1 s8e1-91f4c90a:1 s1e1-b3a16e41:1
1786477118.656961 s7e1-865d313a:1 s8e1-91f4c90a:1 s1e1-b3a16e41:1
1786477118.680232 s7e1-865d313a:1 s8e1-91f4c90a:1 s1e1-b3a16e41:1
1786477118.703489 s7e1-865d313a:1 s8e1-91f4c90a:1 s1e1-b3a16e41:1
1786477118.726625 s7e1-865d313a:1 s8e1-91f4c90a:1 s1e1-b3a16e41:1
1786477118.750668 s8e1-91f4c90a:1 s1e1-b3a16e41:1
1786477118.774684 s8e1-91f4c90a:1 s1e1-b3a16e41:1
1786477118.797194 s8e1-91f4c90a:1 s1e1-b3a16e41:1
1786477118.819719 s8e1-91f4c90a:1 s1e1-b3a16e41:1
1786477118.842565 s8e1-91f4c90a:1 s1e1-b3a16e41:1 s2e1-9f23d8fd:63E
1786477118.912747 s8e1-91f4c90a:1 s1e1-b3a16e41:1 s2e1-9f23d8fd:1
1786477118.935582 s8e1-91f4c90a:1 s1e1-b3a16e41:1 s2e1-9f23d8fd:1
1786477118.959664 s8e1-91f4c90a:1 s1e1-b3a16e41:1 s2e1-9f23d8fd:1
1786477118.982702 s8e1-91f4c90a:1 s1e1-b3a16e41:1 s2e1-9f23d8fd:1
1786477119.006087 s8e1-91f4c90a:1 s1e1-b3a16e41:1 s2e1-9f23d8fd:1
1786477119.029884 s8e1-91f4c90a:1 s1e1-b3a16e41:1 s2e1-9f23d8fd:1 s3e1-90ff1266:56E
1786477119.090510 s1e1-b3a16e41:1 s2e1-9f23d8fd:1 s3e1-90ff1266:1
1786477119.113954 s1e1-b3a16e41:1 s2e1-9f23d8fd:1 s3e1-90ff1266:1
1786477119.137187 s1e1-b3a16e41:1 s2e1-9f23d8fd:1 s3e1-90ff1266:1
1786477119.160300 s1e1-b3a16e41:1 s2e1-9f23d8fd:1 s3e1-90ff1266:1
1786477119.183364 s1e1-b3a16e41:1 s2e1-9f23d8fd:1 s3e1-90ff1266:1
1786477119.206414 s1e1-b3a16e41:1 s2e1-9f23d8fd:1 s3e1-90ff1266:1
1786477119.230175 s2e1-9f23d8fd:1 s3e1-90ff1266:1
1786477119.252714 s2e1-9f23d8fd:1 s3e1-90ff1266:1
1786477119.276608 s2e1-9f23d8fd:1 s3e1-90ff1266:1
1786477119.299193 s2e1-9f23d8fd:1 s3e1-90ff1266:1
1786477119.321510 s2e1-9f23d8fd:1 s3e1-90ff1266:1
1786477119.344229 s2e1-9f23d8fd:1 s3e1-90ff1266:1 s4e1-b16c535e:59E
1786477119.404161 s2e1-9f23d8fd:1 s3e1-90ff1266:1 s4e1-b16c535e:1
1786477119.427024 s2e1-9f23d8fd:1 s3e1-90ff1266:1 s4e1-b16c535e:1
1786477119.449981 s2e1-9f23d8fd:1 s3e1-90ff1266:1 s4e1-b16c535e:1
1786477119.473097 s2e1-9f23d8fd:1 s3e1-90ff1266:1 s4e1-b16c535e:1
1786477119.497617 s2e1-9f23d8fd:1 s3e1-90ff1266:1 s4e1-b16c535e:1
1786477119.520871 s2e1-9f23d8fd:1 s3e1-90ff1266:1 s4e1-b16c535e:1
1786477119.544704 s3e1-90ff1266:1 s4e1-b16c535e:1
1786477119.567411 s3e1-90ff1266:1 s4e1-b16c535e:1 s5e1-a20594e7:69E
1786477119.638188 s3e1-90ff1266:1 s4e1-b16c535e:1 s5e1-a20594e7:1
1786477119.661177 s3e1-90ff1266:1 s4e1-b16c535e:1 s5e1-a20594e7:1
1786477119.684353 s3e1-90ff1266:1 s4e1-b16c535e:1 s5e1-a20594e7:1
1786477119.707452 s3e1-90ff1266:1 s4e1-b16c535e:1 s5e1-a20594e7:1
1786477119.731315 s4e1-b16c535e:1 s5e1-a20594e7:1
1786477119.755501 s4e1-b16c535e:1 s5e1-a20594e7:1
1786477119.777847 s4e1-b16c535e:1 s5e1-a20594e7:1
1786477119.800353 s4e1-b16c535e:1 s5e1-a20594e7:1
1786477119.823168 s4e1-b16c535e:1 s5e1-a20594e7:1 s6e1-bfb0bab6:59E
1786477119.882186 s4e1-b16c535e:1 s5e1-a20594e7:1 s6e1-bfb0bab6:1
1786477119.905076 s4e1-b16c535e:1 s5e1-a20594e7:1 s6e1-bfb0bab6:1
1786477119.928185 s4e1-b16c535e:1 s5e1-a20594e7:1 s6e1-bfb0bab6:1
1786477119.951208 s4e1-b16c535e:1 s5e1-a20594e7:1 s6e1-bfb0bab6:1
1786477119.974340 s4e1-b16c535e:1 s5e1-a20594e7:1 s6e1-bfb0bab6:1
1786477119.997620 s4e1-b16c535e:1 s5e1-a20594e7:1 s6e1-bfb0bab6:1
1786477120.022141 s4e1-b16c535e:1 s5e1-a20594e7:1 s6e1-bfb0bab6:1
1786477120.046068 s5e1-a20594e7:1 s6e1-bfb0bab6:1
1786477120.068482 s5e1-a20594e7:1 s6e1-bfb0bab6:1
1786477120.091301 s5e1-a20594e7:1 s6e1-bfb0bab6:1 s7e1-865d313a:68E
1786477120.161895 s5e1-a20594e7:1 s6e1-bfb0bab6:1 s7e1-865d313a:1
1786477120.184810 s5e1-a20594e7:1 s6e1-bfb0bab6:1 s7e1-865d313a:1
1786477120.207784 s5e1-a20594e7:1 s6e1-bfb0bab6:1 s7e1-865d313a:1
1786477120.230798 s5e1-a20594e7:1 s6e1-bfb0bab6:1 s7e1-865d313a:1
1786477120.254087 s5e1-a20594e7:1 s6e1-bfb0bab6:1 s7e1-865d313a:1
1786477120.279832 s6e1-bfb0bab6:1 s7e1-865d313a:1
1786477120.302392 s6e1-bfb0bab6:1 s7e1-865d313a:1
1786477120.324849 s6e1-bfb0bab6:1 s7e1-865d313a:1
1786477120.347629 s6e1-bfb0bab6:1 s7e1-865d313a:1 s8e1-91f4c90a:62E
1786477120.406224 s6e1-bfb0bab6:1 s7e1-865d313a:1 s8e1-91f4c90a:1
1786477120.429214 s6e1-bfb0bab6:1 s7e1-865d313a:1 s8e1-91f4c90a:1
1786477120.452469 s6e1-bfb0bab6:1 s7e1-865d313a:1 s8e1-91f4c90a:1
1786477120.475526 s6e1-bfb0bab6:1 s7e1-865d313a:1 s8e1-91f4c90a:1
1786477120.499847 s6e1-bfb0bab6:1 s7e1-865d313a:1 s8e1-91f4c90a:1
1786477120.523688 s7e1-865d313a:1 s8e1-91f4c90a:1
1786477120.546271 s7e1-865d313a:1 s8e1-91f4c90a:1
1786477120.569184 s7e1-865d313a:1 s8e1-91f4c90a:1 s1e1-b3a16e41:65E
1786477120.640265 s7e1-865d313a:1 s8e1-91f4c90a:1 s1e1-b3a16e41:1
1786477120.663384 s7e1-865d313a:1 s8e1-91f4c90a:1 s1e1-b3a16e41:1
1786477120.686490 s7e1-865d313a:1 s8e1-91f4c90a:1 s1e1-b3a16e41:1
1786477120.709602 s7e1-865d313a:1 s8e1-91f4c90a:1 s1e1-b3a16e41:1
1786477120.732923 s7e1-865d313a:1 s8e1-91f4c90a:1 s1e1-b3a16e41:1
1786477120.756250 s7e1-865d313a:1 s8e1-91f4c90a:1 s1e1-b3a16e41:1
1786477120.779587 s7e1-865d313a:1 s8e1-91f4c90a:1 s1e1-b3a16e41:1
1786477120.804854 s8e1-91f4c90a:1 s1e1-b3a16e41:1
1786477120.827430 s8e1-91f4c90a:1 s1e1-b3a16e41:1
1786477120.849734 s8e1-91f4c90a:1 s1e1-b3a16e41:1
1786477120.872437 s8e1-91f4c90a:1 s1e1-b3a16e41:1 s2e1-9f23d8fd:60E
1786477120.932590 s8e1-91f4c90a:1 s1e1-b3a16e41:1 s2e1-9f23d8fd:1
1786477120.957149 s8e1-91f4c90a:1 s1e1-b3a16e41:1 s2e1-9f23d8fd:1
1786477120.980405 s8e1-91f4c90a:1 s1e1-b3a16e41:1 s2e1-9f23d8fd:1
1786477121.003790 s8e1-91f4c90a:1 s1e1-b3a16e41:1 s2e1-9f23d8fd:1
1786477121.027693 s8e1-91f4c90a:1 s1e1-b3a16e41:1 s2e1-9f23d8fd:1 s3e1-90ff1266:69E
1786477121.098958 s1e1-b3a16e41:1 s2e1-9f23d8fd:1 s3e1-90ff1266:1
1786477121.122266 s1e1-b3a16e41:1 s2e1-9f23d8fd:1 s3e1-90ff1266:1
1786477121.145359 s1e1-b3a16e41:1 s2e1-9f23d8fd:1 s3e1-90ff1266:1
1786477121.168376 s1e1-b3a16e41:1 s2e1-9f23d8fd:1 s3e1-90ff1266:1
1786477121.191514 s1e1-b3a16e41:1 s2e1-9f23d8fd:1 s3e1-90ff1266:1
1786477121.214661 s1e1-b3a16e41:1 s2e1-9f23d8fd:1 s3e1-90ff1266:1
1786477121.237764 s1e1-b3a16e41:1 s2e1-9f23d8fd:1 s3e1-90ff1266:1
1786477121.260975 s1e1-b3a16e41:1 s2e1-9f23d8fd:1 s3e1-90ff1266:1
1786477121.286352 s2e1-9f23d8fd:1 s3e1-90ff1266:1
1786477121.308741 s2e1-9f23d8fd:1 s3e1-90ff1266:1
1786477121.331267 s2e1-9f23d8fd:1 s3e1-90ff1266:1
1786477121.354112 s2e1-9f23d8fd:1 s3e1-90ff1266:1 s4e1-b16c535e:56E
1786477121.413855 s2e1-9f23d8fd:1 s3e1-90ff1266:1 s4e1-b16c535e:1
1786477121.436728 s2e1-9f23d8fd:1 s3e1-90ff1266:1 s4e1-b16c535e:1
1786477121.459805 s2e1-9f23d8fd:1 s3e1-90ff1266:1 s4e1-b16c535e:1
1786477121.484211 s2e1-9f23d8fd:1 s3e1-90ff1266:1 s4e1-b16c535e:1
1786477121.507512 s2e1-9f23d8fd:1 s3e1-90ff1266:1 s4e1-b16c535e:1
1786477121.530879 s2e1-9f23d8fd:1 s3e1-90ff1266:1 s4e1-b16c535e:1
1786477121.554859 s2e1-9f23d8fd:1 s3e1-90ff1266:1 s4e1-b16c535e:1 s5e1-a20594e7:66E
1786477121.626118 s3e1-90ff1266:1 s4e1-b16c535e:1 s5e1-a20594e7:1
1786477121.649559 s3e1-90ff1266:1 s4e1-b16c535e:1 s5e1-a20594e7:1
1786477121.672617 s3e1-90ff1266:1 s4e1-b16c535e:1 s5e1-a20594e7:1
1786477121.695859 s3e1-90ff1266:1 s4e1-b16c535e:1 s5e1-a20594e7:1
1786477121.719043 s3e1-90ff1266:1 s4e1-b16c535e:1 s5e1-a20594e7:1
1786477121.742907 s4e1-b16c535e:1 s5e1-a20594e7:1
1786477121.766889 s4e1-b16c535e:1 s5e1-a20594e7:1
1786477121.789175 s4e1-b16c535e:1 s5e1-a20594e7:1
1786477121.811670 s4e1-b16c535e:1 s5e1-a20594e7:1
1786477121.834275 s4e1-b16c535e:1 s5e1-a20594e7:1 s6e1-bfb0bab6:56E
1786477121.894092 s4e1-b16c535e:1 s5e1-a20594e7:1 s6e1-bfb0bab6:1
1786477121.916976 s4e1-b16c535e:1 s5e1-a20594e7:1 s6e1-bfb0bab6:1
1786477121.939977 s4e1-b16c535e:1 s5e1-a20594e7:1 s6e1-bfb0bab6:1
1786477121.964335 s4e1-b16c535e:1 s5e1-a20594e7:1 s6e1-bfb0bab6:1
1786477121.987839 s4e1-b16c535e:1 s5e1-a20594e7:1 s6e1-bfb0bab6:1
1786477122.011050 s4e1-b16c535e:1 s5e1-a20594e7:1 s6e1-bfb0bab6:1
1786477122.035052 s4e1-b16c535e:1 s5e1-a20594e7:1 s6e1-bfb0bab6:1 s7e1-865d313a:65E
1786477122.106408 s5e1-a20594e7:1 s6e1-bfb0bab6:1 s7e1-865d313a:1
1786477122.129879 s5e1-a20594e7:1 s6e1-bfb0bab6:1 s7e1-865d313a:1
1786477122.152930 s5e1-a20594e7:1 s6e1-bfb0bab6:1 s7e1-865d313a:1
1786477122.176116 s5e1-a20594e7:1 s6e1-bfb0bab6:1 s7e1-865d313a:1
1786477122.199298 s5e1-a20594e7:1 s6e1-bfb0bab6:1 s7e1-865d313a:1
1786477122.222398 s5e1-a20594e7:1 s6e1-bfb0bab6:1 s7e1-865d313a:1
1786477122.245558 s5e1-a20594e7:1 s6e1-bfb0bab6:1 s7e1-865d313a:1
1786477122.269404 s6e1-bfb0bab6:1 s7e1-865d313a:1
1786477122.293737 s6e1-bfb0bab6:1 s7e1-865d313a:1
1786477122.316080 s6e1-bfb0bab6:1 s7e1-865d313a:1
1786477122.338384 s6e1-bfb0bab6:1 s7e1-865d313a:1
1786477122.361004 s6e1-bfb0bab6:1 s7e1-865d313a:1 s8e1-91f4c90a:59E
1786477122.420359 s6e1-bfb0bab6:1 s7e1-865d313a:1 s8e1-91f4c90a:1
1786477122.443128 s6e1-bfb0bab6:1 s7e1-865d313a:1 s8e1-91f4c90a:1
1786477122.467413 s6e1-bfb0bab6:1 s7e1-865d313a:1 s8e1-91f4c90a:1
1786477122.490703 s6e1-bfb0bab6:1 s7e1-865d313a:1 s8e1-91f4c90a:1
1786477122.514222 s6e1-bfb0bab6:1 s7e1-865d313a:1 s8e1-91f4c90a:1
1786477122.538804 s7e1-865d313a:1 s8e1-91f4c90a:1 s1e1-b3a16e41:62E
1786477122.597232 s7e1-865d313a:1 s8e1-91f4c90a:1 s1e1-b3a16e41:1
1786477122.620465 s7e1-865d313a:1 s8e1-91f4c90a:1 s1e1-b3a16e41:1
1786477122.643828 s7e1-865d313a:1 s8e1-91f4c90a:1 s1e1-b3a16e41:1
1786477122.666914 s7e1-865d313a:1 s8e1-91f4c90a:1 s1e1-b3a16e41:1
1786477122.690095 s7e1-865d313a:1 s8e1-91f4c90a:1 s1e1-b3a16e41:1
1786477122.713263 s7e1-865d313a:1 s8e1-91f4c90a:1 s1e1-b3a16e41:1
1786477122.737206 s8e1-91f4c90a:1 s1e1-b3a16e41:1
1786477122.761503 s8e1-91f4c90a:1 s1e1-b3a16e41:1
1786477122.783869 s8e1-91f4c90a:1 s1e1-b3a16e41:1
1786477122.806391 s8e1-91f4c90a:1 s1e1-b3a16e41:1
1786477122.829119 s8e1-91f4c90a:1 s1e1-b3a16e41:1 s2e1-9f23d8fd:57E
1786477122.889090 s8e1-91f4c90a:1 s1e1-b3a16e41:1 s2e1-9f23d8fd:1
1786477122.911936 s8e1-91f4c90a:1 s1e1-b3a16e41:1 s2e1-9f23d8fd:1
1786477122.934903 s8e1-91f4c90a:1 s1e1-b3a16e41:1 s2e1-9f23d8fd:1
1786477122.957972 s8e1-91f4c90a:1 s1e1-b3a16e41:1 s2e1-9f23d8fd:1
1786477122.981104 s8e1-91f4c90a:1 s1e1-b3a16e41:1 s2e1-9f23d8fd:1
1786477123.006518 s8e1-91f4c90a:1 s1e1-b3a16e41:1 s2e1-9f23d8fd:1
1786477123.029913 s8e1-91f4c90a:1 s1e1-b3a16e41:1 s2e1-9f23d8fd:1
1786477123.054121 s1e1-b3a16e41:1 s2e1-9f23d8fd:1
1786477123.077199 s1e1-b3a16e41:1 s2e1-9f23d8fd:1 s3e1-90ff1266:66E
1786477123.147890 s1e1-b3a16e41:1 s2e1-9f23d8fd:1 s3e1-90ff1266:1
1786477123.170878 s1e1-b3a16e41:1 s2e1-9f23d8fd:1 s3e1-90ff1266:1
1786477123.194108 s1e1-b3a16e41:1 s2e1-9f23d8fd:1 s3e1-90ff1266:1
1786477123.217350 s1e1-b3a16e41:1 s2e1-9f23d8fd:1 s3e1-90ff1266:1
1786477123.241177 s2e1-9f23d8fd:1 s3e1-90ff1266:1
1786477123.263458 s2e1-9f23d8fd:1 s3e1-90ff1266:1
1786477123.285878 s2e1-9f23d8fd:1 s3e1-90ff1266:1
1786477123.309553 s2e1-9f23d8fd:1 s3e1-90ff1266:1
1786477123.331878 s2e1-9f23d8fd:1 s3e1-90ff1266:1
1786477123.354393 s2e1-9f23d8fd:1 s3e1-90ff1266:1
1786477123.377172 s2e1-9f23d8fd:1 s3e1-90ff1266:1 s4e1-b16c535e:69E
1786477123.447363 s2e1-9f23d8fd:1 s3e1-90ff1266:1 s4e1-b16c535e:1
1786477123.471399 s2e1-9f23d8fd:1 s3e1-90ff1266:1 s4e1-b16c535e:1
1786477123.494595 s2e1-9f23d8fd:1 s3e1-90ff1266:1 s4e1-b16c535e:1
1786477123.518268 s2e1-9f23d8fd:1 s3e1-90ff1266:1 s4e1-b16c535e:1
1786477123.542582 s3e1-90ff1266:1 s4e1-b16c535e:1 s5e1-a20594e7:63E
1786477123.613595 s3e1-90ff1266:1 s4e1-b16c535e:1 s5e1-a20594e7:1
1786477123.636871 s3e1-90ff1266:1 s4e1-b16c535e:1 s5e1-a20594e7:1
1786477123.659803 s3e1-90ff1266:1 s4e1-b16c535e:1 s5e1-a20594e7:1
1786477123.682935 s3e1-90ff1266:1 s4e1-b16c535e:1 s5e1-a20594e7:1
1786477123.706106 s3e1-90ff1266:1 s4e1-b16c535e:1 s5e1-a20594e7:1
1786477123.729630 s3e1-90ff1266:1 s4e1-b16c535e:1 s5e1-a20594e7:1
1786477123.753355 s3e1-90ff1266:1 s4e1-b16c535e:1 s5e1-a20594e7:1
1786477123.776741 s3e1-90ff1266:1 s4e1-b16c535e:1 s5e1-a20594e7:1
1786477123.802343 s4e1-b16c535e:1 s5e1-a20594e7:1
1786477123.825231 s4e1-b16c535e:1 s5e1-a20594e7:1
1786477123.847659 s4e1-b16c535e:1 s5e1-a20594e7:1
1786477123.870501 s4e1-b16c535e:1 s5e1-a20594e7:1 s6e1-bfb0bab6:69E
1786477123.941514 s4e1-b16c535e:1 s5e1-a20594e7:1 s6e1-bfb0bab6:1
1786477123.964312 s4e1-b16c535e:1 s5e1-a20594e7:1 s6e1-bfb0bab6:1
1786477123.988764 s4e1-b16c535e:1 s5e1-a20594e7:1 s6e1-bfb0bab6:1
1786477124.012131 s4e1-b16c535e:1 s5e1-a20594e7:1 s6e1-bfb0bab6:1
1786477124.035823 s4e1-b16c535e:1 s5e1-a20594e7:1 s6e1-bfb0bab6:1
1786477124.059860 s4e1-b16c535e:1 s5e1-a20594e7:1 s6e1-bfb0bab6:1 s7e1-865d313a:62E
1786477124.130556 s4e1-b16c535e:1 s5e1-a20594e7:1 s6e1-bfb0bab6:1 s7e1-865d313a:1
1786477124.154425 s5e1-a20594e7:1 s6e1-bfb0bab6:1 s7e1-865d313a:1
1786477124.177824 s5e1-a20594e7:1 s6e1-bfb0bab6:1 s7e1-865d313a:1
1786477124.200867 s5e1-a20594e7:1 s6e1-bfb0bab6:1 s7e1-865d313a:1
1786477124.224265 s5e1-a20594e7:1 s6e1-bfb0bab6:1 s7e1-865d313a:1
1786477124.247688 s5e1-a20594e7:1 s6e1-bfb0bab6:1 s7e1-865d313a:1
1786477124.271695 s6e1-bfb0bab6:1 s7e1-865d313a:1
1786477124.296025 s6e1-bfb0bab6:1 s7e1-865d313a:1
1786477124.319016 s6e1-bfb0bab6:1 s7e1-865d313a:1
1786477124.341745 s6e1-bfb0bab6:1 s7e1-865d313a:1
1786477124.364778 s6e1-bfb0bab6:1 s7e1-865d313a:1 s8e1-91f4c90a:56E
1786477124.425492 s6e1-bfb0bab6:1 s7e1-865d313a:1 s8e1-91f4c90a:1
1786477124.448562 s6e1-bfb0bab6:1 s7e1-865d313a:1 s8e1-91f4c90a:1
1786477124.471840 s6e1-bfb0bab6:1 s7e1-865d313a:1 s8e1-91f4c90a:1
1786477124.495079 s6e1-bfb0bab6:1 s7e1-865d313a:1 s8e1-91f4c90a:1
1786477124.518581 s6e1-bfb0bab6:1 s7e1-865d313a:1 s8e1-91f4c90a:1
1786477124.543908 s6e1-bfb0bab6:1 s7e1-865d313a:1 s8e1-91f4c90a:1
1786477124.567515 s6e1-bfb0bab6:1 s7e1-865d313a:1 s8e1-91f4c90a:1
1786477124.591793 s7e1-865d313a:1 s8e1-91f4c90a:1
1786477124.614792 s7e1-865d313a:1 s8e1-91f4c90a:1 s1e1-b3a16e41:59E
1786477124.676160 s7e1-865d313a:1 s8e1-91f4c90a:1 s1e1-b3a16e41:1
1786477124.699401 s7e1-865d313a:1 s8e1-91f4c90a:1 s1e1-b3a16e41:1
1786477124.722648 s7e1-865d313a:1 s8e1-91f4c90a:1 s1e1-b3a16e41:1
1786477124.745901 s7e1-865d313a:1 s8e1-91f4c90a:1 s1e1-b3a16e41:1
1786477124.769777 s8e1-91f4c90a:1 s1e1-b3a16e41:1
1786477124.793913 s8e1-91f4c90a:1 s1e1-b3a16e41:1
1786477124.817118 s8e1-91f4c90a:1 s1e1-b3a16e41:1
1786477124.839749 s8e1-91f4c90a:1 s1e1-b3a16e41:1
1786477124.862599 s8e1-91f4c90a:1 s1e1-b3a16e41:1 s2e1-9f23d8fd:54E
1786477124.920448 s8e1-91f4c90a:1 s1e1-b3a16e41:1 s2e1-9f23d8fd:1
1786477124.943418 s8e1-91f4c90a:1 s1e1-b3a16e41:1 s2e1-9f23d8fd:1
1786477124.967771 s8e1-91f4c90a:1 s1e1-b3a16e41:1 s2e1-9f23d8fd:1
1786477124.990886 s8e1-91f4c90a:1 s1e1-b3a16e41:1 s2e1-9f23d8fd:1
1786477125.014425 s8e1-91f4c90a:1 s1e1-b3a16e41:1 s2e1-9f23d8fd:1
1786477125.038466 s8e1-91f4c90a:1 s1e1-b3a16e41:1 s2e1-9f23d8fd:1 s3e1-90ff1266:63E
1786477125.109769 s1e1-b3a16e41:1 s2e1-9f23d8fd:1 s3e1-90ff1266:1
1786477125.133255 s1e1-b3a16e41:1 s2e1-9f23d8fd:1 s3e1-90ff1266:1
1786477125.156151 s1e1-b3a16e41:1 s2e1-9f23d8fd:1 s3e1-90ff1266:1
1786477125.179305 s1e1-b3a16e41:1 s2e1-9f23d8fd:1 s3e1-90ff1266:1
1786477125.202640 s1e1-b3a16e41:1 s2e1-9f23d8fd:1 s3e1-90ff1266:1
1786477125.225826 s1e1-b3a16e41:1 s2e1-9f23d8fd:1 s3e1-90ff1266:1
1786477125.249200 s1e1-b3a16e41:1 s2e1-9f23d8fd:1 s3e1-90ff1266:1
1786477125.272547 s1e1-b3a16e41:1 s2e1-9f23d8fd:1 s3e1-90ff1266:1
1786477125.297823 s1e1-b3a16e41:1 s2e1-9f23d8fd:1 s3e1-90ff1266:1
1786477125.321944 s2e1-9f23d8fd:1 s3e1-90ff1266:1
1786477125.344527 s2e1-9f23d8fd:1 s3e1-90ff1266:1
1786477125.367337 s2e1-9f23d8fd:1 s3e1-90ff1266:1 s4e1-b16c535e:66E
1786477125.438269 s2e1-9f23d8fd:1 s3e1-90ff1266:1 s4e1-b16c535e:1
1786477125.462360 s2e1-9f23d8fd:1 s3e1-90ff1266:1 s4e1-b16c535e:1
1786477125.485451 s2e1-9f23d8fd:1 s3e1-90ff1266:1 s4e1-b16c535e:1
1786477125.508721 s2e1-9f23d8fd:1 s3e1-90ff1266:1 s4e1-b16c535e:1
1786477125.533004 s2e1-9f23d8fd:1 s3e1-90ff1266:1 s4e1-b16c535e:1 s5e1-a20594e7:60E
1786477125.594316 s2e1-9f23d8fd:1 s3e1-90ff1266:1 s4e1-b16c535e:1 s5e1-a20594e7:1
1786477125.618541 s3e1-90ff1266:1 s4e1-b16c535e:1 s5e1-a20594e7:1
1786477125.642054 s3e1-90ff1266:1 s4e1-b16c535e:1 s5e1-a20594e7:1
1786477125.665359 s3e1-90ff1266:1 s4e1-b16c535e:1 s5e1-a20594e7:1
1786477125.688833 s3e1-90ff1266:1 s4e1-b16c535e:1 s5e1-a20594e7:1
1786477125.712132 s3e1-90ff1266:1 s4e1-b16c535e:1 s5e1-a20594e7:1
1786477125.735548 s3e1-90ff1266:1 s4e1-b16c535e:1 s5e1-a20594e7:1
1786477125.759630 s4e1-b16c535e:1 s5e1-a20594e7:1
1786477125.782414 s4e1-b16c535e:1 s5e1-a20594e7:1
1786477125.806378 s4e1-b16c535e:1 s5e1-a20594e7:1
1786477125.829287 s4e1-b16c535e:1 s5e1-a20594e7:1
1786477125.851942 s4e1-b16c535e:1 s5e1-a20594e7:1
1786477125.874712 s4e1-b16c535e:1 s5e1-a20594e7:1 s6e1-bfb0bab6:66E
1786477125.945308 s4e1-b16c535e:1 s5e1-a20594e7:1 s6e1-bfb0bab6:1
1786477125.968158 s4e1-b16c535e:1 s5e1-a20594e7:1 s6e1-bfb0bab6:1
1786477125.992765 s4e1-b16c535e:1 s5e1-a20594e7:1 s6e1-bfb0bab6:1
1786477126.016226 s4e1-b16c535e:1 s5e1-a20594e7:1 s6e1-bfb0bab6:1
1786477126.039836 s4e1-b16c535e:1 s5e1-a20594e7:1 s6e1-bfb0bab6:1
1786477126.063829 s4e1-b16c535e:1 s5e1-a20594e7:1 s6e1-bfb0bab6:1 s7e1-865d313a:59E
1786477126.125615 s5e1-a20594e7:1 s6e1-bfb0bab6:1 s7e1-865d313a:1
1786477126.149328 s5e1-a20594e7:1 s6e1-bfb0bab6:1 s7e1-865d313a:1
1786477126.172562 s5e1-a20594e7:1 s6e1-bfb0bab6:1 s7e1-865d313a:1
1786477126.195954 s5e1-a20594e7:1 s6e1-bfb0bab6:1 s7e1-865d313a:1
1786477126.219444 s5e1-a20594e7:1 s6e1-bfb0bab6:1 s7e1-865d313a:1
1786477126.243512 s6e1-bfb0bab6:1 s7e1-865d313a:1
1786477126.267668 s6e1-bfb0bab6:1 s7e1-865d313a:1
1786477126.290053 s6e1-bfb0bab6:1 s7e1-865d313a:1
1786477126.312791 s6e1-bfb0bab6:1 s7e1-865d313a:1
1786477126.335611 s6e1-bfb0bab6:1 s7e1-865d313a:1 s8e1-91f4c90a:69E
1786477126.405661 s6e1-bfb0bab6:1 s7e1-865d313a:1 s8e1-91f4c90a:1
1786477126.428390 s6e1-bfb0bab6:1 s7e1-865d313a:1 s8e1-91f4c90a:1
1786477126.451396 s6e1-bfb0bab6:1 s7e1-865d313a:1 s8e1-91f4c90a:1
1786477126.474523 s6e1-bfb0bab6:1 s7e1-865d313a:1 s8e1-91f4c90a:1
1786477126.499683 s6e1-bfb0bab6:1 s7e1-865d313a:1 s8e1-91f4c90a:1
1786477126.522786 s6e1-bfb0bab6:1 s7e1-865d313a:1 s8e1-91f4c90a:1
1786477126.546296 s6e1-bfb0bab6:1 s7e1-865d313a:1 s8e1-91f4c90a:1
1786477126.570213 s6e1-bfb0bab6:1 s7e1-865d313a:1 s8e1-91f4c90a:1 s1e1-b3a16e41:56E
1786477126.631706 s7e1-865d313a:1 s8e1-91f4c90a:1 s1e1-b3a16e41:1
1786477126.655163 s7e1-865d313a:1 s8e1-91f4c90a:1 s1e1-b3a16e41:1
1786477126.678606 s7e1-865d313a:1 s8e1-91f4c90a:1 s1e1-b3a16e41:1
1786477126.702119 s7e1-865d313a:1 s8e1-91f4c90a:1 s1e1-b3a16e41:1
1786477126.726930 s7e1-865d313a:1 s8e1-91f4c90a:1 s1e1-b3a16e41:1
1786477126.750479 s7e1-865d313a:1 s8e1-91f4c90a:1 s1e1-b3a16e41:1
1786477126.774485 s8e1-91f4c90a:1 s1e1-b3a16e41:1
1786477126.797391 s8e1-91f4c90a:1 s1e1-b3a16e41:1 s2e1-9f23d8fd:67E
1786477126.868491 s8e1-91f4c90a:1 s1e1-b3a16e41:1 s2e1-9f23d8fd:1
1786477126.891374 s8e1-91f4c90a:1 s1e1-b3a16e41:1 s2e1-9f23d8fd:1
1786477126.914364 s8e1-91f4c90a:1 s1e1-b3a16e41:1 s2e1-9f23d8fd:1
1786477126.937479 s8e1-91f4c90a:1 s1e1-b3a16e41:1 s2e1-9f23d8fd:1
1786477126.960543 s8e1-91f4c90a:1 s1e1-b3a16e41:1 s2e1-9f23d8fd:1
1786477126.985101 s8e1-91f4c90a:1 s1e1-b3a16e41:1 s2e1-9f23d8fd:1
1786477127.008352 s8e1-91f4c90a:1 s1e1-b3a16e41:1 s2e1-9f23d8fd:1
1786477127.031923 s8e1-91f4c90a:1 s1e1-b3a16e41:1 s2e1-9f23d8fd:1
1786477127.056709 s1e1-b3a16e41:1 s2e1-9f23d8fd:1 s3e1-90ff1266:60E
1786477127.117901 s1e1-b3a16e41:1 s2e1-9f23d8fd:1 s3e1-90ff1266:1
1786477127.141129 s1e1-b3a16e41:1 s2e1-9f23d8fd:1 s3e1-90ff1266:1
1786477127.164290 s1e1-b3a16e41:1 s2e1-9f23d8fd:1 s3e1-90ff1266:1
1786477127.187548 s1e1-b3a16e41:1 s2e1-9f23d8fd:1 s3e1-90ff1266:1
1786477127.211048 s1e1-b3a16e41:1 s2e1-9f23d8fd:1 s3e1-90ff1266:1
1786477127.234226 s1e1-b3a16e41:1 s2e1-9f23d8fd:1 s3e1-90ff1266:1
1786477127.257664 s1e1-b3a16e41:1 s2e1-9f23d8fd:1 s3e1-90ff1266:1
1786477127.281735 s2e1-9f23d8fd:1 s3e1-90ff1266:1
1786477127.305790 s2e1-9f23d8fd:1 s3e1-90ff1266:1
1786477127.328188 s2e1-9f23d8fd:1 s3e1-90ff1266:1
1786477127.350734 s2e1-9f23d8fd:1 s3e1-90ff1266:1
1786477127.373465 s2e1-9f23d8fd:1 s3e1-90ff1266:1 s4e1-b16c535e:63E
1786477127.444027 s2e1-9f23d8fd:1 s3e1-90ff1266:1 s4e1-b16c535e:1
1786477127.466875 s2e1-9f23d8fd:1 s3e1-90ff1266:1 s4e1-b16c535e:1
1786477127.491174 s2e1-9f23d8fd:1 s3e1-90ff1266:1 s4e1-b16c535e:1
1786477127.515183 s3e1-90ff1266:1 s4e1-b16c535e:1
1786477127.537673 s3e1-90ff1266:1 s4e1-b16c535e:1
1786477127.560474 s3e1-90ff1266:1 s4e1-b16c535e:1 s5e1-a20594e7:57E
1786477127.621563 s3e1-90ff1266:1 s4e1-b16c535e:1 s5e1-a20594e7:1
1786477127.644696 s3e1-90ff1266:1 s4e1-b16c535e:1 s5e1-a20594e7:1
1786477127.668077 s3e1-90ff1266:1 s4e1-b16c535e:1 s5e1-a20594e7:1
1786477127.691247 s3e1-90ff1266:1 s4e1-b16c535e:1 s5e1-a20594e7:1
1786477127.714611 s3e1-90ff1266:1 s4e1-b16c535e:1 s5e1-a20594e7:1
1786477127.737913 s3e1-90ff1266:1 s4e1-b16c535e:1 s5e1-a20594e7:1
1786477127.763148 s4e1-b16c535e:1 s5e1-a20594e7:1
1786477127.785470 s4e1-b16c535e:1 s5e1-a20594e7:1
1786477127.808050 s4e1-b16c535e:1 s5e1-a20594e7:1
1786477127.830756 s4e1-b16c535e:1 s5e1-a20594e7:1 s6e1-bfb0bab6:63E
1786477127.901178 s4e1-b16c535e:1 s5e1-a20594e7:1 s6e1-bfb0bab6:1
1786477127.924025 s4e1-b16c535e:1 s5e1-a20594e7:1 s6e1-bfb0bab6:1
1786477127.946874 s4e1-b16c535e:1 s5e1-a20594e7:1 s6e1-bfb0bab6:1
1786477127.969955 s4e1-b16c535e:1 s5e1-a20594e7:1 s6e1-bfb0bab6:1
1786477127.994339 s4e1-b16c535e:1 s5e1-a20594e7:1 s6e1-bfb0bab6:1
1786477128.017515 s4e1-b16c535e:1 s5e1-a20594e7:1 s6e1-bfb0bab6:1
1786477128.040912 s4e1-b16c535e:1 s5e1-a20594e7:1 s6e1-bfb0bab6:1
1786477128.064550 s4e1-b16c535e:1 s5e1-a20594e7:1 s6e1-bfb0bab6:1 s7e1-865d313a:56E
1786477128.125451 s5e1-a20594e7:1 s6e1-bfb0bab6:1 s7e1-865d313a:1
1786477128.148791 s5e1-a20594e7:1 s6e1-bfb0bab6:1 s7e1-865d313a:1
1786477128.171892 s5e1-a20594e7:1 s6e1-bfb0bab6:1 s7e1-865d313a:1
1786477128.195042 s5e1-a20594e7:1 s6e1-bfb0bab6:1 s7e1-865d313a:1
1786477128.218195 s5e1-a20594e7:1 s6e1-bfb0bab6:1 s7e1-865d313a:1
1786477128.242702 s5e1-a20594e7:1 s6e1-bfb0bab6:1 s7e1-865d313a:1
1786477128.266625 s6e1-bfb0bab6:1 s7e1-865d313a:1
1786477128.289174 s6e1-bfb0bab6:1 s7e1-865d313a:1
1786477128.312077 s6e1-bfb0bab6:1 s7e1-865d313a:1 s8e1-91f4c90a:66E
1786477128.382008 s6e1-bfb0bab6:1 s7e1-865d313a:1 s8e1-91f4c90a:1
1786477128.404942 s6e1-bfb0bab6:1 s7e1-865d313a:1 s8e1-91f4c90a:1
1786477128.428051 s6e1-bfb0bab6:1 s7e1-865d313a:1 s8e1-91f4c90a:1
1786477128.451309 s6e1-bfb0bab6:1 s7e1-865d313a:1 s8e1-91f4c90a:1
1786477128.474522 s6e1-bfb0bab6:1 s7e1-865d313a:1 s8e1-91f4c90a:1
1786477128.499291 s6e1-bfb0bab6:1 s7e1-865d313a:1 s8e1-91f4c90a:1
1786477128.522548 s6e1-bfb0bab6:1 s7e1-865d313a:1 s8e1-91f4c90a:1
1786477128.546740 s7e1-865d313a:1 s8e1-91f4c90a:1
1786477128.569803 s7e1-865d313a:1 s8e1-91f4c90a:1 s1e1-b3a16e41:69E
1786477128.640485 s7e1-865d313a:1 s8e1-91f4c90a:1 s1e1-b3a16e41:1
1786477128.663538 s7e1-865d313a:1 s8e1-91f4c90a:1 s1e1-b3a16e41:1
1786477128.686641 s7e1-865d313a:1 s8e1-91f4c90a:1 s1e1-b3a16e41:1
1786477128.709838 s7e1-865d313a:1 s8e1-91f4c90a:1 s1e1-b3a16e41:1
1786477128.733141 s7e1-865d313a:1 s8e1-91f4c90a:1 s1e1-b3a16e41:1
1786477128.758015 s7e1-865d313a:1 s8e1-91f4c90a:1 s1e1-b3a16e41:1
1786477128.782179 s8e1-91f4c90a:1 s1e1-b3a16e41:1
1786477128.805102 s8e1-91f4c90a:1 s1e1-b3a16e41:1
1786477128.828187 s8e1-91f4c90a:1 s1e1-b3a16e41:1 s2e1-9f23d8fd:64E
1786477128.899605 s8e1-91f4c90a:1 s1e1-b3a16e41:1 s2e1-9f23d8fd:1
1786477128.922766 s8e1-91f4c90a:1 s1e1-b3a16e41:1 s2e1-9f23d8fd:1
1786477128.946081 s8e1-91f4c90a:1 s1e1-b3a16e41:1 s2e1-9f23d8fd:1
1786477128.969323 s8e1-91f4c90a:1 s1e1-b3a16e41:1 s2e1-9f23d8fd:1
1786477128.992617 s8e1-91f4c90a:1 s1e1-b3a16e41:1 s2e1-9f23d8fd:1
1786477129.017384 s8e1-91f4c90a:1 s1e1-b3a16e41:1 s2e1-9f23d8fd:1
1786477129.041561 s1e1-b3a16e41:1 s2e1-9f23d8fd:1
1786477129.064103 s1e1-b3a16e41:1 s2e1-9f23d8fd:1
1786477129.087064 s1e1-b3a16e41:1 s2e1-9f23d8fd:1 s3e1-90ff1266:57E
1786477129.148061 s1e1-b3a16e41:1 s2e1-9f23d8fd:1 s3e1-90ff1266:1
1786477129.171188 s1e1-b3a16e41:1 s2e1-9f23d8fd:1 s3e1-90ff1266:1
1786477129.194446 s1e1-b3a16e41:1 s2e1-9f23d8fd:1 s3e1-90ff1266:1
1786477129.219021 s1e1-b3a16e41:1 s2e1-9f23d8fd:1 s3e1-90ff1266:1
1786477129.242318 s1e1-b3a16e41:1 s2e1-9f23d8fd:1 s3e1-90ff1266:1
1786477129.265924 s1e1-b3a16e41:1 s2e1-9f23d8fd:1 s3e1-90ff1266:1
1786477129.290370 s2e1-9f23d8fd:1 s3e1-90ff1266:1 s4e1-b16c535e:60E
1786477129.350631 s2e1-9f23d8fd:1 s3e1-90ff1266:1 s4e1-b16c535e:1
1786477129.373746 s2e1-9f23d8fd:1 s3e1-90ff1266:1 s4e1-b16c535e:1
1786477129.397104 s2e1-9f23d8fd:1 s3e1-90ff1266:1 s4e1-b16c535e:1
1786477129.420471 s2e1-9f23d8fd:1 s3e1-90ff1266:1 s4e1-b16c535e:1
1786477129.443882 s2e1-9f23d8fd:1 s3e1-90ff1266:1 s4e1-b16c535e:1
1786477129.467033 s2e1-9f23d8fd:1 s3e1-90ff1266:1 s4e1-b16c535e:1
1786477129.491897 s2e1-9f23d8fd:1 s3e1-90ff1266:1 s4e1-b16c535e:1
1786477129.515484 s2e1-9f23d8fd:1 s3e1-90ff1266:1 s4e1-b16c535e:1
1786477129.540112 s3e1-90ff1266:1 s4e1-b16c535e:1
1786477129.563231 s3e1-90ff1266:1 s4e1-b16c535e:1 s5e1-a20594e7:54E
1786477129.620765 s3e1-90ff1266:1 s4e1-b16c535e:1 s5e1-a20594e7:1
1786477129.643760 s3e1-90ff1266:1 s4e1-b16c535e:1 s5e1-a20594e7:1
1786477129.666866 s3e1-90ff1266:1 s4e1-b16c535e:1 s5e1-a20594e7:1
1786477129.690038 s3e1-90ff1266:1 s4e1-b16c535e:1 s5e1-a20594e7:1
1786477129.713288 s3e1-90ff1266:1 s4e1-b16c535e:1 s5e1-a20594e7:1
1786477129.736546 s3e1-90ff1266:1 s4e1-b16c535e:1 s5e1-a20594e7:1
1786477129.761656 s3e1-90ff1266:1 s4e1-b16c535e:1 s5e1-a20594e7:1
1786477129.785833 s4e1-b16c535e:1 s5e1-a20594e7:1
1786477129.808443 s4e1-b16c535e:1 s5e1-a20594e7:1
1786477129.831446 s4e1-b16c535e:1 s5e1-a20594e7:1 s6e1-bfb0bab6:60E
1786477129.891456 s4e1-b16c535e:1 s5e1-a20594e7:1 s6e1-bfb0bab6:1
1786477129.914652 s4e1-b16c535e:1 s5e1-a20594e7:1 s6e1-bfb0bab6:1
1786477129.937988 s4e1-b16c535e:1 s5e1-a20594e7:1 s6e1-bfb0bab6:1
1786477129.961323 s4e1-b16c535e:1 s5e1-a20594e7:1 s6e1-bfb0bab6:1
1786477129.985295 s5e1-a20594e7:1 s6e1-bfb0bab6:1
1786477130.007864 s5e1-a20594e7:1 s6e1-bfb0bab6:1
1786477130.030567 s5e1-a20594e7:1 s6e1-bfb0bab6:1
1786477130.055166 s5e1-a20594e7:1 s6e1-bfb0bab6:1
1786477130.077430 s5e1-a20594e7:1 s6e1-bfb0bab6:1
1786477130.100178 s5e1-a20594e7:1 s6e1-bfb0bab6:1
1786477130.122997 s5e1-a20594e7:1 s6e1-bfb0bab6:1 s7e1-865d313a:69E
1786477130.194752 s5e1-a20594e7:1 s6e1-bfb0bab6:1 s7e1-865d313a:1
1786477130.217862 s5e1-a20594e7:1 s6e1-bfb0bab6:1 s7e1-865d313a:1
1786477130.242578 s5e1-a20594e7:1 s6e1-bfb0bab6:1 s7e1-865d313a:1
1786477130.266335 s6e1-bfb0bab6:1 s7e1-865d313a:1
1786477130.289110 s6e1-bfb0bab6:1 s7e1-865d313a:1
1786477130.312113 s6e1-bfb0bab6:1 s7e1-865d313a:1 s8e1-91f4c90a:63E
1786477130.382452 s6e1-bfb0bab6:1 s7e1-865d313a:1 s8e1-91f4c90a:1
1786477130.405534 s6e1-bfb0bab6:1 s7e1-865d313a:1 s8e1-91f4c90a:1
1786477130.428611 s6e1-bfb0bab6:1 s7e1-865d313a:1 s8e1-91f4c90a:1
1786477130.452056 s6e1-bfb0bab6:1 s7e1-865d313a:1 s8e1-91f4c90a:1
1786477130.475202 s6e1-bfb0bab6:1 s7e1-865d313a:1 s8e1-91f4c90a:1
1786477130.499959 s6e1-bfb0bab6:1 s7e1-865d313a:1 s8e1-91f4c90a:1
1786477130.523641 s6e1-bfb0bab6:1 s7e1-865d313a:1 s8e1-91f4c90a:1
1786477130.547824 s7e1-865d313a:1 s8e1-91f4c90a:1
1786477130.570743 s7e1-865d313a:1 s8e1-91f4c90a:1 s1e1-b3a16e41:66E
1786477130.641457 s7e1-865d313a:1 s8e1-91f4c90a:1 s1e1-b3a16e41:1
1786477130.664490 s7e1-865d313a:1 s8e1-91f4c90a:1 s1e1-b3a16e41:1
1786477130.687676 s7e1-865d313a:1 s8e1-91f4c90a:1 s1e1-b3a16e41:1
1786477130.710972 s7e1-865d313a:1 s8e1-91f4c90a:1 s1e1-b3a16e41:1
1786477130.734304 s7e1-865d313a:1 s8e1-91f4c90a:1 s1e1-b3a16e41:1
1786477130.757669 s7e1-865d313a:1 s8e1-91f4c90a:1 s1e1-b3a16e41:1
1786477130.781046 s7e1-865d313a:1 s8e1-91f4c90a:1 s1e1-b3a16e41:1
1786477130.805890 s7e1-865d313a:1 s8e1-91f4c90a:1 s1e1-b3a16e41:1
1786477130.829555 s7e1-865d313a:1 s8e1-91f4c90a:1 s1e1-b3a16e41:1
1786477130.853863 s8e1-91f4c90a:1 s1e1-b3a16e41:1
1786477130.877167 s8e1-91f4c90a:1 s1e1-b3a16e41:1 s2e1-9f23d8fd:61E
1786477130.937829 s8e1-91f4c90a:1 s1e1-b3a16e41:1 s2e1-9f23d8fd:1
1786477130.960938 s8e1-91f4c90a:1 s1e1-b3a16e41:1 s2e1-9f23d8fd:1
1786477130.985896 s8e1-91f4c90a:1 s1e1-b3a16e41:1 s2e1-9f23d8fd:1
1786477131.009423 s8e1-91f4c90a:1 s1e1-b3a16e41:1 s2e1-9f23d8fd:1
1786477131.033821 s1e1-b3a16e41:1 s2e1-9f23d8fd:1
1786477131.057008 s1e1-b3a16e41:1 s2e1-9f23d8fd:1 s3e1-90ff1266:54E
1786477131.115576 s1e1-b3a16e41:1 s2e1-9f23d8fd:1 s3e1-90ff1266:1
1786477131.138907 s1e1-b3a16e41:1 s2e1-9f23d8fd:1 s3e1-90ff1266:1
1786477131.162376 s1e1-b3a16e41:1 s2e1-9f23d8fd:1 s3e1-90ff1266:1
1786477131.185716 s1e1-b3a16e41:1 s2e1-9f23d8fd:1 s3e1-90ff1266:1
1786477131.209111 s1e1-b3a16e41:1 s2e1-9f23d8fd:1 s3e1-90ff1266:1
1786477131.232558 s1e1-b3a16e41:1 s2e1-9f23d8fd:1 s3e1-90ff1266:1
1786477131.257456 s1e1-b3a16e41:1 s2e1-9f23d8fd:1 s3e1-90ff1266:1
1786477131.281523 s2e1-9f23d8fd:1 s3e1-90ff1266:1
1786477131.304303 s2e1-9f23d8fd:1 s3e1-90ff1266:1
1786477131.327240 s2e1-9f23d8fd:1 s3e1-90ff1266:1 s4e1-b16c535e:57E
1786477131.388305 s2e1-9f23d8fd:1 s3e1-90ff1266:1 s4e1-b16c535e:1
1786477131.411472 s2e1-9f23d8fd:1 s3e1-90ff1266:1 s4e1-b16c535e:1
1786477131.434802 s2e1-9f23d8fd:1 s3e1-90ff1266:1 s4e1-b16c535e:1
1786477131.458285 s2e1-9f23d8fd:1 s3e1-90ff1266:1 s4e1-b16c535e:1
1786477131.484043 s2e1-9f23d8fd:1 s3e1-90ff1266:1 s4e1-b16c535e:1
1786477131.507247 s2e1-9f23d8fd:1 s3e1-90ff1266:1 s4e1-b16c535e:1
1786477131.530973 s2e1-9f23d8fd:1 s3e1-90ff1266:1 s4e1-b16c535e:1
1786477131.555027 s2e1-9f23d8fd:1 s3e1-90ff1266:1 s4e1-b16c535e:1 s5e1-a20594e7:67E
1786477131.627031 s3e1-90ff1266:1 s4e1-b16c535e:1 s5e1-a20594e7:1
1786477131.650429 s3e1-90ff1266:1 s4e1-b16c535e:1 s5e1-a20594e7:1
1786477131.673760 s3e1-90ff1266:1 s4e1-b16c535e:1 s5e1-a20594e7:1
1786477131.697177 s3e1-90ff1266:1 s4e1-b16c535e:1 s5e1-a20594e7:1
1786477131.720644 s3e1-90ff1266:1 s4e1-b16c535e:1 s5e1-a20594e7:1
1786477131.745378 s3e1-90ff1266:1 s4e1-b16c535e:1 s5e1-a20594e7:1
1786477131.769395 s4e1-b16c535e:1 s5e1-a20594e7:1
1786477131.792474 s4e1-b16c535e:1 s5e1-a20594e7:1
1786477131.815525 s4e1-b16c535e:1 s5e1-a20594e7:1 s6e1-bfb0bab6:57E
1786477131.876307 s4e1-b16c535e:1 s5e1-a20594e7:1 s6e1-bfb0bab6:1
1786477131.899473 s4e1-b16c535e:1 s5e1-a20594e7:1 s6e1-bfb0bab6:1
1786477131.922680 s4e1-b16c535e:1 s5e1-a20594e7:1 s6e1-bfb0bab6:1
1786477131.945966 s4e1-b16c535e:1 s5e1-a20594e7:1 s6e1-bfb0bab6:1
1786477131.970755 s4e1-b16c535e:1 s5e1-a20594e7:1 s6e1-bfb0bab6:1
1786477131.994390 s4e1-b16c535e:1 s5e1-a20594e7:1 s6e1-bfb0bab6:1
1786477132.018567 s4e1-b16c535e:1 s5e1-a20594e7:1 s6e1-bfb0bab6:1
1786477132.043151 s5e1-a20594e7:1 s6e1-bfb0bab6:1 s7e1-865d313a:66E
1786477132.113858 s5e1-a20594e7:1 s6e1-bfb0bab6:1 s7e1-865d313a:1
1786477132.136909 s5e1-a20594e7:1 s6e1-bfb0bab6:1 s7e1-865d313a:1
1786477132.160203 s5e1-a20594e7:1 s6e1-bfb0bab6:1 s7e1-865d313a:1
1786477132.183439 s5e1-a20594e7:1 s6e1-bfb0bab6:1 s7e1-865d313a:1
1786477132.206646 s5e1-a20594e7:1 s6e1-bfb0bab6:1 s7e1-865d313a:1
1786477132.231450 s5e1-a20594e7:1 s6e1-bfb0bab6:1 s7e1-865d313a:1
1786477132.254966 s5e1-a20594e7:1 s6e1-bfb0bab6:1 s7e1-865d313a:1
1786477132.279395 s6e1-bfb0bab6:1 s7e1-865d313a:1
1786477132.302455 s6e1-bfb0bab6:1 s7e1-865d313a:1 s8e1-91f4c90a:60E
1786477132.363633 s6e1-bfb0bab6:1 s7e1-865d313a:1 s8e1-91f4c90a:1
1786477132.386795 s6e1-bfb0bab6:1 s7e1-865d313a:1 s8e1-91f4c90a:1
1786477132.410178 s6e1-bfb0bab6:1 s7e1-865d313a:1 s8e1-91f4c90a:1
1786477132.433571 s6e1-bfb0bab6:1 s7e1-865d313a:1 s8e1-91f4c90a:1
1786477132.457014 s6e1-bfb0bab6:1 s7e1-865d313a:1 s8e1-91f4c90a:1
1786477132.480584 s6e1-bfb0bab6:1 s7e1-865d313a:1 s8e1-91f4c90a:1
1786477132.505225 s6e1-bfb0bab6:1 s7e1-865d313a:1 s8e1-91f4c90a:1
1786477132.529823 s7e1-865d313a:1 s8e1-91f4c90a:1
1786477132.552703 s7e1-865d313a:1 s8e1-91f4c90a:1
1786477132.575722 s7e1-865d313a:1 s8e1-91f4c90a:1 s1e1-b3a16e41:63E
1786477132.647049 s7e1-865d313a:1 s8e1-91f4c90a:1 s1e1-b3a16e41:1
1786477132.670606 s7e1-865d313a:1 s8e1-91f4c90a:1 s1e1-b3a16e41:1
1786477132.693760 s7e1-865d313a:1 s8e1-91f4c90a:1 s1e1-b3a16e41:1
1786477132.718461 s7e1-865d313a:1 s8e1-91f4c90a:1 s1e1-b3a16e41:1
1786477132.742000 s7e1-865d313a:1 s8e1-91f4c90a:1 s1e1-b3a16e41:1
1786477132.766187 s8e1-91f4c90a:1 s1e1-b3a16e41:1
1786477132.789370 s8e1-91f4c90a:1 s1e1-b3a16e41:1 s2e1-9f23d8fd:58E
1786477132.850769 s8e1-91f4c90a:1 s1e1-b3a16e41:1 s2e1-9f23d8fd:1
1786477132.874001 s8e1-91f4c90a:1 s1e1-b3a16e41:1 s2e1-9f23d8fd:1
1786477132.897376 s8e1-91f4c90a:1 s1e1-b3a16e41:1 s2e1-9f23d8fd:1
1786477132.920844 s8e1-91f4c90a:1 s1e1-b3a16e41:1 s2e1-9f23d8fd:1
1786477132.944064 s8e1-91f4c90a:1 s1e1-b3a16e41:1 s2e1-9f23d8fd:1
1786477132.967537 s8e1-91f4c90a:1 s1e1-b3a16e41:1 s2e1-9f23d8fd:1
1786477132.992888 s8e1-91f4c90a:1 s1e1-b3a16e41:1 s2e1-9f23d8fd:1
1786477133.017204 s1e1-b3a16e41:1 s2e1-9f23d8fd:1
1786477133.040147 s1e1-b3a16e41:1 s2e1-9f23d8fd:1
1786477133.063862 s1e1-b3a16e41:1 s2e1-9f23d8fd:1 s3e1-90ff1266:67E
1786477133.142426 s1e1-b3a16e41:1 s2e1-9f23d8fd:1 s3e1-90ff1266:1
1786477133.165895 s1e1-b3a16e41:1 s2e1-9f23d8fd:1 s3e1-90ff1266:1
1786477133.189594 s1e1-b3a16e41:1 s2e1-9f23d8fd:1 s3e1-90ff1266:1
1786477133.213290 s1e1-b3a16e41:1 s2e1-9f23d8fd:1 s3e1-90ff1266:1
1786477133.238824 s1e1-b3a16e41:1 s2e1-9f23d8fd:1 s3e1-90ff1266:1
1786477133.262504 s1e1-b3a16e41:1 s2e1-9f23d8fd:1 s3e1-90ff1266:1
1786477133.287230 s1e1-b3a16e41:1 s2e1-9f23d8fd:1 s3e1-90ff1266:1
1786477133.312491 s2e1-9f23d8fd:1 s3e1-90ff1266:1 s4e1-b16c535e:54E
1786477133.373398 s2e1-9f23d8fd:1 s3e1-90ff1266:1 s4e1-b16c535e:1
1786477133.396662 s2e1-9f23d8fd:1 s3e1-90ff1266:1 s4e1-b16c535e:1
1786477133.420126 s2e1-9f23d8fd:1 s3e1-90ff1266:1 s4e1-b16c535e:1
1786477133.443506 s2e1-9f23d8fd:1 s3e1-90ff1266:1 s4e1-b16c535e:1
1786477133.466926 s2e1-9f23d8fd:1 s3e1-90ff1266:1 s4e1-b16c535e:1
1786477133.491810 s2e1-9f23d8fd:1 s3e1-90ff1266:1 s4e1-b16c535e:1
1786477133.517223 s3e1-90ff1266:1 s4e1-b16c535e:1
1786477133.540061 s3e1-90ff1266:1 s4e1-b16c535e:1
1786477133.563074 s3e1-90ff1266:1 s4e1-b16c535e:1 s5e1-a20594e7:64E
1786477133.634298 s3e1-90ff1266:1 s4e1-b16c535e:1 s5e1-a20594e7:1
1786477133.657540 s3e1-90ff1266:1 s4e1-b16c535e:1 s5e1-a20594e7:1
1786477133.680637 s3e1-90ff1266:1 s4e1-b16c535e:1 s5e1-a20594e7:1
1786477133.703923 s3e1-90ff1266:1 s4e1-b16c535e:1 s5e1-a20594e7:1
1786477133.728878 s3e1-90ff1266:1 s4e1-b16c535e:1 s5e1-a20594e7:1
1786477133.752980 s3e1-90ff1266:1 s4e1-b16c535e:1 s5e1-a20594e7:1
1786477133.776695 s3e1-90ff1266:1 s4e1-b16c535e:1 s5e1-a20594e7:1
1786477133.801304 s4e1-b16c535e:1 s5e1-a20594e7:1 s6e1-bfb0bab6:54E
1786477133.860091 s4e1-b16c535e:1 s5e1-a20594e7:1 s6e1-bfb0bab6:1
1786477133.883285 s4e1-b16c535e:1 s5e1-a20594e7:1 s6e1-bfb0bab6:1
1786477133.906621 s4e1-b16c535e:1 s5e1-a20594e7:1 s6e1-bfb0bab6:1
1786477133.930002 s4e1-b16c535e:1 s5e1-a20594e7:1 s6e1-bfb0bab6:1
1786477133.953319 s4e1-b16c535e:1 s5e1-a20594e7:1 s6e1-bfb0bab6:1
1786477133.976671 s4e1-b16c535e:1 s5e1-a20594e7:1 s6e1-bfb0bab6:1
1786477134.001459 s4e1-b16c535e:1 s5e1-a20594e7:1 s6e1-bfb0bab6:1
1786477134.025491 s5e1-a20594e7:1 s6e1-bfb0bab6:1
1786477134.048577 s5e1-a20594e7:1 s6e1-bfb0bab6:1
1786477134.071520 s5e1-a20594e7:1 s6e1-bfb0bab6:1 s7e1-865d313a:63E
1786477134.141903 s5e1-a20594e7:1 s6e1-bfb0bab6:1 s7e1-865d313a:1
1786477134.165116 s5e1-a20594e7:1 s6e1-bfb0bab6:1 s7e1-865d313a:1
1786477134.188248 s5e1-a20594e7:1 s6e1-bfb0bab6:1 s7e1-865d313a:1
1786477134.211526 s5e1-a20594e7:1 s6e1-bfb0bab6:1 s7e1-865d313a:1
1786477134.234870 s5e1-a20594e7:1 s6e1-bfb0bab6:1 s7e1-865d313a:1
1786477134.258252 s5e1-a20594e7:1 s6e1-bfb0bab6:1 s7e1-865d313a:1
1786477134.283680 s6e1-bfb0bab6:1 s7e1-865d313a:1
1786477134.306231 s6e1-bfb0bab6:1 s7e1-865d313a:1
1786477134.329947 s6e1-bfb0bab6:1 s7e1-865d313a:1
1786477134.352972 s6e1-bfb0bab6:1 s7e1-865d313a:1 s8e1-91f4c90a:57E
1786477134.413489 s6e1-bfb0bab6:1 s7e1-865d313a:1 s8e1-91f4c90a:1
1786477134.436576 s6e1-bfb0bab6:1 s7e1-865d313a:1 s8e1-91f4c90a:1
1786477134.461159 s6e1-bfb0bab6:1 s7e1-865d313a:1 s8e1-91f4c90a:1
1786477134.484517 s6e1-bfb0bab6:1 s7e1-865d313a:1 s8e1-91f4c90a:1
1786477134.509433 s7e1-865d313a:1 s8e1-91f4c90a:1
1786477134.532693 s7e1-865d313a:1 s8e1-91f4c90a:1 s1e1-b3a16e41:60E
1786477134.593621 s7e1-865d313a:1 s8e1-91f4c90a:1 s1e1-b3a16e41:1
1786477134.617090 s7e1-865d313a:1 s8e1-91f4c90a:1 s1e1-b3a16e41:1
1786477134.640332 s7e1-865d313a:1 s8e1-91f4c90a:1 s1e1-b3a16e41:1
1786477134.663691 s7e1-865d313a:1 s8e1-91f4c90a:1 s1e1-b3a16e41:1
1786477134.687268 s7e1-865d313a:1 s8e1-91f4c90a:1 s1e1-b3a16e41:1
1786477134.710600 s7e1-865d313a:1 s8e1-91f4c90a:1 s1e1-b3a16e41:1
1786477134.735683 s7e1-865d313a:1 s8e1-91f4c90a:1 s1e1-b3a16e41:1
1786477134.759035 s7e1-865d313a:1 s8e1-91f4c90a:1 s1e1-b3a16e41:1
1786477134.783497 s8e1-91f4c90a:1 s1e1-b3a16e41:1
1786477134.806598 s8e1-91f4c90a:1 s1e1-b3a16e41:1 s2e1-9f23d8fd:55E
1786477134.867888 s8e1-91f4c90a:1 s1e1-b3a16e41:1 s2e1-9f23d8fd:1
1786477134.891223 s8e1-91f4c90a:1 s1e1-b3a16e41:1 s2e1-9f23d8fd:1
1786477134.914563 s8e1-91f4c90a:1 s1e1-b3a16e41:1 s2e1-9f23d8fd:1
1786477134.937852 s8e1-91f4c90a:1 s1e1-b3a16e41:1 s2e1-9f23d8fd:1
1786477134.962781 s8e1-91f4c90a:1 s1e1-b3a16e41:1 s2e1-9f23d8fd:1
1786477134.985919 s8e1-91f4c90a:1 s1e1-b3a16e41:1 s2e1-9f23d8fd:1
1786477135.010074 s8e1-91f4c90a:1 s1e1-b3a16e41:1 s2e1-9f23d8fd:1
1786477135.034158 s8e1-91f4c90a:1 s1e1-b3a16e41:1 s2e1-9f23d8fd:1 s3e1-90ff1266:64E
1786477135.105861 s1e1-b3a16e41:1 s2e1-9f23d8fd:1 s3e1-90ff1266:1
1786477135.129422 s1e1-b3a16e41:1 s2e1-9f23d8fd:1 s3e1-90ff1266:1
1786477135.152664 s1e1-b3a16e41:1 s2e1-9f23d8fd:1 s3e1-90ff1266:1
1786477135.175823 s1e1-b3a16e41:1 s2e1-9f23d8fd:1 s3e1-90ff1266:1
1786477135.199129 s1e1-b3a16e41:1 s2e1-9f23d8fd:1 s3e1-90ff1266:1
1786477135.222378 s1e1-b3a16e41:1 s2e1-9f23d8fd:1 s3e1-90ff1266:1
1786477135.247676 s2e1-9f23d8fd:1 s3e1-90ff1266:1
1786477135.270221 s2e1-9f23d8fd:1 s3e1-90ff1266:1
1786477135.295217 s2e1-9f23d8fd:1 s3e1-90ff1266:1
1786477135.318282 s2e1-9f23d8fd:1 s3e1-90ff1266:1 s4e1-b16c535e:67E
1786477135.390537 s2e1-9f23d8fd:1 s3e1-90ff1266:1 s4e1-b16c535e:1
1786477135.413835 s2e1-9f23d8fd:1 s3e1-90ff1266:1 s4e1-b16c535e:1
1786477135.437235 s2e1-9f23d8fd:1 s3e1-90ff1266:1 s4e1-b16c535e:1
1786477135.462031 s2e1-9f23d8fd:1 s3e1-90ff1266:1 s4e1-b16c535e:1
1786477135.485456 s2e1-9f23d8fd:1 s3e1-90ff1266:1 s4e1-b16c535e:1
1786477135.511189 s2e1-9f23d8fd:1 s3e1-90ff1266:1 s4e1-b16c535e:1
1786477135.536147 s3e1-90ff1266:1 s4e1-b16c535e:1 s5e1-a20594e7:61E
1786477135.598235 s3e1-90ff1266:1 s4e1-b16c535e:1 s5e1-a20594e7:1
1786477135.621769 s3e1-90ff1266:1 s4e1-b16c535e:1 s5e1-a20594e7:1
1786477135.645416 s3e1-90ff1266:1 s4e1-b16c535e:1 s5e1-a20594e7:1
1786477135.669233 s3e1-90ff1266:1 s4e1-b16c535e:1 s5e1-a20594e7:1
1786477135.692749 s3e1-90ff1266:1 s4e1-b16c535e:1 s5e1-a20594e7:1
1786477135.716642 s3e1-90ff1266:1 s4e1-b16c535e:1 s5e1-a20594e7:1
1786477135.742243 s3e1-90ff1266:1 s4e1-b16c535e:1 s5e1-a20594e7:1
1786477135.766548 s4e1-b16c535e:1 s5e1-a20594e7:1
1786477135.790743 s4e1-b16c535e:1 s5e1-a20594e7:1
1786477135.813851 s4e1-b16c535e:1 s5e1-a20594e7:1 s6e1-bfb0bab6:67E
1786477135.885612 s4e1-b16c535e:1 s5e1-a20594e7:1 s6e1-bfb0bab6:1
1786477135.908846 s4e1-b16c535e:1 s5e1-a20594e7:1 s6e1-bfb0bab6:1
1786477135.932234 s4e1-b16c535e:1 s5e1-a20594e7:1 s6e1-bfb0bab6:1
1786477135.955717 s4e1-b16c535e:1 s5e1-a20594e7:1 s6e1-bfb0bab6:1
1786477135.980730 s4e1-b16c535e:1 s5e1-a20594e7:1 s6e1-bfb0bab6:1
1786477136.006629 s4e1-b16c535e:1 s5e1-a20594e7:1 s6e1-bfb0bab6:1
1786477136.030456 s4e1-b16c535e:1 s5e1-a20594e7:1 s6e1-bfb0bab6:1
1786477136.055146 s5e1-a20594e7:1 s6e1-bfb0bab6:1 s7e1-865d313a:60E
1786477136.116234 s5e1-a20594e7:1 s6e1-bfb0bab6:1 s7e1-865d313a:1
1786477136.139443 s5e1-a20594e7:1 s6e1-bfb0bab6:1 s7e1-865d313a:1
1786477136.162740 s5e1-a20594e7:1 s6e1-bfb0bab6:1 s7e1-865d313a:1
1786477136.186077 s5e1-a20594e7:1 s6e1-bfb0bab6:1 s7e1-865d313a:1
1786477136.209629 s5e1-a20594e7:1 s6e1-bfb0bab6:1 s7e1-865d313a:1
1786477136.233007 s5e1-a20594e7:1 s6e1-bfb0bab6:1 s7e1-865d313a:1
1786477136.257177 s6e1-bfb0bab6:1 s7e1-865d313a:1
1786477136.279796 s6e1-bfb0bab6:1 s7e1-865d313a:1
1786477136.303929 s6e1-bfb0bab6:1 s7e1-865d313a:1
1786477136.328171 s6e1-bfb0bab6:1 s7e1-865d313a:1
1786477136.350973 s6e1-bfb0bab6:1 s7e1-865d313a:1
1786477136.373997 s6e1-bfb0bab6:1 s7e1-865d313a:1 s8e1-91f4c90a:54E
1786477136.432433 s6e1-bfb0bab6:1 s7e1-865d313a:1 s8e1-91f4c90a:1
1786477136.457058 s6e1-bfb0bab6:1 s7e1-865d313a:1 s8e1-91f4c90a:1
1786477136.482032 s6e1-bfb0bab6:1 s7e1-865d313a:1 s8e1-91f4c90a:1
1786477136.505757 s6e1-bfb0bab6:1 s7e1-865d313a:1 s8e1-91f4c90a:1
1786477136.530460 s7e1-865d313a:1 s8e1-91f4c90a:1 s1e1-b3a16e41:57E
1786477136.591583 s7e1-865d313a:1 s8e1-91f4c90a:1 s1e1-b3a16e41:1
1786477136.614840 s7e1-865d313a:1 s8e1-91f4c90a:1 s1e1-b3a16e41:1
1786477136.638280 s7e1-865d313a:1 s8e1-91f4c90a:1 s1e1-b3a16e41:1
1786477136.661745 s7e1-865d313a:1 s8e1-91f4c90a:1 s1e1-b3a16e41:1
1786477136.685024 s7e1-865d313a:1 s8e1-91f4c90a:1 s1e1-b3a16e41:1
1786477136.708482 s7e1-865d313a:1 s8e1-91f4c90a:1 s1e1-b3a16e41:1
1786477136.733349 s7e1-865d313a:1 s8e1-91f4c90a:1 s1e1-b3a16e41:1
1786477136.758539 s8e1-91f4c90a:1 s1e1-b3a16e41:1
1786477136.781363 s8e1-91f4c90a:1 s1e1-b3a16e41:1
1786477136.804335 s8e1-91f4c90a:1 s1e1-b3a16e41:1 s2e1-9f23d8fd:68E
1786477136.876535 s8e1-91f4c90a:1 s1e1-b3a16e41:1 s2e1-9f23d8fd:1
1786477136.899774 s8e1-91f4c90a:1 s1e1-b3a16e41:1 s2e1-9f23d8fd:1
1786477136.923440 s8e1-91f4c90a:1 s1e1-b3a16e41:1 s2e1-9f23d8fd:1
1786477136.948491 s8e1-91f4c90a:1 s1e1-b3a16e41:1 s2e1-9f23d8fd:1
1786477136.972939 s8e1-91f4c90a:1 s1e1-b3a16e41:1 s2e1-9f23d8fd:1
1786477136.996834 s8e1-91f4c90a:1 s1e1-b3a16e41:1 s2e1-9f23d8fd:1
1786477137.021052 s8e1-91f4c90a:1 s1e1-b3a16e41:1 s2e1-9f23d8fd:1 s3e1-90ff1266:61E
1786477137.080281 s8e1-91f4c90a:1 s1e1-b3a16e41:1 s2e1-9f23d8fd:1 s3e1-90ff1266:1
1786477137.103703 s8e1-91f4c90a:1 s1e1-b3a16e41:1 s2e1-9f23d8fd:1 s3e1-90ff1266:1
1786477137.128069 s1e1-b3a16e41:1 s2e1-9f23d8fd:1 s3e1-90ff1266:1
1786477137.151865 s1e1-b3a16e41:1 s2e1-9f23d8fd:1 s3e1-90ff1266:1
1786477137.175261 s1e1-b3a16e41:1 s2e1-9f23d8fd:1 s3e1-90ff1266:1
1786477137.198941 s1e1-b3a16e41:1 s2e1-9f23d8fd:1 s3e1-90ff1266:1
1786477137.223730 s1e1-b3a16e41:1 s2e1-9f23d8fd:1 s3e1-90ff1266:1
1786477137.249662 s2e1-9f23d8fd:1 s3e1-90ff1266:1
1786477137.272664 s2e1-9f23d8fd:1 s3e1-90ff1266:1
1786477137.295705 s2e1-9f23d8fd:1 s3e1-90ff1266:1 s4e1-b16c535e:64E
1786477137.367583 s2e1-9f23d8fd:1 s3e1-90ff1266:1 s4e1-b16c535e:1
1786477137.390565 s2e1-9f23d8fd:1 s3e1-90ff1266:1 s4e1-b16c535e:1
1786477137.413805 s2e1-9f23d8fd:1 s3e1-90ff1266:1 s4e1-b16c535e:1
1786477137.437081 s2e1-9f23d8fd:1 s3e1-90ff1266:1 s4e1-b16c535e:1
1786477137.461757 s2e1-9f23d8fd:1 s3e1-90ff1266:1 s4e1-b16c535e:1
1786477137.486758 s2e1-9f23d8fd:1 s3e1-90ff1266:1 s4e1-b16c535e:1
1786477137.510580 s2e1-9f23d8fd:1 s3e1-90ff1266:1 s4e1-b16c535e:1
1786477137.535089 s3e1-90ff1266:1 s4e1-b16c535e:1 s5e1-a20594e7:58E
1786477137.596483 s3e1-90ff1266:1 s4e1-b16c535e:1 s5e1-a20594e7:1
1786477137.619863 s3e1-90ff1266:1 s4e1-b16c535e:1 s5e1-a20594e7:1
1786477137.643013 s3e1-90ff1266:1 s4e1-b16c535e:1 s5e1-a20594e7:1
1786477137.666614 s3e1-90ff1266:1 s4e1-b16c535e:1 s5e1-a20594e7:1
1786477137.689964 s3e1-90ff1266:1 s4e1-b16c535e:1 s5e1-a20594e7:1
1786477137.713389 s3e1-90ff1266:1 s4e1-b16c535e:1 s5e1-a20594e7:1
1786477137.740229 s4e1-b16c535e:1 s5e1-a20594e7:1
1786477137.762810 s4e1-b16c535e:1 s5e1-a20594e7:1
1786477137.787550 s4e1-b16c535e:1 s5e1-a20594e7:1
1786477137.809718 s4e1-b16c535e:1 s5e1-a20594e7:1
1786477137.832718 s4e1-b16c535e:1 s5e1-a20594e7:1 s6e1-bfb0bab6:64E
1786477137.903947 s4e1-b16c535e:1 s5e1-a20594e7:1 s6e1-bfb0bab6:1
1786477137.927023 s4e1-b16c535e:1 s5e1-a20594e7:1 s6e1-bfb0bab6:1
1786477137.950266 s4e1-b16c535e:1 s5e1-a20594e7:1 s6e1-bfb0bab6:1
1786477137.975012 s4e1-b16c535e:1 s5e1-a20594e7:1 s6e1-bfb0bab6:1
1786477138.000098 s4e1-b16c535e:1 s5e1-a20594e7:1 s6e1-bfb0bab6:1
1786477138.024515 s5e1-a20594e7:1 s6e1-bfb0bab6:1
1786477138.047621 s5e1-a20594e7:1 s6e1-bfb0bab6:1 s7e1-865d313a:57E
1786477138.110398 s5e1-a20594e7:1 s6e1-bfb0bab6:1 s7e1-865d313a:1
1786477138.133629 s5e1-a20594e7:1 s6e1-bfb0bab6:1 s7e1-865d313a:1
1786477138.157015 s5e1-a20594e7:1 s6e1-bfb0bab6:1 s7e1-865d313a:1
1786477138.180492 s5e1-a20594e7:1 s6e1-bfb0bab6:1 s7e1-865d313a:1
1786477138.205400 s5e1-a20594e7:1 s6e1-bfb0bab6:1 s7e1-865d313a:1
1786477138.230248 s5e1-a20594e7:1 s6e1-bfb0bab6:1 s7e1-865d313a:1
1786477138.254928 s6e1-bfb0bab6:1 s7e1-865d313a:1
1786477138.278353 s6e1-bfb0bab6:1 s7e1-865d313a:1 s8e1-91f4c90a:67E
1786477138.350229 s6e1-bfb0bab6:1 s7e1-865d313a:1 s8e1-91f4c90a:1
1786477138.373443 s6e1-bfb0bab6:1 s7e1-865d313a:1 s8e1-91f4c90a:1
1786477138.396532 s6e1-bfb0bab6:1 s7e1-865d313a:1 s8e1-91f4c90a:1
1786477138.421254 s6e1-bfb0bab6:1 s7e1-865d313a:1 s8e1-91f4c90a:1
1786477138.445920 s6e1-bfb0bab6:1 s7e1-865d313a:1 s8e1-91f4c90a:1
1786477138.469765 s6e1-bfb0bab6:1 s7e1-865d313a:1 s8e1-91f4c90a:1
1786477138.493819 s6e1-bfb0bab6:1 s7e1-865d313a:1 s8e1-91f4c90a:1 s1e1-b3a16e41:54E
1786477138.554702 s6e1-bfb0bab6:1 s7e1-865d313a:1 s8e1-91f4c90a:1 s1e1-b3a16e41:1
1786477138.578091 s6e1-bfb0bab6:1 s7e1-865d313a:1 s8e1-91f4c90a:1 s1e1-b3a16e41:1
1786477138.602235 s7e1-865d313a:1 s8e1-91f4c90a:1 s1e1-b3a16e41:1
1786477138.625658 s7e1-865d313a:1 s8e1-91f4c90a:1 s1e1-b3a16e41:1
1786477138.649088 s7e1-865d313a:1 s8e1-91f4c90a:1 s1e1-b3a16e41:1
1786477138.672586 s7e1-865d313a:1 s8e1-91f4c90a:1 s1e1-b3a16e41:1
1786477138.696224 s7e1-865d313a:1 s8e1-91f4c90a:1 s1e1-b3a16e41:1
1786477138.721046 s7e1-865d313a:1 s8e1-91f4c90a:1 s1e1-b3a16e41:1
1786477138.746327 s7e1-865d313a:1 s8e1-91f4c90a:1 s1e1-b3a16e41:1
1786477138.770693 s8e1-91f4c90a:1 s1e1-b3a16e41:1
1786477138.793864 s8e1-91f4c90a:1 s1e1-b3a16e41:1 s2e1-9f23d8fd:65E
1786477138.865049 s8e1-91f4c90a:1 s1e1-b3a16e41:1 s2e1-9f23d8fd:1
1786477138.888154 s8e1-91f4c90a:1 s1e1-b3a16e41:1 s2e1-9f23d8fd:1
1786477138.911413 s8e1-91f4c90a:1 s1e1-b3a16e41:1 s2e1-9f23d8fd:1
1786477138.936073 s8e1-91f4c90a:1 s1e1-b3a16e41:1 s2e1-9f23d8fd:1
1786477138.960832 s8e1-91f4c90a:1 s1e1-b3a16e41:1 s2e1-9f23d8fd:1
1786477138.984553 s8e1-91f4c90a:1 s1e1-b3a16e41:1 s2e1-9f23d8fd:1
1786477139.009308 s1e1-b3a16e41:1 s2e1-9f23d8fd:1 s3e1-90ff1266:58E
1786477139.070746 s1e1-b3a16e41:1 s2e1-9f23d8fd:1 s3e1-90ff1266:1
1786477139.093920 s1e1-b3a16e41:1 s2e1-9f23d8fd:1 s3e1-90ff1266:1
1786477139.117243 s1e1-b3a16e41:1 s2e1-9f23d8fd:1 s3e1-90ff1266:1
1786477139.140501 s1e1-b3a16e41:1 s2e1-9f23d8fd:1 s3e1-90ff1266:1
1786477139.163715 s1e1-b3a16e41:1 s2e1-9f23d8fd:1 s3e1-90ff1266:1
1786477139.187362 s1e1-b3a16e41:1 s2e1-9f23d8fd:1 s3e1-90ff1266:1
1786477139.211709 s2e1-9f23d8fd:1 s3e1-90ff1266:1
1786477139.234434 s2e1-9f23d8fd:1 s3e1-90ff1266:1
1786477139.257170 s2e1-9f23d8fd:1 s3e1-90ff1266:1
1786477139.279707 s2e1-9f23d8fd:1 s3e1-90ff1266:1
1786477139.303678 s2e1-9f23d8fd:1 s3e1-90ff1266:1
1786477139.328471 s2e1-9f23d8fd:1 s3e1-90ff1266:1
1786477139.351290 s2e1-9f23d8fd:1 s3e1-90ff1266:1
1786477139.374463 s2e1-9f23d8fd:1 s3e1-90ff1266:1 s4e1-b16c535e:61E
1786477139.437881 s2e1-9f23d8fd:1 s3e1-90ff1266:1 s4e1-b16c535e:1
1786477139.463978 s2e1-9f23d8fd:1 s3e1-90ff1266:1 s4e1-b16c535e:1
1786477139.487797 s2e1-9f23d8fd:1 s3e1-90ff1266:1 s4e1-b16c535e:1
1786477139.512437 s3e1-90ff1266:1 s4e1-b16c535e:1 s5e1-a20594e7:55E
1786477139.573567 s3e1-90ff1266:1 s4e1-b16c535e:1 s5e1-a20594e7:1
1786477139.596736 s3e1-90ff1266:1 s4e1-b16c535e:1 s5e1-a20594e7:1
1786477139.620190 s3e1-90ff1266:1 s4e1-b16c535e:1 s5e1-a20594e7:1
1786477139.643562 s3e1-90ff1266:1 s4e1-b16c535e:1 s5e1-a20594e7:1
1786477139.667443 s3e1-90ff1266:1 s4e1-b16c535e:1 s5e1-a20594e7:1
1786477139.690746 s3e1-90ff1266:1 s4e1-b16c535e:1 s5e1-a20594e7:1
1786477139.714948 s4e1-b16c535e:1 s5e1-a20594e7:1
1786477139.737621 s4e1-b16c535e:1 s5e1-a20594e7:1
1786477139.760186 s4e1-b16c535e:1 s5e1-a20594e7:1
1786477139.784029 s4e1-b16c535e:1 s5e1-a20594e7:1
1786477139.809025 s4e1-b16c535e:1 s5e1-a20594e7:1
1786477139.831897 s4e1-b16c535e:1 s5e1-a20594e7:1
1786477139.854973 s4e1-b16c535e:1 s5e1-a20594e7:1 s6e1-bfb0bab6:61E
1786477139.916677 s4e1-b16c535e:1 s5e1-a20594e7:1 s6e1-bfb0bab6:1
1786477139.942014 s4e1-b16c535e:1 s5e1-a20594e7:1 s6e1-bfb0bab6:1
1786477139.967154 s4e1-b16c535e:1 s5e1-a20594e7:1 s6e1-bfb0bab6:1
1786477139.991018 s4e1-b16c535e:1 s5e1-a20594e7:1 s6e1-bfb0bab6:1
1786477140.015068 s4e1-b16c535e:1 s5e1-a20594e7:1 s6e1-bfb0bab6:1 s7e1-865d313a:54E
1786477140.076014 s4e1-b16c535e:1 s5e1-a20594e7:1 s6e1-bfb0bab6:1 s7e1-865d313a:1
1786477140.099460 s4e1-b16c535e:1 s5e1-a20594e7:1 s6e1-bfb0bab6:1 s7e1-865d313a:1
1786477140.123608 s5e1-a20594e7:1 s6e1-bfb0bab6:1 s7e1-865d313a:1
1786477140.147129 s5e1-a20594e7:1 s6e1-bfb0bab6:1 s7e1-865d313a:1
1786477140.170512 s5e1-a20594e7:1 s6e1-bfb0bab6:1 s7e1-865d313a:1
1786477140.193849 s5e1-a20594e7:1 s6e1-bfb0bab6:1 s7e1-865d313a:1
1786477140.217945 s6e1-bfb0bab6:1 s7e1-865d313a:1
1786477140.241952 s6e1-bfb0bab6:1 s7e1-865d313a:1
1786477140.264214 s6e1-bfb0bab6:1 s7e1-865d313a:1
1786477140.289328 s6e1-bfb0bab6:1 s7e1-865d313a:1
1786477140.311925 s6e1-bfb0bab6:1 s7e1-865d313a:1
1786477140.334773 s6e1-bfb0bab6:1 s7e1-865d313a:1 s8e1-91f4c90a:64E
1786477140.406563 s6e1-bfb0bab6:1 s7e1-865d313a:1 s8e1-91f4c90a:1
1786477140.429614 s6e1-bfb0bab6:1 s7e1-865d313a:1 s8e1-91f4c90a:1
1786477140.453121 s6e1-bfb0bab6:1 s7e1-865d313a:1 s8e1-91f4c90a:1
1786477140.477803 s6e1-bfb0bab6:1 s7e1-865d313a:1 s8e1-91f4c90a:1
1786477140.503197 s6e1-bfb0bab6:1 s7e1-865d313a:1 s8e1-91f4c90a:1
1786477140.526932 s6e1-bfb0bab6:1 s7e1-865d313a:1 s8e1-91f4c90a:1
1786477140.551050 s6e1-bfb0bab6:1 s7e1-865d313a:1 s8e1-91f4c90a:1 s1e1-b3a16e41:67E
1786477140.623841 s7e1-865d313a:1 s8e1-91f4c90a:1 s1e1-b3a16e41:1
1786477140.647326 s7e1-865d313a:1 s8e1-91f4c90a:1 s1e1-b3a16e41:1
1786477140.670748 s7e1-865d313a:1 s8e1-91f4c90a:1 s1e1-b3a16e41:1
1786477140.694133 s7e1-865d313a:1 s8e1-91f4c90a:1 s1e1-b3a16e41:1
1786477140.717509 s7e1-865d313a:1 s8e1-91f4c90a:1 s1e1-b3a16e41:1
1786477140.743083 s8e1-91f4c90a:1 s1e1-b3a16e41:1
1786477140.768943 s8e1-91f4c90a:1 s1e1-b3a16e41:1
1786477140.791821 s8e1-91f4c90a:1 s1e1-b3a16e41:1
1786477140.814320 s8e1-91f4c90a:1 s1e1-b3a16e41:1
1786477140.837695 s8e1-91f4c90a:1 s1e1-b3a16e41:1 s2e1-9f23d8fd:62E
1786477140.898016 s8e1-91f4c90a:1 s1e1-b3a16e41:1 s2e1-9f23d8fd:1
1786477140.921349 s8e1-91f4c90a:1 s1e1-b3a16e41:1 s2e1-9f23d8fd:1
1786477140.946264 s8e1-91f4c90a:1 s1e1-b3a16e41:1 s2e1-9f23d8fd:1
1786477140.972319 s8e1-91f4c90a:1 s1e1-b3a16e41:1 s2e1-9f23d8fd:1
1786477140.996020 s8e1-91f4c90a:1 s1e1-b3a16e41:1 s2e1-9f23d8fd:1
1786477141.020134 s8e1-91f4c90a:1 s1e1-b3a16e41:1 s2e1-9f23d8fd:1 s3e1-90ff1266:55E
1786477141.081841 s8e1-91f4c90a:1 s1e1-b3a16e41:1 s2e1-9f23d8fd:1 s3e1-90ff1266:1
1786477141.105903 s1e1-b3a16e41:1 s2e1-9f23d8fd:1 s3e1-90ff1266:1
1786477141.129489 s1e1-b3a16e41:1 s2e1-9f23d8fd:1 s3e1-90ff1266:1
1786477141.152923 s1e1-b3a16e41:1 s2e1-9f23d8fd:1 s3e1-90ff1266:1
1786477141.176295 s1e1-b3a16e41:1 s2e1-9f23d8fd:1 s3e1-90ff1266:1
1786477141.199695 s1e1-b3a16e41:1 s2e1-9f23d8fd:1 s3e1-90ff1266:1
1786477141.223152 s1e1-b3a16e41:1 s2e1-9f23d8fd:1 s3e1-90ff1266:1
1786477141.246675 s1e1-b3a16e41:1 s2e1-9f23d8fd:1 s3e1-90ff1266:1
1786477141.270788 s2e1-9f23d8fd:1 s3e1-90ff1266:1
1786477141.295053 s2e1-9f23d8fd:1 s3e1-90ff1266:1
1786477141.320262 s2e1-9f23d8fd:1 s3e1-90ff1266:1
1786477141.343050 s2e1-9f23d8fd:1 s3e1-90ff1266:1
1786477141.365568 s2e1-9f23d8fd:1 s3e1-90ff1266:1
1786477141.388553 s2e1-9f23d8fd:1 s3e1-90ff1266:1 s4e1-b16c535e:58E
1786477141.450447 s2e1-9f23d8fd:1 s3e1-90ff1266:1 s4e1-b16c535e:1
1786477141.475158 s2e1-9f23d8fd:1 s3e1-90ff1266:1 s4e1-b16c535e:1
1786477141.500767 s2e1-9f23d8fd:1 s3e1-90ff1266:1 s4e1-b16c535e:1
1786477141.524511 s2e1-9f23d8fd:1 s3e1-90ff1266:1 s4e1-b16c535e:1
1786477141.549222 s3e1-90ff1266:1 s4e1-b16c535e:1 s5e1-a20594e7:68E
1786477141.621536 s3e1-90ff1266:1 s4e1-b16c535e:1 s5e1-a20594e7:1
1786477141.644745 s3e1-90ff1266:1 s4e1-b16c535e:1 s5e1-a20594e7:1
1786477141.668146 s3e1-90ff1266:1 s4e1-b16c535e:1 s5e1-a20594e7:1
1786477141.691444 s3e1-90ff1266:1 s4e1-b16c535e:1 s5e1-a20594e7:1
1786477141.714747 s3e1-90ff1266:1 s4e1-b16c535e:1 s5e1-a20594e7:1
1786477141.738855 s4e1-b16c535e:1 s5e1-a20594e7:1
1786477141.761336 s4e1-b16c535e:1 s5e1-a20594e7:1
1786477141.785215 s4e1-b16c535e:1 s5e1-a20594e7:1
1786477141.810551 s4e1-b16c535e:1 s5e1-a20594e7:1
1786477141.833338 s4e1-b16c535e:1 s5e1-a20594e7:1
1786477141.855645 s4e1-b16c535e:1 s5e1-a20594e7:1
1786477141.878717 s4e1-b16c535e:1 s5e1-a20594e7:1 s6e1-bfb0bab6:58E
1786477141.940557 s4e1-b16c535e:1 s5e1-a20594e7:1 s6e1-bfb0bab6:1
1786477141.963725 s4e1-b16c535e:1 s5e1-a20594e7:1 s6e1-bfb0bab6:1
1786477141.987206 s4e1-b16c535e:1 s5e1-a20594e7:1 s6e1-bfb0bab6:1
1786477142.012231 s4e1-b16c535e:1 s5e1-a20594e7:1 s6e1-bfb0bab6:1
1786477142.037367 s4e1-b16c535e:1 s5e1-a20594e7:1 s6e1-bfb0bab6:1
1786477142.061309 s4e1-b16c535e:1 s5e1-a20594e7:1 s6e1-bfb0bab6:1
1786477142.085096 s4e1-b16c535e:1 s5e1-a20594e7:1 s6e1-bfb0bab6:1 s7e1-865d313a:67E
1786477142.158309 s5e1-a20594e7:1 s6e1-bfb0bab6:1 s7e1-865d313a:1
1786477142.181694 s5e1-a20594e7:1 s6e1-bfb0bab6:1 s7e1-865d313a:1
1786477142.205001 s5e1-a20594e7:1 s6e1-bfb0bab6:1 s7e1-865d313a:1
1786477142.228367 s5e1-a20594e7:1 s6e1-bfb0bab6:1 s7e1-865d313a:1
1786477142.251802 s5e1-a20594e7:1 s6e1-bfb0bab6:1 s7e1-865d313a:1
1786477142.275894 s6e1-bfb0bab6:1 s7e1-865d313a:1
1786477142.299894 s6e1-bfb0bab6:1 s7e1-865d313a:1
1786477142.325254 s6e1-bfb0bab6:1 s7e1-865d313a:1
1786477142.348083 s6e1-bfb0bab6:1 s7e1-865d313a:1
1786477142.370440 s6e1-bfb0bab6:1 s7e1-865d313a:1
1786477142.393494 s6e1-bfb0bab6:1 s7e1-865d313a:1 s8e1-91f4c90a:61E
1786477142.454727 s6e1-bfb0bab6:1 s7e1-865d313a:1 s8e1-91f4c90a:1
1786477142.478069 s6e1-bfb0bab6:1 s7e1-865d313a:1 s8e1-91f4c90a:1
1786477142.501655 s6e1-bfb0bab6:1 s7e1-865d313a:1 s8e1-91f4c90a:1
1786477142.524993 s6e1-bfb0bab6:1 s7e1-865d313a:1 s8e1-91f4c90a:1
1786477142.549978 s6e1-bfb0bab6:1 s7e1-865d313a:1 s8e1-91f4c90a:1
1786477142.575712 s6e1-bfb0bab6:1 s7e1-865d313a:1 s8e1-91f4c90a:1
1786477142.600239 s7e1-865d313a:1 s8e1-91f4c90a:1
1786477142.623340 s7e1-865d313a:1 s8e1-91f4c90a:1 s1e1-b3a16e41:64E
1786477142.695605 s7e1-865d313a:1 s8e1-91f4c90a:1 s1e1-b3a16e41:1
1786477142.718635 s7e1-865d313a:1 s8e1-91f4c90a:1 s1e1-b3a16e41:1
1786477142.741863 s7e1-865d313a:1 s8e1-91f4c90a:1 s1e1-b3a16e41:1
1786477142.765162 s7e1-865d313a:1 s8e1-91f4c90a:1 s1e1-b3a16e41:1
1786477142.790162 s7e1-865d313a:1 s8e1-91f4c90a:1 s1e1-b3a16e41:1
1786477142.816608 s8e1-91f4c90a:1 s1e1-b3a16e41:1
1786477142.839607 s8e1-91f4c90a:1 s1e1-b3a16e41:1
1786477142.862655 s8e1-91f4c90a:1 s1e1-b3a16e41:1 s2e1-9f23d8fd:59E
1786477142.924583 s8e1-91f4c90a:1 s1e1-b3a16e41:1 s2e1-9f23d8fd:1
1786477142.947782 s8e1-91f4c90a:1 s1e1-b3a16e41:1 s2e1-9f23d8fd:1
1786477142.971154 s8e1-91f4c90a:1 s1e1-b3a16e41:1 s2e1-9f23d8fd:1
1786477142.994682 s8e1-91f4c90a:1 s1e1-b3a16e41:1 s2e1-9f23d8fd:1
1786477143.019494 s8e1-91f4c90a:1 s1e1-b3a16e41:1 s2e1-9f23d8fd:1
1786477143.045016 s8e1-91f4c90a:1 s1e1-b3a16e41:1 s2e1-9f23d8fd:1
1786477143.068860 s8e1-91f4c90a:1 s1e1-b3a16e41:1 s2e1-9f23d8fd:1
1786477143.092821 s8e1-91f4c90a:1 s1e1-b3a16e41:1 s2e1-9f23d8fd:1 s3e1-90ff1266:68E
1786477143.165305 s1e1-b3a16e41:1 s2e1-9f23d8fd:1 s3e1-90ff1266:1
1786477143.188674 s1e1-b3a16e41:1 s2e1-9f23d8fd:1 s3e1-90ff1266:1
1786477143.211970 s1e1-b3a16e41:1 s2e1-9f23d8fd:1 s3e1-90ff1266:1
1786477143.236737 s1e1-b3a16e41:1 s2e1-9f23d8fd:1 s3e1-90ff1266:1
1786477143.262246 s1e1-b3a16e41:1 s2e1-9f23d8fd:1 s3e1-90ff1266:1
1786477143.285927 s1e1-b3a16e41:1 s2e1-9f23d8fd:1 s3e1-90ff1266:1
1786477143.310002 s1e1-b3a16e41:1 s2e1-9f23d8fd:1 s3e1-90ff1266:1 s4e1-b16c535e:55E
1786477143.371514 s1e1-b3a16e41:1 s2e1-9f23d8fd:1 s3e1-90ff1266:1 s4e1-b16c535e:1
1786477143.395492 s2e1-9f23d8fd:1 s3e1-90ff1266:1 s4e1-b16c535e:1
1786477143.418921 s2e1-9f23d8fd:1 s3e1-90ff1266:1 s4e1-b16c535e:1
1786477143.442352 s2e1-9f23d8fd:1 s3e1-90ff1266:1 s4e1-b16c535e:1
1786477143.465784 s2e1-9f23d8fd:1 s3e1-90ff1266:1 s4e1-b16c535e:1
1786477143.490842 s2e1-9f23d8fd:1 s3e1-90ff1266:1 s4e1-b16c535e:1
1786477143.516699 s2e1-9f23d8fd:1 s3e1-90ff1266:1 s4e1-b16c535e:1
1786477143.540457 s2e1-9f23d8fd:1 s3e1-90ff1266:1 s4e1-b16c535e:1
1786477143.564462 s2e1-9f23d8fd:1 s3e1-90ff1266:1 s4e1-b16c535e:1 s5e1-a20594e7:65E
1786477143.637445 s3e1-90ff1266:1 s4e1-b16c535e:1 s5e1-a20594e7:1
1786477143.660856 s3e1-90ff1266:1 s4e1-b16c535e:1 s5e1-a20594e7:1
1786477143.684215 s3e1-90ff1266:1 s4e1-b16c535e:1 s5e1-a20594e7:1
1786477143.707560 s3e1-90ff1266:1 s4e1-b16c535e:1 s5e1-a20594e7:1
1786477143.730939 s3e1-90ff1266:1 s4e1-b16c535e:1 s5e1-a20594e7:1
1786477143.754399 s3e1-90ff1266:1 s4e1-b16c535e:1 s5e1-a20594e7:1
1786477143.779830 s3e1-90ff1266:1 s4e1-b16c535e:1 s5e1-a20594e7:1
1786477143.805532 s3e1-90ff1266:1 s4e1-b16c535e:1 s5e1-a20594e7:1
1786477143.830063 s4e1-b16c535e:1 s5e1-a20594e7:1
1786477143.853045 s4e1-b16c535e:1 s5e1-a20594e7:1 s6e1-bfb0bab6:55E
1786477143.915100 s4e1-b16c535e:1 s5e1-a20594e7:1 s6e1-bfb0bab6:1
1786477143.938332 s4e1-b16c535e:1 s5e1-a20594e7:1 s6e1-bfb0bab6:1
1786477143.961634 s4e1-b16c535e:1 s5e1-a20594e7:1 s6e1-bfb0bab6:1
1786477143.986536 s4e1-b16c535e:1 s5e1-a20594e7:1 s6e1-bfb0bab6:1
1786477144.012205 s4e1-b16c535e:1 s5e1-a20594e7:1 s6e1-bfb0bab6:1
1786477144.037040 s5e1-a20594e7:1 s6e1-bfb0bab6:1
1786477144.060436 s5e1-a20594e7:1 s6e1-bfb0bab6:1 s7e1-865d313a:64E
1786477144.133237 s5e1-a20594e7:1 s6e1-bfb0bab6:1 s7e1-865d313a:1
1786477144.156653 s5e1-a20594e7:1 s6e1-bfb0bab6:1 s7e1-865d313a:1
1786477144.180147 s5e1-a20594e7:1 s6e1-bfb0bab6:1 s7e1-865d313a:1
1786477144.203510 s5e1-a20594e7:1 s6e1-bfb0bab6:1 s7e1-865d313a:1
1786477144.227087 s5e1-a20594e7:1 s6e1-bfb0bab6:1 s7e1-865d313a:1
1786477144.250662 s5e1-a20594e7:1 s6e1-bfb0bab6:1 s7e1-865d313a:1
1786477144.275924 s5e1-a20594e7:1 s6e1-bfb0bab6:1 s7e1-865d313a:1
1786477144.300196 s6e1-bfb0bab6:1 s7e1-865d313a:1
1786477144.323947 s6e1-bfb0bab6:1 s7e1-865d313a:1
1786477144.346258 s6e1-bfb0bab6:1 s7e1-865d313a:1
1786477144.369239 s6e1-bfb0bab6:1 s7e1-865d313a:1 s8e1-91f4c90a:58E
1786477144.430991 s6e1-bfb0bab6:1 s7e1-865d313a:1 s8e1-91f4c90a:1
1786477144.454098 s6e1-bfb0bab6:1 s7e1-865d313a:1 s8e1-91f4c90a:1
1786477144.477429 s6e1-bfb0bab6:1 s7e1-865d313a:1 s8e1-91f4c90a:1
1786477144.502388 s6e1-bfb0bab6:1 s7e1-865d313a:1 s8e1-91f4c90a:1
1786477144.528172 s6e1-bfb0bab6:1 s7e1-865d313a:1 s8e1-91f4c90a:1
1786477144.552140 s6e1-bfb0bab6:1 s7e1-865d313a:1 s8e1-91f4c90a:1
1786477144.576929 s7e1-865d313a:1 s8e1-91f4c90a:1 s1e1-b3a16e41:61E
1786477144.638951 s7e1-865d313a:1 s8e1-91f4c90a:1 s1e1-b3a16e41:1
1786477144.662197 s7e1-865d313a:1 s8e1-91f4c90a:1 s1e1-b3a16e41:1
1786477144.685728 s7e1-865d313a:1 s8e1-91f4c90a:1 s1e1-b3a16e41:1
1786477144.709285 s7e1-865d313a:1 s8e1-91f4c90a:1 s1e1-b3a16e41:1
1786477144.732710 s7e1-865d313a:1 s8e1-91f4c90a:1 s1e1-b3a16e41:1
1786477144.756159 s7e1-865d313a:1 s8e1-91f4c90a:1 s1e1-b3a16e41:1
1786477144.781768 s8e1-91f4c90a:1 s1e1-b3a16e41:1
1786477144.804423 s8e1-91f4c90a:1 s1e1-b3a16e41:1
1786477144.830219 s8e1-91f4c90a:1 s1e1-b3a16e41:1
1786477144.852595 s8e1-91f4c90a:1 s1e1-b3a16e41:1
1786477144.875693 s8e1-91f4c90a:1 s1e1-b3a16e41:1 s2e1-9f23d8fd:56E
1786477144.938156 s8e1-91f4c90a:1 s1e1-b3a16e41:1 s2e1-9f23d8fd:1
1786477144.961435 s8e1-91f4c90a:1 s1e1-b3a16e41:1 s2e1-9f23d8fd:1
1786477144.984784 s8e1-91f4c90a:1 s1e1-b3a16e41:1 s2e1-9f23d8fd:1
1786477145.010261 s8e1-91f4c90a:1 s1e1-b3a16e41:1 s2e1-9f23d8fd:1
1786477145.033524 s8e1-91f4c90a:1 s1e1-b3a16e41:1 s2e1-9f23d8fd:1
1786477145.059012 s8e1-91f4c90a:1 s1e1-b3a16e41:1 s2e1-9f23d8fd:1
1786477145.083020 s1e1-b3a16e41:1 s2e1-9f23d8fd:1
1786477145.106133 s1e1-b3a16e41:1 s2e1-9f23d8fd:1 s3e1-90ff1266:65E
1786477145.178678 s1e1-b3a16e41:1 s2e1-9f23d8fd:1 s3e1-90ff1266:1
1786477145.201747 s1e1-b3a16e41:1 s2e1-9f23d8fd:1 s3e1-90ff1266:1
1786477145.225112 s1e1-b3a16e41:1 s2e1-9f23d8fd:1 s3e1-90ff1266:1
1786477145.248523 s1e1-b3a16e41:1 s2e1-9f23d8fd:1 s3e1-90ff1266:1
1786477145.273830 s1e1-b3a16e41:1 s2e1-9f23d8fd:1 s3e1-90ff1266:1
1786477145.299786 s2e1-9f23d8fd:1 s3e1-90ff1266:1
1786477145.323514 s2e1-9f23d8fd:1 s3e1-90ff1266:1
1786477145.345906 s2e1-9f23d8fd:1 s3e1-90ff1266:1
1786477145.368893 s2e1-9f23d8fd:1 s3e1-90ff1266:1 s4e1-b16c535e:68E
1786477145.440950 s2e1-9f23d8fd:1 s3e1-90ff1266:1 s4e1-b16c535e:1
1786477145.463937 s2e1-9f23d8fd:1 s3e1-90ff1266:1 s4e1-b16c535e:1
1786477145.487211 s2e1-9f23d8fd:1 s3e1-90ff1266:1 s4e1-b16c535e:1
1786477145.510452 s2e1-9f23d8fd:1 s3e1-90ff1266:1 s4e1-b16c535e:1
1786477145.533761 s2e1-9f23d8fd:1 s3e1-90ff1266:1 s4e1-b16c535e:1
1786477145.558577 s2e1-9f23d8fd:1 s3e1-90ff1266:1 s4e1-b16c535e:1
1786477145.584346 s2e1-9f23d8fd:1 s3e1-90ff1266:1 s4e1-b16c535e:1
1786477145.608764 s3e1-90ff1266:1 s4e1-b16c535e:1
1786477145.631926 s3e1-90ff1266:1 s4e1-b16c535e:1 s5e1-a20594e7:62E
1786477145.692069 s3e1-90ff1266:1 s4e1-b16c535e:1 s5e1-a20594e7:1
1786477145.715411 s3e1-90ff1266:1 s4e1-b16c535e:1 s5e1-a20594e7:1
1786477145.738852 s3e1-90ff1266:1 s4e1-b16c535e:1 s5e1-a20594e7:1
1786477145.763742 s3e1-90ff1266:1 s4e1-b16c535e:1 s5e1-a20594e7:1
1786477145.789908 s3e1-90ff1266:1 s4e1-b16c535e:1 s5e1-a20594e7:1
1786477145.814067 s3e1-90ff1266:1 s4e1-b16c535e:1 s5e1-a20594e7:1
1786477145.838882 s4e1-b16c535e:1 s5e1-a20594e7:1 s6e1-bfb0bab6:68E
1786477145.911750 s4e1-b16c535e:1 s5e1-a20594e7:1 s6e1-bfb0bab6:1
1786477145.934973 s4e1-b16c535e:1 s5e1-a20594e7:1 s6e1-bfb0bab6:1
1786477145.958278 s4e1-b16c535e:1 s5e1-a20594e7:1 s6e1-bfb0bab6:1
1786477145.981554 s4e1-b16c535e:1 s5e1-a20594e7:1 s6e1-bfb0bab6:1
1786477146.004991 s4e1-b16c535e:1 s5e1-a20594e7:1 s6e1-bfb0bab6:1
1786477146.030000 s4e1-b16c535e:1 s5e1-a20594e7:1 s6e1-bfb0bab6:1
1786477146.055770 s4e1-b16c535e:1 s5e1-a20594e7:1 s6e1-bfb0bab6:1
1786477146.079531 s4e1-b16c535e:1 s5e1-a20594e7:1 s6e1-bfb0bab6:1
1786477146.104135 s5e1-a20594e7:1 s6e1-bfb0bab6:1 s7e1-865d313a:61E
1786477146.166656 s5e1-a20594e7:1 s6e1-bfb0bab6:1 s7e1-865d313a:1
1786477146.190222 s5e1-a20594e7:1 s6e1-bfb0bab6:1 s7e1-865d313a:1
1786477146.214005 s5e1-a20594e7:1 s6e1-bfb0bab6:1 s7e1-865d313a:1
1786477146.237470 s5e1-a20594e7:1 s6e1-bfb0bab6:1 s7e1-865d313a:1
1786477146.260818 s5e1-a20594e7:1 s6e1-bfb0bab6:1 s7e1-865d313a:1
1786477146.285815 s5e1-a20594e7:1 s6e1-bfb0bab6:1 s7e1-865d313a:1
1786477146.312640 s5e1-a20594e7:1 s6e1-bfb0bab6:1 s7e1-865d313a:1
1786477146.336438 s5e1-a20594e7:1 s6e1-bfb0bab6:1 s7e1-865d313a:1
1786477146.360523 s6e1-bfb0bab6:1 s7e1-865d313a:1
1786477146.383425 s6e1-bfb0bab6:1 s7e1-865d313a:1 s8e1-91f4c90a:55E
1786477146.445506 s6e1-bfb0bab6:1 s7e1-865d313a:1 s8e1-91f4c90a:1
1786477146.468690 s6e1-bfb0bab6:1 s7e1-865d313a:1 s8e1-91f4c90a:1
1786477146.493389 s6e1-bfb0bab6:1 s7e1-865d313a:1 s8e1-91f4c90a:1
1786477146.519579 s6e1-bfb0bab6:1 s7e1-865d313a:1 s8e1-91f4c90a:1
1786477146.543222 s6e1-bfb0bab6:1 s7e1-865d313a:1 s8e1-91f4c90a:1
1786477146.567316 s7e1-865d313a:1 s8e1-91f4c90a:1
1786477146.590575 s7e1-865d313a:1 s8e1-91f4c90a:1 s1e1-b3a16e41:58E
1786477146.652158 s7e1-865d313a:1 s8e1-91f4c90a:1 s1e1-b3a16e41:1
1786477146.675436 s7e1-865d313a:1 s8e1-91f4c90a:1 s1e1-b3a16e41:1
1786477146.698802 s7e1-865d313a:1 s8e1-91f4c90a:1 s1e1-b3a16e41:1
1786477146.722121 s7e1-865d313a:1 s8e1-91f4c90a:1 s1e1-b3a16e41:1
1786477146.746917 s7e1-865d313a:1 s8e1-91f4c90a:1 s1e1-b3a16e41:1
1786477146.773402 s7e1-865d313a:1 s8e1-91f4c90a:1 s1e1-b3a16e41:1
1786477146.797324 s7e1-865d313a:1 s8e1-91f4c90a:1 s1e1-b3a16e41:1
1786477146.821925 s8e1-91f4c90a:1 s1e1-b3a16e41:1 s2e1-9f23d8fd:69E
1786477146.895643 s8e1-91f4c90a:1 s1e1-b3a16e41:1 s2e1-9f23d8fd:1
1786477146.919067 s8e1-91f4c90a:1 s1e1-b3a16e41:1 s2e1-9f23d8fd:1
1786477146.942390 s8e1-91f4c90a:1 s1e1-b3a16e41:1 s2e1-9f23d8fd:1
1786477146.965755 s8e1-91f4c90a:1 s1e1-b3a16e41:1 s2e1-9f23d8fd:1
1786477146.990752 s8e1-91f4c90a:1 s1e1-b3a16e41:1 s2e1-9f23d8fd:1
1786477147.017310 s8e1-91f4c90a:1 s1e1-b3a16e41:1 s2e1-9f23d8fd:1
1786477147.041049 s8e1-91f4c90a:1 s1e1-b3a16e41:1 s2e1-9f23d8fd:1
1786477147.064470 s8e1-91f4c90a:1 s1e1-b3a16e41:1 s2e1-9f23d8fd:1
1786477147.088519 s8e1-91f4c90a:1 s1e1-b3a16e41:1 s2e1-9f23d8fd:1 s3e1-90ff1266:62E
1786477147.162442 s1e1-b3a16e41:1 s2e1-9f23d8fd:1 s3e1-90ff1266:1
1786477147.186170 s1e1-b3a16e41:1 s2e1-9f23d8fd:1 s3e1-90ff1266:1
1786477147.209656 s1e1-b3a16e41:1 s2e1-9f23d8fd:1 s3e1-90ff1266:1
1786477147.232828 s1e1-b3a16e41:1 s2e1-9f23d8fd:1 s3e1-90ff1266:1
1786477147.258601 s1e1-b3a16e41:1 s2e1-9f23d8fd:1 s3e1-90ff1266:1
1786477147.284867 s1e1-b3a16e41:1 s2e1-9f23d8fd:1 s3e1-90ff1266:1
1786477147.308691 s1e1-b3a16e41:1 s2e1-9f23d8fd:1 s3e1-90ff1266:1
1786477147.333320 s2e1-9f23d8fd:1 s3e1-90ff1266:1 s4e1-b16c535e:65E
1786477147.406237 s2e1-9f23d8fd:1 s3e1-90ff1266:1 s4e1-b16c535e:1
1786477147.429307 s2e1-9f23d8fd:1 s3e1-90ff1266:1 s4e1-b16c535e:1
1786477147.454052 s2e1-9f23d8fd:1 s3e1-90ff1266:1 s4e1-b16c535e:1
1786477147.477328 s2e1-9f23d8fd:1 s3e1-90ff1266:1 s4e1-b16c535e:1
1786477147.503376 s2e1-9f23d8fd:1 s3e1-90ff1266:1 s4e1-b16c535e:1
1786477147.526787 s2e1-9f23d8fd:1 s3e1-90ff1266:1 s4e1-b16c535e:1
1786477147.550873 s2e1-9f23d8fd:1 s3e1-90ff1266:1 s4e1-b16c535e:1 s5e1-a20594e7:59E
1786477147.613437 s3e1-90ff1266:1 s4e1-b16c535e:1 s5e1-a20594e7:1
1786477147.636934 s3e1-90ff1266:1 s4e1-b16c535e:1 s5e1-a20594e7:1
1786477147.660373 s3e1-90ff1266:1 s4e1-b16c535e:1 s5e1-a20594e7:1
1786477147.683885 s3e1-90ff1266:1 s4e1-b16c535e:1 s5e1-a20594e7:1
1786477147.707358 s3e1-90ff1266:1 s4e1-b16c535e:1 s5e1-a20594e7:1
1786477147.730845 s3e1-90ff1266:1 s4e1-b16c535e:1 s5e1-a20594e7:1
1786477147.754340 s3e1-90ff1266:1 s4e1-b16c535e:1 s5e1-a20594e7:1
1786477147.779367 s3e1-90ff1266:1 s4e1-b16c535e:1 s5e1-a20594e7:1
1786477147.806534 s3e1-90ff1266:1 s4e1-b16c535e:1 s5e1-a20594e7:1
1786477147.830881 s4e1-b16c535e:1 s5e1-a20594e7:1
1786477147.853846 s4e1-b16c535e:1 s5e1-a20594e7:1 s6e1-bfb0bab6:65E
1786477147.926785 s4e1-b16c535e:1 s5e1-a20594e7:1 s6e1-bfb0bab6:1
1786477147.949951 s4e1-b16c535e:1 s5e1-a20594e7:1 s6e1-bfb0bab6:1
1786477147.974860 s4e1-b16c535e:1 s5e1-a20594e7:1 s6e1-bfb0bab6:1
1786477148.001383 s4e1-b16c535e:1 s5e1-a20594e7:1 s6e1-bfb0bab6:1
1786477148.025092 s4e1-b16c535e:1 s5e1-a20594e7:1 s6e1-bfb0bab6:1
1786477148.048366 s4e1-b16c535e:1 s5e1-a20594e7:1 s6e1-bfb0bab6:1
1786477148.073092 s5e1-a20594e7:1 s6e1-bfb0bab6:1 s7e1-865d313a:58E
1786477148.134955 s5e1-a20594e7:1 s6e1-bfb0bab6:1 s7e1-865d313a:1
1786477148.158163 s5e1-a20594e7:1 s6e1-bfb0bab6:1 s7e1-865d313a:1
1786477148.181474 s5e1-a20594e7:1 s6e1-bfb0bab6:1 s7e1-865d313a:1
1786477148.205067 s5e1-a20594e7:1 s6e1-bfb0bab6:1 s7e1-865d313a:1
1786477148.228300 s5e1-a20594e7:1 s6e1-bfb0bab6:1 s7e1-865d313a:1
1786477148.253355 s5e1-a20594e7:1 s6e1-bfb0bab6:1 s7e1-865d313a:1
1786477148.277542 s6e1-bfb0bab6:1 s7e1-865d313a:1
1786477148.301919 s6e1-bfb0bab6:1 s7e1-865d313a:1
1786477148.324609 s6e1-bfb0bab6:1 s7e1-865d313a:1
1786477148.347522 s6e1-bfb0bab6:1 s7e1-865d313a:1 s8e1-91f4c90a:68E
1786477148.420250 s6e1-bfb0bab6:1 s7e1-865d313a:1 s8e1-91f4c90a:1
1786477148.443303 s6e1-bfb0bab6:1 s7e1-865d313a:1 s8e1-91f4c90a:1
1786477148.466631 s6e1-bfb0bab6:1 s7e1-865d313a:1 s8e1-91f4c90a:1
1786477148.491635 s6e1-bfb0bab6:1 s7e1-865d313a:1 s8e1-91f4c90a:1
1786477148.514993 s6e1-bfb0bab6:1 s7e1-865d313a:1 s8e1-91f4c90a:1
1786477148.541209 s6e1-bfb0bab6:1 s7e1-865d313a:1 s8e1-91f4c90a:1
1786477148.564602 s6e1-bfb0bab6:1 s7e1-865d313a:1 s8e1-91f4c90a:1
1786477148.589331 s7e1-865d313a:1 s8e1-91f4c90a:1 s1e1-b3a16e41:55E
1786477148.652081 s7e1-865d313a:1 s8e1-91f4c90a:1 s1e1-b3a16e41:1
1786477148.675314 s7e1-865d313a:1 s8e1-91f4c90a:1 s1e1-b3a16e41:1
1786477148.698686 s7e1-865d313a:1 s8e1-91f4c90a:1 s1e1-b3a16e41:1
1786477148.722098 s7e1-865d313a:1 s8e1-91f4c90a:1 s1e1-b3a16e41:1
1786477148.747224 s7e1-865d313a:1 s8e1-91f4c90a:1 s1e1-b3a16e41:1
1786477148.770586 s7e1-865d313a:1 s8e1-91f4c90a:1 s1e1-b3a16e41:1
1786477148.797930 s8e1-91f4c90a:1 s1e1-b3a16e41:1
1786477148.820472 s8e1-91f4c90a:1 s1e1-b3a16e41:1
1786477148.843738 s8e1-91f4c90a:1 s1e1-b3a16e41:1 s2e1-9f23d8fd:66E
1786477148.916789 s8e1-91f4c90a:1 s1e1-b3a16e41:1 s2e1-9f23d8fd:1
1786477148.939809 s8e1-91f4c90a:1 s1e1-b3a16e41:1 s2e1-9f23d8fd:1
1786477148.963056 s8e1-91f4c90a:1 s1e1-b3a16e41:1 s2e1-9f23d8fd:1
1786477148.986460 s8e1-91f4c90a:1 s1e1-b3a16e41:1 s2e1-9f23d8fd:1
1786477149.011336 s8e1-91f4c90a:1 s1e1-b3a16e41:1 s2e1-9f23d8fd:1
1786477149.034695 s8e1-91f4c90a:1 s1e1-b3a16e41:1 s2e1-9f23d8fd:1
1786477149.061188 s8e1-91f4c90a:1 s1e1-b3a16e41:1 s2e1-9f23d8fd:1
1786477149.085199 s1e1-b3a16e41:1 s2e1-9f23d8fd:1
1786477149.108399 s1e1-b3a16e41:1 s2e1-9f23d8fd:1 s3e1-90ff1266:59E
1786477149.170253 s1e1-b3a16e41:1 s2e1-9f23d8fd:1 s3e1-90ff1266:1
1786477149.193408 s1e1-b3a16e41:1 s2e1-9f23d8fd:1 s3e1-90ff1266:1
1786477149.216704 s1e1-b3a16e41:1 s2e1-9f23d8fd:1 s3e1-90ff1266:1
1786477149.241727 s1e1-b3a16e41:1 s2e1-9f23d8fd:1 s3e1-90ff1266:1
1786477149.265274 s1e1-b3a16e41:1 s2e1-9f23d8fd:1 s3e1-90ff1266:1
1786477149.291657 s1e1-b3a16e41:1 s2e1-9f23d8fd:1 s3e1-90ff1266:1
1786477149.315595 s2e1-9f23d8fd:1 s3e1-90ff1266:1
1786477149.338828 s2e1-9f23d8fd:1 s3e1-90ff1266:1 s4e1-b16c535e:62E
1786477149.399573 s2e1-9f23d8fd:1 s3e1-90ff1266:1 s4e1-b16c535e:1
1786477149.422849 s2e1-9f23d8fd:1 s3e1-90ff1266:1 s4e1-b16c535e:1
1786477149.446446 s2e1-9f23d8fd:1 s3e1-90ff1266:1 s4e1-b16c535e:1
1786477149.469670 s2e1-9f23d8fd:1 s3e1-90ff1266:1 s4e1-b16c535e:1
1786477149.494561 s2e1-9f23d8fd:1 s3e1-90ff1266:1 s4e1-b16c535e:1
1786477149.521250 s2e1-9f23d8fd:1 s3e1-90ff1266:1 s4e1-b16c535e:1
1786477149.544968 s2e1-9f23d8fd:1 s3e1-90ff1266:1 s4e1-b16c535e:1
1786477149.568921 s3e1-90ff1266:1 s4e1-b16c535e:1
1786477149.592034 s3e1-90ff1266:1 s4e1-b16c535e:1 s5e1-a20594e7:56E
1786477149.653810 s3e1-90ff1266:1 s4e1-b16c535e:1 s5e1-a20594e7:1
1786477149.677007 s3e1-90ff1266:1 s4e1-b16c535e:1 s5e1-a20594e7:1
1786477149.700260 s3e1-90ff1266:1 s4e1-b16c535e:1 s5e1-a20594e7:1
1786477149.725233 s3e1-90ff1266:1 s4e1-b16c535e:1 s5e1-a20594e7:1
1786477149.748864 s3e1-90ff1266:1 s4e1-b16c535e:1 s5e1-a20594e7:1
1786477149.775262 s3e1-90ff1266:1 s4e1-b16c535e:1 s5e1-a20594e7:1
1786477149.799363 s3e1-90ff1266:1 s4e1-b16c535e:1 s5e1-a20594e7:1 s6e1-bfb0bab6:62E
1786477149.873477 s4e1-b16c535e:1 s5e1-a20594e7:1 s6e1-bfb0bab6:1
1786477149.896858 s4e1-b16c535e:1 s5e1-a20594e7:1 s6e1-bfb0bab6:1
1786477149.920250 s4e1-b16c535e:1 s5e1-a20594e7:1 s6e1-bfb0bab6:1
1786477149.943469 s4e1-b16c535e:1 s5e1-a20594e7:1 s6e1-bfb0bab6:1
1786477149.968298 s4e1-b16c535e:1 s5e1-a20594e7:1 s6e1-bfb0bab6:1
1786477149.991634 s4e1-b16c535e:1 s5e1-a20594e7:1 s6e1-bfb0bab6:1
1786477150.017910 s4e1-b16c535e:1 s5e1-a20594e7:1 s6e1-bfb0bab6:1
1786477150.041189 s4e1-b16c535e:1 s5e1-a20594e7:1 s6e1-bfb0bab6:1
1786477150.065817 s5e1-a20594e7:1 s6e1-bfb0bab6:1 s7e1-865d313a:55E
1786477150.127991 s5e1-a20594e7:1 s6e1-bfb0bab6:1 s7e1-865d313a:1
1786477150.151212 s5e1-a20594e7:1 s6e1-bfb0bab6:1 s7e1-865d313a:1
1786477150.174495 s5e1-a20594e7:1 s6e1-bfb0bab6:1 s7e1-865d313a:1
1786477150.197807 s5e1-a20594e7:1 s6e1-bfb0bab6:1 s7e1-865d313a:1
1786477150.221120 s5e1-a20594e7:1 s6e1-bfb0bab6:1 s7e1-865d313a:1
1786477150.246163 s5e1-a20594e7:1 s6e1-bfb0bab6:1 s7e1-865d313a:1
1786477150.269581 s5e1-a20594e7:1 s6e1-bfb0bab6:1 s7e1-865d313a:1
1786477150.296005 s5e1-a20594e7:1 s6e1-bfb0bab6:1 s7e1-865d313a:1
1786477150.320075 s6e1-bfb0bab6:1 s7e1-865d313a:1
1786477150.343318 s6e1-bfb0bab6:1 s7e1-865d313a:1 s8e1-91f4c90a:65E
1786477150.417150 s6e1-bfb0bab6:1 s7e1-865d313a:1 s8e1-91f4c90a:1
1786477150.440321 s6e1-bfb0bab6:1 s7e1-865d313a:1 s8e1-91f4c90a:1
1786477150.463698 s6e1-bfb0bab6:1 s7e1-865d313a:1 s8e1-91f4c90a:1
1786477150.487110 s6e1-bfb0bab6:1 s7e1-865d313a:1 s8e1-91f4c90a:1
1786477150.512202 s6e1-bfb0bab6:1 s7e1-865d313a:1 s8e1-91f4c90a:1
1786477150.539974 s7e1-865d313a:1 s8e1-91f4c90a:1
1786477150.562800 s7e1-865d313a:1 s8e1-91f4c90a:1
1786477150.585962 s7e1-865d313a:1 s8e1-91f4c90a:1 s1e1-b3a16e41:68E
1786477150.659397 s7e1-865d313a:1 s8e1-91f4c90a:1 s1e1-b3a16e41:1
1786477150.682591 s7e1-865d313a:1 s8e1-91f4c90a:1 s1e1-b3a16e41:1
1786477150.706002 s7e1-865d313a:1 s8e1-91f4c90a:1 s1e1-b3a16e41:1
1786477150.729504 s7e1-865d313a:1 s8e1-91f4c90a:1 s1e1-b3a16e41:1
1786477150.754778 s7e1-865d313a:1 s8e1-91f4c90a:1 s1e1-b3a16e41:1
1786477150.778252 s7e1-865d313a:1 s8e1-91f4c90a:1 s1e1-b3a16e41:1
1786477150.805735 s8e1-91f4c90a:1 s1e1-b3a16e41:1
1786477150.828404 s8e1-91f4c90a:1 s1e1-b3a16e41:1
1786477150.851532 s8e1-91f4c90a:1 s1e1-b3a16e41:1 s2e1-9f23d8fd:63E
1786477150.925360 s8e1-91f4c90a:1 s1e1-b3a16e41:1 s2e1-9f23d8fd:1
1786477150.948804 s8e1-91f4c90a:1 s1e1-b3a16e41:1 s2e1-9f23d8fd:1
1786477150.971921 s8e1-91f4c90a:1 s1e1-b3a16e41:1 s2e1-9f23d8fd:1
1786477150.995245 s8e1-91f4c90a:1 s1e1-b3a16e41:1 s2e1-9f23d8fd:1
1786477151.020110 s8e1-91f4c90a:1 s1e1-b3a16e41:1 s2e1-9f23d8fd:1
1786477151.047512 s8e1-91f4c90a:1 s1e1-b3a16e41:1 s2e1-9f23d8fd:1
1786477151.071239 s8e1-91f4c90a:1 s1e1-b3a16e41:1 s2e1-9f23d8fd:1
1786477151.095905 s1e1-b3a16e41:1 s2e1-9f23d8fd:1 s3e1-90ff1266:56E
1786477151.158572 s1e1-b3a16e41:1 s2e1-9f23d8fd:1 s3e1-90ff1266:1
1786477151.181640 s1e1-b3a16e41:1 s2e1-9f23d8fd:1 s3e1-90ff1266:1
1786477151.204972 s1e1-b3a16e41:1 s2e1-9f23d8fd:1 s3e1-90ff1266:1
1786477151.228312 s1e1-b3a16e41:1 s2e1-9f23d8fd:1 s3e1-90ff1266:1
1786477151.251779 s1e1-b3a16e41:1 s2e1-9f23d8fd:1 s3e1-90ff1266:1
1786477151.277296 s1e1-b3a16e41:1 s2e1-9f23d8fd:1 s3e1-90ff1266:1
1786477151.300698 s1e1-b3a16e41:1 s2e1-9f23d8fd:1 s3e1-90ff1266:1
1786477151.327994 s2e1-9f23d8fd:1 s3e1-90ff1266:1
1786477151.351225 s2e1-9f23d8fd:1 s3e1-90ff1266:1 s4e1-b16c535e:59E
1786477151.413873 s2e1-9f23d8fd:1 s3e1-90ff1266:1 s4e1-b16c535e:1
1786477151.436971 s2e1-9f23d8fd:1 s3e1-90ff1266:1 s4e1-b16c535e:1
1786477151.460207 s2e1-9f23d8fd:1 s3e1-90ff1266:1 s4e1-b16c535e:1
1786477151.483572 s2e1-9f23d8fd:1 s3e1-90ff1266:1 s4e1-b16c535e:1
1786477151.508638 s2e1-9f23d8fd:1 s3e1-90ff1266:1 s4e1-b16c535e:1
1786477151.532161 s2e1-9f23d8fd:1 s3e1-90ff1266:1 s4e1-b16c535e:1
1786477151.558349 s2e1-9f23d8fd:1 s3e1-90ff1266:1 s4e1-b16c535e:1
1786477151.582856 s3e1-90ff1266:1 s4e1-b16c535e:1 s5e1-a20594e7:69E
1786477151.655545 s3e1-90ff1266:1 s4e1-b16c535e:1 s5e1-a20594e7:1
1786477151.678642 s3e1-90ff1266:1 s4e1-b16c535e:1 s5e1-a20594e7:1
1786477151.702015 s3e1-90ff1266:1 s4e1-b16c535e:1 s5e1-a20594e7:1
1786477151.725420 s3e1-90ff1266:1 s4e1-b16c535e:1 s5e1-a20594e7:1
1786477151.748778 s3e1-90ff1266:1 s4e1-b16c535e:1 s5e1-a20594e7:1
1786477151.772223 s3e1-90ff1266:1 s4e1-b16c535e:1 s5e1-a20594e7:1
1786477151.797253 s3e1-90ff1266:1 s4e1-b16c535e:1 s5e1-a20594e7:1
1786477151.821374 s4e1-b16c535e:1 s5e1-a20594e7:1
1786477151.846612 s4e1-b16c535e:1 s5e1-a20594e7:1
1786477151.868969 s4e1-b16c535e:1 s5e1-a20594e7:1
1786477151.892170 s4e1-b16c535e:1 s5e1-a20594e7:1 s6e1-bfb0bab6:59E
1786477151.954932 s4e1-b16c535e:1 s5e1-a20594e7:1 s6e1-bfb0bab6:1
1786477151.978122 s4e1-b16c535e:1 s5e1-a20594e7:1 s6e1-bfb0bab6:1
1786477152.001730 s4e1-b16c535e:1 s5e1-a20594e7:1 s6e1-bfb0bab6:1
1786477152.026610 s4e1-b16c535e:1 s5e1-a20594e7:1 s6e1-bfb0bab6:1
1786477152.053726 s4e1-b16c535e:1 s5e1-a20594e7:1 s6e1-bfb0bab6:1
1786477152.078146 s5e1-a20594e7:1 s6e1-bfb0bab6:1
1786477152.101247 s5e1-a20594e7:1 s6e1-bfb0bab6:1 s7e1-865d313a:68E
1786477152.174691 s5e1-a20594e7:1 s6e1-bfb0bab6:1 s7e1-865d313a:1
1786477152.197765 s5e1-a20594e7:1 s6e1-bfb0bab6:1 s7e1-865d313a:1
1786477152.221058 s5e1-a20594e7:1 s6e1-bfb0bab6:1 s7e1-865d313a:1
1786477152.244378 s5e1-a20594e7:1 s6e1-bfb0bab6:1 s7e1-865d313a:1
1786477152.267700 s5e1-a20594e7:1 s6e1-bfb0bab6:1 s7e1-865d313a:1
1786477152.292546 s5e1-a20594e7:1 s6e1-bfb0bab6:1 s7e1-865d313a:1
1786477152.316615 s6e1-bfb0bab6:1 s7e1-865d313a:1
1786477152.341721 s6e1-bfb0bab6:1 s7e1-865d313a:1
1786477152.364184 s6e1-bfb0bab6:1 s7e1-865d313a:1
1786477152.387300 s6e1-bfb0bab6:1 s7e1-865d313a:1 s8e1-91f4c90a:62E
1786477152.447965 s6e1-bfb0bab6:1 s7e1-865d313a:1 s8e1-91f4c90a:1
1786477152.471202 s6e1-bfb0bab6:1 s7e1-865d313a:1 s8e1-91f4c90a:1
1786477152.496164 s6e1-bfb0bab6:1 s7e1-865d313a:1 s8e1-91f4c90a:1
1786477152.519566 s6e1-bfb0bab6:1 s7e1-865d313a:1 s8e1-91f4c90a:1
1786477152.547102 s6e1-bfb0bab6:1 s7e1-865d313a:1 s8e1-91f4c90a:1
1786477152.570953 s6e1-bfb0bab6:1 s7e1-865d313a:1 s8e1-91f4c90a:1 s1e1-b3a16e41:65E
1786477152.644334 s6e1-bfb0bab6:1 s7e1-865d313a:1 s8e1-91f4c90a:1 s1e1-b3a16e41:1
1786477152.668478 s7e1-865d313a:1 s8e1-91f4c90a:1 s1e1-b3a16e41:1
1786477152.691967 s7e1-865d313a:1 s8e1-91f4c90a:1 s1e1-b3a16e41:1
1786477152.715292 s7e1-865d313a:1 s8e1-91f4c90a:1 s1e1-b3a16e41:1
1786477152.738709 s7e1-865d313a:1 s8e1-91f4c90a:1 s1e1-b3a16e41:1
1786477152.763856 s7e1-865d313a:1 s8e1-91f4c90a:1 s1e1-b3a16e41:1
1786477152.787300 s7e1-865d313a:1 s8e1-91f4c90a:1 s1e1-b3a16e41:1
1786477152.814331 s7e1-865d313a:1 s8e1-91f4c90a:1 s1e1-b3a16e41:1
1786477152.839154 s8e1-91f4c90a:1 s1e1-b3a16e41:1 s2e1-9f23d8fd:60E
1786477152.902112 s8e1-91f4c90a:1 s1e1-b3a16e41:1 s2e1-9f23d8fd:1
1786477152.925254 s8e1-91f4c90a:1 s1e1-b3a16e41:1 s2e1-9f23d8fd:1
1786477152.948588 s8e1-91f4c90a:1 s1e1-b3a16e41:1 s2e1-9f23d8fd:1
1786477152.972102 s8e1-91f4c90a:1 s1e1-b3a16e41:1 s2e1-9f23d8fd:1
1786477152.997167 s8e1-91f4c90a:1 s1e1-b3a16e41:1 s2e1-9f23d8fd:1
1786477153.020482 s8e1-91f4c90a:1 s1e1-b3a16e41:1 s2e1-9f23d8fd:1
1786477153.047998 s8e1-91f4c90a:1 s1e1-b3a16e41:1 s2e1-9f23d8fd:1
1786477153.071947 s8e1-91f4c90a:1 s1e1-b3a16e41:1 s2e1-9f23d8fd:1 s3e1-90ff1266:69E
1786477153.144827 s8e1-91f4c90a:1 s1e1-b3a16e41:1 s2e1-9f23d8fd:1 s3e1-90ff1266:1
1786477153.168805 s1e1-b3a16e41:1 s2e1-9f23d8fd:1 s3e1-90ff1266:1
1786477153.192203 s1e1-b3a16e41:1 s2e1-9f23d8fd:1 s3e1-90ff1266:1
1786477153.215497 s1e1-b3a16e41:1 s2e1-9f23d8fd:1 s3e1-90ff1266:1
1786477153.238825 s1e1-b3a16e41:1 s2e1-9f23d8fd:1 s3e1-90ff1266:1
1786477153.262316 s1e1-b3a16e41:1 s2e1-9f23d8fd:1 s3e1-90ff1266:1
1786477153.287538 s1e1-b3a16e41:1 s2e1-9f23d8fd:1 s3e1-90ff1266:1
1786477153.311643 s2e1-9f23d8fd:1 s3e1-90ff1266:1
1786477153.337038 s2e1-9f23d8fd:1 s3e1-90ff1266:1
1786477153.359551 s2e1-9f23d8fd:1 s3e1-90ff1266:1
1786477153.382695 s2e1-9f23d8fd:1 s3e1-90ff1266:1 s4e1-b16c535e:56E
1786477153.446397 s2e1-9f23d8fd:1 s3e1-90ff1266:1 s4e1-b16c535e:1
1786477153.469885 s2e1-9f23d8fd:1 s3e1-90ff1266:1 s4e1-b16c535e:1
1786477153.493229 s2e1-9f23d8fd:1 s3e1-90ff1266:1 s4e1-b16c535e:1
1786477153.517249 s2e1-9f23d8fd:1 s3e1-90ff1266:1 s4e1-b16c535e:1
1786477153.543239 s2e1-9f23d8fd:1 s3e1-90ff1266:1 s4e1-b16c535e:1
1786477153.567709 s3e1-90ff1266:1 s4e1-b16c535e:1
1786477153.593776 s3e1-90ff1266:1 s4e1-b16c535e:1
1786477153.616880 s3e1-90ff1266:1 s4e1-b16c535e:1 s5e1-a20594e7:66E
1786477153.691107 s3e1-90ff1266:1 s4e1-b16c535e:1 s5e1-a20594e7:1
1786477153.714248 s3e1-90ff1266:1 s4e1-b16c535e:1 s5e1-a20594e7:1
1786477153.737524 s3e1-90ff1266:1 s4e1-b16c535e:1 s5e1-a20594e7:1
1786477153.760997 s3e1-90ff1266:1 s4e1-b16c535e:1 s5e1-a20594e7:1
1786477153.786495 s3e1-90ff1266:1 s4e1-b16c535e:1 s5e1-a20594e7:1
1786477153.810672 s4e1-b16c535e:1 s5e1-a20594e7:1
1786477153.835975 s4e1-b16c535e:1 s5e1-a20594e7:1
1786477153.858469 s4e1-b16c535e:1 s5e1-a20594e7:1
1786477153.881703 s4e1-b16c535e:1 s5e1-a20594e7:1 s6e1-bfb0bab6:56E
1786477153.945274 s4e1-b16c535e:1 s5e1-a20594e7:1 s6e1-bfb0bab6:1
1786477153.968626 s4e1-b16c535e:1 s5e1-a20594e7:1 s6e1-bfb0bab6:1
1786477153.992164 s4e1-b16c535e:1 s5e1-a20594e7:1 s6e1-bfb0bab6:1
1786477154.015604 s4e1-b16c535e:1 s5e1-a20594e7:1 s6e1-bfb0bab6:1
1786477154.040689 s4e1-b16c535e:1 s5e1-a20594e7:1 s6e1-bfb0bab6:1
1786477154.064071 s4e1-b16c535e:1 s5e1-a20594e7:1 s6e1-bfb0bab6:1
1786477154.091213 s4e1-b16c535e:1 s5e1-a20594e7:1 s6e1-bfb0bab6:1
1786477154.115855 s5e1-a20594e7:1 s6e1-bfb0bab6:1 s7e1-865d313a:65E
1786477154.189739 s5e1-a20594e7:1 s6e1-bfb0bab6:1 s7e1-865d313a:1
1786477154.212812 s5e1-a20594e7:1 s6e1-bfb0bab6:1 s7e1-865d313a:1
1786477154.236043 s5e1-a20594e7:1 s6e1-bfb0bab6:1 s7e1-865d313a:1
1786477154.259356 s5e1-a20594e7:1 s6e1-bfb0bab6:1 s7e1-865d313a:1
1786477154.284404 s5e1-a20594e7:1 s6e1-bfb0bab6:1 s7e1-865d313a:1
1786477154.311819 s5e1-a20594e7:1 s6e1-bfb0bab6:1 s7e1-865d313a:1
1786477154.335368 s5e1-a20594e7:1 s6e1-bfb0bab6:1 s7e1-865d313a:1
1786477154.360125 s6e1-bfb0bab6:1 s7e1-865d313a:1 s8e1-91f4c90a:59E
1786477154.422657 s6e1-bfb0bab6:1 s7e1-865d313a:1 s8e1-91f4c90a:1
1786477154.445806 s6e1-bfb0bab6:1 s7e1-865d313a:1 s8e1-91f4c90a:1
1786477154.470571 s6e1-bfb0bab6:1 s7e1-865d313a:1 s8e1-91f4c90a:1
1786477154.493914 s6e1-bfb0bab6:1 s7e1-865d313a:1 s8e1-91f4c90a:1
1786477154.521605 s6e1-bfb0bab6:1 s7e1-865d313a:1 s8e1-91f4c90a:1
1786477154.545922 s6e1-bfb0bab6:1 s7e1-865d313a:1 s8e1-91f4c90a:1 s1e1-b3a16e41:62E
1786477154.620293 s6e1-bfb0bab6:1 s7e1-865d313a:1 s8e1-91f4c90a:1 s1e1-b3a16e41:1
1786477154.643951 s6e1-bfb0bab6:1 s7e1-865d313a:1 s8e1-91f4c90a:1 s1e1-b3a16e41:1
1786477154.668160 s7e1-865d313a:1 s8e1-91f4c90a:1 s1e1-b3a16e41:1
1786477154.691602 s7e1-865d313a:1 s8e1-91f4c90a:1 s1e1-b3a16e41:1
1786477154.714964 s7e1-865d313a:1 s8e1-91f4c90a:1 s1e1-b3a16e41:1
1786477154.739935 s7e1-865d313a:1 s8e1-91f4c90a:1 s1e1-b3a16e41:1
1786477154.767777 s7e1-865d313a:1 s8e1-91f4c90a:1 s1e1-b3a16e41:1
1786477154.791677 s7e1-865d313a:1 s8e1-91f4c90a:1 s1e1-b3a16e41:1
1786477154.814926 s7e1-865d313a:1 s8e1-91f4c90a:1 s1e1-b3a16e41:1
1786477154.839047 s7e1-865d313a:1 s8e1-91f4c90a:1 s1e1-b3a16e41:1 s2e1-9f23d8fd:57E
1786477154.903852 s8e1-91f4c90a:1 s1e1-b3a16e41:1 s2e1-9f23d8fd:1
1786477154.927563 s8e1-91f4c90a:1 s1e1-b3a16e41:1 s2e1-9f23d8fd:1
1786477154.952486 s8e1-91f4c90a:1 s1e1-b3a16e41:1 s2e1-9f23d8fd:1
1786477154.975955 s8e1-91f4c90a:1 s1e1-b3a16e41:1 s2e1-9f23d8fd:1
1786477155.003412 s8e1-91f4c90a:1 s1e1-b3a16e41:1 s2e1-9f23d8fd:1
1786477155.027377 s8e1-91f4c90a:1 s1e1-b3a16e41:1 s2e1-9f23d8fd:1 s3e1-90ff1266:66E
1786477155.101146 s8e1-91f4c90a:1 s1e1-b3a16e41:1 s2e1-9f23d8fd:1 s3e1-90ff1266:1
1786477155.124657 s8e1-91f4c90a:1 s1e1-b3a16e41:1 s2e1-9f23d8fd:1 s3e1-90ff1266:1
1786477155.148790 s1e1-b3a16e41:1 s2e1-9f23d8fd:1 s3e1-90ff1266:1
1786477155.172290 s1e1-b3a16e41:1 s2e1-9f23d8fd:1 s3e1-90ff1266:1
1786477155.195637 s1e1-b3a16e41:1 s2e1-9f23d8fd:1 s3e1-90ff1266:1
1786477155.220574 s1e1-b3a16e41:1 s2e1-9f23d8fd:1 s3e1-90ff1266:1
1786477155.244070 s1e1-b3a16e41:1 s2e1-9f23d8fd:1 s3e1-90ff1266:1
1786477155.271254 s1e1-b3a16e41:1 s2e1-9f23d8fd:1 s3e1-90ff1266:1
1786477155.295315 s2e1-9f23d8fd:1 s3e1-90ff1266:1
1786477155.320378 s2e1-9f23d8fd:1 s3e1-90ff1266:1 s4e1-b16c535e:69E
1786477155.393930 s2e1-9f23d8fd:1 s3e1-90ff1266:1 s4e1-b16c535e:1
1786477155.416996 s2e1-9f23d8fd:1 s3e1-90ff1266:1 s4e1-b16c535e:1
1786477155.440259 s2e1-9f23d8fd:1 s3e1-90ff1266:1 s4e1-b16c535e:1
1786477155.465156 s2e1-9f23d8fd:1 s3e1-90ff1266:1 s4e1-b16c535e:1
1786477155.488838 s2e1-9f23d8fd:1 s3e1-90ff1266:1 s4e1-b16c535e:1
1786477155.515803 s2e1-9f23d8fd:1 s3e1-90ff1266:1 s4e1-b16c535e:1
1786477155.539227 s2e1-9f23d8fd:1 s3e1-90ff1266:1 s4e1-b16c535e:1
1786477155.563300 s2e1-9f23d8fd:1 s3e1-90ff1266:1 s4e1-b16c535e:1 s5e1-a20594e7:63E
1786477155.637517 s3e1-90ff1266:1 s4e1-b16c535e:1 s5e1-a20594e7:1
1786477155.661004 s3e1-90ff1266:1 s4e1-b16c535e:1 s5e1-a20594e7:1
1786477155.684222 s3e1-90ff1266:1 s4e1-b16c535e:1 s5e1-a20594e7:1
1786477155.709064 s3e1-90ff1266:1 s4e1-b16c535e:1 s5e1-a20594e7:1
1786477155.732454 s3e1-90ff1266:1 s4e1-b16c535e:1 s5e1-a20594e7:1
1786477155.760235 s3e1-90ff1266:1 s4e1-b16c535e:1 s5e1-a20594e7:1
1786477155.784367 s4e1-b16c535e:1 s5e1-a20594e7:1
1786477155.807577 s4e1-b16c535e:1 s5e1-a20594e7:1 s6e1-bfb0bab6:69E
1786477155.880853 s4e1-b16c535e:1 s5e1-a20594e7:1 s6e1-bfb0bab6:1
1786477155.904022 s4e1-b16c535e:1 s5e1-a20594e7:1 s6e1-bfb0bab6:1
1786477155.927308 s4e1-b16c535e:1 s5e1-a20594e7:1 s6e1-bfb0bab6:1
1786477155.951107 s4e1-b16c535e:1 s5e1-a20594e7:1 s6e1-bfb0bab6:1
1786477155.976799 s4e1-b16c535e:1 s5e1-a20594e7:1 s6e1-bfb0bab6:1
1786477156.000031 s4e1-b16c535e:1 s5e1-a20594e7:1 s6e1-bfb0bab6:1
1786477156.027745 s4e1-b16c535e:1 s5e1-a20594e7:1 s6e1-bfb0bab6:1
1786477156.051015 s4e1-b16c535e:1 s5e1-a20594e7:1 s6e1-bfb0bab6:1
1786477156.075808 s5e1-a20594e7:1 s6e1-bfb0bab6:1 s7e1-865d313a:62E
1786477156.137013 s5e1-a20594e7:1 s6e1-bfb0bab6:1 s7e1-865d313a:1
1786477156.160368 s5e1-a20594e7:1 s6e1-bfb0bab6:1 s7e1-865d313a:1
1786477156.184100 s5e1-a20594e7:1 s6e1-bfb0bab6:1 s7e1-865d313a:1
1786477156.207433 s5e1-a20594e7:1 s6e1-bfb0bab6:1 s7e1-865d313a:1
1786477156.230924 s5e1-a20594e7:1 s6e1-bfb0bab6:1 s7e1-865d313a:1
1786477156.254411 s5e1-a20594e7:1 s6e1-bfb0bab6:1 s7e1-865d313a:1
1786477156.277856 s5e1-a20594e7:1 s6e1-bfb0bab6:1 s7e1-865d313a:1
1786477156.302191 s6e1-bfb0bab6:1 s7e1-865d313a:1
1786477156.327145 s6e1-bfb0bab6:1 s7e1-865d313a:1
1786477156.355004 s6e1-bfb0bab6:1 s7e1-865d313a:1
1786477156.377726 s6e1-bfb0bab6:1 s7e1-865d313a:1
1786477156.400810 s6e1-bfb0bab6:1 s7e1-865d313a:1 s8e1-91f4c90a:56E
1786477156.465544 s6e1-bfb0bab6:1 s7e1-865d313a:1 s8e1-91f4c90a:1
1786477156.493764 s6e1-bfb0bab6:1 s7e1-865d313a:1 s8e1-91f4c90a:1
1786477156.517562 s6e1-bfb0bab6:1 s7e1-865d313a:1 s8e1-91f4c90a:1
1786477156.541687 s7e1-865d313a:1 s8e1-91f4c90a:1
1786477156.564887 s7e1-865d313a:1 s8e1-91f4c90a:1 s1e1-b3a16e41:59E
1786477156.627998 s7e1-865d313a:1 s8e1-91f4c90a:1 s1e1-b3a16e41:1
1786477156.651437 s7e1-865d313a:1 s8e1-91f4c90a:1 s1e1-b3a16e41:1
1786477156.674741 s7e1-865d313a:1 s8e1-91f4c90a:1 s1e1-b3a16e41:1
1786477156.698133 s7e1-865d313a:1 s8e1-91f4c90a:1 s1e1-b3a16e41:1
1786477156.721728 s7e1-865d313a:1 s8e1-91f4c90a:1 s1e1-b3a16e41:1
1786477156.746925 s7e1-865d313a:1 s8e1-91f4c90a:1 s1e1-b3a16e41:1
1786477156.775210 s7e1-865d313a:1 s8e1-91f4c90a:1 s1e1-b3a16e41:1
1786477156.799749 s8e1-91f4c90a:1 s1e1-b3a16e41:1
1786477156.822951 s8e1-91f4c90a:1 s1e1-b3a16e41:1 s2e1-9f23d8fd:54E
1786477156.884268 s8e1-91f4c90a:1 s1e1-b3a16e41:1 s2e1-9f23d8fd:1
1786477156.907586 s8e1-91f4c90a:1 s1e1-b3a16e41:1 s2e1-9f23d8fd:1
1786477156.931005 s8e1-91f4c90a:1 s1e1-b3a16e41:1 s2e1-9f23d8fd:1
1786477156.954405 s8e1-91f4c90a:1 s1e1-b3a16e41:1 s2e1-9f23d8fd:1
1786477156.979472 s8e1-91f4c90a:1 s1e1-b3a16e41:1 s2e1-9f23d8fd:1
1786477157.003062 s8e1-91f4c90a:1 s1e1-b3a16e41:1 s2e1-9f23d8fd:1
1786477157.031415 s8e1-91f4c90a:1 s1e1-b3a16e41:1 s2e1-9f23d8fd:1
1786477157.055436 s8e1-91f4c90a:1 s1e1-b3a16e41:1 s2e1-9f23d8fd:1 s3e1-90ff1266:63E
1786477157.129301 s8e1-91f4c90a:1 s1e1-b3a16e41:1 s2e1-9f23d8fd:1 s3e1-90ff1266:1
1786477157.152555 s8e1-91f4c90a:1 s1e1-b3a16e41:1 s2e1-9f23d8fd:1 s3e1-90ff1266:1
1786477157.176706 s1e1-b3a16e41:1 s2e1-9f23d8fd:1 s3e1-90ff1266:1
1786477157.200207 s1e1-b3a16e41:1 s2e1-9f23d8fd:1 s3e1-90ff1266:1
1786477157.223655 s1e1-b3a16e41:1 s2e1-9f23d8fd:1 s3e1-90ff1266:1
1786477157.248618 s1e1-b3a16e41:1 s2e1-9f23d8fd:1 s3e1-90ff1266:1
1786477157.272077 s1e1-b3a16e41:1 s2e1-9f23d8fd:1 s3e1-90ff1266:1
1786477157.300340 s2e1-9f23d8fd:1 s3e1-90ff1266:1
1786477157.323592 s2e1-9f23d8fd:1 s3e1-90ff1266:1 s4e1-b16c535e:66E
1786477157.397456 s2e1-9f23d8fd:1 s3e1-90ff1266:1 s4e1-b16c535e:1
1786477157.420508 s2e1-9f23d8fd:1 s3e1-90ff1266:1 s4e1-b16c535e:1
1786477157.443798 s2e1-9f23d8fd:1 s3e1-90ff1266:1 s4e1-b16c535e:1
1786477157.467124 s2e1-9f23d8fd:1 s3e1-90ff1266:1 s4e1-b16c535e:1
1786477157.490555 s2e1-9f23d8fd:1 s3e1-90ff1266:1 s4e1-b16c535e:1
1786477157.516402 s2e1-9f23d8fd:1 s3e1-90ff1266:1 s4e1-b16c535e:1
1786477157.539762 s2e1-9f23d8fd:1 s3e1-90ff1266:1 s4e1-b16c535e:1
1786477157.568033 s3e1-90ff1266:1 s4e1-b16c535e:1
1786477157.590421 s3e1-90ff1266:1 s4e1-b16c535e:1
1786477157.613366 s3e1-90ff1266:1 s4e1-b16c535e:1 s5e1-a20594e7:60E
1786477157.676577 s3e1-90ff1266:1 s4e1-b16c535e:1 s5e1-a20594e7:1
1786477157.699738 s3e1-90ff1266:1 s4e1-b16c535e:1 s5e1-a20594e7:1
1786477157.723291 s3e1-90ff1266:1 s4e1-b16c535e:1 s5e1-a20594e7:1
1786477157.746953 s3e1-90ff1266:1 s4e1-b16c535e:1 s5e1-a20594e7:1
1786477157.772315 s3e1-90ff1266:1 s4e1-b16c535e:1 s5e1-a20594e7:1
1786477157.796590 s4e1-b16c535e:1 s5e1-a20594e7:1
1786477157.822527 s4e1-b16c535e:1 s5e1-a20594e7:1
1786477157.845590 s4e1-b16c535e:1 s5e1-a20594e7:1 s6e1-bfb0bab6:66E
1786477157.919048 s4e1-b16c535e:1 s5e1-a20594e7:1 s6e1-bfb0bab6:1
1786477157.942211 s4e1-b16c535e:1 s5e1-a20594e7:1 s6e1-bfb0bab6:1
1786477157.965546 s4e1-b16c535e:1 s5e1-a20594e7:1 s6e1-bfb0bab6:1
1786477157.990899 s4e1-b16c535e:1 s5e1-a20594e7:1 s6e1-bfb0bab6:1
1786477158.014412 s4e1-b16c535e:1 s5e1-a20594e7:1 s6e1-bfb0bab6:1
1786477158.041729 s4e1-b16c535e:1 s5e1-a20594e7:1 s6e1-bfb0bab6:1
1786477158.065832 s5e1-a20594e7:1 s6e1-bfb0bab6:1
1786477158.089071 s5e1-a20594e7:1 s6e1-bfb0bab6:1 s7e1-865d313a:59E
1786477158.152165 s5e1-a20594e7:1 s6e1-bfb0bab6:1 s7e1-865d313a:1
1786477158.175320 s5e1-a20594e7:1 s6e1-bfb0bab6:1 s7e1-865d313a:1
1786477158.198641 s5e1-a20594e7:1 s6e1-bfb0bab6:1 s7e1-865d313a:1
1786477158.222251 s5e1-a20594e7:1 s6e1-bfb0bab6:1 s7e1-865d313a:1
1786477158.247341 s5e1-a20594e7:1 s6e1-bfb0bab6:1 s7e1-865d313a:1
1786477158.271141 s5e1-a20594e7:1 s6e1-bfb0bab6:1 s7e1-865d313a:1
1786477158.299446 s5e1-a20594e7:1 s6e1-bfb0bab6:1 s7e1-865d313a:1
1786477158.323550 s5e1-a20594e7:1 s6e1-bfb0bab6:1 s7e1-865d313a:1 s8e1-91f4c90a:69E
1786477158.398298 s6e1-bfb0bab6:1 s7e1-865d313a:1 s8e1-91f4c90a:1
1786477158.421779 s6e1-bfb0bab6:1 s7e1-865d313a:1 s8e1-91f4c90a:1
1786477158.445171 s6e1-bfb0bab6:1 s7e1-865d313a:1 s8e1-91f4c90a:1
1786477158.468533 s6e1-bfb0bab6:1 s7e1-865d313a:1 s8e1-91f4c90a:1
1786477158.491906 s6e1-bfb0bab6:1 s7e1-865d313a:1 s8e1-91f4c90a:1
1786477158.515431 s6e1-bfb0bab6:1 s7e1-865d313a:1 s8e1-91f4c90a:1
1786477158.540628 s6e1-bfb0bab6:1 s7e1-865d313a:1 s8e1-91f4c90a:1
1786477158.564470 s6e1-bfb0bab6:1 s7e1-865d313a:1 s8e1-91f4c90a:1
1786477158.592825 s7e1-865d313a:1 s8e1-91f4c90a:1
1786477158.616120 s7e1-865d313a:1 s8e1-91f4c90a:1 s1e1-b3a16e41:56E
1786477158.680029 s7e1-865d313a:1 s8e1-91f4c90a:1 s1e1-b3a16e41:1
1786477158.703719 s7e1-865d313a:1 s8e1-91f4c90a:1 s1e1-b3a16e41:1
1786477158.727241 s7e1-865d313a:1 s8e1-91f4c90a:1 s1e1-b3a16e41:1
1786477158.752522 s7e1-865d313a:1 s8e1-91f4c90a:1 s1e1-b3a16e41:1
1786477158.776089 s7e1-865d313a:1 s8e1-91f4c90a:1 s1e1-b3a16e41:1
1786477158.804485 s7e1-865d313a:1 s8e1-91f4c90a:1 s1e1-b3a16e41:1
1786477158.829679 s8e1-91f4c90a:1 s1e1-b3a16e41:1 s2e1-9f23d8fd:67E
1786477158.904644 s8e1-91f4c90a:1 s1e1-b3a16e41:1 s2e1-9f23d8fd:1
1786477158.928552 s8e1-91f4c90a:1 s1e1-b3a16e41:1 s2e1-9f23d8fd:1
1786477158.952202 s8e1-91f4c90a:1 s1e1-b3a16e41:1 s2e1-9f23d8fd:1
1786477158.975964 s8e1-91f4c90a:1 s1e1-b3a16e41:1 s2e1-9f23d8fd:1
1786477159.001489 s8e1-91f4c90a:1 s1e1-b3a16e41:1 s2e1-9f23d8fd:1
1786477159.029538 s8e1-91f4c90a:1 s1e1-b3a16e41:1 s2e1-9f23d8fd:1
1786477159.053615 s8e1-91f4c90a:1 s1e1-b3a16e41:1 s2e1-9f23d8fd:1
1786477159.078003 s1e1-b3a16e41:1 s2e1-9f23d8fd:1
1786477159.101274 s1e1-b3a16e41:1 s2e1-9f23d8fd:1 s3e1-90ff1266:60E
1786477159.165174 s1e1-b3a16e41:1 s2e1-9f23d8fd:1 s3e1-90ff1266:1
1786477159.188719 s1e1-b3a16e41:1 s2e1-9f23d8fd:1 s3e1-90ff1266:1
1786477159.212477 s1e1-b3a16e41:1 s2e1-9f23d8fd:1 s3e1-90ff1266:1
1786477159.236233 s1e1-b3a16e41:1 s2e1-9f23d8fd:1 s3e1-90ff1266:1
1786477159.261726 s1e1-b3a16e41:1 s2e1-9f23d8fd:1 s3e1-90ff1266:1
1786477159.285550 s1e1-b3a16e41:1 s2e1-9f23d8fd:1 s3e1-90ff1266:1
1786477159.314276 s1e1-b3a16e41:1 s2e1-9f23d8fd:1 s3e1-90ff1266:1
1786477159.338704 s1e1-b3a16e41:1 s2e1-9f23d8fd:1 s3e1-90ff1266:1 s4e1-b16c535e:63E
1786477159.414090 s2e1-9f23d8fd:1 s3e1-90ff1266:1 s4e1-b16c535e:1
1786477159.437878 s2e1-9f23d8fd:1 s3e1-90ff1266:1 s4e1-b16c535e:1
1786477159.461448 s2e1-9f23d8fd:1 s3e1-90ff1266:1 s4e1-b16c535e:1
1786477159.485190 s2e1-9f23d8fd:1 s3e1-90ff1266:1 s4e1-b16c535e:1
1786477159.511081 s2e1-9f23d8fd:1 s3e1-90ff1266:1 s4e1-b16c535e:1
1786477159.534765 s2e1-9f23d8fd:1 s3e1-90ff1266:1 s4e1-b16c535e:1
1786477159.562367 s2e1-9f23d8fd:1 s3e1-90ff1266:1 s4e1-b16c535e:1
1786477159.586753 s3e1-90ff1266:1 s4e1-b16c535e:1
1786477159.609883 s3e1-90ff1266:1 s4e1-b16c535e:1 s5e1-a20594e7:57E
1786477159.672840 s3e1-90ff1266:1 s4e1-b16c535e:1 s5e1-a20594e7:1
1786477159.696079 s3e1-90ff1266:1 s4e1-b16c535e:1 s5e1-a20594e7:1
1786477159.719587 s3e1-90ff1266:1 s4e1-b16c535e:1 s5e1-a20594e7:1
1786477159.744896 s3e1-90ff1266:1 s4e1-b16c535e:1 s5e1-a20594e7:1
1786477159.768418 s3e1-90ff1266:1 s4e1-b16c535e:1 s5e1-a20594e7:1
1786477159.797140 s3e1-90ff1266:1 s4e1-b16c535e:1 s5e1-a20594e7:1
1786477159.821303 s3e1-90ff1266:1 s4e1-b16c535e:1 s5e1-a20594e7:1 s6e1-bfb0bab6:63E
1786477159.896003 s4e1-b16c535e:1 s5e1-a20594e7:1 s6e1-bfb0bab6:1
1786477159.920350 s4e1-b16c535e:1 s5e1-a20594e7:1 s6e1-bfb0bab6:1
1786477159.944229 s4e1-b16c535e:1 s5e1-a20594e7:1 s6e1-bfb0bab6:1
1786477159.969514 s4e1-b16c535e:1 s5e1-a20594e7:1 s6e1-bfb0bab6:1
1786477159.999015 s4e1-b16c535e:1 s5e1-a20594e7:1 s6e1-bfb0bab6:1
1786477160.023017 s4e1-b16c535e:1 s5e1-a20594e7:1 s6e1-bfb0bab6:1
1786477160.046576 s4e1-b16c535e:1 s5e1-a20594e7:1 s6e1-bfb0bab6:1
1786477160.071012 s4e1-b16c535e:1 s5e1-a20594e7:1 s6e1-bfb0bab6:1 s7e1-865d313a:56E
1786477160.136107 s5e1-a20594e7:1 s6e1-bfb0bab6:1 s7e1-865d313a:1
1786477160.160122 s5e1-a20594e7:1 s6e1-bfb0bab6:1 s7e1-865d313a:1
1786477160.183841 s5e1-a20594e7:1 s6e1-bfb0bab6:1 s7e1-865d313a:1
1786477160.207551 s5e1-a20594e7:1 s6e1-bfb0bab6:1 s7e1-865d313a:1
1786477160.232886 s5e1-a20594e7:1 s6e1-bfb0bab6:1 s7e1-865d313a:1
1786477160.256705 s5e1-a20594e7:1 s6e1-bfb0bab6:1 s7e1-865d313a:1
1786477160.285226 s5e1-a20594e7:1 s6e1-bfb0bab6:1 s7e1-865d313a:1
1786477160.309678 s5e1-a20594e7:1 s6e1-bfb0bab6:1 s7e1-865d313a:1 s8e1-91f4c90a:66E
1786477160.385574 s5e1-a20594e7:1 s6e1-bfb0bab6:1 s7e1-865d313a:1 s8e1-91f4c90a:1
1786477160.409944 s6e1-bfb0bab6:1 s7e1-865d313a:1 s8e1-91f4c90a:1
1786477160.433678 s6e1-bfb0bab6:1 s7e1-865d313a:1 s8e1-91f4c90a:1
1786477160.457339 s6e1-bfb0bab6:1 s7e1-865d313a:1 s8e1-91f4c90a:1
1786477160.481188 s6e1-bfb0bab6:1 s7e1-865d313a:1 s8e1-91f4c90a:1
1786477160.507499 s6e1-bfb0bab6:1 s7e1-865d313a:1 s8e1-91f4c90a:1
1786477160.536021 s6e1-bfb0bab6:1 s7e1-865d313a:1 s8e1-91f4c90a:1
1786477160.559877 s6e1-bfb0bab6:1 s7e1-865d313a:1 s8e1-91f4c90a:1
1786477160.585095 s7e1-865d313a:1 s8e1-91f4c90a:1 s1e1-b3a16e41:69E
1786477160.659075 s7e1-865d313a:1 s8e1-91f4c90a:1 s1e1-b3a16e41:1
1786477160.682619 s7e1-865d313a:1 s8e1-91f4c90a:1 s1e1-b3a16e41:1
1786477160.707901 s7e1-865d313a:1 s8e1-91f4c90a:1 s1e1-b3a16e41:1
1786477160.731688 s7e1-865d313a:1 s8e1-91f4c90a:1 s1e1-b3a16e41:1
1786477160.760434 s7e1-865d313a:1 s8e1-91f4c90a:1 s1e1-b3a16e41:1
1786477160.785057 s7e1-865d313a:1 s8e1-91f4c90a:1 s1e1-b3a16e41:1 s2e1-9f23d8fd:64E
1786477160.859642 s7e1-865d313a:1 s8e1-91f4c90a:1 s1e1-b3a16e41:1 s2e1-9f23d8fd:1
1786477160.884417 s8e1-91f4c90a:1 s1e1-b3a16e41:1 s2e1-9f23d8fd:1
1786477160.908389 s8e1-91f4c90a:1 s1e1-b3a16e41:1 s2e1-9f23d8fd:1
1786477160.932223 s8e1-91f4c90a:1 s1e1-b3a16e41:1 s2e1-9f23d8fd:1
1786477160.956119 s8e1-91f4c90a:1 s1e1-b3a16e41:1 s2e1-9f23d8fd:1
1786477160.981874 s8e1-91f4c90a:1 s1e1-b3a16e41:1 s2e1-9f23d8fd:1
1786477161.006024 s8e1-91f4c90a:1 s1e1-b3a16e41:1 s2e1-9f23d8fd:1
1786477161.034823 s8e1-91f4c90a:1 s1e1-b3a16e41:1 s2e1-9f23d8fd:1
1786477161.058507 s8e1-91f4c90a:1 s1e1-b3a16e41:1 s2e1-9f23d8fd:1
1786477161.083775 s1e1-b3a16e41:1 s2e1-9f23d8fd:1 s3e1-90ff1266:57E
1786477161.147770 s1e1-b3a16e41:1 s2e1-9f23d8fd:1 s3e1-90ff1266:1
1786477161.171272 s1e1-b3a16e41:1 s2e1-9f23d8fd:1 s3e1-90ff1266:1
1786477161.195037 s1e1-b3a16e41:1 s2e1-9f23d8fd:1 s3e1-90ff1266:1
1786477161.220348 s1e1-b3a16e41:1 s2e1-9f23d8fd:1 s3e1-90ff1266:1
1786477161.244385 s1e1-b3a16e41:1 s2e1-9f23d8fd:1 s3e1-90ff1266:1
1786477161.272379 s1e1-b3a16e41:1 s2e1-9f23d8fd:1 s3e1-90ff1266:1
1786477161.296993 s1e1-b3a16e41:1 s2e1-9f23d8fd:1 s3e1-90ff1266:1 s4e1-b16c535e:60E
1786477161.361544 s1e1-b3a16e41:1 s2e1-9f23d8fd:1 s3e1-90ff1266:1 s4e1-b16c535e:1
1786477161.386083 s2e1-9f23d8fd:1 s3e1-90ff1266:1 s4e1-b16c535e:1
1786477161.409897 s2e1-9f23d8fd:1 s3e1-90ff1266:1 s4e1-b16c535e:1
1786477161.433652 s2e1-9f23d8fd:1 s3e1-90ff1266:1 s4e1-b16c535e:1
1786477161.457525 s2e1-9f23d8fd:1 s3e1-90ff1266:1 s4e1-b16c535e:1
1786477161.481232 s2e1-9f23d8fd:1 s3e1-90ff1266:1 s4e1-b16c535e:1
1786477161.505026 s2e1-9f23d8fd:1 s3e1-90ff1266:1 s4e1-b16c535e:1
1786477161.531199 s3e1-90ff1266:1 s4e1-b16c535e:1
1786477161.553741 s3e1-90ff1266:1 s4e1-b16c535e:1
1786477161.579973 s3e1-90ff1266:1 s4e1-b16c535e:1
1786477161.602460 s3e1-90ff1266:1 s4e1-b16c535e:1
1786477161.625519 s3e1-90ff1266:1 s4e1-b16c535e:1 s5e1-a20594e7:54E
1786477161.687756 s3e1-90ff1266:1 s4e1-b16c535e:1 s5e1-a20594e7:1
1786477161.713168 s3e1-90ff1266:1 s4e1-b16c535e:1 s5e1-a20594e7:1
1786477161.736950 s3e1-90ff1266:1 s4e1-b16c535e:1 s5e1-a20594e7:1
1786477161.765409 s3e1-90ff1266:1 s4e1-b16c535e:1 s5e1-a20594e7:1
1786477161.790256 s3e1-90ff1266:1 s4e1-b16c535e:1 s5e1-a20594e7:1 s6e1-bfb0bab6:60E
1786477161.855782 s4e1-b16c535e:1 s5e1-a20594e7:1 s6e1-bfb0bab6:1
1786477161.879899 s4e1-b16c535e:1 s5e1-a20594e7:1 s6e1-bfb0bab6:1
1786477161.903918 s4e1-b16c535e:1 s5e1-a20594e7:1 s6e1-bfb0bab6:1
1786477161.928078 s4e1-b16c535e:1 s5e1-a20594e7:1 s6e1-bfb0bab6:1
1786477161.952028 s4e1-b16c535e:1 s5e1-a20594e7:1 s6e1-bfb0bab6:1
1786477161.975857 s4e1-b16c535e:1 s5e1-a20594e7:1 s6e1-bfb0bab6:1
1786477162.001453 s4e1-b16c535e:1 s5e1-a20594e7:1 s6e1-bfb0bab6:1
1786477162.025943 s5e1-a20594e7:1 s6e1-bfb0bab6:1
1786477162.051883 s5e1-a20594e7:1 s6e1-bfb0bab6:1
1786477162.074283 s5e1-a20594e7:1 s6e1-bfb0bab6:1
1786477162.097370 s5e1-a20594e7:1 s6e1-bfb0bab6:1 s7e1-865d313a:69E
1786477162.172326 s5e1-a20594e7:1 s6e1-bfb0bab6:1 s7e1-865d313a:1
1786477162.195841 s5e1-a20594e7:1 s6e1-bfb0bab6:1 s7e1-865d313a:1
1786477162.219614 s5e1-a20594e7:1 s6e1-bfb0bab6:1 s7e1-865d313a:1
1786477162.243463 s5e1-a20594e7:1 s6e1-bfb0bab6:1 s7e1-865d313a:1
1786477162.268947 s5e1-a20594e7:1 s6e1-bfb0bab6:1 s7e1-865d313a:1
1786477162.292944 s5e1-a20594e7:1 s6e1-bfb0bab6:1 s7e1-865d313a:1
1786477162.321179 s5e1-a20594e7:1 s6e1-bfb0bab6:1 s7e1-865d313a:1
1786477162.346352 s5e1-a20594e7:1 s6e1-bfb0bab6:1 s7e1-865d313a:1 s8e1-91f4c90a:63E
1786477162.423615 s6e1-bfb0bab6:1 s7e1-865d313a:1 s8e1-91f4c90a:1
1786477162.447492 s6e1-bfb0bab6:1 s7e1-865d313a:1 s8e1-91f4c90a:1
1786477162.470961 s6e1-bfb0bab6:1 s7e1-865d313a:1 s8e1-91f4c90a:1
1786477162.494750 s6e1-bfb0bab6:1 s7e1-865d313a:1 s8e1-91f4c90a:1
1786477162.518315 s6e1-bfb0bab6:1 s7e1-865d313a:1 s8e1-91f4c90a:1
1786477162.543026 s7e1-865d313a:1 s8e1-91f4c90a:1
1786477162.565768 s7e1-865d313a:1 s8e1-91f4c90a:1
1786477162.589926 s7e1-865d313a:1 s8e1-91f4c90a:1
1786477162.618558 s7e1-865d313a:1 s8e1-91f4c90a:1
1786477162.641338 s7e1-865d313a:1 s8e1-91f4c90a:1
1786477162.663665 s7e1-865d313a:1 s8e1-91f4c90a:1
1786477162.686784 s7e1-865d313a:1 s8e1-91f4c90a:1 s1e1-b3a16e41:66E
1786477162.763682 s7e1-865d313a:1 s8e1-91f4c90a:1 s1e1-b3a16e41:1
1786477162.787342 s7e1-865d313a:1 s8e1-91f4c90a:1 s1e1-b3a16e41:1
1786477162.816246 s7e1-865d313a:1 s8e1-91f4c90a:1 s1e1-b3a16e41:1
1786477162.840617 s7e1-865d313a:1 s8e1-91f4c90a:1 s1e1-b3a16e41:1 s2e1-9f23d8fd:61E
1786477162.902947 s8e1-91f4c90a:1 s1e1-b3a16e41:1 s2e1-9f23d8fd:1
1786477162.927070 s8e1-91f4c90a:1 s1e1-b3a16e41:1 s2e1-9f23d8fd:1
1786477162.950738 s8e1-91f4c90a:1 s1e1-b3a16e41:1 s2e1-9f23d8fd:1
1786477162.974772 s8e1-91f4c90a:1 s1e1-b3a16e41:1 s2e1-9f23d8fd:1
1786477162.998501 s8e1-91f4c90a:1 s1e1-b3a16e41:1 s2e1-9f23d8fd:1
1786477163.024090 s8e1-91f4c90a:1 s1e1-b3a16e41:1 s2e1-9f23d8fd:1
1786477163.048054 s8e1-91f4c90a:1 s1e1-b3a16e41:1 s2e1-9f23d8fd:1
1786477163.076537 s8e1-91f4c90a:1 s1e1-b3a16e41:1 s2e1-9f23d8fd:1
1786477163.101755 s1e1-b3a16e41:1 s2e1-9f23d8fd:1 s3e1-90ff1266:54E
1786477163.163493 s1e1-b3a16e41:1 s2e1-9f23d8fd:1 s3e1-90ff1266:1
1786477163.187042 s1e1-b3a16e41:1 s2e1-9f23d8fd:1 s3e1-90ff1266:1
1786477163.210672 s1e1-b3a16e41:1 s2e1-9f23d8fd:1 s3e1-90ff1266:1
1786477163.234411 s1e1-b3a16e41:1 s2e1-9f23d8fd:1 s3e1-90ff1266:1
1786477163.259781 s1e1-b3a16e41:1 s2e1-9f23d8fd:1 s3e1-90ff1266:1
1786477163.283750 s1e1-b3a16e41:1 s2e1-9f23d8fd:1 s3e1-90ff1266:1
1786477163.312087 s1e1-b3a16e41:1 s2e1-9f23d8fd:1 s3e1-90ff1266:1
1786477163.336557 s1e1-b3a16e41:1 s2e1-9f23d8fd:1 s3e1-90ff1266:1 s4e1-b16c535e:57E
1786477163.400783 s1e1-b3a16e41:1 s2e1-9f23d8fd:1 s3e1-90ff1266:1 s4e1-b16c535e:1
1786477163.424496 s1e1-b3a16e41:1 s2e1-9f23d8fd:1 s3e1-90ff1266:1 s4e1-b16c535e:1
1786477163.448470 s1e1-b3a16e41:1 s2e1-9f23d8fd:1 s3e1-90ff1266:1 s4e1-b16c535e:1
1786477163.472852 s2e1-9f23d8fd:1 s3e1-90ff1266:1 s4e1-b16c535e:1
1786477163.496677 s2e1-9f23d8fd:1 s3e1-90ff1266:1 s4e1-b16c535e:1
1786477163.522089 s2e1-9f23d8fd:1 s3e1-90ff1266:1 s4e1-b16c535e:1
1786477163.551159 s2e1-9f23d8fd:1 s3e1-90ff1266:1 s4e1-b16c535e:1
1786477163.575927 s3e1-90ff1266:1 s4e1-b16c535e:1
1786477163.598385 s3e1-90ff1266:1 s4e1-b16c535e:1
1786477163.621457 s3e1-90ff1266:1 s4e1-b16c535e:1 s5e1-a20594e7:67E
1786477163.695319 s3e1-90ff1266:1 s4e1-b16c535e:1 s5e1-a20594e7:1
1786477163.720407 s3e1-90ff1266:1 s4e1-b16c535e:1 s5e1-a20594e7:1
1786477163.751575 s3e1-90ff1266:1 s4e1-b16c535e:1 s5e1-a20594e7:1
1786477163.775370 s3e1-90ff1266:1 s4e1-b16c535e:1 s5e1-a20594e7:1
1786477163.799773 s3e1-90ff1266:1 s4e1-b16c535e:1 s5e1-a20594e7:1 s6e1-bfb0bab6:57E
1786477163.863682 s3e1-90ff1266:1 s4e1-b16c535e:1 s5e1-a20594e7:1 s6e1-bfb0bab6:1
1786477163.888191 s4e1-b16c535e:1 s5e1-a20594e7:1 s6e1-bfb0bab6:1
1786477163.912080 s4e1-b16c535e:1 s5e1-a20594e7:1 s6e1-bfb0bab6:1
1786477163.935814 s4e1-b16c535e:1 s5e1-a20594e7:1 s6e1-bfb0bab6:1
1786477163.959574 s4e1-b16c535e:1 s5e1-a20594e7:1 s6e1-bfb0bab6:1
1786477163.983335 s4e1-b16c535e:1 s5e1-a20594e7:1 s6e1-bfb0bab6:1
1786477164.008762 s4e1-b16c535e:1 s5e1-a20594e7:1 s6e1-bfb0bab6:1
1786477164.032778 s4e1-b16c535e:1 s5e1-a20594e7:1 s6e1-bfb0bab6:1
1786477164.062138 s4e1-b16c535e:1 s5e1-a20594e7:1 s6e1-bfb0bab6:1
1786477164.086352 s5e1-a20594e7:1 s6e1-bfb0bab6:1
1786477164.109557 s5e1-a20594e7:1 s6e1-bfb0bab6:1 s7e1-865d313a:66E
1786477164.183526 s5e1-a20594e7:1 s6e1-bfb0bab6:1 s7e1-865d313a:1
1786477164.206997 s5e1-a20594e7:1 s6e1-bfb0bab6:1 s7e1-865d313a:1
1786477164.230595 s5e1-a20594e7:1 s6e1-bfb0bab6:1 s7e1-865d313a:1
1786477164.257017 s5e1-a20594e7:1 s6e1-bfb0bab6:1 s7e1-865d313a:1
1786477164.280965 s5e1-a20594e7:1 s6e1-bfb0bab6:1 s7e1-865d313a:1
1786477164.309460 s5e1-a20594e7:1 s6e1-bfb0bab6:1 s7e1-865d313a:1
1786477164.333766 s5e1-a20594e7:1 s6e1-bfb0bab6:1 s7e1-865d313a:1 s8e1-91f4c90a:60E
1786477164.398447 s5e1-a20594e7:1 s6e1-bfb0bab6:1 s7e1-865d313a:1 s8e1-91f4c90a:1
1786477164.422937 s6e1-bfb0bab6:1 s7e1-865d313a:1 s8e1-91f4c90a:1
1786477164.446838 s6e1-bfb0bab6:1 s7e1-865d313a:1 s8e1-91f4c90a:1
1786477164.470665 s6e1-bfb0bab6:1 s7e1-865d313a:1 s8e1-91f4c90a:1
1786477164.496044 s6e1-bfb0bab6:1 s7e1-865d313a:1 s8e1-91f4c90a:1
1786477164.520051 s6e1-bfb0bab6:1 s7e1-865d313a:1 s8e1-91f4c90a:1
1786477164.549974 s7e1-865d313a:1 s8e1-91f4c90a:1
1786477164.572703 s7e1-865d313a:1 s8e1-91f4c90a:1
1786477164.595805 s7e1-865d313a:1 s8e1-91f4c90a:1 s1e1-b3a16e41:63E
1786477164.670746 s7e1-865d313a:1 s8e1-91f4c90a:1 s1e1-b3a16e41:1
1786477164.694372 s7e1-865d313a:1 s8e1-91f4c90a:1 s1e1-b3a16e41:1
1786477164.719509 s7e1-865d313a:1 s8e1-91f4c90a:1 s1e1-b3a16e41:1
1786477164.743306 s7e1-865d313a:1 s8e1-91f4c90a:1 s1e1-b3a16e41:1
1786477164.772401 s7e1-865d313a:1 s8e1-91f4c90a:1 s1e1-b3a16e41:1
1786477164.797138 s7e1-865d313a:1 s8e1-91f4c90a:1 s1e1-b3a16e41:1 s2e1-9f23d8fd:58E
1786477164.862192 s7e1-865d313a:1 s8e1-91f4c90a:1 s1e1-b3a16e41:1 s2e1-9f23d8fd:1
1786477164.886075 s7e1-865d313a:1 s8e1-91f4c90a:1 s1e1-b3a16e41:1 s2e1-9f23d8fd:1
1786477164.910886 s8e1-91f4c90a:1 s1e1-b3a16e41:1 s2e1-9f23d8fd:1
1786477164.934828 s8e1-91f4c90a:1 s1e1-b3a16e41:1 s2e1-9f23d8fd:1
1786477164.958630 s8e1-91f4c90a:1 s1e1-b3a16e41:1 s2e1-9f23d8fd:1
1786477164.984316 s8e1-91f4c90a:1 s1e1-b3a16e41:1 s2e1-9f23d8fd:1
1786477165.008024 s8e1-91f4c90a:1 s1e1-b3a16e41:1 s2e1-9f23d8fd:1
1786477165.037671 s8e1-91f4c90a:1 s1e1-b3a16e41:1 s2e1-9f23d8fd:1
1786477165.062217 s8e1-91f4c90a:1 s1e1-b3a16e41:1 s2e1-9f23d8fd:1 s3e1-90ff1266:67E
1786477165.137719 s1e1-b3a16e41:1 s2e1-9f23d8fd:1 s3e1-90ff1266:1
1786477165.161538 s1e1-b3a16e41:1 s2e1-9f23d8fd:1 s3e1-90ff1266:1
1786477165.185334 s1e1-b3a16e41:1 s2e1-9f23d8fd:1 s3e1-90ff1266:1
1786477165.210454 s1e1-b3a16e41:1 s2e1-9f23d8fd:1 s3e1-90ff1266:1
1786477165.234199 s1e1-b3a16e41:1 s2e1-9f23d8fd:1 s3e1-90ff1266:1
1786477165.263134 s1e1-b3a16e41:1 s2e1-9f23d8fd:1 s3e1-90ff1266:1
1786477165.287495 s1e1-b3a16e41:1 s2e1-9f23d8fd:1 s3e1-90ff1266:1 s4e1-b16c535e:54E
1786477165.351508 s1e1-b3a16e41:1 s2e1-9f23d8fd:1 s3e1-90ff1266:1 s4e1-b16c535e:1
1786477165.377197 s1e1-b3a16e41:1 s2e1-9f23d8fd:1 s3e1-90ff1266:1 s4e1-b16c535e:1
1786477165.402034 s2e1-9f23d8fd:1 s3e1-90ff1266:1 s4e1-b16c535e:1
1786477165.425937 s2e1-9f23d8fd:1 s3e1-90ff1266:1 s4e1-b16c535e:1
1786477165.449652 s2e1-9f23d8fd:1 s3e1-90ff1266:1 s4e1-b16c535e:1
1786477165.473413 s2e1-9f23d8fd:1 s3e1-90ff1266:1 s4e1-b16c535e:1
1786477165.499051 s2e1-9f23d8fd:1 s3e1-90ff1266:1 s4e1-b16c535e:1
1786477165.522953 s2e1-9f23d8fd:1 s3e1-90ff1266:1 s4e1-b16c535e:1
1786477165.552841 s3e1-90ff1266:1 s4e1-b16c535e:1
1786477165.575455 s3e1-90ff1266:1 s4e1-b16c535e:1
1786477165.598647 s3e1-90ff1266:1 s4e1-b16c535e:1 s5e1-a20594e7:64E
1786477165.673869 s3e1-90ff1266:1 s4e1-b16c535e:1 s5e1-a20594e7:1
1786477165.697325 s3e1-90ff1266:1 s4e1-b16c535e:1 s5e1-a20594e7:1
1786477165.720952 s3e1-90ff1266:1 s4e1-b16c535e:1 s5e1-a20594e7:1
1786477165.744577 s3e1-90ff1266:1 s4e1-b16c535e:1 s5e1-a20594e7:1
1786477165.770065 s3e1-90ff1266:1 s4e1-b16c535e:1 s5e1-a20594e7:1
1786477165.793833 s3e1-90ff1266:1 s4e1-b16c535e:1 s5e1-a20594e7:1
1786477165.823575 s4e1-b16c535e:1 s5e1-a20594e7:1
1786477165.846695 s4e1-b16c535e:1 s5e1-a20594e7:1 s6e1-bfb0bab6:54E
1786477165.908819 s4e1-b16c535e:1 s5e1-a20594e7:1 s6e1-bfb0bab6:1
1786477165.932575 s4e1-b16c535e:1 s5e1-a20594e7:1 s6e1-bfb0bab6:1
1786477165.956350 s4e1-b16c535e:1 s5e1-a20594e7:1 s6e1-bfb0bab6:1
1786477165.980112 s4e1-b16c535e:1 s5e1-a20594e7:1 s6e1-bfb0bab6:1
1786477166.005687 s4e1-b16c535e:1 s5e1-a20594e7:1 s6e1-bfb0bab6:1
1786477166.030184 s5e1-a20594e7:1 s6e1-bfb0bab6:1
1786477166.056927 s5e1-a20594e7:1 s6e1-bfb0bab6:1
1786477166.079384 s5e1-a20594e7:1 s6e1-bfb0bab6:1
1786477166.102612 s5e1-a20594e7:1 s6e1-bfb0bab6:1 s7e1-865d313a:63E
1786477166.177257 s5e1-a20594e7:1 s6e1-bfb0bab6:1 s7e1-865d313a:1
1786477166.200757 s5e1-a20594e7:1 s6e1-bfb0bab6:1 s7e1-865d313a:1
1786477166.224190 s5e1-a20594e7:1 s6e1-bfb0bab6:1 s7e1-865d313a:1
1786477166.247789 s5e1-a20594e7:1 s6e1-bfb0bab6:1 s7e1-865d313a:1
1786477166.272927 s5e1-a20594e7:1 s6e1-bfb0bab6:1 s7e1-865d313a:1
1786477166.296620 s5e1-a20594e7:1 s6e1-bfb0bab6:1 s7e1-865d313a:1
1786477166.325734 s5e1-a20594e7:1 s6e1-bfb0bab6:1 s7e1-865d313a:1
1786477166.350716 s6e1-bfb0bab6:1 s7e1-865d313a:1 s8e1-91f4c90a:57E
1786477166.415097 s6e1-bfb0bab6:1 s7e1-865d313a:1 s8e1-91f4c90a:1
1786477166.438601 s6e1-bfb0bab6:1 s7e1-865d313a:1 s8e1-91f4c90a:1
1786477166.462229 s6e1-bfb0bab6:1 s7e1-865d313a:1 s8e1-91f4c90a:1
1786477166.485872 s6e1-bfb0bab6:1 s7e1-865d313a:1 s8e1-91f4c90a:1
1786477166.511283 s6e1-bfb0bab6:1 s7e1-865d313a:1 s8e1-91f4c90a:1
1786477166.535045 s6e1-bfb0bab6:1 s7e1-865d313a:1 s8e1-91f4c90a:1
1786477166.565216 s6e1-bfb0bab6:1 s7e1-865d313a:1 s8e1-91f4c90a:1
1786477166.589833 s7e1-865d313a:1 s8e1-91f4c90a:1
1786477166.613182 s7e1-865d313a:1 s8e1-91f4c90a:1 s1e1-b3a16e41:60E
1786477166.677963 s7e1-865d313a:1 s8e1-91f4c90a:1 s1e1-b3a16e41:1
1786477166.701498 s7e1-865d313a:1 s8e1-91f4c90a:1 s1e1-b3a16e41:1
1786477166.725165 s7e1-865d313a:1 s8e1-91f4c90a:1 s1e1-b3a16e41:1
1786477166.748878 s7e1-865d313a:1 s8e1-91f4c90a:1 s1e1-b3a16e41:1
1786477166.772651 s7e1-865d313a:1 s8e1-91f4c90a:1 s1e1-b3a16e41:1
1786477166.797858 s7e1-865d313a:1 s8e1-91f4c90a:1 s1e1-b3a16e41:1
1786477166.821804 s7e1-865d313a:1 s8e1-91f4c90a:1 s1e1-b3a16e41:1
1786477166.851598 s8e1-91f4c90a:1 s1e1-b3a16e41:1
1786477166.874763 s8e1-91f4c90a:1 s1e1-b3a16e41:1 s2e1-9f23d8fd:55E
1786477166.939763 s8e1-91f4c90a:1 s1e1-b3a16e41:1 s2e1-9f23d8fd:1
1786477166.963296 s8e1-91f4c90a:1 s1e1-b3a16e41:1 s2e1-9f23d8fd:1
1786477166.986887 s8e1-91f4c90a:1 s1e1-b3a16e41:1 s2e1-9f23d8fd:1
1786477167.012309 s8e1-91f4c90a:1 s1e1-b3a16e41:1 s2e1-9f23d8fd:1
1786477167.036104 s8e1-91f4c90a:1 s1e1-b3a16e41:1 s2e1-9f23d8fd:1
1786477167.065356 s8e1-91f4c90a:1 s1e1-b3a16e41:1 s2e1-9f23d8fd:1
1786477167.090219 s1e1-b3a16e41:1 s2e1-9f23d8fd:1 s3e1-90ff1266:64E
1786477167.165061 s1e1-b3a16e41:1 s2e1-9f23d8fd:1 s3e1-90ff1266:1
1786477167.189197 s1e1-b3a16e41:1 s2e1-9f23d8fd:1 s3e1-90ff1266:1
1786477167.212797 s1e1-b3a16e41:1 s2e1-9f23d8fd:1 s3e1-90ff1266:1
1786477167.236426 s1e1-b3a16e41:1 s2e1-9f23d8fd:1 s3e1-90ff1266:1
1786477167.260092 s1e1-b3a16e41:1 s2e1-9f23d8fd:1 s3e1-90ff1266:1
1786477167.285755 s1e1-b3a16e41:1 s2e1-9f23d8fd:1 s3e1-90ff1266:1
1786477167.309398 s1e1-b3a16e41:1 s2e1-9f23d8fd:1 s3e1-90ff1266:1
1786477167.338166 s1e1-b3a16e41:1 s2e1-9f23d8fd:1 s3e1-90ff1266:1
1786477167.363320 s2e1-9f23d8fd:1 s3e1-90ff1266:1 s4e1-b16c535e:67E
1786477167.439076 s2e1-9f23d8fd:1 s3e1-90ff1266:1 s4e1-b16c535e:1
1786477167.462475 s2e1-9f23d8fd:1 s3e1-90ff1266:1 s4e1-b16c535e:1
1786477167.487843 s2e1-9f23d8fd:1 s3e1-90ff1266:1 s4e1-b16c535e:1
1786477167.511496 s2e1-9f23d8fd:1 s3e1-90ff1266:1 s4e1-b16c535e:1
1786477167.540609 s2e1-9f23d8fd:1 s3e1-90ff1266:1 s4e1-b16c535e:1
1786477167.564330 s2e1-9f23d8fd:1 s3e1-90ff1266:1 s4e1-b16c535e:1
1786477167.588587 s2e1-9f23d8fd:1 s3e1-90ff1266:1 s4e1-b16c535e:1 s5e1-a20594e7:61E
1786477167.650703 s2e1-9f23d8fd:1 s3e1-90ff1266:1 s4e1-b16c535e:1 s5e1-a20594e7:1
1786477167.675250 s3e1-90ff1266:1 s4e1-b16c535e:1 s5e1-a20594e7:1
1786477167.699213 s3e1-90ff1266:1 s4e1-b16c535e:1 s5e1-a20594e7:1
1786477167.723075 s3e1-90ff1266:1 s4e1-b16c535e:1 s5e1-a20594e7:1
1786477167.748596 s3e1-90ff1266:1 s4e1-b16c535e:1 s5e1-a20594e7:1
1786477167.780438 s3e1-90ff1266:1 s4e1-b16c535e:1 s5e1-a20594e7:1
1786477167.804637 s3e1-90ff1266:1 s4e1-b16c535e:1 s5e1-a20594e7:1
1786477167.829070 s3e1-90ff1266:1 s4e1-b16c535e:1 s5e1-a20594e7:1 s6e1-bfb0bab6:67E
1786477167.904472 s4e1-b16c535e:1 s5e1-a20594e7:1 s6e1-bfb0bab6:1
1786477167.928262 s4e1-b16c535e:1 s5e1-a20594e7:1 s6e1-bfb0bab6:1
1786477167.951971 s4e1-b16c535e:1 s5e1-a20594e7:1 s6e1-bfb0bab6:1
1786477167.975649 s4e1-b16c535e:1 s5e1-a20594e7:1 s6e1-bfb0bab6:1
1786477168.001309 s4e1-b16c535e:1 s5e1-a20594e7:1 s6e1-bfb0bab6:1
1786477168.025293 s4e1-b16c535e:1 s5e1-a20594e7:1 s6e1-bfb0bab6:1
1786477168.054261 s4e1-b16c535e:1 s5e1-a20594e7:1 s6e1-bfb0bab6:1
1786477168.078085 s4e1-b16c535e:1 s5e1-a20594e7:1 s6e1-bfb0bab6:1
1786477168.102657 s4e1-b16c535e:1 s5e1-a20594e7:1 s6e1-bfb0bab6:1 s7e1-865d313a:60E
1786477168.167850 s5e1-a20594e7:1 s6e1-bfb0bab6:1 s7e1-865d313a:1
1786477168.191805 s5e1-a20594e7:1 s6e1-bfb0bab6:1 s7e1-865d313a:1
1786477168.215800 s5e1-a20594e7:1 s6e1-bfb0bab6:1 s7e1-865d313a:1
1786477168.239492 s5e1-a20594e7:1 s6e1-bfb0bab6:1 s7e1-865d313a:1
1786477168.263448 s5e1-a20594e7:1 s6e1-bfb0bab6:1 s7e1-865d313a:1
1786477168.288708 s5e1-a20594e7:1 s6e1-bfb0bab6:1 s7e1-865d313a:1
1786477168.318493 s5e1-a20594e7:1 s6e1-bfb0bab6:1 s7e1-865d313a:1
1786477168.343487 s6e1-bfb0bab6:1 s7e1-865d313a:1
1786477168.365869 s6e1-bfb0bab6:1 s7e1-865d313a:1
1786477168.388927 s6e1-bfb0bab6:1 s7e1-865d313a:1 s8e1-91f4c90a:54E
1786477168.451229 s6e1-bfb0bab6:1 s7e1-865d313a:1 s8e1-91f4c90a:1
1786477168.474764 s6e1-bfb0bab6:1 s7e1-865d313a:1 s8e1-91f4c90a:1
1786477168.500132 s6e1-bfb0bab6:1 s7e1-865d313a:1 s8e1-91f4c90a:1
1786477168.523906 s6e1-bfb0bab6:1 s7e1-865d313a:1 s8e1-91f4c90a:1
1786477168.553936 s6e1-bfb0bab6:1 s7e1-865d313a:1 s8e1-91f4c90a:1
1786477168.578508 s7e1-865d313a:1 s8e1-91f4c90a:1
1786477168.601665 s7e1-865d313a:1 s8e1-91f4c90a:1 s1e1-b3a16e41:57E
1786477168.665965 s7e1-865d313a:1 s8e1-91f4c90a:1 s1e1-b3a16e41:1
1786477168.689490 s7e1-865d313a:1 s8e1-91f4c90a:1 s1e1-b3a16e41:1
1786477168.713122 s7e1-865d313a:1 s8e1-91f4c90a:1 s1e1-b3a16e41:1
1786477168.736977 s7e1-865d313a:1 s8e1-91f4c90a:1 s1e1-b3a16e41:1
1786477168.762331 s7e1-865d313a:1 s8e1-91f4c90a:1 s1e1-b3a16e41:1
1786477168.786221 s7e1-865d313a:1 s8e1-91f4c90a:1 s1e1-b3a16e41:1
1786477168.816263 s7e1-865d313a:1 s8e1-91f4c90a:1 s1e1-b3a16e41:1
1786477168.841495 s8e1-91f4c90a:1 s1e1-b3a16e41:1 s2e1-9f23d8fd:68E
1786477168.917475 s8e1-91f4c90a:1 s1e1-b3a16e41:1 s2e1-9f23d8fd:1
1786477168.940943 s8e1-91f4c90a:1 s1e1-b3a16e41:1 s2e1-9f23d8fd:1
1786477168.964553 s8e1-91f4c90a:1 s1e1-b3a16e41:1 s2e1-9f23d8fd:1
1786477168.988137 s8e1-91f4c90a:1 s1e1-b3a16e41:1 s2e1-9f23d8fd:1
1786477169.013637 s8e1-91f4c90a:1 s1e1-b3a16e41:1 s2e1-9f23d8fd:1
1786477169.044366 s8e1-91f4c90a:1 s1e1-b3a16e41:1 s2e1-9f23d8fd:1
1786477169.068497 s8e1-91f4c90a:1 s1e1-b3a16e41:1 s2e1-9f23d8fd:1
1786477169.093050 s8e1-91f4c90a:1 s1e1-b3a16e41:1 s2e1-9f23d8fd:1 s3e1-90ff1266:61E
1786477169.156589 s8e1-91f4c90a:1 s1e1-b3a16e41:1 s2e1-9f23d8fd:1 s3e1-90ff1266:1
1786477169.181173 s1e1-b3a16e41:1 s2e1-9f23d8fd:1 s3e1-90ff1266:1
1786477169.205142 s1e1-b3a16e41:1 s2e1-9f23d8fd:1 s3e1-90ff1266:1
1786477169.229011 s1e1-b3a16e41:1 s2e1-9f23d8fd:1 s3e1-90ff1266:1
1786477169.252940 s1e1-b3a16e41:1 s2e1-9f23d8fd:1 s3e1-90ff1266:1
1786477169.276585 s1e1-b3a16e41:1 s2e1-9f23d8fd:1 s3e1-90ff1266:1
1786477169.301945 s1e1-b3a16e41:1 s2e1-9f23d8fd:1 s3e1-90ff1266:1
1786477169.325952 s1e1-b3a16e41:1 s2e1-9f23d8fd:1 s3e1-90ff1266:1
1786477169.355944 s2e1-9f23d8fd:1 s3e1-90ff1266:1
1786477169.379207 s2e1-9f23d8fd:1 s3e1-90ff1266:1 s4e1-b16c535e:64E
1786477169.453963 s2e1-9f23d8fd:1 s3e1-90ff1266:1 s4e1-b16c535e:1
1786477169.477249 s2e1-9f23d8fd:1 s3e1-90ff1266:1 s4e1-b16c535e:1
1786477169.502999 s2e1-9f23d8fd:1 s3e1-90ff1266:1 s4e1-b16c535e:1
1786477169.532581 s2e1-9f23d8fd:1 s3e1-90ff1266:1 s4e1-b16c535e:1
1786477169.556684 s2e1-9f23d8fd:1 s3e1-90ff1266:1 s4e1-b16c535e:1
1786477169.580389 s2e1-9f23d8fd:1 s3e1-90ff1266:1 s4e1-b16c535e:1
1786477169.605483 s3e1-90ff1266:1 s4e1-b16c535e:1 s5e1-a20594e7:58E
1786477169.670422 s3e1-90ff1266:1 s4e1-b16c535e:1 s5e1-a20594e7:1
1786477169.694039 s3e1-90ff1266:1 s4e1-b16c535e:1 s5e1-a20594e7:1
1786477169.717887 s3e1-90ff1266:1 s4e1-b16c535e:1 s5e1-a20594e7:1
1786477169.741503 s3e1-90ff1266:1 s4e1-b16c535e:1 s5e1-a20594e7:1
1786477169.765259 s3e1-90ff1266:1 s4e1-b16c535e:1 s5e1-a20594e7:1
1786477169.790627 s3e1-90ff1266:1 s4e1-b16c535e:1 s5e1-a20594e7:1
1786477169.814703 s3e1-90ff1266:1 s4e1-b16c535e:1 s5e1-a20594e7:1
1786477169.846172 s4e1-b16c535e:1 s5e1-a20594e7:1
1786477169.869159 s4e1-b16c535e:1 s5e1-a20594e7:1 s6e1-bfb0bab6:64E
1786477169.944590 s4e1-b16c535e:1 s5e1-a20594e7:1 s6e1-bfb0bab6:1
1786477169.968367 s4e1-b16c535e:1 s5e1-a20594e7:1 s6e1-bfb0bab6:1
1786477169.992232 s4e1-b16c535e:1 s5e1-a20594e7:1 s6e1-bfb0bab6:1
1786477170.017934 s4e1-b16c535e:1 s5e1-a20594e7:1 s6e1-bfb0bab6:1
1786477170.047840 s4e1-b16c535e:1 s5e1-a20594e7:1 s6e1-bfb0bab6:1
1786477170.071785 s4e1-b16c535e:1 s5e1-a20594e7:1 s6e1-bfb0bab6:1
1786477170.095474 s4e1-b16c535e:1 s5e1-a20594e7:1 s6e1-bfb0bab6:1
1786477170.120027 s4e1-b16c535e:1 s5e1-a20594e7:1 s6e1-bfb0bab6:1 s7e1-865d313a:57E
1786477170.186609 s5e1-a20594e7:1 s6e1-bfb0bab6:1 s7e1-865d313a:1
1786477170.210547 s5e1-a20594e7:1 s6e1-bfb0bab6:1 s7e1-865d313a:1
1786477170.234333 s5e1-a20594e7:1 s6e1-bfb0bab6:1 s7e1-865d313a:1
1786477170.258187 s5e1-a20594e7:1 s6e1-bfb0bab6:1 s7e1-865d313a:1
1786477170.282115 s5e1-a20594e7:1 s6e1-bfb0bab6:1 s7e1-865d313a:1
1786477170.307683 s5e1-a20594e7:1 s6e1-bfb0bab6:1 s7e1-865d313a:1
1786477170.339376 s5e1-a20594e7:1 s6e1-bfb0bab6:1 s7e1-865d313a:1
1786477170.364365 s6e1-bfb0bab6:1 s7e1-865d313a:1
1786477170.389106 s6e1-bfb0bab6:1 s7e1-865d313a:1 s8e1-91f4c90a:67E
1786477170.464395 s6e1-bfb0bab6:1 s7e1-865d313a:1 s8e1-91f4c90a:1
1786477170.487769 s6e1-bfb0bab6:1 s7e1-865d313a:1 s8e1-91f4c90a:1
1786477170.512941 s6e1-bfb0bab6:1 s7e1-865d313a:1 s8e1-91f4c90a:1
1786477170.536536 s6e1-bfb0bab6:1 s7e1-865d313a:1 s8e1-91f4c90a:1
1786477170.567402 s6e1-bfb0bab6:1 s7e1-865d313a:1 s8e1-91f4c90a:1
1786477170.590997 s6e1-bfb0bab6:1 s7e1-865d313a:1 s8e1-91f4c90a:1
1786477170.615282 s6e1-bfb0bab6:1 s7e1-865d313a:1 s8e1-91f4c90a:1 s1e1-b3a16e41:54E
1786477170.680747 s7e1-865d313a:1 s8e1-91f4c90a:1 s1e1-b3a16e41:1
1786477170.704597 s7e1-865d313a:1 s8e1-91f4c90a:1 s1e1-b3a16e41:1
1786477170.728402 s7e1-865d313a:1 s8e1-91f4c90a:1 s1e1-b3a16e41:1
1786477170.753856 s7e1-865d313a:1 s8e1-91f4c90a:1 s1e1-b3a16e41:1
1786477170.777770 s7e1-865d313a:1 s8e1-91f4c90a:1 s1e1-b3a16e41:1
1786477170.807444 s7e1-865d313a:1 s8e1-91f4c90a:1 s1e1-b3a16e41:1
1786477170.831831 s7e1-865d313a:1 s8e1-91f4c90a:1 s1e1-b3a16e41:1 s2e1-9f23d8fd:65E
1786477170.907019 s7e1-865d313a:1 s8e1-91f4c90a:1 s1e1-b3a16e41:1 s2e1-9f23d8fd:1
1786477170.931450 s8e1-91f4c90a:1 s1e1-b3a16e41:1 s2e1-9f23d8fd:1
1786477170.955195 s8e1-91f4c90a:1 s1e1-b3a16e41:1 s2e1-9f23d8fd:1
1786477170.979058 s8e1-91f4c90a:1 s1e1-b3a16e41:1 s2e1-9f23d8fd:1
1786477171.005300 s8e1-91f4c90a:1 s1e1-b3a16e41:1 s2e1-9f23d8fd:1
1786477171.028991 s8e1-91f4c90a:1 s1e1-b3a16e41:1 s2e1-9f23d8fd:1
1786477171.059157 s8e1-91f4c90a:1 s1e1-b3a16e41:1 s2e1-9f23d8fd:1
1786477171.082758 s8e1-91f4c90a:1 s1e1-b3a16e41:1 s2e1-9f23d8fd:1
1786477171.107212 s8e1-91f4c90a:1 s1e1-b3a16e41:1 s2e1-9f23d8fd:1 s3e1-90ff1266:58E
1786477171.171777 s8e1-91f4c90a:1 s1e1-b3a16e41:1 s2e1-9f23d8fd:1 s3e1-90ff1266:1
1786477171.196261 s1e1-b3a16e41:1 s2e1-9f23d8fd:1 s3e1-90ff1266:1
1786477171.220108 s1e1-b3a16e41:1 s2e1-9f23d8fd:1 s3e1-90ff1266:1
1786477171.243789 s1e1-b3a16e41:1 s2e1-9f23d8fd:1 s3e1-90ff1266:1
1786477171.269117 s1e1-b3a16e41:1 s2e1-9f23d8fd:1 s3e1-90ff1266:1
1786477171.300659 s1e1-b3a16e41:1 s2e1-9f23d8fd:1 s3e1-90ff1266:1
1786477171.325020 s1e1-b3a16e41:1 s2e1-9f23d8fd:1 s3e1-90ff1266:1
1786477171.349343 s1e1-b3a16e41:1 s2e1-9f23d8fd:1 s3e1-90ff1266:1 s4e1-b16c535e:61E
1786477171.413798 s2e1-9f23d8fd:1 s3e1-90ff1266:1 s4e1-b16c535e:1
1786477171.437761 s2e1-9f23d8fd:1 s3e1-90ff1266:1 s4e1-b16c535e:1
1786477171.461596 s2e1-9f23d8fd:1 s3e1-90ff1266:1 s4e1-b16c535e:1
1786477171.485499 s2e1-9f23d8fd:1 s3e1-90ff1266:1 s4e1-b16c535e:1
1786477171.511341 s2e1-9f23d8fd:1 s3e1-90ff1266:1 s4e1-b16c535e:1
1786477171.541501 s2e1-9f23d8fd:1 s3e1-90ff1266:1 s4e1-b16c535e:1
1786477171.565446 s2e1-9f23d8fd:1 s3e1-90ff1266:1 s4e1-b16c535e:1
1786477171.590536 s3e1-90ff1266:1 s4e1-b16c535e:1 s5e1-a20594e7:55E
1786477171.655060 s3e1-90ff1266:1 s4e1-b16c535e:1 s5e1-a20594e7:1
1786477171.678675 s3e1-90ff1266:1 s4e1-b16c535e:1 s5e1-a20594e7:1
1786477171.702306 s3e1-90ff1266:1 s4e1-b16c535e:1 s5e1-a20594e7:1
1786477171.726042 s3e1-90ff1266:1 s4e1-b16c535e:1 s5e1-a20594e7:1
1786477171.749794 s3e1-90ff1266:1 s4e1-b16c535e:1 s5e1-a20594e7:1
1786477171.775202 s3e1-90ff1266:1 s4e1-b16c535e:1 s5e1-a20594e7:1
1786477171.799316 s3e1-90ff1266:1 s4e1-b16c535e:1 s5e1-a20594e7:1
1786477171.829706 s3e1-90ff1266:1 s4e1-b16c535e:1 s5e1-a20594e7:1
1786477171.854809 s4e1-b16c535e:1 s5e1-a20594e7:1 s6e1-bfb0bab6:61E
1786477171.920233 s4e1-b16c535e:1 s5e1-a20594e7:1 s6e1-bfb0bab6:1
1786477171.943906 s4e1-b16c535e:1 s5e1-a20594e7:1 s6e1-bfb0bab6:1
1786477171.967638 s4e1-b16c535e:1 s5e1-a20594e7:1 s6e1-bfb0bab6:1
1786477171.991483 s4e1-b16c535e:1 s5e1-a20594e7:1 s6e1-bfb0bab6:1
1786477172.017009 s4e1-b16c535e:1 s5e1-a20594e7:1 s6e1-bfb0bab6:1
1786477172.047898 s4e1-b16c535e:1 s5e1-a20594e7:1 s6e1-bfb0bab6:1
1786477172.072178 s4e1-b16c535e:1 s5e1-a20594e7:1 s6e1-bfb0bab6:1
1786477172.096686 s5e1-a20594e7:1 s6e1-bfb0bab6:1
1786477172.120087 s5e1-a20594e7:1 s6e1-bfb0bab6:1 s7e1-865d313a:54E
1786477172.183490 s5e1-a20594e7:1 s6e1-bfb0bab6:1 s7e1-865d313a:1
1786477172.207103 s5e1-a20594e7:1 s6e1-bfb0bab6:1 s7e1-865d313a:1
1786477172.230738 s5e1-a20594e7:1 s6e1-bfb0bab6:1 s7e1-865d313a:1
1786477172.256264 s5e1-a20594e7:1 s6e1-bfb0bab6:1 s7e1-865d313a:1
1786477172.280178 s5e1-a20594e7:1 s6e1-bfb0bab6:1 s7e1-865d313a:1
1786477172.310725 s5e1-a20594e7:1 s6e1-bfb0bab6:1 s7e1-865d313a:1
1786477172.335999 s6e1-bfb0bab6:1 s7e1-865d313a:1 s8e1-91f4c90a:64E
1786477172.411153 s6e1-bfb0bab6:1 s7e1-865d313a:1 s8e1-91f4c90a:1
1786477172.434430 s6e1-bfb0bab6:1 s7e1-865d313a:1 s8e1-91f4c90a:1
1786477172.458068 s6e1-bfb0bab6:1 s7e1-865d313a:1 s8e1-91f4c90a:1
1786477172.481813 s6e1-bfb0bab6:1 s7e1-865d313a:1 s8e1-91f4c90a:1
1786477172.507028 s6e1-bfb0bab6:1 s7e1-865d313a:1 s8e1-91f4c90a:1
1786477172.530689 s6e1-bfb0bab6:1 s7e1-865d313a:1 s8e1-91f4c90a:1
1786477172.560898 s6e1-bfb0bab6:1 s7e1-865d313a:1 s8e1-91f4c90a:1
1786477172.584486 s6e1-bfb0bab6:1 s7e1-865d313a:1 s8e1-91f4c90a:1
1786477172.609626 s7e1-865d313a:1 s8e1-91f4c90a:1 s1e1-b3a16e41:67E
1786477172.684867 s7e1-865d313a:1 s8e1-91f4c90a:1 s1e1-b3a16e41:1
1786477172.708307 s7e1-865d313a:1 s8e1-91f4c90a:1 s1e1-b3a16e41:1
1786477172.731877 s7e1-865d313a:1 s8e1-91f4c90a:1 s1e1-b3a16e41:1
1786477172.755608 s7e1-865d313a:1 s8e1-91f4c90a:1 s1e1-b3a16e41:1
1786477172.781180 s7e1-865d313a:1 s8e1-91f4c90a:1 s1e1-b3a16e41:1
1786477172.804980 s7e1-865d313a:1 s8e1-91f4c90a:1 s1e1-b3a16e41:1
1786477172.834911 s7e1-865d313a:1 s8e1-91f4c90a:1 s1e1-b3a16e41:1
1786477172.859439 s7e1-865d313a:1 s8e1-91f4c90a:1 s1e1-b3a16e41:1 s2e1-9f23d8fd:62E
1786477172.935046 s8e1-91f4c90a:1 s1e1-b3a16e41:1 s2e1-9f23d8fd:1
1786477172.958672 s8e1-91f4c90a:1 s1e1-b3a16e41:1 s2e1-9f23d8fd:1
1786477172.982339 s8e1-91f4c90a:1 s1e1-b3a16e41:1 s2e1-9f23d8fd:1
1786477173.007604 s8e1-91f4c90a:1 s1e1-b3a16e41:1 s2e1-9f23d8fd:1
1786477173.031273 s8e1-91f4c90a:1 s1e1-b3a16e41:1 s2e1-9f23d8fd:1
1786477173.061613 s8e1-91f4c90a:1 s1e1-b3a16e41:1 s2e1-9f23d8fd:1
1786477173.085045 s8e1-91f4c90a:1 s1e1-b3a16e41:1 s2e1-9f23d8fd:1
1786477173.110025 s1e1-b3a16e41:1 s2e1-9f23d8fd:1 s3e1-90ff1266:55E
1786477173.174850 s1e1-b3a16e41:1 s2e1-9f23d8fd:1 s3e1-90ff1266:1
1786477173.198366 s1e1-b3a16e41:1 s2e1-9f23d8fd:1 s3e1-90ff1266:1
1786477173.221975 s1e1-b3a16e41:1 s2e1-9f23d8fd:1 s3e1-90ff1266:1
1786477173.247336 s1e1-b3a16e41:1 s2e1-9f23d8fd:1 s3e1-90ff1266:1
1786477173.271262 s1e1-b3a16e41:1 s2e1-9f23d8fd:1 s3e1-90ff1266:1
1786477173.301302 s1e1-b3a16e41:1 s2e1-9f23d8fd:1 s3e1-90ff1266:1
1786477173.325694 s1e1-b3a16e41:1 s2e1-9f23d8fd:1 s3e1-90ff1266:1 s4e1-b16c535e:58E
1786477173.391067 s1e1-b3a16e41:1 s2e1-9f23d8fd:1 s3e1-90ff1266:1 s4e1-b16c535e:1
1786477173.415449 s2e1-9f23d8fd:1 s3e1-90ff1266:1 s4e1-b16c535e:1
1786477173.439499 s2e1-9f23d8fd:1 s3e1-90ff1266:1 s4e1-b16c535e:1
1786477173.463098 s2e1-9f23d8fd:1 s3e1-90ff1266:1 s4e1-b16c535e:1
1786477173.486769 s2e1-9f23d8fd:1 s3e1-90ff1266:1 s4e1-b16c535e:1
1786477173.512173 s2e1-9f23d8fd:1 s3e1-90ff1266:1 s4e1-b16c535e:1
1786477173.536072 s2e1-9f23d8fd:1 s3e1-90ff1266:1 s4e1-b16c535e:1
1786477173.565979 s2e1-9f23d8fd:1 s3e1-90ff1266:1 s4e1-b16c535e:1
1786477173.589623 s2e1-9f23d8fd:1 s3e1-90ff1266:1 s4e1-b16c535e:1
1786477173.614792 s3e1-90ff1266:1 s4e1-b16c535e:1 s5e1-a20594e7:68E
1786477173.689829 s3e1-90ff1266:1 s4e1-b16c535e:1 s5e1-a20594e7:1
1786477173.713263 s3e1-90ff1266:1 s4e1-b16c535e:1 s5e1-a20594e7:1
1786477173.736942 s3e1-90ff1266:1 s4e1-b16c535e:1 s5e1-a20594e7:1
1786477173.760680 s3e1-90ff1266:1 s4e1-b16c535e:1 s5e1-a20594e7:1
1786477173.786073 s3e1-90ff1266:1 s4e1-b16c535e:1 s5e1-a20594e7:1
1786477173.809827 s3e1-90ff1266:1 s4e1-b16c535e:1 s5e1-a20594e7:1
1786477173.840791 s3e1-90ff1266:1 s4e1-b16c535e:1 s5e1-a20594e7:1
1786477173.865927 s4e1-b16c535e:1 s5e1-a20594e7:1 s6e1-bfb0bab6:58E
1786477173.930816 s4e1-b16c535e:1 s5e1-a20594e7:1 s6e1-bfb0bab6:1
1786477173.954446 s4e1-b16c535e:1 s5e1-a20594e7:1 s6e1-bfb0bab6:1
1786477173.978170 s4e1-b16c535e:1 s5e1-a20594e7:1 s6e1-bfb0bab6:1
1786477174.003679 s4e1-b16c535e:1 s5e1-a20594e7:1 s6e1-bfb0bab6:1
1786477174.027719 s4e1-b16c535e:1 s5e1-a20594e7:1 s6e1-bfb0bab6:1
1786477174.057532 s4e1-b16c535e:1 s5e1-a20594e7:1 s6e1-bfb0bab6:1
1786477174.082699 s5e1-a20594e7:1 s6e1-bfb0bab6:1 s7e1-865d313a:62E
1786477174.152382 s5e1-a20594e7:1 s6e1-bfb0bab6:1 s7e1-865d313a:1
1786477174.176183 s5e1-a20594e7:1 s6e1-bfb0bab6:1 s7e1-865d313a:1
1786477174.200124 s5e1-a20594e7:1 s6e1-bfb0bab6:1 s7e1-865d313a:1
1786477174.223712 s5e1-a20594e7:1 s6e1-bfb0bab6:1 s7e1-865d313a:1
1786477174.247494 s5e1-a20594e7:1 s6e1-bfb0bab6:1 s7e1-865d313a:1
1786477174.272834 s5e1-a20594e7:1 s6e1-bfb0bab6:1 s7e1-865d313a:1
1786477174.296672 s5e1-a20594e7:1 s6e1-bfb0bab6:1 s7e1-865d313a:1
1786477174.327042 s5e1-a20594e7:1 s6e1-bfb0bab6:1 s7e1-865d313a:1
1786477174.351277 s5e1-a20594e7:1 s6e1-bfb0bab6:1 s7e1-865d313a:1 s8e1-91f4c90a:50E
1786477174.420602 s6e1-bfb0bab6:1 s7e1-865d313a:1 s8e1-91f4c90a:1
1786477174.444572 s6e1-bfb0bab6:1 s7e1-865d313a:1 s8e1-91f4c90a:1
1786477174.468471 s6e1-bfb0bab6:1 s7e1-865d313a:1 s8e1-91f4c90a:1
1786477174.492388 s6e1-bfb0bab6:1 s7e1-865d313a:1 s8e1-91f4c90a:1
1786477174.516143 s6e1-bfb0bab6:1 s7e1-865d313a:1 s8e1-91f4c90a:1
1786477174.541691 s6e1-bfb0bab6:1 s7e1-865d313a:1 s8e1-91f4c90a:1
1786477174.565495 s6e1-bfb0bab6:1 s7e1-865d313a:1 s8e1-91f4c90a:1
1786477174.595797 s6e1-bfb0bab6:1 s7e1-865d313a:1 s8e1-91f4c90a:1
1786477174.620331 s7e1-865d313a:1 s8e1-91f4c90a:1
1786477174.643516 s7e1-865d313a:1 s8e1-91f4c90a:1 s1e1-b3a16e41:47E
1786477174.712619 s7e1-865d313a:1 s8e1-91f4c90a:1 s1e1-b3a16e41:1
1786477174.736514 s7e1-865d313a:1 s8e1-91f4c90a:1 s1e1-b3a16e41:1
1786477174.760186 s7e1-865d313a:1 s8e1-91f4c90a:1 s1e1-b3a16e41:1
1786477174.783899 s7e1-865d313a:1 s8e1-91f4c90a:1 s1e1-b3a16e41:1
1786477174.809295 s7e1-865d313a:1 s8e1-91f4c90a:1 s1e1-b3a16e41:1
1786477174.833906 s8e1-91f4c90a:1 s1e1-b3a16e41:1
1786477174.862812 s8e1-91f4c90a:1 s1e1-b3a16e41:1
1786477174.885875 s8e1-91f4c90a:1 s1e1-b3a16e41:1 s2e1-9f23d8fd:36E
1786477174.953532 s8e1-91f4c90a:1 s1e1-b3a16e41:1 s2e1-9f23d8fd:1
1786477174.977033 s8e1-91f4c90a:1 s1e1-b3a16e41:1 s2e1-9f23d8fd:1
1786477175.000707 s8e1-91f4c90a:1 s1e1-b3a16e41:1 s2e1-9f23d8fd:1
1786477175.026031 s8e1-91f4c90a:1 s1e1-b3a16e41:1 s2e1-9f23d8fd:1
1786477175.049714 s8e1-91f4c90a:1 s1e1-b3a16e41:1 s2e1-9f23d8fd:1
1786477175.080170 s8e1-91f4c90a:1 s1e1-b3a16e41:1 s2e1-9f23d8fd:1
1786477175.104562 s1e1-b3a16e41:1 s2e1-9f23d8fd:1
1786477175.127770 s1e1-b3a16e41:1 s2e1-9f23d8fd:1 s3e1-90ff1266:38E
1786477175.195341 s1e1-b3a16e41:1 s2e1-9f23d8fd:1 s3e1-90ff1266:1
1786477175.218786 s1e1-b3a16e41:1 s2e1-9f23d8fd:1 s3e1-90ff1266:1
1786477175.242395 s1e1-b3a16e41:1 s2e1-9f23d8fd:1 s3e1-90ff1266:1
1786477175.266016 s1e1-b3a16e41:1 s2e1-9f23d8fd:1 s3e1-90ff1266:1
1786477175.291282 s1e1-b3a16e41:1 s2e1-9f23d8fd:1 s3e1-90ff1266:1
1786477175.315009 s1e1-b3a16e41:1 s2e1-9f23d8fd:1 s3e1-90ff1266:1
1786477175.345670 s1e1-b3a16e41:1 s2e1-9f23d8fd:1 s3e1-90ff1266:1
1786477175.369820 s1e1-b3a16e41:1 s2e1-9f23d8fd:1 s3e1-90ff1266:1 s4e1-b16c535e:19E
1786477175.437660 s2e1-9f23d8fd:1 s3e1-90ff1266:1 s4e1-b16c535e:1
1786477175.461404 s2e1-9f23d8fd:1 s3e1-90ff1266:1 s4e1-b16c535e:1
1786477175.485217 s2e1-9f23d8fd:1 s3e1-90ff1266:1 s4e1-b16c535e:1
1786477175.510473 s2e1-9f23d8fd:1 s3e1-90ff1266:1 s4e1-b16c535e:1
1786477175.534138 s2e1-9f23d8fd:1 s3e1-90ff1266:1 s4e1-b16c535e:1
1786477175.564740 s2e1-9f23d8fd:1 s3e1-90ff1266:1 s4e1-b16c535e:1
1786477175.588490 s2e1-9f23d8fd:1 s3e1-90ff1266:1 s4e1-b16c535e:1
1786477175.613154 s2e1-9f23d8fd:1 s3e1-90ff1266:1 s4e1-b16c535e:1 s5e1-a20594e7:23E
1786477175.683829 s3e1-90ff1266:1 s4e1-b16c535e:1 s5e1-a20594e7:1
1786477175.708020 s3e1-90ff1266:1 s4e1-b16c535e:1 s5e1-a20594e7:1
1786477175.731794 s3e1-90ff1266:1 s4e1-b16c535e:1 s5e1-a20594e7:1
1786477175.755786 s3e1-90ff1266:1 s4e1-b16c535e:1 s5e1-a20594e7:1
1786477175.779966 s3e1-90ff1266:1 s4e1-b16c535e:1 s5e1-a20594e7:1
1786477175.804165 s3e1-90ff1266:1 s4e1-b16c535e:1 s5e1-a20594e7:1
1786477175.828213 s3e1-90ff1266:1 s4e1-b16c535e:1 s5e1-a20594e7:1
1786477175.854148 s3e1-90ff1266:1 s4e1-b16c535e:1 s5e1-a20594e7:1
1786477175.879186 s4e1-b16c535e:1 s5e1-a20594e7:1
1786477175.908414 s4e1-b16c535e:1 s5e1-a20594e7:1
1786477175.932080 s4e1-b16c535e:1 s5e1-a20594e7:1 s6e1-bfb0bab6:7E
1786477176.010477 s4e1-b16c535e:1 s5e1-a20594e7:1 s6e1-bfb0bab6:1
1786477176.034378 s4e1-b16c535e:1 s5e1-a20594e7:1 s6e1-bfb0bab6:1
1786477176.058381 s4e1-b16c535e:1 s5e1-a20594e7:1 s6e1-bfb0bab6:1
1786477176.082438 s4e1-b16c535e:1 s5e1-a20594e7:1 s6e1-bfb0bab6:1
1786477176.106483 s4e1-b16c535e:1 s5e1-a20594e7:1 s6e1-bfb0bab6:1
1786477176.131599 s5e1-a20594e7:1 s6e1-bfb0bab6:1
1786477176.154556 s5e1-a20594e7:1 s6e1-bfb0bab6:1
1786477176.177418 s5e1-a20594e7:1 s6e1-bfb0bab6:1
1786477176.200160 s5e1-a20594e7:1 s6e1-bfb0bab6:1
1786477176.223049 s5e1-a20594e7:1 s6e1-bfb0bab6:1
