1786286868.090116 s1000000000e1-aef15a9d:82E
1786286868.354464 s1000000000e1-aef15a9d:1
1786286868.426059 s1000000000e1-aef15a9d:1
1786286868.443833 s1000000000e1-aef15a9d:1
1786286868.463036 s1000000000e1-aef15a9d:1
1786286868.482367 s1000000000e1-aef15a9d:1
1786286868.501806 s1000000000e1-aef15a9d:1
1786286868.521233 s1000000000e1-aef15a9d:1
1786286868.540702 s1000000000e1-aef15a9d:1
1786286868.560204 s1000000000e1-aef15a9d:1
1786286868.579727 s1000000000e1-aef15a9d:1
1786286868.599237 s1000000000e1-aef15a9d:1
1786286868.618760 s1000000000e1-aef15a9d:1
1786286868.638259 s1000000000e1-aef15a9d:1
1786286868.657814 s1000000000e1-aef15a9d:1
1786286868.677450 s1000000000e1-aef15a9d:1
1786286868.696940 s1000000000e1-aef15a9d:1
1786286868.716469 s1000000000e1-aef15a9d:1
1786286868.736017 s1000000000e1-aef15a9d:1
1786286868.755573 s1000000000e1-aef15a9d:1
1786286868.775136 s1000000000e1-aef15a9d:1
1786286868.794675 s1000000000e1-aef15a9d:1
1786286868.814216 s1000000000e1-aef15a9d:1
1786286868.833709 s1000000000e1-aef15a9d:1
1786286868.853223 s1000000000e1-aef15a9d:1
1786286868.872761 s1000000000e1-aef15a9d:1
1786286868.892267 s1000000000e1-aef15a9d:1
1786286868.911781 s1000000000e1-aef15a9d:1
1786286868.931274 s1000000000e1-aef15a9d:1
1786286868.950813 s1000000000e1-aef15a9d:1
1786286868.970304 s1000000000e1-aef15a9d:1
1786286868.989871 s1000000000e1-aef15a9d:1
1786286869.009283 s1000000000e1-aef15a9d:1
1786286893.216129 s6e1-8f8da0bb:69E
1786286893.309256 s6e1-8f8da0bb:1 s1e1-a4bf772d:69E s8e1-a8b174a6:69E s4e1-ae17eac1:69E s3e1-99a97e3b:69E s2e1-af2273d3:69E s5e1-9758ed11:69E s7e1-8f514c28:69E
1786286893.375752 s6e1-8f8da0bb:1 s1e1-a4bf772d:1 s8e1-a8b174a6:1 s4e1-ae17eac1:1 s3e1-99a97e3b:1 s2e1-af2273d3:1 s5e1-9758ed11:1 s7e1-8f514c28:1
1786286893.476879 s6e1-8f8da0bb:1 s1e1-a4bf772d:1 s8e1-a8b174a6:1 s4e1-ae17eac1:1 s3e1-99a97e3b:1 s2e1-af2273d3:1 s5e1-9758ed11:1 s7e1-8f514c28:1
1786286893.496451 s6e1-8f8da0bb:1 s1e1-a4bf772d:1 s8e1-a8b174a6:1 s4e1-ae17eac1:1 s3e1-99a97e3b:1 s2e1-af2273d3:1 s5e1-9758ed11:1 s7e1-8f514c28:1
1786286893.516122 s6e1-8f8da0bb:1 s1e1-a4bf772d:1 s8e1-a8b174a6:1 s4e1-ae17eac1:1 s3e1-99a97e3b:1 s2e1-af2273d3:1 s5e1-9758ed11:1 s7e1-8f514c28:1
1786286893.535747 s6e1-8f8da0bb:1 s1e1-a4bf772d:1 s8e1-a8b174a6:1 s4e1-ae17eac1:1 s3e1-99a97e3b:1 s2e1-af2273d3:1 s5e1-9758ed11:1 s7e1-8f514c28:1
1786286893.555379 s6e1-8f8da0bb:1 s1e1-a4bf772d:1 s8e1-a8b174a6:1 s4e1-ae17eac1:1 s3e1-99a97e3b:1 s2e1-af2273d3:1 s5e1-9758ed11:1 s7e1-8f514c28:1
1786286893.574954 s6e1-8f8da0bb:1 s1e1-a4bf772d:1 s8e1-a8b174a6:1 s4e1-ae17eac1:1 s3e1-99a97e3b:1 s2e1-af2273d3:1 s5e1-9758ed11:1 s7e1-8f514c28:1
1786286893.594599 s6e1-8f8da0bb:1 s1e1-a4bf772d:1 s8e1-a8b174a6:1 s4e1-ae17eac1:1 s3e1-99a97e3b:1 s2e1-af2273d3:1 s5e1-9758ed11:1 s7e1-8f514c28:1
1786286893.614257 s6e1-8f8da0bb:1 s1e1-a4bf772d:1 s8e1-a8b174a6:1 s4e1-ae17eac1:1 s3e1-99a97e3b:1 s2e1-af2273d3:1 s5e1-9758ed11:1 s7e1-8f514c28:1
1786286893.633909 s6e1-8f8da0bb:1 s1e1-a4bf772d:1 s8e1-a8b174a6:1 s4e1-ae17eac1:1 s3e1-99a97e3b:1 s2e1-af2273d3:1 s5e1-9758ed11:1 s7e1-8f514c28:1
1786286893.653621 s6e1-8f8da0bb:1 s1e1-a4bf772d:1 s8e1-a8b174a6:1 s4e1-ae17eac1:1 s3e1-99a97e3b:1 s2e1-af2273d3:1 s5e1-9758ed11:1 s7e1-8f514c28:1
1786286893.673414 s6e1-8f8da0bb:1 s1e1-a4bf772d:1 s8e1-a8b174a6:1 s4e1-ae17eac1:1 s3e1-99a97e3b:1 s2e1-af2273d3:1 s5e1-9758ed11:1 s7e1-8f514c28:1
1786286893.692897 s6e1-8f8da0bb:1 s1e1-a4bf772d:1 s8e1-a8b174a6:1 s4e1-ae17eac1:1 s3e1-99a97e3b:1 s2e1-af2273d3:1 s5e1-9758ed11:1 s7e1-8f514c28:1
1786286893.712516 s6e1-8f8da0bb:1 s1e1-a4bf772d:1 s8e1-a8b174a6:1 s4e1-ae17eac1:1 s3e1-99a97e3b:1 s2e1-af2273d3:1 s5e1-9758ed11:1 s7e1-8f514c28:1
1786286893.732188 s6e1-8f8da0bb:1 s1e1-a4bf772d:1 s8e1-a8b174a6:1 s4e1-ae17eac1:1 s3e1-99a97e3b:1 s2e1-af2273d3:1 s5e1-9758ed11:1 s7e1-8f514c28:1
1786286893.751810 s6e1-8f8da0bb:1 s1e1-a4bf772d:1 s8e1-a8b174a6:1 s4e1-ae17eac1:1 s3e1-99a97e3b:1 s2e1-af2273d3:1 s5e1-9758ed11:1 s7e1-8f514c28:1
1786286893.771475 s6e1-8f8da0bb:1 s1e1-a4bf772d:1 s8e1-a8b174a6:1 s4e1-ae17eac1:1 s3e1-99a97e3b:1 s2e1-af2273d3:1 s5e1-9758ed11:1 s7e1-8f514c28:1
1786286893.791090 s6e1-8f8da0bb:1 s1e1-a4bf772d:1 s8e1-a8b174a6:1 s4e1-ae17eac1:1 s3e1-99a97e3b:1 s2e1-af2273d3:1 s5e1-9758ed11:1 s7e1-8f514c28:1
1786286893.810742 s6e1-8f8da0bb:1 s1e1-a4bf772d:1 s8e1-a8b174a6:1 s4e1-ae17eac1:1 s3e1-99a97e3b:1 s2e1-af2273d3:1 s5e1-9758ed11:1 s7e1-8f514c28:1
1786286893.830361 s6e1-8f8da0bb:1 s1e1-a4bf772d:1 s8e1-a8b174a6:1 s4e1-ae17eac1:1 s3e1-99a97e3b:1 s2e1-af2273d3:1 s5e1-9758ed11:1 s7e1-8f514c28:1
1786286893.849947 s6e1-8f8da0bb:1 s1e1-a4bf772d:1 s8e1-a8b174a6:1 s4e1-ae17eac1:1 s3e1-99a97e3b:1 s2e1-af2273d3:1 s5e1-9758ed11:1 s7e1-8f514c28:1
1786286893.869567 s6e1-8f8da0bb:1 s1e1-a4bf772d:1 s8e1-a8b174a6:1 s4e1-ae17eac1:1 s3e1-99a97e3b:1 s2e1-af2273d3:1 s5e1-9758ed11:1 s7e1-8f514c28:1
1786286893.889244 s6e1-8f8da0bb:1 s1e1-a4bf772d:1 s8e1-a8b174a6:1 s4e1-ae17eac1:1 s3e1-99a97e3b:1 s2e1-af2273d3:1 s5e1-9758ed11:1 s7e1-8f514c28:1
1786286893.908819 s6e1-8f8da0bb:1 s1e1-a4bf772d:1 s8e1-a8b174a6:1 s4e1-ae17eac1:1 s3e1-99a97e3b:1 s2e1-af2273d3:1 s5e1-9758ed11:1 s7e1-8f514c28:1
1786286893.928416 s6e1-8f8da0bb:1 s1e1-a4bf772d:1 s8e1-a8b174a6:1 s4e1-ae17eac1:1 s3e1-99a97e3b:1 s2e1-af2273d3:1 s5e1-9758ed11:1 s7e1-8f514c28:1
1786286893.948004 s6e1-8f8da0bb:1 s1e1-a4bf772d:1 s8e1-a8b174a6:1 s4e1-ae17eac1:1 s3e1-99a97e3b:1 s2e1-af2273d3:1 s5e1-9758ed11:1 s7e1-8f514c28:1
1786286893.967568 s6e1-8f8da0bb:1 s1e1-a4bf772d:1 s8e1-a8b174a6:1 s4e1-ae17eac1:1 s3e1-99a97e3b:1 s2e1-af2273d3:1 s5e1-9758ed11:1 s7e1-8f514c28:1
1786286893.987249 s6e1-8f8da0bb:1 s1e1-a4bf772d:1 s8e1-a8b174a6:1 s4e1-ae17eac1:1 s3e1-99a97e3b:1 s2e1-af2273d3:1 s5e1-9758ed11:1 s7e1-8f514c28:1
1786286894.006655 s6e1-8f8da0bb:1 s1e1-a4bf772d:1 s8e1-a8b174a6:1 s4e1-ae17eac1:1 s3e1-99a97e3b:1 s2e1-af2273d3:1 s5e1-9758ed11:1 s7e1-8f514c28:1
1786286894.026449 s6e1-8f8da0bb:1 s1e1-a4bf772d:1 s8e1-a8b174a6:1 s4e1-ae17eac1:1 s3e1-99a97e3b:1 s2e1-af2273d3:1 s5e1-9758ed11:1 s7e1-8f514c28:1
1786286894.045884 s6e1-8f8da0bb:1 s1e1-a4bf772d:1 s8e1-a8b174a6:1 s4e1-ae17eac1:1 s3e1-99a97e3b:1 s2e1-af2273d3:1 s5e1-9758ed11:1 s7e1-8f514c28:1
1786286894.065470 s1e1-a4bf772d:1 s8e1-a8b174a6:1 s4e1-ae17eac1:1 s3e1-99a97e3b:1 s2e1-af2273d3:1 s5e1-9758ed11:1 s7e1-8f514c28:1
1786286895.097468 s8e1-a8b174a6:53E
1786286895.157650 s8e1-a8b174a6:1 s6e1-8f8da0bb:53E s1e1-a4bf772d:53E s4e1-ae17eac1:53E s3e1-99a97e3b:53E s2e1-af2273d3:53E s5e1-9758ed11:53E s7e1-8f514c28:53E
1786286895.222559 s8e1-a8b174a6:1 s6e1-8f8da0bb:1 s1e1-a4bf772d:1 s4e1-ae17eac1:1 s3e1-99a97e3b:1 s2e1-af2273d3:1 s5e1-9758ed11:1 s7e1-8f514c28:1
1786286895.294824 s8e1-a8b174a6:1 s6e1-8f8da0bb:1 s1e1-a4bf772d:1 s4e1-ae17eac1:1 s3e1-99a97e3b:1 s2e1-af2273d3:1 s5e1-9758ed11:1 s7e1-8f514c28:1
1786286895.314088 s8e1-a8b174a6:1 s6e1-8f8da0bb:1 s1e1-a4bf772d:1 s4e1-ae17eac1:1 s3e1-99a97e3b:1 s2e1-af2273d3:1 s5e1-9758ed11:1 s7e1-8f514c28:1
1786286895.333530 s8e1-a8b174a6:1 s6e1-8f8da0bb:1 s1e1-a4bf772d:1 s4e1-ae17eac1:1 s3e1-99a97e3b:1 s2e1-af2273d3:1 s5e1-9758ed11:1 s7e1-8f514c28:1
1786286895.353034 s8e1-a8b174a6:1 s6e1-8f8da0bb:1 s1e1-a4bf772d:1 s4e1-ae17eac1:1 s3e1-99a97e3b:1 s2e1-af2273d3:1 s5e1-9758ed11:1 s7e1-8f514c28:1
1786286895.372691 s8e1-a8b174a6:1 s6e1-8f8da0bb:1 s1e1-a4bf772d:1 s4e1-ae17eac1:1 s3e1-99a97e3b:1 s2e1-af2273d3:1 s5e1-9758ed11:1 s7e1-8f514c28:1
1786286895.392444 s8e1-a8b174a6:1 s6e1-8f8da0bb:1 s1e1-a4bf772d:1 s4e1-ae17eac1:1 s3e1-99a97e3b:1 s2e1-af2273d3:1 s5e1-9758ed11:1 s7e1-8f514c28:1
1786286895.411824 s8e1-a8b174a6:1 s6e1-8f8da0bb:1 s1e1-a4bf772d:1 s4e1-ae17eac1:1 s3e1-99a97e3b:1 s2e1-af2273d3:1 s5e1-9758ed11:1 s7e1-8f514c28:1
1786286895.431451 s8e1-a8b174a6:1 s6e1-8f8da0bb:1 s1e1-a4bf772d:1 s4e1-ae17eac1:1 s3e1-99a97e3b:1 s2e1-af2273d3:1 s5e1-9758ed11:1 s7e1-8f514c28:1
1786286895.451064 s8e1-a8b174a6:1 s6e1-8f8da0bb:1 s1e1-a4bf772d:1 s4e1-ae17eac1:1 s3e1-99a97e3b:1 s2e1-af2273d3:1 s5e1-9758ed11:1 s7e1-8f514c28:1
1786286895.470649 s8e1-a8b174a6:1 s6e1-8f8da0bb:1 s1e1-a4bf772d:1 s4e1-ae17eac1:1 s3e1-99a97e3b:1 s2e1-af2273d3:1 s5e1-9758ed11:1 s7e1-8f514c28:1
1786286895.490171 s8e1-a8b174a6:1 s6e1-8f8da0bb:1 s1e1-a4bf772d:1 s4e1-ae17eac1:1 s3e1-99a97e3b:1 s2e1-af2273d3:1 s5e1-9758ed11:1 s7e1-8f514c28:1
1786286895.509783 s8e1-a8b174a6:1 s6e1-8f8da0bb:1 s1e1-a4bf772d:1 s4e1-ae17eac1:1 s3e1-99a97e3b:1 s2e1-af2273d3:1 s5e1-9758ed11:1 s7e1-8f514c28:1
1786286895.536056 s8e1-a8b174a6:1 s6e1-8f8da0bb:1 s1e1-a4bf772d:1 s4e1-ae17eac1:1 s3e1-99a97e3b:1 s2e1-af2273d3:1 s5e1-9758ed11:1 s7e1-8f514c28:1
1786286895.548990 s8e1-a8b174a6:1 s6e1-8f8da0bb:1 s1e1-a4bf772d:1 s4e1-ae17eac1:1 s3e1-99a97e3b:1 s2e1-af2273d3:1 s5e1-9758ed11:1 s7e1-8f514c28:1
1786286895.568615 s8e1-a8b174a6:1 s6e1-8f8da0bb:1 s1e1-a4bf772d:1 s4e1-ae17eac1:1 s3e1-99a97e3b:1 s2e1-af2273d3:1 s5e1-9758ed11:1 s7e1-8f514c28:1
1786286895.588233 s8e1-a8b174a6:1 s6e1-8f8da0bb:1 s1e1-a4bf772d:1 s4e1-ae17eac1:1 s3e1-99a97e3b:1 s2e1-af2273d3:1 s5e1-9758ed11:1 s7e1-8f514c28:1
1786286895.607868 s8e1-a8b174a6:1 s6e1-8f8da0bb:1 s1e1-a4bf772d:1 s4e1-ae17eac1:1 s3e1-99a97e3b:1 s2e1-af2273d3:1 s5e1-9758ed11:1 s7e1-8f514c28:1
1786286895.627476 s8e1-a8b174a6:1 s6e1-8f8da0bb:1 s1e1-a4bf772d:1 s4e1-ae17eac1:1 s3e1-99a97e3b:1 s2e1-af2273d3:1 s5e1-9758ed11:1 s7e1-8f514c28:1
1786286895.647053 s8e1-a8b174a6:1 s6e1-8f8da0bb:1 s1e1-a4bf772d:1 s4e1-ae17eac1:1 s3e1-99a97e3b:1 s2e1-af2273d3:1 s5e1-9758ed11:1 s7e1-8f514c28:1
1786286895.666677 s8e1-a8b174a6:1 s6e1-8f8da0bb:1 s1e1-a4bf772d:1 s4e1-ae17eac1:1 s3e1-99a97e3b:1 s2e1-af2273d3:1 s5e1-9758ed11:1 s7e1-8f514c28:1
1786286895.686334 s8e1-a8b174a6:1 s6e1-8f8da0bb:1 s1e1-a4bf772d:1 s4e1-ae17eac1:1 s3e1-99a97e3b:1 s2e1-af2273d3:1 s5e1-9758ed11:1 s7e1-8f514c28:1
1786286895.705998 s8e1-a8b174a6:1 s6e1-8f8da0bb:1 s1e1-a4bf772d:1 s4e1-ae17eac1:1 s3e1-99a97e3b:1 s2e1-af2273d3:1 s5e1-9758ed11:1 s7e1-8f514c28:1
1786286895.725516 s8e1-a8b174a6:1 s6e1-8f8da0bb:1 s1e1-a4bf772d:1 s4e1-ae17eac1:1 s3e1-99a97e3b:1 s2e1-af2273d3:1 s5e1-9758ed11:1 s7e1-8f514c28:1
1786286895.745129 s8e1-a8b174a6:1 s6e1-8f8da0bb:1 s1e1-a4bf772d:1 s4e1-ae17eac1:1 s3e1-99a97e3b:1 s2e1-af2273d3:1 s5e1-9758ed11:1 s7e1-8f514c28:1
1786286895.764722 s8e1-a8b174a6:1 s6e1-8f8da0bb:1 s1e1-a4bf772d:1 s4e1-ae17eac1:1 s3e1-99a97e3b:1 s2e1-af2273d3:1 s5e1-9758ed11:1 s7e1-8f514c28:1
1786286895.784369 s8e1-a8b174a6:1 s6e1-8f8da0bb:1 s1e1-a4bf772d:1 s4e1-ae17eac1:1 s3e1-99a97e3b:1 s2e1-af2273d3:1 s5e1-9758ed11:1 s7e1-8f514c28:1
1786286895.803993 s8e1-a8b174a6:1 s6e1-8f8da0bb:1 s1e1-a4bf772d:1 s4e1-ae17eac1:1 s3e1-99a97e3b:1 s2e1-af2273d3:1 s5e1-9758ed11:1 s7e1-8f514c28:1
1786286895.823614 s8e1-a8b174a6:1 s6e1-8f8da0bb:1 s1e1-a4bf772d:1 s4e1-ae17eac1:1 s3e1-99a97e3b:1 s2e1-af2273d3:1 s5e1-9758ed11:1 s7e1-8f514c28:1
1786286895.843221 s8e1-a8b174a6:1 s6e1-8f8da0bb:1 s1e1-a4bf772d:1 s4e1-ae17eac1:1 s3e1-99a97e3b:1 s2e1-af2273d3:1 s5e1-9758ed11:1 s7e1-8f514c28:1
1786286895.862844 s8e1-a8b174a6:1 s6e1-8f8da0bb:1 s1e1-a4bf772d:1 s4e1-ae17eac1:1 s3e1-99a97e3b:1 s2e1-af2273d3:1 s5e1-9758ed11:1 s7e1-8f514c28:1
1786286895.882432 s6e1-8f8da0bb:1 s1e1-a4bf772d:1 s4e1-ae17eac1:1 s3e1-99a97e3b:1 s2e1-af2273d3:1 s5e1-9758ed11:1 s7e1-8f514c28:1
1786286897.058117 s4e1-ae17eac1:53E
1786286897.125778 s4e1-ae17eac1:1 s8e1-a8b174a6:53E s6e1-8f8da0bb:53E s1e1-a4bf772d:53E s3e1-99a97e3b:53E s2e1-af2273d3:53E s5e1-9758ed11:53E s7e1-8f514c28:53E
1786286897.175131 s4e1-ae17eac1:1 s8e1-a8b174a6:1 s6e1-8f8da0bb:1 s1e1-a4bf772d:1 s3e1-99a97e3b:1 s2e1-af2273d3:1 s5e1-9758ed11:1 s7e1-8f514c28:1
1786286897.254015 s4e1-ae17eac1:1 s8e1-a8b174a6:1 s6e1-8f8da0bb:1 s1e1-a4bf772d:1 s3e1-99a97e3b:1 s2e1-af2273d3:1 s5e1-9758ed11:1 s7e1-8f514c28:1
1786286897.273200 s4e1-ae17eac1:1 s8e1-a8b174a6:1 s6e1-8f8da0bb:1 s1e1-a4bf772d:1 s3e1-99a97e3b:1 s2e1-af2273d3:1 s5e1-9758ed11:1 s7e1-8f514c28:1
1786286897.292634 s4e1-ae17eac1:1 s8e1-a8b174a6:1 s6e1-8f8da0bb:1 s1e1-a4bf772d:1 s3e1-99a97e3b:1 s2e1-af2273d3:1 s5e1-9758ed11:1 s7e1-8f514c28:1
1786286897.312183 s4e1-ae17eac1:1 s8e1-a8b174a6:1 s6e1-8f8da0bb:1 s1e1-a4bf772d:1 s3e1-99a97e3b:1 s2e1-af2273d3:1 s5e1-9758ed11:1 s7e1-8f514c28:1
1786286897.331808 s4e1-ae17eac1:1 s8e1-a8b174a6:1 s6e1-8f8da0bb:1 s1e1-a4bf772d:1 s3e1-99a97e3b:1 s2e1-af2273d3:1 s5e1-9758ed11:1 s7e1-8f514c28:1
1786286897.351443 s4e1-ae17eac1:1 s8e1-a8b174a6:1 s6e1-8f8da0bb:1 s1e1-a4bf772d:1 s3e1-99a97e3b:1 s2e1-af2273d3:1 s5e1-9758ed11:1 s7e1-8f514c28:1
1786286897.371150 s4e1-ae17eac1:1 s8e1-a8b174a6:1 s6e1-8f8da0bb:1 s1e1-a4bf772d:1 s3e1-99a97e3b:1 s2e1-af2273d3:1 s5e1-9758ed11:1 s7e1-8f514c28:1
1786286897.390872 s4e1-ae17eac1:1 s8e1-a8b174a6:1 s6e1-8f8da0bb:1 s1e1-a4bf772d:1 s3e1-99a97e3b:1 s2e1-af2273d3:1 s5e1-9758ed11:1 s7e1-8f514c28:1
1786286897.410592 s4e1-ae17eac1:1 s8e1-a8b174a6:1 s6e1-8f8da0bb:1 s1e1-a4bf772d:1 s3e1-99a97e3b:1 s2e1-af2273d3:1 s5e1-9758ed11:1 s7e1-8f514c28:1
1786286897.430325 s4e1-ae17eac1:1 s8e1-a8b174a6:1 s6e1-8f8da0bb:1 s1e1-a4bf772d:1 s3e1-99a97e3b:1 s2e1-af2273d3:1 s5e1-9758ed11:1 s7e1-8f514c28:1
1786286897.450056 s4e1-ae17eac1:1 s8e1-a8b174a6:1 s6e1-8f8da0bb:1 s1e1-a4bf772d:1 s3e1-99a97e3b:1 s2e1-af2273d3:1 s5e1-9758ed11:1 s7e1-8f514c28:1
1786286897.469750 s4e1-ae17eac1:1 s8e1-a8b174a6:1 s6e1-8f8da0bb:1 s1e1-a4bf772d:1 s3e1-99a97e3b:1 s2e1-af2273d3:1 s5e1-9758ed11:1 s7e1-8f514c28:1
1786286897.489432 s4e1-ae17eac1:1 s8e1-a8b174a6:1 s6e1-8f8da0bb:1 s1e1-a4bf772d:1 s3e1-99a97e3b:1 s2e1-af2273d3:1 s5e1-9758ed11:1 s7e1-8f514c28:1
1786286897.509192 s4e1-ae17eac1:1 s8e1-a8b174a6:1 s6e1-8f8da0bb:1 s1e1-a4bf772d:1 s3e1-99a97e3b:1 s2e1-af2273d3:1 s5e1-9758ed11:1 s7e1-8f514c28:1
1786286897.528901 s4e1-ae17eac1:1 s8e1-a8b174a6:1 s6e1-8f8da0bb:1 s1e1-a4bf772d:1 s3e1-99a97e3b:1 s2e1-af2273d3:1 s5e1-9758ed11:1 s7e1-8f514c28:1
1786286897.548667 s4e1-ae17eac1:1 s8e1-a8b174a6:1 s6e1-8f8da0bb:1 s1e1-a4bf772d:1 s3e1-99a97e3b:1 s2e1-af2273d3:1 s5e1-9758ed11:1 s7e1-8f514c28:1
1786286897.568462 s4e1-ae17eac1:1 s8e1-a8b174a6:1 s6e1-8f8da0bb:1 s1e1-a4bf772d:1 s3e1-99a97e3b:1 s2e1-af2273d3:1 s5e1-9758ed11:1 s7e1-8f514c28:1
1786286897.588061 s4e1-ae17eac1:1 s8e1-a8b174a6:1 s6e1-8f8da0bb:1 s1e1-a4bf772d:1 s3e1-99a97e3b:1 s2e1-af2273d3:1 s5e1-9758ed11:1 s7e1-8f514c28:1
1786286897.607886 s4e1-ae17eac1:1 s8e1-a8b174a6:1 s6e1-8f8da0bb:1 s1e1-a4bf772d:1 s3e1-99a97e3b:1 s2e1-af2273d3:1 s5e1-9758ed11:1 s7e1-8f514c28:1
1786286897.627735 s4e1-ae17eac1:1 s8e1-a8b174a6:1 s6e1-8f8da0bb:1 s1e1-a4bf772d:1 s3e1-99a97e3b:1 s2e1-af2273d3:1 s5e1-9758ed11:1 s7e1-8f514c28:1
1786286897.647598 s4e1-ae17eac1:1 s8e1-a8b174a6:1 s6e1-8f8da0bb:1 s1e1-a4bf772d:1 s3e1-99a97e3b:1 s2e1-af2273d3:1 s5e1-9758ed11:1 s7e1-8f514c28:1
1786286897.667439 s4e1-ae17eac1:1 s8e1-a8b174a6:1 s6e1-8f8da0bb:1 s1e1-a4bf772d:1 s3e1-99a97e3b:1 s2e1-af2273d3:1 s5e1-9758ed11:1 s7e1-8f514c28:1
1786286897.687320 s4e1-ae17eac1:1 s8e1-a8b174a6:1 s6e1-8f8da0bb:1 s1e1-a4bf772d:1 s3e1-99a97e3b:1 s2e1-af2273d3:1 s5e1-9758ed11:1 s7e1-8f514c28:1
1786286897.707175 s4e1-ae17eac1:1 s8e1-a8b174a6:1 s6e1-8f8da0bb:1 s1e1-a4bf772d:1 s3e1-99a97e3b:1 s2e1-af2273d3:1 s5e1-9758ed11:1 s7e1-8f514c28:1
1786286897.727076 s4e1-ae17eac1:1 s8e1-a8b174a6:1 s6e1-8f8da0bb:1 s1e1-a4bf772d:1 s3e1-99a97e3b:1 s2e1-af2273d3:1 s5e1-9758ed11:1 s7e1-8f514c28:1
1786286897.746927 s4e1-ae17eac1:1 s8e1-a8b174a6:1 s6e1-8f8da0bb:1 s1e1-a4bf772d:1 s3e1-99a97e3b:1 s2e1-af2273d3:1 s5e1-9758ed11:1 s7e1-8f514c28:1
1786286897.766745 s4e1-ae17eac1:1 s8e1-a8b174a6:1 s6e1-8f8da0bb:1 s1e1-a4bf772d:1 s3e1-99a97e3b:1 s2e1-af2273d3:1 s5e1-9758ed11:1 s7e1-8f514c28:1
1786286897.786611 s4e1-ae17eac1:1 s8e1-a8b174a6:1 s6e1-8f8da0bb:1 s1e1-a4bf772d:1 s3e1-99a97e3b:1 s2e1-af2273d3:1 s5e1-9758ed11:1 s7e1-8f514c28:1
1786286897.806506 s4e1-ae17eac1:1 s8e1-a8b174a6:1 s6e1-8f8da0bb:1 s1e1-a4bf772d:1 s3e1-99a97e3b:1 s2e1-af2273d3:1 s5e1-9758ed11:1 s7e1-8f514c28:1
1786286897.826334 s4e1-ae17eac1:1 s8e1-a8b174a6:1 s6e1-8f8da0bb:1 s1e1-a4bf772d:1 s3e1-99a97e3b:1 s2e1-af2273d3:1 s5e1-9758ed11:1 s7e1-8f514c28:1
1786286897.846192 s8e1-a8b174a6:1 s6e1-8f8da0bb:1 s1e1-a4bf772d:1 s3e1-99a97e3b:1 s2e1-af2273d3:1 s5e1-9758ed11:1 s7e1-8f514c28:1
1786286899.039199 s8e1-a8b174a6:53E
1786286899.093936 s8e1-a8b174a6:1 s7e1-8f514c28:53E
1786286899.141133 s8e1-a8b174a6:1 s7e1-8f514c28:1 s4e1-ae17eac1:53E s6e1-8f8da0bb:53E s1e1-a4bf772d:53E s3e1-99a97e3b:53E s2e1-af2273d3:53E s5e1-9758ed11:53E
1786286899.194937 s8e1-a8b174a6:1 s7e1-8f514c28:1 s4e1-ae17eac1:1 s6e1-8f8da0bb:1 s1e1-a4bf772d:1 s3e1-99a97e3b:1 s2e1-af2273d3:1 s5e1-9758ed11:1
1786286899.273305 s8e1-a8b174a6:1 s7e1-8f514c28:1 s4e1-ae17eac1:1 s6e1-8f8da0bb:1 s1e1-a4bf772d:1 s3e1-99a97e3b:1 s2e1-af2273d3:1 s5e1-9758ed11:1
1786286899.292640 s8e1-a8b174a6:1 s7e1-8f514c28:1 s4e1-ae17eac1:1 s6e1-8f8da0bb:1 s1e1-a4bf772d:1 s3e1-99a97e3b:1 s2e1-af2273d3:1 s5e1-9758ed11:1
1786286899.312275 s8e1-a8b174a6:1 s7e1-8f514c28:1 s4e1-ae17eac1:1 s6e1-8f8da0bb:1 s1e1-a4bf772d:1 s3e1-99a97e3b:1 s2e1-af2273d3:1 s5e1-9758ed11:1
1786286899.331971 s8e1-a8b174a6:1 s7e1-8f514c28:1 s4e1-ae17eac1:1 s6e1-8f8da0bb:1 s1e1-a4bf772d:1 s3e1-99a97e3b:1 s2e1-af2273d3:1 s5e1-9758ed11:1
1786286899.351714 s8e1-a8b174a6:1 s7e1-8f514c28:1 s4e1-ae17eac1:1 s6e1-8f8da0bb:1 s1e1-a4bf772d:1 s3e1-99a97e3b:1 s2e1-af2273d3:1 s5e1-9758ed11:1
1786286899.371511 s8e1-a8b174a6:1 s7e1-8f514c28:1 s4e1-ae17eac1:1 s6e1-8f8da0bb:1 s1e1-a4bf772d:1 s3e1-99a97e3b:1 s2e1-af2273d3:1 s5e1-9758ed11:1
1786286899.391433 s8e1-a8b174a6:1 s7e1-8f514c28:1 s4e1-ae17eac1:1 s6e1-8f8da0bb:1 s1e1-a4bf772d:1 s3e1-99a97e3b:1 s2e1-af2273d3:1 s5e1-9758ed11:1
1786286899.411151 s8e1-a8b174a6:1 s7e1-8f514c28:1 s4e1-ae17eac1:1 s6e1-8f8da0bb:1 s1e1-a4bf772d:1 s3e1-99a97e3b:1 s2e1-af2273d3:1 s5e1-9758ed11:1
1786286899.430955 s8e1-a8b174a6:1 s7e1-8f514c28:1 s4e1-ae17eac1:1 s6e1-8f8da0bb:1 s1e1-a4bf772d:1 s3e1-99a97e3b:1 s2e1-af2273d3:1 s5e1-9758ed11:1
1786286899.450899 s8e1-a8b174a6:1 s7e1-8f514c28:1 s4e1-ae17eac1:1 s6e1-8f8da0bb:1 s1e1-a4bf772d:1 s3e1-99a97e3b:1 s2e1-af2273d3:1 s5e1-9758ed11:1
1786286899.470638 s8e1-a8b174a6:1 s7e1-8f514c28:1 s4e1-ae17eac1:1 s6e1-8f8da0bb:1 s1e1-a4bf772d:1 s3e1-99a97e3b:1 s2e1-af2273d3:1 s5e1-9758ed11:1
1786286899.490531 s8e1-a8b174a6:1 s7e1-8f514c28:1 s4e1-ae17eac1:1 s6e1-8f8da0bb:1 s1e1-a4bf772d:1 s3e1-99a97e3b:1 s2e1-af2273d3:1 s5e1-9758ed11:1
1786286899.510221 s8e1-a8b174a6:1 s7e1-8f514c28:1 s4e1-ae17eac1:1 s6e1-8f8da0bb:1 s1e1-a4bf772d:1 s3e1-99a97e3b:1 s2e1-af2273d3:1 s5e1-9758ed11:1
1786286899.530051 s8e1-a8b174a6:1 s7e1-8f514c28:1 s4e1-ae17eac1:1 s6e1-8f8da0bb:1 s1e1-a4bf772d:1 s3e1-99a97e3b:1 s2e1-af2273d3:1 s5e1-9758ed11:1
1786286899.549848 s8e1-a8b174a6:1 s7e1-8f514c28:1 s4e1-ae17eac1:1 s6e1-8f8da0bb:1 s1e1-a4bf772d:1 s3e1-99a97e3b:1 s2e1-af2273d3:1 s5e1-9758ed11:1
1786286899.569649 s8e1-a8b174a6:1 s7e1-8f514c28:1 s4e1-ae17eac1:1 s6e1-8f8da0bb:1 s1e1-a4bf772d:1 s3e1-99a97e3b:1 s2e1-af2273d3:1 s5e1-9758ed11:1
1786286899.589459 s8e1-a8b174a6:1 s7e1-8f514c28:1 s4e1-ae17eac1:1 s6e1-8f8da0bb:1 s1e1-a4bf772d:1 s3e1-99a97e3b:1 s2e1-af2273d3:1 s5e1-9758ed11:1
1786286899.609274 s8e1-a8b174a6:1 s7e1-8f514c28:1 s4e1-ae17eac1:1 s6e1-8f8da0bb:1 s1e1-a4bf772d:1 s3e1-99a97e3b:1 s2e1-af2273d3:1 s5e1-9758ed11:1
1786286899.629125 s8e1-a8b174a6:1 s7e1-8f514c28:1 s4e1-ae17eac1:1 s6e1-8f8da0bb:1 s1e1-a4bf772d:1 s3e1-99a97e3b:1 s2e1-af2273d3:1 s5e1-9758ed11:1
1786286899.648901 s8e1-a8b174a6:1 s7e1-8f514c28:1 s4e1-ae17eac1:1 s6e1-8f8da0bb:1 s1e1-a4bf772d:1 s3e1-99a97e3b:1 s2e1-af2273d3:1 s5e1-9758ed11:1
1786286899.668723 s8e1-a8b174a6:1 s7e1-8f514c28:1 s4e1-ae17eac1:1 s6e1-8f8da0bb:1 s1e1-a4bf772d:1 s3e1-99a97e3b:1 s2e1-af2273d3:1 s5e1-9758ed11:1
1786286899.688512 s8e1-a8b174a6:1 s7e1-8f514c28:1 s4e1-ae17eac1:1 s6e1-8f8da0bb:1 s1e1-a4bf772d:1 s3e1-99a97e3b:1 s2e1-af2273d3:1 s5e1-9758ed11:1
1786286899.708340 s8e1-a8b174a6:1 s7e1-8f514c28:1 s4e1-ae17eac1:1 s6e1-8f8da0bb:1 s1e1-a4bf772d:1 s3e1-99a97e3b:1 s2e1-af2273d3:1 s5e1-9758ed11:1
1786286899.728180 s8e1-a8b174a6:1 s7e1-8f514c28:1 s4e1-ae17eac1:1 s6e1-8f8da0bb:1 s1e1-a4bf772d:1 s3e1-99a97e3b:1 s2e1-af2273d3:1 s5e1-9758ed11:1
1786286899.747991 s8e1-a8b174a6:1 s7e1-8f514c28:1 s4e1-ae17eac1:1 s6e1-8f8da0bb:1 s1e1-a4bf772d:1 s3e1-99a97e3b:1 s2e1-af2273d3:1 s5e1-9758ed11:1
1786286899.767829 s8e1-a8b174a6:1 s7e1-8f514c28:1 s4e1-ae17eac1:1 s6e1-8f8da0bb:1 s1e1-a4bf772d:1 s3e1-99a97e3b:1 s2e1-af2273d3:1 s5e1-9758ed11:1
1786286899.787641 s8e1-a8b174a6:1 s7e1-8f514c28:1 s4e1-ae17eac1:1 s6e1-8f8da0bb:1 s1e1-a4bf772d:1 s3e1-99a97e3b:1 s2e1-af2273d3:1 s5e1-9758ed11:1
1786286899.807525 s8e1-a8b174a6:1 s7e1-8f514c28:1 s4e1-ae17eac1:1 s6e1-8f8da0bb:1 s1e1-a4bf772d:1 s3e1-99a97e3b:1 s2e1-af2273d3:1 s5e1-9758ed11:1
1786286899.827243 s8e1-a8b174a6:1 s7e1-8f514c28:1 s4e1-ae17eac1:1 s6e1-8f8da0bb:1 s1e1-a4bf772d:1 s3e1-99a97e3b:1 s2e1-af2273d3:1 s5e1-9758ed11:1
1786286899.847056 s7e1-8f514c28:1 s4e1-ae17eac1:1 s6e1-8f8da0bb:1 s1e1-a4bf772d:1 s3e1-99a97e3b:1 s2e1-af2273d3:1 s5e1-9758ed11:1
1786286899.866882 s4e1-ae17eac1:1 s6e1-8f8da0bb:1 s1e1-a4bf772d:1 s3e1-99a97e3b:1 s2e1-af2273d3:1 s5e1-9758ed11:1
1786286901.043020 s6e1-8f8da0bb:53E
1786286901.100402 s6e1-8f8da0bb:1 s8e1-a8b174a6:53E s7e1-8f514c28:53E s4e1-ae17eac1:53E s2e1-af2273d3:53E s5e1-9758ed11:53E
1786286901.153361 s6e1-8f8da0bb:1 s8e1-a8b174a6:1 s7e1-8f514c28:1 s4e1-ae17eac1:1 s2e1-af2273d3:1 s5e1-9758ed11:1 s1e1-a4bf772d:53E s3e1-99a97e3b:53E
1786286901.272781 s6e1-8f8da0bb:1 s8e1-a8b174a6:1 s7e1-8f514c28:1 s4e1-ae17eac1:1 s2e1-af2273d3:1 s5e1-9758ed11:1 s1e1-a4bf772d:1 s3e1-99a97e3b:1
1786286901.284137 s6e1-8f8da0bb:1 s8e1-a8b174a6:1 s7e1-8f514c28:1 s4e1-ae17eac1:1 s2e1-af2273d3:1 s5e1-9758ed11:1 s1e1-a4bf772d:1 s3e1-99a97e3b:1
1786286901.303700 s6e1-8f8da0bb:1 s8e1-a8b174a6:1 s7e1-8f514c28:1 s4e1-ae17eac1:1 s2e1-af2273d3:1 s5e1-9758ed11:1 s1e1-a4bf772d:1 s3e1-99a97e3b:1
1786286901.323426 s6e1-8f8da0bb:1 s8e1-a8b174a6:1 s7e1-8f514c28:1 s4e1-ae17eac1:1 s2e1-af2273d3:1 s5e1-9758ed11:1 s1e1-a4bf772d:1 s3e1-99a97e3b:1
1786286901.343235 s6e1-8f8da0bb:1 s8e1-a8b174a6:1 s7e1-8f514c28:1 s4e1-ae17eac1:1 s2e1-af2273d3:1 s5e1-9758ed11:1 s1e1-a4bf772d:1 s3e1-99a97e3b:1
1786286901.363094 s6e1-8f8da0bb:1 s8e1-a8b174a6:1 s7e1-8f514c28:1 s4e1-ae17eac1:1 s2e1-af2273d3:1 s5e1-9758ed11:1 s1e1-a4bf772d:1 s3e1-99a97e3b:1
1786286901.382941 s6e1-8f8da0bb:1 s8e1-a8b174a6:1 s7e1-8f514c28:1 s4e1-ae17eac1:1 s2e1-af2273d3:1 s5e1-9758ed11:1 s1e1-a4bf772d:1 s3e1-99a97e3b:1
1786286901.402751 s6e1-8f8da0bb:1 s8e1-a8b174a6:1 s7e1-8f514c28:1 s4e1-ae17eac1:1 s2e1-af2273d3:1 s5e1-9758ed11:1 s1e1-a4bf772d:1 s3e1-99a97e3b:1
1786286901.422563 s6e1-8f8da0bb:1 s8e1-a8b174a6:1 s7e1-8f514c28:1 s4e1-ae17eac1:1 s2e1-af2273d3:1 s5e1-9758ed11:1 s1e1-a4bf772d:1 s3e1-99a97e3b:1
1786286901.442515 s6e1-8f8da0bb:1 s8e1-a8b174a6:1 s7e1-8f514c28:1 s4e1-ae17eac1:1 s2e1-af2273d3:1 s5e1-9758ed11:1 s1e1-a4bf772d:1 s3e1-99a97e3b:1
1786286901.462392 s6e1-8f8da0bb:1 s8e1-a8b174a6:1 s7e1-8f514c28:1 s4e1-ae17eac1:1 s2e1-af2273d3:1 s5e1-9758ed11:1 s1e1-a4bf772d:1 s3e1-99a97e3b:1
1786286901.482291 s6e1-8f8da0bb:1 s8e1-a8b174a6:1 s7e1-8f514c28:1 s4e1-ae17eac1:1 s2e1-af2273d3:1 s5e1-9758ed11:1 s1e1-a4bf772d:1 s3e1-99a97e3b:1
1786286901.502191 s6e1-8f8da0bb:1 s8e1-a8b174a6:1 s7e1-8f514c28:1 s4e1-ae17eac1:1 s2e1-af2273d3:1 s5e1-9758ed11:1 s1e1-a4bf772d:1 s3e1-99a97e3b:1
1786286901.522116 s6e1-8f8da0bb:1 s8e1-a8b174a6:1 s7e1-8f514c28:1 s4e1-ae17eac1:1 s2e1-af2273d3:1 s5e1-9758ed11:1 s1e1-a4bf772d:1 s3e1-99a97e3b:1
1786286901.542037 s6e1-8f8da0bb:1 s8e1-a8b174a6:1 s7e1-8f514c28:1 s4e1-ae17eac1:1 s2e1-af2273d3:1 s5e1-9758ed11:1 s1e1-a4bf772d:1 s3e1-99a97e3b:1
1786286901.561927 s6e1-8f8da0bb:1 s8e1-a8b174a6:1 s7e1-8f514c28:1 s4e1-ae17eac1:1 s2e1-af2273d3:1 s5e1-9758ed11:1 s1e1-a4bf772d:1 s3e1-99a97e3b:1
1786286901.581857 s6e1-8f8da0bb:1 s8e1-a8b174a6:1 s7e1-8f514c28:1 s4e1-ae17eac1:1 s2e1-af2273d3:1 s5e1-9758ed11:1 s1e1-a4bf772d:1 s3e1-99a97e3b:1
1786286901.601759 s6e1-8f8da0bb:1 s8e1-a8b174a6:1 s7e1-8f514c28:1 s4e1-ae17eac1:1 s2e1-af2273d3:1 s5e1-9758ed11:1 s1e1-a4bf772d:1 s3e1-99a97e3b:1
1786286901.621672 s6e1-8f8da0bb:1 s8e1-a8b174a6:1 s7e1-8f514c28:1 s4e1-ae17eac1:1 s2e1-af2273d3:1 s5e1-9758ed11:1 s1e1-a4bf772d:1 s3e1-99a97e3b:1
1786286901.641591 s6e1-8f8da0bb:1 s8e1-a8b174a6:1 s7e1-8f514c28:1 s4e1-ae17eac1:1 s2e1-af2273d3:1 s5e1-9758ed11:1 s1e1-a4bf772d:1 s3e1-99a97e3b:1
1786286901.661486 s6e1-8f8da0bb:1 s8e1-a8b174a6:1 s7e1-8f514c28:1 s4e1-ae17eac1:1 s2e1-af2273d3:1 s5e1-9758ed11:1 s1e1-a4bf772d:1 s3e1-99a97e3b:1
1786286901.681472 s6e1-8f8da0bb:1 s8e1-a8b174a6:1 s7e1-8f514c28:1 s4e1-ae17eac1:1 s2e1-af2273d3:1 s5e1-9758ed11:1 s1e1-a4bf772d:1 s3e1-99a97e3b:1
1786286901.701434 s6e1-8f8da0bb:1 s8e1-a8b174a6:1 s7e1-8f514c28:1 s4e1-ae17eac1:1 s2e1-af2273d3:1 s5e1-9758ed11:1 s1e1-a4bf772d:1 s3e1-99a97e3b:1
1786286901.721318 s6e1-8f8da0bb:1 s8e1-a8b174a6:1 s7e1-8f514c28:1 s4e1-ae17eac1:1 s2e1-af2273d3:1 s5e1-9758ed11:1 s1e1-a4bf772d:1 s3e1-99a97e3b:1
1786286901.741186 s6e1-8f8da0bb:1 s8e1-a8b174a6:1 s7e1-8f514c28:1 s4e1-ae17eac1:1 s2e1-af2273d3:1 s5e1-9758ed11:1 s1e1-a4bf772d:1 s3e1-99a97e3b:1
1786286901.761106 s6e1-8f8da0bb:1 s8e1-a8b174a6:1 s7e1-8f514c28:1 s4e1-ae17eac1:1 s2e1-af2273d3:1 s5e1-9758ed11:1 s1e1-a4bf772d:1 s3e1-99a97e3b:1
1786286901.780988 s6e1-8f8da0bb:1 s8e1-a8b174a6:1 s7e1-8f514c28:1 s4e1-ae17eac1:1 s2e1-af2273d3:1 s5e1-9758ed11:1 s1e1-a4bf772d:1 s3e1-99a97e3b:1
1786286901.800936 s6e1-8f8da0bb:1 s8e1-a8b174a6:1 s7e1-8f514c28:1 s4e1-ae17eac1:1 s2e1-af2273d3:1 s5e1-9758ed11:1 s1e1-a4bf772d:1 s3e1-99a97e3b:1
1786286901.820834 s6e1-8f8da0bb:1 s8e1-a8b174a6:1 s7e1-8f514c28:1 s4e1-ae17eac1:1 s2e1-af2273d3:1 s5e1-9758ed11:1 s1e1-a4bf772d:1 s3e1-99a97e3b:1
1786286901.840753 s6e1-8f8da0bb:1 s8e1-a8b174a6:1 s7e1-8f514c28:1 s4e1-ae17eac1:1 s2e1-af2273d3:1 s5e1-9758ed11:1 s1e1-a4bf772d:1 s3e1-99a97e3b:1
1786286901.860655 s8e1-a8b174a6:1 s7e1-8f514c28:1 s4e1-ae17eac1:1 s2e1-af2273d3:1 s5e1-9758ed11:1 s1e1-a4bf772d:1 s3e1-99a97e3b:1
1786286901.880542 s1e1-a4bf772d:1 s3e1-99a97e3b:1
1786286903.024420 s3e1-99a97e3b:53E
1786286903.080047 s3e1-99a97e3b:1 s6e1-8f8da0bb:53E s8e1-a8b174a6:53E s4e1-ae17eac1:53E s5e1-9758ed11:53E
1786286903.134024 s3e1-99a97e3b:1 s6e1-8f8da0bb:1 s8e1-a8b174a6:1 s4e1-ae17eac1:1 s5e1-9758ed11:1 s7e1-8f514c28:53E s2e1-af2273d3:53E s1e1-a4bf772d:53E
1786286903.212402 s3e1-99a97e3b:1 s6e1-8f8da0bb:1 s8e1-a8b174a6:1 s4e1-ae17eac1:1 s5e1-9758ed11:1 s7e1-8f514c28:1 s2e1-af2273d3:1 s1e1-a4bf772d:1
1786286903.246754 s3e1-99a97e3b:1 s6e1-8f8da0bb:1 s8e1-a8b174a6:1 s4e1-ae17eac1:1 s5e1-9758ed11:1 s7e1-8f514c28:1 s2e1-af2273d3:1 s1e1-a4bf772d:1
1786286903.266468 s3e1-99a97e3b:1 s6e1-8f8da0bb:1 s8e1-a8b174a6:1 s4e1-ae17eac1:1 s5e1-9758ed11:1 s7e1-8f514c28:1 s2e1-af2273d3:1 s1e1-a4bf772d:1
1786286903.286268 s3e1-99a97e3b:1 s6e1-8f8da0bb:1 s8e1-a8b174a6:1 s4e1-ae17eac1:1 s5e1-9758ed11:1 s7e1-8f514c28:1 s2e1-af2273d3:1 s1e1-a4bf772d:1
1786286903.306136 s3e1-99a97e3b:1 s6e1-8f8da0bb:1 s8e1-a8b174a6:1 s4e1-ae17eac1:1 s5e1-9758ed11:1 s7e1-8f514c28:1 s2e1-af2273d3:1 s1e1-a4bf772d:1
1786286903.326010 s3e1-99a97e3b:1 s6e1-8f8da0bb:1 s8e1-a8b174a6:1 s4e1-ae17eac1:1 s5e1-9758ed11:1 s7e1-8f514c28:1 s2e1-af2273d3:1 s1e1-a4bf772d:1
1786286903.345951 s3e1-99a97e3b:1 s6e1-8f8da0bb:1 s8e1-a8b174a6:1 s4e1-ae17eac1:1 s5e1-9758ed11:1 s7e1-8f514c28:1 s2e1-af2273d3:1 s1e1-a4bf772d:1
1786286903.365925 s3e1-99a97e3b:1 s6e1-8f8da0bb:1 s8e1-a8b174a6:1 s4e1-ae17eac1:1 s5e1-9758ed11:1 s7e1-8f514c28:1 s2e1-af2273d3:1 s1e1-a4bf772d:1
1786286903.385885 s3e1-99a97e3b:1 s6e1-8f8da0bb:1 s8e1-a8b174a6:1 s4e1-ae17eac1:1 s5e1-9758ed11:1 s7e1-8f514c28:1 s2e1-af2273d3:1 s1e1-a4bf772d:1
1786286903.405841 s3e1-99a97e3b:1 s6e1-8f8da0bb:1 s8e1-a8b174a6:1 s4e1-ae17eac1:1 s5e1-9758ed11:1 s7e1-8f514c28:1 s2e1-af2273d3:1 s1e1-a4bf772d:1
1786286903.425772 s3e1-99a97e3b:1 s6e1-8f8da0bb:1 s8e1-a8b174a6:1 s4e1-ae17eac1:1 s5e1-9758ed11:1 s7e1-8f514c28:1 s2e1-af2273d3:1 s1e1-a4bf772d:1
1786286903.445750 s3e1-99a97e3b:1 s6e1-8f8da0bb:1 s8e1-a8b174a6:1 s4e1-ae17eac1:1 s5e1-9758ed11:1 s7e1-8f514c28:1 s2e1-af2273d3:1 s1e1-a4bf772d:1
1786286903.465683 s3e1-99a97e3b:1 s6e1-8f8da0bb:1 s8e1-a8b174a6:1 s4e1-ae17eac1:1 s5e1-9758ed11:1 s7e1-8f514c28:1 s2e1-af2273d3:1 s1e1-a4bf772d:1
1786286903.485616 s3e1-99a97e3b:1 s6e1-8f8da0bb:1 s8e1-a8b174a6:1 s4e1-ae17eac1:1 s5e1-9758ed11:1 s7e1-8f514c28:1 s2e1-af2273d3:1 s1e1-a4bf772d:1
1786286903.505572 s3e1-99a97e3b:1 s6e1-8f8da0bb:1 s8e1-a8b174a6:1 s4e1-ae17eac1:1 s5e1-9758ed11:1 s7e1-8f514c28:1 s2e1-af2273d3:1 s1e1-a4bf772d:1
1786286903.525515 s3e1-99a97e3b:1 s6e1-8f8da0bb:1 s8e1-a8b174a6:1 s4e1-ae17eac1:1 s5e1-9758ed11:1 s7e1-8f514c28:1 s2e1-af2273d3:1 s1e1-a4bf772d:1
1786286903.545534 s3e1-99a97e3b:1 s6e1-8f8da0bb:1 s8e1-a8b174a6:1 s4e1-ae17eac1:1 s5e1-9758ed11:1 s7e1-8f514c28:1 s2e1-af2273d3:1 s1e1-a4bf772d:1
1786286903.565504 s3e1-99a97e3b:1 s6e1-8f8da0bb:1 s8e1-a8b174a6:1 s4e1-ae17eac1:1 s5e1-9758ed11:1 s7e1-8f514c28:1 s2e1-af2273d3:1 s1e1-a4bf772d:1
1786286903.585443 s3e1-99a97e3b:1 s6e1-8f8da0bb:1 s8e1-a8b174a6:1 s4e1-ae17eac1:1 s5e1-9758ed11:1 s7e1-8f514c28:1 s2e1-af2273d3:1 s1e1-a4bf772d:1
1786286903.605275 s3e1-99a97e3b:1 s6e1-8f8da0bb:1 s8e1-a8b174a6:1 s4e1-ae17eac1:1 s5e1-9758ed11:1 s7e1-8f514c28:1 s2e1-af2273d3:1 s1e1-a4bf772d:1
1786286903.625247 s3e1-99a97e3b:1 s6e1-8f8da0bb:1 s8e1-a8b174a6:1 s4e1-ae17eac1:1 s5e1-9758ed11:1 s7e1-8f514c28:1 s2e1-af2273d3:1 s1e1-a4bf772d:1
1786286903.645189 s3e1-99a97e3b:1 s6e1-8f8da0bb:1 s8e1-a8b174a6:1 s4e1-ae17eac1:1 s5e1-9758ed11:1 s7e1-8f514c28:1 s2e1-af2273d3:1 s1e1-a4bf772d:1
1786286903.665142 s3e1-99a97e3b:1 s6e1-8f8da0bb:1 s8e1-a8b174a6:1 s4e1-ae17eac1:1 s5e1-9758ed11:1 s7e1-8f514c28:1 s2e1-af2273d3:1 s1e1-a4bf772d:1
1786286903.685093 s3e1-99a97e3b:1 s6e1-8f8da0bb:1 s8e1-a8b174a6:1 s4e1-ae17eac1:1 s5e1-9758ed11:1 s7e1-8f514c28:1 s2e1-af2273d3:1 s1e1-a4bf772d:1
1786286903.705016 s3e1-99a97e3b:1 s6e1-8f8da0bb:1 s8e1-a8b174a6:1 s4e1-ae17eac1:1 s5e1-9758ed11:1 s7e1-8f514c28:1 s2e1-af2273d3:1 s1e1-a4bf772d:1
1786286903.724981 s3e1-99a97e3b:1 s6e1-8f8da0bb:1 s8e1-a8b174a6:1 s4e1-ae17eac1:1 s5e1-9758ed11:1 s7e1-8f514c28:1 s2e1-af2273d3:1 s1e1-a4bf772d:1
1786286903.744981 s3e1-99a97e3b:1 s6e1-8f8da0bb:1 s8e1-a8b174a6:1 s4e1-ae17eac1:1 s5e1-9758ed11:1 s7e1-8f514c28:1 s2e1-af2273d3:1 s1e1-a4bf772d:1
1786286903.764958 s3e1-99a97e3b:1 s6e1-8f8da0bb:1 s8e1-a8b174a6:1 s4e1-ae17eac1:1 s5e1-9758ed11:1 s7e1-8f514c28:1 s2e1-af2273d3:1 s1e1-a4bf772d:1
1786286903.784898 s3e1-99a97e3b:1 s6e1-8f8da0bb:1 s8e1-a8b174a6:1 s4e1-ae17eac1:1 s5e1-9758ed11:1 s7e1-8f514c28:1 s2e1-af2273d3:1 s1e1-a4bf772d:1
1786286903.804857 s3e1-99a97e3b:1 s6e1-8f8da0bb:1 s8e1-a8b174a6:1 s4e1-ae17eac1:1 s5e1-9758ed11:1 s7e1-8f514c28:1 s2e1-af2273d3:1 s1e1-a4bf772d:1
1786286903.824842 s6e1-8f8da0bb:1 s8e1-a8b174a6:1 s4e1-ae17eac1:1 s5e1-9758ed11:1 s7e1-8f514c28:1 s2e1-af2273d3:1 s1e1-a4bf772d:1
1786286903.844754 s7e1-8f514c28:1 s2e1-af2273d3:1 s1e1-a4bf772d:1
1786286904.953552 s4e1-ae17eac1:53E
1786286905.004298 s4e1-ae17eac1:1
1786286905.008241 s4e1-ae17eac1:1
1786286905.026649 s4e1-ae17eac1:1
1786286905.047156 s4e1-ae17eac1:1 s5e1-9758ed11:53E
1786286905.107589 s4e1-ae17eac1:1 s5e1-9758ed11:1 s3e1-99a97e3b:53E s6e1-8f8da0bb:53E s8e1-a8b174a6:53E s7e1-8f514c28:53E s2e1-af2273d3:53E s1e1-a4bf772d:53E
1786286905.156569 s4e1-ae17eac1:1 s5e1-9758ed11:1 s3e1-99a97e3b:1 s6e1-8f8da0bb:1 s8e1-a8b174a6:1 s7e1-8f514c28:1 s2e1-af2273d3:1 s1e1-a4bf772d:1
1786286905.237526 s4e1-ae17eac1:1 s5e1-9758ed11:1 s3e1-99a97e3b:1 s6e1-8f8da0bb:1 s8e1-a8b174a6:1 s7e1-8f514c28:1 s2e1-af2273d3:1 s1e1-a4bf772d:1
1786286905.257229 s4e1-ae17eac1:1 s5e1-9758ed11:1 s3e1-99a97e3b:1 s6e1-8f8da0bb:1 s8e1-a8b174a6:1 s7e1-8f514c28:1 s2e1-af2273d3:1 s1e1-a4bf772d:1
1786286905.276970 s4e1-ae17eac1:1 s5e1-9758ed11:1 s3e1-99a97e3b:1 s6e1-8f8da0bb:1 s8e1-a8b174a6:1 s7e1-8f514c28:1 s2e1-af2273d3:1 s1e1-a4bf772d:1
1786286905.296796 s4e1-ae17eac1:1 s5e1-9758ed11:1 s3e1-99a97e3b:1 s6e1-8f8da0bb:1 s8e1-a8b174a6:1 s7e1-8f514c28:1 s2e1-af2273d3:1 s1e1-a4bf772d:1
1786286905.316687 s4e1-ae17eac1:1 s5e1-9758ed11:1 s3e1-99a97e3b:1 s6e1-8f8da0bb:1 s8e1-a8b174a6:1 s7e1-8f514c28:1 s2e1-af2273d3:1 s1e1-a4bf772d:1
1786286905.336576 s4e1-ae17eac1:1 s5e1-9758ed11:1 s3e1-99a97e3b:1 s6e1-8f8da0bb:1 s8e1-a8b174a6:1 s7e1-8f514c28:1 s2e1-af2273d3:1 s1e1-a4bf772d:1
1786286905.356552 s4e1-ae17eac1:1 s5e1-9758ed11:1 s3e1-99a97e3b:1 s6e1-8f8da0bb:1 s8e1-a8b174a6:1 s7e1-8f514c28:1 s2e1-af2273d3:1 s1e1-a4bf772d:1
1786286905.376651 s4e1-ae17eac1:1 s5e1-9758ed11:1 s3e1-99a97e3b:1 s6e1-8f8da0bb:1 s8e1-a8b174a6:1 s7e1-8f514c28:1 s2e1-af2273d3:1 s1e1-a4bf772d:1
1786286905.396553 s4e1-ae17eac1:1 s5e1-9758ed11:1 s3e1-99a97e3b:1 s6e1-8f8da0bb:1 s8e1-a8b174a6:1 s7e1-8f514c28:1 s2e1-af2273d3:1 s1e1-a4bf772d:1
1786286905.416509 s4e1-ae17eac1:1 s5e1-9758ed11:1 s3e1-99a97e3b:1 s6e1-8f8da0bb:1 s8e1-a8b174a6:1 s7e1-8f514c28:1 s2e1-af2273d3:1 s1e1-a4bf772d:1
1786286905.436457 s4e1-ae17eac1:1 s5e1-9758ed11:1 s3e1-99a97e3b:1 s6e1-8f8da0bb:1 s8e1-a8b174a6:1 s7e1-8f514c28:1 s2e1-af2273d3:1 s1e1-a4bf772d:1
1786286905.456498 s4e1-ae17eac1:1 s5e1-9758ed11:1 s3e1-99a97e3b:1 s6e1-8f8da0bb:1 s8e1-a8b174a6:1 s7e1-8f514c28:1 s2e1-af2273d3:1 s1e1-a4bf772d:1
1786286905.476559 s4e1-ae17eac1:1 s5e1-9758ed11:1 s3e1-99a97e3b:1 s6e1-8f8da0bb:1 s8e1-a8b174a6:1 s7e1-8f514c28:1 s2e1-af2273d3:1 s1e1-a4bf772d:1
1786286905.496389 s4e1-ae17eac1:1 s5e1-9758ed11:1 s3e1-99a97e3b:1 s6e1-8f8da0bb:1 s8e1-a8b174a6:1 s7e1-8f514c28:1 s2e1-af2273d3:1 s1e1-a4bf772d:1
1786286905.516364 s4e1-ae17eac1:1 s5e1-9758ed11:1 s3e1-99a97e3b:1 s6e1-8f8da0bb:1 s8e1-a8b174a6:1 s7e1-8f514c28:1 s2e1-af2273d3:1 s1e1-a4bf772d:1
1786286905.536355 s4e1-ae17eac1:1 s5e1-9758ed11:1 s3e1-99a97e3b:1 s6e1-8f8da0bb:1 s8e1-a8b174a6:1 s7e1-8f514c28:1 s2e1-af2273d3:1 s1e1-a4bf772d:1
1786286905.556335 s4e1-ae17eac1:1 s5e1-9758ed11:1 s3e1-99a97e3b:1 s6e1-8f8da0bb:1 s8e1-a8b174a6:1 s7e1-8f514c28:1 s2e1-af2273d3:1 s1e1-a4bf772d:1
1786286905.576296 s4e1-ae17eac1:1 s5e1-9758ed11:1 s3e1-99a97e3b:1 s6e1-8f8da0bb:1 s8e1-a8b174a6:1 s7e1-8f514c28:1 s2e1-af2273d3:1 s1e1-a4bf772d:1
1786286905.596281 s4e1-ae17eac1:1 s5e1-9758ed11:1 s3e1-99a97e3b:1 s6e1-8f8da0bb:1 s8e1-a8b174a6:1 s7e1-8f514c28:1 s2e1-af2273d3:1 s1e1-a4bf772d:1
1786286905.616286 s4e1-ae17eac1:1 s5e1-9758ed11:1 s3e1-99a97e3b:1 s6e1-8f8da0bb:1 s8e1-a8b174a6:1 s7e1-8f514c28:1 s2e1-af2273d3:1 s1e1-a4bf772d:1
1786286905.636255 s4e1-ae17eac1:1 s5e1-9758ed11:1 s3e1-99a97e3b:1 s6e1-8f8da0bb:1 s8e1-a8b174a6:1 s7e1-8f514c28:1 s2e1-af2273d3:1 s1e1-a4bf772d:1
1786286905.656243 s4e1-ae17eac1:1 s5e1-9758ed11:1 s3e1-99a97e3b:1 s6e1-8f8da0bb:1 s8e1-a8b174a6:1 s7e1-8f514c28:1 s2e1-af2273d3:1 s1e1-a4bf772d:1
1786286905.676263 s4e1-ae17eac1:1 s5e1-9758ed11:1 s3e1-99a97e3b:1 s6e1-8f8da0bb:1 s8e1-a8b174a6:1 s7e1-8f514c28:1 s2e1-af2273d3:1 s1e1-a4bf772d:1
1786286905.696275 s4e1-ae17eac1:1 s5e1-9758ed11:1 s3e1-99a97e3b:1 s6e1-8f8da0bb:1 s8e1-a8b174a6:1 s7e1-8f514c28:1 s2e1-af2273d3:1 s1e1-a4bf772d:1
1786286905.716245 s4e1-ae17eac1:1 s5e1-9758ed11:1 s3e1-99a97e3b:1 s6e1-8f8da0bb:1 s8e1-a8b174a6:1 s7e1-8f514c28:1 s2e1-af2273d3:1 s1e1-a4bf772d:1
1786286905.736230 s4e1-ae17eac1:1 s5e1-9758ed11:1 s3e1-99a97e3b:1 s6e1-8f8da0bb:1 s8e1-a8b174a6:1 s7e1-8f514c28:1 s2e1-af2273d3:1 s1e1-a4bf772d:1
1786286905.756207 s5e1-9758ed11:1 s3e1-99a97e3b:1 s6e1-8f8da0bb:1 s8e1-a8b174a6:1 s7e1-8f514c28:1 s2e1-af2273d3:1 s1e1-a4bf772d:1
1786286905.776254 s5e1-9758ed11:1 s3e1-99a97e3b:1 s6e1-8f8da0bb:1 s8e1-a8b174a6:1 s7e1-8f514c28:1 s2e1-af2273d3:1 s1e1-a4bf772d:1
1786286905.796253 s5e1-9758ed11:1 s3e1-99a97e3b:1 s6e1-8f8da0bb:1 s8e1-a8b174a6:1 s7e1-8f514c28:1 s2e1-af2273d3:1 s1e1-a4bf772d:1
1786286905.816122 s5e1-9758ed11:1 s3e1-99a97e3b:1 s6e1-8f8da0bb:1 s8e1-a8b174a6:1 s7e1-8f514c28:1 s2e1-af2273d3:1 s1e1-a4bf772d:1
1786286905.836350 s3e1-99a97e3b:1 s6e1-8f8da0bb:1 s8e1-a8b174a6:1 s7e1-8f514c28:1 s2e1-af2273d3:1 s1e1-a4bf772d:1
1786286907.057398 s5e1-9758ed11:53E
1786286907.111301 s5e1-9758ed11:1 s4e1-ae17eac1:53E s3e1-99a97e3b:53E s6e1-8f8da0bb:53E s8e1-a8b174a6:53E s7e1-8f514c28:53E s2e1-af2273d3:53E s1e1-a4bf772d:53E
1786286907.161874 s5e1-9758ed11:1 s4e1-ae17eac1:1 s3e1-99a97e3b:1 s6e1-8f8da0bb:1 s8e1-a8b174a6:1 s7e1-8f514c28:1 s2e1-af2273d3:1 s1e1-a4bf772d:1
1786286907.243049 s5e1-9758ed11:1 s4e1-ae17eac1:1 s3e1-99a97e3b:1 s6e1-8f8da0bb:1 s8e1-a8b174a6:1 s7e1-8f514c28:1 s2e1-af2273d3:1 s1e1-a4bf772d:1
1786286907.262959 s5e1-9758ed11:1 s4e1-ae17eac1:1 s3e1-99a97e3b:1 s6e1-8f8da0bb:1 s8e1-a8b174a6:1 s7e1-8f514c28:1 s2e1-af2273d3:1 s1e1-a4bf772d:1
1786286907.282906 s5e1-9758ed11:1 s4e1-ae17eac1:1 s3e1-99a97e3b:1 s6e1-8f8da0bb:1 s8e1-a8b174a6:1 s7e1-8f514c28:1 s2e1-af2273d3:1 s1e1-a4bf772d:1
1786286907.302966 s5e1-9758ed11:1 s4e1-ae17eac1:1 s3e1-99a97e3b:1 s6e1-8f8da0bb:1 s8e1-a8b174a6:1 s7e1-8f514c28:1 s2e1-af2273d3:1 s1e1-a4bf772d:1
1786286907.323092 s5e1-9758ed11:1 s4e1-ae17eac1:1 s3e1-99a97e3b:1 s6e1-8f8da0bb:1 s8e1-a8b174a6:1 s7e1-8f514c28:1 s2e1-af2273d3:1 s1e1-a4bf772d:1
1786286907.343219 s5e1-9758ed11:1 s4e1-ae17eac1:1 s3e1-99a97e3b:1 s6e1-8f8da0bb:1 s8e1-a8b174a6:1 s7e1-8f514c28:1 s2e1-af2273d3:1 s1e1-a4bf772d:1
1786286907.363487 s5e1-9758ed11:1 s4e1-ae17eac1:1 s3e1-99a97e3b:1 s6e1-8f8da0bb:1 s8e1-a8b174a6:1 s7e1-8f514c28:1 s2e1-af2273d3:1 s1e1-a4bf772d:1
1786286907.383755 s5e1-9758ed11:1 s4e1-ae17eac1:1 s3e1-99a97e3b:1 s6e1-8f8da0bb:1 s8e1-a8b174a6:1 s7e1-8f514c28:1 s2e1-af2273d3:1 s1e1-a4bf772d:1
1786286907.403790 s5e1-9758ed11:1 s4e1-ae17eac1:1 s3e1-99a97e3b:1 s6e1-8f8da0bb:1 s8e1-a8b174a6:1 s7e1-8f514c28:1 s2e1-af2273d3:1 s1e1-a4bf772d:1
1786286907.423946 s5e1-9758ed11:1 s4e1-ae17eac1:1 s3e1-99a97e3b:1 s6e1-8f8da0bb:1 s8e1-a8b174a6:1 s7e1-8f514c28:1 s2e1-af2273d3:1 s1e1-a4bf772d:1
1786286907.444110 s5e1-9758ed11:1 s4e1-ae17eac1:1 s3e1-99a97e3b:1 s6e1-8f8da0bb:1 s8e1-a8b174a6:1 s7e1-8f514c28:1 s2e1-af2273d3:1 s1e1-a4bf772d:1
1786286907.464311 s5e1-9758ed11:1 s4e1-ae17eac1:1 s3e1-99a97e3b:1 s6e1-8f8da0bb:1 s8e1-a8b174a6:1 s7e1-8f514c28:1 s2e1-af2273d3:1 s1e1-a4bf772d:1
1786286907.484502 s5e1-9758ed11:1 s4e1-ae17eac1:1 s3e1-99a97e3b:1 s6e1-8f8da0bb:1 s8e1-a8b174a6:1 s7e1-8f514c28:1 s2e1-af2273d3:1 s1e1-a4bf772d:1
1786286907.504649 s5e1-9758ed11:1 s4e1-ae17eac1:1 s3e1-99a97e3b:1 s6e1-8f8da0bb:1 s8e1-a8b174a6:1 s7e1-8f514c28:1 s2e1-af2273d3:1 s1e1-a4bf772d:1
1786286907.524852 s5e1-9758ed11:1 s4e1-ae17eac1:1 s3e1-99a97e3b:1 s6e1-8f8da0bb:1 s8e1-a8b174a6:1 s7e1-8f514c28:1 s2e1-af2273d3:1 s1e1-a4bf772d:1
1786286907.545075 s5e1-9758ed11:1 s4e1-ae17eac1:1 s3e1-99a97e3b:1 s6e1-8f8da0bb:1 s8e1-a8b174a6:1 s7e1-8f514c28:1 s2e1-af2273d3:1 s1e1-a4bf772d:1
1786286907.565266 s5e1-9758ed11:1 s4e1-ae17eac1:1 s3e1-99a97e3b:1 s6e1-8f8da0bb:1 s8e1-a8b174a6:1 s7e1-8f514c28:1 s2e1-af2273d3:1 s1e1-a4bf772d:1
1786286907.585414 s5e1-9758ed11:1 s4e1-ae17eac1:1 s3e1-99a97e3b:1 s6e1-8f8da0bb:1 s8e1-a8b174a6:1 s7e1-8f514c28:1 s2e1-af2273d3:1 s1e1-a4bf772d:1
1786286907.605617 s5e1-9758ed11:1 s4e1-ae17eac1:1 s3e1-99a97e3b:1 s6e1-8f8da0bb:1 s8e1-a8b174a6:1 s7e1-8f514c28:1 s2e1-af2273d3:1 s1e1-a4bf772d:1
1786286907.625760 s5e1-9758ed11:1 s4e1-ae17eac1:1 s3e1-99a97e3b:1 s6e1-8f8da0bb:1 s8e1-a8b174a6:1 s7e1-8f514c28:1 s2e1-af2273d3:1 s1e1-a4bf772d:1
1786286907.645953 s5e1-9758ed11:1 s4e1-ae17eac1:1 s3e1-99a97e3b:1 s6e1-8f8da0bb:1 s8e1-a8b174a6:1 s7e1-8f514c28:1 s2e1-af2273d3:1 s1e1-a4bf772d:1
1786286907.666142 s5e1-9758ed11:1 s4e1-ae17eac1:1 s3e1-99a97e3b:1 s6e1-8f8da0bb:1 s8e1-a8b174a6:1 s7e1-8f514c28:1 s2e1-af2273d3:1 s1e1-a4bf772d:1
1786286907.686420 s5e1-9758ed11:1 s4e1-ae17eac1:1 s3e1-99a97e3b:1 s6e1-8f8da0bb:1 s8e1-a8b174a6:1 s7e1-8f514c28:1 s2e1-af2273d3:1 s1e1-a4bf772d:1
1786286907.706690 s5e1-9758ed11:1 s4e1-ae17eac1:1 s3e1-99a97e3b:1 s6e1-8f8da0bb:1 s8e1-a8b174a6:1 s7e1-8f514c28:1 s2e1-af2273d3:1 s1e1-a4bf772d:1
1786286907.726763 s5e1-9758ed11:1 s4e1-ae17eac1:1 s3e1-99a97e3b:1 s6e1-8f8da0bb:1 s8e1-a8b174a6:1 s7e1-8f514c28:1 s2e1-af2273d3:1 s1e1-a4bf772d:1
1786286907.746951 s5e1-9758ed11:1 s4e1-ae17eac1:1 s3e1-99a97e3b:1 s6e1-8f8da0bb:1 s8e1-a8b174a6:1 s7e1-8f514c28:1 s2e1-af2273d3:1 s1e1-a4bf772d:1
1786286907.767168 s5e1-9758ed11:1 s4e1-ae17eac1:1 s3e1-99a97e3b:1 s6e1-8f8da0bb:1 s8e1-a8b174a6:1 s7e1-8f514c28:1 s2e1-af2273d3:1 s1e1-a4bf772d:1
1786286907.787349 s5e1-9758ed11:1 s4e1-ae17eac1:1 s3e1-99a97e3b:1 s6e1-8f8da0bb:1 s8e1-a8b174a6:1 s7e1-8f514c28:1 s2e1-af2273d3:1 s1e1-a4bf772d:1
1786286907.807532 s5e1-9758ed11:1 s4e1-ae17eac1:1 s3e1-99a97e3b:1 s6e1-8f8da0bb:1 s8e1-a8b174a6:1 s7e1-8f514c28:1 s2e1-af2273d3:1 s1e1-a4bf772d:1
1786286907.827733 s5e1-9758ed11:1 s4e1-ae17eac1:1 s3e1-99a97e3b:1 s6e1-8f8da0bb:1 s8e1-a8b174a6:1 s7e1-8f514c28:1 s2e1-af2273d3:1 s1e1-a4bf772d:1
1786286907.847917 s4e1-ae17eac1:1 s3e1-99a97e3b:1 s6e1-8f8da0bb:1 s8e1-a8b174a6:1 s7e1-8f514c28:1 s2e1-af2273d3:1 s1e1-a4bf772d:1
1786286909.057049 s2e1-af2273d3:53E
1786286909.111408 s2e1-af2273d3:1 s5e1-9758ed11:53E s4e1-ae17eac1:53E s3e1-99a97e3b:53E s6e1-8f8da0bb:53E s8e1-a8b174a6:53E s7e1-8f514c28:53E s1e1-a4bf772d:53E
1786286909.161455 s2e1-af2273d3:1 s5e1-9758ed11:1 s4e1-ae17eac1:1 s3e1-99a97e3b:1 s6e1-8f8da0bb:1 s8e1-a8b174a6:1 s7e1-8f514c28:1 s1e1-a4bf772d:1
1786286909.242917 s2e1-af2273d3:1 s5e1-9758ed11:1 s4e1-ae17eac1:1 s3e1-99a97e3b:1 s6e1-8f8da0bb:1 s8e1-a8b174a6:1 s7e1-8f514c28:1 s1e1-a4bf772d:1
1786286909.262875 s2e1-af2273d3:1 s5e1-9758ed11:1 s4e1-ae17eac1:1 s3e1-99a97e3b:1 s6e1-8f8da0bb:1 s8e1-a8b174a6:1 s7e1-8f514c28:1 s1e1-a4bf772d:1
1786286909.282947 s2e1-af2273d3:1 s5e1-9758ed11:1 s4e1-ae17eac1:1 s3e1-99a97e3b:1 s6e1-8f8da0bb:1 s8e1-a8b174a6:1 s7e1-8f514c28:1 s1e1-a4bf772d:1
1786286909.302974 s2e1-af2273d3:1 s5e1-9758ed11:1 s4e1-ae17eac1:1 s3e1-99a97e3b:1 s6e1-8f8da0bb:1 s8e1-a8b174a6:1 s7e1-8f514c28:1 s1e1-a4bf772d:1
1786286909.323133 s2e1-af2273d3:1 s5e1-9758ed11:1 s4e1-ae17eac1:1 s3e1-99a97e3b:1 s6e1-8f8da0bb:1 s8e1-a8b174a6:1 s7e1-8f514c28:1 s1e1-a4bf772d:1
1786286909.343316 s2e1-af2273d3:1 s5e1-9758ed11:1 s4e1-ae17eac1:1 s3e1-99a97e3b:1 s6e1-8f8da0bb:1 s8e1-a8b174a6:1 s7e1-8f514c28:1 s1e1-a4bf772d:1
1786286909.363579 s2e1-af2273d3:1 s5e1-9758ed11:1 s4e1-ae17eac1:1 s3e1-99a97e3b:1 s6e1-8f8da0bb:1 s8e1-a8b174a6:1 s7e1-8f514c28:1 s1e1-a4bf772d:1
1786286909.383768 s2e1-af2273d3:1 s5e1-9758ed11:1 s4e1-ae17eac1:1 s3e1-99a97e3b:1 s6e1-8f8da0bb:1 s8e1-a8b174a6:1 s7e1-8f514c28:1 s1e1-a4bf772d:1
1786286909.404043 s2e1-af2273d3:1 s5e1-9758ed11:1 s4e1-ae17eac1:1 s3e1-99a97e3b:1 s6e1-8f8da0bb:1 s8e1-a8b174a6:1 s7e1-8f514c28:1 s1e1-a4bf772d:1
1786286909.424220 s2e1-af2273d3:1 s5e1-9758ed11:1 s4e1-ae17eac1:1 s3e1-99a97e3b:1 s6e1-8f8da0bb:1 s8e1-a8b174a6:1 s7e1-8f514c28:1 s1e1-a4bf772d:1
1786286909.444416 s2e1-af2273d3:1 s5e1-9758ed11:1 s4e1-ae17eac1:1 s3e1-99a97e3b:1 s6e1-8f8da0bb:1 s8e1-a8b174a6:1 s7e1-8f514c28:1 s1e1-a4bf772d:1
1786286909.464661 s2e1-af2273d3:1 s5e1-9758ed11:1 s4e1-ae17eac1:1 s3e1-99a97e3b:1 s6e1-8f8da0bb:1 s8e1-a8b174a6:1 s7e1-8f514c28:1 s1e1-a4bf772d:1
1786286909.484896 s2e1-af2273d3:1 s5e1-9758ed11:1 s4e1-ae17eac1:1 s3e1-99a97e3b:1 s6e1-8f8da0bb:1 s8e1-a8b174a6:1 s7e1-8f514c28:1 s1e1-a4bf772d:1
1786286909.505092 s2e1-af2273d3:1 s5e1-9758ed11:1 s4e1-ae17eac1:1 s3e1-99a97e3b:1 s6e1-8f8da0bb:1 s8e1-a8b174a6:1 s7e1-8f514c28:1 s1e1-a4bf772d:1
1786286909.525290 s2e1-af2273d3:1 s5e1-9758ed11:1 s4e1-ae17eac1:1 s3e1-99a97e3b:1 s6e1-8f8da0bb:1 s8e1-a8b174a6:1 s7e1-8f514c28:1 s1e1-a4bf772d:1
1786286909.545506 s2e1-af2273d3:1 s5e1-9758ed11:1 s4e1-ae17eac1:1 s3e1-99a97e3b:1 s6e1-8f8da0bb:1 s8e1-a8b174a6:1 s7e1-8f514c28:1 s1e1-a4bf772d:1
1786286909.565741 s2e1-af2273d3:1 s5e1-9758ed11:1 s4e1-ae17eac1:1 s3e1-99a97e3b:1 s6e1-8f8da0bb:1 s8e1-a8b174a6:1 s7e1-8f514c28:1 s1e1-a4bf772d:1
1786286909.586018 s2e1-af2273d3:1 s5e1-9758ed11:1 s4e1-ae17eac1:1 s3e1-99a97e3b:1 s6e1-8f8da0bb:1 s8e1-a8b174a6:1 s7e1-8f514c28:1 s1e1-a4bf772d:1
1786286909.606330 s2e1-af2273d3:1 s5e1-9758ed11:1 s4e1-ae17eac1:1 s3e1-99a97e3b:1 s6e1-8f8da0bb:1 s8e1-a8b174a6:1 s7e1-8f514c28:1 s1e1-a4bf772d:1
1786286909.626407 s2e1-af2273d3:1 s5e1-9758ed11:1 s4e1-ae17eac1:1 s3e1-99a97e3b:1 s6e1-8f8da0bb:1 s8e1-a8b174a6:1 s7e1-8f514c28:1 s1e1-a4bf772d:1
1786286909.646621 s2e1-af2273d3:1 s5e1-9758ed11:1 s4e1-ae17eac1:1 s3e1-99a97e3b:1 s6e1-8f8da0bb:1 s8e1-a8b174a6:1 s7e1-8f514c28:1 s1e1-a4bf772d:1
1786286909.666837 s2e1-af2273d3:1 s5e1-9758ed11:1 s4e1-ae17eac1:1 s3e1-99a97e3b:1 s6e1-8f8da0bb:1 s8e1-a8b174a6:1 s7e1-8f514c28:1 s1e1-a4bf772d:1
1786286909.687065 s2e1-af2273d3:1 s5e1-9758ed11:1 s4e1-ae17eac1:1 s3e1-99a97e3b:1 s6e1-8f8da0bb:1 s8e1-a8b174a6:1 s7e1-8f514c28:1 s1e1-a4bf772d:1
1786286909.707254 s2e1-af2273d3:1 s5e1-9758ed11:1 s4e1-ae17eac1:1 s3e1-99a97e3b:1 s6e1-8f8da0bb:1 s8e1-a8b174a6:1 s7e1-8f514c28:1 s1e1-a4bf772d:1
1786286909.727504 s2e1-af2273d3:1 s5e1-9758ed11:1 s4e1-ae17eac1:1 s3e1-99a97e3b:1 s6e1-8f8da0bb:1 s8e1-a8b174a6:1 s7e1-8f514c28:1 s1e1-a4bf772d:1
1786286909.747685 s2e1-af2273d3:1 s5e1-9758ed11:1 s4e1-ae17eac1:1 s3e1-99a97e3b:1 s6e1-8f8da0bb:1 s8e1-a8b174a6:1 s7e1-8f514c28:1 s1e1-a4bf772d:1
1786286909.767922 s2e1-af2273d3:1 s5e1-9758ed11:1 s4e1-ae17eac1:1 s3e1-99a97e3b:1 s6e1-8f8da0bb:1 s8e1-a8b174a6:1 s7e1-8f514c28:1 s1e1-a4bf772d:1
1786286909.788110 s2e1-af2273d3:1 s5e1-9758ed11:1 s4e1-ae17eac1:1 s3e1-99a97e3b:1 s6e1-8f8da0bb:1 s8e1-a8b174a6:1 s7e1-8f514c28:1 s1e1-a4bf772d:1
1786286909.808308 s2e1-af2273d3:1 s5e1-9758ed11:1 s4e1-ae17eac1:1 s3e1-99a97e3b:1 s6e1-8f8da0bb:1 s8e1-a8b174a6:1 s7e1-8f514c28:1 s1e1-a4bf772d:1
1786286909.828497 s2e1-af2273d3:1 s5e1-9758ed11:1 s4e1-ae17eac1:1 s3e1-99a97e3b:1 s6e1-8f8da0bb:1 s8e1-a8b174a6:1 s7e1-8f514c28:1 s1e1-a4bf772d:1
1786286909.848727 s5e1-9758ed11:1 s4e1-ae17eac1:1 s3e1-99a97e3b:1 s6e1-8f8da0bb:1 s8e1-a8b174a6:1 s7e1-8f514c28:1 s1e1-a4bf772d:1
1786286911.010421 s3e1-99a97e3b:53E
1786286911.078205 s3e1-99a97e3b:1 s2e1-af2273d3:53E s4e1-ae17eac1:53E s8e1-a8b174a6:53E
1786286911.132831 s3e1-99a97e3b:1 s2e1-af2273d3:1 s4e1-ae17eac1:1 s8e1-a8b174a6:1 s5e1-9758ed11:53E s6e1-8f8da0bb:53E s7e1-8f514c28:53E s1e1-a4bf772d:53E
1786286911.213625 s3e1-99a97e3b:1 s2e1-af2273d3:1 s4e1-ae17eac1:1 s8e1-a8b174a6:1 s5e1-9758ed11:1 s6e1-8f8da0bb:1 s7e1-8f514c28:1 s1e1-a4bf772d:1
1786286911.248375 s3e1-99a97e3b:1 s2e1-af2273d3:1 s4e1-ae17eac1:1 s8e1-a8b174a6:1 s5e1-9758ed11:1 s6e1-8f8da0bb:1 s7e1-8f514c28:1 s1e1-a4bf772d:1
1786286911.268297 s3e1-99a97e3b:1 s2e1-af2273d3:1 s4e1-ae17eac1:1 s8e1-a8b174a6:1 s5e1-9758ed11:1 s6e1-8f8da0bb:1 s7e1-8f514c28:1 s1e1-a4bf772d:1
1786286911.288380 s3e1-99a97e3b:1 s2e1-af2273d3:1 s4e1-ae17eac1:1 s8e1-a8b174a6:1 s5e1-9758ed11:1 s6e1-8f8da0bb:1 s7e1-8f514c28:1 s1e1-a4bf772d:1
1786286911.308559 s3e1-99a97e3b:1 s2e1-af2273d3:1 s4e1-ae17eac1:1 s8e1-a8b174a6:1 s5e1-9758ed11:1 s6e1-8f8da0bb:1 s7e1-8f514c28:1 s1e1-a4bf772d:1
1786286911.328736 s3e1-99a97e3b:1 s2e1-af2273d3:1 s4e1-ae17eac1:1 s8e1-a8b174a6:1 s5e1-9758ed11:1 s6e1-8f8da0bb:1 s7e1-8f514c28:1 s1e1-a4bf772d:1
1786286911.348946 s3e1-99a97e3b:1 s2e1-af2273d3:1 s4e1-ae17eac1:1 s8e1-a8b174a6:1 s5e1-9758ed11:1 s6e1-8f8da0bb:1 s7e1-8f514c28:1 s1e1-a4bf772d:1
1786286911.369164 s3e1-99a97e3b:1 s2e1-af2273d3:1 s4e1-ae17eac1:1 s8e1-a8b174a6:1 s5e1-9758ed11:1 s6e1-8f8da0bb:1 s7e1-8f514c28:1 s1e1-a4bf772d:1
1786286911.389386 s3e1-99a97e3b:1 s2e1-af2273d3:1 s4e1-ae17eac1:1 s8e1-a8b174a6:1 s5e1-9758ed11:1 s6e1-8f8da0bb:1 s7e1-8f514c28:1 s1e1-a4bf772d:1
1786286911.409622 s3e1-99a97e3b:1 s2e1-af2273d3:1 s4e1-ae17eac1:1 s8e1-a8b174a6:1 s5e1-9758ed11:1 s6e1-8f8da0bb:1 s7e1-8f514c28:1 s1e1-a4bf772d:1
1786286911.429839 s3e1-99a97e3b:1 s2e1-af2273d3:1 s4e1-ae17eac1:1 s8e1-a8b174a6:1 s5e1-9758ed11:1 s6e1-8f8da0bb:1 s7e1-8f514c28:1 s1e1-a4bf772d:1
1786286911.450069 s3e1-99a97e3b:1 s2e1-af2273d3:1 s4e1-ae17eac1:1 s8e1-a8b174a6:1 s5e1-9758ed11:1 s6e1-8f8da0bb:1 s7e1-8f514c28:1 s1e1-a4bf772d:1
1786286911.470312 s3e1-99a97e3b:1 s2e1-af2273d3:1 s4e1-ae17eac1:1 s8e1-a8b174a6:1 s5e1-9758ed11:1 s6e1-8f8da0bb:1 s7e1-8f514c28:1 s1e1-a4bf772d:1
1786286911.490482 s3e1-99a97e3b:1 s2e1-af2273d3:1 s4e1-ae17eac1:1 s8e1-a8b174a6:1 s5e1-9758ed11:1 s6e1-8f8da0bb:1 s7e1-8f514c28:1 s1e1-a4bf772d:1
1786286911.510700 s3e1-99a97e3b:1 s2e1-af2273d3:1 s4e1-ae17eac1:1 s8e1-a8b174a6:1 s5e1-9758ed11:1 s6e1-8f8da0bb:1 s7e1-8f514c28:1 s1e1-a4bf772d:1
1786286911.530852 s3e1-99a97e3b:1 s2e1-af2273d3:1 s4e1-ae17eac1:1 s8e1-a8b174a6:1 s5e1-9758ed11:1 s6e1-8f8da0bb:1 s7e1-8f514c28:1 s1e1-a4bf772d:1
1786286911.551080 s3e1-99a97e3b:1 s2e1-af2273d3:1 s4e1-ae17eac1:1 s8e1-a8b174a6:1 s5e1-9758ed11:1 s6e1-8f8da0bb:1 s7e1-8f514c28:1 s1e1-a4bf772d:1
1786286911.571319 s3e1-99a97e3b:1 s2e1-af2273d3:1 s4e1-ae17eac1:1 s8e1-a8b174a6:1 s5e1-9758ed11:1 s6e1-8f8da0bb:1 s7e1-8f514c28:1 s1e1-a4bf772d:1
1786286911.591570 s3e1-99a97e3b:1 s2e1-af2273d3:1 s4e1-ae17eac1:1 s8e1-a8b174a6:1 s5e1-9758ed11:1 s6e1-8f8da0bb:1 s7e1-8f514c28:1 s1e1-a4bf772d:1
1786286911.611733 s3e1-99a97e3b:1 s2e1-af2273d3:1 s4e1-ae17eac1:1 s8e1-a8b174a6:1 s5e1-9758ed11:1 s6e1-8f8da0bb:1 s7e1-8f514c28:1 s1e1-a4bf772d:1
1786286911.631959 s3e1-99a97e3b:1 s2e1-af2273d3:1 s4e1-ae17eac1:1 s8e1-a8b174a6:1 s5e1-9758ed11:1 s6e1-8f8da0bb:1 s7e1-8f514c28:1 s1e1-a4bf772d:1
1786286911.652225 s3e1-99a97e3b:1 s2e1-af2273d3:1 s4e1-ae17eac1:1 s8e1-a8b174a6:1 s5e1-9758ed11:1 s6e1-8f8da0bb:1 s7e1-8f514c28:1 s1e1-a4bf772d:1
1786286911.672405 s3e1-99a97e3b:1 s2e1-af2273d3:1 s4e1-ae17eac1:1 s8e1-a8b174a6:1 s5e1-9758ed11:1 s6e1-8f8da0bb:1 s7e1-8f514c28:1 s1e1-a4bf772d:1
1786286911.692627 s3e1-99a97e3b:1 s2e1-af2273d3:1 s4e1-ae17eac1:1 s8e1-a8b174a6:1 s5e1-9758ed11:1 s6e1-8f8da0bb:1 s7e1-8f514c28:1 s1e1-a4bf772d:1
1786286911.712893 s3e1-99a97e3b:1 s2e1-af2273d3:1 s4e1-ae17eac1:1 s8e1-a8b174a6:1 s5e1-9758ed11:1 s6e1-8f8da0bb:1 s7e1-8f514c28:1 s1e1-a4bf772d:1
1786286911.733123 s3e1-99a97e3b:1 s2e1-af2273d3:1 s4e1-ae17eac1:1 s8e1-a8b174a6:1 s5e1-9758ed11:1 s6e1-8f8da0bb:1 s7e1-8f514c28:1 s1e1-a4bf772d:1
1786286911.753329 s3e1-99a97e3b:1 s2e1-af2273d3:1 s4e1-ae17eac1:1 s8e1-a8b174a6:1 s5e1-9758ed11:1 s6e1-8f8da0bb:1 s7e1-8f514c28:1 s1e1-a4bf772d:1
1786286911.773568 s3e1-99a97e3b:1 s2e1-af2273d3:1 s4e1-ae17eac1:1 s8e1-a8b174a6:1 s5e1-9758ed11:1 s6e1-8f8da0bb:1 s7e1-8f514c28:1 s1e1-a4bf772d:1
1786286911.793864 s3e1-99a97e3b:1 s2e1-af2273d3:1 s4e1-ae17eac1:1 s8e1-a8b174a6:1 s5e1-9758ed11:1 s6e1-8f8da0bb:1 s7e1-8f514c28:1 s1e1-a4bf772d:1
1786286911.814108 s3e1-99a97e3b:1 s2e1-af2273d3:1 s4e1-ae17eac1:1 s8e1-a8b174a6:1 s5e1-9758ed11:1 s6e1-8f8da0bb:1 s7e1-8f514c28:1 s1e1-a4bf772d:1
1786286911.834360 s2e1-af2273d3:1 s4e1-ae17eac1:1 s8e1-a8b174a6:1 s5e1-9758ed11:1 s6e1-8f8da0bb:1 s7e1-8f514c28:1 s1e1-a4bf772d:1
1786286911.854480 s5e1-9758ed11:1 s6e1-8f8da0bb:1 s7e1-8f514c28:1 s1e1-a4bf772d:1
1786286913.030441 s6e1-8f8da0bb:53E
1786286913.104807 s6e1-8f8da0bb:1 s3e1-99a97e3b:53E s2e1-af2273d3:53E s4e1-ae17eac1:53E s5e1-9758ed11:53E s7e1-8f514c28:53E s1e1-a4bf772d:53E
1786286913.162261 s6e1-8f8da0bb:1 s3e1-99a97e3b:1 s2e1-af2273d3:1 s4e1-ae17eac1:1 s5e1-9758ed11:1 s7e1-8f514c28:1 s1e1-a4bf772d:1 s8e1-a8b174a6:53E
1786286913.301734 s6e1-8f8da0bb:1 s3e1-99a97e3b:1 s2e1-af2273d3:1 s4e1-ae17eac1:1 s5e1-9758ed11:1 s7e1-8f514c28:1 s1e1-a4bf772d:1 s8e1-a8b174a6:1
1786286913.304952 s6e1-8f8da0bb:1 s3e1-99a97e3b:1 s2e1-af2273d3:1 s4e1-ae17eac1:1 s5e1-9758ed11:1 s7e1-8f514c28:1 s1e1-a4bf772d:1 s8e1-a8b174a6:1
1786286913.324839 s6e1-8f8da0bb:1 s3e1-99a97e3b:1 s2e1-af2273d3:1 s4e1-ae17eac1:1 s5e1-9758ed11:1 s7e1-8f514c28:1 s1e1-a4bf772d:1 s8e1-a8b174a6:1
1786286913.345048 s6e1-8f8da0bb:1 s3e1-99a97e3b:1 s2e1-af2273d3:1 s4e1-ae17eac1:1 s5e1-9758ed11:1 s7e1-8f514c28:1 s1e1-a4bf772d:1 s8e1-a8b174a6:1
1786286913.365308 s6e1-8f8da0bb:1 s3e1-99a97e3b:1 s2e1-af2273d3:1 s4e1-ae17eac1:1 s5e1-9758ed11:1 s7e1-8f514c28:1 s1e1-a4bf772d:1 s8e1-a8b174a6:1
1786286913.385588 s6e1-8f8da0bb:1 s3e1-99a97e3b:1 s2e1-af2273d3:1 s4e1-ae17eac1:1 s5e1-9758ed11:1 s7e1-8f514c28:1 s1e1-a4bf772d:1 s8e1-a8b174a6:1
1786286913.405892 s6e1-8f8da0bb:1 s3e1-99a97e3b:1 s2e1-af2273d3:1 s4e1-ae17eac1:1 s5e1-9758ed11:1 s7e1-8f514c28:1 s1e1-a4bf772d:1 s8e1-a8b174a6:1
1786286913.426272 s6e1-8f8da0bb:1 s3e1-99a97e3b:1 s2e1-af2273d3:1 s4e1-ae17eac1:1 s5e1-9758ed11:1 s7e1-8f514c28:1 s1e1-a4bf772d:1 s8e1-a8b174a6:1
1786286913.446656 s6e1-8f8da0bb:1 s3e1-99a97e3b:1 s2e1-af2273d3:1 s4e1-ae17eac1:1 s5e1-9758ed11:1 s7e1-8f514c28:1 s1e1-a4bf772d:1 s8e1-a8b174a6:1
1786286913.466856 s6e1-8f8da0bb:1 s3e1-99a97e3b:1 s2e1-af2273d3:1 s4e1-ae17eac1:1 s5e1-9758ed11:1 s7e1-8f514c28:1 s1e1-a4bf772d:1 s8e1-a8b174a6:1
1786286913.487186 s6e1-8f8da0bb:1 s3e1-99a97e3b:1 s2e1-af2273d3:1 s4e1-ae17eac1:1 s5e1-9758ed11:1 s7e1-8f514c28:1 s1e1-a4bf772d:1 s8e1-a8b174a6:1
1786286913.507454 s6e1-8f8da0bb:1 s3e1-99a97e3b:1 s2e1-af2273d3:1 s4e1-ae17eac1:1 s5e1-9758ed11:1 s7e1-8f514c28:1 s1e1-a4bf772d:1 s8e1-a8b174a6:1
1786286913.527755 s6e1-8f8da0bb:1 s3e1-99a97e3b:1 s2e1-af2273d3:1 s4e1-ae17eac1:1 s5e1-9758ed11:1 s7e1-8f514c28:1 s1e1-a4bf772d:1 s8e1-a8b174a6:1
1786286913.548065 s6e1-8f8da0bb:1 s3e1-99a97e3b:1 s2e1-af2273d3:1 s4e1-ae17eac1:1 s5e1-9758ed11:1 s7e1-8f514c28:1 s1e1-a4bf772d:1 s8e1-a8b174a6:1
1786286913.568384 s6e1-8f8da0bb:1 s3e1-99a97e3b:1 s2e1-af2273d3:1 s4e1-ae17eac1:1 s5e1-9758ed11:1 s7e1-8f514c28:1 s1e1-a4bf772d:1 s8e1-a8b174a6:1
1786286913.588680 s6e1-8f8da0bb:1 s3e1-99a97e3b:1 s2e1-af2273d3:1 s4e1-ae17eac1:1 s5e1-9758ed11:1 s7e1-8f514c28:1 s1e1-a4bf772d:1 s8e1-a8b174a6:1
1786286913.608991 s6e1-8f8da0bb:1 s3e1-99a97e3b:1 s2e1-af2273d3:1 s4e1-ae17eac1:1 s5e1-9758ed11:1 s7e1-8f514c28:1 s1e1-a4bf772d:1 s8e1-a8b174a6:1
1786286913.629319 s6e1-8f8da0bb:1 s3e1-99a97e3b:1 s2e1-af2273d3:1 s4e1-ae17eac1:1 s5e1-9758ed11:1 s7e1-8f514c28:1 s1e1-a4bf772d:1 s8e1-a8b174a6:1
1786286913.649605 s6e1-8f8da0bb:1 s3e1-99a97e3b:1 s2e1-af2273d3:1 s4e1-ae17eac1:1 s5e1-9758ed11:1 s7e1-8f514c28:1 s1e1-a4bf772d:1 s8e1-a8b174a6:1
1786286913.669937 s6e1-8f8da0bb:1 s3e1-99a97e3b:1 s2e1-af2273d3:1 s4e1-ae17eac1:1 s5e1-9758ed11:1 s7e1-8f514c28:1 s1e1-a4bf772d:1 s8e1-a8b174a6:1
1786286913.690247 s6e1-8f8da0bb:1 s3e1-99a97e3b:1 s2e1-af2273d3:1 s4e1-ae17eac1:1 s5e1-9758ed11:1 s7e1-8f514c28:1 s1e1-a4bf772d:1 s8e1-a8b174a6:1
1786286913.710571 s6e1-8f8da0bb:1 s3e1-99a97e3b:1 s2e1-af2273d3:1 s4e1-ae17eac1:1 s5e1-9758ed11:1 s7e1-8f514c28:1 s1e1-a4bf772d:1 s8e1-a8b174a6:1
1786286913.730894 s6e1-8f8da0bb:1 s3e1-99a97e3b:1 s2e1-af2273d3:1 s4e1-ae17eac1:1 s5e1-9758ed11:1 s7e1-8f514c28:1 s1e1-a4bf772d:1 s8e1-a8b174a6:1
1786286913.751287 s6e1-8f8da0bb:1 s3e1-99a97e3b:1 s2e1-af2273d3:1 s4e1-ae17eac1:1 s5e1-9758ed11:1 s7e1-8f514c28:1 s1e1-a4bf772d:1 s8e1-a8b174a6:1
1786286913.771643 s6e1-8f8da0bb:1 s3e1-99a97e3b:1 s2e1-af2273d3:1 s4e1-ae17eac1:1 s5e1-9758ed11:1 s7e1-8f514c28:1 s1e1-a4bf772d:1 s8e1-a8b174a6:1
1786286913.791870 s6e1-8f8da0bb:1 s3e1-99a97e3b:1 s2e1-af2273d3:1 s4e1-ae17eac1:1 s5e1-9758ed11:1 s7e1-8f514c28:1 s1e1-a4bf772d:1 s8e1-a8b174a6:1
1786286913.812153 s6e1-8f8da0bb:1 s3e1-99a97e3b:1 s2e1-af2273d3:1 s4e1-ae17eac1:1 s5e1-9758ed11:1 s7e1-8f514c28:1 s1e1-a4bf772d:1 s8e1-a8b174a6:1
1786286913.832474 s6e1-8f8da0bb:1 s3e1-99a97e3b:1 s2e1-af2273d3:1 s4e1-ae17eac1:1 s5e1-9758ed11:1 s7e1-8f514c28:1 s1e1-a4bf772d:1 s8e1-a8b174a6:1
1786286913.852768 s6e1-8f8da0bb:1 s3e1-99a97e3b:1 s2e1-af2273d3:1 s4e1-ae17eac1:1 s5e1-9758ed11:1 s7e1-8f514c28:1 s1e1-a4bf772d:1 s8e1-a8b174a6:1
1786286913.873120 s6e1-8f8da0bb:1 s3e1-99a97e3b:1 s2e1-af2273d3:1 s4e1-ae17eac1:1 s5e1-9758ed11:1 s7e1-8f514c28:1 s1e1-a4bf772d:1 s8e1-a8b174a6:1
1786286913.893389 s3e1-99a97e3b:1 s2e1-af2273d3:1 s4e1-ae17eac1:1 s5e1-9758ed11:1 s7e1-8f514c28:1 s1e1-a4bf772d:1 s8e1-a8b174a6:1
1786286913.913671 s8e1-a8b174a6:1
1786286915.040041 s2e1-af2273d3:53E
1786286915.112775 s2e1-af2273d3:1 s6e1-8f8da0bb:53E s3e1-99a97e3b:53E s5e1-9758ed11:53E s7e1-8f514c28:53E s1e1-a4bf772d:53E
1786286915.166942 s2e1-af2273d3:1 s6e1-8f8da0bb:1 s3e1-99a97e3b:1 s5e1-9758ed11:1 s7e1-8f514c28:1 s1e1-a4bf772d:1 s4e1-ae17eac1:53E s8e1-a8b174a6:53E
1786286915.287137 s2e1-af2273d3:1 s6e1-8f8da0bb:1 s3e1-99a97e3b:1 s5e1-9758ed11:1 s7e1-8f514c28:1 s1e1-a4bf772d:1 s4e1-ae17eac1:1 s8e1-a8b174a6:1
1786286915.297445 s2e1-af2273d3:1 s6e1-8f8da0bb:1 s3e1-99a97e3b:1 s5e1-9758ed11:1 s7e1-8f514c28:1 s1e1-a4bf772d:1 s4e1-ae17eac1:1 s8e1-a8b174a6:1
1786286915.317680 s2e1-af2273d3:1 s6e1-8f8da0bb:1 s3e1-99a97e3b:1 s5e1-9758ed11:1 s7e1-8f514c28:1 s1e1-a4bf772d:1 s4e1-ae17eac1:1 s8e1-a8b174a6:1
1786286915.338006 s2e1-af2273d3:1 s6e1-8f8da0bb:1 s3e1-99a97e3b:1 s5e1-9758ed11:1 s7e1-8f514c28:1 s1e1-a4bf772d:1 s4e1-ae17eac1:1 s8e1-a8b174a6:1
1786286915.358226 s2e1-af2273d3:1 s6e1-8f8da0bb:1 s3e1-99a97e3b:1 s5e1-9758ed11:1 s7e1-8f514c28:1 s1e1-a4bf772d:1 s4e1-ae17eac1:1 s8e1-a8b174a6:1
1786286915.378464 s2e1-af2273d3:1 s6e1-8f8da0bb:1 s3e1-99a97e3b:1 s5e1-9758ed11:1 s7e1-8f514c28:1 s1e1-a4bf772d:1 s4e1-ae17eac1:1 s8e1-a8b174a6:1
1786286915.398752 s2e1-af2273d3:1 s6e1-8f8da0bb:1 s3e1-99a97e3b:1 s5e1-9758ed11:1 s7e1-8f514c28:1 s1e1-a4bf772d:1 s4e1-ae17eac1:1 s8e1-a8b174a6:1
1786286915.419021 s2e1-af2273d3:1 s6e1-8f8da0bb:1 s3e1-99a97e3b:1 s5e1-9758ed11:1 s7e1-8f514c28:1 s1e1-a4bf772d:1 s4e1-ae17eac1:1 s8e1-a8b174a6:1
1786286915.439305 s2e1-af2273d3:1 s6e1-8f8da0bb:1 s3e1-99a97e3b:1 s5e1-9758ed11:1 s7e1-8f514c28:1 s1e1-a4bf772d:1 s4e1-ae17eac1:1 s8e1-a8b174a6:1
1786286915.459580 s2e1-af2273d3:1 s6e1-8f8da0bb:1 s3e1-99a97e3b:1 s5e1-9758ed11:1 s7e1-8f514c28:1 s1e1-a4bf772d:1 s4e1-ae17eac1:1 s8e1-a8b174a6:1
1786286915.479858 s2e1-af2273d3:1 s6e1-8f8da0bb:1 s3e1-99a97e3b:1 s5e1-9758ed11:1 s7e1-8f514c28:1 s1e1-a4bf772d:1 s4e1-ae17eac1:1 s8e1-a8b174a6:1
1786286915.500138 s2e1-af2273d3:1 s6e1-8f8da0bb:1 s3e1-99a97e3b:1 s5e1-9758ed11:1 s7e1-8f514c28:1 s1e1-a4bf772d:1 s4e1-ae17eac1:1 s8e1-a8b174a6:1
1786286915.520419 s2e1-af2273d3:1 s6e1-8f8da0bb:1 s3e1-99a97e3b:1 s5e1-9758ed11:1 s7e1-8f514c28:1 s1e1-a4bf772d:1 s4e1-ae17eac1:1 s8e1-a8b174a6:1
1786286915.540711 s2e1-af2273d3:1 s6e1-8f8da0bb:1 s3e1-99a97e3b:1 s5e1-9758ed11:1 s7e1-8f514c28:1 s1e1-a4bf772d:1 s4e1-ae17eac1:1 s8e1-a8b174a6:1
1786286915.560998 s2e1-af2273d3:1 s6e1-8f8da0bb:1 s3e1-99a97e3b:1 s5e1-9758ed11:1 s7e1-8f514c28:1 s1e1-a4bf772d:1 s4e1-ae17eac1:1 s8e1-a8b174a6:1
1786286915.581287 s2e1-af2273d3:1 s6e1-8f8da0bb:1 s3e1-99a97e3b:1 s5e1-9758ed11:1 s7e1-8f514c28:1 s1e1-a4bf772d:1 s4e1-ae17eac1:1 s8e1-a8b174a6:1
1786286915.601583 s2e1-af2273d3:1 s6e1-8f8da0bb:1 s3e1-99a97e3b:1 s5e1-9758ed11:1 s7e1-8f514c28:1 s1e1-a4bf772d:1 s4e1-ae17eac1:1 s8e1-a8b174a6:1
1786286915.621863 s2e1-af2273d3:1 s6e1-8f8da0bb:1 s3e1-99a97e3b:1 s5e1-9758ed11:1 s7e1-8f514c28:1 s1e1-a4bf772d:1 s4e1-ae17eac1:1 s8e1-a8b174a6:1
1786286915.642212 s2e1-af2273d3:1 s6e1-8f8da0bb:1 s3e1-99a97e3b:1 s5e1-9758ed11:1 s7e1-8f514c28:1 s1e1-a4bf772d:1 s4e1-ae17eac1:1 s8e1-a8b174a6:1
1786286915.662543 s2e1-af2273d3:1 s6e1-8f8da0bb:1 s3e1-99a97e3b:1 s5e1-9758ed11:1 s7e1-8f514c28:1 s1e1-a4bf772d:1 s4e1-ae17eac1:1 s8e1-a8b174a6:1
1786286915.682742 s2e1-af2273d3:1 s6e1-8f8da0bb:1 s3e1-99a97e3b:1 s5e1-9758ed11:1 s7e1-8f514c28:1 s1e1-a4bf772d:1 s4e1-ae17eac1:1 s8e1-a8b174a6:1
1786286915.702981 s2e1-af2273d3:1 s6e1-8f8da0bb:1 s3e1-99a97e3b:1 s5e1-9758ed11:1 s7e1-8f514c28:1 s1e1-a4bf772d:1 s4e1-ae17eac1:1 s8e1-a8b174a6:1
1786286915.723273 s2e1-af2273d3:1 s6e1-8f8da0bb:1 s3e1-99a97e3b:1 s5e1-9758ed11:1 s7e1-8f514c28:1 s1e1-a4bf772d:1 s4e1-ae17eac1:1 s8e1-a8b174a6:1
1786286915.743556 s2e1-af2273d3:1 s6e1-8f8da0bb:1 s3e1-99a97e3b:1 s5e1-9758ed11:1 s7e1-8f514c28:1 s1e1-a4bf772d:1 s4e1-ae17eac1:1 s8e1-a8b174a6:1
1786286915.763876 s2e1-af2273d3:1 s6e1-8f8da0bb:1 s3e1-99a97e3b:1 s5e1-9758ed11:1 s7e1-8f514c28:1 s1e1-a4bf772d:1 s4e1-ae17eac1:1 s8e1-a8b174a6:1
1786286915.784156 s2e1-af2273d3:1 s6e1-8f8da0bb:1 s3e1-99a97e3b:1 s5e1-9758ed11:1 s7e1-8f514c28:1 s1e1-a4bf772d:1 s4e1-ae17eac1:1 s8e1-a8b174a6:1
1786286915.804441 s2e1-af2273d3:1 s6e1-8f8da0bb:1 s3e1-99a97e3b:1 s5e1-9758ed11:1 s7e1-8f514c28:1 s1e1-a4bf772d:1 s4e1-ae17eac1:1 s8e1-a8b174a6:1
1786286915.824744 s2e1-af2273d3:1 s6e1-8f8da0bb:1 s3e1-99a97e3b:1 s5e1-9758ed11:1 s7e1-8f514c28:1 s1e1-a4bf772d:1 s4e1-ae17eac1:1 s8e1-a8b174a6:1
1786286915.845069 s2e1-af2273d3:1 s6e1-8f8da0bb:1 s3e1-99a97e3b:1 s5e1-9758ed11:1 s7e1-8f514c28:1 s1e1-a4bf772d:1 s4e1-ae17eac1:1 s8e1-a8b174a6:1
1786286915.865355 s2e1-af2273d3:1 s6e1-8f8da0bb:1 s3e1-99a97e3b:1 s5e1-9758ed11:1 s7e1-8f514c28:1 s1e1-a4bf772d:1 s4e1-ae17eac1:1 s8e1-a8b174a6:1
1786286915.885653 s6e1-8f8da0bb:1 s3e1-99a97e3b:1 s5e1-9758ed11:1 s7e1-8f514c28:1 s1e1-a4bf772d:1 s4e1-ae17eac1:1 s8e1-a8b174a6:1
1786286915.905959 s4e1-ae17eac1:1 s8e1-a8b174a6:1
1786286917.007501 s6e1-8f8da0bb:53E
1786286917.065179 s6e1-8f8da0bb:1
1786286917.071719 s6e1-8f8da0bb:1
1786286917.088757 s6e1-8f8da0bb:1 s7e1-8f514c28:53E
1786286917.156530 s6e1-8f8da0bb:1 s7e1-8f514c28:1 s2e1-af2273d3:53E s3e1-99a97e3b:53E s5e1-9758ed11:53E s1e1-a4bf772d:53E s4e1-ae17eac1:53E s8e1-a8b174a6:53E
1786286917.210377 s6e1-8f8da0bb:1 s7e1-8f514c28:1 s2e1-af2273d3:1 s3e1-99a97e3b:1 s5e1-9758ed11:1 s1e1-a4bf772d:1 s4e1-ae17eac1:1 s8e1-a8b174a6:1
1786286917.289461 s6e1-8f8da0bb:1 s7e1-8f514c28:1 s2e1-af2273d3:1 s3e1-99a97e3b:1 s5e1-9758ed11:1 s1e1-a4bf772d:1 s4e1-ae17eac1:1 s8e1-a8b174a6:1
1786286917.309419 s6e1-8f8da0bb:1 s7e1-8f514c28:1 s2e1-af2273d3:1 s3e1-99a97e3b:1 s5e1-9758ed11:1 s1e1-a4bf772d:1 s4e1-ae17eac1:1 s8e1-a8b174a6:1
1786286917.329577 s6e1-8f8da0bb:1 s7e1-8f514c28:1 s2e1-af2273d3:1 s3e1-99a97e3b:1 s5e1-9758ed11:1 s1e1-a4bf772d:1 s4e1-ae17eac1:1 s8e1-a8b174a6:1
1786286917.349814 s6e1-8f8da0bb:1 s7e1-8f514c28:1 s2e1-af2273d3:1 s3e1-99a97e3b:1 s5e1-9758ed11:1 s1e1-a4bf772d:1 s4e1-ae17eac1:1 s8e1-a8b174a6:1
1786286917.370149 s6e1-8f8da0bb:1 s7e1-8f514c28:1 s2e1-af2273d3:1 s3e1-99a97e3b:1 s5e1-9758ed11:1 s1e1-a4bf772d:1 s4e1-ae17eac1:1 s8e1-a8b174a6:1
1786286917.390472 s6e1-8f8da0bb:1 s7e1-8f514c28:1 s2e1-af2273d3:1 s3e1-99a97e3b:1 s5e1-9758ed11:1 s1e1-a4bf772d:1 s4e1-ae17eac1:1 s8e1-a8b174a6:1
1786286917.410873 s6e1-8f8da0bb:1 s7e1-8f514c28:1 s2e1-af2273d3:1 s3e1-99a97e3b:1 s5e1-9758ed11:1 s1e1-a4bf772d:1 s4e1-ae17eac1:1 s8e1-a8b174a6:1
1786286917.431276 s6e1-8f8da0bb:1 s7e1-8f514c28:1 s2e1-af2273d3:1 s3e1-99a97e3b:1 s5e1-9758ed11:1 s1e1-a4bf772d:1 s4e1-ae17eac1:1 s8e1-a8b174a6:1
1786286917.451679 s6e1-8f8da0bb:1 s7e1-8f514c28:1 s2e1-af2273d3:1 s3e1-99a97e3b:1 s5e1-9758ed11:1 s1e1-a4bf772d:1 s4e1-ae17eac1:1 s8e1-a8b174a6:1
1786286917.472080 s6e1-8f8da0bb:1 s7e1-8f514c28:1 s2e1-af2273d3:1 s3e1-99a97e3b:1 s5e1-9758ed11:1 s1e1-a4bf772d:1 s4e1-ae17eac1:1 s8e1-a8b174a6:1
1786286917.492519 s6e1-8f8da0bb:1 s7e1-8f514c28:1 s2e1-af2273d3:1 s3e1-99a97e3b:1 s5e1-9758ed11:1 s1e1-a4bf772d:1 s4e1-ae17eac1:1 s8e1-a8b174a6:1
1786286917.512844 s6e1-8f8da0bb:1 s7e1-8f514c28:1 s2e1-af2273d3:1 s3e1-99a97e3b:1 s5e1-9758ed11:1 s1e1-a4bf772d:1 s4e1-ae17eac1:1 s8e1-a8b174a6:1
1786286917.533254 s6e1-8f8da0bb:1 s7e1-8f514c28:1 s2e1-af2273d3:1 s3e1-99a97e3b:1 s5e1-9758ed11:1 s1e1-a4bf772d:1 s4e1-ae17eac1:1 s8e1-a8b174a6:1
1786286917.553691 s6e1-8f8da0bb:1 s7e1-8f514c28:1 s2e1-af2273d3:1 s3e1-99a97e3b:1 s5e1-9758ed11:1 s1e1-a4bf772d:1 s4e1-ae17eac1:1 s8e1-a8b174a6:1
1786286917.574167 s6e1-8f8da0bb:1 s7e1-8f514c28:1 s2e1-af2273d3:1 s3e1-99a97e3b:1 s5e1-9758ed11:1 s1e1-a4bf772d:1 s4e1-ae17eac1:1 s8e1-a8b174a6:1
1786286917.594450 s6e1-8f8da0bb:1 s7e1-8f514c28:1 s2e1-af2273d3:1 s3e1-99a97e3b:1 s5e1-9758ed11:1 s1e1-a4bf772d:1 s4e1-ae17eac1:1 s8e1-a8b174a6:1
1786286917.614841 s6e1-8f8da0bb:1 s7e1-8f514c28:1 s2e1-af2273d3:1 s3e1-99a97e3b:1 s5e1-9758ed11:1 s1e1-a4bf772d:1 s4e1-ae17eac1:1 s8e1-a8b174a6:1
1786286917.635236 s6e1-8f8da0bb:1 s7e1-8f514c28:1 s2e1-af2273d3:1 s3e1-99a97e3b:1 s5e1-9758ed11:1 s1e1-a4bf772d:1 s4e1-ae17eac1:1 s8e1-a8b174a6:1
1786286917.655643 s6e1-8f8da0bb:1 s7e1-8f514c28:1 s2e1-af2273d3:1 s3e1-99a97e3b:1 s5e1-9758ed11:1 s1e1-a4bf772d:1 s4e1-ae17eac1:1 s8e1-a8b174a6:1
1786286917.676061 s6e1-8f8da0bb:1 s7e1-8f514c28:1 s2e1-af2273d3:1 s3e1-99a97e3b:1 s5e1-9758ed11:1 s1e1-a4bf772d:1 s4e1-ae17eac1:1 s8e1-a8b174a6:1
1786286917.696442 s6e1-8f8da0bb:1 s7e1-8f514c28:1 s2e1-af2273d3:1 s3e1-99a97e3b:1 s5e1-9758ed11:1 s1e1-a4bf772d:1 s4e1-ae17eac1:1 s8e1-a8b174a6:1
1786286917.716831 s6e1-8f8da0bb:1 s7e1-8f514c28:1 s2e1-af2273d3:1 s3e1-99a97e3b:1 s5e1-9758ed11:1 s1e1-a4bf772d:1 s4e1-ae17eac1:1 s8e1-a8b174a6:1
1786286917.737229 s6e1-8f8da0bb:1 s7e1-8f514c28:1 s2e1-af2273d3:1 s3e1-99a97e3b:1 s5e1-9758ed11:1 s1e1-a4bf772d:1 s4e1-ae17eac1:1 s8e1-a8b174a6:1
1786286917.757617 s6e1-8f8da0bb:1 s7e1-8f514c28:1 s2e1-af2273d3:1 s3e1-99a97e3b:1 s5e1-9758ed11:1 s1e1-a4bf772d:1 s4e1-ae17eac1:1 s8e1-a8b174a6:1
1786286917.778027 s6e1-8f8da0bb:1 s7e1-8f514c28:1 s2e1-af2273d3:1 s3e1-99a97e3b:1 s5e1-9758ed11:1 s1e1-a4bf772d:1 s4e1-ae17eac1:1 s8e1-a8b174a6:1
1786286917.798401 s6e1-8f8da0bb:1 s7e1-8f514c28:1 s2e1-af2273d3:1 s3e1-99a97e3b:1 s5e1-9758ed11:1 s1e1-a4bf772d:1 s4e1-ae17eac1:1 s8e1-a8b174a6:1
1786286917.818836 s6e1-8f8da0bb:1 s7e1-8f514c28:1 s2e1-af2273d3:1 s3e1-99a97e3b:1 s5e1-9758ed11:1 s1e1-a4bf772d:1 s4e1-ae17eac1:1 s8e1-a8b174a6:1
1786286917.839211 s7e1-8f514c28:1 s2e1-af2273d3:1 s3e1-99a97e3b:1 s5e1-9758ed11:1 s1e1-a4bf772d:1 s4e1-ae17eac1:1 s8e1-a8b174a6:1
1786286917.859638 s7e1-8f514c28:1 s2e1-af2273d3:1 s3e1-99a97e3b:1 s5e1-9758ed11:1 s1e1-a4bf772d:1 s4e1-ae17eac1:1 s8e1-a8b174a6:1
1786286917.880085 s7e1-8f514c28:1 s2e1-af2273d3:1 s3e1-99a97e3b:1 s5e1-9758ed11:1 s1e1-a4bf772d:1 s4e1-ae17eac1:1 s8e1-a8b174a6:1
1786286917.900765 s2e1-af2273d3:1 s3e1-99a97e3b:1 s5e1-9758ed11:1 s1e1-a4bf772d:1 s4e1-ae17eac1:1 s8e1-a8b174a6:1
1786286918.997712 s7e1-8f514c28:53E
1786286919.058620 s7e1-8f514c28:1 s2e1-af2273d3:53E s4e1-ae17eac1:53E s8e1-a8b174a6:53E
1786286919.115433 s7e1-8f514c28:1 s2e1-af2273d3:1 s4e1-ae17eac1:1 s8e1-a8b174a6:1 s6e1-8f8da0bb:53E s3e1-99a97e3b:53E s5e1-9758ed11:53E s1e1-a4bf772d:53E
1786286919.188357 s7e1-8f514c28:1 s2e1-af2273d3:1 s4e1-ae17eac1:1 s8e1-a8b174a6:1 s6e1-8f8da0bb:1 s3e1-99a97e3b:1 s5e1-9758ed11:1 s1e1-a4bf772d:1
1786286919.229142 s7e1-8f514c28:1 s2e1-af2273d3:1 s4e1-ae17eac1:1 s8e1-a8b174a6:1 s6e1-8f8da0bb:1 s3e1-99a97e3b:1 s5e1-9758ed11:1 s1e1-a4bf772d:1
1786286919.249341 s7e1-8f514c28:1 s2e1-af2273d3:1 s4e1-ae17eac1:1 s8e1-a8b174a6:1 s6e1-8f8da0bb:1 s3e1-99a97e3b:1 s5e1-9758ed11:1 s1e1-a4bf772d:1
1786286919.269680 s7e1-8f514c28:1 s2e1-af2273d3:1 s4e1-ae17eac1:1 s8e1-a8b174a6:1 s6e1-8f8da0bb:1 s3e1-99a97e3b:1 s5e1-9758ed11:1 s1e1-a4bf772d:1
1786286919.290001 s7e1-8f514c28:1 s2e1-af2273d3:1 s4e1-ae17eac1:1 s8e1-a8b174a6:1 s6e1-8f8da0bb:1 s3e1-99a97e3b:1 s5e1-9758ed11:1 s1e1-a4bf772d:1
1786286919.310407 s7e1-8f514c28:1 s2e1-af2273d3:1 s4e1-ae17eac1:1 s8e1-a8b174a6:1 s6e1-8f8da0bb:1 s3e1-99a97e3b:1 s5e1-9758ed11:1 s1e1-a4bf772d:1
1786286919.330787 s7e1-8f514c28:1 s2e1-af2273d3:1 s4e1-ae17eac1:1 s8e1-a8b174a6:1 s6e1-8f8da0bb:1 s3e1-99a97e3b:1 s5e1-9758ed11:1 s1e1-a4bf772d:1
1786286919.351186 s7e1-8f514c28:1 s2e1-af2273d3:1 s4e1-ae17eac1:1 s8e1-a8b174a6:1 s6e1-8f8da0bb:1 s3e1-99a97e3b:1 s5e1-9758ed11:1 s1e1-a4bf772d:1
1786286919.371630 s7e1-8f514c28:1 s2e1-af2273d3:1 s4e1-ae17eac1:1 s8e1-a8b174a6:1 s6e1-8f8da0bb:1 s3e1-99a97e3b:1 s5e1-9758ed11:1 s1e1-a4bf772d:1
1786286919.392072 s7e1-8f514c28:1 s2e1-af2273d3:1 s4e1-ae17eac1:1 s8e1-a8b174a6:1 s6e1-8f8da0bb:1 s3e1-99a97e3b:1 s5e1-9758ed11:1 s1e1-a4bf772d:1
1786286919.412464 s7e1-8f514c28:1 s2e1-af2273d3:1 s4e1-ae17eac1:1 s8e1-a8b174a6:1 s6e1-8f8da0bb:1 s3e1-99a97e3b:1 s5e1-9758ed11:1 s1e1-a4bf772d:1
1786286919.432755 s7e1-8f514c28:1 s2e1-af2273d3:1 s4e1-ae17eac1:1 s8e1-a8b174a6:1 s6e1-8f8da0bb:1 s3e1-99a97e3b:1 s5e1-9758ed11:1 s1e1-a4bf772d:1
1786286919.453140 s7e1-8f514c28:1 s2e1-af2273d3:1 s4e1-ae17eac1:1 s8e1-a8b174a6:1 s6e1-8f8da0bb:1 s3e1-99a97e3b:1 s5e1-9758ed11:1 s1e1-a4bf772d:1
1786286919.473531 s7e1-8f514c28:1 s2e1-af2273d3:1 s4e1-ae17eac1:1 s8e1-a8b174a6:1 s6e1-8f8da0bb:1 s3e1-99a97e3b:1 s5e1-9758ed11:1 s1e1-a4bf772d:1
1786286919.493933 s7e1-8f514c28:1 s2e1-af2273d3:1 s4e1-ae17eac1:1 s8e1-a8b174a6:1 s6e1-8f8da0bb:1 s3e1-99a97e3b:1 s5e1-9758ed11:1 s1e1-a4bf772d:1
1786286919.514301 s7e1-8f514c28:1 s2e1-af2273d3:1 s4e1-ae17eac1:1 s8e1-a8b174a6:1 s6e1-8f8da0bb:1 s3e1-99a97e3b:1 s5e1-9758ed11:1 s1e1-a4bf772d:1
1786286919.534722 s7e1-8f514c28:1 s2e1-af2273d3:1 s4e1-ae17eac1:1 s8e1-a8b174a6:1 s6e1-8f8da0bb:1 s3e1-99a97e3b:1 s5e1-9758ed11:1 s1e1-a4bf772d:1
1786286919.555092 s7e1-8f514c28:1 s2e1-af2273d3:1 s4e1-ae17eac1:1 s8e1-a8b174a6:1 s6e1-8f8da0bb:1 s3e1-99a97e3b:1 s5e1-9758ed11:1 s1e1-a4bf772d:1
1786286919.575503 s7e1-8f514c28:1 s2e1-af2273d3:1 s4e1-ae17eac1:1 s8e1-a8b174a6:1 s6e1-8f8da0bb:1 s3e1-99a97e3b:1 s5e1-9758ed11:1 s1e1-a4bf772d:1
1786286919.595915 s7e1-8f514c28:1 s2e1-af2273d3:1 s4e1-ae17eac1:1 s8e1-a8b174a6:1 s6e1-8f8da0bb:1 s3e1-99a97e3b:1 s5e1-9758ed11:1 s1e1-a4bf772d:1
1786286919.616324 s7e1-8f514c28:1 s2e1-af2273d3:1 s4e1-ae17eac1:1 s8e1-a8b174a6:1 s6e1-8f8da0bb:1 s3e1-99a97e3b:1 s5e1-9758ed11:1 s1e1-a4bf772d:1
1786286919.636725 s7e1-8f514c28:1 s2e1-af2273d3:1 s4e1-ae17eac1:1 s8e1-a8b174a6:1 s6e1-8f8da0bb:1 s3e1-99a97e3b:1 s5e1-9758ed11:1 s1e1-a4bf772d:1
1786286919.657141 s7e1-8f514c28:1 s2e1-af2273d3:1 s4e1-ae17eac1:1 s8e1-a8b174a6:1 s6e1-8f8da0bb:1 s3e1-99a97e3b:1 s5e1-9758ed11:1 s1e1-a4bf772d:1
1786286919.677542 s7e1-8f514c28:1 s2e1-af2273d3:1 s4e1-ae17eac1:1 s8e1-a8b174a6:1 s6e1-8f8da0bb:1 s3e1-99a97e3b:1 s5e1-9758ed11:1 s1e1-a4bf772d:1
1786286919.697988 s7e1-8f514c28:1 s2e1-af2273d3:1 s4e1-ae17eac1:1 s8e1-a8b174a6:1 s6e1-8f8da0bb:1 s3e1-99a97e3b:1 s5e1-9758ed11:1 s1e1-a4bf772d:1
1786286919.718451 s7e1-8f514c28:1 s2e1-af2273d3:1 s4e1-ae17eac1:1 s8e1-a8b174a6:1 s6e1-8f8da0bb:1 s3e1-99a97e3b:1 s5e1-9758ed11:1 s1e1-a4bf772d:1
1786286919.738865 s7e1-8f514c28:1 s2e1-af2273d3:1 s4e1-ae17eac1:1 s8e1-a8b174a6:1 s6e1-8f8da0bb:1 s3e1-99a97e3b:1 s5e1-9758ed11:1 s1e1-a4bf772d:1
1786286919.759138 s7e1-8f514c28:1 s2e1-af2273d3:1 s4e1-ae17eac1:1 s8e1-a8b174a6:1 s6e1-8f8da0bb:1 s3e1-99a97e3b:1 s5e1-9758ed11:1 s1e1-a4bf772d:1
1786286919.779547 s7e1-8f514c28:1 s2e1-af2273d3:1 s4e1-ae17eac1:1 s8e1-a8b174a6:1 s6e1-8f8da0bb:1 s3e1-99a97e3b:1 s5e1-9758ed11:1 s1e1-a4bf772d:1
1786286919.799950 s7e1-8f514c28:1 s2e1-af2273d3:1 s4e1-ae17eac1:1 s8e1-a8b174a6:1 s6e1-8f8da0bb:1 s3e1-99a97e3b:1 s5e1-9758ed11:1 s1e1-a4bf772d:1
1786286919.820366 s2e1-af2273d3:1 s4e1-ae17eac1:1 s8e1-a8b174a6:1 s6e1-8f8da0bb:1 s3e1-99a97e3b:1 s5e1-9758ed11:1 s1e1-a4bf772d:1
1786286919.840741 s6e1-8f8da0bb:1 s3e1-99a97e3b:1 s5e1-9758ed11:1 s1e1-a4bf772d:1
1786286921.032472 s2e1-af2273d3:53E
1786286921.091665 s2e1-af2273d3:1 s4e1-ae17eac1:53E s8e1-a8b174a6:53E s3e1-99a97e3b:53E s5e1-9758ed11:53E s1e1-a4bf772d:53E
1786286921.147386 s2e1-af2273d3:1 s4e1-ae17eac1:1 s8e1-a8b174a6:1 s3e1-99a97e3b:1 s5e1-9758ed11:1 s1e1-a4bf772d:1 s7e1-8f514c28:53E s6e1-8f8da0bb:53E
1786286921.266314 s2e1-af2273d3:1 s4e1-ae17eac1:1 s8e1-a8b174a6:1 s3e1-99a97e3b:1 s5e1-9758ed11:1 s1e1-a4bf772d:1 s7e1-8f514c28:1 s6e1-8f8da0bb:1
1786286921.277775 s2e1-af2273d3:1 s4e1-ae17eac1:1 s8e1-a8b174a6:1 s3e1-99a97e3b:1 s5e1-9758ed11:1 s1e1-a4bf772d:1 s7e1-8f514c28:1 s6e1-8f8da0bb:1
1786286921.298069 s2e1-af2273d3:1 s4e1-ae17eac1:1 s8e1-a8b174a6:1 s3e1-99a97e3b:1 s5e1-9758ed11:1 s1e1-a4bf772d:1 s7e1-8f514c28:1 s6e1-8f8da0bb:1
1786286921.318557 s2e1-af2273d3:1 s4e1-ae17eac1:1 s8e1-a8b174a6:1 s3e1-99a97e3b:1 s5e1-9758ed11:1 s1e1-a4bf772d:1 s7e1-8f514c28:1 s6e1-8f8da0bb:1
1786286921.339081 s2e1-af2273d3:1 s4e1-ae17eac1:1 s8e1-a8b174a6:1 s3e1-99a97e3b:1 s5e1-9758ed11:1 s1e1-a4bf772d:1 s7e1-8f514c28:1 s6e1-8f8da0bb:1
1786286921.359453 s2e1-af2273d3:1 s4e1-ae17eac1:1 s8e1-a8b174a6:1 s3e1-99a97e3b:1 s5e1-9758ed11:1 s1e1-a4bf772d:1 s7e1-8f514c28:1 s6e1-8f8da0bb:1
1786286921.379828 s2e1-af2273d3:1 s4e1-ae17eac1:1 s8e1-a8b174a6:1 s3e1-99a97e3b:1 s5e1-9758ed11:1 s1e1-a4bf772d:1 s7e1-8f514c28:1 s6e1-8f8da0bb:1
1786286921.400301 s2e1-af2273d3:1 s4e1-ae17eac1:1 s8e1-a8b174a6:1 s3e1-99a97e3b:1 s5e1-9758ed11:1 s1e1-a4bf772d:1 s7e1-8f514c28:1 s6e1-8f8da0bb:1
1786286921.420760 s2e1-af2273d3:1 s4e1-ae17eac1:1 s8e1-a8b174a6:1 s3e1-99a97e3b:1 s5e1-9758ed11:1 s1e1-a4bf772d:1 s7e1-8f514c28:1 s6e1-8f8da0bb:1
1786286921.441193 s2e1-af2273d3:1 s4e1-ae17eac1:1 s8e1-a8b174a6:1 s3e1-99a97e3b:1 s5e1-9758ed11:1 s1e1-a4bf772d:1 s7e1-8f514c28:1 s6e1-8f8da0bb:1
1786286921.461654 s2e1-af2273d3:1 s4e1-ae17eac1:1 s8e1-a8b174a6:1 s3e1-99a97e3b:1 s5e1-9758ed11:1 s1e1-a4bf772d:1 s7e1-8f514c28:1 s6e1-8f8da0bb:1
1786286921.482090 s2e1-af2273d3:1 s4e1-ae17eac1:1 s8e1-a8b174a6:1 s3e1-99a97e3b:1 s5e1-9758ed11:1 s1e1-a4bf772d:1 s7e1-8f514c28:1 s6e1-8f8da0bb:1
1786286921.502565 s2e1-af2273d3:1 s4e1-ae17eac1:1 s8e1-a8b174a6:1 s3e1-99a97e3b:1 s5e1-9758ed11:1 s1e1-a4bf772d:1 s7e1-8f514c28:1 s6e1-8f8da0bb:1
1786286921.522975 s2e1-af2273d3:1 s4e1-ae17eac1:1 s8e1-a8b174a6:1 s3e1-99a97e3b:1 s5e1-9758ed11:1 s1e1-a4bf772d:1 s7e1-8f514c28:1 s6e1-8f8da0bb:1
1786286921.543434 s2e1-af2273d3:1 s4e1-ae17eac1:1 s8e1-a8b174a6:1 s3e1-99a97e3b:1 s5e1-9758ed11:1 s1e1-a4bf772d:1 s7e1-8f514c28:1 s6e1-8f8da0bb:1
1786286921.563852 s2e1-af2273d3:1 s4e1-ae17eac1:1 s8e1-a8b174a6:1 s3e1-99a97e3b:1 s5e1-9758ed11:1 s1e1-a4bf772d:1 s7e1-8f514c28:1 s6e1-8f8da0bb:1
1786286921.584295 s2e1-af2273d3:1 s4e1-ae17eac1:1 s8e1-a8b174a6:1 s3e1-99a97e3b:1 s5e1-9758ed11:1 s1e1-a4bf772d:1 s7e1-8f514c28:1 s6e1-8f8da0bb:1
1786286921.604747 s2e1-af2273d3:1 s4e1-ae17eac1:1 s8e1-a8b174a6:1 s3e1-99a97e3b:1 s5e1-9758ed11:1 s1e1-a4bf772d:1 s7e1-8f514c28:1 s6e1-8f8da0bb:1
1786286921.625190 s2e1-af2273d3:1 s4e1-ae17eac1:1 s8e1-a8b174a6:1 s3e1-99a97e3b:1 s5e1-9758ed11:1 s1e1-a4bf772d:1 s7e1-8f514c28:1 s6e1-8f8da0bb:1
1786286921.645698 s2e1-af2273d3:1 s4e1-ae17eac1:1 s8e1-a8b174a6:1 s3e1-99a97e3b:1 s5e1-9758ed11:1 s1e1-a4bf772d:1 s7e1-8f514c28:1 s6e1-8f8da0bb:1
1786286921.666187 s2e1-af2273d3:1 s4e1-ae17eac1:1 s8e1-a8b174a6:1 s3e1-99a97e3b:1 s5e1-9758ed11:1 s1e1-a4bf772d:1 s7e1-8f514c28:1 s6e1-8f8da0bb:1
1786286921.686622 s2e1-af2273d3:1 s4e1-ae17eac1:1 s8e1-a8b174a6:1 s3e1-99a97e3b:1 s5e1-9758ed11:1 s1e1-a4bf772d:1 s7e1-8f514c28:1 s6e1-8f8da0bb:1
1786286921.707077 s2e1-af2273d3:1 s4e1-ae17eac1:1 s8e1-a8b174a6:1 s3e1-99a97e3b:1 s5e1-9758ed11:1 s1e1-a4bf772d:1 s7e1-8f514c28:1 s6e1-8f8da0bb:1
1786286921.727697 s2e1-af2273d3:1 s4e1-ae17eac1:1 s8e1-a8b174a6:1 s3e1-99a97e3b:1 s5e1-9758ed11:1 s1e1-a4bf772d:1 s7e1-8f514c28:1 s6e1-8f8da0bb:1
1786286921.748325 s2e1-af2273d3:1 s4e1-ae17eac1:1 s8e1-a8b174a6:1 s3e1-99a97e3b:1 s5e1-9758ed11:1 s1e1-a4bf772d:1 s7e1-8f514c28:1 s6e1-8f8da0bb:1
1786286921.768925 s2e1-af2273d3:1 s4e1-ae17eac1:1 s8e1-a8b174a6:1 s3e1-99a97e3b:1 s5e1-9758ed11:1 s1e1-a4bf772d:1 s7e1-8f514c28:1 s6e1-8f8da0bb:1
1786286921.789566 s2e1-af2273d3:1 s4e1-ae17eac1:1 s8e1-a8b174a6:1 s3e1-99a97e3b:1 s5e1-9758ed11:1 s1e1-a4bf772d:1 s7e1-8f514c28:1 s6e1-8f8da0bb:1
1786286921.810189 s2e1-af2273d3:1 s4e1-ae17eac1:1 s8e1-a8b174a6:1 s3e1-99a97e3b:1 s5e1-9758ed11:1 s1e1-a4bf772d:1 s7e1-8f514c28:1 s6e1-8f8da0bb:1
1786286921.830786 s2e1-af2273d3:1 s4e1-ae17eac1:1 s8e1-a8b174a6:1 s3e1-99a97e3b:1 s5e1-9758ed11:1 s1e1-a4bf772d:1 s7e1-8f514c28:1 s6e1-8f8da0bb:1
1786286921.851400 s2e1-af2273d3:1 s4e1-ae17eac1:1 s8e1-a8b174a6:1 s3e1-99a97e3b:1 s5e1-9758ed11:1 s1e1-a4bf772d:1 s7e1-8f514c28:1 s6e1-8f8da0bb:1
1786286921.872007 s4e1-ae17eac1:1 s8e1-a8b174a6:1 s3e1-99a97e3b:1 s5e1-9758ed11:1 s1e1-a4bf772d:1 s7e1-8f514c28:1 s6e1-8f8da0bb:1
1786286921.892613 s7e1-8f514c28:1 s6e1-8f8da0bb:1
1786286923.030603 s4e1-ae17eac1:53E
1786286923.096325 s4e1-ae17eac1:1 s2e1-af2273d3:53E s6e1-8f8da0bb:53E
1786286923.149357 s4e1-ae17eac1:1 s2e1-af2273d3:1 s6e1-8f8da0bb:1 s8e1-a8b174a6:53E s3e1-99a97e3b:53E s5e1-9758ed11:53E s1e1-a4bf772d:53E s7e1-8f514c28:53E
1786286923.204180 s4e1-ae17eac1:1 s2e1-af2273d3:1 s6e1-8f8da0bb:1 s8e1-a8b174a6:1 s3e1-99a97e3b:1 s5e1-9758ed11:1 s1e1-a4bf772d:1 s7e1-8f514c28:1
1786286923.282863 s4e1-ae17eac1:1 s2e1-af2273d3:1 s6e1-8f8da0bb:1 s8e1-a8b174a6:1 s3e1-99a97e3b:1 s5e1-9758ed11:1 s1e1-a4bf772d:1 s7e1-8f514c28:1
1786286923.303009 s4e1-ae17eac1:1 s2e1-af2273d3:1 s6e1-8f8da0bb:1 s8e1-a8b174a6:1 s3e1-99a97e3b:1 s5e1-9758ed11:1 s1e1-a4bf772d:1 s7e1-8f514c28:1
1786286923.323318 s4e1-ae17eac1:1 s2e1-af2273d3:1 s6e1-8f8da0bb:1 s8e1-a8b174a6:1 s3e1-99a97e3b:1 s5e1-9758ed11:1 s1e1-a4bf772d:1 s7e1-8f514c28:1
1786286923.343773 s4e1-ae17eac1:1 s2e1-af2273d3:1 s6e1-8f8da0bb:1 s8e1-a8b174a6:1 s3e1-99a97e3b:1 s5e1-9758ed11:1 s1e1-a4bf772d:1 s7e1-8f514c28:1
1786286923.364356 s4e1-ae17eac1:1 s2e1-af2273d3:1 s6e1-8f8da0bb:1 s8e1-a8b174a6:1 s3e1-99a97e3b:1 s5e1-9758ed11:1 s1e1-a4bf772d:1 s7e1-8f514c28:1
1786286923.384932 s4e1-ae17eac1:1 s2e1-af2273d3:1 s6e1-8f8da0bb:1 s8e1-a8b174a6:1 s3e1-99a97e3b:1 s5e1-9758ed11:1 s1e1-a4bf772d:1 s7e1-8f514c28:1
1786286923.405520 s4e1-ae17eac1:1 s2e1-af2273d3:1 s6e1-8f8da0bb:1 s8e1-a8b174a6:1 s3e1-99a97e3b:1 s5e1-9758ed11:1 s1e1-a4bf772d:1 s7e1-8f514c28:1
1786286923.426125 s4e1-ae17eac1:1 s2e1-af2273d3:1 s6e1-8f8da0bb:1 s8e1-a8b174a6:1 s3e1-99a97e3b:1 s5e1-9758ed11:1 s1e1-a4bf772d:1 s7e1-8f514c28:1
1786286923.446770 s4e1-ae17eac1:1 s2e1-af2273d3:1 s6e1-8f8da0bb:1 s8e1-a8b174a6:1 s3e1-99a97e3b:1 s5e1-9758ed11:1 s1e1-a4bf772d:1 s7e1-8f514c28:1
1786286923.467410 s4e1-ae17eac1:1 s2e1-af2273d3:1 s6e1-8f8da0bb:1 s8e1-a8b174a6:1 s3e1-99a97e3b:1 s5e1-9758ed11:1 s1e1-a4bf772d:1 s7e1-8f514c28:1
1786286923.488054 s4e1-ae17eac1:1 s2e1-af2273d3:1 s6e1-8f8da0bb:1 s8e1-a8b174a6:1 s3e1-99a97e3b:1 s5e1-9758ed11:1 s1e1-a4bf772d:1 s7e1-8f514c28:1
1786286923.508714 s4e1-ae17eac1:1 s2e1-af2273d3:1 s6e1-8f8da0bb:1 s8e1-a8b174a6:1 s3e1-99a97e3b:1 s5e1-9758ed11:1 s1e1-a4bf772d:1 s7e1-8f514c28:1
1786286923.529320 s4e1-ae17eac1:1 s2e1-af2273d3:1 s6e1-8f8da0bb:1 s8e1-a8b174a6:1 s3e1-99a97e3b:1 s5e1-9758ed11:1 s1e1-a4bf772d:1 s7e1-8f514c28:1
1786286923.550057 s4e1-ae17eac1:1 s2e1-af2273d3:1 s6e1-8f8da0bb:1 s8e1-a8b174a6:1 s3e1-99a97e3b:1 s5e1-9758ed11:1 s1e1-a4bf772d:1 s7e1-8f514c28:1
1786286923.570712 s4e1-ae17eac1:1 s2e1-af2273d3:1 s6e1-8f8da0bb:1 s8e1-a8b174a6:1 s3e1-99a97e3b:1 s5e1-9758ed11:1 s1e1-a4bf772d:1 s7e1-8f514c28:1
1786286923.591412 s4e1-ae17eac1:1 s2e1-af2273d3:1 s6e1-8f8da0bb:1 s8e1-a8b174a6:1 s3e1-99a97e3b:1 s5e1-9758ed11:1 s1e1-a4bf772d:1 s7e1-8f514c28:1
1786286923.611952 s4e1-ae17eac1:1 s2e1-af2273d3:1 s6e1-8f8da0bb:1 s8e1-a8b174a6:1 s3e1-99a97e3b:1 s5e1-9758ed11:1 s1e1-a4bf772d:1 s7e1-8f514c28:1
1786286923.632587 s4e1-ae17eac1:1 s2e1-af2273d3:1 s6e1-8f8da0bb:1 s8e1-a8b174a6:1 s3e1-99a97e3b:1 s5e1-9758ed11:1 s1e1-a4bf772d:1 s7e1-8f514c28:1
1786286923.653259 s4e1-ae17eac1:1 s2e1-af2273d3:1 s6e1-8f8da0bb:1 s8e1-a8b174a6:1 s3e1-99a97e3b:1 s5e1-9758ed11:1 s1e1-a4bf772d:1 s7e1-8f514c28:1
1786286923.673893 s4e1-ae17eac1:1 s2e1-af2273d3:1 s6e1-8f8da0bb:1 s8e1-a8b174a6:1 s3e1-99a97e3b:1 s5e1-9758ed11:1 s1e1-a4bf772d:1 s7e1-8f514c28:1
1786286923.694551 s4e1-ae17eac1:1 s2e1-af2273d3:1 s6e1-8f8da0bb:1 s8e1-a8b174a6:1 s3e1-99a97e3b:1 s5e1-9758ed11:1 s1e1-a4bf772d:1 s7e1-8f514c28:1
1786286923.715191 s4e1-ae17eac1:1 s2e1-af2273d3:1 s6e1-8f8da0bb:1 s8e1-a8b174a6:1 s3e1-99a97e3b:1 s5e1-9758ed11:1 s1e1-a4bf772d:1 s7e1-8f514c28:1
1786286923.735872 s4e1-ae17eac1:1 s2e1-af2273d3:1 s6e1-8f8da0bb:1 s8e1-a8b174a6:1 s3e1-99a97e3b:1 s5e1-9758ed11:1 s1e1-a4bf772d:1 s7e1-8f514c28:1
1786286923.756479 s4e1-ae17eac1:1 s2e1-af2273d3:1 s6e1-8f8da0bb:1 s8e1-a8b174a6:1 s3e1-99a97e3b:1 s5e1-9758ed11:1 s1e1-a4bf772d:1 s7e1-8f514c28:1
1786286923.777146 s4e1-ae17eac1:1 s2e1-af2273d3:1 s6e1-8f8da0bb:1 s8e1-a8b174a6:1 s3e1-99a97e3b:1 s5e1-9758ed11:1 s1e1-a4bf772d:1 s7e1-8f514c28:1
1786286923.797819 s4e1-ae17eac1:1 s2e1-af2273d3:1 s6e1-8f8da0bb:1 s8e1-a8b174a6:1 s3e1-99a97e3b:1 s5e1-9758ed11:1 s1e1-a4bf772d:1 s7e1-8f514c28:1
1786286923.818433 s4e1-ae17eac1:1 s2e1-af2273d3:1 s6e1-8f8da0bb:1 s8e1-a8b174a6:1 s3e1-99a97e3b:1 s5e1-9758ed11:1 s1e1-a4bf772d:1 s7e1-8f514c28:1
1786286923.839131 s4e1-ae17eac1:1 s2e1-af2273d3:1 s6e1-8f8da0bb:1 s8e1-a8b174a6:1 s3e1-99a97e3b:1 s5e1-9758ed11:1 s1e1-a4bf772d:1 s7e1-8f514c28:1
1786286923.859745 s4e1-ae17eac1:1 s2e1-af2273d3:1 s6e1-8f8da0bb:1 s8e1-a8b174a6:1 s3e1-99a97e3b:1 s5e1-9758ed11:1 s1e1-a4bf772d:1 s7e1-8f514c28:1
1786286923.880421 s2e1-af2273d3:1 s6e1-8f8da0bb:1 s8e1-a8b174a6:1 s3e1-99a97e3b:1 s5e1-9758ed11:1 s1e1-a4bf772d:1 s7e1-8f514c28:1
1786286923.901190 s8e1-a8b174a6:1 s3e1-99a97e3b:1 s5e1-9758ed11:1 s1e1-a4bf772d:1 s7e1-8f514c28:1
1786286925.029796 s3e1-99a97e3b:53E
1786286925.092954 s3e1-99a97e3b:1 s4e1-ae17eac1:53E s6e1-8f8da0bb:53E s5e1-9758ed11:53E s7e1-8f514c28:53E
1786286925.147136 s3e1-99a97e3b:1 s4e1-ae17eac1:1 s6e1-8f8da0bb:1 s5e1-9758ed11:1 s7e1-8f514c28:1 s2e1-af2273d3:53E s8e1-a8b174a6:53E s1e1-a4bf772d:53E
1786286925.229820 s3e1-99a97e3b:1 s4e1-ae17eac1:1 s6e1-8f8da0bb:1 s5e1-9758ed11:1 s7e1-8f514c28:1 s2e1-af2273d3:1 s8e1-a8b174a6:1 s1e1-a4bf772d:1
1786286925.264854 s3e1-99a97e3b:1 s4e1-ae17eac1:1 s6e1-8f8da0bb:1 s5e1-9758ed11:1 s7e1-8f514c28:1 s2e1-af2273d3:1 s8e1-a8b174a6:1 s1e1-a4bf772d:1
1786286925.285397 s3e1-99a97e3b:1 s4e1-ae17eac1:1 s6e1-8f8da0bb:1 s5e1-9758ed11:1 s7e1-8f514c28:1 s2e1-af2273d3:1 s8e1-a8b174a6:1 s1e1-a4bf772d:1
1786286925.305958 s3e1-99a97e3b:1 s4e1-ae17eac1:1 s6e1-8f8da0bb:1 s5e1-9758ed11:1 s7e1-8f514c28:1 s2e1-af2273d3:1 s8e1-a8b174a6:1 s1e1-a4bf772d:1
1786286925.326635 s3e1-99a97e3b:1 s4e1-ae17eac1:1 s6e1-8f8da0bb:1 s5e1-9758ed11:1 s7e1-8f514c28:1 s2e1-af2273d3:1 s8e1-a8b174a6:1 s1e1-a4bf772d:1
1786286925.347278 s3e1-99a97e3b:1 s4e1-ae17eac1:1 s6e1-8f8da0bb:1 s5e1-9758ed11:1 s7e1-8f514c28:1 s2e1-af2273d3:1 s8e1-a8b174a6:1 s1e1-a4bf772d:1
1786286925.367934 s3e1-99a97e3b:1 s4e1-ae17eac1:1 s6e1-8f8da0bb:1 s5e1-9758ed11:1 s7e1-8f514c28:1 s2e1-af2273d3:1 s8e1-a8b174a6:1 s1e1-a4bf772d:1
1786286925.388614 s3e1-99a97e3b:1 s4e1-ae17eac1:1 s6e1-8f8da0bb:1 s5e1-9758ed11:1 s7e1-8f514c28:1 s2e1-af2273d3:1 s8e1-a8b174a6:1 s1e1-a4bf772d:1
1786286925.409286 s3e1-99a97e3b:1 s4e1-ae17eac1:1 s6e1-8f8da0bb:1 s5e1-9758ed11:1 s7e1-8f514c28:1 s2e1-af2273d3:1 s8e1-a8b174a6:1 s1e1-a4bf772d:1
1786286925.430041 s3e1-99a97e3b:1 s4e1-ae17eac1:1 s6e1-8f8da0bb:1 s5e1-9758ed11:1 s7e1-8f514c28:1 s2e1-af2273d3:1 s8e1-a8b174a6:1 s1e1-a4bf772d:1
1786286925.450731 s3e1-99a97e3b:1 s4e1-ae17eac1:1 s6e1-8f8da0bb:1 s5e1-9758ed11:1 s7e1-8f514c28:1 s2e1-af2273d3:1 s8e1-a8b174a6:1 s1e1-a4bf772d:1
1786286925.471359 s3e1-99a97e3b:1 s4e1-ae17eac1:1 s6e1-8f8da0bb:1 s5e1-9758ed11:1 s7e1-8f514c28:1 s2e1-af2273d3:1 s8e1-a8b174a6:1 s1e1-a4bf772d:1
1786286925.491958 s3e1-99a97e3b:1 s4e1-ae17eac1:1 s6e1-8f8da0bb:1 s5e1-9758ed11:1 s7e1-8f514c28:1 s2e1-af2273d3:1 s8e1-a8b174a6:1 s1e1-a4bf772d:1
1786286925.512606 s3e1-99a97e3b:1 s4e1-ae17eac1:1 s6e1-8f8da0bb:1 s5e1-9758ed11:1 s7e1-8f514c28:1 s2e1-af2273d3:1 s8e1-a8b174a6:1 s1e1-a4bf772d:1
1786286925.533275 s3e1-99a97e3b:1 s4e1-ae17eac1:1 s6e1-8f8da0bb:1 s5e1-9758ed11:1 s7e1-8f514c28:1 s2e1-af2273d3:1 s8e1-a8b174a6:1 s1e1-a4bf772d:1
1786286925.553932 s3e1-99a97e3b:1 s4e1-ae17eac1:1 s6e1-8f8da0bb:1 s5e1-9758ed11:1 s7e1-8f514c28:1 s2e1-af2273d3:1 s8e1-a8b174a6:1 s1e1-a4bf772d:1
1786286925.574586 s3e1-99a97e3b:1 s4e1-ae17eac1:1 s6e1-8f8da0bb:1 s5e1-9758ed11:1 s7e1-8f514c28:1 s2e1-af2273d3:1 s8e1-a8b174a6:1 s1e1-a4bf772d:1
1786286925.595259 s3e1-99a97e3b:1 s4e1-ae17eac1:1 s6e1-8f8da0bb:1 s5e1-9758ed11:1 s7e1-8f514c28:1 s2e1-af2273d3:1 s8e1-a8b174a6:1 s1e1-a4bf772d:1
1786286925.615908 s3e1-99a97e3b:1 s4e1-ae17eac1:1 s6e1-8f8da0bb:1 s5e1-9758ed11:1 s7e1-8f514c28:1 s2e1-af2273d3:1 s8e1-a8b174a6:1 s1e1-a4bf772d:1
1786286925.636550 s3e1-99a97e3b:1 s4e1-ae17eac1:1 s6e1-8f8da0bb:1 s5e1-9758ed11:1 s7e1-8f514c28:1 s2e1-af2273d3:1 s8e1-a8b174a6:1 s1e1-a4bf772d:1
1786286925.657256 s3e1-99a97e3b:1 s4e1-ae17eac1:1 s6e1-8f8da0bb:1 s5e1-9758ed11:1 s7e1-8f514c28:1 s2e1-af2273d3:1 s8e1-a8b174a6:1 s1e1-a4bf772d:1
1786286925.677928 s3e1-99a97e3b:1 s4e1-ae17eac1:1 s6e1-8f8da0bb:1 s5e1-9758ed11:1 s7e1-8f514c28:1 s2e1-af2273d3:1 s8e1-a8b174a6:1 s1e1-a4bf772d:1
1786286925.698578 s3e1-99a97e3b:1 s4e1-ae17eac1:1 s6e1-8f8da0bb:1 s5e1-9758ed11:1 s7e1-8f514c28:1 s2e1-af2273d3:1 s8e1-a8b174a6:1 s1e1-a4bf772d:1
1786286925.719270 s3e1-99a97e3b:1 s4e1-ae17eac1:1 s6e1-8f8da0bb:1 s5e1-9758ed11:1 s7e1-8f514c28:1 s2e1-af2273d3:1 s8e1-a8b174a6:1 s1e1-a4bf772d:1
1786286925.739914 s3e1-99a97e3b:1 s4e1-ae17eac1:1 s6e1-8f8da0bb:1 s5e1-9758ed11:1 s7e1-8f514c28:1 s2e1-af2273d3:1 s8e1-a8b174a6:1 s1e1-a4bf772d:1
1786286925.760653 s3e1-99a97e3b:1 s4e1-ae17eac1:1 s6e1-8f8da0bb:1 s5e1-9758ed11:1 s7e1-8f514c28:1 s2e1-af2273d3:1 s8e1-a8b174a6:1 s1e1-a4bf772d:1
1786286925.781335 s3e1-99a97e3b:1 s4e1-ae17eac1:1 s6e1-8f8da0bb:1 s5e1-9758ed11:1 s7e1-8f514c28:1 s2e1-af2273d3:1 s8e1-a8b174a6:1 s1e1-a4bf772d:1
1786286925.802024 s3e1-99a97e3b:1 s4e1-ae17eac1:1 s6e1-8f8da0bb:1 s5e1-9758ed11:1 s7e1-8f514c28:1 s2e1-af2273d3:1 s8e1-a8b174a6:1 s1e1-a4bf772d:1
1786286925.822606 s3e1-99a97e3b:1 s4e1-ae17eac1:1 s6e1-8f8da0bb:1 s5e1-9758ed11:1 s7e1-8f514c28:1 s2e1-af2273d3:1 s8e1-a8b174a6:1 s1e1-a4bf772d:1
1786286925.843268 s3e1-99a97e3b:1 s4e1-ae17eac1:1 s6e1-8f8da0bb:1 s5e1-9758ed11:1 s7e1-8f514c28:1 s2e1-af2273d3:1 s8e1-a8b174a6:1 s1e1-a4bf772d:1
1786286925.863912 s4e1-ae17eac1:1 s6e1-8f8da0bb:1 s5e1-9758ed11:1 s7e1-8f514c28:1 s2e1-af2273d3:1 s8e1-a8b174a6:1 s1e1-a4bf772d:1
1786286925.884541 s2e1-af2273d3:1 s8e1-a8b174a6:1 s1e1-a4bf772d:1
1786286927.083741 s6e1-8f8da0bb:53E
1786286927.143376 s6e1-8f8da0bb:1 s4e1-ae17eac1:53E s5e1-9758ed11:53E s7e1-8f514c28:53E
1786286927.198830 s6e1-8f8da0bb:1 s4e1-ae17eac1:1 s5e1-9758ed11:1 s7e1-8f514c28:1 s3e1-99a97e3b:53E s8e1-a8b174a6:53E s1e1-a4bf772d:53E
1786286927.274799 s6e1-8f8da0bb:1 s4e1-ae17eac1:1 s5e1-9758ed11:1 s7e1-8f514c28:1 s3e1-99a97e3b:1 s8e1-a8b174a6:1 s1e1-a4bf772d:1 s2e1-af2273d3:53E
1786286927.353445 s6e1-8f8da0bb:1 s4e1-ae17eac1:1 s5e1-9758ed11:1 s7e1-8f514c28:1 s3e1-99a97e3b:1 s8e1-a8b174a6:1 s1e1-a4bf772d:1 s2e1-af2273d3:1
1786286927.359056 s6e1-8f8da0bb:1 s4e1-ae17eac1:1 s5e1-9758ed11:1 s7e1-8f514c28:1 s3e1-99a97e3b:1 s8e1-a8b174a6:1 s1e1-a4bf772d:1 s2e1-af2273d3:1
1786286927.379585 s6e1-8f8da0bb:1 s4e1-ae17eac1:1 s5e1-9758ed11:1 s7e1-8f514c28:1 s3e1-99a97e3b:1 s8e1-a8b174a6:1 s1e1-a4bf772d:1 s2e1-af2273d3:1
1786286927.400326 s6e1-8f8da0bb:1 s4e1-ae17eac1:1 s5e1-9758ed11:1 s7e1-8f514c28:1 s3e1-99a97e3b:1 s8e1-a8b174a6:1 s1e1-a4bf772d:1 s2e1-af2273d3:1
1786286927.421017 s6e1-8f8da0bb:1 s4e1-ae17eac1:1 s5e1-9758ed11:1 s7e1-8f514c28:1 s3e1-99a97e3b:1 s8e1-a8b174a6:1 s1e1-a4bf772d:1 s2e1-af2273d3:1
1786286927.441726 s6e1-8f8da0bb:1 s4e1-ae17eac1:1 s5e1-9758ed11:1 s7e1-8f514c28:1 s3e1-99a97e3b:1 s8e1-a8b174a6:1 s1e1-a4bf772d:1 s2e1-af2273d3:1
1786286927.462381 s6e1-8f8da0bb:1 s4e1-ae17eac1:1 s5e1-9758ed11:1 s7e1-8f514c28:1 s3e1-99a97e3b:1 s8e1-a8b174a6:1 s1e1-a4bf772d:1 s2e1-af2273d3:1
1786286927.483078 s6e1-8f8da0bb:1 s4e1-ae17eac1:1 s5e1-9758ed11:1 s7e1-8f514c28:1 s3e1-99a97e3b:1 s8e1-a8b174a6:1 s1e1-a4bf772d:1 s2e1-af2273d3:1
1786286927.503739 s6e1-8f8da0bb:1 s4e1-ae17eac1:1 s5e1-9758ed11:1 s7e1-8f514c28:1 s3e1-99a97e3b:1 s8e1-a8b174a6:1 s1e1-a4bf772d:1 s2e1-af2273d3:1
1786286927.524468 s6e1-8f8da0bb:1 s4e1-ae17eac1:1 s5e1-9758ed11:1 s7e1-8f514c28:1 s3e1-99a97e3b:1 s8e1-a8b174a6:1 s1e1-a4bf772d:1 s2e1-af2273d3:1
1786286927.545164 s6e1-8f8da0bb:1 s4e1-ae17eac1:1 s5e1-9758ed11:1 s7e1-8f514c28:1 s3e1-99a97e3b:1 s8e1-a8b174a6:1 s1e1-a4bf772d:1 s2e1-af2273d3:1
1786286927.565829 s6e1-8f8da0bb:1 s4e1-ae17eac1:1 s5e1-9758ed11:1 s7e1-8f514c28:1 s3e1-99a97e3b:1 s8e1-a8b174a6:1 s1e1-a4bf772d:1 s2e1-af2273d3:1
1786286927.586532 s6e1-8f8da0bb:1 s4e1-ae17eac1:1 s5e1-9758ed11:1 s7e1-8f514c28:1 s3e1-99a97e3b:1 s8e1-a8b174a6:1 s1e1-a4bf772d:1 s2e1-af2273d3:1
1786286927.607275 s6e1-8f8da0bb:1 s4e1-ae17eac1:1 s5e1-9758ed11:1 s7e1-8f514c28:1 s3e1-99a97e3b:1 s8e1-a8b174a6:1 s1e1-a4bf772d:1 s2e1-af2273d3:1
1786286927.627954 s6e1-8f8da0bb:1 s4e1-ae17eac1:1 s5e1-9758ed11:1 s7e1-8f514c28:1 s3e1-99a97e3b:1 s8e1-a8b174a6:1 s1e1-a4bf772d:1 s2e1-af2273d3:1
1786286927.648673 s6e1-8f8da0bb:1 s4e1-ae17eac1:1 s5e1-9758ed11:1 s7e1-8f514c28:1 s3e1-99a97e3b:1 s8e1-a8b174a6:1 s1e1-a4bf772d:1 s2e1-af2273d3:1
1786286927.669383 s6e1-8f8da0bb:1 s4e1-ae17eac1:1 s5e1-9758ed11:1 s7e1-8f514c28:1 s3e1-99a97e3b:1 s8e1-a8b174a6:1 s1e1-a4bf772d:1 s2e1-af2273d3:1
1786286927.690056 s6e1-8f8da0bb:1 s4e1-ae17eac1:1 s5e1-9758ed11:1 s7e1-8f514c28:1 s3e1-99a97e3b:1 s8e1-a8b174a6:1 s1e1-a4bf772d:1 s2e1-af2273d3:1
1786286927.710768 s6e1-8f8da0bb:1 s4e1-ae17eac1:1 s5e1-9758ed11:1 s7e1-8f514c28:1 s3e1-99a97e3b:1 s8e1-a8b174a6:1 s1e1-a4bf772d:1 s2e1-af2273d3:1
1786286927.731527 s6e1-8f8da0bb:1 s4e1-ae17eac1:1 s5e1-9758ed11:1 s7e1-8f514c28:1 s3e1-99a97e3b:1 s8e1-a8b174a6:1 s1e1-a4bf772d:1 s2e1-af2273d3:1
1786286927.752268 s6e1-8f8da0bb:1 s4e1-ae17eac1:1 s5e1-9758ed11:1 s7e1-8f514c28:1 s3e1-99a97e3b:1 s8e1-a8b174a6:1 s1e1-a4bf772d:1 s2e1-af2273d3:1
1786286927.772905 s6e1-8f8da0bb:1 s4e1-ae17eac1:1 s5e1-9758ed11:1 s7e1-8f514c28:1 s3e1-99a97e3b:1 s8e1-a8b174a6:1 s1e1-a4bf772d:1 s2e1-af2273d3:1
1786286927.793597 s6e1-8f8da0bb:1 s4e1-ae17eac1:1 s5e1-9758ed11:1 s7e1-8f514c28:1 s3e1-99a97e3b:1 s8e1-a8b174a6:1 s1e1-a4bf772d:1 s2e1-af2273d3:1
1786286927.814242 s6e1-8f8da0bb:1 s4e1-ae17eac1:1 s5e1-9758ed11:1 s7e1-8f514c28:1 s3e1-99a97e3b:1 s8e1-a8b174a6:1 s1e1-a4bf772d:1 s2e1-af2273d3:1
1786286927.834912 s6e1-8f8da0bb:1 s4e1-ae17eac1:1 s5e1-9758ed11:1 s7e1-8f514c28:1 s3e1-99a97e3b:1 s8e1-a8b174a6:1 s1e1-a4bf772d:1 s2e1-af2273d3:1
1786286927.855627 s6e1-8f8da0bb:1 s4e1-ae17eac1:1 s5e1-9758ed11:1 s7e1-8f514c28:1 s3e1-99a97e3b:1 s8e1-a8b174a6:1 s1e1-a4bf772d:1 s2e1-af2273d3:1
1786286927.876301 s6e1-8f8da0bb:1 s4e1-ae17eac1:1 s5e1-9758ed11:1 s7e1-8f514c28:1 s3e1-99a97e3b:1 s8e1-a8b174a6:1 s1e1-a4bf772d:1 s2e1-af2273d3:1
1786286927.897035 s6e1-8f8da0bb:1 s4e1-ae17eac1:1 s5e1-9758ed11:1 s7e1-8f514c28:1 s3e1-99a97e3b:1 s8e1-a8b174a6:1 s1e1-a4bf772d:1 s2e1-af2273d3:1
1786286927.917734 s6e1-8f8da0bb:1 s4e1-ae17eac1:1 s5e1-9758ed11:1 s7e1-8f514c28:1 s3e1-99a97e3b:1 s8e1-a8b174a6:1 s1e1-a4bf772d:1 s2e1-af2273d3:1
1786286927.938426 s4e1-ae17eac1:1 s5e1-9758ed11:1 s7e1-8f514c28:1 s3e1-99a97e3b:1 s8e1-a8b174a6:1 s1e1-a4bf772d:1 s2e1-af2273d3:1
1786286927.959179 s3e1-99a97e3b:1 s8e1-a8b174a6:1 s1e1-a4bf772d:1 s2e1-af2273d3:1
1786286927.979974 s2e1-af2273d3:1
1786286929.007857 s8e1-a8b174a6:53E
1786286929.070701 s8e1-a8b174a6:1 s3e1-99a97e3b:53E
1786286929.135054 s8e1-a8b174a6:1 s3e1-99a97e3b:1 s6e1-8f8da0bb:53E s5e1-9758ed11:53E s7e1-8f514c28:53E s1e1-a4bf772d:53E s2e1-af2273d3:53E
1786286929.194752 s8e1-a8b174a6:1 s3e1-99a97e3b:1 s6e1-8f8da0bb:1 s5e1-9758ed11:1 s7e1-8f514c28:1 s1e1-a4bf772d:1 s2e1-af2273d3:1
1786286929.271512 s8e1-a8b174a6:1 s3e1-99a97e3b:1 s6e1-8f8da0bb:1 s5e1-9758ed11:1 s7e1-8f514c28:1 s1e1-a4bf772d:1 s2e1-af2273d3:1 s4e1-ae17eac1:53E
1786286929.328215 s8e1-a8b174a6:1 s3e1-99a97e3b:1 s6e1-8f8da0bb:1 s5e1-9758ed11:1 s7e1-8f514c28:1 s1e1-a4bf772d:1 s2e1-af2273d3:1 s4e1-ae17eac1:1
1786286929.337117 s8e1-a8b174a6:1 s3e1-99a97e3b:1 s6e1-8f8da0bb:1 s5e1-9758ed11:1 s7e1-8f514c28:1 s1e1-a4bf772d:1 s2e1-af2273d3:1 s4e1-ae17eac1:1
1786286929.357661 s8e1-a8b174a6:1 s3e1-99a97e3b:1 s6e1-8f8da0bb:1 s5e1-9758ed11:1 s7e1-8f514c28:1 s1e1-a4bf772d:1 s2e1-af2273d3:1 s4e1-ae17eac1:1
1786286929.378357 s8e1-a8b174a6:1 s3e1-99a97e3b:1 s6e1-8f8da0bb:1 s5e1-9758ed11:1 s7e1-8f514c28:1 s1e1-a4bf772d:1 s2e1-af2273d3:1 s4e1-ae17eac1:1
1786286929.399181 s8e1-a8b174a6:1 s3e1-99a97e3b:1 s6e1-8f8da0bb:1 s5e1-9758ed11:1 s7e1-8f514c28:1 s1e1-a4bf772d:1 s2e1-af2273d3:1 s4e1-ae17eac1:1
1786286929.419957 s8e1-a8b174a6:1 s3e1-99a97e3b:1 s6e1-8f8da0bb:1 s5e1-9758ed11:1 s7e1-8f514c28:1 s1e1-a4bf772d:1 s2e1-af2273d3:1 s4e1-ae17eac1:1
1786286929.440772 s8e1-a8b174a6:1 s3e1-99a97e3b:1 s6e1-8f8da0bb:1 s5e1-9758ed11:1 s7e1-8f514c28:1 s1e1-a4bf772d:1 s2e1-af2273d3:1 s4e1-ae17eac1:1
1786286929.461569 s8e1-a8b174a6:1 s3e1-99a97e3b:1 s6e1-8f8da0bb:1 s5e1-9758ed11:1 s7e1-8f514c28:1 s1e1-a4bf772d:1 s2e1-af2273d3:1 s4e1-ae17eac1:1
1786286929.482385 s8e1-a8b174a6:1 s3e1-99a97e3b:1 s6e1-8f8da0bb:1 s5e1-9758ed11:1 s7e1-8f514c28:1 s1e1-a4bf772d:1 s2e1-af2273d3:1 s4e1-ae17eac1:1
1786286929.503161 s8e1-a8b174a6:1 s3e1-99a97e3b:1 s6e1-8f8da0bb:1 s5e1-9758ed11:1 s7e1-8f514c28:1 s1e1-a4bf772d:1 s2e1-af2273d3:1 s4e1-ae17eac1:1
1786286929.523948 s8e1-a8b174a6:1 s3e1-99a97e3b:1 s6e1-8f8da0bb:1 s5e1-9758ed11:1 s7e1-8f514c28:1 s1e1-a4bf772d:1 s2e1-af2273d3:1 s4e1-ae17eac1:1
1786286929.544756 s8e1-a8b174a6:1 s3e1-99a97e3b:1 s6e1-8f8da0bb:1 s5e1-9758ed11:1 s7e1-8f514c28:1 s1e1-a4bf772d:1 s2e1-af2273d3:1 s4e1-ae17eac1:1
1786286929.565583 s8e1-a8b174a6:1 s3e1-99a97e3b:1 s6e1-8f8da0bb:1 s5e1-9758ed11:1 s7e1-8f514c28:1 s1e1-a4bf772d:1 s2e1-af2273d3:1 s4e1-ae17eac1:1
1786286929.586445 s8e1-a8b174a6:1 s3e1-99a97e3b:1 s6e1-8f8da0bb:1 s5e1-9758ed11:1 s7e1-8f514c28:1 s1e1-a4bf772d:1 s2e1-af2273d3:1 s4e1-ae17eac1:1
1786286929.607249 s8e1-a8b174a6:1 s3e1-99a97e3b:1 s6e1-8f8da0bb:1 s5e1-9758ed11:1 s7e1-8f514c28:1 s1e1-a4bf772d:1 s2e1-af2273d3:1 s4e1-ae17eac1:1
1786286929.628120 s8e1-a8b174a6:1 s3e1-99a97e3b:1 s6e1-8f8da0bb:1 s5e1-9758ed11:1 s7e1-8f514c28:1 s1e1-a4bf772d:1 s2e1-af2273d3:1 s4e1-ae17eac1:1
1786286929.648792 s8e1-a8b174a6:1 s3e1-99a97e3b:1 s6e1-8f8da0bb:1 s5e1-9758ed11:1 s7e1-8f514c28:1 s1e1-a4bf772d:1 s2e1-af2273d3:1 s4e1-ae17eac1:1
1786286929.669641 s8e1-a8b174a6:1 s3e1-99a97e3b:1 s6e1-8f8da0bb:1 s5e1-9758ed11:1 s7e1-8f514c28:1 s1e1-a4bf772d:1 s2e1-af2273d3:1 s4e1-ae17eac1:1
1786286929.690434 s8e1-a8b174a6:1 s3e1-99a97e3b:1 s6e1-8f8da0bb:1 s5e1-9758ed11:1 s7e1-8f514c28:1 s1e1-a4bf772d:1 s2e1-af2273d3:1 s4e1-ae17eac1:1
1786286929.711190 s8e1-a8b174a6:1 s3e1-99a97e3b:1 s6e1-8f8da0bb:1 s5e1-9758ed11:1 s7e1-8f514c28:1 s1e1-a4bf772d:1 s2e1-af2273d3:1 s4e1-ae17eac1:1
1786286929.731996 s8e1-a8b174a6:1 s3e1-99a97e3b:1 s6e1-8f8da0bb:1 s5e1-9758ed11:1 s7e1-8f514c28:1 s1e1-a4bf772d:1 s2e1-af2273d3:1 s4e1-ae17eac1:1
1786286929.752790 s8e1-a8b174a6:1 s3e1-99a97e3b:1 s6e1-8f8da0bb:1 s5e1-9758ed11:1 s7e1-8f514c28:1 s1e1-a4bf772d:1 s2e1-af2273d3:1 s4e1-ae17eac1:1
1786286929.773594 s8e1-a8b174a6:1 s3e1-99a97e3b:1 s6e1-8f8da0bb:1 s5e1-9758ed11:1 s7e1-8f514c28:1 s1e1-a4bf772d:1 s2e1-af2273d3:1 s4e1-ae17eac1:1
1786286929.794505 s8e1-a8b174a6:1 s3e1-99a97e3b:1 s6e1-8f8da0bb:1 s5e1-9758ed11:1 s7e1-8f514c28:1 s1e1-a4bf772d:1 s2e1-af2273d3:1 s4e1-ae17eac1:1
1786286929.815324 s8e1-a8b174a6:1 s3e1-99a97e3b:1 s6e1-8f8da0bb:1 s5e1-9758ed11:1 s7e1-8f514c28:1 s1e1-a4bf772d:1 s2e1-af2273d3:1 s4e1-ae17eac1:1
1786286929.836126 s8e1-a8b174a6:1 s3e1-99a97e3b:1 s6e1-8f8da0bb:1 s5e1-9758ed11:1 s7e1-8f514c28:1 s1e1-a4bf772d:1 s2e1-af2273d3:1 s4e1-ae17eac1:1
1786286929.856947 s8e1-a8b174a6:1 s3e1-99a97e3b:1 s6e1-8f8da0bb:1 s5e1-9758ed11:1 s7e1-8f514c28:1 s1e1-a4bf772d:1 s2e1-af2273d3:1 s4e1-ae17eac1:1
1786286929.877739 s8e1-a8b174a6:1 s3e1-99a97e3b:1 s6e1-8f8da0bb:1 s5e1-9758ed11:1 s7e1-8f514c28:1 s1e1-a4bf772d:1 s2e1-af2273d3:1 s4e1-ae17eac1:1
1786286929.898530 s3e1-99a97e3b:1 s6e1-8f8da0bb:1 s5e1-9758ed11:1 s7e1-8f514c28:1 s1e1-a4bf772d:1 s2e1-af2273d3:1 s4e1-ae17eac1:1
1786286929.919478 s6e1-8f8da0bb:1 s5e1-9758ed11:1 s7e1-8f514c28:1 s1e1-a4bf772d:1 s2e1-af2273d3:1 s4e1-ae17eac1:1
1786286929.940179 s4e1-ae17eac1:1
1786286929.961136 s4e1-ae17eac1:1
1786286931.001928 s3e1-99a97e3b:53E
1786286931.054077 s3e1-99a97e3b:1 s5e1-9758ed11:53E s7e1-8f514c28:53E
1786286931.099321 s3e1-99a97e3b:1 s5e1-9758ed11:1 s7e1-8f514c28:1 s8e1-a8b174a6:53E s6e1-8f8da0bb:53E s1e1-a4bf772d:53E s2e1-af2273d3:53E s4e1-ae17eac1:53E
1786286931.150990 s3e1-99a97e3b:1 s5e1-9758ed11:1 s7e1-8f514c28:1 s8e1-a8b174a6:1 s6e1-8f8da0bb:1 s1e1-a4bf772d:1 s2e1-af2273d3:1 s4e1-ae17eac1:1
1786286931.236351 s3e1-99a97e3b:1 s5e1-9758ed11:1 s7e1-8f514c28:1 s8e1-a8b174a6:1 s6e1-8f8da0bb:1 s1e1-a4bf772d:1 s2e1-af2273d3:1 s4e1-ae17eac1:1
1786286931.256715 s3e1-99a97e3b:1 s5e1-9758ed11:1 s7e1-8f514c28:1 s8e1-a8b174a6:1 s6e1-8f8da0bb:1 s1e1-a4bf772d:1 s2e1-af2273d3:1 s4e1-ae17eac1:1
1786286931.277166 s3e1-99a97e3b:1 s5e1-9758ed11:1 s7e1-8f514c28:1 s8e1-a8b174a6:1 s6e1-8f8da0bb:1 s1e1-a4bf772d:1 s2e1-af2273d3:1 s4e1-ae17eac1:1
1786286931.297814 s3e1-99a97e3b:1 s5e1-9758ed11:1 s7e1-8f514c28:1 s8e1-a8b174a6:1 s6e1-8f8da0bb:1 s1e1-a4bf772d:1 s2e1-af2273d3:1 s4e1-ae17eac1:1
1786286931.318494 s3e1-99a97e3b:1 s5e1-9758ed11:1 s7e1-8f514c28:1 s8e1-a8b174a6:1 s6e1-8f8da0bb:1 s1e1-a4bf772d:1 s2e1-af2273d3:1 s4e1-ae17eac1:1
1786286931.339246 s3e1-99a97e3b:1 s5e1-9758ed11:1 s7e1-8f514c28:1 s8e1-a8b174a6:1 s6e1-8f8da0bb:1 s1e1-a4bf772d:1 s2e1-af2273d3:1 s4e1-ae17eac1:1
1786286931.359962 s3e1-99a97e3b:1 s5e1-9758ed11:1 s7e1-8f514c28:1 s8e1-a8b174a6:1 s6e1-8f8da0bb:1 s1e1-a4bf772d:1 s2e1-af2273d3:1 s4e1-ae17eac1:1
1786286931.380707 s3e1-99a97e3b:1 s5e1-9758ed11:1 s7e1-8f514c28:1 s8e1-a8b174a6:1 s6e1-8f8da0bb:1 s1e1-a4bf772d:1 s2e1-af2273d3:1 s4e1-ae17eac1:1
1786286931.401423 s3e1-99a97e3b:1 s5e1-9758ed11:1 s7e1-8f514c28:1 s8e1-a8b174a6:1 s6e1-8f8da0bb:1 s1e1-a4bf772d:1 s2e1-af2273d3:1 s4e1-ae17eac1:1
1786286931.422244 s3e1-99a97e3b:1 s5e1-9758ed11:1 s7e1-8f514c28:1 s8e1-a8b174a6:1 s6e1-8f8da0bb:1 s1e1-a4bf772d:1 s2e1-af2273d3:1 s4e1-ae17eac1:1
1786286931.442971 s3e1-99a97e3b:1 s5e1-9758ed11:1 s7e1-8f514c28:1 s8e1-a8b174a6:1 s6e1-8f8da0bb:1 s1e1-a4bf772d:1 s2e1-af2273d3:1 s4e1-ae17eac1:1
1786286931.463808 s3e1-99a97e3b:1 s5e1-9758ed11:1 s7e1-8f514c28:1 s8e1-a8b174a6:1 s6e1-8f8da0bb:1 s1e1-a4bf772d:1 s2e1-af2273d3:1 s4e1-ae17eac1:1
1786286931.484507 s3e1-99a97e3b:1 s5e1-9758ed11:1 s7e1-8f514c28:1 s8e1-a8b174a6:1 s6e1-8f8da0bb:1 s1e1-a4bf772d:1 s2e1-af2273d3:1 s4e1-ae17eac1:1
1786286931.505333 s3e1-99a97e3b:1 s5e1-9758ed11:1 s7e1-8f514c28:1 s8e1-a8b174a6:1 s6e1-8f8da0bb:1 s1e1-a4bf772d:1 s2e1-af2273d3:1 s4e1-ae17eac1:1
1786286931.526093 s3e1-99a97e3b:1 s5e1-9758ed11:1 s7e1-8f514c28:1 s8e1-a8b174a6:1 s6e1-8f8da0bb:1 s1e1-a4bf772d:1 s2e1-af2273d3:1 s4e1-ae17eac1:1
1786286931.546933 s3e1-99a97e3b:1 s5e1-9758ed11:1 s7e1-8f514c28:1 s8e1-a8b174a6:1 s6e1-8f8da0bb:1 s1e1-a4bf772d:1 s2e1-af2273d3:1 s4e1-ae17eac1:1
1786286931.567757 s3e1-99a97e3b:1 s5e1-9758ed11:1 s7e1-8f514c28:1 s8e1-a8b174a6:1 s6e1-8f8da0bb:1 s1e1-a4bf772d:1 s2e1-af2273d3:1 s4e1-ae17eac1:1
1786286931.588543 s3e1-99a97e3b:1 s5e1-9758ed11:1 s7e1-8f514c28:1 s8e1-a8b174a6:1 s6e1-8f8da0bb:1 s1e1-a4bf772d:1 s2e1-af2273d3:1 s4e1-ae17eac1:1
1786286931.609404 s3e1-99a97e3b:1 s5e1-9758ed11:1 s7e1-8f514c28:1 s8e1-a8b174a6:1 s6e1-8f8da0bb:1 s1e1-a4bf772d:1 s2e1-af2273d3:1 s4e1-ae17eac1:1
1786286931.630226 s3e1-99a97e3b:1 s5e1-9758ed11:1 s7e1-8f514c28:1 s8e1-a8b174a6:1 s6e1-8f8da0bb:1 s1e1-a4bf772d:1 s2e1-af2273d3:1 s4e1-ae17eac1:1
1786286931.651050 s3e1-99a97e3b:1 s5e1-9758ed11:1 s7e1-8f514c28:1 s8e1-a8b174a6:1 s6e1-8f8da0bb:1 s1e1-a4bf772d:1 s2e1-af2273d3:1 s4e1-ae17eac1:1
1786286931.671854 s3e1-99a97e3b:1 s5e1-9758ed11:1 s7e1-8f514c28:1 s8e1-a8b174a6:1 s6e1-8f8da0bb:1 s1e1-a4bf772d:1 s2e1-af2273d3:1 s4e1-ae17eac1:1
1786286931.692665 s3e1-99a97e3b:1 s5e1-9758ed11:1 s7e1-8f514c28:1 s8e1-a8b174a6:1 s6e1-8f8da0bb:1 s1e1-a4bf772d:1 s2e1-af2273d3:1 s4e1-ae17eac1:1
1786286931.713501 s3e1-99a97e3b:1 s5e1-9758ed11:1 s7e1-8f514c28:1 s8e1-a8b174a6:1 s6e1-8f8da0bb:1 s1e1-a4bf772d:1 s2e1-af2273d3:1 s4e1-ae17eac1:1
1786286931.734305 s3e1-99a97e3b:1 s5e1-9758ed11:1 s7e1-8f514c28:1 s8e1-a8b174a6:1 s6e1-8f8da0bb:1 s1e1-a4bf772d:1 s2e1-af2273d3:1 s4e1-ae17eac1:1
1786286931.755161 s3e1-99a97e3b:1 s5e1-9758ed11:1 s7e1-8f514c28:1 s8e1-a8b174a6:1 s6e1-8f8da0bb:1 s1e1-a4bf772d:1 s2e1-af2273d3:1 s4e1-ae17eac1:1
1786286931.776036 s3e1-99a97e3b:1 s5e1-9758ed11:1 s7e1-8f514c28:1 s8e1-a8b174a6:1 s6e1-8f8da0bb:1 s1e1-a4bf772d:1 s2e1-af2273d3:1 s4e1-ae17eac1:1
1786286931.796853 s3e1-99a97e3b:1 s5e1-9758ed11:1 s7e1-8f514c28:1 s8e1-a8b174a6:1 s6e1-8f8da0bb:1 s1e1-a4bf772d:1 s2e1-af2273d3:1 s4e1-ae17eac1:1
1786286931.817599 s3e1-99a97e3b:1 s5e1-9758ed11:1 s7e1-8f514c28:1 s8e1-a8b174a6:1 s6e1-8f8da0bb:1 s1e1-a4bf772d:1 s2e1-af2273d3:1 s4e1-ae17eac1:1
1786286931.838372 s5e1-9758ed11:1 s7e1-8f514c28:1 s8e1-a8b174a6:1 s6e1-8f8da0bb:1 s1e1-a4bf772d:1 s2e1-af2273d3:1 s4e1-ae17eac1:1
1786286931.859223 s8e1-a8b174a6:1 s6e1-8f8da0bb:1 s1e1-a4bf772d:1 s2e1-af2273d3:1 s4e1-ae17eac1:1
1786286933.020843 s8e1-a8b174a6:53E
1786286933.071781 s8e1-a8b174a6:1 s3e1-99a97e3b:53E s5e1-9758ed11:53E s7e1-8f514c28:53E s6e1-8f8da0bb:53E s2e1-af2273d3:53E s4e1-ae17eac1:53E
1786286933.123267 s8e1-a8b174a6:1 s3e1-99a97e3b:1 s5e1-9758ed11:1 s7e1-8f514c28:1 s6e1-8f8da0bb:1 s2e1-af2273d3:1 s4e1-ae17eac1:1 s1e1-a4bf772d:53E
1786286933.244045 s8e1-a8b174a6:1 s3e1-99a97e3b:1 s5e1-9758ed11:1 s7e1-8f514c28:1 s6e1-8f8da0bb:1 s2e1-af2273d3:1 s4e1-ae17eac1:1 s1e1-a4bf772d:1
1786286933.253254 s8e1-a8b174a6:1 s3e1-99a97e3b:1 s5e1-9758ed11:1 s7e1-8f514c28:1 s6e1-8f8da0bb:1 s2e1-af2273d3:1 s4e1-ae17eac1:1 s1e1-a4bf772d:1
1786286933.273762 s8e1-a8b174a6:1 s3e1-99a97e3b:1 s5e1-9758ed11:1 s7e1-8f514c28:1 s6e1-8f8da0bb:1 s2e1-af2273d3:1 s4e1-ae17eac1:1 s1e1-a4bf772d:1
1786286933.294549 s8e1-a8b174a6:1 s3e1-99a97e3b:1 s5e1-9758ed11:1 s7e1-8f514c28:1 s6e1-8f8da0bb:1 s2e1-af2273d3:1 s4e1-ae17eac1:1 s1e1-a4bf772d:1
1786286933.315364 s8e1-a8b174a6:1 s3e1-99a97e3b:1 s5e1-9758ed11:1 s7e1-8f514c28:1 s6e1-8f8da0bb:1 s2e1-af2273d3:1 s4e1-ae17eac1:1 s1e1-a4bf772d:1
1786286933.336284 s8e1-a8b174a6:1 s3e1-99a97e3b:1 s5e1-9758ed11:1 s7e1-8f514c28:1 s6e1-8f8da0bb:1 s2e1-af2273d3:1 s4e1-ae17eac1:1 s1e1-a4bf772d:1
1786286933.357190 s8e1-a8b174a6:1 s3e1-99a97e3b:1 s5e1-9758ed11:1 s7e1-8f514c28:1 s6e1-8f8da0bb:1 s2e1-af2273d3:1 s4e1-ae17eac1:1 s1e1-a4bf772d:1
1786286933.377925 s8e1-a8b174a6:1 s3e1-99a97e3b:1 s5e1-9758ed11:1 s7e1-8f514c28:1 s6e1-8f8da0bb:1 s2e1-af2273d3:1 s4e1-ae17eac1:1 s1e1-a4bf772d:1
1786286933.398725 s8e1-a8b174a6:1 s3e1-99a97e3b:1 s5e1-9758ed11:1 s7e1-8f514c28:1 s6e1-8f8da0bb:1 s2e1-af2273d3:1 s4e1-ae17eac1:1 s1e1-a4bf772d:1
1786286933.419554 s8e1-a8b174a6:1 s3e1-99a97e3b:1 s5e1-9758ed11:1 s7e1-8f514c28:1 s6e1-8f8da0bb:1 s2e1-af2273d3:1 s4e1-ae17eac1:1 s1e1-a4bf772d:1
1786286933.440411 s8e1-a8b174a6:1 s3e1-99a97e3b:1 s5e1-9758ed11:1 s7e1-8f514c28:1 s6e1-8f8da0bb:1 s2e1-af2273d3:1 s4e1-ae17eac1:1 s1e1-a4bf772d:1
1786286933.461286 s8e1-a8b174a6:1 s3e1-99a97e3b:1 s5e1-9758ed11:1 s7e1-8f514c28:1 s6e1-8f8da0bb:1 s2e1-af2273d3:1 s4e1-ae17eac1:1 s1e1-a4bf772d:1
1786286933.482135 s8e1-a8b174a6:1 s3e1-99a97e3b:1 s5e1-9758ed11:1 s7e1-8f514c28:1 s6e1-8f8da0bb:1 s2e1-af2273d3:1 s4e1-ae17eac1:1 s1e1-a4bf772d:1
1786286933.502970 s8e1-a8b174a6:1 s3e1-99a97e3b:1 s5e1-9758ed11:1 s7e1-8f514c28:1 s6e1-8f8da0bb:1 s2e1-af2273d3:1 s4e1-ae17eac1:1 s1e1-a4bf772d:1
1786286933.523818 s8e1-a8b174a6:1 s3e1-99a97e3b:1 s5e1-9758ed11:1 s7e1-8f514c28:1 s6e1-8f8da0bb:1 s2e1-af2273d3:1 s4e1-ae17eac1:1 s1e1-a4bf772d:1
1786286933.544639 s8e1-a8b174a6:1 s3e1-99a97e3b:1 s5e1-9758ed11:1 s7e1-8f514c28:1 s6e1-8f8da0bb:1 s2e1-af2273d3:1 s4e1-ae17eac1:1 s1e1-a4bf772d:1
1786286933.565497 s8e1-a8b174a6:1 s3e1-99a97e3b:1 s5e1-9758ed11:1 s7e1-8f514c28:1 s6e1-8f8da0bb:1 s2e1-af2273d3:1 s4e1-ae17eac1:1 s1e1-a4bf772d:1
1786286933.586345 s8e1-a8b174a6:1 s3e1-99a97e3b:1 s5e1-9758ed11:1 s7e1-8f514c28:1 s6e1-8f8da0bb:1 s2e1-af2273d3:1 s4e1-ae17eac1:1 s1e1-a4bf772d:1
1786286933.607187 s8e1-a8b174a6:1 s3e1-99a97e3b:1 s5e1-9758ed11:1 s7e1-8f514c28:1 s6e1-8f8da0bb:1 s2e1-af2273d3:1 s4e1-ae17eac1:1 s1e1-a4bf772d:1
1786286933.628067 s8e1-a8b174a6:1 s3e1-99a97e3b:1 s5e1-9758ed11:1 s7e1-8f514c28:1 s6e1-8f8da0bb:1 s2e1-af2273d3:1 s4e1-ae17eac1:1 s1e1-a4bf772d:1
1786286933.648901 s8e1-a8b174a6:1 s3e1-99a97e3b:1 s5e1-9758ed11:1 s7e1-8f514c28:1 s6e1-8f8da0bb:1 s2e1-af2273d3:1 s4e1-ae17eac1:1 s1e1-a4bf772d:1
1786286933.669821 s8e1-a8b174a6:1 s3e1-99a97e3b:1 s5e1-9758ed11:1 s7e1-8f514c28:1 s6e1-8f8da0bb:1 s2e1-af2273d3:1 s4e1-ae17eac1:1 s1e1-a4bf772d:1
1786286933.690729 s8e1-a8b174a6:1 s3e1-99a97e3b:1 s5e1-9758ed11:1 s7e1-8f514c28:1 s6e1-8f8da0bb:1 s2e1-af2273d3:1 s4e1-ae17eac1:1 s1e1-a4bf772d:1
1786286933.711469 s8e1-a8b174a6:1 s3e1-99a97e3b:1 s5e1-9758ed11:1 s7e1-8f514c28:1 s6e1-8f8da0bb:1 s2e1-af2273d3:1 s4e1-ae17eac1:1 s1e1-a4bf772d:1
1786286933.732282 s8e1-a8b174a6:1 s3e1-99a97e3b:1 s5e1-9758ed11:1 s7e1-8f514c28:1 s6e1-8f8da0bb:1 s2e1-af2273d3:1 s4e1-ae17eac1:1 s1e1-a4bf772d:1
1786286933.753078 s8e1-a8b174a6:1 s3e1-99a97e3b:1 s5e1-9758ed11:1 s7e1-8f514c28:1 s6e1-8f8da0bb:1 s2e1-af2273d3:1 s4e1-ae17eac1:1 s1e1-a4bf772d:1
1786286933.773841 s8e1-a8b174a6:1 s3e1-99a97e3b:1 s5e1-9758ed11:1 s7e1-8f514c28:1 s6e1-8f8da0bb:1 s2e1-af2273d3:1 s4e1-ae17eac1:1 s1e1-a4bf772d:1
1786286933.794683 s8e1-a8b174a6:1 s3e1-99a97e3b:1 s5e1-9758ed11:1 s7e1-8f514c28:1 s6e1-8f8da0bb:1 s2e1-af2273d3:1 s4e1-ae17eac1:1 s1e1-a4bf772d:1
1786286933.815526 s8e1-a8b174a6:1 s3e1-99a97e3b:1 s5e1-9758ed11:1 s7e1-8f514c28:1 s6e1-8f8da0bb:1 s2e1-af2273d3:1 s4e1-ae17eac1:1 s1e1-a4bf772d:1
1786286933.836301 s8e1-a8b174a6:1 s3e1-99a97e3b:1 s5e1-9758ed11:1 s7e1-8f514c28:1 s6e1-8f8da0bb:1 s2e1-af2273d3:1 s4e1-ae17eac1:1 s1e1-a4bf772d:1
1786286933.857110 s3e1-99a97e3b:1 s5e1-9758ed11:1 s7e1-8f514c28:1 s6e1-8f8da0bb:1 s2e1-af2273d3:1 s4e1-ae17eac1:1 s1e1-a4bf772d:1
1786286933.877992 s1e1-a4bf772d:1
1786286935.043664 s5e1-9758ed11:53E
1786286935.108572 s5e1-9758ed11:1 s8e1-a8b174a6:53E s3e1-99a97e3b:53E s7e1-8f514c28:53E s6e1-8f8da0bb:53E s2e1-af2273d3:53E s4e1-ae17eac1:53E s1e1-a4bf772d:53E
1786286935.172503 s5e1-9758ed11:1 s8e1-a8b174a6:1 s3e1-99a97e3b:1 s7e1-8f514c28:1 s6e1-8f8da0bb:1 s2e1-af2273d3:1 s4e1-ae17eac1:1 s1e1-a4bf772d:1
1786286935.250721 s5e1-9758ed11:1 s8e1-a8b174a6:1 s3e1-99a97e3b:1 s7e1-8f514c28:1 s6e1-8f8da0bb:1 s2e1-af2273d3:1 s4e1-ae17eac1:1 s1e1-a4bf772d:1
1786286935.271244 s5e1-9758ed11:1 s8e1-a8b174a6:1 s3e1-99a97e3b:1 s7e1-8f514c28:1 s6e1-8f8da0bb:1 s2e1-af2273d3:1 s4e1-ae17eac1:1 s1e1-a4bf772d:1
1786286935.291653 s5e1-9758ed11:1 s8e1-a8b174a6:1 s3e1-99a97e3b:1 s7e1-8f514c28:1 s6e1-8f8da0bb:1 s2e1-af2273d3:1 s4e1-ae17eac1:1 s1e1-a4bf772d:1
1786286935.312392 s5e1-9758ed11:1 s8e1-a8b174a6:1 s3e1-99a97e3b:1 s7e1-8f514c28:1 s6e1-8f8da0bb:1 s2e1-af2273d3:1 s4e1-ae17eac1:1 s1e1-a4bf772d:1
1786286935.334472 s5e1-9758ed11:1 s8e1-a8b174a6:1 s3e1-99a97e3b:1 s7e1-8f514c28:1 s6e1-8f8da0bb:1 s2e1-af2273d3:1 s4e1-ae17eac1:1 s1e1-a4bf772d:1
1786286935.353991 s5e1-9758ed11:1 s8e1-a8b174a6:1 s3e1-99a97e3b:1 s7e1-8f514c28:1 s6e1-8f8da0bb:1 s2e1-af2273d3:1 s4e1-ae17eac1:1 s1e1-a4bf772d:1
1786286935.374826 s5e1-9758ed11:1 s8e1-a8b174a6:1 s3e1-99a97e3b:1 s7e1-8f514c28:1 s6e1-8f8da0bb:1 s2e1-af2273d3:1 s4e1-ae17eac1:1 s1e1-a4bf772d:1
1786286935.395637 s5e1-9758ed11:1 s8e1-a8b174a6:1 s3e1-99a97e3b:1 s7e1-8f514c28:1 s6e1-8f8da0bb:1 s2e1-af2273d3:1 s4e1-ae17eac1:1 s1e1-a4bf772d:1
1786286935.416466 s5e1-9758ed11:1 s8e1-a8b174a6:1 s3e1-99a97e3b:1 s7e1-8f514c28:1 s6e1-8f8da0bb:1 s2e1-af2273d3:1 s4e1-ae17eac1:1 s1e1-a4bf772d:1
1786286935.437230 s5e1-9758ed11:1 s8e1-a8b174a6:1 s3e1-99a97e3b:1 s7e1-8f514c28:1 s6e1-8f8da0bb:1 s2e1-af2273d3:1 s4e1-ae17eac1:1 s1e1-a4bf772d:1
1786286935.458071 s5e1-9758ed11:1 s8e1-a8b174a6:1 s3e1-99a97e3b:1 s7e1-8f514c28:1 s6e1-8f8da0bb:1 s2e1-af2273d3:1 s4e1-ae17eac1:1 s1e1-a4bf772d:1
1786286935.478918 s5e1-9758ed11:1 s8e1-a8b174a6:1 s3e1-99a97e3b:1 s7e1-8f514c28:1 s6e1-8f8da0bb:1 s2e1-af2273d3:1 s4e1-ae17eac1:1 s1e1-a4bf772d:1
1786286935.499801 s5e1-9758ed11:1 s8e1-a8b174a6:1 s3e1-99a97e3b:1 s7e1-8f514c28:1 s6e1-8f8da0bb:1 s2e1-af2273d3:1 s4e1-ae17eac1:1 s1e1-a4bf772d:1
1786286935.520678 s5e1-9758ed11:1 s8e1-a8b174a6:1 s3e1-99a97e3b:1 s7e1-8f514c28:1 s6e1-8f8da0bb:1 s2e1-af2273d3:1 s4e1-ae17eac1:1 s1e1-a4bf772d:1
1786286935.541498 s5e1-9758ed11:1 s8e1-a8b174a6:1 s3e1-99a97e3b:1 s7e1-8f514c28:1 s6e1-8f8da0bb:1 s2e1-af2273d3:1 s4e1-ae17eac1:1 s1e1-a4bf772d:1
1786286935.562361 s5e1-9758ed11:1 s8e1-a8b174a6:1 s3e1-99a97e3b:1 s7e1-8f514c28:1 s6e1-8f8da0bb:1 s2e1-af2273d3:1 s4e1-ae17eac1:1 s1e1-a4bf772d:1
1786286935.583313 s5e1-9758ed11:1 s8e1-a8b174a6:1 s3e1-99a97e3b:1 s7e1-8f514c28:1 s6e1-8f8da0bb:1 s2e1-af2273d3:1 s4e1-ae17eac1:1 s1e1-a4bf772d:1
1786286935.604188 s5e1-9758ed11:1 s8e1-a8b174a6:1 s3e1-99a97e3b:1 s7e1-8f514c28:1 s6e1-8f8da0bb:1 s2e1-af2273d3:1 s4e1-ae17eac1:1 s1e1-a4bf772d:1
1786286935.624925 s5e1-9758ed11:1 s8e1-a8b174a6:1 s3e1-99a97e3b:1 s7e1-8f514c28:1 s6e1-8f8da0bb:1 s2e1-af2273d3:1 s4e1-ae17eac1:1 s1e1-a4bf772d:1
1786286935.645770 s5e1-9758ed11:1 s8e1-a8b174a6:1 s3e1-99a97e3b:1 s7e1-8f514c28:1 s6e1-8f8da0bb:1 s2e1-af2273d3:1 s4e1-ae17eac1:1 s1e1-a4bf772d:1
1786286935.666615 s5e1-9758ed11:1 s8e1-a8b174a6:1 s3e1-99a97e3b:1 s7e1-8f514c28:1 s6e1-8f8da0bb:1 s2e1-af2273d3:1 s4e1-ae17eac1:1 s1e1-a4bf772d:1
1786286935.687463 s5e1-9758ed11:1 s8e1-a8b174a6:1 s3e1-99a97e3b:1 s7e1-8f514c28:1 s6e1-8f8da0bb:1 s2e1-af2273d3:1 s4e1-ae17eac1:1 s1e1-a4bf772d:1
1786286935.708342 s5e1-9758ed11:1 s8e1-a8b174a6:1 s3e1-99a97e3b:1 s7e1-8f514c28:1 s6e1-8f8da0bb:1 s2e1-af2273d3:1 s4e1-ae17eac1:1 s1e1-a4bf772d:1
1786286935.729186 s5e1-9758ed11:1 s8e1-a8b174a6:1 s3e1-99a97e3b:1 s7e1-8f514c28:1 s6e1-8f8da0bb:1 s2e1-af2273d3:1 s4e1-ae17eac1:1 s1e1-a4bf772d:1
1786286935.750081 s5e1-9758ed11:1 s8e1-a8b174a6:1 s3e1-99a97e3b:1 s7e1-8f514c28:1 s6e1-8f8da0bb:1 s2e1-af2273d3:1 s4e1-ae17eac1:1 s1e1-a4bf772d:1
1786286935.770896 s5e1-9758ed11:1 s8e1-a8b174a6:1 s3e1-99a97e3b:1 s7e1-8f514c28:1 s6e1-8f8da0bb:1 s2e1-af2273d3:1 s4e1-ae17eac1:1 s1e1-a4bf772d:1
1786286935.791759 s5e1-9758ed11:1 s8e1-a8b174a6:1 s3e1-99a97e3b:1 s7e1-8f514c28:1 s6e1-8f8da0bb:1 s2e1-af2273d3:1 s4e1-ae17eac1:1 s1e1-a4bf772d:1
1786286935.812587 s5e1-9758ed11:1 s8e1-a8b174a6:1 s3e1-99a97e3b:1 s7e1-8f514c28:1 s6e1-8f8da0bb:1 s2e1-af2273d3:1 s4e1-ae17eac1:1 s1e1-a4bf772d:1
1786286935.833457 s5e1-9758ed11:1 s8e1-a8b174a6:1 s3e1-99a97e3b:1 s7e1-8f514c28:1 s6e1-8f8da0bb:1 s2e1-af2273d3:1 s4e1-ae17eac1:1 s1e1-a4bf772d:1
1786286935.854316 s5e1-9758ed11:1 s8e1-a8b174a6:1 s3e1-99a97e3b:1 s7e1-8f514c28:1 s6e1-8f8da0bb:1 s2e1-af2273d3:1 s4e1-ae17eac1:1 s1e1-a4bf772d:1
1786286935.875196 s8e1-a8b174a6:1 s3e1-99a97e3b:1 s7e1-8f514c28:1 s6e1-8f8da0bb:1 s2e1-af2273d3:1 s4e1-ae17eac1:1 s1e1-a4bf772d:1
1786286936.987579 s8e1-a8b174a6:53E
1786286937.041917 s8e1-a8b174a6:1 s5e1-9758ed11:53E s3e1-99a97e3b:53E
1786286937.087587 s8e1-a8b174a6:1 s5e1-9758ed11:1 s3e1-99a97e3b:1 s7e1-8f514c28:53E s6e1-8f8da0bb:53E s2e1-af2273d3:53E s4e1-ae17eac1:53E s1e1-a4bf772d:53E
1786286937.141843 s8e1-a8b174a6:1 s5e1-9758ed11:1 s3e1-99a97e3b:1 s7e1-8f514c28:1 s6e1-8f8da0bb:1 s2e1-af2273d3:1 s4e1-ae17eac1:1 s1e1-a4bf772d:1
1786286937.227552 s8e1-a8b174a6:1 s5e1-9758ed11:1 s3e1-99a97e3b:1 s7e1-8f514c28:1 s6e1-8f8da0bb:1 s2e1-af2273d3:1 s4e1-ae17eac1:1 s1e1-a4bf772d:1
1786286937.249799 s8e1-a8b174a6:1 s5e1-9758ed11:1 s3e1-99a97e3b:1 s7e1-8f514c28:1 s6e1-8f8da0bb:1 s2e1-af2273d3:1 s4e1-ae17eac1:1 s1e1-a4bf772d:1
1786286937.268768 s8e1-a8b174a6:1 s5e1-9758ed11:1 s3e1-99a97e3b:1 s7e1-8f514c28:1 s6e1-8f8da0bb:1 s2e1-af2273d3:1 s4e1-ae17eac1:1 s1e1-a4bf772d:1
1786286937.289616 s8e1-a8b174a6:1 s5e1-9758ed11:1 s3e1-99a97e3b:1 s7e1-8f514c28:1 s6e1-8f8da0bb:1 s2e1-af2273d3:1 s4e1-ae17eac1:1 s1e1-a4bf772d:1
1786286937.310531 s8e1-a8b174a6:1 s5e1-9758ed11:1 s3e1-99a97e3b:1 s7e1-8f514c28:1 s6e1-8f8da0bb:1 s2e1-af2273d3:1 s4e1-ae17eac1:1 s1e1-a4bf772d:1
1786286937.331512 s8e1-a8b174a6:1 s5e1-9758ed11:1 s3e1-99a97e3b:1 s7e1-8f514c28:1 s6e1-8f8da0bb:1 s2e1-af2273d3:1 s4e1-ae17eac1:1 s1e1-a4bf772d:1
1786286937.352471 s8e1-a8b174a6:1 s5e1-9758ed11:1 s3e1-99a97e3b:1 s7e1-8f514c28:1 s6e1-8f8da0bb:1 s2e1-af2273d3:1 s4e1-ae17eac1:1 s1e1-a4bf772d:1
1786286937.373440 s8e1-a8b174a6:1 s5e1-9758ed11:1 s3e1-99a97e3b:1 s7e1-8f514c28:1 s6e1-8f8da0bb:1 s2e1-af2273d3:1 s4e1-ae17eac1:1 s1e1-a4bf772d:1
1786286937.394409 s8e1-a8b174a6:1 s5e1-9758ed11:1 s3e1-99a97e3b:1 s7e1-8f514c28:1 s6e1-8f8da0bb:1 s2e1-af2273d3:1 s4e1-ae17eac1:1 s1e1-a4bf772d:1
1786286937.415412 s8e1-a8b174a6:1 s5e1-9758ed11:1 s3e1-99a97e3b:1 s7e1-8f514c28:1 s6e1-8f8da0bb:1 s2e1-af2273d3:1 s4e1-ae17eac1:1 s1e1-a4bf772d:1
1786286937.436532 s8e1-a8b174a6:1 s5e1-9758ed11:1 s3e1-99a97e3b:1 s7e1-8f514c28:1 s6e1-8f8da0bb:1 s2e1-af2273d3:1 s4e1-ae17eac1:1 s1e1-a4bf772d:1
1786286937.457570 s8e1-a8b174a6:1 s5e1-9758ed11:1 s3e1-99a97e3b:1 s7e1-8f514c28:1 s6e1-8f8da0bb:1 s2e1-af2273d3:1 s4e1-ae17eac1:1 s1e1-a4bf772d:1
1786286937.478714 s8e1-a8b174a6:1 s5e1-9758ed11:1 s3e1-99a97e3b:1 s7e1-8f514c28:1 s6e1-8f8da0bb:1 s2e1-af2273d3:1 s4e1-ae17eac1:1 s1e1-a4bf772d:1
1786286937.499644 s8e1-a8b174a6:1 s5e1-9758ed11:1 s3e1-99a97e3b:1 s7e1-8f514c28:1 s6e1-8f8da0bb:1 s2e1-af2273d3:1 s4e1-ae17eac1:1 s1e1-a4bf772d:1
1786286937.520696 s8e1-a8b174a6:1 s5e1-9758ed11:1 s3e1-99a97e3b:1 s7e1-8f514c28:1 s6e1-8f8da0bb:1 s2e1-af2273d3:1 s4e1-ae17eac1:1 s1e1-a4bf772d:1
1786286937.541762 s8e1-a8b174a6:1 s5e1-9758ed11:1 s3e1-99a97e3b:1 s7e1-8f514c28:1 s6e1-8f8da0bb:1 s2e1-af2273d3:1 s4e1-ae17eac1:1 s1e1-a4bf772d:1
1786286937.562802 s8e1-a8b174a6:1 s5e1-9758ed11:1 s3e1-99a97e3b:1 s7e1-8f514c28:1 s6e1-8f8da0bb:1 s2e1-af2273d3:1 s4e1-ae17eac1:1 s1e1-a4bf772d:1
1786286937.583892 s8e1-a8b174a6:1 s5e1-9758ed11:1 s3e1-99a97e3b:1 s7e1-8f514c28:1 s6e1-8f8da0bb:1 s2e1-af2273d3:1 s4e1-ae17eac1:1 s1e1-a4bf772d:1
1786286937.604940 s8e1-a8b174a6:1 s5e1-9758ed11:1 s3e1-99a97e3b:1 s7e1-8f514c28:1 s6e1-8f8da0bb:1 s2e1-af2273d3:1 s4e1-ae17eac1:1 s1e1-a4bf772d:1
1786286937.626043 s8e1-a8b174a6:1 s5e1-9758ed11:1 s3e1-99a97e3b:1 s7e1-8f514c28:1 s6e1-8f8da0bb:1 s2e1-af2273d3:1 s4e1-ae17eac1:1 s1e1-a4bf772d:1
1786286937.647129 s8e1-a8b174a6:1 s5e1-9758ed11:1 s3e1-99a97e3b:1 s7e1-8f514c28:1 s6e1-8f8da0bb:1 s2e1-af2273d3:1 s4e1-ae17eac1:1 s1e1-a4bf772d:1
1786286937.668181 s8e1-a8b174a6:1 s5e1-9758ed11:1 s3e1-99a97e3b:1 s7e1-8f514c28:1 s6e1-8f8da0bb:1 s2e1-af2273d3:1 s4e1-ae17eac1:1 s1e1-a4bf772d:1
1786286937.689243 s8e1-a8b174a6:1 s5e1-9758ed11:1 s3e1-99a97e3b:1 s7e1-8f514c28:1 s6e1-8f8da0bb:1 s2e1-af2273d3:1 s4e1-ae17eac1:1 s1e1-a4bf772d:1
1786286937.710290 s8e1-a8b174a6:1 s5e1-9758ed11:1 s3e1-99a97e3b:1 s7e1-8f514c28:1 s6e1-8f8da0bb:1 s2e1-af2273d3:1 s4e1-ae17eac1:1 s1e1-a4bf772d:1
1786286937.731739 s8e1-a8b174a6:1 s5e1-9758ed11:1 s3e1-99a97e3b:1 s7e1-8f514c28:1 s6e1-8f8da0bb:1 s2e1-af2273d3:1 s4e1-ae17eac1:1 s1e1-a4bf772d:1
1786286937.752445 s8e1-a8b174a6:1 s5e1-9758ed11:1 s3e1-99a97e3b:1 s7e1-8f514c28:1 s6e1-8f8da0bb:1 s2e1-af2273d3:1 s4e1-ae17eac1:1 s1e1-a4bf772d:1
1786286937.773570 s8e1-a8b174a6:1 s5e1-9758ed11:1 s3e1-99a97e3b:1 s7e1-8f514c28:1 s6e1-8f8da0bb:1 s2e1-af2273d3:1 s4e1-ae17eac1:1 s1e1-a4bf772d:1
1786286937.794633 s8e1-a8b174a6:1 s5e1-9758ed11:1 s3e1-99a97e3b:1 s7e1-8f514c28:1 s6e1-8f8da0bb:1 s2e1-af2273d3:1 s4e1-ae17eac1:1 s1e1-a4bf772d:1
1786286937.815759 s8e1-a8b174a6:1 s5e1-9758ed11:1 s3e1-99a97e3b:1 s7e1-8f514c28:1 s6e1-8f8da0bb:1 s2e1-af2273d3:1 s4e1-ae17eac1:1 s1e1-a4bf772d:1
1786286937.836701 s5e1-9758ed11:1 s3e1-99a97e3b:1 s7e1-8f514c28:1 s6e1-8f8da0bb:1 s2e1-af2273d3:1 s4e1-ae17eac1:1 s1e1-a4bf772d:1
1786286937.857849 s7e1-8f514c28:1 s6e1-8f8da0bb:1 s2e1-af2273d3:1 s4e1-ae17eac1:1 s1e1-a4bf772d:1
1786286938.997741 s5e1-9758ed11:53E
1786286939.052114 s5e1-9758ed11:1 s1e1-a4bf772d:53E
1786286939.100338 s5e1-9758ed11:1 s1e1-a4bf772d:1 s8e1-a8b174a6:53E s3e1-99a97e3b:53E s7e1-8f514c28:53E s6e1-8f8da0bb:53E s2e1-af2273d3:53E s4e1-ae17eac1:53E
1786286939.152302 s5e1-9758ed11:1 s1e1-a4bf772d:1 s8e1-a8b174a6:1 s3e1-99a97e3b:1 s7e1-8f514c28:1 s6e1-8f8da0bb:1 s2e1-af2273d3:1 s4e1-ae17eac1:1
1786286939.238051 s5e1-9758ed11:1 s1e1-a4bf772d:1 s8e1-a8b174a6:1 s3e1-99a97e3b:1 s7e1-8f514c28:1 s6e1-8f8da0bb:1 s2e1-af2273d3:1 s4e1-ae17eac1:1
1786286939.258694 s5e1-9758ed11:1 s1e1-a4bf772d:1 s8e1-a8b174a6:1 s3e1-99a97e3b:1 s7e1-8f514c28:1 s6e1-8f8da0bb:1 s2e1-af2273d3:1 s4e1-ae17eac1:1
1786286939.279495 s5e1-9758ed11:1 s1e1-a4bf772d:1 s8e1-a8b174a6:1 s3e1-99a97e3b:1 s7e1-8f514c28:1 s6e1-8f8da0bb:1 s2e1-af2273d3:1 s4e1-ae17eac1:1
1786286939.300431 s5e1-9758ed11:1 s1e1-a4bf772d:1 s8e1-a8b174a6:1 s3e1-99a97e3b:1 s7e1-8f514c28:1 s6e1-8f8da0bb:1 s2e1-af2273d3:1 s4e1-ae17eac1:1
1786286939.321417 s5e1-9758ed11:1 s1e1-a4bf772d:1 s8e1-a8b174a6:1 s3e1-99a97e3b:1 s7e1-8f514c28:1 s6e1-8f8da0bb:1 s2e1-af2273d3:1 s4e1-ae17eac1:1
1786286939.342480 s5e1-9758ed11:1 s1e1-a4bf772d:1 s8e1-a8b174a6:1 s3e1-99a97e3b:1 s7e1-8f514c28:1 s6e1-8f8da0bb:1 s2e1-af2273d3:1 s4e1-ae17eac1:1
1786286939.363484 s5e1-9758ed11:1 s1e1-a4bf772d:1 s8e1-a8b174a6:1 s3e1-99a97e3b:1 s7e1-8f514c28:1 s6e1-8f8da0bb:1 s2e1-af2273d3:1 s4e1-ae17eac1:1
1786286939.384638 s5e1-9758ed11:1 s1e1-a4bf772d:1 s8e1-a8b174a6:1 s3e1-99a97e3b:1 s7e1-8f514c28:1 s6e1-8f8da0bb:1 s2e1-af2273d3:1 s4e1-ae17eac1:1
1786286939.405569 s5e1-9758ed11:1 s1e1-a4bf772d:1 s8e1-a8b174a6:1 s3e1-99a97e3b:1 s7e1-8f514c28:1 s6e1-8f8da0bb:1 s2e1-af2273d3:1 s4e1-ae17eac1:1
1786286939.426627 s5e1-9758ed11:1 s1e1-a4bf772d:1 s8e1-a8b174a6:1 s3e1-99a97e3b:1 s7e1-8f514c28:1 s6e1-8f8da0bb:1 s2e1-af2273d3:1 s4e1-ae17eac1:1
1786286939.447919 s5e1-9758ed11:1 s1e1-a4bf772d:1 s8e1-a8b174a6:1 s3e1-99a97e3b:1 s7e1-8f514c28:1 s6e1-8f8da0bb:1 s2e1-af2273d3:1 s4e1-ae17eac1:1
1786286939.468836 s5e1-9758ed11:1 s1e1-a4bf772d:1 s8e1-a8b174a6:1 s3e1-99a97e3b:1 s7e1-8f514c28:1 s6e1-8f8da0bb:1 s2e1-af2273d3:1 s4e1-ae17eac1:1
1786286939.490012 s5e1-9758ed11:1 s1e1-a4bf772d:1 s8e1-a8b174a6:1 s3e1-99a97e3b:1 s7e1-8f514c28:1 s6e1-8f8da0bb:1 s2e1-af2273d3:1 s4e1-ae17eac1:1
1786286939.511044 s5e1-9758ed11:1 s1e1-a4bf772d:1 s8e1-a8b174a6:1 s3e1-99a97e3b:1 s7e1-8f514c28:1 s6e1-8f8da0bb:1 s2e1-af2273d3:1 s4e1-ae17eac1:1
1786286939.532127 s5e1-9758ed11:1 s1e1-a4bf772d:1 s8e1-a8b174a6:1 s3e1-99a97e3b:1 s7e1-8f514c28:1 s6e1-8f8da0bb:1 s2e1-af2273d3:1 s4e1-ae17eac1:1
1786286939.553245 s5e1-9758ed11:1 s1e1-a4bf772d:1 s8e1-a8b174a6:1 s3e1-99a97e3b:1 s7e1-8f514c28:1 s6e1-8f8da0bb:1 s2e1-af2273d3:1 s4e1-ae17eac1:1
1786286939.574343 s5e1-9758ed11:1 s1e1-a4bf772d:1 s8e1-a8b174a6:1 s3e1-99a97e3b:1 s7e1-8f514c28:1 s6e1-8f8da0bb:1 s2e1-af2273d3:1 s4e1-ae17eac1:1
1786286939.595412 s5e1-9758ed11:1 s1e1-a4bf772d:1 s8e1-a8b174a6:1 s3e1-99a97e3b:1 s7e1-8f514c28:1 s6e1-8f8da0bb:1 s2e1-af2273d3:1 s4e1-ae17eac1:1
1786286939.616503 s5e1-9758ed11:1 s1e1-a4bf772d:1 s8e1-a8b174a6:1 s3e1-99a97e3b:1 s7e1-8f514c28:1 s6e1-8f8da0bb:1 s2e1-af2273d3:1 s4e1-ae17eac1:1
1786286939.637631 s5e1-9758ed11:1 s1e1-a4bf772d:1 s8e1-a8b174a6:1 s3e1-99a97e3b:1 s7e1-8f514c28:1 s6e1-8f8da0bb:1 s2e1-af2273d3:1 s4e1-ae17eac1:1
1786286939.658777 s5e1-9758ed11:1 s1e1-a4bf772d:1 s8e1-a8b174a6:1 s3e1-99a97e3b:1 s7e1-8f514c28:1 s6e1-8f8da0bb:1 s2e1-af2273d3:1 s4e1-ae17eac1:1
1786286939.679907 s5e1-9758ed11:1 s1e1-a4bf772d:1 s8e1-a8b174a6:1 s3e1-99a97e3b:1 s7e1-8f514c28:1 s6e1-8f8da0bb:1 s2e1-af2273d3:1 s4e1-ae17eac1:1
1786286939.700956 s5e1-9758ed11:1 s1e1-a4bf772d:1 s8e1-a8b174a6:1 s3e1-99a97e3b:1 s7e1-8f514c28:1 s6e1-8f8da0bb:1 s2e1-af2273d3:1 s4e1-ae17eac1:1
1786286939.722149 s5e1-9758ed11:1 s1e1-a4bf772d:1 s8e1-a8b174a6:1 s3e1-99a97e3b:1 s7e1-8f514c28:1 s6e1-8f8da0bb:1 s2e1-af2273d3:1 s4e1-ae17eac1:1
1786286939.743144 s5e1-9758ed11:1 s1e1-a4bf772d:1 s8e1-a8b174a6:1 s3e1-99a97e3b:1 s7e1-8f514c28:1 s6e1-8f8da0bb:1 s2e1-af2273d3:1 s4e1-ae17eac1:1
1786286939.764235 s5e1-9758ed11:1 s1e1-a4bf772d:1 s8e1-a8b174a6:1 s3e1-99a97e3b:1 s7e1-8f514c28:1 s6e1-8f8da0bb:1 s2e1-af2273d3:1 s4e1-ae17eac1:1
1786286939.785335 s5e1-9758ed11:1 s1e1-a4bf772d:1 s8e1-a8b174a6:1 s3e1-99a97e3b:1 s7e1-8f514c28:1 s6e1-8f8da0bb:1 s2e1-af2273d3:1 s4e1-ae17eac1:1
1786286939.806430 s5e1-9758ed11:1 s1e1-a4bf772d:1 s8e1-a8b174a6:1 s3e1-99a97e3b:1 s7e1-8f514c28:1 s6e1-8f8da0bb:1 s2e1-af2273d3:1 s4e1-ae17eac1:1
1786286939.827509 s5e1-9758ed11:1 s1e1-a4bf772d:1 s8e1-a8b174a6:1 s3e1-99a97e3b:1 s7e1-8f514c28:1 s6e1-8f8da0bb:1 s2e1-af2273d3:1 s4e1-ae17eac1:1
1786286939.848616 s1e1-a4bf772d:1 s8e1-a8b174a6:1 s3e1-99a97e3b:1 s7e1-8f514c28:1 s6e1-8f8da0bb:1 s2e1-af2273d3:1 s4e1-ae17eac1:1
1786286939.869777 s8e1-a8b174a6:1 s3e1-99a97e3b:1 s7e1-8f514c28:1 s6e1-8f8da0bb:1 s2e1-af2273d3:1 s4e1-ae17eac1:1
1786286941.020192 s6e1-8f8da0bb:53E
1786286941.070255 s6e1-8f8da0bb:1 s5e1-9758ed11:53E s7e1-8f514c28:53E s2e1-af2273d3:53E s4e1-ae17eac1:53E
1786286941.117037 s6e1-8f8da0bb:1 s5e1-9758ed11:1 s7e1-8f514c28:1 s2e1-af2273d3:1 s4e1-ae17eac1:1 s1e1-a4bf772d:53E s8e1-a8b174a6:53E s3e1-99a97e3b:53E
1786286941.197974 s6e1-8f8da0bb:1 s5e1-9758ed11:1 s7e1-8f514c28:1 s2e1-af2273d3:1 s4e1-ae17eac1:1 s1e1-a4bf772d:1 s8e1-a8b174a6:1 s3e1-99a97e3b:1
1786286941.238911 s6e1-8f8da0bb:1 s5e1-9758ed11:1 s7e1-8f514c28:1 s2e1-af2273d3:1 s4e1-ae17eac1:1 s1e1-a4bf772d:1 s8e1-a8b174a6:1 s3e1-99a97e3b:1
1786286941.259957 s6e1-8f8da0bb:1 s5e1-9758ed11:1 s7e1-8f514c28:1 s2e1-af2273d3:1 s4e1-ae17eac1:1 s1e1-a4bf772d:1 s8e1-a8b174a6:1 s3e1-99a97e3b:1
1786286941.280957 s6e1-8f8da0bb:1 s5e1-9758ed11:1 s7e1-8f514c28:1 s2e1-af2273d3:1 s4e1-ae17eac1:1 s1e1-a4bf772d:1 s8e1-a8b174a6:1 s3e1-99a97e3b:1
1786286941.302014 s6e1-8f8da0bb:1 s5e1-9758ed11:1 s7e1-8f514c28:1 s2e1-af2273d3:1 s4e1-ae17eac1:1 s1e1-a4bf772d:1 s8e1-a8b174a6:1 s3e1-99a97e3b:1
1786286941.323145 s6e1-8f8da0bb:1 s5e1-9758ed11:1 s7e1-8f514c28:1 s2e1-af2273d3:1 s4e1-ae17eac1:1 s1e1-a4bf772d:1 s8e1-a8b174a6:1 s3e1-99a97e3b:1
1786286941.344294 s6e1-8f8da0bb:1 s5e1-9758ed11:1 s7e1-8f514c28:1 s2e1-af2273d3:1 s4e1-ae17eac1:1 s1e1-a4bf772d:1 s8e1-a8b174a6:1 s3e1-99a97e3b:1
1786286941.365405 s6e1-8f8da0bb:1 s5e1-9758ed11:1 s7e1-8f514c28:1 s2e1-af2273d3:1 s4e1-ae17eac1:1 s1e1-a4bf772d:1 s8e1-a8b174a6:1 s3e1-99a97e3b:1
1786286941.386551 s6e1-8f8da0bb:1 s5e1-9758ed11:1 s7e1-8f514c28:1 s2e1-af2273d3:1 s4e1-ae17eac1:1 s1e1-a4bf772d:1 s8e1-a8b174a6:1 s3e1-99a97e3b:1
1786286941.407652 s6e1-8f8da0bb:1 s5e1-9758ed11:1 s7e1-8f514c28:1 s2e1-af2273d3:1 s4e1-ae17eac1:1 s1e1-a4bf772d:1 s8e1-a8b174a6:1 s3e1-99a97e3b:1
1786286941.428810 s6e1-8f8da0bb:1 s5e1-9758ed11:1 s7e1-8f514c28:1 s2e1-af2273d3:1 s4e1-ae17eac1:1 s1e1-a4bf772d:1 s8e1-a8b174a6:1 s3e1-99a97e3b:1
1786286941.449913 s6e1-8f8da0bb:1 s5e1-9758ed11:1 s7e1-8f514c28:1 s2e1-af2273d3:1 s4e1-ae17eac1:1 s1e1-a4bf772d:1 s8e1-a8b174a6:1 s3e1-99a97e3b:1
1786286941.471022 s6e1-8f8da0bb:1 s5e1-9758ed11:1 s7e1-8f514c28:1 s2e1-af2273d3:1 s4e1-ae17eac1:1 s1e1-a4bf772d:1 s8e1-a8b174a6:1 s3e1-99a97e3b:1
1786286941.492241 s6e1-8f8da0bb:1 s5e1-9758ed11:1 s7e1-8f514c28:1 s2e1-af2273d3:1 s4e1-ae17eac1:1 s1e1-a4bf772d:1 s8e1-a8b174a6:1 s3e1-99a97e3b:1
1786286941.513311 s6e1-8f8da0bb:1 s5e1-9758ed11:1 s7e1-8f514c28:1 s2e1-af2273d3:1 s4e1-ae17eac1:1 s1e1-a4bf772d:1 s8e1-a8b174a6:1 s3e1-99a97e3b:1
1786286941.534423 s6e1-8f8da0bb:1 s5e1-9758ed11:1 s7e1-8f514c28:1 s2e1-af2273d3:1 s4e1-ae17eac1:1 s1e1-a4bf772d:1 s8e1-a8b174a6:1 s3e1-99a97e3b:1
1786286941.555496 s6e1-8f8da0bb:1 s5e1-9758ed11:1 s7e1-8f514c28:1 s2e1-af2273d3:1 s4e1-ae17eac1:1 s1e1-a4bf772d:1 s8e1-a8b174a6:1 s3e1-99a97e3b:1
1786286941.576735 s6e1-8f8da0bb:1 s5e1-9758ed11:1 s7e1-8f514c28:1 s2e1-af2273d3:1 s4e1-ae17eac1:1 s1e1-a4bf772d:1 s8e1-a8b174a6:1 s3e1-99a97e3b:1
1786286941.597880 s6e1-8f8da0bb:1 s5e1-9758ed11:1 s7e1-8f514c28:1 s2e1-af2273d3:1 s4e1-ae17eac1:1 s1e1-a4bf772d:1 s8e1-a8b174a6:1 s3e1-99a97e3b:1
1786286941.618968 s6e1-8f8da0bb:1 s5e1-9758ed11:1 s7e1-8f514c28:1 s2e1-af2273d3:1 s4e1-ae17eac1:1 s1e1-a4bf772d:1 s8e1-a8b174a6:1 s3e1-99a97e3b:1
1786286941.640022 s6e1-8f8da0bb:1 s5e1-9758ed11:1 s7e1-8f514c28:1 s2e1-af2273d3:1 s4e1-ae17eac1:1 s1e1-a4bf772d:1 s8e1-a8b174a6:1 s3e1-99a97e3b:1
1786286941.661186 s6e1-8f8da0bb:1 s5e1-9758ed11:1 s7e1-8f514c28:1 s2e1-af2273d3:1 s4e1-ae17eac1:1 s1e1-a4bf772d:1 s8e1-a8b174a6:1 s3e1-99a97e3b:1
1786286941.682292 s6e1-8f8da0bb:1 s5e1-9758ed11:1 s7e1-8f514c28:1 s2e1-af2273d3:1 s4e1-ae17eac1:1 s1e1-a4bf772d:1 s8e1-a8b174a6:1 s3e1-99a97e3b:1
1786286941.703434 s6e1-8f8da0bb:1 s5e1-9758ed11:1 s7e1-8f514c28:1 s2e1-af2273d3:1 s4e1-ae17eac1:1 s1e1-a4bf772d:1 s8e1-a8b174a6:1 s3e1-99a97e3b:1
1786286941.724528 s6e1-8f8da0bb:1 s5e1-9758ed11:1 s7e1-8f514c28:1 s2e1-af2273d3:1 s4e1-ae17eac1:1 s1e1-a4bf772d:1 s8e1-a8b174a6:1 s3e1-99a97e3b:1
1786286941.745700 s6e1-8f8da0bb:1 s5e1-9758ed11:1 s7e1-8f514c28:1 s2e1-af2273d3:1 s4e1-ae17eac1:1 s1e1-a4bf772d:1 s8e1-a8b174a6:1 s3e1-99a97e3b:1
1786286941.766822 s6e1-8f8da0bb:1 s5e1-9758ed11:1 s7e1-8f514c28:1 s2e1-af2273d3:1 s4e1-ae17eac1:1 s1e1-a4bf772d:1 s8e1-a8b174a6:1 s3e1-99a97e3b:1
1786286941.787954 s6e1-8f8da0bb:1 s5e1-9758ed11:1 s7e1-8f514c28:1 s2e1-af2273d3:1 s4e1-ae17eac1:1 s1e1-a4bf772d:1 s8e1-a8b174a6:1 s3e1-99a97e3b:1
1786286941.809104 s6e1-8f8da0bb:1 s5e1-9758ed11:1 s7e1-8f514c28:1 s2e1-af2273d3:1 s4e1-ae17eac1:1 s1e1-a4bf772d:1 s8e1-a8b174a6:1 s3e1-99a97e3b:1
1786286941.830210 s6e1-8f8da0bb:1 s5e1-9758ed11:1 s7e1-8f514c28:1 s2e1-af2273d3:1 s4e1-ae17eac1:1 s1e1-a4bf772d:1 s8e1-a8b174a6:1 s3e1-99a97e3b:1
1786286941.851323 s5e1-9758ed11:1 s7e1-8f514c28:1 s2e1-af2273d3:1 s4e1-ae17eac1:1 s1e1-a4bf772d:1 s8e1-a8b174a6:1 s3e1-99a97e3b:1
1786286941.872480 s1e1-a4bf772d:1 s8e1-a8b174a6:1 s3e1-99a97e3b:1
1786286943.458437 s3e1-99a97e3b:53E
1786286943.510463 s3e1-99a97e3b:1 s5e1-9758ed11:53E s7e1-8f514c28:53E s2e1-af2273d3:53E s4e1-ae17eac1:53E
1786286943.560325 s3e1-99a97e3b:1 s5e1-9758ed11:1 s7e1-8f514c28:1 s2e1-af2273d3:1 s4e1-ae17eac1:1 s6e1-8f8da0bb:53E s1e1-a4bf772d:53E s8e1-a8b174a6:53E
1786286943.638420 s3e1-99a97e3b:1 s5e1-9758ed11:1 s7e1-8f514c28:1 s2e1-af2273d3:1 s4e1-ae17eac1:1 s6e1-8f8da0bb:1 s1e1-a4bf772d:1 s8e1-a8b174a6:1
1786286943.680383 s3e1-99a97e3b:1 s5e1-9758ed11:1 s7e1-8f514c28:1 s2e1-af2273d3:1 s4e1-ae17eac1:1 s6e1-8f8da0bb:1 s1e1-a4bf772d:1 s8e1-a8b174a6:1
1786286943.701350 s3e1-99a97e3b:1 s5e1-9758ed11:1 s7e1-8f514c28:1 s2e1-af2273d3:1 s4e1-ae17eac1:1 s6e1-8f8da0bb:1 s1e1-a4bf772d:1 s8e1-a8b174a6:1
1786286943.722414 s3e1-99a97e3b:1 s5e1-9758ed11:1 s7e1-8f514c28:1 s2e1-af2273d3:1 s4e1-ae17eac1:1 s6e1-8f8da0bb:1 s1e1-a4bf772d:1 s8e1-a8b174a6:1
1786286943.743588 s3e1-99a97e3b:1 s5e1-9758ed11:1 s7e1-8f514c28:1 s2e1-af2273d3:1 s4e1-ae17eac1:1 s6e1-8f8da0bb:1 s1e1-a4bf772d:1 s8e1-a8b174a6:1
1786286943.764710 s3e1-99a97e3b:1 s5e1-9758ed11:1 s7e1-8f514c28:1 s2e1-af2273d3:1 s4e1-ae17eac1:1 s6e1-8f8da0bb:1 s1e1-a4bf772d:1 s8e1-a8b174a6:1
1786286943.785804 s3e1-99a97e3b:1 s5e1-9758ed11:1 s7e1-8f514c28:1 s2e1-af2273d3:1 s4e1-ae17eac1:1 s6e1-8f8da0bb:1 s1e1-a4bf772d:1 s8e1-a8b174a6:1
1786286943.806938 s3e1-99a97e3b:1 s5e1-9758ed11:1 s7e1-8f514c28:1 s2e1-af2273d3:1 s4e1-ae17eac1:1 s6e1-8f8da0bb:1 s1e1-a4bf772d:1 s8e1-a8b174a6:1
1786286943.828123 s3e1-99a97e3b:1 s5e1-9758ed11:1 s7e1-8f514c28:1 s2e1-af2273d3:1 s4e1-ae17eac1:1 s6e1-8f8da0bb:1 s1e1-a4bf772d:1 s8e1-a8b174a6:1
1786286943.849275 s3e1-99a97e3b:1 s5e1-9758ed11:1 s7e1-8f514c28:1 s2e1-af2273d3:1 s4e1-ae17eac1:1 s6e1-8f8da0bb:1 s1e1-a4bf772d:1 s8e1-a8b174a6:1
1786286943.870377 s3e1-99a97e3b:1 s5e1-9758ed11:1 s7e1-8f514c28:1 s2e1-af2273d3:1 s4e1-ae17eac1:1 s6e1-8f8da0bb:1 s1e1-a4bf772d:1 s8e1-a8b174a6:1
1786286943.891509 s3e1-99a97e3b:1 s5e1-9758ed11:1 s7e1-8f514c28:1 s2e1-af2273d3:1 s4e1-ae17eac1:1 s6e1-8f8da0bb:1 s1e1-a4bf772d:1 s8e1-a8b174a6:1
1786286943.912728 s3e1-99a97e3b:1 s5e1-9758ed11:1 s7e1-8f514c28:1 s2e1-af2273d3:1 s4e1-ae17eac1:1 s6e1-8f8da0bb:1 s1e1-a4bf772d:1 s8e1-a8b174a6:1
1786286943.933861 s3e1-99a97e3b:1 s5e1-9758ed11:1 s7e1-8f514c28:1 s2e1-af2273d3:1 s4e1-ae17eac1:1 s6e1-8f8da0bb:1 s1e1-a4bf772d:1 s8e1-a8b174a6:1
1786286943.954960 s3e1-99a97e3b:1 s5e1-9758ed11:1 s7e1-8f514c28:1 s2e1-af2273d3:1 s4e1-ae17eac1:1 s6e1-8f8da0bb:1 s1e1-a4bf772d:1 s8e1-a8b174a6:1
1786286943.976047 s3e1-99a97e3b:1 s5e1-9758ed11:1 s7e1-8f514c28:1 s2e1-af2273d3:1 s4e1-ae17eac1:1 s6e1-8f8da0bb:1 s1e1-a4bf772d:1 s8e1-a8b174a6:1
1786286943.997170 s3e1-99a97e3b:1 s5e1-9758ed11:1 s7e1-8f514c28:1 s2e1-af2273d3:1 s4e1-ae17eac1:1 s6e1-8f8da0bb:1 s1e1-a4bf772d:1 s8e1-a8b174a6:1
1786286944.018324 s3e1-99a97e3b:1 s5e1-9758ed11:1 s7e1-8f514c28:1 s2e1-af2273d3:1 s4e1-ae17eac1:1 s6e1-8f8da0bb:1 s1e1-a4bf772d:1 s8e1-a8b174a6:1
1786286944.039421 s3e1-99a97e3b:1 s5e1-9758ed11:1 s7e1-8f514c28:1 s2e1-af2273d3:1 s4e1-ae17eac1:1 s6e1-8f8da0bb:1 s1e1-a4bf772d:1 s8e1-a8b174a6:1
1786286944.060562 s3e1-99a97e3b:1 s5e1-9758ed11:1 s7e1-8f514c28:1 s2e1-af2273d3:1 s4e1-ae17eac1:1 s6e1-8f8da0bb:1 s1e1-a4bf772d:1 s8e1-a8b174a6:1
1786286944.081683 s3e1-99a97e3b:1 s5e1-9758ed11:1 s7e1-8f514c28:1 s2e1-af2273d3:1 s4e1-ae17eac1:1 s6e1-8f8da0bb:1 s1e1-a4bf772d:1 s8e1-a8b174a6:1
1786286944.102833 s3e1-99a97e3b:1 s5e1-9758ed11:1 s7e1-8f514c28:1 s2e1-af2273d3:1 s4e1-ae17eac1:1 s6e1-8f8da0bb:1 s1e1-a4bf772d:1 s8e1-a8b174a6:1
1786286944.123961 s3e1-99a97e3b:1 s5e1-9758ed11:1 s7e1-8f514c28:1 s2e1-af2273d3:1 s4e1-ae17eac1:1 s6e1-8f8da0bb:1 s1e1-a4bf772d:1 s8e1-a8b174a6:1
1786286944.145072 s3e1-99a97e3b:1 s5e1-9758ed11:1 s7e1-8f514c28:1 s2e1-af2273d3:1 s4e1-ae17eac1:1 s6e1-8f8da0bb:1 s1e1-a4bf772d:1 s8e1-a8b174a6:1
1786286944.166229 s3e1-99a97e3b:1 s5e1-9758ed11:1 s7e1-8f514c28:1 s2e1-af2273d3:1 s4e1-ae17eac1:1 s6e1-8f8da0bb:1 s1e1-a4bf772d:1 s8e1-a8b174a6:1
1786286944.187373 s3e1-99a97e3b:1 s5e1-9758ed11:1 s7e1-8f514c28:1 s2e1-af2273d3:1 s4e1-ae17eac1:1 s6e1-8f8da0bb:1 s1e1-a4bf772d:1 s8e1-a8b174a6:1
1786286944.208525 s3e1-99a97e3b:1 s5e1-9758ed11:1 s7e1-8f514c28:1 s2e1-af2273d3:1 s4e1-ae17eac1:1 s6e1-8f8da0bb:1 s1e1-a4bf772d:1 s8e1-a8b174a6:1
1786286944.229655 s3e1-99a97e3b:1 s5e1-9758ed11:1 s7e1-8f514c28:1 s2e1-af2273d3:1 s4e1-ae17eac1:1 s6e1-8f8da0bb:1 s1e1-a4bf772d:1 s8e1-a8b174a6:1
1786286944.250863 s3e1-99a97e3b:1 s5e1-9758ed11:1 s7e1-8f514c28:1 s2e1-af2273d3:1 s4e1-ae17eac1:1 s6e1-8f8da0bb:1 s1e1-a4bf772d:1 s8e1-a8b174a6:1
1786286944.272003 s3e1-99a97e3b:1 s5e1-9758ed11:1 s7e1-8f514c28:1 s2e1-af2273d3:1 s4e1-ae17eac1:1 s6e1-8f8da0bb:1 s1e1-a4bf772d:1 s8e1-a8b174a6:1
1786286944.293125 s5e1-9758ed11:1 s7e1-8f514c28:1 s2e1-af2273d3:1 s4e1-ae17eac1:1 s6e1-8f8da0bb:1 s1e1-a4bf772d:1 s8e1-a8b174a6:1
1786286944.314229 s6e1-8f8da0bb:1 s1e1-a4bf772d:1 s8e1-a8b174a6:1
1786286944.994391 s3e1-99a97e3b:53E
1786286945.040177 s3e1-99a97e3b:1
1786286945.045318 s3e1-99a97e3b:1 s5e1-9758ed11:53E
1786286945.116562 s3e1-99a97e3b:1 s5e1-9758ed11:1 s7e1-8f514c28:53E s2e1-af2273d3:52E s4e1-ae17eac1:53E s6e1-8f8da0bb:53E s1e1-a4bf772d:53E s8e1-a8b174a6:53E
1786286945.173110 s3e1-99a97e3b:1 s5e1-9758ed11:1 s7e1-8f514c28:1 s2e1-af2273d3:1 s4e1-ae17eac1:1 s6e1-8f8da0bb:1 s1e1-a4bf772d:1 s8e1-a8b174a6:1
1786286945.259804 s3e1-99a97e3b:1 s5e1-9758ed11:1 s7e1-8f514c28:1 s2e1-af2273d3:1 s4e1-ae17eac1:1 s6e1-8f8da0bb:1 s1e1-a4bf772d:1 s8e1-a8b174a6:1
1786286945.280541 s3e1-99a97e3b:1 s5e1-9758ed11:1 s7e1-8f514c28:1 s2e1-af2273d3:1 s4e1-ae17eac1:1 s6e1-8f8da0bb:1 s1e1-a4bf772d:1 s8e1-a8b174a6:1
1786286945.301483 s3e1-99a97e3b:1 s5e1-9758ed11:1 s7e1-8f514c28:1 s2e1-af2273d3:1 s4e1-ae17eac1:1 s6e1-8f8da0bb:1 s1e1-a4bf772d:1 s8e1-a8b174a6:1
1786286945.322495 s3e1-99a97e3b:1 s5e1-9758ed11:1 s7e1-8f514c28:1 s2e1-af2273d3:1 s4e1-ae17eac1:1 s6e1-8f8da0bb:1 s1e1-a4bf772d:1 s8e1-a8b174a6:1
1786286945.343609 s3e1-99a97e3b:1 s5e1-9758ed11:1 s7e1-8f514c28:1 s2e1-af2273d3:1 s4e1-ae17eac1:1 s6e1-8f8da0bb:1 s1e1-a4bf772d:1 s8e1-a8b174a6:1
1786286945.364760 s3e1-99a97e3b:1 s5e1-9758ed11:1 s7e1-8f514c28:1 s2e1-af2273d3:1 s4e1-ae17eac1:1 s6e1-8f8da0bb:1 s1e1-a4bf772d:1 s8e1-a8b174a6:1
1786286945.385774 s3e1-99a97e3b:1 s5e1-9758ed11:1 s7e1-8f514c28:1 s2e1-af2273d3:1 s4e1-ae17eac1:1 s6e1-8f8da0bb:1 s1e1-a4bf772d:1 s8e1-a8b174a6:1
1786286945.407003 s3e1-99a97e3b:1 s5e1-9758ed11:1 s7e1-8f514c28:1 s2e1-af2273d3:1 s4e1-ae17eac1:1 s6e1-8f8da0bb:1 s1e1-a4bf772d:1 s8e1-a8b174a6:1
1786286945.428227 s3e1-99a97e3b:1 s5e1-9758ed11:1 s7e1-8f514c28:1 s2e1-af2273d3:1 s4e1-ae17eac1:1 s6e1-8f8da0bb:1 s1e1-a4bf772d:1 s8e1-a8b174a6:1
1786286945.449305 s3e1-99a97e3b:1 s5e1-9758ed11:1 s7e1-8f514c28:1 s2e1-af2273d3:1 s4e1-ae17eac1:1 s6e1-8f8da0bb:1 s1e1-a4bf772d:1 s8e1-a8b174a6:1
1786286945.470422 s3e1-99a97e3b:1 s5e1-9758ed11:1 s7e1-8f514c28:1 s2e1-af2273d3:1 s4e1-ae17eac1:1 s6e1-8f8da0bb:1 s1e1-a4bf772d:1 s8e1-a8b174a6:1
1786286945.491718 s3e1-99a97e3b:1 s5e1-9758ed11:1 s7e1-8f514c28:1 s2e1-af2273d3:1 s4e1-ae17eac1:1 s6e1-8f8da0bb:1 s1e1-a4bf772d:1 s8e1-a8b174a6:1
1786286945.512811 s3e1-99a97e3b:1 s5e1-9758ed11:1 s7e1-8f514c28:1 s2e1-af2273d3:1 s4e1-ae17eac1:1 s6e1-8f8da0bb:1 s1e1-a4bf772d:1 s8e1-a8b174a6:1
1786286945.533942 s3e1-99a97e3b:1 s5e1-9758ed11:1 s7e1-8f514c28:1 s2e1-af2273d3:1 s4e1-ae17eac1:1 s6e1-8f8da0bb:1 s1e1-a4bf772d:1 s8e1-a8b174a6:1
1786286945.555158 s3e1-99a97e3b:1 s5e1-9758ed11:1 s7e1-8f514c28:1 s2e1-af2273d3:1 s4e1-ae17eac1:1 s6e1-8f8da0bb:1 s1e1-a4bf772d:1 s8e1-a8b174a6:1
1786286945.576266 s3e1-99a97e3b:1 s5e1-9758ed11:1 s7e1-8f514c28:1 s2e1-af2273d3:1 s4e1-ae17eac1:1 s6e1-8f8da0bb:1 s1e1-a4bf772d:1 s8e1-a8b174a6:1
1786286945.597464 s3e1-99a97e3b:1 s5e1-9758ed11:1 s7e1-8f514c28:1 s2e1-af2273d3:1 s4e1-ae17eac1:1 s6e1-8f8da0bb:1 s1e1-a4bf772d:1 s8e1-a8b174a6:1
1786286945.618629 s3e1-99a97e3b:1 s5e1-9758ed11:1 s7e1-8f514c28:1 s2e1-af2273d3:1 s4e1-ae17eac1:1 s6e1-8f8da0bb:1 s1e1-a4bf772d:1 s8e1-a8b174a6:1
1786286945.639803 s3e1-99a97e3b:1 s5e1-9758ed11:1 s7e1-8f514c28:1 s2e1-af2273d3:1 s4e1-ae17eac1:1 s6e1-8f8da0bb:1 s1e1-a4bf772d:1 s8e1-a8b174a6:1
1786286945.661007 s3e1-99a97e3b:1 s5e1-9758ed11:1 s7e1-8f514c28:1 s2e1-af2273d3:1 s4e1-ae17eac1:1 s6e1-8f8da0bb:1 s1e1-a4bf772d:1 s8e1-a8b174a6:1
1786286945.682168 s3e1-99a97e3b:1 s5e1-9758ed11:1 s7e1-8f514c28:1 s2e1-af2273d3:1 s4e1-ae17eac1:1 s6e1-8f8da0bb:1 s1e1-a4bf772d:1 s8e1-a8b174a6:1
1786286945.703417 s3e1-99a97e3b:1 s5e1-9758ed11:1 s7e1-8f514c28:1 s2e1-af2273d3:1 s4e1-ae17eac1:1 s6e1-8f8da0bb:1 s1e1-a4bf772d:1 s8e1-a8b174a6:1
1786286945.724518 s3e1-99a97e3b:1 s5e1-9758ed11:1 s7e1-8f514c28:1 s2e1-af2273d3:1 s4e1-ae17eac1:1 s6e1-8f8da0bb:1 s1e1-a4bf772d:1 s8e1-a8b174a6:1
1786286945.745776 s3e1-99a97e3b:1 s5e1-9758ed11:1 s7e1-8f514c28:1 s2e1-af2273d3:1 s4e1-ae17eac1:1 s6e1-8f8da0bb:1 s1e1-a4bf772d:1 s8e1-a8b174a6:1
1786286945.767046 s3e1-99a97e3b:1 s5e1-9758ed11:1 s7e1-8f514c28:1 s2e1-af2273d3:1 s4e1-ae17eac1:1 s6e1-8f8da0bb:1 s1e1-a4bf772d:1 s8e1-a8b174a6:1
1786286945.788089 s3e1-99a97e3b:1 s5e1-9758ed11:1 s7e1-8f514c28:1 s2e1-af2273d3:1 s4e1-ae17eac1:1 s6e1-8f8da0bb:1 s1e1-a4bf772d:1 s8e1-a8b174a6:1
1786286945.809149 s3e1-99a97e3b:1 s5e1-9758ed11:1 s7e1-8f514c28:1 s2e1-af2273d3:1 s4e1-ae17eac1:1 s6e1-8f8da0bb:1 s1e1-a4bf772d:1 s8e1-a8b174a6:1
1786286945.830271 s3e1-99a97e3b:1 s5e1-9758ed11:1 s7e1-8f514c28:1 s2e1-af2273d3:1 s4e1-ae17eac1:1 s6e1-8f8da0bb:1 s1e1-a4bf772d:1 s8e1-a8b174a6:1
1786286945.851417 s5e1-9758ed11:1 s7e1-8f514c28:1 s2e1-af2273d3:1 s4e1-ae17eac1:1 s6e1-8f8da0bb:1 s1e1-a4bf772d:1 s8e1-a8b174a6:1
1786286945.872730 s5e1-9758ed11:1 s7e1-8f514c28:1 s2e1-af2273d3:1 s4e1-ae17eac1:1 s6e1-8f8da0bb:1 s1e1-a4bf772d:1 s8e1-a8b174a6:1
1786286945.894054 s7e1-8f514c28:1 s2e1-af2273d3:1 s4e1-ae17eac1:1 s6e1-8f8da0bb:1 s1e1-a4bf772d:1 s8e1-a8b174a6:1
1786286946.987645 s1e1-a4bf772d:53E
1786286947.035973 s1e1-a4bf772d:1
1786286947.040926 s1e1-a4bf772d:1
1786286947.059325 s1e1-a4bf772d:1 s4e1-ae17eac1:53E
1786286947.121075 s1e1-a4bf772d:1 s4e1-ae17eac1:1 s3e1-99a97e3b:53E s5e1-9758ed11:53E s7e1-8f514c28:53E s2e1-af2273d3:53E s6e1-8f8da0bb:53E s8e1-a8b174a6:53E
1786286947.173320 s1e1-a4bf772d:1 s4e1-ae17eac1:1 s3e1-99a97e3b:1 s5e1-9758ed11:1 s7e1-8f514c28:1 s2e1-af2273d3:1 s6e1-8f8da0bb:1 s8e1-a8b174a6:1
1786286947.260798 s1e1-a4bf772d:1 s4e1-ae17eac1:1 s3e1-99a97e3b:1 s5e1-9758ed11:1 s7e1-8f514c28:1 s2e1-af2273d3:1 s6e1-8f8da0bb:1 s8e1-a8b174a6:1
1786286947.281518 s1e1-a4bf772d:1 s4e1-ae17eac1:1 s3e1-99a97e3b:1 s5e1-9758ed11:1 s7e1-8f514c28:1 s2e1-af2273d3:1 s6e1-8f8da0bb:1 s8e1-a8b174a6:1
1786286947.302479 s1e1-a4bf772d:1 s4e1-ae17eac1:1 s3e1-99a97e3b:1 s5e1-9758ed11:1 s7e1-8f514c28:1 s2e1-af2273d3:1 s6e1-8f8da0bb:1 s8e1-a8b174a6:1
1786286947.323564 s1e1-a4bf772d:1 s4e1-ae17eac1:1 s3e1-99a97e3b:1 s5e1-9758ed11:1 s7e1-8f514c28:1 s2e1-af2273d3:1 s6e1-8f8da0bb:1 s8e1-a8b174a6:1
1786286947.344572 s1e1-a4bf772d:1 s4e1-ae17eac1:1 s3e1-99a97e3b:1 s5e1-9758ed11:1 s7e1-8f514c28:1 s2e1-af2273d3:1 s6e1-8f8da0bb:1 s8e1-a8b174a6:1
1786286947.365571 s1e1-a4bf772d:1 s4e1-ae17eac1:1 s3e1-99a97e3b:1 s5e1-9758ed11:1 s7e1-8f514c28:1 s2e1-af2273d3:1 s6e1-8f8da0bb:1 s8e1-a8b174a6:1
1786286947.386745 s1e1-a4bf772d:1 s4e1-ae17eac1:1 s3e1-99a97e3b:1 s5e1-9758ed11:1 s7e1-8f514c28:1 s2e1-af2273d3:1 s6e1-8f8da0bb:1 s8e1-a8b174a6:1
1786286947.407916 s1e1-a4bf772d:1 s4e1-ae17eac1:1 s3e1-99a97e3b:1 s5e1-9758ed11:1 s7e1-8f514c28:1 s2e1-af2273d3:1 s6e1-8f8da0bb:1 s8e1-a8b174a6:1
1786286947.429102 s1e1-a4bf772d:1 s4e1-ae17eac1:1 s3e1-99a97e3b:1 s5e1-9758ed11:1 s7e1-8f514c28:1 s2e1-af2273d3:1 s6e1-8f8da0bb:1 s8e1-a8b174a6:1
1786286947.450262 s1e1-a4bf772d:1 s4e1-ae17eac1:1 s3e1-99a97e3b:1 s5e1-9758ed11:1 s7e1-8f514c28:1 s2e1-af2273d3:1 s6e1-8f8da0bb:1 s8e1-a8b174a6:1
1786286947.471426 s1e1-a4bf772d:1 s4e1-ae17eac1:1 s3e1-99a97e3b:1 s5e1-9758ed11:1 s7e1-8f514c28:1 s2e1-af2273d3:1 s6e1-8f8da0bb:1 s8e1-a8b174a6:1
1786286947.492582 s1e1-a4bf772d:1 s4e1-ae17eac1:1 s3e1-99a97e3b:1 s5e1-9758ed11:1 s7e1-8f514c28:1 s2e1-af2273d3:1 s6e1-8f8da0bb:1 s8e1-a8b174a6:1
1786286947.513704 s1e1-a4bf772d:1 s4e1-ae17eac1:1 s3e1-99a97e3b:1 s5e1-9758ed11:1 s7e1-8f514c28:1 s2e1-af2273d3:1 s6e1-8f8da0bb:1 s8e1-a8b174a6:1
1786286947.534823 s1e1-a4bf772d:1 s4e1-ae17eac1:1 s3e1-99a97e3b:1 s5e1-9758ed11:1 s7e1-8f514c28:1 s2e1-af2273d3:1 s6e1-8f8da0bb:1 s8e1-a8b174a6:1
1786286947.556006 s1e1-a4bf772d:1 s4e1-ae17eac1:1 s3e1-99a97e3b:1 s5e1-9758ed11:1 s7e1-8f514c28:1 s2e1-af2273d3:1 s6e1-8f8da0bb:1 s8e1-a8b174a6:1
1786286947.577229 s1e1-a4bf772d:1 s4e1-ae17eac1:1 s3e1-99a97e3b:1 s5e1-9758ed11:1 s7e1-8f514c28:1 s2e1-af2273d3:1 s6e1-8f8da0bb:1 s8e1-a8b174a6:1
1786286947.598330 s1e1-a4bf772d:1 s4e1-ae17eac1:1 s3e1-99a97e3b:1 s5e1-9758ed11:1 s7e1-8f514c28:1 s2e1-af2273d3:1 s6e1-8f8da0bb:1 s8e1-a8b174a6:1
1786286947.619473 s1e1-a4bf772d:1 s4e1-ae17eac1:1 s3e1-99a97e3b:1 s5e1-9758ed11:1 s7e1-8f514c28:1 s2e1-af2273d3:1 s6e1-8f8da0bb:1 s8e1-a8b174a6:1
1786286947.640661 s1e1-a4bf772d:1 s4e1-ae17eac1:1 s3e1-99a97e3b:1 s5e1-9758ed11:1 s7e1-8f514c28:1 s2e1-af2273d3:1 s6e1-8f8da0bb:1 s8e1-a8b174a6:1
1786286947.661871 s1e1-a4bf772d:1 s4e1-ae17eac1:1 s3e1-99a97e3b:1 s5e1-9758ed11:1 s7e1-8f514c28:1 s2e1-af2273d3:1 s6e1-8f8da0bb:1 s8e1-a8b174a6:1
1786286947.682989 s1e1-a4bf772d:1 s4e1-ae17eac1:1 s3e1-99a97e3b:1 s5e1-9758ed11:1 s7e1-8f514c28:1 s2e1-af2273d3:1 s6e1-8f8da0bb:1 s8e1-a8b174a6:1
1786286947.704097 s1e1-a4bf772d:1 s4e1-ae17eac1:1 s3e1-99a97e3b:1 s5e1-9758ed11:1 s7e1-8f514c28:1 s2e1-af2273d3:1 s6e1-8f8da0bb:1 s8e1-a8b174a6:1
1786286947.725223 s1e1-a4bf772d:1 s4e1-ae17eac1:1 s3e1-99a97e3b:1 s5e1-9758ed11:1 s7e1-8f514c28:1 s2e1-af2273d3:1 s6e1-8f8da0bb:1 s8e1-a8b174a6:1
1786286947.746435 s1e1-a4bf772d:1 s4e1-ae17eac1:1 s3e1-99a97e3b:1 s5e1-9758ed11:1 s7e1-8f514c28:1 s2e1-af2273d3:1 s6e1-8f8da0bb:1 s8e1-a8b174a6:1
1786286947.767581 s1e1-a4bf772d:1 s4e1-ae17eac1:1 s3e1-99a97e3b:1 s5e1-9758ed11:1 s7e1-8f514c28:1 s2e1-af2273d3:1 s6e1-8f8da0bb:1 s8e1-a8b174a6:1
1786286947.788784 s1e1-a4bf772d:1 s4e1-ae17eac1:1 s3e1-99a97e3b:1 s5e1-9758ed11:1 s7e1-8f514c28:1 s2e1-af2273d3:1 s6e1-8f8da0bb:1 s8e1-a8b174a6:1
1786286947.809946 s1e1-a4bf772d:1 s4e1-ae17eac1:1 s3e1-99a97e3b:1 s5e1-9758ed11:1 s7e1-8f514c28:1 s2e1-af2273d3:1 s6e1-8f8da0bb:1 s8e1-a8b174a6:1
1786286947.831159 s4e1-ae17eac1:1 s3e1-99a97e3b:1 s5e1-9758ed11:1 s7e1-8f514c28:1 s2e1-af2273d3:1 s6e1-8f8da0bb:1 s8e1-a8b174a6:1
1786286947.852492 s4e1-ae17eac1:1 s3e1-99a97e3b:1 s5e1-9758ed11:1 s7e1-8f514c28:1 s2e1-af2273d3:1 s6e1-8f8da0bb:1 s8e1-a8b174a6:1
1786286947.873952 s4e1-ae17eac1:1 s3e1-99a97e3b:1 s5e1-9758ed11:1 s7e1-8f514c28:1 s2e1-af2273d3:1 s6e1-8f8da0bb:1 s8e1-a8b174a6:1
1786286947.895530 s3e1-99a97e3b:1 s5e1-9758ed11:1 s7e1-8f514c28:1 s2e1-af2273d3:1 s6e1-8f8da0bb:1 s8e1-a8b174a6:1
1786286949.036405 s7e1-8f514c28:53E
1786286949.093657 s7e1-8f514c28:1 s1e1-a4bf772d:53E s4e1-ae17eac1:53E s3e1-99a97e3b:53E s5e1-9758ed11:53E s2e1-af2273d3:53E s6e1-8f8da0bb:53E s8e1-a8b174a6:53E
1786286949.149136 s7e1-8f514c28:1 s1e1-a4bf772d:1 s4e1-ae17eac1:1 s3e1-99a97e3b:1 s5e1-9758ed11:1 s2e1-af2273d3:1 s6e1-8f8da0bb:1 s8e1-a8b174a6:1
1786286949.238682 s7e1-8f514c28:1 s1e1-a4bf772d:1 s4e1-ae17eac1:1 s3e1-99a97e3b:1 s5e1-9758ed11:1 s2e1-af2273d3:1 s6e1-8f8da0bb:1 s8e1-a8b174a6:1
1786286949.259449 s7e1-8f514c28:1 s1e1-a4bf772d:1 s4e1-ae17eac1:1 s3e1-99a97e3b:1 s5e1-9758ed11:1 s2e1-af2273d3:1 s6e1-8f8da0bb:1 s8e1-a8b174a6:1
1786286949.280452 s7e1-8f514c28:1 s1e1-a4bf772d:1 s4e1-ae17eac1:1 s3e1-99a97e3b:1 s5e1-9758ed11:1 s2e1-af2273d3:1 s6e1-8f8da0bb:1 s8e1-a8b174a6:1
1786286949.301513 s7e1-8f514c28:1 s1e1-a4bf772d:1 s4e1-ae17eac1:1 s3e1-99a97e3b:1 s5e1-9758ed11:1 s2e1-af2273d3:1 s6e1-8f8da0bb:1 s8e1-a8b174a6:1
1786286949.322637 s7e1-8f514c28:1 s1e1-a4bf772d:1 s4e1-ae17eac1:1 s3e1-99a97e3b:1 s5e1-9758ed11:1 s2e1-af2273d3:1 s6e1-8f8da0bb:1 s8e1-a8b174a6:1
1786286949.343797 s7e1-8f514c28:1 s1e1-a4bf772d:1 s4e1-ae17eac1:1 s3e1-99a97e3b:1 s5e1-9758ed11:1 s2e1-af2273d3:1 s6e1-8f8da0bb:1 s8e1-a8b174a6:1
1786286949.364957 s7e1-8f514c28:1 s1e1-a4bf772d:1 s4e1-ae17eac1:1 s3e1-99a97e3b:1 s5e1-9758ed11:1 s2e1-af2273d3:1 s6e1-8f8da0bb:1 s8e1-a8b174a6:1
1786286949.386073 s7e1-8f514c28:1 s1e1-a4bf772d:1 s4e1-ae17eac1:1 s3e1-99a97e3b:1 s5e1-9758ed11:1 s2e1-af2273d3:1 s6e1-8f8da0bb:1 s8e1-a8b174a6:1
1786286949.407249 s7e1-8f514c28:1 s1e1-a4bf772d:1 s4e1-ae17eac1:1 s3e1-99a97e3b:1 s5e1-9758ed11:1 s2e1-af2273d3:1 s6e1-8f8da0bb:1 s8e1-a8b174a6:1
1786286949.428405 s7e1-8f514c28:1 s1e1-a4bf772d:1 s4e1-ae17eac1:1 s3e1-99a97e3b:1 s5e1-9758ed11:1 s2e1-af2273d3:1 s6e1-8f8da0bb:1 s8e1-a8b174a6:1
1786286949.449587 s7e1-8f514c28:1 s1e1-a4bf772d:1 s4e1-ae17eac1:1 s3e1-99a97e3b:1 s5e1-9758ed11:1 s2e1-af2273d3:1 s6e1-8f8da0bb:1 s8e1-a8b174a6:1
1786286949.470732 s7e1-8f514c28:1 s1e1-a4bf772d:1 s4e1-ae17eac1:1 s3e1-99a97e3b:1 s5e1-9758ed11:1 s2e1-af2273d3:1 s6e1-8f8da0bb:1 s8e1-a8b174a6:1
1786286949.491884 s7e1-8f514c28:1 s1e1-a4bf772d:1 s4e1-ae17eac1:1 s3e1-99a97e3b:1 s5e1-9758ed11:1 s2e1-af2273d3:1 s6e1-8f8da0bb:1 s8e1-a8b174a6:1
1786286949.513128 s7e1-8f514c28:1 s1e1-a4bf772d:1 s4e1-ae17eac1:1 s3e1-99a97e3b:1 s5e1-9758ed11:1 s2e1-af2273d3:1 s6e1-8f8da0bb:1 s8e1-a8b174a6:1
1786286949.534307 s7e1-8f514c28:1 s1e1-a4bf772d:1 s4e1-ae17eac1:1 s3e1-99a97e3b:1 s5e1-9758ed11:1 s2e1-af2273d3:1 s6e1-8f8da0bb:1 s8e1-a8b174a6:1
1786286949.555399 s7e1-8f514c28:1 s1e1-a4bf772d:1 s4e1-ae17eac1:1 s3e1-99a97e3b:1 s5e1-9758ed11:1 s2e1-af2273d3:1 s6e1-8f8da0bb:1 s8e1-a8b174a6:1
1786286949.576486 s7e1-8f514c28:1 s1e1-a4bf772d:1 s4e1-ae17eac1:1 s3e1-99a97e3b:1 s5e1-9758ed11:1 s2e1-af2273d3:1 s6e1-8f8da0bb:1 s8e1-a8b174a6:1
1786286949.597652 s7e1-8f514c28:1 s1e1-a4bf772d:1 s4e1-ae17eac1:1 s3e1-99a97e3b:1 s5e1-9758ed11:1 s2e1-af2273d3:1 s6e1-8f8da0bb:1 s8e1-a8b174a6:1
1786286949.618794 s7e1-8f514c28:1 s1e1-a4bf772d:1 s4e1-ae17eac1:1 s3e1-99a97e3b:1 s5e1-9758ed11:1 s2e1-af2273d3:1 s6e1-8f8da0bb:1 s8e1-a8b174a6:1
1786286949.640001 s7e1-8f514c28:1 s1e1-a4bf772d:1 s4e1-ae17eac1:1 s3e1-99a97e3b:1 s5e1-9758ed11:1 s2e1-af2273d3:1 s6e1-8f8da0bb:1 s8e1-a8b174a6:1
1786286949.661161 s7e1-8f514c28:1 s1e1-a4bf772d:1 s4e1-ae17eac1:1 s3e1-99a97e3b:1 s5e1-9758ed11:1 s2e1-af2273d3:1 s6e1-8f8da0bb:1 s8e1-a8b174a6:1
1786286949.682273 s7e1-8f514c28:1 s1e1-a4bf772d:1 s4e1-ae17eac1:1 s3e1-99a97e3b:1 s5e1-9758ed11:1 s2e1-af2273d3:1 s6e1-8f8da0bb:1 s8e1-a8b174a6:1
1786286949.703481 s7e1-8f514c28:1 s1e1-a4bf772d:1 s4e1-ae17eac1:1 s3e1-99a97e3b:1 s5e1-9758ed11:1 s2e1-af2273d3:1 s6e1-8f8da0bb:1 s8e1-a8b174a6:1
1786286949.724672 s7e1-8f514c28:1 s1e1-a4bf772d:1 s4e1-ae17eac1:1 s3e1-99a97e3b:1 s5e1-9758ed11:1 s2e1-af2273d3:1 s6e1-8f8da0bb:1 s8e1-a8b174a6:1
1786286949.745853 s7e1-8f514c28:1 s1e1-a4bf772d:1 s4e1-ae17eac1:1 s3e1-99a97e3b:1 s5e1-9758ed11:1 s2e1-af2273d3:1 s6e1-8f8da0bb:1 s8e1-a8b174a6:1
1786286949.767025 s7e1-8f514c28:1 s1e1-a4bf772d:1 s4e1-ae17eac1:1 s3e1-99a97e3b:1 s5e1-9758ed11:1 s2e1-af2273d3:1 s6e1-8f8da0bb:1 s8e1-a8b174a6:1
1786286949.788182 s7e1-8f514c28:1 s1e1-a4bf772d:1 s4e1-ae17eac1:1 s3e1-99a97e3b:1 s5e1-9758ed11:1 s2e1-af2273d3:1 s6e1-8f8da0bb:1 s8e1-a8b174a6:1
1786286949.809356 s7e1-8f514c28:1 s1e1-a4bf772d:1 s4e1-ae17eac1:1 s3e1-99a97e3b:1 s5e1-9758ed11:1 s2e1-af2273d3:1 s6e1-8f8da0bb:1 s8e1-a8b174a6:1
1786286949.830570 s7e1-8f514c28:1 s1e1-a4bf772d:1 s4e1-ae17eac1:1 s3e1-99a97e3b:1 s5e1-9758ed11:1 s2e1-af2273d3:1 s6e1-8f8da0bb:1 s8e1-a8b174a6:1
1786286949.851807 s7e1-8f514c28:1 s1e1-a4bf772d:1 s4e1-ae17eac1:1 s3e1-99a97e3b:1 s5e1-9758ed11:1 s2e1-af2273d3:1 s6e1-8f8da0bb:1 s8e1-a8b174a6:1
1786286949.873045 s1e1-a4bf772d:1 s4e1-ae17eac1:1 s3e1-99a97e3b:1 s5e1-9758ed11:1 s2e1-af2273d3:1 s6e1-8f8da0bb:1 s8e1-a8b174a6:1
1786286950.985237 s3e1-99a97e3b:53E
1786286951.042448 s3e1-99a97e3b:1 s1e1-a4bf772d:53E s4e1-ae17eac1:53E s5e1-9758ed11:53E s6e1-8f8da0bb:53E
1786286951.094631 s3e1-99a97e3b:1 s1e1-a4bf772d:1 s4e1-ae17eac1:1 s5e1-9758ed11:1 s6e1-8f8da0bb:1 s7e1-8f514c28:53E s2e1-af2273d3:53E s8e1-a8b174a6:53E
1786286951.176749 s3e1-99a97e3b:1 s1e1-a4bf772d:1 s4e1-ae17eac1:1 s5e1-9758ed11:1 s6e1-8f8da0bb:1 s7e1-8f514c28:1 s2e1-af2273d3:1 s8e1-a8b174a6:1
1786286951.218956 s3e1-99a97e3b:1 s1e1-a4bf772d:1 s4e1-ae17eac1:1 s5e1-9758ed11:1 s6e1-8f8da0bb:1 s7e1-8f514c28:1 s2e1-af2273d3:1 s8e1-a8b174a6:1
1786286951.240122 s3e1-99a97e3b:1 s1e1-a4bf772d:1 s4e1-ae17eac1:1 s5e1-9758ed11:1 s6e1-8f8da0bb:1 s7e1-8f514c28:1 s2e1-af2273d3:1 s8e1-a8b174a6:1
1786286951.261255 s3e1-99a97e3b:1 s1e1-a4bf772d:1 s4e1-ae17eac1:1 s5e1-9758ed11:1 s6e1-8f8da0bb:1 s7e1-8f514c28:1 s2e1-af2273d3:1 s8e1-a8b174a6:1
1786286951.282481 s3e1-99a97e3b:1 s1e1-a4bf772d:1 s4e1-ae17eac1:1 s5e1-9758ed11:1 s6e1-8f8da0bb:1 s7e1-8f514c28:1 s2e1-af2273d3:1 s8e1-a8b174a6:1
1786286951.303732 s3e1-99a97e3b:1 s1e1-a4bf772d:1 s4e1-ae17eac1:1 s5e1-9758ed11:1 s6e1-8f8da0bb:1 s7e1-8f514c28:1 s2e1-af2273d3:1 s8e1-a8b174a6:1
1786286951.325070 s3e1-99a97e3b:1 s1e1-a4bf772d:1 s4e1-ae17eac1:1 s5e1-9758ed11:1 s6e1-8f8da0bb:1 s7e1-8f514c28:1 s2e1-af2273d3:1 s8e1-a8b174a6:1
1786286951.346355 s3e1-99a97e3b:1 s1e1-a4bf772d:1 s4e1-ae17eac1:1 s5e1-9758ed11:1 s6e1-8f8da0bb:1 s7e1-8f514c28:1 s2e1-af2273d3:1 s8e1-a8b174a6:1
1786286951.367719 s3e1-99a97e3b:1 s1e1-a4bf772d:1 s4e1-ae17eac1:1 s5e1-9758ed11:1 s6e1-8f8da0bb:1 s7e1-8f514c28:1 s2e1-af2273d3:1 s8e1-a8b174a6:1
1786286951.389073 s3e1-99a97e3b:1 s1e1-a4bf772d:1 s4e1-ae17eac1:1 s5e1-9758ed11:1 s6e1-8f8da0bb:1 s7e1-8f514c28:1 s2e1-af2273d3:1 s8e1-a8b174a6:1
1786286951.410306 s3e1-99a97e3b:1 s1e1-a4bf772d:1 s4e1-ae17eac1:1 s5e1-9758ed11:1 s6e1-8f8da0bb:1 s7e1-8f514c28:1 s2e1-af2273d3:1 s8e1-a8b174a6:1
1786286951.431550 s3e1-99a97e3b:1 s1e1-a4bf772d:1 s4e1-ae17eac1:1 s5e1-9758ed11:1 s6e1-8f8da0bb:1 s7e1-8f514c28:1 s2e1-af2273d3:1 s8e1-a8b174a6:1
1786286951.452835 s3e1-99a97e3b:1 s1e1-a4bf772d:1 s4e1-ae17eac1:1 s5e1-9758ed11:1 s6e1-8f8da0bb:1 s7e1-8f514c28:1 s2e1-af2273d3:1 s8e1-a8b174a6:1
1786286951.474127 s3e1-99a97e3b:1 s1e1-a4bf772d:1 s4e1-ae17eac1:1 s5e1-9758ed11:1 s6e1-8f8da0bb:1 s7e1-8f514c28:1 s2e1-af2273d3:1 s8e1-a8b174a6:1
1786286951.495456 s3e1-99a97e3b:1 s1e1-a4bf772d:1 s4e1-ae17eac1:1 s5e1-9758ed11:1 s6e1-8f8da0bb:1 s7e1-8f514c28:1 s2e1-af2273d3:1 s8e1-a8b174a6:1
1786286951.516714 s3e1-99a97e3b:1 s1e1-a4bf772d:1 s4e1-ae17eac1:1 s5e1-9758ed11:1 s6e1-8f8da0bb:1 s7e1-8f514c28:1 s2e1-af2273d3:1 s8e1-a8b174a6:1
1786286951.538009 s3e1-99a97e3b:1 s1e1-a4bf772d:1 s4e1-ae17eac1:1 s5e1-9758ed11:1 s6e1-8f8da0bb:1 s7e1-8f514c28:1 s2e1-af2273d3:1 s8e1-a8b174a6:1
1786286951.559336 s3e1-99a97e3b:1 s1e1-a4bf772d:1 s4e1-ae17eac1:1 s5e1-9758ed11:1 s6e1-8f8da0bb:1 s7e1-8f514c28:1 s2e1-af2273d3:1 s8e1-a8b174a6:1
1786286951.580640 s3e1-99a97e3b:1 s1e1-a4bf772d:1 s4e1-ae17eac1:1 s5e1-9758ed11:1 s6e1-8f8da0bb:1 s7e1-8f514c28:1 s2e1-af2273d3:1 s8e1-a8b174a6:1
1786286951.602100 s3e1-99a97e3b:1 s1e1-a4bf772d:1 s4e1-ae17eac1:1 s5e1-9758ed11:1 s6e1-8f8da0bb:1 s7e1-8f514c28:1 s2e1-af2273d3:1 s8e1-a8b174a6:1
1786286951.623242 s3e1-99a97e3b:1 s1e1-a4bf772d:1 s4e1-ae17eac1:1 s5e1-9758ed11:1 s6e1-8f8da0bb:1 s7e1-8f514c28:1 s2e1-af2273d3:1 s8e1-a8b174a6:1
1786286951.644589 s3e1-99a97e3b:1 s1e1-a4bf772d:1 s4e1-ae17eac1:1 s5e1-9758ed11:1 s6e1-8f8da0bb:1 s7e1-8f514c28:1 s2e1-af2273d3:1 s8e1-a8b174a6:1
1786286951.665868 s3e1-99a97e3b:1 s1e1-a4bf772d:1 s4e1-ae17eac1:1 s5e1-9758ed11:1 s6e1-8f8da0bb:1 s7e1-8f514c28:1 s2e1-af2273d3:1 s8e1-a8b174a6:1
1786286951.687183 s3e1-99a97e3b:1 s1e1-a4bf772d:1 s4e1-ae17eac1:1 s5e1-9758ed11:1 s6e1-8f8da0bb:1 s7e1-8f514c28:1 s2e1-af2273d3:1 s8e1-a8b174a6:1
1786286951.708598 s3e1-99a97e3b:1 s1e1-a4bf772d:1 s4e1-ae17eac1:1 s5e1-9758ed11:1 s6e1-8f8da0bb:1 s7e1-8f514c28:1 s2e1-af2273d3:1 s8e1-a8b174a6:1
1786286951.729939 s3e1-99a97e3b:1 s1e1-a4bf772d:1 s4e1-ae17eac1:1 s5e1-9758ed11:1 s6e1-8f8da0bb:1 s7e1-8f514c28:1 s2e1-af2273d3:1 s8e1-a8b174a6:1
1786286951.751242 s3e1-99a97e3b:1 s1e1-a4bf772d:1 s4e1-ae17eac1:1 s5e1-9758ed11:1 s6e1-8f8da0bb:1 s7e1-8f514c28:1 s2e1-af2273d3:1 s8e1-a8b174a6:1
1786286951.772615 s3e1-99a97e3b:1 s1e1-a4bf772d:1 s4e1-ae17eac1:1 s5e1-9758ed11:1 s6e1-8f8da0bb:1 s7e1-8f514c28:1 s2e1-af2273d3:1 s8e1-a8b174a6:1
1786286951.794106 s3e1-99a97e3b:1 s1e1-a4bf772d:1 s4e1-ae17eac1:1 s5e1-9758ed11:1 s6e1-8f8da0bb:1 s7e1-8f514c28:1 s2e1-af2273d3:1 s8e1-a8b174a6:1
1786286951.815589 s3e1-99a97e3b:1 s1e1-a4bf772d:1 s4e1-ae17eac1:1 s5e1-9758ed11:1 s6e1-8f8da0bb:1 s7e1-8f514c28:1 s2e1-af2273d3:1 s8e1-a8b174a6:1
1786286951.837090 s1e1-a4bf772d:1 s4e1-ae17eac1:1 s5e1-9758ed11:1 s6e1-8f8da0bb:1 s7e1-8f514c28:1 s2e1-af2273d3:1 s8e1-a8b174a6:1
1786286951.858683 s7e1-8f514c28:1 s2e1-af2273d3:1 s8e1-a8b174a6:1
1786286952.986300 s3e1-99a97e3b:53E
1786286953.039495 s3e1-99a97e3b:1 s1e1-a4bf772d:53E s4e1-ae17eac1:53E s5e1-9758ed11:53E
1786286953.087588 s3e1-99a97e3b:1 s1e1-a4bf772d:1 s4e1-ae17eac1:1 s5e1-9758ed11:1 s6e1-8f8da0bb:53E s7e1-8f514c28:53E s2e1-af2273d3:53E s8e1-a8b174a6:53E
1786286953.161545 s3e1-99a97e3b:1 s1e1-a4bf772d:1 s4e1-ae17eac1:1 s5e1-9758ed11:1 s6e1-8f8da0bb:1 s7e1-8f514c28:1 s2e1-af2273d3:1 s8e1-a8b174a6:1
1786286953.211653 s3e1-99a97e3b:1 s1e1-a4bf772d:1 s4e1-ae17eac1:1 s5e1-9758ed11:1 s6e1-8f8da0bb:1 s7e1-8f514c28:1 s2e1-af2273d3:1 s8e1-a8b174a6:1
1786286953.232874 s3e1-99a97e3b:1 s1e1-a4bf772d:1 s4e1-ae17eac1:1 s5e1-9758ed11:1 s6e1-8f8da0bb:1 s7e1-8f514c28:1 s2e1-af2273d3:1 s8e1-a8b174a6:1
1786286953.254248 s3e1-99a97e3b:1 s1e1-a4bf772d:1 s4e1-ae17eac1:1 s5e1-9758ed11:1 s6e1-8f8da0bb:1 s7e1-8f514c28:1 s2e1-af2273d3:1 s8e1-a8b174a6:1
1786286953.275658 s3e1-99a97e3b:1 s1e1-a4bf772d:1 s4e1-ae17eac1:1 s5e1-9758ed11:1 s6e1-8f8da0bb:1 s7e1-8f514c28:1 s2e1-af2273d3:1 s8e1-a8b174a6:1
1786286953.297053 s3e1-99a97e3b:1 s1e1-a4bf772d:1 s4e1-ae17eac1:1 s5e1-9758ed11:1 s6e1-8f8da0bb:1 s7e1-8f514c28:1 s2e1-af2273d3:1 s8e1-a8b174a6:1
1786286953.318498 s3e1-99a97e3b:1 s1e1-a4bf772d:1 s4e1-ae17eac1:1 s5e1-9758ed11:1 s6e1-8f8da0bb:1 s7e1-8f514c28:1 s2e1-af2273d3:1 s8e1-a8b174a6:1
1786286953.339952 s3e1-99a97e3b:1 s1e1-a4bf772d:1 s4e1-ae17eac1:1 s5e1-9758ed11:1 s6e1-8f8da0bb:1 s7e1-8f514c28:1 s2e1-af2273d3:1 s8e1-a8b174a6:1
1786286953.361387 s3e1-99a97e3b:1 s1e1-a4bf772d:1 s4e1-ae17eac1:1 s5e1-9758ed11:1 s6e1-8f8da0bb:1 s7e1-8f514c28:1 s2e1-af2273d3:1 s8e1-a8b174a6:1
1786286953.382870 s3e1-99a97e3b:1 s1e1-a4bf772d:1 s4e1-ae17eac1:1 s5e1-9758ed11:1 s6e1-8f8da0bb:1 s7e1-8f514c28:1 s2e1-af2273d3:1 s8e1-a8b174a6:1
1786286953.404302 s3e1-99a97e3b:1 s1e1-a4bf772d:1 s4e1-ae17eac1:1 s5e1-9758ed11:1 s6e1-8f8da0bb:1 s7e1-8f514c28:1 s2e1-af2273d3:1 s8e1-a8b174a6:1
1786286953.425756 s3e1-99a97e3b:1 s1e1-a4bf772d:1 s4e1-ae17eac1:1 s5e1-9758ed11:1 s6e1-8f8da0bb:1 s7e1-8f514c28:1 s2e1-af2273d3:1 s8e1-a8b174a6:1
1786286953.447204 s3e1-99a97e3b:1 s1e1-a4bf772d:1 s4e1-ae17eac1:1 s5e1-9758ed11:1 s6e1-8f8da0bb:1 s7e1-8f514c28:1 s2e1-af2273d3:1 s8e1-a8b174a6:1
1786286953.468653 s3e1-99a97e3b:1 s1e1-a4bf772d:1 s4e1-ae17eac1:1 s5e1-9758ed11:1 s6e1-8f8da0bb:1 s7e1-8f514c28:1 s2e1-af2273d3:1 s8e1-a8b174a6:1
1786286953.490108 s3e1-99a97e3b:1 s1e1-a4bf772d:1 s4e1-ae17eac1:1 s5e1-9758ed11:1 s6e1-8f8da0bb:1 s7e1-8f514c28:1 s2e1-af2273d3:1 s8e1-a8b174a6:1
1786286953.511575 s3e1-99a97e3b:1 s1e1-a4bf772d:1 s4e1-ae17eac1:1 s5e1-9758ed11:1 s6e1-8f8da0bb:1 s7e1-8f514c28:1 s2e1-af2273d3:1 s8e1-a8b174a6:1
1786286953.533045 s3e1-99a97e3b:1 s1e1-a4bf772d:1 s4e1-ae17eac1:1 s5e1-9758ed11:1 s6e1-8f8da0bb:1 s7e1-8f514c28:1 s2e1-af2273d3:1 s8e1-a8b174a6:1
1786286953.554468 s3e1-99a97e3b:1 s1e1-a4bf772d:1 s4e1-ae17eac1:1 s5e1-9758ed11:1 s6e1-8f8da0bb:1 s7e1-8f514c28:1 s2e1-af2273d3:1 s8e1-a8b174a6:1
1786286953.575916 s3e1-99a97e3b:1 s1e1-a4bf772d:1 s4e1-ae17eac1:1 s5e1-9758ed11:1 s6e1-8f8da0bb:1 s7e1-8f514c28:1 s2e1-af2273d3:1 s8e1-a8b174a6:1
1786286953.597510 s3e1-99a97e3b:1 s1e1-a4bf772d:1 s4e1-ae17eac1:1 s5e1-9758ed11:1 s6e1-8f8da0bb:1 s7e1-8f514c28:1 s2e1-af2273d3:1 s8e1-a8b174a6:1
1786286953.618922 s3e1-99a97e3b:1 s1e1-a4bf772d:1 s4e1-ae17eac1:1 s5e1-9758ed11:1 s6e1-8f8da0bb:1 s7e1-8f514c28:1 s2e1-af2273d3:1 s8e1-a8b174a6:1
1786286953.640343 s3e1-99a97e3b:1 s1e1-a4bf772d:1 s4e1-ae17eac1:1 s5e1-9758ed11:1 s6e1-8f8da0bb:1 s7e1-8f514c28:1 s2e1-af2273d3:1 s8e1-a8b174a6:1
1786286953.661753 s3e1-99a97e3b:1 s1e1-a4bf772d:1 s4e1-ae17eac1:1 s5e1-9758ed11:1 s6e1-8f8da0bb:1 s7e1-8f514c28:1 s2e1-af2273d3:1 s8e1-a8b174a6:1
1786286953.683206 s3e1-99a97e3b:1 s1e1-a4bf772d:1 s4e1-ae17eac1:1 s5e1-9758ed11:1 s6e1-8f8da0bb:1 s7e1-8f514c28:1 s2e1-af2273d3:1 s8e1-a8b174a6:1
1786286953.704657 s3e1-99a97e3b:1 s1e1-a4bf772d:1 s4e1-ae17eac1:1 s5e1-9758ed11:1 s6e1-8f8da0bb:1 s7e1-8f514c28:1 s2e1-af2273d3:1 s8e1-a8b174a6:1
1786286953.726131 s3e1-99a97e3b:1 s1e1-a4bf772d:1 s4e1-ae17eac1:1 s5e1-9758ed11:1 s6e1-8f8da0bb:1 s7e1-8f514c28:1 s2e1-af2273d3:1 s8e1-a8b174a6:1
1786286953.747580 s3e1-99a97e3b:1 s1e1-a4bf772d:1 s4e1-ae17eac1:1 s5e1-9758ed11:1 s6e1-8f8da0bb:1 s7e1-8f514c28:1 s2e1-af2273d3:1 s8e1-a8b174a6:1
1786286953.769005 s3e1-99a97e3b:1 s1e1-a4bf772d:1 s4e1-ae17eac1:1 s5e1-9758ed11:1 s6e1-8f8da0bb:1 s7e1-8f514c28:1 s2e1-af2273d3:1 s8e1-a8b174a6:1
1786286953.790479 s3e1-99a97e3b:1 s1e1-a4bf772d:1 s4e1-ae17eac1:1 s5e1-9758ed11:1 s6e1-8f8da0bb:1 s7e1-8f514c28:1 s2e1-af2273d3:1 s8e1-a8b174a6:1
1786286953.811926 s3e1-99a97e3b:1 s1e1-a4bf772d:1 s4e1-ae17eac1:1 s5e1-9758ed11:1 s6e1-8f8da0bb:1 s7e1-8f514c28:1 s2e1-af2273d3:1 s8e1-a8b174a6:1
1786286953.833429 s1e1-a4bf772d:1 s4e1-ae17eac1:1 s5e1-9758ed11:1 s6e1-8f8da0bb:1 s7e1-8f514c28:1 s2e1-af2273d3:1 s8e1-a8b174a6:1
1786286953.855130 s6e1-8f8da0bb:1 s7e1-8f514c28:1 s2e1-af2273d3:1 s8e1-a8b174a6:1
1786286955.041100 s7e1-8f514c28:53E
1786286955.091622 s7e1-8f514c28:1 s3e1-99a97e3b:53E s1e1-a4bf772d:53E s4e1-ae17eac1:53E s5e1-9758ed11:53E s6e1-8f8da0bb:53E s2e1-af2273d3:53E s8e1-a8b174a6:53E
1786286955.152208 s7e1-8f514c28:1 s3e1-99a97e3b:1 s1e1-a4bf772d:1 s4e1-ae17eac1:1 s5e1-9758ed11:1 s6e1-8f8da0bb:1 s2e1-af2273d3:1 s8e1-a8b174a6:1
1786286955.242124 s7e1-8f514c28:1 s3e1-99a97e3b:1 s1e1-a4bf772d:1 s4e1-ae17eac1:1 s5e1-9758ed11:1 s6e1-8f8da0bb:1 s2e1-af2273d3:1 s8e1-a8b174a6:1
1786286955.263103 s7e1-8f514c28:1 s3e1-99a97e3b:1 s1e1-a4bf772d:1 s4e1-ae17eac1:1 s5e1-9758ed11:1 s6e1-8f8da0bb:1 s2e1-af2273d3:1 s8e1-a8b174a6:1
1786286955.284305 s7e1-8f514c28:1 s3e1-99a97e3b:1 s1e1-a4bf772d:1 s4e1-ae17eac1:1 s5e1-9758ed11:1 s6e1-8f8da0bb:1 s2e1-af2273d3:1 s8e1-a8b174a6:1
1786286955.305618 s7e1-8f514c28:1 s3e1-99a97e3b:1 s1e1-a4bf772d:1 s4e1-ae17eac1:1 s5e1-9758ed11:1 s6e1-8f8da0bb:1 s2e1-af2273d3:1 s8e1-a8b174a6:1
1786286955.326972 s7e1-8f514c28:1 s3e1-99a97e3b:1 s1e1-a4bf772d:1 s4e1-ae17eac1:1 s5e1-9758ed11:1 s6e1-8f8da0bb:1 s2e1-af2273d3:1 s8e1-a8b174a6:1
1786286955.348405 s7e1-8f514c28:1 s3e1-99a97e3b:1 s1e1-a4bf772d:1 s4e1-ae17eac1:1 s5e1-9758ed11:1 s6e1-8f8da0bb:1 s2e1-af2273d3:1 s8e1-a8b174a6:1
1786286955.369856 s7e1-8f514c28:1 s3e1-99a97e3b:1 s1e1-a4bf772d:1 s4e1-ae17eac1:1 s5e1-9758ed11:1 s6e1-8f8da0bb:1 s2e1-af2273d3:1 s8e1-a8b174a6:1
1786286955.391289 s7e1-8f514c28:1 s3e1-99a97e3b:1 s1e1-a4bf772d:1 s4e1-ae17eac1:1 s5e1-9758ed11:1 s6e1-8f8da0bb:1 s2e1-af2273d3:1 s8e1-a8b174a6:1
1786286955.412711 s7e1-8f514c28:1 s3e1-99a97e3b:1 s1e1-a4bf772d:1 s4e1-ae17eac1:1 s5e1-9758ed11:1 s6e1-8f8da0bb:1 s2e1-af2273d3:1 s8e1-a8b174a6:1
1786286955.434185 s7e1-8f514c28:1 s3e1-99a97e3b:1 s1e1-a4bf772d:1 s4e1-ae17eac1:1 s5e1-9758ed11:1 s6e1-8f8da0bb:1 s2e1-af2273d3:1 s8e1-a8b174a6:1
1786286955.455645 s7e1-8f514c28:1 s3e1-99a97e3b:1 s1e1-a4bf772d:1 s4e1-ae17eac1:1 s5e1-9758ed11:1 s6e1-8f8da0bb:1 s2e1-af2273d3:1 s8e1-a8b174a6:1
1786286955.477111 s7e1-8f514c28:1 s3e1-99a97e3b:1 s1e1-a4bf772d:1 s4e1-ae17eac1:1 s5e1-9758ed11:1 s6e1-8f8da0bb:1 s2e1-af2273d3:1 s8e1-a8b174a6:1
1786286955.498541 s7e1-8f514c28:1 s3e1-99a97e3b:1 s1e1-a4bf772d:1 s4e1-ae17eac1:1 s5e1-9758ed11:1 s6e1-8f8da0bb:1 s2e1-af2273d3:1 s8e1-a8b174a6:1
1786286955.520026 s7e1-8f514c28:1 s3e1-99a97e3b:1 s1e1-a4bf772d:1 s4e1-ae17eac1:1 s5e1-9758ed11:1 s6e1-8f8da0bb:1 s2e1-af2273d3:1 s8e1-a8b174a6:1
1786286955.541582 s7e1-8f514c28:1 s3e1-99a97e3b:1 s1e1-a4bf772d:1 s4e1-ae17eac1:1 s5e1-9758ed11:1 s6e1-8f8da0bb:1 s2e1-af2273d3:1 s8e1-a8b174a6:1
1786286955.563108 s7e1-8f514c28:1 s3e1-99a97e3b:1 s1e1-a4bf772d:1 s4e1-ae17eac1:1 s5e1-9758ed11:1 s6e1-8f8da0bb:1 s2e1-af2273d3:1 s8e1-a8b174a6:1
1786286955.584461 s7e1-8f514c28:1 s3e1-99a97e3b:1 s1e1-a4bf772d:1 s4e1-ae17eac1:1 s5e1-9758ed11:1 s6e1-8f8da0bb:1 s2e1-af2273d3:1 s8e1-a8b174a6:1
1786286955.605856 s7e1-8f514c28:1 s3e1-99a97e3b:1 s1e1-a4bf772d:1 s4e1-ae17eac1:1 s5e1-9758ed11:1 s6e1-8f8da0bb:1 s2e1-af2273d3:1 s8e1-a8b174a6:1
1786286955.627312 s7e1-8f514c28:1 s3e1-99a97e3b:1 s1e1-a4bf772d:1 s4e1-ae17eac1:1 s5e1-9758ed11:1 s6e1-8f8da0bb:1 s2e1-af2273d3:1 s8e1-a8b174a6:1
1786286955.648731 s7e1-8f514c28:1 s3e1-99a97e3b:1 s1e1-a4bf772d:1 s4e1-ae17eac1:1 s5e1-9758ed11:1 s6e1-8f8da0bb:1 s2e1-af2273d3:1 s8e1-a8b174a6:1
1786286955.670211 s7e1-8f514c28:1 s3e1-99a97e3b:1 s1e1-a4bf772d:1 s4e1-ae17eac1:1 s5e1-9758ed11:1 s6e1-8f8da0bb:1 s2e1-af2273d3:1 s8e1-a8b174a6:1
1786286955.691671 s7e1-8f514c28:1 s3e1-99a97e3b:1 s1e1-a4bf772d:1 s4e1-ae17eac1:1 s5e1-9758ed11:1 s6e1-8f8da0bb:1 s2e1-af2273d3:1 s8e1-a8b174a6:1
1786286955.713133 s7e1-8f514c28:1 s3e1-99a97e3b:1 s1e1-a4bf772d:1 s4e1-ae17eac1:1 s5e1-9758ed11:1 s6e1-8f8da0bb:1 s2e1-af2273d3:1 s8e1-a8b174a6:1
1786286955.734571 s7e1-8f514c28:1 s3e1-99a97e3b:1 s1e1-a4bf772d:1 s4e1-ae17eac1:1 s5e1-9758ed11:1 s6e1-8f8da0bb:1 s2e1-af2273d3:1 s8e1-a8b174a6:1
1786286955.756031 s7e1-8f514c28:1 s3e1-99a97e3b:1 s1e1-a4bf772d:1 s4e1-ae17eac1:1 s5e1-9758ed11:1 s6e1-8f8da0bb:1 s2e1-af2273d3:1 s8e1-a8b174a6:1
1786286955.777474 s7e1-8f514c28:1 s3e1-99a97e3b:1 s1e1-a4bf772d:1 s4e1-ae17eac1:1 s5e1-9758ed11:1 s6e1-8f8da0bb:1 s2e1-af2273d3:1 s8e1-a8b174a6:1
1786286955.798963 s7e1-8f514c28:1 s3e1-99a97e3b:1 s1e1-a4bf772d:1 s4e1-ae17eac1:1 s5e1-9758ed11:1 s6e1-8f8da0bb:1 s2e1-af2273d3:1 s8e1-a8b174a6:1
1786286955.820437 s7e1-8f514c28:1 s3e1-99a97e3b:1 s1e1-a4bf772d:1 s4e1-ae17eac1:1 s5e1-9758ed11:1 s6e1-8f8da0bb:1 s2e1-af2273d3:1 s8e1-a8b174a6:1
1786286955.841865 s7e1-8f514c28:1 s3e1-99a97e3b:1 s1e1-a4bf772d:1 s4e1-ae17eac1:1 s5e1-9758ed11:1 s6e1-8f8da0bb:1 s2e1-af2273d3:1 s8e1-a8b174a6:1
1786286955.863372 s7e1-8f514c28:1 s3e1-99a97e3b:1 s1e1-a4bf772d:1 s4e1-ae17eac1:1 s5e1-9758ed11:1 s6e1-8f8da0bb:1 s2e1-af2273d3:1 s8e1-a8b174a6:1
1786286955.884877 s3e1-99a97e3b:1 s1e1-a4bf772d:1 s4e1-ae17eac1:1 s5e1-9758ed11:1 s6e1-8f8da0bb:1 s2e1-af2273d3:1 s8e1-a8b174a6:1
1786286956.992232 s4e1-ae17eac1:53E
1786286957.044262 s4e1-ae17eac1:1 s2e1-af2273d3:53E
1786286957.107556 s4e1-ae17eac1:1 s2e1-af2273d3:1 s7e1-8f514c28:53E s3e1-99a97e3b:53E s1e1-a4bf772d:53E s5e1-9758ed11:53E s6e1-8f8da0bb:53E s8e1-a8b174a6:53E
1786286957.186097 s4e1-ae17eac1:1 s2e1-af2273d3:1 s7e1-8f514c28:1 s3e1-99a97e3b:1 s1e1-a4bf772d:1 s5e1-9758ed11:1 s6e1-8f8da0bb:1 s8e1-a8b174a6:1
1786286957.261662 s4e1-ae17eac1:1 s2e1-af2273d3:1 s7e1-8f514c28:1 s3e1-99a97e3b:1 s1e1-a4bf772d:1 s5e1-9758ed11:1 s6e1-8f8da0bb:1 s8e1-a8b174a6:1
1786286957.282689 s4e1-ae17eac1:1 s2e1-af2273d3:1 s7e1-8f514c28:1 s3e1-99a97e3b:1 s1e1-a4bf772d:1 s5e1-9758ed11:1 s6e1-8f8da0bb:1 s8e1-a8b174a6:1
1786286957.303896 s4e1-ae17eac1:1 s2e1-af2273d3:1 s7e1-8f514c28:1 s3e1-99a97e3b:1 s1e1-a4bf772d:1 s5e1-9758ed11:1 s6e1-8f8da0bb:1 s8e1-a8b174a6:1
1786286957.325306 s4e1-ae17eac1:1 s2e1-af2273d3:1 s7e1-8f514c28:1 s3e1-99a97e3b:1 s1e1-a4bf772d:1 s5e1-9758ed11:1 s6e1-8f8da0bb:1 s8e1-a8b174a6:1
1786286957.346760 s4e1-ae17eac1:1 s2e1-af2273d3:1 s7e1-8f514c28:1 s3e1-99a97e3b:1 s1e1-a4bf772d:1 s5e1-9758ed11:1 s6e1-8f8da0bb:1 s8e1-a8b174a6:1
1786286957.368235 s4e1-ae17eac1:1 s2e1-af2273d3:1 s7e1-8f514c28:1 s3e1-99a97e3b:1 s1e1-a4bf772d:1 s5e1-9758ed11:1 s6e1-8f8da0bb:1 s8e1-a8b174a6:1
1786286957.389574 s4e1-ae17eac1:1 s2e1-af2273d3:1 s7e1-8f514c28:1 s3e1-99a97e3b:1 s1e1-a4bf772d:1 s5e1-9758ed11:1 s6e1-8f8da0bb:1 s8e1-a8b174a6:1
1786286957.411065 s4e1-ae17eac1:1 s2e1-af2273d3:1 s7e1-8f514c28:1 s3e1-99a97e3b:1 s1e1-a4bf772d:1 s5e1-9758ed11:1 s6e1-8f8da0bb:1 s8e1-a8b174a6:1
1786286957.432625 s4e1-ae17eac1:1 s2e1-af2273d3:1 s7e1-8f514c28:1 s3e1-99a97e3b:1 s1e1-a4bf772d:1 s5e1-9758ed11:1 s6e1-8f8da0bb:1 s8e1-a8b174a6:1
1786286957.454096 s4e1-ae17eac1:1 s2e1-af2273d3:1 s7e1-8f514c28:1 s3e1-99a97e3b:1 s1e1-a4bf772d:1 s5e1-9758ed11:1 s6e1-8f8da0bb:1 s8e1-a8b174a6:1
1786286957.475727 s4e1-ae17eac1:1 s2e1-af2273d3:1 s7e1-8f514c28:1 s3e1-99a97e3b:1 s1e1-a4bf772d:1 s5e1-9758ed11:1 s6e1-8f8da0bb:1 s8e1-a8b174a6:1
1786286957.497048 s4e1-ae17eac1:1 s2e1-af2273d3:1 s7e1-8f514c28:1 s3e1-99a97e3b:1 s1e1-a4bf772d:1 s5e1-9758ed11:1 s6e1-8f8da0bb:1 s8e1-a8b174a6:1
1786286957.518509 s4e1-ae17eac1:1 s2e1-af2273d3:1 s7e1-8f514c28:1 s3e1-99a97e3b:1 s1e1-a4bf772d:1 s5e1-9758ed11:1 s6e1-8f8da0bb:1 s8e1-a8b174a6:1
1786286957.540006 s4e1-ae17eac1:1 s2e1-af2273d3:1 s7e1-8f514c28:1 s3e1-99a97e3b:1 s1e1-a4bf772d:1 s5e1-9758ed11:1 s6e1-8f8da0bb:1 s8e1-a8b174a6:1
1786286957.561535 s4e1-ae17eac1:1 s2e1-af2273d3:1 s7e1-8f514c28:1 s3e1-99a97e3b:1 s1e1-a4bf772d:1 s5e1-9758ed11:1 s6e1-8f8da0bb:1 s8e1-a8b174a6:1
1786286957.583027 s4e1-ae17eac1:1 s2e1-af2273d3:1 s7e1-8f514c28:1 s3e1-99a97e3b:1 s1e1-a4bf772d:1 s5e1-9758ed11:1 s6e1-8f8da0bb:1 s8e1-a8b174a6:1
1786286957.604459 s4e1-ae17eac1:1 s2e1-af2273d3:1 s7e1-8f514c28:1 s3e1-99a97e3b:1 s1e1-a4bf772d:1 s5e1-9758ed11:1 s6e1-8f8da0bb:1 s8e1-a8b174a6:1
1786286957.625952 s4e1-ae17eac1:1 s2e1-af2273d3:1 s7e1-8f514c28:1 s3e1-99a97e3b:1 s1e1-a4bf772d:1 s5e1-9758ed11:1 s6e1-8f8da0bb:1 s8e1-a8b174a6:1
1786286957.647472 s4e1-ae17eac1:1 s2e1-af2273d3:1 s7e1-8f514c28:1 s3e1-99a97e3b:1 s1e1-a4bf772d:1 s5e1-9758ed11:1 s6e1-8f8da0bb:1 s8e1-a8b174a6:1
1786286957.668940 s4e1-ae17eac1:1 s2e1-af2273d3:1 s7e1-8f514c28:1 s3e1-99a97e3b:1 s1e1-a4bf772d:1 s5e1-9758ed11:1 s6e1-8f8da0bb:1 s8e1-a8b174a6:1
1786286957.690464 s4e1-ae17eac1:1 s2e1-af2273d3:1 s7e1-8f514c28:1 s3e1-99a97e3b:1 s1e1-a4bf772d:1 s5e1-9758ed11:1 s6e1-8f8da0bb:1 s8e1-a8b174a6:1
1786286957.711959 s4e1-ae17eac1:1 s2e1-af2273d3:1 s7e1-8f514c28:1 s3e1-99a97e3b:1 s1e1-a4bf772d:1 s5e1-9758ed11:1 s6e1-8f8da0bb:1 s8e1-a8b174a6:1
1786286957.733426 s4e1-ae17eac1:1 s2e1-af2273d3:1 s7e1-8f514c28:1 s3e1-99a97e3b:1 s1e1-a4bf772d:1 s5e1-9758ed11:1 s6e1-8f8da0bb:1 s8e1-a8b174a6:1
1786286957.754890 s4e1-ae17eac1:1 s2e1-af2273d3:1 s7e1-8f514c28:1 s3e1-99a97e3b:1 s1e1-a4bf772d:1 s5e1-9758ed11:1 s6e1-8f8da0bb:1 s8e1-a8b174a6:1
1786286957.776449 s4e1-ae17eac1:1 s2e1-af2273d3:1 s7e1-8f514c28:1 s3e1-99a97e3b:1 s1e1-a4bf772d:1 s5e1-9758ed11:1 s6e1-8f8da0bb:1 s8e1-a8b174a6:1
1786286957.797890 s4e1-ae17eac1:1 s2e1-af2273d3:1 s7e1-8f514c28:1 s3e1-99a97e3b:1 s1e1-a4bf772d:1 s5e1-9758ed11:1 s6e1-8f8da0bb:1 s8e1-a8b174a6:1
1786286957.819735 s4e1-ae17eac1:1 s2e1-af2273d3:1 s7e1-8f514c28:1 s3e1-99a97e3b:1 s1e1-a4bf772d:1 s5e1-9758ed11:1 s6e1-8f8da0bb:1 s8e1-a8b174a6:1
1786286957.840875 s4e1-ae17eac1:1 s2e1-af2273d3:1 s7e1-8f514c28:1 s3e1-99a97e3b:1 s1e1-a4bf772d:1 s5e1-9758ed11:1 s6e1-8f8da0bb:1 s8e1-a8b174a6:1
1786286957.862366 s4e1-ae17eac1:1 s2e1-af2273d3:1 s7e1-8f514c28:1 s3e1-99a97e3b:1 s1e1-a4bf772d:1 s5e1-9758ed11:1 s6e1-8f8da0bb:1 s8e1-a8b174a6:1
1786286957.884010 s2e1-af2273d3:1 s7e1-8f514c28:1 s3e1-99a97e3b:1 s1e1-a4bf772d:1 s5e1-9758ed11:1 s6e1-8f8da0bb:1 s8e1-a8b174a6:1
1786286957.905873 s7e1-8f514c28:1 s3e1-99a97e3b:1 s1e1-a4bf772d:1 s5e1-9758ed11:1 s6e1-8f8da0bb:1 s8e1-a8b174a6:1
1786286958.959889 s5e1-9758ed11:53E
1786286959.010541 s5e1-9758ed11:1 s7e1-8f514c28:53E
1786286959.061467 s5e1-9758ed11:1 s7e1-8f514c28:1 s2e1-af2273d3:53E s1e1-a4bf772d:53E
1786286959.105205 s5e1-9758ed11:1 s7e1-8f514c28:1 s2e1-af2273d3:1 s1e1-a4bf772d:1 s4e1-ae17eac1:53E s3e1-99a97e3b:53E s6e1-8f8da0bb:53E s8e1-a8b174a6:53E
1786286959.158864 s5e1-9758ed11:1 s7e1-8f514c28:1 s2e1-af2273d3:1 s1e1-a4bf772d:1 s4e1-ae17eac1:1 s3e1-99a97e3b:1 s6e1-8f8da0bb:1 s8e1-a8b174a6:1
1786286959.210044 s5e1-9758ed11:1 s7e1-8f514c28:1 s2e1-af2273d3:1 s1e1-a4bf772d:1 s4e1-ae17eac1:1 s3e1-99a97e3b:1 s6e1-8f8da0bb:1 s8e1-a8b174a6:1
1786286959.231293 s5e1-9758ed11:1 s7e1-8f514c28:1 s2e1-af2273d3:1 s1e1-a4bf772d:1 s4e1-ae17eac1:1 s3e1-99a97e3b:1 s6e1-8f8da0bb:1 s8e1-a8b174a6:1
1786286959.252688 s5e1-9758ed11:1 s7e1-8f514c28:1 s2e1-af2273d3:1 s1e1-a4bf772d:1 s4e1-ae17eac1:1 s3e1-99a97e3b:1 s6e1-8f8da0bb:1 s8e1-a8b174a6:1
1786286959.274101 s5e1-9758ed11:1 s7e1-8f514c28:1 s2e1-af2273d3:1 s1e1-a4bf772d:1 s4e1-ae17eac1:1 s3e1-99a97e3b:1 s6e1-8f8da0bb:1 s8e1-a8b174a6:1
1786286959.295547 s5e1-9758ed11:1 s7e1-8f514c28:1 s2e1-af2273d3:1 s1e1-a4bf772d:1 s4e1-ae17eac1:1 s3e1-99a97e3b:1 s6e1-8f8da0bb:1 s8e1-a8b174a6:1
1786286959.317136 s5e1-9758ed11:1 s7e1-8f514c28:1 s2e1-af2273d3:1 s1e1-a4bf772d:1 s4e1-ae17eac1:1 s3e1-99a97e3b:1 s6e1-8f8da0bb:1 s8e1-a8b174a6:1
1786286959.338508 s5e1-9758ed11:1 s7e1-8f514c28:1 s2e1-af2273d3:1 s1e1-a4bf772d:1 s4e1-ae17eac1:1 s3e1-99a97e3b:1 s6e1-8f8da0bb:1 s8e1-a8b174a6:1
1786286959.360013 s5e1-9758ed11:1 s7e1-8f514c28:1 s2e1-af2273d3:1 s1e1-a4bf772d:1 s4e1-ae17eac1:1 s3e1-99a97e3b:1 s6e1-8f8da0bb:1 s8e1-a8b174a6:1
1786286959.381506 s5e1-9758ed11:1 s7e1-8f514c28:1 s2e1-af2273d3:1 s1e1-a4bf772d:1 s4e1-ae17eac1:1 s3e1-99a97e3b:1 s6e1-8f8da0bb:1 s8e1-a8b174a6:1
1786286959.403008 s5e1-9758ed11:1 s7e1-8f514c28:1 s2e1-af2273d3:1 s1e1-a4bf772d:1 s4e1-ae17eac1:1 s3e1-99a97e3b:1 s6e1-8f8da0bb:1 s8e1-a8b174a6:1
1786286959.424476 s5e1-9758ed11:1 s7e1-8f514c28:1 s2e1-af2273d3:1 s1e1-a4bf772d:1 s4e1-ae17eac1:1 s3e1-99a97e3b:1 s6e1-8f8da0bb:1 s8e1-a8b174a6:1
1786286959.446004 s5e1-9758ed11:1 s7e1-8f514c28:1 s2e1-af2273d3:1 s1e1-a4bf772d:1 s4e1-ae17eac1:1 s3e1-99a97e3b:1 s6e1-8f8da0bb:1 s8e1-a8b174a6:1
1786286959.467482 s5e1-9758ed11:1 s7e1-8f514c28:1 s2e1-af2273d3:1 s1e1-a4bf772d:1 s4e1-ae17eac1:1 s3e1-99a97e3b:1 s6e1-8f8da0bb:1 s8e1-a8b174a6:1
1786286959.488979 s5e1-9758ed11:1 s7e1-8f514c28:1 s2e1-af2273d3:1 s1e1-a4bf772d:1 s4e1-ae17eac1:1 s3e1-99a97e3b:1 s6e1-8f8da0bb:1 s8e1-a8b174a6:1
1786286959.510482 s5e1-9758ed11:1 s7e1-8f514c28:1 s2e1-af2273d3:1 s1e1-a4bf772d:1 s4e1-ae17eac1:1 s3e1-99a97e3b:1 s6e1-8f8da0bb:1 s8e1-a8b174a6:1
1786286959.531975 s5e1-9758ed11:1 s7e1-8f514c28:1 s2e1-af2273d3:1 s1e1-a4bf772d:1 s4e1-ae17eac1:1 s3e1-99a97e3b:1 s6e1-8f8da0bb:1 s8e1-a8b174a6:1
1786286959.553448 s5e1-9758ed11:1 s7e1-8f514c28:1 s2e1-af2273d3:1 s1e1-a4bf772d:1 s4e1-ae17eac1:1 s3e1-99a97e3b:1 s6e1-8f8da0bb:1 s8e1-a8b174a6:1
1786286959.574971 s5e1-9758ed11:1 s7e1-8f514c28:1 s2e1-af2273d3:1 s1e1-a4bf772d:1 s4e1-ae17eac1:1 s3e1-99a97e3b:1 s6e1-8f8da0bb:1 s8e1-a8b174a6:1
1786286959.596527 s5e1-9758ed11:1 s7e1-8f514c28:1 s2e1-af2273d3:1 s1e1-a4bf772d:1 s4e1-ae17eac1:1 s3e1-99a97e3b:1 s6e1-8f8da0bb:1 s8e1-a8b174a6:1
1786286959.618009 s5e1-9758ed11:1 s7e1-8f514c28:1 s2e1-af2273d3:1 s1e1-a4bf772d:1 s4e1-ae17eac1:1 s3e1-99a97e3b:1 s6e1-8f8da0bb:1 s8e1-a8b174a6:1
1786286959.639462 s5e1-9758ed11:1 s7e1-8f514c28:1 s2e1-af2273d3:1 s1e1-a4bf772d:1 s4e1-ae17eac1:1 s3e1-99a97e3b:1 s6e1-8f8da0bb:1 s8e1-a8b174a6:1
1786286959.661048 s5e1-9758ed11:1 s7e1-8f514c28:1 s2e1-af2273d3:1 s1e1-a4bf772d:1 s4e1-ae17eac1:1 s3e1-99a97e3b:1 s6e1-8f8da0bb:1 s8e1-a8b174a6:1
1786286959.682458 s5e1-9758ed11:1 s7e1-8f514c28:1 s2e1-af2273d3:1 s1e1-a4bf772d:1 s4e1-ae17eac1:1 s3e1-99a97e3b:1 s6e1-8f8da0bb:1 s8e1-a8b174a6:1
1786286959.703920 s5e1-9758ed11:1 s7e1-8f514c28:1 s2e1-af2273d3:1 s1e1-a4bf772d:1 s4e1-ae17eac1:1 s3e1-99a97e3b:1 s6e1-8f8da0bb:1 s8e1-a8b174a6:1
1786286959.725428 s5e1-9758ed11:1 s7e1-8f514c28:1 s2e1-af2273d3:1 s1e1-a4bf772d:1 s4e1-ae17eac1:1 s3e1-99a97e3b:1 s6e1-8f8da0bb:1 s8e1-a8b174a6:1
1786286959.746948 s5e1-9758ed11:1 s7e1-8f514c28:1 s2e1-af2273d3:1 s1e1-a4bf772d:1 s4e1-ae17eac1:1 s3e1-99a97e3b:1 s6e1-8f8da0bb:1 s8e1-a8b174a6:1
1786286959.768474 s5e1-9758ed11:1 s7e1-8f514c28:1 s2e1-af2273d3:1 s1e1-a4bf772d:1 s4e1-ae17eac1:1 s3e1-99a97e3b:1 s6e1-8f8da0bb:1 s8e1-a8b174a6:1
1786286959.789958 s5e1-9758ed11:1 s7e1-8f514c28:1 s2e1-af2273d3:1 s1e1-a4bf772d:1 s4e1-ae17eac1:1 s3e1-99a97e3b:1 s6e1-8f8da0bb:1 s8e1-a8b174a6:1
1786286959.811531 s7e1-8f514c28:1 s2e1-af2273d3:1 s1e1-a4bf772d:1 s4e1-ae17eac1:1 s3e1-99a97e3b:1 s6e1-8f8da0bb:1 s8e1-a8b174a6:1
1786286959.833247 s2e1-af2273d3:1 s1e1-a4bf772d:1 s4e1-ae17eac1:1 s3e1-99a97e3b:1 s6e1-8f8da0bb:1 s8e1-a8b174a6:1
1786286959.854971 s4e1-ae17eac1:1 s3e1-99a97e3b:1 s6e1-8f8da0bb:1 s8e1-a8b174a6:1
1786286961.011889 s2e1-af2273d3:53E
1786286961.060469 s2e1-af2273d3:1 s3e1-99a97e3b:52E
1786286961.118755 s2e1-af2273d3:1 s3e1-99a97e3b:1 s5e1-9758ed11:52E s7e1-8f514c28:53E s1e1-a4bf772d:53E s4e1-ae17eac1:53E s6e1-8f8da0bb:53E s8e1-a8b174a6:53E
1786286961.172202 s2e1-af2273d3:1 s3e1-99a97e3b:1 s5e1-9758ed11:1 s7e1-8f514c28:1 s1e1-a4bf772d:1 s4e1-ae17eac1:1 s6e1-8f8da0bb:1 s8e1-a8b174a6:1
1786286961.262019 s2e1-af2273d3:1 s3e1-99a97e3b:1 s5e1-9758ed11:1 s7e1-8f514c28:1 s1e1-a4bf772d:1 s4e1-ae17eac1:1 s6e1-8f8da0bb:1 s8e1-a8b174a6:1
1786286961.282633 s2e1-af2273d3:1 s3e1-99a97e3b:1 s5e1-9758ed11:1 s7e1-8f514c28:1 s1e1-a4bf772d:1 s4e1-ae17eac1:1 s6e1-8f8da0bb:1 s8e1-a8b174a6:1
1786286961.303800 s2e1-af2273d3:1 s3e1-99a97e3b:1 s5e1-9758ed11:1 s7e1-8f514c28:1 s1e1-a4bf772d:1 s4e1-ae17eac1:1 s6e1-8f8da0bb:1 s8e1-a8b174a6:1
1786286961.325201 s2e1-af2273d3:1 s3e1-99a97e3b:1 s5e1-9758ed11:1 s7e1-8f514c28:1 s1e1-a4bf772d:1 s4e1-ae17eac1:1 s6e1-8f8da0bb:1 s8e1-a8b174a6:1
1786286961.346605 s2e1-af2273d3:1 s3e1-99a97e3b:1 s5e1-9758ed11:1 s7e1-8f514c28:1 s1e1-a4bf772d:1 s4e1-ae17eac1:1 s6e1-8f8da0bb:1 s8e1-a8b174a6:1
1786286961.368069 s2e1-af2273d3:1 s3e1-99a97e3b:1 s5e1-9758ed11:1 s7e1-8f514c28:1 s1e1-a4bf772d:1 s4e1-ae17eac1:1 s6e1-8f8da0bb:1 s8e1-a8b174a6:1
1786286961.389524 s2e1-af2273d3:1 s3e1-99a97e3b:1 s5e1-9758ed11:1 s7e1-8f514c28:1 s1e1-a4bf772d:1 s4e1-ae17eac1:1 s6e1-8f8da0bb:1 s8e1-a8b174a6:1
1786286961.410975 s2e1-af2273d3:1 s3e1-99a97e3b:1 s5e1-9758ed11:1 s7e1-8f514c28:1 s1e1-a4bf772d:1 s4e1-ae17eac1:1 s6e1-8f8da0bb:1 s8e1-a8b174a6:1
1786286961.432463 s2e1-af2273d3:1 s3e1-99a97e3b:1 s5e1-9758ed11:1 s7e1-8f514c28:1 s1e1-a4bf772d:1 s4e1-ae17eac1:1 s6e1-8f8da0bb:1 s8e1-a8b174a6:1
1786286961.453929 s2e1-af2273d3:1 s3e1-99a97e3b:1 s5e1-9758ed11:1 s7e1-8f514c28:1 s1e1-a4bf772d:1 s4e1-ae17eac1:1 s6e1-8f8da0bb:1 s8e1-a8b174a6:1
1786286961.475425 s2e1-af2273d3:1 s3e1-99a97e3b:1 s5e1-9758ed11:1 s7e1-8f514c28:1 s1e1-a4bf772d:1 s4e1-ae17eac1:1 s6e1-8f8da0bb:1 s8e1-a8b174a6:1
1786286961.496894 s2e1-af2273d3:1 s3e1-99a97e3b:1 s5e1-9758ed11:1 s7e1-8f514c28:1 s1e1-a4bf772d:1 s4e1-ae17eac1:1 s6e1-8f8da0bb:1 s8e1-a8b174a6:1
1786286961.518364 s2e1-af2273d3:1 s3e1-99a97e3b:1 s5e1-9758ed11:1 s7e1-8f514c28:1 s1e1-a4bf772d:1 s4e1-ae17eac1:1 s6e1-8f8da0bb:1 s8e1-a8b174a6:1
1786286961.539822 s2e1-af2273d3:1 s3e1-99a97e3b:1 s5e1-9758ed11:1 s7e1-8f514c28:1 s1e1-a4bf772d:1 s4e1-ae17eac1:1 s6e1-8f8da0bb:1 s8e1-a8b174a6:1
1786286961.561314 s2e1-af2273d3:1 s3e1-99a97e3b:1 s5e1-9758ed11:1 s7e1-8f514c28:1 s1e1-a4bf772d:1 s4e1-ae17eac1:1 s6e1-8f8da0bb:1 s8e1-a8b174a6:1
1786286961.582906 s2e1-af2273d3:1 s3e1-99a97e3b:1 s5e1-9758ed11:1 s7e1-8f514c28:1 s1e1-a4bf772d:1 s4e1-ae17eac1:1 s6e1-8f8da0bb:1 s8e1-a8b174a6:1
1786286961.604401 s2e1-af2273d3:1 s3e1-99a97e3b:1 s5e1-9758ed11:1 s7e1-8f514c28:1 s1e1-a4bf772d:1 s4e1-ae17eac1:1 s6e1-8f8da0bb:1 s8e1-a8b174a6:1
1786286961.625905 s2e1-af2273d3:1 s3e1-99a97e3b:1 s5e1-9758ed11:1 s7e1-8f514c28:1 s1e1-a4bf772d:1 s4e1-ae17eac1:1 s6e1-8f8da0bb:1 s8e1-a8b174a6:1
1786286961.647444 s2e1-af2273d3:1 s3e1-99a97e3b:1 s5e1-9758ed11:1 s7e1-8f514c28:1 s1e1-a4bf772d:1 s4e1-ae17eac1:1 s6e1-8f8da0bb:1 s8e1-a8b174a6:1
1786286961.669020 s2e1-af2273d3:1 s3e1-99a97e3b:1 s5e1-9758ed11:1 s7e1-8f514c28:1 s1e1-a4bf772d:1 s4e1-ae17eac1:1 s6e1-8f8da0bb:1 s8e1-a8b174a6:1
1786286961.690681 s2e1-af2273d3:1 s3e1-99a97e3b:1 s5e1-9758ed11:1 s7e1-8f514c28:1 s1e1-a4bf772d:1 s4e1-ae17eac1:1 s6e1-8f8da0bb:1 s8e1-a8b174a6:1
1786286961.712150 s2e1-af2273d3:1 s3e1-99a97e3b:1 s5e1-9758ed11:1 s7e1-8f514c28:1 s1e1-a4bf772d:1 s4e1-ae17eac1:1 s6e1-8f8da0bb:1 s8e1-a8b174a6:1
1786286961.733653 s2e1-af2273d3:1 s3e1-99a97e3b:1 s5e1-9758ed11:1 s7e1-8f514c28:1 s1e1-a4bf772d:1 s4e1-ae17eac1:1 s6e1-8f8da0bb:1 s8e1-a8b174a6:1
1786286961.755238 s2e1-af2273d3:1 s3e1-99a97e3b:1 s5e1-9758ed11:1 s7e1-8f514c28:1 s1e1-a4bf772d:1 s4e1-ae17eac1:1 s6e1-8f8da0bb:1 s8e1-a8b174a6:1
1786286961.776766 s2e1-af2273d3:1 s3e1-99a97e3b:1 s5e1-9758ed11:1 s7e1-8f514c28:1 s1e1-a4bf772d:1 s4e1-ae17eac1:1 s6e1-8f8da0bb:1 s8e1-a8b174a6:1
1786286961.798302 s2e1-af2273d3:1 s3e1-99a97e3b:1 s5e1-9758ed11:1 s7e1-8f514c28:1 s1e1-a4bf772d:1 s4e1-ae17eac1:1 s6e1-8f8da0bb:1 s8e1-a8b174a6:1
1786286961.819870 s2e1-af2273d3:1 s3e1-99a97e3b:1 s5e1-9758ed11:1 s7e1-8f514c28:1 s1e1-a4bf772d:1 s4e1-ae17eac1:1 s6e1-8f8da0bb:1 s8e1-a8b174a6:1
1786286961.841411 s2e1-af2273d3:1 s3e1-99a97e3b:1 s5e1-9758ed11:1 s7e1-8f514c28:1 s1e1-a4bf772d:1 s4e1-ae17eac1:1 s6e1-8f8da0bb:1 s8e1-a8b174a6:1
1786286961.863031 s2e1-af2273d3:1 s3e1-99a97e3b:1 s5e1-9758ed11:1 s7e1-8f514c28:1 s1e1-a4bf772d:1 s4e1-ae17eac1:1 s6e1-8f8da0bb:1 s8e1-a8b174a6:1
1786286961.884676 s3e1-99a97e3b:1 s5e1-9758ed11:1 s7e1-8f514c28:1 s1e1-a4bf772d:1 s4e1-ae17eac1:1 s6e1-8f8da0bb:1 s8e1-a8b174a6:1
1786286961.906625 s5e1-9758ed11:1 s7e1-8f514c28:1 s1e1-a4bf772d:1 s4e1-ae17eac1:1 s6e1-8f8da0bb:1 s8e1-a8b174a6:1
1786286963.015099 s1e1-a4bf772d:53E
1786286963.085861 s1e1-a4bf772d:1 s2e1-af2273d3:53E s3e1-99a97e3b:53E s5e1-9758ed11:53E s7e1-8f514c28:53E s4e1-ae17eac1:53E s6e1-8f8da0bb:53E s8e1-a8b174a6:53E
1786286963.160617 s1e1-a4bf772d:1 s2e1-af2273d3:1 s3e1-99a97e3b:1 s5e1-9758ed11:1 s7e1-8f514c28:1 s4e1-ae17eac1:1 s6e1-8f8da0bb:1 s8e1-a8b174a6:1
1786286963.244244 s1e1-a4bf772d:1 s2e1-af2273d3:1 s3e1-99a97e3b:1 s5e1-9758ed11:1 s7e1-8f514c28:1 s4e1-ae17eac1:1 s6e1-8f8da0bb:1 s8e1-a8b174a6:1
1786286963.265396 s1e1-a4bf772d:1 s2e1-af2273d3:1 s3e1-99a97e3b:1 s5e1-9758ed11:1 s7e1-8f514c28:1 s4e1-ae17eac1:1 s6e1-8f8da0bb:1 s8e1-a8b174a6:1
1786286963.286720 s1e1-a4bf772d:1 s2e1-af2273d3:1 s3e1-99a97e3b:1 s5e1-9758ed11:1 s7e1-8f514c28:1 s4e1-ae17eac1:1 s6e1-8f8da0bb:1 s8e1-a8b174a6:1
1786286963.308204 s1e1-a4bf772d:1 s2e1-af2273d3:1 s3e1-99a97e3b:1 s5e1-9758ed11:1 s7e1-8f514c28:1 s4e1-ae17eac1:1 s6e1-8f8da0bb:1 s8e1-a8b174a6:1
1786286963.329697 s1e1-a4bf772d:1 s2e1-af2273d3:1 s3e1-99a97e3b:1 s5e1-9758ed11:1 s7e1-8f514c28:1 s4e1-ae17eac1:1 s6e1-8f8da0bb:1 s8e1-a8b174a6:1
1786286963.351249 s1e1-a4bf772d:1 s2e1-af2273d3:1 s3e1-99a97e3b:1 s5e1-9758ed11:1 s7e1-8f514c28:1 s4e1-ae17eac1:1 s6e1-8f8da0bb:1 s8e1-a8b174a6:1
1786286963.372778 s1e1-a4bf772d:1 s2e1-af2273d3:1 s3e1-99a97e3b:1 s5e1-9758ed11:1 s7e1-8f514c28:1 s4e1-ae17eac1:1 s6e1-8f8da0bb:1 s8e1-a8b174a6:1
1786286963.394294 s1e1-a4bf772d:1 s2e1-af2273d3:1 s3e1-99a97e3b:1 s5e1-9758ed11:1 s7e1-8f514c28:1 s4e1-ae17eac1:1 s6e1-8f8da0bb:1 s8e1-a8b174a6:1
1786286963.415899 s1e1-a4bf772d:1 s2e1-af2273d3:1 s3e1-99a97e3b:1 s5e1-9758ed11:1 s7e1-8f514c28:1 s4e1-ae17eac1:1 s6e1-8f8da0bb:1 s8e1-a8b174a6:1
1786286963.437481 s1e1-a4bf772d:1 s2e1-af2273d3:1 s3e1-99a97e3b:1 s5e1-9758ed11:1 s7e1-8f514c28:1 s4e1-ae17eac1:1 s6e1-8f8da0bb:1 s8e1-a8b174a6:1
1786286963.459103 s1e1-a4bf772d:1 s2e1-af2273d3:1 s3e1-99a97e3b:1 s5e1-9758ed11:1 s7e1-8f514c28:1 s4e1-ae17eac1:1 s6e1-8f8da0bb:1 s8e1-a8b174a6:1
1786286963.480720 s1e1-a4bf772d:1 s2e1-af2273d3:1 s3e1-99a97e3b:1 s5e1-9758ed11:1 s7e1-8f514c28:1 s4e1-ae17eac1:1 s6e1-8f8da0bb:1 s8e1-a8b174a6:1
1786286963.502327 s1e1-a4bf772d:1 s2e1-af2273d3:1 s3e1-99a97e3b:1 s5e1-9758ed11:1 s7e1-8f514c28:1 s4e1-ae17eac1:1 s6e1-8f8da0bb:1 s8e1-a8b174a6:1
1786286963.523833 s1e1-a4bf772d:1 s2e1-af2273d3:1 s3e1-99a97e3b:1 s5e1-9758ed11:1 s7e1-8f514c28:1 s4e1-ae17eac1:1 s6e1-8f8da0bb:1 s8e1-a8b174a6:1
1786286963.545466 s1e1-a4bf772d:1 s2e1-af2273d3:1 s3e1-99a97e3b:1 s5e1-9758ed11:1 s7e1-8f514c28:1 s4e1-ae17eac1:1 s6e1-8f8da0bb:1 s8e1-a8b174a6:1
1786286963.567033 s1e1-a4bf772d:1 s2e1-af2273d3:1 s3e1-99a97e3b:1 s5e1-9758ed11:1 s7e1-8f514c28:1 s4e1-ae17eac1:1 s6e1-8f8da0bb:1 s8e1-a8b174a6:1
1786286963.588663 s1e1-a4bf772d:1 s2e1-af2273d3:1 s3e1-99a97e3b:1 s5e1-9758ed11:1 s7e1-8f514c28:1 s4e1-ae17eac1:1 s6e1-8f8da0bb:1 s8e1-a8b174a6:1
1786286963.610276 s1e1-a4bf772d:1 s2e1-af2273d3:1 s3e1-99a97e3b:1 s5e1-9758ed11:1 s7e1-8f514c28:1 s4e1-ae17eac1:1 s6e1-8f8da0bb:1 s8e1-a8b174a6:1
1786286963.631874 s1e1-a4bf772d:1 s2e1-af2273d3:1 s3e1-99a97e3b:1 s5e1-9758ed11:1 s7e1-8f514c28:1 s4e1-ae17eac1:1 s6e1-8f8da0bb:1 s8e1-a8b174a6:1
1786286963.653499 s1e1-a4bf772d:1 s2e1-af2273d3:1 s3e1-99a97e3b:1 s5e1-9758ed11:1 s7e1-8f514c28:1 s4e1-ae17eac1:1 s6e1-8f8da0bb:1 s8e1-a8b174a6:1
1786286963.675127 s1e1-a4bf772d:1 s2e1-af2273d3:1 s3e1-99a97e3b:1 s5e1-9758ed11:1 s7e1-8f514c28:1 s4e1-ae17eac1:1 s6e1-8f8da0bb:1 s8e1-a8b174a6:1
1786286963.696722 s1e1-a4bf772d:1 s2e1-af2273d3:1 s3e1-99a97e3b:1 s5e1-9758ed11:1 s7e1-8f514c28:1 s4e1-ae17eac1:1 s6e1-8f8da0bb:1 s8e1-a8b174a6:1
1786286963.718364 s1e1-a4bf772d:1 s2e1-af2273d3:1 s3e1-99a97e3b:1 s5e1-9758ed11:1 s7e1-8f514c28:1 s4e1-ae17eac1:1 s6e1-8f8da0bb:1 s8e1-a8b174a6:1
1786286963.740021 s1e1-a4bf772d:1 s2e1-af2273d3:1 s3e1-99a97e3b:1 s5e1-9758ed11:1 s7e1-8f514c28:1 s4e1-ae17eac1:1 s6e1-8f8da0bb:1 s8e1-a8b174a6:1
1786286963.761599 s1e1-a4bf772d:1 s2e1-af2273d3:1 s3e1-99a97e3b:1 s5e1-9758ed11:1 s7e1-8f514c28:1 s4e1-ae17eac1:1 s6e1-8f8da0bb:1 s8e1-a8b174a6:1
1786286963.783245 s1e1-a4bf772d:1 s2e1-af2273d3:1 s3e1-99a97e3b:1 s5e1-9758ed11:1 s7e1-8f514c28:1 s4e1-ae17eac1:1 s6e1-8f8da0bb:1 s8e1-a8b174a6:1
1786286963.804900 s1e1-a4bf772d:1 s2e1-af2273d3:1 s3e1-99a97e3b:1 s5e1-9758ed11:1 s7e1-8f514c28:1 s4e1-ae17eac1:1 s6e1-8f8da0bb:1 s8e1-a8b174a6:1
1786286963.826577 s1e1-a4bf772d:1 s2e1-af2273d3:1 s3e1-99a97e3b:1 s5e1-9758ed11:1 s7e1-8f514c28:1 s4e1-ae17eac1:1 s6e1-8f8da0bb:1 s8e1-a8b174a6:1
1786286963.848189 s1e1-a4bf772d:1 s2e1-af2273d3:1 s3e1-99a97e3b:1 s5e1-9758ed11:1 s7e1-8f514c28:1 s4e1-ae17eac1:1 s6e1-8f8da0bb:1 s8e1-a8b174a6:1
1786286963.869685 s1e1-a4bf772d:1 s2e1-af2273d3:1 s3e1-99a97e3b:1 s5e1-9758ed11:1 s7e1-8f514c28:1 s4e1-ae17eac1:1 s6e1-8f8da0bb:1 s8e1-a8b174a6:1
1786286963.891294 s2e1-af2273d3:1 s3e1-99a97e3b:1 s5e1-9758ed11:1 s7e1-8f514c28:1 s4e1-ae17eac1:1 s6e1-8f8da0bb:1 s8e1-a8b174a6:1
1786286964.984840 s6e1-8f8da0bb:53E
1786286965.036014 s6e1-8f8da0bb:1 s7e1-8f514c28:53E
1786286965.087122 s6e1-8f8da0bb:1 s7e1-8f514c28:1 s1e1-a4bf772d:53E s2e1-af2273d3:53E s3e1-99a97e3b:53E s5e1-9758ed11:53E s4e1-ae17eac1:53E s8e1-a8b174a6:53E
1786286965.142533 s6e1-8f8da0bb:1 s7e1-8f514c28:1 s1e1-a4bf772d:1 s2e1-af2273d3:1 s3e1-99a97e3b:1 s5e1-9758ed11:1 s4e1-ae17eac1:1 s8e1-a8b174a6:1
1786286965.233448 s6e1-8f8da0bb:1 s7e1-8f514c28:1 s1e1-a4bf772d:1 s2e1-af2273d3:1 s3e1-99a97e3b:1 s5e1-9758ed11:1 s4e1-ae17eac1:1 s8e1-a8b174a6:1
1786286965.254540 s6e1-8f8da0bb:1 s7e1-8f514c28:1 s1e1-a4bf772d:1 s2e1-af2273d3:1 s3e1-99a97e3b:1 s5e1-9758ed11:1 s4e1-ae17eac1:1 s8e1-a8b174a6:1
1786286965.275819 s6e1-8f8da0bb:1 s7e1-8f514c28:1 s1e1-a4bf772d:1 s2e1-af2273d3:1 s3e1-99a97e3b:1 s5e1-9758ed11:1 s4e1-ae17eac1:1 s8e1-a8b174a6:1
1786286965.297177 s6e1-8f8da0bb:1 s7e1-8f514c28:1 s1e1-a4bf772d:1 s2e1-af2273d3:1 s3e1-99a97e3b:1 s5e1-9758ed11:1 s4e1-ae17eac1:1 s8e1-a8b174a6:1
1786286965.318759 s6e1-8f8da0bb:1 s7e1-8f514c28:1 s1e1-a4bf772d:1 s2e1-af2273d3:1 s3e1-99a97e3b:1 s5e1-9758ed11:1 s4e1-ae17eac1:1 s8e1-a8b174a6:1
1786286965.340258 s6e1-8f8da0bb:1 s7e1-8f514c28:1 s1e1-a4bf772d:1 s2e1-af2273d3:1 s3e1-99a97e3b:1 s5e1-9758ed11:1 s4e1-ae17eac1:1 s8e1-a8b174a6:1
1786286965.361809 s6e1-8f8da0bb:1 s7e1-8f514c28:1 s1e1-a4bf772d:1 s2e1-af2273d3:1 s3e1-99a97e3b:1 s5e1-9758ed11:1 s4e1-ae17eac1:1 s8e1-a8b174a6:1
1786286965.383345 s6e1-8f8da0bb:1 s7e1-8f514c28:1 s1e1-a4bf772d:1 s2e1-af2273d3:1 s3e1-99a97e3b:1 s5e1-9758ed11:1 s4e1-ae17eac1:1 s8e1-a8b174a6:1
1786286965.404831 s6e1-8f8da0bb:1 s7e1-8f514c28:1 s1e1-a4bf772d:1 s2e1-af2273d3:1 s3e1-99a97e3b:1 s5e1-9758ed11:1 s4e1-ae17eac1:1 s8e1-a8b174a6:1
1786286965.426360 s6e1-8f8da0bb:1 s7e1-8f514c28:1 s1e1-a4bf772d:1 s2e1-af2273d3:1 s3e1-99a97e3b:1 s5e1-9758ed11:1 s4e1-ae17eac1:1 s8e1-a8b174a6:1
1786286965.447877 s6e1-8f8da0bb:1 s7e1-8f514c28:1 s1e1-a4bf772d:1 s2e1-af2273d3:1 s3e1-99a97e3b:1 s5e1-9758ed11:1 s4e1-ae17eac1:1 s8e1-a8b174a6:1
1786286965.469490 s6e1-8f8da0bb:1 s7e1-8f514c28:1 s1e1-a4bf772d:1 s2e1-af2273d3:1 s3e1-99a97e3b:1 s5e1-9758ed11:1 s4e1-ae17eac1:1 s8e1-a8b174a6:1
1786286965.491112 s6e1-8f8da0bb:1 s7e1-8f514c28:1 s1e1-a4bf772d:1 s2e1-af2273d3:1 s3e1-99a97e3b:1 s5e1-9758ed11:1 s4e1-ae17eac1:1 s8e1-a8b174a6:1
1786286965.512706 s6e1-8f8da0bb:1 s7e1-8f514c28:1 s1e1-a4bf772d:1 s2e1-af2273d3:1 s3e1-99a97e3b:1 s5e1-9758ed11:1 s4e1-ae17eac1:1 s8e1-a8b174a6:1
1786286965.534342 s6e1-8f8da0bb:1 s7e1-8f514c28:1 s1e1-a4bf772d:1 s2e1-af2273d3:1 s3e1-99a97e3b:1 s5e1-9758ed11:1 s4e1-ae17eac1:1 s8e1-a8b174a6:1
1786286965.555954 s6e1-8f8da0bb:1 s7e1-8f514c28:1 s1e1-a4bf772d:1 s2e1-af2273d3:1 s3e1-99a97e3b:1 s5e1-9758ed11:1 s4e1-ae17eac1:1 s8e1-a8b174a6:1
1786286965.577593 s6e1-8f8da0bb:1 s7e1-8f514c28:1 s1e1-a4bf772d:1 s2e1-af2273d3:1 s3e1-99a97e3b:1 s5e1-9758ed11:1 s4e1-ae17eac1:1 s8e1-a8b174a6:1
1786286965.599249 s6e1-8f8da0bb:1 s7e1-8f514c28:1 s1e1-a4bf772d:1 s2e1-af2273d3:1 s3e1-99a97e3b:1 s5e1-9758ed11:1 s4e1-ae17eac1:1 s8e1-a8b174a6:1
1786286965.620876 s6e1-8f8da0bb:1 s7e1-8f514c28:1 s1e1-a4bf772d:1 s2e1-af2273d3:1 s3e1-99a97e3b:1 s5e1-9758ed11:1 s4e1-ae17eac1:1 s8e1-a8b174a6:1
1786286965.642479 s6e1-8f8da0bb:1 s7e1-8f514c28:1 s1e1-a4bf772d:1 s2e1-af2273d3:1 s3e1-99a97e3b:1 s5e1-9758ed11:1 s4e1-ae17eac1:1 s8e1-a8b174a6:1
1786286965.664202 s6e1-8f8da0bb:1 s7e1-8f514c28:1 s1e1-a4bf772d:1 s2e1-af2273d3:1 s3e1-99a97e3b:1 s5e1-9758ed11:1 s4e1-ae17eac1:1 s8e1-a8b174a6:1
1786286965.685807 s6e1-8f8da0bb:1 s7e1-8f514c28:1 s1e1-a4bf772d:1 s2e1-af2273d3:1 s3e1-99a97e3b:1 s5e1-9758ed11:1 s4e1-ae17eac1:1 s8e1-a8b174a6:1
1786286965.707481 s6e1-8f8da0bb:1 s7e1-8f514c28:1 s1e1-a4bf772d:1 s2e1-af2273d3:1 s3e1-99a97e3b:1 s5e1-9758ed11:1 s4e1-ae17eac1:1 s8e1-a8b174a6:1
1786286965.729113 s6e1-8f8da0bb:1 s7e1-8f514c28:1 s1e1-a4bf772d:1 s2e1-af2273d3:1 s3e1-99a97e3b:1 s5e1-9758ed11:1 s4e1-ae17eac1:1 s8e1-a8b174a6:1
1786286965.750678 s6e1-8f8da0bb:1 s7e1-8f514c28:1 s1e1-a4bf772d:1 s2e1-af2273d3:1 s3e1-99a97e3b:1 s5e1-9758ed11:1 s4e1-ae17eac1:1 s8e1-a8b174a6:1
1786286965.772300 s6e1-8f8da0bb:1 s7e1-8f514c28:1 s1e1-a4bf772d:1 s2e1-af2273d3:1 s3e1-99a97e3b:1 s5e1-9758ed11:1 s4e1-ae17eac1:1 s8e1-a8b174a6:1
1786286965.793927 s6e1-8f8da0bb:1 s7e1-8f514c28:1 s1e1-a4bf772d:1 s2e1-af2273d3:1 s3e1-99a97e3b:1 s5e1-9758ed11:1 s4e1-ae17eac1:1 s8e1-a8b174a6:1
1786286965.815611 s6e1-8f8da0bb:1 s7e1-8f514c28:1 s1e1-a4bf772d:1 s2e1-af2273d3:1 s3e1-99a97e3b:1 s5e1-9758ed11:1 s4e1-ae17eac1:1 s8e1-a8b174a6:1
1786286965.837257 s6e1-8f8da0bb:1 s7e1-8f514c28:1 s1e1-a4bf772d:1 s2e1-af2273d3:1 s3e1-99a97e3b:1 s5e1-9758ed11:1 s4e1-ae17eac1:1 s8e1-a8b174a6:1
1786286965.858949 s7e1-8f514c28:1 s1e1-a4bf772d:1 s2e1-af2273d3:1 s3e1-99a97e3b:1 s5e1-9758ed11:1 s4e1-ae17eac1:1 s8e1-a8b174a6:1
1786286965.880902 s1e1-a4bf772d:1 s2e1-af2273d3:1 s3e1-99a97e3b:1 s5e1-9758ed11:1 s4e1-ae17eac1:1 s8e1-a8b174a6:1
1786286967.031636 s5e1-9758ed11:53E
1786286967.100267 s5e1-9758ed11:1 s6e1-8f8da0bb:52E s7e1-8f514c28:52E s1e1-a4bf772d:53E s2e1-af2273d3:53E s3e1-99a97e3b:53E s4e1-ae17eac1:53E s8e1-a8b174a6:52E
1786286967.169212 s5e1-9758ed11:1 s6e1-8f8da0bb:1 s7e1-8f514c28:1 s1e1-a4bf772d:1 s2e1-af2273d3:1 s3e1-99a97e3b:1 s4e1-ae17eac1:1 s8e1-a8b174a6:1
1786286967.252659 s5e1-9758ed11:1 s6e1-8f8da0bb:1 s7e1-8f514c28:1 s1e1-a4bf772d:1 s2e1-af2273d3:1 s3e1-99a97e3b:1 s4e1-ae17eac1:1 s8e1-a8b174a6:1
1786286967.274165 s5e1-9758ed11:1 s6e1-8f8da0bb:1 s7e1-8f514c28:1 s1e1-a4bf772d:1 s2e1-af2273d3:1 s3e1-99a97e3b:1 s4e1-ae17eac1:1 s8e1-a8b174a6:1
1786286967.295787 s5e1-9758ed11:1 s6e1-8f8da0bb:1 s7e1-8f514c28:1 s1e1-a4bf772d:1 s2e1-af2273d3:1 s3e1-99a97e3b:1 s4e1-ae17eac1:1 s8e1-a8b174a6:1
1786286967.317381 s5e1-9758ed11:1 s6e1-8f8da0bb:1 s7e1-8f514c28:1 s1e1-a4bf772d:1 s2e1-af2273d3:1 s3e1-99a97e3b:1 s4e1-ae17eac1:1 s8e1-a8b174a6:1
1786286967.339215 s5e1-9758ed11:1 s6e1-8f8da0bb:1 s7e1-8f514c28:1 s1e1-a4bf772d:1 s2e1-af2273d3:1 s3e1-99a97e3b:1 s4e1-ae17eac1:1 s8e1-a8b174a6:1
1786286967.360966 s5e1-9758ed11:1 s6e1-8f8da0bb:1 s7e1-8f514c28:1 s1e1-a4bf772d:1 s2e1-af2273d3:1 s3e1-99a97e3b:1 s4e1-ae17eac1:1 s8e1-a8b174a6:1
1786286967.382748 s5e1-9758ed11:1 s6e1-8f8da0bb:1 s7e1-8f514c28:1 s1e1-a4bf772d:1 s2e1-af2273d3:1 s3e1-99a97e3b:1 s4e1-ae17eac1:1 s8e1-a8b174a6:1
1786286967.404543 s5e1-9758ed11:1 s6e1-8f8da0bb:1 s7e1-8f514c28:1 s1e1-a4bf772d:1 s2e1-af2273d3:1 s3e1-99a97e3b:1 s4e1-ae17eac1:1 s8e1-a8b174a6:1
1786286967.426316 s5e1-9758ed11:1 s6e1-8f8da0bb:1 s7e1-8f514c28:1 s1e1-a4bf772d:1 s2e1-af2273d3:1 s3e1-99a97e3b:1 s4e1-ae17eac1:1 s8e1-a8b174a6:1
1786286967.448107 s5e1-9758ed11:1 s6e1-8f8da0bb:1 s7e1-8f514c28:1 s1e1-a4bf772d:1 s2e1-af2273d3:1 s3e1-99a97e3b:1 s4e1-ae17eac1:1 s8e1-a8b174a6:1
1786286967.469916 s5e1-9758ed11:1 s6e1-8f8da0bb:1 s7e1-8f514c28:1 s1e1-a4bf772d:1 s2e1-af2273d3:1 s3e1-99a97e3b:1 s4e1-ae17eac1:1 s8e1-a8b174a6:1
1786286967.491691 s5e1-9758ed11:1 s6e1-8f8da0bb:1 s7e1-8f514c28:1 s1e1-a4bf772d:1 s2e1-af2273d3:1 s3e1-99a97e3b:1 s4e1-ae17eac1:1 s8e1-a8b174a6:1
1786286967.513457 s5e1-9758ed11:1 s6e1-8f8da0bb:1 s7e1-8f514c28:1 s1e1-a4bf772d:1 s2e1-af2273d3:1 s3e1-99a97e3b:1 s4e1-ae17eac1:1 s8e1-a8b174a6:1
1786286967.535243 s5e1-9758ed11:1 s6e1-8f8da0bb:1 s7e1-8f514c28:1 s1e1-a4bf772d:1 s2e1-af2273d3:1 s3e1-99a97e3b:1 s4e1-ae17eac1:1 s8e1-a8b174a6:1
1786286967.557023 s5e1-9758ed11:1 s6e1-8f8da0bb:1 s7e1-8f514c28:1 s1e1-a4bf772d:1 s2e1-af2273d3:1 s3e1-99a97e3b:1 s4e1-ae17eac1:1 s8e1-a8b174a6:1
1786286967.578832 s5e1-9758ed11:1 s6e1-8f8da0bb:1 s7e1-8f514c28:1 s1e1-a4bf772d:1 s2e1-af2273d3:1 s3e1-99a97e3b:1 s4e1-ae17eac1:1 s8e1-a8b174a6:1
1786286967.600589 s5e1-9758ed11:1 s6e1-8f8da0bb:1 s7e1-8f514c28:1 s1e1-a4bf772d:1 s2e1-af2273d3:1 s3e1-99a97e3b:1 s4e1-ae17eac1:1 s8e1-a8b174a6:1
1786286967.622460 s5e1-9758ed11:1 s6e1-8f8da0bb:1 s7e1-8f514c28:1 s1e1-a4bf772d:1 s2e1-af2273d3:1 s3e1-99a97e3b:1 s4e1-ae17eac1:1 s8e1-a8b174a6:1
1786286967.644221 s5e1-9758ed11:1 s6e1-8f8da0bb:1 s7e1-8f514c28:1 s1e1-a4bf772d:1 s2e1-af2273d3:1 s3e1-99a97e3b:1 s4e1-ae17eac1:1 s8e1-a8b174a6:1
1786286967.665895 s5e1-9758ed11:1 s6e1-8f8da0bb:1 s7e1-8f514c28:1 s1e1-a4bf772d:1 s2e1-af2273d3:1 s3e1-99a97e3b:1 s4e1-ae17eac1:1 s8e1-a8b174a6:1
1786286967.687705 s5e1-9758ed11:1 s6e1-8f8da0bb:1 s7e1-8f514c28:1 s1e1-a4bf772d:1 s2e1-af2273d3:1 s3e1-99a97e3b:1 s4e1-ae17eac1:1 s8e1-a8b174a6:1
1786286967.709513 s5e1-9758ed11:1 s6e1-8f8da0bb:1 s7e1-8f514c28:1 s1e1-a4bf772d:1 s2e1-af2273d3:1 s3e1-99a97e3b:1 s4e1-ae17eac1:1 s8e1-a8b174a6:1
1786286967.731275 s5e1-9758ed11:1 s6e1-8f8da0bb:1 s7e1-8f514c28:1 s1e1-a4bf772d:1 s2e1-af2273d3:1 s3e1-99a97e3b:1 s4e1-ae17eac1:1 s8e1-a8b174a6:1
1786286967.753059 s5e1-9758ed11:1 s6e1-8f8da0bb:1 s7e1-8f514c28:1 s1e1-a4bf772d:1 s2e1-af2273d3:1 s3e1-99a97e3b:1 s4e1-ae17eac1:1 s8e1-a8b174a6:1
1786286967.774836 s5e1-9758ed11:1 s6e1-8f8da0bb:1 s7e1-8f514c28:1 s1e1-a4bf772d:1 s2e1-af2273d3:1 s3e1-99a97e3b:1 s4e1-ae17eac1:1 s8e1-a8b174a6:1
1786286967.796597 s5e1-9758ed11:1 s6e1-8f8da0bb:1 s7e1-8f514c28:1 s1e1-a4bf772d:1 s2e1-af2273d3:1 s3e1-99a97e3b:1 s4e1-ae17eac1:1 s8e1-a8b174a6:1
1786286967.818408 s5e1-9758ed11:1 s6e1-8f8da0bb:1 s7e1-8f514c28:1 s1e1-a4bf772d:1 s2e1-af2273d3:1 s3e1-99a97e3b:1 s4e1-ae17eac1:1 s8e1-a8b174a6:1
1786286967.840168 s5e1-9758ed11:1 s6e1-8f8da0bb:1 s7e1-8f514c28:1 s1e1-a4bf772d:1 s2e1-af2273d3:1 s3e1-99a97e3b:1 s4e1-ae17eac1:1 s8e1-a8b174a6:1
1786286967.861933 s5e1-9758ed11:1 s6e1-8f8da0bb:1 s7e1-8f514c28:1 s1e1-a4bf772d:1 s2e1-af2273d3:1 s3e1-99a97e3b:1 s4e1-ae17eac1:1 s8e1-a8b174a6:1
1786286967.883829 s5e1-9758ed11:1 s6e1-8f8da0bb:1 s7e1-8f514c28:1 s1e1-a4bf772d:1 s2e1-af2273d3:1 s3e1-99a97e3b:1 s4e1-ae17eac1:1 s8e1-a8b174a6:1
1786286967.905865 s6e1-8f8da0bb:1 s7e1-8f514c28:1 s1e1-a4bf772d:1 s2e1-af2273d3:1 s3e1-99a97e3b:1 s4e1-ae17eac1:1 s8e1-a8b174a6:1
1786286969.034135 s4e1-ae17eac1:53E
1786286969.086181 s4e1-ae17eac1:1 s5e1-9758ed11:53E s6e1-8f8da0bb:53E s7e1-8f514c28:53E s1e1-a4bf772d:53E s2e1-af2273d3:53E s8e1-a8b174a6:53E
1786286969.144122 s4e1-ae17eac1:1 s5e1-9758ed11:1 s6e1-8f8da0bb:1 s7e1-8f514c28:1 s1e1-a4bf772d:1 s2e1-af2273d3:1 s8e1-a8b174a6:1 s3e1-99a97e3b:53E
1786286969.278191 s4e1-ae17eac1:1 s5e1-9758ed11:1 s6e1-8f8da0bb:1 s7e1-8f514c28:1 s1e1-a4bf772d:1 s2e1-af2273d3:1 s8e1-a8b174a6:1 s3e1-99a97e3b:1
1786286969.289945 s4e1-ae17eac1:1 s5e1-9758ed11:1 s6e1-8f8da0bb:1 s7e1-8f514c28:1 s1e1-a4bf772d:1 s2e1-af2273d3:1 s8e1-a8b174a6:1 s3e1-99a97e3b:1
1786286969.311542 s4e1-ae17eac1:1 s5e1-9758ed11:1 s6e1-8f8da0bb:1 s7e1-8f514c28:1 s1e1-a4bf772d:1 s2e1-af2273d3:1 s8e1-a8b174a6:1 s3e1-99a97e3b:1
1786286969.333286 s4e1-ae17eac1:1 s5e1-9758ed11:1 s6e1-8f8da0bb:1 s7e1-8f514c28:1 s1e1-a4bf772d:1 s2e1-af2273d3:1 s8e1-a8b174a6:1 s3e1-99a97e3b:1
1786286969.355092 s4e1-ae17eac1:1 s5e1-9758ed11:1 s6e1-8f8da0bb:1 s7e1-8f514c28:1 s1e1-a4bf772d:1 s2e1-af2273d3:1 s8e1-a8b174a6:1 s3e1-99a97e3b:1
1786286969.376907 s4e1-ae17eac1:1 s5e1-9758ed11:1 s6e1-8f8da0bb:1 s7e1-8f514c28:1 s1e1-a4bf772d:1 s2e1-af2273d3:1 s8e1-a8b174a6:1 s3e1-99a97e3b:1
1786286969.398682 s4e1-ae17eac1:1 s5e1-9758ed11:1 s6e1-8f8da0bb:1 s7e1-8f514c28:1 s1e1-a4bf772d:1 s2e1-af2273d3:1 s8e1-a8b174a6:1 s3e1-99a97e3b:1
1786286969.420453 s4e1-ae17eac1:1 s5e1-9758ed11:1 s6e1-8f8da0bb:1 s7e1-8f514c28:1 s1e1-a4bf772d:1 s2e1-af2273d3:1 s8e1-a8b174a6:1 s3e1-99a97e3b:1
1786286969.442270 s4e1-ae17eac1:1 s5e1-9758ed11:1 s6e1-8f8da0bb:1 s7e1-8f514c28:1 s1e1-a4bf772d:1 s2e1-af2273d3:1 s8e1-a8b174a6:1 s3e1-99a97e3b:1
1786286969.464086 s4e1-ae17eac1:1 s5e1-9758ed11:1 s6e1-8f8da0bb:1 s7e1-8f514c28:1 s1e1-a4bf772d:1 s2e1-af2273d3:1 s8e1-a8b174a6:1 s3e1-99a97e3b:1
1786286969.485903 s4e1-ae17eac1:1 s5e1-9758ed11:1 s6e1-8f8da0bb:1 s7e1-8f514c28:1 s1e1-a4bf772d:1 s2e1-af2273d3:1 s8e1-a8b174a6:1 s3e1-99a97e3b:1
1786286969.507858 s4e1-ae17eac1:1 s5e1-9758ed11:1 s6e1-8f8da0bb:1 s7e1-8f514c28:1 s1e1-a4bf772d:1 s2e1-af2273d3:1 s8e1-a8b174a6:1 s3e1-99a97e3b:1
1786286969.529804 s4e1-ae17eac1:1 s5e1-9758ed11:1 s6e1-8f8da0bb:1 s7e1-8f514c28:1 s1e1-a4bf772d:1 s2e1-af2273d3:1 s8e1-a8b174a6:1 s3e1-99a97e3b:1
1786286969.551588 s4e1-ae17eac1:1 s5e1-9758ed11:1 s6e1-8f8da0bb:1 s7e1-8f514c28:1 s1e1-a4bf772d:1 s2e1-af2273d3:1 s8e1-a8b174a6:1 s3e1-99a97e3b:1
1786286969.573280 s4e1-ae17eac1:1 s5e1-9758ed11:1 s6e1-8f8da0bb:1 s7e1-8f514c28:1 s1e1-a4bf772d:1 s2e1-af2273d3:1 s8e1-a8b174a6:1 s3e1-99a97e3b:1
1786286969.595018 s4e1-ae17eac1:1 s5e1-9758ed11:1 s6e1-8f8da0bb:1 s7e1-8f514c28:1 s1e1-a4bf772d:1 s2e1-af2273d3:1 s8e1-a8b174a6:1 s3e1-99a97e3b:1
1786286969.616823 s4e1-ae17eac1:1 s5e1-9758ed11:1 s6e1-8f8da0bb:1 s7e1-8f514c28:1 s1e1-a4bf772d:1 s2e1-af2273d3:1 s8e1-a8b174a6:1 s3e1-99a97e3b:1
1786286969.638602 s4e1-ae17eac1:1 s5e1-9758ed11:1 s6e1-8f8da0bb:1 s7e1-8f514c28:1 s1e1-a4bf772d:1 s2e1-af2273d3:1 s8e1-a8b174a6:1 s3e1-99a97e3b:1
1786286969.660427 s4e1-ae17eac1:1 s5e1-9758ed11:1 s6e1-8f8da0bb:1 s7e1-8f514c28:1 s1e1-a4bf772d:1 s2e1-af2273d3:1 s8e1-a8b174a6:1 s3e1-99a97e3b:1
1786286969.682239 s4e1-ae17eac1:1 s5e1-9758ed11:1 s6e1-8f8da0bb:1 s7e1-8f514c28:1 s1e1-a4bf772d:1 s2e1-af2273d3:1 s8e1-a8b174a6:1 s3e1-99a97e3b:1
1786286969.704032 s4e1-ae17eac1:1 s5e1-9758ed11:1 s6e1-8f8da0bb:1 s7e1-8f514c28:1 s1e1-a4bf772d:1 s2e1-af2273d3:1 s8e1-a8b174a6:1 s3e1-99a97e3b:1
1786286969.725859 s4e1-ae17eac1:1 s5e1-9758ed11:1 s6e1-8f8da0bb:1 s7e1-8f514c28:1 s1e1-a4bf772d:1 s2e1-af2273d3:1 s8e1-a8b174a6:1 s3e1-99a97e3b:1
1786286969.747696 s4e1-ae17eac1:1 s5e1-9758ed11:1 s6e1-8f8da0bb:1 s7e1-8f514c28:1 s1e1-a4bf772d:1 s2e1-af2273d3:1 s8e1-a8b174a6:1 s3e1-99a97e3b:1
1786286969.769526 s4e1-ae17eac1:1 s5e1-9758ed11:1 s6e1-8f8da0bb:1 s7e1-8f514c28:1 s1e1-a4bf772d:1 s2e1-af2273d3:1 s8e1-a8b174a6:1 s3e1-99a97e3b:1
1786286969.791330 s4e1-ae17eac1:1 s5e1-9758ed11:1 s6e1-8f8da0bb:1 s7e1-8f514c28:1 s1e1-a4bf772d:1 s2e1-af2273d3:1 s8e1-a8b174a6:1 s3e1-99a97e3b:1
1786286969.813196 s4e1-ae17eac1:1 s5e1-9758ed11:1 s6e1-8f8da0bb:1 s7e1-8f514c28:1 s1e1-a4bf772d:1 s2e1-af2273d3:1 s8e1-a8b174a6:1 s3e1-99a97e3b:1
1786286969.835002 s4e1-ae17eac1:1 s5e1-9758ed11:1 s6e1-8f8da0bb:1 s7e1-8f514c28:1 s1e1-a4bf772d:1 s2e1-af2273d3:1 s8e1-a8b174a6:1 s3e1-99a97e3b:1
1786286969.856867 s4e1-ae17eac1:1 s5e1-9758ed11:1 s6e1-8f8da0bb:1 s7e1-8f514c28:1 s1e1-a4bf772d:1 s2e1-af2273d3:1 s8e1-a8b174a6:1 s3e1-99a97e3b:1
1786286969.878689 s4e1-ae17eac1:1 s5e1-9758ed11:1 s6e1-8f8da0bb:1 s7e1-8f514c28:1 s1e1-a4bf772d:1 s2e1-af2273d3:1 s8e1-a8b174a6:1 s3e1-99a97e3b:1
1786286969.900609 s4e1-ae17eac1:1 s5e1-9758ed11:1 s6e1-8f8da0bb:1 s7e1-8f514c28:1 s1e1-a4bf772d:1 s2e1-af2273d3:1 s8e1-a8b174a6:1 s3e1-99a97e3b:1
1786286969.922553 s5e1-9758ed11:1 s6e1-8f8da0bb:1 s7e1-8f514c28:1 s1e1-a4bf772d:1 s2e1-af2273d3:1 s8e1-a8b174a6:1 s3e1-99a97e3b:1
1786286969.944627 s3e1-99a97e3b:1
1786286970.970108 s4e1-ae17eac1:53E
1786286971.023278 s4e1-ae17eac1:1
1786286971.026436 s4e1-ae17eac1:1
1786286971.046097 s4e1-ae17eac1:1 s5e1-9758ed11:53E s6e1-8f8da0bb:53E s7e1-8f514c28:53E
1786286971.109695 s4e1-ae17eac1:1 s5e1-9758ed11:1 s6e1-8f8da0bb:1 s7e1-8f514c28:1 s1e1-a4bf772d:53E s2e1-af2273d3:53E s8e1-a8b174a6:53E s3e1-99a97e3b:53E
1786286971.184698 s4e1-ae17eac1:1 s5e1-9758ed11:1 s6e1-8f8da0bb:1 s7e1-8f514c28:1 s1e1-a4bf772d:1 s2e1-af2273d3:1 s8e1-a8b174a6:1 s3e1-99a97e3b:1
1786286971.237328 s4e1-ae17eac1:1 s5e1-9758ed11:1 s6e1-8f8da0bb:1 s7e1-8f514c28:1 s1e1-a4bf772d:1 s2e1-af2273d3:1 s8e1-a8b174a6:1 s3e1-99a97e3b:1
1786286971.258888 s4e1-ae17eac1:1 s5e1-9758ed11:1 s6e1-8f8da0bb:1 s7e1-8f514c28:1 s1e1-a4bf772d:1 s2e1-af2273d3:1 s8e1-a8b174a6:1 s3e1-99a97e3b:1
1786286971.280644 s4e1-ae17eac1:1 s5e1-9758ed11:1 s6e1-8f8da0bb:1 s7e1-8f514c28:1 s1e1-a4bf772d:1 s2e1-af2273d3:1 s8e1-a8b174a6:1 s3e1-99a97e3b:1
1786286971.302536 s4e1-ae17eac1:1 s5e1-9758ed11:1 s6e1-8f8da0bb:1 s7e1-8f514c28:1 s1e1-a4bf772d:1 s2e1-af2273d3:1 s8e1-a8b174a6:1 s3e1-99a97e3b:1
1786286971.324411 s4e1-ae17eac1:1 s5e1-9758ed11:1 s6e1-8f8da0bb:1 s7e1-8f514c28:1 s1e1-a4bf772d:1 s2e1-af2273d3:1 s8e1-a8b174a6:1 s3e1-99a97e3b:1
1786286971.346117 s4e1-ae17eac1:1 s5e1-9758ed11:1 s6e1-8f8da0bb:1 s7e1-8f514c28:1 s1e1-a4bf772d:1 s2e1-af2273d3:1 s8e1-a8b174a6:1 s3e1-99a97e3b:1
1786286971.367922 s4e1-ae17eac1:1 s5e1-9758ed11:1 s6e1-8f8da0bb:1 s7e1-8f514c28:1 s1e1-a4bf772d:1 s2e1-af2273d3:1 s8e1-a8b174a6:1 s3e1-99a97e3b:1
1786286971.389872 s4e1-ae17eac1:1 s5e1-9758ed11:1 s6e1-8f8da0bb:1 s7e1-8f514c28:1 s1e1-a4bf772d:1 s2e1-af2273d3:1 s8e1-a8b174a6:1 s3e1-99a97e3b:1
1786286971.411650 s4e1-ae17eac1:1 s5e1-9758ed11:1 s6e1-8f8da0bb:1 s7e1-8f514c28:1 s1e1-a4bf772d:1 s2e1-af2273d3:1 s8e1-a8b174a6:1 s3e1-99a97e3b:1
1786286971.433365 s4e1-ae17eac1:1 s5e1-9758ed11:1 s6e1-8f8da0bb:1 s7e1-8f514c28:1 s1e1-a4bf772d:1 s2e1-af2273d3:1 s8e1-a8b174a6:1 s3e1-99a97e3b:1
1786286971.455183 s4e1-ae17eac1:1 s5e1-9758ed11:1 s6e1-8f8da0bb:1 s7e1-8f514c28:1 s1e1-a4bf772d:1 s2e1-af2273d3:1 s8e1-a8b174a6:1 s3e1-99a97e3b:1
1786286971.477022 s4e1-ae17eac1:1 s5e1-9758ed11:1 s6e1-8f8da0bb:1 s7e1-8f514c28:1 s1e1-a4bf772d:1 s2e1-af2273d3:1 s8e1-a8b174a6:1 s3e1-99a97e3b:1
1786286971.498884 s4e1-ae17eac1:1 s5e1-9758ed11:1 s6e1-8f8da0bb:1 s7e1-8f514c28:1 s1e1-a4bf772d:1 s2e1-af2273d3:1 s8e1-a8b174a6:1 s3e1-99a97e3b:1
1786286971.520709 s4e1-ae17eac1:1 s5e1-9758ed11:1 s6e1-8f8da0bb:1 s7e1-8f514c28:1 s1e1-a4bf772d:1 s2e1-af2273d3:1 s8e1-a8b174a6:1 s3e1-99a97e3b:1
1786286971.542552 s4e1-ae17eac1:1 s5e1-9758ed11:1 s6e1-8f8da0bb:1 s7e1-8f514c28:1 s1e1-a4bf772d:1 s2e1-af2273d3:1 s8e1-a8b174a6:1 s3e1-99a97e3b:1
1786286971.564376 s4e1-ae17eac1:1 s5e1-9758ed11:1 s6e1-8f8da0bb:1 s7e1-8f514c28:1 s1e1-a4bf772d:1 s2e1-af2273d3:1 s8e1-a8b174a6:1 s3e1-99a97e3b:1
1786286971.586235 s4e1-ae17eac1:1 s5e1-9758ed11:1 s6e1-8f8da0bb:1 s7e1-8f514c28:1 s1e1-a4bf772d:1 s2e1-af2273d3:1 s8e1-a8b174a6:1 s3e1-99a97e3b:1
1786286971.608048 s4e1-ae17eac1:1 s5e1-9758ed11:1 s6e1-8f8da0bb:1 s7e1-8f514c28:1 s1e1-a4bf772d:1 s2e1-af2273d3:1 s8e1-a8b174a6:1 s3e1-99a97e3b:1
1786286971.629872 s4e1-ae17eac1:1 s5e1-9758ed11:1 s6e1-8f8da0bb:1 s7e1-8f514c28:1 s1e1-a4bf772d:1 s2e1-af2273d3:1 s8e1-a8b174a6:1 s3e1-99a97e3b:1
1786286971.651765 s4e1-ae17eac1:1 s5e1-9758ed11:1 s6e1-8f8da0bb:1 s7e1-8f514c28:1 s1e1-a4bf772d:1 s2e1-af2273d3:1 s8e1-a8b174a6:1 s3e1-99a97e3b:1
1786286971.673497 s4e1-ae17eac1:1 s5e1-9758ed11:1 s6e1-8f8da0bb:1 s7e1-8f514c28:1 s1e1-a4bf772d:1 s2e1-af2273d3:1 s8e1-a8b174a6:1 s3e1-99a97e3b:1
1786286971.695320 s4e1-ae17eac1:1 s5e1-9758ed11:1 s6e1-8f8da0bb:1 s7e1-8f514c28:1 s1e1-a4bf772d:1 s2e1-af2273d3:1 s8e1-a8b174a6:1 s3e1-99a97e3b:1
1786286971.717130 s4e1-ae17eac1:1 s5e1-9758ed11:1 s6e1-8f8da0bb:1 s7e1-8f514c28:1 s1e1-a4bf772d:1 s2e1-af2273d3:1 s8e1-a8b174a6:1 s3e1-99a97e3b:1
1786286971.739016 s4e1-ae17eac1:1 s5e1-9758ed11:1 s6e1-8f8da0bb:1 s7e1-8f514c28:1 s1e1-a4bf772d:1 s2e1-af2273d3:1 s8e1-a8b174a6:1 s3e1-99a97e3b:1
1786286971.760828 s4e1-ae17eac1:1 s5e1-9758ed11:1 s6e1-8f8da0bb:1 s7e1-8f514c28:1 s1e1-a4bf772d:1 s2e1-af2273d3:1 s8e1-a8b174a6:1 s3e1-99a97e3b:1
1786286971.782562 s4e1-ae17eac1:1 s5e1-9758ed11:1 s6e1-8f8da0bb:1 s7e1-8f514c28:1 s1e1-a4bf772d:1 s2e1-af2273d3:1 s8e1-a8b174a6:1 s3e1-99a97e3b:1
1786286971.804404 s4e1-ae17eac1:1 s5e1-9758ed11:1 s6e1-8f8da0bb:1 s7e1-8f514c28:1 s1e1-a4bf772d:1 s2e1-af2273d3:1 s8e1-a8b174a6:1 s3e1-99a97e3b:1
1786286971.826248 s5e1-9758ed11:1 s6e1-8f8da0bb:1 s7e1-8f514c28:1 s1e1-a4bf772d:1 s2e1-af2273d3:1 s8e1-a8b174a6:1 s3e1-99a97e3b:1
1786286971.848347 s5e1-9758ed11:1 s6e1-8f8da0bb:1 s7e1-8f514c28:1 s1e1-a4bf772d:1 s2e1-af2273d3:1 s8e1-a8b174a6:1 s3e1-99a97e3b:1
1786286971.870397 s5e1-9758ed11:1 s6e1-8f8da0bb:1 s7e1-8f514c28:1 s1e1-a4bf772d:1 s2e1-af2273d3:1 s8e1-a8b174a6:1 s3e1-99a97e3b:1
1786286971.892541 s1e1-a4bf772d:1 s2e1-af2273d3:1 s8e1-a8b174a6:1 s3e1-99a97e3b:1
1786286973.043972 s1e1-a4bf772d:53E
1786286973.109627 s1e1-a4bf772d:1 s4e1-ae17eac1:53E s5e1-9758ed11:53E s6e1-8f8da0bb:53E s7e1-8f514c28:53E s2e1-af2273d3:53E s8e1-a8b174a6:53E s3e1-99a97e3b:53E
1786286973.169748 s1e1-a4bf772d:1 s4e1-ae17eac1:1 s5e1-9758ed11:1 s6e1-8f8da0bb:1 s7e1-8f514c28:1 s2e1-af2273d3:1 s8e1-a8b174a6:1 s3e1-99a97e3b:1
1786286973.261988 s1e1-a4bf772d:1 s4e1-ae17eac1:1 s5e1-9758ed11:1 s6e1-8f8da0bb:1 s7e1-8f514c28:1 s2e1-af2273d3:1 s8e1-a8b174a6:1 s3e1-99a97e3b:1
1786286973.283472 s1e1-a4bf772d:1 s4e1-ae17eac1:1 s5e1-9758ed11:1 s6e1-8f8da0bb:1 s7e1-8f514c28:1 s2e1-af2273d3:1 s8e1-a8b174a6:1 s3e1-99a97e3b:1
1786286973.305067 s1e1-a4bf772d:1 s4e1-ae17eac1:1 s5e1-9758ed11:1 s6e1-8f8da0bb:1 s7e1-8f514c28:1 s2e1-af2273d3:1 s8e1-a8b174a6:1 s3e1-99a97e3b:1
1786286973.326935 s1e1-a4bf772d:1 s4e1-ae17eac1:1 s5e1-9758ed11:1 s6e1-8f8da0bb:1 s7e1-8f514c28:1 s2e1-af2273d3:1 s8e1-a8b174a6:1 s3e1-99a97e3b:1
1786286973.348553 s1e1-a4bf772d:1 s4e1-ae17eac1:1 s5e1-9758ed11:1 s6e1-8f8da0bb:1 s7e1-8f514c28:1 s2e1-af2273d3:1 s8e1-a8b174a6:1 s3e1-99a97e3b:1
1786286973.370359 s1e1-a4bf772d:1 s4e1-ae17eac1:1 s5e1-9758ed11:1 s6e1-8f8da0bb:1 s7e1-8f514c28:1 s2e1-af2273d3:1 s8e1-a8b174a6:1 s3e1-99a97e3b:1
1786286973.392133 s1e1-a4bf772d:1 s4e1-ae17eac1:1 s5e1-9758ed11:1 s6e1-8f8da0bb:1 s7e1-8f514c28:1 s2e1-af2273d3:1 s8e1-a8b174a6:1 s3e1-99a97e3b:1
1786286973.413934 s1e1-a4bf772d:1 s4e1-ae17eac1:1 s5e1-9758ed11:1 s6e1-8f8da0bb:1 s7e1-8f514c28:1 s2e1-af2273d3:1 s8e1-a8b174a6:1 s3e1-99a97e3b:1
1786286973.435744 s1e1-a4bf772d:1 s4e1-ae17eac1:1 s5e1-9758ed11:1 s6e1-8f8da0bb:1 s7e1-8f514c28:1 s2e1-af2273d3:1 s8e1-a8b174a6:1 s3e1-99a97e3b:1
1786286973.457514 s1e1-a4bf772d:1 s4e1-ae17eac1:1 s5e1-9758ed11:1 s6e1-8f8da0bb:1 s7e1-8f514c28:1 s2e1-af2273d3:1 s8e1-a8b174a6:1 s3e1-99a97e3b:1
1786286973.479375 s1e1-a4bf772d:1 s4e1-ae17eac1:1 s5e1-9758ed11:1 s6e1-8f8da0bb:1 s7e1-8f514c28:1 s2e1-af2273d3:1 s8e1-a8b174a6:1 s3e1-99a97e3b:1
1786286973.501218 s1e1-a4bf772d:1 s4e1-ae17eac1:1 s5e1-9758ed11:1 s6e1-8f8da0bb:1 s7e1-8f514c28:1 s2e1-af2273d3:1 s8e1-a8b174a6:1 s3e1-99a97e3b:1
1786286973.522958 s1e1-a4bf772d:1 s4e1-ae17eac1:1 s5e1-9758ed11:1 s6e1-8f8da0bb:1 s7e1-8f514c28:1 s2e1-af2273d3:1 s8e1-a8b174a6:1 s3e1-99a97e3b:1
1786286973.544810 s1e1-a4bf772d:1 s4e1-ae17eac1:1 s5e1-9758ed11:1 s6e1-8f8da0bb:1 s7e1-8f514c28:1 s2e1-af2273d3:1 s8e1-a8b174a6:1 s3e1-99a97e3b:1
1786286973.566635 s1e1-a4bf772d:1 s4e1-ae17eac1:1 s5e1-9758ed11:1 s6e1-8f8da0bb:1 s7e1-8f514c28:1 s2e1-af2273d3:1 s8e1-a8b174a6:1 s3e1-99a97e3b:1
1786286973.588489 s1e1-a4bf772d:1 s4e1-ae17eac1:1 s5e1-9758ed11:1 s6e1-8f8da0bb:1 s7e1-8f514c28:1 s2e1-af2273d3:1 s8e1-a8b174a6:1 s3e1-99a97e3b:1
1786286973.610282 s1e1-a4bf772d:1 s4e1-ae17eac1:1 s5e1-9758ed11:1 s6e1-8f8da0bb:1 s7e1-8f514c28:1 s2e1-af2273d3:1 s8e1-a8b174a6:1 s3e1-99a97e3b:1
1786286973.632159 s1e1-a4bf772d:1 s4e1-ae17eac1:1 s5e1-9758ed11:1 s6e1-8f8da0bb:1 s7e1-8f514c28:1 s2e1-af2273d3:1 s8e1-a8b174a6:1 s3e1-99a97e3b:1
1786286973.653939 s1e1-a4bf772d:1 s4e1-ae17eac1:1 s5e1-9758ed11:1 s6e1-8f8da0bb:1 s7e1-8f514c28:1 s2e1-af2273d3:1 s8e1-a8b174a6:1 s3e1-99a97e3b:1
1786286973.675841 s1e1-a4bf772d:1 s4e1-ae17eac1:1 s5e1-9758ed11:1 s6e1-8f8da0bb:1 s7e1-8f514c28:1 s2e1-af2273d3:1 s8e1-a8b174a6:1 s3e1-99a97e3b:1
1786286973.697519 s1e1-a4bf772d:1 s4e1-ae17eac1:1 s5e1-9758ed11:1 s6e1-8f8da0bb:1 s7e1-8f514c28:1 s2e1-af2273d3:1 s8e1-a8b174a6:1 s3e1-99a97e3b:1
1786286973.719351 s1e1-a4bf772d:1 s4e1-ae17eac1:1 s5e1-9758ed11:1 s6e1-8f8da0bb:1 s7e1-8f514c28:1 s2e1-af2273d3:1 s8e1-a8b174a6:1 s3e1-99a97e3b:1
1786286973.741195 s1e1-a4bf772d:1 s4e1-ae17eac1:1 s5e1-9758ed11:1 s6e1-8f8da0bb:1 s7e1-8f514c28:1 s2e1-af2273d3:1 s8e1-a8b174a6:1 s3e1-99a97e3b:1
1786286973.762993 s1e1-a4bf772d:1 s4e1-ae17eac1:1 s5e1-9758ed11:1 s6e1-8f8da0bb:1 s7e1-8f514c28:1 s2e1-af2273d3:1 s8e1-a8b174a6:1 s3e1-99a97e3b:1
1786286973.784840 s1e1-a4bf772d:1 s4e1-ae17eac1:1 s5e1-9758ed11:1 s6e1-8f8da0bb:1 s7e1-8f514c28:1 s2e1-af2273d3:1 s8e1-a8b174a6:1 s3e1-99a97e3b:1
1786286973.806665 s1e1-a4bf772d:1 s4e1-ae17eac1:1 s5e1-9758ed11:1 s6e1-8f8da0bb:1 s7e1-8f514c28:1 s2e1-af2273d3:1 s8e1-a8b174a6:1 s3e1-99a97e3b:1
1786286973.828485 s1e1-a4bf772d:1 s4e1-ae17eac1:1 s5e1-9758ed11:1 s6e1-8f8da0bb:1 s7e1-8f514c28:1 s2e1-af2273d3:1 s8e1-a8b174a6:1 s3e1-99a97e3b:1
1786286973.850312 s1e1-a4bf772d:1 s4e1-ae17eac1:1 s5e1-9758ed11:1 s6e1-8f8da0bb:1 s7e1-8f514c28:1 s2e1-af2273d3:1 s8e1-a8b174a6:1 s3e1-99a97e3b:1
1786286973.872113 s1e1-a4bf772d:1 s4e1-ae17eac1:1 s5e1-9758ed11:1 s6e1-8f8da0bb:1 s7e1-8f514c28:1 s2e1-af2273d3:1 s8e1-a8b174a6:1 s3e1-99a97e3b:1
1786286973.894092 s1e1-a4bf772d:1 s4e1-ae17eac1:1 s5e1-9758ed11:1 s6e1-8f8da0bb:1 s7e1-8f514c28:1 s2e1-af2273d3:1 s8e1-a8b174a6:1 s3e1-99a97e3b:1
1786286973.915893 s4e1-ae17eac1:1 s5e1-9758ed11:1 s6e1-8f8da0bb:1 s7e1-8f514c28:1 s2e1-af2273d3:1 s8e1-a8b174a6:1 s3e1-99a97e3b:1
1786286975.030626 s3e1-99a97e3b:53E
1786286975.081689 s3e1-99a97e3b:1 s1e1-a4bf772d:53E s6e1-8f8da0bb:53E s7e1-8f514c28:53E s8e1-a8b174a6:53E
1786286975.132123 s3e1-99a97e3b:1 s1e1-a4bf772d:1 s6e1-8f8da0bb:1 s7e1-8f514c28:1 s8e1-a8b174a6:1 s4e1-ae17eac1:53E s5e1-9758ed11:53E s2e1-af2273d3:53E
1786286975.217201 s3e1-99a97e3b:1 s1e1-a4bf772d:1 s6e1-8f8da0bb:1 s7e1-8f514c28:1 s8e1-a8b174a6:1 s4e1-ae17eac1:1 s5e1-9758ed11:1 s2e1-af2273d3:1
1786286975.262419 s3e1-99a97e3b:1 s1e1-a4bf772d:1 s6e1-8f8da0bb:1 s7e1-8f514c28:1 s8e1-a8b174a6:1 s4e1-ae17eac1:1 s5e1-9758ed11:1 s2e1-af2273d3:1
1786286975.284069 s3e1-99a97e3b:1 s1e1-a4bf772d:1 s6e1-8f8da0bb:1 s7e1-8f514c28:1 s8e1-a8b174a6:1 s4e1-ae17eac1:1 s5e1-9758ed11:1 s2e1-af2273d3:1
1786286975.305858 s3e1-99a97e3b:1 s1e1-a4bf772d:1 s6e1-8f8da0bb:1 s7e1-8f514c28:1 s8e1-a8b174a6:1 s4e1-ae17eac1:1 s5e1-9758ed11:1 s2e1-af2273d3:1
1786286975.327867 s3e1-99a97e3b:1 s1e1-a4bf772d:1 s6e1-8f8da0bb:1 s7e1-8f514c28:1 s8e1-a8b174a6:1 s4e1-ae17eac1:1 s5e1-9758ed11:1 s2e1-af2273d3:1
1786286975.349627 s3e1-99a97e3b:1 s1e1-a4bf772d:1 s6e1-8f8da0bb:1 s7e1-8f514c28:1 s8e1-a8b174a6:1 s4e1-ae17eac1:1 s5e1-9758ed11:1 s2e1-af2273d3:1
1786286975.371503 s3e1-99a97e3b:1 s1e1-a4bf772d:1 s6e1-8f8da0bb:1 s7e1-8f514c28:1 s8e1-a8b174a6:1 s4e1-ae17eac1:1 s5e1-9758ed11:1 s2e1-af2273d3:1
1786286975.393331 s3e1-99a97e3b:1 s1e1-a4bf772d:1 s6e1-8f8da0bb:1 s7e1-8f514c28:1 s8e1-a8b174a6:1 s4e1-ae17eac1:1 s5e1-9758ed11:1 s2e1-af2273d3:1
1786286975.415198 s3e1-99a97e3b:1 s1e1-a4bf772d:1 s6e1-8f8da0bb:1 s7e1-8f514c28:1 s8e1-a8b174a6:1 s4e1-ae17eac1:1 s5e1-9758ed11:1 s2e1-af2273d3:1
1786286975.437085 s3e1-99a97e3b:1 s1e1-a4bf772d:1 s6e1-8f8da0bb:1 s7e1-8f514c28:1 s8e1-a8b174a6:1 s4e1-ae17eac1:1 s5e1-9758ed11:1 s2e1-af2273d3:1
1786286975.458951 s3e1-99a97e3b:1 s1e1-a4bf772d:1 s6e1-8f8da0bb:1 s7e1-8f514c28:1 s8e1-a8b174a6:1 s4e1-ae17eac1:1 s5e1-9758ed11:1 s2e1-af2273d3:1
1786286975.480838 s3e1-99a97e3b:1 s1e1-a4bf772d:1 s6e1-8f8da0bb:1 s7e1-8f514c28:1 s8e1-a8b174a6:1 s4e1-ae17eac1:1 s5e1-9758ed11:1 s2e1-af2273d3:1
1786286975.502714 s3e1-99a97e3b:1 s1e1-a4bf772d:1 s6e1-8f8da0bb:1 s7e1-8f514c28:1 s8e1-a8b174a6:1 s4e1-ae17eac1:1 s5e1-9758ed11:1 s2e1-af2273d3:1
1786286975.524702 s3e1-99a97e3b:1 s1e1-a4bf772d:1 s6e1-8f8da0bb:1 s7e1-8f514c28:1 s8e1-a8b174a6:1 s4e1-ae17eac1:1 s5e1-9758ed11:1 s2e1-af2273d3:1
1786286975.546553 s3e1-99a97e3b:1 s1e1-a4bf772d:1 s6e1-8f8da0bb:1 s7e1-8f514c28:1 s8e1-a8b174a6:1 s4e1-ae17eac1:1 s5e1-9758ed11:1 s2e1-af2273d3:1
1786286975.568379 s3e1-99a97e3b:1 s1e1-a4bf772d:1 s6e1-8f8da0bb:1 s7e1-8f514c28:1 s8e1-a8b174a6:1 s4e1-ae17eac1:1 s5e1-9758ed11:1 s2e1-af2273d3:1
1786286975.590196 s3e1-99a97e3b:1 s1e1-a4bf772d:1 s6e1-8f8da0bb:1 s7e1-8f514c28:1 s8e1-a8b174a6:1 s4e1-ae17eac1:1 s5e1-9758ed11:1 s2e1-af2273d3:1
1786286975.612069 s3e1-99a97e3b:1 s1e1-a4bf772d:1 s6e1-8f8da0bb:1 s7e1-8f514c28:1 s8e1-a8b174a6:1 s4e1-ae17eac1:1 s5e1-9758ed11:1 s2e1-af2273d3:1
1786286975.633878 s3e1-99a97e3b:1 s1e1-a4bf772d:1 s6e1-8f8da0bb:1 s7e1-8f514c28:1 s8e1-a8b174a6:1 s4e1-ae17eac1:1 s5e1-9758ed11:1 s2e1-af2273d3:1
1786286975.655757 s3e1-99a97e3b:1 s1e1-a4bf772d:1 s6e1-8f8da0bb:1 s7e1-8f514c28:1 s8e1-a8b174a6:1 s4e1-ae17eac1:1 s5e1-9758ed11:1 s2e1-af2273d3:1
1786286975.677645 s3e1-99a97e3b:1 s1e1-a4bf772d:1 s6e1-8f8da0bb:1 s7e1-8f514c28:1 s8e1-a8b174a6:1 s4e1-ae17eac1:1 s5e1-9758ed11:1 s2e1-af2273d3:1
1786286975.699503 s3e1-99a97e3b:1 s1e1-a4bf772d:1 s6e1-8f8da0bb:1 s7e1-8f514c28:1 s8e1-a8b174a6:1 s4e1-ae17eac1:1 s5e1-9758ed11:1 s2e1-af2273d3:1
1786286975.721363 s3e1-99a97e3b:1 s1e1-a4bf772d:1 s6e1-8f8da0bb:1 s7e1-8f514c28:1 s8e1-a8b174a6:1 s4e1-ae17eac1:1 s5e1-9758ed11:1 s2e1-af2273d3:1
1786286975.743227 s3e1-99a97e3b:1 s1e1-a4bf772d:1 s6e1-8f8da0bb:1 s7e1-8f514c28:1 s8e1-a8b174a6:1 s4e1-ae17eac1:1 s5e1-9758ed11:1 s2e1-af2273d3:1
1786286975.765156 s3e1-99a97e3b:1 s1e1-a4bf772d:1 s6e1-8f8da0bb:1 s7e1-8f514c28:1 s8e1-a8b174a6:1 s4e1-ae17eac1:1 s5e1-9758ed11:1 s2e1-af2273d3:1
1786286975.786976 s3e1-99a97e3b:1 s1e1-a4bf772d:1 s6e1-8f8da0bb:1 s7e1-8f514c28:1 s8e1-a8b174a6:1 s4e1-ae17eac1:1 s5e1-9758ed11:1 s2e1-af2273d3:1
1786286975.808876 s3e1-99a97e3b:1 s1e1-a4bf772d:1 s6e1-8f8da0bb:1 s7e1-8f514c28:1 s8e1-a8b174a6:1 s4e1-ae17eac1:1 s5e1-9758ed11:1 s2e1-af2273d3:1
1786286975.830722 s3e1-99a97e3b:1 s1e1-a4bf772d:1 s6e1-8f8da0bb:1 s7e1-8f514c28:1 s8e1-a8b174a6:1 s4e1-ae17eac1:1 s5e1-9758ed11:1 s2e1-af2273d3:1
1786286975.852605 s3e1-99a97e3b:1 s1e1-a4bf772d:1 s6e1-8f8da0bb:1 s7e1-8f514c28:1 s8e1-a8b174a6:1 s4e1-ae17eac1:1 s5e1-9758ed11:1 s2e1-af2273d3:1
1786286975.874549 s3e1-99a97e3b:1 s1e1-a4bf772d:1 s6e1-8f8da0bb:1 s7e1-8f514c28:1 s8e1-a8b174a6:1 s4e1-ae17eac1:1 s5e1-9758ed11:1 s2e1-af2273d3:1
1786286975.896682 s1e1-a4bf772d:1 s6e1-8f8da0bb:1 s7e1-8f514c28:1 s8e1-a8b174a6:1 s4e1-ae17eac1:1 s5e1-9758ed11:1 s2e1-af2273d3:1
1786286975.918810 s4e1-ae17eac1:1 s5e1-9758ed11:1 s2e1-af2273d3:1
1786286976.966511 s4e1-ae17eac1:53E
1786286977.015713 s4e1-ae17eac1:1 s5e1-9758ed11:53E
1786286977.075058 s4e1-ae17eac1:1 s5e1-9758ed11:1 s1e1-a4bf772d:53E s6e1-8f8da0bb:53E s8e1-a8b174a6:53E s2e1-af2273d3:53E
1786286977.126813 s4e1-ae17eac1:1 s5e1-9758ed11:1 s1e1-a4bf772d:1 s6e1-8f8da0bb:1 s8e1-a8b174a6:1 s2e1-af2273d3:1 s3e1-99a97e3b:53E s7e1-8f514c28:53E
1786286977.213922 s4e1-ae17eac1:1 s5e1-9758ed11:1 s1e1-a4bf772d:1 s6e1-8f8da0bb:1 s8e1-a8b174a6:1 s2e1-af2273d3:1 s3e1-99a97e3b:1 s7e1-8f514c28:1
1786286977.237639 s4e1-ae17eac1:1 s5e1-9758ed11:1 s1e1-a4bf772d:1 s6e1-8f8da0bb:1 s8e1-a8b174a6:1 s2e1-af2273d3:1 s3e1-99a97e3b:1 s7e1-8f514c28:1
1786286977.259387 s4e1-ae17eac1:1 s5e1-9758ed11:1 s1e1-a4bf772d:1 s6e1-8f8da0bb:1 s8e1-a8b174a6:1 s2e1-af2273d3:1 s3e1-99a97e3b:1 s7e1-8f514c28:1
1786286977.281217 s4e1-ae17eac1:1 s5e1-9758ed11:1 s1e1-a4bf772d:1 s6e1-8f8da0bb:1 s8e1-a8b174a6:1 s2e1-af2273d3:1 s3e1-99a97e3b:1 s7e1-8f514c28:1
1786286977.303040 s4e1-ae17eac1:1 s5e1-9758ed11:1 s1e1-a4bf772d:1 s6e1-8f8da0bb:1 s8e1-a8b174a6:1 s2e1-af2273d3:1 s3e1-99a97e3b:1 s7e1-8f514c28:1
1786286977.324950 s4e1-ae17eac1:1 s5e1-9758ed11:1 s1e1-a4bf772d:1 s6e1-8f8da0bb:1 s8e1-a8b174a6:1 s2e1-af2273d3:1 s3e1-99a97e3b:1 s7e1-8f514c28:1
1786286977.347140 s4e1-ae17eac1:1 s5e1-9758ed11:1 s1e1-a4bf772d:1 s6e1-8f8da0bb:1 s8e1-a8b174a6:1 s2e1-af2273d3:1 s3e1-99a97e3b:1 s7e1-8f514c28:1
1786286977.368969 s4e1-ae17eac1:1 s5e1-9758ed11:1 s1e1-a4bf772d:1 s6e1-8f8da0bb:1 s8e1-a8b174a6:1 s2e1-af2273d3:1 s3e1-99a97e3b:1 s7e1-8f514c28:1
1786286977.390850 s4e1-ae17eac1:1 s5e1-9758ed11:1 s1e1-a4bf772d:1 s6e1-8f8da0bb:1 s8e1-a8b174a6:1 s2e1-af2273d3:1 s3e1-99a97e3b:1 s7e1-8f514c28:1
1786286977.412791 s4e1-ae17eac1:1 s5e1-9758ed11:1 s1e1-a4bf772d:1 s6e1-8f8da0bb:1 s8e1-a8b174a6:1 s2e1-af2273d3:1 s3e1-99a97e3b:1 s7e1-8f514c28:1
1786286977.434632 s4e1-ae17eac1:1 s5e1-9758ed11:1 s1e1-a4bf772d:1 s6e1-8f8da0bb:1 s8e1-a8b174a6:1 s2e1-af2273d3:1 s3e1-99a97e3b:1 s7e1-8f514c28:1
1786286977.456491 s4e1-ae17eac1:1 s5e1-9758ed11:1 s1e1-a4bf772d:1 s6e1-8f8da0bb:1 s8e1-a8b174a6:1 s2e1-af2273d3:1 s3e1-99a97e3b:1 s7e1-8f514c28:1
1786286977.478441 s4e1-ae17eac1:1 s5e1-9758ed11:1 s1e1-a4bf772d:1 s6e1-8f8da0bb:1 s8e1-a8b174a6:1 s2e1-af2273d3:1 s3e1-99a97e3b:1 s7e1-8f514c28:1
1786286977.500376 s4e1-ae17eac1:1 s5e1-9758ed11:1 s1e1-a4bf772d:1 s6e1-8f8da0bb:1 s8e1-a8b174a6:1 s2e1-af2273d3:1 s3e1-99a97e3b:1 s7e1-8f514c28:1
1786286977.522292 s4e1-ae17eac1:1 s5e1-9758ed11:1 s1e1-a4bf772d:1 s6e1-8f8da0bb:1 s8e1-a8b174a6:1 s2e1-af2273d3:1 s3e1-99a97e3b:1 s7e1-8f514c28:1
1786286977.544245 s4e1-ae17eac1:1 s5e1-9758ed11:1 s1e1-a4bf772d:1 s6e1-8f8da0bb:1 s8e1-a8b174a6:1 s2e1-af2273d3:1 s3e1-99a97e3b:1 s7e1-8f514c28:1
1786286977.566163 s4e1-ae17eac1:1 s5e1-9758ed11:1 s1e1-a4bf772d:1 s6e1-8f8da0bb:1 s8e1-a8b174a6:1 s2e1-af2273d3:1 s3e1-99a97e3b:1 s7e1-8f514c28:1
1786286977.588197 s4e1-ae17eac1:1 s5e1-9758ed11:1 s1e1-a4bf772d:1 s6e1-8f8da0bb:1 s8e1-a8b174a6:1 s2e1-af2273d3:1 s3e1-99a97e3b:1 s7e1-8f514c28:1
1786286977.610069 s4e1-ae17eac1:1 s5e1-9758ed11:1 s1e1-a4bf772d:1 s6e1-8f8da0bb:1 s8e1-a8b174a6:1 s2e1-af2273d3:1 s3e1-99a97e3b:1 s7e1-8f514c28:1
1786286977.631977 s4e1-ae17eac1:1 s5e1-9758ed11:1 s1e1-a4bf772d:1 s6e1-8f8da0bb:1 s8e1-a8b174a6:1 s2e1-af2273d3:1 s3e1-99a97e3b:1 s7e1-8f514c28:1
1786286977.653882 s4e1-ae17eac1:1 s5e1-9758ed11:1 s1e1-a4bf772d:1 s6e1-8f8da0bb:1 s8e1-a8b174a6:1 s2e1-af2273d3:1 s3e1-99a97e3b:1 s7e1-8f514c28:1
1786286977.675807 s4e1-ae17eac1:1 s5e1-9758ed11:1 s1e1-a4bf772d:1 s6e1-8f8da0bb:1 s8e1-a8b174a6:1 s2e1-af2273d3:1 s3e1-99a97e3b:1 s7e1-8f514c28:1
1786286977.697827 s4e1-ae17eac1:1 s5e1-9758ed11:1 s1e1-a4bf772d:1 s6e1-8f8da0bb:1 s8e1-a8b174a6:1 s2e1-af2273d3:1 s3e1-99a97e3b:1 s7e1-8f514c28:1
1786286977.719650 s4e1-ae17eac1:1 s5e1-9758ed11:1 s1e1-a4bf772d:1 s6e1-8f8da0bb:1 s8e1-a8b174a6:1 s2e1-af2273d3:1 s3e1-99a97e3b:1 s7e1-8f514c28:1
1786286977.741692 s4e1-ae17eac1:1 s5e1-9758ed11:1 s1e1-a4bf772d:1 s6e1-8f8da0bb:1 s8e1-a8b174a6:1 s2e1-af2273d3:1 s3e1-99a97e3b:1 s7e1-8f514c28:1
1786286977.763740 s4e1-ae17eac1:1 s5e1-9758ed11:1 s1e1-a4bf772d:1 s6e1-8f8da0bb:1 s8e1-a8b174a6:1 s2e1-af2273d3:1 s3e1-99a97e3b:1 s7e1-8f514c28:1
1786286977.785532 s4e1-ae17eac1:1 s5e1-9758ed11:1 s1e1-a4bf772d:1 s6e1-8f8da0bb:1 s8e1-a8b174a6:1 s2e1-af2273d3:1 s3e1-99a97e3b:1 s7e1-8f514c28:1
1786286977.807424 s4e1-ae17eac1:1 s5e1-9758ed11:1 s1e1-a4bf772d:1 s6e1-8f8da0bb:1 s8e1-a8b174a6:1 s2e1-af2273d3:1 s3e1-99a97e3b:1 s7e1-8f514c28:1
1786286977.829358 s4e1-ae17eac1:1 s5e1-9758ed11:1 s1e1-a4bf772d:1 s6e1-8f8da0bb:1 s8e1-a8b174a6:1 s2e1-af2273d3:1 s3e1-99a97e3b:1 s7e1-8f514c28:1
1786286977.851442 s5e1-9758ed11:1 s1e1-a4bf772d:1 s6e1-8f8da0bb:1 s8e1-a8b174a6:1 s2e1-af2273d3:1 s3e1-99a97e3b:1 s7e1-8f514c28:1
1786286977.873735 s1e1-a4bf772d:1 s6e1-8f8da0bb:1 s8e1-a8b174a6:1 s2e1-af2273d3:1 s3e1-99a97e3b:1 s7e1-8f514c28:1
1786286977.895970 s3e1-99a97e3b:1 s7e1-8f514c28:1
1786286979.011853 s1e1-a4bf772d:53E
1786286979.069082 s1e1-a4bf772d:1 s4e1-ae17eac1:53E s5e1-9758ed11:53E s6e1-8f8da0bb:53E s2e1-af2273d3:53E s3e1-99a97e3b:53E s7e1-8f514c28:53E
1786286979.129535 s1e1-a4bf772d:1 s4e1-ae17eac1:1 s5e1-9758ed11:1 s6e1-8f8da0bb:1 s2e1-af2273d3:1 s3e1-99a97e3b:1 s7e1-8f514c28:1 s8e1-a8b174a6:53E
1786286979.259565 s1e1-a4bf772d:1 s4e1-ae17eac1:1 s5e1-9758ed11:1 s6e1-8f8da0bb:1 s2e1-af2273d3:1 s3e1-99a97e3b:1 s7e1-8f514c28:1 s8e1-a8b174a6:1
1786286979.274658 s1e1-a4bf772d:1 s4e1-ae17eac1:1 s5e1-9758ed11:1 s6e1-8f8da0bb:1 s2e1-af2273d3:1 s3e1-99a97e3b:1 s7e1-8f514c28:1 s8e1-a8b174a6:1
1786286979.296525 s1e1-a4bf772d:1 s4e1-ae17eac1:1 s5e1-9758ed11:1 s6e1-8f8da0bb:1 s2e1-af2273d3:1 s3e1-99a97e3b:1 s7e1-8f514c28:1 s8e1-a8b174a6:1
1786286979.318320 s1e1-a4bf772d:1 s4e1-ae17eac1:1 s5e1-9758ed11:1 s6e1-8f8da0bb:1 s2e1-af2273d3:1 s3e1-99a97e3b:1 s7e1-8f514c28:1 s8e1-a8b174a6:1
1786286979.340286 s1e1-a4bf772d:1 s4e1-ae17eac1:1 s5e1-9758ed11:1 s6e1-8f8da0bb:1 s2e1-af2273d3:1 s3e1-99a97e3b:1 s7e1-8f514c28:1 s8e1-a8b174a6:1
1786286979.362142 s1e1-a4bf772d:1 s4e1-ae17eac1:1 s5e1-9758ed11:1 s6e1-8f8da0bb:1 s2e1-af2273d3:1 s3e1-99a97e3b:1 s7e1-8f514c28:1 s8e1-a8b174a6:1
1786286979.384004 s1e1-a4bf772d:1 s4e1-ae17eac1:1 s5e1-9758ed11:1 s6e1-8f8da0bb:1 s2e1-af2273d3:1 s3e1-99a97e3b:1 s7e1-8f514c28:1 s8e1-a8b174a6:1
1786286979.405915 s1e1-a4bf772d:1 s4e1-ae17eac1:1 s5e1-9758ed11:1 s6e1-8f8da0bb:1 s2e1-af2273d3:1 s3e1-99a97e3b:1 s7e1-8f514c28:1 s8e1-a8b174a6:1
1786286979.427844 s1e1-a4bf772d:1 s4e1-ae17eac1:1 s5e1-9758ed11:1 s6e1-8f8da0bb:1 s2e1-af2273d3:1 s3e1-99a97e3b:1 s7e1-8f514c28:1 s8e1-a8b174a6:1
1786286979.449781 s1e1-a4bf772d:1 s4e1-ae17eac1:1 s5e1-9758ed11:1 s6e1-8f8da0bb:1 s2e1-af2273d3:1 s3e1-99a97e3b:1 s7e1-8f514c28:1 s8e1-a8b174a6:1
1786286979.471699 s1e1-a4bf772d:1 s4e1-ae17eac1:1 s5e1-9758ed11:1 s6e1-8f8da0bb:1 s2e1-af2273d3:1 s3e1-99a97e3b:1 s7e1-8f514c28:1 s8e1-a8b174a6:1
1786286979.493627 s1e1-a4bf772d:1 s4e1-ae17eac1:1 s5e1-9758ed11:1 s6e1-8f8da0bb:1 s2e1-af2273d3:1 s3e1-99a97e3b:1 s7e1-8f514c28:1 s8e1-a8b174a6:1
1786286979.515574 s1e1-a4bf772d:1 s4e1-ae17eac1:1 s5e1-9758ed11:1 s6e1-8f8da0bb:1 s2e1-af2273d3:1 s3e1-99a97e3b:1 s7e1-8f514c28:1 s8e1-a8b174a6:1
1786286979.537495 s1e1-a4bf772d:1 s4e1-ae17eac1:1 s5e1-9758ed11:1 s6e1-8f8da0bb:1 s2e1-af2273d3:1 s3e1-99a97e3b:1 s7e1-8f514c28:1 s8e1-a8b174a6:1
1786286979.559425 s1e1-a4bf772d:1 s4e1-ae17eac1:1 s5e1-9758ed11:1 s6e1-8f8da0bb:1 s2e1-af2273d3:1 s3e1-99a97e3b:1 s7e1-8f514c28:1 s8e1-a8b174a6:1
1786286979.581364 s1e1-a4bf772d:1 s4e1-ae17eac1:1 s5e1-9758ed11:1 s6e1-8f8da0bb:1 s2e1-af2273d3:1 s3e1-99a97e3b:1 s7e1-8f514c28:1 s8e1-a8b174a6:1
1786286979.603288 s1e1-a4bf772d:1 s4e1-ae17eac1:1 s5e1-9758ed11:1 s6e1-8f8da0bb:1 s2e1-af2273d3:1 s3e1-99a97e3b:1 s7e1-8f514c28:1 s8e1-a8b174a6:1
1786286979.625217 s1e1-a4bf772d:1 s4e1-ae17eac1:1 s5e1-9758ed11:1 s6e1-8f8da0bb:1 s2e1-af2273d3:1 s3e1-99a97e3b:1 s7e1-8f514c28:1 s8e1-a8b174a6:1
1786286979.647242 s1e1-a4bf772d:1 s4e1-ae17eac1:1 s5e1-9758ed11:1 s6e1-8f8da0bb:1 s2e1-af2273d3:1 s3e1-99a97e3b:1 s7e1-8f514c28:1 s8e1-a8b174a6:1
1786286979.669206 s1e1-a4bf772d:1 s4e1-ae17eac1:1 s5e1-9758ed11:1 s6e1-8f8da0bb:1 s2e1-af2273d3:1 s3e1-99a97e3b:1 s7e1-8f514c28:1 s8e1-a8b174a6:1
1786286979.691176 s1e1-a4bf772d:1 s4e1-ae17eac1:1 s5e1-9758ed11:1 s6e1-8f8da0bb:1 s2e1-af2273d3:1 s3e1-99a97e3b:1 s7e1-8f514c28:1 s8e1-a8b174a6:1
1786286979.713000 s1e1-a4bf772d:1 s4e1-ae17eac1:1 s5e1-9758ed11:1 s6e1-8f8da0bb:1 s2e1-af2273d3:1 s3e1-99a97e3b:1 s7e1-8f514c28:1 s8e1-a8b174a6:1
1786286979.734889 s1e1-a4bf772d:1 s4e1-ae17eac1:1 s5e1-9758ed11:1 s6e1-8f8da0bb:1 s2e1-af2273d3:1 s3e1-99a97e3b:1 s7e1-8f514c28:1 s8e1-a8b174a6:1
1786286979.756825 s1e1-a4bf772d:1 s4e1-ae17eac1:1 s5e1-9758ed11:1 s6e1-8f8da0bb:1 s2e1-af2273d3:1 s3e1-99a97e3b:1 s7e1-8f514c28:1 s8e1-a8b174a6:1
1786286979.778794 s1e1-a4bf772d:1 s4e1-ae17eac1:1 s5e1-9758ed11:1 s6e1-8f8da0bb:1 s2e1-af2273d3:1 s3e1-99a97e3b:1 s7e1-8f514c28:1 s8e1-a8b174a6:1
1786286979.800725 s1e1-a4bf772d:1 s4e1-ae17eac1:1 s5e1-9758ed11:1 s6e1-8f8da0bb:1 s2e1-af2273d3:1 s3e1-99a97e3b:1 s7e1-8f514c28:1 s8e1-a8b174a6:1
1786286979.822656 s1e1-a4bf772d:1 s4e1-ae17eac1:1 s5e1-9758ed11:1 s6e1-8f8da0bb:1 s2e1-af2273d3:1 s3e1-99a97e3b:1 s7e1-8f514c28:1 s8e1-a8b174a6:1
1786286979.844576 s1e1-a4bf772d:1 s4e1-ae17eac1:1 s5e1-9758ed11:1 s6e1-8f8da0bb:1 s2e1-af2273d3:1 s3e1-99a97e3b:1 s7e1-8f514c28:1 s8e1-a8b174a6:1
1786286979.866550 s1e1-a4bf772d:1 s4e1-ae17eac1:1 s5e1-9758ed11:1 s6e1-8f8da0bb:1 s2e1-af2273d3:1 s3e1-99a97e3b:1 s7e1-8f514c28:1 s8e1-a8b174a6:1
1786286979.888558 s1e1-a4bf772d:1 s4e1-ae17eac1:1 s5e1-9758ed11:1 s6e1-8f8da0bb:1 s2e1-af2273d3:1 s3e1-99a97e3b:1 s7e1-8f514c28:1 s8e1-a8b174a6:1
1786286979.910735 s4e1-ae17eac1:1 s5e1-9758ed11:1 s6e1-8f8da0bb:1 s2e1-af2273d3:1 s3e1-99a97e3b:1 s7e1-8f514c28:1 s8e1-a8b174a6:1
1786286979.933048 s8e1-a8b174a6:1
1786286980.992772 s5e1-9758ed11:53E
1786286981.047859 s5e1-9758ed11:1 s4e1-ae17eac1:53E s6e1-8f8da0bb:53E s2e1-af2273d3:53E
1786286981.115862 s5e1-9758ed11:1 s4e1-ae17eac1:1 s6e1-8f8da0bb:1 s2e1-af2273d3:1 s1e1-a4bf772d:53E s3e1-99a97e3b:53E s7e1-8f514c28:53E s8e1-a8b174a6:53E
1786286981.195568 s5e1-9758ed11:1 s4e1-ae17eac1:1 s6e1-8f8da0bb:1 s2e1-af2273d3:1 s1e1-a4bf772d:1 s3e1-99a97e3b:1 s7e1-8f514c28:1 s8e1-a8b174a6:1
1786286981.246430 s5e1-9758ed11:1 s4e1-ae17eac1:1 s6e1-8f8da0bb:1 s2e1-af2273d3:1 s1e1-a4bf772d:1 s3e1-99a97e3b:1 s7e1-8f514c28:1 s8e1-a8b174a6:1
1786286981.268111 s5e1-9758ed11:1 s4e1-ae17eac1:1 s6e1-8f8da0bb:1 s2e1-af2273d3:1 s1e1-a4bf772d:1 s3e1-99a97e3b:1 s7e1-8f514c28:1 s8e1-a8b174a6:1
1786286981.289856 s5e1-9758ed11:1 s4e1-ae17eac1:1 s6e1-8f8da0bb:1 s2e1-af2273d3:1 s1e1-a4bf772d:1 s3e1-99a97e3b:1 s7e1-8f514c28:1 s8e1-a8b174a6:1
1786286981.311753 s5e1-9758ed11:1 s4e1-ae17eac1:1 s6e1-8f8da0bb:1 s2e1-af2273d3:1 s1e1-a4bf772d:1 s3e1-99a97e3b:1 s7e1-8f514c28:1 s8e1-a8b174a6:1
1786286981.333662 s5e1-9758ed11:1 s4e1-ae17eac1:1 s6e1-8f8da0bb:1 s2e1-af2273d3:1 s1e1-a4bf772d:1 s3e1-99a97e3b:1 s7e1-8f514c28:1 s8e1-a8b174a6:1
1786286981.355540 s5e1-9758ed11:1 s4e1-ae17eac1:1 s6e1-8f8da0bb:1 s2e1-af2273d3:1 s1e1-a4bf772d:1 s3e1-99a97e3b:1 s7e1-8f514c28:1 s8e1-a8b174a6:1
1786286981.377442 s5e1-9758ed11:1 s4e1-ae17eac1:1 s6e1-8f8da0bb:1 s2e1-af2273d3:1 s1e1-a4bf772d:1 s3e1-99a97e3b:1 s7e1-8f514c28:1 s8e1-a8b174a6:1
1786286981.399361 s5e1-9758ed11:1 s4e1-ae17eac1:1 s6e1-8f8da0bb:1 s2e1-af2273d3:1 s1e1-a4bf772d:1 s3e1-99a97e3b:1 s7e1-8f514c28:1 s8e1-a8b174a6:1
1786286981.421203 s5e1-9758ed11:1 s4e1-ae17eac1:1 s6e1-8f8da0bb:1 s2e1-af2273d3:1 s1e1-a4bf772d:1 s3e1-99a97e3b:1 s7e1-8f514c28:1 s8e1-a8b174a6:1
1786286981.443114 s5e1-9758ed11:1 s4e1-ae17eac1:1 s6e1-8f8da0bb:1 s2e1-af2273d3:1 s1e1-a4bf772d:1 s3e1-99a97e3b:1 s7e1-8f514c28:1 s8e1-a8b174a6:1
1786286981.465004 s5e1-9758ed11:1 s4e1-ae17eac1:1 s6e1-8f8da0bb:1 s2e1-af2273d3:1 s1e1-a4bf772d:1 s3e1-99a97e3b:1 s7e1-8f514c28:1 s8e1-a8b174a6:1
1786286981.486930 s5e1-9758ed11:1 s4e1-ae17eac1:1 s6e1-8f8da0bb:1 s2e1-af2273d3:1 s1e1-a4bf772d:1 s3e1-99a97e3b:1 s7e1-8f514c28:1 s8e1-a8b174a6:1
1786286981.508900 s5e1-9758ed11:1 s4e1-ae17eac1:1 s6e1-8f8da0bb:1 s2e1-af2273d3:1 s1e1-a4bf772d:1 s3e1-99a97e3b:1 s7e1-8f514c28:1 s8e1-a8b174a6:1
1786286981.530868 s5e1-9758ed11:1 s4e1-ae17eac1:1 s6e1-8f8da0bb:1 s2e1-af2273d3:1 s1e1-a4bf772d:1 s3e1-99a97e3b:1 s7e1-8f514c28:1 s8e1-a8b174a6:1
1786286981.552740 s5e1-9758ed11:1 s4e1-ae17eac1:1 s6e1-8f8da0bb:1 s2e1-af2273d3:1 s1e1-a4bf772d:1 s3e1-99a97e3b:1 s7e1-8f514c28:1 s8e1-a8b174a6:1
1786286981.574724 s5e1-9758ed11:1 s4e1-ae17eac1:1 s6e1-8f8da0bb:1 s2e1-af2273d3:1 s1e1-a4bf772d:1 s3e1-99a97e3b:1 s7e1-8f514c28:1 s8e1-a8b174a6:1
1786286981.596636 s5e1-9758ed11:1 s4e1-ae17eac1:1 s6e1-8f8da0bb:1 s2e1-af2273d3:1 s1e1-a4bf772d:1 s3e1-99a97e3b:1 s7e1-8f514c28:1 s8e1-a8b174a6:1
1786286981.618652 s5e1-9758ed11:1 s4e1-ae17eac1:1 s6e1-8f8da0bb:1 s2e1-af2273d3:1 s1e1-a4bf772d:1 s3e1-99a97e3b:1 s7e1-8f514c28:1 s8e1-a8b174a6:1
1786286981.640625 s5e1-9758ed11:1 s4e1-ae17eac1:1 s6e1-8f8da0bb:1 s2e1-af2273d3:1 s1e1-a4bf772d:1 s3e1-99a97e3b:1 s7e1-8f514c28:1 s8e1-a8b174a6:1
1786286981.662618 s5e1-9758ed11:1 s4e1-ae17eac1:1 s6e1-8f8da0bb:1 s2e1-af2273d3:1 s1e1-a4bf772d:1 s3e1-99a97e3b:1 s7e1-8f514c28:1 s8e1-a8b174a6:1
1786286981.684649 s5e1-9758ed11:1 s4e1-ae17eac1:1 s6e1-8f8da0bb:1 s2e1-af2273d3:1 s1e1-a4bf772d:1 s3e1-99a97e3b:1 s7e1-8f514c28:1 s8e1-a8b174a6:1
1786286981.706631 s5e1-9758ed11:1 s4e1-ae17eac1:1 s6e1-8f8da0bb:1 s2e1-af2273d3:1 s1e1-a4bf772d:1 s3e1-99a97e3b:1 s7e1-8f514c28:1 s8e1-a8b174a6:1
1786286981.728587 s5e1-9758ed11:1 s4e1-ae17eac1:1 s6e1-8f8da0bb:1 s2e1-af2273d3:1 s1e1-a4bf772d:1 s3e1-99a97e3b:1 s7e1-8f514c28:1 s8e1-a8b174a6:1
1786286981.750582 s5e1-9758ed11:1 s4e1-ae17eac1:1 s6e1-8f8da0bb:1 s2e1-af2273d3:1 s1e1-a4bf772d:1 s3e1-99a97e3b:1 s7e1-8f514c28:1 s8e1-a8b174a6:1
1786286981.772571 s5e1-9758ed11:1 s4e1-ae17eac1:1 s6e1-8f8da0bb:1 s2e1-af2273d3:1 s1e1-a4bf772d:1 s3e1-99a97e3b:1 s7e1-8f514c28:1 s8e1-a8b174a6:1
1786286981.794546 s5e1-9758ed11:1 s4e1-ae17eac1:1 s6e1-8f8da0bb:1 s2e1-af2273d3:1 s1e1-a4bf772d:1 s3e1-99a97e3b:1 s7e1-8f514c28:1 s8e1-a8b174a6:1
1786286981.816539 s5e1-9758ed11:1 s4e1-ae17eac1:1 s6e1-8f8da0bb:1 s2e1-af2273d3:1 s1e1-a4bf772d:1 s3e1-99a97e3b:1 s7e1-8f514c28:1 s8e1-a8b174a6:1
1786286981.838642 s5e1-9758ed11:1 s4e1-ae17eac1:1 s6e1-8f8da0bb:1 s2e1-af2273d3:1 s1e1-a4bf772d:1 s3e1-99a97e3b:1 s7e1-8f514c28:1 s8e1-a8b174a6:1
1786286981.860556 s5e1-9758ed11:1 s4e1-ae17eac1:1 s6e1-8f8da0bb:1 s2e1-af2273d3:1 s1e1-a4bf772d:1 s3e1-99a97e3b:1 s7e1-8f514c28:1 s8e1-a8b174a6:1
1786286981.882807 s4e1-ae17eac1:1 s6e1-8f8da0bb:1 s2e1-af2273d3:1 s1e1-a4bf772d:1 s3e1-99a97e3b:1 s7e1-8f514c28:1 s8e1-a8b174a6:1
1786286981.905170 s1e1-a4bf772d:1 s3e1-99a97e3b:1 s7e1-8f514c28:1 s8e1-a8b174a6:1
1786286982.929090 s7e1-8f514c28:53E
1786286983.043262 s7e1-8f514c28:1 s1e1-a4bf772d:53E s8e1-a8b174a6:53E
1786286983.101823 s7e1-8f514c28:1 s1e1-a4bf772d:1 s8e1-a8b174a6:1 s5e1-9758ed11:53E s4e1-ae17eac1:53E s6e1-8f8da0bb:53E s2e1-af2273d3:53E s3e1-99a97e3b:53E
1786286983.162820 s7e1-8f514c28:1 s1e1-a4bf772d:1 s8e1-a8b174a6:1 s5e1-9758ed11:1 s4e1-ae17eac1:1 s6e1-8f8da0bb:1 s2e1-af2273d3:1 s3e1-99a97e3b:1
1786286983.251813 s7e1-8f514c28:1 s1e1-a4bf772d:1 s8e1-a8b174a6:1 s5e1-9758ed11:1 s4e1-ae17eac1:1 s6e1-8f8da0bb:1 s2e1-af2273d3:1 s3e1-99a97e3b:1
1786286983.273366 s7e1-8f514c28:1 s1e1-a4bf772d:1 s8e1-a8b174a6:1 s5e1-9758ed11:1 s4e1-ae17eac1:1 s6e1-8f8da0bb:1 s2e1-af2273d3:1 s3e1-99a97e3b:1
1786286983.295205 s7e1-8f514c28:1 s1e1-a4bf772d:1 s8e1-a8b174a6:1 s5e1-9758ed11:1 s4e1-ae17eac1:1 s6e1-8f8da0bb:1 s2e1-af2273d3:1 s3e1-99a97e3b:1
1786286983.317208 s7e1-8f514c28:1 s1e1-a4bf772d:1 s8e1-a8b174a6:1 s5e1-9758ed11:1 s4e1-ae17eac1:1 s6e1-8f8da0bb:1 s2e1-af2273d3:1 s3e1-99a97e3b:1
1786286983.339661 s7e1-8f514c28:1 s1e1-a4bf772d:1 s8e1-a8b174a6:1 s5e1-9758ed11:1 s4e1-ae17eac1:1 s6e1-8f8da0bb:1 s2e1-af2273d3:1 s3e1-99a97e3b:1
1786286983.361418 s7e1-8f514c28:1 s1e1-a4bf772d:1 s8e1-a8b174a6:1 s5e1-9758ed11:1 s4e1-ae17eac1:1 s6e1-8f8da0bb:1 s2e1-af2273d3:1 s3e1-99a97e3b:1
1786286983.383570 s7e1-8f514c28:1 s1e1-a4bf772d:1 s8e1-a8b174a6:1 s5e1-9758ed11:1 s4e1-ae17eac1:1 s6e1-8f8da0bb:1 s2e1-af2273d3:1 s3e1-99a97e3b:1
1786286983.405782 s7e1-8f514c28:1 s1e1-a4bf772d:1 s8e1-a8b174a6:1 s5e1-9758ed11:1 s4e1-ae17eac1:1 s6e1-8f8da0bb:1 s2e1-af2273d3:1 s3e1-99a97e3b:1
1786286983.428132 s7e1-8f514c28:1 s1e1-a4bf772d:1 s8e1-a8b174a6:1 s5e1-9758ed11:1 s4e1-ae17eac1:1 s6e1-8f8da0bb:1 s2e1-af2273d3:1 s3e1-99a97e3b:1
1786286983.450330 s7e1-8f514c28:1 s1e1-a4bf772d:1 s8e1-a8b174a6:1 s5e1-9758ed11:1 s4e1-ae17eac1:1 s6e1-8f8da0bb:1 s2e1-af2273d3:1 s3e1-99a97e3b:1
1786286983.472578 s7e1-8f514c28:1 s1e1-a4bf772d:1 s8e1-a8b174a6:1 s5e1-9758ed11:1 s4e1-ae17eac1:1 s6e1-8f8da0bb:1 s2e1-af2273d3:1 s3e1-99a97e3b:1
1786286983.494702 s7e1-8f514c28:1 s1e1-a4bf772d:1 s8e1-a8b174a6:1 s5e1-9758ed11:1 s4e1-ae17eac1:1 s6e1-8f8da0bb:1 s2e1-af2273d3:1 s3e1-99a97e3b:1
1786286983.516934 s7e1-8f514c28:1 s1e1-a4bf772d:1 s8e1-a8b174a6:1 s5e1-9758ed11:1 s4e1-ae17eac1:1 s6e1-8f8da0bb:1 s2e1-af2273d3:1 s3e1-99a97e3b:1
1786286983.539166 s7e1-8f514c28:1 s1e1-a4bf772d:1 s8e1-a8b174a6:1 s5e1-9758ed11:1 s4e1-ae17eac1:1 s6e1-8f8da0bb:1 s2e1-af2273d3:1 s3e1-99a97e3b:1
1786286983.561399 s7e1-8f514c28:1 s1e1-a4bf772d:1 s8e1-a8b174a6:1 s5e1-9758ed11:1 s4e1-ae17eac1:1 s6e1-8f8da0bb:1 s2e1-af2273d3:1 s3e1-99a97e3b:1
1786286983.583642 s7e1-8f514c28:1 s1e1-a4bf772d:1 s8e1-a8b174a6:1 s5e1-9758ed11:1 s4e1-ae17eac1:1 s6e1-8f8da0bb:1 s2e1-af2273d3:1 s3e1-99a97e3b:1
1786286983.605865 s7e1-8f514c28:1 s1e1-a4bf772d:1 s8e1-a8b174a6:1 s5e1-9758ed11:1 s4e1-ae17eac1:1 s6e1-8f8da0bb:1 s2e1-af2273d3:1 s3e1-99a97e3b:1
1786286983.628200 s7e1-8f514c28:1 s1e1-a4bf772d:1 s8e1-a8b174a6:1 s5e1-9758ed11:1 s4e1-ae17eac1:1 s6e1-8f8da0bb:1 s2e1-af2273d3:1 s3e1-99a97e3b:1
1786286983.650351 s7e1-8f514c28:1 s1e1-a4bf772d:1 s8e1-a8b174a6:1 s5e1-9758ed11:1 s4e1-ae17eac1:1 s6e1-8f8da0bb:1 s2e1-af2273d3:1 s3e1-99a97e3b:1
1786286983.672592 s7e1-8f514c28:1 s1e1-a4bf772d:1 s8e1-a8b174a6:1 s5e1-9758ed11:1 s4e1-ae17eac1:1 s6e1-8f8da0bb:1 s2e1-af2273d3:1 s3e1-99a97e3b:1
1786286983.694779 s7e1-8f514c28:1 s1e1-a4bf772d:1 s8e1-a8b174a6:1 s5e1-9758ed11:1 s4e1-ae17eac1:1 s6e1-8f8da0bb:1 s2e1-af2273d3:1 s3e1-99a97e3b:1
1786286983.717020 s7e1-8f514c28:1 s1e1-a4bf772d:1 s8e1-a8b174a6:1 s5e1-9758ed11:1 s4e1-ae17eac1:1 s6e1-8f8da0bb:1 s2e1-af2273d3:1 s3e1-99a97e3b:1
1786286983.739280 s7e1-8f514c28:1 s1e1-a4bf772d:1 s8e1-a8b174a6:1 s5e1-9758ed11:1 s4e1-ae17eac1:1 s6e1-8f8da0bb:1 s2e1-af2273d3:1 s3e1-99a97e3b:1
1786286983.761497 s7e1-8f514c28:1 s1e1-a4bf772d:1 s8e1-a8b174a6:1 s5e1-9758ed11:1 s4e1-ae17eac1:1 s6e1-8f8da0bb:1 s2e1-af2273d3:1 s3e1-99a97e3b:1
1786286983.783826 s7e1-8f514c28:1 s1e1-a4bf772d:1 s8e1-a8b174a6:1 s5e1-9758ed11:1 s4e1-ae17eac1:1 s6e1-8f8da0bb:1 s2e1-af2273d3:1 s3e1-99a97e3b:1
1786286983.806044 s7e1-8f514c28:1 s1e1-a4bf772d:1 s8e1-a8b174a6:1 s5e1-9758ed11:1 s4e1-ae17eac1:1 s6e1-8f8da0bb:1 s2e1-af2273d3:1 s3e1-99a97e3b:1
1786286983.828312 s7e1-8f514c28:1 s1e1-a4bf772d:1 s8e1-a8b174a6:1 s5e1-9758ed11:1 s4e1-ae17eac1:1 s6e1-8f8da0bb:1 s2e1-af2273d3:1 s3e1-99a97e3b:1
1786286983.850444 s7e1-8f514c28:1 s1e1-a4bf772d:1 s8e1-a8b174a6:1 s5e1-9758ed11:1 s4e1-ae17eac1:1 s6e1-8f8da0bb:1 s2e1-af2273d3:1 s3e1-99a97e3b:1
1786286983.872811 s7e1-8f514c28:1 s1e1-a4bf772d:1 s8e1-a8b174a6:1 s5e1-9758ed11:1 s4e1-ae17eac1:1 s6e1-8f8da0bb:1 s2e1-af2273d3:1 s3e1-99a97e3b:1
1786286983.895314 s1e1-a4bf772d:1 s8e1-a8b174a6:1 s5e1-9758ed11:1 s4e1-ae17eac1:1 s6e1-8f8da0bb:1 s2e1-af2273d3:1 s3e1-99a97e3b:1
1786286983.918080 s5e1-9758ed11:1 s4e1-ae17eac1:1 s6e1-8f8da0bb:1 s2e1-af2273d3:1 s3e1-99a97e3b:1
1786286984.912301 s5e1-9758ed11:53E
1786286984.969686 s5e1-9758ed11:1
1786286984.973128 s5e1-9758ed11:1
1786286984.991753 s5e1-9758ed11:1
1786286985.011629 s5e1-9758ed11:1
1786286985.031679 s5e1-9758ed11:1 s6e1-8f8da0bb:53E
1786286985.101429 s5e1-9758ed11:1 s6e1-8f8da0bb:1 s7e1-8f514c28:53E s1e1-a4bf772d:53E s8e1-a8b174a6:53E s4e1-ae17eac1:53E s2e1-af2273d3:53E s3e1-99a97e3b:53E
1786286985.166265 s5e1-9758ed11:1 s6e1-8f8da0bb:1 s7e1-8f514c28:1 s1e1-a4bf772d:1 s8e1-a8b174a6:1 s4e1-ae17eac1:1 s2e1-af2273d3:1 s3e1-99a97e3b:1
1786286985.256462 s5e1-9758ed11:1 s6e1-8f8da0bb:1 s7e1-8f514c28:1 s1e1-a4bf772d:1 s8e1-a8b174a6:1 s4e1-ae17eac1:1 s2e1-af2273d3:1 s3e1-99a97e3b:1
1786286985.278131 s5e1-9758ed11:1 s6e1-8f8da0bb:1 s7e1-8f514c28:1 s1e1-a4bf772d:1 s8e1-a8b174a6:1 s4e1-ae17eac1:1 s2e1-af2273d3:1 s3e1-99a97e3b:1
1786286985.300017 s5e1-9758ed11:1 s6e1-8f8da0bb:1 s7e1-8f514c28:1 s1e1-a4bf772d:1 s8e1-a8b174a6:1 s4e1-ae17eac1:1 s2e1-af2273d3:1 s3e1-99a97e3b:1
1786286985.322045 s5e1-9758ed11:1 s6e1-8f8da0bb:1 s7e1-8f514c28:1 s1e1-a4bf772d:1 s8e1-a8b174a6:1 s4e1-ae17eac1:1 s2e1-af2273d3:1 s3e1-99a97e3b:1
1786286985.344323 s5e1-9758ed11:1 s6e1-8f8da0bb:1 s7e1-8f514c28:1 s1e1-a4bf772d:1 s8e1-a8b174a6:1 s4e1-ae17eac1:1 s2e1-af2273d3:1 s3e1-99a97e3b:1
1786286985.366518 s5e1-9758ed11:1 s6e1-8f8da0bb:1 s7e1-8f514c28:1 s1e1-a4bf772d:1 s8e1-a8b174a6:1 s4e1-ae17eac1:1 s2e1-af2273d3:1 s3e1-99a97e3b:1
1786286985.388515 s5e1-9758ed11:1 s6e1-8f8da0bb:1 s7e1-8f514c28:1 s1e1-a4bf772d:1 s8e1-a8b174a6:1 s4e1-ae17eac1:1 s2e1-af2273d3:1 s3e1-99a97e3b:1
1786286985.410749 s5e1-9758ed11:1 s6e1-8f8da0bb:1 s7e1-8f514c28:1 s1e1-a4bf772d:1 s8e1-a8b174a6:1 s4e1-ae17eac1:1 s2e1-af2273d3:1 s3e1-99a97e3b:1
1786286985.432990 s5e1-9758ed11:1 s6e1-8f8da0bb:1 s7e1-8f514c28:1 s1e1-a4bf772d:1 s8e1-a8b174a6:1 s4e1-ae17eac1:1 s2e1-af2273d3:1 s3e1-99a97e3b:1
1786286985.455201 s5e1-9758ed11:1 s6e1-8f8da0bb:1 s7e1-8f514c28:1 s1e1-a4bf772d:1 s8e1-a8b174a6:1 s4e1-ae17eac1:1 s2e1-af2273d3:1 s3e1-99a97e3b:1
1786286985.477435 s5e1-9758ed11:1 s6e1-8f8da0bb:1 s7e1-8f514c28:1 s1e1-a4bf772d:1 s8e1-a8b174a6:1 s4e1-ae17eac1:1 s2e1-af2273d3:1 s3e1-99a97e3b:1
1786286985.499678 s5e1-9758ed11:1 s6e1-8f8da0bb:1 s7e1-8f514c28:1 s1e1-a4bf772d:1 s8e1-a8b174a6:1 s4e1-ae17eac1:1 s2e1-af2273d3:1 s3e1-99a97e3b:1
1786286985.521929 s5e1-9758ed11:1 s6e1-8f8da0bb:1 s7e1-8f514c28:1 s1e1-a4bf772d:1 s8e1-a8b174a6:1 s4e1-ae17eac1:1 s2e1-af2273d3:1 s3e1-99a97e3b:1
1786286985.544151 s5e1-9758ed11:1 s6e1-8f8da0bb:1 s7e1-8f514c28:1 s1e1-a4bf772d:1 s8e1-a8b174a6:1 s4e1-ae17eac1:1 s2e1-af2273d3:1 s3e1-99a97e3b:1
1786286985.566366 s5e1-9758ed11:1 s6e1-8f8da0bb:1 s7e1-8f514c28:1 s1e1-a4bf772d:1 s8e1-a8b174a6:1 s4e1-ae17eac1:1 s2e1-af2273d3:1 s3e1-99a97e3b:1
1786286985.588703 s5e1-9758ed11:1 s6e1-8f8da0bb:1 s7e1-8f514c28:1 s1e1-a4bf772d:1 s8e1-a8b174a6:1 s4e1-ae17eac1:1 s2e1-af2273d3:1 s3e1-99a97e3b:1
1786286985.610951 s5e1-9758ed11:1 s6e1-8f8da0bb:1 s7e1-8f514c28:1 s1e1-a4bf772d:1 s8e1-a8b174a6:1 s4e1-ae17eac1:1 s2e1-af2273d3:1 s3e1-99a97e3b:1
1786286985.633135 s5e1-9758ed11:1 s6e1-8f8da0bb:1 s7e1-8f514c28:1 s1e1-a4bf772d:1 s8e1-a8b174a6:1 s4e1-ae17eac1:1 s2e1-af2273d3:1 s3e1-99a97e3b:1
1786286985.655392 s5e1-9758ed11:1 s6e1-8f8da0bb:1 s7e1-8f514c28:1 s1e1-a4bf772d:1 s8e1-a8b174a6:1 s4e1-ae17eac1:1 s2e1-af2273d3:1 s3e1-99a97e3b:1
1786286985.677636 s5e1-9758ed11:1 s6e1-8f8da0bb:1 s7e1-8f514c28:1 s1e1-a4bf772d:1 s8e1-a8b174a6:1 s4e1-ae17eac1:1 s2e1-af2273d3:1 s3e1-99a97e3b:1
1786286985.700037 s5e1-9758ed11:1 s6e1-8f8da0bb:1 s7e1-8f514c28:1 s1e1-a4bf772d:1 s8e1-a8b174a6:1 s4e1-ae17eac1:1 s2e1-af2273d3:1 s3e1-99a97e3b:1
1786286985.722265 s5e1-9758ed11:1 s6e1-8f8da0bb:1 s7e1-8f514c28:1 s1e1-a4bf772d:1 s8e1-a8b174a6:1 s4e1-ae17eac1:1 s2e1-af2273d3:1 s3e1-99a97e3b:1
1786286985.744462 s5e1-9758ed11:1 s6e1-8f8da0bb:1 s7e1-8f514c28:1 s1e1-a4bf772d:1 s8e1-a8b174a6:1 s4e1-ae17eac1:1 s2e1-af2273d3:1 s3e1-99a97e3b:1
1786286985.766607 s5e1-9758ed11:1 s6e1-8f8da0bb:1 s7e1-8f514c28:1 s1e1-a4bf772d:1 s8e1-a8b174a6:1 s4e1-ae17eac1:1 s2e1-af2273d3:1 s3e1-99a97e3b:1
1786286985.788857 s5e1-9758ed11:1 s6e1-8f8da0bb:1 s7e1-8f514c28:1 s1e1-a4bf772d:1 s8e1-a8b174a6:1 s4e1-ae17eac1:1 s2e1-af2273d3:1 s3e1-99a97e3b:1
1786286985.811327 s6e1-8f8da0bb:1 s7e1-8f514c28:1 s1e1-a4bf772d:1 s8e1-a8b174a6:1 s4e1-ae17eac1:1 s2e1-af2273d3:1 s3e1-99a97e3b:1
1786286985.833926 s6e1-8f8da0bb:1 s7e1-8f514c28:1 s1e1-a4bf772d:1 s8e1-a8b174a6:1 s4e1-ae17eac1:1 s2e1-af2273d3:1 s3e1-99a97e3b:1
1786286985.856549 s6e1-8f8da0bb:1 s7e1-8f514c28:1 s1e1-a4bf772d:1 s8e1-a8b174a6:1 s4e1-ae17eac1:1 s2e1-af2273d3:1 s3e1-99a97e3b:1
1786286985.879205 s6e1-8f8da0bb:1 s7e1-8f514c28:1 s1e1-a4bf772d:1 s8e1-a8b174a6:1 s4e1-ae17eac1:1 s2e1-af2273d3:1 s3e1-99a97e3b:1
1786286985.901804 s6e1-8f8da0bb:1 s7e1-8f514c28:1 s1e1-a4bf772d:1 s8e1-a8b174a6:1 s4e1-ae17eac1:1 s2e1-af2273d3:1 s3e1-99a97e3b:1
1786286985.924306 s7e1-8f514c28:1 s1e1-a4bf772d:1 s8e1-a8b174a6:1 s4e1-ae17eac1:1 s2e1-af2273d3:1 s3e1-99a97e3b:1
1786286987.021259 s1e1-a4bf772d:53E
1786286987.084476 s1e1-a4bf772d:1 s5e1-9758ed11:53E s6e1-8f8da0bb:53E s7e1-8f514c28:53E s8e1-a8b174a6:53E s4e1-ae17eac1:53E s2e1-af2273d3:53E s3e1-99a97e3b:53E
1786286987.152070 s1e1-a4bf772d:1 s5e1-9758ed11:1 s6e1-8f8da0bb:1 s7e1-8f514c28:1 s8e1-a8b174a6:1 s4e1-ae17eac1:1 s2e1-af2273d3:1 s3e1-99a97e3b:1
1786286987.243023 s1e1-a4bf772d:1 s5e1-9758ed11:1 s6e1-8f8da0bb:1 s7e1-8f514c28:1 s8e1-a8b174a6:1 s4e1-ae17eac1:1 s2e1-af2273d3:1 s3e1-99a97e3b:1
1786286987.264594 s1e1-a4bf772d:1 s5e1-9758ed11:1 s6e1-8f8da0bb:1 s7e1-8f514c28:1 s8e1-a8b174a6:1 s4e1-ae17eac1:1 s2e1-af2273d3:1 s3e1-99a97e3b:1
1786286987.286571 s1e1-a4bf772d:1 s5e1-9758ed11:1 s6e1-8f8da0bb:1 s7e1-8f514c28:1 s8e1-a8b174a6:1 s4e1-ae17eac1:1 s2e1-af2273d3:1 s3e1-99a97e3b:1
1786286987.308655 s1e1-a4bf772d:1 s5e1-9758ed11:1 s6e1-8f8da0bb:1 s7e1-8f514c28:1 s8e1-a8b174a6:1 s4e1-ae17eac1:1 s2e1-af2273d3:1 s3e1-99a97e3b:1
1786286987.330859 s1e1-a4bf772d:1 s5e1-9758ed11:1 s6e1-8f8da0bb:1 s7e1-8f514c28:1 s8e1-a8b174a6:1 s4e1-ae17eac1:1 s2e1-af2273d3:1 s3e1-99a97e3b:1
1786286987.353076 s1e1-a4bf772d:1 s5e1-9758ed11:1 s6e1-8f8da0bb:1 s7e1-8f514c28:1 s8e1-a8b174a6:1 s4e1-ae17eac1:1 s2e1-af2273d3:1 s3e1-99a97e3b:1
1786286987.375324 s1e1-a4bf772d:1 s5e1-9758ed11:1 s6e1-8f8da0bb:1 s7e1-8f514c28:1 s8e1-a8b174a6:1 s4e1-ae17eac1:1 s2e1-af2273d3:1 s3e1-99a97e3b:1
1786286987.397447 s1e1-a4bf772d:1 s5e1-9758ed11:1 s6e1-8f8da0bb:1 s7e1-8f514c28:1 s8e1-a8b174a6:1 s4e1-ae17eac1:1 s2e1-af2273d3:1 s3e1-99a97e3b:1
1786286987.419665 s1e1-a4bf772d:1 s5e1-9758ed11:1 s6e1-8f8da0bb:1 s7e1-8f514c28:1 s8e1-a8b174a6:1 s4e1-ae17eac1:1 s2e1-af2273d3:1 s3e1-99a97e3b:1
1786286987.441832 s1e1-a4bf772d:1 s5e1-9758ed11:1 s6e1-8f8da0bb:1 s7e1-8f514c28:1 s8e1-a8b174a6:1 s4e1-ae17eac1:1 s2e1-af2273d3:1 s3e1-99a97e3b:1
1786286987.463992 s1e1-a4bf772d:1 s5e1-9758ed11:1 s6e1-8f8da0bb:1 s7e1-8f514c28:1 s8e1-a8b174a6:1 s4e1-ae17eac1:1 s2e1-af2273d3:1 s3e1-99a97e3b:1
1786286987.486194 s1e1-a4bf772d:1 s5e1-9758ed11:1 s6e1-8f8da0bb:1 s7e1-8f514c28:1 s8e1-a8b174a6:1 s4e1-ae17eac1:1 s2e1-af2273d3:1 s3e1-99a97e3b:1
1786286987.508409 s1e1-a4bf772d:1 s5e1-9758ed11:1 s6e1-8f8da0bb:1 s7e1-8f514c28:1 s8e1-a8b174a6:1 s4e1-ae17eac1:1 s2e1-af2273d3:1 s3e1-99a97e3b:1
1786286987.530606 s1e1-a4bf772d:1 s5e1-9758ed11:1 s6e1-8f8da0bb:1 s7e1-8f514c28:1 s8e1-a8b174a6:1 s4e1-ae17eac1:1 s2e1-af2273d3:1 s3e1-99a97e3b:1
1786286987.552881 s1e1-a4bf772d:1 s5e1-9758ed11:1 s6e1-8f8da0bb:1 s7e1-8f514c28:1 s8e1-a8b174a6:1 s4e1-ae17eac1:1 s2e1-af2273d3:1 s3e1-99a97e3b:1
1786286987.575048 s1e1-a4bf772d:1 s5e1-9758ed11:1 s6e1-8f8da0bb:1 s7e1-8f514c28:1 s8e1-a8b174a6:1 s4e1-ae17eac1:1 s2e1-af2273d3:1 s3e1-99a97e3b:1
1786286987.597328 s1e1-a4bf772d:1 s5e1-9758ed11:1 s6e1-8f8da0bb:1 s7e1-8f514c28:1 s8e1-a8b174a6:1 s4e1-ae17eac1:1 s2e1-af2273d3:1 s3e1-99a97e3b:1
1786286987.619380 s1e1-a4bf772d:1 s5e1-9758ed11:1 s6e1-8f8da0bb:1 s7e1-8f514c28:1 s8e1-a8b174a6:1 s4e1-ae17eac1:1 s2e1-af2273d3:1 s3e1-99a97e3b:1
1786286987.641609 s1e1-a4bf772d:1 s5e1-9758ed11:1 s6e1-8f8da0bb:1 s7e1-8f514c28:1 s8e1-a8b174a6:1 s4e1-ae17eac1:1 s2e1-af2273d3:1 s3e1-99a97e3b:1
1786286987.663813 s1e1-a4bf772d:1 s5e1-9758ed11:1 s6e1-8f8da0bb:1 s7e1-8f514c28:1 s8e1-a8b174a6:1 s4e1-ae17eac1:1 s2e1-af2273d3:1 s3e1-99a97e3b:1
1786286987.686803 s1e1-a4bf772d:1 s5e1-9758ed11:1 s6e1-8f8da0bb:1 s7e1-8f514c28:1 s8e1-a8b174a6:1 s4e1-ae17eac1:1 s2e1-af2273d3:1 s3e1-99a97e3b:1
1786286987.708275 s1e1-a4bf772d:1 s5e1-9758ed11:1 s6e1-8f8da0bb:1 s7e1-8f514c28:1 s8e1-a8b174a6:1 s4e1-ae17eac1:1 s2e1-af2273d3:1 s3e1-99a97e3b:1
1786286987.730528 s1e1-a4bf772d:1 s5e1-9758ed11:1 s6e1-8f8da0bb:1 s7e1-8f514c28:1 s8e1-a8b174a6:1 s4e1-ae17eac1:1 s2e1-af2273d3:1 s3e1-99a97e3b:1
1786286987.752773 s1e1-a4bf772d:1 s5e1-9758ed11:1 s6e1-8f8da0bb:1 s7e1-8f514c28:1 s8e1-a8b174a6:1 s4e1-ae17eac1:1 s2e1-af2273d3:1 s3e1-99a97e3b:1
1786286987.775057 s1e1-a4bf772d:1 s5e1-9758ed11:1 s6e1-8f8da0bb:1 s7e1-8f514c28:1 s8e1-a8b174a6:1 s4e1-ae17eac1:1 s2e1-af2273d3:1 s3e1-99a97e3b:1
1786286987.797313 s1e1-a4bf772d:1 s5e1-9758ed11:1 s6e1-8f8da0bb:1 s7e1-8f514c28:1 s8e1-a8b174a6:1 s4e1-ae17eac1:1 s2e1-af2273d3:1 s3e1-99a97e3b:1
1786286987.819577 s1e1-a4bf772d:1 s5e1-9758ed11:1 s6e1-8f8da0bb:1 s7e1-8f514c28:1 s8e1-a8b174a6:1 s4e1-ae17eac1:1 s2e1-af2273d3:1 s3e1-99a97e3b:1
1786286987.841835 s1e1-a4bf772d:1 s5e1-9758ed11:1 s6e1-8f8da0bb:1 s7e1-8f514c28:1 s8e1-a8b174a6:1 s4e1-ae17eac1:1 s2e1-af2273d3:1 s3e1-99a97e3b:1
1786286987.864122 s1e1-a4bf772d:1 s5e1-9758ed11:1 s6e1-8f8da0bb:1 s7e1-8f514c28:1 s8e1-a8b174a6:1 s4e1-ae17eac1:1 s2e1-af2273d3:1 s3e1-99a97e3b:1
1786286987.886458 s1e1-a4bf772d:1 s5e1-9758ed11:1 s6e1-8f8da0bb:1 s7e1-8f514c28:1 s8e1-a8b174a6:1 s4e1-ae17eac1:1 s2e1-af2273d3:1 s3e1-99a97e3b:1
1786286987.909039 s5e1-9758ed11:1 s6e1-8f8da0bb:1 s7e1-8f514c28:1 s8e1-a8b174a6:1 s4e1-ae17eac1:1 s2e1-af2273d3:1 s3e1-99a97e3b:1
1786286989.040677 s8e1-a8b174a6:53E
1786286989.105065 s8e1-a8b174a6:1 s1e1-a4bf772d:53E s5e1-9758ed11:53E s6e1-8f8da0bb:53E s7e1-8f514c28:53E s4e1-ae17eac1:53E s2e1-af2273d3:53E s3e1-99a97e3b:53E
1786286989.172159 s8e1-a8b174a6:1 s1e1-a4bf772d:1 s5e1-9758ed11:1 s6e1-8f8da0bb:1 s7e1-8f514c28:1 s4e1-ae17eac1:1 s2e1-af2273d3:1 s3e1-99a97e3b:1
1786286989.263433 s8e1-a8b174a6:1 s1e1-a4bf772d:1 s5e1-9758ed11:1 s6e1-8f8da0bb:1 s7e1-8f514c28:1 s4e1-ae17eac1:1 s2e1-af2273d3:1 s3e1-99a97e3b:1
1786286989.285149 s8e1-a8b174a6:1 s1e1-a4bf772d:1 s5e1-9758ed11:1 s6e1-8f8da0bb:1 s7e1-8f514c28:1 s4e1-ae17eac1:1 s2e1-af2273d3:1 s3e1-99a97e3b:1
1786286989.307128 s8e1-a8b174a6:1 s1e1-a4bf772d:1 s5e1-9758ed11:1 s6e1-8f8da0bb:1 s7e1-8f514c28:1 s4e1-ae17eac1:1 s2e1-af2273d3:1 s3e1-99a97e3b:1
1786286989.329217 s8e1-a8b174a6:1 s1e1-a4bf772d:1 s5e1-9758ed11:1 s6e1-8f8da0bb:1 s7e1-8f514c28:1 s4e1-ae17eac1:1 s2e1-af2273d3:1 s3e1-99a97e3b:1
1786286989.351408 s8e1-a8b174a6:1 s1e1-a4bf772d:1 s5e1-9758ed11:1 s6e1-8f8da0bb:1 s7e1-8f514c28:1 s4e1-ae17eac1:1 s2e1-af2273d3:1 s3e1-99a97e3b:1
1786286989.373584 s8e1-a8b174a6:1 s1e1-a4bf772d:1 s5e1-9758ed11:1 s6e1-8f8da0bb:1 s7e1-8f514c28:1 s4e1-ae17eac1:1 s2e1-af2273d3:1 s3e1-99a97e3b:1
1786286989.395755 s8e1-a8b174a6:1 s1e1-a4bf772d:1 s5e1-9758ed11:1 s6e1-8f8da0bb:1 s7e1-8f514c28:1 s4e1-ae17eac1:1 s2e1-af2273d3:1 s3e1-99a97e3b:1
1786286989.417949 s8e1-a8b174a6:1 s1e1-a4bf772d:1 s5e1-9758ed11:1 s6e1-8f8da0bb:1 s7e1-8f514c28:1 s4e1-ae17eac1:1 s2e1-af2273d3:1 s3e1-99a97e3b:1
1786286989.440090 s8e1-a8b174a6:1 s1e1-a4bf772d:1 s5e1-9758ed11:1 s6e1-8f8da0bb:1 s7e1-8f514c28:1 s4e1-ae17eac1:1 s2e1-af2273d3:1 s3e1-99a97e3b:1
1786286989.462345 s8e1-a8b174a6:1 s1e1-a4bf772d:1 s5e1-9758ed11:1 s6e1-8f8da0bb:1 s7e1-8f514c28:1 s4e1-ae17eac1:1 s2e1-af2273d3:1 s3e1-99a97e3b:1
1786286989.484734 s8e1-a8b174a6:1 s1e1-a4bf772d:1 s5e1-9758ed11:1 s6e1-8f8da0bb:1 s7e1-8f514c28:1 s4e1-ae17eac1:1 s2e1-af2273d3:1 s3e1-99a97e3b:1
1786286989.507029 s8e1-a8b174a6:1 s1e1-a4bf772d:1 s5e1-9758ed11:1 s6e1-8f8da0bb:1 s7e1-8f514c28:1 s4e1-ae17eac1:1 s2e1-af2273d3:1 s3e1-99a97e3b:1
1786286989.529128 s8e1-a8b174a6:1 s1e1-a4bf772d:1 s5e1-9758ed11:1 s6e1-8f8da0bb:1 s7e1-8f514c28:1 s4e1-ae17eac1:1 s2e1-af2273d3:1 s3e1-99a97e3b:1
1786286989.551395 s8e1-a8b174a6:1 s1e1-a4bf772d:1 s5e1-9758ed11:1 s6e1-8f8da0bb:1 s7e1-8f514c28:1 s4e1-ae17eac1:1 s2e1-af2273d3:1 s3e1-99a97e3b:1
1786286989.573657 s8e1-a8b174a6:1 s1e1-a4bf772d:1 s5e1-9758ed11:1 s6e1-8f8da0bb:1 s7e1-8f514c28:1 s4e1-ae17eac1:1 s2e1-af2273d3:1 s3e1-99a97e3b:1
1786286989.595903 s8e1-a8b174a6:1 s1e1-a4bf772d:1 s5e1-9758ed11:1 s6e1-8f8da0bb:1 s7e1-8f514c28:1 s4e1-ae17eac1:1 s2e1-af2273d3:1 s3e1-99a97e3b:1
1786286989.618197 s8e1-a8b174a6:1 s1e1-a4bf772d:1 s5e1-9758ed11:1 s6e1-8f8da0bb:1 s7e1-8f514c28:1 s4e1-ae17eac1:1 s2e1-af2273d3:1 s3e1-99a97e3b:1
1786286989.640444 s8e1-a8b174a6:1 s1e1-a4bf772d:1 s5e1-9758ed11:1 s6e1-8f8da0bb:1 s7e1-8f514c28:1 s4e1-ae17eac1:1 s2e1-af2273d3:1 s3e1-99a97e3b:1
1786286989.662716 s8e1-a8b174a6:1 s1e1-a4bf772d:1 s5e1-9758ed11:1 s6e1-8f8da0bb:1 s7e1-8f514c28:1 s4e1-ae17eac1:1 s2e1-af2273d3:1 s3e1-99a97e3b:1
1786286989.685020 s8e1-a8b174a6:1 s1e1-a4bf772d:1 s5e1-9758ed11:1 s6e1-8f8da0bb:1 s7e1-8f514c28:1 s4e1-ae17eac1:1 s2e1-af2273d3:1 s3e1-99a97e3b:1
1786286989.707299 s8e1-a8b174a6:1 s1e1-a4bf772d:1 s5e1-9758ed11:1 s6e1-8f8da0bb:1 s7e1-8f514c28:1 s4e1-ae17eac1:1 s2e1-af2273d3:1 s3e1-99a97e3b:1
1786286989.729583 s8e1-a8b174a6:1 s1e1-a4bf772d:1 s5e1-9758ed11:1 s6e1-8f8da0bb:1 s7e1-8f514c28:1 s4e1-ae17eac1:1 s2e1-af2273d3:1 s3e1-99a97e3b:1
1786286989.751863 s8e1-a8b174a6:1 s1e1-a4bf772d:1 s5e1-9758ed11:1 s6e1-8f8da0bb:1 s7e1-8f514c28:1 s4e1-ae17eac1:1 s2e1-af2273d3:1 s3e1-99a97e3b:1
1786286989.774120 s8e1-a8b174a6:1 s1e1-a4bf772d:1 s5e1-9758ed11:1 s6e1-8f8da0bb:1 s7e1-8f514c28:1 s4e1-ae17eac1:1 s2e1-af2273d3:1 s3e1-99a97e3b:1
1786286989.796384 s8e1-a8b174a6:1 s1e1-a4bf772d:1 s5e1-9758ed11:1 s6e1-8f8da0bb:1 s7e1-8f514c28:1 s4e1-ae17eac1:1 s2e1-af2273d3:1 s3e1-99a97e3b:1
1786286989.818638 s8e1-a8b174a6:1 s1e1-a4bf772d:1 s5e1-9758ed11:1 s6e1-8f8da0bb:1 s7e1-8f514c28:1 s4e1-ae17eac1:1 s2e1-af2273d3:1 s3e1-99a97e3b:1
1786286989.841050 s8e1-a8b174a6:1 s1e1-a4bf772d:1 s5e1-9758ed11:1 s6e1-8f8da0bb:1 s7e1-8f514c28:1 s4e1-ae17eac1:1 s2e1-af2273d3:1 s3e1-99a97e3b:1
1786286989.863289 s8e1-a8b174a6:1 s1e1-a4bf772d:1 s5e1-9758ed11:1 s6e1-8f8da0bb:1 s7e1-8f514c28:1 s4e1-ae17eac1:1 s2e1-af2273d3:1 s3e1-99a97e3b:1
1786286989.885486 s8e1-a8b174a6:1 s1e1-a4bf772d:1 s5e1-9758ed11:1 s6e1-8f8da0bb:1 s7e1-8f514c28:1 s4e1-ae17eac1:1 s2e1-af2273d3:1 s3e1-99a97e3b:1
1786286989.907756 s8e1-a8b174a6:1 s1e1-a4bf772d:1 s5e1-9758ed11:1 s6e1-8f8da0bb:1 s7e1-8f514c28:1 s4e1-ae17eac1:1 s2e1-af2273d3:1 s3e1-99a97e3b:1
1786286989.930307 s1e1-a4bf772d:1 s5e1-9758ed11:1 s6e1-8f8da0bb:1 s7e1-8f514c28:1 s4e1-ae17eac1:1 s2e1-af2273d3:1 s3e1-99a97e3b:1
1786286990.976844 s5e1-9758ed11:53E
1786286991.033938 s5e1-9758ed11:1
1786286991.038611 s5e1-9758ed11:1
1786286991.057153 s5e1-9758ed11:1 s8e1-a8b174a6:53E s6e1-8f8da0bb:53E
1786286991.125794 s5e1-9758ed11:1 s8e1-a8b174a6:1 s6e1-8f8da0bb:1 s1e1-a4bf772d:53E s7e1-8f514c28:53E s4e1-ae17eac1:53E s2e1-af2273d3:53E s3e1-99a97e3b:53E
1786286991.184816 s5e1-9758ed11:1 s8e1-a8b174a6:1 s6e1-8f8da0bb:1 s1e1-a4bf772d:1 s7e1-8f514c28:1 s4e1-ae17eac1:1 s2e1-af2273d3:1 s3e1-99a97e3b:1
1786286991.275646 s5e1-9758ed11:1 s8e1-a8b174a6:1 s6e1-8f8da0bb:1 s1e1-a4bf772d:1 s7e1-8f514c28:1 s4e1-ae17eac1:1 s2e1-af2273d3:1 s3e1-99a97e3b:1
1786286991.297292 s5e1-9758ed11:1 s8e1-a8b174a6:1 s6e1-8f8da0bb:1 s1e1-a4bf772d:1 s7e1-8f514c28:1 s4e1-ae17eac1:1 s2e1-af2273d3:1 s3e1-99a97e3b:1
1786286991.319253 s5e1-9758ed11:1 s8e1-a8b174a6:1 s6e1-8f8da0bb:1 s1e1-a4bf772d:1 s7e1-8f514c28:1 s4e1-ae17eac1:1 s2e1-af2273d3:1 s3e1-99a97e3b:1
1786286991.341253 s5e1-9758ed11:1 s8e1-a8b174a6:1 s6e1-8f8da0bb:1 s1e1-a4bf772d:1 s7e1-8f514c28:1 s4e1-ae17eac1:1 s2e1-af2273d3:1 s3e1-99a97e3b:1
1786286991.363391 s5e1-9758ed11:1 s8e1-a8b174a6:1 s6e1-8f8da0bb:1 s1e1-a4bf772d:1 s7e1-8f514c28:1 s4e1-ae17eac1:1 s2e1-af2273d3:1 s3e1-99a97e3b:1
1786286991.385693 s5e1-9758ed11:1 s8e1-a8b174a6:1 s6e1-8f8da0bb:1 s1e1-a4bf772d:1 s7e1-8f514c28:1 s4e1-ae17eac1:1 s2e1-af2273d3:1 s3e1-99a97e3b:1
1786286991.407814 s5e1-9758ed11:1 s8e1-a8b174a6:1 s6e1-8f8da0bb:1 s1e1-a4bf772d:1 s7e1-8f514c28:1 s4e1-ae17eac1:1 s2e1-af2273d3:1 s3e1-99a97e3b:1
1786286991.429879 s5e1-9758ed11:1 s8e1-a8b174a6:1 s6e1-8f8da0bb:1 s1e1-a4bf772d:1 s7e1-8f514c28:1 s4e1-ae17eac1:1 s2e1-af2273d3:1 s3e1-99a97e3b:1
1786286991.452134 s5e1-9758ed11:1 s8e1-a8b174a6:1 s6e1-8f8da0bb:1 s1e1-a4bf772d:1 s7e1-8f514c28:1 s4e1-ae17eac1:1 s2e1-af2273d3:1 s3e1-99a97e3b:1
1786286991.474393 s5e1-9758ed11:1 s8e1-a8b174a6:1 s6e1-8f8da0bb:1 s1e1-a4bf772d:1 s7e1-8f514c28:1 s4e1-ae17eac1:1 s2e1-af2273d3:1 s3e1-99a97e3b:1
1786286991.496645 s5e1-9758ed11:1 s8e1-a8b174a6:1 s6e1-8f8da0bb:1 s1e1-a4bf772d:1 s7e1-8f514c28:1 s4e1-ae17eac1:1 s2e1-af2273d3:1 s3e1-99a97e3b:1
1786286991.518898 s5e1-9758ed11:1 s8e1-a8b174a6:1 s6e1-8f8da0bb:1 s1e1-a4bf772d:1 s7e1-8f514c28:1 s4e1-ae17eac1:1 s2e1-af2273d3:1 s3e1-99a97e3b:1
1786286991.541158 s5e1-9758ed11:1 s8e1-a8b174a6:1 s6e1-8f8da0bb:1 s1e1-a4bf772d:1 s7e1-8f514c28:1 s4e1-ae17eac1:1 s2e1-af2273d3:1 s3e1-99a97e3b:1
1786286991.563413 s5e1-9758ed11:1 s8e1-a8b174a6:1 s6e1-8f8da0bb:1 s1e1-a4bf772d:1 s7e1-8f514c28:1 s4e1-ae17eac1:1 s2e1-af2273d3:1 s3e1-99a97e3b:1
1786286991.585706 s5e1-9758ed11:1 s8e1-a8b174a6:1 s6e1-8f8da0bb:1 s1e1-a4bf772d:1 s7e1-8f514c28:1 s4e1-ae17eac1:1 s2e1-af2273d3:1 s3e1-99a97e3b:1
1786286991.607948 s5e1-9758ed11:1 s8e1-a8b174a6:1 s6e1-8f8da0bb:1 s1e1-a4bf772d:1 s7e1-8f514c28:1 s4e1-ae17eac1:1 s2e1-af2273d3:1 s3e1-99a97e3b:1
1786286991.630230 s5e1-9758ed11:1 s8e1-a8b174a6:1 s6e1-8f8da0bb:1 s1e1-a4bf772d:1 s7e1-8f514c28:1 s4e1-ae17eac1:1 s2e1-af2273d3:1 s3e1-99a97e3b:1
1786286991.652475 s5e1-9758ed11:1 s8e1-a8b174a6:1 s6e1-8f8da0bb:1 s1e1-a4bf772d:1 s7e1-8f514c28:1 s4e1-ae17eac1:1 s2e1-af2273d3:1 s3e1-99a97e3b:1
1786286991.674808 s5e1-9758ed11:1 s8e1-a8b174a6:1 s6e1-8f8da0bb:1 s1e1-a4bf772d:1 s7e1-8f514c28:1 s4e1-ae17eac1:1 s2e1-af2273d3:1 s3e1-99a97e3b:1
1786286991.697023 s5e1-9758ed11:1 s8e1-a8b174a6:1 s6e1-8f8da0bb:1 s1e1-a4bf772d:1 s7e1-8f514c28:1 s4e1-ae17eac1:1 s2e1-af2273d3:1 s3e1-99a97e3b:1
1786286991.719283 s5e1-9758ed11:1 s8e1-a8b174a6:1 s6e1-8f8da0bb:1 s1e1-a4bf772d:1 s7e1-8f514c28:1 s4e1-ae17eac1:1 s2e1-af2273d3:1 s3e1-99a97e3b:1
1786286991.741662 s5e1-9758ed11:1 s8e1-a8b174a6:1 s6e1-8f8da0bb:1 s1e1-a4bf772d:1 s7e1-8f514c28:1 s4e1-ae17eac1:1 s2e1-af2273d3:1 s3e1-99a97e3b:1
1786286991.763866 s5e1-9758ed11:1 s8e1-a8b174a6:1 s6e1-8f8da0bb:1 s1e1-a4bf772d:1 s7e1-8f514c28:1 s4e1-ae17eac1:1 s2e1-af2273d3:1 s3e1-99a97e3b:1
1786286991.786052 s5e1-9758ed11:1 s8e1-a8b174a6:1 s6e1-8f8da0bb:1 s1e1-a4bf772d:1 s7e1-8f514c28:1 s4e1-ae17eac1:1 s2e1-af2273d3:1 s3e1-99a97e3b:1
1786286991.808314 s5e1-9758ed11:1 s8e1-a8b174a6:1 s6e1-8f8da0bb:1 s1e1-a4bf772d:1 s7e1-8f514c28:1 s4e1-ae17eac1:1 s2e1-af2273d3:1 s3e1-99a97e3b:1
1786286991.830594 s5e1-9758ed11:1 s8e1-a8b174a6:1 s6e1-8f8da0bb:1 s1e1-a4bf772d:1 s7e1-8f514c28:1 s4e1-ae17eac1:1 s2e1-af2273d3:1 s3e1-99a97e3b:1
1786286991.853115 s5e1-9758ed11:1 s8e1-a8b174a6:1 s6e1-8f8da0bb:1 s1e1-a4bf772d:1 s7e1-8f514c28:1 s4e1-ae17eac1:1 s2e1-af2273d3:1 s3e1-99a97e3b:1
1786286991.875723 s8e1-a8b174a6:1 s6e1-8f8da0bb:1 s1e1-a4bf772d:1 s7e1-8f514c28:1 s4e1-ae17eac1:1 s2e1-af2273d3:1 s3e1-99a97e3b:1
1786286991.898530 s8e1-a8b174a6:1 s6e1-8f8da0bb:1 s1e1-a4bf772d:1 s7e1-8f514c28:1 s4e1-ae17eac1:1 s2e1-af2273d3:1 s3e1-99a97e3b:1
1786286991.921312 s8e1-a8b174a6:1 s6e1-8f8da0bb:1 s1e1-a4bf772d:1 s7e1-8f514c28:1 s4e1-ae17eac1:1 s2e1-af2273d3:1 s3e1-99a97e3b:1
1786286991.944069 s1e1-a4bf772d:1 s7e1-8f514c28:1 s4e1-ae17eac1:1 s2e1-af2273d3:1 s3e1-99a97e3b:1
1786286993.051868 s1e1-a4bf772d:53E
1786286993.113749 s1e1-a4bf772d:1 s5e1-9758ed11:53E s8e1-a8b174a6:53E s6e1-8f8da0bb:53E s7e1-8f514c28:53E s4e1-ae17eac1:53E s2e1-af2273d3:53E s3e1-99a97e3b:53E
1786286993.180191 s1e1-a4bf772d:1 s5e1-9758ed11:1 s8e1-a8b174a6:1 s6e1-8f8da0bb:1 s7e1-8f514c28:1 s4e1-ae17eac1:1 s2e1-af2273d3:1 s3e1-99a97e3b:1
1786286993.272680 s1e1-a4bf772d:1 s5e1-9758ed11:1 s8e1-a8b174a6:1 s6e1-8f8da0bb:1 s7e1-8f514c28:1 s4e1-ae17eac1:1 s2e1-af2273d3:1 s3e1-99a97e3b:1
1786286993.294499 s1e1-a4bf772d:1 s5e1-9758ed11:1 s8e1-a8b174a6:1 s6e1-8f8da0bb:1 s7e1-8f514c28:1 s4e1-ae17eac1:1 s2e1-af2273d3:1 s3e1-99a97e3b:1
1786286993.316353 s1e1-a4bf772d:1 s5e1-9758ed11:1 s8e1-a8b174a6:1 s6e1-8f8da0bb:1 s7e1-8f514c28:1 s4e1-ae17eac1:1 s2e1-af2273d3:1 s3e1-99a97e3b:1
1786286993.338534 s1e1-a4bf772d:1 s5e1-9758ed11:1 s8e1-a8b174a6:1 s6e1-8f8da0bb:1 s7e1-8f514c28:1 s4e1-ae17eac1:1 s2e1-af2273d3:1 s3e1-99a97e3b:1
1786286993.360775 s1e1-a4bf772d:1 s5e1-9758ed11:1 s8e1-a8b174a6:1 s6e1-8f8da0bb:1 s7e1-8f514c28:1 s4e1-ae17eac1:1 s2e1-af2273d3:1 s3e1-99a97e3b:1
1786286993.383066 s1e1-a4bf772d:1 s5e1-9758ed11:1 s8e1-a8b174a6:1 s6e1-8f8da0bb:1 s7e1-8f514c28:1 s4e1-ae17eac1:1 s2e1-af2273d3:1 s3e1-99a97e3b:1
1786286993.405369 s1e1-a4bf772d:1 s5e1-9758ed11:1 s8e1-a8b174a6:1 s6e1-8f8da0bb:1 s7e1-8f514c28:1 s4e1-ae17eac1:1 s2e1-af2273d3:1 s3e1-99a97e3b:1
1786286993.427676 s1e1-a4bf772d:1 s5e1-9758ed11:1 s8e1-a8b174a6:1 s6e1-8f8da0bb:1 s7e1-8f514c28:1 s4e1-ae17eac1:1 s2e1-af2273d3:1 s3e1-99a97e3b:1
1786286993.449970 s1e1-a4bf772d:1 s5e1-9758ed11:1 s8e1-a8b174a6:1 s6e1-8f8da0bb:1 s7e1-8f514c28:1 s4e1-ae17eac1:1 s2e1-af2273d3:1 s3e1-99a97e3b:1
1786286993.472281 s1e1-a4bf772d:1 s5e1-9758ed11:1 s8e1-a8b174a6:1 s6e1-8f8da0bb:1 s7e1-8f514c28:1 s4e1-ae17eac1:1 s2e1-af2273d3:1 s3e1-99a97e3b:1
1786286993.494562 s1e1-a4bf772d:1 s5e1-9758ed11:1 s8e1-a8b174a6:1 s6e1-8f8da0bb:1 s7e1-8f514c28:1 s4e1-ae17eac1:1 s2e1-af2273d3:1 s3e1-99a97e3b:1
1786286993.516892 s1e1-a4bf772d:1 s5e1-9758ed11:1 s8e1-a8b174a6:1 s6e1-8f8da0bb:1 s7e1-8f514c28:1 s4e1-ae17eac1:1 s2e1-af2273d3:1 s3e1-99a97e3b:1
1786286993.539160 s1e1-a4bf772d:1 s5e1-9758ed11:1 s8e1-a8b174a6:1 s6e1-8f8da0bb:1 s7e1-8f514c28:1 s4e1-ae17eac1:1 s2e1-af2273d3:1 s3e1-99a97e3b:1
1786286993.561442 s1e1-a4bf772d:1 s5e1-9758ed11:1 s8e1-a8b174a6:1 s6e1-8f8da0bb:1 s7e1-8f514c28:1 s4e1-ae17eac1:1 s2e1-af2273d3:1 s3e1-99a97e3b:1
1786286993.583750 s1e1-a4bf772d:1 s5e1-9758ed11:1 s8e1-a8b174a6:1 s6e1-8f8da0bb:1 s7e1-8f514c28:1 s4e1-ae17eac1:1 s2e1-af2273d3:1 s3e1-99a97e3b:1
1786286993.606168 s1e1-a4bf772d:1 s5e1-9758ed11:1 s8e1-a8b174a6:1 s6e1-8f8da0bb:1 s7e1-8f514c28:1 s4e1-ae17eac1:1 s2e1-af2273d3:1 s3e1-99a97e3b:1
1786286993.628439 s1e1-a4bf772d:1 s5e1-9758ed11:1 s8e1-a8b174a6:1 s6e1-8f8da0bb:1 s7e1-8f514c28:1 s4e1-ae17eac1:1 s2e1-af2273d3:1 s3e1-99a97e3b:1
1786286993.650809 s1e1-a4bf772d:1 s5e1-9758ed11:1 s8e1-a8b174a6:1 s6e1-8f8da0bb:1 s7e1-8f514c28:1 s4e1-ae17eac1:1 s2e1-af2273d3:1 s3e1-99a97e3b:1
1786286993.672973 s1e1-a4bf772d:1 s5e1-9758ed11:1 s8e1-a8b174a6:1 s6e1-8f8da0bb:1 s7e1-8f514c28:1 s4e1-ae17eac1:1 s2e1-af2273d3:1 s3e1-99a97e3b:1
1786286993.695279 s1e1-a4bf772d:1 s5e1-9758ed11:1 s8e1-a8b174a6:1 s6e1-8f8da0bb:1 s7e1-8f514c28:1 s4e1-ae17eac1:1 s2e1-af2273d3:1 s3e1-99a97e3b:1
1786286993.717588 s1e1-a4bf772d:1 s5e1-9758ed11:1 s8e1-a8b174a6:1 s6e1-8f8da0bb:1 s7e1-8f514c28:1 s4e1-ae17eac1:1 s2e1-af2273d3:1 s3e1-99a97e3b:1
1786286993.739879 s1e1-a4bf772d:1 s5e1-9758ed11:1 s8e1-a8b174a6:1 s6e1-8f8da0bb:1 s7e1-8f514c28:1 s4e1-ae17eac1:1 s2e1-af2273d3:1 s3e1-99a97e3b:1
1786286993.762185 s1e1-a4bf772d:1 s5e1-9758ed11:1 s8e1-a8b174a6:1 s6e1-8f8da0bb:1 s7e1-8f514c28:1 s4e1-ae17eac1:1 s2e1-af2273d3:1 s3e1-99a97e3b:1
1786286993.784524 s1e1-a4bf772d:1 s5e1-9758ed11:1 s8e1-a8b174a6:1 s6e1-8f8da0bb:1 s7e1-8f514c28:1 s4e1-ae17eac1:1 s2e1-af2273d3:1 s3e1-99a97e3b:1
1786286993.806803 s1e1-a4bf772d:1 s5e1-9758ed11:1 s8e1-a8b174a6:1 s6e1-8f8da0bb:1 s7e1-8f514c28:1 s4e1-ae17eac1:1 s2e1-af2273d3:1 s3e1-99a97e3b:1
1786286993.829126 s1e1-a4bf772d:1 s5e1-9758ed11:1 s8e1-a8b174a6:1 s6e1-8f8da0bb:1 s7e1-8f514c28:1 s4e1-ae17eac1:1 s2e1-af2273d3:1 s3e1-99a97e3b:1
1786286993.851427 s1e1-a4bf772d:1 s5e1-9758ed11:1 s8e1-a8b174a6:1 s6e1-8f8da0bb:1 s7e1-8f514c28:1 s4e1-ae17eac1:1 s2e1-af2273d3:1 s3e1-99a97e3b:1
1786286993.873725 s1e1-a4bf772d:1 s5e1-9758ed11:1 s8e1-a8b174a6:1 s6e1-8f8da0bb:1 s7e1-8f514c28:1 s4e1-ae17eac1:1 s2e1-af2273d3:1 s3e1-99a97e3b:1
1786286993.896032 s1e1-a4bf772d:1 s5e1-9758ed11:1 s8e1-a8b174a6:1 s6e1-8f8da0bb:1 s7e1-8f514c28:1 s4e1-ae17eac1:1 s2e1-af2273d3:1 s3e1-99a97e3b:1
1786286993.918372 s1e1-a4bf772d:1 s5e1-9758ed11:1 s8e1-a8b174a6:1 s6e1-8f8da0bb:1 s7e1-8f514c28:1 s4e1-ae17eac1:1 s2e1-af2273d3:1 s3e1-99a97e3b:1
1786286993.940914 s5e1-9758ed11:1 s8e1-a8b174a6:1 s6e1-8f8da0bb:1 s7e1-8f514c28:1 s4e1-ae17eac1:1 s2e1-af2273d3:1 s3e1-99a97e3b:1
1786286994.968693 s8e1-a8b174a6:53E
1786286995.030035 s8e1-a8b174a6:1
1786286995.034620 s8e1-a8b174a6:1
1786286995.053581 s8e1-a8b174a6:1 s2e1-af2273d3:53E
1786286995.122438 s8e1-a8b174a6:1 s2e1-af2273d3:1 s1e1-a4bf772d:53E s5e1-9758ed11:53E s6e1-8f8da0bb:53E s7e1-8f514c28:53E s4e1-ae17eac1:53E s3e1-99a97e3b:53E
1786286995.186057 s8e1-a8b174a6:1 s2e1-af2273d3:1 s1e1-a4bf772d:1 s5e1-9758ed11:1 s6e1-8f8da0bb:1 s7e1-8f514c28:1 s4e1-ae17eac1:1 s3e1-99a97e3b:1
1786286995.279121 s8e1-a8b174a6:1 s2e1-af2273d3:1 s1e1-a4bf772d:1 s5e1-9758ed11:1 s6e1-8f8da0bb:1 s7e1-8f514c28:1 s4e1-ae17eac1:1 s3e1-99a97e3b:1
1786286995.300826 s8e1-a8b174a6:1 s2e1-af2273d3:1 s1e1-a4bf772d:1 s5e1-9758ed11:1 s6e1-8f8da0bb:1 s7e1-8f514c28:1 s4e1-ae17eac1:1 s3e1-99a97e3b:1
1786286995.322857 s8e1-a8b174a6:1 s2e1-af2273d3:1 s1e1-a4bf772d:1 s5e1-9758ed11:1 s6e1-8f8da0bb:1 s7e1-8f514c28:1 s4e1-ae17eac1:1 s3e1-99a97e3b:1
1786286995.344916 s8e1-a8b174a6:1 s2e1-af2273d3:1 s1e1-a4bf772d:1 s5e1-9758ed11:1 s6e1-8f8da0bb:1 s7e1-8f514c28:1 s4e1-ae17eac1:1 s3e1-99a97e3b:1
1786286995.367138 s8e1-a8b174a6:1 s2e1-af2273d3:1 s1e1-a4bf772d:1 s5e1-9758ed11:1 s6e1-8f8da0bb:1 s7e1-8f514c28:1 s4e1-ae17eac1:1 s3e1-99a97e3b:1
1786286995.389416 s8e1-a8b174a6:1 s2e1-af2273d3:1 s1e1-a4bf772d:1 s5e1-9758ed11:1 s6e1-8f8da0bb:1 s7e1-8f514c28:1 s4e1-ae17eac1:1 s3e1-99a97e3b:1
1786286995.411717 s8e1-a8b174a6:1 s2e1-af2273d3:1 s1e1-a4bf772d:1 s5e1-9758ed11:1 s6e1-8f8da0bb:1 s7e1-8f514c28:1 s4e1-ae17eac1:1 s3e1-99a97e3b:1
1786286995.434016 s8e1-a8b174a6:1 s2e1-af2273d3:1 s1e1-a4bf772d:1 s5e1-9758ed11:1 s6e1-8f8da0bb:1 s7e1-8f514c28:1 s4e1-ae17eac1:1 s3e1-99a97e3b:1
1786286995.456401 s8e1-a8b174a6:1 s2e1-af2273d3:1 s1e1-a4bf772d:1 s5e1-9758ed11:1 s6e1-8f8da0bb:1 s7e1-8f514c28:1 s4e1-ae17eac1:1 s3e1-99a97e3b:1
1786286995.478629 s8e1-a8b174a6:1 s2e1-af2273d3:1 s1e1-a4bf772d:1 s5e1-9758ed11:1 s6e1-8f8da0bb:1 s7e1-8f514c28:1 s4e1-ae17eac1:1 s3e1-99a97e3b:1
1786286995.500968 s8e1-a8b174a6:1 s2e1-af2273d3:1 s1e1-a4bf772d:1 s5e1-9758ed11:1 s6e1-8f8da0bb:1 s7e1-8f514c28:1 s4e1-ae17eac1:1 s3e1-99a97e3b:1
1786286995.523373 s8e1-a8b174a6:1 s2e1-af2273d3:1 s1e1-a4bf772d:1 s5e1-9758ed11:1 s6e1-8f8da0bb:1 s7e1-8f514c28:1 s4e1-ae17eac1:1 s3e1-99a97e3b:1
1786286995.545628 s8e1-a8b174a6:1 s2e1-af2273d3:1 s1e1-a4bf772d:1 s5e1-9758ed11:1 s6e1-8f8da0bb:1 s7e1-8f514c28:1 s4e1-ae17eac1:1 s3e1-99a97e3b:1
1786286995.567853 s8e1-a8b174a6:1 s2e1-af2273d3:1 s1e1-a4bf772d:1 s5e1-9758ed11:1 s6e1-8f8da0bb:1 s7e1-8f514c28:1 s4e1-ae17eac1:1 s3e1-99a97e3b:1
1786286995.590180 s8e1-a8b174a6:1 s2e1-af2273d3:1 s1e1-a4bf772d:1 s5e1-9758ed11:1 s6e1-8f8da0bb:1 s7e1-8f514c28:1 s4e1-ae17eac1:1 s3e1-99a97e3b:1
1786286995.612505 s8e1-a8b174a6:1 s2e1-af2273d3:1 s1e1-a4bf772d:1 s5e1-9758ed11:1 s6e1-8f8da0bb:1 s7e1-8f514c28:1 s4e1-ae17eac1:1 s3e1-99a97e3b:1
1786286995.634774 s8e1-a8b174a6:1 s2e1-af2273d3:1 s1e1-a4bf772d:1 s5e1-9758ed11:1 s6e1-8f8da0bb:1 s7e1-8f514c28:1 s4e1-ae17eac1:1 s3e1-99a97e3b:1
1786286995.657057 s8e1-a8b174a6:1 s2e1-af2273d3:1 s1e1-a4bf772d:1 s5e1-9758ed11:1 s6e1-8f8da0bb:1 s7e1-8f514c28:1 s4e1-ae17eac1:1 s3e1-99a97e3b:1
1786286995.679375 s8e1-a8b174a6:1 s2e1-af2273d3:1 s1e1-a4bf772d:1 s5e1-9758ed11:1 s6e1-8f8da0bb:1 s7e1-8f514c28:1 s4e1-ae17eac1:1 s3e1-99a97e3b:1
1786286995.701645 s8e1-a8b174a6:1 s2e1-af2273d3:1 s1e1-a4bf772d:1 s5e1-9758ed11:1 s6e1-8f8da0bb:1 s7e1-8f514c28:1 s4e1-ae17eac1:1 s3e1-99a97e3b:1
1786286995.723973 s8e1-a8b174a6:1 s2e1-af2273d3:1 s1e1-a4bf772d:1 s5e1-9758ed11:1 s6e1-8f8da0bb:1 s7e1-8f514c28:1 s4e1-ae17eac1:1 s3e1-99a97e3b:1
1786286995.746288 s8e1-a8b174a6:1 s2e1-af2273d3:1 s1e1-a4bf772d:1 s5e1-9758ed11:1 s6e1-8f8da0bb:1 s7e1-8f514c28:1 s4e1-ae17eac1:1 s3e1-99a97e3b:1
1786286995.768597 s8e1-a8b174a6:1 s2e1-af2273d3:1 s1e1-a4bf772d:1 s5e1-9758ed11:1 s6e1-8f8da0bb:1 s7e1-8f514c28:1 s4e1-ae17eac1:1 s3e1-99a97e3b:1
1786286995.790926 s8e1-a8b174a6:1 s2e1-af2273d3:1 s1e1-a4bf772d:1 s5e1-9758ed11:1 s6e1-8f8da0bb:1 s7e1-8f514c28:1 s4e1-ae17eac1:1 s3e1-99a97e3b:1
1786286995.813279 s8e1-a8b174a6:1 s2e1-af2273d3:1 s1e1-a4bf772d:1 s5e1-9758ed11:1 s6e1-8f8da0bb:1 s7e1-8f514c28:1 s4e1-ae17eac1:1 s3e1-99a97e3b:1
1786286995.835550 s8e1-a8b174a6:1 s2e1-af2273d3:1 s1e1-a4bf772d:1 s5e1-9758ed11:1 s6e1-8f8da0bb:1 s7e1-8f514c28:1 s4e1-ae17eac1:1 s3e1-99a97e3b:1
1786286995.858099 s8e1-a8b174a6:1 s2e1-af2273d3:1 s1e1-a4bf772d:1 s5e1-9758ed11:1 s6e1-8f8da0bb:1 s7e1-8f514c28:1 s4e1-ae17eac1:1 s3e1-99a97e3b:1
1786286995.880889 s2e1-af2273d3:1 s1e1-a4bf772d:1 s5e1-9758ed11:1 s6e1-8f8da0bb:1 s7e1-8f514c28:1 s4e1-ae17eac1:1 s3e1-99a97e3b:1
1786286995.903784 s2e1-af2273d3:1 s1e1-a4bf772d:1 s5e1-9758ed11:1 s6e1-8f8da0bb:1 s7e1-8f514c28:1 s4e1-ae17eac1:1 s3e1-99a97e3b:1
1786286995.926449 s2e1-af2273d3:1 s1e1-a4bf772d:1 s5e1-9758ed11:1 s6e1-8f8da0bb:1 s7e1-8f514c28:1 s4e1-ae17eac1:1 s3e1-99a97e3b:1
1786286995.949262 s1e1-a4bf772d:1 s5e1-9758ed11:1 s6e1-8f8da0bb:1 s7e1-8f514c28:1 s4e1-ae17eac1:1 s3e1-99a97e3b:1
1786286997.022933 s6e1-8f8da0bb:53E
1786286997.092453 s6e1-8f8da0bb:1 s8e1-a8b174a6:53E s2e1-af2273d3:53E s1e1-a4bf772d:53E s5e1-9758ed11:53E s7e1-8f514c28:53E s4e1-ae17eac1:53E
1786286997.157713 s6e1-8f8da0bb:1 s8e1-a8b174a6:1 s2e1-af2273d3:1 s1e1-a4bf772d:1 s5e1-9758ed11:1 s7e1-8f514c28:1 s4e1-ae17eac1:1 s3e1-99a97e3b:53E
1786286997.295548 s6e1-8f8da0bb:1 s8e1-a8b174a6:1 s2e1-af2273d3:1 s1e1-a4bf772d:1 s5e1-9758ed11:1 s7e1-8f514c28:1 s4e1-ae17eac1:1 s3e1-99a97e3b:1
1786286997.310951 s6e1-8f8da0bb:1 s8e1-a8b174a6:1 s2e1-af2273d3:1 s1e1-a4bf772d:1 s5e1-9758ed11:1 s7e1-8f514c28:1 s4e1-ae17eac1:1 s3e1-99a97e3b:1
1786286997.333320 s6e1-8f8da0bb:1 s8e1-a8b174a6:1 s2e1-af2273d3:1 s1e1-a4bf772d:1 s5e1-9758ed11:1 s7e1-8f514c28:1 s4e1-ae17eac1:1 s3e1-99a97e3b:1
1786286997.355838 s6e1-8f8da0bb:1 s8e1-a8b174a6:1 s2e1-af2273d3:1 s1e1-a4bf772d:1 s5e1-9758ed11:1 s7e1-8f514c28:1 s4e1-ae17eac1:1 s3e1-99a97e3b:1
1786286997.378375 s6e1-8f8da0bb:1 s8e1-a8b174a6:1 s2e1-af2273d3:1 s1e1-a4bf772d:1 s5e1-9758ed11:1 s7e1-8f514c28:1 s4e1-ae17eac1:1 s3e1-99a97e3b:1
1786286997.400932 s6e1-8f8da0bb:1 s8e1-a8b174a6:1 s2e1-af2273d3:1 s1e1-a4bf772d:1 s5e1-9758ed11:1 s7e1-8f514c28:1 s4e1-ae17eac1:1 s3e1-99a97e3b:1
1786286997.423628 s6e1-8f8da0bb:1 s8e1-a8b174a6:1 s2e1-af2273d3:1 s1e1-a4bf772d:1 s5e1-9758ed11:1 s7e1-8f514c28:1 s4e1-ae17eac1:1 s3e1-99a97e3b:1
1786286997.446118 s6e1-8f8da0bb:1 s8e1-a8b174a6:1 s2e1-af2273d3:1 s1e1-a4bf772d:1 s5e1-9758ed11:1 s7e1-8f514c28:1 s4e1-ae17eac1:1 s3e1-99a97e3b:1
1786286997.468661 s6e1-8f8da0bb:1 s8e1-a8b174a6:1 s2e1-af2273d3:1 s1e1-a4bf772d:1 s5e1-9758ed11:1 s7e1-8f514c28:1 s4e1-ae17eac1:1 s3e1-99a97e3b:1
1786286997.491138 s6e1-8f8da0bb:1 s8e1-a8b174a6:1 s2e1-af2273d3:1 s1e1-a4bf772d:1 s5e1-9758ed11:1 s7e1-8f514c28:1 s4e1-ae17eac1:1 s3e1-99a97e3b:1
1786286997.513664 s6e1-8f8da0bb:1 s8e1-a8b174a6:1 s2e1-af2273d3:1 s1e1-a4bf772d:1 s5e1-9758ed11:1 s7e1-8f514c28:1 s4e1-ae17eac1:1 s3e1-99a97e3b:1
1786286997.536255 s6e1-8f8da0bb:1 s8e1-a8b174a6:1 s2e1-af2273d3:1 s1e1-a4bf772d:1 s5e1-9758ed11:1 s7e1-8f514c28:1 s4e1-ae17eac1:1 s3e1-99a97e3b:1
1786286997.558764 s6e1-8f8da0bb:1 s8e1-a8b174a6:1 s2e1-af2273d3:1 s1e1-a4bf772d:1 s5e1-9758ed11:1 s7e1-8f514c28:1 s4e1-ae17eac1:1 s3e1-99a97e3b:1
1786286997.581336 s6e1-8f8da0bb:1 s8e1-a8b174a6:1 s2e1-af2273d3:1 s1e1-a4bf772d:1 s5e1-9758ed11:1 s7e1-8f514c28:1 s4e1-ae17eac1:1 s3e1-99a97e3b:1
1786286997.603870 s6e1-8f8da0bb:1 s8e1-a8b174a6:1 s2e1-af2273d3:1 s1e1-a4bf772d:1 s5e1-9758ed11:1 s7e1-8f514c28:1 s4e1-ae17eac1:1 s3e1-99a97e3b:1
1786286997.626479 s6e1-8f8da0bb:1 s8e1-a8b174a6:1 s2e1-af2273d3:1 s1e1-a4bf772d:1 s5e1-9758ed11:1 s7e1-8f514c28:1 s4e1-ae17eac1:1 s3e1-99a97e3b:1
1786286997.649079 s6e1-8f8da0bb:1 s8e1-a8b174a6:1 s2e1-af2273d3:1 s1e1-a4bf772d:1 s5e1-9758ed11:1 s7e1-8f514c28:1 s4e1-ae17eac1:1 s3e1-99a97e3b:1
1786286997.671604 s6e1-8f8da0bb:1 s8e1-a8b174a6:1 s2e1-af2273d3:1 s1e1-a4bf772d:1 s5e1-9758ed11:1 s7e1-8f514c28:1 s4e1-ae17eac1:1 s3e1-99a97e3b:1
1786286997.694139 s6e1-8f8da0bb:1 s8e1-a8b174a6:1 s2e1-af2273d3:1 s1e1-a4bf772d:1 s5e1-9758ed11:1 s7e1-8f514c28:1 s4e1-ae17eac1:1 s3e1-99a97e3b:1
1786286997.716705 s6e1-8f8da0bb:1 s8e1-a8b174a6:1 s2e1-af2273d3:1 s1e1-a4bf772d:1 s5e1-9758ed11:1 s7e1-8f514c28:1 s4e1-ae17eac1:1 s3e1-99a97e3b:1
1786286997.739278 s6e1-8f8da0bb:1 s8e1-a8b174a6:1 s2e1-af2273d3:1 s1e1-a4bf772d:1 s5e1-9758ed11:1 s7e1-8f514c28:1 s4e1-ae17eac1:1 s3e1-99a97e3b:1
1786286997.761833 s6e1-8f8da0bb:1 s8e1-a8b174a6:1 s2e1-af2273d3:1 s1e1-a4bf772d:1 s5e1-9758ed11:1 s7e1-8f514c28:1 s4e1-ae17eac1:1 s3e1-99a97e3b:1
1786286997.784527 s6e1-8f8da0bb:1 s8e1-a8b174a6:1 s2e1-af2273d3:1 s1e1-a4bf772d:1 s5e1-9758ed11:1 s7e1-8f514c28:1 s4e1-ae17eac1:1 s3e1-99a97e3b:1
1786286997.807081 s6e1-8f8da0bb:1 s8e1-a8b174a6:1 s2e1-af2273d3:1 s1e1-a4bf772d:1 s5e1-9758ed11:1 s7e1-8f514c28:1 s4e1-ae17eac1:1 s3e1-99a97e3b:1
1786286997.829581 s6e1-8f8da0bb:1 s8e1-a8b174a6:1 s2e1-af2273d3:1 s1e1-a4bf772d:1 s5e1-9758ed11:1 s7e1-8f514c28:1 s4e1-ae17eac1:1 s3e1-99a97e3b:1
1786286997.852083 s6e1-8f8da0bb:1 s8e1-a8b174a6:1 s2e1-af2273d3:1 s1e1-a4bf772d:1 s5e1-9758ed11:1 s7e1-8f514c28:1 s4e1-ae17eac1:1 s3e1-99a97e3b:1
1786286997.874650 s6e1-8f8da0bb:1 s8e1-a8b174a6:1 s2e1-af2273d3:1 s1e1-a4bf772d:1 s5e1-9758ed11:1 s7e1-8f514c28:1 s4e1-ae17eac1:1 s3e1-99a97e3b:1
1786286997.897200 s6e1-8f8da0bb:1 s8e1-a8b174a6:1 s2e1-af2273d3:1 s1e1-a4bf772d:1 s5e1-9758ed11:1 s7e1-8f514c28:1 s4e1-ae17eac1:1 s3e1-99a97e3b:1
1786286997.919871 s6e1-8f8da0bb:1 s8e1-a8b174a6:1 s2e1-af2273d3:1 s1e1-a4bf772d:1 s5e1-9758ed11:1 s7e1-8f514c28:1 s4e1-ae17eac1:1 s3e1-99a97e3b:1
1786286997.942738 s6e1-8f8da0bb:1 s8e1-a8b174a6:1 s2e1-af2273d3:1 s1e1-a4bf772d:1 s5e1-9758ed11:1 s7e1-8f514c28:1 s4e1-ae17eac1:1 s3e1-99a97e3b:1
1786286997.965774 s8e1-a8b174a6:1 s2e1-af2273d3:1 s1e1-a4bf772d:1 s5e1-9758ed11:1 s7e1-8f514c28:1 s4e1-ae17eac1:1 s3e1-99a97e3b:1
1786286997.988880 s3e1-99a97e3b:1
1786286999.009225 s3e1-99a97e3b:53E
1786286999.071177 s3e1-99a97e3b:1 s6e1-8f8da0bb:53E s5e1-9758ed11:53E
1786286999.126741 s3e1-99a97e3b:1 s6e1-8f8da0bb:1 s5e1-9758ed11:1 s8e1-a8b174a6:53E s2e1-af2273d3:53E s1e1-a4bf772d:53E s7e1-8f514c28:53E s4e1-ae17eac1:53E
1786286999.187248 s3e1-99a97e3b:1 s6e1-8f8da0bb:1 s5e1-9758ed11:1 s8e1-a8b174a6:1 s2e1-af2273d3:1 s1e1-a4bf772d:1 s7e1-8f514c28:1 s4e1-ae17eac1:1
1786286999.279937 s3e1-99a97e3b:1 s6e1-8f8da0bb:1 s5e1-9758ed11:1 s8e1-a8b174a6:1 s2e1-af2273d3:1 s1e1-a4bf772d:1 s7e1-8f514c28:1 s4e1-ae17eac1:1
1786286999.301845 s3e1-99a97e3b:1 s6e1-8f8da0bb:1 s5e1-9758ed11:1 s8e1-a8b174a6:1 s2e1-af2273d3:1 s1e1-a4bf772d:1 s7e1-8f514c28:1 s4e1-ae17eac1:1
1786286999.324117 s3e1-99a97e3b:1 s6e1-8f8da0bb:1 s5e1-9758ed11:1 s8e1-a8b174a6:1 s2e1-af2273d3:1 s1e1-a4bf772d:1 s7e1-8f514c28:1 s4e1-ae17eac1:1
1786286999.346406 s3e1-99a97e3b:1 s6e1-8f8da0bb:1 s5e1-9758ed11:1 s8e1-a8b174a6:1 s2e1-af2273d3:1 s1e1-a4bf772d:1 s7e1-8f514c28:1 s4e1-ae17eac1:1
1786286999.368827 s3e1-99a97e3b:1 s6e1-8f8da0bb:1 s5e1-9758ed11:1 s8e1-a8b174a6:1 s2e1-af2273d3:1 s1e1-a4bf772d:1 s7e1-8f514c28:1 s4e1-ae17eac1:1
1786286999.391374 s3e1-99a97e3b:1 s6e1-8f8da0bb:1 s5e1-9758ed11:1 s8e1-a8b174a6:1 s2e1-af2273d3:1 s1e1-a4bf772d:1 s7e1-8f514c28:1 s4e1-ae17eac1:1
1786286999.413883 s3e1-99a97e3b:1 s6e1-8f8da0bb:1 s5e1-9758ed11:1 s8e1-a8b174a6:1 s2e1-af2273d3:1 s1e1-a4bf772d:1 s7e1-8f514c28:1 s4e1-ae17eac1:1
1786286999.436380 s3e1-99a97e3b:1 s6e1-8f8da0bb:1 s5e1-9758ed11:1 s8e1-a8b174a6:1 s2e1-af2273d3:1 s1e1-a4bf772d:1 s7e1-8f514c28:1 s4e1-ae17eac1:1
1786286999.458885 s3e1-99a97e3b:1 s6e1-8f8da0bb:1 s5e1-9758ed11:1 s8e1-a8b174a6:1 s2e1-af2273d3:1 s1e1-a4bf772d:1 s7e1-8f514c28:1 s4e1-ae17eac1:1
1786286999.481399 s3e1-99a97e3b:1 s6e1-8f8da0bb:1 s5e1-9758ed11:1 s8e1-a8b174a6:1 s2e1-af2273d3:1 s1e1-a4bf772d:1 s7e1-8f514c28:1 s4e1-ae17eac1:1
1786286999.503911 s3e1-99a97e3b:1 s6e1-8f8da0bb:1 s5e1-9758ed11:1 s8e1-a8b174a6:1 s2e1-af2273d3:1 s1e1-a4bf772d:1 s7e1-8f514c28:1 s4e1-ae17eac1:1
1786286999.526430 s3e1-99a97e3b:1 s6e1-8f8da0bb:1 s5e1-9758ed11:1 s8e1-a8b174a6:1 s2e1-af2273d3:1 s1e1-a4bf772d:1 s7e1-8f514c28:1 s4e1-ae17eac1:1
1786286999.548940 s3e1-99a97e3b:1 s6e1-8f8da0bb:1 s5e1-9758ed11:1 s8e1-a8b174a6:1 s2e1-af2273d3:1 s1e1-a4bf772d:1 s7e1-8f514c28:1 s4e1-ae17eac1:1
1786286999.571445 s3e1-99a97e3b:1 s6e1-8f8da0bb:1 s5e1-9758ed11:1 s8e1-a8b174a6:1 s2e1-af2273d3:1 s1e1-a4bf772d:1 s7e1-8f514c28:1 s4e1-ae17eac1:1
1786286999.593965 s3e1-99a97e3b:1 s6e1-8f8da0bb:1 s5e1-9758ed11:1 s8e1-a8b174a6:1 s2e1-af2273d3:1 s1e1-a4bf772d:1 s7e1-8f514c28:1 s4e1-ae17eac1:1
1786286999.616455 s3e1-99a97e3b:1 s6e1-8f8da0bb:1 s5e1-9758ed11:1 s8e1-a8b174a6:1 s2e1-af2273d3:1 s1e1-a4bf772d:1 s7e1-8f514c28:1 s4e1-ae17eac1:1
1786286999.639054 s3e1-99a97e3b:1 s6e1-8f8da0bb:1 s5e1-9758ed11:1 s8e1-a8b174a6:1 s2e1-af2273d3:1 s1e1-a4bf772d:1 s7e1-8f514c28:1 s4e1-ae17eac1:1
1786286999.661577 s3e1-99a97e3b:1 s6e1-8f8da0bb:1 s5e1-9758ed11:1 s8e1-a8b174a6:1 s2e1-af2273d3:1 s1e1-a4bf772d:1 s7e1-8f514c28:1 s4e1-ae17eac1:1
1786286999.684072 s3e1-99a97e3b:1 s6e1-8f8da0bb:1 s5e1-9758ed11:1 s8e1-a8b174a6:1 s2e1-af2273d3:1 s1e1-a4bf772d:1 s7e1-8f514c28:1 s4e1-ae17eac1:1
1786286999.706481 s3e1-99a97e3b:1 s6e1-8f8da0bb:1 s5e1-9758ed11:1 s8e1-a8b174a6:1 s2e1-af2273d3:1 s1e1-a4bf772d:1 s7e1-8f514c28:1 s4e1-ae17eac1:1
1786286999.729048 s3e1-99a97e3b:1 s6e1-8f8da0bb:1 s5e1-9758ed11:1 s8e1-a8b174a6:1 s2e1-af2273d3:1 s1e1-a4bf772d:1 s7e1-8f514c28:1 s4e1-ae17eac1:1
1786286999.751551 s3e1-99a97e3b:1 s6e1-8f8da0bb:1 s5e1-9758ed11:1 s8e1-a8b174a6:1 s2e1-af2273d3:1 s1e1-a4bf772d:1 s7e1-8f514c28:1 s4e1-ae17eac1:1
1786286999.774044 s3e1-99a97e3b:1 s6e1-8f8da0bb:1 s5e1-9758ed11:1 s8e1-a8b174a6:1 s2e1-af2273d3:1 s1e1-a4bf772d:1 s7e1-8f514c28:1 s4e1-ae17eac1:1
1786286999.796544 s3e1-99a97e3b:1 s6e1-8f8da0bb:1 s5e1-9758ed11:1 s8e1-a8b174a6:1 s2e1-af2273d3:1 s1e1-a4bf772d:1 s7e1-8f514c28:1 s4e1-ae17eac1:1
1786286999.819066 s3e1-99a97e3b:1 s6e1-8f8da0bb:1 s5e1-9758ed11:1 s8e1-a8b174a6:1 s2e1-af2273d3:1 s1e1-a4bf772d:1 s7e1-8f514c28:1 s4e1-ae17eac1:1
1786286999.841581 s3e1-99a97e3b:1 s6e1-8f8da0bb:1 s5e1-9758ed11:1 s8e1-a8b174a6:1 s2e1-af2273d3:1 s1e1-a4bf772d:1 s7e1-8f514c28:1 s4e1-ae17eac1:1
1786286999.864096 s3e1-99a97e3b:1 s6e1-8f8da0bb:1 s5e1-9758ed11:1 s8e1-a8b174a6:1 s2e1-af2273d3:1 s1e1-a4bf772d:1 s7e1-8f514c28:1 s4e1-ae17eac1:1
1786286999.886869 s3e1-99a97e3b:1 s6e1-8f8da0bb:1 s5e1-9758ed11:1 s8e1-a8b174a6:1 s2e1-af2273d3:1 s1e1-a4bf772d:1 s7e1-8f514c28:1 s4e1-ae17eac1:1
1786286999.909892 s3e1-99a97e3b:1 s6e1-8f8da0bb:1 s5e1-9758ed11:1 s8e1-a8b174a6:1 s2e1-af2273d3:1 s1e1-a4bf772d:1 s7e1-8f514c28:1 s4e1-ae17eac1:1
1786286999.933029 s6e1-8f8da0bb:1 s5e1-9758ed11:1 s8e1-a8b174a6:1 s2e1-af2273d3:1 s1e1-a4bf772d:1 s7e1-8f514c28:1 s4e1-ae17eac1:1
1786286999.956181 s8e1-a8b174a6:1 s2e1-af2273d3:1 s1e1-a4bf772d:1 s7e1-8f514c28:1 s4e1-ae17eac1:1
1786287000.977551 s7e1-8f514c28:53E
1786287001.037194 s7e1-8f514c28:1 s3e1-99a97e3b:53E
1786287001.098671 s7e1-8f514c28:1 s3e1-99a97e3b:1 s6e1-8f8da0bb:53E s5e1-9758ed11:53E s8e1-a8b174a6:53E s2e1-af2273d3:53E s1e1-a4bf772d:53E s4e1-ae17eac1:53E
1786287001.162012 s7e1-8f514c28:1 s3e1-99a97e3b:1 s6e1-8f8da0bb:1 s5e1-9758ed11:1 s8e1-a8b174a6:1 s2e1-af2273d3:1 s1e1-a4bf772d:1 s4e1-ae17eac1:1
1786287001.255538 s7e1-8f514c28:1 s3e1-99a97e3b:1 s6e1-8f8da0bb:1 s5e1-9758ed11:1 s8e1-a8b174a6:1 s2e1-af2273d3:1 s1e1-a4bf772d:1 s4e1-ae17eac1:1
1786287001.277578 s7e1-8f514c28:1 s3e1-99a97e3b:1 s6e1-8f8da0bb:1 s5e1-9758ed11:1 s8e1-a8b174a6:1 s2e1-af2273d3:1 s1e1-a4bf772d:1 s4e1-ae17eac1:1
1786287001.299856 s7e1-8f514c28:1 s3e1-99a97e3b:1 s6e1-8f8da0bb:1 s5e1-9758ed11:1 s8e1-a8b174a6:1 s2e1-af2273d3:1 s1e1-a4bf772d:1 s4e1-ae17eac1:1
1786287001.322244 s7e1-8f514c28:1 s3e1-99a97e3b:1 s6e1-8f8da0bb:1 s5e1-9758ed11:1 s8e1-a8b174a6:1 s2e1-af2273d3:1 s1e1-a4bf772d:1 s4e1-ae17eac1:1
1786287001.344725 s7e1-8f514c28:1 s3e1-99a97e3b:1 s6e1-8f8da0bb:1 s5e1-9758ed11:1 s8e1-a8b174a6:1 s2e1-af2273d3:1 s1e1-a4bf772d:1 s4e1-ae17eac1:1
1786287001.367268 s7e1-8f514c28:1 s3e1-99a97e3b:1 s6e1-8f8da0bb:1 s5e1-9758ed11:1 s8e1-a8b174a6:1 s2e1-af2273d3:1 s1e1-a4bf772d:1 s4e1-ae17eac1:1
1786287001.389727 s7e1-8f514c28:1 s3e1-99a97e3b:1 s6e1-8f8da0bb:1 s5e1-9758ed11:1 s8e1-a8b174a6:1 s2e1-af2273d3:1 s1e1-a4bf772d:1 s4e1-ae17eac1:1
1786287001.412237 s7e1-8f514c28:1 s3e1-99a97e3b:1 s6e1-8f8da0bb:1 s5e1-9758ed11:1 s8e1-a8b174a6:1 s2e1-af2273d3:1 s1e1-a4bf772d:1 s4e1-ae17eac1:1
1786287001.434727 s7e1-8f514c28:1 s3e1-99a97e3b:1 s6e1-8f8da0bb:1 s5e1-9758ed11:1 s8e1-a8b174a6:1 s2e1-af2273d3:1 s1e1-a4bf772d:1 s4e1-ae17eac1:1
1786287001.457272 s7e1-8f514c28:1 s3e1-99a97e3b:1 s6e1-8f8da0bb:1 s5e1-9758ed11:1 s8e1-a8b174a6:1 s2e1-af2273d3:1 s1e1-a4bf772d:1 s4e1-ae17eac1:1
1786287001.479821 s7e1-8f514c28:1 s3e1-99a97e3b:1 s6e1-8f8da0bb:1 s5e1-9758ed11:1 s8e1-a8b174a6:1 s2e1-af2273d3:1 s1e1-a4bf772d:1 s4e1-ae17eac1:1
1786287001.502530 s7e1-8f514c28:1 s3e1-99a97e3b:1 s6e1-8f8da0bb:1 s5e1-9758ed11:1 s8e1-a8b174a6:1 s2e1-af2273d3:1 s1e1-a4bf772d:1 s4e1-ae17eac1:1
1786287001.525136 s7e1-8f514c28:1 s3e1-99a97e3b:1 s6e1-8f8da0bb:1 s5e1-9758ed11:1 s8e1-a8b174a6:1 s2e1-af2273d3:1 s1e1-a4bf772d:1 s4e1-ae17eac1:1
1786287001.547759 s7e1-8f514c28:1 s3e1-99a97e3b:1 s6e1-8f8da0bb:1 s5e1-9758ed11:1 s8e1-a8b174a6:1 s2e1-af2273d3:1 s1e1-a4bf772d:1 s4e1-ae17eac1:1
1786287001.570213 s7e1-8f514c28:1 s3e1-99a97e3b:1 s6e1-8f8da0bb:1 s5e1-9758ed11:1 s8e1-a8b174a6:1 s2e1-af2273d3:1 s1e1-a4bf772d:1 s4e1-ae17eac1:1
1786287001.592801 s7e1-8f514c28:1 s3e1-99a97e3b:1 s6e1-8f8da0bb:1 s5e1-9758ed11:1 s8e1-a8b174a6:1 s2e1-af2273d3:1 s1e1-a4bf772d:1 s4e1-ae17eac1:1
1786287001.615400 s7e1-8f514c28:1 s3e1-99a97e3b:1 s6e1-8f8da0bb:1 s5e1-9758ed11:1 s8e1-a8b174a6:1 s2e1-af2273d3:1 s1e1-a4bf772d:1 s4e1-ae17eac1:1
1786287001.637980 s7e1-8f514c28:1 s3e1-99a97e3b:1 s6e1-8f8da0bb:1 s5e1-9758ed11:1 s8e1-a8b174a6:1 s2e1-af2273d3:1 s1e1-a4bf772d:1 s4e1-ae17eac1:1
1786287001.660537 s7e1-8f514c28:1 s3e1-99a97e3b:1 s6e1-8f8da0bb:1 s5e1-9758ed11:1 s8e1-a8b174a6:1 s2e1-af2273d3:1 s1e1-a4bf772d:1 s4e1-ae17eac1:1
1786287001.683123 s7e1-8f514c28:1 s3e1-99a97e3b:1 s6e1-8f8da0bb:1 s5e1-9758ed11:1 s8e1-a8b174a6:1 s2e1-af2273d3:1 s1e1-a4bf772d:1 s4e1-ae17eac1:1
1786287001.705718 s7e1-8f514c28:1 s3e1-99a97e3b:1 s6e1-8f8da0bb:1 s5e1-9758ed11:1 s8e1-a8b174a6:1 s2e1-af2273d3:1 s1e1-a4bf772d:1 s4e1-ae17eac1:1
1786287001.728324 s7e1-8f514c28:1 s3e1-99a97e3b:1 s6e1-8f8da0bb:1 s5e1-9758ed11:1 s8e1-a8b174a6:1 s2e1-af2273d3:1 s1e1-a4bf772d:1 s4e1-ae17eac1:1
1786287001.750907 s7e1-8f514c28:1 s3e1-99a97e3b:1 s6e1-8f8da0bb:1 s5e1-9758ed11:1 s8e1-a8b174a6:1 s2e1-af2273d3:1 s1e1-a4bf772d:1 s4e1-ae17eac1:1
1786287001.773488 s7e1-8f514c28:1 s3e1-99a97e3b:1 s6e1-8f8da0bb:1 s5e1-9758ed11:1 s8e1-a8b174a6:1 s2e1-af2273d3:1 s1e1-a4bf772d:1 s4e1-ae17eac1:1
1786287001.796079 s7e1-8f514c28:1 s3e1-99a97e3b:1 s6e1-8f8da0bb:1 s5e1-9758ed11:1 s8e1-a8b174a6:1 s2e1-af2273d3:1 s1e1-a4bf772d:1 s4e1-ae17eac1:1
1786287001.818639 s7e1-8f514c28:1 s3e1-99a97e3b:1 s6e1-8f8da0bb:1 s5e1-9758ed11:1 s8e1-a8b174a6:1 s2e1-af2273d3:1 s1e1-a4bf772d:1 s4e1-ae17eac1:1
1786287001.841241 s7e1-8f514c28:1 s3e1-99a97e3b:1 s6e1-8f8da0bb:1 s5e1-9758ed11:1 s8e1-a8b174a6:1 s2e1-af2273d3:1 s1e1-a4bf772d:1 s4e1-ae17eac1:1
1786287001.864035 s7e1-8f514c28:1 s3e1-99a97e3b:1 s6e1-8f8da0bb:1 s5e1-9758ed11:1 s8e1-a8b174a6:1 s2e1-af2273d3:1 s1e1-a4bf772d:1 s4e1-ae17eac1:1
1786287001.886950 s7e1-8f514c28:1 s3e1-99a97e3b:1 s6e1-8f8da0bb:1 s5e1-9758ed11:1 s8e1-a8b174a6:1 s2e1-af2273d3:1 s1e1-a4bf772d:1 s4e1-ae17eac1:1
1786287001.910029 s3e1-99a97e3b:1 s6e1-8f8da0bb:1 s5e1-9758ed11:1 s8e1-a8b174a6:1 s2e1-af2273d3:1 s1e1-a4bf772d:1 s4e1-ae17eac1:1
1786287001.933022 s6e1-8f8da0bb:1 s5e1-9758ed11:1 s8e1-a8b174a6:1 s2e1-af2273d3:1 s1e1-a4bf772d:1 s4e1-ae17eac1:1
1786287002.970703 s2e1-af2273d3:53E
1786287003.029159 s2e1-af2273d3:1
1786287003.035209 s2e1-af2273d3:1
1786287003.052861 s2e1-af2273d3:1
1786287003.072695 s2e1-af2273d3:1 s4e1-ae17eac1:53E
1786287003.139422 s2e1-af2273d3:1 s4e1-ae17eac1:1 s7e1-8f514c28:53E s3e1-99a97e3b:53E s6e1-8f8da0bb:53E s5e1-9758ed11:53E s8e1-a8b174a6:53E s1e1-a4bf772d:53E
1786287003.203042 s2e1-af2273d3:1 s4e1-ae17eac1:1 s7e1-8f514c28:1 s3e1-99a97e3b:1 s6e1-8f8da0bb:1 s5e1-9758ed11:1 s8e1-a8b174a6:1 s1e1-a4bf772d:1
1786287003.297437 s2e1-af2273d3:1 s4e1-ae17eac1:1 s7e1-8f514c28:1 s3e1-99a97e3b:1 s6e1-8f8da0bb:1 s5e1-9758ed11:1 s8e1-a8b174a6:1 s1e1-a4bf772d:1
1786287003.319543 s2e1-af2273d3:1 s4e1-ae17eac1:1 s7e1-8f514c28:1 s3e1-99a97e3b:1 s6e1-8f8da0bb:1 s5e1-9758ed11:1 s8e1-a8b174a6:1 s1e1-a4bf772d:1
1786287003.341820 s2e1-af2273d3:1 s4e1-ae17eac1:1 s7e1-8f514c28:1 s3e1-99a97e3b:1 s6e1-8f8da0bb:1 s5e1-9758ed11:1 s8e1-a8b174a6:1 s1e1-a4bf772d:1
1786287003.364290 s2e1-af2273d3:1 s4e1-ae17eac1:1 s7e1-8f514c28:1 s3e1-99a97e3b:1 s6e1-8f8da0bb:1 s5e1-9758ed11:1 s8e1-a8b174a6:1 s1e1-a4bf772d:1
1786287003.386815 s2e1-af2273d3:1 s4e1-ae17eac1:1 s7e1-8f514c28:1 s3e1-99a97e3b:1 s6e1-8f8da0bb:1 s5e1-9758ed11:1 s8e1-a8b174a6:1 s1e1-a4bf772d:1
1786287003.409360 s2e1-af2273d3:1 s4e1-ae17eac1:1 s7e1-8f514c28:1 s3e1-99a97e3b:1 s6e1-8f8da0bb:1 s5e1-9758ed11:1 s8e1-a8b174a6:1 s1e1-a4bf772d:1
1786287003.431989 s2e1-af2273d3:1 s4e1-ae17eac1:1 s7e1-8f514c28:1 s3e1-99a97e3b:1 s6e1-8f8da0bb:1 s5e1-9758ed11:1 s8e1-a8b174a6:1 s1e1-a4bf772d:1
1786287003.454531 s2e1-af2273d3:1 s4e1-ae17eac1:1 s7e1-8f514c28:1 s3e1-99a97e3b:1 s6e1-8f8da0bb:1 s5e1-9758ed11:1 s8e1-a8b174a6:1 s1e1-a4bf772d:1
1786287003.477141 s2e1-af2273d3:1 s4e1-ae17eac1:1 s7e1-8f514c28:1 s3e1-99a97e3b:1 s6e1-8f8da0bb:1 s5e1-9758ed11:1 s8e1-a8b174a6:1 s1e1-a4bf772d:1
1786287003.499616 s2e1-af2273d3:1 s4e1-ae17eac1:1 s7e1-8f514c28:1 s3e1-99a97e3b:1 s6e1-8f8da0bb:1 s5e1-9758ed11:1 s8e1-a8b174a6:1 s1e1-a4bf772d:1
1786287003.522208 s2e1-af2273d3:1 s4e1-ae17eac1:1 s7e1-8f514c28:1 s3e1-99a97e3b:1 s6e1-8f8da0bb:1 s5e1-9758ed11:1 s8e1-a8b174a6:1 s1e1-a4bf772d:1
1786287003.544791 s2e1-af2273d3:1 s4e1-ae17eac1:1 s7e1-8f514c28:1 s3e1-99a97e3b:1 s6e1-8f8da0bb:1 s5e1-9758ed11:1 s8e1-a8b174a6:1 s1e1-a4bf772d:1
1786287003.567392 s2e1-af2273d3:1 s4e1-ae17eac1:1 s7e1-8f514c28:1 s3e1-99a97e3b:1 s6e1-8f8da0bb:1 s5e1-9758ed11:1 s8e1-a8b174a6:1 s1e1-a4bf772d:1
1786287003.589960 s2e1-af2273d3:1 s4e1-ae17eac1:1 s7e1-8f514c28:1 s3e1-99a97e3b:1 s6e1-8f8da0bb:1 s5e1-9758ed11:1 s8e1-a8b174a6:1 s1e1-a4bf772d:1
1786287003.612549 s2e1-af2273d3:1 s4e1-ae17eac1:1 s7e1-8f514c28:1 s3e1-99a97e3b:1 s6e1-8f8da0bb:1 s5e1-9758ed11:1 s8e1-a8b174a6:1 s1e1-a4bf772d:1
1786287003.635108 s2e1-af2273d3:1 s4e1-ae17eac1:1 s7e1-8f514c28:1 s3e1-99a97e3b:1 s6e1-8f8da0bb:1 s5e1-9758ed11:1 s8e1-a8b174a6:1 s1e1-a4bf772d:1
1786287003.657665 s2e1-af2273d3:1 s4e1-ae17eac1:1 s7e1-8f514c28:1 s3e1-99a97e3b:1 s6e1-8f8da0bb:1 s5e1-9758ed11:1 s8e1-a8b174a6:1 s1e1-a4bf772d:1
1786287003.680282 s2e1-af2273d3:1 s4e1-ae17eac1:1 s7e1-8f514c28:1 s3e1-99a97e3b:1 s6e1-8f8da0bb:1 s5e1-9758ed11:1 s8e1-a8b174a6:1 s1e1-a4bf772d:1
1786287003.702841 s2e1-af2273d3:1 s4e1-ae17eac1:1 s7e1-8f514c28:1 s3e1-99a97e3b:1 s6e1-8f8da0bb:1 s5e1-9758ed11:1 s8e1-a8b174a6:1 s1e1-a4bf772d:1
1786287003.725478 s2e1-af2273d3:1 s4e1-ae17eac1:1 s7e1-8f514c28:1 s3e1-99a97e3b:1 s6e1-8f8da0bb:1 s5e1-9758ed11:1 s8e1-a8b174a6:1 s1e1-a4bf772d:1
1786287003.748035 s2e1-af2273d3:1 s4e1-ae17eac1:1 s7e1-8f514c28:1 s3e1-99a97e3b:1 s6e1-8f8da0bb:1 s5e1-9758ed11:1 s8e1-a8b174a6:1 s1e1-a4bf772d:1
1786287003.770621 s2e1-af2273d3:1 s4e1-ae17eac1:1 s7e1-8f514c28:1 s3e1-99a97e3b:1 s6e1-8f8da0bb:1 s5e1-9758ed11:1 s8e1-a8b174a6:1 s1e1-a4bf772d:1
1786287003.793304 s2e1-af2273d3:1 s4e1-ae17eac1:1 s7e1-8f514c28:1 s3e1-99a97e3b:1 s6e1-8f8da0bb:1 s5e1-9758ed11:1 s8e1-a8b174a6:1 s1e1-a4bf772d:1
1786287003.815852 s2e1-af2273d3:1 s4e1-ae17eac1:1 s7e1-8f514c28:1 s3e1-99a97e3b:1 s6e1-8f8da0bb:1 s5e1-9758ed11:1 s8e1-a8b174a6:1 s1e1-a4bf772d:1
1786287003.838519 s2e1-af2273d3:1 s4e1-ae17eac1:1 s7e1-8f514c28:1 s3e1-99a97e3b:1 s6e1-8f8da0bb:1 s5e1-9758ed11:1 s8e1-a8b174a6:1 s1e1-a4bf772d:1
1786287003.861213 s2e1-af2273d3:1 s4e1-ae17eac1:1 s7e1-8f514c28:1 s3e1-99a97e3b:1 s6e1-8f8da0bb:1 s5e1-9758ed11:1 s8e1-a8b174a6:1 s1e1-a4bf772d:1
1786287003.884254 s4e1-ae17eac1:1 s7e1-8f514c28:1 s3e1-99a97e3b:1 s6e1-8f8da0bb:1 s5e1-9758ed11:1 s8e1-a8b174a6:1 s1e1-a4bf772d:1
1786287003.907338 s4e1-ae17eac1:1 s7e1-8f514c28:1 s3e1-99a97e3b:1 s6e1-8f8da0bb:1 s5e1-9758ed11:1 s8e1-a8b174a6:1 s1e1-a4bf772d:1
1786287003.930457 s4e1-ae17eac1:1 s7e1-8f514c28:1 s3e1-99a97e3b:1 s6e1-8f8da0bb:1 s5e1-9758ed11:1 s8e1-a8b174a6:1 s1e1-a4bf772d:1
1786287003.953586 s4e1-ae17eac1:1 s7e1-8f514c28:1 s3e1-99a97e3b:1 s6e1-8f8da0bb:1 s5e1-9758ed11:1 s8e1-a8b174a6:1 s1e1-a4bf772d:1
1786287003.976645 s7e1-8f514c28:1 s3e1-99a97e3b:1 s6e1-8f8da0bb:1 s5e1-9758ed11:1 s8e1-a8b174a6:1 s1e1-a4bf772d:1
1786287004.977261 s7e1-8f514c28:53E
1786287005.033138 s7e1-8f514c28:1
1786287005.036973 s7e1-8f514c28:1
1786287005.055715 s7e1-8f514c28:1
1786287005.075381 s7e1-8f514c28:1
1786287005.095537 s7e1-8f514c28:1 s2e1-af2273d3:53E s4e1-ae17eac1:53E s8e1-a8b174a6:53E
1786287005.160636 s7e1-8f514c28:1 s2e1-af2273d3:1 s4e1-ae17eac1:1 s8e1-a8b174a6:1 s3e1-99a97e3b:53E s6e1-8f8da0bb:53E s5e1-9758ed11:53E s1e1-a4bf772d:53E
1786287005.243890 s7e1-8f514c28:1 s2e1-af2273d3:1 s4e1-ae17eac1:1 s8e1-a8b174a6:1 s3e1-99a97e3b:1 s6e1-8f8da0bb:1 s5e1-9758ed11:1 s1e1-a4bf772d:1
1786287005.299293 s7e1-8f514c28:1 s2e1-af2273d3:1 s4e1-ae17eac1:1 s8e1-a8b174a6:1 s3e1-99a97e3b:1 s6e1-8f8da0bb:1 s5e1-9758ed11:1 s1e1-a4bf772d:1
1786287005.321676 s7e1-8f514c28:1 s2e1-af2273d3:1 s4e1-ae17eac1:1 s8e1-a8b174a6:1 s3e1-99a97e3b:1 s6e1-8f8da0bb:1 s5e1-9758ed11:1 s1e1-a4bf772d:1
1786287005.344223 s7e1-8f514c28:1 s2e1-af2273d3:1 s4e1-ae17eac1:1 s8e1-a8b174a6:1 s3e1-99a97e3b:1 s6e1-8f8da0bb:1 s5e1-9758ed11:1 s1e1-a4bf772d:1
1786287005.366758 s7e1-8f514c28:1 s2e1-af2273d3:1 s4e1-ae17eac1:1 s8e1-a8b174a6:1 s3e1-99a97e3b:1 s6e1-8f8da0bb:1 s5e1-9758ed11:1 s1e1-a4bf772d:1
1786287005.389304 s7e1-8f514c28:1 s2e1-af2273d3:1 s4e1-ae17eac1:1 s8e1-a8b174a6:1 s3e1-99a97e3b:1 s6e1-8f8da0bb:1 s5e1-9758ed11:1 s1e1-a4bf772d:1
1786287005.411927 s7e1-8f514c28:1 s2e1-af2273d3:1 s4e1-ae17eac1:1 s8e1-a8b174a6:1 s3e1-99a97e3b:1 s6e1-8f8da0bb:1 s5e1-9758ed11:1 s1e1-a4bf772d:1
1786287005.434538 s7e1-8f514c28:1 s2e1-af2273d3:1 s4e1-ae17eac1:1 s8e1-a8b174a6:1 s3e1-99a97e3b:1 s6e1-8f8da0bb:1 s5e1-9758ed11:1 s1e1-a4bf772d:1
1786287005.457150 s7e1-8f514c28:1 s2e1-af2273d3:1 s4e1-ae17eac1:1 s8e1-a8b174a6:1 s3e1-99a97e3b:1 s6e1-8f8da0bb:1 s5e1-9758ed11:1 s1e1-a4bf772d:1
1786287005.479769 s7e1-8f514c28:1 s2e1-af2273d3:1 s4e1-ae17eac1:1 s8e1-a8b174a6:1 s3e1-99a97e3b:1 s6e1-8f8da0bb:1 s5e1-9758ed11:1 s1e1-a4bf772d:1
1786287005.502389 s7e1-8f514c28:1 s2e1-af2273d3:1 s4e1-ae17eac1:1 s8e1-a8b174a6:1 s3e1-99a97e3b:1 s6e1-8f8da0bb:1 s5e1-9758ed11:1 s1e1-a4bf772d:1
1786287005.525040 s7e1-8f514c28:1 s2e1-af2273d3:1 s4e1-ae17eac1:1 s8e1-a8b174a6:1 s3e1-99a97e3b:1 s6e1-8f8da0bb:1 s5e1-9758ed11:1 s1e1-a4bf772d:1
1786287005.547643 s7e1-8f514c28:1 s2e1-af2273d3:1 s4e1-ae17eac1:1 s8e1-a8b174a6:1 s3e1-99a97e3b:1 s6e1-8f8da0bb:1 s5e1-9758ed11:1 s1e1-a4bf772d:1
1786287005.570272 s7e1-8f514c28:1 s2e1-af2273d3:1 s4e1-ae17eac1:1 s8e1-a8b174a6:1 s3e1-99a97e3b:1 s6e1-8f8da0bb:1 s5e1-9758ed11:1 s1e1-a4bf772d:1
1786287005.592960 s7e1-8f514c28:1 s2e1-af2273d3:1 s4e1-ae17eac1:1 s8e1-a8b174a6:1 s3e1-99a97e3b:1 s6e1-8f8da0bb:1 s5e1-9758ed11:1 s1e1-a4bf772d:1
1786287005.615515 s7e1-8f514c28:1 s2e1-af2273d3:1 s4e1-ae17eac1:1 s8e1-a8b174a6:1 s3e1-99a97e3b:1 s6e1-8f8da0bb:1 s5e1-9758ed11:1 s1e1-a4bf772d:1
1786287005.638105 s7e1-8f514c28:1 s2e1-af2273d3:1 s4e1-ae17eac1:1 s8e1-a8b174a6:1 s3e1-99a97e3b:1 s6e1-8f8da0bb:1 s5e1-9758ed11:1 s1e1-a4bf772d:1
1786287005.660727 s7e1-8f514c28:1 s2e1-af2273d3:1 s4e1-ae17eac1:1 s8e1-a8b174a6:1 s3e1-99a97e3b:1 s6e1-8f8da0bb:1 s5e1-9758ed11:1 s1e1-a4bf772d:1
1786287005.683430 s7e1-8f514c28:1 s2e1-af2273d3:1 s4e1-ae17eac1:1 s8e1-a8b174a6:1 s3e1-99a97e3b:1 s6e1-8f8da0bb:1 s5e1-9758ed11:1 s1e1-a4bf772d:1
1786287005.706066 s7e1-8f514c28:1 s2e1-af2273d3:1 s4e1-ae17eac1:1 s8e1-a8b174a6:1 s3e1-99a97e3b:1 s6e1-8f8da0bb:1 s5e1-9758ed11:1 s1e1-a4bf772d:1
1786287005.728682 s7e1-8f514c28:1 s2e1-af2273d3:1 s4e1-ae17eac1:1 s8e1-a8b174a6:1 s3e1-99a97e3b:1 s6e1-8f8da0bb:1 s5e1-9758ed11:1 s1e1-a4bf772d:1
1786287005.751269 s7e1-8f514c28:1 s2e1-af2273d3:1 s4e1-ae17eac1:1 s8e1-a8b174a6:1 s3e1-99a97e3b:1 s6e1-8f8da0bb:1 s5e1-9758ed11:1 s1e1-a4bf772d:1
1786287005.773893 s7e1-8f514c28:1 s2e1-af2273d3:1 s4e1-ae17eac1:1 s8e1-a8b174a6:1 s3e1-99a97e3b:1 s6e1-8f8da0bb:1 s5e1-9758ed11:1 s1e1-a4bf772d:1
1786287005.796503 s7e1-8f514c28:1 s2e1-af2273d3:1 s4e1-ae17eac1:1 s8e1-a8b174a6:1 s3e1-99a97e3b:1 s6e1-8f8da0bb:1 s5e1-9758ed11:1 s1e1-a4bf772d:1
1786287005.819172 s7e1-8f514c28:1 s2e1-af2273d3:1 s4e1-ae17eac1:1 s8e1-a8b174a6:1 s3e1-99a97e3b:1 s6e1-8f8da0bb:1 s5e1-9758ed11:1 s1e1-a4bf772d:1
1786287005.841944 s7e1-8f514c28:1 s2e1-af2273d3:1 s4e1-ae17eac1:1 s8e1-a8b174a6:1 s3e1-99a97e3b:1 s6e1-8f8da0bb:1 s5e1-9758ed11:1 s1e1-a4bf772d:1
1786287005.864936 s2e1-af2273d3:1 s4e1-ae17eac1:1 s8e1-a8b174a6:1 s3e1-99a97e3b:1 s6e1-8f8da0bb:1 s5e1-9758ed11:1 s1e1-a4bf772d:1
1786287005.888081 s2e1-af2273d3:1 s4e1-ae17eac1:1 s8e1-a8b174a6:1 s3e1-99a97e3b:1 s6e1-8f8da0bb:1 s5e1-9758ed11:1 s1e1-a4bf772d:1
1786287005.911186 s2e1-af2273d3:1 s4e1-ae17eac1:1 s8e1-a8b174a6:1 s3e1-99a97e3b:1 s6e1-8f8da0bb:1 s5e1-9758ed11:1 s1e1-a4bf772d:1
1786287005.934301 s2e1-af2273d3:1 s4e1-ae17eac1:1 s8e1-a8b174a6:1 s3e1-99a97e3b:1 s6e1-8f8da0bb:1 s5e1-9758ed11:1 s1e1-a4bf772d:1
1786287005.957415 s2e1-af2273d3:1 s4e1-ae17eac1:1 s8e1-a8b174a6:1 s3e1-99a97e3b:1 s6e1-8f8da0bb:1 s5e1-9758ed11:1 s1e1-a4bf772d:1
1786287005.980487 s3e1-99a97e3b:1 s6e1-8f8da0bb:1 s5e1-9758ed11:1 s1e1-a4bf772d:1
1786287007.035707 s6e1-8f8da0bb:53E
1786287007.103313 s6e1-8f8da0bb:1 s7e1-8f514c28:53E s2e1-af2273d3:53E s4e1-ae17eac1:53E s8e1-a8b174a6:53E s3e1-99a97e3b:53E s5e1-9758ed11:53E s1e1-a4bf772d:53E
1786287007.171277 s6e1-8f8da0bb:1 s7e1-8f514c28:1 s2e1-af2273d3:1 s4e1-ae17eac1:1 s8e1-a8b174a6:1 s3e1-99a97e3b:1 s5e1-9758ed11:1 s1e1-a4bf772d:1
1786287007.265973 s6e1-8f8da0bb:1 s7e1-8f514c28:1 s2e1-af2273d3:1 s4e1-ae17eac1:1 s8e1-a8b174a6:1 s3e1-99a97e3b:1 s5e1-9758ed11:1 s1e1-a4bf772d:1
1786287007.288139 s6e1-8f8da0bb:1 s7e1-8f514c28:1 s2e1-af2273d3:1 s4e1-ae17eac1:1 s8e1-a8b174a6:1 s3e1-99a97e3b:1 s5e1-9758ed11:1 s1e1-a4bf772d:1
1786287007.310490 s6e1-8f8da0bb:1 s7e1-8f514c28:1 s2e1-af2273d3:1 s4e1-ae17eac1:1 s8e1-a8b174a6:1 s3e1-99a97e3b:1 s5e1-9758ed11:1 s1e1-a4bf772d:1
1786287007.333000 s6e1-8f8da0bb:1 s7e1-8f514c28:1 s2e1-af2273d3:1 s4e1-ae17eac1:1 s8e1-a8b174a6:1 s3e1-99a97e3b:1 s5e1-9758ed11:1 s1e1-a4bf772d:1
1786287007.355513 s6e1-8f8da0bb:1 s7e1-8f514c28:1 s2e1-af2273d3:1 s4e1-ae17eac1:1 s8e1-a8b174a6:1 s3e1-99a97e3b:1 s5e1-9758ed11:1 s1e1-a4bf772d:1
1786287007.378077 s6e1-8f8da0bb:1 s7e1-8f514c28:1 s2e1-af2273d3:1 s4e1-ae17eac1:1 s8e1-a8b174a6:1 s3e1-99a97e3b:1 s5e1-9758ed11:1 s1e1-a4bf772d:1
1786287007.400780 s6e1-8f8da0bb:1 s7e1-8f514c28:1 s2e1-af2273d3:1 s4e1-ae17eac1:1 s8e1-a8b174a6:1 s3e1-99a97e3b:1 s5e1-9758ed11:1 s1e1-a4bf772d:1
1786287007.423354 s6e1-8f8da0bb:1 s7e1-8f514c28:1 s2e1-af2273d3:1 s4e1-ae17eac1:1 s8e1-a8b174a6:1 s3e1-99a97e3b:1 s5e1-9758ed11:1 s1e1-a4bf772d:1
1786287007.445914 s6e1-8f8da0bb:1 s7e1-8f514c28:1 s2e1-af2273d3:1 s4e1-ae17eac1:1 s8e1-a8b174a6:1 s3e1-99a97e3b:1 s5e1-9758ed11:1 s1e1-a4bf772d:1
1786287007.468549 s6e1-8f8da0bb:1 s7e1-8f514c28:1 s2e1-af2273d3:1 s4e1-ae17eac1:1 s8e1-a8b174a6:1 s3e1-99a97e3b:1 s5e1-9758ed11:1 s1e1-a4bf772d:1
1786287007.491127 s6e1-8f8da0bb:1 s7e1-8f514c28:1 s2e1-af2273d3:1 s4e1-ae17eac1:1 s8e1-a8b174a6:1 s3e1-99a97e3b:1 s5e1-9758ed11:1 s1e1-a4bf772d:1
1786287007.513725 s6e1-8f8da0bb:1 s7e1-8f514c28:1 s2e1-af2273d3:1 s4e1-ae17eac1:1 s8e1-a8b174a6:1 s3e1-99a97e3b:1 s5e1-9758ed11:1 s1e1-a4bf772d:1
1786287007.536349 s6e1-8f8da0bb:1 s7e1-8f514c28:1 s2e1-af2273d3:1 s4e1-ae17eac1:1 s8e1-a8b174a6:1 s3e1-99a97e3b:1 s5e1-9758ed11:1 s1e1-a4bf772d:1
1786287007.559087 s6e1-8f8da0bb:1 s7e1-8f514c28:1 s2e1-af2273d3:1 s4e1-ae17eac1:1 s8e1-a8b174a6:1 s3e1-99a97e3b:1 s5e1-9758ed11:1 s1e1-a4bf772d:1
1786287007.581697 s6e1-8f8da0bb:1 s7e1-8f514c28:1 s2e1-af2273d3:1 s4e1-ae17eac1:1 s8e1-a8b174a6:1 s3e1-99a97e3b:1 s5e1-9758ed11:1 s1e1-a4bf772d:1
1786287007.604157 s6e1-8f8da0bb:1 s7e1-8f514c28:1 s2e1-af2273d3:1 s4e1-ae17eac1:1 s8e1-a8b174a6:1 s3e1-99a97e3b:1 s5e1-9758ed11:1 s1e1-a4bf772d:1
1786287007.626770 s6e1-8f8da0bb:1 s7e1-8f514c28:1 s2e1-af2273d3:1 s4e1-ae17eac1:1 s8e1-a8b174a6:1 s3e1-99a97e3b:1 s5e1-9758ed11:1 s1e1-a4bf772d:1
1786287007.649400 s6e1-8f8da0bb:1 s7e1-8f514c28:1 s2e1-af2273d3:1 s4e1-ae17eac1:1 s8e1-a8b174a6:1 s3e1-99a97e3b:1 s5e1-9758ed11:1 s1e1-a4bf772d:1
1786287007.672038 s6e1-8f8da0bb:1 s7e1-8f514c28:1 s2e1-af2273d3:1 s4e1-ae17eac1:1 s8e1-a8b174a6:1 s3e1-99a97e3b:1 s5e1-9758ed11:1 s1e1-a4bf772d:1
1786287007.694602 s6e1-8f8da0bb:1 s7e1-8f514c28:1 s2e1-af2273d3:1 s4e1-ae17eac1:1 s8e1-a8b174a6:1 s3e1-99a97e3b:1 s5e1-9758ed11:1 s1e1-a4bf772d:1
1786287007.717252 s6e1-8f8da0bb:1 s7e1-8f514c28:1 s2e1-af2273d3:1 s4e1-ae17eac1:1 s8e1-a8b174a6:1 s3e1-99a97e3b:1 s5e1-9758ed11:1 s1e1-a4bf772d:1
1786287007.739844 s6e1-8f8da0bb:1 s7e1-8f514c28:1 s2e1-af2273d3:1 s4e1-ae17eac1:1 s8e1-a8b174a6:1 s3e1-99a97e3b:1 s5e1-9758ed11:1 s1e1-a4bf772d:1
1786287007.762461 s6e1-8f8da0bb:1 s7e1-8f514c28:1 s2e1-af2273d3:1 s4e1-ae17eac1:1 s8e1-a8b174a6:1 s3e1-99a97e3b:1 s5e1-9758ed11:1 s1e1-a4bf772d:1
1786287007.785113 s6e1-8f8da0bb:1 s7e1-8f514c28:1 s2e1-af2273d3:1 s4e1-ae17eac1:1 s8e1-a8b174a6:1 s3e1-99a97e3b:1 s5e1-9758ed11:1 s1e1-a4bf772d:1
1786287007.807727 s6e1-8f8da0bb:1 s7e1-8f514c28:1 s2e1-af2273d3:1 s4e1-ae17eac1:1 s8e1-a8b174a6:1 s3e1-99a97e3b:1 s5e1-9758ed11:1 s1e1-a4bf772d:1
1786287007.830377 s6e1-8f8da0bb:1 s7e1-8f514c28:1 s2e1-af2273d3:1 s4e1-ae17eac1:1 s8e1-a8b174a6:1 s3e1-99a97e3b:1 s5e1-9758ed11:1 s1e1-a4bf772d:1
1786287007.853004 s6e1-8f8da0bb:1 s7e1-8f514c28:1 s2e1-af2273d3:1 s4e1-ae17eac1:1 s8e1-a8b174a6:1 s3e1-99a97e3b:1 s5e1-9758ed11:1 s1e1-a4bf772d:1
1786287007.875620 s6e1-8f8da0bb:1 s7e1-8f514c28:1 s2e1-af2273d3:1 s4e1-ae17eac1:1 s8e1-a8b174a6:1 s3e1-99a97e3b:1 s5e1-9758ed11:1 s1e1-a4bf772d:1
1786287007.898254 s6e1-8f8da0bb:1 s7e1-8f514c28:1 s2e1-af2273d3:1 s4e1-ae17eac1:1 s8e1-a8b174a6:1 s3e1-99a97e3b:1 s5e1-9758ed11:1 s1e1-a4bf772d:1
1786287007.921320 s6e1-8f8da0bb:1 s7e1-8f514c28:1 s2e1-af2273d3:1 s4e1-ae17eac1:1 s8e1-a8b174a6:1 s3e1-99a97e3b:1 s5e1-9758ed11:1 s1e1-a4bf772d:1
1786287007.944437 s7e1-8f514c28:1 s2e1-af2273d3:1 s4e1-ae17eac1:1 s8e1-a8b174a6:1 s3e1-99a97e3b:1 s5e1-9758ed11:1 s1e1-a4bf772d:1
1786287009.014062 s8e1-a8b174a6:53E
1786287009.076165 s8e1-a8b174a6:1 s7e1-8f514c28:53E s2e1-af2273d3:53E s4e1-ae17eac1:53E s1e1-a4bf772d:53E
1786287009.137061 s8e1-a8b174a6:1 s7e1-8f514c28:1 s2e1-af2273d3:1 s4e1-ae17eac1:1 s1e1-a4bf772d:1 s6e1-8f8da0bb:53E s3e1-99a97e3b:53E s5e1-9758ed11:53E
1786287009.228005 s8e1-a8b174a6:1 s7e1-8f514c28:1 s2e1-af2273d3:1 s4e1-ae17eac1:1 s1e1-a4bf772d:1 s6e1-8f8da0bb:1 s3e1-99a97e3b:1 s5e1-9758ed11:1
1786287009.277687 s8e1-a8b174a6:1 s7e1-8f514c28:1 s2e1-af2273d3:1 s4e1-ae17eac1:1 s1e1-a4bf772d:1 s6e1-8f8da0bb:1 s3e1-99a97e3b:1 s5e1-9758ed11:1
1786287009.300151 s8e1-a8b174a6:1 s7e1-8f514c28:1 s2e1-af2273d3:1 s4e1-ae17eac1:1 s1e1-a4bf772d:1 s6e1-8f8da0bb:1 s3e1-99a97e3b:1 s5e1-9758ed11:1
1786287009.322695 s8e1-a8b174a6:1 s7e1-8f514c28:1 s2e1-af2273d3:1 s4e1-ae17eac1:1 s1e1-a4bf772d:1 s6e1-8f8da0bb:1 s3e1-99a97e3b:1 s5e1-9758ed11:1
1786287009.345303 s8e1-a8b174a6:1 s7e1-8f514c28:1 s2e1-af2273d3:1 s4e1-ae17eac1:1 s1e1-a4bf772d:1 s6e1-8f8da0bb:1 s3e1-99a97e3b:1 s5e1-9758ed11:1
1786287009.367960 s8e1-a8b174a6:1 s7e1-8f514c28:1 s2e1-af2273d3:1 s4e1-ae17eac1:1 s1e1-a4bf772d:1 s6e1-8f8da0bb:1 s3e1-99a97e3b:1 s5e1-9758ed11:1
1786287009.390762 s8e1-a8b174a6:1 s7e1-8f514c28:1 s2e1-af2273d3:1 s4e1-ae17eac1:1 s1e1-a4bf772d:1 s6e1-8f8da0bb:1 s3e1-99a97e3b:1 s5e1-9758ed11:1
1786287009.413405 s8e1-a8b174a6:1 s7e1-8f514c28:1 s2e1-af2273d3:1 s4e1-ae17eac1:1 s1e1-a4bf772d:1 s6e1-8f8da0bb:1 s3e1-99a97e3b:1 s5e1-9758ed11:1
1786287009.436256 s8e1-a8b174a6:1 s7e1-8f514c28:1 s2e1-af2273d3:1 s4e1-ae17eac1:1 s1e1-a4bf772d:1 s6e1-8f8da0bb:1 s3e1-99a97e3b:1 s5e1-9758ed11:1
1786287009.458851 s8e1-a8b174a6:1 s7e1-8f514c28:1 s2e1-af2273d3:1 s4e1-ae17eac1:1 s1e1-a4bf772d:1 s6e1-8f8da0bb:1 s3e1-99a97e3b:1 s5e1-9758ed11:1
1786287009.481547 s8e1-a8b174a6:1 s7e1-8f514c28:1 s2e1-af2273d3:1 s4e1-ae17eac1:1 s1e1-a4bf772d:1 s6e1-8f8da0bb:1 s3e1-99a97e3b:1 s5e1-9758ed11:1
1786287009.504196 s8e1-a8b174a6:1 s7e1-8f514c28:1 s2e1-af2273d3:1 s4e1-ae17eac1:1 s1e1-a4bf772d:1 s6e1-8f8da0bb:1 s3e1-99a97e3b:1 s5e1-9758ed11:1
1786287009.526903 s8e1-a8b174a6:1 s7e1-8f514c28:1 s2e1-af2273d3:1 s4e1-ae17eac1:1 s1e1-a4bf772d:1 s6e1-8f8da0bb:1 s3e1-99a97e3b:1 s5e1-9758ed11:1
1786287009.549617 s8e1-a8b174a6:1 s7e1-8f514c28:1 s2e1-af2273d3:1 s4e1-ae17eac1:1 s1e1-a4bf772d:1 s6e1-8f8da0bb:1 s3e1-99a97e3b:1 s5e1-9758ed11:1
1786287009.572319 s8e1-a8b174a6:1 s7e1-8f514c28:1 s2e1-af2273d3:1 s4e1-ae17eac1:1 s1e1-a4bf772d:1 s6e1-8f8da0bb:1 s3e1-99a97e3b:1 s5e1-9758ed11:1
1786287009.595028 s8e1-a8b174a6:1 s7e1-8f514c28:1 s2e1-af2273d3:1 s4e1-ae17eac1:1 s1e1-a4bf772d:1 s6e1-8f8da0bb:1 s3e1-99a97e3b:1 s5e1-9758ed11:1
1786287009.617768 s8e1-a8b174a6:1 s7e1-8f514c28:1 s2e1-af2273d3:1 s4e1-ae17eac1:1 s1e1-a4bf772d:1 s6e1-8f8da0bb:1 s3e1-99a97e3b:1 s5e1-9758ed11:1
1786287009.640495 s8e1-a8b174a6:1 s7e1-8f514c28:1 s2e1-af2273d3:1 s4e1-ae17eac1:1 s1e1-a4bf772d:1 s6e1-8f8da0bb:1 s3e1-99a97e3b:1 s5e1-9758ed11:1
1786287009.663205 s8e1-a8b174a6:1 s7e1-8f514c28:1 s2e1-af2273d3:1 s4e1-ae17eac1:1 s1e1-a4bf772d:1 s6e1-8f8da0bb:1 s3e1-99a97e3b:1 s5e1-9758ed11:1
1786287009.685947 s8e1-a8b174a6:1 s7e1-8f514c28:1 s2e1-af2273d3:1 s4e1-ae17eac1:1 s1e1-a4bf772d:1 s6e1-8f8da0bb:1 s3e1-99a97e3b:1 s5e1-9758ed11:1
1786287009.708655 s8e1-a8b174a6:1 s7e1-8f514c28:1 s2e1-af2273d3:1 s4e1-ae17eac1:1 s1e1-a4bf772d:1 s6e1-8f8da0bb:1 s3e1-99a97e3b:1 s5e1-9758ed11:1
1786287009.731405 s8e1-a8b174a6:1 s7e1-8f514c28:1 s2e1-af2273d3:1 s4e1-ae17eac1:1 s1e1-a4bf772d:1 s6e1-8f8da0bb:1 s3e1-99a97e3b:1 s5e1-9758ed11:1
1786287009.754147 s8e1-a8b174a6:1 s7e1-8f514c28:1 s2e1-af2273d3:1 s4e1-ae17eac1:1 s1e1-a4bf772d:1 s6e1-8f8da0bb:1 s3e1-99a97e3b:1 s5e1-9758ed11:1
1786287009.776894 s8e1-a8b174a6:1 s7e1-8f514c28:1 s2e1-af2273d3:1 s4e1-ae17eac1:1 s1e1-a4bf772d:1 s6e1-8f8da0bb:1 s3e1-99a97e3b:1 s5e1-9758ed11:1
1786287009.799746 s8e1-a8b174a6:1 s7e1-8f514c28:1 s2e1-af2273d3:1 s4e1-ae17eac1:1 s1e1-a4bf772d:1 s6e1-8f8da0bb:1 s3e1-99a97e3b:1 s5e1-9758ed11:1
1786287009.822513 s8e1-a8b174a6:1 s7e1-8f514c28:1 s2e1-af2273d3:1 s4e1-ae17eac1:1 s1e1-a4bf772d:1 s6e1-8f8da0bb:1 s3e1-99a97e3b:1 s5e1-9758ed11:1
1786287009.845165 s8e1-a8b174a6:1 s7e1-8f514c28:1 s2e1-af2273d3:1 s4e1-ae17eac1:1 s1e1-a4bf772d:1 s6e1-8f8da0bb:1 s3e1-99a97e3b:1 s5e1-9758ed11:1
1786287009.867867 s8e1-a8b174a6:1 s7e1-8f514c28:1 s2e1-af2273d3:1 s4e1-ae17eac1:1 s1e1-a4bf772d:1 s6e1-8f8da0bb:1 s3e1-99a97e3b:1 s5e1-9758ed11:1
1786287009.890576 s8e1-a8b174a6:1 s7e1-8f514c28:1 s2e1-af2273d3:1 s4e1-ae17eac1:1 s1e1-a4bf772d:1 s6e1-8f8da0bb:1 s3e1-99a97e3b:1 s5e1-9758ed11:1
1786287009.913404 s8e1-a8b174a6:1 s7e1-8f514c28:1 s2e1-af2273d3:1 s4e1-ae17eac1:1 s1e1-a4bf772d:1 s6e1-8f8da0bb:1 s3e1-99a97e3b:1 s5e1-9758ed11:1
1786287009.936414 s7e1-8f514c28:1 s2e1-af2273d3:1 s4e1-ae17eac1:1 s1e1-a4bf772d:1 s6e1-8f8da0bb:1 s3e1-99a97e3b:1 s5e1-9758ed11:1
1786287009.959514 s6e1-8f8da0bb:1 s3e1-99a97e3b:1 s5e1-9758ed11:1
1786287011.049279 s2e1-af2273d3:53E
1786287011.110104 s2e1-af2273d3:1 s8e1-a8b174a6:53E s7e1-8f514c28:53E s4e1-ae17eac1:53E s1e1-a4bf772d:53E s6e1-8f8da0bb:53E s3e1-99a97e3b:53E s5e1-9758ed11:53E
1786287011.179519 s2e1-af2273d3:1 s8e1-a8b174a6:1 s7e1-8f514c28:1 s4e1-ae17eac1:1 s1e1-a4bf772d:1 s6e1-8f8da0bb:1 s3e1-99a97e3b:1 s5e1-9758ed11:1
1786287011.275116 s2e1-af2273d3:1 s8e1-a8b174a6:1 s7e1-8f514c28:1 s4e1-ae17eac1:1 s1e1-a4bf772d:1 s6e1-8f8da0bb:1 s3e1-99a97e3b:1 s5e1-9758ed11:1
1786287011.297349 s2e1-af2273d3:1 s8e1-a8b174a6:1 s7e1-8f514c28:1 s4e1-ae17eac1:1 s1e1-a4bf772d:1 s6e1-8f8da0bb:1 s3e1-99a97e3b:1 s5e1-9758ed11:1
1786287011.319795 s2e1-af2273d3:1 s8e1-a8b174a6:1 s7e1-8f514c28:1 s4e1-ae17eac1:1 s1e1-a4bf772d:1 s6e1-8f8da0bb:1 s3e1-99a97e3b:1 s5e1-9758ed11:1
1786287011.342490 s2e1-af2273d3:1 s8e1-a8b174a6:1 s7e1-8f514c28:1 s4e1-ae17eac1:1 s1e1-a4bf772d:1 s6e1-8f8da0bb:1 s3e1-99a97e3b:1 s5e1-9758ed11:1
1786287011.365197 s2e1-af2273d3:1 s8e1-a8b174a6:1 s7e1-8f514c28:1 s4e1-ae17eac1:1 s1e1-a4bf772d:1 s6e1-8f8da0bb:1 s3e1-99a97e3b:1 s5e1-9758ed11:1
1786287011.387771 s2e1-af2273d3:1 s8e1-a8b174a6:1 s7e1-8f514c28:1 s4e1-ae17eac1:1 s1e1-a4bf772d:1 s6e1-8f8da0bb:1 s3e1-99a97e3b:1 s5e1-9758ed11:1
1786287011.410431 s2e1-af2273d3:1 s8e1-a8b174a6:1 s7e1-8f514c28:1 s4e1-ae17eac1:1 s1e1-a4bf772d:1 s6e1-8f8da0bb:1 s3e1-99a97e3b:1 s5e1-9758ed11:1
1786287011.433115 s2e1-af2273d3:1 s8e1-a8b174a6:1 s7e1-8f514c28:1 s4e1-ae17eac1:1 s1e1-a4bf772d:1 s6e1-8f8da0bb:1 s3e1-99a97e3b:1 s5e1-9758ed11:1
1786287011.455800 s2e1-af2273d3:1 s8e1-a8b174a6:1 s7e1-8f514c28:1 s4e1-ae17eac1:1 s1e1-a4bf772d:1 s6e1-8f8da0bb:1 s3e1-99a97e3b:1 s5e1-9758ed11:1
1786287011.478491 s2e1-af2273d3:1 s8e1-a8b174a6:1 s7e1-8f514c28:1 s4e1-ae17eac1:1 s1e1-a4bf772d:1 s6e1-8f8da0bb:1 s3e1-99a97e3b:1 s5e1-9758ed11:1
1786287011.501163 s2e1-af2273d3:1 s8e1-a8b174a6:1 s7e1-8f514c28:1 s4e1-ae17eac1:1 s1e1-a4bf772d:1 s6e1-8f8da0bb:1 s3e1-99a97e3b:1 s5e1-9758ed11:1
1786287011.523819 s2e1-af2273d3:1 s8e1-a8b174a6:1 s7e1-8f514c28:1 s4e1-ae17eac1:1 s1e1-a4bf772d:1 s6e1-8f8da0bb:1 s3e1-99a97e3b:1 s5e1-9758ed11:1
1786287011.546500 s2e1-af2273d3:1 s8e1-a8b174a6:1 s7e1-8f514c28:1 s4e1-ae17eac1:1 s1e1-a4bf772d:1 s6e1-8f8da0bb:1 s3e1-99a97e3b:1 s5e1-9758ed11:1
1786287011.569187 s2e1-af2273d3:1 s8e1-a8b174a6:1 s7e1-8f514c28:1 s4e1-ae17eac1:1 s1e1-a4bf772d:1 s6e1-8f8da0bb:1 s3e1-99a97e3b:1 s5e1-9758ed11:1
1786287011.591831 s2e1-af2273d3:1 s8e1-a8b174a6:1 s7e1-8f514c28:1 s4e1-ae17eac1:1 s1e1-a4bf772d:1 s6e1-8f8da0bb:1 s3e1-99a97e3b:1 s5e1-9758ed11:1
1786287011.614538 s2e1-af2273d3:1 s8e1-a8b174a6:1 s7e1-8f514c28:1 s4e1-ae17eac1:1 s1e1-a4bf772d:1 s6e1-8f8da0bb:1 s3e1-99a97e3b:1 s5e1-9758ed11:1
1786287011.637227 s2e1-af2273d3:1 s8e1-a8b174a6:1 s7e1-8f514c28:1 s4e1-ae17eac1:1 s1e1-a4bf772d:1 s6e1-8f8da0bb:1 s3e1-99a97e3b:1 s5e1-9758ed11:1
1786287011.659888 s2e1-af2273d3:1 s8e1-a8b174a6:1 s7e1-8f514c28:1 s4e1-ae17eac1:1 s1e1-a4bf772d:1 s6e1-8f8da0bb:1 s3e1-99a97e3b:1 s5e1-9758ed11:1
1786287011.682577 s2e1-af2273d3:1 s8e1-a8b174a6:1 s7e1-8f514c28:1 s4e1-ae17eac1:1 s1e1-a4bf772d:1 s6e1-8f8da0bb:1 s3e1-99a97e3b:1 s5e1-9758ed11:1
1786287011.705349 s2e1-af2273d3:1 s8e1-a8b174a6:1 s7e1-8f514c28:1 s4e1-ae17eac1:1 s1e1-a4bf772d:1 s6e1-8f8da0bb:1 s3e1-99a97e3b:1 s5e1-9758ed11:1
1786287011.728019 s2e1-af2273d3:1 s8e1-a8b174a6:1 s7e1-8f514c28:1 s4e1-ae17eac1:1 s1e1-a4bf772d:1 s6e1-8f8da0bb:1 s3e1-99a97e3b:1 s5e1-9758ed11:1
1786287011.750609 s2e1-af2273d3:1 s8e1-a8b174a6:1 s7e1-8f514c28:1 s4e1-ae17eac1:1 s1e1-a4bf772d:1 s6e1-8f8da0bb:1 s3e1-99a97e3b:1 s5e1-9758ed11:1
1786287011.773288 s2e1-af2273d3:1 s8e1-a8b174a6:1 s7e1-8f514c28:1 s4e1-ae17eac1:1 s1e1-a4bf772d:1 s6e1-8f8da0bb:1 s3e1-99a97e3b:1 s5e1-9758ed11:1
1786287011.795951 s2e1-af2273d3:1 s8e1-a8b174a6:1 s7e1-8f514c28:1 s4e1-ae17eac1:1 s1e1-a4bf772d:1 s6e1-8f8da0bb:1 s3e1-99a97e3b:1 s5e1-9758ed11:1
1786287011.818642 s2e1-af2273d3:1 s8e1-a8b174a6:1 s7e1-8f514c28:1 s4e1-ae17eac1:1 s1e1-a4bf772d:1 s6e1-8f8da0bb:1 s3e1-99a97e3b:1 s5e1-9758ed11:1
1786287011.841324 s2e1-af2273d3:1 s8e1-a8b174a6:1 s7e1-8f514c28:1 s4e1-ae17eac1:1 s1e1-a4bf772d:1 s6e1-8f8da0bb:1 s3e1-99a97e3b:1 s5e1-9758ed11:1
1786287011.864050 s2e1-af2273d3:1 s8e1-a8b174a6:1 s7e1-8f514c28:1 s4e1-ae17eac1:1 s1e1-a4bf772d:1 s6e1-8f8da0bb:1 s3e1-99a97e3b:1 s5e1-9758ed11:1
1786287011.886695 s2e1-af2273d3:1 s8e1-a8b174a6:1 s7e1-8f514c28:1 s4e1-ae17eac1:1 s1e1-a4bf772d:1 s6e1-8f8da0bb:1 s3e1-99a97e3b:1 s5e1-9758ed11:1
1786287011.909469 s2e1-af2273d3:1 s8e1-a8b174a6:1 s7e1-8f514c28:1 s4e1-ae17eac1:1 s1e1-a4bf772d:1 s6e1-8f8da0bb:1 s3e1-99a97e3b:1 s5e1-9758ed11:1
1786287011.932425 s2e1-af2273d3:1 s8e1-a8b174a6:1 s7e1-8f514c28:1 s4e1-ae17eac1:1 s1e1-a4bf772d:1 s6e1-8f8da0bb:1 s3e1-99a97e3b:1 s5e1-9758ed11:1
1786287011.955561 s8e1-a8b174a6:1 s7e1-8f514c28:1 s4e1-ae17eac1:1 s1e1-a4bf772d:1 s6e1-8f8da0bb:1 s3e1-99a97e3b:1 s5e1-9758ed11:1
1786287013.021200 s2e1-af2273d3:15E
1786287013.115065 s2e1-af2273d3:1 s8e1-a8b174a6:15E s7e1-8f514c28:15E s4e1-ae17eac1:15E s1e1-a4bf772d:15E s6e1-8f8da0bb:15E s3e1-99a97e3b:15E s5e1-9758ed11:15E
1786287013.216614 s2e1-af2273d3:1 s8e1-a8b174a6:1 s7e1-8f514c28:1 s4e1-ae17eac1:1 s1e1-a4bf772d:1 s6e1-8f8da0bb:1 s3e1-99a97e3b:1 s5e1-9758ed11:1
1786287013.233602 s2e1-af2273d3:1 s8e1-a8b174a6:1 s7e1-8f514c28:1 s4e1-ae17eac1:1 s1e1-a4bf772d:1 s6e1-8f8da0bb:1 s3e1-99a97e3b:1 s5e1-9758ed11:1
1786287013.256272 s2e1-af2273d3:1 s8e1-a8b174a6:1 s7e1-8f514c28:1 s4e1-ae17eac1:1 s1e1-a4bf772d:1 s6e1-8f8da0bb:1 s3e1-99a97e3b:1 s5e1-9758ed11:1
1786287013.279067 s2e1-af2273d3:1 s8e1-a8b174a6:1 s7e1-8f514c28:1 s4e1-ae17eac1:1 s1e1-a4bf772d:1 s6e1-8f8da0bb:1 s3e1-99a97e3b:1 s5e1-9758ed11:1
1786287013.301923 s2e1-af2273d3:1 s8e1-a8b174a6:1 s7e1-8f514c28:1 s4e1-ae17eac1:1 s1e1-a4bf772d:1 s6e1-8f8da0bb:1 s3e1-99a97e3b:1 s5e1-9758ed11:1
1786287013.325019 s2e1-af2273d3:1 s8e1-a8b174a6:1 s7e1-8f514c28:1 s4e1-ae17eac1:1 s1e1-a4bf772d:1 s6e1-8f8da0bb:1 s3e1-99a97e3b:1 s5e1-9758ed11:1
1786287013.347928 s2e1-af2273d3:1 s8e1-a8b174a6:1 s7e1-8f514c28:1 s4e1-ae17eac1:1 s1e1-a4bf772d:1 s6e1-8f8da0bb:1 s3e1-99a97e3b:1 s5e1-9758ed11:1
1786287013.370680 s2e1-af2273d3:1 s8e1-a8b174a6:1 s7e1-8f514c28:1 s4e1-ae17eac1:1 s1e1-a4bf772d:1 s6e1-8f8da0bb:1 s3e1-99a97e3b:1 s5e1-9758ed11:1
1786287013.393557 s2e1-af2273d3:1 s8e1-a8b174a6:1 s7e1-8f514c28:1 s4e1-ae17eac1:1 s1e1-a4bf772d:1 s6e1-8f8da0bb:1 s3e1-99a97e3b:1 s5e1-9758ed11:1
1786287013.416492 s2e1-af2273d3:1 s8e1-a8b174a6:1 s7e1-8f514c28:1 s4e1-ae17eac1:1 s1e1-a4bf772d:1 s6e1-8f8da0bb:1 s3e1-99a97e3b:1 s5e1-9758ed11:1
1786287013.439394 s2e1-af2273d3:1 s8e1-a8b174a6:1 s7e1-8f514c28:1 s4e1-ae17eac1:1 s1e1-a4bf772d:1 s6e1-8f8da0bb:1 s3e1-99a97e3b:1 s5e1-9758ed11:1
1786287013.462264 s2e1-af2273d3:1 s8e1-a8b174a6:1 s7e1-8f514c28:1 s4e1-ae17eac1:1 s1e1-a4bf772d:1 s6e1-8f8da0bb:1 s3e1-99a97e3b:1 s5e1-9758ed11:1
1786287013.485195 s2e1-af2273d3:1 s8e1-a8b174a6:1 s7e1-8f514c28:1 s4e1-ae17eac1:1 s1e1-a4bf772d:1 s6e1-8f8da0bb:1 s3e1-99a97e3b:1 s5e1-9758ed11:1
1786287013.508049 s2e1-af2273d3:1 s8e1-a8b174a6:1 s7e1-8f514c28:1 s4e1-ae17eac1:1 s1e1-a4bf772d:1 s6e1-8f8da0bb:1 s3e1-99a97e3b:1 s5e1-9758ed11:1
1786287013.530881 s2e1-af2273d3:1 s8e1-a8b174a6:1 s7e1-8f514c28:1 s4e1-ae17eac1:1 s1e1-a4bf772d:1 s6e1-8f8da0bb:1 s3e1-99a97e3b:1 s5e1-9758ed11:1
1786287013.553859 s2e1-af2273d3:1 s8e1-a8b174a6:1 s7e1-8f514c28:1 s4e1-ae17eac1:1 s1e1-a4bf772d:1 s6e1-8f8da0bb:1 s3e1-99a97e3b:1 s5e1-9758ed11:1
1786287013.576840 s2e1-af2273d3:1 s8e1-a8b174a6:1 s7e1-8f514c28:1 s4e1-ae17eac1:1 s1e1-a4bf772d:1 s6e1-8f8da0bb:1 s3e1-99a97e3b:1 s5e1-9758ed11:1
1786287013.599654 s2e1-af2273d3:1 s8e1-a8b174a6:1 s7e1-8f514c28:1 s4e1-ae17eac1:1 s1e1-a4bf772d:1 s6e1-8f8da0bb:1 s3e1-99a97e3b:1 s5e1-9758ed11:1
1786287013.622522 s2e1-af2273d3:1 s8e1-a8b174a6:1 s7e1-8f514c28:1 s4e1-ae17eac1:1 s1e1-a4bf772d:1 s6e1-8f8da0bb:1 s3e1-99a97e3b:1 s5e1-9758ed11:1
1786287013.645397 s2e1-af2273d3:1 s8e1-a8b174a6:1 s7e1-8f514c28:1 s4e1-ae17eac1:1 s1e1-a4bf772d:1 s6e1-8f8da0bb:1 s3e1-99a97e3b:1 s5e1-9758ed11:1
1786287013.668259 s2e1-af2273d3:1 s8e1-a8b174a6:1 s7e1-8f514c28:1 s4e1-ae17eac1:1 s1e1-a4bf772d:1 s6e1-8f8da0bb:1 s3e1-99a97e3b:1 s5e1-9758ed11:1
