1786564976.326367 s1000000000e1-b284c121:2048
1786564976.751858 s1000000000e1-b284c121:2048
1786564977.188814 s1000000000e1-b284c121:16
1786564977.286260 s1000000000e1-b284c121:53E
1786564977.608344 s1000000000e1-b284c121:1
1786564977.632281 s1000000000e1-b284c121:1
1786564977.653422 s1000000000e1-b284c121:1
1786564977.674563 s1000000000e1-b284c121:1
1786564977.695639 s1000000000e1-b284c121:1
1786564977.716754 s1000000000e1-b284c121:1
1786564977.737842 s1000000000e1-b284c121:1
1786564977.758970 s1000000000e1-b284c121:1
1786564977.780113 s1000000000e1-b284c121:1
1786564977.801251 s1000000000e1-b284c121:1
1786564977.822515 s1000000000e1-b284c121:1
1786564977.843942 s1000000000e1-b284c121:1
1786564977.865007 s1000000000e1-b284c121:1
1786564977.886195 s1000000000e1-b284c121:1
1786564977.907366 s1000000000e1-b284c121:1
1786564977.928476 s1000000000e1-b284c121:1
1786564977.949561 s1000000000e1-b284c121:1
1786564977.970624 s1000000000e1-b284c121:1
1786564977.991700 s1000000000e1-b284c121:1
1786564978.012736 s1000000000e1-b284c121:1
1786564978.033785 s1000000000e1-b284c121:1
1786564978.054853 s1000000000e1-b284c121:1
1786564978.076049 s1000000000e1-b284c121:1
1786564978.097266 s1000000000e1-b284c121:1
1786564979.397061 s1e1-9256ac17:2048
1786564979.810601 s1e1-9256ac17:1984 s2e1-9f76c9cb:64
1786564980.250322 s2e1-9f76c9cb:2048
1786564980.676847 s2e1-9f76c9cb:1957 s3e1-900d615e:91
1786564981.115082 s3e1-900d615e:2048
1786564981.538562 s3e1-900d615e:1901 s4e1-8991268b:147
1786564981.981912 s4e1-8991268b:2048
1786564982.399108 s4e1-8991268b:1826 s5e1-b8b7f286:222
1786564982.845631 s5e1-b8b7f286:2048
1786564983.261885 s5e1-b8b7f286:1722 s6e1-9cf5af8f:326
1786564983.707208 s6e1-9cf5af8f:2048
1786564984.129458 s6e1-9cf5af8f:1682 s7e1-a477e2ab:366
1786564984.572401 s7e1-a477e2ab:2048
1786564984.997910 s7e1-a477e2ab:1581 s8e1-8a5a4506:467
1786564985.434716 s8e1-8a5a4506:2048
1786564985.865094 s8e1-8a5a4506:1521
1786564998.922560 s3e1-900d615e:9E
1786564999.001453 s3e1-900d615e:1
1786564999.024151 s3e1-900d615e:1
1786564999.046767 s3e1-900d615e:1
1786564999.069172 s3e1-900d615e:1
1786564999.103336 s3e1-900d615e:1
1786564999.125765 s3e1-900d615e:1
1786564999.148407 s3e1-900d615e:1
1786564999.170859 s3e1-900d615e:1
1786564999.192994 s3e1-900d615e:1
1786564999.215497 s3e1-900d615e:1 s4e1-8991268b:15E
1786564999.274153 s3e1-900d615e:1 s4e1-8991268b:1
1786564999.296153 s3e1-900d615e:1 s4e1-8991268b:1
1786564999.317599 s3e1-900d615e:1 s4e1-8991268b:1
1786564999.339104 s3e1-900d615e:1 s4e1-8991268b:1
1786564999.360567 s3e1-900d615e:1 s4e1-8991268b:1
1786564999.382806 s3e1-900d615e:1 s4e1-8991268b:1 s5e1-b8b7f286:22E
1786564999.439111 s3e1-900d615e:1 s4e1-8991268b:1 s5e1-b8b7f286:1
1786564999.461684 s3e1-900d615e:1 s4e1-8991268b:1 s5e1-b8b7f286:1
1786564999.484075 s3e1-900d615e:1 s4e1-8991268b:1 s5e1-b8b7f286:1
1786564999.506147 s3e1-900d615e:1 s4e1-8991268b:1 s5e1-b8b7f286:1
1786564999.528345 s3e1-900d615e:1 s4e1-8991268b:1 s5e1-b8b7f286:1
1786564999.550626 s3e1-900d615e:1 s4e1-8991268b:1 s5e1-b8b7f286:1
1786564999.572782 s3e1-900d615e:1 s4e1-8991268b:1 s5e1-b8b7f286:1
1786564999.594902 s3e1-900d615e:1 s4e1-8991268b:1 s5e1-b8b7f286:1
1786564999.617447 s4e1-8991268b:1 s5e1-b8b7f286:1
1786564999.639041 s4e1-8991268b:1 s5e1-b8b7f286:1
1786564999.660508 s4e1-8991268b:1 s5e1-b8b7f286:1
1786564999.682058 s4e1-8991268b:1 s5e1-b8b7f286:1
1786564999.704055 s4e1-8991268b:1 s5e1-b8b7f286:1 s6e1-9cf5af8f:28E
1786564999.760195 s4e1-8991268b:1 s5e1-b8b7f286:1 s6e1-9cf5af8f:1
1786564999.782232 s4e1-8991268b:1 s5e1-b8b7f286:1 s6e1-9cf5af8f:1
1786564999.804309 s4e1-8991268b:1 s5e1-b8b7f286:1 s6e1-9cf5af8f:1
1786564999.826452 s4e1-8991268b:1 s5e1-b8b7f286:1 s6e1-9cf5af8f:1
1786564999.848721 s4e1-8991268b:1 s5e1-b8b7f286:1 s6e1-9cf5af8f:1
1786564999.871432 s5e1-b8b7f286:1 s6e1-9cf5af8f:1
1786564999.893289 s5e1-b8b7f286:1 s6e1-9cf5af8f:1
1786564999.915193 s5e1-b8b7f286:1 s6e1-9cf5af8f:1
1786564999.936939 s5e1-b8b7f286:1 s6e1-9cf5af8f:1
1786564999.959205 s5e1-b8b7f286:1 s6e1-9cf5af8f:1 s7e1-a477e2ab:34E
1786565000.017782 s5e1-b8b7f286:1 s6e1-9cf5af8f:1 s7e1-a477e2ab:1
1786565000.040488 s6e1-9cf5af8f:1 s7e1-a477e2ab:1
1786565000.062498 s6e1-9cf5af8f:1 s7e1-a477e2ab:1
1786565000.084661 s6e1-9cf5af8f:1 s7e1-a477e2ab:1 s8e1-8a5a4506:40E
1786565000.144813 s6e1-9cf5af8f:1 s7e1-a477e2ab:1 s8e1-8a5a4506:1
1786565000.167305 s6e1-9cf5af8f:1 s7e1-a477e2ab:1 s8e1-8a5a4506:1
1786565000.189753 s6e1-9cf5af8f:1 s7e1-a477e2ab:1 s8e1-8a5a4506:1
1786565000.212070 s6e1-9cf5af8f:1 s7e1-a477e2ab:1 s8e1-8a5a4506:1
1786565000.234443 s6e1-9cf5af8f:1 s7e1-a477e2ab:1 s8e1-8a5a4506:1
1786565000.256494 s6e1-9cf5af8f:1 s7e1-a477e2ab:1 s8e1-8a5a4506:1
1786565000.291178 s6e1-9cf5af8f:1 s7e1-a477e2ab:1 s8e1-8a5a4506:1
1786565000.313334 s6e1-9cf5af8f:1 s7e1-a477e2ab:1 s8e1-8a5a4506:1
1786565000.336235 s6e1-9cf5af8f:1 s7e1-a477e2ab:1 s8e1-8a5a4506:1 s1e1-9256ac17:47E
1786565000.396894 s6e1-9cf5af8f:1 s7e1-a477e2ab:1 s8e1-8a5a4506:1 s1e1-9256ac17:1
1786565000.419601 s7e1-a477e2ab:1 s8e1-8a5a4506:1 s1e1-9256ac17:1
1786565000.441812 s7e1-a477e2ab:1 s8e1-8a5a4506:1 s1e1-9256ac17:1
1786565000.463928 s7e1-a477e2ab:1 s8e1-8a5a4506:1 s1e1-9256ac17:1
1786565000.486121 s7e1-a477e2ab:1 s8e1-8a5a4506:1 s1e1-9256ac17:1
1786565000.508504 s7e1-a477e2ab:1 s8e1-8a5a4506:1 s1e1-9256ac17:1
1786565000.531009 s7e1-a477e2ab:1 s8e1-8a5a4506:1 s1e1-9256ac17:1
1786565000.553138 s7e1-a477e2ab:1 s8e1-8a5a4506:1 s1e1-9256ac17:1
1786565000.575753 s7e1-a477e2ab:1 s8e1-8a5a4506:1 s1e1-9256ac17:1 s2e1-9f76c9cb:53E
1786565000.632009 s7e1-a477e2ab:1 s8e1-8a5a4506:1 s1e1-9256ac17:1 s2e1-9f76c9cb:1
1786565000.654938 s7e1-a477e2ab:1 s8e1-8a5a4506:1 s1e1-9256ac17:1 s2e1-9f76c9cb:1
1786565000.677728 s8e1-8a5a4506:1 s1e1-9256ac17:1 s2e1-9f76c9cb:1
1786565000.700129 s8e1-8a5a4506:1 s1e1-9256ac17:1 s2e1-9f76c9cb:1
1786565000.722412 s8e1-8a5a4506:1 s1e1-9256ac17:1 s2e1-9f76c9cb:1
1786565000.744639 s8e1-8a5a4506:1 s1e1-9256ac17:1 s2e1-9f76c9cb:1
1786565000.767153 s1e1-9256ac17:1 s2e1-9f76c9cb:1
1786565000.788818 s1e1-9256ac17:1 s2e1-9f76c9cb:1
1786565000.810549 s1e1-9256ac17:1 s2e1-9f76c9cb:1
1786565000.832062 s1e1-9256ac17:1 s2e1-9f76c9cb:1
1786565000.853712 s1e1-9256ac17:1 s2e1-9f76c9cb:1
1786565000.876821 s1e1-9256ac17:1 s2e1-9f76c9cb:1
1786565000.898885 s1e1-9256ac17:1 s2e1-9f76c9cb:1
1786565000.921208 s1e1-9256ac17:1 s2e1-9f76c9cb:1 s3e1-900d615e:62E
1786565000.974515 s1e1-9256ac17:1 s2e1-9f76c9cb:1 s3e1-900d615e:1
1786565000.997394 s2e1-9f76c9cb:1 s3e1-900d615e:1
1786565001.019413 s2e1-9f76c9cb:1 s3e1-900d615e:1
1786565001.040948 s2e1-9f76c9cb:1 s3e1-900d615e:1
1786565001.062643 s2e1-9f76c9cb:1 s3e1-900d615e:1
1786565001.084404 s2e1-9f76c9cb:1 s3e1-900d615e:1
1786565001.106293 s2e1-9f76c9cb:1 s3e1-900d615e:1
1786565001.128157 s2e1-9f76c9cb:1 s3e1-900d615e:1
1786565001.151120 s2e1-9f76c9cb:1 s3e1-900d615e:1
1786565001.173303 s2e1-9f76c9cb:1 s3e1-900d615e:1
1786565001.196107 s3e1-900d615e:1 s4e1-8991268b:65E
1786565001.259618 s3e1-900d615e:1 s4e1-8991268b:1
1786565001.281311 s3e1-900d615e:1 s4e1-8991268b:1
1786565001.303140 s3e1-900d615e:1 s4e1-8991268b:1
1786565001.324846 s3e1-900d615e:1 s4e1-8991268b:1
1786565001.358673 s3e1-900d615e:1 s4e1-8991268b:1
1786565001.382433 s3e1-900d615e:1 s4e1-8991268b:1
1786565001.404115 s3e1-900d615e:1 s4e1-8991268b:1
1786565001.426211 s3e1-900d615e:1 s4e1-8991268b:1 s5e1-b8b7f286:59E
1786565001.498021 s3e1-900d615e:1 s4e1-8991268b:1 s5e1-b8b7f286:1
1786565001.520736 s3e1-900d615e:1 s4e1-8991268b:1 s5e1-b8b7f286:1
1786565001.543406 s3e1-900d615e:1 s4e1-8991268b:1 s5e1-b8b7f286:1
1786565001.565853 s3e1-900d615e:1 s4e1-8991268b:1 s5e1-b8b7f286:1
1786565001.588274 s3e1-900d615e:1 s4e1-8991268b:1 s5e1-b8b7f286:1
1786565001.610898 s4e1-8991268b:1 s5e1-b8b7f286:1
1786565001.633454 s4e1-8991268b:1 s5e1-b8b7f286:1
1786565001.655411 s4e1-8991268b:1 s5e1-b8b7f286:1
1786565001.677359 s4e1-8991268b:1 s5e1-b8b7f286:1 s6e1-9cf5af8f:65E
1786565001.739738 s4e1-8991268b:1 s5e1-b8b7f286:1 s6e1-9cf5af8f:1
1786565001.762023 s4e1-8991268b:1 s5e1-b8b7f286:1 s6e1-9cf5af8f:1
1786565001.784425 s4e1-8991268b:1 s5e1-b8b7f286:1 s6e1-9cf5af8f:1
1786565001.806687 s4e1-8991268b:1 s5e1-b8b7f286:1 s6e1-9cf5af8f:1
1786565001.828968 s4e1-8991268b:1 s5e1-b8b7f286:1 s6e1-9cf5af8f:1
1786565001.853222 s4e1-8991268b:1 s5e1-b8b7f286:1 s6e1-9cf5af8f:1
1786565001.876398 s4e1-8991268b:1 s5e1-b8b7f286:1 s6e1-9cf5af8f:1
1786565001.899511 s5e1-b8b7f286:1 s6e1-9cf5af8f:1 s7e1-a477e2ab:58E
1786565001.953883 s5e1-b8b7f286:1 s6e1-9cf5af8f:1 s7e1-a477e2ab:1
1786565001.976502 s5e1-b8b7f286:1 s6e1-9cf5af8f:1 s7e1-a477e2ab:1
1786565001.999069 s5e1-b8b7f286:1 s6e1-9cf5af8f:1 s7e1-a477e2ab:1
1786565002.021513 s5e1-b8b7f286:1 s6e1-9cf5af8f:1 s7e1-a477e2ab:1
1786565002.044078 s5e1-b8b7f286:1 s6e1-9cf5af8f:1 s7e1-a477e2ab:1
1786565002.067320 s5e1-b8b7f286:1 s6e1-9cf5af8f:1 s7e1-a477e2ab:1
1786565002.090314 s5e1-b8b7f286:1 s6e1-9cf5af8f:1 s7e1-a477e2ab:1
1786565002.113612 s6e1-9cf5af8f:1 s7e1-a477e2ab:1 s8e1-8a5a4506:57E
1786565002.167350 s6e1-9cf5af8f:1 s7e1-a477e2ab:1 s8e1-8a5a4506:1
1786565002.190091 s6e1-9cf5af8f:1 s7e1-a477e2ab:1 s8e1-8a5a4506:1
1786565002.212682 s6e1-9cf5af8f:1 s7e1-a477e2ab:1 s8e1-8a5a4506:1
1786565002.235048 s6e1-9cf5af8f:1 s7e1-a477e2ab:1 s8e1-8a5a4506:1
1786565002.257364 s6e1-9cf5af8f:1 s7e1-a477e2ab:1 s8e1-8a5a4506:1
1786565002.279674 s6e1-9cf5af8f:1 s7e1-a477e2ab:1 s8e1-8a5a4506:1
1786565002.303086 s6e1-9cf5af8f:1 s7e1-a477e2ab:1 s8e1-8a5a4506:1
1786565002.325633 s6e1-9cf5af8f:1 s7e1-a477e2ab:1 s8e1-8a5a4506:1
1786565002.348345 s7e1-a477e2ab:1 s8e1-8a5a4506:1 s1e1-9256ac17:60E
1786565002.401104 s7e1-a477e2ab:1 s8e1-8a5a4506:1 s1e1-9256ac17:1
1786565002.423225 s7e1-a477e2ab:1 s8e1-8a5a4506:1 s1e1-9256ac17:1
1786565002.445441 s7e1-a477e2ab:1 s8e1-8a5a4506:1 s1e1-9256ac17:1
1786565002.467691 s7e1-a477e2ab:1 s8e1-8a5a4506:1 s1e1-9256ac17:1
1786565002.490422 s7e1-a477e2ab:1 s8e1-8a5a4506:1 s1e1-9256ac17:1
1786565002.512757 s7e1-a477e2ab:1 s8e1-8a5a4506:1 s1e1-9256ac17:1
1786565002.536460 s7e1-a477e2ab:1 s8e1-8a5a4506:1 s1e1-9256ac17:1
1786565002.559321 s8e1-8a5a4506:1 s1e1-9256ac17:1
1786565002.581098 s8e1-8a5a4506:1 s1e1-9256ac17:1
1786565002.602625 s8e1-8a5a4506:1 s1e1-9256ac17:1
1786565002.625422 s8e1-8a5a4506:1 s1e1-9256ac17:1
1786565002.647368 s8e1-8a5a4506:1 s1e1-9256ac17:1
1786565002.669685 s8e1-8a5a4506:1 s1e1-9256ac17:1 s2e1-9f76c9cb:55E
1786565002.722965 s8e1-8a5a4506:1 s1e1-9256ac17:1 s2e1-9f76c9cb:1
1786565002.745194 s8e1-8a5a4506:1 s1e1-9256ac17:1 s2e1-9f76c9cb:1
1786565002.767534 s1e1-9256ac17:1 s2e1-9f76c9cb:1
1786565002.789418 s1e1-9256ac17:1 s2e1-9f76c9cb:1
1786565002.811163 s1e1-9256ac17:1 s2e1-9f76c9cb:1
1786565002.833728 s1e1-9256ac17:1 s2e1-9f76c9cb:1
1786565002.855927 s1e1-9256ac17:1 s2e1-9f76c9cb:1
1786565002.878743 s1e1-9256ac17:1 s2e1-9f76c9cb:1 s3e1-900d615e:59E
1786565002.932853 s1e1-9256ac17:1 s2e1-9f76c9cb:1 s3e1-900d615e:1
1786565002.955963 s1e1-9256ac17:1 s2e1-9f76c9cb:1 s3e1-900d615e:1
1786565002.978675 s1e1-9256ac17:1 s2e1-9f76c9cb:1 s3e1-900d615e:1
1786565003.001489 s2e1-9f76c9cb:1 s3e1-900d615e:1
1786565003.023347 s2e1-9f76c9cb:1 s3e1-900d615e:1
1786565003.045198 s2e1-9f76c9cb:1 s3e1-900d615e:1
1786565003.066799 s2e1-9f76c9cb:1 s3e1-900d615e:1
1786565003.090130 s2e1-9f76c9cb:1 s3e1-900d615e:1
1786565003.112126 s2e1-9f76c9cb:1 s3e1-900d615e:1
1786565003.134598 s2e1-9f76c9cb:1 s3e1-900d615e:1 s4e1-8991268b:62E
1786565003.187886 s2e1-9f76c9cb:1 s3e1-900d615e:1 s4e1-8991268b:1
1786565003.210588 s2e1-9f76c9cb:1 s3e1-900d615e:1 s4e1-8991268b:1
1786565003.233505 s2e1-9f76c9cb:1 s3e1-900d615e:1 s4e1-8991268b:1
1786565003.256075 s2e1-9f76c9cb:1 s3e1-900d615e:1 s4e1-8991268b:1
1786565003.278528 s2e1-9f76c9cb:1 s3e1-900d615e:1 s4e1-8991268b:1
1786565003.300853 s2e1-9f76c9cb:1 s3e1-900d615e:1 s4e1-8991268b:1
1786565003.323606 s3e1-900d615e:1 s4e1-8991268b:1
1786565003.346473 s3e1-900d615e:1 s4e1-8991268b:1
1786565003.368348 s3e1-900d615e:1 s4e1-8991268b:1
1786565003.390619 s3e1-900d615e:1 s4e1-8991268b:1 s5e1-b8b7f286:56E
1786565003.443406 s3e1-900d615e:1 s4e1-8991268b:1 s5e1-b8b7f286:1
1786565003.465652 s3e1-900d615e:1 s4e1-8991268b:1 s5e1-b8b7f286:1
1786565003.487893 s3e1-900d615e:1 s4e1-8991268b:1 s5e1-b8b7f286:1
1786565003.510312 s3e1-900d615e:1 s4e1-8991268b:1 s5e1-b8b7f286:1
1786565003.532928 s4e1-8991268b:1 s5e1-b8b7f286:1
1786565003.554907 s4e1-8991268b:1 s5e1-b8b7f286:1
1786565003.577030 s4e1-8991268b:1 s5e1-b8b7f286:1
1786565003.598926 s4e1-8991268b:1 s5e1-b8b7f286:1
1786565003.620724 s4e1-8991268b:1 s5e1-b8b7f286:1
1786565003.642136 s4e1-8991268b:1 s5e1-b8b7f286:1
1786565003.663688 s4e1-8991268b:1 s5e1-b8b7f286:1
1786565003.685215 s4e1-8991268b:1 s5e1-b8b7f286:1
1786565003.707660 s4e1-8991268b:1 s5e1-b8b7f286:1
1786565003.729365 s4e1-8991268b:1 s5e1-b8b7f286:1
1786565003.751689 s5e1-b8b7f286:1 s6e1-9cf5af8f:62E
1786565003.821736 s5e1-b8b7f286:1 s6e1-9cf5af8f:1
1786565003.843627 s5e1-b8b7f286:1 s6e1-9cf5af8f:1
1786565003.865923 s5e1-b8b7f286:1 s6e1-9cf5af8f:1 s7e1-a477e2ab:55E
1786565003.920361 s5e1-b8b7f286:1 s6e1-9cf5af8f:1 s7e1-a477e2ab:1
1786565003.943029 s5e1-b8b7f286:1 s6e1-9cf5af8f:1 s7e1-a477e2ab:1
1786565003.965626 s5e1-b8b7f286:1 s6e1-9cf5af8f:1 s7e1-a477e2ab:1
1786565003.988096 s5e1-b8b7f286:1 s6e1-9cf5af8f:1 s7e1-a477e2ab:1
1786565004.010652 s5e1-b8b7f286:1 s6e1-9cf5af8f:1 s7e1-a477e2ab:1
1786565004.033245 s5e1-b8b7f286:1 s6e1-9cf5af8f:1 s7e1-a477e2ab:1
1786565004.056026 s6e1-9cf5af8f:1 s7e1-a477e2ab:1
1786565004.077938 s6e1-9cf5af8f:1 s7e1-a477e2ab:1
1786565004.100076 s6e1-9cf5af8f:1 s7e1-a477e2ab:1
1786565004.123462 s6e1-9cf5af8f:1 s7e1-a477e2ab:1
1786565004.145419 s6e1-9cf5af8f:1 s7e1-a477e2ab:1
1786565004.167663 s6e1-9cf5af8f:1 s7e1-a477e2ab:1 s8e1-8a5a4506:54E
1786565004.218921 s6e1-9cf5af8f:1 s7e1-a477e2ab:1 s8e1-8a5a4506:1
1786565004.241501 s6e1-9cf5af8f:1 s7e1-a477e2ab:1 s8e1-8a5a4506:1
1786565004.264011 s6e1-9cf5af8f:1 s7e1-a477e2ab:1 s8e1-8a5a4506:1
1786565004.286561 s6e1-9cf5af8f:1 s7e1-a477e2ab:1 s8e1-8a5a4506:1
1786565004.308897 s6e1-9cf5af8f:1 s7e1-a477e2ab:1 s8e1-8a5a4506:1
1786565004.331594 s6e1-9cf5af8f:1 s7e1-a477e2ab:1 s8e1-8a5a4506:1
1786565004.354152 s6e1-9cf5af8f:1 s7e1-a477e2ab:1 s8e1-8a5a4506:1
1786565004.377477 s6e1-9cf5af8f:1 s7e1-a477e2ab:1 s8e1-8a5a4506:1
1786565004.399918 s6e1-9cf5af8f:1 s7e1-a477e2ab:1 s8e1-8a5a4506:1
1786565004.422928 s7e1-a477e2ab:1 s8e1-8a5a4506:1 s1e1-9256ac17:57E
1786565004.476022 s7e1-a477e2ab:1 s8e1-8a5a4506:1 s1e1-9256ac17:1
1786565004.498633 s7e1-a477e2ab:1 s8e1-8a5a4506:1 s1e1-9256ac17:1
1786565004.521827 s8e1-8a5a4506:1 s1e1-9256ac17:1
1786565004.543845 s8e1-8a5a4506:1 s1e1-9256ac17:1
1786565004.565779 s8e1-8a5a4506:1 s1e1-9256ac17:1
1786565004.588680 s8e1-8a5a4506:1 s1e1-9256ac17:1
1786565004.610602 s8e1-8a5a4506:1 s1e1-9256ac17:1
1786565004.632850 s8e1-8a5a4506:1 s1e1-9256ac17:1 s2e1-9f76c9cb:68E
1786565004.696757 s8e1-8a5a4506:1 s1e1-9256ac17:1 s2e1-9f76c9cb:1
1786565004.719120 s8e1-8a5a4506:1 s1e1-9256ac17:1 s2e1-9f76c9cb:1
1786565004.741360 s8e1-8a5a4506:1 s1e1-9256ac17:1 s2e1-9f76c9cb:1
1786565004.763387 s8e1-8a5a4506:1 s1e1-9256ac17:1 s2e1-9f76c9cb:1
1786565004.785467 s8e1-8a5a4506:1 s1e1-9256ac17:1 s2e1-9f76c9cb:1
1786565004.807701 s8e1-8a5a4506:1 s1e1-9256ac17:1 s2e1-9f76c9cb:1
1786565004.830291 s1e1-9256ac17:1 s2e1-9f76c9cb:1
1786565004.852079 s1e1-9256ac17:1 s2e1-9f76c9cb:1
1786565004.874762 s1e1-9256ac17:1 s2e1-9f76c9cb:1
1786565004.896524 s1e1-9256ac17:1 s2e1-9f76c9cb:1
1786565004.918826 s1e1-9256ac17:1 s2e1-9f76c9cb:1 s3e1-900d615e:56E
1786565004.973279 s1e1-9256ac17:1 s2e1-9f76c9cb:1 s3e1-900d615e:1
1786565004.996134 s1e1-9256ac17:1 s2e1-9f76c9cb:1 s3e1-900d615e:1
1786565005.018706 s1e1-9256ac17:1 s2e1-9f76c9cb:1 s3e1-900d615e:1
1786565005.041460 s1e1-9256ac17:1 s2e1-9f76c9cb:1 s3e1-900d615e:1
1786565005.064211 s1e1-9256ac17:1 s2e1-9f76c9cb:1 s3e1-900d615e:1
1786565005.086899 s2e1-9f76c9cb:1 s3e1-900d615e:1
1786565005.110041 s2e1-9f76c9cb:1 s3e1-900d615e:1
1786565005.132121 s2e1-9f76c9cb:1 s3e1-900d615e:1
1786565005.154971 s2e1-9f76c9cb:1 s3e1-900d615e:1 s4e1-8991268b:59E
1786565005.209864 s2e1-9f76c9cb:1 s3e1-900d615e:1 s4e1-8991268b:1
1786565005.232822 s2e1-9f76c9cb:1 s3e1-900d615e:1 s4e1-8991268b:1
1786565005.255212 s2e1-9f76c9cb:1 s3e1-900d615e:1 s4e1-8991268b:1
1786565005.277524 s2e1-9f76c9cb:1 s3e1-900d615e:1 s4e1-8991268b:1
1786565005.300462 s3e1-900d615e:1 s4e1-8991268b:1
1786565005.322783 s3e1-900d615e:1 s4e1-8991268b:1
1786565005.345665 s3e1-900d615e:1 s4e1-8991268b:1
1786565005.367670 s3e1-900d615e:1 s4e1-8991268b:1
1786565005.390018 s3e1-900d615e:1 s4e1-8991268b:1 s5e1-b8b7f286:69E
1786565005.454740 s3e1-900d615e:1 s4e1-8991268b:1 s5e1-b8b7f286:1
1786565005.477262 s3e1-900d615e:1 s4e1-8991268b:1 s5e1-b8b7f286:1
1786565005.499656 s3e1-900d615e:1 s4e1-8991268b:1 s5e1-b8b7f286:1
1786565005.522393 s3e1-900d615e:1 s4e1-8991268b:1 s5e1-b8b7f286:1
1786565005.544618 s3e1-900d615e:1 s4e1-8991268b:1 s5e1-b8b7f286:1
1786565005.567133 s3e1-900d615e:1 s4e1-8991268b:1 s5e1-b8b7f286:1
1786565005.589966 s4e1-8991268b:1 s5e1-b8b7f286:1
1786565005.612875 s4e1-8991268b:1 s5e1-b8b7f286:1
1786565005.634770 s4e1-8991268b:1 s5e1-b8b7f286:1
1786565005.656862 s4e1-8991268b:1 s5e1-b8b7f286:1 s6e1-9cf5af8f:59E
1786565005.710151 s4e1-8991268b:1 s5e1-b8b7f286:1 s6e1-9cf5af8f:1
1786565005.732855 s4e1-8991268b:1 s5e1-b8b7f286:1 s6e1-9cf5af8f:1
1786565005.755675 s4e1-8991268b:1 s5e1-b8b7f286:1 s6e1-9cf5af8f:1
1786565005.778442 s4e1-8991268b:1 s5e1-b8b7f286:1 s6e1-9cf5af8f:1
1786565005.801376 s4e1-8991268b:1 s5e1-b8b7f286:1 s6e1-9cf5af8f:1
1786565005.825173 s5e1-b8b7f286:1 s6e1-9cf5af8f:1
1786565005.847260 s5e1-b8b7f286:1 s6e1-9cf5af8f:1
1786565005.869514 s5e1-b8b7f286:1 s6e1-9cf5af8f:1 s7e1-a477e2ab:68E
1786565005.933320 s5e1-b8b7f286:1 s6e1-9cf5af8f:1 s7e1-a477e2ab:1
1786565005.955966 s5e1-b8b7f286:1 s6e1-9cf5af8f:1 s7e1-a477e2ab:1
1786565005.978514 s5e1-b8b7f286:1 s6e1-9cf5af8f:1 s7e1-a477e2ab:1
1786565006.001213 s5e1-b8b7f286:1 s6e1-9cf5af8f:1 s7e1-a477e2ab:1
1786565006.023779 s5e1-b8b7f286:1 s6e1-9cf5af8f:1 s7e1-a477e2ab:1
1786565006.046351 s5e1-b8b7f286:1 s6e1-9cf5af8f:1 s7e1-a477e2ab:1
1786565006.069413 s6e1-9cf5af8f:1 s7e1-a477e2ab:1
1786565006.093000 s6e1-9cf5af8f:1 s7e1-a477e2ab:1
1786565006.115259 s6e1-9cf5af8f:1 s7e1-a477e2ab:1
1786565006.137826 s6e1-9cf5af8f:1 s7e1-a477e2ab:1 s8e1-8a5a4506:67E
1786565006.201338 s6e1-9cf5af8f:1 s7e1-a477e2ab:1 s8e1-8a5a4506:1
1786565006.223916 s6e1-9cf5af8f:1 s7e1-a477e2ab:1 s8e1-8a5a4506:1
1786565006.246746 s6e1-9cf5af8f:1 s7e1-a477e2ab:1 s8e1-8a5a4506:1
1786565006.269277 s6e1-9cf5af8f:1 s7e1-a477e2ab:1 s8e1-8a5a4506:1
1786565006.291484 s6e1-9cf5af8f:1 s7e1-a477e2ab:1 s8e1-8a5a4506:1
1786565006.313795 s6e1-9cf5af8f:1 s7e1-a477e2ab:1 s8e1-8a5a4506:1
1786565006.336529 s7e1-a477e2ab:1 s8e1-8a5a4506:1
1786565006.358542 s7e1-a477e2ab:1 s8e1-8a5a4506:1
1786565006.381179 s7e1-a477e2ab:1 s8e1-8a5a4506:1
1786565006.403114 s7e1-a477e2ab:1 s8e1-8a5a4506:1
1786565006.425225 s7e1-a477e2ab:1 s8e1-8a5a4506:1 s1e1-9256ac17:54E
1786565006.476658 s7e1-a477e2ab:1 s8e1-8a5a4506:1 s1e1-9256ac17:1
1786565006.499300 s7e1-a477e2ab:1 s8e1-8a5a4506:1 s1e1-9256ac17:1
1786565006.521956 s7e1-a477e2ab:1 s8e1-8a5a4506:1 s1e1-9256ac17:1
1786565006.544553 s8e1-8a5a4506:1 s1e1-9256ac17:1
1786565006.568548 s8e1-8a5a4506:1 s1e1-9256ac17:1
1786565006.590734 s8e1-8a5a4506:1 s1e1-9256ac17:1
1786565006.613183 s8e1-8a5a4506:1 s1e1-9256ac17:1 s2e1-9f76c9cb:65E
1786565006.677480 s8e1-8a5a4506:1 s1e1-9256ac17:1 s2e1-9f76c9cb:1
1786565006.700317 s8e1-8a5a4506:1 s1e1-9256ac17:1 s2e1-9f76c9cb:1
1786565006.722816 s8e1-8a5a4506:1 s1e1-9256ac17:1 s2e1-9f76c9cb:1
1786565006.745147 s8e1-8a5a4506:1 s1e1-9256ac17:1 s2e1-9f76c9cb:1
1786565006.767215 s8e1-8a5a4506:1 s1e1-9256ac17:1 s2e1-9f76c9cb:1
1786565006.790734 s8e1-8a5a4506:1 s1e1-9256ac17:1 s2e1-9f76c9cb:1
1786565006.813517 s1e1-9256ac17:1 s2e1-9f76c9cb:1
1786565006.835979 s1e1-9256ac17:1 s2e1-9f76c9cb:1 s3e1-900d615e:69E
1786565006.900388 s1e1-9256ac17:1 s2e1-9f76c9cb:1 s3e1-900d615e:1
1786565006.922905 s1e1-9256ac17:1 s2e1-9f76c9cb:1 s3e1-900d615e:1
1786565006.945553 s1e1-9256ac17:1 s2e1-9f76c9cb:1 s3e1-900d615e:1
1786565006.968152 s1e1-9256ac17:1 s2e1-9f76c9cb:1 s3e1-900d615e:1
1786565006.990658 s1e1-9256ac17:1 s2e1-9f76c9cb:1 s3e1-900d615e:1
1786565007.013215 s1e1-9256ac17:1 s2e1-9f76c9cb:1 s3e1-900d615e:1
1786565007.035830 s1e1-9256ac17:1 s2e1-9f76c9cb:1 s3e1-900d615e:1
1786565007.059862 s1e1-9256ac17:1 s2e1-9f76c9cb:1 s3e1-900d615e:1
1786565007.082479 s1e1-9256ac17:1 s2e1-9f76c9cb:1 s3e1-900d615e:1
1786565007.105672 s2e1-9f76c9cb:1 s3e1-900d615e:1 s4e1-8991268b:56E
1786565007.161052 s2e1-9f76c9cb:1 s3e1-900d615e:1 s4e1-8991268b:1
1786565007.183892 s2e1-9f76c9cb:1 s3e1-900d615e:1 s4e1-8991268b:1
1786565007.206400 s2e1-9f76c9cb:1 s3e1-900d615e:1 s4e1-8991268b:1
1786565007.228703 s2e1-9f76c9cb:1 s3e1-900d615e:1 s4e1-8991268b:1
1786565007.251030 s2e1-9f76c9cb:1 s3e1-900d615e:1 s4e1-8991268b:1
1786565007.273413 s2e1-9f76c9cb:1 s3e1-900d615e:1 s4e1-8991268b:1
1786565007.296122 s3e1-900d615e:1 s4e1-8991268b:1
1786565007.318822 s3e1-900d615e:1 s4e1-8991268b:1
1786565007.340718 s3e1-900d615e:1 s4e1-8991268b:1
1786565007.362965 s3e1-900d615e:1 s4e1-8991268b:1 s5e1-b8b7f286:66E
1786565007.427155 s3e1-900d615e:1 s4e1-8991268b:1 s5e1-b8b7f286:1
1786565007.449798 s3e1-900d615e:1 s4e1-8991268b:1 s5e1-b8b7f286:1
1786565007.472407 s3e1-900d615e:1 s4e1-8991268b:1 s5e1-b8b7f286:1
1786565007.494793 s3e1-900d615e:1 s4e1-8991268b:1 s5e1-b8b7f286:1
1786565007.517452 s4e1-8991268b:1 s5e1-b8b7f286:1
1786565007.539241 s4e1-8991268b:1 s5e1-b8b7f286:1
1786565007.561002 s4e1-8991268b:1 s5e1-b8b7f286:1
1786565007.584574 s4e1-8991268b:1 s5e1-b8b7f286:1
1786565007.606688 s4e1-8991268b:1 s5e1-b8b7f286:1
1786565007.629087 s4e1-8991268b:1 s5e1-b8b7f286:1 s6e1-9cf5af8f:56E
1786565007.682614 s4e1-8991268b:1 s5e1-b8b7f286:1 s6e1-9cf5af8f:1
1786565007.705111 s4e1-8991268b:1 s5e1-b8b7f286:1 s6e1-9cf5af8f:1
1786565007.727777 s4e1-8991268b:1 s5e1-b8b7f286:1 s6e1-9cf5af8f:1
1786565007.750433 s4e1-8991268b:1 s5e1-b8b7f286:1 s6e1-9cf5af8f:1
1786565007.773307 s5e1-b8b7f286:1 s6e1-9cf5af8f:1
1786565007.796281 s5e1-b8b7f286:1 s6e1-9cf5af8f:1
1786565007.818338 s5e1-b8b7f286:1 s6e1-9cf5af8f:1
1786565007.840595 s5e1-b8b7f286:1 s6e1-9cf5af8f:1 s7e1-a477e2ab:65E
1786565007.904565 s5e1-b8b7f286:1 s6e1-9cf5af8f:1 s7e1-a477e2ab:1
1786565007.927183 s5e1-b8b7f286:1 s6e1-9cf5af8f:1 s7e1-a477e2ab:1
1786565007.949871 s5e1-b8b7f286:1 s6e1-9cf5af8f:1 s7e1-a477e2ab:1
1786565007.972421 s5e1-b8b7f286:1 s6e1-9cf5af8f:1 s7e1-a477e2ab:1
1786565007.994811 s5e1-b8b7f286:1 s6e1-9cf5af8f:1 s7e1-a477e2ab:1
1786565008.017670 s5e1-b8b7f286:1 s6e1-9cf5af8f:1 s7e1-a477e2ab:1
1786565008.040636 s6e1-9cf5af8f:1 s7e1-a477e2ab:1
1786565008.062634 s6e1-9cf5af8f:1 s7e1-a477e2ab:1
1786565008.084417 s6e1-9cf5af8f:1 s7e1-a477e2ab:1
1786565008.107172 s6e1-9cf5af8f:1 s7e1-a477e2ab:1
1786565008.128969 s6e1-9cf5af8f:1 s7e1-a477e2ab:1
1786565008.151394 s6e1-9cf5af8f:1 s7e1-a477e2ab:1 s8e1-8a5a4506:64E
1786565008.216880 s6e1-9cf5af8f:1 s7e1-a477e2ab:1 s8e1-8a5a4506:1
1786565008.239415 s6e1-9cf5af8f:1 s7e1-a477e2ab:1 s8e1-8a5a4506:1
1786565008.262113 s6e1-9cf5af8f:1 s7e1-a477e2ab:1 s8e1-8a5a4506:1
1786565008.284807 s6e1-9cf5af8f:1 s7e1-a477e2ab:1 s8e1-8a5a4506:1
1786565008.307495 s7e1-a477e2ab:1 s8e1-8a5a4506:1
1786565008.330335 s7e1-a477e2ab:1 s8e1-8a5a4506:1
1786565008.352237 s7e1-a477e2ab:1 s8e1-8a5a4506:1
1786565008.374634 s7e1-a477e2ab:1 s8e1-8a5a4506:1 s1e1-9256ac17:67E
1786565008.439250 s7e1-a477e2ab:1 s8e1-8a5a4506:1 s1e1-9256ac17:1
1786565008.461938 s7e1-a477e2ab:1 s8e1-8a5a4506:1 s1e1-9256ac17:1
1786565008.484774 s7e1-a477e2ab:1 s8e1-8a5a4506:1 s1e1-9256ac17:1
1786565008.507524 s7e1-a477e2ab:1 s8e1-8a5a4506:1 s1e1-9256ac17:1
1786565008.530567 s8e1-8a5a4506:1 s1e1-9256ac17:1
1786565008.554897 s8e1-8a5a4506:1 s1e1-9256ac17:1
1786565008.577279 s8e1-8a5a4506:1 s1e1-9256ac17:1
1786565008.599960 s8e1-8a5a4506:1 s1e1-9256ac17:1 s2e1-9f76c9cb:62E
1786565008.653862 s8e1-8a5a4506:1 s1e1-9256ac17:1 s2e1-9f76c9cb:1
1786565008.676595 s8e1-8a5a4506:1 s1e1-9256ac17:1 s2e1-9f76c9cb:1
1786565008.699633 s8e1-8a5a4506:1 s1e1-9256ac17:1 s2e1-9f76c9cb:1
1786565008.722183 s8e1-8a5a4506:1 s1e1-9256ac17:1 s2e1-9f76c9cb:1
1786565008.744705 s8e1-8a5a4506:1 s1e1-9256ac17:1 s2e1-9f76c9cb:1
1786565008.767229 s8e1-8a5a4506:1 s1e1-9256ac17:1 s2e1-9f76c9cb:1
1786565008.790719 s8e1-8a5a4506:1 s1e1-9256ac17:1 s2e1-9f76c9cb:1
1786565008.813323 s8e1-8a5a4506:1 s1e1-9256ac17:1 s2e1-9f76c9cb:1
1786565008.836511 s1e1-9256ac17:1 s2e1-9f76c9cb:1 s3e1-900d615e:66E
1786565008.901398 s1e1-9256ac17:1 s2e1-9f76c9cb:1 s3e1-900d615e:1
1786565008.923920 s1e1-9256ac17:1 s2e1-9f76c9cb:1 s3e1-900d615e:1
1786565008.946469 s1e1-9256ac17:1 s2e1-9f76c9cb:1 s3e1-900d615e:1
1786565008.968916 s1e1-9256ac17:1 s2e1-9f76c9cb:1 s3e1-900d615e:1
1786565008.991407 s1e1-9256ac17:1 s2e1-9f76c9cb:1 s3e1-900d615e:1
1786565009.013898 s1e1-9256ac17:1 s2e1-9f76c9cb:1 s3e1-900d615e:1
1786565009.036316 s1e1-9256ac17:1 s2e1-9f76c9cb:1 s3e1-900d615e:1
1786565009.058989 s2e1-9f76c9cb:1 s3e1-900d615e:1
1786565009.080871 s2e1-9f76c9cb:1 s3e1-900d615e:1
1786565009.102716 s2e1-9f76c9cb:1 s3e1-900d615e:1
1786565009.125863 s2e1-9f76c9cb:1 s3e1-900d615e:1
1786565009.148021 s2e1-9f76c9cb:1 s3e1-900d615e:1
1786565009.170829 s2e1-9f76c9cb:1 s3e1-900d615e:1 s4e1-8991268b:69E
1786565009.236491 s2e1-9f76c9cb:1 s3e1-900d615e:1 s4e1-8991268b:1
1786565009.259163 s2e1-9f76c9cb:1 s3e1-900d615e:1 s4e1-8991268b:1
1786565009.282608 s3e1-900d615e:1 s4e1-8991268b:1
1786565009.304499 s3e1-900d615e:1 s4e1-8991268b:1
1786565009.326654 s3e1-900d615e:1 s4e1-8991268b:1 s5e1-b8b7f286:63E
1786565009.392153 s3e1-900d615e:1 s4e1-8991268b:1 s5e1-b8b7f286:1
1786565009.414518 s3e1-900d615e:1 s4e1-8991268b:1 s5e1-b8b7f286:1
1786565009.436539 s3e1-900d615e:1 s4e1-8991268b:1 s5e1-b8b7f286:1
1786565009.458714 s3e1-900d615e:1 s4e1-8991268b:1 s5e1-b8b7f286:1
1786565009.480920 s3e1-900d615e:1 s4e1-8991268b:1 s5e1-b8b7f286:1
1786565009.503207 s3e1-900d615e:1 s4e1-8991268b:1 s5e1-b8b7f286:1
1786565009.526703 s4e1-8991268b:1 s5e1-b8b7f286:1
1786565009.548725 s4e1-8991268b:1 s5e1-b8b7f286:1
1786565009.570980 s4e1-8991268b:1 s5e1-b8b7f286:1 s6e1-9cf5af8f:69E
1786565009.635087 s4e1-8991268b:1 s5e1-b8b7f286:1 s6e1-9cf5af8f:1
1786565009.657517 s4e1-8991268b:1 s5e1-b8b7f286:1 s6e1-9cf5af8f:1
1786565009.680092 s4e1-8991268b:1 s5e1-b8b7f286:1 s6e1-9cf5af8f:1
1786565009.702418 s4e1-8991268b:1 s5e1-b8b7f286:1 s6e1-9cf5af8f:1
1786565009.724608 s4e1-8991268b:1 s5e1-b8b7f286:1 s6e1-9cf5af8f:1
1786565009.746864 s4e1-8991268b:1 s5e1-b8b7f286:1 s6e1-9cf5af8f:1
1786565009.769167 s4e1-8991268b:1 s5e1-b8b7f286:1 s6e1-9cf5af8f:1
1786565009.791624 s4e1-8991268b:1 s5e1-b8b7f286:1 s6e1-9cf5af8f:1
1786565009.814496 s4e1-8991268b:1 s5e1-b8b7f286:1 s6e1-9cf5af8f:1
1786565009.838011 s4e1-8991268b:1 s5e1-b8b7f286:1 s6e1-9cf5af8f:1
1786565009.860963 s5e1-b8b7f286:1 s6e1-9cf5af8f:1
1786565009.883435 s5e1-b8b7f286:1 s6e1-9cf5af8f:1 s7e1-a477e2ab:62E
1786565009.938195 s5e1-b8b7f286:1 s6e1-9cf5af8f:1 s7e1-a477e2ab:1
1786565009.961101 s5e1-b8b7f286:1 s6e1-9cf5af8f:1 s7e1-a477e2ab:1
1786565009.984115 s5e1-b8b7f286:1 s6e1-9cf5af8f:1 s7e1-a477e2ab:1
1786565010.007005 s6e1-9cf5af8f:1 s7e1-a477e2ab:1
1786565010.030308 s6e1-9cf5af8f:1 s7e1-a477e2ab:1
1786565010.052494 s6e1-9cf5af8f:1 s7e1-a477e2ab:1
1786565010.074910 s6e1-9cf5af8f:1 s7e1-a477e2ab:1 s8e1-8a5a4506:61E
1786565010.130218 s6e1-9cf5af8f:1 s7e1-a477e2ab:1 s8e1-8a5a4506:1
1786565010.153237 s6e1-9cf5af8f:1 s7e1-a477e2ab:1 s8e1-8a5a4506:1
1786565010.176236 s6e1-9cf5af8f:1 s7e1-a477e2ab:1 s8e1-8a5a4506:1
1786565010.199181 s6e1-9cf5af8f:1 s7e1-a477e2ab:1 s8e1-8a5a4506:1
1786565010.221687 s6e1-9cf5af8f:1 s7e1-a477e2ab:1 s8e1-8a5a4506:1
1786565010.244509 s7e1-a477e2ab:1 s8e1-8a5a4506:1
1786565010.266318 s7e1-a477e2ab:1 s8e1-8a5a4506:1
1786565010.287991 s7e1-a477e2ab:1 s8e1-8a5a4506:1
1786565010.309646 s7e1-a477e2ab:1 s8e1-8a5a4506:1
1786565010.331419 s7e1-a477e2ab:1 s8e1-8a5a4506:1
1786565010.354624 s7e1-a477e2ab:1 s8e1-8a5a4506:1
1786565010.376968 s7e1-a477e2ab:1 s8e1-8a5a4506:1
1786565010.399292 s7e1-a477e2ab:1 s8e1-8a5a4506:1 s1e1-9256ac17:64E
1786565010.463819 s7e1-a477e2ab:1 s8e1-8a5a4506:1 s1e1-9256ac17:1
1786565010.486395 s7e1-a477e2ab:1 s8e1-8a5a4506:1 s1e1-9256ac17:1
1786565010.508782 s7e1-a477e2ab:1 s8e1-8a5a4506:1 s1e1-9256ac17:1
1786565010.531048 s7e1-a477e2ab:1 s8e1-8a5a4506:1 s1e1-9256ac17:1
1786565010.553686 s8e1-8a5a4506:1 s1e1-9256ac17:1
1786565010.575521 s8e1-8a5a4506:1 s1e1-9256ac17:1
1786565010.597510 s8e1-8a5a4506:1 s1e1-9256ac17:1
1786565010.620252 s8e1-8a5a4506:1 s1e1-9256ac17:1
1786565010.642109 s8e1-8a5a4506:1 s1e1-9256ac17:1
1786565010.663867 s8e1-8a5a4506:1 s1e1-9256ac17:1
1786565010.686190 s8e1-8a5a4506:1 s1e1-9256ac17:1 s2e1-9f76c9cb:59E
1786565010.741303 s1e1-9256ac17:1 s2e1-9f76c9cb:1
1786565010.763194 s1e1-9256ac17:1 s2e1-9f76c9cb:1
1786565010.785901 s1e1-9256ac17:1 s2e1-9f76c9cb:1
1786565010.807662 s1e1-9256ac17:1 s2e1-9f76c9cb:1
1786565010.829401 s1e1-9256ac17:1 s2e1-9f76c9cb:1
1786565010.851666 s1e1-9256ac17:1 s2e1-9f76c9cb:1 s3e1-900d615e:63E
1786565010.916703 s1e1-9256ac17:1 s2e1-9f76c9cb:1 s3e1-900d615e:1
1786565010.939556 s1e1-9256ac17:1 s2e1-9f76c9cb:1 s3e1-900d615e:1
1786565010.962084 s1e1-9256ac17:1 s2e1-9f76c9cb:1 s3e1-900d615e:1
1786565010.984607 s1e1-9256ac17:1 s2e1-9f76c9cb:1 s3e1-900d615e:1
1786565011.007103 s1e1-9256ac17:1 s2e1-9f76c9cb:1 s3e1-900d615e:1
1786565011.029527 s1e1-9256ac17:1 s2e1-9f76c9cb:1 s3e1-900d615e:1
1786565011.052243 s1e1-9256ac17:1 s2e1-9f76c9cb:1 s3e1-900d615e:1
1786565011.076236 s2e1-9f76c9cb:1 s3e1-900d615e:1
1786565011.098558 s2e1-9f76c9cb:1 s3e1-900d615e:1
1786565011.120584 s2e1-9f76c9cb:1 s3e1-900d615e:1
1786565011.143059 s2e1-9f76c9cb:1 s3e1-900d615e:1 s4e1-8991268b:66E
1786565011.209438 s2e1-9f76c9cb:1 s3e1-900d615e:1 s4e1-8991268b:1
1786565011.232009 s2e1-9f76c9cb:1 s3e1-900d615e:1 s4e1-8991268b:1
1786565011.254505 s2e1-9f76c9cb:1 s3e1-900d615e:1 s4e1-8991268b:1
1786565011.276878 s2e1-9f76c9cb:1 s3e1-900d615e:1 s4e1-8991268b:1
1786565011.299495 s2e1-9f76c9cb:1 s3e1-900d615e:1 s4e1-8991268b:1
1786565011.321931 s2e1-9f76c9cb:1 s3e1-900d615e:1 s4e1-8991268b:1
1786565011.344702 s2e1-9f76c9cb:1 s3e1-900d615e:1 s4e1-8991268b:1
1786565011.367563 s3e1-900d615e:1 s4e1-8991268b:1
1786565011.390825 s3e1-900d615e:1 s4e1-8991268b:1
1786565011.412842 s3e1-900d615e:1 s4e1-8991268b:1
1786565011.435320 s3e1-900d615e:1 s4e1-8991268b:1 s5e1-b8b7f286:60E
1786565011.489878 s3e1-900d615e:1 s4e1-8991268b:1 s5e1-b8b7f286:1
1786565011.512536 s3e1-900d615e:1 s4e1-8991268b:1 s5e1-b8b7f286:1
1786565011.535617 s4e1-8991268b:1 s5e1-b8b7f286:1
1786565011.558599 s4e1-8991268b:1 s5e1-b8b7f286:1
1786565011.580524 s4e1-8991268b:1 s5e1-b8b7f286:1
1786565011.602153 s4e1-8991268b:1 s5e1-b8b7f286:1
1786565011.624321 s4e1-8991268b:1 s5e1-b8b7f286:1 s6e1-9cf5af8f:66E
1786565011.689557 s4e1-8991268b:1 s5e1-b8b7f286:1 s6e1-9cf5af8f:1
1786565011.712322 s4e1-8991268b:1 s5e1-b8b7f286:1 s6e1-9cf5af8f:1
1786565011.734936 s4e1-8991268b:1 s5e1-b8b7f286:1 s6e1-9cf5af8f:1
1786565011.757339 s4e1-8991268b:1 s5e1-b8b7f286:1 s6e1-9cf5af8f:1
1786565011.779580 s4e1-8991268b:1 s5e1-b8b7f286:1 s6e1-9cf5af8f:1
1786565011.801922 s4e1-8991268b:1 s5e1-b8b7f286:1 s6e1-9cf5af8f:1
1786565011.824872 s5e1-b8b7f286:1 s6e1-9cf5af8f:1
1786565011.846805 s5e1-b8b7f286:1 s6e1-9cf5af8f:1
1786565011.869666 s5e1-b8b7f286:1 s6e1-9cf5af8f:1
1786565011.891512 s5e1-b8b7f286:1 s6e1-9cf5af8f:1
1786565011.913361 s5e1-b8b7f286:1 s6e1-9cf5af8f:1
1786565011.935964 s5e1-b8b7f286:1 s6e1-9cf5af8f:1 s7e1-a477e2ab:59E
1786565011.990503 s5e1-b8b7f286:1 s6e1-9cf5af8f:1 s7e1-a477e2ab:1
1786565012.013328 s5e1-b8b7f286:1 s6e1-9cf5af8f:1 s7e1-a477e2ab:1
1786565012.036164 s5e1-b8b7f286:1 s6e1-9cf5af8f:1 s7e1-a477e2ab:1
1786565012.059899 s5e1-b8b7f286:1 s6e1-9cf5af8f:1 s7e1-a477e2ab:1
1786565012.082657 s5e1-b8b7f286:1 s6e1-9cf5af8f:1 s7e1-a477e2ab:1
1786565012.106350 s6e1-9cf5af8f:1 s7e1-a477e2ab:1 s8e1-8a5a4506:58E
1786565012.161228 s6e1-9cf5af8f:1 s7e1-a477e2ab:1 s8e1-8a5a4506:1
1786565012.183704 s6e1-9cf5af8f:1 s7e1-a477e2ab:1 s8e1-8a5a4506:1
1786565012.208025 s6e1-9cf5af8f:1 s7e1-a477e2ab:1 s8e1-8a5a4506:1
1786565012.230778 s6e1-9cf5af8f:1 s7e1-a477e2ab:1 s8e1-8a5a4506:1
1786565012.253268 s6e1-9cf5af8f:1 s7e1-a477e2ab:1 s8e1-8a5a4506:1
1786565012.275881 s6e1-9cf5af8f:1 s7e1-a477e2ab:1 s8e1-8a5a4506:1
1786565012.299812 s7e1-a477e2ab:1 s8e1-8a5a4506:1
1786565012.321950 s7e1-a477e2ab:1 s8e1-8a5a4506:1
1786565012.343697 s7e1-a477e2ab:1 s8e1-8a5a4506:1
1786565012.365901 s7e1-a477e2ab:1 s8e1-8a5a4506:1 s1e1-9256ac17:61E
1786565012.421102 s7e1-a477e2ab:1 s8e1-8a5a4506:1 s1e1-9256ac17:1
1786565012.443553 s7e1-a477e2ab:1 s8e1-8a5a4506:1 s1e1-9256ac17:1
1786565012.466299 s7e1-a477e2ab:1 s8e1-8a5a4506:1 s1e1-9256ac17:1
1786565012.489044 s7e1-a477e2ab:1 s8e1-8a5a4506:1 s1e1-9256ac17:1
1786565012.511745 s7e1-a477e2ab:1 s8e1-8a5a4506:1 s1e1-9256ac17:1
1786565012.534498 s7e1-a477e2ab:1 s8e1-8a5a4506:1 s1e1-9256ac17:1
1786565012.556886 s7e1-a477e2ab:1 s8e1-8a5a4506:1 s1e1-9256ac17:1
1786565012.579395 s7e1-a477e2ab:1 s8e1-8a5a4506:1 s1e1-9256ac17:1
1786565012.602450 s8e1-8a5a4506:1 s1e1-9256ac17:1
1786565012.625715 s8e1-8a5a4506:1 s1e1-9256ac17:1
1786565012.647679 s8e1-8a5a4506:1 s1e1-9256ac17:1
1786565012.669519 s8e1-8a5a4506:1 s1e1-9256ac17:1
1786565012.691776 s8e1-8a5a4506:1 s1e1-9256ac17:1 s2e1-9f76c9cb:56E
1786565012.745659 s8e1-8a5a4506:1 s1e1-9256ac17:1 s2e1-9f76c9cb:1
1786565012.768229 s1e1-9256ac17:1 s2e1-9f76c9cb:1
1786565012.790061 s1e1-9256ac17:1 s2e1-9f76c9cb:1
1786565012.812055 s1e1-9256ac17:1 s2e1-9f76c9cb:1
1786565012.835168 s1e1-9256ac17:1 s2e1-9f76c9cb:1
1786565012.857292 s1e1-9256ac17:1 s2e1-9f76c9cb:1
1786565012.880088 s1e1-9256ac17:1 s2e1-9f76c9cb:1 s3e1-900d615e:60E
1786565012.935674 s1e1-9256ac17:1 s2e1-9f76c9cb:1 s3e1-900d615e:1
1786565012.958962 s1e1-9256ac17:1 s2e1-9f76c9cb:1 s3e1-900d615e:1
1786565012.981943 s1e1-9256ac17:1 s2e1-9f76c9cb:1 s3e1-900d615e:1
1786565013.005109 s1e1-9256ac17:1 s2e1-9f76c9cb:1 s3e1-900d615e:1
1786565013.028493 s2e1-9f76c9cb:1 s3e1-900d615e:1
1786565013.052144 s2e1-9f76c9cb:1 s3e1-900d615e:1
1786565013.074841 s2e1-9f76c9cb:1 s3e1-900d615e:1
1786565013.097811 s2e1-9f76c9cb:1 s3e1-900d615e:1 s4e1-8991268b:63E
1786565013.162672 s2e1-9f76c9cb:1 s3e1-900d615e:1 s4e1-8991268b:1
1786565013.185679 s2e1-9f76c9cb:1 s3e1-900d615e:1 s4e1-8991268b:1
1786565013.208468 s2e1-9f76c9cb:1 s3e1-900d615e:1 s4e1-8991268b:1
1786565013.231214 s2e1-9f76c9cb:1 s3e1-900d615e:1 s4e1-8991268b:1
1786565013.253668 s2e1-9f76c9cb:1 s3e1-900d615e:1 s4e1-8991268b:1
1786565013.276276 s2e1-9f76c9cb:1 s3e1-900d615e:1 s4e1-8991268b:1
1786565013.299075 s2e1-9f76c9cb:1 s3e1-900d615e:1 s4e1-8991268b:1
1786565013.322840 s2e1-9f76c9cb:1 s3e1-900d615e:1 s4e1-8991268b:1
1786565013.345460 s2e1-9f76c9cb:1 s3e1-900d615e:1 s4e1-8991268b:1
1786565013.368217 s3e1-900d615e:1 s4e1-8991268b:1
1786565013.390487 s3e1-900d615e:1 s4e1-8991268b:1 s5e1-b8b7f286:57E
1786565013.444994 s3e1-900d615e:1 s4e1-8991268b:1 s5e1-b8b7f286:1
1786565013.467878 s3e1-900d615e:1 s4e1-8991268b:1 s5e1-b8b7f286:1
1786565013.490510 s3e1-900d615e:1 s4e1-8991268b:1 s5e1-b8b7f286:1
1786565013.513314 s3e1-900d615e:1 s4e1-8991268b:1 s5e1-b8b7f286:1
1786565013.535993 s3e1-900d615e:1 s4e1-8991268b:1 s5e1-b8b7f286:1
1786565013.558898 s4e1-8991268b:1 s5e1-b8b7f286:1
1786565013.580856 s4e1-8991268b:1 s5e1-b8b7f286:1
1786565013.602633 s4e1-8991268b:1 s5e1-b8b7f286:1
1786565013.625262 s4e1-8991268b:1 s5e1-b8b7f286:1
1786565013.647257 s4e1-8991268b:1 s5e1-b8b7f286:1
1786565013.669097 s4e1-8991268b:1 s5e1-b8b7f286:1
1786565013.691399 s4e1-8991268b:1 s5e1-b8b7f286:1 s6e1-9cf5af8f:63E
1786565013.758078 s4e1-8991268b:1 s5e1-b8b7f286:1 s6e1-9cf5af8f:1
1786565013.781111 s5e1-b8b7f286:1 s6e1-9cf5af8f:1
1786565013.803308 s5e1-b8b7f286:1 s6e1-9cf5af8f:1
1786565013.827577 s5e1-b8b7f286:1 s6e1-9cf5af8f:1
1786565013.849856 s5e1-b8b7f286:1 s6e1-9cf5af8f:1
1786565013.872077 s5e1-b8b7f286:1 s6e1-9cf5af8f:1
1786565013.894583 s5e1-b8b7f286:1 s6e1-9cf5af8f:1 s7e1-a477e2ab:56E
1786565013.949128 s5e1-b8b7f286:1 s6e1-9cf5af8f:1 s7e1-a477e2ab:1
1786565013.971950 s5e1-b8b7f286:1 s6e1-9cf5af8f:1 s7e1-a477e2ab:1
1786565013.994807 s5e1-b8b7f286:1 s6e1-9cf5af8f:1 s7e1-a477e2ab:1
1786565014.017973 s5e1-b8b7f286:1 s6e1-9cf5af8f:1 s7e1-a477e2ab:1
1786565014.040806 s5e1-b8b7f286:1 s6e1-9cf5af8f:1 s7e1-a477e2ab:1
1786565014.063871 s6e1-9cf5af8f:1 s7e1-a477e2ab:1
1786565014.087999 s6e1-9cf5af8f:1 s7e1-a477e2ab:1
1786565014.110600 s6e1-9cf5af8f:1 s7e1-a477e2ab:1
1786565014.133144 s6e1-9cf5af8f:1 s7e1-a477e2ab:1
1786565014.155863 s6e1-9cf5af8f:1 s7e1-a477e2ab:1 s8e1-8a5a4506:55E
1786565014.212379 s6e1-9cf5af8f:1 s7e1-a477e2ab:1 s8e1-8a5a4506:1
1786565014.235139 s6e1-9cf5af8f:1 s7e1-a477e2ab:1 s8e1-8a5a4506:1
1786565014.257882 s6e1-9cf5af8f:1 s7e1-a477e2ab:1 s8e1-8a5a4506:1
1786565014.280553 s6e1-9cf5af8f:1 s7e1-a477e2ab:1 s8e1-8a5a4506:1
1786565014.303290 s6e1-9cf5af8f:1 s7e1-a477e2ab:1 s8e1-8a5a4506:1
1786565014.326037 s6e1-9cf5af8f:1 s7e1-a477e2ab:1 s8e1-8a5a4506:1
1786565014.349830 s6e1-9cf5af8f:1 s7e1-a477e2ab:1 s8e1-8a5a4506:1
1786565014.372971 s7e1-a477e2ab:1 s8e1-8a5a4506:1
1786565014.395406 s7e1-a477e2ab:1 s8e1-8a5a4506:1 s1e1-9256ac17:58E
1786565014.449836 s7e1-a477e2ab:1 s8e1-8a5a4506:1 s1e1-9256ac17:1
1786565014.472419 s7e1-a477e2ab:1 s8e1-8a5a4506:1 s1e1-9256ac17:1
1786565014.495178 s7e1-a477e2ab:1 s8e1-8a5a4506:1 s1e1-9256ac17:1
1786565014.517889 s7e1-a477e2ab:1 s8e1-8a5a4506:1 s1e1-9256ac17:1
1786565014.540714 s7e1-a477e2ab:1 s8e1-8a5a4506:1 s1e1-9256ac17:1
1786565014.563786 s8e1-8a5a4506:1 s1e1-9256ac17:1
1786565014.586818 s8e1-8a5a4506:1 s1e1-9256ac17:1
1786565014.609103 s8e1-8a5a4506:1 s1e1-9256ac17:1
1786565014.631386 s8e1-8a5a4506:1 s1e1-9256ac17:1
1786565014.653944 s8e1-8a5a4506:1 s1e1-9256ac17:1 s2e1-9f76c9cb:69E
1786565014.719484 s8e1-8a5a4506:1 s1e1-9256ac17:1 s2e1-9f76c9cb:1
1786565014.742408 s8e1-8a5a4506:1 s1e1-9256ac17:1 s2e1-9f76c9cb:1
1786565014.765275 s8e1-8a5a4506:1 s1e1-9256ac17:1 s2e1-9f76c9cb:1
1786565014.787950 s8e1-8a5a4506:1 s1e1-9256ac17:1 s2e1-9f76c9cb:1
1786565014.810635 s8e1-8a5a4506:1 s1e1-9256ac17:1 s2e1-9f76c9cb:1
1786565014.834748 s1e1-9256ac17:1 s2e1-9f76c9cb:1
1786565014.857350 s1e1-9256ac17:1 s2e1-9f76c9cb:1
1786565014.879931 s1e1-9256ac17:1 s2e1-9f76c9cb:1
1786565014.902728 s1e1-9256ac17:1 s2e1-9f76c9cb:1 s3e1-900d615e:57E
1786565014.958394 s1e1-9256ac17:1 s2e1-9f76c9cb:1 s3e1-900d615e:1
1786565014.981387 s1e1-9256ac17:1 s2e1-9f76c9cb:1 s3e1-900d615e:1
1786565015.004497 s1e1-9256ac17:1 s2e1-9f76c9cb:1 s3e1-900d615e:1
1786565015.027292 s1e1-9256ac17:1 s2e1-9f76c9cb:1 s3e1-900d615e:1
1786565015.049888 s1e1-9256ac17:1 s2e1-9f76c9cb:1 s3e1-900d615e:1
1786565015.073365 s2e1-9f76c9cb:1 s3e1-900d615e:1
1786565015.096070 s2e1-9f76c9cb:1 s3e1-900d615e:1
1786565015.119573 s2e1-9f76c9cb:1 s3e1-900d615e:1
1786565015.141730 s2e1-9f76c9cb:1 s3e1-900d615e:1
1786565015.163997 s2e1-9f76c9cb:1 s3e1-900d615e:1
1786565015.186957 s2e1-9f76c9cb:1 s3e1-900d615e:1 s4e1-8991268b:60E
1786565015.242646 s2e1-9f76c9cb:1 s3e1-900d615e:1 s4e1-8991268b:1
1786565015.265672 s2e1-9f76c9cb:1 s3e1-900d615e:1 s4e1-8991268b:1
1786565015.288615 s2e1-9f76c9cb:1 s3e1-900d615e:1 s4e1-8991268b:1
1786565015.311643 s2e1-9f76c9cb:1 s3e1-900d615e:1 s4e1-8991268b:1
1786565015.334994 s3e1-900d615e:1 s4e1-8991268b:1
1786565015.358054 s3e1-900d615e:1 s4e1-8991268b:1
1786565015.380191 s3e1-900d615e:1 s4e1-8991268b:1
1786565015.402170 s3e1-900d615e:1 s4e1-8991268b:1
1786565015.424619 s3e1-900d615e:1 s4e1-8991268b:1 s5e1-b8b7f286:54E
1786565015.477081 s3e1-900d615e:1 s4e1-8991268b:1 s5e1-b8b7f286:1
1786565015.499948 s3e1-900d615e:1 s4e1-8991268b:1 s5e1-b8b7f286:1
1786565015.523093 s3e1-900d615e:1 s4e1-8991268b:1 s5e1-b8b7f286:1
1786565015.546364 s3e1-900d615e:1 s4e1-8991268b:1 s5e1-b8b7f286:1
1786565015.569568 s4e1-8991268b:1 s5e1-b8b7f286:1
1786565015.591829 s4e1-8991268b:1 s5e1-b8b7f286:1
1786565015.614897 s4e1-8991268b:1 s5e1-b8b7f286:1
1786565015.637066 s4e1-8991268b:1 s5e1-b8b7f286:1
1786565015.658966 s4e1-8991268b:1 s5e1-b8b7f286:1
1786565015.681280 s4e1-8991268b:1 s5e1-b8b7f286:1 s6e1-9cf5af8f:60E
1786565015.737937 s4e1-8991268b:1 s5e1-b8b7f286:1 s6e1-9cf5af8f:1
1786565015.761221 s4e1-8991268b:1 s5e1-b8b7f286:1 s6e1-9cf5af8f:1
1786565015.784042 s4e1-8991268b:1 s5e1-b8b7f286:1 s6e1-9cf5af8f:1
1786565015.806790 s4e1-8991268b:1 s5e1-b8b7f286:1 s6e1-9cf5af8f:1
1786565015.830363 s4e1-8991268b:1 s5e1-b8b7f286:1 s6e1-9cf5af8f:1
1786565015.853796 s5e1-b8b7f286:1 s6e1-9cf5af8f:1
1786565015.876619 s5e1-b8b7f286:1 s6e1-9cf5af8f:1 s7e1-a477e2ab:69E
1786565015.941807 s5e1-b8b7f286:1 s6e1-9cf5af8f:1 s7e1-a477e2ab:1
1786565015.964857 s5e1-b8b7f286:1 s6e1-9cf5af8f:1 s7e1-a477e2ab:1
1786565015.987890 s5e1-b8b7f286:1 s6e1-9cf5af8f:1 s7e1-a477e2ab:1
1786565016.010749 s5e1-b8b7f286:1 s6e1-9cf5af8f:1 s7e1-a477e2ab:1
1786565016.033399 s5e1-b8b7f286:1 s6e1-9cf5af8f:1 s7e1-a477e2ab:1
1786565016.056141 s5e1-b8b7f286:1 s6e1-9cf5af8f:1 s7e1-a477e2ab:1
1786565016.079308 s5e1-b8b7f286:1 s6e1-9cf5af8f:1 s7e1-a477e2ab:1
1786565016.104320 s6e1-9cf5af8f:1 s7e1-a477e2ab:1
1786565016.126591 s6e1-9cf5af8f:1 s7e1-a477e2ab:1
1786565016.148631 s6e1-9cf5af8f:1 s7e1-a477e2ab:1
1786565016.171500 s6e1-9cf5af8f:1 s7e1-a477e2ab:1 s8e1-8a5a4506:68E
1786565016.237831 s6e1-9cf5af8f:1 s7e1-a477e2ab:1 s8e1-8a5a4506:1
1786565016.260664 s6e1-9cf5af8f:1 s7e1-a477e2ab:1 s8e1-8a5a4506:1
1786565016.283620 s6e1-9cf5af8f:1 s7e1-a477e2ab:1 s8e1-8a5a4506:1
1786565016.306393 s6e1-9cf5af8f:1 s7e1-a477e2ab:1 s8e1-8a5a4506:1
1786565016.330328 s6e1-9cf5af8f:1 s7e1-a477e2ab:1 s8e1-8a5a4506:1
1786565016.353054 s6e1-9cf5af8f:1 s7e1-a477e2ab:1 s8e1-8a5a4506:1
1786565016.376074 s7e1-a477e2ab:1 s8e1-8a5a4506:1
1786565016.398482 s7e1-a477e2ab:1 s8e1-8a5a4506:1 s1e1-9256ac17:55E
1786565016.452925 s7e1-a477e2ab:1 s8e1-8a5a4506:1 s1e1-9256ac17:1
1786565016.475551 s7e1-a477e2ab:1 s8e1-8a5a4506:1 s1e1-9256ac17:1
1786565016.498504 s7e1-a477e2ab:1 s8e1-8a5a4506:1 s1e1-9256ac17:1
1786565016.521683 s7e1-a477e2ab:1 s8e1-8a5a4506:1 s1e1-9256ac17:1
1786565016.544970 s7e1-a477e2ab:1 s8e1-8a5a4506:1 s1e1-9256ac17:1
1786565016.568900 s8e1-8a5a4506:1 s1e1-9256ac17:1
1786565016.591164 s8e1-8a5a4506:1 s1e1-9256ac17:1
1786565016.613277 s8e1-8a5a4506:1 s1e1-9256ac17:1
1786565016.636093 s8e1-8a5a4506:1 s1e1-9256ac17:1 s2e1-9f76c9cb:66E
1786565016.702183 s8e1-8a5a4506:1 s1e1-9256ac17:1 s2e1-9f76c9cb:1
1786565016.724696 s8e1-8a5a4506:1 s1e1-9256ac17:1 s2e1-9f76c9cb:1
1786565016.747190 s8e1-8a5a4506:1 s1e1-9256ac17:1 s2e1-9f76c9cb:1
1786565016.769649 s8e1-8a5a4506:1 s1e1-9256ac17:1 s2e1-9f76c9cb:1
1786565016.792149 s8e1-8a5a4506:1 s1e1-9256ac17:1 s2e1-9f76c9cb:1
1786565016.814663 s8e1-8a5a4506:1 s1e1-9256ac17:1 s2e1-9f76c9cb:1
1786565016.837297 s8e1-8a5a4506:1 s1e1-9256ac17:1 s2e1-9f76c9cb:1
1786565016.861777 s1e1-9256ac17:1 s2e1-9f76c9cb:1
1786565016.884577 s1e1-9256ac17:1 s2e1-9f76c9cb:1
1786565016.907215 s1e1-9256ac17:1 s2e1-9f76c9cb:1
1786565016.930306 s1e1-9256ac17:1 s2e1-9f76c9cb:1 s3e1-900d615e:54E
1786565016.984895 s1e1-9256ac17:1 s2e1-9f76c9cb:1 s3e1-900d615e:1
1786565017.008126 s1e1-9256ac17:1 s2e1-9f76c9cb:1 s3e1-900d615e:1
1786565017.031339 s1e1-9256ac17:1 s2e1-9f76c9cb:1 s3e1-900d615e:1
1786565017.055614 s1e1-9256ac17:1 s2e1-9f76c9cb:1 s3e1-900d615e:1
1786565017.079374 s2e1-9f76c9cb:1 s3e1-900d615e:1
1786565017.101874 s2e1-9f76c9cb:1 s3e1-900d615e:1
1786565017.124655 s2e1-9f76c9cb:1 s3e1-900d615e:1 s4e1-8991268b:57E
1786565017.180351 s2e1-9f76c9cb:1 s3e1-900d615e:1 s4e1-8991268b:1
1786565017.203353 s2e1-9f76c9cb:1 s3e1-900d615e:1 s4e1-8991268b:1
1786565017.226467 s2e1-9f76c9cb:1 s3e1-900d615e:1 s4e1-8991268b:1
1786565017.249548 s2e1-9f76c9cb:1 s3e1-900d615e:1 s4e1-8991268b:1
1786565017.272260 s2e1-9f76c9cb:1 s3e1-900d615e:1 s4e1-8991268b:1
1786565017.296321 s2e1-9f76c9cb:1 s3e1-900d615e:1 s4e1-8991268b:1
1786565017.319807 s3e1-900d615e:1 s4e1-8991268b:1
1786565017.342734 s3e1-900d615e:1 s4e1-8991268b:1
1786565017.365515 s3e1-900d615e:1 s4e1-8991268b:1 s5e1-b8b7f286:67E
1786565017.430448 s3e1-900d615e:1 s4e1-8991268b:1 s5e1-b8b7f286:1
1786565017.452907 s3e1-900d615e:1 s4e1-8991268b:1 s5e1-b8b7f286:1
1786565017.475480 s3e1-900d615e:1 s4e1-8991268b:1 s5e1-b8b7f286:1
1786565017.498126 s3e1-900d615e:1 s4e1-8991268b:1 s5e1-b8b7f286:1
1786565017.520923 s3e1-900d615e:1 s4e1-8991268b:1 s5e1-b8b7f286:1
1786565017.544016 s3e1-900d615e:1 s4e1-8991268b:1 s5e1-b8b7f286:1
1786565017.568526 s3e1-900d615e:1 s4e1-8991268b:1 s5e1-b8b7f286:1
1786565017.591746 s3e1-900d615e:1 s4e1-8991268b:1 s5e1-b8b7f286:1
1786565017.614867 s4e1-8991268b:1 s5e1-b8b7f286:1
1786565017.637385 s4e1-8991268b:1 s5e1-b8b7f286:1 s6e1-9cf5af8f:57E
1786565017.692334 s4e1-8991268b:1 s5e1-b8b7f286:1 s6e1-9cf5af8f:1
1786565017.715239 s4e1-8991268b:1 s5e1-b8b7f286:1 s6e1-9cf5af8f:1
1786565017.738568 s4e1-8991268b:1 s5e1-b8b7f286:1 s6e1-9cf5af8f:1
1786565017.761880 s4e1-8991268b:1 s5e1-b8b7f286:1 s6e1-9cf5af8f:1
1786565017.785653 s4e1-8991268b:1 s5e1-b8b7f286:1 s6e1-9cf5af8f:1
1786565017.808903 s5e1-b8b7f286:1 s6e1-9cf5af8f:1
1786565017.830937 s5e1-b8b7f286:1 s6e1-9cf5af8f:1
1786565017.853508 s5e1-b8b7f286:1 s6e1-9cf5af8f:1 s7e1-a477e2ab:66E
1786565017.919578 s5e1-b8b7f286:1 s6e1-9cf5af8f:1 s7e1-a477e2ab:1
1786565017.942568 s5e1-b8b7f286:1 s6e1-9cf5af8f:1 s7e1-a477e2ab:1
1786565017.965779 s5e1-b8b7f286:1 s6e1-9cf5af8f:1 s7e1-a477e2ab:1
1786565017.988894 s5e1-b8b7f286:1 s6e1-9cf5af8f:1 s7e1-a477e2ab:1
1786565018.011831 s5e1-b8b7f286:1 s6e1-9cf5af8f:1 s7e1-a477e2ab:1
1786565018.035643 s5e1-b8b7f286:1 s6e1-9cf5af8f:1 s7e1-a477e2ab:1
1786565018.058796 s6e1-9cf5af8f:1 s7e1-a477e2ab:1
1786565018.081220 s6e1-9cf5af8f:1 s7e1-a477e2ab:1
1786565018.104079 s6e1-9cf5af8f:1 s7e1-a477e2ab:1 s8e1-8a5a4506:65E
1786565018.170588 s6e1-9cf5af8f:1 s7e1-a477e2ab:1 s8e1-8a5a4506:1
1786565018.193274 s6e1-9cf5af8f:1 s7e1-a477e2ab:1 s8e1-8a5a4506:1
1786565018.216167 s6e1-9cf5af8f:1 s7e1-a477e2ab:1 s8e1-8a5a4506:1
1786565018.239020 s6e1-9cf5af8f:1 s7e1-a477e2ab:1 s8e1-8a5a4506:1
1786565018.261898 s6e1-9cf5af8f:1 s7e1-a477e2ab:1 s8e1-8a5a4506:1
1786565018.284962 s6e1-9cf5af8f:1 s7e1-a477e2ab:1 s8e1-8a5a4506:1
1786565018.307877 s6e1-9cf5af8f:1 s7e1-a477e2ab:1 s8e1-8a5a4506:1
1786565018.332240 s7e1-a477e2ab:1 s8e1-8a5a4506:1
1786565018.354944 s7e1-a477e2ab:1 s8e1-8a5a4506:1
1786565018.377197 s7e1-a477e2ab:1 s8e1-8a5a4506:1
1786565018.399623 s7e1-a477e2ab:1 s8e1-8a5a4506:1 s1e1-9256ac17:68E
1786565018.464773 s7e1-a477e2ab:1 s8e1-8a5a4506:1 s1e1-9256ac17:1
1786565018.487194 s7e1-a477e2ab:1 s8e1-8a5a4506:1 s1e1-9256ac17:1
1786565018.509905 s7e1-a477e2ab:1 s8e1-8a5a4506:1 s1e1-9256ac17:1
1786565018.534130 s7e1-a477e2ab:1 s8e1-8a5a4506:1 s1e1-9256ac17:1
1786565018.557671 s8e1-8a5a4506:1 s1e1-9256ac17:1
1786565018.580090 s8e1-8a5a4506:1 s1e1-9256ac17:1
1786565018.602542 s8e1-8a5a4506:1 s1e1-9256ac17:1 s2e1-9f76c9cb:63E
1786565018.668448 s8e1-8a5a4506:1 s1e1-9256ac17:1 s2e1-9f76c9cb:1
1786565018.691509 s8e1-8a5a4506:1 s1e1-9256ac17:1 s2e1-9f76c9cb:1
1786565018.714101 s8e1-8a5a4506:1 s1e1-9256ac17:1 s2e1-9f76c9cb:1
1786565018.736713 s8e1-8a5a4506:1 s1e1-9256ac17:1 s2e1-9f76c9cb:1
1786565018.760560 s8e1-8a5a4506:1 s1e1-9256ac17:1 s2e1-9f76c9cb:1
1786565018.783531 s8e1-8a5a4506:1 s1e1-9256ac17:1 s2e1-9f76c9cb:1
1786565018.806957 s1e1-9256ac17:1 s2e1-9f76c9cb:1
1786565018.830196 s1e1-9256ac17:1 s2e1-9f76c9cb:1 s3e1-900d615e:67E
1786565018.897211 s1e1-9256ac17:1 s2e1-9f76c9cb:1 s3e1-900d615e:1
1786565018.920170 s1e1-9256ac17:1 s2e1-9f76c9cb:1 s3e1-900d615e:1
1786565018.943095 s1e1-9256ac17:1 s2e1-9f76c9cb:1 s3e1-900d615e:1
1786565018.966657 s1e1-9256ac17:1 s2e1-9f76c9cb:1 s3e1-900d615e:1
1786565018.990206 s1e1-9256ac17:1 s2e1-9f76c9cb:1 s3e1-900d615e:1
1786565019.013456 s1e1-9256ac17:1 s2e1-9f76c9cb:1 s3e1-900d615e:1
1786565019.036423 s1e1-9256ac17:1 s2e1-9f76c9cb:1 s3e1-900d615e:1
1786565019.059230 s1e1-9256ac17:1 s2e1-9f76c9cb:1 s3e1-900d615e:1
1786565019.082074 s1e1-9256ac17:1 s2e1-9f76c9cb:1 s3e1-900d615e:1
1786565019.105588 s2e1-9f76c9cb:1 s3e1-900d615e:1
1786565019.129127 s2e1-9f76c9cb:1 s3e1-900d615e:1
1786565019.151717 s2e1-9f76c9cb:1 s3e1-900d615e:1
1786565019.174258 s2e1-9f76c9cb:1 s3e1-900d615e:1
1786565019.197340 s2e1-9f76c9cb:1 s3e1-900d615e:1 s4e1-8991268b:54E
1786565019.251385 s2e1-9f76c9cb:1 s3e1-900d615e:1 s4e1-8991268b:1
1786565019.274404 s2e1-9f76c9cb:1 s3e1-900d615e:1 s4e1-8991268b:1
1786565019.297783 s3e1-900d615e:1 s4e1-8991268b:1
1786565019.321456 s3e1-900d615e:1 s4e1-8991268b:1
1786565019.343787 s3e1-900d615e:1 s4e1-8991268b:1
1786565019.366009 s3e1-900d615e:1 s4e1-8991268b:1
1786565019.388475 s3e1-900d615e:1 s4e1-8991268b:1 s5e1-b8b7f286:64E
1786565019.453053 s3e1-900d615e:1 s4e1-8991268b:1 s5e1-b8b7f286:1
1786565019.475837 s3e1-900d615e:1 s4e1-8991268b:1 s5e1-b8b7f286:1
1786565019.498702 s3e1-900d615e:1 s4e1-8991268b:1 s5e1-b8b7f286:1
1786565019.521752 s4e1-8991268b:1 s5e1-b8b7f286:1
1786565019.543916 s4e1-8991268b:1 s5e1-b8b7f286:1
1786565019.567122 s4e1-8991268b:1 s5e1-b8b7f286:1
1786565019.589509 s4e1-8991268b:1 s5e1-b8b7f286:1
1786565019.611950 s4e1-8991268b:1 s5e1-b8b7f286:1
1786565019.634715 s4e1-8991268b:1 s5e1-b8b7f286:1 s6e1-9cf5af8f:54E
1786565019.687498 s4e1-8991268b:1 s5e1-b8b7f286:1 s6e1-9cf5af8f:1
1786565019.710196 s4e1-8991268b:1 s5e1-b8b7f286:1 s6e1-9cf5af8f:1
1786565019.732973 s4e1-8991268b:1 s5e1-b8b7f286:1 s6e1-9cf5af8f:1
1786565019.755925 s4e1-8991268b:1 s5e1-b8b7f286:1 s6e1-9cf5af8f:1
1786565019.779291 s4e1-8991268b:1 s5e1-b8b7f286:1 s6e1-9cf5af8f:1
1786565019.803217 s4e1-8991268b:1 s5e1-b8b7f286:1 s6e1-9cf5af8f:1
1786565019.826377 s4e1-8991268b:1 s5e1-b8b7f286:1 s6e1-9cf5af8f:1
1786565019.849523 s4e1-8991268b:1 s5e1-b8b7f286:1 s6e1-9cf5af8f:1
1786565019.872950 s5e1-b8b7f286:1 s6e1-9cf5af8f:1 s7e1-a477e2ab:63E
1786565019.939454 s5e1-b8b7f286:1 s6e1-9cf5af8f:1 s7e1-a477e2ab:1
1786565019.962747 s5e1-b8b7f286:1 s6e1-9cf5af8f:1 s7e1-a477e2ab:1
1786565019.985729 s5e1-b8b7f286:1 s6e1-9cf5af8f:1 s7e1-a477e2ab:1
1786565020.008884 s5e1-b8b7f286:1 s6e1-9cf5af8f:1 s7e1-a477e2ab:1
1786565020.032147 s5e1-b8b7f286:1 s6e1-9cf5af8f:1 s7e1-a477e2ab:1
1786565020.055147 s5e1-b8b7f286:1 s6e1-9cf5af8f:1 s7e1-a477e2ab:1
1786565020.079823 s6e1-9cf5af8f:1 s7e1-a477e2ab:1
1786565020.102214 s6e1-9cf5af8f:1 s7e1-a477e2ab:1
1786565020.124725 s6e1-9cf5af8f:1 s7e1-a477e2ab:1
1786565020.147578 s6e1-9cf5af8f:1 s7e1-a477e2ab:1 s8e1-8a5a4506:62E
1786565020.202272 s6e1-9cf5af8f:1 s7e1-a477e2ab:1 s8e1-8a5a4506:1
1786565020.225711 s6e1-9cf5af8f:1 s7e1-a477e2ab:1 s8e1-8a5a4506:1
1786565020.249177 s6e1-9cf5af8f:1 s7e1-a477e2ab:1 s8e1-8a5a4506:1
1786565020.272057 s6e1-9cf5af8f:1 s7e1-a477e2ab:1 s8e1-8a5a4506:1
1786565020.295973 s6e1-9cf5af8f:1 s7e1-a477e2ab:1 s8e1-8a5a4506:1
1786565020.319216 s7e1-a477e2ab:1 s8e1-8a5a4506:1
1786565020.341726 s7e1-a477e2ab:1 s8e1-8a5a4506:1
1786565020.364506 s7e1-a477e2ab:1 s8e1-8a5a4506:1 s1e1-9256ac17:65E
1786565020.431167 s7e1-a477e2ab:1 s8e1-8a5a4506:1 s1e1-9256ac17:1
1786565020.454178 s7e1-a477e2ab:1 s8e1-8a5a4506:1 s1e1-9256ac17:1
1786565020.477158 s7e1-a477e2ab:1 s8e1-8a5a4506:1 s1e1-9256ac17:1
1786565020.499977 s7e1-a477e2ab:1 s8e1-8a5a4506:1 s1e1-9256ac17:1
1786565020.522667 s7e1-a477e2ab:1 s8e1-8a5a4506:1 s1e1-9256ac17:1
1786565020.546613 s7e1-a477e2ab:1 s8e1-8a5a4506:1 s1e1-9256ac17:1
1786565020.570011 s8e1-8a5a4506:1 s1e1-9256ac17:1
1786565020.592371 s8e1-8a5a4506:1 s1e1-9256ac17:1
1786565020.615119 s8e1-8a5a4506:1 s1e1-9256ac17:1 s2e1-9f76c9cb:60E
1786565020.671155 s8e1-8a5a4506:1 s1e1-9256ac17:1 s2e1-9f76c9cb:1
1786565020.694516 s8e1-8a5a4506:1 s1e1-9256ac17:1 s2e1-9f76c9cb:1
1786565020.719182 s8e1-8a5a4506:1 s1e1-9256ac17:1 s2e1-9f76c9cb:1
1786565020.742068 s8e1-8a5a4506:1 s1e1-9256ac17:1 s2e1-9f76c9cb:1
1786565020.765202 s8e1-8a5a4506:1 s1e1-9256ac17:1 s2e1-9f76c9cb:1
1786565020.788064 s8e1-8a5a4506:1 s1e1-9256ac17:1 s2e1-9f76c9cb:1
1786565020.811110 s8e1-8a5a4506:1 s1e1-9256ac17:1 s2e1-9f76c9cb:1
1786565020.834172 s1e1-9256ac17:1 s2e1-9f76c9cb:1
1786565020.856363 s1e1-9256ac17:1 s2e1-9f76c9cb:1
1786565020.878897 s1e1-9256ac17:1 s2e1-9f76c9cb:1
1786565020.902441 s1e1-9256ac17:1 s2e1-9f76c9cb:1
1786565020.924865 s1e1-9256ac17:1 s2e1-9f76c9cb:1
1786565020.947335 s1e1-9256ac17:1 s2e1-9f76c9cb:1
1786565020.970698 s1e1-9256ac17:1 s2e1-9f76c9cb:1 s3e1-900d615e:64E
1786565021.039599 s1e1-9256ac17:1 s2e1-9f76c9cb:1 s3e1-900d615e:1
1786565021.063125 s2e1-9f76c9cb:1 s3e1-900d615e:1
1786565021.085746 s2e1-9f76c9cb:1 s3e1-900d615e:1
1786565021.108483 s2e1-9f76c9cb:1 s3e1-900d615e:1 s4e1-8991268b:67E
1786565021.174512 s2e1-9f76c9cb:1 s3e1-900d615e:1 s4e1-8991268b:1
1786565021.197527 s2e1-9f76c9cb:1 s3e1-900d615e:1 s4e1-8991268b:1
1786565021.220737 s2e1-9f76c9cb:1 s3e1-900d615e:1 s4e1-8991268b:1
1786565021.243707 s2e1-9f76c9cb:1 s3e1-900d615e:1 s4e1-8991268b:1
1786565021.266721 s2e1-9f76c9cb:1 s3e1-900d615e:1 s4e1-8991268b:1
1786565021.290553 s2e1-9f76c9cb:1 s3e1-900d615e:1 s4e1-8991268b:1
1786565021.314058 s3e1-900d615e:1 s4e1-8991268b:1
1786565021.336761 s3e1-900d615e:1 s4e1-8991268b:1
1786565021.359727 s3e1-900d615e:1 s4e1-8991268b:1 s5e1-b8b7f286:61E
1786565021.417217 s3e1-900d615e:1 s4e1-8991268b:1 s5e1-b8b7f286:1
1786565021.440390 s3e1-900d615e:1 s4e1-8991268b:1 s5e1-b8b7f286:1
1786565021.463738 s3e1-900d615e:1 s4e1-8991268b:1 s5e1-b8b7f286:1
1786565021.487214 s3e1-900d615e:1 s4e1-8991268b:1 s5e1-b8b7f286:1
1786565021.510250 s3e1-900d615e:1 s4e1-8991268b:1 s5e1-b8b7f286:1
1786565021.534093 s3e1-900d615e:1 s4e1-8991268b:1 s5e1-b8b7f286:1
1786565021.556923 s3e1-900d615e:1 s4e1-8991268b:1 s5e1-b8b7f286:1
1786565021.579601 s3e1-900d615e:1 s4e1-8991268b:1 s5e1-b8b7f286:1
1786565021.602922 s3e1-900d615e:1 s4e1-8991268b:1 s5e1-b8b7f286:1 s6e1-9cf5af8f:67E
1786565021.668651 s3e1-900d615e:1 s4e1-8991268b:1 s5e1-b8b7f286:1 s6e1-9cf5af8f:1
1786565021.691565 s3e1-900d615e:1 s4e1-8991268b:1 s5e1-b8b7f286:1 s6e1-9cf5af8f:1
1786565021.715199 s4e1-8991268b:1 s5e1-b8b7f286:1 s6e1-9cf5af8f:1
1786565021.738291 s4e1-8991268b:1 s5e1-b8b7f286:1 s6e1-9cf5af8f:1
1786565021.762649 s4e1-8991268b:1 s5e1-b8b7f286:1 s6e1-9cf5af8f:1
1786565021.785816 s4e1-8991268b:1 s5e1-b8b7f286:1 s6e1-9cf5af8f:1
1786565021.809448 s5e1-b8b7f286:1 s6e1-9cf5af8f:1
1786565021.832411 s5e1-b8b7f286:1 s6e1-9cf5af8f:1 s7e1-a477e2ab:60E
1786565021.888144 s5e1-b8b7f286:1 s6e1-9cf5af8f:1 s7e1-a477e2ab:1
1786565021.911184 s5e1-b8b7f286:1 s6e1-9cf5af8f:1 s7e1-a477e2ab:1
1786565021.934456 s5e1-b8b7f286:1 s6e1-9cf5af8f:1 s7e1-a477e2ab:1
1786565021.957443 s5e1-b8b7f286:1 s6e1-9cf5af8f:1 s7e1-a477e2ab:1
1786565021.980891 s5e1-b8b7f286:1 s6e1-9cf5af8f:1 s7e1-a477e2ab:1
1786565022.004333 s5e1-b8b7f286:1 s6e1-9cf5af8f:1 s7e1-a477e2ab:1
1786565022.027413 s5e1-b8b7f286:1 s6e1-9cf5af8f:1 s7e1-a477e2ab:1
1786565022.051902 s6e1-9cf5af8f:1 s7e1-a477e2ab:1
1786565022.074598 s6e1-9cf5af8f:1 s7e1-a477e2ab:1
1786565022.096761 s6e1-9cf5af8f:1 s7e1-a477e2ab:1
1786565022.119104 s6e1-9cf5af8f:1 s7e1-a477e2ab:1 s8e1-8a5a4506:59E
1786565022.174812 s6e1-9cf5af8f:1 s7e1-a477e2ab:1 s8e1-8a5a4506:1
1786565022.197765 s6e1-9cf5af8f:1 s7e1-a477e2ab:1 s8e1-8a5a4506:1
1786565022.220740 s6e1-9cf5af8f:1 s7e1-a477e2ab:1 s8e1-8a5a4506:1
1786565022.243726 s6e1-9cf5af8f:1 s7e1-a477e2ab:1 s8e1-8a5a4506:1
1786565022.266855 s6e1-9cf5af8f:1 s7e1-a477e2ab:1 s8e1-8a5a4506:1
1786565022.292172 s7e1-a477e2ab:1 s8e1-8a5a4506:1
1786565022.314459 s7e1-a477e2ab:1 s8e1-8a5a4506:1
1786565022.336597 s7e1-a477e2ab:1 s8e1-8a5a4506:1
1786565022.359234 s7e1-a477e2ab:1 s8e1-8a5a4506:1 s1e1-9256ac17:62E
1786565022.413399 s7e1-a477e2ab:1 s8e1-8a5a4506:1 s1e1-9256ac17:1
1786565022.436393 s7e1-a477e2ab:1 s8e1-8a5a4506:1 s1e1-9256ac17:1
1786565022.459839 s7e1-a477e2ab:1 s8e1-8a5a4506:1 s1e1-9256ac17:1
1786565022.482745 s7e1-a477e2ab:1 s8e1-8a5a4506:1 s1e1-9256ac17:1
1786565022.506166 s8e1-8a5a4506:1 s1e1-9256ac17:1
1786565022.528475 s8e1-8a5a4506:1 s1e1-9256ac17:1
1786565022.551846 s8e1-8a5a4506:1 s1e1-9256ac17:1
1786565022.574461 s8e1-8a5a4506:1 s1e1-9256ac17:1
1786565022.597100 s8e1-8a5a4506:1 s1e1-9256ac17:1
1786565022.620157 s8e1-8a5a4506:1 s1e1-9256ac17:1 s2e1-9f76c9cb:57E
1786565022.676804 s8e1-8a5a4506:1 s1e1-9256ac17:1 s2e1-9f76c9cb:1
1786565022.700075 s8e1-8a5a4506:1 s1e1-9256ac17:1 s2e1-9f76c9cb:1
1786565022.723650 s8e1-8a5a4506:1 s1e1-9256ac17:1 s2e1-9f76c9cb:1
1786565022.746545 s8e1-8a5a4506:1 s1e1-9256ac17:1 s2e1-9f76c9cb:1
1786565022.769364 s8e1-8a5a4506:1 s1e1-9256ac17:1 s2e1-9f76c9cb:1
1786565022.793330 s1e1-9256ac17:1 s2e1-9f76c9cb:1
1786565022.815530 s1e1-9256ac17:1 s2e1-9f76c9cb:1
1786565022.837675 s1e1-9256ac17:1 s2e1-9f76c9cb:1
1786565022.860146 s1e1-9256ac17:1 s2e1-9f76c9cb:1 s3e1-900d615e:61E
1786565022.917440 s1e1-9256ac17:1 s2e1-9f76c9cb:1 s3e1-900d615e:1
1786565022.940529 s1e1-9256ac17:1 s2e1-9f76c9cb:1 s3e1-900d615e:1
1786565022.963849 s1e1-9256ac17:1 s2e1-9f76c9cb:1 s3e1-900d615e:1
1786565022.987348 s1e1-9256ac17:1 s2e1-9f76c9cb:1 s3e1-900d615e:1
1786565023.010418 s1e1-9256ac17:1 s2e1-9f76c9cb:1 s3e1-900d615e:1
1786565023.035180 s2e1-9f76c9cb:1 s3e1-900d615e:1
1786565023.057903 s2e1-9f76c9cb:1 s3e1-900d615e:1
1786565023.080335 s2e1-9f76c9cb:1 s3e1-900d615e:1
1786565023.103151 s2e1-9f76c9cb:1 s3e1-900d615e:1 s4e1-8991268b:64E
1786565023.169019 s2e1-9f76c9cb:1 s3e1-900d615e:1 s4e1-8991268b:1
1786565023.192009 s2e1-9f76c9cb:1 s3e1-900d615e:1 s4e1-8991268b:1
1786565023.215329 s2e1-9f76c9cb:1 s3e1-900d615e:1 s4e1-8991268b:1
1786565023.238508 s2e1-9f76c9cb:1 s3e1-900d615e:1 s4e1-8991268b:1
1786565023.261639 s2e1-9f76c9cb:1 s3e1-900d615e:1 s4e1-8991268b:1
1786565023.285818 s2e1-9f76c9cb:1 s3e1-900d615e:1 s4e1-8991268b:1
1786565023.309222 s3e1-900d615e:1 s4e1-8991268b:1
1786565023.331616 s3e1-900d615e:1 s4e1-8991268b:1
1786565023.354655 s3e1-900d615e:1 s4e1-8991268b:1 s5e1-b8b7f286:58E
1786565023.410591 s3e1-900d615e:1 s4e1-8991268b:1 s5e1-b8b7f286:1
1786565023.433556 s3e1-900d615e:1 s4e1-8991268b:1 s5e1-b8b7f286:1
1786565023.456442 s3e1-900d615e:1 s4e1-8991268b:1 s5e1-b8b7f286:1
1786565023.479725 s3e1-900d615e:1 s4e1-8991268b:1 s5e1-b8b7f286:1
1786565023.502864 s3e1-900d615e:1 s4e1-8991268b:1 s5e1-b8b7f286:1
1786565023.527175 s3e1-900d615e:1 s4e1-8991268b:1 s5e1-b8b7f286:1
1786565023.550690 s4e1-8991268b:1 s5e1-b8b7f286:1
1786565023.573073 s4e1-8991268b:1 s5e1-b8b7f286:1
1786565023.595485 s4e1-8991268b:1 s5e1-b8b7f286:1 s6e1-9cf5af8f:64E
1786565023.661304 s4e1-8991268b:1 s5e1-b8b7f286:1 s6e1-9cf5af8f:1
1786565023.684267 s4e1-8991268b:1 s5e1-b8b7f286:1 s6e1-9cf5af8f:1
1786565023.707283 s4e1-8991268b:1 s5e1-b8b7f286:1 s6e1-9cf5af8f:1
1786565023.730208 s4e1-8991268b:1 s5e1-b8b7f286:1 s6e1-9cf5af8f:1
1786565023.753105 s4e1-8991268b:1 s5e1-b8b7f286:1 s6e1-9cf5af8f:1
1786565023.775822 s4e1-8991268b:1 s5e1-b8b7f286:1 s6e1-9cf5af8f:1
1786565023.800242 s5e1-b8b7f286:1 s6e1-9cf5af8f:1
1786565023.823179 s5e1-b8b7f286:1 s6e1-9cf5af8f:1
1786565023.845886 s5e1-b8b7f286:1 s6e1-9cf5af8f:1
1786565023.868793 s5e1-b8b7f286:1 s6e1-9cf5af8f:1 s7e1-a477e2ab:57E
1786565023.924672 s5e1-b8b7f286:1 s6e1-9cf5af8f:1 s7e1-a477e2ab:1
1786565023.947848 s5e1-b8b7f286:1 s6e1-9cf5af8f:1 s7e1-a477e2ab:1
1786565023.971219 s5e1-b8b7f286:1 s6e1-9cf5af8f:1 s7e1-a477e2ab:1
1786565023.994533 s5e1-b8b7f286:1 s6e1-9cf5af8f:1 s7e1-a477e2ab:1
1786565024.017338 s5e1-b8b7f286:1 s6e1-9cf5af8f:1 s7e1-a477e2ab:1
1786565024.041010 s6e1-9cf5af8f:1 s7e1-a477e2ab:1
1786565024.064799 s6e1-9cf5af8f:1 s7e1-a477e2ab:1
1786565024.087468 s6e1-9cf5af8f:1 s7e1-a477e2ab:1
1786565024.109767 s6e1-9cf5af8f:1 s7e1-a477e2ab:1
1786565024.132707 s6e1-9cf5af8f:1 s7e1-a477e2ab:1 s8e1-8a5a4506:56E
1786565024.188659 s6e1-9cf5af8f:1 s7e1-a477e2ab:1 s8e1-8a5a4506:1
1786565024.211422 s6e1-9cf5af8f:1 s7e1-a477e2ab:1 s8e1-8a5a4506:1
1786565024.234181 s6e1-9cf5af8f:1 s7e1-a477e2ab:1 s8e1-8a5a4506:1
1786565024.256789 s6e1-9cf5af8f:1 s7e1-a477e2ab:1 s8e1-8a5a4506:1
1786565024.280815 s7e1-a477e2ab:1 s8e1-8a5a4506:1
1786565024.303162 s7e1-a477e2ab:1 s8e1-8a5a4506:1
1786565024.325209 s7e1-a477e2ab:1 s8e1-8a5a4506:1
1786565024.347692 s7e1-a477e2ab:1 s8e1-8a5a4506:1 s1e1-9256ac17:59E
1786565024.404310 s7e1-a477e2ab:1 s8e1-8a5a4506:1 s1e1-9256ac17:1
1786565024.427408 s7e1-a477e2ab:1 s8e1-8a5a4506:1 s1e1-9256ac17:1
1786565024.450506 s7e1-a477e2ab:1 s8e1-8a5a4506:1 s1e1-9256ac17:1
1786565024.473483 s7e1-a477e2ab:1 s8e1-8a5a4506:1 s1e1-9256ac17:1
1786565024.496825 s7e1-a477e2ab:1 s8e1-8a5a4506:1 s1e1-9256ac17:1
1786565024.520909 s7e1-a477e2ab:1 s8e1-8a5a4506:1 s1e1-9256ac17:1
1786565024.544464 s8e1-8a5a4506:1 s1e1-9256ac17:1
1786565024.567413 s8e1-8a5a4506:1 s1e1-9256ac17:1 s2e1-9f76c9cb:54E
1786565024.622560 s8e1-8a5a4506:1 s1e1-9256ac17:1 s2e1-9f76c9cb:1
1786565024.645768 s8e1-8a5a4506:1 s1e1-9256ac17:1 s2e1-9f76c9cb:1
1786565024.668853 s8e1-8a5a4506:1 s1e1-9256ac17:1 s2e1-9f76c9cb:1
1786565024.691856 s8e1-8a5a4506:1 s1e1-9256ac17:1 s2e1-9f76c9cb:1
1786565024.715249 s8e1-8a5a4506:1 s1e1-9256ac17:1 s2e1-9f76c9cb:1
1786565024.738293 s8e1-8a5a4506:1 s1e1-9256ac17:1 s2e1-9f76c9cb:1
1786565024.761267 s8e1-8a5a4506:1 s1e1-9256ac17:1 s2e1-9f76c9cb:1
1786565024.784147 s8e1-8a5a4506:1 s1e1-9256ac17:1 s2e1-9f76c9cb:1
1786565024.807497 s1e1-9256ac17:1 s2e1-9f76c9cb:1
1786565024.830899 s1e1-9256ac17:1 s2e1-9f76c9cb:1
1786565024.853235 s1e1-9256ac17:1 s2e1-9f76c9cb:1
1786565024.875272 s1e1-9256ac17:1 s2e1-9f76c9cb:1
1786565024.897844 s1e1-9256ac17:1 s2e1-9f76c9cb:1 s3e1-900d615e:58E
1786565024.954697 s1e1-9256ac17:1 s2e1-9f76c9cb:1 s3e1-900d615e:1
1786565024.977849 s1e1-9256ac17:1 s2e1-9f76c9cb:1 s3e1-900d615e:1
1786565025.001195 s1e1-9256ac17:1 s2e1-9f76c9cb:1 s3e1-900d615e:1
1786565025.024918 s2e1-9f76c9cb:1 s3e1-900d615e:1
1786565025.048652 s2e1-9f76c9cb:1 s3e1-900d615e:1
1786565025.071123 s2e1-9f76c9cb:1 s3e1-900d615e:1
1786565025.093769 s2e1-9f76c9cb:1 s3e1-900d615e:1
1786565025.116515 s2e1-9f76c9cb:1 s3e1-900d615e:1 s4e1-8991268b:61E
1786565025.174412 s2e1-9f76c9cb:1 s3e1-900d615e:1 s4e1-8991268b:1
1786565025.197489 s2e1-9f76c9cb:1 s3e1-900d615e:1 s4e1-8991268b:1
1786565025.220547 s2e1-9f76c9cb:1 s3e1-900d615e:1 s4e1-8991268b:1
1786565025.243845 s3e1-900d615e:1 s4e1-8991268b:1
1786565025.266052 s3e1-900d615e:1 s4e1-8991268b:1
1786565025.288249 s3e1-900d615e:1 s4e1-8991268b:1
1786565025.311691 s3e1-900d615e:1 s4e1-8991268b:1
1786565025.333948 s3e1-900d615e:1 s4e1-8991268b:1
1786565025.356037 s3e1-900d615e:1 s4e1-8991268b:1
1786565025.378715 s3e1-900d615e:1 s4e1-8991268b:1 s5e1-b8b7f286:55E
1786565025.434505 s3e1-900d615e:1 s4e1-8991268b:1 s5e1-b8b7f286:1
1786565025.457401 s3e1-900d615e:1 s4e1-8991268b:1 s5e1-b8b7f286:1
1786565025.480628 s3e1-900d615e:1 s4e1-8991268b:1 s5e1-b8b7f286:1
1786565025.503712 s3e1-900d615e:1 s4e1-8991268b:1 s5e1-b8b7f286:1
1786565025.526855 s3e1-900d615e:1 s4e1-8991268b:1 s5e1-b8b7f286:1
1786565025.549601 s3e1-900d615e:1 s4e1-8991268b:1 s5e1-b8b7f286:1
1786565025.572757 s4e1-8991268b:1 s5e1-b8b7f286:1
1786565025.595212 s4e1-8991268b:1 s5e1-b8b7f286:1
1786565025.617501 s4e1-8991268b:1 s5e1-b8b7f286:1
1786565025.640928 s4e1-8991268b:1 s5e1-b8b7f286:1
1786565025.663525 s4e1-8991268b:1 s5e1-b8b7f286:1
1786565025.685978 s4e1-8991268b:1 s5e1-b8b7f286:1
1786565025.708862 s4e1-8991268b:1 s5e1-b8b7f286:1 s6e1-9cf5af8f:61E
1786565025.766130 s4e1-8991268b:1 s5e1-b8b7f286:1 s6e1-9cf5af8f:1
1786565025.789479 s5e1-b8b7f286:1 s6e1-9cf5af8f:1
1786565025.813146 s5e1-b8b7f286:1 s6e1-9cf5af8f:1
1786565025.835743 s5e1-b8b7f286:1 s6e1-9cf5af8f:1
1786565025.858076 s5e1-b8b7f286:1 s6e1-9cf5af8f:1
1786565025.880842 s5e1-b8b7f286:1 s6e1-9cf5af8f:1 s7e1-a477e2ab:54E
1786565025.935487 s5e1-b8b7f286:1 s6e1-9cf5af8f:1 s7e1-a477e2ab:1
1786565025.958487 s5e1-b8b7f286:1 s6e1-9cf5af8f:1 s7e1-a477e2ab:1
1786565025.981648 s5e1-b8b7f286:1 s6e1-9cf5af8f:1 s7e1-a477e2ab:1
1786565026.004951 s5e1-b8b7f286:1 s6e1-9cf5af8f:1 s7e1-a477e2ab:1
1786565026.028213 s5e1-b8b7f286:1 s6e1-9cf5af8f:1 s7e1-a477e2ab:1
1786565026.052025 s6e1-9cf5af8f:1 s7e1-a477e2ab:1
1786565026.075725 s6e1-9cf5af8f:1 s7e1-a477e2ab:1
1786565026.098037 s6e1-9cf5af8f:1 s7e1-a477e2ab:1
1786565026.120279 s6e1-9cf5af8f:1 s7e1-a477e2ab:1
1786565026.143645 s6e1-9cf5af8f:1 s7e1-a477e2ab:1 s8e1-8a5a4506:69E
1786565026.209960 s6e1-9cf5af8f:1 s7e1-a477e2ab:1 s8e1-8a5a4506:1
1786565026.232747 s6e1-9cf5af8f:1 s7e1-a477e2ab:1 s8e1-8a5a4506:1
1786565026.255690 s6e1-9cf5af8f:1 s7e1-a477e2ab:1 s8e1-8a5a4506:1
1786565026.278730 s6e1-9cf5af8f:1 s7e1-a477e2ab:1 s8e1-8a5a4506:1
1786565026.301512 s6e1-9cf5af8f:1 s7e1-a477e2ab:1 s8e1-8a5a4506:1
1786565026.325755 s6e1-9cf5af8f:1 s7e1-a477e2ab:1 s8e1-8a5a4506:1
1786565026.348638 s6e1-9cf5af8f:1 s7e1-a477e2ab:1 s8e1-8a5a4506:1
1786565026.371263 s6e1-9cf5af8f:1 s7e1-a477e2ab:1 s8e1-8a5a4506:1
1786565026.394606 s7e1-a477e2ab:1 s8e1-8a5a4506:1 s1e1-9256ac17:56E
1786565026.450010 s7e1-a477e2ab:1 s8e1-8a5a4506:1 s1e1-9256ac17:1
1786565026.472789 s7e1-a477e2ab:1 s8e1-8a5a4506:1 s1e1-9256ac17:1
1786565026.495941 s7e1-a477e2ab:1 s8e1-8a5a4506:1 s1e1-9256ac17:1
1786565026.518640 s7e1-a477e2ab:1 s8e1-8a5a4506:1 s1e1-9256ac17:1
1786565026.541680 s7e1-a477e2ab:1 s8e1-8a5a4506:1 s1e1-9256ac17:1
1786565026.566540 s8e1-8a5a4506:1 s1e1-9256ac17:1
1786565026.589192 s8e1-8a5a4506:1 s1e1-9256ac17:1
1786565026.611867 s8e1-8a5a4506:1 s1e1-9256ac17:1
1786565026.634899 s8e1-8a5a4506:1 s1e1-9256ac17:1 s2e1-9f76c9cb:67E
1786565026.701108 s8e1-8a5a4506:1 s1e1-9256ac17:1 s2e1-9f76c9cb:1
1786565026.723721 s8e1-8a5a4506:1 s1e1-9256ac17:1 s2e1-9f76c9cb:1
1786565026.746256 s8e1-8a5a4506:1 s1e1-9256ac17:1 s2e1-9f76c9cb:1
1786565026.768687 s8e1-8a5a4506:1 s1e1-9256ac17:1 s2e1-9f76c9cb:1
1786565026.791237 s8e1-8a5a4506:1 s1e1-9256ac17:1 s2e1-9f76c9cb:1
1786565026.813846 s8e1-8a5a4506:1 s1e1-9256ac17:1 s2e1-9f76c9cb:1
1786565026.837388 s1e1-9256ac17:1 s2e1-9f76c9cb:1
1786565026.859937 s1e1-9256ac17:1 s2e1-9f76c9cb:1
1786565026.882214 s1e1-9256ac17:1 s2e1-9f76c9cb:1
1786565026.905578 s1e1-9256ac17:1 s2e1-9f76c9cb:1
1786565026.927767 s1e1-9256ac17:1 s2e1-9f76c9cb:1
1786565026.949946 s1e1-9256ac17:1 s2e1-9f76c9cb:1
1786565026.972786 s1e1-9256ac17:1 s2e1-9f76c9cb:1 s3e1-900d615e:55E
1786565027.029699 s1e1-9256ac17:1 s2e1-9f76c9cb:1 s3e1-900d615e:1
1786565027.053035 s1e1-9256ac17:1 s2e1-9f76c9cb:1 s3e1-900d615e:1
1786565027.078899 s2e1-9f76c9cb:1 s3e1-900d615e:1
1786565027.101459 s2e1-9f76c9cb:1 s3e1-900d615e:1
1786565027.123696 s2e1-9f76c9cb:1 s3e1-900d615e:1
1786565027.146287 s2e1-9f76c9cb:1 s3e1-900d615e:1 s4e1-8991268b:58E
1786565027.205974 s2e1-9f76c9cb:1 s3e1-900d615e:1 s4e1-8991268b:1
1786565027.228898 s2e1-9f76c9cb:1 s3e1-900d615e:1 s4e1-8991268b:1
1786565027.251889 s2e1-9f76c9cb:1 s3e1-900d615e:1 s4e1-8991268b:1
1786565027.275046 s2e1-9f76c9cb:1 s3e1-900d615e:1 s4e1-8991268b:1
1786565027.297946 s2e1-9f76c9cb:1 s3e1-900d615e:1 s4e1-8991268b:1
1786565027.321361 s3e1-900d615e:1 s4e1-8991268b:1
1786565027.344590 s3e1-900d615e:1 s4e1-8991268b:1
1786565027.366501 s3e1-900d615e:1 s4e1-8991268b:1
1786565027.388544 s3e1-900d615e:1 s4e1-8991268b:1
1786565027.411076 s3e1-900d615e:1 s4e1-8991268b:1 s5e1-b8b7f286:68E
1786565027.479227 s3e1-900d615e:1 s4e1-8991268b:1 s5e1-b8b7f286:1
1786565027.502361 s3e1-900d615e:1 s4e1-8991268b:1 s5e1-b8b7f286:1
1786565027.525396 s3e1-900d615e:1 s4e1-8991268b:1 s5e1-b8b7f286:1
1786565027.549476 s3e1-900d615e:1 s4e1-8991268b:1 s5e1-b8b7f286:1
1786565027.572247 s3e1-900d615e:1 s4e1-8991268b:1 s5e1-b8b7f286:1
1786565027.595046 s3e1-900d615e:1 s4e1-8991268b:1 s5e1-b8b7f286:1
1786565027.618289 s3e1-900d615e:1 s4e1-8991268b:1 s5e1-b8b7f286:1 s6e1-9cf5af8f:58E
1786565027.673853 s3e1-900d615e:1 s4e1-8991268b:1 s5e1-b8b7f286:1 s6e1-9cf5af8f:1
1786565027.696950 s4e1-8991268b:1 s5e1-b8b7f286:1 s6e1-9cf5af8f:1
1786565027.719850 s4e1-8991268b:1 s5e1-b8b7f286:1 s6e1-9cf5af8f:1
1786565027.742760 s4e1-8991268b:1 s5e1-b8b7f286:1 s6e1-9cf5af8f:1
1786565027.765571 s4e1-8991268b:1 s5e1-b8b7f286:1 s6e1-9cf5af8f:1
1786565027.788446 s4e1-8991268b:1 s5e1-b8b7f286:1 s6e1-9cf5af8f:1
1786565027.812100 s4e1-8991268b:1 s5e1-b8b7f286:1 s6e1-9cf5af8f:1
1786565027.835886 s5e1-b8b7f286:1 s6e1-9cf5af8f:1
1786565027.858269 s5e1-b8b7f286:1 s6e1-9cf5af8f:1
1786565027.880903 s5e1-b8b7f286:1 s6e1-9cf5af8f:1 s7e1-a477e2ab:67E
1786565027.947268 s5e1-b8b7f286:1 s6e1-9cf5af8f:1 s7e1-a477e2ab:1
1786565027.970280 s5e1-b8b7f286:1 s6e1-9cf5af8f:1 s7e1-a477e2ab:1
1786565027.993438 s5e1-b8b7f286:1 s6e1-9cf5af8f:1 s7e1-a477e2ab:1
1786565028.016509 s5e1-b8b7f286:1 s6e1-9cf5af8f:1 s7e1-a477e2ab:1
1786565028.039560 s5e1-b8b7f286:1 s6e1-9cf5af8f:1 s7e1-a477e2ab:1
1786565028.062991 s5e1-b8b7f286:1 s6e1-9cf5af8f:1 s7e1-a477e2ab:1
1786565028.086467 s5e1-b8b7f286:1 s6e1-9cf5af8f:1 s7e1-a477e2ab:1
1786565028.111182 s6e1-9cf5af8f:1 s7e1-a477e2ab:1
1786565028.133769 s6e1-9cf5af8f:1 s7e1-a477e2ab:1
1786565028.156381 s6e1-9cf5af8f:1 s7e1-a477e2ab:1
1786565028.179452 s6e1-9cf5af8f:1 s7e1-a477e2ab:1 s8e1-8a5a4506:66E
1786565028.246639 s6e1-9cf5af8f:1 s7e1-a477e2ab:1 s8e1-8a5a4506:1
1786565028.269823 s6e1-9cf5af8f:1 s7e1-a477e2ab:1 s8e1-8a5a4506:1
1786565028.294032 s6e1-9cf5af8f:1 s7e1-a477e2ab:1 s8e1-8a5a4506:1
1786565028.317564 s7e1-a477e2ab:1 s8e1-8a5a4506:1
1786565028.340019 s7e1-a477e2ab:1 s8e1-8a5a4506:1
1786565028.362536 s7e1-a477e2ab:1 s8e1-8a5a4506:1 s1e1-9256ac17:69E
1786565028.428547 s7e1-a477e2ab:1 s8e1-8a5a4506:1 s1e1-9256ac17:1
1786565028.451064 s7e1-a477e2ab:1 s8e1-8a5a4506:1 s1e1-9256ac17:1
1786565028.473845 s7e1-a477e2ab:1 s8e1-8a5a4506:1 s1e1-9256ac17:1
1786565028.496758 s7e1-a477e2ab:1 s8e1-8a5a4506:1 s1e1-9256ac17:1
1786565028.519657 s7e1-a477e2ab:1 s8e1-8a5a4506:1 s1e1-9256ac17:1
1786565028.543950 s7e1-a477e2ab:1 s8e1-8a5a4506:1 s1e1-9256ac17:1
1786565028.566841 s7e1-a477e2ab:1 s8e1-8a5a4506:1 s1e1-9256ac17:1
1786565028.590110 s8e1-8a5a4506:1 s1e1-9256ac17:1
1786565028.613005 s8e1-8a5a4506:1 s1e1-9256ac17:1 s2e1-9f76c9cb:64E
1786565028.680543 s8e1-8a5a4506:1 s1e1-9256ac17:1 s2e1-9f76c9cb:1
1786565028.704040 s8e1-8a5a4506:1 s1e1-9256ac17:1 s2e1-9f76c9cb:1
1786565028.727224 s8e1-8a5a4506:1 s1e1-9256ac17:1 s2e1-9f76c9cb:1
1786565028.749906 s8e1-8a5a4506:1 s1e1-9256ac17:1 s2e1-9f76c9cb:1
1786565028.772568 s8e1-8a5a4506:1 s1e1-9256ac17:1 s2e1-9f76c9cb:1
1786565028.795163 s8e1-8a5a4506:1 s1e1-9256ac17:1 s2e1-9f76c9cb:1
1786565028.819131 s8e1-8a5a4506:1 s1e1-9256ac17:1 s2e1-9f76c9cb:1
1786565028.842149 s8e1-8a5a4506:1 s1e1-9256ac17:1 s2e1-9f76c9cb:1
1786565028.865185 s8e1-8a5a4506:1 s1e1-9256ac17:1 s2e1-9f76c9cb:1
1786565028.888921 s1e1-9256ac17:1 s2e1-9f76c9cb:1 s3e1-900d615e:68E
1786565028.955748 s1e1-9256ac17:1 s2e1-9f76c9cb:1 s3e1-900d615e:1
1786565028.978810 s1e1-9256ac17:1 s2e1-9f76c9cb:1 s3e1-900d615e:1
1786565029.001954 s1e1-9256ac17:1 s2e1-9f76c9cb:1 s3e1-900d615e:1
1786565029.024892 s1e1-9256ac17:1 s2e1-9f76c9cb:1 s3e1-900d615e:1
1786565029.047893 s1e1-9256ac17:1 s2e1-9f76c9cb:1 s3e1-900d615e:1
1786565029.072637 s2e1-9f76c9cb:1 s3e1-900d615e:1
1786565029.095191 s2e1-9f76c9cb:1 s3e1-900d615e:1
1786565029.117782 s2e1-9f76c9cb:1 s3e1-900d615e:1
1786565029.140541 s2e1-9f76c9cb:1 s3e1-900d615e:1 s4e1-8991268b:55E
1786565029.197721 s2e1-9f76c9cb:1 s3e1-900d615e:1 s4e1-8991268b:1
1786565029.220872 s2e1-9f76c9cb:1 s3e1-900d615e:1 s4e1-8991268b:1
1786565029.244051 s2e1-9f76c9cb:1 s3e1-900d615e:1 s4e1-8991268b:1
1786565029.267155 s2e1-9f76c9cb:1 s3e1-900d615e:1 s4e1-8991268b:1
1786565029.290375 s2e1-9f76c9cb:1 s3e1-900d615e:1 s4e1-8991268b:1
1786565029.314787 s3e1-900d615e:1 s4e1-8991268b:1
1786565029.337175 s3e1-900d615e:1 s4e1-8991268b:1
1786565029.359400 s3e1-900d615e:1 s4e1-8991268b:1
1786565029.382028 s3e1-900d615e:1 s4e1-8991268b:1 s5e1-b8b7f286:65E
1786565029.449543 s3e1-900d615e:1 s4e1-8991268b:1 s5e1-b8b7f286:1
1786565029.472329 s3e1-900d615e:1 s4e1-8991268b:1 s5e1-b8b7f286:1
1786565029.494946 s3e1-900d615e:1 s4e1-8991268b:1 s5e1-b8b7f286:1
1786565029.517699 s3e1-900d615e:1 s4e1-8991268b:1 s5e1-b8b7f286:1
1786565029.540525 s3e1-900d615e:1 s4e1-8991268b:1 s5e1-b8b7f286:1
1786565029.564521 s3e1-900d615e:1 s4e1-8991268b:1 s5e1-b8b7f286:1
1786565029.587903 s4e1-8991268b:1 s5e1-b8b7f286:1
1786565029.610075 s4e1-8991268b:1 s5e1-b8b7f286:1
1786565029.632555 s4e1-8991268b:1 s5e1-b8b7f286:1 s6e1-9cf5af8f:55E
1786565029.688351 s4e1-8991268b:1 s5e1-b8b7f286:1 s6e1-9cf5af8f:1
1786565029.711127 s4e1-8991268b:1 s5e1-b8b7f286:1 s6e1-9cf5af8f:1
1786565029.734217 s4e1-8991268b:1 s5e1-b8b7f286:1 s6e1-9cf5af8f:1
1786565029.757237 s4e1-8991268b:1 s5e1-b8b7f286:1 s6e1-9cf5af8f:1
1786565029.780180 s4e1-8991268b:1 s5e1-b8b7f286:1 s6e1-9cf5af8f:1
1786565029.803134 s4e1-8991268b:1 s5e1-b8b7f286:1 s6e1-9cf5af8f:1
1786565029.826541 s5e1-b8b7f286:1 s6e1-9cf5af8f:1
1786565029.849096 s5e1-b8b7f286:1 s6e1-9cf5af8f:1
1786565029.873100 s5e1-b8b7f286:1 s6e1-9cf5af8f:1
1786565029.895890 s5e1-b8b7f286:1 s6e1-9cf5af8f:1
1786565029.918697 s5e1-b8b7f286:1 s6e1-9cf5af8f:1
1786565029.941681 s5e1-b8b7f286:1 s6e1-9cf5af8f:1 s7e1-a477e2ab:64E
1786565030.009795 s5e1-b8b7f286:1 s6e1-9cf5af8f:1 s7e1-a477e2ab:1
1786565030.032652 s5e1-b8b7f286:1 s6e1-9cf5af8f:1 s7e1-a477e2ab:1
1786565030.055460 s5e1-b8b7f286:1 s6e1-9cf5af8f:1 s7e1-a477e2ab:1
1786565030.079899 s6e1-9cf5af8f:1 s7e1-a477e2ab:1
1786565030.102640 s6e1-9cf5af8f:1 s7e1-a477e2ab:1
1786565030.125125 s6e1-9cf5af8f:1 s7e1-a477e2ab:1
1786565030.147762 s6e1-9cf5af8f:1 s7e1-a477e2ab:1 s8e1-8a5a4506:63E
1786565030.215699 s6e1-9cf5af8f:1 s7e1-a477e2ab:1 s8e1-8a5a4506:1
1786565030.238822 s6e1-9cf5af8f:1 s7e1-a477e2ab:1 s8e1-8a5a4506:1
1786565030.261501 s6e1-9cf5af8f:1 s7e1-a477e2ab:1 s8e1-8a5a4506:1
1786565030.284265 s6e1-9cf5af8f:1 s7e1-a477e2ab:1 s8e1-8a5a4506:1
1786565030.307285 s6e1-9cf5af8f:1 s7e1-a477e2ab:1 s8e1-8a5a4506:1
1786565030.331669 s7e1-a477e2ab:1 s8e1-8a5a4506:1
1786565030.354099 s7e1-a477e2ab:1 s8e1-8a5a4506:1
1786565030.376412 s7e1-a477e2ab:1 s8e1-8a5a4506:1
1786565030.399258 s7e1-a477e2ab:1 s8e1-8a5a4506:1 s1e1-9256ac17:66E
1786565030.465697 s7e1-a477e2ab:1 s8e1-8a5a4506:1 s1e1-9256ac17:1
1786565030.488295 s7e1-a477e2ab:1 s8e1-8a5a4506:1 s1e1-9256ac17:1
1786565030.511145 s7e1-a477e2ab:1 s8e1-8a5a4506:1 s1e1-9256ac17:1
1786565030.533913 s7e1-a477e2ab:1 s8e1-8a5a4506:1 s1e1-9256ac17:1
1786565030.556649 s7e1-a477e2ab:1 s8e1-8a5a4506:1 s1e1-9256ac17:1
1786565030.580571 s7e1-a477e2ab:1 s8e1-8a5a4506:1 s1e1-9256ac17:1
1786565030.603327 s7e1-a477e2ab:1 s8e1-8a5a4506:1 s1e1-9256ac17:1
1786565030.626292 s7e1-a477e2ab:1 s8e1-8a5a4506:1 s1e1-9256ac17:1
1786565030.650088 s8e1-8a5a4506:1 s1e1-9256ac17:1 s2e1-9f76c9cb:61E
1786565030.707017 s8e1-8a5a4506:1 s1e1-9256ac17:1 s2e1-9f76c9cb:1
1786565030.729692 s8e1-8a5a4506:1 s1e1-9256ac17:1 s2e1-9f76c9cb:1
1786565030.752449 s8e1-8a5a4506:1 s1e1-9256ac17:1 s2e1-9f76c9cb:1
1786565030.776325 s8e1-8a5a4506:1 s1e1-9256ac17:1 s2e1-9f76c9cb:1
1786565030.799049 s8e1-8a5a4506:1 s1e1-9256ac17:1 s2e1-9f76c9cb:1
1786565030.822163 s8e1-8a5a4506:1 s1e1-9256ac17:1 s2e1-9f76c9cb:1
1786565030.846416 s1e1-9256ac17:1 s2e1-9f76c9cb:1 s3e1-900d615e:65E
1786565030.913930 s1e1-9256ac17:1 s2e1-9f76c9cb:1 s3e1-900d615e:1
1786565030.936875 s1e1-9256ac17:1 s2e1-9f76c9cb:1 s3e1-900d615e:1
1786565030.960715 s1e1-9256ac17:1 s2e1-9f76c9cb:1 s3e1-900d615e:1
1786565030.984258 s1e1-9256ac17:1 s2e1-9f76c9cb:1 s3e1-900d615e:1
1786565031.007535 s1e1-9256ac17:1 s2e1-9f76c9cb:1 s3e1-900d615e:1
1786565031.030474 s1e1-9256ac17:1 s2e1-9f76c9cb:1 s3e1-900d615e:1
1786565031.053711 s1e1-9256ac17:1 s2e1-9f76c9cb:1 s3e1-900d615e:1
1786565031.078673 s1e1-9256ac17:1 s2e1-9f76c9cb:1 s3e1-900d615e:1
1786565031.102693 s2e1-9f76c9cb:1 s3e1-900d615e:1
1786565031.125514 s2e1-9f76c9cb:1 s3e1-900d615e:1
1786565031.148259 s2e1-9f76c9cb:1 s3e1-900d615e:1 s4e1-8991268b:68E
1786565031.217214 s2e1-9f76c9cb:1 s3e1-900d615e:1 s4e1-8991268b:1
1786565031.240367 s2e1-9f76c9cb:1 s3e1-900d615e:1 s4e1-8991268b:1
1786565031.262887 s2e1-9f76c9cb:1 s3e1-900d615e:1 s4e1-8991268b:1
1786565031.285554 s2e1-9f76c9cb:1 s3e1-900d615e:1 s4e1-8991268b:1
1786565031.308531 s2e1-9f76c9cb:1 s3e1-900d615e:1 s4e1-8991268b:1
1786565031.332571 s2e1-9f76c9cb:1 s3e1-900d615e:1 s4e1-8991268b:1
1786565031.356291 s3e1-900d615e:1 s4e1-8991268b:1
1786565031.378855 s3e1-900d615e:1 s4e1-8991268b:1
1786565031.401365 s3e1-900d615e:1 s4e1-8991268b:1 s5e1-b8b7f286:62E
1786565031.455461 s3e1-900d615e:1 s4e1-8991268b:1 s5e1-b8b7f286:1
1786565031.478123 s3e1-900d615e:1 s4e1-8991268b:1 s5e1-b8b7f286:1
1786565031.501032 s3e1-900d615e:1 s4e1-8991268b:1 s5e1-b8b7f286:1
1786565031.525343 s3e1-900d615e:1 s4e1-8991268b:1 s5e1-b8b7f286:1
1786565031.548891 s4e1-8991268b:1 s5e1-b8b7f286:1
1786565031.571446 s4e1-8991268b:1 s5e1-b8b7f286:1
1786565031.594126 s4e1-8991268b:1 s5e1-b8b7f286:1 s6e1-9cf5af8f:68E
1786565031.661014 s4e1-8991268b:1 s5e1-b8b7f286:1 s6e1-9cf5af8f:1
1786565031.683498 s4e1-8991268b:1 s5e1-b8b7f286:1 s6e1-9cf5af8f:1
1786565031.706208 s4e1-8991268b:1 s5e1-b8b7f286:1 s6e1-9cf5af8f:1
1786565031.729250 s4e1-8991268b:1 s5e1-b8b7f286:1 s6e1-9cf5af8f:1
1786565031.752217 s4e1-8991268b:1 s5e1-b8b7f286:1 s6e1-9cf5af8f:1
1786565031.776537 s4e1-8991268b:1 s5e1-b8b7f286:1 s6e1-9cf5af8f:1
1786565031.799511 s4e1-8991268b:1 s5e1-b8b7f286:1 s6e1-9cf5af8f:1
1786565031.822505 s4e1-8991268b:1 s5e1-b8b7f286:1 s6e1-9cf5af8f:1
1786565031.846149 s5e1-b8b7f286:1 s6e1-9cf5af8f:1 s7e1-a477e2ab:61E
1786565031.903452 s5e1-b8b7f286:1 s6e1-9cf5af8f:1 s7e1-a477e2ab:1
1786565031.926503 s5e1-b8b7f286:1 s6e1-9cf5af8f:1 s7e1-a477e2ab:1
1786565031.949753 s5e1-b8b7f286:1 s6e1-9cf5af8f:1 s7e1-a477e2ab:1
1786565031.972882 s5e1-b8b7f286:1 s6e1-9cf5af8f:1 s7e1-a477e2ab:1
1786565031.995910 s5e1-b8b7f286:1 s6e1-9cf5af8f:1 s7e1-a477e2ab:1
1786565032.018885 s5e1-b8b7f286:1 s6e1-9cf5af8f:1 s7e1-a477e2ab:1
1786565032.041761 s5e1-b8b7f286:1 s6e1-9cf5af8f:1 s7e1-a477e2ab:1
1786565032.064825 s5e1-b8b7f286:1 s6e1-9cf5af8f:1 s7e1-a477e2ab:1
1786565032.089633 s6e1-9cf5af8f:1 s7e1-a477e2ab:1
1786565032.112345 s6e1-9cf5af8f:1 s7e1-a477e2ab:1
1786565032.134876 s6e1-9cf5af8f:1 s7e1-a477e2ab:1
1786565032.157754 s6e1-9cf5af8f:1 s7e1-a477e2ab:1 s8e1-8a5a4506:60E
1786565032.214463 s6e1-9cf5af8f:1 s7e1-a477e2ab:1 s8e1-8a5a4506:1
1786565032.237451 s6e1-9cf5af8f:1 s7e1-a477e2ab:1 s8e1-8a5a4506:1
1786565032.260550 s6e1-9cf5af8f:1 s7e1-a477e2ab:1 s8e1-8a5a4506:1
1786565032.284135 s7e1-a477e2ab:1 s8e1-8a5a4506:1
1786565032.308836 s7e1-a477e2ab:1 s8e1-8a5a4506:1
1786565032.331072 s7e1-a477e2ab:1 s8e1-8a5a4506:1
1786565032.353620 s7e1-a477e2ab:1 s8e1-8a5a4506:1
1786565032.376206 s7e1-a477e2ab:1 s8e1-8a5a4506:1 s1e1-9256ac17:63E
1786565032.442376 s7e1-a477e2ab:1 s8e1-8a5a4506:1 s1e1-9256ac17:1
1786565032.464952 s7e1-a477e2ab:1 s8e1-8a5a4506:1 s1e1-9256ac17:1
1786565032.487413 s7e1-a477e2ab:1 s8e1-8a5a4506:1 s1e1-9256ac17:1
1786565032.510013 s7e1-a477e2ab:1 s8e1-8a5a4506:1 s1e1-9256ac17:1
1786565032.534126 s8e1-8a5a4506:1 s1e1-9256ac17:1
1786565032.556519 s8e1-8a5a4506:1 s1e1-9256ac17:1
1786565032.579051 s8e1-8a5a4506:1 s1e1-9256ac17:1
1786565032.601743 s8e1-8a5a4506:1 s1e1-9256ac17:1 s2e1-9f76c9cb:58E
1786565032.658998 s8e1-8a5a4506:1 s1e1-9256ac17:1 s2e1-9f76c9cb:1
1786565032.682056 s8e1-8a5a4506:1 s1e1-9256ac17:1 s2e1-9f76c9cb:1
1786565032.704820 s8e1-8a5a4506:1 s1e1-9256ac17:1 s2e1-9f76c9cb:1
1786565032.727524 s8e1-8a5a4506:1 s1e1-9256ac17:1 s2e1-9f76c9cb:1
1786565032.750314 s8e1-8a5a4506:1 s1e1-9256ac17:1 s2e1-9f76c9cb:1
1786565032.772965 s8e1-8a5a4506:1 s1e1-9256ac17:1 s2e1-9f76c9cb:1
1786565032.795848 s8e1-8a5a4506:1 s1e1-9256ac17:1 s2e1-9f76c9cb:1
1786565032.818494 s8e1-8a5a4506:1 s1e1-9256ac17:1 s2e1-9f76c9cb:1
1786565032.842697 s1e1-9256ac17:1 s2e1-9f76c9cb:1
1786565032.865142 s1e1-9256ac17:1 s2e1-9f76c9cb:1
1786565032.887318 s1e1-9256ac17:1 s2e1-9f76c9cb:1
1786565032.910311 s1e1-9256ac17:1 s2e1-9f76c9cb:1 s3e1-900d615e:62E
1786565032.965728 s1e1-9256ac17:1 s2e1-9f76c9cb:1 s3e1-900d615e:1
1786565032.989002 s1e1-9256ac17:1 s2e1-9f76c9cb:1 s3e1-900d615e:1
1786565033.012569 s1e1-9256ac17:1 s2e1-9f76c9cb:1 s3e1-900d615e:1
1786565033.035749 s1e1-9256ac17:1 s2e1-9f76c9cb:1 s3e1-900d615e:1
1786565033.059464 s2e1-9f76c9cb:1 s3e1-900d615e:1
1786565033.083185 s2e1-9f76c9cb:1 s3e1-900d615e:1
1786565033.105756 s2e1-9f76c9cb:1 s3e1-900d615e:1
1786565033.128304 s2e1-9f76c9cb:1 s3e1-900d615e:1
1786565033.151226 s2e1-9f76c9cb:1 s3e1-900d615e:1 s4e1-8991268b:65E
1786565033.220042 s2e1-9f76c9cb:1 s3e1-900d615e:1 s4e1-8991268b:1
1786565033.243389 s2e1-9f76c9cb:1 s3e1-900d615e:1 s4e1-8991268b:1
1786565033.266331 s2e1-9f76c9cb:1 s3e1-900d615e:1 s4e1-8991268b:1
1786565033.289887 s3e1-900d615e:1 s4e1-8991268b:1
1786565033.312405 s3e1-900d615e:1 s4e1-8991268b:1
1786565033.336072 s3e1-900d615e:1 s4e1-8991268b:1
1786565033.358529 s3e1-900d615e:1 s4e1-8991268b:1
1786565033.381063 s3e1-900d615e:1 s4e1-8991268b:1
1786565033.403797 s3e1-900d615e:1 s4e1-8991268b:1 s5e1-b8b7f286:59E
1786565033.461111 s3e1-900d615e:1 s4e1-8991268b:1 s5e1-b8b7f286:1
1786565033.483999 s3e1-900d615e:1 s4e1-8991268b:1 s5e1-b8b7f286:1
1786565033.506727 s3e1-900d615e:1 s4e1-8991268b:1 s5e1-b8b7f286:1
1786565033.529556 s3e1-900d615e:1 s4e1-8991268b:1 s5e1-b8b7f286:1
1786565033.552513 s3e1-900d615e:1 s4e1-8991268b:1 s5e1-b8b7f286:1
1786565033.576597 s3e1-900d615e:1 s4e1-8991268b:1 s5e1-b8b7f286:1
1786565033.600056 s4e1-8991268b:1 s5e1-b8b7f286:1
1786565033.622306 s4e1-8991268b:1 s5e1-b8b7f286:1
1786565033.644845 s4e1-8991268b:1 s5e1-b8b7f286:1 s6e1-9cf5af8f:65E
1786565033.711304 s4e1-8991268b:1 s5e1-b8b7f286:1 s6e1-9cf5af8f:1
1786565033.733975 s4e1-8991268b:1 s5e1-b8b7f286:1 s6e1-9cf5af8f:1
1786565033.756734 s4e1-8991268b:1 s5e1-b8b7f286:1 s6e1-9cf5af8f:1
1786565033.779724 s4e1-8991268b:1 s5e1-b8b7f286:1 s6e1-9cf5af8f:1
1786565033.802634 s4e1-8991268b:1 s5e1-b8b7f286:1 s6e1-9cf5af8f:1
1786565033.826654 s4e1-8991268b:1 s5e1-b8b7f286:1 s6e1-9cf5af8f:1
1786565033.849949 s5e1-b8b7f286:1 s6e1-9cf5af8f:1
1786565033.872217 s5e1-b8b7f286:1 s6e1-9cf5af8f:1
1786565033.894942 s5e1-b8b7f286:1 s6e1-9cf5af8f:1 s7e1-a477e2ab:58E
1786565033.952746 s5e1-b8b7f286:1 s6e1-9cf5af8f:1 s7e1-a477e2ab:1
1786565033.975949 s5e1-b8b7f286:1 s6e1-9cf5af8f:1 s7e1-a477e2ab:1
1786565033.999369 s5e1-b8b7f286:1 s6e1-9cf5af8f:1 s7e1-a477e2ab:1
1786565034.022963 s5e1-b8b7f286:1 s6e1-9cf5af8f:1 s7e1-a477e2ab:1
1786565034.046051 s5e1-b8b7f286:1 s6e1-9cf5af8f:1 s7e1-a477e2ab:1
1786565034.069207 s5e1-b8b7f286:1 s6e1-9cf5af8f:1 s7e1-a477e2ab:1
1786565034.092843 s6e1-9cf5af8f:1 s7e1-a477e2ab:1
1786565034.115217 s6e1-9cf5af8f:1 s7e1-a477e2ab:1
1786565034.139138 s6e1-9cf5af8f:1 s7e1-a477e2ab:1
1786565034.161779 s6e1-9cf5af8f:1 s7e1-a477e2ab:1
1786565034.184369 s6e1-9cf5af8f:1 s7e1-a477e2ab:1
1786565034.207315 s6e1-9cf5af8f:1 s7e1-a477e2ab:1 s8e1-8a5a4506:57E
1786565034.265288 s6e1-9cf5af8f:1 s7e1-a477e2ab:1 s8e1-8a5a4506:1
1786565034.288449 s6e1-9cf5af8f:1 s7e1-a477e2ab:1 s8e1-8a5a4506:1
1786565034.312969 s6e1-9cf5af8f:1 s7e1-a477e2ab:1 s8e1-8a5a4506:1
1786565034.336719 s7e1-a477e2ab:1 s8e1-8a5a4506:1
1786565034.359397 s7e1-a477e2ab:1 s8e1-8a5a4506:1
1786565034.382041 s7e1-a477e2ab:1 s8e1-8a5a4506:1 s1e1-9256ac17:60E
1786565034.438329 s7e1-a477e2ab:1 s8e1-8a5a4506:1 s1e1-9256ac17:1
1786565034.461132 s7e1-a477e2ab:1 s8e1-8a5a4506:1 s1e1-9256ac17:1
1786565034.483675 s7e1-a477e2ab:1 s8e1-8a5a4506:1 s1e1-9256ac17:1
1786565034.506359 s7e1-a477e2ab:1 s8e1-8a5a4506:1 s1e1-9256ac17:1
1786565034.529225 s7e1-a477e2ab:1 s8e1-8a5a4506:1 s1e1-9256ac17:1
1786565034.552026 s7e1-a477e2ab:1 s8e1-8a5a4506:1 s1e1-9256ac17:1
1786565034.575479 s8e1-8a5a4506:1 s1e1-9256ac17:1
1786565034.597759 s8e1-8a5a4506:1 s1e1-9256ac17:1
1786565034.620929 s8e1-8a5a4506:1 s1e1-9256ac17:1
1786565034.643170 s8e1-8a5a4506:1 s1e1-9256ac17:1
1786565034.665605 s8e1-8a5a4506:1 s1e1-9256ac17:1
1786565034.688444 s8e1-8a5a4506:1 s1e1-9256ac17:1 s2e1-9f76c9cb:55E
1786565034.745633 s8e1-8a5a4506:1 s1e1-9256ac17:1 s2e1-9f76c9cb:1
1786565034.768605 s8e1-8a5a4506:1 s1e1-9256ac17:1 s2e1-9f76c9cb:1
1786565034.791851 s8e1-8a5a4506:1 s1e1-9256ac17:1 s2e1-9f76c9cb:1
1786565034.814891 s8e1-8a5a4506:1 s1e1-9256ac17:1 s2e1-9f76c9cb:1
1786565034.837868 s8e1-8a5a4506:1 s1e1-9256ac17:1 s2e1-9f76c9cb:1
1786565034.861905 s8e1-8a5a4506:1 s1e1-9256ac17:1 s2e1-9f76c9cb:1
1786565034.885462 s1e1-9256ac17:1 s2e1-9f76c9cb:1
1786565034.908305 s1e1-9256ac17:1 s2e1-9f76c9cb:1
1786565034.931484 s1e1-9256ac17:1 s2e1-9f76c9cb:1 s3e1-900d615e:59E
1786565034.989031 s1e1-9256ac17:1 s2e1-9f76c9cb:1 s3e1-900d615e:1
1786565035.012328 s1e1-9256ac17:1 s2e1-9f76c9cb:1 s3e1-900d615e:1
1786565035.035551 s1e1-9256ac17:1 s2e1-9f76c9cb:1 s3e1-900d615e:1
1786565035.059324 s2e1-9f76c9cb:1 s3e1-900d615e:1
1786565035.081905 s2e1-9f76c9cb:1 s3e1-900d615e:1
1786565035.105383 s2e1-9f76c9cb:1 s3e1-900d615e:1
1786565035.127806 s2e1-9f76c9cb:1 s3e1-900d615e:1
1786565035.150326 s2e1-9f76c9cb:1 s3e1-900d615e:1
1786565035.173206 s2e1-9f76c9cb:1 s3e1-900d615e:1 s4e1-8991268b:62E
1786565035.230164 s2e1-9f76c9cb:1 s3e1-900d615e:1 s4e1-8991268b:1
1786565035.253280 s2e1-9f76c9cb:1 s3e1-900d615e:1 s4e1-8991268b:1
1786565035.276385 s2e1-9f76c9cb:1 s3e1-900d615e:1 s4e1-8991268b:1
1786565035.299073 s2e1-9f76c9cb:1 s3e1-900d615e:1 s4e1-8991268b:1
1786565035.321968 s2e1-9f76c9cb:1 s3e1-900d615e:1 s4e1-8991268b:1
1786565035.345257 s2e1-9f76c9cb:1 s3e1-900d615e:1 s4e1-8991268b:1
1786565035.369524 s3e1-900d615e:1 s4e1-8991268b:1
1786565035.394451 s3e1-900d615e:1 s4e1-8991268b:1
1786565035.416920 s3e1-900d615e:1 s4e1-8991268b:1
1786565035.439211 s3e1-900d615e:1 s4e1-8991268b:1
1786565035.461965 s3e1-900d615e:1 s4e1-8991268b:1 s5e1-b8b7f286:56E
1786565035.519265 s3e1-900d615e:1 s4e1-8991268b:1 s5e1-b8b7f286:1
1786565035.543135 s3e1-900d615e:1 s4e1-8991268b:1 s5e1-b8b7f286:1
1786565035.566174 s3e1-900d615e:1 s4e1-8991268b:1 s5e1-b8b7f286:1
1786565035.589313 s3e1-900d615e:1 s4e1-8991268b:1 s5e1-b8b7f286:1
1786565035.613328 s4e1-8991268b:1 s5e1-b8b7f286:1 s6e1-9cf5af8f:62E
1786565035.669243 s4e1-8991268b:1 s5e1-b8b7f286:1 s6e1-9cf5af8f:1
1786565035.692640 s4e1-8991268b:1 s5e1-b8b7f286:1 s6e1-9cf5af8f:1
1786565035.718201 s4e1-8991268b:1 s5e1-b8b7f286:1 s6e1-9cf5af8f:1
1786565035.741282 s4e1-8991268b:1 s5e1-b8b7f286:1 s6e1-9cf5af8f:1
1786565035.765422 s4e1-8991268b:1 s5e1-b8b7f286:1 s6e1-9cf5af8f:1
1786565035.788495 s4e1-8991268b:1 s5e1-b8b7f286:1 s6e1-9cf5af8f:1
1786565035.811616 s4e1-8991268b:1 s5e1-b8b7f286:1 s6e1-9cf5af8f:1
1786565035.834908 s4e1-8991268b:1 s5e1-b8b7f286:1 s6e1-9cf5af8f:1 s7e1-a477e2ab:55E
1786565035.892793 s5e1-b8b7f286:1 s6e1-9cf5af8f:1 s7e1-a477e2ab:1
1786565035.916127 s5e1-b8b7f286:1 s6e1-9cf5af8f:1 s7e1-a477e2ab:1
1786565035.939449 s5e1-b8b7f286:1 s6e1-9cf5af8f:1 s7e1-a477e2ab:1
1786565035.962840 s5e1-b8b7f286:1 s6e1-9cf5af8f:1 s7e1-a477e2ab:1
1786565035.986178 s5e1-b8b7f286:1 s6e1-9cf5af8f:1 s7e1-a477e2ab:1
1786565036.010922 s5e1-b8b7f286:1 s6e1-9cf5af8f:1 s7e1-a477e2ab:1
1786565036.034361 s5e1-b8b7f286:1 s6e1-9cf5af8f:1 s7e1-a477e2ab:1
1786565036.058073 s5e1-b8b7f286:1 s6e1-9cf5af8f:1 s7e1-a477e2ab:1
1786565036.082298 s5e1-b8b7f286:1 s6e1-9cf5af8f:1 s7e1-a477e2ab:1 s8e1-8a5a4506:54E
1786565036.140360 s5e1-b8b7f286:1 s6e1-9cf5af8f:1 s7e1-a477e2ab:1 s8e1-8a5a4506:1
1786565036.163796 s5e1-b8b7f286:1 s6e1-9cf5af8f:1 s7e1-a477e2ab:1 s8e1-8a5a4506:1
1786565036.187481 s6e1-9cf5af8f:1 s7e1-a477e2ab:1 s8e1-8a5a4506:1
1786565036.210869 s6e1-9cf5af8f:1 s7e1-a477e2ab:1 s8e1-8a5a4506:1
1786565036.235478 s6e1-9cf5af8f:1 s7e1-a477e2ab:1 s8e1-8a5a4506:1
1786565036.258833 s6e1-9cf5af8f:1 s7e1-a477e2ab:1 s8e1-8a5a4506:1
1786565036.282341 s6e1-9cf5af8f:1 s7e1-a477e2ab:1 s8e1-8a5a4506:1
1786565036.306503 s7e1-a477e2ab:1 s8e1-8a5a4506:1 s1e1-9256ac17:57E
1786565036.364455 s7e1-a477e2ab:1 s8e1-8a5a4506:1 s1e1-9256ac17:1
1786565036.387428 s7e1-a477e2ab:1 s8e1-8a5a4506:1 s1e1-9256ac17:1
1786565036.410414 s7e1-a477e2ab:1 s8e1-8a5a4506:1 s1e1-9256ac17:1
1786565036.432995 s7e1-a477e2ab:1 s8e1-8a5a4506:1 s1e1-9256ac17:1
1786565036.455978 s7e1-a477e2ab:1 s8e1-8a5a4506:1 s1e1-9256ac17:1
1786565036.479363 s7e1-a477e2ab:1 s8e1-8a5a4506:1 s1e1-9256ac17:1
1786565036.502627 s7e1-a477e2ab:1 s8e1-8a5a4506:1 s1e1-9256ac17:1
1786565036.526067 s8e1-8a5a4506:1 s1e1-9256ac17:1
1786565036.548300 s8e1-8a5a4506:1 s1e1-9256ac17:1
1786565036.571543 s8e1-8a5a4506:1 s1e1-9256ac17:1
1786565036.593795 s8e1-8a5a4506:1 s1e1-9256ac17:1
1786565036.616375 s8e1-8a5a4506:1 s1e1-9256ac17:1
1786565036.639287 s8e1-8a5a4506:1 s1e1-9256ac17:1 s2e1-9f76c9cb:68E
1786565036.708323 s8e1-8a5a4506:1 s1e1-9256ac17:1 s2e1-9f76c9cb:1
1786565036.731204 s8e1-8a5a4506:1 s1e1-9256ac17:1 s2e1-9f76c9cb:1
1786565036.753877 s8e1-8a5a4506:1 s1e1-9256ac17:1 s2e1-9f76c9cb:1
1786565036.776945 s1e1-9256ac17:1 s2e1-9f76c9cb:1
1786565036.801163 s1e1-9256ac17:1 s2e1-9f76c9cb:1
1786565036.823589 s1e1-9256ac17:1 s2e1-9f76c9cb:1
1786565036.846091 s1e1-9256ac17:1 s2e1-9f76c9cb:1
1786565036.868757 s1e1-9256ac17:1 s2e1-9f76c9cb:1 s3e1-900d615e:56E
1786565036.926572 s1e1-9256ac17:1 s2e1-9f76c9cb:1 s3e1-900d615e:1
1786565036.949874 s1e1-9256ac17:1 s2e1-9f76c9cb:1 s3e1-900d615e:1
1786565036.973426 s1e1-9256ac17:1 s2e1-9f76c9cb:1 s3e1-900d615e:1
1786565036.998700 s2e1-9f76c9cb:1 s3e1-900d615e:1
1786565037.021747 s2e1-9f76c9cb:1 s3e1-900d615e:1
1786565037.044402 s2e1-9f76c9cb:1 s3e1-900d615e:1
1786565037.067580 s2e1-9f76c9cb:1 s3e1-900d615e:1 s4e1-8991268b:59E
1786565037.124619 s2e1-9f76c9cb:1 s3e1-900d615e:1 s4e1-8991268b:1
1786565037.147968 s2e1-9f76c9cb:1 s3e1-900d615e:1 s4e1-8991268b:1
1786565037.171010 s2e1-9f76c9cb:1 s3e1-900d615e:1 s4e1-8991268b:1
1786565037.194270 s2e1-9f76c9cb:1 s3e1-900d615e:1 s4e1-8991268b:1
1786565037.217782 s2e1-9f76c9cb:1 s3e1-900d615e:1 s4e1-8991268b:1
1786565037.241414 s2e1-9f76c9cb:1 s3e1-900d615e:1 s4e1-8991268b:1
1786565037.264601 s2e1-9f76c9cb:1 s3e1-900d615e:1 s4e1-8991268b:1
1786565037.287915 s2e1-9f76c9cb:1 s3e1-900d615e:1 s4e1-8991268b:1
1786565037.312482 s2e1-9f76c9cb:1 s3e1-900d615e:1 s4e1-8991268b:1
1786565037.336122 s3e1-900d615e:1 s4e1-8991268b:1
1786565037.358978 s3e1-900d615e:1 s4e1-8991268b:1
1786565037.382105 s3e1-900d615e:1 s4e1-8991268b:1 s5e1-b8b7f286:69E
1786565037.448671 s3e1-900d615e:1 s4e1-8991268b:1 s5e1-b8b7f286:1
1786565037.471833 s3e1-900d615e:1 s4e1-8991268b:1 s5e1-b8b7f286:1
1786565037.494953 s3e1-900d615e:1 s4e1-8991268b:1 s5e1-b8b7f286:1
1786565037.517816 s3e1-900d615e:1 s4e1-8991268b:1 s5e1-b8b7f286:1
1786565037.540743 s3e1-900d615e:1 s4e1-8991268b:1 s5e1-b8b7f286:1
1786565037.565084 s4e1-8991268b:1 s5e1-b8b7f286:1
1786565037.587450 s4e1-8991268b:1 s5e1-b8b7f286:1
1786565037.609617 s4e1-8991268b:1 s5e1-b8b7f286:1
1786565037.632291 s4e1-8991268b:1 s5e1-b8b7f286:1 s6e1-9cf5af8f:59E
1786565037.689399 s4e1-8991268b:1 s5e1-b8b7f286:1 s6e1-9cf5af8f:1
1786565037.712601 s4e1-8991268b:1 s5e1-b8b7f286:1 s6e1-9cf5af8f:1
1786565037.735826 s4e1-8991268b:1 s5e1-b8b7f286:1 s6e1-9cf5af8f:1
1786565037.759128 s5e1-b8b7f286:1 s6e1-9cf5af8f:1
1786565037.783665 s5e1-b8b7f286:1 s6e1-9cf5af8f:1
1786565037.806187 s5e1-b8b7f286:1 s6e1-9cf5af8f:1
1786565037.828809 s5e1-b8b7f286:1 s6e1-9cf5af8f:1
1786565037.851743 s5e1-b8b7f286:1 s6e1-9cf5af8f:1 s7e1-a477e2ab:68E
1786565037.919213 s5e1-b8b7f286:1 s6e1-9cf5af8f:1 s7e1-a477e2ab:1
1786565037.942604 s5e1-b8b7f286:1 s6e1-9cf5af8f:1 s7e1-a477e2ab:1
1786565037.965837 s5e1-b8b7f286:1 s6e1-9cf5af8f:1 s7e1-a477e2ab:1
1786565037.989040 s5e1-b8b7f286:1 s6e1-9cf5af8f:1 s7e1-a477e2ab:1
1786565038.012200 s5e1-b8b7f286:1 s6e1-9cf5af8f:1 s7e1-a477e2ab:1
1786565038.036555 s5e1-b8b7f286:1 s6e1-9cf5af8f:1 s7e1-a477e2ab:1
1786565038.059844 s5e1-b8b7f286:1 s6e1-9cf5af8f:1 s7e1-a477e2ab:1
1786565038.083899 s6e1-9cf5af8f:1 s7e1-a477e2ab:1
1786565038.107182 s6e1-9cf5af8f:1 s7e1-a477e2ab:1 s8e1-8a5a4506:67E
1786565038.176150 s6e1-9cf5af8f:1 s7e1-a477e2ab:1 s8e1-8a5a4506:1
1786565038.198963 s6e1-9cf5af8f:1 s7e1-a477e2ab:1 s8e1-8a5a4506:1
1786565038.221632 s6e1-9cf5af8f:1 s7e1-a477e2ab:1 s8e1-8a5a4506:1
1786565038.244703 s6e1-9cf5af8f:1 s7e1-a477e2ab:1 s8e1-8a5a4506:1
1786565038.267970 s6e1-9cf5af8f:1 s7e1-a477e2ab:1 s8e1-8a5a4506:1
1786565038.290797 s6e1-9cf5af8f:1 s7e1-a477e2ab:1 s8e1-8a5a4506:1
1786565038.313729 s6e1-9cf5af8f:1 s7e1-a477e2ab:1 s8e1-8a5a4506:1
1786565038.338224 s7e1-a477e2ab:1 s8e1-8a5a4506:1
1786565038.360815 s7e1-a477e2ab:1 s8e1-8a5a4506:1
1786565038.383424 s7e1-a477e2ab:1 s8e1-8a5a4506:1
1786565038.406494 s7e1-a477e2ab:1 s8e1-8a5a4506:1 s1e1-9256ac17:54E
1786565038.461674 s7e1-a477e2ab:1 s8e1-8a5a4506:1 s1e1-9256ac17:1
1786565038.484663 s7e1-a477e2ab:1 s8e1-8a5a4506:1 s1e1-9256ac17:1
1786565038.508138 s7e1-a477e2ab:1 s8e1-8a5a4506:1 s1e1-9256ac17:1
1786565038.533113 s7e1-a477e2ab:1 s8e1-8a5a4506:1 s1e1-9256ac17:1
1786565038.556545 s8e1-8a5a4506:1 s1e1-9256ac17:1
1786565038.579144 s8e1-8a5a4506:1 s1e1-9256ac17:1
1786565038.602200 s8e1-8a5a4506:1 s1e1-9256ac17:1 s2e1-9f76c9cb:65E
1786565038.670138 s8e1-8a5a4506:1 s1e1-9256ac17:1 s2e1-9f76c9cb:1
1786565038.693013 s8e1-8a5a4506:1 s1e1-9256ac17:1 s2e1-9f76c9cb:1
1786565038.716157 s8e1-8a5a4506:1 s1e1-9256ac17:1 s2e1-9f76c9cb:1
1786565038.739462 s8e1-8a5a4506:1 s1e1-9256ac17:1 s2e1-9f76c9cb:1
1786565038.763453 s8e1-8a5a4506:1 s1e1-9256ac17:1 s2e1-9f76c9cb:1
1786565038.786650 s8e1-8a5a4506:1 s1e1-9256ac17:1 s2e1-9f76c9cb:1
1786565038.810290 s1e1-9256ac17:1 s2e1-9f76c9cb:1
1786565038.833305 s1e1-9256ac17:1 s2e1-9f76c9cb:1 s3e1-900d615e:69E
1786565038.901782 s1e1-9256ac17:1 s2e1-9f76c9cb:1 s3e1-900d615e:1
1786565038.924932 s1e1-9256ac17:1 s2e1-9f76c9cb:1 s3e1-900d615e:1
1786565038.948115 s1e1-9256ac17:1 s2e1-9f76c9cb:1 s3e1-900d615e:1
1786565038.971312 s1e1-9256ac17:1 s2e1-9f76c9cb:1 s3e1-900d615e:1
1786565038.994526 s1e1-9256ac17:1 s2e1-9f76c9cb:1 s3e1-900d615e:1
1786565039.017896 s1e1-9256ac17:1 s2e1-9f76c9cb:1 s3e1-900d615e:1
1786565039.041473 s1e1-9256ac17:1 s2e1-9f76c9cb:1 s3e1-900d615e:1
1786565039.065091 s1e1-9256ac17:1 s2e1-9f76c9cb:1 s3e1-900d615e:1
1786565039.088361 s1e1-9256ac17:1 s2e1-9f76c9cb:1 s3e1-900d615e:1
1786565039.112154 s2e1-9f76c9cb:1 s3e1-900d615e:1
1786565039.136149 s2e1-9f76c9cb:1 s3e1-900d615e:1
1786565039.158987 s2e1-9f76c9cb:1 s3e1-900d615e:1
1786565039.181578 s2e1-9f76c9cb:1 s3e1-900d615e:1
1786565039.204534 s2e1-9f76c9cb:1 s3e1-900d615e:1 s4e1-8991268b:56E
1786565039.264113 s2e1-9f76c9cb:1 s3e1-900d615e:1 s4e1-8991268b:1
1786565039.287468 s2e1-9f76c9cb:1 s3e1-900d615e:1 s4e1-8991268b:1
1786565039.311040 s3e1-900d615e:1 s4e1-8991268b:1
1786565039.333615 s3e1-900d615e:1 s4e1-8991268b:1 s5e1-b8b7f286:66E
1786565039.402663 s3e1-900d615e:1 s4e1-8991268b:1 s5e1-b8b7f286:1
1786565039.425522 s3e1-900d615e:1 s4e1-8991268b:1 s5e1-b8b7f286:1
1786565039.448185 s3e1-900d615e:1 s4e1-8991268b:1 s5e1-b8b7f286:1
1786565039.470867 s3e1-900d615e:1 s4e1-8991268b:1 s5e1-b8b7f286:1
1786565039.493715 s3e1-900d615e:1 s4e1-8991268b:1 s5e1-b8b7f286:1
1786565039.516401 s3e1-900d615e:1 s4e1-8991268b:1 s5e1-b8b7f286:1
1786565039.540787 s4e1-8991268b:1 s5e1-b8b7f286:1
1786565039.563121 s4e1-8991268b:1 s5e1-b8b7f286:1
1786565039.585335 s4e1-8991268b:1 s5e1-b8b7f286:1
1786565039.608078 s4e1-8991268b:1 s5e1-b8b7f286:1 s6e1-9cf5af8f:56E
1786565039.666595 s4e1-8991268b:1 s5e1-b8b7f286:1 s6e1-9cf5af8f:1
1786565039.689518 s4e1-8991268b:1 s5e1-b8b7f286:1 s6e1-9cf5af8f:1
1786565039.712520 s4e1-8991268b:1 s5e1-b8b7f286:1 s6e1-9cf5af8f:1
1786565039.735580 s4e1-8991268b:1 s5e1-b8b7f286:1 s6e1-9cf5af8f:1
1786565039.759756 s4e1-8991268b:1 s5e1-b8b7f286:1 s6e1-9cf5af8f:1
1786565039.782777 s4e1-8991268b:1 s5e1-b8b7f286:1 s6e1-9cf5af8f:1
1786565039.805800 s4e1-8991268b:1 s5e1-b8b7f286:1 s6e1-9cf5af8f:1
1786565039.829526 s4e1-8991268b:1 s5e1-b8b7f286:1 s6e1-9cf5af8f:1 s7e1-a477e2ab:65E
1786565039.898062 s4e1-8991268b:1 s5e1-b8b7f286:1 s6e1-9cf5af8f:1 s7e1-a477e2ab:1
1786565039.920958 s4e1-8991268b:1 s5e1-b8b7f286:1 s6e1-9cf5af8f:1 s7e1-a477e2ab:1
1786565039.944354 s5e1-b8b7f286:1 s6e1-9cf5af8f:1 s7e1-a477e2ab:1
1786565039.967435 s5e1-b8b7f286:1 s6e1-9cf5af8f:1 s7e1-a477e2ab:1
1786565039.991688 s5e1-b8b7f286:1 s6e1-9cf5af8f:1 s7e1-a477e2ab:1
1786565040.014887 s5e1-b8b7f286:1 s6e1-9cf5af8f:1 s7e1-a477e2ab:1
1786565040.038642 s6e1-9cf5af8f:1 s7e1-a477e2ab:1
1786565040.061875 s6e1-9cf5af8f:1 s7e1-a477e2ab:1 s8e1-8a5a4506:64E
1786565040.130281 s6e1-9cf5af8f:1 s7e1-a477e2ab:1 s8e1-8a5a4506:1
1786565040.153228 s6e1-9cf5af8f:1 s7e1-a477e2ab:1 s8e1-8a5a4506:1
1786565040.176298 s6e1-9cf5af8f:1 s7e1-a477e2ab:1 s8e1-8a5a4506:1
1786565040.199375 s6e1-9cf5af8f:1 s7e1-a477e2ab:1 s8e1-8a5a4506:1
1786565040.222373 s6e1-9cf5af8f:1 s7e1-a477e2ab:1 s8e1-8a5a4506:1
1786565040.245403 s6e1-9cf5af8f:1 s7e1-a477e2ab:1 s8e1-8a5a4506:1
1786565040.268540 s6e1-9cf5af8f:1 s7e1-a477e2ab:1 s8e1-8a5a4506:1
1786565040.292994 s6e1-9cf5af8f:1 s7e1-a477e2ab:1 s8e1-8a5a4506:1
1786565040.316458 s7e1-a477e2ab:1 s8e1-8a5a4506:1
1786565040.338906 s7e1-a477e2ab:1 s8e1-8a5a4506:1
1786565040.361603 s7e1-a477e2ab:1 s8e1-8a5a4506:1 s1e1-9256ac17:67E
1786565040.429805 s7e1-a477e2ab:1 s8e1-8a5a4506:1 s1e1-9256ac17:1
1786565040.452512 s7e1-a477e2ab:1 s8e1-8a5a4506:1 s1e1-9256ac17:1
1786565040.475242 s7e1-a477e2ab:1 s8e1-8a5a4506:1 s1e1-9256ac17:1
1786565040.498345 s7e1-a477e2ab:1 s8e1-8a5a4506:1 s1e1-9256ac17:1
1786565040.523435 s7e1-a477e2ab:1 s8e1-8a5a4506:1 s1e1-9256ac17:1
1786565040.546816 s8e1-8a5a4506:1 s1e1-9256ac17:1
1786565040.569186 s8e1-8a5a4506:1 s1e1-9256ac17:1
1786565040.591974 s8e1-8a5a4506:1 s1e1-9256ac17:1 s2e1-9f76c9cb:62E
1786565040.648846 s8e1-8a5a4506:1 s1e1-9256ac17:1 s2e1-9f76c9cb:1
1786565040.672027 s8e1-8a5a4506:1 s1e1-9256ac17:1 s2e1-9f76c9cb:1
1786565040.695087 s8e1-8a5a4506:1 s1e1-9256ac17:1 s2e1-9f76c9cb:1
1786565040.717692 s8e1-8a5a4506:1 s1e1-9256ac17:1 s2e1-9f76c9cb:1
1786565040.740514 s8e1-8a5a4506:1 s1e1-9256ac17:1 s2e1-9f76c9cb:1
1786565040.764765 s1e1-9256ac17:1 s2e1-9f76c9cb:1
1786565040.787082 s1e1-9256ac17:1 s2e1-9f76c9cb:1
1786565040.809480 s1e1-9256ac17:1 s2e1-9f76c9cb:1
1786565040.832284 s1e1-9256ac17:1 s2e1-9f76c9cb:1 s3e1-900d615e:66E
1786565040.901383 s1e1-9256ac17:1 s2e1-9f76c9cb:1 s3e1-900d615e:1
1786565040.924260 s1e1-9256ac17:1 s2e1-9f76c9cb:1 s3e1-900d615e:1
1786565040.947250 s1e1-9256ac17:1 s2e1-9f76c9cb:1 s3e1-900d615e:1
1786565040.970486 s1e1-9256ac17:1 s2e1-9f76c9cb:1 s3e1-900d615e:1
1786565040.993855 s1e1-9256ac17:1 s2e1-9f76c9cb:1 s3e1-900d615e:1
1786565041.017225 s1e1-9256ac17:1 s2e1-9f76c9cb:1 s3e1-900d615e:1
1786565041.041870 s1e1-9256ac17:1 s2e1-9f76c9cb:1 s3e1-900d615e:1
1786565041.065890 s2e1-9f76c9cb:1 s3e1-900d615e:1
1786565041.089053 s2e1-9f76c9cb:1 s3e1-900d615e:1
1786565041.112037 s2e1-9f76c9cb:1 s3e1-900d615e:1 s4e1-8991268b:69E
1786565041.181015 s2e1-9f76c9cb:1 s3e1-900d615e:1 s4e1-8991268b:1
1786565041.204178 s2e1-9f76c9cb:1 s3e1-900d615e:1 s4e1-8991268b:1
1786565041.227295 s2e1-9f76c9cb:1 s3e1-900d615e:1 s4e1-8991268b:1
1786565041.250407 s2e1-9f76c9cb:1 s3e1-900d615e:1 s4e1-8991268b:1
1786565041.273678 s2e1-9f76c9cb:1 s3e1-900d615e:1 s4e1-8991268b:1
1786565041.298898 s3e1-900d615e:1 s4e1-8991268b:1
1786565041.321838 s3e1-900d615e:1 s4e1-8991268b:1
1786565041.344417 s3e1-900d615e:1 s4e1-8991268b:1
1786565041.367139 s3e1-900d615e:1 s4e1-8991268b:1 s5e1-b8b7f286:63E
1786565041.435283 s3e1-900d615e:1 s4e1-8991268b:1 s5e1-b8b7f286:1
1786565041.458586 s3e1-900d615e:1 s4e1-8991268b:1 s5e1-b8b7f286:1
1786565041.481939 s3e1-900d615e:1 s4e1-8991268b:1 s5e1-b8b7f286:1
1786565041.504992 s3e1-900d615e:1 s4e1-8991268b:1 s5e1-b8b7f286:1
1786565041.529403 s3e1-900d615e:1 s4e1-8991268b:1 s5e1-b8b7f286:1
1786565041.552835 s4e1-8991268b:1 s5e1-b8b7f286:1
1786565041.575291 s4e1-8991268b:1 s5e1-b8b7f286:1
1786565041.597841 s4e1-8991268b:1 s5e1-b8b7f286:1 s6e1-9cf5af8f:69E
1786565041.665723 s4e1-8991268b:1 s5e1-b8b7f286:1 s6e1-9cf5af8f:1
1786565041.688342 s4e1-8991268b:1 s5e1-b8b7f286:1 s6e1-9cf5af8f:1
1786565041.711104 s4e1-8991268b:1 s5e1-b8b7f286:1 s6e1-9cf5af8f:1
1786565041.734056 s4e1-8991268b:1 s5e1-b8b7f286:1 s6e1-9cf5af8f:1
1786565041.757186 s4e1-8991268b:1 s5e1-b8b7f286:1 s6e1-9cf5af8f:1
1786565041.780205 s4e1-8991268b:1 s5e1-b8b7f286:1 s6e1-9cf5af8f:1
1786565041.804402 s4e1-8991268b:1 s5e1-b8b7f286:1 s6e1-9cf5af8f:1
1786565041.828189 s5e1-b8b7f286:1 s6e1-9cf5af8f:1
1786565041.851108 s5e1-b8b7f286:1 s6e1-9cf5af8f:1
1786565041.874075 s5e1-b8b7f286:1 s6e1-9cf5af8f:1 s7e1-a477e2ab:62E
1786565041.930273 s5e1-b8b7f286:1 s6e1-9cf5af8f:1 s7e1-a477e2ab:1
1786565041.953424 s5e1-b8b7f286:1 s6e1-9cf5af8f:1 s7e1-a477e2ab:1
1786565041.977001 s5e1-b8b7f286:1 s6e1-9cf5af8f:1 s7e1-a477e2ab:1
1786565042.000459 s5e1-b8b7f286:1 s6e1-9cf5af8f:1 s7e1-a477e2ab:1
1786565042.023793 s5e1-b8b7f286:1 s6e1-9cf5af8f:1 s7e1-a477e2ab:1
1786565042.047029 s5e1-b8b7f286:1 s6e1-9cf5af8f:1 s7e1-a477e2ab:1
1786565042.072146 s6e1-9cf5af8f:1 s7e1-a477e2ab:1
1786565042.094743 s6e1-9cf5af8f:1 s7e1-a477e2ab:1
1786565042.117327 s6e1-9cf5af8f:1 s7e1-a477e2ab:1
1786565042.140167 s6e1-9cf5af8f:1 s7e1-a477e2ab:1 s8e1-8a5a4506:61E
1786565042.199083 s6e1-9cf5af8f:1 s7e1-a477e2ab:1 s8e1-8a5a4506:1
1786565042.222316 s6e1-9cf5af8f:1 s7e1-a477e2ab:1 s8e1-8a5a4506:1
1786565042.245560 s6e1-9cf5af8f:1 s7e1-a477e2ab:1 s8e1-8a5a4506:1
1786565042.268713 s6e1-9cf5af8f:1 s7e1-a477e2ab:1 s8e1-8a5a4506:1
1786565042.292336 s7e1-a477e2ab:1 s8e1-8a5a4506:1
1786565042.316135 s7e1-a477e2ab:1 s8e1-8a5a4506:1
1786565042.338545 s7e1-a477e2ab:1 s8e1-8a5a4506:1
1786565042.360906 s7e1-a477e2ab:1 s8e1-8a5a4506:1
1786565042.383639 s7e1-a477e2ab:1 s8e1-8a5a4506:1 s1e1-9256ac17:64E
1786565042.450502 s7e1-a477e2ab:1 s8e1-8a5a4506:1 s1e1-9256ac17:1
1786565042.472942 s7e1-a477e2ab:1 s8e1-8a5a4506:1 s1e1-9256ac17:1
1786565042.495681 s7e1-a477e2ab:1 s8e1-8a5a4506:1 s1e1-9256ac17:1
1786565042.518591 s7e1-a477e2ab:1 s8e1-8a5a4506:1 s1e1-9256ac17:1
1786565042.542742 s7e1-a477e2ab:1 s8e1-8a5a4506:1 s1e1-9256ac17:1
1786565042.566039 s8e1-8a5a4506:1 s1e1-9256ac17:1
1786565042.588342 s8e1-8a5a4506:1 s1e1-9256ac17:1
1786565042.611263 s8e1-8a5a4506:1 s1e1-9256ac17:1 s2e1-9f76c9cb:59E
1786565042.670187 s8e1-8a5a4506:1 s1e1-9256ac17:1 s2e1-9f76c9cb:1
1786565042.693300 s8e1-8a5a4506:1 s1e1-9256ac17:1 s2e1-9f76c9cb:1
1786565042.716407 s8e1-8a5a4506:1 s1e1-9256ac17:1 s2e1-9f76c9cb:1
1786565042.739142 s8e1-8a5a4506:1 s1e1-9256ac17:1 s2e1-9f76c9cb:1
1786565042.762032 s8e1-8a5a4506:1 s1e1-9256ac17:1 s2e1-9f76c9cb:1
1786565042.785002 s8e1-8a5a4506:1 s1e1-9256ac17:1 s2e1-9f76c9cb:1
1786565042.807813 s8e1-8a5a4506:1 s1e1-9256ac17:1 s2e1-9f76c9cb:1
1786565042.831372 s1e1-9256ac17:1 s2e1-9f76c9cb:1
1786565042.853907 s1e1-9256ac17:1 s2e1-9f76c9cb:1
1786565042.877204 s1e1-9256ac17:1 s2e1-9f76c9cb:1
1786565042.899513 s1e1-9256ac17:1 s2e1-9f76c9cb:1
1786565042.921818 s1e1-9256ac17:1 s2e1-9f76c9cb:1
1786565042.944638 s1e1-9256ac17:1 s2e1-9f76c9cb:1 s3e1-900d615e:63E
1786565043.013783 s1e1-9256ac17:1 s2e1-9f76c9cb:1 s3e1-900d615e:1
1786565043.037018 s1e1-9256ac17:1 s2e1-9f76c9cb:1 s3e1-900d615e:1
1786565043.061434 s1e1-9256ac17:1 s2e1-9f76c9cb:1 s3e1-900d615e:1
1786565043.085441 s2e1-9f76c9cb:1 s3e1-900d615e:1
1786565043.108145 s2e1-9f76c9cb:1 s3e1-900d615e:1
1786565043.130943 s2e1-9f76c9cb:1 s3e1-900d615e:1 s4e1-8991268b:66E
1786565043.199611 s2e1-9f76c9cb:1 s3e1-900d615e:1 s4e1-8991268b:1
1786565043.223105 s2e1-9f76c9cb:1 s3e1-900d615e:1 s4e1-8991268b:1
1786565043.246610 s2e1-9f76c9cb:1 s3e1-900d615e:1 s4e1-8991268b:1
1786565043.269537 s2e1-9f76c9cb:1 s3e1-900d615e:1 s4e1-8991268b:1
1786565043.292785 s2e1-9f76c9cb:1 s3e1-900d615e:1 s4e1-8991268b:1
1786565043.317546 s3e1-900d615e:1 s4e1-8991268b:1
1786565043.340107 s3e1-900d615e:1 s4e1-8991268b:1
1786565043.362506 s3e1-900d615e:1 s4e1-8991268b:1
1786565043.385292 s3e1-900d615e:1 s4e1-8991268b:1 s5e1-b8b7f286:60E
1786565043.443769 s3e1-900d615e:1 s4e1-8991268b:1 s5e1-b8b7f286:1
1786565043.466649 s3e1-900d615e:1 s4e1-8991268b:1 s5e1-b8b7f286:1
1786565043.489702 s3e1-900d615e:1 s4e1-8991268b:1 s5e1-b8b7f286:1
1786565043.512633 s3e1-900d615e:1 s4e1-8991268b:1 s5e1-b8b7f286:1
1786565043.538079 s3e1-900d615e:1 s4e1-8991268b:1 s5e1-b8b7f286:1
1786565043.561123 s3e1-900d615e:1 s4e1-8991268b:1 s5e1-b8b7f286:1
1786565043.584524 s3e1-900d615e:1 s4e1-8991268b:1 s5e1-b8b7f286:1
1786565043.607993 s3e1-900d615e:1 s4e1-8991268b:1 s5e1-b8b7f286:1 s6e1-9cf5af8f:66E
1786565043.676326 s3e1-900d615e:1 s4e1-8991268b:1 s5e1-b8b7f286:1 s6e1-9cf5af8f:1
1786565043.699830 s4e1-8991268b:1 s5e1-b8b7f286:1 s6e1-9cf5af8f:1
1786565043.722760 s4e1-8991268b:1 s5e1-b8b7f286:1 s6e1-9cf5af8f:1
1786565043.745677 s4e1-8991268b:1 s5e1-b8b7f286:1 s6e1-9cf5af8f:1
1786565043.768664 s4e1-8991268b:1 s5e1-b8b7f286:1 s6e1-9cf5af8f:1
1786565043.791601 s4e1-8991268b:1 s5e1-b8b7f286:1 s6e1-9cf5af8f:1
1786565043.815811 s4e1-8991268b:1 s5e1-b8b7f286:1 s6e1-9cf5af8f:1
1786565043.839372 s5e1-b8b7f286:1 s6e1-9cf5af8f:1
1786565043.863152 s5e1-b8b7f286:1 s6e1-9cf5af8f:1
1786565043.887033 s5e1-b8b7f286:1 s6e1-9cf5af8f:1 s7e1-a477e2ab:59E
1786565043.950880 s5e1-b8b7f286:1 s6e1-9cf5af8f:1 s7e1-a477e2ab:1
1786565043.974130 s5e1-b8b7f286:1 s6e1-9cf5af8f:1 s7e1-a477e2ab:1
1786565043.997713 s5e1-b8b7f286:1 s6e1-9cf5af8f:1 s7e1-a477e2ab:1
1786565044.020813 s5e1-b8b7f286:1 s6e1-9cf5af8f:1 s7e1-a477e2ab:1
1786565044.044116 s5e1-b8b7f286:1 s6e1-9cf5af8f:1 s7e1-a477e2ab:1
1786565044.068491 s5e1-b8b7f286:1 s6e1-9cf5af8f:1 s7e1-a477e2ab:1
1786565044.092376 s6e1-9cf5af8f:1 s7e1-a477e2ab:1
1786565044.115156 s6e1-9cf5af8f:1 s7e1-a477e2ab:1
1786565044.138625 s6e1-9cf5af8f:1 s7e1-a477e2ab:1 s8e1-8a5a4506:58E
1786565044.196744 s6e1-9cf5af8f:1 s7e1-a477e2ab:1 s8e1-8a5a4506:1
1786565044.219958 s6e1-9cf5af8f:1 s7e1-a477e2ab:1 s8e1-8a5a4506:1
1786565044.243113 s6e1-9cf5af8f:1 s7e1-a477e2ab:1 s8e1-8a5a4506:1
1786565044.266093 s6e1-9cf5af8f:1 s7e1-a477e2ab:1 s8e1-8a5a4506:1
1786565044.290552 s6e1-9cf5af8f:1 s7e1-a477e2ab:1 s8e1-8a5a4506:1
1786565044.314437 s7e1-a477e2ab:1 s8e1-8a5a4506:1
1786565044.337239 s7e1-a477e2ab:1 s8e1-8a5a4506:1
1786565044.359852 s7e1-a477e2ab:1 s8e1-8a5a4506:1 s1e1-9256ac17:61E
1786565044.417186 s7e1-a477e2ab:1 s8e1-8a5a4506:1 s1e1-9256ac17:1
1786565044.440073 s7e1-a477e2ab:1 s8e1-8a5a4506:1 s1e1-9256ac17:1
1786565044.463005 s7e1-a477e2ab:1 s8e1-8a5a4506:1 s1e1-9256ac17:1
1786565044.486171 s7e1-a477e2ab:1 s8e1-8a5a4506:1 s1e1-9256ac17:1
1786565044.509529 s7e1-a477e2ab:1 s8e1-8a5a4506:1 s1e1-9256ac17:1
1786565044.534108 s7e1-a477e2ab:1 s8e1-8a5a4506:1 s1e1-9256ac17:1
1786565044.557436 s7e1-a477e2ab:1 s8e1-8a5a4506:1 s1e1-9256ac17:1
1786565044.581267 s8e1-8a5a4506:1 s1e1-9256ac17:1
1786565044.604064 s8e1-8a5a4506:1 s1e1-9256ac17:1 s2e1-9f76c9cb:56E
1786565044.662637 s8e1-8a5a4506:1 s1e1-9256ac17:1 s2e1-9f76c9cb:1
1786565044.685863 s8e1-8a5a4506:1 s1e1-9256ac17:1 s2e1-9f76c9cb:1
1786565044.708944 s8e1-8a5a4506:1 s1e1-9256ac17:1 s2e1-9f76c9cb:1
1786565044.731929 s8e1-8a5a4506:1 s1e1-9256ac17:1 s2e1-9f76c9cb:1
1786565044.756062 s8e1-8a5a4506:1 s1e1-9256ac17:1 s2e1-9f76c9cb:1
1786565044.779364 s8e1-8a5a4506:1 s1e1-9256ac17:1 s2e1-9f76c9cb:1
1786565044.802505 s8e1-8a5a4506:1 s1e1-9256ac17:1 s2e1-9f76c9cb:1
1786565044.826640 s1e1-9256ac17:1 s2e1-9f76c9cb:1 s3e1-900d615e:60E
1786565044.886466 s1e1-9256ac17:1 s2e1-9f76c9cb:1 s3e1-900d615e:1
1786565044.909972 s1e1-9256ac17:1 s2e1-9f76c9cb:1 s3e1-900d615e:1
1786565044.933732 s1e1-9256ac17:1 s2e1-9f76c9cb:1 s3e1-900d615e:1
1786565044.957173 s1e1-9256ac17:1 s2e1-9f76c9cb:1 s3e1-900d615e:1
1786565044.981164 s1e1-9256ac17:1 s2e1-9f76c9cb:1 s3e1-900d615e:1
1786565045.004642 s1e1-9256ac17:1 s2e1-9f76c9cb:1 s3e1-900d615e:1
1786565045.028152 s1e1-9256ac17:1 s2e1-9f76c9cb:1 s3e1-900d615e:1
1786565045.051960 s2e1-9f76c9cb:1 s3e1-900d615e:1
1786565045.075740 s2e1-9f76c9cb:1 s3e1-900d615e:1
1786565045.098372 s2e1-9f76c9cb:1 s3e1-900d615e:1
1786565045.121175 s2e1-9f76c9cb:1 s3e1-900d615e:1
1786565045.144320 s2e1-9f76c9cb:1 s3e1-900d615e:1 s4e1-8991268b:63E
1786565045.212946 s2e1-9f76c9cb:1 s3e1-900d615e:1 s4e1-8991268b:1
1786565045.236412 s2e1-9f76c9cb:1 s3e1-900d615e:1 s4e1-8991268b:1
1786565045.259617 s2e1-9f76c9cb:1 s3e1-900d615e:1 s4e1-8991268b:1
1786565045.283017 s2e1-9f76c9cb:1 s3e1-900d615e:1 s4e1-8991268b:1
1786565045.306828 s3e1-900d615e:1 s4e1-8991268b:1
1786565045.330736 s3e1-900d615e:1 s4e1-8991268b:1
1786565045.353200 s3e1-900d615e:1 s4e1-8991268b:1
1786565045.375771 s3e1-900d615e:1 s4e1-8991268b:1
1786565045.398703 s3e1-900d615e:1 s4e1-8991268b:1 s5e1-b8b7f286:57E
1786565045.456229 s3e1-900d615e:1 s4e1-8991268b:1 s5e1-b8b7f286:1
1786565045.479204 s3e1-900d615e:1 s4e1-8991268b:1 s5e1-b8b7f286:1
1786565045.502203 s3e1-900d615e:1 s4e1-8991268b:1 s5e1-b8b7f286:1
1786565045.525744 s4e1-8991268b:1 s5e1-b8b7f286:1
1786565045.548311 s4e1-8991268b:1 s5e1-b8b7f286:1
1786565045.571623 s4e1-8991268b:1 s5e1-b8b7f286:1
1786565045.593910 s4e1-8991268b:1 s5e1-b8b7f286:1
1786565045.616367 s4e1-8991268b:1 s5e1-b8b7f286:1
1786565045.639040 s4e1-8991268b:1 s5e1-b8b7f286:1 s6e1-9cf5af8f:63E
1786565045.706611 s4e1-8991268b:1 s5e1-b8b7f286:1 s6e1-9cf5af8f:1
1786565045.730067 s4e1-8991268b:1 s5e1-b8b7f286:1 s6e1-9cf5af8f:1
1786565045.755199 s4e1-8991268b:1 s5e1-b8b7f286:1 s6e1-9cf5af8f:1
1786565045.778525 s4e1-8991268b:1 s5e1-b8b7f286:1 s6e1-9cf5af8f:1
1786565045.802049 s4e1-8991268b:1 s5e1-b8b7f286:1 s6e1-9cf5af8f:1
1786565045.826581 s4e1-8991268b:1 s5e1-b8b7f286:1 s6e1-9cf5af8f:1
1786565045.850348 s5e1-b8b7f286:1 s6e1-9cf5af8f:1
1786565045.873202 s5e1-b8b7f286:1 s6e1-9cf5af8f:1
1786565045.896177 s5e1-b8b7f286:1 s6e1-9cf5af8f:1 s7e1-a477e2ab:56E
1786565045.954520 s5e1-b8b7f286:1 s6e1-9cf5af8f:1 s7e1-a477e2ab:1
1786565045.978033 s5e1-b8b7f286:1 s6e1-9cf5af8f:1 s7e1-a477e2ab:1
1786565046.001652 s5e1-b8b7f286:1 s6e1-9cf5af8f:1 s7e1-a477e2ab:1
1786565046.025051 s5e1-b8b7f286:1 s6e1-9cf5af8f:1 s7e1-a477e2ab:1
1786565046.048416 s5e1-b8b7f286:1 s6e1-9cf5af8f:1 s7e1-a477e2ab:1
1786565046.071939 s5e1-b8b7f286:1 s6e1-9cf5af8f:1 s7e1-a477e2ab:1
1786565046.095751 s6e1-9cf5af8f:1 s7e1-a477e2ab:1
1786565046.118508 s6e1-9cf5af8f:1 s7e1-a477e2ab:1
1786565046.142396 s6e1-9cf5af8f:1 s7e1-a477e2ab:1
1786565046.164714 s6e1-9cf5af8f:1 s7e1-a477e2ab:1
1786565046.187452 s6e1-9cf5af8f:1 s7e1-a477e2ab:1
1786565046.210748 s6e1-9cf5af8f:1 s7e1-a477e2ab:1 s8e1-8a5a4506:55E
1786565046.270549 s6e1-9cf5af8f:1 s7e1-a477e2ab:1 s8e1-8a5a4506:1
1786565046.293796 s6e1-9cf5af8f:1 s7e1-a477e2ab:1 s8e1-8a5a4506:1
1786565046.317302 s6e1-9cf5af8f:1 s7e1-a477e2ab:1 s8e1-8a5a4506:1
1786565046.341845 s7e1-a477e2ab:1 s8e1-8a5a4506:1 s1e1-9256ac17:58E
1786565046.401060 s7e1-a477e2ab:1 s8e1-8a5a4506:1 s1e1-9256ac17:1
1786565046.424047 s7e1-a477e2ab:1 s8e1-8a5a4506:1 s1e1-9256ac17:1
1786565046.447108 s7e1-a477e2ab:1 s8e1-8a5a4506:1 s1e1-9256ac17:1
1786565046.470019 s7e1-a477e2ab:1 s8e1-8a5a4506:1 s1e1-9256ac17:1
1786565046.492976 s7e1-a477e2ab:1 s8e1-8a5a4506:1 s1e1-9256ac17:1
1786565046.516071 s7e1-a477e2ab:1 s8e1-8a5a4506:1 s1e1-9256ac17:1
1786565046.539471 s7e1-a477e2ab:1 s8e1-8a5a4506:1 s1e1-9256ac17:1
1786565046.562856 s7e1-a477e2ab:1 s8e1-8a5a4506:1 s1e1-9256ac17:1
1786565046.587912 s8e1-8a5a4506:1 s1e1-9256ac17:1
1786565046.610459 s8e1-8a5a4506:1 s1e1-9256ac17:1
1786565046.632720 s8e1-8a5a4506:1 s1e1-9256ac17:1
1786565046.655665 s8e1-8a5a4506:1 s1e1-9256ac17:1 s2e1-9f76c9cb:69E
1786565046.723877 s8e1-8a5a4506:1 s1e1-9256ac17:1 s2e1-9f76c9cb:1
1786565046.746690 s8e1-8a5a4506:1 s1e1-9256ac17:1 s2e1-9f76c9cb:1
1786565046.769575 s8e1-8a5a4506:1 s1e1-9256ac17:1 s2e1-9f76c9cb:1
1786565046.792532 s8e1-8a5a4506:1 s1e1-9256ac17:1 s2e1-9f76c9cb:1
1786565046.815817 s8e1-8a5a4506:1 s1e1-9256ac17:1 s2e1-9f76c9cb:1
1786565046.840418 s8e1-8a5a4506:1 s1e1-9256ac17:1 s2e1-9f76c9cb:1
1786565046.863758 s8e1-8a5a4506:1 s1e1-9256ac17:1 s2e1-9f76c9cb:1
1786565046.887244 s8e1-8a5a4506:1 s1e1-9256ac17:1 s2e1-9f76c9cb:1
1786565046.911436 s1e1-9256ac17:1 s2e1-9f76c9cb:1 s3e1-900d615e:57E
1786565046.970620 s1e1-9256ac17:1 s2e1-9f76c9cb:1 s3e1-900d615e:1
1786565046.994346 s1e1-9256ac17:1 s2e1-9f76c9cb:1 s3e1-900d615e:1
1786565047.019307 s1e1-9256ac17:1 s2e1-9f76c9cb:1 s3e1-900d615e:1
1786565047.043132 s2e1-9f76c9cb:1 s3e1-900d615e:1
1786565047.065702 s2e1-9f76c9cb:1 s3e1-900d615e:1
1786565047.088698 s2e1-9f76c9cb:1 s3e1-900d615e:1 s4e1-8991268b:60E
1786565047.147881 s2e1-9f76c9cb:1 s3e1-900d615e:1 s4e1-8991268b:1
1786565047.171328 s2e1-9f76c9cb:1 s3e1-900d615e:1 s4e1-8991268b:1
1786565047.194491 s2e1-9f76c9cb:1 s3e1-900d615e:1 s4e1-8991268b:1
1786565047.218199 s2e1-9f76c9cb:1 s3e1-900d615e:1 s4e1-8991268b:1
1786565047.241981 s2e1-9f76c9cb:1 s3e1-900d615e:1 s4e1-8991268b:1
1786565047.265264 s2e1-9f76c9cb:1 s3e1-900d615e:1 s4e1-8991268b:1
1786565047.288485 s2e1-9f76c9cb:1 s3e1-900d615e:1 s4e1-8991268b:1
1786565047.313082 s2e1-9f76c9cb:1 s3e1-900d615e:1 s4e1-8991268b:1
1786565047.336481 s2e1-9f76c9cb:1 s3e1-900d615e:1 s4e1-8991268b:1
1786565047.360494 s3e1-900d615e:1 s4e1-8991268b:1
1786565047.383435 s3e1-900d615e:1 s4e1-8991268b:1 s5e1-b8b7f286:54E
1786565047.438910 s3e1-900d615e:1 s4e1-8991268b:1 s5e1-b8b7f286:1
1786565047.462268 s3e1-900d615e:1 s4e1-8991268b:1 s5e1-b8b7f286:1
1786565047.485462 s3e1-900d615e:1 s4e1-8991268b:1 s5e1-b8b7f286:1
1786565047.508586 s3e1-900d615e:1 s4e1-8991268b:1 s5e1-b8b7f286:1
1786565047.531900 s3e1-900d615e:1 s4e1-8991268b:1 s5e1-b8b7f286:1
1786565047.556565 s3e1-900d615e:1 s4e1-8991268b:1 s5e1-b8b7f286:1
1786565047.579922 s3e1-900d615e:1 s4e1-8991268b:1 s5e1-b8b7f286:1
1786565047.603602 s4e1-8991268b:1 s5e1-b8b7f286:1
1786565047.626496 s4e1-8991268b:1 s5e1-b8b7f286:1 s6e1-9cf5af8f:60E
1786565047.684652 s4e1-8991268b:1 s5e1-b8b7f286:1 s6e1-9cf5af8f:1
1786565047.707849 s4e1-8991268b:1 s5e1-b8b7f286:1 s6e1-9cf5af8f:1
1786565047.730739 s4e1-8991268b:1 s5e1-b8b7f286:1 s6e1-9cf5af8f:1
1786565047.753863 s4e1-8991268b:1 s5e1-b8b7f286:1 s6e1-9cf5af8f:1
1786565047.778617 s5e1-b8b7f286:1 s6e1-9cf5af8f:1
1786565047.801055 s5e1-b8b7f286:1 s6e1-9cf5af8f:1
1786565047.823469 s5e1-b8b7f286:1 s6e1-9cf5af8f:1
1786565047.846128 s5e1-b8b7f286:1 s6e1-9cf5af8f:1 s7e1-a477e2ab:69E
1786565047.914881 s5e1-b8b7f286:1 s6e1-9cf5af8f:1 s7e1-a477e2ab:1
1786565047.938091 s5e1-b8b7f286:1 s6e1-9cf5af8f:1 s7e1-a477e2ab:1
1786565047.961198 s5e1-b8b7f286:1 s6e1-9cf5af8f:1 s7e1-a477e2ab:1
1786565047.984523 s5e1-b8b7f286:1 s6e1-9cf5af8f:1 s7e1-a477e2ab:1
1786565048.009283 s5e1-b8b7f286:1 s6e1-9cf5af8f:1 s7e1-a477e2ab:1
1786565048.032553 s5e1-b8b7f286:1 s6e1-9cf5af8f:1 s7e1-a477e2ab:1
1786565048.056263 s5e1-b8b7f286:1 s6e1-9cf5af8f:1 s7e1-a477e2ab:1
1786565048.080782 s6e1-9cf5af8f:1 s7e1-a477e2ab:1 s8e1-8a5a4506:68E
1786565048.150830 s6e1-9cf5af8f:1 s7e1-a477e2ab:1 s8e1-8a5a4506:1
1786565048.174158 s6e1-9cf5af8f:1 s7e1-a477e2ab:1 s8e1-8a5a4506:1
1786565048.197680 s6e1-9cf5af8f:1 s7e1-a477e2ab:1 s8e1-8a5a4506:1
1786565048.221035 s6e1-9cf5af8f:1 s7e1-a477e2ab:1 s8e1-8a5a4506:1
1786565048.244624 s6e1-9cf5af8f:1 s7e1-a477e2ab:1 s8e1-8a5a4506:1
1786565048.267763 s6e1-9cf5af8f:1 s7e1-a477e2ab:1 s8e1-8a5a4506:1
1786565048.292204 s6e1-9cf5af8f:1 s7e1-a477e2ab:1 s8e1-8a5a4506:1
1786565048.315285 s6e1-9cf5af8f:1 s7e1-a477e2ab:1 s8e1-8a5a4506:1
1786565048.339304 s7e1-a477e2ab:1 s8e1-8a5a4506:1
1786565048.362470 s7e1-a477e2ab:1 s8e1-8a5a4506:1 s1e1-9256ac17:55E
1786565048.420200 s7e1-a477e2ab:1 s8e1-8a5a4506:1 s1e1-9256ac17:1
1786565048.443386 s7e1-a477e2ab:1 s8e1-8a5a4506:1 s1e1-9256ac17:1
1786565048.466719 s7e1-a477e2ab:1 s8e1-8a5a4506:1 s1e1-9256ac17:1
1786565048.489604 s7e1-a477e2ab:1 s8e1-8a5a4506:1 s1e1-9256ac17:1
1786565048.512654 s7e1-a477e2ab:1 s8e1-8a5a4506:1 s1e1-9256ac17:1
1786565048.536008 s7e1-a477e2ab:1 s8e1-8a5a4506:1 s1e1-9256ac17:1
1786565048.561438 s8e1-8a5a4506:1 s1e1-9256ac17:1
1786565048.584097 s8e1-8a5a4506:1 s1e1-9256ac17:1
1786565048.606668 s8e1-8a5a4506:1 s1e1-9256ac17:1
1786565048.629520 s8e1-8a5a4506:1 s1e1-9256ac17:1 s2e1-9f76c9cb:66E
1786565048.699548 s8e1-8a5a4506:1 s1e1-9256ac17:1 s2e1-9f76c9cb:1
1786565048.722771 s8e1-8a5a4506:1 s1e1-9256ac17:1 s2e1-9f76c9cb:1
1786565048.745930 s8e1-8a5a4506:1 s1e1-9256ac17:1 s2e1-9f76c9cb:1
1786565048.769320 s8e1-8a5a4506:1 s1e1-9256ac17:1 s2e1-9f76c9cb:1
1786565048.793182 s1e1-9256ac17:1 s2e1-9f76c9cb:1
1786565048.816780 s1e1-9256ac17:1 s2e1-9f76c9cb:1
1786565048.839058 s1e1-9256ac17:1 s2e1-9f76c9cb:1
1786565048.861484 s1e1-9256ac17:1 s2e1-9f76c9cb:1
1786565048.884495 s1e1-9256ac17:1 s2e1-9f76c9cb:1 s3e1-900d615e:54E
1786565048.940528 s1e1-9256ac17:1 s2e1-9f76c9cb:1 s3e1-900d615e:1
1786565048.963851 s1e1-9256ac17:1 s2e1-9f76c9cb:1 s3e1-900d615e:1
1786565048.988723 s1e1-9256ac17:1 s2e1-9f76c9cb:1 s3e1-900d615e:1
1786565049.012162 s1e1-9256ac17:1 s2e1-9f76c9cb:1 s3e1-900d615e:1
1786565049.036342 s1e1-9256ac17:1 s2e1-9f76c9cb:1 s3e1-900d615e:1
1786565049.060873 s2e1-9f76c9cb:1 s3e1-900d615e:1 s4e1-8991268b:57E
1786565049.120151 s2e1-9f76c9cb:1 s3e1-900d615e:1 s4e1-8991268b:1
1786565049.143586 s2e1-9f76c9cb:1 s3e1-900d615e:1 s4e1-8991268b:1
1786565049.166963 s2e1-9f76c9cb:1 s3e1-900d615e:1 s4e1-8991268b:1
1786565049.190293 s2e1-9f76c9cb:1 s3e1-900d615e:1 s4e1-8991268b:1
1786565049.213747 s2e1-9f76c9cb:1 s3e1-900d615e:1 s4e1-8991268b:1
1786565049.237108 s2e1-9f76c9cb:1 s3e1-900d615e:1 s4e1-8991268b:1
1786565049.260645 s2e1-9f76c9cb:1 s3e1-900d615e:1 s4e1-8991268b:1
1786565049.285331 s2e1-9f76c9cb:1 s3e1-900d615e:1 s4e1-8991268b:1
1786565049.308478 s2e1-9f76c9cb:1 s3e1-900d615e:1 s4e1-8991268b:1
1786565049.332500 s3e1-900d615e:1 s4e1-8991268b:1
1786565049.355871 s3e1-900d615e:1 s4e1-8991268b:1 s5e1-b8b7f286:67E
1786565049.424714 s3e1-900d615e:1 s4e1-8991268b:1 s5e1-b8b7f286:1
1786565049.447845 s3e1-900d615e:1 s4e1-8991268b:1 s5e1-b8b7f286:1
1786565049.471164 s3e1-900d615e:1 s4e1-8991268b:1 s5e1-b8b7f286:1
1786565049.494371 s3e1-900d615e:1 s4e1-8991268b:1 s5e1-b8b7f286:1
1786565049.517530 s3e1-900d615e:1 s4e1-8991268b:1 s5e1-b8b7f286:1
1786565049.541953 s3e1-900d615e:1 s4e1-8991268b:1 s5e1-b8b7f286:1
1786565049.565015 s3e1-900d615e:1 s4e1-8991268b:1 s5e1-b8b7f286:1
1786565049.588874 s4e1-8991268b:1 s5e1-b8b7f286:1
1786565049.611566 s4e1-8991268b:1 s5e1-b8b7f286:1 s6e1-9cf5af8f:57E
1786565049.670336 s4e1-8991268b:1 s5e1-b8b7f286:1 s6e1-9cf5af8f:1
1786565049.693645 s4e1-8991268b:1 s5e1-b8b7f286:1 s6e1-9cf5af8f:1
1786565049.717197 s4e1-8991268b:1 s5e1-b8b7f286:1 s6e1-9cf5af8f:1
1786565049.740869 s4e1-8991268b:1 s5e1-b8b7f286:1 s6e1-9cf5af8f:1
1786565049.765815 s5e1-b8b7f286:1 s6e1-9cf5af8f:1
1786565049.788301 s5e1-b8b7f286:1 s6e1-9cf5af8f:1
1786565049.810979 s5e1-b8b7f286:1 s6e1-9cf5af8f:1
1786565049.834008 s5e1-b8b7f286:1 s6e1-9cf5af8f:1 s7e1-a477e2ab:66E
1786565049.902908 s5e1-b8b7f286:1 s6e1-9cf5af8f:1 s7e1-a477e2ab:1
1786565049.926313 s5e1-b8b7f286:1 s6e1-9cf5af8f:1 s7e1-a477e2ab:1
1786565049.949774 s5e1-b8b7f286:1 s6e1-9cf5af8f:1 s7e1-a477e2ab:1
1786565049.973350 s5e1-b8b7f286:1 s6e1-9cf5af8f:1 s7e1-a477e2ab:1
1786565049.997159 s5e1-b8b7f286:1 s6e1-9cf5af8f:1 s7e1-a477e2ab:1
1786565050.022519 s5e1-b8b7f286:1 s6e1-9cf5af8f:1 s7e1-a477e2ab:1
1786565050.046300 s5e1-b8b7f286:1 s6e1-9cf5af8f:1 s7e1-a477e2ab:1
1786565050.070651 s6e1-9cf5af8f:1 s7e1-a477e2ab:1
1786565050.093657 s6e1-9cf5af8f:1 s7e1-a477e2ab:1 s8e1-8a5a4506:65E
1786565050.164079 s6e1-9cf5af8f:1 s7e1-a477e2ab:1 s8e1-8a5a4506:1
1786565050.187140 s6e1-9cf5af8f:1 s7e1-a477e2ab:1 s8e1-8a5a4506:1
1786565050.210766 s6e1-9cf5af8f:1 s7e1-a477e2ab:1 s8e1-8a5a4506:1
1786565050.234157 s6e1-9cf5af8f:1 s7e1-a477e2ab:1 s8e1-8a5a4506:1
1786565050.257793 s6e1-9cf5af8f:1 s7e1-a477e2ab:1 s8e1-8a5a4506:1
1786565050.281386 s6e1-9cf5af8f:1 s7e1-a477e2ab:1 s8e1-8a5a4506:1
1786565050.304410 s6e1-9cf5af8f:1 s7e1-a477e2ab:1 s8e1-8a5a4506:1
1786565050.330172 s7e1-a477e2ab:1 s8e1-8a5a4506:1
1786565050.352522 s7e1-a477e2ab:1 s8e1-8a5a4506:1
1786565050.375131 s7e1-a477e2ab:1 s8e1-8a5a4506:1
1786565050.398263 s7e1-a477e2ab:1 s8e1-8a5a4506:1 s1e1-9256ac17:68E
1786565050.467463 s7e1-a477e2ab:1 s8e1-8a5a4506:1 s1e1-9256ac17:1
1786565050.490822 s7e1-a477e2ab:1 s8e1-8a5a4506:1 s1e1-9256ac17:1
1786565050.514119 s7e1-a477e2ab:1 s8e1-8a5a4506:1 s1e1-9256ac17:1
1786565050.538608 s7e1-a477e2ab:1 s8e1-8a5a4506:1 s1e1-9256ac17:1
1786565050.562407 s8e1-8a5a4506:1 s1e1-9256ac17:1
1786565050.585245 s8e1-8a5a4506:1 s1e1-9256ac17:1
1786565050.608304 s8e1-8a5a4506:1 s1e1-9256ac17:1 s2e1-9f76c9cb:63E
1786565050.680807 s8e1-8a5a4506:1 s1e1-9256ac17:1 s2e1-9f76c9cb:1
1786565050.704510 s8e1-8a5a4506:1 s1e1-9256ac17:1 s2e1-9f76c9cb:1
1786565050.727622 s8e1-8a5a4506:1 s1e1-9256ac17:1 s2e1-9f76c9cb:1
1786565050.750714 s8e1-8a5a4506:1 s1e1-9256ac17:1 s2e1-9f76c9cb:1
1786565050.774934 s8e1-8a5a4506:1 s1e1-9256ac17:1 s2e1-9f76c9cb:1
1786565050.798208 s8e1-8a5a4506:1 s1e1-9256ac17:1 s2e1-9f76c9cb:1
1786565050.821898 s1e1-9256ac17:1 s2e1-9f76c9cb:1
1786565050.844953 s1e1-9256ac17:1 s2e1-9f76c9cb:1 s3e1-900d615e:67E
1786565050.914325 s1e1-9256ac17:1 s2e1-9f76c9cb:1 s3e1-900d615e:1
1786565050.937897 s1e1-9256ac17:1 s2e1-9f76c9cb:1 s3e1-900d615e:1
1786565050.961333 s1e1-9256ac17:1 s2e1-9f76c9cb:1 s3e1-900d615e:1
1786565050.984740 s1e1-9256ac17:1 s2e1-9f76c9cb:1 s3e1-900d615e:1
1786565051.008495 s1e1-9256ac17:1 s2e1-9f76c9cb:1 s3e1-900d615e:1
1786565051.032170 s1e1-9256ac17:1 s2e1-9f76c9cb:1 s3e1-900d615e:1
1786565051.055870 s1e1-9256ac17:1 s2e1-9f76c9cb:1 s3e1-900d615e:1
1786565051.079580 s1e1-9256ac17:1 s2e1-9f76c9cb:1 s3e1-900d615e:1
1786565051.103233 s1e1-9256ac17:1 s2e1-9f76c9cb:1 s3e1-900d615e:1
1786565051.127091 s2e1-9f76c9cb:1 s3e1-900d615e:1
1786565051.150951 s2e1-9f76c9cb:1 s3e1-900d615e:1
1786565051.173300 s2e1-9f76c9cb:1 s3e1-900d615e:1
1786565051.195880 s2e1-9f76c9cb:1 s3e1-900d615e:1
1786565051.218895 s2e1-9f76c9cb:1 s3e1-900d615e:1 s4e1-8991268b:54E
1786565051.276599 s2e1-9f76c9cb:1 s3e1-900d615e:1 s4e1-8991268b:1
1786565051.301347 s2e1-9f76c9cb:1 s3e1-900d615e:1 s4e1-8991268b:1
1786565051.325104 s3e1-900d615e:1 s4e1-8991268b:1
1786565051.347593 s3e1-900d615e:1 s4e1-8991268b:1
1786565051.370477 s3e1-900d615e:1 s4e1-8991268b:1 s5e1-b8b7f286:64E
1786565051.439628 s3e1-900d615e:1 s4e1-8991268b:1 s5e1-b8b7f286:1
1786565051.462597 s3e1-900d615e:1 s4e1-8991268b:1 s5e1-b8b7f286:1
1786565051.485763 s3e1-900d615e:1 s4e1-8991268b:1 s5e1-b8b7f286:1
1786565051.508895 s3e1-900d615e:1 s4e1-8991268b:1 s5e1-b8b7f286:1
1786565051.533327 s3e1-900d615e:1 s4e1-8991268b:1 s5e1-b8b7f286:1
1786565051.557261 s4e1-8991268b:1 s5e1-b8b7f286:1
1786565051.579881 s4e1-8991268b:1 s5e1-b8b7f286:1
1786565051.602565 s4e1-8991268b:1 s5e1-b8b7f286:1 s6e1-9cf5af8f:54E
1786565051.659648 s4e1-8991268b:1 s5e1-b8b7f286:1 s6e1-9cf5af8f:1
1786565051.683095 s4e1-8991268b:1 s5e1-b8b7f286:1 s6e1-9cf5af8f:1
1786565051.706597 s4e1-8991268b:1 s5e1-b8b7f286:1 s6e1-9cf5af8f:1
1786565051.729858 s4e1-8991268b:1 s5e1-b8b7f286:1 s6e1-9cf5af8f:1
1786565051.752916 s4e1-8991268b:1 s5e1-b8b7f286:1 s6e1-9cf5af8f:1
1786565051.777257 s4e1-8991268b:1 s5e1-b8b7f286:1 s6e1-9cf5af8f:1
1786565051.800818 s4e1-8991268b:1 s5e1-b8b7f286:1 s6e1-9cf5af8f:1
1786565051.824474 s4e1-8991268b:1 s5e1-b8b7f286:1 s6e1-9cf5af8f:1
1786565051.848492 s4e1-8991268b:1 s5e1-b8b7f286:1 s6e1-9cf5af8f:1 s7e1-a477e2ab:63E
1786565051.917973 s4e1-8991268b:1 s5e1-b8b7f286:1 s6e1-9cf5af8f:1 s7e1-a477e2ab:1
1786565051.941680 s4e1-8991268b:1 s5e1-b8b7f286:1 s6e1-9cf5af8f:1 s7e1-a477e2ab:1
1786565051.965498 s5e1-b8b7f286:1 s6e1-9cf5af8f:1 s7e1-a477e2ab:1
1786565051.988954 s5e1-b8b7f286:1 s6e1-9cf5af8f:1 s7e1-a477e2ab:1
1786565052.012577 s5e1-b8b7f286:1 s6e1-9cf5af8f:1 s7e1-a477e2ab:1
1786565052.037683 s5e1-b8b7f286:1 s6e1-9cf5af8f:1 s7e1-a477e2ab:1
1786565052.061190 s5e1-b8b7f286:1 s6e1-9cf5af8f:1 s7e1-a477e2ab:1
1786565052.085331 s6e1-9cf5af8f:1 s7e1-a477e2ab:1
1786565052.108159 s6e1-9cf5af8f:1 s7e1-a477e2ab:1 s8e1-8a5a4506:62E
1786565052.165969 s6e1-9cf5af8f:1 s7e1-a477e2ab:1 s8e1-8a5a4506:1
1786565052.189386 s6e1-9cf5af8f:1 s7e1-a477e2ab:1 s8e1-8a5a4506:1
1786565052.212874 s6e1-9cf5af8f:1 s7e1-a477e2ab:1 s8e1-8a5a4506:1
1786565052.235939 s6e1-9cf5af8f:1 s7e1-a477e2ab:1 s8e1-8a5a4506:1
1786565052.260527 s6e1-9cf5af8f:1 s7e1-a477e2ab:1 s8e1-8a5a4506:1
1786565052.283693 s6e1-9cf5af8f:1 s7e1-a477e2ab:1 s8e1-8a5a4506:1
1786565052.307643 s7e1-a477e2ab:1 s8e1-8a5a4506:1
1786565052.330699 s7e1-a477e2ab:1 s8e1-8a5a4506:1 s1e1-9256ac17:65E
1786565052.401391 s7e1-a477e2ab:1 s8e1-8a5a4506:1 s1e1-9256ac17:1
1786565052.424855 s7e1-a477e2ab:1 s8e1-8a5a4506:1 s1e1-9256ac17:1
1786565052.448293 s7e1-a477e2ab:1 s8e1-8a5a4506:1 s1e1-9256ac17:1
1786565052.471522 s7e1-a477e2ab:1 s8e1-8a5a4506:1 s1e1-9256ac17:1
1786565052.494863 s7e1-a477e2ab:1 s8e1-8a5a4506:1 s1e1-9256ac17:1
1786565052.519634 s7e1-a477e2ab:1 s8e1-8a5a4506:1 s1e1-9256ac17:1
1786565052.542802 s7e1-a477e2ab:1 s8e1-8a5a4506:1 s1e1-9256ac17:1
1786565052.566884 s8e1-8a5a4506:1 s1e1-9256ac17:1
1786565052.590162 s8e1-8a5a4506:1 s1e1-9256ac17:1 s2e1-9f76c9cb:60E
1786565052.649792 s8e1-8a5a4506:1 s1e1-9256ac17:1 s2e1-9f76c9cb:1
1786565052.673245 s8e1-8a5a4506:1 s1e1-9256ac17:1 s2e1-9f76c9cb:1
1786565052.696498 s8e1-8a5a4506:1 s1e1-9256ac17:1 s2e1-9f76c9cb:1
1786565052.719998 s8e1-8a5a4506:1 s1e1-9256ac17:1 s2e1-9f76c9cb:1
1786565052.744626 s8e1-8a5a4506:1 s1e1-9256ac17:1 s2e1-9f76c9cb:1
1786565052.767903 s8e1-8a5a4506:1 s1e1-9256ac17:1 s2e1-9f76c9cb:1
1786565052.791371 s8e1-8a5a4506:1 s1e1-9256ac17:1 s2e1-9f76c9cb:1
1786565052.815294 s1e1-9256ac17:1 s2e1-9f76c9cb:1 s3e1-900d615e:64E
1786565052.884814 s1e1-9256ac17:1 s2e1-9f76c9cb:1 s3e1-900d615e:1
1786565052.907931 s1e1-9256ac17:1 s2e1-9f76c9cb:1 s3e1-900d615e:1
1786565052.931230 s1e1-9256ac17:1 s2e1-9f76c9cb:1 s3e1-900d615e:1
1786565052.954611 s1e1-9256ac17:1 s2e1-9f76c9cb:1 s3e1-900d615e:1
1786565052.977968 s1e1-9256ac17:1 s2e1-9f76c9cb:1 s3e1-900d615e:1
1786565053.003207 s1e1-9256ac17:1 s2e1-9f76c9cb:1 s3e1-900d615e:1
1786565053.026876 s1e1-9256ac17:1 s2e1-9f76c9cb:1 s3e1-900d615e:1
1786565053.051262 s2e1-9f76c9cb:1 s3e1-900d615e:1
1786565053.074688 s2e1-9f76c9cb:1 s3e1-900d615e:1 s4e1-8991268b:67E
1786565053.144109 s2e1-9f76c9cb:1 s3e1-900d615e:1 s4e1-8991268b:1
1786565053.167382 s2e1-9f76c9cb:1 s3e1-900d615e:1 s4e1-8991268b:1
1786565053.190842 s2e1-9f76c9cb:1 s3e1-900d615e:1 s4e1-8991268b:1
1786565053.214688 s2e1-9f76c9cb:1 s3e1-900d615e:1 s4e1-8991268b:1
1786565053.238075 s2e1-9f76c9cb:1 s3e1-900d615e:1 s4e1-8991268b:1
1786565053.261443 s2e1-9f76c9cb:1 s3e1-900d615e:1 s4e1-8991268b:1
1786565053.284761 s2e1-9f76c9cb:1 s3e1-900d615e:1 s4e1-8991268b:1
1786565053.309945 s3e1-900d615e:1 s4e1-8991268b:1
1786565053.332610 s3e1-900d615e:1 s4e1-8991268b:1
1786565053.355305 s3e1-900d615e:1 s4e1-8991268b:1
1786565053.378403 s3e1-900d615e:1 s4e1-8991268b:1 s5e1-b8b7f286:61E
1786565053.436814 s3e1-900d615e:1 s4e1-8991268b:1 s5e1-b8b7f286:1
1786565053.460088 s3e1-900d615e:1 s4e1-8991268b:1 s5e1-b8b7f286:1
1786565053.485523 s3e1-900d615e:1 s4e1-8991268b:1 s5e1-b8b7f286:1
1786565053.509020 s3e1-900d615e:1 s4e1-8991268b:1 s5e1-b8b7f286:1
1786565053.533287 s4e1-8991268b:1 s5e1-b8b7f286:1
1786565053.556187 s4e1-8991268b:1 s5e1-b8b7f286:1 s6e1-9cf5af8f:67E
1786565053.626960 s4e1-8991268b:1 s5e1-b8b7f286:1 s6e1-9cf5af8f:1
1786565053.650418 s4e1-8991268b:1 s5e1-b8b7f286:1 s6e1-9cf5af8f:1
1786565053.673805 s4e1-8991268b:1 s5e1-b8b7f286:1 s6e1-9cf5af8f:1
1786565053.697040 s4e1-8991268b:1 s5e1-b8b7f286:1 s6e1-9cf5af8f:1
1786565053.720503 s4e1-8991268b:1 s5e1-b8b7f286:1 s6e1-9cf5af8f:1
1786565053.743870 s4e1-8991268b:1 s5e1-b8b7f286:1 s6e1-9cf5af8f:1
1786565053.769032 s4e1-8991268b:1 s5e1-b8b7f286:1 s6e1-9cf5af8f:1
1786565053.792908 s5e1-b8b7f286:1 s6e1-9cf5af8f:1
1786565053.815709 s5e1-b8b7f286:1 s6e1-9cf5af8f:1
1786565053.839006 s5e1-b8b7f286:1 s6e1-9cf5af8f:1 s7e1-a477e2ab:60E
1786565053.897831 s5e1-b8b7f286:1 s6e1-9cf5af8f:1 s7e1-a477e2ab:1
1786565053.920906 s5e1-b8b7f286:1 s6e1-9cf5af8f:1 s7e1-a477e2ab:1
1786565053.944433 s5e1-b8b7f286:1 s6e1-9cf5af8f:1 s7e1-a477e2ab:1
1786565053.968084 s5e1-b8b7f286:1 s6e1-9cf5af8f:1 s7e1-a477e2ab:1
1786565053.991693 s5e1-b8b7f286:1 s6e1-9cf5af8f:1 s7e1-a477e2ab:1
1786565054.015081 s5e1-b8b7f286:1 s6e1-9cf5af8f:1 s7e1-a477e2ab:1
1786565054.038536 s5e1-b8b7f286:1 s6e1-9cf5af8f:1 s7e1-a477e2ab:1
1786565054.063638 s5e1-b8b7f286:1 s6e1-9cf5af8f:1 s7e1-a477e2ab:1
1786565054.087730 s6e1-9cf5af8f:1 s7e1-a477e2ab:1
1786565054.110472 s6e1-9cf5af8f:1 s7e1-a477e2ab:1
1786565054.133388 s6e1-9cf5af8f:1 s7e1-a477e2ab:1 s8e1-8a5a4506:59E
1786565054.193129 s6e1-9cf5af8f:1 s7e1-a477e2ab:1 s8e1-8a5a4506:1
1786565054.216576 s6e1-9cf5af8f:1 s7e1-a477e2ab:1 s8e1-8a5a4506:1
1786565054.241682 s6e1-9cf5af8f:1 s7e1-a477e2ab:1 s8e1-8a5a4506:1
1786565054.265754 s7e1-a477e2ab:1 s8e1-8a5a4506:1
1786565054.288770 s7e1-a477e2ab:1 s8e1-8a5a4506:1
1786565054.311873 s7e1-a477e2ab:1 s8e1-8a5a4506:1 s1e1-9256ac17:62E
1786565054.368909 s7e1-a477e2ab:1 s8e1-8a5a4506:1 s1e1-9256ac17:1
1786565054.392377 s7e1-a477e2ab:1 s8e1-8a5a4506:1 s1e1-9256ac17:1
1786565054.416019 s7e1-a477e2ab:1 s8e1-8a5a4506:1 s1e1-9256ac17:1
1786565054.439082 s7e1-a477e2ab:1 s8e1-8a5a4506:1 s1e1-9256ac17:1
1786565054.462187 s7e1-a477e2ab:1 s8e1-8a5a4506:1 s1e1-9256ac17:1
1786565054.485422 s7e1-a477e2ab:1 s8e1-8a5a4506:1 s1e1-9256ac17:1
1786565054.508693 s7e1-a477e2ab:1 s8e1-8a5a4506:1 s1e1-9256ac17:1
1786565054.534042 s8e1-8a5a4506:1 s1e1-9256ac17:1
1786565054.556694 s8e1-8a5a4506:1 s1e1-9256ac17:1
1786565054.579364 s8e1-8a5a4506:1 s1e1-9256ac17:1
1786565054.602429 s8e1-8a5a4506:1 s1e1-9256ac17:1 s2e1-9f76c9cb:57E
1786565054.661868 s8e1-8a5a4506:1 s1e1-9256ac17:1 s2e1-9f76c9cb:1
1786565054.685106 s8e1-8a5a4506:1 s1e1-9256ac17:1 s2e1-9f76c9cb:1
1786565054.708419 s8e1-8a5a4506:1 s1e1-9256ac17:1 s2e1-9f76c9cb:1
1786565054.731685 s8e1-8a5a4506:1 s1e1-9256ac17:1 s2e1-9f76c9cb:1
1786565054.756232 s8e1-8a5a4506:1 s1e1-9256ac17:1 s2e1-9f76c9cb:1
1786565054.779524 s8e1-8a5a4506:1 s1e1-9256ac17:1 s2e1-9f76c9cb:1
1786565054.802953 s8e1-8a5a4506:1 s1e1-9256ac17:1 s2e1-9f76c9cb:1
1786565054.827250 s1e1-9256ac17:1 s2e1-9f76c9cb:1 s3e1-900d615e:61E
1786565054.887543 s1e1-9256ac17:1 s2e1-9f76c9cb:1 s3e1-900d615e:1
1786565054.910816 s1e1-9256ac17:1 s2e1-9f76c9cb:1 s3e1-900d615e:1
1786565054.934385 s1e1-9256ac17:1 s2e1-9f76c9cb:1 s3e1-900d615e:1
1786565054.958254 s1e1-9256ac17:1 s2e1-9f76c9cb:1 s3e1-900d615e:1
1786565054.981685 s1e1-9256ac17:1 s2e1-9f76c9cb:1 s3e1-900d615e:1
1786565055.007243 s2e1-9f76c9cb:1 s3e1-900d615e:1
1786565055.030033 s2e1-9f76c9cb:1 s3e1-900d615e:1
1786565055.053029 s2e1-9f76c9cb:1 s3e1-900d615e:1
1786565055.076413 s2e1-9f76c9cb:1 s3e1-900d615e:1 s4e1-8991268b:64E
1786565055.146209 s2e1-9f76c9cb:1 s3e1-900d615e:1 s4e1-8991268b:1
1786565055.169350 s2e1-9f76c9cb:1 s3e1-900d615e:1 s4e1-8991268b:1
1786565055.192775 s2e1-9f76c9cb:1 s3e1-900d615e:1 s4e1-8991268b:1
1786565055.216132 s2e1-9f76c9cb:1 s3e1-900d615e:1 s4e1-8991268b:1
1786565055.239424 s2e1-9f76c9cb:1 s3e1-900d615e:1 s4e1-8991268b:1
1786565055.264232 s2e1-9f76c9cb:1 s3e1-900d615e:1 s4e1-8991268b:1
1786565055.287899 s2e1-9f76c9cb:1 s3e1-900d615e:1 s4e1-8991268b:1
1786565055.312160 s3e1-900d615e:1 s4e1-8991268b:1
1786565055.335327 s3e1-900d615e:1 s4e1-8991268b:1 s5e1-b8b7f286:58E
1786565055.394406 s3e1-900d615e:1 s4e1-8991268b:1 s5e1-b8b7f286:1
1786565055.418155 s3e1-900d615e:1 s4e1-8991268b:1 s5e1-b8b7f286:1
1786565055.441388 s3e1-900d615e:1 s4e1-8991268b:1 s5e1-b8b7f286:1
1786565055.464587 s3e1-900d615e:1 s4e1-8991268b:1 s5e1-b8b7f286:1
1786565055.487965 s3e1-900d615e:1 s4e1-8991268b:1 s5e1-b8b7f286:1
1786565055.511496 s3e1-900d615e:1 s4e1-8991268b:1 s5e1-b8b7f286:1
1786565055.537363 s4e1-8991268b:1 s5e1-b8b7f286:1
1786565055.560065 s4e1-8991268b:1 s5e1-b8b7f286:1
1786565055.582362 s4e1-8991268b:1 s5e1-b8b7f286:1
1786565055.605056 s4e1-8991268b:1 s5e1-b8b7f286:1 s6e1-9cf5af8f:64E
1786565055.674374 s4e1-8991268b:1 s5e1-b8b7f286:1 s6e1-9cf5af8f:1
1786565055.697454 s4e1-8991268b:1 s5e1-b8b7f286:1 s6e1-9cf5af8f:1
1786565055.720726 s4e1-8991268b:1 s5e1-b8b7f286:1 s6e1-9cf5af8f:1
1786565055.743953 s4e1-8991268b:1 s5e1-b8b7f286:1 s6e1-9cf5af8f:1
1786565055.768401 s4e1-8991268b:1 s5e1-b8b7f286:1 s6e1-9cf5af8f:1
1786565055.792013 s5e1-b8b7f286:1 s6e1-9cf5af8f:1
1786565055.814497 s5e1-b8b7f286:1 s6e1-9cf5af8f:1
1786565055.837389 s5e1-b8b7f286:1 s6e1-9cf5af8f:1 s7e1-a477e2ab:57E
1786565055.895955 s5e1-b8b7f286:1 s6e1-9cf5af8f:1 s7e1-a477e2ab:1
1786565055.918936 s5e1-b8b7f286:1 s6e1-9cf5af8f:1 s7e1-a477e2ab:1
1786565055.942318 s5e1-b8b7f286:1 s6e1-9cf5af8f:1 s7e1-a477e2ab:1
1786565055.965954 s5e1-b8b7f286:1 s6e1-9cf5af8f:1 s7e1-a477e2ab:1
1786565055.989727 s5e1-b8b7f286:1 s6e1-9cf5af8f:1 s7e1-a477e2ab:1
1786565056.014729 s5e1-b8b7f286:1 s6e1-9cf5af8f:1 s7e1-a477e2ab:1
1786565056.038955 s6e1-9cf5af8f:1 s7e1-a477e2ab:1
1786565056.062308 s6e1-9cf5af8f:1 s7e1-a477e2ab:1
1786565056.085482 s6e1-9cf5af8f:1 s7e1-a477e2ab:1 s8e1-8a5a4506:56E
1786565056.144843 s6e1-9cf5af8f:1 s7e1-a477e2ab:1 s8e1-8a5a4506:1
1786565056.168248 s6e1-9cf5af8f:1 s7e1-a477e2ab:1 s8e1-8a5a4506:1
1786565056.191765 s6e1-9cf5af8f:1 s7e1-a477e2ab:1 s8e1-8a5a4506:1
1786565056.215271 s6e1-9cf5af8f:1 s7e1-a477e2ab:1 s8e1-8a5a4506:1
1786565056.238501 s6e1-9cf5af8f:1 s7e1-a477e2ab:1 s8e1-8a5a4506:1
1786565056.263198 s6e1-9cf5af8f:1 s7e1-a477e2ab:1 s8e1-8a5a4506:1
1786565056.286643 s6e1-9cf5af8f:1 s7e1-a477e2ab:1 s8e1-8a5a4506:1
1786565056.311065 s7e1-a477e2ab:1 s8e1-8a5a4506:1
1786565056.334144 s7e1-a477e2ab:1 s8e1-8a5a4506:1 s1e1-9256ac17:59E
1786565056.392948 s7e1-a477e2ab:1 s8e1-8a5a4506:1 s1e1-9256ac17:1
1786565056.416342 s7e1-a477e2ab:1 s8e1-8a5a4506:1 s1e1-9256ac17:1
1786565056.439671 s7e1-a477e2ab:1 s8e1-8a5a4506:1 s1e1-9256ac17:1
1786565056.463056 s7e1-a477e2ab:1 s8e1-8a5a4506:1 s1e1-9256ac17:1
1786565056.486448 s7e1-a477e2ab:1 s8e1-8a5a4506:1 s1e1-9256ac17:1
1786565056.511309 s7e1-a477e2ab:1 s8e1-8a5a4506:1 s1e1-9256ac17:1
1786565056.535275 s8e1-8a5a4506:1 s1e1-9256ac17:1
1786565056.557999 s8e1-8a5a4506:1 s1e1-9256ac17:1
1786565056.580662 s8e1-8a5a4506:1 s1e1-9256ac17:1 s2e1-9f76c9cb:54E
1786565056.638057 s8e1-8a5a4506:1 s1e1-9256ac17:1 s2e1-9f76c9cb:1
1786565056.661633 s8e1-8a5a4506:1 s1e1-9256ac17:1 s2e1-9f76c9cb:1
1786565056.685144 s8e1-8a5a4506:1 s1e1-9256ac17:1 s2e1-9f76c9cb:1
1786565056.708559 s8e1-8a5a4506:1 s1e1-9256ac17:1 s2e1-9f76c9cb:1
1786565056.731792 s8e1-8a5a4506:1 s1e1-9256ac17:1 s2e1-9f76c9cb:1
1786565056.755105 s8e1-8a5a4506:1 s1e1-9256ac17:1 s2e1-9f76c9cb:1
1786565056.779981 s1e1-9256ac17:1 s2e1-9f76c9cb:1
1786565056.802238 s1e1-9256ac17:1 s2e1-9f76c9cb:1
1786565056.824613 s1e1-9256ac17:1 s2e1-9f76c9cb:1
1786565056.847737 s1e1-9256ac17:1 s2e1-9f76c9cb:1 s3e1-900d615e:58E
1786565056.907591 s1e1-9256ac17:1 s2e1-9f76c9cb:1 s3e1-900d615e:1
1786565056.930707 s1e1-9256ac17:1 s2e1-9f76c9cb:1 s3e1-900d615e:1
1786565056.954264 s1e1-9256ac17:1 s2e1-9f76c9cb:1 s3e1-900d615e:1
1786565056.977323 s1e1-9256ac17:1 s2e1-9f76c9cb:1 s3e1-900d615e:1
1786565057.002229 s1e1-9256ac17:1 s2e1-9f76c9cb:1 s3e1-900d615e:1
1786565057.026308 s2e1-9f76c9cb:1 s3e1-900d615e:1
1786565057.049270 s2e1-9f76c9cb:1 s3e1-900d615e:1
1786565057.072240 s2e1-9f76c9cb:1 s3e1-900d615e:1 s4e1-8991268b:61E
1786565057.132403 s2e1-9f76c9cb:1 s3e1-900d615e:1 s4e1-8991268b:1
1786565057.155810 s2e1-9f76c9cb:1 s3e1-900d615e:1 s4e1-8991268b:1
1786565057.179511 s2e1-9f76c9cb:1 s3e1-900d615e:1 s4e1-8991268b:1
1786565057.203291 s2e1-9f76c9cb:1 s3e1-900d615e:1 s4e1-8991268b:1
1786565057.226592 s2e1-9f76c9cb:1 s3e1-900d615e:1 s4e1-8991268b:1
1786565057.250144 s2e1-9f76c9cb:1 s3e1-900d615e:1 s4e1-8991268b:1
1786565057.274790 s3e1-900d615e:1 s4e1-8991268b:1
1786565057.298911 s3e1-900d615e:1 s4e1-8991268b:1
1786565057.321323 s3e1-900d615e:1 s4e1-8991268b:1
1786565057.343929 s3e1-900d615e:1 s4e1-8991268b:1
1786565057.366774 s3e1-900d615e:1 s4e1-8991268b:1 s5e1-b8b7f286:55E
1786565057.426902 s3e1-900d615e:1 s4e1-8991268b:1 s5e1-b8b7f286:1
1786565057.450232 s3e1-900d615e:1 s4e1-8991268b:1 s5e1-b8b7f286:1
1786565057.473592 s3e1-900d615e:1 s4e1-8991268b:1 s5e1-b8b7f286:1
1786565057.497067 s3e1-900d615e:1 s4e1-8991268b:1 s5e1-b8b7f286:1
1786565057.521621 s3e1-900d615e:1 s4e1-8991268b:1 s5e1-b8b7f286:1
1786565057.545621 s4e1-8991268b:1 s5e1-b8b7f286:1
1786565057.568228 s4e1-8991268b:1 s5e1-b8b7f286:1
1786565057.590937 s4e1-8991268b:1 s5e1-b8b7f286:1 s6e1-9cf5af8f:61E
1786565057.650064 s4e1-8991268b:1 s5e1-b8b7f286:1 s6e1-9cf5af8f:1
1786565057.673075 s4e1-8991268b:1 s5e1-b8b7f286:1 s6e1-9cf5af8f:1
1786565057.696151 s4e1-8991268b:1 s5e1-b8b7f286:1 s6e1-9cf5af8f:1
1786565057.719254 s4e1-8991268b:1 s5e1-b8b7f286:1 s6e1-9cf5af8f:1
1786565057.742506 s4e1-8991268b:1 s5e1-b8b7f286:1 s6e1-9cf5af8f:1
1786565057.766508 s5e1-b8b7f286:1 s6e1-9cf5af8f:1
1786565057.790609 s5e1-b8b7f286:1 s6e1-9cf5af8f:1
1786565057.812757 s5e1-b8b7f286:1 s6e1-9cf5af8f:1
1786565057.835209 s5e1-b8b7f286:1 s6e1-9cf5af8f:1
1786565057.858215 s5e1-b8b7f286:1 s6e1-9cf5af8f:1 s7e1-a477e2ab:54E
1786565057.915601 s5e1-b8b7f286:1 s6e1-9cf5af8f:1 s7e1-a477e2ab:1
1786565057.938650 s5e1-b8b7f286:1 s6e1-9cf5af8f:1 s7e1-a477e2ab:1
1786565057.961851 s5e1-b8b7f286:1 s6e1-9cf5af8f:1 s7e1-a477e2ab:1
1786565057.985083 s5e1-b8b7f286:1 s6e1-9cf5af8f:1 s7e1-a477e2ab:1
1786565058.009834 s5e1-b8b7f286:1 s6e1-9cf5af8f:1 s7e1-a477e2ab:1
1786565058.033459 s5e1-b8b7f286:1 s6e1-9cf5af8f:1 s7e1-a477e2ab:1
1786565058.057712 s6e1-9cf5af8f:1 s7e1-a477e2ab:1
1786565058.081337 s6e1-9cf5af8f:1 s7e1-a477e2ab:1 s8e1-8a5a4506:69E
1786565058.151865 s6e1-9cf5af8f:1 s7e1-a477e2ab:1 s8e1-8a5a4506:1
1786565058.175365 s6e1-9cf5af8f:1 s7e1-a477e2ab:1 s8e1-8a5a4506:1
1786565058.198923 s6e1-9cf5af8f:1 s7e1-a477e2ab:1 s8e1-8a5a4506:1
1786565058.222143 s6e1-9cf5af8f:1 s7e1-a477e2ab:1 s8e1-8a5a4506:1
1786565058.246572 s6e1-9cf5af8f:1 s7e1-a477e2ab:1 s8e1-8a5a4506:1
1786565058.269774 s6e1-9cf5af8f:1 s7e1-a477e2ab:1 s8e1-8a5a4506:1
1786565058.294095 s7e1-a477e2ab:1 s8e1-8a5a4506:1
1786565058.317312 s7e1-a477e2ab:1 s8e1-8a5a4506:1 s1e1-9256ac17:56E
1786565058.377354 s7e1-a477e2ab:1 s8e1-8a5a4506:1 s1e1-9256ac17:1
1786565058.401070 s7e1-a477e2ab:1 s8e1-8a5a4506:1 s1e1-9256ac17:1
1786565058.424743 s7e1-a477e2ab:1 s8e1-8a5a4506:1 s1e1-9256ac17:1
1786565058.448243 s7e1-a477e2ab:1 s8e1-8a5a4506:1 s1e1-9256ac17:1
1786565058.471492 s7e1-a477e2ab:1 s8e1-8a5a4506:1 s1e1-9256ac17:1
1786565058.495092 s7e1-a477e2ab:1 s8e1-8a5a4506:1 s1e1-9256ac17:1
1786565058.519818 s7e1-a477e2ab:1 s8e1-8a5a4506:1 s1e1-9256ac17:1
1786565058.543433 s7e1-a477e2ab:1 s8e1-8a5a4506:1 s1e1-9256ac17:1
1786565058.567752 s8e1-8a5a4506:1 s1e1-9256ac17:1
1786565058.590616 s8e1-8a5a4506:1 s1e1-9256ac17:1 s2e1-9f76c9cb:67E
1786565058.661697 s8e1-8a5a4506:1 s1e1-9256ac17:1 s2e1-9f76c9cb:1
1786565058.685173 s8e1-8a5a4506:1 s1e1-9256ac17:1 s2e1-9f76c9cb:1
1786565058.708567 s8e1-8a5a4506:1 s1e1-9256ac17:1 s2e1-9f76c9cb:1
1786565058.732091 s8e1-8a5a4506:1 s1e1-9256ac17:1 s2e1-9f76c9cb:1
1786565058.757102 s8e1-8a5a4506:1 s1e1-9256ac17:1 s2e1-9f76c9cb:1
1786565058.780822 s8e1-8a5a4506:1 s1e1-9256ac17:1 s2e1-9f76c9cb:1
1786565058.805203 s1e1-9256ac17:1 s2e1-9f76c9cb:1
1786565058.828272 s1e1-9256ac17:1 s2e1-9f76c9cb:1 s3e1-900d615e:55E
1786565058.889551 s1e1-9256ac17:1 s2e1-9f76c9cb:1 s3e1-900d615e:1
1786565058.913040 s1e1-9256ac17:1 s2e1-9f76c9cb:1 s3e1-900d615e:1
1786565058.936691 s1e1-9256ac17:1 s2e1-9f76c9cb:1 s3e1-900d615e:1
1786565058.960171 s1e1-9256ac17:1 s2e1-9f76c9cb:1 s3e1-900d615e:1
1786565058.983611 s1e1-9256ac17:1 s2e1-9f76c9cb:1 s3e1-900d615e:1
1786565059.008860 s1e1-9256ac17:1 s2e1-9f76c9cb:1 s3e1-900d615e:1
1786565059.033128 s2e1-9f76c9cb:1 s3e1-900d615e:1
1786565059.056377 s2e1-9f76c9cb:1 s3e1-900d615e:1
1786565059.079922 s2e1-9f76c9cb:1 s3e1-900d615e:1 s4e1-8991268b:58E
1786565059.143497 s2e1-9f76c9cb:1 s3e1-900d615e:1 s4e1-8991268b:1
1786565059.167260 s2e1-9f76c9cb:1 s3e1-900d615e:1 s4e1-8991268b:1
1786565059.191232 s2e1-9f76c9cb:1 s3e1-900d615e:1 s4e1-8991268b:1
1786565059.215261 s2e1-9f76c9cb:1 s3e1-900d615e:1 s4e1-8991268b:1
1786565059.239200 s2e1-9f76c9cb:1 s3e1-900d615e:1 s4e1-8991268b:1
1786565059.264598 s2e1-9f76c9cb:1 s3e1-900d615e:1 s4e1-8991268b:1
1786565059.288792 s2e1-9f76c9cb:1 s3e1-900d615e:1 s4e1-8991268b:1
1786565059.313637 s3e1-900d615e:1 s4e1-8991268b:1
1786565059.337569 s3e1-900d615e:1 s4e1-8991268b:1 s5e1-b8b7f286:68E
1786565059.410182 s3e1-900d615e:1 s4e1-8991268b:1 s5e1-b8b7f286:1
1786565059.433891 s3e1-900d615e:1 s4e1-8991268b:1 s5e1-b8b7f286:1
1786565059.458967 s3e1-900d615e:1 s4e1-8991268b:1 s5e1-b8b7f286:1
1786565059.482561 s3e1-900d615e:1 s4e1-8991268b:1 s5e1-b8b7f286:1
1786565059.506491 s3e1-900d615e:1 s4e1-8991268b:1 s5e1-b8b7f286:1
1786565059.531221 s3e1-900d615e:1 s4e1-8991268b:1 s5e1-b8b7f286:1 s6e1-9cf5af8f:58E
1786565059.593828 s4e1-8991268b:1 s5e1-b8b7f286:1 s6e1-9cf5af8f:1
1786565059.617936 s4e1-8991268b:1 s5e1-b8b7f286:1 s6e1-9cf5af8f:1
1786565059.642017 s4e1-8991268b:1 s5e1-b8b7f286:1 s6e1-9cf5af8f:1
1786565059.665871 s4e1-8991268b:1 s5e1-b8b7f286:1 s6e1-9cf5af8f:1
1786565059.689769 s4e1-8991268b:1 s5e1-b8b7f286:1 s6e1-9cf5af8f:1
1786565059.713836 s4e1-8991268b:1 s5e1-b8b7f286:1 s6e1-9cf5af8f:1
1786565059.738081 s4e1-8991268b:1 s5e1-b8b7f286:1 s6e1-9cf5af8f:1
1786565059.761898 s4e1-8991268b:1 s5e1-b8b7f286:1 s6e1-9cf5af8f:1
1786565059.786547 s4e1-8991268b:1 s5e1-b8b7f286:1 s6e1-9cf5af8f:1
1786565059.810446 s5e1-b8b7f286:1 s6e1-9cf5af8f:1
1786565059.832950 s5e1-b8b7f286:1 s6e1-9cf5af8f:1
1786565059.855867 s5e1-b8b7f286:1 s6e1-9cf5af8f:1 s7e1-a477e2ab:67E
1786565059.926091 s5e1-b8b7f286:1 s6e1-9cf5af8f:1 s7e1-a477e2ab:1
1786565059.949100 s5e1-b8b7f286:1 s6e1-9cf5af8f:1 s7e1-a477e2ab:1
1786565059.972245 s5e1-b8b7f286:1 s6e1-9cf5af8f:1 s7e1-a477e2ab:1
1786565059.995557 s5e1-b8b7f286:1 s6e1-9cf5af8f:1 s7e1-a477e2ab:1
1786565060.019129 s5e1-b8b7f286:1 s6e1-9cf5af8f:1 s7e1-a477e2ab:1
1786565060.044742 s5e1-b8b7f286:1 s6e1-9cf5af8f:1 s7e1-a477e2ab:1
1786565060.068609 s6e1-9cf5af8f:1 s7e1-a477e2ab:1
1786565060.091190 s6e1-9cf5af8f:1 s7e1-a477e2ab:1
1786565060.114185 s6e1-9cf5af8f:1 s7e1-a477e2ab:1 s8e1-8a5a4506:66E
1786565060.184201 s6e1-9cf5af8f:1 s7e1-a477e2ab:1 s8e1-8a5a4506:1
1786565060.207694 s6e1-9cf5af8f:1 s7e1-a477e2ab:1 s8e1-8a5a4506:1
1786565060.231029 s6e1-9cf5af8f:1 s7e1-a477e2ab:1 s8e1-8a5a4506:1
1786565060.256268 s7e1-a477e2ab:1 s8e1-8a5a4506:1
1786565060.278820 s7e1-a477e2ab:1 s8e1-8a5a4506:1
1786565060.301472 s7e1-a477e2ab:1 s8e1-8a5a4506:1
1786565060.324514 s7e1-a477e2ab:1 s8e1-8a5a4506:1 s1e1-9256ac17:69E
1786565060.394547 s7e1-a477e2ab:1 s8e1-8a5a4506:1 s1e1-9256ac17:1
1786565060.417418 s7e1-a477e2ab:1 s8e1-8a5a4506:1 s1e1-9256ac17:1
1786565060.440563 s7e1-a477e2ab:1 s8e1-8a5a4506:1 s1e1-9256ac17:1
1786565060.463670 s7e1-a477e2ab:1 s8e1-8a5a4506:1 s1e1-9256ac17:1
1786565060.486724 s7e1-a477e2ab:1 s8e1-8a5a4506:1 s1e1-9256ac17:1
1786565060.509766 s7e1-a477e2ab:1 s8e1-8a5a4506:1 s1e1-9256ac17:1
1786565060.533060 s7e1-a477e2ab:1 s8e1-8a5a4506:1 s1e1-9256ac17:1
1786565060.557940 s7e1-a477e2ab:1 s8e1-8a5a4506:1 s1e1-9256ac17:1
1786565060.581798 s8e1-8a5a4506:1 s1e1-9256ac17:1
1786565060.604446 s8e1-8a5a4506:1 s1e1-9256ac17:1
1786565060.627349 s8e1-8a5a4506:1 s1e1-9256ac17:1 s2e1-9f76c9cb:64E
1786565060.698462 s8e1-8a5a4506:1 s1e1-9256ac17:1 s2e1-9f76c9cb:1
1786565060.721576 s8e1-8a5a4506:1 s1e1-9256ac17:1 s2e1-9f76c9cb:1
1786565060.744632 s8e1-8a5a4506:1 s1e1-9256ac17:1 s2e1-9f76c9cb:1
1786565060.767571 s8e1-8a5a4506:1 s1e1-9256ac17:1 s2e1-9f76c9cb:1
1786565060.790597 s8e1-8a5a4506:1 s1e1-9256ac17:1 s2e1-9f76c9cb:1
1786565060.815175 s8e1-8a5a4506:1 s1e1-9256ac17:1 s2e1-9f76c9cb:1
1786565060.838916 s1e1-9256ac17:1 s2e1-9f76c9cb:1
1786565060.861492 s1e1-9256ac17:1 s2e1-9f76c9cb:1
1786565060.884517 s1e1-9256ac17:1 s2e1-9f76c9cb:1 s3e1-900d615e:68E
1786565060.955466 s1e1-9256ac17:1 s2e1-9f76c9cb:1 s3e1-900d615e:1
1786565060.978663 s1e1-9256ac17:1 s2e1-9f76c9cb:1 s3e1-900d615e:1
1786565061.002103 s1e1-9256ac17:1 s2e1-9f76c9cb:1 s3e1-900d615e:1
1786565061.027006 s1e1-9256ac17:1 s2e1-9f76c9cb:1 s3e1-900d615e:1
1786565061.051060 s2e1-9f76c9cb:1 s3e1-900d615e:1
1786565061.073841 s2e1-9f76c9cb:1 s3e1-900d615e:1
1786565061.097037 s2e1-9f76c9cb:1 s3e1-900d615e:1 s4e1-8991268b:55E
1786565061.157172 s2e1-9f76c9cb:1 s3e1-900d615e:1 s4e1-8991268b:1
1786565061.180292 s2e1-9f76c9cb:1 s3e1-900d615e:1 s4e1-8991268b:1
1786565061.203529 s2e1-9f76c9cb:1 s3e1-900d615e:1 s4e1-8991268b:1
1786565061.226972 s2e1-9f76c9cb:1 s3e1-900d615e:1 s4e1-8991268b:1
1786565061.250820 s2e1-9f76c9cb:1 s3e1-900d615e:1 s4e1-8991268b:1
1786565061.274598 s2e1-9f76c9cb:1 s3e1-900d615e:1 s4e1-8991268b:1
1786565061.299435 s2e1-9f76c9cb:1 s3e1-900d615e:1 s4e1-8991268b:1
1786565061.323081 s2e1-9f76c9cb:1 s3e1-900d615e:1 s4e1-8991268b:1
1786565061.347557 s3e1-900d615e:1 s4e1-8991268b:1
1786565061.370739 s3e1-900d615e:1 s4e1-8991268b:1 s5e1-b8b7f286:65E
1786565061.440864 s3e1-900d615e:1 s4e1-8991268b:1 s5e1-b8b7f286:1
1786565061.464188 s3e1-900d615e:1 s4e1-8991268b:1 s5e1-b8b7f286:1
1786565061.487326 s3e1-900d615e:1 s4e1-8991268b:1 s5e1-b8b7f286:1
1786565061.511919 s3e1-900d615e:1 s4e1-8991268b:1 s5e1-b8b7f286:1
1786565061.535251 s3e1-900d615e:1 s4e1-8991268b:1 s5e1-b8b7f286:1
1786565061.558722 s3e1-900d615e:1 s4e1-8991268b:1 s5e1-b8b7f286:1
1786565061.582422 s3e1-900d615e:1 s4e1-8991268b:1 s5e1-b8b7f286:1 s6e1-9cf5af8f:55E
1786565061.642896 s4e1-8991268b:1 s5e1-b8b7f286:1 s6e1-9cf5af8f:1
1786565061.666217 s4e1-8991268b:1 s5e1-b8b7f286:1 s6e1-9cf5af8f:1
1786565061.689325 s4e1-8991268b:1 s5e1-b8b7f286:1 s6e1-9cf5af8f:1
1786565061.712377 s4e1-8991268b:1 s5e1-b8b7f286:1 s6e1-9cf5af8f:1
1786565061.735486 s4e1-8991268b:1 s5e1-b8b7f286:1 s6e1-9cf5af8f:1
1786565061.758580 s4e1-8991268b:1 s5e1-b8b7f286:1 s6e1-9cf5af8f:1
1786565061.783379 s4e1-8991268b:1 s5e1-b8b7f286:1 s6e1-9cf5af8f:1
1786565061.807292 s5e1-b8b7f286:1 s6e1-9cf5af8f:1
1786565061.830155 s5e1-b8b7f286:1 s6e1-9cf5af8f:1
1786565061.853150 s5e1-b8b7f286:1 s6e1-9cf5af8f:1 s7e1-a477e2ab:64E
1786565061.924188 s5e1-b8b7f286:1 s6e1-9cf5af8f:1 s7e1-a477e2ab:1
1786565061.947267 s5e1-b8b7f286:1 s6e1-9cf5af8f:1 s7e1-a477e2ab:1
1786565061.970472 s5e1-b8b7f286:1 s6e1-9cf5af8f:1 s7e1-a477e2ab:1
1786565061.993819 s5e1-b8b7f286:1 s6e1-9cf5af8f:1 s7e1-a477e2ab:1
1786565062.017326 s5e1-b8b7f286:1 s6e1-9cf5af8f:1 s7e1-a477e2ab:1
1786565062.041927 s5e1-b8b7f286:1 s6e1-9cf5af8f:1 s7e1-a477e2ab:1
1786565062.065359 s5e1-b8b7f286:1 s6e1-9cf5af8f:1 s7e1-a477e2ab:1
1786565062.089342 s6e1-9cf5af8f:1 s7e1-a477e2ab:1
1786565062.112680 s6e1-9cf5af8f:1 s7e1-a477e2ab:1 s8e1-8a5a4506:63E
1786565062.183250 s6e1-9cf5af8f:1 s7e1-a477e2ab:1 s8e1-8a5a4506:1
1786565062.206500 s6e1-9cf5af8f:1 s7e1-a477e2ab:1 s8e1-8a5a4506:1
1786565062.229789 s6e1-9cf5af8f:1 s7e1-a477e2ab:1 s8e1-8a5a4506:1
1786565062.253291 s6e1-9cf5af8f:1 s7e1-a477e2ab:1 s8e1-8a5a4506:1
1786565062.277936 s6e1-9cf5af8f:1 s7e1-a477e2ab:1 s8e1-8a5a4506:1
1786565062.301602 s7e1-a477e2ab:1 s8e1-8a5a4506:1
1786565062.324066 s7e1-a477e2ab:1 s8e1-8a5a4506:1
1786565062.346910 s7e1-a477e2ab:1 s8e1-8a5a4506:1 s1e1-9256ac17:66E
1786565062.417034 s7e1-a477e2ab:1 s8e1-8a5a4506:1 s1e1-9256ac17:1
1786565062.439989 s7e1-a477e2ab:1 s8e1-8a5a4506:1 s1e1-9256ac17:1
1786565062.463245 s7e1-a477e2ab:1 s8e1-8a5a4506:1 s1e1-9256ac17:1
1786565062.486462 s7e1-a477e2ab:1 s8e1-8a5a4506:1 s1e1-9256ac17:1
1786565062.509748 s7e1-a477e2ab:1 s8e1-8a5a4506:1 s1e1-9256ac17:1
1786565062.533125 s7e1-a477e2ab:1 s8e1-8a5a4506:1 s1e1-9256ac17:1
1786565062.558064 s7e1-a477e2ab:1 s8e1-8a5a4506:1 s1e1-9256ac17:1
1786565062.582120 s8e1-8a5a4506:1 s1e1-9256ac17:1
1786565062.605037 s8e1-8a5a4506:1 s1e1-9256ac17:1
1786565062.628060 s8e1-8a5a4506:1 s1e1-9256ac17:1 s2e1-9f76c9cb:61E
1786565062.689448 s8e1-8a5a4506:1 s1e1-9256ac17:1 s2e1-9f76c9cb:1
1786565062.713398 s8e1-8a5a4506:1 s1e1-9256ac17:1 s2e1-9f76c9cb:1
1786565062.737559 s8e1-8a5a4506:1 s1e1-9256ac17:1 s2e1-9f76c9cb:1
1786565062.761700 s8e1-8a5a4506:1 s1e1-9256ac17:1 s2e1-9f76c9cb:1
1786565062.787079 s8e1-8a5a4506:1 s1e1-9256ac17:1 s2e1-9f76c9cb:1
1786565062.810789 s8e1-8a5a4506:1 s1e1-9256ac17:1 s2e1-9f76c9cb:1
1786565062.835459 s1e1-9256ac17:1 s2e1-9f76c9cb:1
1786565062.859031 s1e1-9256ac17:1 s2e1-9f76c9cb:1 s3e1-900d615e:65E
1786565062.931252 s1e1-9256ac17:1 s2e1-9f76c9cb:1 s3e1-900d615e:1
1786565062.954463 s1e1-9256ac17:1 s2e1-9f76c9cb:1 s3e1-900d615e:1
1786565062.977803 s1e1-9256ac17:1 s2e1-9f76c9cb:1 s3e1-900d615e:1
1786565063.001657 s1e1-9256ac17:1 s2e1-9f76c9cb:1 s3e1-900d615e:1
1786565063.025585 s1e1-9256ac17:1 s2e1-9f76c9cb:1 s3e1-900d615e:1
1786565063.050703 s1e1-9256ac17:1 s2e1-9f76c9cb:1 s3e1-900d615e:1
1786565063.074838 s2e1-9f76c9cb:1 s3e1-900d615e:1
1786565063.097644 s2e1-9f76c9cb:1 s3e1-900d615e:1
1786565063.120999 s2e1-9f76c9cb:1 s3e1-900d615e:1 s4e1-8991268b:68E
1786565063.192356 s2e1-9f76c9cb:1 s3e1-900d615e:1 s4e1-8991268b:1
1786565063.216120 s2e1-9f76c9cb:1 s3e1-900d615e:1 s4e1-8991268b:1
1786565063.239941 s2e1-9f76c9cb:1 s3e1-900d615e:1 s4e1-8991268b:1
1786565063.263241 s2e1-9f76c9cb:1 s3e1-900d615e:1 s4e1-8991268b:1
1786565063.286428 s2e1-9f76c9cb:1 s3e1-900d615e:1 s4e1-8991268b:1
1786565063.311059 s2e1-9f76c9cb:1 s3e1-900d615e:1 s4e1-8991268b:1
1786565063.334767 s2e1-9f76c9cb:1 s3e1-900d615e:1 s4e1-8991268b:1
1786565063.359022 s3e1-900d615e:1 s4e1-8991268b:1
1786565063.382056 s3e1-900d615e:1 s4e1-8991268b:1 s5e1-b8b7f286:62E
1786565063.440382 s3e1-900d615e:1 s4e1-8991268b:1 s5e1-b8b7f286:1
1786565063.464231 s3e1-900d615e:1 s4e1-8991268b:1 s5e1-b8b7f286:1
1786565063.488104 s3e1-900d615e:1 s4e1-8991268b:1 s5e1-b8b7f286:1
1786565063.512578 s3e1-900d615e:1 s4e1-8991268b:1 s5e1-b8b7f286:1
1786565063.535875 s3e1-900d615e:1 s4e1-8991268b:1 s5e1-b8b7f286:1
1786565063.559464 s3e1-900d615e:1 s4e1-8991268b:1 s5e1-b8b7f286:1
1786565063.583869 s4e1-8991268b:1 s5e1-b8b7f286:1 s6e1-9cf5af8f:68E
1786565063.655650 s4e1-8991268b:1 s5e1-b8b7f286:1 s6e1-9cf5af8f:1
1786565063.679107 s4e1-8991268b:1 s5e1-b8b7f286:1 s6e1-9cf5af8f:1
1786565063.702406 s4e1-8991268b:1 s5e1-b8b7f286:1 s6e1-9cf5af8f:1
1786565063.725544 s4e1-8991268b:1 s5e1-b8b7f286:1 s6e1-9cf5af8f:1
1786565063.748505 s4e1-8991268b:1 s5e1-b8b7f286:1 s6e1-9cf5af8f:1
1786565063.773108 s4e1-8991268b:1 s5e1-b8b7f286:1 s6e1-9cf5af8f:1
1786565063.796748 s4e1-8991268b:1 s5e1-b8b7f286:1 s6e1-9cf5af8f:1
1786565063.820264 s4e1-8991268b:1 s5e1-b8b7f286:1 s6e1-9cf5af8f:1
1786565063.844864 s5e1-b8b7f286:1 s6e1-9cf5af8f:1 s7e1-a477e2ab:61E
1786565063.905084 s5e1-b8b7f286:1 s6e1-9cf5af8f:1 s7e1-a477e2ab:1
1786565063.928697 s5e1-b8b7f286:1 s6e1-9cf5af8f:1 s7e1-a477e2ab:1
1786565063.952702 s5e1-b8b7f286:1 s6e1-9cf5af8f:1 s7e1-a477e2ab:1
1786565063.976794 s5e1-b8b7f286:1 s6e1-9cf5af8f:1 s7e1-a477e2ab:1
1786565064.000556 s5e1-b8b7f286:1 s6e1-9cf5af8f:1 s7e1-a477e2ab:1
1786565064.025783 s5e1-b8b7f286:1 s6e1-9cf5af8f:1 s7e1-a477e2ab:1
1786565064.049415 s5e1-b8b7f286:1 s6e1-9cf5af8f:1 s7e1-a477e2ab:1
1786565064.073303 s5e1-b8b7f286:1 s6e1-9cf5af8f:1 s7e1-a477e2ab:1
1786565064.097739 s6e1-9cf5af8f:1 s7e1-a477e2ab:1 s8e1-8a5a4506:60E
1786565064.157667 s6e1-9cf5af8f:1 s7e1-a477e2ab:1 s8e1-8a5a4506:1
1786565064.181032 s6e1-9cf5af8f:1 s7e1-a477e2ab:1 s8e1-8a5a4506:1
1786565064.204375 s6e1-9cf5af8f:1 s7e1-a477e2ab:1 s8e1-8a5a4506:1
1786565064.227762 s6e1-9cf5af8f:1 s7e1-a477e2ab:1 s8e1-8a5a4506:1
1786565064.251670 s6e1-9cf5af8f:1 s7e1-a477e2ab:1 s8e1-8a5a4506:1
1786565064.276307 s6e1-9cf5af8f:1 s7e1-a477e2ab:1 s8e1-8a5a4506:1
1786565064.300328 s7e1-a477e2ab:1 s8e1-8a5a4506:1
1786565064.323160 s7e1-a477e2ab:1 s8e1-8a5a4506:1
1786565064.346410 s7e1-a477e2ab:1 s8e1-8a5a4506:1 s1e1-9256ac17:63E
1786565064.418382 s7e1-a477e2ab:1 s8e1-8a5a4506:1 s1e1-9256ac17:1
1786565064.441514 s7e1-a477e2ab:1 s8e1-8a5a4506:1 s1e1-9256ac17:1
1786565064.464609 s7e1-a477e2ab:1 s8e1-8a5a4506:1 s1e1-9256ac17:1
1786565064.487878 s7e1-a477e2ab:1 s8e1-8a5a4506:1 s1e1-9256ac17:1
1786565064.512612 s7e1-a477e2ab:1 s8e1-8a5a4506:1 s1e1-9256ac17:1
1786565064.535946 s7e1-a477e2ab:1 s8e1-8a5a4506:1 s1e1-9256ac17:1
1786565064.560128 s8e1-8a5a4506:1 s1e1-9256ac17:1
1786565064.583230 s8e1-8a5a4506:1 s1e1-9256ac17:1 s2e1-9f76c9cb:58E
1786565064.643452 s8e1-8a5a4506:1 s1e1-9256ac17:1 s2e1-9f76c9cb:1
1786565064.666828 s8e1-8a5a4506:1 s1e1-9256ac17:1 s2e1-9f76c9cb:1
1786565064.690502 s8e1-8a5a4506:1 s1e1-9256ac17:1 s2e1-9f76c9cb:1
1786565064.714260 s8e1-8a5a4506:1 s1e1-9256ac17:1 s2e1-9f76c9cb:1
1786565064.737610 s8e1-8a5a4506:1 s1e1-9256ac17:1 s2e1-9f76c9cb:1
1786565064.762731 s8e1-8a5a4506:1 s1e1-9256ac17:1 s2e1-9f76c9cb:1
1786565064.786067 s8e1-8a5a4506:1 s1e1-9256ac17:1 s2e1-9f76c9cb:1
1786565064.810111 s1e1-9256ac17:1 s2e1-9f76c9cb:1
1786565064.833385 s1e1-9256ac17:1 s2e1-9f76c9cb:1 s3e1-900d615e:62E
1786565064.892693 s1e1-9256ac17:1 s2e1-9f76c9cb:1 s3e1-900d615e:1
1786565064.916291 s1e1-9256ac17:1 s2e1-9f76c9cb:1 s3e1-900d615e:1
1786565064.940072 s1e1-9256ac17:1 s2e1-9f76c9cb:1 s3e1-900d615e:1
1786565064.963365 s1e1-9256ac17:1 s2e1-9f76c9cb:1 s3e1-900d615e:1
1786565064.986833 s1e1-9256ac17:1 s2e1-9f76c9cb:1 s3e1-900d615e:1
1786565065.010683 s1e1-9256ac17:1 s2e1-9f76c9cb:1 s3e1-900d615e:1
1786565065.034536 s1e1-9256ac17:1 s2e1-9f76c9cb:1 s3e1-900d615e:1
1786565065.060116 s2e1-9f76c9cb:1 s3e1-900d615e:1
1786565065.082622 s2e1-9f76c9cb:1 s3e1-900d615e:1
1786565065.105346 s2e1-9f76c9cb:1 s3e1-900d615e:1
1786565065.128670 s2e1-9f76c9cb:1 s3e1-900d615e:1 s4e1-8991268b:65E
1786565065.200343 s2e1-9f76c9cb:1 s3e1-900d615e:1 s4e1-8991268b:1
1786565065.224022 s2e1-9f76c9cb:1 s3e1-900d615e:1 s4e1-8991268b:1
1786565065.249327 s2e1-9f76c9cb:1 s3e1-900d615e:1 s4e1-8991268b:1
1786565065.273101 s2e1-9f76c9cb:1 s3e1-900d615e:1 s4e1-8991268b:1
1786565065.297495 s3e1-900d615e:1 s4e1-8991268b:1
1786565065.320429 s3e1-900d615e:1 s4e1-8991268b:1 s5e1-b8b7f286:59E
1786565065.383305 s3e1-900d615e:1 s4e1-8991268b:1 s5e1-b8b7f286:1
1786565065.406746 s3e1-900d615e:1 s4e1-8991268b:1 s5e1-b8b7f286:1
1786565065.430099 s3e1-900d615e:1 s4e1-8991268b:1 s5e1-b8b7f286:1
1786565065.453433 s3e1-900d615e:1 s4e1-8991268b:1 s5e1-b8b7f286:1
1786565065.476946 s3e1-900d615e:1 s4e1-8991268b:1 s5e1-b8b7f286:1
1786565065.500501 s3e1-900d615e:1 s4e1-8991268b:1 s5e1-b8b7f286:1
1786565065.525048 s3e1-900d615e:1 s4e1-8991268b:1 s5e1-b8b7f286:1
1786565065.549064 s4e1-8991268b:1 s5e1-b8b7f286:1
1786565065.572277 s4e1-8991268b:1 s5e1-b8b7f286:1
1786565065.595810 s4e1-8991268b:1 s5e1-b8b7f286:1 s6e1-9cf5af8f:65E
1786565065.673139 s4e1-8991268b:1 s5e1-b8b7f286:1 s6e1-9cf5af8f:1
1786565065.696860 s4e1-8991268b:1 s5e1-b8b7f286:1 s6e1-9cf5af8f:1
1786565065.720587 s4e1-8991268b:1 s5e1-b8b7f286:1 s6e1-9cf5af8f:1
1786565065.744093 s4e1-8991268b:1 s5e1-b8b7f286:1 s6e1-9cf5af8f:1
1786565065.767558 s4e1-8991268b:1 s5e1-b8b7f286:1 s6e1-9cf5af8f:1
1786565065.791238 s4e1-8991268b:1 s5e1-b8b7f286:1 s6e1-9cf5af8f:1
1786565065.814730 s4e1-8991268b:1 s5e1-b8b7f286:1 s6e1-9cf5af8f:1
1786565065.838184 s4e1-8991268b:1 s5e1-b8b7f286:1 s6e1-9cf5af8f:1
1786565065.864077 s5e1-b8b7f286:1 s6e1-9cf5af8f:1
1786565065.887049 s5e1-b8b7f286:1 s6e1-9cf5af8f:1
1786565065.909898 s5e1-b8b7f286:1 s6e1-9cf5af8f:1
1786565065.933019 s5e1-b8b7f286:1 s6e1-9cf5af8f:1 s7e1-a477e2ab:58E
1786565065.996144 s5e1-b8b7f286:1 s6e1-9cf5af8f:1 s7e1-a477e2ab:1
1786565066.019762 s5e1-b8b7f286:1 s6e1-9cf5af8f:1 s7e1-a477e2ab:1
1786565066.045744 s6e1-9cf5af8f:1 s7e1-a477e2ab:1
1786565066.068964 s6e1-9cf5af8f:1 s7e1-a477e2ab:1
1786565066.091668 s6e1-9cf5af8f:1 s7e1-a477e2ab:1
1786565066.115415 s6e1-9cf5af8f:1 s7e1-a477e2ab:1 s8e1-8a5a4506:57E
1786565066.177616 s6e1-9cf5af8f:1 s7e1-a477e2ab:1 s8e1-8a5a4506:1
1786565066.200979 s6e1-9cf5af8f:1 s7e1-a477e2ab:1 s8e1-8a5a4506:1
1786565066.224143 s6e1-9cf5af8f:1 s7e1-a477e2ab:1 s8e1-8a5a4506:1
1786565066.248711 s6e1-9cf5af8f:1 s7e1-a477e2ab:1 s8e1-8a5a4506:1
1786565066.271955 s6e1-9cf5af8f:1 s7e1-a477e2ab:1 s8e1-8a5a4506:1
1786565066.295356 s6e1-9cf5af8f:1 s7e1-a477e2ab:1 s8e1-8a5a4506:1
1786565066.319687 s7e1-a477e2ab:1 s8e1-8a5a4506:1 s1e1-9256ac17:60E
1786565066.380710 s7e1-a477e2ab:1 s8e1-8a5a4506:1 s1e1-9256ac17:1
1786565066.404047 s7e1-a477e2ab:1 s8e1-8a5a4506:1 s1e1-9256ac17:1
1786565066.427277 s7e1-a477e2ab:1 s8e1-8a5a4506:1 s1e1-9256ac17:1
1786565066.450463 s7e1-a477e2ab:1 s8e1-8a5a4506:1 s1e1-9256ac17:1
1786565066.473675 s7e1-a477e2ab:1 s8e1-8a5a4506:1 s1e1-9256ac17:1
1786565066.496995 s7e1-a477e2ab:1 s8e1-8a5a4506:1 s1e1-9256ac17:1
1786565066.521802 s7e1-a477e2ab:1 s8e1-8a5a4506:1 s1e1-9256ac17:1
1786565066.545227 s7e1-a477e2ab:1 s8e1-8a5a4506:1 s1e1-9256ac17:1
1786565066.568625 s7e1-a477e2ab:1 s8e1-8a5a4506:1 s1e1-9256ac17:1
1786565066.592726 s7e1-a477e2ab:1 s8e1-8a5a4506:1 s1e1-9256ac17:1 s2e1-9f76c9cb:55E
1786565066.654850 s7e1-a477e2ab:1 s8e1-8a5a4506:1 s1e1-9256ac17:1 s2e1-9f76c9cb:1
1786565066.679280 s8e1-8a5a4506:1 s1e1-9256ac17:1 s2e1-9f76c9cb:1
1786565066.703083 s8e1-8a5a4506:1 s1e1-9256ac17:1 s2e1-9f76c9cb:1
1786565066.726585 s8e1-8a5a4506:1 s1e1-9256ac17:1 s2e1-9f76c9cb:1
1786565066.750054 s8e1-8a5a4506:1 s1e1-9256ac17:1 s2e1-9f76c9cb:1
1786565066.773415 s8e1-8a5a4506:1 s1e1-9256ac17:1 s2e1-9f76c9cb:1
1786565066.796875 s8e1-8a5a4506:1 s1e1-9256ac17:1 s2e1-9f76c9cb:1
1786565066.822134 s1e1-9256ac17:1 s2e1-9f76c9cb:1
1786565066.845443 s1e1-9256ac17:1 s2e1-9f76c9cb:1
1786565066.868257 s1e1-9256ac17:1 s2e1-9f76c9cb:1
1786565066.891164 s1e1-9256ac17:1 s2e1-9f76c9cb:1 s3e1-900d615e:59E
1786565066.953094 s1e1-9256ac17:1 s2e1-9f76c9cb:1 s3e1-900d615e:1
1786565066.976487 s1e1-9256ac17:1 s2e1-9f76c9cb:1 s3e1-900d615e:1
1786565067.001483 s1e1-9256ac17:1 s2e1-9f76c9cb:1 s3e1-900d615e:1
1786565067.025919 s2e1-9f76c9cb:1 s3e1-900d615e:1
1786565067.049349 s2e1-9f76c9cb:1 s3e1-900d615e:1
1786565067.072727 s2e1-9f76c9cb:1 s3e1-900d615e:1 s4e1-8991268b:62E
1786565067.132739 s2e1-9f76c9cb:1 s3e1-900d615e:1 s4e1-8991268b:1
1786565067.156200 s2e1-9f76c9cb:1 s3e1-900d615e:1 s4e1-8991268b:1
1786565067.179941 s2e1-9f76c9cb:1 s3e1-900d615e:1 s4e1-8991268b:1
1786565067.203203 s2e1-9f76c9cb:1 s3e1-900d615e:1 s4e1-8991268b:1
1786565067.226726 s2e1-9f76c9cb:1 s3e1-900d615e:1 s4e1-8991268b:1
1786565067.251575 s2e1-9f76c9cb:1 s3e1-900d615e:1 s4e1-8991268b:1
1786565067.275007 s2e1-9f76c9cb:1 s3e1-900d615e:1 s4e1-8991268b:1
1786565067.299130 s3e1-900d615e:1 s4e1-8991268b:1
1786565067.322018 s3e1-900d615e:1 s4e1-8991268b:1 s5e1-b8b7f286:56E
1786565067.382875 s3e1-900d615e:1 s4e1-8991268b:1 s5e1-b8b7f286:1
1786565067.406326 s3e1-900d615e:1 s4e1-8991268b:1 s5e1-b8b7f286:1
1786565067.429770 s3e1-900d615e:1 s4e1-8991268b:1 s5e1-b8b7f286:1
1786565067.453004 s3e1-900d615e:1 s4e1-8991268b:1 s5e1-b8b7f286:1
1786565067.476059 s3e1-900d615e:1 s4e1-8991268b:1 s5e1-b8b7f286:1
1786565067.499277 s3e1-900d615e:1 s4e1-8991268b:1 s5e1-b8b7f286:1
1786565067.522624 s3e1-900d615e:1 s4e1-8991268b:1 s5e1-b8b7f286:1
1786565067.545703 s3e1-900d615e:1 s4e1-8991268b:1 s5e1-b8b7f286:1
1786565067.569153 s3e1-900d615e:1 s4e1-8991268b:1 s5e1-b8b7f286:1
1786565067.592995 s4e1-8991268b:1 s5e1-b8b7f286:1
1786565067.615750 s4e1-8991268b:1 s5e1-b8b7f286:1
1786565067.639566 s4e1-8991268b:1 s5e1-b8b7f286:1
1786565067.662169 s4e1-8991268b:1 s5e1-b8b7f286:1
1786565067.684589 s4e1-8991268b:1 s5e1-b8b7f286:1
1786565067.707477 s4e1-8991268b:1 s5e1-b8b7f286:1 s6e1-9cf5af8f:62E
1786565067.766798 s5e1-b8b7f286:1 s6e1-9cf5af8f:1
1786565067.789205 s5e1-b8b7f286:1 s6e1-9cf5af8f:1
1786565067.812857 s5e1-b8b7f286:1 s6e1-9cf5af8f:1
1786565067.835644 s5e1-b8b7f286:1 s6e1-9cf5af8f:1
1786565067.858354 s5e1-b8b7f286:1 s6e1-9cf5af8f:1
1786565067.881145 s5e1-b8b7f286:1 s6e1-9cf5af8f:1 s7e1-a477e2ab:55E
1786565067.941638 s5e1-b8b7f286:1 s6e1-9cf5af8f:1 s7e1-a477e2ab:1
1786565067.965273 s5e1-b8b7f286:1 s6e1-9cf5af8f:1 s7e1-a477e2ab:1
1786565067.988991 s5e1-b8b7f286:1 s6e1-9cf5af8f:1 s7e1-a477e2ab:1
1786565068.013605 s6e1-9cf5af8f:1 s7e1-a477e2ab:1
1786565068.038902 s6e1-9cf5af8f:1 s7e1-a477e2ab:1
1786565068.062463 s6e1-9cf5af8f:1 s7e1-a477e2ab:1
1786565068.085629 s6e1-9cf5af8f:1 s7e1-a477e2ab:1
1786565068.109238 s6e1-9cf5af8f:1 s7e1-a477e2ab:1 s8e1-8a5a4506:54E
1786565068.168270 s6e1-9cf5af8f:1 s7e1-a477e2ab:1 s8e1-8a5a4506:1
1786565068.192159 s6e1-9cf5af8f:1 s7e1-a477e2ab:1 s8e1-8a5a4506:1
1786565068.215651 s6e1-9cf5af8f:1 s7e1-a477e2ab:1 s8e1-8a5a4506:1
1786565068.239320 s6e1-9cf5af8f:1 s7e1-a477e2ab:1 s8e1-8a5a4506:1
1786565068.264367 s6e1-9cf5af8f:1 s7e1-a477e2ab:1 s8e1-8a5a4506:1
1786565068.288693 s6e1-9cf5af8f:1 s7e1-a477e2ab:1 s8e1-8a5a4506:1
1786565068.312512 s6e1-9cf5af8f:1 s7e1-a477e2ab:1 s8e1-8a5a4506:1
1786565068.336518 s6e1-9cf5af8f:1 s7e1-a477e2ab:1 s8e1-8a5a4506:1 s1e1-9256ac17:57E
1786565068.396618 s6e1-9cf5af8f:1 s7e1-a477e2ab:1 s8e1-8a5a4506:1 s1e1-9256ac17:1
1786565068.419755 s6e1-9cf5af8f:1 s7e1-a477e2ab:1 s8e1-8a5a4506:1 s1e1-9256ac17:1
1786565068.443722 s7e1-a477e2ab:1 s8e1-8a5a4506:1 s1e1-9256ac17:1
1786565068.466988 s7e1-a477e2ab:1 s8e1-8a5a4506:1 s1e1-9256ac17:1
1786565068.490521 s7e1-a477e2ab:1 s8e1-8a5a4506:1 s1e1-9256ac17:1
1786565068.514273 s7e1-a477e2ab:1 s8e1-8a5a4506:1 s1e1-9256ac17:1
1786565068.537918 s7e1-a477e2ab:1 s8e1-8a5a4506:1 s1e1-9256ac17:1
1786565068.562602 s7e1-a477e2ab:1 s8e1-8a5a4506:1 s1e1-9256ac17:1
1786565068.586759 s8e1-8a5a4506:1 s1e1-9256ac17:1
1786565068.609742 s8e1-8a5a4506:1 s1e1-9256ac17:1
1786565068.632918 s8e1-8a5a4506:1 s1e1-9256ac17:1 s2e1-9f76c9cb:68E
1786565068.704588 s8e1-8a5a4506:1 s1e1-9256ac17:1 s2e1-9f76c9cb:1
1786565068.727594 s8e1-8a5a4506:1 s1e1-9256ac17:1 s2e1-9f76c9cb:1
1786565068.752044 s8e1-8a5a4506:1 s1e1-9256ac17:1 s2e1-9f76c9cb:1
1786565068.775154 s8e1-8a5a4506:1 s1e1-9256ac17:1 s2e1-9f76c9cb:1
1786565068.798709 s8e1-8a5a4506:1 s1e1-9256ac17:1 s2e1-9f76c9cb:1
1786565068.823785 s1e1-9256ac17:1 s2e1-9f76c9cb:1 s3e1-900d615e:56E
1786565068.885407 s1e1-9256ac17:1 s2e1-9f76c9cb:1 s3e1-900d615e:1
1786565068.908484 s1e1-9256ac17:1 s2e1-9f76c9cb:1 s3e1-900d615e:1
1786565068.931703 s1e1-9256ac17:1 s2e1-9f76c9cb:1 s3e1-900d615e:1
1786565068.954934 s1e1-9256ac17:1 s2e1-9f76c9cb:1 s3e1-900d615e:1
1786565068.978285 s1e1-9256ac17:1 s2e1-9f76c9cb:1 s3e1-900d615e:1
1786565069.001809 s1e1-9256ac17:1 s2e1-9f76c9cb:1 s3e1-900d615e:1
1786565069.025739 s1e1-9256ac17:1 s2e1-9f76c9cb:1 s3e1-900d615e:1
1786565069.051662 s2e1-9f76c9cb:1 s3e1-900d615e:1
1786565069.076017 s2e1-9f76c9cb:1 s3e1-900d615e:1
1786565069.098833 s2e1-9f76c9cb:1 s3e1-900d615e:1
1786565069.122071 s2e1-9f76c9cb:1 s3e1-900d615e:1 s4e1-8991268b:59E
1786565069.183808 s2e1-9f76c9cb:1 s3e1-900d615e:1 s4e1-8991268b:1
1786565069.207128 s2e1-9f76c9cb:1 s3e1-900d615e:1 s4e1-8991268b:1
1786565069.230653 s2e1-9f76c9cb:1 s3e1-900d615e:1 s4e1-8991268b:1
1786565069.254228 s2e1-9f76c9cb:1 s3e1-900d615e:1 s4e1-8991268b:1
1786565069.277843 s2e1-9f76c9cb:1 s3e1-900d615e:1 s4e1-8991268b:1
1786565069.301811 s2e1-9f76c9cb:1 s3e1-900d615e:1 s4e1-8991268b:1
1786565069.326824 s2e1-9f76c9cb:1 s3e1-900d615e:1 s4e1-8991268b:1
1786565069.350909 s3e1-900d615e:1 s4e1-8991268b:1
1786565069.373714 s3e1-900d615e:1 s4e1-8991268b:1
1786565069.396718 s3e1-900d615e:1 s4e1-8991268b:1 s5e1-b8b7f286:69E
1786565069.469177 s3e1-900d615e:1 s4e1-8991268b:1 s5e1-b8b7f286:1
1786565069.492462 s3e1-900d615e:1 s4e1-8991268b:1 s5e1-b8b7f286:1
1786565069.516008 s3e1-900d615e:1 s4e1-8991268b:1 s5e1-b8b7f286:1
1786565069.540067 s4e1-8991268b:1 s5e1-b8b7f286:1
1786565069.562559 s4e1-8991268b:1 s5e1-b8b7f286:1
1786565069.586396 s4e1-8991268b:1 s5e1-b8b7f286:1
1786565069.608597 s4e1-8991268b:1 s5e1-b8b7f286:1
1786565069.632306 s4e1-8991268b:1 s5e1-b8b7f286:1
1786565069.655221 s4e1-8991268b:1 s5e1-b8b7f286:1 s6e1-9cf5af8f:59E
1786565069.717124 s4e1-8991268b:1 s5e1-b8b7f286:1 s6e1-9cf5af8f:1
1786565069.740755 s4e1-8991268b:1 s5e1-b8b7f286:1 s6e1-9cf5af8f:1
1786565069.764513 s4e1-8991268b:1 s5e1-b8b7f286:1 s6e1-9cf5af8f:1
1786565069.787758 s4e1-8991268b:1 s5e1-b8b7f286:1 s6e1-9cf5af8f:1
1786565069.811090 s4e1-8991268b:1 s5e1-b8b7f286:1 s6e1-9cf5af8f:1
1786565069.835315 s5e1-b8b7f286:1 s6e1-9cf5af8f:1
1786565069.860635 s5e1-b8b7f286:1 s6e1-9cf5af8f:1
1786565069.883090 s5e1-b8b7f286:1 s6e1-9cf5af8f:1
1786565069.905727 s5e1-b8b7f286:1 s6e1-9cf5af8f:1
1786565069.928883 s5e1-b8b7f286:1 s6e1-9cf5af8f:1 s7e1-a477e2ab:68E
1786565070.001688 s5e1-b8b7f286:1 s6e1-9cf5af8f:1 s7e1-a477e2ab:1
1786565070.027467 s5e1-b8b7f286:1 s6e1-9cf5af8f:1 s7e1-a477e2ab:1
1786565070.051670 s5e1-b8b7f286:1 s6e1-9cf5af8f:1 s7e1-a477e2ab:1
1786565070.075782 s5e1-b8b7f286:1 s6e1-9cf5af8f:1 s7e1-a477e2ab:1
1786565070.100558 s5e1-b8b7f286:1 s6e1-9cf5af8f:1 s7e1-a477e2ab:1 s8e1-8a5a4506:67E
1786565070.182071 s6e1-9cf5af8f:1 s7e1-a477e2ab:1 s8e1-8a5a4506:1
1786565070.206044 s6e1-9cf5af8f:1 s7e1-a477e2ab:1 s8e1-8a5a4506:1
1786565070.229368 s6e1-9cf5af8f:1 s7e1-a477e2ab:1 s8e1-8a5a4506:1
1786565070.252514 s6e1-9cf5af8f:1 s7e1-a477e2ab:1 s8e1-8a5a4506:1
1786565070.275755 s6e1-9cf5af8f:1 s7e1-a477e2ab:1 s8e1-8a5a4506:1
1786565070.299153 s6e1-9cf5af8f:1 s7e1-a477e2ab:1 s8e1-8a5a4506:1
1786565070.323253 s6e1-9cf5af8f:1 s7e1-a477e2ab:1 s8e1-8a5a4506:1
1786565070.346913 s6e1-9cf5af8f:1 s7e1-a477e2ab:1 s8e1-8a5a4506:1
1786565070.370178 s6e1-9cf5af8f:1 s7e1-a477e2ab:1 s8e1-8a5a4506:1
1786565070.395783 s7e1-a477e2ab:1 s8e1-8a5a4506:1
1786565070.418665 s7e1-a477e2ab:1 s8e1-8a5a4506:1
1786565070.441171 s7e1-a477e2ab:1 s8e1-8a5a4506:1
1786565070.463962 s7e1-a477e2ab:1 s8e1-8a5a4506:1 s1e1-9256ac17:54E
1786565070.524453 s7e1-a477e2ab:1 s8e1-8a5a4506:1 s1e1-9256ac17:1
1786565070.547860 s7e1-a477e2ab:1 s8e1-8a5a4506:1 s1e1-9256ac17:1
1786565070.571275 s7e1-a477e2ab:1 s8e1-8a5a4506:1 s1e1-9256ac17:1
1786565070.596207 s7e1-a477e2ab:1 s8e1-8a5a4506:1 s1e1-9256ac17:1
1786565070.620383 s7e1-a477e2ab:1 s8e1-8a5a4506:1 s1e1-9256ac17:1
1786565070.644413 s7e1-a477e2ab:1 s8e1-8a5a4506:1 s1e1-9256ac17:1
1786565070.669110 s8e1-8a5a4506:1 s1e1-9256ac17:1 s2e1-9f76c9cb:65E
1786565070.740745 s8e1-8a5a4506:1 s1e1-9256ac17:1 s2e1-9f76c9cb:1
1786565070.763780 s8e1-8a5a4506:1 s1e1-9256ac17:1 s2e1-9f76c9cb:1
1786565070.787210 s8e1-8a5a4506:1 s1e1-9256ac17:1 s2e1-9f76c9cb:1
1786565070.813462 s8e1-8a5a4506:1 s1e1-9256ac17:1 s2e1-9f76c9cb:1
1786565070.838778 s1e1-9256ac17:1 s2e1-9f76c9cb:1
1786565070.862396 s1e1-9256ac17:1 s2e1-9f76c9cb:1
1786565070.885566 s1e1-9256ac17:1 s2e1-9f76c9cb:1 s3e1-900d615e:69E
1786565070.956769 s1e1-9256ac17:1 s2e1-9f76c9cb:1 s3e1-900d615e:1
1786565070.979864 s1e1-9256ac17:1 s2e1-9f76c9cb:1 s3e1-900d615e:1
1786565071.003596 s1e1-9256ac17:1 s2e1-9f76c9cb:1 s3e1-900d615e:1
1786565071.027681 s1e1-9256ac17:1 s2e1-9f76c9cb:1 s3e1-900d615e:1
1786565071.051678 s1e1-9256ac17:1 s2e1-9f76c9cb:1 s3e1-900d615e:1
1786565071.076823 s1e1-9256ac17:1 s2e1-9f76c9cb:1 s3e1-900d615e:1
1786565071.100846 s1e1-9256ac17:1 s2e1-9f76c9cb:1 s3e1-900d615e:1
1786565071.124822 s1e1-9256ac17:1 s2e1-9f76c9cb:1 s3e1-900d615e:1
1786565071.148828 s1e1-9256ac17:1 s2e1-9f76c9cb:1 s3e1-900d615e:1 s4e1-8991268b:56E
1786565071.210614 s1e1-9256ac17:1 s2e1-9f76c9cb:1 s3e1-900d615e:1 s4e1-8991268b:1
1786565071.235705 s2e1-9f76c9cb:1 s3e1-900d615e:1 s4e1-8991268b:1
1786565071.259936 s2e1-9f76c9cb:1 s3e1-900d615e:1 s4e1-8991268b:1
1786565071.283349 s2e1-9f76c9cb:1 s3e1-900d615e:1 s4e1-8991268b:1
1786565071.308242 s2e1-9f76c9cb:1 s3e1-900d615e:1 s4e1-8991268b:1
1786565071.333561 s2e1-9f76c9cb:1 s3e1-900d615e:1 s4e1-8991268b:1
1786565071.357327 s2e1-9f76c9cb:1 s3e1-900d615e:1 s4e1-8991268b:1
1786565071.381451 s2e1-9f76c9cb:1 s3e1-900d615e:1 s4e1-8991268b:1 s5e1-b8b7f286:66E
1786565071.454085 s3e1-900d615e:1 s4e1-8991268b:1 s5e1-b8b7f286:1
1786565071.477459 s3e1-900d615e:1 s4e1-8991268b:1 s5e1-b8b7f286:1
1786565071.500712 s3e1-900d615e:1 s4e1-8991268b:1 s5e1-b8b7f286:1
1786565071.525901 s3e1-900d615e:1 s4e1-8991268b:1 s5e1-b8b7f286:1
1786565071.554961 s3e1-900d615e:1 s4e1-8991268b:1 s5e1-b8b7f286:1
1786565071.578800 s3e1-900d615e:1 s4e1-8991268b:1 s5e1-b8b7f286:1
1786565071.602664 s3e1-900d615e:1 s4e1-8991268b:1 s5e1-b8b7f286:1 s6e1-9cf5af8f:56E
1786565071.663768 s4e1-8991268b:1 s5e1-b8b7f286:1 s6e1-9cf5af8f:1
1786565071.687266 s4e1-8991268b:1 s5e1-b8b7f286:1 s6e1-9cf5af8f:1
1786565071.711157 s4e1-8991268b:1 s5e1-b8b7f286:1 s6e1-9cf5af8f:1
1786565071.734752 s4e1-8991268b:1 s5e1-b8b7f286:1 s6e1-9cf5af8f:1
1786565071.758266 s4e1-8991268b:1 s5e1-b8b7f286:1 s6e1-9cf5af8f:1
1786565071.781540 s4e1-8991268b:1 s5e1-b8b7f286:1 s6e1-9cf5af8f:1
1786565071.807275 s4e1-8991268b:1 s5e1-b8b7f286:1 s6e1-9cf5af8f:1
1786565071.833455 s4e1-8991268b:1 s5e1-b8b7f286:1 s6e1-9cf5af8f:1
1786565071.857394 s4e1-8991268b:1 s5e1-b8b7f286:1 s6e1-9cf5af8f:1
1786565071.882005 s5e1-b8b7f286:1 s6e1-9cf5af8f:1 s7e1-a477e2ab:65E
1786565071.953605 s5e1-b8b7f286:1 s6e1-9cf5af8f:1 s7e1-a477e2ab:1
1786565071.976597 s5e1-b8b7f286:1 s6e1-9cf5af8f:1 s7e1-a477e2ab:1
1786565071.999851 s5e1-b8b7f286:1 s6e1-9cf5af8f:1 s7e1-a477e2ab:1
1786565072.025248 s5e1-b8b7f286:1 s6e1-9cf5af8f:1 s7e1-a477e2ab:1
1786565072.057342 s5e1-b8b7f286:1 s6e1-9cf5af8f:1 s7e1-a477e2ab:1
1786565072.081445 s5e1-b8b7f286:1 s6e1-9cf5af8f:1 s7e1-a477e2ab:1
1786565072.105881 s5e1-b8b7f286:1 s6e1-9cf5af8f:1 s7e1-a477e2ab:1 s8e1-8a5a4506:64E
1786565072.179563 s6e1-9cf5af8f:1 s7e1-a477e2ab:1 s8e1-8a5a4506:1
1786565072.203279 s6e1-9cf5af8f:1 s7e1-a477e2ab:1 s8e1-8a5a4506:1
1786565072.226783 s6e1-9cf5af8f:1 s7e1-a477e2ab:1 s8e1-8a5a4506:1
1786565072.251420 s6e1-9cf5af8f:1 s7e1-a477e2ab:1 s8e1-8a5a4506:1
1786565072.276196 s6e1-9cf5af8f:1 s7e1-a477e2ab:1 s8e1-8a5a4506:1
1786565072.299937 s6e1-9cf5af8f:1 s7e1-a477e2ab:1 s8e1-8a5a4506:1
1786565072.324616 s6e1-9cf5af8f:1 s7e1-a477e2ab:1 s8e1-8a5a4506:1 s1e1-9256ac17:67E
1786565072.397008 s7e1-a477e2ab:1 s8e1-8a5a4506:1 s1e1-9256ac17:1
1786565072.420478 s7e1-a477e2ab:1 s8e1-8a5a4506:1 s1e1-9256ac17:1
1786565072.443520 s7e1-a477e2ab:1 s8e1-8a5a4506:1 s1e1-9256ac17:1
1786565072.466835 s7e1-a477e2ab:1 s8e1-8a5a4506:1 s1e1-9256ac17:1
1786565072.490252 s7e1-a477e2ab:1 s8e1-8a5a4506:1 s1e1-9256ac17:1
1786565072.513660 s7e1-a477e2ab:1 s8e1-8a5a4506:1 s1e1-9256ac17:1
1786565072.537137 s7e1-a477e2ab:1 s8e1-8a5a4506:1 s1e1-9256ac17:1
1786565072.562064 s7e1-a477e2ab:1 s8e1-8a5a4506:1 s1e1-9256ac17:1
1786565072.586004 s7e1-a477e2ab:1 s8e1-8a5a4506:1 s1e1-9256ac17:1
1786565072.609715 s7e1-a477e2ab:1 s8e1-8a5a4506:1 s1e1-9256ac17:1
1786565072.634192 s8e1-8a5a4506:1 s1e1-9256ac17:1 s2e1-9f76c9cb:62E
1786565072.695090 s8e1-8a5a4506:1 s1e1-9256ac17:1 s2e1-9f76c9cb:1
1786565072.718457 s8e1-8a5a4506:1 s1e1-9256ac17:1 s2e1-9f76c9cb:1
1786565072.741753 s8e1-8a5a4506:1 s1e1-9256ac17:1 s2e1-9f76c9cb:1
1786565072.764662 s8e1-8a5a4506:1 s1e1-9256ac17:1 s2e1-9f76c9cb:1
1786565072.789501 s8e1-8a5a4506:1 s1e1-9256ac17:1 s2e1-9f76c9cb:1
1786565072.814697 s8e1-8a5a4506:1 s1e1-9256ac17:1 s2e1-9f76c9cb:1
1786565072.839068 s1e1-9256ac17:1 s2e1-9f76c9cb:1
1786565072.863058 s1e1-9256ac17:1 s2e1-9f76c9cb:1 s3e1-900d615e:66E
1786565072.935494 s1e1-9256ac17:1 s2e1-9f76c9cb:1 s3e1-900d615e:1
1786565072.958702 s1e1-9256ac17:1 s2e1-9f76c9cb:1 s3e1-900d615e:1
1786565072.982108 s1e1-9256ac17:1 s2e1-9f76c9cb:1 s3e1-900d615e:1
1786565073.007996 s1e1-9256ac17:1 s2e1-9f76c9cb:1 s3e1-900d615e:1
1786565073.034712 s1e1-9256ac17:1 s2e1-9f76c9cb:1 s3e1-900d615e:1
1786565073.059855 s2e1-9f76c9cb:1 s3e1-900d615e:1
1786565073.083808 s2e1-9f76c9cb:1 s3e1-900d615e:1 s4e1-8991268b:69E
1786565073.157529 s2e1-9f76c9cb:1 s3e1-900d615e:1 s4e1-8991268b:1
1786565073.181330 s2e1-9f76c9cb:1 s3e1-900d615e:1 s4e1-8991268b:1
1786565073.205094 s2e1-9f76c9cb:1 s3e1-900d615e:1 s4e1-8991268b:1
1786565073.229162 s2e1-9f76c9cb:1 s3e1-900d615e:1 s4e1-8991268b:1
1786565073.252719 s2e1-9f76c9cb:1 s3e1-900d615e:1 s4e1-8991268b:1
1786565073.277549 s2e1-9f76c9cb:1 s3e1-900d615e:1 s4e1-8991268b:1
1786565073.303651 s2e1-9f76c9cb:1 s3e1-900d615e:1 s4e1-8991268b:1
1786565073.327803 s2e1-9f76c9cb:1 s3e1-900d615e:1 s4e1-8991268b:1
1786565073.351884 s2e1-9f76c9cb:1 s3e1-900d615e:1 s4e1-8991268b:1 s5e1-b8b7f286:63E
1786565073.425437 s3e1-900d615e:1 s4e1-8991268b:1 s5e1-b8b7f286:1
1786565073.449142 s3e1-900d615e:1 s4e1-8991268b:1 s5e1-b8b7f286:1
1786565073.472453 s3e1-900d615e:1 s4e1-8991268b:1 s5e1-b8b7f286:1
1786565073.496996 s3e1-900d615e:1 s4e1-8991268b:1 s5e1-b8b7f286:1
1786565073.522342 s3e1-900d615e:1 s4e1-8991268b:1 s5e1-b8b7f286:1
1786565073.546162 s3e1-900d615e:1 s4e1-8991268b:1 s5e1-b8b7f286:1
1786565073.570764 s3e1-900d615e:1 s4e1-8991268b:1 s5e1-b8b7f286:1 s6e1-9cf5af8f:69E
1786565073.642579 s3e1-900d615e:1 s4e1-8991268b:1 s5e1-b8b7f286:1 s6e1-9cf5af8f:1
1786565073.666921 s4e1-8991268b:1 s5e1-b8b7f286:1 s6e1-9cf5af8f:1
1786565073.690999 s4e1-8991268b:1 s5e1-b8b7f286:1 s6e1-9cf5af8f:1
1786565073.714669 s4e1-8991268b:1 s5e1-b8b7f286:1 s6e1-9cf5af8f:1
1786565073.738214 s4e1-8991268b:1 s5e1-b8b7f286:1 s6e1-9cf5af8f:1
1786565073.761795 s4e1-8991268b:1 s5e1-b8b7f286:1 s6e1-9cf5af8f:1
1786565073.786839 s4e1-8991268b:1 s5e1-b8b7f286:1 s6e1-9cf5af8f:1
1786565073.811388 s4e1-8991268b:1 s5e1-b8b7f286:1 s6e1-9cf5af8f:1
1786565073.835990 s5e1-b8b7f286:1 s6e1-9cf5af8f:1
1786565073.859167 s5e1-b8b7f286:1 s6e1-9cf5af8f:1 s7e1-a477e2ab:62E
1786565073.919951 s5e1-b8b7f286:1 s6e1-9cf5af8f:1 s7e1-a477e2ab:1
1786565073.943638 s5e1-b8b7f286:1 s6e1-9cf5af8f:1 s7e1-a477e2ab:1
1786565073.967825 s5e1-b8b7f286:1 s6e1-9cf5af8f:1 s7e1-a477e2ab:1
1786565073.991415 s5e1-b8b7f286:1 s6e1-9cf5af8f:1 s7e1-a477e2ab:1
1786565074.015130 s5e1-b8b7f286:1 s6e1-9cf5af8f:1 s7e1-a477e2ab:1
1786565074.040563 s5e1-b8b7f286:1 s6e1-9cf5af8f:1 s7e1-a477e2ab:1
1786565074.067399 s5e1-b8b7f286:1 s6e1-9cf5af8f:1 s7e1-a477e2ab:1
1786565074.092216 s6e1-9cf5af8f:1 s7e1-a477e2ab:1
1786565074.115832 s6e1-9cf5af8f:1 s7e1-a477e2ab:1 s8e1-8a5a4506:61E
1786565074.178703 s6e1-9cf5af8f:1 s7e1-a477e2ab:1 s8e1-8a5a4506:1
1786565074.202144 s6e1-9cf5af8f:1 s7e1-a477e2ab:1 s8e1-8a5a4506:1
1786565074.225871 s6e1-9cf5af8f:1 s7e1-a477e2ab:1 s8e1-8a5a4506:1
1786565074.252915 s6e1-9cf5af8f:1 s7e1-a477e2ab:1 s8e1-8a5a4506:1
1786565074.280463 s6e1-9cf5af8f:1 s7e1-a477e2ab:1 s8e1-8a5a4506:1
1786565074.305274 s7e1-a477e2ab:1 s8e1-8a5a4506:1
1786565074.329001 s7e1-a477e2ab:1 s8e1-8a5a4506:1 s1e1-9256ac17:64E
1786565074.401816 s7e1-a477e2ab:1 s8e1-8a5a4506:1 s1e1-9256ac17:1
1786565074.424928 s7e1-a477e2ab:1 s8e1-8a5a4506:1 s1e1-9256ac17:1
1786565074.448379 s7e1-a477e2ab:1 s8e1-8a5a4506:1 s1e1-9256ac17:1
1786565074.471678 s7e1-a477e2ab:1 s8e1-8a5a4506:1 s1e1-9256ac17:1
1786565074.495059 s7e1-a477e2ab:1 s8e1-8a5a4506:1 s1e1-9256ac17:1
1786565074.518374 s7e1-a477e2ab:1 s8e1-8a5a4506:1 s1e1-9256ac17:1
1786565074.543462 s7e1-a477e2ab:1 s8e1-8a5a4506:1 s1e1-9256ac17:1
1786565074.570333 s7e1-a477e2ab:1 s8e1-8a5a4506:1 s1e1-9256ac17:1
1786565074.594895 s8e1-8a5a4506:1 s1e1-9256ac17:1
1786565074.618084 s8e1-8a5a4506:1 s1e1-9256ac17:1 s2e1-9f76c9cb:59E
1786565074.680314 s8e1-8a5a4506:1 s1e1-9256ac17:1 s2e1-9f76c9cb:1
1786565074.704125 s8e1-8a5a4506:1 s1e1-9256ac17:1 s2e1-9f76c9cb:1
1786565074.728116 s8e1-8a5a4506:1 s1e1-9256ac17:1 s2e1-9f76c9cb:1
1786565074.751665 s8e1-8a5a4506:1 s1e1-9256ac17:1 s2e1-9f76c9cb:1
1786565074.776587 s8e1-8a5a4506:1 s1e1-9256ac17:1 s2e1-9f76c9cb:1
1786565074.801991 s8e1-8a5a4506:1 s1e1-9256ac17:1 s2e1-9f76c9cb:1
1786565074.825784 s8e1-8a5a4506:1 s1e1-9256ac17:1 s2e1-9f76c9cb:1
1786565074.850414 s1e1-9256ac17:1 s2e1-9f76c9cb:1 s3e1-900d615e:63E
1786565074.923941 s1e1-9256ac17:1 s2e1-9f76c9cb:1 s3e1-900d615e:1
1786565074.947803 s1e1-9256ac17:1 s2e1-9f76c9cb:1 s3e1-900d615e:1
1786565074.971217 s1e1-9256ac17:1 s2e1-9f76c9cb:1 s3e1-900d615e:1
1786565074.994821 s1e1-9256ac17:1 s2e1-9f76c9cb:1 s3e1-900d615e:1
1786565075.020268 s1e1-9256ac17:1 s2e1-9f76c9cb:1 s3e1-900d615e:1
1786565075.047351 s1e1-9256ac17:1 s2e1-9f76c9cb:1 s3e1-900d615e:1
1786565075.072215 s2e1-9f76c9cb:1 s3e1-900d615e:1
1786565075.095832 s2e1-9f76c9cb:1 s3e1-900d615e:1 s4e1-8991268b:66E
1786565075.169104 s2e1-9f76c9cb:1 s3e1-900d615e:1 s4e1-8991268b:1
1786565075.192536 s2e1-9f76c9cb:1 s3e1-900d615e:1 s4e1-8991268b:1
1786565075.216180 s2e1-9f76c9cb:1 s3e1-900d615e:1 s4e1-8991268b:1
1786565075.239904 s2e1-9f76c9cb:1 s3e1-900d615e:1 s4e1-8991268b:1
1786565075.263746 s2e1-9f76c9cb:1 s3e1-900d615e:1 s4e1-8991268b:1
1786565075.287668 s2e1-9f76c9cb:1 s3e1-900d615e:1 s4e1-8991268b:1
1786565075.311469 s2e1-9f76c9cb:1 s3e1-900d615e:1 s4e1-8991268b:1
1786565075.336757 s2e1-9f76c9cb:1 s3e1-900d615e:1 s4e1-8991268b:1
1786565075.366378 s3e1-900d615e:1 s4e1-8991268b:1
1786565075.389546 s3e1-900d615e:1 s4e1-8991268b:1
1786565075.412692 s3e1-900d615e:1 s4e1-8991268b:1 s5e1-b8b7f286:60E
1786565075.475031 s3e1-900d615e:1 s4e1-8991268b:1 s5e1-b8b7f286:1
1786565075.498785 s3e1-900d615e:1 s4e1-8991268b:1 s5e1-b8b7f286:1
1786565075.522660 s3e1-900d615e:1 s4e1-8991268b:1 s5e1-b8b7f286:1
1786565075.549050 s3e1-900d615e:1 s4e1-8991268b:1 s5e1-b8b7f286:1
1786565075.578176 s3e1-900d615e:1 s4e1-8991268b:1 s5e1-b8b7f286:1
1786565075.602805 s4e1-8991268b:1 s5e1-b8b7f286:1
1786565075.625933 s4e1-8991268b:1 s5e1-b8b7f286:1 s6e1-9cf5af8f:66E
1786565075.697220 s4e1-8991268b:1 s5e1-b8b7f286:1 s6e1-9cf5af8f:1
1786565075.720401 s4e1-8991268b:1 s5e1-b8b7f286:1 s6e1-9cf5af8f:1
1786565075.746344 s4e1-8991268b:1 s5e1-b8b7f286:1 s6e1-9cf5af8f:1
1786565075.774961 s4e1-8991268b:1 s5e1-b8b7f286:1 s6e1-9cf5af8f:1
1786565075.798821 s4e1-8991268b:1 s5e1-b8b7f286:1 s6e1-9cf5af8f:1
1786565075.822888 s4e1-8991268b:1 s5e1-b8b7f286:1 s6e1-9cf5af8f:1 s7e1-a477e2ab:59E
1786565075.885100 s5e1-b8b7f286:1 s6e1-9cf5af8f:1 s7e1-a477e2ab:1
1786565075.909187 s5e1-b8b7f286:1 s6e1-9cf5af8f:1 s7e1-a477e2ab:1
1786565075.932759 s5e1-b8b7f286:1 s6e1-9cf5af8f:1 s7e1-a477e2ab:1
1786565075.956090 s5e1-b8b7f286:1 s6e1-9cf5af8f:1 s7e1-a477e2ab:1
1786565075.979582 s5e1-b8b7f286:1 s6e1-9cf5af8f:1 s7e1-a477e2ab:1
1786565076.003682 s5e1-b8b7f286:1 s6e1-9cf5af8f:1 s7e1-a477e2ab:1
1786565076.027714 s5e1-b8b7f286:1 s6e1-9cf5af8f:1 s7e1-a477e2ab:1
1786565076.051896 s5e1-b8b7f286:1 s6e1-9cf5af8f:1 s7e1-a477e2ab:1
1786565076.075769 s5e1-b8b7f286:1 s6e1-9cf5af8f:1 s7e1-a477e2ab:1
1786565076.099456 s5e1-b8b7f286:1 s6e1-9cf5af8f:1 s7e1-a477e2ab:1
1786565076.123387 s5e1-b8b7f286:1 s6e1-9cf5af8f:1 s7e1-a477e2ab:1
1786565076.149269 s6e1-9cf5af8f:1 s7e1-a477e2ab:1
1786565076.173546 s6e1-9cf5af8f:1 s7e1-a477e2ab:1
1786565076.196598 s6e1-9cf5af8f:1 s7e1-a477e2ab:1
1786565076.220062 s6e1-9cf5af8f:1 s7e1-a477e2ab:1 s8e1-8a5a4506:58E
1786565076.282773 s6e1-9cf5af8f:1 s7e1-a477e2ab:1 s8e1-8a5a4506:1
1786565076.306241 s6e1-9cf5af8f:1 s7e1-a477e2ab:1 s8e1-8a5a4506:1
1786565076.330747 s6e1-9cf5af8f:1 s7e1-a477e2ab:1 s8e1-8a5a4506:1
1786565076.355752 s7e1-a477e2ab:1 s8e1-8a5a4506:1 s1e1-9256ac17:61E
1786565076.417126 s7e1-a477e2ab:1 s8e1-8a5a4506:1 s1e1-9256ac17:1
1786565076.440853 s7e1-a477e2ab:1 s8e1-8a5a4506:1 s1e1-9256ac17:1
1786565076.464832 s7e1-a477e2ab:1 s8e1-8a5a4506:1 s1e1-9256ac17:1
1786565076.488455 s7e1-a477e2ab:1 s8e1-8a5a4506:1 s1e1-9256ac17:1
1786565076.511751 s7e1-a477e2ab:1 s8e1-8a5a4506:1 s1e1-9256ac17:1
1786565076.538239 s8e1-8a5a4506:1 s1e1-9256ac17:1
1786565076.563015 s8e1-8a5a4506:1 s1e1-9256ac17:1
1786565076.585811 s8e1-8a5a4506:1 s1e1-9256ac17:1
1786565076.609077 s8e1-8a5a4506:1 s1e1-9256ac17:1 s2e1-9f76c9cb:56E
1786565076.671250 s8e1-8a5a4506:1 s1e1-9256ac17:1 s2e1-9f76c9cb:1
1786565076.695114 s8e1-8a5a4506:1 s1e1-9256ac17:1 s2e1-9f76c9cb:1
1786565076.718890 s8e1-8a5a4506:1 s1e1-9256ac17:1 s2e1-9f76c9cb:1
1786565076.742567 s8e1-8a5a4506:1 s1e1-9256ac17:1 s2e1-9f76c9cb:1
1786565076.767478 s8e1-8a5a4506:1 s1e1-9256ac17:1 s2e1-9f76c9cb:1
1786565076.790885 s8e1-8a5a4506:1 s1e1-9256ac17:1 s2e1-9f76c9cb:1
1786565076.815067 s8e1-8a5a4506:1 s1e1-9256ac17:1 s2e1-9f76c9cb:1
1786565076.839767 s8e1-8a5a4506:1 s1e1-9256ac17:1 s2e1-9f76c9cb:1 s3e1-900d615e:60E
1786565076.902297 s8e1-8a5a4506:1 s1e1-9256ac17:1 s2e1-9f76c9cb:1 s3e1-900d615e:1
1786565076.926381 s8e1-8a5a4506:1 s1e1-9256ac17:1 s2e1-9f76c9cb:1 s3e1-900d615e:1
1786565076.949892 s8e1-8a5a4506:1 s1e1-9256ac17:1 s2e1-9f76c9cb:1 s3e1-900d615e:1
1786565076.974235 s1e1-9256ac17:1 s2e1-9f76c9cb:1 s3e1-900d615e:1
1786565076.998106 s1e1-9256ac17:1 s2e1-9f76c9cb:1 s3e1-900d615e:1
1786565077.023245 s1e1-9256ac17:1 s2e1-9f76c9cb:1 s3e1-900d615e:1
1786565077.048002 s1e1-9256ac17:1 s2e1-9f76c9cb:1 s3e1-900d615e:1
1786565077.073215 s2e1-9f76c9cb:1 s3e1-900d615e:1
1786565077.097018 s2e1-9f76c9cb:1 s3e1-900d615e:1 s4e1-8991268b:63E
1786565077.169424 s2e1-9f76c9cb:1 s3e1-900d615e:1 s4e1-8991268b:1
1786565077.192996 s2e1-9f76c9cb:1 s3e1-900d615e:1 s4e1-8991268b:1
1786565077.218072 s2e1-9f76c9cb:1 s3e1-900d615e:1 s4e1-8991268b:1
1786565077.242596 s2e1-9f76c9cb:1 s3e1-900d615e:1 s4e1-8991268b:1
1786565077.266547 s2e1-9f76c9cb:1 s3e1-900d615e:1 s4e1-8991268b:1
1786565077.291035 s2e1-9f76c9cb:1 s3e1-900d615e:1 s4e1-8991268b:1 s5e1-b8b7f286:57E
1786565077.353830 s2e1-9f76c9cb:1 s3e1-900d615e:1 s4e1-8991268b:1 s5e1-b8b7f286:1
1786565077.378592 s3e1-900d615e:1 s4e1-8991268b:1 s5e1-b8b7f286:1
1786565077.402639 s3e1-900d615e:1 s4e1-8991268b:1 s5e1-b8b7f286:1
1786565077.426398 s3e1-900d615e:1 s4e1-8991268b:1 s5e1-b8b7f286:1
1786565077.450331 s3e1-900d615e:1 s4e1-8991268b:1 s5e1-b8b7f286:1
1786565077.474338 s3e1-900d615e:1 s4e1-8991268b:1 s5e1-b8b7f286:1
1786565077.497872 s3e1-900d615e:1 s4e1-8991268b:1 s5e1-b8b7f286:1
1786565077.521644 s3e1-900d615e:1 s4e1-8991268b:1 s5e1-b8b7f286:1
1786565077.546687 s3e1-900d615e:1 s4e1-8991268b:1 s5e1-b8b7f286:1
1786565077.572995 s4e1-8991268b:1 s5e1-b8b7f286:1
1786565077.596386 s4e1-8991268b:1 s5e1-b8b7f286:1
1786565077.619545 s4e1-8991268b:1 s5e1-b8b7f286:1 s6e1-9cf5af8f:63E
1786565077.691458 s4e1-8991268b:1 s5e1-b8b7f286:1 s6e1-9cf5af8f:1
1786565077.715188 s4e1-8991268b:1 s5e1-b8b7f286:1 s6e1-9cf5af8f:1
1786565077.738431 s4e1-8991268b:1 s5e1-b8b7f286:1 s6e1-9cf5af8f:1
1786565077.761728 s4e1-8991268b:1 s5e1-b8b7f286:1 s6e1-9cf5af8f:1
1786565077.786697 s4e1-8991268b:1 s5e1-b8b7f286:1 s6e1-9cf5af8f:1
1786565077.810457 s4e1-8991268b:1 s5e1-b8b7f286:1 s6e1-9cf5af8f:1
1786565077.835095 s5e1-b8b7f286:1 s6e1-9cf5af8f:1
1786565077.858337 s5e1-b8b7f286:1 s6e1-9cf5af8f:1 s7e1-a477e2ab:56E
1786565077.920330 s5e1-b8b7f286:1 s6e1-9cf5af8f:1 s7e1-a477e2ab:1
1786565077.944074 s5e1-b8b7f286:1 s6e1-9cf5af8f:1 s7e1-a477e2ab:1
1786565077.967858 s5e1-b8b7f286:1 s6e1-9cf5af8f:1 s7e1-a477e2ab:1
1786565077.993098 s5e1-b8b7f286:1 s6e1-9cf5af8f:1 s7e1-a477e2ab:1
1786565078.019877 s6e1-9cf5af8f:1 s7e1-a477e2ab:1
1786565078.043240 s6e1-9cf5af8f:1 s7e1-a477e2ab:1
1786565078.066989 s6e1-9cf5af8f:1 s7e1-a477e2ab:1 s8e1-8a5a4506:55E
1786565078.130130 s6e1-9cf5af8f:1 s7e1-a477e2ab:1 s8e1-8a5a4506:1
1786565078.154044 s6e1-9cf5af8f:1 s7e1-a477e2ab:1 s8e1-8a5a4506:1
1786565078.178231 s6e1-9cf5af8f:1 s7e1-a477e2ab:1 s8e1-8a5a4506:1
1786565078.201801 s6e1-9cf5af8f:1 s7e1-a477e2ab:1 s8e1-8a5a4506:1
1786565078.225524 s6e1-9cf5af8f:1 s7e1-a477e2ab:1 s8e1-8a5a4506:1
1786565078.249349 s6e1-9cf5af8f:1 s7e1-a477e2ab:1 s8e1-8a5a4506:1
1786565078.273101 s6e1-9cf5af8f:1 s7e1-a477e2ab:1 s8e1-8a5a4506:1
1786565078.298249 s6e1-9cf5af8f:1 s7e1-a477e2ab:1 s8e1-8a5a4506:1
1786565078.321762 s6e1-9cf5af8f:1 s7e1-a477e2ab:1 s8e1-8a5a4506:1
1786565078.347374 s7e1-a477e2ab:1 s8e1-8a5a4506:1
1786565078.370781 s7e1-a477e2ab:1 s8e1-8a5a4506:1 s1e1-9256ac17:58E
1786565078.433364 s7e1-a477e2ab:1 s8e1-8a5a4506:1 s1e1-9256ac17:1
1786565078.456914 s7e1-a477e2ab:1 s8e1-8a5a4506:1 s1e1-9256ac17:1
1786565078.480835 s7e1-a477e2ab:1 s8e1-8a5a4506:1 s1e1-9256ac17:1
1786565078.506099 s7e1-a477e2ab:1 s8e1-8a5a4506:1 s1e1-9256ac17:1
1786565078.531292 s7e1-a477e2ab:1 s8e1-8a5a4506:1 s1e1-9256ac17:1
1786565078.555518 s7e1-a477e2ab:1 s8e1-8a5a4506:1 s1e1-9256ac17:1
1786565078.580473 s8e1-8a5a4506:1 s1e1-9256ac17:1 s2e1-9f76c9cb:69E
1786565078.652698 s8e1-8a5a4506:1 s1e1-9256ac17:1 s2e1-9f76c9cb:1
1786565078.676390 s8e1-8a5a4506:1 s1e1-9256ac17:1 s2e1-9f76c9cb:1
1786565078.700239 s8e1-8a5a4506:1 s1e1-9256ac17:1 s2e1-9f76c9cb:1
1786565078.724274 s8e1-8a5a4506:1 s1e1-9256ac17:1 s2e1-9f76c9cb:1
1786565078.748331 s8e1-8a5a4506:1 s1e1-9256ac17:1 s2e1-9f76c9cb:1
1786565078.773854 s8e1-8a5a4506:1 s1e1-9256ac17:1 s2e1-9f76c9cb:1
1786565078.798166 s1e1-9256ac17:1 s2e1-9f76c9cb:1
1786565078.821187 s1e1-9256ac17:1 s2e1-9f76c9cb:1
1786565078.844252 s1e1-9256ac17:1 s2e1-9f76c9cb:1 s3e1-900d615e:57E
1786565078.906603 s1e1-9256ac17:1 s2e1-9f76c9cb:1 s3e1-900d615e:1
1786565078.930477 s1e1-9256ac17:1 s2e1-9f76c9cb:1 s3e1-900d615e:1
1786565078.954345 s1e1-9256ac17:1 s2e1-9f76c9cb:1 s3e1-900d615e:1
1786565078.977702 s1e1-9256ac17:1 s2e1-9f76c9cb:1 s3e1-900d615e:1
1786565079.001460 s1e1-9256ac17:1 s2e1-9f76c9cb:1 s3e1-900d615e:1
1786565079.026822 s1e1-9256ac17:1 s2e1-9f76c9cb:1 s3e1-900d615e:1
1786565079.054362 s1e1-9256ac17:1 s2e1-9f76c9cb:1 s3e1-900d615e:1
1786565079.078620 s1e1-9256ac17:1 s2e1-9f76c9cb:1 s3e1-900d615e:1
1786565079.103263 s2e1-9f76c9cb:1 s3e1-900d615e:1 s4e1-8991268b:60E
1786565079.165666 s2e1-9f76c9cb:1 s3e1-900d615e:1 s4e1-8991268b:1
1786565079.189488 s2e1-9f76c9cb:1 s3e1-900d615e:1 s4e1-8991268b:1
1786565079.213317 s2e1-9f76c9cb:1 s3e1-900d615e:1 s4e1-8991268b:1
1786565079.237642 s2e1-9f76c9cb:1 s3e1-900d615e:1 s4e1-8991268b:1
1786565079.263321 s2e1-9f76c9cb:1 s3e1-900d615e:1 s4e1-8991268b:1
1786565079.289039 s2e1-9f76c9cb:1 s3e1-900d615e:1 s4e1-8991268b:1
1786565079.313691 s3e1-900d615e:1 s4e1-8991268b:1
1786565079.337042 s3e1-900d615e:1 s4e1-8991268b:1 s5e1-b8b7f286:54E
1786565079.401050 s3e1-900d615e:1 s4e1-8991268b:1 s5e1-b8b7f286:1
1786565079.424710 s3e1-900d615e:1 s4e1-8991268b:1 s5e1-b8b7f286:1
1786565079.448514 s3e1-900d615e:1 s4e1-8991268b:1 s5e1-b8b7f286:1
1786565079.472375 s3e1-900d615e:1 s4e1-8991268b:1 s5e1-b8b7f286:1
1786565079.496052 s3e1-900d615e:1 s4e1-8991268b:1 s5e1-b8b7f286:1
1786565079.521396 s3e1-900d615e:1 s4e1-8991268b:1 s5e1-b8b7f286:1
1786565079.547384 s3e1-900d615e:1 s4e1-8991268b:1 s5e1-b8b7f286:1
1786565079.572527 s4e1-8991268b:1 s5e1-b8b7f286:1
1786565079.596211 s4e1-8991268b:1 s5e1-b8b7f286:1 s6e1-9cf5af8f:60E
1786565079.658591 s4e1-8991268b:1 s5e1-b8b7f286:1 s6e1-9cf5af8f:1
1786565079.682026 s4e1-8991268b:1 s5e1-b8b7f286:1 s6e1-9cf5af8f:1
1786565079.705937 s4e1-8991268b:1 s5e1-b8b7f286:1 s6e1-9cf5af8f:1
1786565079.730112 s4e1-8991268b:1 s5e1-b8b7f286:1 s6e1-9cf5af8f:1
1786565079.755554 s4e1-8991268b:1 s5e1-b8b7f286:1 s6e1-9cf5af8f:1
1786565079.781671 s4e1-8991268b:1 s5e1-b8b7f286:1 s6e1-9cf5af8f:1
1786565079.805841 s4e1-8991268b:1 s5e1-b8b7f286:1 s6e1-9cf5af8f:1
1786565079.830953 s5e1-b8b7f286:1 s6e1-9cf5af8f:1 s7e1-a477e2ab:69E
1786565079.902821 s5e1-b8b7f286:1 s6e1-9cf5af8f:1 s7e1-a477e2ab:1
1786565079.926309 s5e1-b8b7f286:1 s6e1-9cf5af8f:1 s7e1-a477e2ab:1
1786565079.949870 s5e1-b8b7f286:1 s6e1-9cf5af8f:1 s7e1-a477e2ab:1
1786565079.973405 s5e1-b8b7f286:1 s6e1-9cf5af8f:1 s7e1-a477e2ab:1
1786565079.996953 s5e1-b8b7f286:1 s6e1-9cf5af8f:1 s7e1-a477e2ab:1
1786565080.020646 s5e1-b8b7f286:1 s6e1-9cf5af8f:1 s7e1-a477e2ab:1
1786565080.046379 s5e1-b8b7f286:1 s6e1-9cf5af8f:1 s7e1-a477e2ab:1
1786565080.076709 s6e1-9cf5af8f:1 s7e1-a477e2ab:1
1786565080.099845 s6e1-9cf5af8f:1 s7e1-a477e2ab:1
1786565080.123220 s6e1-9cf5af8f:1 s7e1-a477e2ab:1 s8e1-8a5a4506:68E
1786565080.196395 s6e1-9cf5af8f:1 s7e1-a477e2ab:1 s8e1-8a5a4506:1
1786565080.220024 s6e1-9cf5af8f:1 s7e1-a477e2ab:1 s8e1-8a5a4506:1
1786565080.243556 s6e1-9cf5af8f:1 s7e1-a477e2ab:1 s8e1-8a5a4506:1
1786565080.266913 s6e1-9cf5af8f:1 s7e1-a477e2ab:1 s8e1-8a5a4506:1
1786565080.292170 s6e1-9cf5af8f:1 s7e1-a477e2ab:1 s8e1-8a5a4506:1
1786565080.318669 s6e1-9cf5af8f:1 s7e1-a477e2ab:1 s8e1-8a5a4506:1
1786565080.343301 s7e1-a477e2ab:1 s8e1-8a5a4506:1
1786565080.366934 s7e1-a477e2ab:1 s8e1-8a5a4506:1 s1e1-9256ac17:55E
1786565080.431073 s7e1-a477e2ab:1 s8e1-8a5a4506:1 s1e1-9256ac17:1
1786565080.454618 s7e1-a477e2ab:1 s8e1-8a5a4506:1 s1e1-9256ac17:1
1786565080.478341 s7e1-a477e2ab:1 s8e1-8a5a4506:1 s1e1-9256ac17:1
1786565080.502217 s7e1-a477e2ab:1 s8e1-8a5a4506:1 s1e1-9256ac17:1
1786565080.528448 s7e1-a477e2ab:1 s8e1-8a5a4506:1 s1e1-9256ac17:1
1786565080.556531 s7e1-a477e2ab:1 s8e1-8a5a4506:1 s1e1-9256ac17:1
1786565080.581240 s8e1-8a5a4506:1 s1e1-9256ac17:1
1786565080.604970 s8e1-8a5a4506:1 s1e1-9256ac17:1 s2e1-9f76c9cb:66E
1786565080.678118 s8e1-8a5a4506:1 s1e1-9256ac17:1 s2e1-9f76c9cb:1
1786565080.702147 s8e1-8a5a4506:1 s1e1-9256ac17:1 s2e1-9f76c9cb:1
1786565080.725818 s8e1-8a5a4506:1 s1e1-9256ac17:1 s2e1-9f76c9cb:1
1786565080.749545 s8e1-8a5a4506:1 s1e1-9256ac17:1 s2e1-9f76c9cb:1
1786565080.773049 s8e1-8a5a4506:1 s1e1-9256ac17:1 s2e1-9f76c9cb:1
1786565080.799647 s8e1-8a5a4506:1 s1e1-9256ac17:1 s2e1-9f76c9cb:1
1786565080.826687 s8e1-8a5a4506:1 s1e1-9256ac17:1 s2e1-9f76c9cb:1
1786565080.850947 s8e1-8a5a4506:1 s1e1-9256ac17:1 s2e1-9f76c9cb:1
1786565080.875818 s1e1-9256ac17:1 s2e1-9f76c9cb:1 s3e1-900d615e:54E
1786565080.936336 s1e1-9256ac17:1 s2e1-9f76c9cb:1 s3e1-900d615e:1
1786565080.960221 s1e1-9256ac17:1 s2e1-9f76c9cb:1 s3e1-900d615e:1
1786565080.984387 s1e1-9256ac17:1 s2e1-9f76c9cb:1 s3e1-900d615e:1
1786565081.008541 s1e1-9256ac17:1 s2e1-9f76c9cb:1 s3e1-900d615e:1
1786565081.034762 s1e1-9256ac17:1 s2e1-9f76c9cb:1 s3e1-900d615e:1
1786565081.062749 s1e1-9256ac17:1 s2e1-9f76c9cb:1 s3e1-900d615e:1
1786565081.087204 s1e1-9256ac17:1 s2e1-9f76c9cb:1 s3e1-900d615e:1
1786565081.112291 s2e1-9f76c9cb:1 s3e1-900d615e:1 s4e1-8991268b:57E
1786565081.175451 s2e1-9f76c9cb:1 s3e1-900d615e:1 s4e1-8991268b:1
1786565081.199265 s2e1-9f76c9cb:1 s3e1-900d615e:1 s4e1-8991268b:1
1786565081.223407 s2e1-9f76c9cb:1 s3e1-900d615e:1 s4e1-8991268b:1
1786565081.249013 s2e1-9f76c9cb:1 s3e1-900d615e:1 s4e1-8991268b:1
1786565081.284504 s2e1-9f76c9cb:1 s3e1-900d615e:1 s4e1-8991268b:1
1786565081.308920 s2e1-9f76c9cb:1 s3e1-900d615e:1 s4e1-8991268b:1
1786565081.333317 s2e1-9f76c9cb:1 s3e1-900d615e:1 s4e1-8991268b:1 s5e1-b8b7f286:67E
1786565081.407822 s3e1-900d615e:1 s4e1-8991268b:1 s5e1-b8b7f286:1
1786565081.431627 s3e1-900d615e:1 s4e1-8991268b:1 s5e1-b8b7f286:1
1786565081.455384 s3e1-900d615e:1 s4e1-8991268b:1 s5e1-b8b7f286:1
1786565081.479075 s3e1-900d615e:1 s4e1-8991268b:1 s5e1-b8b7f286:1
1786565081.503071 s3e1-900d615e:1 s4e1-8991268b:1 s5e1-b8b7f286:1
1786565081.528641 s3e1-900d615e:1 s4e1-8991268b:1 s5e1-b8b7f286:1
1786565081.554390 s3e1-900d615e:1 s4e1-8991268b:1 s5e1-b8b7f286:1
1786565081.578289 s3e1-900d615e:1 s4e1-8991268b:1 s5e1-b8b7f286:1
1786565081.602549 s3e1-900d615e:1 s4e1-8991268b:1 s5e1-b8b7f286:1 s6e1-9cf5af8f:57E
1786565081.666017 s4e1-8991268b:1 s5e1-b8b7f286:1 s6e1-9cf5af8f:1
1786565081.690012 s4e1-8991268b:1 s5e1-b8b7f286:1 s6e1-9cf5af8f:1
1786565081.715454 s4e1-8991268b:1 s5e1-b8b7f286:1 s6e1-9cf5af8f:1
1786565081.741067 s4e1-8991268b:1 s5e1-b8b7f286:1 s6e1-9cf5af8f:1
1786565081.765153 s4e1-8991268b:1 s5e1-b8b7f286:1 s6e1-9cf5af8f:1
1786565081.789216 s4e1-8991268b:1 s5e1-b8b7f286:1 s6e1-9cf5af8f:1 s7e1-a477e2ab:66E
1786565081.862165 s4e1-8991268b:1 s5e1-b8b7f286:1 s6e1-9cf5af8f:1 s7e1-a477e2ab:1
1786565081.885965 s4e1-8991268b:1 s5e1-b8b7f286:1 s6e1-9cf5af8f:1 s7e1-a477e2ab:1
1786565081.910168 s5e1-b8b7f286:1 s6e1-9cf5af8f:1 s7e1-a477e2ab:1
1786565081.933885 s5e1-b8b7f286:1 s6e1-9cf5af8f:1 s7e1-a477e2ab:1
1786565081.958858 s5e1-b8b7f286:1 s6e1-9cf5af8f:1 s7e1-a477e2ab:1
1786565081.985999 s5e1-b8b7f286:1 s6e1-9cf5af8f:1 s7e1-a477e2ab:1
1786565082.010045 s5e1-b8b7f286:1 s6e1-9cf5af8f:1 s7e1-a477e2ab:1
1786565082.034868 s5e1-b8b7f286:1 s6e1-9cf5af8f:1 s7e1-a477e2ab:1 s8e1-8a5a4506:65E
1786565082.109504 s5e1-b8b7f286:1 s6e1-9cf5af8f:1 s7e1-a477e2ab:1 s8e1-8a5a4506:1
1786565082.134008 s6e1-9cf5af8f:1 s7e1-a477e2ab:1 s8e1-8a5a4506:1
1786565082.157925 s6e1-9cf5af8f:1 s7e1-a477e2ab:1 s8e1-8a5a4506:1
1786565082.181674 s6e1-9cf5af8f:1 s7e1-a477e2ab:1 s8e1-8a5a4506:1
1786565082.205537 s6e1-9cf5af8f:1 s7e1-a477e2ab:1 s8e1-8a5a4506:1
1786565082.229326 s6e1-9cf5af8f:1 s7e1-a477e2ab:1 s8e1-8a5a4506:1
1786565082.253150 s6e1-9cf5af8f:1 s7e1-a477e2ab:1 s8e1-8a5a4506:1
1786565082.278269 s6e1-9cf5af8f:1 s7e1-a477e2ab:1 s8e1-8a5a4506:1
1786565082.302134 s6e1-9cf5af8f:1 s7e1-a477e2ab:1 s8e1-8a5a4506:1
1786565082.329043 s6e1-9cf5af8f:1 s7e1-a477e2ab:1 s8e1-8a5a4506:1
1786565082.353647 s7e1-a477e2ab:1 s8e1-8a5a4506:1 s1e1-9256ac17:68E
1786565082.425515 s7e1-a477e2ab:1 s8e1-8a5a4506:1 s1e1-9256ac17:1
1786565082.448663 s7e1-a477e2ab:1 s8e1-8a5a4506:1 s1e1-9256ac17:1
1786565082.473485 s7e1-a477e2ab:1 s8e1-8a5a4506:1 s1e1-9256ac17:1
1786565082.500133 s7e1-a477e2ab:1 s8e1-8a5a4506:1 s1e1-9256ac17:1
1786565082.524216 s7e1-a477e2ab:1 s8e1-8a5a4506:1 s1e1-9256ac17:1
1786565082.548906 s8e1-8a5a4506:1 s1e1-9256ac17:1 s2e1-9f76c9cb:63E
1786565082.620672 s8e1-8a5a4506:1 s1e1-9256ac17:1 s2e1-9f76c9cb:1
1786565082.644428 s8e1-8a5a4506:1 s1e1-9256ac17:1 s2e1-9f76c9cb:1
1786565082.668003 s8e1-8a5a4506:1 s1e1-9256ac17:1 s2e1-9f76c9cb:1
1786565082.691690 s8e1-8a5a4506:1 s1e1-9256ac17:1 s2e1-9f76c9cb:1
1786565082.715218 s8e1-8a5a4506:1 s1e1-9256ac17:1 s2e1-9f76c9cb:1
1786565082.738818 s8e1-8a5a4506:1 s1e1-9256ac17:1 s2e1-9f76c9cb:1
1786565082.763925 s8e1-8a5a4506:1 s1e1-9256ac17:1 s2e1-9f76c9cb:1
1786565082.795381 s1e1-9256ac17:1 s2e1-9f76c9cb:1
1786565082.818917 s1e1-9256ac17:1 s2e1-9f76c9cb:1
1786565082.842267 s1e1-9256ac17:1 s2e1-9f76c9cb:1 s3e1-900d615e:67E
1786565082.914579 s1e1-9256ac17:1 s2e1-9f76c9cb:1 s3e1-900d615e:1
1786565082.938288 s1e1-9256ac17:1 s2e1-9f76c9cb:1 s3e1-900d615e:1
1786565082.962178 s1e1-9256ac17:1 s2e1-9f76c9cb:1 s3e1-900d615e:1
1786565082.985989 s1e1-9256ac17:1 s2e1-9f76c9cb:1 s3e1-900d615e:1
1786565083.009662 s1e1-9256ac17:1 s2e1-9f76c9cb:1 s3e1-900d615e:1
1786565083.035084 s1e1-9256ac17:1 s2e1-9f76c9cb:1 s3e1-900d615e:1
1786565083.062188 s1e1-9256ac17:1 s2e1-9f76c9cb:1 s3e1-900d615e:1
1786565083.086616 s1e1-9256ac17:1 s2e1-9f76c9cb:1 s3e1-900d615e:1
1786565083.111192 s2e1-9f76c9cb:1 s3e1-900d615e:1 s4e1-8991268b:54E
1786565083.171552 s2e1-9f76c9cb:1 s3e1-900d615e:1 s4e1-8991268b:1
1786565083.195345 s2e1-9f76c9cb:1 s3e1-900d615e:1 s4e1-8991268b:1
1786565083.219105 s2e1-9f76c9cb:1 s3e1-900d615e:1 s4e1-8991268b:1
1786565083.244854 s2e1-9f76c9cb:1 s3e1-900d615e:1 s4e1-8991268b:1
1786565083.269051 s2e1-9f76c9cb:1 s3e1-900d615e:1 s4e1-8991268b:1
1786565083.294908 s3e1-900d615e:1 s4e1-8991268b:1
1786565083.318524 s3e1-900d615e:1 s4e1-8991268b:1 s5e1-b8b7f286:64E
1786565083.392447 s3e1-900d615e:1 s4e1-8991268b:1 s5e1-b8b7f286:1
1786565083.416046 s3e1-900d615e:1 s4e1-8991268b:1 s5e1-b8b7f286:1
1786565083.439748 s3e1-900d615e:1 s4e1-8991268b:1 s5e1-b8b7f286:1
1786565083.463434 s3e1-900d615e:1 s4e1-8991268b:1 s5e1-b8b7f286:1
1786565083.486856 s3e1-900d615e:1 s4e1-8991268b:1 s5e1-b8b7f286:1
1786565083.512184 s3e1-900d615e:1 s4e1-8991268b:1 s5e1-b8b7f286:1
1786565083.535615 s3e1-900d615e:1 s4e1-8991268b:1 s5e1-b8b7f286:1
1786565083.560634 s3e1-900d615e:1 s4e1-8991268b:1 s5e1-b8b7f286:1
1786565083.585863 s4e1-8991268b:1 s5e1-b8b7f286:1 s6e1-9cf5af8f:54E
1786565083.647352 s4e1-8991268b:1 s5e1-b8b7f286:1 s6e1-9cf5af8f:1
1786565083.671043 s4e1-8991268b:1 s5e1-b8b7f286:1 s6e1-9cf5af8f:1
1786565083.694537 s4e1-8991268b:1 s5e1-b8b7f286:1 s6e1-9cf5af8f:1
1786565083.717957 s4e1-8991268b:1 s5e1-b8b7f286:1 s6e1-9cf5af8f:1
1786565083.741599 s4e1-8991268b:1 s5e1-b8b7f286:1 s6e1-9cf5af8f:1
1786565083.765124 s4e1-8991268b:1 s5e1-b8b7f286:1 s6e1-9cf5af8f:1
1786565083.789988 s4e1-8991268b:1 s5e1-b8b7f286:1 s6e1-9cf5af8f:1
1786565083.815713 s4e1-8991268b:1 s5e1-b8b7f286:1 s6e1-9cf5af8f:1
1786565083.840246 s5e1-b8b7f286:1 s6e1-9cf5af8f:1
1786565083.863629 s5e1-b8b7f286:1 s6e1-9cf5af8f:1 s7e1-a477e2ab:63E
1786565083.935301 s5e1-b8b7f286:1 s6e1-9cf5af8f:1 s7e1-a477e2ab:1
1786565083.959124 s5e1-b8b7f286:1 s6e1-9cf5af8f:1 s7e1-a477e2ab:1
1786565083.982572 s5e1-b8b7f286:1 s6e1-9cf5af8f:1 s7e1-a477e2ab:1
1786565084.006162 s5e1-b8b7f286:1 s6e1-9cf5af8f:1 s7e1-a477e2ab:1
1786565084.032108 s5e1-b8b7f286:1 s6e1-9cf5af8f:1 s7e1-a477e2ab:1
1786565084.059489 s6e1-9cf5af8f:1 s7e1-a477e2ab:1
1786565084.082914 s6e1-9cf5af8f:1 s7e1-a477e2ab:1
1786565084.106472 s6e1-9cf5af8f:1 s7e1-a477e2ab:1 s8e1-8a5a4506:62E
1786565084.167109 s6e1-9cf5af8f:1 s7e1-a477e2ab:1 s8e1-8a5a4506:1
1786565084.190962 s6e1-9cf5af8f:1 s7e1-a477e2ab:1 s8e1-8a5a4506:1
1786565084.214695 s6e1-9cf5af8f:1 s7e1-a477e2ab:1 s8e1-8a5a4506:1
1786565084.238039 s6e1-9cf5af8f:1 s7e1-a477e2ab:1 s8e1-8a5a4506:1
1786565084.263321 s6e1-9cf5af8f:1 s7e1-a477e2ab:1 s8e1-8a5a4506:1
1786565084.288976 s6e1-9cf5af8f:1 s7e1-a477e2ab:1 s8e1-8a5a4506:1
1786565084.314240 s7e1-a477e2ab:1 s8e1-8a5a4506:1
1786565084.337834 s7e1-a477e2ab:1 s8e1-8a5a4506:1 s1e1-9256ac17:65E
1786565084.410000 s7e1-a477e2ab:1 s8e1-8a5a4506:1 s1e1-9256ac17:1
1786565084.433243 s7e1-a477e2ab:1 s8e1-8a5a4506:1 s1e1-9256ac17:1
1786565084.456406 s7e1-a477e2ab:1 s8e1-8a5a4506:1 s1e1-9256ac17:1
1786565084.479649 s7e1-a477e2ab:1 s8e1-8a5a4506:1 s1e1-9256ac17:1
1786565084.503354 s7e1-a477e2ab:1 s8e1-8a5a4506:1 s1e1-9256ac17:1
1786565084.527238 s7e1-a477e2ab:1 s8e1-8a5a4506:1 s1e1-9256ac17:1
1786565084.552466 s7e1-a477e2ab:1 s8e1-8a5a4506:1 s1e1-9256ac17:1
1786565084.575814 s7e1-a477e2ab:1 s8e1-8a5a4506:1 s1e1-9256ac17:1
1786565084.602407 s8e1-8a5a4506:1 s1e1-9256ac17:1
1786565084.626023 s8e1-8a5a4506:1 s1e1-9256ac17:1 s2e1-9f76c9cb:60E
1786565084.689745 s8e1-8a5a4506:1 s1e1-9256ac17:1 s2e1-9f76c9cb:1
1786565084.713263 s8e1-8a5a4506:1 s1e1-9256ac17:1 s2e1-9f76c9cb:1
1786565084.736681 s8e1-8a5a4506:1 s1e1-9256ac17:1 s2e1-9f76c9cb:1
1786565084.761341 s8e1-8a5a4506:1 s1e1-9256ac17:1 s2e1-9f76c9cb:1
1786565084.786690 s8e1-8a5a4506:1 s1e1-9256ac17:1 s2e1-9f76c9cb:1
1786565084.810620 s8e1-8a5a4506:1 s1e1-9256ac17:1 s2e1-9f76c9cb:1
1786565084.835310 s1e1-9256ac17:1 s2e1-9f76c9cb:1 s3e1-900d615e:64E
1786565084.909372 s1e1-9256ac17:1 s2e1-9f76c9cb:1 s3e1-900d615e:1
1786565084.932679 s1e1-9256ac17:1 s2e1-9f76c9cb:1 s3e1-900d615e:1
1786565084.956025 s1e1-9256ac17:1 s2e1-9f76c9cb:1 s3e1-900d615e:1
1786565084.979318 s1e1-9256ac17:1 s2e1-9f76c9cb:1 s3e1-900d615e:1
1786565085.002822 s1e1-9256ac17:1 s2e1-9f76c9cb:1 s3e1-900d615e:1
1786565085.029241 s1e1-9256ac17:1 s2e1-9f76c9cb:1 s3e1-900d615e:1
1786565085.056764 s1e1-9256ac17:1 s2e1-9f76c9cb:1 s3e1-900d615e:1
1786565085.082071 s2e1-9f76c9cb:1 s3e1-900d615e:1
1786565085.105869 s2e1-9f76c9cb:1 s3e1-900d615e:1 s4e1-8991268b:67E
1786565085.179391 s2e1-9f76c9cb:1 s3e1-900d615e:1 s4e1-8991268b:1
1786565085.203067 s2e1-9f76c9cb:1 s3e1-900d615e:1 s4e1-8991268b:1
1786565085.227258 s2e1-9f76c9cb:1 s3e1-900d615e:1 s4e1-8991268b:1
1786565085.251468 s2e1-9f76c9cb:1 s3e1-900d615e:1 s4e1-8991268b:1
1786565085.277466 s2e1-9f76c9cb:1 s3e1-900d615e:1 s4e1-8991268b:1
1786565085.304870 s2e1-9f76c9cb:1 s3e1-900d615e:1 s4e1-8991268b:1
1786565085.329857 s2e1-9f76c9cb:1 s3e1-900d615e:1 s4e1-8991268b:1
1786565085.354919 s2e1-9f76c9cb:1 s3e1-900d615e:1 s4e1-8991268b:1 s5e1-b8b7f286:61E
1786565085.423647 s3e1-900d615e:1 s4e1-8991268b:1 s5e1-b8b7f286:1
1786565085.447562 s3e1-900d615e:1 s4e1-8991268b:1 s5e1-b8b7f286:1
1786565085.471367 s3e1-900d615e:1 s4e1-8991268b:1 s5e1-b8b7f286:1
1786565085.495352 s3e1-900d615e:1 s4e1-8991268b:1 s5e1-b8b7f286:1
1786565085.520725 s3e1-900d615e:1 s4e1-8991268b:1 s5e1-b8b7f286:1
1786565085.547066 s3e1-900d615e:1 s4e1-8991268b:1 s5e1-b8b7f286:1
1786565085.571204 s3e1-900d615e:1 s4e1-8991268b:1 s5e1-b8b7f286:1
1786565085.596358 s4e1-8991268b:1 s5e1-b8b7f286:1 s6e1-9cf5af8f:67E
1786565085.670713 s4e1-8991268b:1 s5e1-b8b7f286:1 s6e1-9cf5af8f:1
1786565085.694113 s4e1-8991268b:1 s5e1-b8b7f286:1 s6e1-9cf5af8f:1
1786565085.717470 s4e1-8991268b:1 s5e1-b8b7f286:1 s6e1-9cf5af8f:1
1786565085.742760 s4e1-8991268b:1 s5e1-b8b7f286:1 s6e1-9cf5af8f:1
1786565085.767755 s4e1-8991268b:1 s5e1-b8b7f286:1 s6e1-9cf5af8f:1
1786565085.791644 s4e1-8991268b:1 s5e1-b8b7f286:1 s6e1-9cf5af8f:1
1786565085.815902 s4e1-8991268b:1 s5e1-b8b7f286:1 s6e1-9cf5af8f:1 s7e1-a477e2ab:60E
1786565085.879602 s4e1-8991268b:1 s5e1-b8b7f286:1 s6e1-9cf5af8f:1 s7e1-a477e2ab:1
1786565085.904182 s5e1-b8b7f286:1 s6e1-9cf5af8f:1 s7e1-a477e2ab:1
1786565085.927913 s5e1-b8b7f286:1 s6e1-9cf5af8f:1 s7e1-a477e2ab:1
1786565085.951462 s5e1-b8b7f286:1 s6e1-9cf5af8f:1 s7e1-a477e2ab:1
1786565085.975154 s5e1-b8b7f286:1 s6e1-9cf5af8f:1 s7e1-a477e2ab:1
1786565086.000512 s5e1-b8b7f286:1 s6e1-9cf5af8f:1 s7e1-a477e2ab:1
1786565086.027579 s5e1-b8b7f286:1 s6e1-9cf5af8f:1 s7e1-a477e2ab:1
1786565086.052127 s5e1-b8b7f286:1 s6e1-9cf5af8f:1 s7e1-a477e2ab:1
1786565086.076999 s5e1-b8b7f286:1 s6e1-9cf5af8f:1 s7e1-a477e2ab:1 s8e1-8a5a4506:59E
1786565086.142012 s6e1-9cf5af8f:1 s7e1-a477e2ab:1 s8e1-8a5a4506:1
1786565086.165994 s6e1-9cf5af8f:1 s7e1-a477e2ab:1 s8e1-8a5a4506:1
1786565086.189929 s6e1-9cf5af8f:1 s7e1-a477e2ab:1 s8e1-8a5a4506:1
1786565086.213850 s6e1-9cf5af8f:1 s7e1-a477e2ab:1 s8e1-8a5a4506:1
1786565086.237579 s6e1-9cf5af8f:1 s7e1-a477e2ab:1 s8e1-8a5a4506:1
1786565086.261256 s6e1-9cf5af8f:1 s7e1-a477e2ab:1 s8e1-8a5a4506:1
1786565086.286355 s6e1-9cf5af8f:1 s7e1-a477e2ab:1 s8e1-8a5a4506:1
1786565086.309837 s6e1-9cf5af8f:1 s7e1-a477e2ab:1 s8e1-8a5a4506:1
1786565086.336158 s7e1-a477e2ab:1 s8e1-8a5a4506:1
1786565086.359629 s7e1-a477e2ab:1 s8e1-8a5a4506:1 s1e1-9256ac17:62E
1786565086.421000 s7e1-a477e2ab:1 s8e1-8a5a4506:1 s1e1-9256ac17:1
1786565086.445019 s7e1-a477e2ab:1 s8e1-8a5a4506:1 s1e1-9256ac17:1
1786565086.469075 s7e1-a477e2ab:1 s8e1-8a5a4506:1 s1e1-9256ac17:1
1786565086.492615 s7e1-a477e2ab:1 s8e1-8a5a4506:1 s1e1-9256ac17:1
1786565086.517691 s7e1-a477e2ab:1 s8e1-8a5a4506:1 s1e1-9256ac17:1
1786565086.541954 s8e1-8a5a4506:1 s1e1-9256ac17:1
1786565086.566130 s8e1-8a5a4506:1 s1e1-9256ac17:1
1786565086.588637 s8e1-8a5a4506:1 s1e1-9256ac17:1
1786565086.612032 s8e1-8a5a4506:1 s1e1-9256ac17:1 s2e1-9f76c9cb:57E
1786565086.676869 s8e1-8a5a4506:1 s1e1-9256ac17:1 s2e1-9f76c9cb:1
1786565086.700495 s8e1-8a5a4506:1 s1e1-9256ac17:1 s2e1-9f76c9cb:1
1786565086.724194 s8e1-8a5a4506:1 s1e1-9256ac17:1 s2e1-9f76c9cb:1
1786565086.747453 s8e1-8a5a4506:1 s1e1-9256ac17:1 s2e1-9f76c9cb:1
1786565086.772899 s8e1-8a5a4506:1 s1e1-9256ac17:1 s2e1-9f76c9cb:1
1786565086.797038 s1e1-9256ac17:1 s2e1-9f76c9cb:1
1786565086.820564 s1e1-9256ac17:1 s2e1-9f76c9cb:1
1786565086.843401 s1e1-9256ac17:1 s2e1-9f76c9cb:1
1786565086.866843 s1e1-9256ac17:1 s2e1-9f76c9cb:1 s3e1-900d615e:61E
1786565086.929754 s1e1-9256ac17:1 s2e1-9f76c9cb:1 s3e1-900d615e:1
1786565086.953051 s1e1-9256ac17:1 s2e1-9f76c9cb:1 s3e1-900d615e:1
1786565086.976489 s1e1-9256ac17:1 s2e1-9f76c9cb:1 s3e1-900d615e:1
1786565087.000053 s1e1-9256ac17:1 s2e1-9f76c9cb:1 s3e1-900d615e:1
1786565087.023866 s1e1-9256ac17:1 s2e1-9f76c9cb:1 s3e1-900d615e:1
1786565087.050341 s1e1-9256ac17:1 s2e1-9f76c9cb:1 s3e1-900d615e:1
1786565087.082531 s2e1-9f76c9cb:1 s3e1-900d615e:1
1786565087.106070 s2e1-9f76c9cb:1 s3e1-900d615e:1
1786565087.129641 s2e1-9f76c9cb:1 s3e1-900d615e:1 s4e1-8991268b:64E
1786565087.202440 s2e1-9f76c9cb:1 s3e1-900d615e:1 s4e1-8991268b:1
1786565087.226095 s2e1-9f76c9cb:1 s3e1-900d615e:1 s4e1-8991268b:1
1786565087.251367 s2e1-9f76c9cb:1 s3e1-900d615e:1 s4e1-8991268b:1
1786565087.289019 s2e1-9f76c9cb:1 s3e1-900d615e:1 s4e1-8991268b:1
1786565087.313588 s2e1-9f76c9cb:1 s3e1-900d615e:1 s4e1-8991268b:1
1786565087.338200 s2e1-9f76c9cb:1 s3e1-900d615e:1 s4e1-8991268b:1 s5e1-b8b7f286:58E
1786565087.402192 s3e1-900d615e:1 s4e1-8991268b:1 s5e1-b8b7f286:1
1786565087.426477 s3e1-900d615e:1 s4e1-8991268b:1 s5e1-b8b7f286:1
1786565087.450343 s3e1-900d615e:1 s4e1-8991268b:1 s5e1-b8b7f286:1
1786565087.473973 s3e1-900d615e:1 s4e1-8991268b:1 s5e1-b8b7f286:1
1786565087.497546 s3e1-900d615e:1 s4e1-8991268b:1 s5e1-b8b7f286:1
1786565087.521155 s3e1-900d615e:1 s4e1-8991268b:1 s5e1-b8b7f286:1
1786565087.545140 s3e1-900d615e:1 s4e1-8991268b:1 s5e1-b8b7f286:1
1786565087.570241 s3e1-900d615e:1 s4e1-8991268b:1 s5e1-b8b7f286:1
1786565087.599461 s3e1-900d615e:1 s4e1-8991268b:1 s5e1-b8b7f286:1
1786565087.624065 s4e1-8991268b:1 s5e1-b8b7f286:1
1786565087.647843 s4e1-8991268b:1 s5e1-b8b7f286:1 s6e1-9cf5af8f:64E
1786565087.721524 s4e1-8991268b:1 s5e1-b8b7f286:1 s6e1-9cf5af8f:1
1786565087.744947 s4e1-8991268b:1 s5e1-b8b7f286:1 s6e1-9cf5af8f:1
1786565087.768632 s4e1-8991268b:1 s5e1-b8b7f286:1 s6e1-9cf5af8f:1
1786565087.793989 s4e1-8991268b:1 s5e1-b8b7f286:1 s6e1-9cf5af8f:1
1786565087.817283 s4e1-8991268b:1 s5e1-b8b7f286:1 s6e1-9cf5af8f:1
1786565087.842578 s4e1-8991268b:1 s5e1-b8b7f286:1 s6e1-9cf5af8f:1
1786565087.865911 s4e1-8991268b:1 s5e1-b8b7f286:1 s6e1-9cf5af8f:1
1786565087.890934 s5e1-b8b7f286:1 s6e1-9cf5af8f:1 s7e1-a477e2ab:57E
1786565087.954569 s5e1-b8b7f286:1 s6e1-9cf5af8f:1 s7e1-a477e2ab:1
1786565087.981447 s5e1-b8b7f286:1 s6e1-9cf5af8f:1 s7e1-a477e2ab:1
1786565088.005494 s5e1-b8b7f286:1 s6e1-9cf5af8f:1 s7e1-a477e2ab:1
1786565088.029908 s5e1-b8b7f286:1 s6e1-9cf5af8f:1 s7e1-a477e2ab:1 s8e1-8a5a4506:56E
1786565088.094911 s5e1-b8b7f286:1 s6e1-9cf5af8f:1 s7e1-a477e2ab:1 s8e1-8a5a4506:1
1786565088.119798 s6e1-9cf5af8f:1 s7e1-a477e2ab:1 s8e1-8a5a4506:1
1786565088.143954 s6e1-9cf5af8f:1 s7e1-a477e2ab:1 s8e1-8a5a4506:1
1786565088.167828 s6e1-9cf5af8f:1 s7e1-a477e2ab:1 s8e1-8a5a4506:1
1786565088.191381 s6e1-9cf5af8f:1 s7e1-a477e2ab:1 s8e1-8a5a4506:1
1786565088.214825 s6e1-9cf5af8f:1 s7e1-a477e2ab:1 s8e1-8a5a4506:1
1786565088.238574 s6e1-9cf5af8f:1 s7e1-a477e2ab:1 s8e1-8a5a4506:1
1786565088.262491 s6e1-9cf5af8f:1 s7e1-a477e2ab:1 s8e1-8a5a4506:1
1786565088.286599 s6e1-9cf5af8f:1 s7e1-a477e2ab:1 s8e1-8a5a4506:1
1786565088.310370 s6e1-9cf5af8f:1 s7e1-a477e2ab:1 s8e1-8a5a4506:1
1786565088.334332 s6e1-9cf5af8f:1 s7e1-a477e2ab:1 s8e1-8a5a4506:1
1786565088.360152 s6e1-9cf5af8f:1 s7e1-a477e2ab:1 s8e1-8a5a4506:1
1786565088.384606 s7e1-a477e2ab:1 s8e1-8a5a4506:1
1786565088.408508 s7e1-a477e2ab:1 s8e1-8a5a4506:1
1786565088.431048 s7e1-a477e2ab:1 s8e1-8a5a4506:1
1786565088.454027 s7e1-a477e2ab:1 s8e1-8a5a4506:1 s1e1-9256ac17:59E
1786565088.517868 s7e1-a477e2ab:1 s8e1-8a5a4506:1 s1e1-9256ac17:1
1786565088.541307 s7e1-a477e2ab:1 s8e1-8a5a4506:1 s1e1-9256ac17:1
1786565088.568571 s7e1-a477e2ab:1 s8e1-8a5a4506:1 s1e1-9256ac17:1
1786565088.592955 s7e1-a477e2ab:1 s8e1-8a5a4506:1 s1e1-9256ac17:1 s2e1-9f76c9cb:54E
1786565088.656257 s8e1-8a5a4506:1 s1e1-9256ac17:1 s2e1-9f76c9cb:1
1786565088.680759 s8e1-8a5a4506:1 s1e1-9256ac17:1 s2e1-9f76c9cb:1
1786565088.706132 s8e1-8a5a4506:1 s1e1-9256ac17:1 s2e1-9f76c9cb:1
1786565088.732842 s8e1-8a5a4506:1 s1e1-9256ac17:1 s2e1-9f76c9cb:1
1786565088.757416 s1e1-9256ac17:1 s2e1-9f76c9cb:1
1786565088.780584 s1e1-9256ac17:1 s2e1-9f76c9cb:1 s3e1-900d615e:58E
1786565088.843870 s1e1-9256ac17:1 s2e1-9f76c9cb:1 s3e1-900d615e:1
1786565088.867621 s1e1-9256ac17:1 s2e1-9f76c9cb:1 s3e1-900d615e:1
1786565088.891685 s1e1-9256ac17:1 s2e1-9f76c9cb:1 s3e1-900d615e:1
1786565088.915524 s1e1-9256ac17:1 s2e1-9f76c9cb:1 s3e1-900d615e:1
1786565088.939317 s1e1-9256ac17:1 s2e1-9f76c9cb:1 s3e1-900d615e:1
1786565088.962898 s1e1-9256ac17:1 s2e1-9f76c9cb:1 s3e1-900d615e:1
1786565088.986801 s1e1-9256ac17:1 s2e1-9f76c9cb:1 s3e1-900d615e:1
1786565089.010351 s1e1-9256ac17:1 s2e1-9f76c9cb:1 s3e1-900d615e:1
1786565089.035872 s1e1-9256ac17:1 s2e1-9f76c9cb:1 s3e1-900d615e:1
1786565089.059648 s1e1-9256ac17:1 s2e1-9f76c9cb:1 s3e1-900d615e:1
1786565089.085828 s1e1-9256ac17:1 s2e1-9f76c9cb:1 s3e1-900d615e:1
1786565089.110629 s1e1-9256ac17:1 s2e1-9f76c9cb:1 s3e1-900d615e:1 s4e1-8991268b:61E
1786565089.173468 s1e1-9256ac17:1 s2e1-9f76c9cb:1 s3e1-900d615e:1 s4e1-8991268b:1
1786565089.197419 s1e1-9256ac17:1 s2e1-9f76c9cb:1 s3e1-900d615e:1 s4e1-8991268b:1
1786565089.222399 s2e1-9f76c9cb:1 s3e1-900d615e:1 s4e1-8991268b:1
1786565089.248488 s2e1-9f76c9cb:1 s3e1-900d615e:1 s4e1-8991268b:1
1786565089.275657 s2e1-9f76c9cb:1 s3e1-900d615e:1 s4e1-8991268b:1
1786565089.300057 s2e1-9f76c9cb:1 s3e1-900d615e:1 s4e1-8991268b:1
1786565089.325287 s3e1-900d615e:1 s4e1-8991268b:1 s5e1-b8b7f286:55E
1786565089.389135 s3e1-900d615e:1 s4e1-8991268b:1 s5e1-b8b7f286:1
1786565089.412774 s3e1-900d615e:1 s4e1-8991268b:1 s5e1-b8b7f286:1
1786565089.436674 s3e1-900d615e:1 s4e1-8991268b:1 s5e1-b8b7f286:1
1786565089.460868 s3e1-900d615e:1 s4e1-8991268b:1 s5e1-b8b7f286:1
1786565089.484812 s3e1-900d615e:1 s4e1-8991268b:1 s5e1-b8b7f286:1
1786565089.509285 s4e1-8991268b:1 s5e1-b8b7f286:1
1786565089.533550 s4e1-8991268b:1 s5e1-b8b7f286:1
1786565089.556050 s4e1-8991268b:1 s5e1-b8b7f286:1
1786565089.581669 s4e1-8991268b:1 s5e1-b8b7f286:1
1786565089.604399 s4e1-8991268b:1 s5e1-b8b7f286:1
1786565089.627360 s4e1-8991268b:1 s5e1-b8b7f286:1 s6e1-9cf5af8f:61E
1786565089.691070 s4e1-8991268b:1 s5e1-b8b7f286:1 s6e1-9cf5af8f:1
1786565089.714919 s4e1-8991268b:1 s5e1-b8b7f286:1 s6e1-9cf5af8f:1
1786565089.738516 s4e1-8991268b:1 s5e1-b8b7f286:1 s6e1-9cf5af8f:1
1786565089.762482 s4e1-8991268b:1 s5e1-b8b7f286:1 s6e1-9cf5af8f:1
1786565089.787652 s4e1-8991268b:1 s5e1-b8b7f286:1 s6e1-9cf5af8f:1
1786565089.813763 s4e1-8991268b:1 s5e1-b8b7f286:1 s6e1-9cf5af8f:1
1786565089.838259 s5e1-b8b7f286:1 s6e1-9cf5af8f:1
1786565089.861557 s5e1-b8b7f286:1 s6e1-9cf5af8f:1 s7e1-a477e2ab:54E
1786565089.922404 s5e1-b8b7f286:1 s6e1-9cf5af8f:1 s7e1-a477e2ab:1
1786565089.945890 s5e1-b8b7f286:1 s6e1-9cf5af8f:1 s7e1-a477e2ab:1
1786565089.969417 s5e1-b8b7f286:1 s6e1-9cf5af8f:1 s7e1-a477e2ab:1
1786565089.994571 s5e1-b8b7f286:1 s6e1-9cf5af8f:1 s7e1-a477e2ab:1
1786565090.022054 s5e1-b8b7f286:1 s6e1-9cf5af8f:1 s7e1-a477e2ab:1
1786565090.047649 s6e1-9cf5af8f:1 s7e1-a477e2ab:1
1786565090.071335 s6e1-9cf5af8f:1 s7e1-a477e2ab:1 s8e1-8a5a4506:69E
1786565090.145932 s6e1-9cf5af8f:1 s7e1-a477e2ab:1 s8e1-8a5a4506:1
1786565090.169508 s6e1-9cf5af8f:1 s7e1-a477e2ab:1 s8e1-8a5a4506:1
1786565090.192998 s6e1-9cf5af8f:1 s7e1-a477e2ab:1 s8e1-8a5a4506:1
1786565090.216658 s6e1-9cf5af8f:1 s7e1-a477e2ab:1 s8e1-8a5a4506:1
1786565090.242013 s6e1-9cf5af8f:1 s7e1-a477e2ab:1 s8e1-8a5a4506:1
1786565090.269181 s6e1-9cf5af8f:1 s7e1-a477e2ab:1 s8e1-8a5a4506:1
1786565090.293459 s6e1-9cf5af8f:1 s7e1-a477e2ab:1 s8e1-8a5a4506:1
1786565090.317964 s6e1-9cf5af8f:1 s7e1-a477e2ab:1 s8e1-8a5a4506:1 s1e1-9256ac17:56E
1786565090.382215 s6e1-9cf5af8f:1 s7e1-a477e2ab:1 s8e1-8a5a4506:1 s1e1-9256ac17:1
1786565090.406640 s7e1-a477e2ab:1 s8e1-8a5a4506:1 s1e1-9256ac17:1
1786565090.430695 s7e1-a477e2ab:1 s8e1-8a5a4506:1 s1e1-9256ac17:1
1786565090.454650 s7e1-a477e2ab:1 s8e1-8a5a4506:1 s1e1-9256ac17:1
1786565090.478153 s7e1-a477e2ab:1 s8e1-8a5a4506:1 s1e1-9256ac17:1
1786565090.501715 s7e1-a477e2ab:1 s8e1-8a5a4506:1 s1e1-9256ac17:1
1786565090.527019 s7e1-a477e2ab:1 s8e1-8a5a4506:1 s1e1-9256ac17:1
1786565090.550724 s7e1-a477e2ab:1 s8e1-8a5a4506:1 s1e1-9256ac17:1
1786565090.577208 s7e1-a477e2ab:1 s8e1-8a5a4506:1 s1e1-9256ac17:1
1786565090.601422 s8e1-8a5a4506:1 s1e1-9256ac17:1
1786565090.624667 s8e1-8a5a4506:1 s1e1-9256ac17:1 s2e1-9f76c9cb:67E
1786565090.699064 s8e1-8a5a4506:1 s1e1-9256ac17:1 s2e1-9f76c9cb:1
1786565090.722917 s8e1-8a5a4506:1 s1e1-9256ac17:1 s2e1-9f76c9cb:1
1786565090.748236 s8e1-8a5a4506:1 s1e1-9256ac17:1 s2e1-9f76c9cb:1
1786565090.774726 s8e1-8a5a4506:1 s1e1-9256ac17:1 s2e1-9f76c9cb:1
1786565090.798354 s8e1-8a5a4506:1 s1e1-9256ac17:1 s2e1-9f76c9cb:1
1786565090.822390 s1e1-9256ac17:1 s2e1-9f76c9cb:1
1786565090.845835 s1e1-9256ac17:1 s2e1-9f76c9cb:1 s3e1-900d615e:55E
1786565090.910121 s1e1-9256ac17:1 s2e1-9f76c9cb:1 s3e1-900d615e:1
1786565090.933856 s1e1-9256ac17:1 s2e1-9f76c9cb:1 s3e1-900d615e:1
1786565090.957268 s1e1-9256ac17:1 s2e1-9f76c9cb:1 s3e1-900d615e:1
1786565090.980682 s1e1-9256ac17:1 s2e1-9f76c9cb:1 s3e1-900d615e:1
1786565091.006047 s1e1-9256ac17:1 s2e1-9f76c9cb:1 s3e1-900d615e:1
1786565091.030107 s1e1-9256ac17:1 s2e1-9f76c9cb:1 s3e1-900d615e:1
1786565091.058803 s2e1-9f76c9cb:1 s3e1-900d615e:1
1786565091.082554 s2e1-9f76c9cb:1 s3e1-900d615e:1 s4e1-8991268b:58E
1786565091.146977 s2e1-9f76c9cb:1 s3e1-900d615e:1 s4e1-8991268b:1
1786565091.170932 s2e1-9f76c9cb:1 s3e1-900d615e:1 s4e1-8991268b:1
1786565091.194430 s2e1-9f76c9cb:1 s3e1-900d615e:1 s4e1-8991268b:1
1786565091.218111 s2e1-9f76c9cb:1 s3e1-900d615e:1 s4e1-8991268b:1
1786565091.243839 s2e1-9f76c9cb:1 s3e1-900d615e:1 s4e1-8991268b:1
1786565091.270853 s2e1-9f76c9cb:1 s3e1-900d615e:1 s4e1-8991268b:1
1786565091.295397 s2e1-9f76c9cb:1 s3e1-900d615e:1 s4e1-8991268b:1
1786565091.319929 s2e1-9f76c9cb:1 s3e1-900d615e:1 s4e1-8991268b:1 s5e1-b8b7f286:68E
1786565091.395482 s2e1-9f76c9cb:1 s3e1-900d615e:1 s4e1-8991268b:1 s5e1-b8b7f286:1
1786565091.419901 s3e1-900d615e:1 s4e1-8991268b:1 s5e1-b8b7f286:1
1786565091.443827 s3e1-900d615e:1 s4e1-8991268b:1 s5e1-b8b7f286:1
1786565091.467646 s3e1-900d615e:1 s4e1-8991268b:1 s5e1-b8b7f286:1
1786565091.491406 s3e1-900d615e:1 s4e1-8991268b:1 s5e1-b8b7f286:1
1786565091.516479 s3e1-900d615e:1 s4e1-8991268b:1 s5e1-b8b7f286:1
1786565091.539945 s3e1-900d615e:1 s4e1-8991268b:1 s5e1-b8b7f286:1
1786565091.566022 s3e1-900d615e:1 s4e1-8991268b:1 s5e1-b8b7f286:1
1786565091.590121 s4e1-8991268b:1 s5e1-b8b7f286:1
1786565091.613280 s4e1-8991268b:1 s5e1-b8b7f286:1 s6e1-9cf5af8f:58E
1786565091.677100 s4e1-8991268b:1 s5e1-b8b7f286:1 s6e1-9cf5af8f:1
1786565091.700740 s4e1-8991268b:1 s5e1-b8b7f286:1 s6e1-9cf5af8f:1
1786565091.724752 s4e1-8991268b:1 s5e1-b8b7f286:1 s6e1-9cf5af8f:1
1786565091.748247 s4e1-8991268b:1 s5e1-b8b7f286:1 s6e1-9cf5af8f:1
1786565091.771938 s4e1-8991268b:1 s5e1-b8b7f286:1 s6e1-9cf5af8f:1
1786565091.797264 s4e1-8991268b:1 s5e1-b8b7f286:1 s6e1-9cf5af8f:1
1786565091.821570 s5e1-b8b7f286:1 s6e1-9cf5af8f:1
1786565091.845661 s5e1-b8b7f286:1 s6e1-9cf5af8f:1
1786565091.868147 s5e1-b8b7f286:1 s6e1-9cf5af8f:1
1786565091.891645 s5e1-b8b7f286:1 s6e1-9cf5af8f:1 s7e1-a477e2ab:67E
1786565091.966745 s5e1-b8b7f286:1 s6e1-9cf5af8f:1 s7e1-a477e2ab:1
1786565091.990207 s5e1-b8b7f286:1 s6e1-9cf5af8f:1 s7e1-a477e2ab:1
1786565092.013636 s5e1-b8b7f286:1 s6e1-9cf5af8f:1 s7e1-a477e2ab:1
1786565092.037406 s5e1-b8b7f286:1 s6e1-9cf5af8f:1 s7e1-a477e2ab:1
1786565092.063534 s6e1-9cf5af8f:1 s7e1-a477e2ab:1
1786565092.086425 s6e1-9cf5af8f:1 s7e1-a477e2ab:1
1786565092.112515 s6e1-9cf5af8f:1 s7e1-a477e2ab:1
1786565092.135022 s6e1-9cf5af8f:1 s7e1-a477e2ab:1
1786565092.158222 s6e1-9cf5af8f:1 s7e1-a477e2ab:1 s8e1-8a5a4506:66E
1786565092.233365 s6e1-9cf5af8f:1 s7e1-a477e2ab:1 s8e1-8a5a4506:1
1786565092.257125 s6e1-9cf5af8f:1 s7e1-a477e2ab:1 s8e1-8a5a4506:1
1786565092.281129 s6e1-9cf5af8f:1 s7e1-a477e2ab:1 s8e1-8a5a4506:1
1786565092.306739 s6e1-9cf5af8f:1 s7e1-a477e2ab:1 s8e1-8a5a4506:1
1786565092.330370 s6e1-9cf5af8f:1 s7e1-a477e2ab:1 s8e1-8a5a4506:1
1786565092.357672 s7e1-a477e2ab:1 s8e1-8a5a4506:1
1786565092.381189 s7e1-a477e2ab:1 s8e1-8a5a4506:1 s1e1-9256ac17:69E
1786565092.454556 s7e1-a477e2ab:1 s8e1-8a5a4506:1 s1e1-9256ac17:1
1786565092.478128 s7e1-a477e2ab:1 s8e1-8a5a4506:1 s1e1-9256ac17:1
1786565092.501763 s7e1-a477e2ab:1 s8e1-8a5a4506:1 s1e1-9256ac17:1
1786565092.527238 s7e1-a477e2ab:1 s8e1-8a5a4506:1 s1e1-9256ac17:1
1786565092.551111 s7e1-a477e2ab:1 s8e1-8a5a4506:1 s1e1-9256ac17:1
1786565092.578530 s7e1-a477e2ab:1 s8e1-8a5a4506:1 s1e1-9256ac17:1
1786565092.602552 s7e1-a477e2ab:1 s8e1-8a5a4506:1 s1e1-9256ac17:1
1786565092.627068 s7e1-a477e2ab:1 s8e1-8a5a4506:1 s1e1-9256ac17:1 s2e1-9f76c9cb:64E
1786565092.702798 s8e1-8a5a4506:1 s1e1-9256ac17:1 s2e1-9f76c9cb:1
1786565092.726925 s8e1-8a5a4506:1 s1e1-9256ac17:1 s2e1-9f76c9cb:1
1786565092.752182 s8e1-8a5a4506:1 s1e1-9256ac17:1 s2e1-9f76c9cb:1
1786565092.775814 s8e1-8a5a4506:1 s1e1-9256ac17:1 s2e1-9f76c9cb:1
1786565092.801735 s8e1-8a5a4506:1 s1e1-9256ac17:1 s2e1-9f76c9cb:1
1786565092.825216 s8e1-8a5a4506:1 s1e1-9256ac17:1 s2e1-9f76c9cb:1
1786565092.849612 s8e1-8a5a4506:1 s1e1-9256ac17:1 s2e1-9f76c9cb:1 s3e1-900d615e:68E
1786565092.923660 s8e1-8a5a4506:1 s1e1-9256ac17:1 s2e1-9f76c9cb:1 s3e1-900d615e:1
1786565092.947475 s8e1-8a5a4506:1 s1e1-9256ac17:1 s2e1-9f76c9cb:1 s3e1-900d615e:1
1786565092.972028 s1e1-9256ac17:1 s2e1-9f76c9cb:1 s3e1-900d615e:1
1786565092.995882 s1e1-9256ac17:1 s2e1-9f76c9cb:1 s3e1-900d615e:1
1786565093.019648 s1e1-9256ac17:1 s2e1-9f76c9cb:1 s3e1-900d615e:1
1786565093.043846 s1e1-9256ac17:1 s2e1-9f76c9cb:1 s3e1-900d615e:1
1786565093.069747 s1e1-9256ac17:1 s2e1-9f76c9cb:1 s3e1-900d615e:1
1786565093.097196 s1e1-9256ac17:1 s2e1-9f76c9cb:1 s3e1-900d615e:1
1786565093.121554 s1e1-9256ac17:1 s2e1-9f76c9cb:1 s3e1-900d615e:1
1786565093.146901 s2e1-9f76c9cb:1 s3e1-900d615e:1 s4e1-8991268b:55E
1786565093.211468 s2e1-9f76c9cb:1 s3e1-900d615e:1 s4e1-8991268b:1
1786565093.235398 s2e1-9f76c9cb:1 s3e1-900d615e:1 s4e1-8991268b:1
1786565093.259851 s2e1-9f76c9cb:1 s3e1-900d615e:1 s4e1-8991268b:1
1786565093.285225 s2e1-9f76c9cb:1 s3e1-900d615e:1 s4e1-8991268b:1
1786565093.313917 s2e1-9f76c9cb:1 s3e1-900d615e:1 s4e1-8991268b:1
1786565093.337890 s2e1-9f76c9cb:1 s3e1-900d615e:1 s4e1-8991268b:1
1786565093.362458 s2e1-9f76c9cb:1 s3e1-900d615e:1 s4e1-8991268b:1 s5e1-b8b7f286:65E
1786565093.437840 s3e1-900d615e:1 s4e1-8991268b:1 s5e1-b8b7f286:1
1786565093.462047 s3e1-900d615e:1 s4e1-8991268b:1 s5e1-b8b7f286:1
1786565093.486181 s3e1-900d615e:1 s4e1-8991268b:1 s5e1-b8b7f286:1
1786565093.509746 s3e1-900d615e:1 s4e1-8991268b:1 s5e1-b8b7f286:1
1786565093.534971 s3e1-900d615e:1 s4e1-8991268b:1 s5e1-b8b7f286:1
1786565093.562472 s3e1-900d615e:1 s4e1-8991268b:1 s5e1-b8b7f286:1
1786565093.586442 s3e1-900d615e:1 s4e1-8991268b:1 s5e1-b8b7f286:1
1786565093.611347 s4e1-8991268b:1 s5e1-b8b7f286:1 s6e1-9cf5af8f:55E
1786565093.675099 s4e1-8991268b:1 s5e1-b8b7f286:1 s6e1-9cf5af8f:1
1786565093.698864 s4e1-8991268b:1 s5e1-b8b7f286:1 s6e1-9cf5af8f:1
1786565093.723109 s4e1-8991268b:1 s5e1-b8b7f286:1 s6e1-9cf5af8f:1
1786565093.746951 s4e1-8991268b:1 s5e1-b8b7f286:1 s6e1-9cf5af8f:1
1786565093.772513 s4e1-8991268b:1 s5e1-b8b7f286:1 s6e1-9cf5af8f:1
1786565093.801028 s4e1-8991268b:1 s5e1-b8b7f286:1 s6e1-9cf5af8f:1
1786565093.825426 s4e1-8991268b:1 s5e1-b8b7f286:1 s6e1-9cf5af8f:1
1786565093.849904 s4e1-8991268b:1 s5e1-b8b7f286:1 s6e1-9cf5af8f:1 s7e1-a477e2ab:64E
1786565093.923916 s4e1-8991268b:1 s5e1-b8b7f286:1 s6e1-9cf5af8f:1 s7e1-a477e2ab:1
1786565093.948642 s5e1-b8b7f286:1 s6e1-9cf5af8f:1 s7e1-a477e2ab:1
1786565093.972289 s5e1-b8b7f286:1 s6e1-9cf5af8f:1 s7e1-a477e2ab:1
1786565093.995673 s5e1-b8b7f286:1 s6e1-9cf5af8f:1 s7e1-a477e2ab:1
1786565094.021600 s5e1-b8b7f286:1 s6e1-9cf5af8f:1 s7e1-a477e2ab:1
1786565094.049832 s5e1-b8b7f286:1 s6e1-9cf5af8f:1 s7e1-a477e2ab:1
1786565094.074513 s5e1-b8b7f286:1 s6e1-9cf5af8f:1 s7e1-a477e2ab:1
1786565094.099339 s5e1-b8b7f286:1 s6e1-9cf5af8f:1 s7e1-a477e2ab:1 s8e1-8a5a4506:63E
1786565094.179743 s6e1-9cf5af8f:1 s7e1-a477e2ab:1 s8e1-8a5a4506:1
1786565094.204067 s6e1-9cf5af8f:1 s7e1-a477e2ab:1 s8e1-8a5a4506:1
1786565094.227727 s6e1-9cf5af8f:1 s7e1-a477e2ab:1 s8e1-8a5a4506:1
1786565094.251393 s6e1-9cf5af8f:1 s7e1-a477e2ab:1 s8e1-8a5a4506:1
1786565094.275067 s6e1-9cf5af8f:1 s7e1-a477e2ab:1 s8e1-8a5a4506:1
1786565094.301517 s6e1-9cf5af8f:1 s7e1-a477e2ab:1 s8e1-8a5a4506:1
1786565094.331852 s6e1-9cf5af8f:1 s7e1-a477e2ab:1 s8e1-8a5a4506:1
1786565094.356332 s6e1-9cf5af8f:1 s7e1-a477e2ab:1 s8e1-8a5a4506:1
1786565094.382457 s7e1-a477e2ab:1 s8e1-8a5a4506:1 s1e1-9256ac17:66E
1786565094.463997 s7e1-a477e2ab:1 s8e1-8a5a4506:1 s1e1-9256ac17:1
1786565094.487674 s7e1-a477e2ab:1 s8e1-8a5a4506:1 s1e1-9256ac17:1
1786565094.512876 s7e1-a477e2ab:1 s8e1-8a5a4506:1 s1e1-9256ac17:1
1786565094.540266 s7e1-a477e2ab:1 s8e1-8a5a4506:1 s1e1-9256ac17:1
1786565094.564079 s7e1-a477e2ab:1 s8e1-8a5a4506:1 s1e1-9256ac17:1
1786565094.587609 s7e1-a477e2ab:1 s8e1-8a5a4506:1 s1e1-9256ac17:1
1786565094.611882 s7e1-a477e2ab:1 s8e1-8a5a4506:1 s1e1-9256ac17:1 s2e1-9f76c9cb:61E
1786565094.675310 s8e1-8a5a4506:1 s1e1-9256ac17:1 s2e1-9f76c9cb:1
1786565094.699437 s8e1-8a5a4506:1 s1e1-9256ac17:1 s2e1-9f76c9cb:1
1786565094.724974 s8e1-8a5a4506:1 s1e1-9256ac17:1 s2e1-9f76c9cb:1
1786565094.754005 s8e1-8a5a4506:1 s1e1-9256ac17:1 s2e1-9f76c9cb:1
1786565094.778206 s8e1-8a5a4506:1 s1e1-9256ac17:1 s2e1-9f76c9cb:1
1786565094.802503 s8e1-8a5a4506:1 s1e1-9256ac17:1 s2e1-9f76c9cb:1 s3e1-900d615e:65E
1786565094.877431 s8e1-8a5a4506:1 s1e1-9256ac17:1 s2e1-9f76c9cb:1 s3e1-900d615e:1
1786565094.901483 s8e1-8a5a4506:1 s1e1-9256ac17:1 s2e1-9f76c9cb:1 s3e1-900d615e:1
1786565094.926192 s1e1-9256ac17:1 s2e1-9f76c9cb:1 s3e1-900d615e:1
1786565094.950145 s1e1-9256ac17:1 s2e1-9f76c9cb:1 s3e1-900d615e:1
1786565094.973952 s1e1-9256ac17:1 s2e1-9f76c9cb:1 s3e1-900d615e:1
1786565094.997740 s1e1-9256ac17:1 s2e1-9f76c9cb:1 s3e1-900d615e:1
1786565095.023603 s1e1-9256ac17:1 s2e1-9f76c9cb:1 s3e1-900d615e:1
1786565095.054645 s1e1-9256ac17:1 s2e1-9f76c9cb:1 s3e1-900d615e:1
1786565095.079093 s1e1-9256ac17:1 s2e1-9f76c9cb:1 s3e1-900d615e:1
1786565095.103763 s1e1-9256ac17:1 s2e1-9f76c9cb:1 s3e1-900d615e:1 s4e1-8991268b:68E
1786565095.179369 s1e1-9256ac17:1 s2e1-9f76c9cb:1 s3e1-900d615e:1 s4e1-8991268b:1
1786565095.204266 s2e1-9f76c9cb:1 s3e1-900d615e:1 s4e1-8991268b:1
1786565095.228097 s2e1-9f76c9cb:1 s3e1-900d615e:1 s4e1-8991268b:1
1786565095.251911 s2e1-9f76c9cb:1 s3e1-900d615e:1 s4e1-8991268b:1
1786565095.277141 s2e1-9f76c9cb:1 s3e1-900d615e:1 s4e1-8991268b:1
1786565095.307668 s2e1-9f76c9cb:1 s3e1-900d615e:1 s4e1-8991268b:1
1786565095.331566 s2e1-9f76c9cb:1 s3e1-900d615e:1 s4e1-8991268b:1
1786565095.355732 s2e1-9f76c9cb:1 s3e1-900d615e:1 s4e1-8991268b:1 s5e1-b8b7f286:62E
1786565095.432484 s3e1-900d615e:1 s4e1-8991268b:1 s5e1-b8b7f286:1
1786565095.456225 s3e1-900d615e:1 s4e1-8991268b:1 s5e1-b8b7f286:1
1786565095.479842 s3e1-900d615e:1 s4e1-8991268b:1 s5e1-b8b7f286:1
1786565095.505092 s3e1-900d615e:1 s4e1-8991268b:1 s5e1-b8b7f286:1
1786565095.535243 s3e1-900d615e:1 s4e1-8991268b:1 s5e1-b8b7f286:1
1786565095.559237 s3e1-900d615e:1 s4e1-8991268b:1 s5e1-b8b7f286:1
1786565095.583812 s4e1-8991268b:1 s5e1-b8b7f286:1
1786565095.607238 s4e1-8991268b:1 s5e1-b8b7f286:1 s6e1-9cf5af8f:68E
1786565095.681526 s4e1-8991268b:1 s5e1-b8b7f286:1 s6e1-9cf5af8f:1
1786565095.705484 s4e1-8991268b:1 s5e1-b8b7f286:1 s6e1-9cf5af8f:1
1786565095.729279 s4e1-8991268b:1 s5e1-b8b7f286:1 s6e1-9cf5af8f:1
1786565095.754534 s4e1-8991268b:1 s5e1-b8b7f286:1 s6e1-9cf5af8f:1
1786565095.782872 s4e1-8991268b:1 s5e1-b8b7f286:1 s6e1-9cf5af8f:1
1786565095.806741 s4e1-8991268b:1 s5e1-b8b7f286:1 s6e1-9cf5af8f:1
1786565095.831495 s4e1-8991268b:1 s5e1-b8b7f286:1 s6e1-9cf5af8f:1 s7e1-a477e2ab:61E
1786565095.893595 s4e1-8991268b:1 s5e1-b8b7f286:1 s6e1-9cf5af8f:1 s7e1-a477e2ab:1
1786565095.918106 s5e1-b8b7f286:1 s6e1-9cf5af8f:1 s7e1-a477e2ab:1
1786565095.942269 s5e1-b8b7f286:1 s6e1-9cf5af8f:1 s7e1-a477e2ab:1
1786565095.966489 s5e1-b8b7f286:1 s6e1-9cf5af8f:1 s7e1-a477e2ab:1
1786565095.990271 s5e1-b8b7f286:1 s6e1-9cf5af8f:1 s7e1-a477e2ab:1
1786565096.015978 s5e1-b8b7f286:1 s6e1-9cf5af8f:1 s7e1-a477e2ab:1
1786565096.046818 s5e1-b8b7f286:1 s6e1-9cf5af8f:1 s7e1-a477e2ab:1
1786565096.071254 s5e1-b8b7f286:1 s6e1-9cf5af8f:1 s7e1-a477e2ab:1
1786565096.095904 s5e1-b8b7f286:1 s6e1-9cf5af8f:1 s7e1-a477e2ab:1 s8e1-8a5a4506:60E
1786565096.160906 s6e1-9cf5af8f:1 s7e1-a477e2ab:1 s8e1-8a5a4506:1
1786565096.185490 s6e1-9cf5af8f:1 s7e1-a477e2ab:1 s8e1-8a5a4506:1
1786565096.209660 s6e1-9cf5af8f:1 s7e1-a477e2ab:1 s8e1-8a5a4506:1
1786565096.235341 s6e1-9cf5af8f:1 s7e1-a477e2ab:1 s8e1-8a5a4506:1
1786565096.265196 s6e1-9cf5af8f:1 s7e1-a477e2ab:1 s8e1-8a5a4506:1
1786565096.291231 s6e1-9cf5af8f:1 s7e1-a477e2ab:1 s8e1-8a5a4506:1
1786565096.315741 s6e1-9cf5af8f:1 s7e1-a477e2ab:1 s8e1-8a5a4506:1 s1e1-9256ac17:63E
1786565096.390515 s6e1-9cf5af8f:1 s7e1-a477e2ab:1 s8e1-8a5a4506:1 s1e1-9256ac17:1
1786565096.415006 s7e1-a477e2ab:1 s8e1-8a5a4506:1 s1e1-9256ac17:1
1786565096.438790 s7e1-a477e2ab:1 s8e1-8a5a4506:1 s1e1-9256ac17:1
1786565096.462856 s7e1-a477e2ab:1 s8e1-8a5a4506:1 s1e1-9256ac17:1
1786565096.486639 s7e1-a477e2ab:1 s8e1-8a5a4506:1 s1e1-9256ac17:1
1786565096.511870 s7e1-a477e2ab:1 s8e1-8a5a4506:1 s1e1-9256ac17:1
1786565096.535317 s7e1-a477e2ab:1 s8e1-8a5a4506:1 s1e1-9256ac17:1
1786565096.564126 s7e1-a477e2ab:1 s8e1-8a5a4506:1 s1e1-9256ac17:1
1786565096.588809 s8e1-8a5a4506:1 s1e1-9256ac17:1 s2e1-9f76c9cb:58E
1786565096.653670 s8e1-8a5a4506:1 s1e1-9256ac17:1 s2e1-9f76c9cb:1
1786565096.677429 s8e1-8a5a4506:1 s1e1-9256ac17:1 s2e1-9f76c9cb:1
1786565096.701239 s8e1-8a5a4506:1 s1e1-9256ac17:1 s2e1-9f76c9cb:1
1786565096.725190 s8e1-8a5a4506:1 s1e1-9256ac17:1 s2e1-9f76c9cb:1
1786565096.750813 s8e1-8a5a4506:1 s1e1-9256ac17:1 s2e1-9f76c9cb:1
1786565096.782025 s8e1-8a5a4506:1 s1e1-9256ac17:1 s2e1-9f76c9cb:1
1786565096.806431 s8e1-8a5a4506:1 s1e1-9256ac17:1 s2e1-9f76c9cb:1
1786565096.830732 s8e1-8a5a4506:1 s1e1-9256ac17:1 s2e1-9f76c9cb:1 s3e1-900d615e:62E
1786565096.906068 s1e1-9256ac17:1 s2e1-9f76c9cb:1 s3e1-900d615e:1
1786565096.929694 s1e1-9256ac17:1 s2e1-9f76c9cb:1 s3e1-900d615e:1
1786565096.953384 s1e1-9256ac17:1 s2e1-9f76c9cb:1 s3e1-900d615e:1
1786565096.976885 s1e1-9256ac17:1 s2e1-9f76c9cb:1 s3e1-900d615e:1
1786565097.002113 s1e1-9256ac17:1 s2e1-9f76c9cb:1 s3e1-900d615e:1
1786565097.032636 s1e1-9256ac17:1 s2e1-9f76c9cb:1 s3e1-900d615e:1
1786565097.057221 s1e1-9256ac17:1 s2e1-9f76c9cb:1 s3e1-900d615e:1
1786565097.082949 s2e1-9f76c9cb:1 s3e1-900d615e:1 s4e1-8991268b:65E
1786565097.157679 s2e1-9f76c9cb:1 s3e1-900d615e:1 s4e1-8991268b:1
1786565097.182111 s2e1-9f76c9cb:1 s3e1-900d615e:1 s4e1-8991268b:1
1786565097.206447 s2e1-9f76c9cb:1 s3e1-900d615e:1 s4e1-8991268b:1
1786565097.230508 s2e1-9f76c9cb:1 s3e1-900d615e:1 s4e1-8991268b:1
1786565097.254683 s2e1-9f76c9cb:1 s3e1-900d615e:1 s4e1-8991268b:1
1786565097.281079 s2e1-9f76c9cb:1 s3e1-900d615e:1 s4e1-8991268b:1
1786565097.312096 s2e1-9f76c9cb:1 s3e1-900d615e:1 s4e1-8991268b:1
1786565097.336682 s2e1-9f76c9cb:1 s3e1-900d615e:1 s4e1-8991268b:1
1786565097.362344 s3e1-900d615e:1 s4e1-8991268b:1 s5e1-b8b7f286:59E
1786565097.428349 s3e1-900d615e:1 s4e1-8991268b:1 s5e1-b8b7f286:1
1786565097.452112 s3e1-900d615e:1 s4e1-8991268b:1 s5e1-b8b7f286:1
1786565097.475643 s3e1-900d615e:1 s4e1-8991268b:1 s5e1-b8b7f286:1
1786565097.501427 s3e1-900d615e:1 s4e1-8991268b:1 s5e1-b8b7f286:1
1786565097.530699 s3e1-900d615e:1 s4e1-8991268b:1 s5e1-b8b7f286:1
1786565097.554772 s3e1-900d615e:1 s4e1-8991268b:1 s5e1-b8b7f286:1
1786565097.578009 s3e1-900d615e:1 s4e1-8991268b:1 s5e1-b8b7f286:1
1786565097.602992 s4e1-8991268b:1 s5e1-b8b7f286:1 s6e1-9cf5af8f:65E
1786565097.677991 s4e1-8991268b:1 s5e1-b8b7f286:1 s6e1-9cf5af8f:1
1786565097.701701 s4e1-8991268b:1 s5e1-b8b7f286:1 s6e1-9cf5af8f:1
1786565097.725588 s4e1-8991268b:1 s5e1-b8b7f286:1 s6e1-9cf5af8f:1
1786565097.751109 s4e1-8991268b:1 s5e1-b8b7f286:1 s6e1-9cf5af8f:1
1786565097.774533 s4e1-8991268b:1 s5e1-b8b7f286:1 s6e1-9cf5af8f:1
1786565097.801524 s4e1-8991268b:1 s5e1-b8b7f286:1 s6e1-9cf5af8f:1
1786565097.825784 s4e1-8991268b:1 s5e1-b8b7f286:1 s6e1-9cf5af8f:1 s7e1-a477e2ab:58E
1786565097.892038 s5e1-b8b7f286:1 s6e1-9cf5af8f:1 s7e1-a477e2ab:1
1786565097.916036 s5e1-b8b7f286:1 s6e1-9cf5af8f:1 s7e1-a477e2ab:1
1786565097.939939 s5e1-b8b7f286:1 s6e1-9cf5af8f:1 s7e1-a477e2ab:1
1786565097.964064 s5e1-b8b7f286:1 s6e1-9cf5af8f:1 s7e1-a477e2ab:1
1786565097.988227 s5e1-b8b7f286:1 s6e1-9cf5af8f:1 s7e1-a477e2ab:1
1786565098.012438 s5e1-b8b7f286:1 s6e1-9cf5af8f:1 s7e1-a477e2ab:1
1786565098.039287 s5e1-b8b7f286:1 s6e1-9cf5af8f:1 s7e1-a477e2ab:1
1786565098.068321 s5e1-b8b7f286:1 s6e1-9cf5af8f:1 s7e1-a477e2ab:1
1786565098.092614 s5e1-b8b7f286:1 s6e1-9cf5af8f:1 s7e1-a477e2ab:1
1786565098.117940 s6e1-9cf5af8f:1 s7e1-a477e2ab:1 s8e1-8a5a4506:57E
1786565098.183366 s6e1-9cf5af8f:1 s7e1-a477e2ab:1 s8e1-8a5a4506:1
1786565098.207360 s6e1-9cf5af8f:1 s7e1-a477e2ab:1 s8e1-8a5a4506:1
1786565098.231301 s6e1-9cf5af8f:1 s7e1-a477e2ab:1 s8e1-8a5a4506:1
1786565098.256795 s6e1-9cf5af8f:1 s7e1-a477e2ab:1 s8e1-8a5a4506:1
1786565098.285857 s6e1-9cf5af8f:1 s7e1-a477e2ab:1 s8e1-8a5a4506:1
1786565098.310335 s6e1-9cf5af8f:1 s7e1-a477e2ab:1 s8e1-8a5a4506:1
1786565098.335137 s6e1-9cf5af8f:1 s7e1-a477e2ab:1 s8e1-8a5a4506:1 s1e1-9256ac17:60E
1786565098.401161 s7e1-a477e2ab:1 s8e1-8a5a4506:1 s1e1-9256ac17:1
1786565098.425109 s7e1-a477e2ab:1 s8e1-8a5a4506:1 s1e1-9256ac17:1
1786565098.448801 s7e1-a477e2ab:1 s8e1-8a5a4506:1 s1e1-9256ac17:1
1786565098.472449 s7e1-a477e2ab:1 s8e1-8a5a4506:1 s1e1-9256ac17:1
1786565098.496371 s7e1-a477e2ab:1 s8e1-8a5a4506:1 s1e1-9256ac17:1
1786565098.521945 s7e1-a477e2ab:1 s8e1-8a5a4506:1 s1e1-9256ac17:1
1786565098.550080 s7e1-a477e2ab:1 s8e1-8a5a4506:1 s1e1-9256ac17:1
1786565098.574798 s8e1-8a5a4506:1 s1e1-9256ac17:1
1786565098.597410 s8e1-8a5a4506:1 s1e1-9256ac17:1
1786565098.621073 s8e1-8a5a4506:1 s1e1-9256ac17:1 s2e1-9f76c9cb:55E
1786565098.686736 s8e1-8a5a4506:1 s1e1-9256ac17:1 s2e1-9f76c9cb:1
1786565098.710396 s8e1-8a5a4506:1 s1e1-9256ac17:1 s2e1-9f76c9cb:1
1786565098.734396 s8e1-8a5a4506:1 s1e1-9256ac17:1 s2e1-9f76c9cb:1
1786565098.760857 s8e1-8a5a4506:1 s1e1-9256ac17:1 s2e1-9f76c9cb:1
1786565098.784804 s8e1-8a5a4506:1 s1e1-9256ac17:1 s2e1-9f76c9cb:1
1786565098.811807 s8e1-8a5a4506:1 s1e1-9256ac17:1 s2e1-9f76c9cb:1
1786565098.836241 s8e1-8a5a4506:1 s1e1-9256ac17:1 s2e1-9f76c9cb:1 s3e1-900d615e:59E
1786565098.902754 s1e1-9256ac17:1 s2e1-9f76c9cb:1 s3e1-900d615e:1
1786565098.926635 s1e1-9256ac17:1 s2e1-9f76c9cb:1 s3e1-900d615e:1
1786565098.950421 s1e1-9256ac17:1 s2e1-9f76c9cb:1 s3e1-900d615e:1
1786565098.973988 s1e1-9256ac17:1 s2e1-9f76c9cb:1 s3e1-900d615e:1
1786565098.999449 s1e1-9256ac17:1 s2e1-9f76c9cb:1 s3e1-900d615e:1
1786565099.028634 s1e1-9256ac17:1 s2e1-9f76c9cb:1 s3e1-900d615e:1
1786565099.053116 s1e1-9256ac17:1 s2e1-9f76c9cb:1 s3e1-900d615e:1
1786565099.078914 s2e1-9f76c9cb:1 s3e1-900d615e:1 s4e1-8991268b:62E
1786565099.144629 s2e1-9f76c9cb:1 s3e1-900d615e:1 s4e1-8991268b:1
1786565099.168657 s2e1-9f76c9cb:1 s3e1-900d615e:1 s4e1-8991268b:1
1786565099.193061 s2e1-9f76c9cb:1 s3e1-900d615e:1 s4e1-8991268b:1
1786565099.216935 s2e1-9f76c9cb:1 s3e1-900d615e:1 s4e1-8991268b:1
1786565099.241257 s2e1-9f76c9cb:1 s3e1-900d615e:1 s4e1-8991268b:1
1786565099.266966 s2e1-9f76c9cb:1 s3e1-900d615e:1 s4e1-8991268b:1
1786565099.290913 s2e1-9f76c9cb:1 s3e1-900d615e:1 s4e1-8991268b:1
1786565099.319071 s2e1-9f76c9cb:1 s3e1-900d615e:1 s4e1-8991268b:1
1786565099.343802 s2e1-9f76c9cb:1 s3e1-900d615e:1 s4e1-8991268b:1 s5e1-b8b7f286:56E
1786565099.408826 s3e1-900d615e:1 s4e1-8991268b:1 s5e1-b8b7f286:1
1786565099.432770 s3e1-900d615e:1 s4e1-8991268b:1 s5e1-b8b7f286:1
1786565099.456514 s3e1-900d615e:1 s4e1-8991268b:1 s5e1-b8b7f286:1
1786565099.480408 s3e1-900d615e:1 s4e1-8991268b:1 s5e1-b8b7f286:1
1786565099.504480 s3e1-900d615e:1 s4e1-8991268b:1 s5e1-b8b7f286:1
1786565099.530067 s3e1-900d615e:1 s4e1-8991268b:1 s5e1-b8b7f286:1
1786565099.557160 s3e1-900d615e:1 s4e1-8991268b:1 s5e1-b8b7f286:1
1786565099.582047 s4e1-8991268b:1 s5e1-b8b7f286:1
1786565099.605556 s4e1-8991268b:1 s5e1-b8b7f286:1 s6e1-9cf5af8f:62E
1786565099.667593 s4e1-8991268b:1 s5e1-b8b7f286:1 s6e1-9cf5af8f:1
1786565099.691072 s4e1-8991268b:1 s5e1-b8b7f286:1 s6e1-9cf5af8f:1
1786565099.714533 s4e1-8991268b:1 s5e1-b8b7f286:1 s6e1-9cf5af8f:1
1786565099.739664 s4e1-8991268b:1 s5e1-b8b7f286:1 s6e1-9cf5af8f:1
1786565099.768540 s4e1-8991268b:1 s5e1-b8b7f286:1 s6e1-9cf5af8f:1
1786565099.792768 s4e1-8991268b:1 s5e1-b8b7f286:1 s6e1-9cf5af8f:1
1786565099.817705 s5e1-b8b7f286:1 s6e1-9cf5af8f:1 s7e1-a477e2ab:55E
1786565099.884558 s5e1-b8b7f286:1 s6e1-9cf5af8f:1 s7e1-a477e2ab:1
1786565099.908323 s5e1-b8b7f286:1 s6e1-9cf5af8f:1 s7e1-a477e2ab:1
1786565099.931819 s5e1-b8b7f286:1 s6e1-9cf5af8f:1 s7e1-a477e2ab:1
1786565099.955362 s5e1-b8b7f286:1 s6e1-9cf5af8f:1 s7e1-a477e2ab:1
1786565099.979392 s5e1-b8b7f286:1 s6e1-9cf5af8f:1 s7e1-a477e2ab:1
1786565100.005214 s5e1-b8b7f286:1 s6e1-9cf5af8f:1 s7e1-a477e2ab:1
1786565100.028917 s5e1-b8b7f286:1 s6e1-9cf5af8f:1 s7e1-a477e2ab:1
1786565100.057564 s5e1-b8b7f286:1 s6e1-9cf5af8f:1 s7e1-a477e2ab:1
1786565100.082980 s6e1-9cf5af8f:1 s7e1-a477e2ab:1
1786565100.106974 s6e1-9cf5af8f:1 s7e1-a477e2ab:1 s8e1-8a5a4506:54E
1786565100.169904 s6e1-9cf5af8f:1 s7e1-a477e2ab:1 s8e1-8a5a4506:1
1786565100.193958 s6e1-9cf5af8f:1 s7e1-a477e2ab:1 s8e1-8a5a4506:1
1786565100.217626 s6e1-9cf5af8f:1 s7e1-a477e2ab:1 s8e1-8a5a4506:1
1786565100.241367 s6e1-9cf5af8f:1 s7e1-a477e2ab:1 s8e1-8a5a4506:1
1786565100.264940 s6e1-9cf5af8f:1 s7e1-a477e2ab:1 s8e1-8a5a4506:1
1786565100.290417 s6e1-9cf5af8f:1 s7e1-a477e2ab:1 s8e1-8a5a4506:1
1786565100.314155 s6e1-9cf5af8f:1 s7e1-a477e2ab:1 s8e1-8a5a4506:1
1786565100.342981 s7e1-a477e2ab:1 s8e1-8a5a4506:1
1786565100.366567 s7e1-a477e2ab:1 s8e1-8a5a4506:1 s1e1-9256ac17:57E
1786565100.430535 s7e1-a477e2ab:1 s8e1-8a5a4506:1 s1e1-9256ac17:1
1786565100.454404 s7e1-a477e2ab:1 s8e1-8a5a4506:1 s1e1-9256ac17:1
1786565100.478010 s7e1-a477e2ab:1 s8e1-8a5a4506:1 s1e1-9256ac17:1
1786565100.503181 s7e1-a477e2ab:1 s8e1-8a5a4506:1 s1e1-9256ac17:1
1786565100.532637 s7e1-a477e2ab:1 s8e1-8a5a4506:1 s1e1-9256ac17:1
1786565100.557723 s8e1-8a5a4506:1 s1e1-9256ac17:1
1786565100.581384 s8e1-8a5a4506:1 s1e1-9256ac17:1 s2e1-9f76c9cb:68E
1786565100.656875 s8e1-8a5a4506:1 s1e1-9256ac17:1 s2e1-9f76c9cb:1
1786565100.680842 s8e1-8a5a4506:1 s1e1-9256ac17:1 s2e1-9f76c9cb:1
1786565100.704643 s8e1-8a5a4506:1 s1e1-9256ac17:1 s2e1-9f76c9cb:1
1786565100.728327 s8e1-8a5a4506:1 s1e1-9256ac17:1 s2e1-9f76c9cb:1
1786565100.753633 s8e1-8a5a4506:1 s1e1-9256ac17:1 s2e1-9f76c9cb:1
1786565100.777336 s8e1-8a5a4506:1 s1e1-9256ac17:1 s2e1-9f76c9cb:1
1786565100.805287 s8e1-8a5a4506:1 s1e1-9256ac17:1 s2e1-9f76c9cb:1
1786565100.829645 s8e1-8a5a4506:1 s1e1-9256ac17:1 s2e1-9f76c9cb:1 s3e1-900d615e:56E
1786565100.897708 s1e1-9256ac17:1 s2e1-9f76c9cb:1 s3e1-900d615e:1
1786565100.922004 s1e1-9256ac17:1 s2e1-9f76c9cb:1 s3e1-900d615e:1
1786565100.945968 s1e1-9256ac17:1 s2e1-9f76c9cb:1 s3e1-900d615e:1
1786565100.969925 s1e1-9256ac17:1 s2e1-9f76c9cb:1 s3e1-900d615e:1
1786565100.993958 s1e1-9256ac17:1 s2e1-9f76c9cb:1 s3e1-900d615e:1
1786565101.017609 s1e1-9256ac17:1 s2e1-9f76c9cb:1 s3e1-900d615e:1
1786565101.043479 s1e1-9256ac17:1 s2e1-9f76c9cb:1 s3e1-900d615e:1
1786565101.067635 s1e1-9256ac17:1 s2e1-9f76c9cb:1 s3e1-900d615e:1
1786565101.096492 s1e1-9256ac17:1 s2e1-9f76c9cb:1 s3e1-900d615e:1
1786565101.121242 s2e1-9f76c9cb:1 s3e1-900d615e:1
1786565101.145068 s2e1-9f76c9cb:1 s3e1-900d615e:1 s4e1-8991268b:59E
1786565101.210941 s2e1-9f76c9cb:1 s3e1-900d615e:1 s4e1-8991268b:1
1786565101.234560 s2e1-9f76c9cb:1 s3e1-900d615e:1 s4e1-8991268b:1
1786565101.258289 s2e1-9f76c9cb:1 s3e1-900d615e:1 s4e1-8991268b:1
1786565101.283930 s2e1-9f76c9cb:1 s3e1-900d615e:1 s4e1-8991268b:1
1786565101.307825 s2e1-9f76c9cb:1 s3e1-900d615e:1 s4e1-8991268b:1
1786565101.336360 s3e1-900d615e:1 s4e1-8991268b:1
1786565101.360004 s3e1-900d615e:1 s4e1-8991268b:1 s5e1-b8b7f286:69E
1786565101.435803 s3e1-900d615e:1 s4e1-8991268b:1 s5e1-b8b7f286:1
1786565101.459089 s3e1-900d615e:1 s4e1-8991268b:1 s5e1-b8b7f286:1
1786565101.482585 s3e1-900d615e:1 s4e1-8991268b:1 s5e1-b8b7f286:1
1786565101.508370 s3e1-900d615e:1 s4e1-8991268b:1 s5e1-b8b7f286:1
1786565101.532316 s3e1-900d615e:1 s4e1-8991268b:1 s5e1-b8b7f286:1
1786565101.560007 s3e1-900d615e:1 s4e1-8991268b:1 s5e1-b8b7f286:1
1786565101.584858 s4e1-8991268b:1 s5e1-b8b7f286:1 s6e1-9cf5af8f:59E
1786565101.649679 s4e1-8991268b:1 s5e1-b8b7f286:1 s6e1-9cf5af8f:1
1786565101.673398 s4e1-8991268b:1 s5e1-b8b7f286:1 s6e1-9cf5af8f:1
1786565101.696914 s4e1-8991268b:1 s5e1-b8b7f286:1 s6e1-9cf5af8f:1
1786565101.720449 s4e1-8991268b:1 s5e1-b8b7f286:1 s6e1-9cf5af8f:1
1786565101.744120 s4e1-8991268b:1 s5e1-b8b7f286:1 s6e1-9cf5af8f:1
1786565101.769506 s4e1-8991268b:1 s5e1-b8b7f286:1 s6e1-9cf5af8f:1
1786565101.798654 s4e1-8991268b:1 s5e1-b8b7f286:1 s6e1-9cf5af8f:1
1786565101.822697 s4e1-8991268b:1 s5e1-b8b7f286:1 s6e1-9cf5af8f:1
1786565101.847209 s4e1-8991268b:1 s5e1-b8b7f286:1 s6e1-9cf5af8f:1 s7e1-a477e2ab:68E
1786565101.925034 s4e1-8991268b:1 s5e1-b8b7f286:1 s6e1-9cf5af8f:1 s7e1-a477e2ab:1
1786565101.950560 s5e1-b8b7f286:1 s6e1-9cf5af8f:1 s7e1-a477e2ab:1
1786565101.974470 s5e1-b8b7f286:1 s6e1-9cf5af8f:1 s7e1-a477e2ab:1
1786565101.997955 s5e1-b8b7f286:1 s6e1-9cf5af8f:1 s7e1-a477e2ab:1
1786565102.021555 s5e1-b8b7f286:1 s6e1-9cf5af8f:1 s7e1-a477e2ab:1
1786565102.048757 s5e1-b8b7f286:1 s6e1-9cf5af8f:1 s7e1-a477e2ab:1
1786565102.079065 s5e1-b8b7f286:1 s6e1-9cf5af8f:1 s7e1-a477e2ab:1
1786565102.103370 s5e1-b8b7f286:1 s6e1-9cf5af8f:1 s7e1-a477e2ab:1
1786565102.128025 s6e1-9cf5af8f:1 s7e1-a477e2ab:1
1786565102.151728 s6e1-9cf5af8f:1 s7e1-a477e2ab:1 s8e1-8a5a4506:67E
1786565102.228545 s6e1-9cf5af8f:1 s7e1-a477e2ab:1 s8e1-8a5a4506:1
1786565102.252577 s6e1-9cf5af8f:1 s7e1-a477e2ab:1 s8e1-8a5a4506:1
1786565102.278256 s6e1-9cf5af8f:1 s7e1-a477e2ab:1 s8e1-8a5a4506:1
1786565102.308092 s6e1-9cf5af8f:1 s7e1-a477e2ab:1 s8e1-8a5a4506:1
1786565102.332359 s6e1-9cf5af8f:1 s7e1-a477e2ab:1 s8e1-8a5a4506:1
1786565102.357617 s7e1-a477e2ab:1 s8e1-8a5a4506:1 s1e1-9256ac17:54E
1786565102.420891 s7e1-a477e2ab:1 s8e1-8a5a4506:1 s1e1-9256ac17:1
1786565102.444372 s7e1-a477e2ab:1 s8e1-8a5a4506:1 s1e1-9256ac17:1
1786565102.467856 s7e1-a477e2ab:1 s8e1-8a5a4506:1 s1e1-9256ac17:1
1786565102.491318 s7e1-a477e2ab:1 s8e1-8a5a4506:1 s1e1-9256ac17:1
1786565102.516643 s7e1-a477e2ab:1 s8e1-8a5a4506:1 s1e1-9256ac17:1
1786565102.540366 s7e1-a477e2ab:1 s8e1-8a5a4506:1 s1e1-9256ac17:1
1786565102.568849 s7e1-a477e2ab:1 s8e1-8a5a4506:1 s1e1-9256ac17:1
1786565102.592554 s7e1-a477e2ab:1 s8e1-8a5a4506:1 s1e1-9256ac17:1
1786565102.617322 s8e1-8a5a4506:1 s1e1-9256ac17:1 s2e1-9f76c9cb:65E
1786565102.693725 s8e1-8a5a4506:1 s1e1-9256ac17:1 s2e1-9f76c9cb:1
1786565102.717542 s8e1-8a5a4506:1 s1e1-9256ac17:1 s2e1-9f76c9cb:1
1786565102.742578 s8e1-8a5a4506:1 s1e1-9256ac17:1 s2e1-9f76c9cb:1
1786565102.773639 s8e1-8a5a4506:1 s1e1-9256ac17:1 s2e1-9f76c9cb:1
1786565102.798400 s8e1-8a5a4506:1 s1e1-9256ac17:1 s2e1-9f76c9cb:1
1786565102.823723 s8e1-8a5a4506:1 s1e1-9256ac17:1 s2e1-9f76c9cb:1 s3e1-900d615e:69E
1786565102.909026 s8e1-8a5a4506:1 s1e1-9256ac17:1 s2e1-9f76c9cb:1 s3e1-900d615e:1
1786565102.933086 s8e1-8a5a4506:1 s1e1-9256ac17:1 s2e1-9f76c9cb:1 s3e1-900d615e:1
1786565102.957217 s8e1-8a5a4506:1 s1e1-9256ac17:1 s2e1-9f76c9cb:1 s3e1-900d615e:1
1786565102.982207 s1e1-9256ac17:1 s2e1-9f76c9cb:1 s3e1-900d615e:1
1786565103.006356 s1e1-9256ac17:1 s2e1-9f76c9cb:1 s3e1-900d615e:1
1786565103.032006 s1e1-9256ac17:1 s2e1-9f76c9cb:1 s3e1-900d615e:1
1786565103.061593 s1e1-9256ac17:1 s2e1-9f76c9cb:1 s3e1-900d615e:1
1786565103.086139 s1e1-9256ac17:1 s2e1-9f76c9cb:1 s3e1-900d615e:1
1786565103.110080 s1e1-9256ac17:1 s2e1-9f76c9cb:1 s3e1-900d615e:1
1786565103.135446 s2e1-9f76c9cb:1 s3e1-900d615e:1 s4e1-8991268b:56E
1786565103.200768 s2e1-9f76c9cb:1 s3e1-900d615e:1 s4e1-8991268b:1
1786565103.225083 s2e1-9f76c9cb:1 s3e1-900d615e:1 s4e1-8991268b:1
1786565103.248979 s2e1-9f76c9cb:1 s3e1-900d615e:1 s4e1-8991268b:1
1786565103.272994 s2e1-9f76c9cb:1 s3e1-900d615e:1 s4e1-8991268b:1
1786565103.298631 s2e1-9f76c9cb:1 s3e1-900d615e:1 s4e1-8991268b:1
1786565103.329234 s2e1-9f76c9cb:1 s3e1-900d615e:1 s4e1-8991268b:1
1786565103.353636 s2e1-9f76c9cb:1 s3e1-900d615e:1 s4e1-8991268b:1
1786565103.377679 s2e1-9f76c9cb:1 s3e1-900d615e:1 s4e1-8991268b:1
1786565103.403459 s3e1-900d615e:1 s4e1-8991268b:1 s5e1-b8b7f286:66E
1786565103.480183 s3e1-900d615e:1 s4e1-8991268b:1 s5e1-b8b7f286:1
1786565103.506180 s3e1-900d615e:1 s4e1-8991268b:1 s5e1-b8b7f286:1
1786565103.529851 s3e1-900d615e:1 s4e1-8991268b:1 s5e1-b8b7f286:1
1786565103.560906 s3e1-900d615e:1 s4e1-8991268b:1 s5e1-b8b7f286:1
1786565103.585127 s3e1-900d615e:1 s4e1-8991268b:1 s5e1-b8b7f286:1 s6e1-9cf5af8f:56E
1786565103.650847 s4e1-8991268b:1 s5e1-b8b7f286:1 s6e1-9cf5af8f:1
1786565103.674849 s4e1-8991268b:1 s5e1-b8b7f286:1 s6e1-9cf5af8f:1
1786565103.698678 s4e1-8991268b:1 s5e1-b8b7f286:1 s6e1-9cf5af8f:1
1786565103.724034 s4e1-8991268b:1 s5e1-b8b7f286:1 s6e1-9cf5af8f:1
1786565103.753854 s4e1-8991268b:1 s5e1-b8b7f286:1 s6e1-9cf5af8f:1
1786565103.778111 s4e1-8991268b:1 s5e1-b8b7f286:1 s6e1-9cf5af8f:1
1786565103.802189 s4e1-8991268b:1 s5e1-b8b7f286:1 s6e1-9cf5af8f:1
1786565103.827237 s4e1-8991268b:1 s5e1-b8b7f286:1 s6e1-9cf5af8f:1 s7e1-a477e2ab:65E
1786565103.904166 s4e1-8991268b:1 s5e1-b8b7f286:1 s6e1-9cf5af8f:1 s7e1-a477e2ab:1
1786565103.928357 s4e1-8991268b:1 s5e1-b8b7f286:1 s6e1-9cf5af8f:1 s7e1-a477e2ab:1
1786565103.952735 s5e1-b8b7f286:1 s6e1-9cf5af8f:1 s7e1-a477e2ab:1
1786565103.976362 s5e1-b8b7f286:1 s6e1-9cf5af8f:1 s7e1-a477e2ab:1
1786565104.000027 s5e1-b8b7f286:1 s6e1-9cf5af8f:1 s7e1-a477e2ab:1
1786565104.025638 s5e1-b8b7f286:1 s6e1-9cf5af8f:1 s7e1-a477e2ab:1
1786565104.057280 s5e1-b8b7f286:1 s6e1-9cf5af8f:1 s7e1-a477e2ab:1
1786565104.081973 s5e1-b8b7f286:1 s6e1-9cf5af8f:1 s7e1-a477e2ab:1
1786565104.106774 s5e1-b8b7f286:1 s6e1-9cf5af8f:1 s7e1-a477e2ab:1 s8e1-8a5a4506:64E
1786565104.182822 s5e1-b8b7f286:1 s6e1-9cf5af8f:1 s7e1-a477e2ab:1 s8e1-8a5a4506:1
1786565104.206659 s5e1-b8b7f286:1 s6e1-9cf5af8f:1 s7e1-a477e2ab:1 s8e1-8a5a4506:1
1786565104.232967 s6e1-9cf5af8f:1 s7e1-a477e2ab:1 s8e1-8a5a4506:1
1786565104.263571 s6e1-9cf5af8f:1 s7e1-a477e2ab:1 s8e1-8a5a4506:1
1786565104.287655 s6e1-9cf5af8f:1 s7e1-a477e2ab:1 s8e1-8a5a4506:1
1786565104.312269 s6e1-9cf5af8f:1 s7e1-a477e2ab:1 s8e1-8a5a4506:1 s1e1-9256ac17:67E
1786565104.388520 s6e1-9cf5af8f:1 s7e1-a477e2ab:1 s8e1-8a5a4506:1 s1e1-9256ac17:1
1786565104.413368 s7e1-a477e2ab:1 s8e1-8a5a4506:1 s1e1-9256ac17:1
1786565104.437650 s7e1-a477e2ab:1 s8e1-8a5a4506:1 s1e1-9256ac17:1
1786565104.463275 s7e1-a477e2ab:1 s8e1-8a5a4506:1 s1e1-9256ac17:1
1786565104.492618 s7e1-a477e2ab:1 s8e1-8a5a4506:1 s1e1-9256ac17:1
1786565104.516613 s7e1-a477e2ab:1 s8e1-8a5a4506:1 s1e1-9256ac17:1
1786565104.541192 s7e1-a477e2ab:1 s8e1-8a5a4506:1 s1e1-9256ac17:1 s2e1-9f76c9cb:62E
1786565104.617033 s7e1-a477e2ab:1 s8e1-8a5a4506:1 s1e1-9256ac17:1 s2e1-9f76c9cb:1
1786565104.640944 s7e1-a477e2ab:1 s8e1-8a5a4506:1 s1e1-9256ac17:1 s2e1-9f76c9cb:1
1786565104.666048 s8e1-8a5a4506:1 s1e1-9256ac17:1 s2e1-9f76c9cb:1
1786565104.690667 s8e1-8a5a4506:1 s1e1-9256ac17:1 s2e1-9f76c9cb:1
1786565104.714980 s8e1-8a5a4506:1 s1e1-9256ac17:1 s2e1-9f76c9cb:1
1786565104.739275 s8e1-8a5a4506:1 s1e1-9256ac17:1 s2e1-9f76c9cb:1
1786565104.763555 s8e1-8a5a4506:1 s1e1-9256ac17:1 s2e1-9f76c9cb:1
1786565104.787489 s8e1-8a5a4506:1 s1e1-9256ac17:1 s2e1-9f76c9cb:1
1786565104.813271 s8e1-8a5a4506:1 s1e1-9256ac17:1 s2e1-9f76c9cb:1
1786565104.842582 s8e1-8a5a4506:1 s1e1-9256ac17:1 s2e1-9f76c9cb:1
1786565104.866753 s8e1-8a5a4506:1 s1e1-9256ac17:1 s2e1-9f76c9cb:1
1786565104.891532 s1e1-9256ac17:1 s2e1-9f76c9cb:1
1786565104.915044 s1e1-9256ac17:1 s2e1-9f76c9cb:1 s3e1-900d615e:66E
1786565104.992424 s1e1-9256ac17:1 s2e1-9f76c9cb:1 s3e1-900d615e:1
1786565105.026473 s1e1-9256ac17:1 s2e1-9f76c9cb:1 s3e1-900d615e:1
1786565105.051216 s1e1-9256ac17:1 s2e1-9f76c9cb:1 s3e1-900d615e:1
1786565105.076309 s1e1-9256ac17:1 s2e1-9f76c9cb:1 s3e1-900d615e:1 s4e1-8991268b:69E
1786565105.153875 s2e1-9f76c9cb:1 s3e1-900d615e:1 s4e1-8991268b:1
1786565105.178206 s2e1-9f76c9cb:1 s3e1-900d615e:1 s4e1-8991268b:1
1786565105.202065 s2e1-9f76c9cb:1 s3e1-900d615e:1 s4e1-8991268b:1
1786565105.226445 s2e1-9f76c9cb:1 s3e1-900d615e:1 s4e1-8991268b:1
1786565105.252400 s2e1-9f76c9cb:1 s3e1-900d615e:1 s4e1-8991268b:1
1786565105.276355 s2e1-9f76c9cb:1 s3e1-900d615e:1 s4e1-8991268b:1
1786565105.307716 s2e1-9f76c9cb:1 s3e1-900d615e:1 s4e1-8991268b:1
1786565105.332845 s3e1-900d615e:1 s4e1-8991268b:1
1786565105.356899 s3e1-900d615e:1 s4e1-8991268b:1 s5e1-b8b7f286:63E
1786565105.433084 s3e1-900d615e:1 s4e1-8991268b:1 s5e1-b8b7f286:1
1786565105.457413 s3e1-900d615e:1 s4e1-8991268b:1 s5e1-b8b7f286:1
1786565105.481629 s3e1-900d615e:1 s4e1-8991268b:1 s5e1-b8b7f286:1
1786565105.505419 s3e1-900d615e:1 s4e1-8991268b:1 s5e1-b8b7f286:1
1786565105.529237 s3e1-900d615e:1 s4e1-8991268b:1 s5e1-b8b7f286:1
1786565105.554676 s3e1-900d615e:1 s4e1-8991268b:1 s5e1-b8b7f286:1
1786565105.578744 s3e1-900d615e:1 s4e1-8991268b:1 s5e1-b8b7f286:1
1786565105.610694 s3e1-900d615e:1 s4e1-8991268b:1 s5e1-b8b7f286:1
1786565105.634562 s3e1-900d615e:1 s4e1-8991268b:1 s5e1-b8b7f286:1
1786565105.659570 s3e1-900d615e:1 s4e1-8991268b:1 s5e1-b8b7f286:1 s6e1-9cf5af8f:69E
1786565105.737875 s3e1-900d615e:1 s4e1-8991268b:1 s5e1-b8b7f286:1 s6e1-9cf5af8f:1
1786565105.770151 s4e1-8991268b:1 s5e1-b8b7f286:1 s6e1-9cf5af8f:1
1786565105.795008 s4e1-8991268b:1 s5e1-b8b7f286:1 s6e1-9cf5af8f:1
1786565105.819991 s4e1-8991268b:1 s5e1-b8b7f286:1 s6e1-9cf5af8f:1 s7e1-a477e2ab:62E
1786565105.895801 s4e1-8991268b:1 s5e1-b8b7f286:1 s6e1-9cf5af8f:1 s7e1-a477e2ab:1
1786565105.921173 s5e1-b8b7f286:1 s6e1-9cf5af8f:1 s7e1-a477e2ab:1
1786565105.945635 s5e1-b8b7f286:1 s6e1-9cf5af8f:1 s7e1-a477e2ab:1
1786565105.969668 s5e1-b8b7f286:1 s6e1-9cf5af8f:1 s7e1-a477e2ab:1
1786565105.995120 s5e1-b8b7f286:1 s6e1-9cf5af8f:1 s7e1-a477e2ab:1
1786565106.028730 s5e1-b8b7f286:1 s6e1-9cf5af8f:1 s7e1-a477e2ab:1
1786565106.053740 s5e1-b8b7f286:1 s6e1-9cf5af8f:1 s7e1-a477e2ab:1
1786565106.078292 s5e1-b8b7f286:1 s6e1-9cf5af8f:1 s7e1-a477e2ab:1
1786565106.103078 s5e1-b8b7f286:1 s6e1-9cf5af8f:1 s7e1-a477e2ab:1 s8e1-8a5a4506:61E
1786565106.167331 s5e1-b8b7f286:1 s6e1-9cf5af8f:1 s7e1-a477e2ab:1 s8e1-8a5a4506:1
1786565106.192376 s6e1-9cf5af8f:1 s7e1-a477e2ab:1 s8e1-8a5a4506:1
1786565106.216708 s6e1-9cf5af8f:1 s7e1-a477e2ab:1 s8e1-8a5a4506:1
1786565106.241115 s6e1-9cf5af8f:1 s7e1-a477e2ab:1 s8e1-8a5a4506:1
1786565106.265058 s6e1-9cf5af8f:1 s7e1-a477e2ab:1 s8e1-8a5a4506:1
1786565106.288989 s6e1-9cf5af8f:1 s7e1-a477e2ab:1 s8e1-8a5a4506:1
1786565106.313750 s6e1-9cf5af8f:1 s7e1-a477e2ab:1 s8e1-8a5a4506:1
1786565106.339696 s6e1-9cf5af8f:1 s7e1-a477e2ab:1 s8e1-8a5a4506:1
1786565106.372571 s6e1-9cf5af8f:1 s7e1-a477e2ab:1 s8e1-8a5a4506:1
1786565106.397169 s6e1-9cf5af8f:1 s7e1-a477e2ab:1 s8e1-8a5a4506:1
1786565106.421701 s6e1-9cf5af8f:1 s7e1-a477e2ab:1 s8e1-8a5a4506:1 s1e1-9256ac17:64E
1786565106.499817 s7e1-a477e2ab:1 s8e1-8a5a4506:1 s1e1-9256ac17:1
1786565106.526994 s7e1-a477e2ab:1 s8e1-8a5a4506:1 s1e1-9256ac17:1
1786565106.550880 s7e1-a477e2ab:1 s8e1-8a5a4506:1 s1e1-9256ac17:1
1786565106.582855 s7e1-a477e2ab:1 s8e1-8a5a4506:1 s1e1-9256ac17:1
1786565106.607923 s8e1-8a5a4506:1 s1e1-9256ac17:1
1786565106.631327 s8e1-8a5a4506:1 s1e1-9256ac17:1 s2e1-9f76c9cb:59E
1786565106.698511 s8e1-8a5a4506:1 s1e1-9256ac17:1 s2e1-9f76c9cb:1
1786565106.722745 s8e1-8a5a4506:1 s1e1-9256ac17:1 s2e1-9f76c9cb:1
1786565106.746991 s8e1-8a5a4506:1 s1e1-9256ac17:1 s2e1-9f76c9cb:1
1786565106.770693 s8e1-8a5a4506:1 s1e1-9256ac17:1 s2e1-9f76c9cb:1
1786565106.796690 s8e1-8a5a4506:1 s1e1-9256ac17:1 s2e1-9f76c9cb:1
1786565106.828421 s8e1-8a5a4506:1 s1e1-9256ac17:1 s2e1-9f76c9cb:1
1786565106.852634 s8e1-8a5a4506:1 s1e1-9256ac17:1 s2e1-9f76c9cb:1
1786565106.877967 s1e1-9256ac17:1 s2e1-9f76c9cb:1 s3e1-900d615e:63E
1786565106.954918 s1e1-9256ac17:1 s2e1-9f76c9cb:1 s3e1-900d615e:1
1786565106.978893 s1e1-9256ac17:1 s2e1-9f76c9cb:1 s3e1-900d615e:1
1786565107.002852 s1e1-9256ac17:1 s2e1-9f76c9cb:1 s3e1-900d615e:1
1786565107.026763 s1e1-9256ac17:1 s2e1-9f76c9cb:1 s3e1-900d615e:1
1786565107.050916 s1e1-9256ac17:1 s2e1-9f76c9cb:1 s3e1-900d615e:1
1786565107.075044 s1e1-9256ac17:1 s2e1-9f76c9cb:1 s3e1-900d615e:1
1786565107.099158 s1e1-9256ac17:1 s2e1-9f76c9cb:1 s3e1-900d615e:1
1786565107.123513 s1e1-9256ac17:1 s2e1-9f76c9cb:1 s3e1-900d615e:1
1786565107.149642 s1e1-9256ac17:1 s2e1-9f76c9cb:1 s3e1-900d615e:1
1786565107.179971 s1e1-9256ac17:1 s2e1-9f76c9cb:1 s3e1-900d615e:1
1786565107.204865 s2e1-9f76c9cb:1 s3e1-900d615e:1
1786565107.228333 s2e1-9f76c9cb:1 s3e1-900d615e:1 s4e1-8991268b:66E
1786565107.307402 s2e1-9f76c9cb:1 s3e1-900d615e:1 s4e1-8991268b:1
1786565107.339606 s2e1-9f76c9cb:1 s3e1-900d615e:1 s4e1-8991268b:1
1786565107.364231 s2e1-9f76c9cb:1 s3e1-900d615e:1 s4e1-8991268b:1
1786565107.388996 s2e1-9f76c9cb:1 s3e1-900d615e:1 s4e1-8991268b:1 s5e1-b8b7f286:60E
1786565107.454417 s3e1-900d615e:1 s4e1-8991268b:1 s5e1-b8b7f286:1
1786565107.479074 s3e1-900d615e:1 s4e1-8991268b:1 s5e1-b8b7f286:1
1786565107.503276 s3e1-900d615e:1 s4e1-8991268b:1 s5e1-b8b7f286:1
1786565107.529011 s3e1-900d615e:1 s4e1-8991268b:1 s5e1-b8b7f286:1
1786565107.559551 s3e1-900d615e:1 s4e1-8991268b:1 s5e1-b8b7f286:1
1786565107.583690 s3e1-900d615e:1 s4e1-8991268b:1 s5e1-b8b7f286:1
1786565107.607622 s3e1-900d615e:1 s4e1-8991268b:1 s5e1-b8b7f286:1
1786565107.632117 s3e1-900d615e:1 s4e1-8991268b:1 s5e1-b8b7f286:1 s6e1-9cf5af8f:66E
1786565107.710546 s4e1-8991268b:1 s5e1-b8b7f286:1 s6e1-9cf5af8f:1
1786565107.735012 s4e1-8991268b:1 s5e1-b8b7f286:1 s6e1-9cf5af8f:1
1786565107.761034 s4e1-8991268b:1 s5e1-b8b7f286:1 s6e1-9cf5af8f:1
1786565107.800992 s4e1-8991268b:1 s5e1-b8b7f286:1 s6e1-9cf5af8f:1
1786565107.825584 s4e1-8991268b:1 s5e1-b8b7f286:1 s6e1-9cf5af8f:1
1786565107.850382 s4e1-8991268b:1 s5e1-b8b7f286:1 s6e1-9cf5af8f:1 s7e1-a477e2ab:59E
1786565107.915564 s4e1-8991268b:1 s5e1-b8b7f286:1 s6e1-9cf5af8f:1 s7e1-a477e2ab:1
1786565107.939744 s4e1-8991268b:1 s5e1-b8b7f286:1 s6e1-9cf5af8f:1 s7e1-a477e2ab:1
1786565107.963864 s4e1-8991268b:1 s5e1-b8b7f286:1 s6e1-9cf5af8f:1 s7e1-a477e2ab:1
1786565107.987946 s4e1-8991268b:1 s5e1-b8b7f286:1 s6e1-9cf5af8f:1 s7e1-a477e2ab:1
1786565108.013932 s4e1-8991268b:1 s5e1-b8b7f286:1 s6e1-9cf5af8f:1 s7e1-a477e2ab:1
1786565108.046331 s4e1-8991268b:1 s5e1-b8b7f286:1 s6e1-9cf5af8f:1 s7e1-a477e2ab:1
1786565108.097128 s5e1-b8b7f286:1 s6e1-9cf5af8f:1 s7e1-a477e2ab:1
1786565108.122319 s5e1-b8b7f286:1 s6e1-9cf5af8f:1 s7e1-a477e2ab:1 s8e1-8a5a4506:58E
1786565108.189183 s5e1-b8b7f286:1 s6e1-9cf5af8f:1 s7e1-a477e2ab:1 s8e1-8a5a4506:1
1786565108.213260 s5e1-b8b7f286:1 s6e1-9cf5af8f:1 s7e1-a477e2ab:1 s8e1-8a5a4506:1
1786565108.238220 s6e1-9cf5af8f:1 s7e1-a477e2ab:1 s8e1-8a5a4506:1
1786565108.265012 s6e1-9cf5af8f:1 s7e1-a477e2ab:1 s8e1-8a5a4506:1
1786565108.294596 s6e1-9cf5af8f:1 s7e1-a477e2ab:1 s8e1-8a5a4506:1
1786565108.319015 s6e1-9cf5af8f:1 s7e1-a477e2ab:1 s8e1-8a5a4506:1
1786565108.343848 s6e1-9cf5af8f:1 s7e1-a477e2ab:1 s8e1-8a5a4506:1 s1e1-9256ac17:61E
1786565108.407629 s6e1-9cf5af8f:1 s7e1-a477e2ab:1 s8e1-8a5a4506:1 s1e1-9256ac17:1
1786565108.431648 s6e1-9cf5af8f:1 s7e1-a477e2ab:1 s8e1-8a5a4506:1 s1e1-9256ac17:1
1786565108.455687 s6e1-9cf5af8f:1 s7e1-a477e2ab:1 s8e1-8a5a4506:1 s1e1-9256ac17:1
1786565108.480651 s7e1-a477e2ab:1 s8e1-8a5a4506:1 s1e1-9256ac17:1
1786565108.504739 s7e1-a477e2ab:1 s8e1-8a5a4506:1 s1e1-9256ac17:1
1786565108.530135 s7e1-a477e2ab:1 s8e1-8a5a4506:1 s1e1-9256ac17:1
1786565108.554010 s7e1-a477e2ab:1 s8e1-8a5a4506:1 s1e1-9256ac17:1
1786565108.583100 s7e1-a477e2ab:1 s8e1-8a5a4506:1 s1e1-9256ac17:1
1786565108.607050 s7e1-a477e2ab:1 s8e1-8a5a4506:1 s1e1-9256ac17:1
1786565108.632493 s8e1-8a5a4506:1 s1e1-9256ac17:1 s2e1-9f76c9cb:56E
1786565108.700175 s8e1-8a5a4506:1 s1e1-9256ac17:1 s2e1-9f76c9cb:1
1786565108.724504 s8e1-8a5a4506:1 s1e1-9256ac17:1 s2e1-9f76c9cb:1
1786565108.748656 s8e1-8a5a4506:1 s1e1-9256ac17:1 s2e1-9f76c9cb:1
1786565108.772566 s8e1-8a5a4506:1 s1e1-9256ac17:1 s2e1-9f76c9cb:1
1786565108.796780 s8e1-8a5a4506:1 s1e1-9256ac17:1 s2e1-9f76c9cb:1
1786565108.823848 s8e1-8a5a4506:1 s1e1-9256ac17:1 s2e1-9f76c9cb:1
1786565108.847917 s8e1-8a5a4506:1 s1e1-9256ac17:1 s2e1-9f76c9cb:1
1786565108.878502 s1e1-9256ac17:1 s2e1-9f76c9cb:1
1786565108.902297 s1e1-9256ac17:1 s2e1-9f76c9cb:1 s3e1-900d615e:60E
1786565108.968423 s1e1-9256ac17:1 s2e1-9f76c9cb:1 s3e1-900d615e:1
1786565108.993961 s1e1-9256ac17:1 s2e1-9f76c9cb:1 s3e1-900d615e:1
1786565109.023738 s1e1-9256ac17:1 s2e1-9f76c9cb:1 s3e1-900d615e:1
1786565109.048388 s1e1-9256ac17:1 s2e1-9f76c9cb:1 s3e1-900d615e:1
1786565109.073435 s1e1-9256ac17:1 s2e1-9f76c9cb:1 s3e1-900d615e:1
1786565109.099190 s2e1-9f76c9cb:1 s3e1-900d615e:1 s4e1-8991268b:63E
1786565109.176006 s2e1-9f76c9cb:1 s3e1-900d615e:1 s4e1-8991268b:1
1786565109.200025 s2e1-9f76c9cb:1 s3e1-900d615e:1 s4e1-8991268b:1
1786565109.223889 s2e1-9f76c9cb:1 s3e1-900d615e:1 s4e1-8991268b:1
1786565109.248165 s2e1-9f76c9cb:1 s3e1-900d615e:1 s4e1-8991268b:1
1786565109.272107 s2e1-9f76c9cb:1 s3e1-900d615e:1 s4e1-8991268b:1
1786565109.297807 s2e1-9f76c9cb:1 s3e1-900d615e:1 s4e1-8991268b:1
1786565109.321737 s2e1-9f76c9cb:1 s3e1-900d615e:1 s4e1-8991268b:1
1786565109.350200 s2e1-9f76c9cb:1 s3e1-900d615e:1 s4e1-8991268b:1
1786565109.374954 s2e1-9f76c9cb:1 s3e1-900d615e:1 s4e1-8991268b:1 s5e1-b8b7f286:57E
1786565109.441555 s3e1-900d615e:1 s4e1-8991268b:1 s5e1-b8b7f286:1
1786565109.465760 s3e1-900d615e:1 s4e1-8991268b:1 s5e1-b8b7f286:1
1786565109.489871 s3e1-900d615e:1 s4e1-8991268b:1 s5e1-b8b7f286:1
1786565109.515880 s3e1-900d615e:1 s4e1-8991268b:1 s5e1-b8b7f286:1
1786565109.545897 s3e1-900d615e:1 s4e1-8991268b:1 s5e1-b8b7f286:1
1786565109.570519 s3e1-900d615e:1 s4e1-8991268b:1 s5e1-b8b7f286:1
1786565109.595156 s3e1-900d615e:1 s4e1-8991268b:1 s5e1-b8b7f286:1 s6e1-9cf5af8f:63E
1786565109.672102 s3e1-900d615e:1 s4e1-8991268b:1 s5e1-b8b7f286:1 s6e1-9cf5af8f:1
1786565109.696285 s3e1-900d615e:1 s4e1-8991268b:1 s5e1-b8b7f286:1 s6e1-9cf5af8f:1
1786565109.721134 s4e1-8991268b:1 s5e1-b8b7f286:1 s6e1-9cf5af8f:1
1786565109.747071 s4e1-8991268b:1 s5e1-b8b7f286:1 s6e1-9cf5af8f:1
1786565109.770887 s4e1-8991268b:1 s5e1-b8b7f286:1 s6e1-9cf5af8f:1
1786565109.799750 s4e1-8991268b:1 s5e1-b8b7f286:1 s6e1-9cf5af8f:1
1786565109.824746 s4e1-8991268b:1 s5e1-b8b7f286:1 s6e1-9cf5af8f:1 s7e1-a477e2ab:56E
1786565109.891127 s4e1-8991268b:1 s5e1-b8b7f286:1 s6e1-9cf5af8f:1 s7e1-a477e2ab:1
1786565109.915996 s5e1-b8b7f286:1 s6e1-9cf5af8f:1 s7e1-a477e2ab:1
1786565109.940219 s5e1-b8b7f286:1 s6e1-9cf5af8f:1 s7e1-a477e2ab:1
1786565109.964164 s5e1-b8b7f286:1 s6e1-9cf5af8f:1 s7e1-a477e2ab:1
1786565109.987939 s5e1-b8b7f286:1 s6e1-9cf5af8f:1 s7e1-a477e2ab:1
1786565110.011733 s5e1-b8b7f286:1 s6e1-9cf5af8f:1 s7e1-a477e2ab:1
1786565110.037520 s5e1-b8b7f286:1 s6e1-9cf5af8f:1 s7e1-a477e2ab:1
1786565110.067564 s5e1-b8b7f286:1 s6e1-9cf5af8f:1 s7e1-a477e2ab:1
1786565110.092698 s5e1-b8b7f286:1 s6e1-9cf5af8f:1 s7e1-a477e2ab:1
1786565110.117141 s5e1-b8b7f286:1 s6e1-9cf5af8f:1 s7e1-a477e2ab:1
1786565110.142645 s6e1-9cf5af8f:1 s7e1-a477e2ab:1 s8e1-8a5a4506:55E
1786565110.208791 s6e1-9cf5af8f:1 s7e1-a477e2ab:1 s8e1-8a5a4506:1
1786565110.232508 s6e1-9cf5af8f:1 s7e1-a477e2ab:1 s8e1-8a5a4506:1
1786565110.256522 s6e1-9cf5af8f:1 s7e1-a477e2ab:1 s8e1-8a5a4506:1
1786565110.282696 s6e1-9cf5af8f:1 s7e1-a477e2ab:1 s8e1-8a5a4506:1
1786565110.312521 s6e1-9cf5af8f:1 s7e1-a477e2ab:1 s8e1-8a5a4506:1
1786565110.336479 s6e1-9cf5af8f:1 s7e1-a477e2ab:1 s8e1-8a5a4506:1
1786565110.361735 s7e1-a477e2ab:1 s8e1-8a5a4506:1 s1e1-9256ac17:58E
1786565110.427558 s7e1-a477e2ab:1 s8e1-8a5a4506:1 s1e1-9256ac17:1
1786565110.451252 s7e1-a477e2ab:1 s8e1-8a5a4506:1 s1e1-9256ac17:1
1786565110.475238 s7e1-a477e2ab:1 s8e1-8a5a4506:1 s1e1-9256ac17:1
1786565110.500672 s7e1-a477e2ab:1 s8e1-8a5a4506:1 s1e1-9256ac17:1
1786565110.524580 s7e1-a477e2ab:1 s8e1-8a5a4506:1 s1e1-9256ac17:1
1786565110.553803 s7e1-a477e2ab:1 s8e1-8a5a4506:1 s1e1-9256ac17:1
1786565110.578822 s8e1-8a5a4506:1 s1e1-9256ac17:1
1786565110.602466 s8e1-8a5a4506:1 s1e1-9256ac17:1 s2e1-9f76c9cb:69E
1786565110.679461 s8e1-8a5a4506:1 s1e1-9256ac17:1 s2e1-9f76c9cb:1
1786565110.703357 s8e1-8a5a4506:1 s1e1-9256ac17:1 s2e1-9f76c9cb:1
1786565110.727210 s8e1-8a5a4506:1 s1e1-9256ac17:1 s2e1-9f76c9cb:1
1786565110.752850 s8e1-8a5a4506:1 s1e1-9256ac17:1 s2e1-9f76c9cb:1
1786565110.776716 s8e1-8a5a4506:1 s1e1-9256ac17:1 s2e1-9f76c9cb:1
1786565110.806049 s8e1-8a5a4506:1 s1e1-9256ac17:1 s2e1-9f76c9cb:1
1786565110.831082 s8e1-8a5a4506:1 s1e1-9256ac17:1 s2e1-9f76c9cb:1 s3e1-900d615e:57E
1786565110.898146 s8e1-8a5a4506:1 s1e1-9256ac17:1 s2e1-9f76c9cb:1 s3e1-900d615e:1
1786565110.922692 s8e1-8a5a4506:1 s1e1-9256ac17:1 s2e1-9f76c9cb:1 s3e1-900d615e:1
1786565110.947882 s1e1-9256ac17:1 s2e1-9f76c9cb:1 s3e1-900d615e:1
1786565110.972106 s1e1-9256ac17:1 s2e1-9f76c9cb:1 s3e1-900d615e:1
1786565110.996274 s1e1-9256ac17:1 s2e1-9f76c9cb:1 s3e1-900d615e:1
1786565111.021955 s1e1-9256ac17:1 s2e1-9f76c9cb:1 s3e1-900d615e:1
1786565111.052161 s1e1-9256ac17:1 s2e1-9f76c9cb:1 s3e1-900d615e:1
1786565111.077405 s1e1-9256ac17:1 s2e1-9f76c9cb:1 s3e1-900d615e:1
1786565111.101553 s1e1-9256ac17:1 s2e1-9f76c9cb:1 s3e1-900d615e:1
1786565111.127029 s2e1-9f76c9cb:1 s3e1-900d615e:1 s4e1-8991268b:60E
1786565111.194463 s2e1-9f76c9cb:1 s3e1-900d615e:1 s4e1-8991268b:1
1786565111.218463 s2e1-9f76c9cb:1 s3e1-900d615e:1 s4e1-8991268b:1
1786565111.242355 s2e1-9f76c9cb:1 s3e1-900d615e:1 s4e1-8991268b:1
1786565111.268320 s2e1-9f76c9cb:1 s3e1-900d615e:1 s4e1-8991268b:1
1786565111.292624 s2e1-9f76c9cb:1 s3e1-900d615e:1 s4e1-8991268b:1
1786565111.326409 s2e1-9f76c9cb:1 s3e1-900d615e:1 s4e1-8991268b:1
1786565111.351403 s2e1-9f76c9cb:1 s3e1-900d615e:1 s4e1-8991268b:1 s5e1-b8b7f286:54E
1786565111.418996 s3e1-900d615e:1 s4e1-8991268b:1 s5e1-b8b7f286:1
1786565111.443274 s3e1-900d615e:1 s4e1-8991268b:1 s5e1-b8b7f286:1
1786565111.467247 s3e1-900d615e:1 s4e1-8991268b:1 s5e1-b8b7f286:1
1786565111.493219 s3e1-900d615e:1 s4e1-8991268b:1 s5e1-b8b7f286:1
1786565111.517253 s3e1-900d615e:1 s4e1-8991268b:1 s5e1-b8b7f286:1
1786565111.546718 s3e1-900d615e:1 s4e1-8991268b:1 s5e1-b8b7f286:1
1786565111.571558 s3e1-900d615e:1 s4e1-8991268b:1 s5e1-b8b7f286:1 s6e1-9cf5af8f:60E
1786565111.637511 s4e1-8991268b:1 s5e1-b8b7f286:1 s6e1-9cf5af8f:1
1786565111.661712 s4e1-8991268b:1 s5e1-b8b7f286:1 s6e1-9cf5af8f:1
1786565111.685738 s4e1-8991268b:1 s5e1-b8b7f286:1 s6e1-9cf5af8f:1
1786565111.709852 s4e1-8991268b:1 s5e1-b8b7f286:1 s6e1-9cf5af8f:1
1786565111.735406 s4e1-8991268b:1 s5e1-b8b7f286:1 s6e1-9cf5af8f:1
1786565111.759509 s4e1-8991268b:1 s5e1-b8b7f286:1 s6e1-9cf5af8f:1
1786565111.788745 s4e1-8991268b:1 s5e1-b8b7f286:1 s6e1-9cf5af8f:1
1786565111.813060 s4e1-8991268b:1 s5e1-b8b7f286:1 s6e1-9cf5af8f:1 s7e1-a477e2ab:69E
1786565111.890876 s4e1-8991268b:1 s5e1-b8b7f286:1 s6e1-9cf5af8f:1 s7e1-a477e2ab:1
1786565111.915011 s4e1-8991268b:1 s5e1-b8b7f286:1 s6e1-9cf5af8f:1 s7e1-a477e2ab:1
1786565111.940216 s5e1-b8b7f286:1 s6e1-9cf5af8f:1 s7e1-a477e2ab:1
1786565111.964699 s5e1-b8b7f286:1 s6e1-9cf5af8f:1 s7e1-a477e2ab:1
1786565111.988884 s5e1-b8b7f286:1 s6e1-9cf5af8f:1 s7e1-a477e2ab:1
1786565112.012900 s5e1-b8b7f286:1 s6e1-9cf5af8f:1 s7e1-a477e2ab:1
1786565112.036882 s5e1-b8b7f286:1 s6e1-9cf5af8f:1 s7e1-a477e2ab:1
1786565112.064016 s5e1-b8b7f286:1 s6e1-9cf5af8f:1 s7e1-a477e2ab:1
1786565112.098144 s5e1-b8b7f286:1 s6e1-9cf5af8f:1 s7e1-a477e2ab:1
1786565112.123637 s6e1-9cf5af8f:1 s7e1-a477e2ab:1
1786565112.146702 s6e1-9cf5af8f:1 s7e1-a477e2ab:1
1786565112.170760 s6e1-9cf5af8f:1 s7e1-a477e2ab:1 s8e1-8a5a4506:68E
1786565112.247931 s6e1-9cf5af8f:1 s7e1-a477e2ab:1 s8e1-8a5a4506:1
1786565112.273500 s6e1-9cf5af8f:1 s7e1-a477e2ab:1 s8e1-8a5a4506:1
1786565112.311019 s6e1-9cf5af8f:1 s7e1-a477e2ab:1 s8e1-8a5a4506:1
1786565112.335139 s6e1-9cf5af8f:1 s7e1-a477e2ab:1 s8e1-8a5a4506:1
1786565112.360601 s7e1-a477e2ab:1 s8e1-8a5a4506:1 s1e1-9256ac17:55E
1786565112.426474 s7e1-a477e2ab:1 s8e1-8a5a4506:1 s1e1-9256ac17:1
1786565112.450449 s7e1-a477e2ab:1 s8e1-8a5a4506:1 s1e1-9256ac17:1
1786565112.474465 s7e1-a477e2ab:1 s8e1-8a5a4506:1 s1e1-9256ac17:1
1786565112.500783 s7e1-a477e2ab:1 s8e1-8a5a4506:1 s1e1-9256ac17:1
1786565112.534606 s7e1-a477e2ab:1 s8e1-8a5a4506:1 s1e1-9256ac17:1
1786565112.558867 s7e1-a477e2ab:1 s8e1-8a5a4506:1 s1e1-9256ac17:1
1786565112.582800 s7e1-a477e2ab:1 s8e1-8a5a4506:1 s1e1-9256ac17:1
1786565112.608791 s8e1-8a5a4506:1 s1e1-9256ac17:1 s2e1-9f76c9cb:66E
1786565112.686288 s8e1-8a5a4506:1 s1e1-9256ac17:1 s2e1-9f76c9cb:1
1786565112.710338 s8e1-8a5a4506:1 s1e1-9256ac17:1 s2e1-9f76c9cb:1
1786565112.734217 s8e1-8a5a4506:1 s1e1-9256ac17:1 s2e1-9f76c9cb:1
1786565112.758077 s8e1-8a5a4506:1 s1e1-9256ac17:1 s2e1-9f76c9cb:1
1786565112.783391 s8e1-8a5a4506:1 s1e1-9256ac17:1 s2e1-9f76c9cb:1
1786565112.807095 s8e1-8a5a4506:1 s1e1-9256ac17:1 s2e1-9f76c9cb:1
1786565112.843998 s8e1-8a5a4506:1 s1e1-9256ac17:1 s2e1-9f76c9cb:1
1786565112.868166 s8e1-8a5a4506:1 s1e1-9256ac17:1 s2e1-9f76c9cb:1
1786565112.892901 s8e1-8a5a4506:1 s1e1-9256ac17:1 s2e1-9f76c9cb:1 s3e1-900d615e:54E
1786565112.958578 s8e1-8a5a4506:1 s1e1-9256ac17:1 s2e1-9f76c9cb:1 s3e1-900d615e:1
1786565112.982506 s8e1-8a5a4506:1 s1e1-9256ac17:1 s2e1-9f76c9cb:1 s3e1-900d615e:1
1786565113.009134 s1e1-9256ac17:1 s2e1-9f76c9cb:1 s3e1-900d615e:1
1786565113.042704 s1e1-9256ac17:1 s2e1-9f76c9cb:1 s3e1-900d615e:1
1786565113.067467 s1e1-9256ac17:1 s2e1-9f76c9cb:1 s3e1-900d615e:1
1786565113.091765 s1e1-9256ac17:1 s2e1-9f76c9cb:1 s3e1-900d615e:1
1786565113.116483 s1e1-9256ac17:1 s2e1-9f76c9cb:1 s3e1-900d615e:1 s4e1-8991268b:57E
1786565113.183404 s2e1-9f76c9cb:1 s3e1-900d615e:1 s4e1-8991268b:1
1786565113.209605 s2e1-9f76c9cb:1 s3e1-900d615e:1 s4e1-8991268b:1
1786565113.240669 s2e1-9f76c9cb:1 s3e1-900d615e:1 s4e1-8991268b:1
1786565113.265007 s2e1-9f76c9cb:1 s3e1-900d615e:1 s4e1-8991268b:1
1786565113.289924 s2e1-9f76c9cb:1 s3e1-900d615e:1 s4e1-8991268b:1 s5e1-b8b7f286:67E
1786565113.367036 s2e1-9f76c9cb:1 s3e1-900d615e:1 s4e1-8991268b:1 s5e1-b8b7f286:1
1786565113.391173 s2e1-9f76c9cb:1 s3e1-900d615e:1 s4e1-8991268b:1 s5e1-b8b7f286:1
1786565113.415479 s2e1-9f76c9cb:1 s3e1-900d615e:1 s4e1-8991268b:1 s5e1-b8b7f286:1
1786565113.440740 s3e1-900d615e:1 s4e1-8991268b:1 s5e1-b8b7f286:1
1786565113.465230 s3e1-900d615e:1 s4e1-8991268b:1 s5e1-b8b7f286:1
1786565113.491243 s3e1-900d615e:1 s4e1-8991268b:1 s5e1-b8b7f286:1
1786565113.523529 s3e1-900d615e:1 s4e1-8991268b:1 s5e1-b8b7f286:1
1786565113.547879 s3e1-900d615e:1 s4e1-8991268b:1 s5e1-b8b7f286:1
1786565113.572647 s3e1-900d615e:1 s4e1-8991268b:1 s5e1-b8b7f286:1 s6e1-9cf5af8f:57E
1786565113.638541 s3e1-900d615e:1 s4e1-8991268b:1 s5e1-b8b7f286:1 s6e1-9cf5af8f:1
1786565113.662598 s3e1-900d615e:1 s4e1-8991268b:1 s5e1-b8b7f286:1 s6e1-9cf5af8f:1
1786565113.686578 s3e1-900d615e:1 s4e1-8991268b:1 s5e1-b8b7f286:1 s6e1-9cf5af8f:1
1786565113.711321 s4e1-8991268b:1 s5e1-b8b7f286:1 s6e1-9cf5af8f:1
1786565113.735358 s4e1-8991268b:1 s5e1-b8b7f286:1 s6e1-9cf5af8f:1
1786565113.759443 s4e1-8991268b:1 s5e1-b8b7f286:1 s6e1-9cf5af8f:1
1786565113.785499 s4e1-8991268b:1 s5e1-b8b7f286:1 s6e1-9cf5af8f:1
1786565113.817500 s4e1-8991268b:1 s5e1-b8b7f286:1 s6e1-9cf5af8f:1
1786565113.841794 s4e1-8991268b:1 s5e1-b8b7f286:1 s6e1-9cf5af8f:1
1786565113.866394 s4e1-8991268b:1 s5e1-b8b7f286:1 s6e1-9cf5af8f:1 s7e1-a477e2ab:66E
1786565113.944256 s5e1-b8b7f286:1 s6e1-9cf5af8f:1 s7e1-a477e2ab:1
1786565113.968316 s5e1-b8b7f286:1 s6e1-9cf5af8f:1 s7e1-a477e2ab:1
1786565113.992893 s5e1-b8b7f286:1 s6e1-9cf5af8f:1 s7e1-a477e2ab:1
1786565114.017186 s5e1-b8b7f286:1 s6e1-9cf5af8f:1 s7e1-a477e2ab:1
1786565114.043826 s5e1-b8b7f286:1 s6e1-9cf5af8f:1 s7e1-a477e2ab:1
1786565114.078784 s6e1-9cf5af8f:1 s7e1-a477e2ab:1
1786565114.102743 s6e1-9cf5af8f:1 s7e1-a477e2ab:1
1786565114.125364 s6e1-9cf5af8f:1 s7e1-a477e2ab:1
1786565114.148716 s6e1-9cf5af8f:1 s7e1-a477e2ab:1 s8e1-8a5a4506:65E
1786565114.226774 s6e1-9cf5af8f:1 s7e1-a477e2ab:1 s8e1-8a5a4506:1
1786565114.252615 s6e1-9cf5af8f:1 s7e1-a477e2ab:1 s8e1-8a5a4506:1
1786565114.287412 s6e1-9cf5af8f:1 s7e1-a477e2ab:1 s8e1-8a5a4506:1
1786565114.312014 s6e1-9cf5af8f:1 s7e1-a477e2ab:1 s8e1-8a5a4506:1
1786565114.337087 s6e1-9cf5af8f:1 s7e1-a477e2ab:1 s8e1-8a5a4506:1 s1e1-9256ac17:68E
1786565114.414407 s7e1-a477e2ab:1 s8e1-8a5a4506:1 s1e1-9256ac17:1
1786565114.438714 s7e1-a477e2ab:1 s8e1-8a5a4506:1 s1e1-9256ac17:1
1786565114.462495 s7e1-a477e2ab:1 s8e1-8a5a4506:1 s1e1-9256ac17:1
1786565114.486224 s7e1-a477e2ab:1 s8e1-8a5a4506:1 s1e1-9256ac17:1
1786565114.511996 s7e1-a477e2ab:1 s8e1-8a5a4506:1 s1e1-9256ac17:1
1786565114.536077 s7e1-a477e2ab:1 s8e1-8a5a4506:1 s1e1-9256ac17:1
1786565114.569964 s7e1-a477e2ab:1 s8e1-8a5a4506:1 s1e1-9256ac17:1
1786565114.593742 s7e1-a477e2ab:1 s8e1-8a5a4506:1 s1e1-9256ac17:1
1786565114.618559 s7e1-a477e2ab:1 s8e1-8a5a4506:1 s1e1-9256ac17:1 s2e1-9f76c9cb:63E
1786565114.696625 s7e1-a477e2ab:1 s8e1-8a5a4506:1 s1e1-9256ac17:1 s2e1-9f76c9cb:1
1786565114.721639 s8e1-8a5a4506:1 s1e1-9256ac17:1 s2e1-9f76c9cb:1
1786565114.745545 s8e1-8a5a4506:1 s1e1-9256ac17:1 s2e1-9f76c9cb:1
1786565114.771348 s8e1-8a5a4506:1 s1e1-9256ac17:1 s2e1-9f76c9cb:1
1786565114.804045 s8e1-8a5a4506:1 s1e1-9256ac17:1 s2e1-9f76c9cb:1
1786565114.828598 s8e1-8a5a4506:1 s1e1-9256ac17:1 s2e1-9f76c9cb:1
1786565114.854147 s8e1-8a5a4506:1 s1e1-9256ac17:1 s2e1-9f76c9cb:1 s3e1-900d615e:67E
1786565114.933360 s8e1-8a5a4506:1 s1e1-9256ac17:1 s2e1-9f76c9cb:1 s3e1-900d615e:1
1786565114.957459 s8e1-8a5a4506:1 s1e1-9256ac17:1 s2e1-9f76c9cb:1 s3e1-900d615e:1
1786565114.981576 s8e1-8a5a4506:1 s1e1-9256ac17:1 s2e1-9f76c9cb:1 s3e1-900d615e:1
1786565115.008529 s1e1-9256ac17:1 s2e1-9f76c9cb:1 s3e1-900d615e:1
1786565115.044819 s1e1-9256ac17:1 s2e1-9f76c9cb:1 s3e1-900d615e:1
1786565115.070111 s1e1-9256ac17:1 s2e1-9f76c9cb:1 s3e1-900d615e:1
1786565115.094831 s1e1-9256ac17:1 s2e1-9f76c9cb:1 s3e1-900d615e:1
1786565115.120189 s1e1-9256ac17:1 s2e1-9f76c9cb:1 s3e1-900d615e:1 s4e1-8991268b:54E
1786565115.187620 s2e1-9f76c9cb:1 s3e1-900d615e:1 s4e1-8991268b:1
1786565115.212033 s2e1-9f76c9cb:1 s3e1-900d615e:1 s4e1-8991268b:1
1786565115.236544 s2e1-9f76c9cb:1 s3e1-900d615e:1 s4e1-8991268b:1
1786565115.262692 s2e1-9f76c9cb:1 s3e1-900d615e:1 s4e1-8991268b:1
1786565115.299847 s2e1-9f76c9cb:1 s3e1-900d615e:1 s4e1-8991268b:1
1786565115.324809 s2e1-9f76c9cb:1 s3e1-900d615e:1 s4e1-8991268b:1
1786565115.349625 s2e1-9f76c9cb:1 s3e1-900d615e:1 s4e1-8991268b:1 s5e1-b8b7f286:64E
1786565115.427480 s2e1-9f76c9cb:1 s3e1-900d615e:1 s4e1-8991268b:1 s5e1-b8b7f286:1
1786565115.451560 s2e1-9f76c9cb:1 s3e1-900d615e:1 s4e1-8991268b:1 s5e1-b8b7f286:1
1786565115.476658 s3e1-900d615e:1 s4e1-8991268b:1 s5e1-b8b7f286:1
1786565115.501038 s3e1-900d615e:1 s4e1-8991268b:1 s5e1-b8b7f286:1
1786565115.526596 s3e1-900d615e:1 s4e1-8991268b:1 s5e1-b8b7f286:1
1786565115.550519 s3e1-900d615e:1 s4e1-8991268b:1 s5e1-b8b7f286:1
1786565115.584019 s3e1-900d615e:1 s4e1-8991268b:1 s5e1-b8b7f286:1
1786565115.607838 s3e1-900d615e:1 s4e1-8991268b:1 s5e1-b8b7f286:1
1786565115.632732 s3e1-900d615e:1 s4e1-8991268b:1 s5e1-b8b7f286:1 s6e1-9cf5af8f:54E
1786565115.699920 s4e1-8991268b:1 s5e1-b8b7f286:1 s6e1-9cf5af8f:1
1786565115.724306 s4e1-8991268b:1 s5e1-b8b7f286:1 s6e1-9cf5af8f:1
1786565115.748289 s4e1-8991268b:1 s5e1-b8b7f286:1 s6e1-9cf5af8f:1
1786565115.774072 s4e1-8991268b:1 s5e1-b8b7f286:1 s6e1-9cf5af8f:1
1786565115.806729 s4e1-8991268b:1 s5e1-b8b7f286:1 s6e1-9cf5af8f:1
1786565115.830734 s4e1-8991268b:1 s5e1-b8b7f286:1 s6e1-9cf5af8f:1
1786565115.855670 s4e1-8991268b:1 s5e1-b8b7f286:1 s6e1-9cf5af8f:1 s7e1-a477e2ab:63E
1786565115.933922 s4e1-8991268b:1 s5e1-b8b7f286:1 s6e1-9cf5af8f:1 s7e1-a477e2ab:1
1786565115.958886 s5e1-b8b7f286:1 s6e1-9cf5af8f:1 s7e1-a477e2ab:1
1786565115.984976 s5e1-b8b7f286:1 s6e1-9cf5af8f:1 s7e1-a477e2ab:1
1786565116.009256 s5e1-b8b7f286:1 s6e1-9cf5af8f:1 s7e1-a477e2ab:1
1786565116.041186 s5e1-b8b7f286:1 s6e1-9cf5af8f:1 s7e1-a477e2ab:1
1786565116.066052 s5e1-b8b7f286:1 s6e1-9cf5af8f:1 s7e1-a477e2ab:1 s8e1-8a5a4506:62E
1786565116.144366 s5e1-b8b7f286:1 s6e1-9cf5af8f:1 s7e1-a477e2ab:1 s8e1-8a5a4506:1
1786565116.168624 s5e1-b8b7f286:1 s6e1-9cf5af8f:1 s7e1-a477e2ab:1 s8e1-8a5a4506:1
1786565116.193694 s6e1-9cf5af8f:1 s7e1-a477e2ab:1 s8e1-8a5a4506:1
1786565116.218217 s6e1-9cf5af8f:1 s7e1-a477e2ab:1 s8e1-8a5a4506:1
1786565116.242480 s6e1-9cf5af8f:1 s7e1-a477e2ab:1 s8e1-8a5a4506:1
1786565116.268465 s6e1-9cf5af8f:1 s7e1-a477e2ab:1 s8e1-8a5a4506:1
1786565116.301314 s6e1-9cf5af8f:1 s7e1-a477e2ab:1 s8e1-8a5a4506:1
1786565116.325970 s6e1-9cf5af8f:1 s7e1-a477e2ab:1 s8e1-8a5a4506:1
1786565116.350953 s6e1-9cf5af8f:1 s7e1-a477e2ab:1 s8e1-8a5a4506:1 s1e1-9256ac17:65E
1786565116.428435 s6e1-9cf5af8f:1 s7e1-a477e2ab:1 s8e1-8a5a4506:1 s1e1-9256ac17:1
1786565116.452574 s6e1-9cf5af8f:1 s7e1-a477e2ab:1 s8e1-8a5a4506:1 s1e1-9256ac17:1
1786565116.477498 s7e1-a477e2ab:1 s8e1-8a5a4506:1 s1e1-9256ac17:1
1786565116.501570 s7e1-a477e2ab:1 s8e1-8a5a4506:1 s1e1-9256ac17:1
1786565116.527186 s7e1-a477e2ab:1 s8e1-8a5a4506:1 s1e1-9256ac17:1
1786565116.551029 s7e1-a477e2ab:1 s8e1-8a5a4506:1 s1e1-9256ac17:1
1786565116.584005 s7e1-a477e2ab:1 s8e1-8a5a4506:1 s1e1-9256ac17:1
1786565116.607735 s7e1-a477e2ab:1 s8e1-8a5a4506:1 s1e1-9256ac17:1
1786565116.632467 s7e1-a477e2ab:1 s8e1-8a5a4506:1 s1e1-9256ac17:1 s2e1-9f76c9cb:60E
1786565116.701548 s8e1-8a5a4506:1 s1e1-9256ac17:1 s2e1-9f76c9cb:1
1786565116.725955 s8e1-8a5a4506:1 s1e1-9256ac17:1 s2e1-9f76c9cb:1
1786565116.750259 s8e1-8a5a4506:1 s1e1-9256ac17:1 s2e1-9f76c9cb:1
1786565116.776501 s8e1-8a5a4506:1 s1e1-9256ac17:1 s2e1-9f76c9cb:1
1786565116.809181 s8e1-8a5a4506:1 s1e1-9256ac17:1 s2e1-9f76c9cb:1
1786565116.833394 s8e1-8a5a4506:1 s1e1-9256ac17:1 s2e1-9f76c9cb:1
1786565116.859263 s1e1-9256ac17:1 s2e1-9f76c9cb:1 s3e1-900d615e:64E
1786565116.938384 s1e1-9256ac17:1 s2e1-9f76c9cb:1 s3e1-900d615e:1
1786565116.962249 s1e1-9256ac17:1 s2e1-9f76c9cb:1 s3e1-900d615e:1
1786565116.986035 s1e1-9256ac17:1 s2e1-9f76c9cb:1 s3e1-900d615e:1
1786565117.011559 s1e1-9256ac17:1 s2e1-9f76c9cb:1 s3e1-900d615e:1
1786565117.045360 s1e1-9256ac17:1 s2e1-9f76c9cb:1 s3e1-900d615e:1
1786565117.069972 s1e1-9256ac17:1 s2e1-9f76c9cb:1 s3e1-900d615e:1
1786565117.094324 s1e1-9256ac17:1 s2e1-9f76c9cb:1 s3e1-900d615e:1
1786565117.119426 s1e1-9256ac17:1 s2e1-9f76c9cb:1 s3e1-900d615e:1 s4e1-8991268b:67E
1786565117.197543 s2e1-9f76c9cb:1 s3e1-900d615e:1 s4e1-8991268b:1
1786565117.221883 s2e1-9f76c9cb:1 s3e1-900d615e:1 s4e1-8991268b:1
1786565117.246128 s2e1-9f76c9cb:1 s3e1-900d615e:1 s4e1-8991268b:1
1786565117.270240 s2e1-9f76c9cb:1 s3e1-900d615e:1 s4e1-8991268b:1
1786565117.294520 s2e1-9f76c9cb:1 s3e1-900d615e:1 s4e1-8991268b:1
1786565117.321688 s2e1-9f76c9cb:1 s3e1-900d615e:1 s4e1-8991268b:1
1786565117.353273 s2e1-9f76c9cb:1 s3e1-900d615e:1 s4e1-8991268b:1
1786565117.378005 s2e1-9f76c9cb:1 s3e1-900d615e:1 s4e1-8991268b:1
1786565117.403290 s2e1-9f76c9cb:1 s3e1-900d615e:1 s4e1-8991268b:1 s5e1-b8b7f286:61E
1786565117.478014 s3e1-900d615e:1 s4e1-8991268b:1 s5e1-b8b7f286:1
1786565117.503139 s3e1-900d615e:1 s4e1-8991268b:1 s5e1-b8b7f286:1
1786565117.527591 s3e1-900d615e:1 s4e1-8991268b:1 s5e1-b8b7f286:1
1786565117.552062 s3e1-900d615e:1 s4e1-8991268b:1 s5e1-b8b7f286:1
1786565117.578634 s3e1-900d615e:1 s4e1-8991268b:1 s5e1-b8b7f286:1
1786565117.602888 s3e1-900d615e:1 s4e1-8991268b:1 s5e1-b8b7f286:1
1786565117.634413 s3e1-900d615e:1 s4e1-8991268b:1 s5e1-b8b7f286:1
1786565117.659389 s4e1-8991268b:1 s5e1-b8b7f286:1
1786565117.682800 s4e1-8991268b:1 s5e1-b8b7f286:1 s6e1-9cf5af8f:67E
1786565117.760350 s4e1-8991268b:1 s5e1-b8b7f286:1 s6e1-9cf5af8f:1
1786565117.786462 s4e1-8991268b:1 s5e1-b8b7f286:1 s6e1-9cf5af8f:1
1786565117.810457 s4e1-8991268b:1 s5e1-b8b7f286:1 s6e1-9cf5af8f:1
1786565117.844548 s4e1-8991268b:1 s5e1-b8b7f286:1 s6e1-9cf5af8f:1
1786565117.869326 s4e1-8991268b:1 s5e1-b8b7f286:1 s6e1-9cf5af8f:1 s7e1-a477e2ab:60E
1786565117.937314 s4e1-8991268b:1 s5e1-b8b7f286:1 s6e1-9cf5af8f:1 s7e1-a477e2ab:1
1786565117.962318 s5e1-b8b7f286:1 s6e1-9cf5af8f:1 s7e1-a477e2ab:1
1786565117.986517 s5e1-b8b7f286:1 s6e1-9cf5af8f:1 s7e1-a477e2ab:1
1786565118.012876 s5e1-b8b7f286:1 s6e1-9cf5af8f:1 s7e1-a477e2ab:1
1786565118.047430 s5e1-b8b7f286:1 s6e1-9cf5af8f:1 s7e1-a477e2ab:1
1786565118.072267 s5e1-b8b7f286:1 s6e1-9cf5af8f:1 s7e1-a477e2ab:1
1786565118.096545 s5e1-b8b7f286:1 s6e1-9cf5af8f:1 s7e1-a477e2ab:1
1786565118.122045 s5e1-b8b7f286:1 s6e1-9cf5af8f:1 s7e1-a477e2ab:1 s8e1-8a5a4506:59E
1786565118.190054 s5e1-b8b7f286:1 s6e1-9cf5af8f:1 s7e1-a477e2ab:1 s8e1-8a5a4506:1
1786565118.214483 s5e1-b8b7f286:1 s6e1-9cf5af8f:1 s7e1-a477e2ab:1 s8e1-8a5a4506:1
1786565118.239836 s6e1-9cf5af8f:1 s7e1-a477e2ab:1 s8e1-8a5a4506:1
1786565118.264228 s6e1-9cf5af8f:1 s7e1-a477e2ab:1 s8e1-8a5a4506:1
1786565118.288483 s6e1-9cf5af8f:1 s7e1-a477e2ab:1 s8e1-8a5a4506:1
1786565118.313000 s6e1-9cf5af8f:1 s7e1-a477e2ab:1 s8e1-8a5a4506:1
1786565118.337117 s6e1-9cf5af8f:1 s7e1-a477e2ab:1 s8e1-8a5a4506:1
1786565118.361302 s6e1-9cf5af8f:1 s7e1-a477e2ab:1 s8e1-8a5a4506:1
1786565118.385247 s6e1-9cf5af8f:1 s7e1-a477e2ab:1 s8e1-8a5a4506:1
1786565118.411390 s6e1-9cf5af8f:1 s7e1-a477e2ab:1 s8e1-8a5a4506:1
1786565118.443580 s6e1-9cf5af8f:1 s7e1-a477e2ab:1 s8e1-8a5a4506:1
1786565118.468775 s7e1-a477e2ab:1 s8e1-8a5a4506:1
1786565118.492229 s7e1-a477e2ab:1 s8e1-8a5a4506:1 s1e1-9256ac17:62E
1786565118.559614 s7e1-a477e2ab:1 s8e1-8a5a4506:1 s1e1-9256ac17:1
1786565118.591493 s7e1-a477e2ab:1 s8e1-8a5a4506:1 s1e1-9256ac17:1
1786565118.616056 s7e1-a477e2ab:1 s8e1-8a5a4506:1 s1e1-9256ac17:1
1786565118.641319 s8e1-8a5a4506:1 s1e1-9256ac17:1 s2e1-9f76c9cb:57E
1786565118.709625 s8e1-8a5a4506:1 s1e1-9256ac17:1 s2e1-9f76c9cb:1
1786565118.733742 s8e1-8a5a4506:1 s1e1-9256ac17:1 s2e1-9f76c9cb:1
1786565118.757522 s8e1-8a5a4506:1 s1e1-9256ac17:1 s2e1-9f76c9cb:1
1786565118.783000 s8e1-8a5a4506:1 s1e1-9256ac17:1 s2e1-9f76c9cb:1
1786565118.807114 s8e1-8a5a4506:1 s1e1-9256ac17:1 s2e1-9f76c9cb:1
1786565118.837636 s8e1-8a5a4506:1 s1e1-9256ac17:1 s2e1-9f76c9cb:1
1786565118.862411 s8e1-8a5a4506:1 s1e1-9256ac17:1 s2e1-9f76c9cb:1 s3e1-900d615e:54E
1786565118.942348 s1e1-9256ac17:1 s2e1-9f76c9cb:1 s3e1-900d615e:1
1786565118.966511 s1e1-9256ac17:1 s2e1-9f76c9cb:1 s3e1-900d615e:1
1786565118.990574 s1e1-9256ac17:1 s2e1-9f76c9cb:1 s3e1-900d615e:1
1786565119.016551 s1e1-9256ac17:1 s2e1-9f76c9cb:1 s3e1-900d615e:1
1786565119.050217 s1e1-9256ac17:1 s2e1-9f76c9cb:1 s3e1-900d615e:1
1786565119.075334 s1e1-9256ac17:1 s2e1-9f76c9cb:1 s3e1-900d615e:1
1786565119.100058 s1e1-9256ac17:1 s2e1-9f76c9cb:1 s3e1-900d615e:1
1786565119.125284 s1e1-9256ac17:1 s2e1-9f76c9cb:1 s3e1-900d615e:1 s4e1-8991268b:51E
1786565119.192278 s1e1-9256ac17:1 s2e1-9f76c9cb:1 s3e1-900d615e:1 s4e1-8991268b:1
1786565119.218930 s1e1-9256ac17:1 s2e1-9f76c9cb:1 s3e1-900d615e:1 s4e1-8991268b:1
1786565119.255907 s1e1-9256ac17:1 s2e1-9f76c9cb:1 s3e1-900d615e:1 s4e1-8991268b:1
1786565119.293016 s1e1-9256ac17:1 s2e1-9f76c9cb:1 s3e1-900d615e:1 s4e1-8991268b:1
1786565119.318454 s1e1-9256ac17:1 s2e1-9f76c9cb:1 s3e1-900d615e:1 s4e1-8991268b:1 s5e1-b8b7f286:39E
1786565119.392017 s2e1-9f76c9cb:1 s3e1-900d615e:1 s4e1-8991268b:1 s5e1-b8b7f286:1
1786565119.416954 s2e1-9f76c9cb:1 s3e1-900d615e:1 s4e1-8991268b:1 s5e1-b8b7f286:1
1786565119.441246 s2e1-9f76c9cb:1 s3e1-900d615e:1 s4e1-8991268b:1 s5e1-b8b7f286:1
1786565119.465909 s2e1-9f76c9cb:1 s3e1-900d615e:1 s4e1-8991268b:1 s5e1-b8b7f286:1
1786565119.490905 s3e1-900d615e:1 s4e1-8991268b:1 s5e1-b8b7f286:1
1786565119.515232 s3e1-900d615e:1 s4e1-8991268b:1 s5e1-b8b7f286:1
1786565119.541143 s3e1-900d615e:1 s4e1-8991268b:1 s5e1-b8b7f286:1
1786565119.572356 s3e1-900d615e:1 s4e1-8991268b:1 s5e1-b8b7f286:1
1786565119.596752 s3e1-900d615e:1 s4e1-8991268b:1 s5e1-b8b7f286:1
1786565119.620568 s3e1-900d615e:1 s4e1-8991268b:1 s5e1-b8b7f286:1
1786565119.645178 s3e1-900d615e:1 s4e1-8991268b:1 s5e1-b8b7f286:1 s6e1-9cf5af8f:39E
1786565119.712773 s4e1-8991268b:1 s5e1-b8b7f286:1 s6e1-9cf5af8f:1
1786565119.738880 s4e1-8991268b:1 s5e1-b8b7f286:1 s6e1-9cf5af8f:1
1786565119.763037 s4e1-8991268b:1 s5e1-b8b7f286:1 s6e1-9cf5af8f:1
1786565119.795206 s4e1-8991268b:1 s5e1-b8b7f286:1 s6e1-9cf5af8f:1
1786565119.820102 s4e1-8991268b:1 s5e1-b8b7f286:1 s6e1-9cf5af8f:1 s7e1-a477e2ab:25E
1786565119.889971 s4e1-8991268b:1 s5e1-b8b7f286:1 s6e1-9cf5af8f:1 s7e1-a477e2ab:1
1786565119.914347 s4e1-8991268b:1 s5e1-b8b7f286:1 s6e1-9cf5af8f:1 s7e1-a477e2ab:1
1786565119.938560 s4e1-8991268b:1 s5e1-b8b7f286:1 s6e1-9cf5af8f:1 s7e1-a477e2ab:1
1786565119.963614 s5e1-b8b7f286:1 s6e1-9cf5af8f:1 s7e1-a477e2ab:1
1786565119.987912 s5e1-b8b7f286:1 s6e1-9cf5af8f:1 s7e1-a477e2ab:1
1786565120.014169 s5e1-b8b7f286:1 s6e1-9cf5af8f:1 s7e1-a477e2ab:1
1786565120.045957 s5e1-b8b7f286:1 s6e1-9cf5af8f:1 s7e1-a477e2ab:1
1786565120.070949 s5e1-b8b7f286:1 s6e1-9cf5af8f:1 s7e1-a477e2ab:1
1786565120.095906 s6e1-9cf5af8f:1 s7e1-a477e2ab:1
1786565120.119568 s6e1-9cf5af8f:1 s7e1-a477e2ab:1 s8e1-8a5a4506:18E
1786565120.184544 s6e1-9cf5af8f:1 s7e1-a477e2ab:1 s8e1-8a5a4506:1
1786565120.208838 s6e1-9cf5af8f:1 s7e1-a477e2ab:1 s8e1-8a5a4506:1
1786565120.233427 s6e1-9cf5af8f:1 s7e1-a477e2ab:1 s8e1-8a5a4506:1
1786565120.257520 s6e1-9cf5af8f:1 s7e1-a477e2ab:1 s8e1-8a5a4506:1
1786565120.281418 s6e1-9cf5af8f:1 s7e1-a477e2ab:1 s8e1-8a5a4506:1
1786565120.307082 s6e1-9cf5af8f:1 s7e1-a477e2ab:1 s8e1-8a5a4506:1
1786565120.338792 s6e1-9cf5af8f:1 s7e1-a477e2ab:1 s8e1-8a5a4506:1
1786565120.362989 s6e1-9cf5af8f:1 s7e1-a477e2ab:1 s8e1-8a5a4506:1
1786565120.387619 s6e1-9cf5af8f:1 s7e1-a477e2ab:1 s8e1-8a5a4506:1 s1e1-9256ac17:15E
1786565120.458455 s7e1-a477e2ab:1 s8e1-8a5a4506:1 s1e1-9256ac17:1
1786565120.483183 s7e1-a477e2ab:1 s8e1-8a5a4506:1 s1e1-9256ac17:1
1786565120.507194 s7e1-a477e2ab:1 s8e1-8a5a4506:1 s1e1-9256ac17:1
1786565120.531518 s7e1-a477e2ab:1 s8e1-8a5a4506:1 s1e1-9256ac17:1
1786565120.555708 s7e1-a477e2ab:1 s8e1-8a5a4506:1 s1e1-9256ac17:1
1786565120.580586 s8e1-8a5a4506:1 s1e1-9256ac17:1
1786565120.603403 s8e1-8a5a4506:1 s1e1-9256ac17:1
1786565120.625993 s8e1-8a5a4506:1 s1e1-9256ac17:1
1786565120.648593 s8e1-8a5a4506:1 s1e1-9256ac17:1
1786565120.671242 s8e1-8a5a4506:1 s1e1-9256ac17:1
1786565120.694425 s8e1-8a5a4506:1 s1e1-9256ac17:1
1786565120.717540 s8e1-8a5a4506:1 s1e1-9256ac17:1
1786565120.740334 s8e1-8a5a4506:1 s1e1-9256ac17:1
1786565120.762948 s8e1-8a5a4506:1 s1e1-9256ac17:1
1786565120.785616 s8e1-8a5a4506:1 s1e1-9256ac17:1
1786565120.809221 s1e1-9256ac17:1
1786565120.831695 s1e1-9256ac17:1
1786565120.854043 s1e1-9256ac17:1
1786565120.876049 s1e1-9256ac17:1
1786565120.898215 s1e1-9256ac17:1
1786565120.920388 s1e1-9256ac17:1
1786565120.942619 s1e1-9256ac17:1
1786565120.964782 s1e1-9256ac17:1
1786565120.986938 s1e1-9256ac17:1
