P 43.971 1000000000
F 43.993 1000000000 1
T 44.663 1000000000 1 82 1
T 44.681 1000000000 2 82 1
T 44.699 1000000000 3 82 1
T 44.718 1000000000 4 82 1
T 44.738 1000000000 5 82 1
T 44.757 1000000000 6 82 1
T 44.777 1000000000 7 82 1
T 44.796 1000000000 8 82 1
T 44.816 1000000000 9 82 1
T 44.835 1000000000 10 82 1
T 44.855 1000000000 11 82 1
T 44.874 1000000000 12 82 1
T 44.893 1000000000 13 82 1
T 44.913 1000000000 14 82 1
T 44.933 1000000000 15 82 1
T 44.952 1000000000 16 82 1
T 44.979 1000000000 17 82 1
T 44.992 1000000000 18 82 1
T 45.011 1000000000 19 82 1
T 45.030 1000000000 20 82 1
T 45.049 1000000000 21 82 1
T 45.069 1000000000 22 82 1
T 45.088 1000000000 23 82 1
T 45.108 1000000000 24 82 1
T 45.127 1000000000 25 82 1
T 45.147 1000000000 26 82 1
T 45.166 1000000000 27 82 1
T 45.186 1000000000 28 82 1
T 45.205 1000000000 29 82 1
T 45.225 1000000000 30 82 1
T 45.244 1000000000 31 82 1
T 45.264 1000000000 32 82 1
T 45.284 1000000000 33 82 1
P 58.959 6
P 58.960 7
F 58.961 6 1
P 58.961 8
F 58.962 7 1
P 58.964 1
P 58.965 2
P 58.967 3
P 58.967 4
P 58.967 5
F 58.969 8 1
F 58.974 1 1
F 58.976 2 1
F 58.978 3 1
F 58.981 4 1
F 58.983 5 1
T 59.500 7 1 43 1
T 59.590 7 2 43 1
T 59.590 6 1 43 1
T 59.590 3 1 43 1
T 59.590 8 1 43 1
T 59.590 4 1 43 1
T 59.590 1 1 43 1
T 59.590 2 1 43 1
T 59.590 5 1 43 1
T 59.610 7 3 43 1
T 59.610 6 2 43 1
T 59.610 3 2 43 1
T 59.610 8 2 43 1
T 59.610 4 2 43 1
T 59.610 1 2 43 1
T 59.610 2 2 43 1
T 59.610 5 2 43 1
T 59.630 7 4 43 1
T 59.630 6 3 43 1
T 59.630 3 3 43 1
T 59.630 8 3 43 1
T 59.630 4 3 43 1
T 59.630 1 3 43 1
T 59.630 2 3 43 1
T 59.630 5 3 43 1
T 59.650 7 5 43 1
T 59.650 6 4 43 1
T 59.650 3 4 43 1
T 59.650 8 4 43 1
T 59.650 4 4 43 1
T 59.650 1 4 43 1
T 59.650 2 4 43 1
T 59.650 5 4 43 1
T 59.670 7 6 43 1
T 59.670 6 5 43 1
T 59.671 3 5 43 1
T 59.671 8 5 43 1
T 59.671 4 5 43 1
T 59.671 1 5 43 1
T 59.671 2 5 43 1
T 59.671 5 5 43 1
T 59.691 7 7 43 1
T 59.691 6 6 43 1
T 59.691 3 6 43 1
T 59.691 8 6 43 1
T 59.691 4 6 43 1
T 59.691 1 6 43 1
T 59.691 2 6 43 1
T 59.691 5 6 43 1
T 59.711 7 8 43 1
T 59.711 6 7 43 1
T 59.711 3 7 43 1
T 59.711 8 7 43 1
T 59.711 4 7 43 1
T 59.711 1 7 43 1
T 59.711 2 7 43 1
T 59.711 5 7 43 1
T 59.731 7 9 43 1
T 59.731 6 8 43 1
T 59.731 3 8 43 1
T 59.732 8 8 43 1
T 59.732 4 8 43 1
T 59.732 1 8 43 1
T 59.732 2 8 43 1
T 59.732 5 8 43 1
T 59.751 7 10 43 1
T 59.751 6 9 43 1
T 59.751 3 9 43 1
T 59.751 8 9 43 1
T 59.752 4 9 43 1
T 59.752 1 9 43 1
T 59.752 2 9 43 1
T 59.752 5 9 43 1
T 59.771 7 11 43 1
T 59.771 6 10 43 1
T 59.771 3 10 43 1
T 59.771 8 10 43 1
T 59.771 4 10 43 1
T 59.771 1 10 43 1
T 59.772 2 10 43 1
T 59.772 5 10 43 1
T 59.791 7 12 43 1
T 59.791 6 11 43 1
T 59.791 3 11 43 1
T 59.791 8 11 43 1
T 59.791 4 11 43 1
T 59.791 1 11 43 1
T 59.791 2 11 43 1
T 59.791 5 11 43 1
T 59.811 7 13 43 1
T 59.811 6 12 43 1
T 59.811 3 12 43 1
T 59.811 8 12 43 1
T 59.811 4 12 43 1
T 59.811 1 12 43 1
T 59.811 2 12 43 1
T 59.811 5 12 43 1
T 59.831 7 14 43 1
T 59.831 6 13 43 1
T 59.831 3 13 43 1
T 59.831 8 13 43 1
T 59.831 4 13 43 1
T 59.831 1 13 43 1
T 59.831 2 13 43 1
T 59.831 5 13 43 1
T 59.850 7 15 43 1
T 59.851 6 14 43 1
T 59.851 3 14 43 1
T 59.851 8 14 43 1
T 59.851 4 14 43 1
T 59.851 1 14 43 1
T 59.851 2 14 43 1
T 59.851 5 14 43 1
T 59.870 7 16 43 1
T 59.870 6 15 43 1
T 59.870 3 15 43 1
T 59.870 8 15 43 1
T 59.870 4 15 43 1
T 59.870 1 15 43 1
T 59.870 2 15 43 1
T 59.870 5 15 43 1
T 59.890 7 17 43 1
T 59.890 6 16 43 1
T 59.890 3 16 43 1
T 59.890 8 16 43 1
T 59.890 4 16 43 1
T 59.890 1 16 43 1
T 59.890 2 16 43 1
T 59.890 5 16 43 1
T 59.910 7 18 43 1
T 59.910 6 17 43 1
T 59.910 3 17 43 1
T 59.910 8 17 43 1
T 59.910 4 17 43 1
T 59.910 1 17 43 1
T 59.910 2 17 43 1
T 59.910 5 17 43 1
T 59.929 7 19 43 1
T 59.929 6 18 43 1
T 59.929 3 18 43 1
T 59.929 8 18 43 1
T 59.929 4 18 43 1
T 59.930 1 18 43 1
T 59.930 2 18 43 1
T 59.930 5 18 43 1
T 59.949 7 20 43 1
T 59.949 6 19 43 1
T 59.949 3 19 43 1
T 59.949 8 19 43 1
T 59.949 4 19 43 1
T 59.949 1 19 43 1
T 59.949 2 19 43 1
T 59.949 5 19 43 1
T 59.969 7 21 43 1
T 59.969 6 20 43 1
T 59.969 3 20 43 1
T 59.969 8 20 43 1
T 59.969 4 20 43 1
T 59.969 1 20 43 1
T 59.969 2 20 43 1
T 59.969 5 20 43 1
T 59.988 7 22 43 1
T 59.989 6 21 43 1
T 59.989 3 21 43 1
T 59.989 8 21 43 1
T 59.989 4 21 43 1
T 59.989 1 21 43 1
T 59.989 2 21 43 1
T 59.989 5 21 43 1
T 60.008 7 23 43 1
T 60.008 6 22 43 1
T 60.008 3 22 43 1
T 60.008 8 22 43 1
T 60.008 4 22 43 1
T 60.008 1 22 43 1
T 60.008 2 22 43 1
T 60.008 5 22 43 1
T 60.028 7 24 43 1
T 60.028 6 23 43 1
T 60.028 3 23 43 1
T 60.028 8 23 43 1
T 60.028 4 23 43 1
T 60.028 1 23 43 1
T 60.028 2 23 43 1
T 60.028 5 23 43 1
T 60.048 7 25 43 1
T 60.048 6 24 43 1
T 60.048 3 24 43 1
T 60.048 8 24 43 1
T 60.048 4 24 43 1
T 60.048 1 24 43 1
T 60.048 2 24 43 1
T 60.048 5 24 43 1
T 60.067 7 26 43 1
T 60.067 6 25 43 1
T 60.067 3 25 43 1
T 60.067 8 25 43 1
T 60.067 4 25 43 1
T 60.067 1 25 43 1
T 60.067 2 25 43 1
T 60.067 5 25 43 1
T 60.087 7 27 43 1
T 60.087 6 26 43 1
T 60.087 3 26 43 1
T 60.087 8 26 43 1
T 60.087 4 26 43 1
T 60.087 1 26 43 1
T 60.087 2 26 43 1
T 60.087 5 26 43 1
T 60.106 7 28 43 1
T 60.107 6 27 43 1
T 60.107 3 27 43 1
T 60.107 8 27 43 1
T 60.107 4 27 43 1
T 60.107 1 27 43 1
T 60.107 2 27 43 1
T 60.107 5 27 43 1
T 60.126 7 29 43 1
T 60.126 6 28 43 1
T 60.126 3 28 43 1
T 60.126 8 28 43 1
T 60.126 4 28 43 1
T 60.126 1 28 43 1
T 60.126 2 28 43 1
T 60.127 5 28 43 1
T 60.146 7 30 43 1
T 60.146 6 29 43 1
T 60.146 3 29 43 1
T 60.146 8 29 43 1
T 60.146 4 29 43 1
T 60.146 1 29 43 1
T 60.146 2 29 43 1
T 60.146 5 29 43 1
T 60.166 7 31 43 1
T 60.166 6 30 43 1
T 60.166 3 30 43 1
T 60.166 8 30 43 1
T 60.166 4 30 43 1
T 60.166 1 30 43 1
T 60.166 2 30 43 1
T 60.166 5 30 43 1
T 60.185 7 32 43 1
T 60.185 6 31 43 1
T 60.185 3 31 43 1
T 60.185 8 31 43 1
T 60.185 4 31 43 1
T 60.185 1 31 43 1
T 60.186 2 31 43 1
T 60.186 5 31 43 1
T 60.205 7 33 43 1
T 60.205 6 32 43 1
T 60.205 3 32 43 1
T 60.205 8 32 43 1
T 60.205 4 32 43 1
T 60.205 1 32 43 1
T 60.205 2 32 43 1
T 60.205 5 32 43 1
T 60.224 6 33 43 1
T 60.225 3 33 43 1
T 60.225 8 33 43 1
T 60.225 4 33 43 1
T 60.225 1 33 43 1
T 60.225 2 33 43 1
T 60.225 5 33 43 1
P 60.961 5
F 60.962 5 2
P 60.962 6
F 60.963 6 2
P 60.963 7
F 60.964 7 2
P 60.965 8
F 60.965 8 2
P 60.966 1
P 60.968 2
F 60.968 1 2
P 60.969 3
F 60.969 2 2
P 60.973 4
F 60.974 3 2
F 60.974 4 2
T 61.445 8 34 96 2
T 61.526 8 35 96 2
T 61.526 7 34 96 2
T 61.526 6 34 96 2
T 61.526 5 34 96 2
T 61.565 8 36 96 2
T 61.565 7 35 96 2
T 61.565 6 35 96 2
T 61.566 5 35 96 2
T 61.566 3 34 96 2
T 61.566 4 34 96 2
T 61.566 1 34 96 2
T 61.566 2 34 96 2
T 61.585 8 37 96 2
T 61.585 7 36 96 2
T 61.585 6 36 96 2
T 61.585 5 36 96 2
T 61.585 3 35 96 2
T 61.585 4 35 96 2
T 61.585 1 35 96 2
T 61.585 2 35 96 2
T 61.604 8 38 96 2
T 61.605 7 37 96 2
T 61.605 6 37 96 2
T 61.605 5 37 96 2
T 61.605 3 36 96 2
T 61.605 4 36 96 2
T 61.605 1 36 96 2
T 61.605 2 36 96 2
T 61.624 8 39 96 2
T 61.624 7 38 96 2
T 61.624 6 38 96 2
T 61.624 5 38 96 2
T 61.624 3 37 96 2
T 61.624 4 37 96 2
T 61.624 1 37 96 2
T 61.624 2 37 96 2
T 61.643 8 40 96 2
T 61.643 7 39 96 2
T 61.644 6 39 96 2
T 61.644 5 39 96 2
T 61.644 3 38 96 2
T 61.644 4 38 96 2
T 61.644 1 38 96 2
T 61.644 2 38 96 2
T 61.663 8 41 96 2
T 61.663 7 40 96 2
T 61.663 6 40 96 2
T 61.663 5 40 96 2
T 61.663 3 39 96 2
T 61.663 4 39 96 2
T 61.663 1 39 96 2
T 61.663 2 39 96 2
T 61.683 8 42 96 2
T 61.683 7 41 96 2
T 61.683 6 41 96 2
T 61.683 5 41 96 2
T 61.683 3 40 96 2
T 61.683 4 40 96 2
T 61.683 1 40 96 2
T 61.684 2 40 96 2
T 61.702 8 43 96 2
T 61.702 7 42 96 2
T 61.702 6 42 96 2
T 61.702 5 42 96 2
T 61.702 3 41 96 2
T 61.703 4 41 96 2
T 61.703 1 41 96 2
T 61.703 2 41 96 2
T 61.722 8 44 96 2
T 61.722 7 43 96 2
T 61.722 6 43 96 2
T 61.722 5 43 96 2
T 61.722 3 42 96 2
T 61.722 4 42 96 2
T 61.722 1 42 96 2
T 61.722 2 42 96 2
T 61.741 8 45 96 2
T 61.741 7 44 96 2
T 61.741 6 44 96 2
T 61.742 5 44 96 2
T 61.742 3 43 96 2
T 61.742 4 43 96 2
T 61.742 1 43 96 2
T 61.742 2 43 96 2
T 61.761 8 46 96 2
T 61.761 7 45 96 2
T 61.761 6 45 96 2
T 61.761 5 45 96 2
T 61.761 3 44 96 2
T 61.761 4 44 96 2
T 61.761 1 44 96 2
T 61.761 2 44 96 2
T 61.781 8 47 96 2
T 61.781 7 46 96 2
T 61.781 6 46 96 2
T 61.781 5 46 96 2
T 61.781 3 45 96 2
T 61.781 4 45 96 2
T 61.781 1 45 96 2
T 61.781 2 45 96 2
T 61.800 8 48 96 2
T 61.800 7 47 96 2
T 61.800 6 47 96 2
T 61.800 5 47 96 2
T 61.800 3 46 96 2
T 61.801 4 46 96 2
T 61.801 1 46 96 2
T 61.801 2 46 96 2
T 61.820 8 49 96 2
T 61.820 7 48 96 2
T 61.820 6 48 96 2
T 61.820 5 48 96 2
T 61.820 3 47 96 2
T 61.820 4 47 96 2
T 61.820 1 47 96 2
T 61.820 2 47 96 2
T 61.840 8 50 96 2
T 61.840 7 49 96 2
T 61.840 6 49 96 2
T 61.840 5 49 96 2
T 61.840 3 48 96 2
T 61.840 4 48 96 2
T 61.840 1 48 96 2
T 61.840 2 48 96 2
T 61.859 8 51 96 2
T 61.859 7 50 96 2
T 61.859 6 50 96 2
T 61.859 5 50 96 2
T 61.859 3 49 96 2
T 61.859 4 49 96 2
T 61.859 1 49 96 2
T 61.859 2 49 96 2
T 61.879 8 52 96 2
T 61.879 7 51 96 2
T 61.879 6 51 96 2
T 61.879 5 51 96 2
T 61.879 3 50 96 2
T 61.879 4 50 96 2
T 61.879 1 50 96 2
T 61.879 2 50 96 2
T 61.898 8 53 96 2
T 61.898 7 52 96 2
T 61.898 6 52 96 2
T 61.898 5 52 96 2
T 61.899 3 51 96 2
T 61.899 4 51 96 2
T 61.899 1 51 96 2
T 61.899 2 51 96 2
T 61.918 8 54 96 2
T 61.918 7 53 96 2
T 61.918 6 53 96 2
T 61.918 5 53 96 2
T 61.918 3 52 96 2
T 61.918 4 52 96 2
T 61.918 1 52 96 2
T 61.918 2 52 96 2
T 61.938 8 55 96 2
T 61.938 7 54 96 2
T 61.938 6 54 96 2
T 61.938 5 54 96 2
T 61.938 3 53 96 2
T 61.938 4 53 96 2
T 61.938 1 53 96 2
T 61.938 2 53 96 2
T 61.957 8 56 96 2
T 61.957 7 55 96 2
T 61.957 6 55 96 2
T 61.957 5 55 96 2
T 61.957 3 54 96 2
T 61.957 4 54 96 2
T 61.957 1 54 96 2
T 61.957 2 54 96 2
T 61.977 8 57 96 2
T 61.977 7 56 96 2
T 61.977 6 56 96 2
T 61.977 5 56 96 2
T 61.977 3 55 96 2
T 61.977 4 55 96 2
T 61.977 1 55 96 2
T 61.977 2 55 96 2
T 61.996 8 58 96 2
T 61.996 7 57 96 2
T 61.996 6 57 96 2
T 61.996 5 57 96 2
T 61.996 3 56 96 2
T 61.996 4 56 96 2
T 61.997 1 56 96 2
T 61.997 2 56 96 2
T 62.016 8 59 96 2
T 62.016 7 58 96 2
T 62.016 6 58 96 2
T 62.016 5 58 96 2
T 62.016 3 57 96 2
T 62.016 4 57 96 2
T 62.016 1 57 96 2
T 62.016 2 57 96 2
T 62.035 8 60 96 2
T 62.036 7 59 96 2
T 62.036 6 59 96 2
T 62.036 5 59 96 2
T 62.036 3 58 96 2
T 62.036 4 58 96 2
T 62.036 1 58 96 2
T 62.036 2 58 96 2
T 62.055 8 61 96 2
T 62.055 7 60 96 2
T 62.055 6 60 96 2
T 62.055 5 60 96 2
T 62.055 3 59 96 2
T 62.055 4 59 96 2
T 62.055 1 59 96 2
T 62.055 2 59 96 2
T 62.075 8 62 96 2
T 62.075 7 61 96 2
T 62.075 6 61 96 2
T 62.075 5 61 96 2
T 62.075 3 60 96 2
T 62.075 4 60 96 2
T 62.075 1 60 96 2
T 62.075 2 60 96 2
T 62.094 8 63 96 2
T 62.094 7 62 96 2
T 62.094 6 62 96 2
T 62.094 5 62 96 2
T 62.095 3 61 96 2
T 62.095 4 61 96 2
T 62.095 1 61 96 2
T 62.095 2 61 96 2
T 62.114 8 64 96 2
T 62.114 7 63 96 2
T 62.114 6 63 96 2
T 62.114 5 63 96 2
T 62.114 3 62 96 2
T 62.114 4 62 96 2
T 62.114 1 62 96 2
T 62.114 2 62 96 2
T 62.134 8 65 96 2
T 62.134 7 64 96 2
T 62.134 6 64 96 2
T 62.134 5 64 96 2
T 62.134 3 63 96 2
T 62.134 4 63 96 2
T 62.134 1 63 96 2
T 62.134 2 63 96 2
T 62.153 8 66 96 2
T 62.153 7 65 96 2
T 62.154 6 65 96 2
T 62.154 5 65 96 2
T 62.154 3 64 96 2
T 62.154 4 64 96 2
T 62.154 1 64 96 2
T 62.154 2 64 96 2
T 62.173 7 66 96 2
T 62.173 6 66 96 2
T 62.173 5 66 96 2
T 62.173 3 65 96 2
T 62.173 4 65 96 2
T 62.173 1 65 96 2
T 62.173 2 65 96 2
T 62.192 3 66 96 2
T 62.192 4 66 96 2
T 62.192 1 66 96 2
T 62.192 2 66 96 2
P 62.959 5
P 62.959 6
P 62.960 7
P 62.960 8
F 62.960 5 3
P 62.960 1
F 62.960 6 3
P 62.960 2
F 62.962 7 3
F 62.964 8 3
P 62.964 3
F 62.965 1 3
P 62.967 4
F 62.967 2 3
F 62.970 3 3
F 62.970 4 3
T 63.430 7 67 149 3
T 63.496 7 68 149 3
T 63.496 5 67 149 3
T 63.572 7 69 149 3
T 63.572 5 68 149 3
T 63.572 8 67 149 3
T 63.572 6 67 149 3
T 63.572 3 67 149 3
T 63.572 4 67 149 3
T 63.572 1 67 149 3
T 63.572 2 67 149 3
T 63.591 7 70 149 3
T 63.591 5 69 149 3
T 63.591 8 68 149 3
T 63.591 6 68 149 3
T 63.591 3 68 149 3
T 63.591 4 68 149 3
T 63.591 1 68 149 3
T 63.591 2 68 149 3
T 63.610 7 71 149 3
T 63.611 5 70 149 3
T 63.611 8 69 149 3
T 63.611 6 69 149 3
T 63.611 3 69 149 3
T 63.611 4 69 149 3
T 63.611 1 69 149 3
T 63.611 2 69 149 3
T 63.630 7 72 149 3
T 63.630 5 71 149 3
T 63.630 8 70 149 3
T 63.630 6 70 149 3
T 63.630 3 70 149 3
T 63.630 4 70 149 3
T 63.630 1 70 149 3
T 63.630 2 70 149 3
T 63.650 7 73 149 3
T 63.650 5 72 149 3
T 63.650 8 71 149 3
T 63.650 6 71 149 3
T 63.650 3 71 149 3
T 63.650 4 71 149 3
T 63.650 1 71 149 3
T 63.650 2 71 149 3
T 63.669 7 74 149 3
T 63.669 5 73 149 3
T 63.669 8 72 149 3
T 63.669 6 72 149 3
T 63.669 3 72 149 3
T 63.669 4 72 149 3
T 63.670 1 72 149 3
T 63.670 2 72 149 3
T 63.689 7 75 149 3
T 63.689 5 74 149 3
T 63.689 8 73 149 3
T 63.689 6 73 149 3
T 63.689 3 73 149 3
T 63.689 4 73 149 3
T 63.689 1 73 149 3
T 63.689 2 73 149 3
T 63.709 7 76 149 3
T 63.709 5 75 149 3
T 63.709 8 74 149 3
T 63.709 6 74 149 3
T 63.709 3 74 149 3
T 63.709 4 74 149 3
T 63.709 1 74 149 3
T 63.709 2 74 149 3
T 63.728 7 77 149 3
T 63.728 5 76 149 3
T 63.728 8 75 149 3
T 63.728 6 75 149 3
T 63.728 3 75 149 3
T 63.729 4 75 149 3
T 63.729 1 75 149 3
T 63.729 2 75 149 3
T 63.748 7 78 149 3
T 63.748 5 77 149 3
T 63.748 8 76 149 3
T 63.748 6 76 149 3
T 63.748 3 76 149 3
T 63.748 4 76 149 3
T 63.748 1 76 149 3
T 63.748 2 76 149 3
T 63.768 7 79 149 3
T 63.768 5 78 149 3
T 63.768 8 77 149 3
T 63.768 6 77 149 3
T 63.768 3 77 149 3
T 63.768 4 77 149 3
T 63.768 1 77 149 3
T 63.768 2 77 149 3
T 63.787 7 80 149 3
T 63.788 5 79 149 3
T 63.788 8 78 149 3
T 63.788 6 78 149 3
T 63.788 3 78 149 3
T 63.788 4 78 149 3
T 63.788 1 78 149 3
T 63.788 2 78 149 3
T 63.807 7 81 149 3
T 63.807 5 80 149 3
T 63.807 8 79 149 3
T 63.807 6 79 149 3
T 63.807 3 79 149 3
T 63.807 4 79 149 3
T 63.807 1 79 149 3
T 63.807 2 79 149 3
T 63.827 7 82 149 3
T 63.827 5 81 149 3
T 63.827 8 80 149 3
T 63.827 6 80 149 3
T 63.827 3 80 149 3
T 63.827 4 80 149 3
T 63.827 1 80 149 3
T 63.827 2 80 149 3
T 63.846 7 83 149 3
T 63.846 5 82 149 3
T 63.846 8 81 149 3
T 63.847 6 81 149 3
T 63.847 3 81 149 3
T 63.847 4 81 149 3
T 63.847 1 81 149 3
T 63.847 2 81 149 3
T 63.866 7 84 149 3
T 63.866 5 83 149 3
T 63.866 8 82 149 3
T 63.866 6 82 149 3
T 63.866 3 82 149 3
T 63.866 4 82 149 3
T 63.866 1 82 149 3
T 63.866 2 82 149 3
T 63.886 7 85 149 3
T 63.886 5 84 149 3
T 63.886 8 83 149 3
T 63.886 6 83 149 3
T 63.886 3 83 149 3
T 63.886 4 83 149 3
T 63.886 1 83 149 3
T 63.886 2 83 149 3
T 63.905 7 86 149 3
T 63.906 5 85 149 3
T 63.906 8 84 149 3
T 63.906 6 84 149 3
T 63.906 3 84 149 3
T 63.906 4 84 149 3
T 63.906 1 84 149 3
T 63.906 2 84 149 3
T 63.925 7 87 149 3
T 63.925 5 86 149 3
T 63.925 8 85 149 3
T 63.925 6 85 149 3
T 63.925 3 85 149 3
T 63.925 4 85 149 3
T 63.925 1 85 149 3
T 63.925 2 85 149 3
T 63.945 7 88 149 3
T 63.945 5 87 149 3
T 63.945 8 86 149 3
T 63.945 6 86 149 3
T 63.945 3 86 149 3
T 63.945 4 86 149 3
T 63.945 1 86 149 3
T 63.945 2 86 149 3
T 63.965 7 89 149 3
T 63.965 5 88 149 3
T 63.965 8 87 149 3
T 63.965 6 87 149 3
T 63.965 3 87 149 3
T 63.965 4 87 149 3
T 63.965 1 87 149 3
T 63.965 2 87 149 3
T 63.984 7 90 149 3
T 63.984 5 89 149 3
T 63.984 8 88 149 3
T 63.985 6 88 149 3
T 63.985 3 88 149 3
T 63.985 4 88 149 3
T 63.985 1 88 149 3
T 63.985 2 88 149 3
T 64.004 7 91 149 3
T 64.004 5 90 149 3
T 64.004 8 89 149 3
T 64.004 6 89 149 3
T 64.004 3 89 149 3
T 64.004 4 89 149 3
T 64.004 1 89 149 3
T 64.004 2 89 149 3
T 64.024 7 92 149 3
T 64.024 5 91 149 3
T 64.024 8 90 149 3
T 64.024 6 90 149 3
T 64.024 3 90 149 3
T 64.024 4 90 149 3
T 64.024 1 90 149 3
T 64.024 2 90 149 3
T 64.043 7 93 149 3
T 64.043 5 92 149 3
T 64.043 8 91 149 3
T 64.044 6 91 149 3
T 64.044 3 91 149 3
T 64.044 4 91 149 3
T 64.044 1 91 149 3
T 64.044 2 91 149 3
T 64.063 7 94 149 3
T 64.063 5 93 149 3
T 64.063 8 92 149 3
T 64.063 6 92 149 3
T 64.063 3 92 149 3
T 64.063 4 92 149 3
T 64.063 1 92 149 3
T 64.064 2 92 149 3
T 64.083 7 95 149 3
T 64.083 5 94 149 3
T 64.083 8 93 149 3
T 64.083 6 93 149 3
T 64.083 3 93 149 3
T 64.083 4 93 149 3
T 64.083 1 93 149 3
T 64.083 2 93 149 3
T 64.102 7 96 149 3
T 64.103 5 95 149 3
T 64.103 8 94 149 3
T 64.103 6 94 149 3
T 64.103 3 94 149 3
T 64.103 4 94 149 3
T 64.103 1 94 149 3
T 64.103 2 94 149 3
T 64.122 7 97 149 3
T 64.122 5 96 149 3
T 64.122 8 95 149 3
T 64.122 6 95 149 3
T 64.122 3 95 149 3
T 64.122 4 95 149 3
T 64.122 1 95 149 3
T 64.122 2 95 149 3
T 64.142 7 98 149 3
T 64.142 5 97 149 3
T 64.142 8 96 149 3
T 64.142 6 96 149 3
T 64.142 3 96 149 3
T 64.142 4 96 149 3
T 64.142 1 96 149 3
T 64.142 2 96 149 3
T 64.162 7 99 149 3
T 64.162 5 98 149 3
T 64.162 8 97 149 3
T 64.162 6 97 149 3
T 64.162 3 97 149 3
T 64.162 4 97 149 3
T 64.162 1 97 149 3
T 64.162 2 97 149 3
T 64.181 5 99 149 3
T 64.181 8 98 149 3
T 64.181 6 98 149 3
T 64.181 3 98 149 3
T 64.181 4 98 149 3
T 64.181 1 98 149 3
T 64.181 2 98 149 3
T 64.201 8 99 149 3
T 64.201 6 99 149 3
T 64.201 3 99 149 3
T 64.201 4 99 149 3
T 64.201 1 99 149 3
T 64.201 2 99 149 3
P 64.962 8
F 64.962 8 4
P 64.962 1
F 64.964 1 4
P 64.964 2
P 64.966 3
F 64.966 2 4
P 64.967 4
F 64.967 3 4
P 64.968 5
F 64.970 4 4
P 64.970 6
F 64.971 5 4
P 64.972 7
F 64.989 6 4
F 64.990 7 4
T 65.367 3 100 202 4
T 65.398 3 101 202 4
T 65.453 3 102 202 4
T 65.517 3 103 202 4
T 65.517 8 100 202 4
T 65.517 1 100 202 4
T 65.595 3 104 202 4
T 65.595 8 101 202 4
T 65.595 1 101 202 4
T 65.595 7 100 202 4
T 65.595 5 100 202 4
T 65.595 6 100 202 4
T 65.595 4 100 202 4
T 65.596 2 100 202 4
T 65.614 3 105 202 4
T 65.615 8 102 202 4
T 65.615 1 102 202 4
T 65.615 7 101 202 4
T 65.615 5 101 202 4
T 65.615 6 101 202 4
T 65.615 4 101 202 4
T 65.615 2 101 202 4
T 65.634 3 106 202 4
T 65.634 8 103 202 4
T 65.634 1 103 202 4
T 65.634 7 102 202 4
T 65.634 5 102 202 4
T 65.634 6 102 202 4
T 65.634 4 102 202 4
T 65.634 2 102 202 4
T 65.654 3 107 202 4
T 65.654 8 104 202 4
T 65.654 1 104 202 4
T 65.654 7 103 202 4
T 65.654 5 103 202 4
T 65.654 6 103 202 4
T 65.654 4 103 202 4
T 65.654 2 103 202 4
T 65.674 3 108 202 4
T 65.674 8 105 202 4
T 65.674 1 105 202 4
T 65.674 7 104 202 4
T 65.674 5 104 202 4
T 65.674 6 104 202 4
T 65.674 4 104 202 4
T 65.674 2 104 202 4
T 65.693 3 109 202 4
T 65.694 8 106 202 4
T 65.694 1 106 202 4
T 65.694 7 105 202 4
T 65.694 5 105 202 4
T 65.694 6 105 202 4
T 65.694 4 105 202 4
T 65.694 2 105 202 4
T 65.713 3 110 202 4
T 65.713 8 107 202 4
T 65.713 1 107 202 4
T 65.713 7 106 202 4
T 65.713 5 106 202 4
T 65.713 6 106 202 4
T 65.713 4 106 202 4
T 65.713 2 106 202 4
T 65.733 3 111 202 4
T 65.733 8 108 202 4
T 65.733 1 108 202 4
T 65.733 7 107 202 4
T 65.733 5 107 202 4
T 65.733 6 107 202 4
T 65.733 4 107 202 4
T 65.733 2 107 202 4
T 65.753 3 112 202 4
T 65.753 8 109 202 4
T 65.753 1 109 202 4
T 65.753 7 108 202 4
T 65.753 5 108 202 4
T 65.753 6 108 202 4
T 65.753 4 108 202 4
T 65.753 2 108 202 4
T 65.773 3 113 202 4
T 65.773 8 110 202 4
T 65.773 1 110 202 4
T 65.773 7 109 202 4
T 65.773 5 109 202 4
T 65.773 6 109 202 4
T 65.773 4 109 202 4
T 65.773 2 109 202 4
T 65.792 3 114 202 4
T 65.792 8 111 202 4
T 65.792 1 111 202 4
T 65.792 7 110 202 4
T 65.793 5 110 202 4
T 65.793 6 110 202 4
T 65.793 4 110 202 4
T 65.793 2 110 202 4
T 65.812 3 115 202 4
T 65.812 8 112 202 4
T 65.812 1 112 202 4
T 65.812 7 111 202 4
T 65.812 5 111 202 4
T 65.812 6 111 202 4
T 65.812 4 111 202 4
T 65.813 2 111 202 4
T 65.832 3 116 202 4
T 65.832 8 113 202 4
T 65.832 1 113 202 4
T 65.832 7 112 202 4
T 65.832 5 112 202 4
T 65.832 6 112 202 4
T 65.832 4 112 202 4
T 65.832 2 112 202 4
T 65.852 3 117 202 4
T 65.852 8 114 202 4
T 65.852 1 114 202 4
T 65.852 7 113 202 4
T 65.852 5 113 202 4
T 65.852 6 113 202 4
T 65.852 4 113 202 4
T 65.852 2 113 202 4
T 65.872 3 118 202 4
T 65.872 8 115 202 4
T 65.872 1 115 202 4
T 65.872 7 114 202 4
T 65.872 5 114 202 4
T 65.872 6 114 202 4
T 65.872 4 114 202 4
T 65.872 2 114 202 4
T 65.892 3 119 202 4
T 65.892 8 116 202 4
T 65.892 1 116 202 4
T 65.892 7 115 202 4
T 65.892 5 115 202 4
T 65.892 6 115 202 4
T 65.892 4 115 202 4
T 65.892 2 115 202 4
T 65.911 3 120 202 4
T 65.911 8 117 202 4
T 65.911 1 117 202 4
T 65.911 7 116 202 4
T 65.911 5 116 202 4
T 65.911 6 116 202 4
T 65.911 4 116 202 4
T 65.911 2 116 202 4
T 65.931 3 121 202 4
T 65.931 8 118 202 4
T 65.931 1 118 202 4
T 65.931 7 117 202 4
T 65.931 5 117 202 4
T 65.931 6 117 202 4
T 65.931 4 117 202 4
T 65.931 2 117 202 4
T 65.951 3 122 202 4
T 65.951 8 119 202 4
T 65.951 1 119 202 4
T 65.951 7 118 202 4
T 65.951 5 118 202 4
T 65.951 6 118 202 4
T 65.951 4 118 202 4
T 65.951 2 118 202 4
T 65.971 3 123 202 4
T 65.971 8 120 202 4
T 65.971 1 120 202 4
T 65.971 7 119 202 4
T 65.971 5 119 202 4
T 65.971 6 119 202 4
T 65.971 4 119 202 4
T 65.971 2 119 202 4
T 65.990 3 124 202 4
T 65.990 8 121 202 4
T 65.991 1 121 202 4
T 65.991 7 120 202 4
T 65.991 5 120 202 4
T 65.991 6 120 202 4
T 65.991 4 120 202 4
T 65.991 2 120 202 4
T 66.010 3 125 202 4
T 66.010 8 122 202 4
T 66.010 1 122 202 4
T 66.010 7 121 202 4
T 66.010 5 121 202 4
T 66.010 6 121 202 4
T 66.011 4 121 202 4
T 66.011 2 121 202 4
T 66.030 3 126 202 4
T 66.030 8 123 202 4
T 66.030 1 123 202 4
T 66.030 7 122 202 4
T 66.030 5 122 202 4
T 66.030 6 122 202 4
T 66.030 4 122 202 4
T 66.030 2 122 202 4
T 66.050 3 127 202 4
T 66.050 8 124 202 4
T 66.050 1 124 202 4
T 66.050 7 123 202 4
T 66.050 5 123 202 4
T 66.050 6 123 202 4
T 66.050 4 123 202 4
T 66.050 2 123 202 4
T 66.069 3 128 202 4
T 66.070 8 125 202 4
T 66.070 1 125 202 4
T 66.070 7 124 202 4
T 66.070 5 124 202 4
T 66.070 6 124 202 4
T 66.070 4 124 202 4
T 66.070 2 124 202 4
T 66.089 3 129 202 4
T 66.089 8 126 202 4
T 66.089 1 126 202 4
T 66.089 7 125 202 4
T 66.090 5 125 202 4
T 66.090 6 125 202 4
T 66.090 4 125 202 4
T 66.090 2 125 202 4
T 66.109 3 130 202 4
T 66.109 8 127 202 4
T 66.109 1 127 202 4
T 66.109 7 126 202 4
T 66.109 5 126 202 4
T 66.109 6 126 202 4
T 66.109 4 126 202 4
T 66.109 2 126 202 4
T 66.129 3 131 202 4
T 66.129 8 128 202 4
T 66.129 1 128 202 4
T 66.129 7 127 202 4
T 66.129 5 127 202 4
T 66.129 6 127 202 4
T 66.129 4 127 202 4
T 66.129 2 127 202 4
T 66.149 3 132 202 4
T 66.149 8 129 202 4
T 66.149 1 129 202 4
T 66.149 7 128 202 4
T 66.149 5 128 202 4
T 66.149 6 128 202 4
T 66.149 4 128 202 4
T 66.149 2 128 202 4
T 66.168 8 130 202 4
T 66.169 1 130 202 4
T 66.169 7 129 202 4
T 66.169 5 129 202 4
T 66.169 6 129 202 4
T 66.169 4 129 202 4
T 66.169 2 129 202 4
T 66.188 8 131 202 4
T 66.189 1 131 202 4
T 66.189 7 130 202 4
T 66.189 5 130 202 4
T 66.189 6 130 202 4
T 66.189 4 130 202 4
T 66.189 2 130 202 4
T 66.208 8 132 202 4
T 66.208 1 132 202 4
T 66.209 7 131 202 4
T 66.209 5 131 202 4
T 66.209 6 131 202 4
T 66.209 4 131 202 4
T 66.209 2 131 202 4
T 66.228 7 132 202 4
T 66.229 5 132 202 4
T 66.229 6 132 202 4
T 66.229 4 132 202 4
T 66.229 2 132 202 4
P 66.962 3
F 66.963 3 5
P 66.963 4
F 66.963 4 5
P 66.964 5
F 66.966 5 5
P 66.966 6
F 66.967 6 5
P 66.968 7
F 66.970 7 5
P 66.971 8
P 66.973 1
F 66.973 8 5
P 66.973 2
F 66.973 1 5
F 66.977 2 5
T 67.424 1 133 255 5
T 67.506 1 134 255 5
T 67.506 3 133 255 5
T 67.506 5 133 255 5
T 67.506 6 133 255 5
T 67.506 4 133 255 5
T 67.539 1 135 255 5
T 67.539 3 134 255 5
T 67.539 5 134 255 5
T 67.539 6 134 255 5
T 67.540 4 134 255 5
T 67.540 8 133 255 5
T 67.540 7 133 255 5
T 67.540 2 133 255 5
T 67.559 1 136 255 5
T 67.559 3 135 255 5
T 67.559 5 135 255 5
T 67.559 6 135 255 5
T 67.559 4 135 255 5
T 67.559 8 134 255 5
T 67.559 7 134 255 5
T 67.559 2 134 255 5
T 67.579 1 137 255 5
T 67.579 3 136 255 5
T 67.579 5 136 255 5
T 67.579 6 136 255 5
T 67.579 4 136 255 5
T 67.579 8 135 255 5
T 67.579 7 135 255 5
T 67.579 2 135 255 5
T 67.598 1 138 255 5
T 67.598 3 137 255 5
T 67.598 5 137 255 5
T 67.599 6 137 255 5
T 67.599 4 137 255 5
T 67.599 8 136 255 5
T 67.599 7 136 255 5
T 67.599 2 136 255 5
T 67.618 1 139 255 5
T 67.618 3 138 255 5
T 67.618 5 138 255 5
T 67.618 6 138 255 5
T 67.618 4 138 255 5
T 67.618 8 137 255 5
T 67.619 7 137 255 5
T 67.619 2 137 255 5
T 67.638 1 140 255 5
T 67.638 3 139 255 5
T 67.638 5 139 255 5
T 67.638 6 139 255 5
T 67.638 4 139 255 5
T 67.638 8 138 255 5
T 67.638 7 138 255 5
T 67.638 2 138 255 5
T 67.658 1 141 255 5
T 67.658 3 140 255 5
T 67.658 5 140 255 5
T 67.658 6 140 255 5
T 67.658 4 140 255 5
T 67.658 8 139 255 5
T 67.658 7 139 255 5
T 67.658 2 139 255 5
T 67.678 1 142 255 5
T 67.678 3 141 255 5
T 67.678 5 141 255 5
T 67.678 6 141 255 5
T 67.678 4 141 255 5
T 67.678 8 140 255 5
T 67.678 7 140 255 5
T 67.678 2 140 255 5
T 67.698 1 143 255 5
T 67.698 3 142 255 5
T 67.698 5 142 255 5
T 67.698 6 142 255 5
T 67.698 4 142 255 5
T 67.698 8 141 255 5
T 67.698 7 141 255 5
T 67.698 2 141 255 5
T 67.717 1 144 255 5
T 67.717 3 143 255 5
T 67.718 5 143 255 5
T 67.718 6 143 255 5
T 67.718 4 143 255 5
T 67.718 8 142 255 5
T 67.718 7 142 255 5
T 67.718 2 142 255 5
T 67.737 1 145 255 5
T 67.737 3 144 255 5
T 67.737 5 144 255 5
T 67.737 6 144 255 5
T 67.738 4 144 255 5
T 67.738 8 143 255 5
T 67.738 7 143 255 5
T 67.738 2 143 255 5
T 67.757 1 146 255 5
T 67.757 3 145 255 5
T 67.757 5 145 255 5
T 67.757 6 145 255 5
T 67.757 4 145 255 5
T 67.757 8 144 255 5
T 67.757 7 144 255 5
T 67.757 2 144 255 5
T 67.777 1 147 255 5
T 67.777 3 146 255 5
T 67.777 5 146 255 5
T 67.777 6 146 255 5
T 67.777 4 146 255 5
T 67.777 8 145 255 5
T 67.777 7 145 255 5
T 67.777 2 145 255 5
T 67.797 1 148 255 5
T 67.797 3 147 255 5
T 67.797 5 147 255 5
T 67.797 6 147 255 5
T 67.797 4 147 255 5
T 67.797 8 146 255 5
T 67.797 7 146 255 5
T 67.797 2 146 255 5
T 67.817 1 149 255 5
T 67.817 3 148 255 5
T 67.817 5 148 255 5
T 67.817 6 148 255 5
T 67.817 4 148 255 5
T 67.817 8 147 255 5
T 67.817 7 147 255 5
T 67.817 2 147 255 5
T 67.838 1 150 255 5
T 67.838 3 149 255 5
T 67.838 5 149 255 5
T 67.838 6 149 255 5
T 67.838 4 149 255 5
T 67.838 8 148 255 5
T 67.838 7 148 255 5
T 67.838 2 148 255 5
T 67.856 1 151 255 5
T 67.856 3 150 255 5
T 67.856 5 150 255 5
T 67.857 6 150 255 5
T 67.857 4 150 255 5
T 67.857 8 149 255 5
T 67.857 7 149 255 5
T 67.857 2 149 255 5
T 67.876 1 152 255 5
T 67.876 3 151 255 5
T 67.876 5 151 255 5
T 67.876 6 151 255 5
T 67.876 4 151 255 5
T 67.876 8 150 255 5
T 67.876 7 150 255 5
T 67.876 2 150 255 5
T 67.896 1 153 255 5
T 67.896 3 152 255 5
T 67.896 5 152 255 5
T 67.896 6 152 255 5
T 67.896 4 152 255 5
T 67.896 8 151 255 5
T 67.896 7 151 255 5
T 67.896 2 151 255 5
T 67.916 1 154 255 5
T 67.916 3 153 255 5
T 67.916 5 153 255 5
T 67.916 6 153 255 5
T 67.916 4 153 255 5
T 67.916 8 152 255 5
T 67.916 7 152 255 5
T 67.916 2 152 255 5
T 67.936 1 155 255 5
T 67.936 3 154 255 5
T 67.936 5 154 255 5
T 67.936 6 154 255 5
T 67.936 4 154 255 5
T 67.936 8 153 255 5
T 67.936 7 153 255 5
T 67.936 2 153 255 5
T 67.955 1 156 255 5
T 67.955 3 155 255 5
T 67.956 5 155 255 5
T 67.956 6 155 255 5
T 67.956 4 155 255 5
T 67.956 8 154 255 5
T 67.956 7 154 255 5
T 67.956 2 154 255 5
T 67.975 1 157 255 5
T 67.975 3 156 255 5
T 67.975 5 156 255 5
T 67.975 6 156 255 5
T 67.975 4 156 255 5
T 67.975 8 155 255 5
T 67.976 7 155 255 5
T 67.976 2 155 255 5
T 67.995 1 158 255 5
T 67.995 3 157 255 5
T 67.995 5 157 255 5
T 67.995 6 157 255 5
T 67.995 4 157 255 5
T 67.995 8 156 255 5
T 67.995 7 156 255 5
T 67.995 2 156 255 5
T 68.015 1 159 255 5
T 68.015 3 158 255 5
T 68.015 5 158 255 5
T 68.015 6 158 255 5
T 68.015 4 158 255 5
T 68.015 8 157 255 5
T 68.015 7 157 255 5
T 68.015 2 157 255 5
T 68.035 1 160 255 5
T 68.035 3 159 255 5
T 68.035 5 159 255 5
T 68.035 6 159 255 5
T 68.035 4 159 255 5
T 68.035 8 158 255 5
T 68.035 7 158 255 5
T 68.035 2 158 255 5
T 68.054 1 161 255 5
T 68.055 3 160 255 5
T 68.055 5 160 255 5
T 68.055 6 160 255 5
T 68.055 4 160 255 5
T 68.055 8 159 255 5
T 68.055 7 159 255 5
T 68.055 2 159 255 5
T 68.074 1 162 255 5
T 68.074 3 161 255 5
T 68.074 5 161 255 5
T 68.075 6 161 255 5
T 68.075 4 161 255 5
T 68.075 8 160 255 5
T 68.075 7 160 255 5
T 68.075 2 160 255 5
T 68.094 1 163 255 5
T 68.094 3 162 255 5
T 68.094 5 162 255 5
T 68.094 6 162 255 5
T 68.095 4 162 255 5
T 68.095 8 161 255 5
T 68.095 7 161 255 5
T 68.095 2 161 255 5
T 68.114 1 164 255 5
T 68.114 3 163 255 5
T 68.114 5 163 255 5
T 68.114 6 163 255 5
T 68.114 4 163 255 5
T 68.115 8 162 255 5
T 68.115 7 162 255 5
T 68.115 2 162 255 5
T 68.134 1 165 255 5
T 68.134 3 164 255 5
T 68.134 5 164 255 5
T 68.134 6 164 255 5
T 68.134 4 164 255 5
T 68.134 8 163 255 5
T 68.135 7 163 255 5
T 68.135 2 163 255 5
T 68.153 3 165 255 5
T 68.154 5 165 255 5
T 68.154 6 165 255 5
T 68.154 4 165 255 5
T 68.154 8 164 255 5
T 68.154 7 164 255 5
T 68.154 2 164 255 5
T 68.173 8 165 255 5
T 68.173 7 165 255 5
T 68.173 2 165 255 5
P 68.963 3
P 68.963 4
F 68.963 3 6
P 68.964 5
F 68.964 4 6
P 68.964 6
F 68.966 5 6
P 68.968 7
F 68.968 6 6
P 68.970 8
F 68.970 7 6
P 68.972 1
F 68.973 8 6
P 68.975 2
F 68.978 1 6
F 68.979 2 6
T 69.427 3 166 308 6
T 69.507 3 167 308 6
T 69.507 1 166 308 6
T 69.507 5 166 308 6
T 69.507 6 166 308 6
T 69.508 8 166 308 6
T 69.542 3 168 308 6
T 69.542 1 167 308 6
T 69.542 5 167 308 6
T 69.542 6 167 308 6
T 69.542 8 167 308 6
T 69.542 4 166 308 6
T 69.543 7 166 308 6
T 69.543 2 166 308 6
T 69.562 3 169 308 6
T 69.562 1 168 308 6
T 69.562 5 168 308 6
T 69.562 6 168 308 6
T 69.562 8 168 308 6
T 69.562 4 167 308 6
T 69.562 7 167 308 6
T 69.562 2 167 308 6
T 69.582 3 170 308 6
T 69.582 1 169 308 6
T 69.582 5 169 308 6
T 69.582 6 169 308 6
T 69.582 8 169 308 6
T 69.582 4 168 308 6
T 69.582 7 168 308 6
T 69.582 2 168 308 6
T 69.602 3 171 308 6
T 69.602 1 170 308 6
T 69.602 5 170 308 6
T 69.602 6 170 308 6
T 69.602 8 170 308 6
T 69.602 4 169 308 6
T 69.602 7 169 308 6
T 69.602 2 169 308 6
T 69.621 3 172 308 6
T 69.622 1 171 308 6
T 69.622 5 171 308 6
T 69.622 6 171 308 6
T 69.622 8 171 308 6
T 69.622 4 170 308 6
T 69.622 7 170 308 6
T 69.622 2 170 308 6
T 69.641 3 173 308 6
T 69.641 1 172 308 6
T 69.642 5 172 308 6
T 69.642 6 172 308 6
T 69.642 8 172 308 6
T 69.642 4 171 308 6
T 69.642 7 171 308 6
T 69.642 2 171 308 6
T 69.661 3 174 308 6
T 69.661 1 173 308 6
T 69.661 5 173 308 6
T 69.661 6 173 308 6
T 69.661 8 173 308 6
T 69.661 4 172 308 6
T 69.662 7 172 308 6
T 69.662 2 172 308 6
T 69.681 3 175 308 6
T 69.681 1 174 308 6
T 69.681 5 174 308 6
T 69.681 6 174 308 6
T 69.681 8 174 308 6
T 69.681 4 173 308 6
T 69.681 7 173 308 6
T 69.681 2 173 308 6
T 69.701 3 176 308 6
T 69.701 1 175 308 6
T 69.701 5 175 308 6
T 69.701 6 175 308 6
T 69.701 8 175 308 6
T 69.701 4 174 308 6
T 69.701 7 174 308 6
T 69.701 2 174 308 6
T 69.721 3 177 308 6
T 69.721 1 176 308 6
T 69.721 5 176 308 6
T 69.721 6 176 308 6
T 69.721 8 176 308 6
T 69.721 4 175 308 6
T 69.721 7 175 308 6
T 69.721 2 175 308 6
T 69.741 3 178 308 6
T 69.741 1 177 308 6
T 69.741 5 177 308 6
T 69.741 6 177 308 6
T 69.741 8 177 308 6
T 69.741 4 176 308 6
T 69.741 7 176 308 6
T 69.741 2 176 308 6
T 69.760 3 179 308 6
T 69.761 1 178 308 6
T 69.761 5 178 308 6
T 69.761 6 178 308 6
T 69.761 8 178 308 6
T 69.761 4 177 308 6
T 69.761 7 177 308 6
T 69.761 2 177 308 6
T 69.780 3 180 308 6
T 69.780 1 179 308 6
T 69.780 5 179 308 6
T 69.781 6 179 308 6
T 69.781 8 179 308 6
T 69.781 4 178 308 6
T 69.781 7 178 308 6
T 69.781 2 178 308 6
T 69.800 3 181 308 6
T 69.800 1 180 308 6
T 69.800 5 180 308 6
T 69.800 6 180 308 6
T 69.800 8 180 308 6
T 69.801 4 179 308 6
T 69.801 7 179 308 6
T 69.801 2 179 308 6
T 69.820 3 182 308 6
T 69.820 1 181 308 6
T 69.820 5 181 308 6
T 69.820 6 181 308 6
T 69.820 8 181 308 6
T 69.820 4 180 308 6
T 69.820 7 180 308 6
T 69.820 2 180 308 6
T 69.840 3 183 308 6
T 69.840 1 182 308 6
T 69.840 5 182 308 6
T 69.840 6 182 308 6
T 69.840 8 182 308 6
T 69.840 4 181 308 6
T 69.840 7 181 308 6
T 69.840 2 181 308 6
T 69.860 3 184 308 6
T 69.860 1 183 308 6
T 69.860 5 183 308 6
T 69.860 6 183 308 6
T 69.860 8 183 308 6
T 69.860 4 182 308 6
T 69.860 7 182 308 6
T 69.860 2 182 308 6
T 69.880 3 185 308 6
T 69.880 1 184 308 6
T 69.880 5 184 308 6
T 69.880 6 184 308 6
T 69.880 8 184 308 6
T 69.880 4 183 308 6
T 69.880 7 183 308 6
T 69.880 2 183 308 6
T 69.899 3 186 308 6
T 69.900 1 185 308 6
T 69.900 5 185 308 6
T 69.900 6 185 308 6
T 69.900 8 185 308 6
T 69.900 4 184 308 6
T 69.900 7 184 308 6
T 69.900 2 184 308 6
T 69.919 3 187 308 6
T 69.919 1 186 308 6
T 69.919 5 186 308 6
T 69.920 6 186 308 6
T 69.920 8 186 308 6
T 69.920 4 185 308 6
T 69.920 7 185 308 6
T 69.920 2 185 308 6
T 69.939 3 188 308 6
T 69.939 1 187 308 6
T 69.939 5 187 308 6
T 69.939 6 187 308 6
T 69.939 8 187 308 6
T 69.939 4 186 308 6
T 69.940 7 186 308 6
T 69.940 2 186 308 6
T 69.959 3 189 308 6
T 69.959 1 188 308 6
T 69.959 5 188 308 6
T 69.959 6 188 308 6
T 69.959 8 188 308 6
T 69.959 4 187 308 6
T 69.959 7 187 308 6
T 69.959 2 187 308 6
T 69.979 3 190 308 6
T 69.979 1 189 308 6
T 69.979 5 189 308 6
T 69.979 6 189 308 6
T 69.979 8 189 308 6
T 69.979 4 188 308 6
T 69.979 7 188 308 6
T 69.979 2 188 308 6
T 69.999 3 191 308 6
T 69.999 1 190 308 6
T 69.999 5 190 308 6
T 69.999 6 190 308 6
T 69.999 8 190 308 6
T 69.999 4 189 308 6
T 69.999 7 189 308 6
T 69.999 2 189 308 6
T 70.019 3 192 308 6
T 70.019 1 191 308 6
T 70.019 5 191 308 6
T 70.019 6 191 308 6
T 70.019 8 191 308 6
T 70.019 4 190 308 6
T 70.019 7 190 308 6
T 70.019 2 190 308 6
T 70.039 3 193 308 6
T 70.039 1 192 308 6
T 70.039 5 192 308 6
T 70.039 6 192 308 6
T 70.039 8 192 308 6
T 70.039 4 191 308 6
T 70.039 7 191 308 6
T 70.039 2 191 308 6
T 70.059 3 194 308 6
T 70.059 1 193 308 6
T 70.059 5 193 308 6
T 70.059 6 193 308 6
T 70.059 8 193 308 6
T 70.059 4 192 308 6
T 70.059 7 192 308 6
T 70.059 2 192 308 6
T 70.079 3 195 308 6
T 70.079 1 194 308 6
T 70.079 5 194 308 6
T 70.079 6 194 308 6
T 70.079 8 194 308 6
T 70.079 4 193 308 6
T 70.079 7 193 308 6
T 70.079 2 193 308 6
T 70.098 3 196 308 6
T 70.099 1 195 308 6
T 70.099 5 195 308 6
T 70.099 6 195 308 6
T 70.099 8 195 308 6
T 70.099 4 194 308 6
T 70.099 7 194 308 6
T 70.099 2 194 308 6
T 70.118 3 197 308 6
T 70.119 1 196 308 6
T 70.119 5 196 308 6
T 70.119 6 196 308 6
T 70.119 8 196 308 6
T 70.119 4 195 308 6
T 70.119 7 195 308 6
T 70.119 2 195 308 6
T 70.138 3 198 308 6
T 70.138 1 197 308 6
T 70.139 5 197 308 6
T 70.139 6 197 308 6
T 70.139 8 197 308 6
T 70.139 4 196 308 6
T 70.139 7 196 308 6
T 70.139 2 196 308 6
T 70.158 1 198 308 6
T 70.158 5 198 308 6
T 70.158 6 198 308 6
T 70.158 8 198 308 6
T 70.158 4 197 308 6
T 70.158 7 197 308 6
T 70.158 2 197 308 6
T 70.178 4 198 308 6
T 70.178 7 198 308 6
T 70.178 2 198 308 6
P 70.962 8
F 70.963 8 7
P 70.963 1
F 70.965 1 7
F 70.966 2 7
P 70.967 2
P 70.970 3
F 70.970 3 7
P 70.970 4
F 70.970 4 7
P 70.972 5
F 70.974 5 7
P 70.974 6
F 70.975 6 7
P 70.980 7
F 70.987 7 7
T 71.337 8 199 361 7
T 71.356 8 200 361 7
T 71.419 8 201 361 7
T 71.475 8 202 361 7
T 71.475 6 199 361 7
T 71.555 8 203 361 7
T 71.556 6 200 361 7
T 71.556 3 199 361 7
T 71.556 1 199 361 7
T 71.556 5 199 361 7
T 71.556 4 199 361 7
T 71.556 7 199 361 7
T 71.556 2 199 361 7
T 71.575 8 204 361 7
T 71.575 6 201 361 7
T 71.575 3 200 361 7
T 71.575 1 200 361 7
T 71.575 5 200 361 7
T 71.575 4 200 361 7
T 71.575 7 200 361 7
T 71.575 2 200 361 7
T 71.595 8 205 361 7
T 71.595 6 202 361 7
T 71.595 3 201 361 7
T 71.595 1 201 361 7
T 71.595 5 201 361 7
T 71.595 4 201 361 7
T 71.595 7 201 361 7
T 71.595 2 201 361 7
T 71.614 8 206 361 7
T 71.615 6 203 361 7
T 71.615 3 202 361 7
T 71.615 1 202 361 7
T 71.615 5 202 361 7
T 71.615 4 202 361 7
T 71.615 7 202 361 7
T 71.615 2 202 361 7
T 71.634 8 207 361 7
T 71.634 6 204 361 7
T 71.635 3 203 361 7
T 71.635 1 203 361 7
T 71.635 5 203 361 7
T 71.635 4 203 361 7
T 71.635 7 203 361 7
T 71.635 2 203 361 7
T 71.654 8 208 361 7
T 71.654 6 205 361 7
T 71.654 3 204 361 7
T 71.655 1 204 361 7
T 71.655 5 204 361 7
T 71.655 4 204 361 7
T 71.655 7 204 361 7
T 71.655 2 204 361 7
T 71.674 8 209 361 7
T 71.674 6 206 361 7
T 71.674 3 205 361 7
T 71.675 1 205 361 7
T 71.675 5 205 361 7
T 71.675 4 205 361 7
T 71.675 7 205 361 7
T 71.675 2 205 361 7
T 71.694 8 210 361 7
T 71.694 6 207 361 7
T 71.694 3 206 361 7
T 71.694 1 206 361 7
T 71.694 5 206 361 7
T 71.695 4 206 361 7
T 71.695 7 206 361 7
T 71.695 2 206 361 7
T 71.714 8 211 361 7
T 71.714 6 208 361 7
T 71.714 3 207 361 7
T 71.714 1 207 361 7
T 71.714 5 207 361 7
T 71.714 4 207 361 7
T 71.715 7 207 361 7
T 71.715 2 207 361 7
T 71.734 8 212 361 7
T 71.734 6 209 361 7
T 71.734 3 208 361 7
T 71.734 1 208 361 7
T 71.734 5 208 361 7
T 71.735 4 208 361 7
T 71.735 7 208 361 7
T 71.735 2 208 361 7
T 71.754 8 213 361 7
T 71.754 6 210 361 7
T 71.754 3 209 361 7
T 71.754 1 209 361 7
T 71.754 5 209 361 7
T 71.754 4 209 361 7
T 71.755 7 209 361 7
T 71.755 2 209 361 7
T 71.774 8 214 361 7
T 71.774 6 211 361 7
T 71.774 3 210 361 7
T 71.774 1 210 361 7
T 71.774 5 210 361 7
T 71.775 4 210 361 7
T 71.775 7 210 361 7
T 71.775 2 210 361 7
T 71.794 8 215 361 7
T 71.794 6 212 361 7
T 71.794 3 211 361 7
T 71.794 1 211 361 7
T 71.794 5 211 361 7
T 71.794 4 211 361 7
T 71.795 7 211 361 7
T 71.795 2 211 361 7
T 71.814 8 216 361 7
T 71.814 6 213 361 7
T 71.814 3 212 361 7
T 71.814 1 212 361 7
T 71.814 5 212 361 7
T 71.814 4 212 361 7
T 71.815 7 212 361 7
T 71.815 2 212 361 7
T 71.834 8 217 361 7
T 71.834 6 214 361 7
T 71.834 3 213 361 7
T 71.834 1 213 361 7
T 71.834 5 213 361 7
T 71.834 4 213 361 7
T 71.834 7 213 361 7
T 71.835 2 213 361 7
T 71.854 8 218 361 7
T 71.854 6 215 361 7
T 71.854 3 214 361 7
T 71.854 1 214 361 7
T 71.854 5 214 361 7
T 71.854 4 214 361 7
T 71.854 7 214 361 7
T 71.855 2 214 361 7
T 71.874 8 219 361 7
T 71.874 6 216 361 7
T 71.874 3 215 361 7
T 71.874 1 215 361 7
T 71.874 5 215 361 7
T 71.874 4 215 361 7
T 71.874 7 215 361 7
T 71.874 2 215 361 7
T 71.894 8 220 361 7
T 71.894 6 217 361 7
T 71.894 3 216 361 7
T 71.894 1 216 361 7
T 71.894 5 216 361 7
T 71.894 4 216 361 7
T 71.894 7 216 361 7
T 71.894 2 216 361 7
T 71.914 8 221 361 7
T 71.914 6 218 361 7
T 71.914 3 217 361 7
T 71.914 1 217 361 7
T 71.914 5 217 361 7
T 71.914 4 217 361 7
T 71.914 7 217 361 7
T 71.914 2 217 361 7
T 71.934 8 222 361 7
T 71.934 6 219 361 7
T 71.934 3 218 361 7
T 71.934 1 218 361 7
T 71.934 5 218 361 7
T 71.934 4 218 361 7
T 71.934 7 218 361 7
T 71.934 2 218 361 7
T 71.954 8 223 361 7
T 71.954 6 220 361 7
T 71.954 3 219 361 7
T 71.954 1 219 361 7
T 71.954 5 219 361 7
T 71.954 4 219 361 7
T 71.954 7 219 361 7
T 71.954 2 219 361 7
T 71.974 8 224 361 7
T 71.974 6 221 361 7
T 71.974 3 220 361 7
T 71.974 1 220 361 7
T 71.974 5 220 361 7
T 71.974 4 220 361 7
T 71.974 7 220 361 7
T 71.974 2 220 361 7
T 71.994 8 225 361 7
T 71.994 6 222 361 7
T 71.994 3 221 361 7
T 71.994 1 221 361 7
T 71.994 5 221 361 7
T 71.994 4 221 361 7
T 71.994 7 221 361 7
T 71.994 2 221 361 7
T 72.014 8 226 361 7
T 72.014 6 223 361 7
T 72.014 3 222 361 7
T 72.014 1 222 361 7
T 72.014 5 222 361 7
T 72.014 4 222 361 7
T 72.014 7 222 361 7
T 72.014 2 222 361 7
T 72.034 8 227 361 7
T 72.034 6 224 361 7
T 72.034 3 223 361 7
T 72.034 1 223 361 7
T 72.034 5 223 361 7
T 72.034 4 223 361 7
T 72.034 7 223 361 7
T 72.034 2 223 361 7
T 72.054 8 228 361 7
T 72.054 6 225 361 7
T 72.054 3 224 361 7
T 72.054 1 224 361 7
T 72.054 5 224 361 7
T 72.054 4 224 361 7
T 72.054 7 224 361 7
T 72.054 2 224 361 7
T 72.074 8 229 361 7
T 72.074 6 226 361 7
T 72.074 3 225 361 7
T 72.074 1 225 361 7
T 72.074 5 225 361 7
T 72.074 4 225 361 7
T 72.074 7 225 361 7
T 72.074 2 225 361 7
T 72.094 8 230 361 7
T 72.094 6 227 361 7
T 72.094 3 226 361 7
T 72.094 1 226 361 7
T 72.094 5 226 361 7
T 72.094 4 226 361 7
T 72.094 7 226 361 7
T 72.094 2 226 361 7
T 72.114 8 231 361 7
T 72.114 6 228 361 7
T 72.114 3 227 361 7
T 72.114 1 227 361 7
T 72.114 5 227 361 7
T 72.114 4 227 361 7
T 72.114 7 227 361 7
T 72.114 2 227 361 7
T 72.134 6 229 361 7
T 72.134 3 228 361 7
T 72.134 1 228 361 7
T 72.134 5 228 361 7
T 72.134 4 228 361 7
T 72.134 7 228 361 7
T 72.134 2 228 361 7
T 72.154 6 230 361 7
T 72.154 3 229 361 7
T 72.154 1 229 361 7
T 72.154 5 229 361 7
T 72.154 4 229 361 7
T 72.154 7 229 361 7
T 72.154 2 229 361 7
T 72.174 6 231 361 7
T 72.174 3 230 361 7
T 72.174 1 230 361 7
T 72.174 5 230 361 7
T 72.174 4 230 361 7
T 72.174 7 230 361 7
T 72.174 2 230 361 7
T 72.194 3 231 361 7
T 72.194 1 231 361 7
T 72.194 5 231 361 7
T 72.194 4 231 361 7
T 72.194 7 231 361 7
T 72.194 2 231 361 7
P 72.964 7
P 72.964 8
P 72.964 1
F 72.964 7 8
P 72.964 2
F 72.965 8 8
F 72.967 1 8
P 72.968 3
F 72.969 2 8
P 72.970 4
F 72.970 3 8
P 72.970 5
F 72.971 4 8
P 72.973 6
F 72.973 5 8
F 72.982 6 8
T 73.402 7 232 414 8
T 73.457 7 233 414 8
T 73.457 6 232 414 8
T 73.457 1 232 414 8
T 73.534 7 234 414 8
T 73.534 6 233 414 8
T 73.534 1 233 414 8
T 73.535 8 232 414 8
T 73.535 4 232 414 8
T 73.535 2 232 414 8
T 73.547 7 235 414 8
T 73.547 6 234 414 8
T 73.547 1 234 414 8
T 73.547 8 233 414 8
T 73.547 4 233 414 8
T 73.547 2 233 414 8
T 73.547 3 232 414 8
T 73.547 5 232 414 8
T 73.567 7 236 414 8
T 73.567 6 235 414 8
T 73.567 1 235 414 8
T 73.567 8 234 414 8
T 73.567 4 234 414 8
T 73.567 2 234 414 8
T 73.567 3 233 414 8
T 73.567 5 233 414 8
T 73.587 7 237 414 8
T 73.587 6 236 414 8
T 73.587 1 236 414 8
T 73.587 8 235 414 8
T 73.587 4 235 414 8
T 73.587 2 235 414 8
T 73.587 3 234 414 8
T 73.587 5 234 414 8
T 73.607 7 238 414 8
T 73.607 6 237 414 8
T 73.607 1 237 414 8
T 73.607 8 236 414 8
T 73.607 4 236 414 8
T 73.607 2 236 414 8
T 73.607 3 235 414 8
T 73.608 5 235 414 8
T 73.628 7 239 414 8
T 73.628 6 238 414 8
T 73.628 1 238 414 8
T 73.628 8 237 414 8
T 73.628 4 237 414 8
T 73.628 2 237 414 8
T 73.628 3 236 414 8
T 73.628 5 236 414 8
T 73.648 7 240 414 8
T 73.648 6 239 414 8
T 73.648 1 239 414 8
T 73.648 8 238 414 8
T 73.648 4 238 414 8
T 73.648 2 238 414 8
T 73.648 3 237 414 8
T 73.648 5 237 414 8
T 73.668 7 241 414 8
T 73.668 6 240 414 8
T 73.668 1 240 414 8
T 73.668 8 239 414 8
T 73.668 4 239 414 8
T 73.668 2 239 414 8
T 73.668 3 238 414 8
T 73.668 5 238 414 8
T 73.688 7 242 414 8
T 73.688 6 241 414 8
T 73.688 1 241 414 8
T 73.688 8 240 414 8
T 73.688 4 240 414 8
T 73.688 2 240 414 8
T 73.688 3 239 414 8
T 73.688 5 239 414 8
T 73.708 7 243 414 8
T 73.708 6 242 414 8
T 73.708 1 242 414 8
T 73.708 8 241 414 8
T 73.708 4 241 414 8
T 73.708 2 241 414 8
T 73.708 3 240 414 8
T 73.708 5 240 414 8
T 73.728 7 244 414 8
T 73.728 6 243 414 8
T 73.728 1 243 414 8
T 73.728 8 242 414 8
T 73.728 4 242 414 8
T 73.728 2 242 414 8
T 73.728 3 241 414 8
T 73.729 5 241 414 8
T 73.748 7 245 414 8
T 73.748 6 244 414 8
T 73.749 1 244 414 8
T 73.749 8 243 414 8
T 73.749 4 243 414 8
T 73.749 2 243 414 8
T 73.749 3 242 414 8
T 73.749 5 242 414 8
T 73.768 7 246 414 8
T 73.769 6 245 414 8
T 73.769 1 245 414 8
T 73.769 8 244 414 8
T 73.769 4 244 414 8
T 73.769 2 244 414 8
T 73.769 3 243 414 8
T 73.769 5 243 414 8
T 73.789 7 247 414 8
T 73.789 6 246 414 8
T 73.789 1 246 414 8
T 73.789 8 245 414 8
T 73.789 4 245 414 8
T 73.789 2 245 414 8
T 73.789 3 244 414 8
T 73.789 5 244 414 8
T 73.809 7 248 414 8
T 73.809 6 247 414 8
T 73.809 1 247 414 8
T 73.809 8 246 414 8
T 73.809 4 246 414 8
T 73.809 2 246 414 8
T 73.809 3 245 414 8
T 73.809 5 245 414 8
T 73.829 7 249 414 8
T 73.829 6 248 414 8
T 73.829 1 248 414 8
T 73.829 8 247 414 8
T 73.829 4 247 414 8
T 73.829 2 247 414 8
T 73.829 3 246 414 8
T 73.829 5 246 414 8
T 73.849 7 250 414 8
T 73.849 6 249 414 8
T 73.849 1 249 414 8
T 73.849 8 248 414 8
T 73.850 4 248 414 8
T 73.850 2 248 414 8
T 73.850 3 247 414 8
T 73.850 5 247 414 8
T 73.869 7 251 414 8
T 73.869 6 250 414 8
T 73.870 1 250 414 8
T 73.870 8 249 414 8
T 73.870 4 249 414 8
T 73.870 2 249 414 8
T 73.870 3 248 414 8
T 73.870 5 248 414 8
T 73.890 7 252 414 8
T 73.890 6 251 414 8
T 73.890 1 251 414 8
T 73.890 8 250 414 8
T 73.890 4 250 414 8
T 73.890 2 250 414 8
T 73.890 3 249 414 8
T 73.890 5 249 414 8
T 73.910 7 253 414 8
T 73.910 6 252 414 8
T 73.910 1 252 414 8
T 73.910 8 251 414 8
T 73.910 4 251 414 8
T 73.910 2 251 414 8
T 73.910 3 250 414 8
T 73.910 5 250 414 8
T 73.930 7 254 414 8
T 73.930 6 253 414 8
T 73.930 1 253 414 8
T 73.930 8 252 414 8
T 73.930 4 252 414 8
T 73.930 2 252 414 8
T 73.930 3 251 414 8
T 73.930 5 251 414 8
T 73.950 7 255 414 8
T 73.950 6 254 414 8
T 73.950 1 254 414 8
T 73.950 8 253 414 8
T 73.950 4 253 414 8
T 73.951 2 253 414 8
T 73.951 3 252 414 8
T 73.951 5 252 414 8
T 73.970 7 256 414 8
T 73.970 6 255 414 8
T 73.970 1 255 414 8
T 73.970 8 254 414 8
T 73.970 4 254 414 8
T 73.971 2 254 414 8
T 73.971 3 253 414 8
T 73.971 5 253 414 8
T 73.990 7 257 414 8
T 73.990 6 256 414 8
T 73.991 1 256 414 8
T 73.991 8 255 414 8
T 73.991 4 255 414 8
T 73.991 2 255 414 8
T 73.991 3 254 414 8
T 73.991 5 254 414 8
T 74.011 7 258 414 8
T 74.011 6 257 414 8
T 74.011 1 257 414 8
T 74.011 8 256 414 8
T 74.011 4 256 414 8
T 74.011 2 256 414 8
T 74.011 3 255 414 8
T 74.011 5 255 414 8
T 74.031 7 259 414 8
T 74.031 6 258 414 8
T 74.031 1 258 414 8
T 74.031 8 257 414 8
T 74.031 4 257 414 8
T 74.031 2 257 414 8
T 74.031 3 256 414 8
T 74.031 5 256 414 8
T 74.051 7 260 414 8
T 74.051 6 259 414 8
T 74.051 1 259 414 8
T 74.051 8 258 414 8
T 74.051 4 258 414 8
T 74.051 2 258 414 8
T 74.051 3 257 414 8
T 74.051 5 257 414 8
T 74.071 7 261 414 8
T 74.071 6 260 414 8
T 74.071 1 260 414 8
T 74.071 8 259 414 8
T 74.071 4 259 414 8
T 74.071 2 259 414 8
T 74.072 3 258 414 8
T 74.072 5 258 414 8
T 74.091 7 262 414 8
T 74.091 6 261 414 8
T 74.091 1 261 414 8
T 74.091 8 260 414 8
T 74.091 4 260 414 8
T 74.092 2 260 414 8
T 74.092 3 259 414 8
T 74.092 5 259 414 8
T 74.111 7 263 414 8
T 74.112 6 262 414 8
T 74.112 1 262 414 8
T 74.112 8 261 414 8
T 74.112 4 261 414 8
T 74.112 2 261 414 8
T 74.112 3 260 414 8
T 74.112 5 260 414 8
T 74.132 7 264 414 8
T 74.132 6 263 414 8
T 74.132 1 263 414 8
T 74.132 8 262 414 8
T 74.132 4 262 414 8
T 74.132 2 262 414 8
T 74.132 3 261 414 8
T 74.132 5 261 414 8
T 74.152 6 264 414 8
T 74.152 1 264 414 8
T 74.152 8 263 414 8
T 74.152 4 263 414 8
T 74.152 2 263 414 8
T 74.152 3 262 414 8
T 74.152 5 262 414 8
T 74.171 8 264 414 8
T 74.172 4 264 414 8
T 74.172 2 264 414 8
T 74.172 3 263 414 8
T 74.172 5 263 414 8
T 74.191 3 264 414 8
T 74.191 5 264 414 8
P 74.966 2
F 74.966 2 9
P 74.966 3
F 74.969 3 9
P 74.969 4
F 74.971 4 9
P 74.971 5
F 74.973 5 9
P 74.973 6
F 74.974 6 9
P 74.977 7
F 74.977 7 9
P 74.978 8
F 74.979 8 9
P 74.979 1
F 74.980 1 9
T 75.445 2 265 467 9
T 75.563 2 266 467 9
T 75.563 7 265 467 9
T 75.564 1 265 467 9
T 75.564 8 265 467 9
T 75.564 4 265 467 9
T 75.564 3 265 467 9
T 75.576 2 267 467 9
T 75.576 7 266 467 9
T 75.576 1 266 467 9
T 75.576 8 266 467 9
T 75.576 4 266 467 9
T 75.576 3 266 467 9
T 75.576 6 265 467 9
T 75.577 5 265 467 9
T 75.596 2 268 467 9
T 75.596 7 267 467 9
T 75.596 1 267 467 9
T 75.596 8 267 467 9
T 75.596 4 267 467 9
T 75.596 3 267 467 9
T 75.596 6 266 467 9
T 75.597 5 266 467 9
T 75.616 2 269 467 9
T 75.617 7 268 467 9
T 75.617 1 268 467 9
T 75.617 8 268 467 9
T 75.617 4 268 467 9
T 75.617 3 268 467 9
T 75.617 6 267 467 9
T 75.617 5 267 467 9
T 75.637 2 270 467 9
T 75.637 7 269 467 9
T 75.637 1 269 467 9
T 75.637 8 269 467 9
T 75.637 4 269 467 9
T 75.637 3 269 467 9
T 75.637 6 268 467 9
T 75.637 5 268 467 9
T 75.657 2 271 467 9
T 75.657 7 270 467 9
T 75.657 1 270 467 9
T 75.657 8 270 467 9
T 75.657 4 270 467 9
T 75.657 3 270 467 9
T 75.657 6 269 467 9
T 75.657 5 269 467 9
T 75.677 2 272 467 9
T 75.677 7 271 467 9
T 75.677 1 271 467 9
T 75.677 8 271 467 9
T 75.677 4 271 467 9
T 75.677 3 271 467 9
T 75.677 6 270 467 9
T 75.677 5 270 467 9
T 75.697 2 273 467 9
T 75.697 7 272 467 9
T 75.697 1 272 467 9
T 75.697 8 272 467 9
T 75.698 4 272 467 9
T 75.698 3 272 467 9
T 75.698 6 271 467 9
T 75.698 5 271 467 9
T 75.717 2 274 467 9
T 75.718 7 273 467 9
T 75.718 1 273 467 9
T 75.718 8 273 467 9
T 75.718 4 273 467 9
T 75.718 3 273 467 9
T 75.718 6 272 467 9
T 75.718 5 272 467 9
T 75.738 2 275 467 9
T 75.738 7 274 467 9
T 75.738 1 274 467 9
T 75.738 8 274 467 9
T 75.738 4 274 467 9
T 75.738 3 274 467 9
T 75.738 6 273 467 9
T 75.738 5 273 467 9
T 75.758 2 276 467 9
T 75.758 7 275 467 9
T 75.758 1 275 467 9
T 75.758 8 275 467 9
T 75.758 4 275 467 9
T 75.758 3 275 467 9
T 75.758 6 274 467 9
T 75.758 5 274 467 9
T 75.778 2 277 467 9
T 75.778 7 276 467 9
T 75.778 1 276 467 9
T 75.778 8 276 467 9
T 75.778 4 276 467 9
T 75.778 3 276 467 9
T 75.779 6 275 467 9
T 75.779 5 275 467 9
T 75.798 2 278 467 9
T 75.799 7 277 467 9
T 75.799 1 277 467 9
T 75.799 8 277 467 9
T 75.799 4 277 467 9
T 75.799 3 277 467 9
T 75.799 6 276 467 9
T 75.799 5 276 467 9
T 75.819 2 279 467 9
T 75.819 7 278 467 9
T 75.819 1 278 467 9
T 75.819 8 278 467 9
T 75.819 4 278 467 9
T 75.819 3 278 467 9
T 75.819 6 277 467 9
T 75.819 5 277 467 9
T 75.839 2 280 467 9
T 75.839 7 279 467 9
T 75.839 1 279 467 9
T 75.839 8 279 467 9
T 75.839 4 279 467 9
T 75.839 3 279 467 9
T 75.839 6 278 467 9
T 75.839 5 278 467 9
T 75.859 2 281 467 9
T 75.859 7 280 467 9
T 75.859 1 280 467 9
T 75.859 8 280 467 9
T 75.859 4 280 467 9
T 75.859 3 280 467 9
T 75.859 6 279 467 9
T 75.859 5 279 467 9
T 75.879 2 282 467 9
T 75.879 7 281 467 9
T 75.879 1 281 467 9
T 75.879 8 281 467 9
T 75.879 4 281 467 9
T 75.879 3 281 467 9
T 75.879 6 280 467 9
T 75.879 5 280 467 9
T 75.899 2 283 467 9
T 75.899 7 282 467 9
T 75.899 1 282 467 9
T 75.900 8 282 467 9
T 75.900 4 282 467 9
T 75.900 3 282 467 9
T 75.900 6 281 467 9
T 75.900 5 281 467 9
T 75.920 2 284 467 9
T 75.920 7 283 467 9
T 75.920 1 283 467 9
T 75.920 8 283 467 9
T 75.920 4 283 467 9
T 75.920 3 283 467 9
T 75.920 6 282 467 9
T 75.920 5 282 467 9
T 75.940 2 285 467 9
T 75.940 7 284 467 9
T 75.940 1 284 467 9
T 75.940 8 284 467 9
T 75.940 4 284 467 9
T 75.940 3 284 467 9
T 75.940 6 283 467 9
T 75.940 5 283 467 9
T 75.960 2 286 467 9
T 75.960 7 285 467 9
T 75.960 1 285 467 9
T 75.960 8 285 467 9
T 75.960 4 285 467 9
T 75.960 3 285 467 9
T 75.960 6 284 467 9
T 75.960 5 284 467 9
T 75.980 2 287 467 9
T 75.980 7 286 467 9
T 75.980 1 286 467 9
T 75.980 8 286 467 9
T 75.980 4 286 467 9
T 75.981 3 286 467 9
T 75.981 6 285 467 9
T 75.981 5 285 467 9
T 76.000 2 288 467 9
T 76.000 7 287 467 9
T 76.001 1 287 467 9
T 76.001 8 287 467 9
T 76.001 4 287 467 9
T 76.001 3 287 467 9
T 76.001 6 286 467 9
T 76.001 5 286 467 9
T 76.021 2 289 467 9
T 76.021 7 288 467 9
T 76.021 1 288 467 9
T 76.021 8 288 467 9
T 76.021 4 288 467 9
T 76.021 3 288 467 9
T 76.021 6 287 467 9
T 76.021 5 287 467 9
T 76.041 2 290 467 9
T 76.041 7 289 467 9
T 76.041 1 289 467 9
T 76.041 8 289 467 9
T 76.041 4 289 467 9
T 76.041 3 289 467 9
T 76.041 6 288 467 9
T 76.041 5 288 467 9
T 76.061 2 291 467 9
T 76.061 7 290 467 9
T 76.061 1 290 467 9
T 76.061 8 290 467 9
T 76.061 4 290 467 9
T 76.061 3 290 467 9
T 76.061 6 289 467 9
T 76.061 5 289 467 9
T 76.081 2 292 467 9
T 76.081 7 291 467 9
T 76.081 1 291 467 9
T 76.081 8 291 467 9
T 76.081 4 291 467 9
T 76.082 3 291 467 9
T 76.082 6 290 467 9
T 76.082 5 290 467 9
T 76.101 2 293 467 9
T 76.101 7 292 467 9
T 76.101 1 292 467 9
T 76.101 8 292 467 9
T 76.101 4 292 467 9
T 76.101 3 292 467 9
T 76.101 6 291 467 9
T 76.101 5 291 467 9
T 76.121 2 294 467 9
T 76.121 7 293 467 9
T 76.122 1 293 467 9
T 76.122 8 293 467 9
T 76.122 4 293 467 9
T 76.122 3 293 467 9
T 76.122 6 292 467 9
T 76.122 5 292 467 9
T 76.141 2 295 467 9
T 76.142 7 294 467 9
T 76.142 1 294 467 9
T 76.142 8 294 467 9
T 76.142 4 294 467 9
T 76.142 3 294 467 9
T 76.142 6 293 467 9
T 76.142 5 293 467 9
T 76.162 2 296 467 9
T 76.162 7 295 467 9
T 76.162 1 295 467 9
T 76.162 8 295 467 9
T 76.162 4 295 467 9
T 76.162 3 295 467 9
T 76.162 6 294 467 9
T 76.162 5 294 467 9
T 76.182 2 297 467 9
T 76.182 7 296 467 9
T 76.182 1 296 467 9
T 76.182 8 296 467 9
T 76.182 4 296 467 9
T 76.182 3 296 467 9
T 76.182 6 295 467 9
T 76.182 5 295 467 9
T 76.202 7 297 467 9
T 76.202 1 297 467 9
T 76.202 8 297 467 9
T 76.202 4 297 467 9
T 76.202 3 297 467 9
T 76.203 6 296 467 9
T 76.203 5 296 467 9
T 76.222 6 297 467 9
T 76.222 5 297 467 9
P 76.966 4
F 76.966 4 10
P 76.966 5
P 76.968 6
F 76.967 5 10
P 76.968 7
F 76.970 6 10
P 76.971 8
P 76.972 1
F 76.971 7 10
P 76.972 2
F 76.974 8 10
P 76.982 3
F 76.983 1 10
F 76.985 2 10
F 76.988 3 10
T 77.361 4 298 520 10
T 77.380 4 299 520 10
T 77.447 4 300 520 10
T 77.529 4 301 520 10
T 77.529 2 298 520 10
T 77.529 7 298 520 10
T 77.529 8 298 520 10
T 77.529 6 298 520 10
T 77.565 4 302 520 10
T 77.565 2 299 520 10
T 77.565 7 299 520 10
T 77.565 8 299 520 10
T 77.565 6 299 520 10
T 77.566 1 298 520 10
T 77.566 3 298 520 10
T 77.566 5 298 520 10
T 77.585 4 303 520 10
T 77.585 2 300 520 10
T 77.585 7 300 520 10
T 77.585 8 300 520 10
T 77.586 6 300 520 10
T 77.586 1 299 520 10
T 77.586 3 299 520 10
T 77.586 5 299 520 10
T 77.605 4 304 520 10
T 77.606 2 301 520 10
T 77.606 7 301 520 10
T 77.606 8 301 520 10
T 77.606 6 301 520 10
T 77.606 1 300 520 10
T 77.606 3 300 520 10
T 77.606 5 300 520 10
T 77.626 4 305 520 10
T 77.626 2 302 520 10
T 77.626 7 302 520 10
T 77.626 8 302 520 10
T 77.626 6 302 520 10
T 77.626 1 301 520 10
T 77.626 3 301 520 10
T 77.626 5 301 520 10
T 77.646 4 306 520 10
T 77.646 2 303 520 10
T 77.646 7 303 520 10
T 77.646 8 303 520 10
T 77.646 6 303 520 10
T 77.646 1 302 520 10
T 77.646 3 302 520 10
T 77.646 5 302 520 10
T 77.666 4 307 520 10
T 77.666 2 304 520 10
T 77.666 7 304 520 10
T 77.666 8 304 520 10
T 77.666 6 304 520 10
T 77.666 1 303 520 10
T 77.666 3 303 520 10
T 77.666 5 303 520 10
T 77.686 4 308 520 10
T 77.686 2 305 520 10
T 77.687 7 305 520 10
T 77.687 8 305 520 10
T 77.687 6 305 520 10
T 77.687 1 304 520 10
T 77.687 3 304 520 10
T 77.687 5 304 520 10
T 77.707 4 309 520 10
T 77.707 2 306 520 10
T 77.707 7 306 520 10
T 77.707 8 306 520 10
T 77.707 6 306 520 10
T 77.707 1 305 520 10
T 77.707 3 305 520 10
T 77.707 5 305 520 10
T 77.727 4 310 520 10
T 77.727 2 307 520 10
T 77.727 7 307 520 10
T 77.727 8 307 520 10
T 77.727 6 307 520 10
T 77.727 1 306 520 10
T 77.727 3 306 520 10
T 77.727 5 306 520 10
T 77.747 4 311 520 10
T 77.747 2 308 520 10
T 77.747 7 308 520 10
T 77.747 8 308 520 10
T 77.747 6 308 520 10
T 77.747 1 307 520 10
T 77.747 3 307 520 10
T 77.747 5 307 520 10
T 77.767 4 312 520 10
T 77.767 2 309 520 10
T 77.767 7 309 520 10
T 77.767 8 309 520 10
T 77.768 6 309 520 10
T 77.768 1 308 520 10
T 77.768 3 308 520 10
T 77.768 5 308 520 10
T 77.787 4 313 520 10
T 77.787 2 310 520 10
T 77.788 7 310 520 10
T 77.788 8 310 520 10
T 77.788 6 310 520 10
T 77.788 1 309 520 10
T 77.788 3 309 520 10
T 77.788 5 309 520 10
T 77.807 4 314 520 10
T 77.808 2 311 520 10
T 77.808 7 311 520 10
T 77.808 8 311 520 10
T 77.808 6 311 520 10
T 77.808 1 310 520 10
T 77.808 3 310 520 10
T 77.808 5 310 520 10
T 77.828 4 315 520 10
T 77.828 2 312 520 10
T 77.828 7 312 520 10
T 77.828 8 312 520 10
T 77.828 6 312 520 10
T 77.828 1 311 520 10
T 77.828 3 311 520 10
T 77.828 5 311 520 10
T 77.848 4 316 520 10
T 77.848 2 313 520 10
T 77.848 7 313 520 10
T 77.848 8 313 520 10
T 77.848 6 313 520 10
T 77.848 1 312 520 10
T 77.848 3 312 520 10
T 77.848 5 312 520 10
T 77.868 4 317 520 10
T 77.868 2 314 520 10
T 77.868 7 314 520 10
T 77.868 8 314 520 10
T 77.868 6 314 520 10
T 77.869 1 313 520 10
T 77.869 3 313 520 10
T 77.869 5 313 520 10
T 77.888 4 318 520 10
T 77.889 2 315 520 10
T 77.889 7 315 520 10
T 77.889 8 315 520 10
T 77.889 6 315 520 10
T 77.889 1 314 520 10
T 77.889 3 314 520 10
T 77.889 5 314 520 10
T 77.909 4 319 520 10
T 77.909 2 316 520 10
T 77.909 7 316 520 10
T 77.909 8 316 520 10
T 77.909 6 316 520 10
T 77.909 1 315 520 10
T 77.909 3 315 520 10
T 77.909 5 315 520 10
T 77.929 4 320 520 10
T 77.929 2 317 520 10
T 77.929 7 317 520 10
T 77.929 8 317 520 10
T 77.929 6 317 520 10
T 77.929 1 316 520 10
T 77.929 3 316 520 10
T 77.929 5 316 520 10
T 77.949 4 321 520 10
T 77.949 2 318 520 10
T 77.949 7 318 520 10
T 77.949 8 318 520 10
T 77.949 6 318 520 10
T 77.949 1 317 520 10
T 77.949 3 317 520 10
T 77.949 5 317 520 10
T 77.969 4 322 520 10
T 77.969 2 319 520 10
T 77.969 7 319 520 10
T 77.969 8 319 520 10
T 77.970 6 319 520 10
T 77.970 1 318 520 10
T 77.970 3 318 520 10
T 77.970 5 318 520 10
T 77.989 4 323 520 10
T 77.990 2 320 520 10
T 77.990 7 320 520 10
T 77.990 8 320 520 10
T 77.990 6 320 520 10
T 77.990 1 319 520 10
T 77.990 3 319 520 10
T 77.990 5 319 520 10
T 78.010 4 324 520 10
T 78.010 2 321 520 10
T 78.010 7 321 520 10
T 78.010 8 321 520 10
T 78.010 6 321 520 10
T 78.010 1 320 520 10
T 78.010 3 320 520 10
T 78.010 5 320 520 10
T 78.030 4 325 520 10
T 78.030 2 322 520 10
T 78.030 7 322 520 10
T 78.030 8 322 520 10
T 78.030 6 322 520 10
T 78.030 1 321 520 10
T 78.030 3 321 520 10
T 78.030 5 321 520 10
T 78.050 4 326 520 10
T 78.050 2 323 520 10
T 78.050 7 323 520 10
T 78.050 8 323 520 10
T 78.050 6 323 520 10
T 78.050 1 322 520 10
T 78.050 3 322 520 10
T 78.050 5 322 520 10
T 78.070 4 327 520 10
T 78.070 2 324 520 10
T 78.070 7 324 520 10
T 78.070 8 324 520 10
T 78.071 6 324 520 10
T 78.071 1 323 520 10
T 78.071 3 323 520 10
T 78.071 5 323 520 10
T 78.091 4 328 520 10
T 78.091 2 325 520 10
T 78.091 7 325 520 10
T 78.091 8 325 520 10
T 78.091 6 325 520 10
T 78.091 1 324 520 10
T 78.091 3 324 520 10
T 78.091 5 324 520 10
T 78.111 4 329 520 10
T 78.111 2 326 520 10
T 78.111 7 326 520 10
T 78.111 8 326 520 10
T 78.111 6 326 520 10
T 78.111 1 325 520 10
T 78.111 3 325 520 10
T 78.111 5 325 520 10
T 78.131 4 330 520 10
T 78.131 2 327 520 10
T 78.131 7 327 520 10
T 78.131 8 327 520 10
T 78.131 6 327 520 10
T 78.131 1 326 520 10
T 78.131 3 326 520 10
T 78.131 5 326 520 10
T 78.151 2 328 520 10
T 78.151 7 328 520 10
T 78.151 8 328 520 10
T 78.151 6 328 520 10
T 78.151 1 327 520 10
T 78.151 3 327 520 10
T 78.151 5 327 520 10
T 78.171 2 329 520 10
T 78.171 7 329 520 10
T 78.172 8 329 520 10
T 78.172 6 329 520 10
T 78.172 1 328 520 10
T 78.172 3 328 520 10
T 78.172 5 328 520 10
T 78.192 2 330 520 10
T 78.192 7 330 520 10
T 78.192 8 330 520 10
T 78.192 6 330 520 10
T 78.192 1 329 520 10
T 78.192 3 329 520 10
T 78.192 5 329 520 10
T 78.212 1 330 520 10
T 78.212 3 330 520 10
T 78.212 5 330 520 10
P 78.966 2
F 78.966 2 11
P 78.966 3
P 78.968 4
F 78.967 3 11
P 78.969 5
F 78.971 4 11
P 78.971 6
F 78.971 5 11
P 78.973 7
F 78.973 6 11
P 78.976 8
F 78.979 7 11
F 78.979 8 11
P 78.982 1
F 78.983 1 11
T 79.433 4 331 573 11
T 79.551 4 332 573 11
T 79.551 2 331 573 11
T 79.551 8 331 573 11
T 79.552 6 331 573 11
T 79.552 1 331 573 11
T 79.552 5 331 573 11
T 79.565 4 333 573 11
T 79.565 2 332 573 11
T 79.565 8 332 573 11
T 79.565 6 332 573 11
T 79.565 1 332 573 11
T 79.565 5 332 573 11
T 79.565 7 331 573 11
T 79.565 3 331 573 11
T 79.585 4 334 573 11
T 79.585 2 333 573 11
T 79.585 8 333 573 11
T 79.585 6 333 573 11
T 79.585 1 333 573 11
T 79.585 5 333 573 11
T 79.585 7 332 573 11
T 79.585 3 332 573 11
T 79.605 4 335 573 11
T 79.605 2 334 573 11
T 79.605 8 334 573 11
T 79.605 6 334 573 11
T 79.605 1 334 573 11
T 79.605 5 334 573 11
T 79.606 7 333 573 11
T 79.606 3 333 573 11
T 79.625 4 336 573 11
T 79.625 2 335 573 11
T 79.625 8 335 573 11
T 79.626 6 335 573 11
T 79.626 1 335 573 11
T 79.626 5 335 573 11
T 79.626 7 334 573 11
T 79.626 3 334 573 11
T 79.646 4 337 573 11
T 79.646 2 336 573 11
T 79.646 8 336 573 11
T 79.646 6 336 573 11
T 79.646 1 336 573 11
T 79.646 5 336 573 11
T 79.646 7 335 573 11
T 79.646 3 335 573 11
T 79.666 4 338 573 11
T 79.666 2 337 573 11
T 79.666 8 337 573 11
T 79.666 6 337 573 11
T 79.666 1 337 573 11
T 79.666 5 337 573 11
T 79.666 7 336 573 11
T 79.666 3 336 573 11
T 79.686 4 339 573 11
T 79.686 2 338 573 11
T 79.686 8 338 573 11
T 79.686 6 338 573 11
T 79.686 1 338 573 11
T 79.687 5 338 573 11
T 79.687 7 337 573 11
T 79.687 3 337 573 11
T 79.707 4 340 573 11
T 79.707 2 339 573 11
T 79.707 8 339 573 11
T 79.707 6 339 573 11
T 79.707 1 339 573 11
T 79.707 5 339 573 11
T 79.707 7 338 573 11
T 79.707 3 338 573 11
T 79.727 4 341 573 11
T 79.727 2 340 573 11
T 79.727 8 340 573 11
T 79.727 6 340 573 11
T 79.727 1 340 573 11
T 79.727 5 340 573 11
T 79.727 7 339 573 11
T 79.727 3 339 573 11
T 79.747 4 342 573 11
T 79.747 2 341 573 11
T 79.747 8 341 573 11
T 79.747 6 341 573 11
T 79.747 1 341 573 11
T 79.747 5 341 573 11
T 79.748 7 340 573 11
T 79.748 3 340 573 11
T 79.767 4 343 573 11
T 79.768 2 342 573 11
T 79.768 8 342 573 11
T 79.768 6 342 573 11
T 79.768 1 342 573 11
T 79.768 5 342 573 11
T 79.768 7 341 573 11
T 79.768 3 341 573 11
T 79.788 4 344 573 11
T 79.788 2 343 573 11
T 79.788 8 343 573 11
T 79.788 6 343 573 11
T 79.788 1 343 573 11
T 79.788 5 343 573 11
T 79.788 7 342 573 11
T 79.788 3 342 573 11
T 79.808 4 345 573 11
T 79.808 2 344 573 11
T 79.808 8 344 573 11
T 79.808 6 344 573 11
T 79.808 1 344 573 11
T 79.808 5 344 573 11
T 79.808 7 343 573 11
T 79.808 3 343 573 11
T 79.828 4 346 573 11
T 79.828 2 345 573 11
T 79.828 8 345 573 11
T 79.828 6 345 573 11
T 79.829 1 345 573 11
T 79.829 5 345 573 11
T 79.829 7 344 573 11
T 79.829 3 344 573 11
T 79.849 4 347 573 11
T 79.849 2 346 573 11
T 79.849 8 346 573 11
T 79.849 6 346 573 11
T 79.849 1 346 573 11
T 79.849 5 346 573 11
T 79.849 7 345 573 11
T 79.849 3 345 573 11
T 79.869 4 348 573 11
T 79.869 2 347 573 11
T 79.869 8 347 573 11
T 79.869 6 347 573 11
T 79.869 1 347 573 11
T 79.869 5 347 573 11
T 79.869 7 346 573 11
T 79.869 3 346 573 11
T 79.889 4 349 573 11
T 79.889 2 348 573 11
T 79.889 8 348 573 11
T 79.889 6 348 573 11
T 79.889 1 348 573 11
T 79.890 5 348 573 11
T 79.890 7 347 573 11
T 79.890 3 347 573 11
T 79.910 4 350 573 11
T 79.910 2 349 573 11
T 79.910 8 349 573 11
T 79.910 6 349 573 11
T 79.910 1 349 573 11
T 79.910 5 349 573 11
T 79.910 7 348 573 11
T 79.910 3 348 573 11
T 79.930 4 351 573 11
T 79.930 2 350 573 11
T 79.930 8 350 573 11
T 79.930 6 350 573 11
T 79.930 1 350 573 11
T 79.930 5 350 573 11
T 79.930 7 349 573 11
T 79.930 3 349 573 11
T 79.950 4 352 573 11
T 79.950 2 351 573 11
T 79.950 8 351 573 11
T 79.950 6 351 573 11
T 79.950 1 351 573 11
T 79.950 5 351 573 11
T 79.950 7 350 573 11
T 79.951 3 350 573 11
T 79.970 4 353 573 11
T 79.970 2 352 573 11
T 79.971 8 352 573 11
T 79.971 6 352 573 11
T 79.971 1 352 573 11
T 79.971 5 352 573 11
T 79.971 7 351 573 11
T 79.971 3 351 573 11
T 79.991 4 354 573 11
T 79.991 2 353 573 11
T 79.991 8 353 573 11
T 79.991 6 353 573 11
T 79.991 1 353 573 11
T 79.991 5 353 573 11
T 79.991 7 352 573 11
T 79.991 3 352 573 11
T 80.011 4 355 573 11
T 80.011 2 354 573 11
T 80.011 8 354 573 11
T 80.011 6 354 573 11
T 80.011 1 354 573 11
T 80.011 5 354 573 11
T 80.011 7 353 573 11
T 80.011 3 353 573 11
T 80.031 4 356 573 11
T 80.031 2 355 573 11
T 80.031 8 355 573 11
T 80.031 6 355 573 11
T 80.032 1 355 573 11
T 80.032 5 355 573 11
T 80.032 7 354 573 11
T 80.032 3 354 573 11
T 80.052 4 357 573 11
T 80.052 2 356 573 11
T 80.052 8 356 573 11
T 80.052 6 356 573 11
T 80.052 1 356 573 11
T 80.052 5 356 573 11
T 80.052 7 355 573 11
T 80.052 3 355 573 11
T 80.072 4 358 573 11
T 80.072 2 357 573 11
T 80.072 8 357 573 11
T 80.072 6 357 573 11
T 80.072 1 357 573 11
T 80.072 5 357 573 11
T 80.072 7 356 573 11
T 80.072 3 356 573 11
T 80.092 4 359 573 11
T 80.092 2 358 573 11
T 80.092 8 358 573 11
T 80.092 6 358 573 11
T 80.092 1 358 573 11
T 80.092 5 358 573 11
T 80.093 7 357 573 11
T 80.093 3 357 573 11
T 80.112 4 360 573 11
T 80.113 2 359 573 11
T 80.113 8 359 573 11
T 80.113 6 359 573 11
T 80.113 1 359 573 11
T 80.113 5 359 573 11
T 80.113 7 358 573 11
T 80.113 3 358 573 11
T 80.133 4 361 573 11
T 80.133 2 360 573 11
T 80.133 8 360 573 11
T 80.133 6 360 573 11
T 80.133 1 360 573 11
T 80.133 5 360 573 11
T 80.133 7 359 573 11
T 80.133 3 359 573 11
T 80.153 4 362 573 11
T 80.153 2 361 573 11
T 80.153 8 361 573 11
T 80.153 6 361 573 11
T 80.153 1 361 573 11
T 80.153 5 361 573 11
T 80.153 7 360 573 11
T 80.154 3 360 573 11
T 80.173 4 363 573 11
T 80.174 2 362 573 11
T 80.174 8 362 573 11
T 80.174 6 362 573 11
T 80.174 1 362 573 11
T 80.174 5 362 573 11
T 80.174 7 361 573 11
T 80.174 3 361 573 11
T 80.194 2 363 573 11
T 80.194 8 363 573 11
T 80.194 6 363 573 11
T 80.194 1 363 573 11
T 80.194 5 363 573 11
T 80.194 7 362 573 11
T 80.194 3 362 573 11
T 80.213 7 363 573 11
T 80.213 3 363 573 11
P 80.964 3
P 80.965 4
P 80.965 5
P 80.965 6
P 80.965 7
P 80.965 8
P 80.965 1
F 80.965 3 12
P 80.965 2
F 80.966 4 12
F 80.968 5 12
F 80.968 6 12
F 80.969 7 12
F 80.970 8 12
F 80.970 1 12
F 80.970 2 12
T 81.446 3 364 626 12
T 81.565 3 365 626 12
T 81.565 4 364 626 12
T 81.565 8 364 626 12
T 81.565 6 364 626 12
T 81.565 5 364 626 12
T 81.565 7 364 626 12
T 81.579 3 366 626 12
T 81.579 4 365 626 12
T 81.579 8 365 626 12
T 81.579 6 365 626 12
T 81.579 5 365 626 12
T 81.579 7 365 626 12
T 81.579 2 364 626 12
T 81.579 1 364 626 12
T 81.599 3 367 626 12
T 81.599 4 366 626 12
T 81.599 8 366 626 12
T 81.599 6 366 626 12
T 81.599 5 366 626 12
T 81.599 7 366 626 12
T 81.599 2 365 626 12
T 81.599 1 365 626 12
T 81.619 3 368 626 12
T 81.619 4 367 626 12
T 81.619 8 367 626 12
T 81.619 6 367 626 12
T 81.619 5 367 626 12
T 81.619 7 367 626 12
T 81.620 2 366 626 12
T 81.620 1 366 626 12
T 81.639 3 369 626 12
T 81.640 4 368 626 12
T 81.640 8 368 626 12
T 81.640 6 368 626 12
T 81.640 5 368 626 12
T 81.640 7 368 626 12
T 81.640 2 367 626 12
T 81.640 1 367 626 12
T 81.660 3 370 626 12
T 81.660 4 369 626 12
T 81.660 8 369 626 12
T 81.660 6 369 626 12
T 81.660 5 369 626 12
T 81.660 7 369 626 12
T 81.660 2 368 626 12
T 81.660 1 368 626 12
T 81.680 3 371 626 12
T 81.680 4 370 626 12
T 81.680 8 370 626 12
T 81.680 6 370 626 12
T 81.680 5 370 626 12
T 81.680 7 370 626 12
T 81.680 2 369 626 12
T 81.680 1 369 626 12
T 81.700 3 372 626 12
T 81.700 4 371 626 12
T 81.701 8 371 626 12
T 81.701 6 371 626 12
T 81.701 5 371 626 12
T 81.701 7 371 626 12
T 81.701 2 370 626 12
T 81.701 1 370 626 12
T 81.721 3 373 626 12
T 81.721 4 372 626 12
T 81.721 8 372 626 12
T 81.721 6 372 626 12
T 81.721 5 372 626 12
T 81.721 7 372 626 12
T 81.721 2 371 626 12
T 81.721 1 371 626 12
T 81.741 3 374 626 12
T 81.741 4 373 626 12
T 81.741 8 373 626 12
T 81.741 6 373 626 12
T 81.741 5 373 626 12
T 81.741 7 373 626 12
T 81.741 2 372 626 12
T 81.742 1 372 626 12
T 81.761 3 375 626 12
T 81.762 4 374 626 12
T 81.762 8 374 626 12
T 81.762 6 374 626 12
T 81.762 5 374 626 12
T 81.762 7 374 626 12
T 81.762 2 373 626 12
T 81.762 1 373 626 12
T 81.782 3 376 626 12
T 81.782 4 375 626 12
T 81.782 8 375 626 12
T 81.782 6 375 626 12
T 81.782 5 375 626 12
T 81.782 7 375 626 12
T 81.782 2 374 626 12
T 81.782 1 374 626 12
T 81.802 3 377 626 12
T 81.802 4 376 626 12
T 81.802 8 376 626 12
T 81.802 6 376 626 12
T 81.802 5 376 626 12
T 81.802 7 376 626 12
T 81.802 2 375 626 12
T 81.803 1 375 626 12
T 81.822 3 378 626 12
T 81.823 4 377 626 12
T 81.823 8 377 626 12
T 81.823 6 377 626 12
T 81.823 5 377 626 12
T 81.823 7 377 626 12
T 81.823 2 376 626 12
T 81.823 1 376 626 12
T 81.843 3 379 626 12
T 81.843 4 378 626 12
T 81.843 8 378 626 12
T 81.843 6 378 626 12
T 81.843 5 378 626 12
T 81.843 7 378 626 12
T 81.843 2 377 626 12
T 81.843 1 377 626 12
T 81.863 3 380 626 12
T 81.863 4 379 626 12
T 81.863 8 379 626 12
T 81.863 6 379 626 12
T 81.863 5 379 626 12
T 81.863 7 379 626 12
T 81.863 2 378 626 12
T 81.863 1 378 626 12
T 81.883 3 381 626 12
T 81.883 4 380 626 12
T 81.883 8 380 626 12
T 81.884 6 380 626 12
T 81.884 5 380 626 12
T 81.884 7 380 626 12
T 81.884 2 379 626 12
T 81.884 1 379 626 12
T 81.904 3 382 626 12
T 81.904 4 381 626 12
T 81.904 8 381 626 12
T 81.904 6 381 626 12
T 81.904 5 381 626 12
T 81.904 7 381 626 12
T 81.904 2 380 626 12
T 81.904 1 380 626 12
T 81.924 3 383 626 12
T 81.924 4 382 626 12
T 81.924 8 382 626 12
T 81.924 6 382 626 12
T 81.924 5 382 626 12
T 81.924 7 382 626 12
T 81.924 2 381 626 12
T 81.924 1 381 626 12
T 81.944 3 384 626 12
T 81.944 4 383 626 12
T 81.944 8 383 626 12
T 81.945 6 383 626 12
T 81.945 5 383 626 12
T 81.945 7 383 626 12
T 81.945 2 382 626 12
T 81.945 1 382 626 12
T 81.965 3 385 626 12
T 81.965 4 384 626 12
T 81.965 8 384 626 12
T 81.965 6 384 626 12
T 81.965 5 384 626 12
T 81.965 7 384 626 12
T 81.965 2 383 626 12
T 81.965 1 383 626 12
T 81.985 3 386 626 12
T 81.985 4 385 626 12
T 81.985 8 385 626 12
T 81.985 6 385 626 12
T 81.985 5 385 626 12
T 81.985 7 385 626 12
T 81.985 2 384 626 12
T 81.985 1 384 626 12
T 82.005 3 387 626 12
T 82.005 4 386 626 12
T 82.005 8 386 626 12
T 82.006 6 386 626 12
T 82.006 5 386 626 12
T 82.006 7 386 626 12
T 82.006 2 385 626 12
T 82.006 1 385 626 12
T 82.026 3 388 626 12
T 82.026 4 387 626 12
T 82.026 8 387 626 12
T 82.026 6 387 626 12
T 82.026 5 387 626 12
T 82.026 7 387 626 12
T 82.026 2 386 626 12
T 82.026 1 386 626 12
T 82.046 3 389 626 12
T 82.046 4 388 626 12
T 82.046 8 388 626 12
T 82.046 6 388 626 12
T 82.046 5 388 626 12
T 82.046 7 388 626 12
T 82.046 2 387 626 12
T 82.046 1 387 626 12
T 82.066 3 390 626 12
T 82.067 4 389 626 12
T 82.067 8 389 626 12
T 82.067 6 389 626 12
T 82.067 5 389 626 12
T 82.067 7 389 626 12
T 82.067 2 388 626 12
T 82.067 1 388 626 12
T 82.087 3 391 626 12
T 82.087 4 390 626 12
T 82.087 8 390 626 12
T 82.087 6 390 626 12
T 82.087 5 390 626 12
T 82.087 7 390 626 12
T 82.087 2 389 626 12
T 82.087 1 389 626 12
T 82.107 3 392 626 12
T 82.107 4 391 626 12
T 82.107 8 391 626 12
T 82.107 6 391 626 12
T 82.107 5 391 626 12
T 82.107 7 391 626 12
T 82.107 2 390 626 12
T 82.107 1 390 626 12
T 82.127 3 393 626 12
T 82.127 4 392 626 12
T 82.128 8 392 626 12
T 82.128 6 392 626 12
T 82.128 5 392 626 12
T 82.128 7 392 626 12
T 82.128 2 391 626 12
T 82.128 1 391 626 12
T 82.148 3 394 626 12
T 82.148 4 393 626 12
T 82.148 8 393 626 12
T 82.148 6 393 626 12
T 82.148 5 393 626 12
T 82.148 7 393 626 12
T 82.148 2 392 626 12
T 82.148 1 392 626 12
T 82.168 3 395 626 12
T 82.168 4 394 626 12
T 82.168 8 394 626 12
T 82.168 6 394 626 12
T 82.168 5 394 626 12
T 82.168 7 394 626 12
T 82.169 2 393 626 12
T 82.169 1 393 626 12
T 82.188 3 396 626 12
T 82.188 4 395 626 12
T 82.189 8 395 626 12
T 82.189 6 395 626 12
T 82.189 5 395 626 12
T 82.189 7 395 626 12
T 82.189 2 394 626 12
T 82.189 1 394 626 12
T 82.209 4 396 626 12
T 82.209 8 396 626 12
T 82.209 6 396 626 12
T 82.209 5 396 626 12
T 82.209 7 396 626 12
T 82.209 2 395 626 12
T 82.209 1 395 626 12
T 82.228 2 396 626 12
T 82.228 1 396 626 12
P 82.965 1
P 82.965 2
F 82.966 1 13
P 82.966 3
F 82.966 2 13
P 82.966 4
F 82.968 3 13
P 82.971 5
F 82.971 4 13
P 82.973 6
P 82.974 7
P 82.974 8
F 82.975 5 13
F 82.976 6 13
F 82.976 7 13
F 82.978 8 13
T 83.499 1 397 679 13
T 83.581 1 398 679 13
T 83.582 3 397 679 13
T 83.582 4 397 679 13
T 83.582 8 397 679 13
T 83.582 6 397 679 13
T 83.582 5 397 679 13
T 83.582 7 397 679 13
T 83.582 2 397 679 13
T 83.601 1 399 679 13
T 83.601 3 398 679 13
T 83.601 4 398 679 13
T 83.601 8 398 679 13
T 83.602 6 398 679 13
T 83.602 5 398 679 13
T 83.602 7 398 679 13
T 83.602 2 398 679 13
T 83.621 1 400 679 13
T 83.621 3 399 679 13
T 83.621 4 399 679 13
T 83.621 8 399 679 13
T 83.622 6 399 679 13
T 83.622 5 399 679 13
T 83.622 7 399 679 13
T 83.622 2 399 679 13
T 83.641 1 401 679 13
T 83.642 3 400 679 13
T 83.642 4 400 679 13
T 83.642 8 400 679 13
T 83.642 6 400 679 13
T 83.642 5 400 679 13
T 83.642 7 400 679 13
T 83.642 2 400 679 13
T 83.662 1 402 679 13
T 83.662 3 401 679 13
T 83.662 4 401 679 13
T 83.662 8 401 679 13
T 83.662 6 401 679 13
T 83.662 5 401 679 13
T 83.662 7 401 679 13
T 83.662 2 401 679 13
T 83.682 1 403 679 13
T 83.682 3 402 679 13
T 83.682 4 402 679 13
T 83.682 8 402 679 13
T 83.682 6 402 679 13
T 83.682 5 402 679 13
T 83.683 7 402 679 13
T 83.683 2 402 679 13
T 83.703 1 404 679 13
T 83.703 3 403 679 13
T 83.703 4 403 679 13
T 83.703 8 403 679 13
T 83.703 6 403 679 13
T 83.703 5 403 679 13
T 83.703 7 403 679 13
T 83.703 2 403 679 13
T 83.723 1 405 679 13
T 83.723 3 404 679 13
T 83.723 4 404 679 13
T 83.723 8 404 679 13
T 83.723 6 404 679 13
T 83.723 5 404 679 13
T 83.723 7 404 679 13
T 83.723 2 404 679 13
T 83.743 1 406 679 13
T 83.743 3 405 679 13
T 83.744 4 405 679 13
T 83.744 8 405 679 13
T 83.744 6 405 679 13
T 83.744 5 405 679 13
T 83.744 7 405 679 13
T 83.744 2 405 679 13
T 83.764 1 407 679 13
T 83.764 3 406 679 13
T 83.764 4 406 679 13
T 83.764 8 406 679 13
T 83.764 6 406 679 13
T 83.764 5 406 679 13
T 83.764 7 406 679 13
T 83.764 2 406 679 13
T 83.784 1 408 679 13
T 83.784 3 407 679 13
T 83.784 4 407 679 13
T 83.784 8 407 679 13
T 83.784 6 407 679 13
T 83.784 5 407 679 13
T 83.784 7 407 679 13
T 83.784 2 407 679 13
T 83.804 1 409 679 13
T 83.805 3 408 679 13
T 83.805 4 408 679 13
T 83.805 8 408 679 13
T 83.805 6 408 679 13
T 83.805 5 408 679 13
T 83.805 7 408 679 13
T 83.805 2 408 679 13
T 83.825 1 410 679 13
T 83.825 3 409 679 13
T 83.825 4 409 679 13
T 83.825 8 409 679 13
T 83.825 6 409 679 13
T 83.825 5 409 679 13
T 83.825 7 409 679 13
T 83.825 2 409 679 13
T 83.845 1 411 679 13
T 83.845 3 410 679 13
T 83.845 4 410 679 13
T 83.845 8 410 679 13
T 83.845 6 410 679 13
T 83.845 5 410 679 13
T 83.845 7 410 679 13
T 83.846 2 410 679 13
T 83.866 1 412 679 13
T 83.866 3 411 679 13
T 83.866 4 411 679 13
T 83.866 8 411 679 13
T 83.866 6 411 679 13
T 83.866 5 411 679 13
T 83.866 7 411 679 13
T 83.866 2 411 679 13
T 83.886 1 413 679 13
T 83.886 3 412 679 13
T 83.886 4 412 679 13
T 83.886 8 412 679 13
T 83.886 6 412 679 13
T 83.886 5 412 679 13
T 83.886 7 412 679 13
T 83.886 2 412 679 13
T 83.906 1 414 679 13
T 83.906 3 413 679 13
T 83.906 4 413 679 13
T 83.906 8 413 679 13
T 83.907 6 413 679 13
T 83.907 5 413 679 13
T 83.907 7 413 679 13
T 83.907 2 413 679 13
T 83.927 1 415 679 13
T 83.927 3 414 679 13
T 83.927 4 414 679 13
T 83.927 8 414 679 13
T 83.927 6 414 679 13
T 83.927 5 414 679 13
T 83.927 7 414 679 13
T 83.927 2 414 679 13
T 83.947 1 416 679 13
T 83.947 3 415 679 13
T 83.947 4 415 679 13
T 83.947 8 415 679 13
T 83.947 6 415 679 13
T 83.947 5 415 679 13
T 83.947 7 415 679 13
T 83.947 2 415 679 13
T 83.967 1 417 679 13
T 83.967 3 416 679 13
T 83.968 4 416 679 13
T 83.968 8 416 679 13
T 83.968 6 416 679 13
T 83.968 5 416 679 13
T 83.968 7 416 679 13
T 83.968 2 416 679 13
T 83.988 1 418 679 13
T 83.988 3 417 679 13
T 83.988 4 417 679 13
T 83.988 8 417 679 13
T 83.988 6 417 679 13
T 83.988 5 417 679 13
T 83.988 7 417 679 13
T 83.988 2 417 679 13
T 84.008 1 419 679 13
T 84.008 3 418 679 13
T 84.008 4 418 679 13
T 84.008 8 418 679 13
T 84.008 6 418 679 13
T 84.008 5 418 679 13
T 84.009 7 418 679 13
T 84.009 2 418 679 13
T 84.029 1 420 679 13
T 84.029 3 419 679 13
T 84.029 4 419 679 13
T 84.029 8 419 679 13
T 84.029 6 419 679 13
T 84.029 5 419 679 13
T 84.029 7 419 679 13
T 84.029 2 419 679 13
T 84.049 1 421 679 13
T 84.049 3 420 679 13
T 84.049 4 420 679 13
T 84.049 8 420 679 13
T 84.049 6 420 679 13
T 84.049 5 420 679 13
T 84.049 7 420 679 13
T 84.049 2 420 679 13
T 84.070 1 422 679 13
T 84.070 3 421 679 13
T 84.070 4 421 679 13
T 84.070 8 421 679 13
T 84.070 6 421 679 13
T 84.070 5 421 679 13
T 84.070 7 421 679 13
T 84.070 2 421 679 13
T 84.090 1 423 679 13
T 84.090 3 422 679 13
T 84.090 4 422 679 13
T 84.090 8 422 679 13
T 84.090 6 422 679 13
T 84.090 5 422 679 13
T 84.090 7 422 679 13
T 84.090 2 422 679 13
T 84.110 1 424 679 13
T 84.110 3 423 679 13
T 84.110 4 423 679 13
T 84.110 8 423 679 13
T 84.110 6 423 679 13
T 84.110 5 423 679 13
T 84.110 7 423 679 13
T 84.111 2 423 679 13
T 84.130 1 425 679 13
T 84.131 3 424 679 13
T 84.131 4 424 679 13
T 84.131 8 424 679 13
T 84.131 6 424 679 13
T 84.131 5 424 679 13
T 84.131 7 424 679 13
T 84.131 2 424 679 13
T 84.151 1 426 679 13
T 84.151 3 425 679 13
T 84.151 4 425 679 13
T 84.151 8 425 679 13
T 84.151 6 425 679 13
T 84.151 5 425 679 13
T 84.151 7 425 679 13
T 84.151 2 425 679 13
T 84.171 1 427 679 13
T 84.171 3 426 679 13
T 84.172 4 426 679 13
T 84.172 8 426 679 13
T 84.172 6 426 679 13
T 84.172 5 426 679 13
T 84.172 7 426 679 13
T 84.172 2 426 679 13
T 84.192 1 428 679 13
T 84.192 3 427 679 13
T 84.192 4 427 679 13
T 84.192 8 427 679 13
T 84.192 6 427 679 13
T 84.192 5 427 679 13
T 84.192 7 427 679 13
T 84.192 2 427 679 13
T 84.212 1 429 679 13
T 84.212 3 428 679 13
T 84.212 4 428 679 13
T 84.212 8 428 679 13
T 84.212 6 428 679 13
T 84.212 5 428 679 13
T 84.212 7 428 679 13
T 84.212 2 428 679 13
T 84.232 3 429 679 13
T 84.232 4 429 679 13
T 84.233 8 429 679 13
T 84.233 6 429 679 13
T 84.233 5 429 679 13
T 84.233 7 429 679 13
T 84.233 2 429 679 13
P 84.967 5
F 84.968 5 14
P 84.968 6
P 84.970 7
F 84.968 6 14
P 84.970 8
F 84.972 7 14
P 84.972 1
F 84.973 8 14
P 84.974 2
F 84.976 1 14
P 84.976 3
F 84.977 2 14
P 84.978 4
F 84.993 3 14
F 84.994 4 14
T 85.509 1 430 732 14
T 85.585 1 431 732 14
T 85.585 3 430 732 14
T 85.585 4 430 732 14
T 85.585 8 430 732 14
T 85.585 6 430 732 14
T 85.585 5 430 732 14
T 85.585 7 430 732 14
T 85.585 2 430 732 14
T 85.605 1 432 732 14
T 85.605 3 431 732 14
T 85.605 4 431 732 14
T 85.605 8 431 732 14
T 85.605 6 431 732 14
T 85.605 5 431 732 14
T 85.605 7 431 732 14
T 85.605 2 431 732 14
T 85.625 1 433 732 14
T 85.625 3 432 732 14
T 85.625 4 432 732 14
T 85.625 8 432 732 14
T 85.625 6 432 732 14
T 85.625 5 432 732 14
T 85.625 7 432 732 14
T 85.625 2 432 732 14
T 85.645 1 434 732 14
T 85.645 3 433 732 14
T 85.646 4 433 732 14
T 85.646 8 433 732 14
T 85.646 6 433 732 14
T 85.646 5 433 732 14
T 85.646 7 433 732 14
T 85.646 2 433 732 14
T 85.666 1 435 732 14
T 85.666 3 434 732 14
T 85.666 4 434 732 14
T 85.666 8 434 732 14
T 85.666 6 434 732 14
T 85.666 5 434 732 14
T 85.666 7 434 732 14
T 85.666 2 434 732 14
T 85.686 1 436 732 14
T 85.686 3 435 732 14
T 85.686 4 435 732 14
T 85.686 8 435 732 14
T 85.686 6 435 732 14
T 85.686 5 435 732 14
T 85.686 7 435 732 14
T 85.686 2 435 732 14
T 85.706 1 437 732 14
T 85.706 3 436 732 14
T 85.706 4 436 732 14
T 85.706 8 436 732 14
T 85.706 6 436 732 14
T 85.706 5 436 732 14
T 85.706 7 436 732 14
T 85.706 2 436 732 14
T 85.726 1 438 732 14
T 85.726 3 437 732 14
T 85.726 4 437 732 14
T 85.726 8 437 732 14
T 85.726 6 437 732 14
T 85.727 5 437 732 14
T 85.727 7 437 732 14
T 85.727 2 437 732 14
T 85.746 1 439 732 14
T 85.746 3 438 732 14
T 85.747 4 438 732 14
T 85.747 8 438 732 14
T 85.747 6 438 732 14
T 85.747 5 438 732 14
T 85.747 7 438 732 14
T 85.747 2 438 732 14
T 85.767 1 440 732 14
T 85.767 3 439 732 14
T 85.767 4 439 732 14
T 85.767 8 439 732 14
T 85.767 6 439 732 14
T 85.767 5 439 732 14
T 85.767 7 439 732 14
T 85.767 2 439 732 14
T 85.787 1 441 732 14
T 85.787 3 440 732 14
T 85.787 4 440 732 14
T 85.787 8 440 732 14
T 85.787 6 440 732 14
T 85.787 5 440 732 14
T 85.787 7 440 732 14
T 85.787 2 440 732 14
T 85.807 1 442 732 14
T 85.807 3 441 732 14
T 85.807 4 441 732 14
T 85.807 8 441 732 14
T 85.808 6 441 732 14
T 85.808 5 441 732 14
T 85.808 7 441 732 14
T 85.808 2 441 732 14
T 85.828 1 443 732 14
T 85.828 3 442 732 14
T 85.828 4 442 732 14
T 85.828 8 442 732 14
T 85.828 6 442 732 14
T 85.828 5 442 732 14
T 85.828 7 442 732 14
T 85.828 2 442 732 14
T 85.848 1 444 732 14
T 85.848 3 443 732 14
T 85.848 4 443 732 14
T 85.848 8 443 732 14
T 85.848 6 443 732 14
T 85.848 5 443 732 14
T 85.848 7 443 732 14
T 85.848 2 443 732 14
T 85.868 1 445 732 14
T 85.868 3 444 732 14
T 85.868 4 444 732 14
T 85.868 8 444 732 14
T 85.868 6 444 732 14
T 85.868 5 444 732 14
T 85.868 7 444 732 14
T 85.869 2 444 732 14
T 85.888 1 446 732 14
T 85.889 3 445 732 14
T 85.889 4 445 732 14
T 85.889 8 445 732 14
T 85.889 6 445 732 14
T 85.889 5 445 732 14
T 85.889 7 445 732 14
T 85.889 2 445 732 14
T 85.909 1 447 732 14
T 85.909 3 446 732 14
T 85.909 4 446 732 14
T 85.909 8 446 732 14
T 85.909 6 446 732 14
T 85.909 5 446 732 14
T 85.909 7 446 732 14
T 85.909 2 446 732 14
T 85.929 1 448 732 14
T 85.929 3 447 732 14
T 85.929 4 447 732 14
T 85.929 8 447 732 14
T 85.929 6 447 732 14
T 85.929 5 447 732 14
T 85.929 7 447 732 14
T 85.929 2 447 732 14
T 85.949 1 449 732 14
T 85.949 3 448 732 14
T 85.950 4 448 732 14
T 85.950 8 448 732 14
T 85.950 6 448 732 14
T 85.950 5 448 732 14
T 85.950 7 448 732 14
T 85.950 2 448 732 14
T 85.970 1 450 732 14
T 85.970 3 449 732 14
T 85.970 4 449 732 14
T 85.970 8 449 732 14
T 85.970 6 449 732 14
T 85.970 5 449 732 14
T 85.970 7 449 732 14
T 85.970 2 449 732 14
T 85.990 1 451 732 14
T 85.990 3 450 732 14
T 85.990 4 450 732 14
T 85.990 8 450 732 14
T 85.990 6 450 732 14
T 85.990 5 450 732 14
T 85.990 7 450 732 14
T 85.990 2 450 732 14
T 86.010 1 452 732 14
T 86.010 3 451 732 14
T 86.010 4 451 732 14
T 86.010 8 451 732 14
T 86.010 6 451 732 14
T 86.011 5 451 732 14
T 86.011 7 451 732 14
T 86.011 2 451 732 14
T 86.031 1 453 732 14
T 86.031 3 452 732 14
T 86.031 4 452 732 14
T 86.031 8 452 732 14
T 86.031 6 452 732 14
T 86.031 5 452 732 14
T 86.031 7 452 732 14
T 86.031 2 452 732 14
T 86.051 1 454 732 14
T 86.051 3 453 732 14
T 86.051 4 453 732 14
T 86.051 8 453 732 14
T 86.051 6 453 732 14
T 86.051 5 453 732 14
T 86.051 7 453 732 14
T 86.051 2 453 732 14
T 86.071 1 455 732 14
T 86.071 3 454 732 14
T 86.071 4 454 732 14
T 86.071 8 454 732 14
T 86.071 6 454 732 14
T 86.071 5 454 732 14
T 86.072 7 454 732 14
T 86.072 2 454 732 14
T 86.091 1 456 732 14
T 86.092 3 455 732 14
T 86.092 4 455 732 14
T 86.092 8 455 732 14
T 86.092 6 455 732 14
T 86.092 5 455 732 14
T 86.092 7 455 732 14
T 86.092 2 455 732 14
T 86.112 1 457 732 14
T 86.112 3 456 732 14
T 86.112 4 456 732 14
T 86.112 8 456 732 14
T 86.112 6 456 732 14
T 86.112 5 456 732 14
T 86.112 7 456 732 14
T 86.112 2 456 732 14
T 86.132 1 458 732 14
T 86.132 3 457 732 14
T 86.132 4 457 732 14
T 86.132 8 457 732 14
T 86.132 6 457 732 14
T 86.132 5 457 732 14
T 86.133 7 457 732 14
T 86.133 2 457 732 14
T 86.152 1 459 732 14
T 86.153 3 458 732 14
T 86.153 4 458 732 14
T 86.153 8 458 732 14
T 86.153 6 458 732 14
T 86.153 5 458 732 14
T 86.153 7 458 732 14
T 86.153 2 458 732 14
T 86.173 1 460 732 14
T 86.173 3 459 732 14
T 86.173 4 459 732 14
T 86.173 8 459 732 14
T 86.173 6 459 732 14
T 86.173 5 459 732 14
T 86.173 7 459 732 14
T 86.173 2 459 732 14
T 86.193 1 461 732 14
T 86.193 3 460 732 14
T 86.193 4 460 732 14
T 86.193 8 460 732 14
T 86.193 6 460 732 14
T 86.193 5 460 732 14
T 86.193 7 460 732 14
T 86.194 2 460 732 14
T 86.213 1 462 732 14
T 86.213 3 461 732 14
T 86.214 4 461 732 14
T 86.214 8 461 732 14
T 86.214 6 461 732 14
T 86.214 5 461 732 14
T 86.214 7 461 732 14
T 86.214 2 461 732 14
T 86.234 3 462 732 14
T 86.234 4 462 732 14
T 86.234 8 462 732 14
T 86.234 6 462 732 14
T 86.234 5 462 732 14
T 86.234 7 462 732 14
T 86.234 2 462 732 14
P 86.964 8
F 86.965 8 15
P 86.965 1
F 86.967 1 15
P 86.967 2
P 86.970 3
F 86.970 2 15
P 86.970 4
F 86.970 3 15
P 86.972 5
F 86.974 4 15
P 86.975 6
F 86.975 5 15
P 86.977 7
F 86.983 6 15
F 86.983 7 15
T 87.464 8 463 785 15
T 87.534 8 464 785 15
T 87.534 5 463 785 15
T 87.534 2 463 785 15
T 87.608 8 465 785 15
T 87.608 5 464 785 15
T 87.608 2 464 785 15
T 87.608 1 463 785 15
T 87.608 3 463 785 15
T 87.608 4 463 785 15
T 87.608 6 463 785 15
T 87.609 7 463 785 15
T 87.628 8 466 785 15
T 87.628 5 465 785 15
T 87.628 2 465 785 15
T 87.628 1 464 785 15
T 87.628 3 464 785 15
T 87.628 4 464 785 15
T 87.628 6 464 785 15
T 87.628 7 464 785 15
T 87.648 8 467 785 15
T 87.648 5 466 785 15
T 87.648 2 466 785 15
T 87.648 1 465 785 15
T 87.648 3 465 785 15
T 87.648 4 465 785 15
T 87.648 6 465 785 15
T 87.648 7 465 785 15
T 87.668 8 468 785 15
T 87.668 5 467 785 15
T 87.668 2 467 785 15
T 87.668 1 466 785 15
T 87.669 3 466 785 15
T 87.669 4 466 785 15
T 87.669 6 466 785 15
T 87.669 7 466 785 15
T 87.689 8 469 785 15
T 87.689 5 468 785 15
T 87.689 2 468 785 15
T 87.689 1 467 785 15
T 87.689 3 467 785 15
T 87.689 4 467 785 15
T 87.689 6 467 785 15
T 87.689 7 467 785 15
T 87.709 8 470 785 15
T 87.709 5 469 785 15
T 87.709 2 469 785 15
T 87.709 1 468 785 15
T 87.709 3 468 785 15
T 87.709 4 468 785 15
T 87.709 6 468 785 15
T 87.709 7 468 785 15
T 87.729 8 471 785 15
T 87.729 5 470 785 15
T 87.729 2 470 785 15
T 87.730 1 469 785 15
T 87.730 3 469 785 15
T 87.730 4 469 785 15
T 87.730 6 469 785 15
T 87.730 7 469 785 15
T 87.750 8 472 785 15
T 87.750 5 471 785 15
T 87.750 2 471 785 15
T 87.750 1 470 785 15
T 87.750 3 470 785 15
T 87.750 4 470 785 15
T 87.750 6 470 785 15
T 87.750 7 470 785 15
T 87.770 8 473 785 15
T 87.770 5 472 785 15
T 87.770 2 472 785 15
T 87.770 1 471 785 15
T 87.770 3 471 785 15
T 87.770 4 471 785 15
T 87.770 6 471 785 15
T 87.770 7 471 785 15
T 87.790 8 474 785 15
T 87.790 5 473 785 15
T 87.790 2 473 785 15
T 87.790 1 472 785 15
T 87.791 3 472 785 15
T 87.791 4 472 785 15
T 87.791 6 472 785 15
T 87.791 7 472 785 15
T 87.811 8 475 785 15
T 87.811 5 474 785 15
T 87.811 2 474 785 15
T 87.811 1 473 785 15
T 87.811 3 473 785 15
T 87.811 4 473 785 15
T 87.811 6 473 785 15
T 87.811 7 473 785 15
T 87.831 8 476 785 15
T 87.831 5 475 785 15
T 87.831 2 475 785 15
T 87.831 1 474 785 15
T 87.831 3 474 785 15
T 87.832 4 474 785 15
T 87.832 6 474 785 15
T 87.832 7 474 785 15
T 87.852 8 477 785 15
T 87.852 5 476 785 15
T 87.852 2 476 785 15
T 87.852 1 475 785 15
T 87.852 3 475 785 15
T 87.852 4 475 785 15
T 87.852 6 475 785 15
T 87.852 7 475 785 15
T 87.872 8 478 785 15
T 87.872 5 477 785 15
T 87.872 2 477 785 15
T 87.872 1 476 785 15
T 87.872 3 476 785 15
T 87.872 4 476 785 15
T 87.872 6 476 785 15
T 87.872 7 476 785 15
T 87.892 8 479 785 15
T 87.893 5 478 785 15
T 87.893 2 478 785 15
T 87.893 1 477 785 15
T 87.893 3 477 785 15
T 87.893 4 477 785 15
T 87.893 6 477 785 15
T 87.893 7 477 785 15
T 87.913 8 480 785 15
T 87.913 5 479 785 15
T 87.913 2 479 785 15
T 87.913 1 478 785 15
T 87.913 3 478 785 15
T 87.913 4 478 785 15
T 87.913 6 478 785 15
T 87.913 7 478 785 15
T 87.933 8 481 785 15
T 87.933 5 480 785 15
T 87.933 2 480 785 15
T 87.933 1 479 785 15
T 87.934 3 479 785 15
T 87.934 4 479 785 15
T 87.934 6 479 785 15
T 87.934 7 479 785 15
T 87.954 8 482 785 15
T 87.954 5 481 785 15
T 87.954 2 481 785 15
T 87.954 1 480 785 15
T 87.954 3 480 785 15
T 87.954 4 480 785 15
T 87.954 6 480 785 15
T 87.954 7 480 785 15
T 87.974 8 483 785 15
T 87.974 5 482 785 15
T 87.974 2 482 785 15
T 87.974 1 481 785 15
T 87.974 3 481 785 15
T 87.974 4 481 785 15
T 87.974 6 481 785 15
T 87.975 7 481 785 15
T 87.995 8 484 785 15
T 87.995 5 483 785 15
T 87.995 2 483 785 15
T 87.995 1 482 785 15
T 87.995 3 482 785 15
T 87.995 4 482 785 15
T 87.995 6 482 785 15
T 87.995 7 482 785 15
T 88.015 8 485 785 15
T 88.016 5 484 785 15
T 88.016 2 484 785 15
T 88.016 1 483 785 15
T 88.016 3 483 785 15
T 88.016 4 483 785 15
T 88.016 6 483 785 15
T 88.016 7 483 785 15
T 88.035 8 486 785 15
T 88.035 5 485 785 15
T 88.035 2 485 785 15
T 88.036 1 484 785 15
T 88.036 3 484 785 15
T 88.036 4 484 785 15
T 88.036 6 484 785 15
T 88.036 7 484 785 15
T 88.056 8 487 785 15
T 88.056 5 486 785 15
T 88.056 2 486 785 15
T 88.056 1 485 785 15
T 88.056 3 485 785 15
T 88.056 4 485 785 15
T 88.056 6 485 785 15
T 88.056 7 485 785 15
T 88.076 8 488 785 15
T 88.076 5 487 785 15
T 88.076 2 487 785 15
T 88.076 1 486 785 15
T 88.076 3 486 785 15
T 88.076 4 486 785 15
T 88.077 6 486 785 15
T 88.077 7 486 785 15
T 88.097 8 489 785 15
T 88.097 5 488 785 15
T 88.097 2 488 785 15
T 88.097 1 487 785 15
T 88.097 3 487 785 15
T 88.097 4 487 785 15
T 88.097 6 487 785 15
T 88.097 7 487 785 15
T 88.117 8 490 785 15
T 88.117 5 489 785 15
T 88.117 2 489 785 15
T 88.117 1 488 785 15
T 88.117 3 488 785 15
T 88.117 4 488 785 15
T 88.117 6 488 785 15
T 88.118 7 488 785 15
T 88.137 8 491 785 15
T 88.138 5 490 785 15
T 88.138 2 490 785 15
T 88.138 1 489 785 15
T 88.138 3 489 785 15
T 88.138 4 489 785 15
T 88.138 6 489 785 15
T 88.138 7 489 785 15
T 88.158 8 492 785 15
T 88.158 5 491 785 15
T 88.158 2 491 785 15
T 88.158 1 490 785 15
T 88.158 3 490 785 15
T 88.158 4 490 785 15
T 88.158 6 490 785 15
T 88.158 7 490 785 15
T 88.178 8 493 785 15
T 88.179 5 492 785 15
T 88.179 2 492 785 15
T 88.179 1 491 785 15
T 88.179 3 491 785 15
T 88.179 4 491 785 15
T 88.179 6 491 785 15
T 88.179 7 491 785 15
T 88.199 8 494 785 15
T 88.199 5 493 785 15
T 88.199 2 493 785 15
T 88.199 1 492 785 15
T 88.199 3 492 785 15
T 88.199 4 492 785 15
T 88.199 6 492 785 15
T 88.199 7 492 785 15
T 88.219 8 495 785 15
T 88.220 5 494 785 15
T 88.220 2 494 785 15
T 88.220 1 493 785 15
T 88.220 3 493 785 15
T 88.220 4 493 785 15
T 88.220 6 493 785 15
T 88.220 7 493 785 15
T 88.240 5 495 785 15
T 88.240 2 495 785 15
T 88.240 1 494 785 15
T 88.240 3 494 785 15
T 88.240 4 494 785 15
T 88.240 6 494 785 15
T 88.240 7 494 785 15
T 88.260 1 495 785 15
T 88.260 3 495 785 15
T 88.260 4 495 785 15
T 88.261 6 495 785 15
T 88.261 7 495 785 15
P 88.967 2
P 88.967 3
F 88.967 2 16
P 88.967 4
F 88.968 3 16
P 88.969 5
F 88.970 4 16
P 88.971 6
F 88.972 5 16
P 88.975 7
F 88.975 6 16
P 88.976 8
P 88.977 1
F 88.976 7 16
F 88.980 8 16
F 88.981 1 16
T 89.477 6 496 838 16
T 89.561 6 497 838 16
T 89.561 8 496 838 16
T 89.561 5 496 838 16
T 89.561 2 496 838 16
T 89.561 1 496 838 16
T 89.561 3 496 838 16
T 89.561 4 496 838 16
T 89.561 7 496 838 16
T 89.581 6 498 838 16
T 89.581 8 497 838 16
T 89.581 5 497 838 16
T 89.581 2 497 838 16
T 89.581 1 497 838 16
T 89.581 3 497 838 16
T 89.581 4 497 838 16
T 89.581 7 497 838 16
T 89.601 6 499 838 16
T 89.601 8 498 838 16
T 89.601 5 498 838 16
T 89.601 2 498 838 16
T 89.602 1 498 838 16
T 89.602 3 498 838 16
T 89.602 4 498 838 16
T 89.602 7 498 838 16
T 89.622 6 500 838 16
T 89.622 8 499 838 16
T 89.622 5 499 838 16
T 89.622 2 499 838 16
T 89.622 1 499 838 16
T 89.622 3 499 838 16
T 89.622 4 499 838 16
T 89.622 7 499 838 16
T 89.642 6 501 838 16
T 89.642 8 500 838 16
T 89.642 5 500 838 16
T 89.642 2 500 838 16
T 89.642 1 500 838 16
T 89.643 3 500 838 16
T 89.643 4 500 838 16
T 89.643 7 500 838 16
T 89.663 6 502 838 16
T 89.663 8 501 838 16
T 89.663 5 501 838 16
T 89.663 2 501 838 16
T 89.663 1 501 838 16
T 89.663 3 501 838 16
T 89.663 4 501 838 16
T 89.663 7 501 838 16
T 89.683 6 503 838 16
T 89.684 8 502 838 16
T 89.684 5 502 838 16
T 89.684 2 502 838 16
T 89.684 1 502 838 16
T 89.684 3 502 838 16
T 89.684 4 502 838 16
T 89.684 7 502 838 16
T 89.704 6 504 838 16
T 89.704 8 503 838 16
T 89.704 5 503 838 16
T 89.704 2 503 838 16
T 89.704 1 503 838 16
T 89.704 3 503 838 16
T 89.705 4 503 838 16
T 89.705 7 503 838 16
T 89.725 6 505 838 16
T 89.725 8 504 838 16
T 89.725 5 504 838 16
T 89.725 2 504 838 16
T 89.725 1 504 838 16
T 89.725 3 504 838 16
T 89.725 4 504 838 16
T 89.725 7 504 838 16
T 89.745 6 506 838 16
T 89.746 8 505 838 16
T 89.746 5 505 838 16
T 89.746 2 505 838 16
T 89.746 1 505 838 16
T 89.746 3 505 838 16
T 89.746 4 505 838 16
T 89.746 7 505 838 16
T 89.766 6 507 838 16
T 89.766 8 506 838 16
T 89.766 5 506 838 16
T 89.766 2 506 838 16
T 89.766 1 506 838 16
T 89.766 3 506 838 16
T 89.766 4 506 838 16
T 89.766 7 506 838 16
T 89.787 6 508 838 16
T 89.787 8 507 838 16
T 89.787 5 507 838 16
T 89.787 2 507 838 16
T 89.787 1 507 838 16
T 89.787 3 507 838 16
T 89.787 4 507 838 16
T 89.787 7 507 838 16
T 89.807 6 509 838 16
T 89.807 8 508 838 16
T 89.807 5 508 838 16
T 89.807 2 508 838 16
T 89.808 1 508 838 16
T 89.808 3 508 838 16
T 89.808 4 508 838 16
T 89.808 7 508 838 16
T 89.828 6 510 838 16
T 89.828 8 509 838 16
T 89.828 5 509 838 16
T 89.828 2 509 838 16
T 89.828 1 509 838 16
T 89.828 3 509 838 16
T 89.828 4 509 838 16
T 89.828 7 509 838 16
T 89.848 6 511 838 16
T 89.849 8 510 838 16
T 89.849 5 510 838 16
T 89.849 2 510 838 16
T 89.849 1 510 838 16
T 89.849 3 510 838 16
T 89.849 4 510 838 16
T 89.849 7 510 838 16
T 89.869 6 512 838 16
T 89.869 8 511 838 16
T 89.869 5 511 838 16
T 89.869 2 511 838 16
T 89.869 1 511 838 16
T 89.869 3 511 838 16
T 89.870 4 511 838 16
T 89.870 7 511 838 16
T 89.890 6 513 838 16
T 89.890 8 512 838 16
T 89.890 5 512 838 16
T 89.890 2 512 838 16
T 89.890 1 512 838 16
T 89.890 3 512 838 16
T 89.890 4 512 838 16
T 89.890 7 512 838 16
T 89.910 6 514 838 16
T 89.910 8 513 838 16
T 89.911 5 513 838 16
T 89.911 2 513 838 16
T 89.911 1 513 838 16
T 89.911 3 513 838 16
T 89.911 4 513 838 16
T 89.911 7 513 838 16
T 89.931 6 515 838 16
T 89.931 8 514 838 16
T 89.931 5 514 838 16
T 89.931 2 514 838 16
T 89.931 1 514 838 16
T 89.931 3 514 838 16
T 89.931 4 514 838 16
T 89.931 7 514 838 16
T 89.952 6 516 838 16
T 89.952 8 515 838 16
T 89.952 5 515 838 16
T 89.952 2 515 838 16
T 89.952 1 515 838 16
T 89.952 3 515 838 16
T 89.952 4 515 838 16
T 89.952 7 515 838 16
T 89.972 6 517 838 16
T 89.972 8 516 838 16
T 89.972 5 516 838 16
T 89.972 2 516 838 16
T 89.973 1 516 838 16
T 89.973 3 516 838 16
T 89.973 4 516 838 16
T 89.973 7 516 838 16
T 89.993 6 518 838 16
T 89.993 8 517 838 16
T 89.993 5 517 838 16
T 89.993 2 517 838 16
T 89.993 1 517 838 16
T 89.993 3 517 838 16
T 89.993 4 517 838 16
T 89.993 7 517 838 16
T 90.013 6 519 838 16
T 90.014 8 518 838 16
T 90.014 5 518 838 16
T 90.014 2 518 838 16
T 90.014 1 518 838 16
T 90.014 3 518 838 16
T 90.014 4 518 838 16
T 90.014 7 518 838 16
T 90.034 6 520 838 16
T 90.034 8 519 838 16
T 90.034 5 519 838 16
T 90.034 2 519 838 16
T 90.034 1 519 838 16
T 90.034 3 519 838 16
T 90.035 4 519 838 16
T 90.035 7 519 838 16
T 90.055 6 521 838 16
T 90.055 8 520 838 16
T 90.055 5 520 838 16
T 90.055 2 520 838 16
T 90.055 1 520 838 16
T 90.055 3 520 838 16
T 90.056 4 520 838 16
T 90.056 7 520 838 16
T 90.075 6 522 838 16
T 90.076 8 521 838 16
T 90.076 5 521 838 16
T 90.076 2 521 838 16
T 90.076 1 521 838 16
T 90.076 3 521 838 16
T 90.076 4 521 838 16
T 90.076 7 521 838 16
T 90.096 6 523 838 16
T 90.096 8 522 838 16
T 90.096 5 522 838 16
T 90.096 2 522 838 16
T 90.096 1 522 838 16
T 90.096 3 522 838 16
T 90.096 4 522 838 16
T 90.096 7 522 838 16
T 90.117 6 524 838 16
T 90.117 8 523 838 16
T 90.117 5 523 838 16
T 90.117 2 523 838 16
T 90.117 1 523 838 16
T 90.117 3 523 838 16
T 90.117 4 523 838 16
T 90.117 7 523 838 16
T 90.137 6 525 838 16
T 90.137 8 524 838 16
T 90.137 5 524 838 16
T 90.138 2 524 838 16
T 90.138 1 524 838 16
T 90.138 3 524 838 16
T 90.138 4 524 838 16
T 90.138 7 524 838 16
T 90.158 6 526 838 16
T 90.158 8 525 838 16
T 90.158 5 525 838 16
T 90.158 2 525 838 16
T 90.158 1 525 838 16
T 90.158 3 525 838 16
T 90.158 4 525 838 16
T 90.158 7 525 838 16
T 90.179 6 527 838 16
T 90.179 8 526 838 16
T 90.179 5 526 838 16
T 90.179 2 526 838 16
T 90.179 1 526 838 16
T 90.179 3 526 838 16
T 90.179 4 526 838 16
T 90.179 7 526 838 16
T 90.199 6 528 838 16
T 90.199 8 527 838 16
T 90.199 5 527 838 16
T 90.199 2 527 838 16
T 90.199 1 527 838 16
T 90.199 3 527 838 16
T 90.200 4 527 838 16
T 90.200 7 527 838 16
T 90.220 8 528 838 16
T 90.220 5 528 838 16
T 90.220 2 528 838 16
T 90.220 1 528 838 16
T 90.220 3 528 838 16
T 90.220 4 528 838 16
T 90.220 7 528 838 16
P 90.967 3
P 90.967 4
F 90.967 3 17
P 90.967 5
F 90.968 4 17
P 90.969 6
F 90.971 5 17
P 90.971 7
F 90.972 6 17
P 90.974 8
F 90.975 7 17
F 90.976 8 17
P 90.977 1
F 90.978 1 17
P 90.982 2
F 90.987 2 17
T 91.350 3 529 891 17
T 91.372 3 530 891 17
T 91.431 3 531 891 17
T 91.491 3 532 891 17
T 91.491 6 529 891 17
T 91.574 3 533 891 17
T 91.574 6 530 891 17
T 91.575 8 529 891 17
T 91.575 5 529 891 17
T 91.575 2 529 891 17
T 91.575 1 529 891 17
T 91.575 4 529 891 17
T 91.575 7 529 891 17
T 91.595 3 534 891 17
T 91.595 6 531 891 17
T 91.595 8 530 891 17
T 91.595 5 530 891 17
T 91.595 2 530 891 17
T 91.595 1 530 891 17
T 91.595 4 530 891 17
T 91.595 7 530 891 17
T 91.615 3 535 891 17
T 91.615 6 532 891 17
T 91.615 8 531 891 17
T 91.615 5 531 891 17
T 91.615 2 531 891 17
T 91.615 1 531 891 17
T 91.615 4 531 891 17
T 91.615 7 531 891 17
T 91.635 3 536 891 17
T 91.635 6 533 891 17
T 91.636 8 532 891 17
T 91.636 5 532 891 17
T 91.636 2 532 891 17
T 91.636 1 532 891 17
T 91.636 4 532 891 17
T 91.636 7 532 891 17
T 91.656 3 537 891 17
T 91.656 6 534 891 17
T 91.656 8 533 891 17
T 91.656 5 533 891 17
T 91.656 2 533 891 17
T 91.656 1 533 891 17
T 91.656 4 533 891 17
T 91.657 7 533 891 17
T 91.677 3 538 891 17
T 91.677 6 535 891 17
T 91.677 8 534 891 17
T 91.677 5 534 891 17
T 91.677 2 534 891 17
T 91.677 1 534 891 17
T 91.677 4 534 891 17
T 91.677 7 534 891 17
T 91.697 3 539 891 17
T 91.697 6 536 891 17
T 91.697 8 535 891 17
T 91.697 5 535 891 17
T 91.697 2 535 891 17
T 91.697 1 535 891 17
T 91.698 4 535 891 17
T 91.698 7 535 891 17
T 91.718 3 540 891 17
T 91.718 6 537 891 17
T 91.718 8 536 891 17
T 91.718 5 536 891 17
T 91.718 2 536 891 17
T 91.718 1 536 891 17
T 91.718 4 536 891 17
T 91.718 7 536 891 17
T 91.738 3 541 891 17
T 91.739 6 538 891 17
T 91.739 8 537 891 17
T 91.739 5 537 891 17
T 91.739 2 537 891 17
T 91.739 1 537 891 17
T 91.739 4 537 891 17
T 91.739 7 537 891 17
T 91.759 3 542 891 17
T 91.759 6 539 891 17
T 91.759 8 538 891 17
T 91.759 5 538 891 17
T 91.759 2 538 891 17
T 91.759 1 538 891 17
T 91.759 4 538 891 17
T 91.760 7 538 891 17
T 91.780 3 543 891 17
T 91.780 6 540 891 17
T 91.780 8 539 891 17
T 91.780 5 539 891 17
T 91.780 2 539 891 17
T 91.780 1 539 891 17
T 91.780 4 539 891 17
T 91.780 7 539 891 17
T 91.800 3 544 891 17
T 91.800 6 541 891 17
T 91.801 8 540 891 17
T 91.801 5 540 891 17
T 91.801 2 540 891 17
T 91.801 1 540 891 17
T 91.801 4 540 891 17
T 91.801 7 540 891 17
T 91.821 3 545 891 17
T 91.821 6 542 891 17
T 91.821 8 541 891 17
T 91.821 5 541 891 17
T 91.821 2 541 891 17
T 91.821 1 541 891 17
T 91.821 4 541 891 17
T 91.821 7 541 891 17
T 91.842 3 546 891 17
T 91.842 6 543 891 17
T 91.842 8 542 891 17
T 91.842 5 542 891 17
T 91.842 2 542 891 17
T 91.842 1 542 891 17
T 91.842 4 542 891 17
T 91.842 7 542 891 17
T 91.862 3 547 891 17
T 91.862 6 544 891 17
T 91.862 8 543 891 17
T 91.862 5 543 891 17
T 91.863 2 543 891 17
T 91.863 1 543 891 17
T 91.863 4 543 891 17
T 91.863 7 543 891 17
T 91.883 3 548 891 17
T 91.883 6 545 891 17
T 91.883 8 544 891 17
T 91.883 5 544 891 17
T 91.883 2 544 891 17
T 91.883 1 544 891 17
T 91.883 4 544 891 17
T 91.883 7 544 891 17
T 91.904 3 549 891 17
T 91.904 6 546 891 17
T 91.904 8 545 891 17
T 91.904 5 545 891 17
T 91.904 2 545 891 17
T 91.904 1 545 891 17
T 91.904 4 545 891 17
T 91.904 7 545 891 17
T 91.924 3 550 891 17
T 91.924 6 547 891 17
T 91.924 8 546 891 17
T 91.924 5 546 891 17
T 91.924 2 546 891 17
T 91.925 1 546 891 17
T 91.925 4 546 891 17
T 91.925 7 546 891 17
T 91.945 3 551 891 17
T 91.945 6 548 891 17
T 91.945 8 547 891 17
T 91.945 5 547 891 17
T 91.945 2 547 891 17
T 91.945 1 547 891 17
T 91.945 4 547 891 17
T 91.945 7 547 891 17
T 91.965 3 552 891 17
T 91.966 6 549 891 17
T 91.966 8 548 891 17
T 91.966 5 548 891 17
T 91.966 2 548 891 17
T 91.966 1 548 891 17
T 91.966 4 548 891 17
T 91.966 7 548 891 17
T 91.986 3 553 891 17
T 91.986 6 550 891 17
T 91.986 8 549 891 17
T 91.986 5 549 891 17
T 91.986 2 549 891 17
T 91.987 1 549 891 17
T 91.987 4 549 891 17
T 91.987 7 549 891 17
T 92.007 3 554 891 17
T 92.007 6 551 891 17
T 92.007 8 550 891 17
T 92.007 5 550 891 17
T 92.007 2 550 891 17
T 92.007 1 550 891 17
T 92.007 4 550 891 17
T 92.007 7 550 891 17
T 92.027 3 555 891 17
T 92.027 6 552 891 17
T 92.028 8 551 891 17
T 92.028 5 551 891 17
T 92.028 2 551 891 17
T 92.028 1 551 891 17
T 92.028 4 551 891 17
T 92.028 7 551 891 17
T 92.048 3 556 891 17
T 92.048 6 553 891 17
T 92.048 8 552 891 17
T 92.048 5 552 891 17
T 92.048 2 552 891 17
T 92.048 1 552 891 17
T 92.048 4 552 891 17
T 92.048 7 552 891 17
T 92.069 3 557 891 17
T 92.069 6 554 891 17
T 92.069 8 553 891 17
T 92.069 5 553 891 17
T 92.069 2 553 891 17
T 92.069 1 553 891 17
T 92.069 4 553 891 17
T 92.069 7 553 891 17
T 92.089 3 558 891 17
T 92.089 6 555 891 17
T 92.090 8 554 891 17
T 92.090 5 554 891 17
T 92.090 2 554 891 17
T 92.090 1 554 891 17
T 92.090 4 554 891 17
T 92.090 7 554 891 17
T 92.110 3 559 891 17
T 92.110 6 556 891 17
T 92.110 8 555 891 17
T 92.110 5 555 891 17
T 92.110 2 555 891 17
T 92.110 1 555 891 17
T 92.110 4 555 891 17
T 92.110 7 555 891 17
T 92.131 3 560 891 17
T 92.131 6 557 891 17
T 92.131 8 556 891 17
T 92.131 5 556 891 17
T 92.131 2 556 891 17
T 92.131 1 556 891 17
T 92.131 4 556 891 17
T 92.131 7 556 891 17
T 92.151 3 561 891 17
T 92.151 6 558 891 17
T 92.151 8 557 891 17
T 92.151 5 557 891 17
T 92.152 2 557 891 17
T 92.152 1 557 891 17
T 92.152 4 557 891 17
T 92.152 7 557 891 17
T 92.172 6 559 891 17
T 92.172 8 558 891 17
T 92.172 5 558 891 17
T 92.172 2 558 891 17
T 92.172 1 558 891 17
T 92.172 4 558 891 17
T 92.172 7 558 891 17
T 92.193 6 560 891 17
T 92.193 8 559 891 17
T 92.193 5 559 891 17
T 92.193 2 559 891 17
T 92.193 1 559 891 17
T 92.193 4 559 891 17
T 92.193 7 559 891 17
T 92.214 6 561 891 17
T 92.214 8 560 891 17
T 92.214 5 560 891 17
T 92.214 2 560 891 17
T 92.214 1 560 891 17
T 92.214 4 560 891 17
T 92.214 7 560 891 17
T 92.235 8 561 891 17
T 92.235 5 561 891 17
T 92.235 2 561 891 17
T 92.235 1 561 891 17
T 92.235 4 561 891 17
T 92.235 7 561 891 17
P 92.965 7
F 92.966 7 18
P 92.966 8
F 92.967 8 18
P 92.968 1
P 92.970 2
F 92.969 1 18
P 92.970 3
F 92.972 2 18
P 92.972 4
P 92.974 5
F 92.973 3 18
P 92.974 6
F 92.978 4 18
F 92.978 5 18
F 92.983 6 18
T 93.402 5 562 944 18
T 93.478 5 563 944 18
T 93.478 8 562 944 18
T 93.479 1 562 944 18
T 93.479 7 562 944 18
T 93.523 5 564 944 18
T 93.524 8 563 944 18
T 93.524 1 563 944 18
T 93.524 7 563 944 18
T 93.524 3 562 944 18
T 93.524 6 562 944 18
T 93.524 2 562 944 18
T 93.524 4 562 944 18
T 93.544 5 565 944 18
T 93.544 8 564 944 18
T 93.544 1 564 944 18
T 93.544 7 564 944 18
T 93.544 3 563 944 18
T 93.544 6 563 944 18
T 93.544 2 563 944 18
T 93.544 4 563 944 18
T 93.564 5 566 944 18
T 93.564 8 565 944 18
T 93.564 1 565 944 18
T 93.565 7 565 944 18
T 93.565 3 564 944 18
T 93.565 6 564 944 18
T 93.565 2 564 944 18
T 93.565 4 564 944 18
T 93.586 5 567 944 18
T 93.586 8 566 944 18
T 93.586 1 566 944 18
T 93.586 7 566 944 18
T 93.586 3 565 944 18
T 93.586 6 565 944 18
T 93.586 2 565 944 18
T 93.586 4 565 944 18
T 93.606 5 568 944 18
T 93.606 8 567 944 18
T 93.607 1 567 944 18
T 93.607 7 567 944 18
T 93.607 3 566 944 18
T 93.607 6 566 944 18
T 93.607 2 566 944 18
T 93.607 4 566 944 18
T 93.627 5 569 944 18
T 93.627 8 568 944 18
T 93.627 1 568 944 18
T 93.627 7 568 944 18
T 93.627 3 567 944 18
T 93.627 6 567 944 18
T 93.627 2 567 944 18
T 93.627 4 567 944 18
T 93.648 5 570 944 18
T 93.648 8 569 944 18
T 93.648 1 569 944 18
T 93.648 7 569 944 18
T 93.648 3 568 944 18
T 93.648 6 568 944 18
T 93.648 2 568 944 18
T 93.648 4 568 944 18
T 93.668 5 571 944 18
T 93.668 8 570 944 18
T 93.669 1 570 944 18
T 93.669 7 570 944 18
T 93.669 3 569 944 18
T 93.669 6 569 944 18
T 93.669 2 569 944 18
T 93.669 4 569 944 18
T 93.689 5 572 944 18
T 93.689 8 571 944 18
T 93.689 1 571 944 18
T 93.689 7 571 944 18
T 93.689 3 570 944 18
T 93.689 6 570 944 18
T 93.690 2 570 944 18
T 93.690 4 570 944 18
T 93.710 5 573 944 18
T 93.710 8 572 944 18
T 93.710 1 572 944 18
T 93.710 7 572 944 18
T 93.710 3 571 944 18
T 93.710 6 571 944 18
T 93.710 2 571 944 18
T 93.710 4 571 944 18
T 93.730 5 574 944 18
T 93.730 8 573 944 18
T 93.731 1 573 944 18
T 93.731 7 573 944 18
T 93.731 3 572 944 18
T 93.731 6 572 944 18
T 93.731 2 572 944 18
T 93.731 4 572 944 18
T 93.751 5 575 944 18
T 93.751 8 574 944 18
T 93.751 1 574 944 18
T 93.751 7 574 944 18
T 93.751 3 573 944 18
T 93.751 6 573 944 18
T 93.752 2 573 944 18
T 93.752 4 573 944 18
T 93.772 5 576 944 18
T 93.772 8 575 944 18
T 93.772 1 575 944 18
T 93.772 7 575 944 18
T 93.772 3 574 944 18
T 93.772 6 574 944 18
T 93.772 2 574 944 18
T 93.772 4 574 944 18
T 93.793 5 577 944 18
T 93.793 8 576 944 18
T 93.793 1 576 944 18
T 93.793 7 576 944 18
T 93.793 3 575 944 18
T 93.793 6 575 944 18
T 93.793 2 575 944 18
T 93.793 4 575 944 18
T 93.813 5 578 944 18
T 93.813 8 577 944 18
T 93.813 1 577 944 18
T 93.813 7 577 944 18
T 93.814 3 576 944 18
T 93.814 6 576 944 18
T 93.814 2 576 944 18
T 93.814 4 576 944 18
T 93.834 5 579 944 18
T 93.834 8 578 944 18
T 93.834 1 578 944 18
T 93.834 7 578 944 18
T 93.834 3 577 944 18
T 93.834 6 577 944 18
T 93.834 2 577 944 18
T 93.834 4 577 944 18
T 93.854 5 580 944 18
T 93.855 8 579 944 18
T 93.855 1 579 944 18
T 93.855 7 579 944 18
T 93.855 3 578 944 18
T 93.855 6 578 944 18
T 93.855 2 578 944 18
T 93.855 4 578 944 18
T 93.875 5 581 944 18
T 93.875 8 580 944 18
T 93.875 1 580 944 18
T 93.875 7 580 944 18
T 93.875 3 579 944 18
T 93.875 6 579 944 18
T 93.876 2 579 944 18
T 93.876 4 579 944 18
T 93.896 5 582 944 18
T 93.896 8 581 944 18
T 93.896 1 581 944 18
T 93.896 7 581 944 18
T 93.896 3 580 944 18
T 93.896 6 580 944 18
T 93.896 2 580 944 18
T 93.896 4 580 944 18
T 93.917 5 583 944 18
T 93.917 8 582 944 18
T 93.917 1 582 944 18
T 93.917 7 582 944 18
T 93.917 3 581 944 18
T 93.917 6 581 944 18
T 93.917 2 581 944 18
T 93.917 4 581 944 18
T 93.937 5 584 944 18
T 93.937 8 583 944 18
T 93.937 1 583 944 18
T 93.937 7 583 944 18
T 93.937 3 582 944 18
T 93.938 6 582 944 18
T 93.938 2 582 944 18
T 93.938 4 582 944 18
T 93.958 5 585 944 18
T 93.958 8 584 944 18
T 93.958 1 584 944 18
T 93.958 7 584 944 18
T 93.958 3 583 944 18
T 93.958 6 583 944 18
T 93.958 2 583 944 18
T 93.958 4 583 944 18
T 93.979 5 586 944 18
T 93.979 8 585 944 18
T 93.979 1 585 944 18
T 93.979 7 585 944 18
T 93.979 3 584 944 18
T 93.979 6 584 944 18
T 93.979 2 584 944 18
T 93.979 4 584 944 18
T 93.999 5 587 944 18
T 93.999 8 586 944 18
T 94.000 1 586 944 18
T 94.000 7 586 944 18
T 94.000 3 585 944 18
T 94.000 6 585 944 18
T 94.000 2 585 944 18
T 94.000 4 585 944 18
T 94.020 5 588 944 18
T 94.020 8 587 944 18
T 94.020 1 587 944 18
T 94.020 7 587 944 18
T 94.020 3 586 944 18
T 94.020 6 586 944 18
T 94.020 2 586 944 18
T 94.020 4 586 944 18
T 94.041 5 589 944 18
T 94.041 8 588 944 18
T 94.041 1 588 944 18
T 94.041 7 588 944 18
T 94.041 3 587 944 18
T 94.041 6 587 944 18
T 94.041 2 587 944 18
T 94.041 4 587 944 18
T 94.061 5 590 944 18
T 94.061 8 589 944 18
T 94.062 1 589 944 18
T 94.062 7 589 944 18
T 94.062 3 588 944 18
T 94.062 6 588 944 18
T 94.062 2 588 944 18
T 94.062 4 588 944 18
T 94.082 5 591 944 18
T 94.082 8 590 944 18
T 94.082 1 590 944 18
T 94.082 7 590 944 18
T 94.082 3 589 944 18
T 94.082 6 589 944 18
T 94.082 2 589 944 18
T 94.082 4 589 944 18
T 94.103 5 592 944 18
T 94.103 8 591 944 18
T 94.103 1 591 944 18
T 94.103 7 591 944 18
T 94.103 3 590 944 18
T 94.103 6 590 944 18
T 94.103 2 590 944 18
T 94.103 4 590 944 18
T 94.124 5 593 944 18
T 94.124 8 592 944 18
T 94.124 1 592 944 18
T 94.124 7 592 944 18
T 94.124 3 591 944 18
T 94.124 6 591 944 18
T 94.124 2 591 944 18
T 94.124 4 591 944 18
T 94.144 5 594 944 18
T 94.144 8 593 944 18
T 94.145 1 593 944 18
T 94.145 7 593 944 18
T 94.145 3 592 944 18
T 94.145 6 592 944 18
T 94.145 2 592 944 18
T 94.145 4 592 944 18
T 94.165 8 594 944 18
T 94.165 1 594 944 18
T 94.165 7 594 944 18
T 94.165 3 593 944 18
T 94.165 6 593 944 18
T 94.165 2 593 944 18
T 94.165 4 593 944 18
T 94.185 3 594 944 18
T 94.185 6 594 944 18
T 94.186 2 594 944 18
T 94.186 4 594 944 18
P 94.968 2
F 94.969 2 19
P 94.969 3
F 94.970 3 19
P 94.972 4
F 94.972 4 19
P 94.974 5
F 94.975 5 19
P 94.976 6
F 94.978 6 19
P 94.978 7
F 94.980 7 19
P 94.981 8
P 94.984 1
F 94.985 8 19
F 94.986 1 19
T 95.427 2 595 997 19
T 95.489 2 596 997 19
T 95.489 3 595 997 19
T 95.489 6 595 997 19
T 95.573 2 597 997 19
T 95.573 3 596 997 19
T 95.573 6 596 997 19
T 95.573 5 595 997 19
T 95.573 8 595 997 19
T 95.573 1 595 997 19
T 95.573 7 595 997 19
T 95.573 4 595 997 19
T 95.593 2 598 997 19
T 95.593 3 597 997 19
T 95.593 6 597 997 19
T 95.593 5 596 997 19
T 95.593 8 596 997 19
T 95.593 1 596 997 19
T 95.593 7 596 997 19
T 95.593 4 596 997 19
T 95.613 2 599 997 19
T 95.613 3 598 997 19
T 95.613 6 598 997 19
T 95.613 5 597 997 19
T 95.613 8 597 997 19
T 95.613 1 597 997 19
T 95.614 7 597 997 19
T 95.614 4 597 997 19
T 95.634 2 600 997 19
T 95.634 3 599 997 19
T 95.634 6 599 997 19
T 95.634 5 598 997 19
T 95.634 8 598 997 19
T 95.634 1 598 997 19
T 95.634 7 598 997 19
T 95.634 4 598 997 19
T 95.654 2 601 997 19
T 95.655 3 600 997 19
T 95.655 6 600 997 19
T 95.655 5 599 997 19
T 95.655 8 599 997 19
T 95.655 1 599 997 19
T 95.655 7 599 997 19
T 95.655 4 599 997 19
T 95.675 2 602 997 19
T 95.675 3 601 997 19
T 95.675 6 601 997 19
T 95.675 5 600 997 19
T 95.675 8 600 997 19
T 95.675 1 600 997 19
T 95.675 7 600 997 19
T 95.675 4 600 997 19
T 95.696 2 603 997 19
T 95.696 3 602 997 19
T 95.696 6 602 997 19
T 95.696 5 601 997 19
T 95.696 8 601 997 19
T 95.696 1 601 997 19
T 95.696 7 601 997 19
T 95.696 4 601 997 19
T 95.716 2 604 997 19
T 95.717 3 603 997 19
T 95.717 6 603 997 19
T 95.717 5 602 997 19
T 95.717 8 602 997 19
T 95.717 1 602 997 19
T 95.717 7 602 997 19
T 95.717 4 602 997 19
T 95.737 2 605 997 19
T 95.737 3 604 997 19
T 95.737 6 604 997 19
T 95.737 5 603 997 19
T 95.737 8 603 997 19
T 95.737 1 603 997 19
T 95.738 7 603 997 19
T 95.738 4 603 997 19
T 95.758 2 606 997 19
T 95.758 3 605 997 19
T 95.758 6 605 997 19
T 95.758 5 604 997 19
T 95.758 8 604 997 19
T 95.758 1 604 997 19
T 95.758 7 604 997 19
T 95.758 4 604 997 19
T 95.779 2 607 997 19
T 95.779 3 606 997 19
T 95.779 6 606 997 19
T 95.779 5 605 997 19
T 95.779 8 605 997 19
T 95.779 1 605 997 19
T 95.779 7 605 997 19
T 95.779 4 605 997 19
T 95.799 2 608 997 19
T 95.799 3 607 997 19
T 95.799 6 607 997 19
T 95.799 5 606 997 19
T 95.800 8 606 997 19
T 95.800 1 606 997 19
T 95.800 7 606 997 19
T 95.800 4 606 997 19
T 95.820 2 609 997 19
T 95.820 3 608 997 19
T 95.820 6 608 997 19
T 95.820 5 607 997 19
T 95.820 8 607 997 19
T 95.820 1 607 997 19
T 95.820 7 607 997 19
T 95.820 4 607 997 19
T 95.841 2 610 997 19
T 95.841 3 609 997 19
T 95.841 6 609 997 19
T 95.841 5 608 997 19
T 95.841 8 608 997 19
T 95.841 1 608 997 19
T 95.841 7 608 997 19
T 95.841 4 608 997 19
T 95.861 2 611 997 19
T 95.861 3 610 997 19
T 95.861 6 610 997 19
T 95.862 5 609 997 19
T 95.862 8 609 997 19
T 95.862 1 609 997 19
T 95.862 7 609 997 19
T 95.862 4 609 997 19
T 95.882 2 612 997 19
T 95.882 3 611 997 19
T 95.882 6 611 997 19
T 95.882 5 610 997 19
T 95.882 8 610 997 19
T 95.882 1 610 997 19
T 95.882 7 610 997 19
T 95.883 4 610 997 19
T 95.903 2 613 997 19
T 95.903 3 612 997 19
T 95.903 6 612 997 19
T 95.903 5 611 997 19
T 95.903 8 611 997 19
T 95.903 1 611 997 19
T 95.903 7 611 997 19
T 95.903 4 611 997 19
T 95.923 2 614 997 19
T 95.924 3 613 997 19
T 95.924 6 613 997 19
T 95.924 5 612 997 19
T 95.924 8 612 997 19
T 95.924 1 612 997 19
T 95.924 7 612 997 19
T 95.924 4 612 997 19
T 95.944 2 615 997 19
T 95.944 3 614 997 19
T 95.944 6 614 997 19
T 95.944 5 613 997 19
T 95.944 8 613 997 19
T 95.944 1 613 997 19
T 95.945 7 613 997 19
T 95.945 4 613 997 19
T 95.965 2 616 997 19
T 95.965 3 615 997 19
T 95.965 6 615 997 19
T 95.965 5 614 997 19
T 95.965 8 614 997 19
T 95.965 1 614 997 19
T 95.965 7 614 997 19
T 95.965 4 614 997 19
T 95.986 2 617 997 19
T 95.986 3 616 997 19
T 95.986 6 616 997 19
T 95.986 5 615 997 19
T 95.986 8 615 997 19
T 95.986 1 615 997 19
T 95.986 7 615 997 19
T 95.986 4 615 997 19
T 96.006 2 618 997 19
T 96.006 3 617 997 19
T 96.006 6 617 997 19
T 96.006 5 616 997 19
T 96.007 8 616 997 19
T 96.007 1 616 997 19
T 96.007 7 616 997 19
T 96.007 4 616 997 19
T 96.027 2 619 997 19
T 96.027 3 618 997 19
T 96.027 6 618 997 19
T 96.027 5 617 997 19
T 96.027 8 617 997 19
T 96.027 1 617 997 19
T 96.027 7 617 997 19
T 96.027 4 617 997 19
T 96.048 2 620 997 19
T 96.048 3 619 997 19
T 96.048 6 619 997 19
T 96.048 5 618 997 19
T 96.048 8 618 997 19
T 96.048 1 618 997 19
T 96.048 7 618 997 19
T 96.048 4 618 997 19
T 96.068 2 621 997 19
T 96.068 3 620 997 19
T 96.069 6 620 997 19
T 96.069 5 619 997 19
T 96.069 8 619 997 19
T 96.069 1 619 997 19
T 96.069 7 619 997 19
T 96.069 4 619 997 19
T 96.089 2 622 997 19
T 96.089 3 621 997 19
T 96.089 6 621 997 19
T 96.089 5 620 997 19
T 96.089 8 620 997 19
T 96.090 1 620 997 19
T 96.090 7 620 997 19
T 96.090 4 620 997 19
T 96.110 2 623 997 19
T 96.110 3 622 997 19
T 96.110 6 622 997 19
T 96.110 5 621 997 19
T 96.110 8 621 997 19
T 96.110 1 621 997 19
T 96.110 7 621 997 19
T 96.110 4 621 997 19
T 96.131 2 624 997 19
T 96.131 3 623 997 19
T 96.131 6 623 997 19
T 96.131 5 622 997 19
T 96.131 8 622 997 19
T 96.131 1 622 997 19
T 96.131 7 622 997 19
T 96.131 4 622 997 19
T 96.151 2 625 997 19
T 96.151 3 624 997 19
T 96.151 6 624 997 19
T 96.151 5 623 997 19
T 96.151 8 623 997 19
T 96.152 1 623 997 19
T 96.152 7 623 997 19
T 96.152 4 623 997 19
T 96.172 2 626 997 19
T 96.172 3 625 997 19
T 96.172 6 625 997 19
T 96.172 5 624 997 19
T 96.172 8 624 997 19
T 96.172 1 624 997 19
T 96.172 7 624 997 19
T 96.172 4 624 997 19
T 96.193 2 627 997 19
T 96.193 3 626 997 19
T 96.193 6 626 997 19
T 96.193 5 625 997 19
T 96.193 8 625 997 19
T 96.193 1 625 997 19
T 96.193 7 625 997 19
T 96.193 4 625 997 19
T 96.214 3 627 997 19
T 96.214 6 627 997 19
T 96.214 5 626 997 19
T 96.214 8 626 997 19
T 96.214 1 626 997 19
T 96.214 7 626 997 19
T 96.214 4 626 997 19
T 96.234 5 627 997 19
T 96.235 8 627 997 19
T 96.235 1 627 997 19
T 96.235 7 627 997 19
T 96.235 4 627 997 19
P 96.970 2
F 96.971 2 20
P 96.971 3
F 96.972 3 20
P 96.973 4
F 96.973 4 20
P 96.974 5
F 96.975 5 20
P 96.980 6
F 96.982 6 20
P 96.982 7
F 96.983 7 20
P 96.984 8
F 96.987 8 20
P 96.988 1
F 96.992 1 20
T 97.438 2 628 1050 20
T 97.560 2 629 1050 20
T 97.560 3 628 1050 20
T 97.560 6 628 1050 20
T 97.560 5 628 1050 20
T 97.560 7 628 1050 20
T 97.560 4 628 1050 20
T 97.577 2 630 1050 20
T 97.577 3 629 1050 20
T 97.577 6 629 1050 20
T 97.577 5 629 1050 20
T 97.577 7 629 1050 20
T 97.577 4 629 1050 20
T 97.577 8 628 1050 20
T 97.578 1 628 1050 20
T 97.598 2 631 1050 20
T 97.598 3 630 1050 20
T 97.598 6 630 1050 20
T 97.598 5 630 1050 20
T 97.598 7 630 1050 20
T 97.598 4 630 1050 20
T 97.598 8 629 1050 20
T 97.598 1 629 1050 20
T 97.618 2 632 1050 20
T 97.618 3 631 1050 20
T 97.618 6 631 1050 20
T 97.619 5 631 1050 20
T 97.619 7 631 1050 20
T 97.619 4 631 1050 20
T 97.619 8 630 1050 20
T 97.619 1 630 1050 20
T 97.639 2 633 1050 20
T 97.639 3 632 1050 20
T 97.639 6 632 1050 20
T 97.639 5 632 1050 20
T 97.639 7 632 1050 20
T 97.639 4 632 1050 20
T 97.639 8 631 1050 20
T 97.639 1 631 1050 20
T 97.660 2 634 1050 20
T 97.660 3 633 1050 20
T 97.660 6 633 1050 20
T 97.660 5 633 1050 20
T 97.660 7 633 1050 20
T 97.660 4 633 1050 20
T 97.660 8 632 1050 20
T 97.660 1 632 1050 20
T 97.681 2 635 1050 20
T 97.681 3 634 1050 20
T 97.681 6 634 1050 20
T 97.681 5 634 1050 20
T 97.681 7 634 1050 20
T 97.681 4 634 1050 20
T 97.681 8 633 1050 20
T 97.681 1 633 1050 20
T 97.701 2 636 1050 20
T 97.702 3 635 1050 20
T 97.702 6 635 1050 20
T 97.702 5 635 1050 20
T 97.702 7 635 1050 20
T 97.702 4 635 1050 20
T 97.702 8 634 1050 20
T 97.702 1 634 1050 20
T 97.722 2 637 1050 20
T 97.722 3 636 1050 20
T 97.722 6 636 1050 20
T 97.722 5 636 1050 20
T 97.722 7 636 1050 20
T 97.723 4 636 1050 20
T 97.723 8 635 1050 20
T 97.723 1 635 1050 20
T 97.743 2 638 1050 20
T 97.743 3 637 1050 20
T 97.743 6 637 1050 20
T 97.743 5 637 1050 20
T 97.743 7 637 1050 20
T 97.743 4 637 1050 20
T 97.743 8 636 1050 20
T 97.743 1 636 1050 20
T 97.764 2 639 1050 20
T 97.764 3 638 1050 20
T 97.764 6 638 1050 20
T 97.764 5 638 1050 20
T 97.764 7 638 1050 20
T 97.764 4 638 1050 20
T 97.764 8 637 1050 20
T 97.764 1 637 1050 20
T 97.785 2 640 1050 20
T 97.785 3 639 1050 20
T 97.785 6 639 1050 20
T 97.785 5 639 1050 20
T 97.785 7 639 1050 20
T 97.785 4 639 1050 20
T 97.785 8 638 1050 20
T 97.785 1 638 1050 20
T 97.805 2 641 1050 20
T 97.805 3 640 1050 20
T 97.805 6 640 1050 20
T 97.806 5 640 1050 20
T 97.806 7 640 1050 20
T 97.806 4 640 1050 20
T 97.806 8 639 1050 20
T 97.806 1 639 1050 20
T 97.826 2 642 1050 20
T 97.826 3 641 1050 20
T 97.826 6 641 1050 20
T 97.826 5 641 1050 20
T 97.826 7 641 1050 20
T 97.827 4 641 1050 20
T 97.827 8 640 1050 20
T 97.827 1 640 1050 20
T 97.847 2 643 1050 20
T 97.847 3 642 1050 20
T 97.847 6 642 1050 20
T 97.847 5 642 1050 20
T 97.847 7 642 1050 20
T 97.847 4 642 1050 20
T 97.847 8 641 1050 20
T 97.847 1 641 1050 20
T 97.868 2 644 1050 20
T 97.868 3 643 1050 20
T 97.868 6 643 1050 20
T 97.868 5 643 1050 20
T 97.868 7 643 1050 20
T 97.868 4 643 1050 20
T 97.868 8 642 1050 20
T 97.868 1 642 1050 20
T 97.888 2 645 1050 20
T 97.889 3 644 1050 20
T 97.889 6 644 1050 20
T 97.889 5 644 1050 20
T 97.889 7 644 1050 20
T 97.889 4 644 1050 20
T 97.889 8 643 1050 20
T 97.889 1 643 1050 20
T 97.909 2 646 1050 20
T 97.909 3 645 1050 20
T 97.909 6 645 1050 20
T 97.909 5 645 1050 20
T 97.910 7 645 1050 20
T 97.910 4 645 1050 20
T 97.910 8 644 1050 20
T 97.910 1 644 1050 20
T 97.930 2 647 1050 20
T 97.930 3 646 1050 20
T 97.930 6 646 1050 20
T 97.930 5 646 1050 20
T 97.930 7 646 1050 20
T 97.930 4 646 1050 20
T 97.930 8 645 1050 20
T 97.930 1 645 1050 20
T 97.951 2 648 1050 20
T 97.951 3 647 1050 20
T 97.951 6 647 1050 20
T 97.951 5 647 1050 20
T 97.951 7 647 1050 20
T 97.951 4 647 1050 20
T 97.951 8 646 1050 20
T 97.951 1 646 1050 20
T 97.972 2 649 1050 20
T 97.972 3 648 1050 20
T 97.972 6 648 1050 20
T 97.972 5 648 1050 20
T 97.972 7 648 1050 20
T 97.972 4 648 1050 20
T 97.972 8 647 1050 20
T 97.972 1 647 1050 20
T 97.992 2 650 1050 20
T 97.992 3 649 1050 20
T 97.993 6 649 1050 20
T 97.993 5 649 1050 20
T 97.993 7 649 1050 20
T 97.993 4 649 1050 20
T 97.993 8 648 1050 20
T 97.993 1 648 1050 20
T 98.013 2 651 1050 20
T 98.013 3 650 1050 20
T 98.013 6 650 1050 20
T 98.013 5 650 1050 20
T 98.013 7 650 1050 20
T 98.014 4 650 1050 20
T 98.014 8 649 1050 20
T 98.014 1 649 1050 20
T 98.034 2 652 1050 20
T 98.034 3 651 1050 20
T 98.034 6 651 1050 20
T 98.034 5 651 1050 20
T 98.034 7 651 1050 20
T 98.034 4 651 1050 20
T 98.034 8 650 1050 20
T 98.034 1 650 1050 20
T 98.055 2 653 1050 20
T 98.055 3 652 1050 20
T 98.055 6 652 1050 20
T 98.055 5 652 1050 20
T 98.055 7 652 1050 20
T 98.055 4 652 1050 20
T 98.055 8 651 1050 20
T 98.055 1 651 1050 20
T 98.075 2 654 1050 20
T 98.075 3 653 1050 20
T 98.076 6 653 1050 20
T 98.076 5 653 1050 20
T 98.076 7 653 1050 20
T 98.076 4 653 1050 20
T 98.076 8 652 1050 20
T 98.076 1 652 1050 20
T 98.096 2 655 1050 20
T 98.096 3 654 1050 20
T 98.096 6 654 1050 20
T 98.096 5 654 1050 20
T 98.096 7 654 1050 20
T 98.097 4 654 1050 20
T 98.097 8 653 1050 20
T 98.097 1 653 1050 20
T 98.117 2 656 1050 20
T 98.117 3 655 1050 20
T 98.117 6 655 1050 20
T 98.117 5 655 1050 20
T 98.117 7 655 1050 20
T 98.117 4 655 1050 20
T 98.117 8 654 1050 20
T 98.117 1 654 1050 20
T 98.138 2 657 1050 20
T 98.138 3 656 1050 20
T 98.138 6 656 1050 20
T 98.138 5 656 1050 20
T 98.138 7 656 1050 20
T 98.138 4 656 1050 20
T 98.138 8 655 1050 20
T 98.138 1 655 1050 20
T 98.159 2 658 1050 20
T 98.159 3 657 1050 20
T 98.159 6 657 1050 20
T 98.159 5 657 1050 20
T 98.159 7 657 1050 20
T 98.159 4 657 1050 20
T 98.159 8 656 1050 20
T 98.159 1 656 1050 20
T 98.179 2 659 1050 20
T 98.179 3 658 1050 20
T 98.180 6 658 1050 20
T 98.180 5 658 1050 20
T 98.180 7 658 1050 20
T 98.180 4 658 1050 20
T 98.180 8 657 1050 20
T 98.180 1 657 1050 20
T 98.200 2 660 1050 20
T 98.200 3 659 1050 20
T 98.200 6 659 1050 20
T 98.200 5 659 1050 20
T 98.200 7 659 1050 20
T 98.201 4 659 1050 20
T 98.201 8 658 1050 20
T 98.201 1 658 1050 20
T 98.221 3 660 1050 20
T 98.221 6 660 1050 20
T 98.221 5 660 1050 20
T 98.221 7 660 1050 20
T 98.221 4 660 1050 20
T 98.222 8 659 1050 20
T 98.222 1 659 1050 20
T 98.241 8 660 1050 20
T 98.241 1 660 1050 20
P 98.970 6
F 98.970 6 21
P 98.970 7
P 98.972 8
F 98.972 7 21
P 98.972 1
F 98.973 8 21
P 98.974 2
P 98.976 3
F 98.976 1 21
P 98.976 4
F 98.977 2 21
P 98.979 5
F 98.979 3 21
F 98.982 4 21
F 98.983 5 21
T 99.450 6 661 1103 21
T 99.534 6 662 1103 21
T 99.534 3 661 1103 21
T 99.535 7 661 1103 21
T 99.535 4 661 1103 21
T 99.535 8 661 1103 21
T 99.574 6 663 1103 21
T 99.574 3 662 1103 21
T 99.574 7 662 1103 21
T 99.574 4 662 1103 21
T 99.575 8 662 1103 21
T 99.575 2 661 1103 21
T 99.575 5 661 1103 21
T 99.575 1 661 1103 21
T 99.595 6 664 1103 21
T 99.595 3 663 1103 21
T 99.595 7 663 1103 21
T 99.595 4 663 1103 21
T 99.595 8 663 1103 21
T 99.595 2 662 1103 21
T 99.595 5 662 1103 21
T 99.595 1 662 1103 21
T 99.615 6 665 1103 21
T 99.616 3 664 1103 21
T 99.616 7 664 1103 21
T 99.616 4 664 1103 21
T 99.616 8 664 1103 21
T 99.616 2 663 1103 21
T 99.616 5 663 1103 21
T 99.616 1 663 1103 21
T 99.636 6 666 1103 21
T 99.636 3 665 1103 21
T 99.636 7 665 1103 21
T 99.636 4 665 1103 21
T 99.637 8 665 1103 21
T 99.637 2 664 1103 21
T 99.637 5 664 1103 21
T 99.637 1 664 1103 21
T 99.657 6 667 1103 21
T 99.657 3 666 1103 21
T 99.657 7 666 1103 21
T 99.657 4 666 1103 21
T 99.657 8 666 1103 21
T 99.657 2 665 1103 21
T 99.657 5 665 1103 21
T 99.658 1 665 1103 21
T 99.678 6 668 1103 21
T 99.678 3 667 1103 21
T 99.678 7 667 1103 21
T 99.678 4 667 1103 21
T 99.678 8 667 1103 21
T 99.678 2 666 1103 21
T 99.678 5 666 1103 21
T 99.678 1 666 1103 21
T 99.699 6 669 1103 21
T 99.699 3 668 1103 21
T 99.699 7 668 1103 21
T 99.699 4 668 1103 21
T 99.699 8 668 1103 21
T 99.699 2 667 1103 21
T 99.699 5 667 1103 21
T 99.699 1 667 1103 21
T 99.720 6 670 1103 21
T 99.720 3 669 1103 21
T 99.720 7 669 1103 21
T 99.720 4 669 1103 21
T 99.720 8 669 1103 21
T 99.720 2 668 1103 21
T 99.720 5 668 1103 21
T 99.720 1 668 1103 21
T 99.740 6 671 1103 21
T 99.740 3 670 1103 21
T 99.740 7 670 1103 21
T 99.741 4 670 1103 21
T 99.741 8 670 1103 21
T 99.741 2 669 1103 21
T 99.741 5 669 1103 21
T 99.741 1 669 1103 21
T 99.761 6 672 1103 21
T 99.761 3 671 1103 21
T 99.761 7 671 1103 21
T 99.761 4 671 1103 21
T 99.761 8 671 1103 21
T 99.761 2 670 1103 21
T 99.762 5 670 1103 21
T 99.762 1 670 1103 21
T 99.782 6 673 1103 21
T 99.782 3 672 1103 21
T 99.782 7 672 1103 21
T 99.782 4 672 1103 21
T 99.782 8 672 1103 21
T 99.782 2 671 1103 21
T 99.782 5 671 1103 21
T 99.782 1 671 1103 21
T 99.803 6 674 1103 21
T 99.803 3 673 1103 21
T 99.803 7 673 1103 21
T 99.803 4 673 1103 21
T 99.803 8 673 1103 21
T 99.803 2 672 1103 21
T 99.803 5 672 1103 21
T 99.803 1 672 1103 21
T 99.824 6 675 1103 21
T 99.824 3 674 1103 21
T 99.824 7 674 1103 21
T 99.824 4 674 1103 21
T 99.824 8 674 1103 21
T 99.824 2 673 1103 21
T 99.824 5 673 1103 21
T 99.824 1 673 1103 21
T 99.844 6 676 1103 21
T 99.844 3 675 1103 21
T 99.845 7 675 1103 21
T 99.845 4 675 1103 21
T 99.845 8 675 1103 21
T 99.845 2 674 1103 21
T 99.845 5 674 1103 21
T 99.845 1 674 1103 21
T 99.865 6 677 1103 21
T 99.865 3 676 1103 21
T 99.865 7 676 1103 21
T 99.865 4 676 1103 21
T 99.866 8 676 1103 21
T 99.866 2 675 1103 21
T 99.866 5 675 1103 21
T 99.866 1 675 1103 21
T 99.886 6 678 1103 21
T 99.886 3 677 1103 21
T 99.886 7 677 1103 21
T 99.886 4 677 1103 21
T 99.886 8 677 1103 21
T 99.886 2 676 1103 21
T 99.886 5 676 1103 21
T 99.887 1 676 1103 21
T 99.907 6 679 1103 21
T 99.907 3 678 1103 21
T 99.907 7 678 1103 21
T 99.907 4 678 1103 21
T 99.907 8 678 1103 21
T 99.907 2 677 1103 21
T 99.907 5 677 1103 21
T 99.907 1 677 1103 21
T 99.928 6 680 1103 21
T 99.928 3 679 1103 21
T 99.928 7 679 1103 21
T 99.928 4 679 1103 21
T 99.928 8 679 1103 21
T 99.928 2 678 1103 21
T 99.928 5 678 1103 21
T 99.928 1 678 1103 21
T 99.948 6 681 1103 21
T 99.948 3 680 1103 21
T 99.949 7 680 1103 21
T 99.949 4 680 1103 21
T 99.949 8 680 1103 21
T 99.949 2 679 1103 21
T 99.949 5 679 1103 21
T 99.949 1 679 1103 21
T 99.969 6 682 1103 21
T 99.969 3 681 1103 21
T 99.969 7 681 1103 21
T 99.969 4 681 1103 21
T 99.970 8 681 1103 21
T 99.970 2 680 1103 21
T 99.970 5 680 1103 21
T 99.970 1 680 1103 21
T 99.990 6 683 1103 21
T 99.990 3 682 1103 21
T 99.990 7 682 1103 21
T 99.990 4 682 1103 21
T 99.990 8 682 1103 21
T 99.990 2 681 1103 21
T 99.990 5 681 1103 21
T 99.990 1 681 1103 21
T 100.011 6 684 1103 21
T 100.011 3 683 1103 21
T 100.011 7 683 1103 21
T 100.011 4 683 1103 21
T 100.011 8 683 1103 21
T 100.011 2 682 1103 21
T 100.011 5 682 1103 21
T 100.011 1 682 1103 21
T 100.032 6 685 1103 21
T 100.032 3 684 1103 21
T 100.032 7 684 1103 21
T 100.032 4 684 1103 21
T 100.032 8 684 1103 21
T 100.032 2 683 1103 21
T 100.032 5 683 1103 21
T 100.032 1 683 1103 21
T 100.052 6 686 1103 21
T 100.053 3 685 1103 21
T 100.053 7 685 1103 21
T 100.053 4 685 1103 21
T 100.053 8 685 1103 21
T 100.053 2 684 1103 21
T 100.053 5 684 1103 21
T 100.053 1 684 1103 21
T 100.073 6 687 1103 21
T 100.073 3 686 1103 21
T 100.073 7 686 1103 21
T 100.074 4 686 1103 21
T 100.074 8 686 1103 21
T 100.074 2 685 1103 21
T 100.074 5 685 1103 21
T 100.074 1 685 1103 21
T 100.094 6 688 1103 21
T 100.094 3 687 1103 21
T 100.094 7 687 1103 21
T 100.094 4 687 1103 21
T 100.094 8 687 1103 21
T 100.095 2 686 1103 21
T 100.095 5 686 1103 21
T 100.095 1 686 1103 21
T 100.115 6 689 1103 21
T 100.115 3 688 1103 21
T 100.115 7 688 1103 21
T 100.115 4 688 1103 21
T 100.115 8 688 1103 21
T 100.115 2 687 1103 21
T 100.115 5 687 1103 21
T 100.115 1 687 1103 21
T 100.136 6 690 1103 21
T 100.136 3 689 1103 21
T 100.136 7 689 1103 21
T 100.136 4 689 1103 21
T 100.136 8 689 1103 21
T 100.136 2 688 1103 21
T 100.136 5 688 1103 21
T 100.136 1 688 1103 21
T 100.157 6 691 1103 21
T 100.157 3 690 1103 21
T 100.157 7 690 1103 21
T 100.157 4 690 1103 21
T 100.157 8 690 1103 21
T 100.157 2 689 1103 21
T 100.157 5 689 1103 21
T 100.157 1 689 1103 21
T 100.177 6 692 1103 21
T 100.178 3 691 1103 21
T 100.178 7 691 1103 21
T 100.178 4 691 1103 21
T 100.178 8 691 1103 21
T 100.178 2 690 1103 21
T 100.178 5 690 1103 21
T 100.178 1 690 1103 21
T 100.198 6 693 1103 21
T 100.198 3 692 1103 21
T 100.198 7 692 1103 21
T 100.198 4 692 1103 21
T 100.199 8 692 1103 21
T 100.199 2 691 1103 21
T 100.199 5 691 1103 21
T 100.199 1 691 1103 21
T 100.219 3 693 1103 21
T 100.219 7 693 1103 21
T 100.219 4 693 1103 21
T 100.219 8 693 1103 21
T 100.219 2 692 1103 21
T 100.219 5 692 1103 21
T 100.219 1 692 1103 21
T 100.239 2 693 1103 21
T 100.239 5 693 1103 21
T 100.239 1 693 1103 21
P 100.971 8
P 100.971 1
P 100.972 2
F 100.972 8 22
P 100.972 3
F 100.972 1 22
P 100.974 4
F 100.974 2 22
P 100.976 5
F 100.976 3 22
P 100.979 6
F 100.979 4 22
F 100.982 5 22
P 100.983 7
F 100.986 6 22
F 100.989 7 22
T 101.403 8 694 1156 22
T 101.463 8 695 1156 22
T 101.463 4 694 1156 22
T 101.463 1 694 1156 22
T 101.548 8 696 1156 22
T 101.548 4 695 1156 22
T 101.549 1 695 1156 22
T 101.549 6 694 1156 22
T 101.549 3 694 1156 22
T 101.549 7 694 1156 22
T 101.549 2 694 1156 22
T 101.549 5 694 1156 22
T 101.569 8 697 1156 22
T 101.569 4 696 1156 22
T 101.569 1 696 1156 22
T 101.569 6 695 1156 22
T 101.569 3 695 1156 22
T 101.569 7 695 1156 22
T 101.569 2 695 1156 22
T 101.569 5 695 1156 22
T 101.589 8 698 1156 22
T 101.589 4 697 1156 22
T 101.589 1 697 1156 22
T 101.589 6 696 1156 22
T 101.589 3 696 1156 22
T 101.589 7 696 1156 22
T 101.590 2 696 1156 22
T 101.590 5 696 1156 22
T 101.610 8 699 1156 22
T 101.610 4 698 1156 22
T 101.610 1 698 1156 22
T 101.610 6 697 1156 22
T 101.610 3 697 1156 22
T 101.610 7 697 1156 22
T 101.610 2 697 1156 22
T 101.610 5 697 1156 22
T 101.631 8 700 1156 22
T 101.631 4 699 1156 22
T 101.631 1 699 1156 22
T 101.631 6 698 1156 22
T 101.631 3 698 1156 22
T 101.631 7 698 1156 22
T 101.631 2 698 1156 22
T 101.631 5 698 1156 22
T 101.651 8 701 1156 22
T 101.651 4 700 1156 22
T 101.652 1 700 1156 22
T 101.652 6 699 1156 22
T 101.652 3 699 1156 22
T 101.652 7 699 1156 22
T 101.652 2 699 1156 22
T 101.652 5 699 1156 22
T 101.672 8 702 1156 22
T 101.672 4 701 1156 22
T 101.672 1 701 1156 22
T 101.672 6 700 1156 22
T 101.673 3 700 1156 22
T 101.673 7 700 1156 22
T 101.673 2 700 1156 22
T 101.673 5 700 1156 22
T 101.693 8 703 1156 22
T 101.693 4 702 1156 22
T 101.693 1 702 1156 22
T 101.693 6 701 1156 22
T 101.693 3 701 1156 22
T 101.693 7 701 1156 22
T 101.693 2 701 1156 22
T 101.693 5 701 1156 22
T 101.714 8 704 1156 22
T 101.714 4 703 1156 22
T 101.714 1 703 1156 22
T 101.714 6 702 1156 22
T 101.714 3 702 1156 22
T 101.714 7 702 1156 22
T 101.714 2 702 1156 22
T 101.714 5 702 1156 22
T 101.735 8 705 1156 22
T 101.735 4 704 1156 22
T 101.735 1 704 1156 22
T 101.735 6 703 1156 22
T 101.735 3 703 1156 22
T 101.735 7 703 1156 22
T 101.735 2 703 1156 22
T 101.735 5 703 1156 22
T 101.756 8 706 1156 22
T 101.756 4 705 1156 22
T 101.756 1 705 1156 22
T 101.756 6 704 1156 22
T 101.756 3 704 1156 22
T 101.756 7 704 1156 22
T 101.756 2 704 1156 22
T 101.756 5 704 1156 22
T 101.776 8 707 1156 22
T 101.776 4 706 1156 22
T 101.777 1 706 1156 22
T 101.777 6 705 1156 22
T 101.777 3 705 1156 22
T 101.777 7 705 1156 22
T 101.777 2 705 1156 22
T 101.777 5 705 1156 22
T 101.797 8 708 1156 22
T 101.797 4 707 1156 22
T 101.797 1 707 1156 22
T 101.797 6 706 1156 22
T 101.797 3 706 1156 22
T 101.797 7 706 1156 22
T 101.798 2 706 1156 22
T 101.798 5 706 1156 22
T 101.818 8 709 1156 22
T 101.818 4 708 1156 22
T 101.818 1 708 1156 22
T 101.818 6 707 1156 22
T 101.818 3 707 1156 22
T 101.818 7 707 1156 22
T 101.818 2 707 1156 22
T 101.818 5 707 1156 22
T 101.839 8 710 1156 22
T 101.839 4 709 1156 22
T 101.839 1 709 1156 22
T 101.839 6 708 1156 22
T 101.839 3 708 1156 22
T 101.839 7 708 1156 22
T 101.839 2 708 1156 22
T 101.839 5 708 1156 22
T 101.860 8 711 1156 22
T 101.860 4 710 1156 22
T 101.860 1 710 1156 22
T 101.860 6 709 1156 22
T 101.860 3 709 1156 22
T 101.860 7 709 1156 22
T 101.860 2 709 1156 22
T 101.860 5 709 1156 22
T 101.880 8 712 1156 22
T 101.880 4 711 1156 22
T 101.881 1 711 1156 22
T 101.881 6 710 1156 22
T 101.881 3 710 1156 22
T 101.881 7 710 1156 22
T 101.881 2 710 1156 22
T 101.881 5 710 1156 22
T 101.901 8 713 1156 22
T 101.901 4 712 1156 22
T 101.901 1 712 1156 22
T 101.901 6 711 1156 22
T 101.901 3 711 1156 22
T 101.902 7 711 1156 22
T 101.902 2 711 1156 22
T 101.902 5 711 1156 22
T 101.922 8 714 1156 22
T 101.922 4 713 1156 22
T 101.922 1 713 1156 22
T 101.922 6 712 1156 22
T 101.922 3 712 1156 22
T 101.922 7 712 1156 22
T 101.922 2 712 1156 22
T 101.922 5 712 1156 22
T 101.943 8 715 1156 22
T 101.943 4 714 1156 22
T 101.943 1 714 1156 22
T 101.943 6 713 1156 22
T 101.943 3 713 1156 22
T 101.943 7 713 1156 22
T 101.943 2 713 1156 22
T 101.943 5 713 1156 22
T 101.964 8 716 1156 22
T 101.964 4 715 1156 22
T 101.964 1 715 1156 22
T 101.964 6 714 1156 22
T 101.964 3 714 1156 22
T 101.964 7 714 1156 22
T 101.964 2 714 1156 22
T 101.964 5 714 1156 22
T 101.984 8 717 1156 22
T 101.985 4 716 1156 22
T 101.985 1 716 1156 22
T 101.985 6 715 1156 22
T 101.985 3 715 1156 22
T 101.985 7 715 1156 22
T 101.985 2 715 1156 22
T 101.985 5 715 1156 22
T 102.005 8 718 1156 22
T 102.005 4 717 1156 22
T 102.005 1 717 1156 22
T 102.006 6 716 1156 22
T 102.006 3 716 1156 22
T 102.006 7 716 1156 22
T 102.006 2 716 1156 22
T 102.006 5 716 1156 22
T 102.026 8 719 1156 22
T 102.026 4 718 1156 22
T 102.026 1 718 1156 22
T 102.026 6 717 1156 22
T 102.026 3 717 1156 22
T 102.026 7 717 1156 22
T 102.027 2 717 1156 22
T 102.027 5 717 1156 22
T 102.047 8 720 1156 22
T 102.047 4 719 1156 22
T 102.047 1 719 1156 22
T 102.047 6 718 1156 22
T 102.047 3 718 1156 22
T 102.047 7 718 1156 22
T 102.047 2 718 1156 22
T 102.047 5 718 1156 22
T 102.068 8 721 1156 22
T 102.068 4 720 1156 22
T 102.068 1 720 1156 22
T 102.068 6 719 1156 22
T 102.068 3 719 1156 22
T 102.068 7 719 1156 22
T 102.068 2 719 1156 22
T 102.068 5 719 1156 22
T 102.089 8 722 1156 22
T 102.089 4 721 1156 22
T 102.089 1 721 1156 22
T 102.089 6 720 1156 22
T 102.089 3 720 1156 22
T 102.089 7 720 1156 22
T 102.089 2 720 1156 22
T 102.089 5 720 1156 22
T 102.110 8 723 1156 22
T 102.110 4 722 1156 22
T 102.110 1 722 1156 22
T 102.110 6 721 1156 22
T 102.110 3 721 1156 22
T 102.110 7 721 1156 22
T 102.110 2 721 1156 22
T 102.110 5 721 1156 22
T 102.130 8 724 1156 22
T 102.130 4 723 1156 22
T 102.130 1 723 1156 22
T 102.130 6 722 1156 22
T 102.130 3 722 1156 22
T 102.131 7 722 1156 22
T 102.131 2 722 1156 22
T 102.131 5 722 1156 22
T 102.151 8 725 1156 22
T 102.151 4 724 1156 22
T 102.151 1 724 1156 22
T 102.151 6 723 1156 22
T 102.151 3 723 1156 22
T 102.151 7 723 1156 22
T 102.152 2 723 1156 22
T 102.152 5 723 1156 22
T 102.172 8 726 1156 22
T 102.172 4 725 1156 22
T 102.172 1 725 1156 22
T 102.172 6 724 1156 22
T 102.172 3 724 1156 22
T 102.172 7 724 1156 22
T 102.172 2 724 1156 22
T 102.173 5 724 1156 22
T 102.193 4 726 1156 22
T 102.193 1 726 1156 22
T 102.193 6 725 1156 22
T 102.193 3 725 1156 22
T 102.193 7 725 1156 22
T 102.193 2 725 1156 22
T 102.193 5 725 1156 22
T 102.214 6 726 1156 22
T 102.214 3 726 1156 22
T 102.214 7 726 1156 22
T 102.214 2 726 1156 22
T 102.214 5 726 1156 22
P 102.971 4
P 102.971 5
P 102.971 6
F 102.972 4 23
P 102.972 7
F 102.972 5 23
P 102.974 8
F 102.974 6 23
P 102.975 1
F 102.978 7 23
P 102.978 2
F 102.979 8 23
P 102.980 3
F 102.981 1 23
F 102.984 2 23
F 102.987 3 23
T 103.436 8 727 1209 23
T 103.564 8 728 1209 23
T 103.564 4 727 1209 23
T 103.564 1 727 1209 23
T 103.564 7 727 1209 23
T 103.564 2 727 1209 23
T 103.564 5 727 1209 23
T 103.578 8 729 1209 23
T 103.578 4 728 1209 23
T 103.578 1 728 1209 23
T 103.578 7 728 1209 23
T 103.578 2 728 1209 23
T 103.579 5 728 1209 23
T 103.579 6 727 1209 23
T 103.579 3 727 1209 23
T 103.599 8 730 1209 23
T 103.599 4 729 1209 23
T 103.599 1 729 1209 23
T 103.599 7 729 1209 23
T 103.599 2 729 1209 23
T 103.599 5 729 1209 23
T 103.599 6 728 1209 23
T 103.599 3 728 1209 23
T 103.621 8 731 1209 23
T 103.621 4 730 1209 23
T 103.621 1 730 1209 23
T 103.621 7 730 1209 23
T 103.621 2 730 1209 23
T 103.621 5 730 1209 23
T 103.621 6 729 1209 23
T 103.621 3 729 1209 23
T 103.641 8 732 1209 23
T 103.642 4 731 1209 23
T 103.642 1 731 1209 23
T 103.642 7 731 1209 23
T 103.642 2 731 1209 23
T 103.642 5 731 1209 23
T 103.642 6 730 1209 23
T 103.642 3 730 1209 23
T 103.662 8 733 1209 23
T 103.663 4 732 1209 23
T 103.663 1 732 1209 23
T 103.663 7 732 1209 23
T 103.663 2 732 1209 23
T 103.663 5 732 1209 23
T 103.663 6 731 1209 23
T 103.663 3 731 1209 23
T 103.683 8 734 1209 23
T 103.683 4 733 1209 23
T 103.684 1 733 1209 23
T 103.684 7 733 1209 23
T 103.684 2 733 1209 23
T 103.684 5 733 1209 23
T 103.684 6 732 1209 23
T 103.684 3 732 1209 23
T 103.704 8 735 1209 23
T 103.704 4 734 1209 23
T 103.704 1 734 1209 23
T 103.704 7 734 1209 23
T 103.704 2 734 1209 23
T 103.705 5 734 1209 23
T 103.705 6 733 1209 23
T 103.705 3 733 1209 23
T 103.725 8 736 1209 23
T 103.725 4 735 1209 23
T 103.725 1 735 1209 23
T 103.725 7 735 1209 23
T 103.725 2 735 1209 23
T 103.726 5 735 1209 23
T 103.726 6 734 1209 23
T 103.726 3 734 1209 23
T 103.746 8 737 1209 23
T 103.746 4 736 1209 23
T 103.746 1 736 1209 23
T 103.746 7 736 1209 23
T 103.746 2 736 1209 23
T 103.747 5 736 1209 23
T 103.747 6 735 1209 23
T 103.747 3 735 1209 23
T 103.767 8 738 1209 23
T 103.767 4 737 1209 23
T 103.767 1 737 1209 23
T 103.767 7 737 1209 23
T 103.768 2 737 1209 23
T 103.768 5 737 1209 23
T 103.768 6 736 1209 23
T 103.768 3 736 1209 23
T 103.788 8 739 1209 23
T 103.788 4 738 1209 23
T 103.788 1 738 1209 23
T 103.788 7 738 1209 23
T 103.789 2 738 1209 23
T 103.789 5 738 1209 23
T 103.789 6 737 1209 23
T 103.789 3 737 1209 23
T 103.809 8 740 1209 23
T 103.809 4 739 1209 23
T 103.809 1 739 1209 23
T 103.809 7 739 1209 23
T 103.810 2 739 1209 23
T 103.810 5 739 1209 23
T 103.810 6 738 1209 23
T 103.810 3 738 1209 23
T 103.830 8 741 1209 23
T 103.830 4 740 1209 23
T 103.831 1 740 1209 23
T 103.831 7 740 1209 23
T 103.831 2 740 1209 23
T 103.831 5 740 1209 23
T 103.831 6 739 1209 23
T 103.831 3 739 1209 23
T 103.851 8 742 1209 23
T 103.851 4 741 1209 23
T 103.852 1 741 1209 23
T 103.852 7 741 1209 23
T 103.852 2 741 1209 23
T 103.852 5 741 1209 23
T 103.852 6 740 1209 23
T 103.852 3 740 1209 23
T 103.872 8 743 1209 23
T 103.872 4 742 1209 23
T 103.873 1 742 1209 23
T 103.873 7 742 1209 23
T 103.873 2 742 1209 23
T 103.873 5 742 1209 23
T 103.873 6 741 1209 23
T 103.873 3 741 1209 23
T 103.893 8 744 1209 23
T 103.893 4 743 1209 23
T 103.894 1 743 1209 23
T 103.894 7 743 1209 23
T 103.894 2 743 1209 23
T 103.894 5 743 1209 23
T 103.894 6 742 1209 23
T 103.894 3 742 1209 23
T 103.914 8 745 1209 23
T 103.915 4 744 1209 23
T 103.915 1 744 1209 23
T 103.915 7 744 1209 23
T 103.915 2 744 1209 23
T 103.915 5 744 1209 23
T 103.915 6 743 1209 23
T 103.915 3 743 1209 23
T 103.936 8 746 1209 23
T 103.936 4 745 1209 23
T 103.936 1 745 1209 23
T 103.936 7 745 1209 23
T 103.936 2 745 1209 23
T 103.936 5 745 1209 23
T 103.936 6 744 1209 23
T 103.936 3 744 1209 23
T 103.957 8 747 1209 23
T 103.957 4 746 1209 23
T 103.957 1 746 1209 23
T 103.957 7 746 1209 23
T 103.957 2 746 1209 23
T 103.957 5 746 1209 23
T 103.957 6 745 1209 23
T 103.957 3 745 1209 23
T 103.978 8 748 1209 23
T 103.978 4 747 1209 23
T 103.978 1 747 1209 23
T 103.978 7 747 1209 23
T 103.978 2 747 1209 23
T 103.978 5 747 1209 23
T 103.978 6 746 1209 23
T 103.978 3 746 1209 23
T 103.999 8 749 1209 23
T 103.999 4 748 1209 23
T 103.999 1 748 1209 23
T 103.999 7 748 1209 23
T 103.999 2 748 1209 23
T 103.999 5 748 1209 23
T 103.999 6 747 1209 23
T 103.999 3 747 1209 23
T 104.020 8 750 1209 23
T 104.020 4 749 1209 23
T 104.020 1 749 1209 23
T 104.020 7 749 1209 23
T 104.020 2 749 1209 23
T 104.020 5 749 1209 23
T 104.020 6 748 1209 23
T 104.020 3 748 1209 23
T 104.041 8 751 1209 23
T 104.041 4 750 1209 23
T 104.041 1 750 1209 23
T 104.041 7 750 1209 23
T 104.041 2 750 1209 23
T 104.041 5 750 1209 23
T 104.041 6 749 1209 23
T 104.041 3 749 1209 23
T 104.062 8 752 1209 23
T 104.062 4 751 1209 23
T 104.062 1 751 1209 23
T 104.062 7 751 1209 23
T 104.062 2 751 1209 23
T 104.062 5 751 1209 23
T 104.062 6 750 1209 23
T 104.062 3 750 1209 23
T 104.083 8 753 1209 23
T 104.083 4 752 1209 23
T 104.083 1 752 1209 23
T 104.083 7 752 1209 23
T 104.083 2 752 1209 23
T 104.083 5 752 1209 23
T 104.083 6 751 1209 23
T 104.083 3 751 1209 23
T 104.104 8 754 1209 23
T 104.104 4 753 1209 23
T 104.104 1 753 1209 23
T 104.104 7 753 1209 23
T 104.104 2 753 1209 23
T 104.104 5 753 1209 23
T 104.104 6 752 1209 23
T 104.104 3 752 1209 23
T 104.125 8 755 1209 23
T 104.125 4 754 1209 23
T 104.125 1 754 1209 23
T 104.125 7 754 1209 23
T 104.125 2 754 1209 23
T 104.125 5 754 1209 23
T 104.125 6 753 1209 23
T 104.125 3 753 1209 23
T 104.146 8 756 1209 23
T 104.146 4 755 1209 23
T 104.146 1 755 1209 23
T 104.146 7 755 1209 23
T 104.146 2 755 1209 23
T 104.146 5 755 1209 23
T 104.146 6 754 1209 23
T 104.146 3 754 1209 23
T 104.167 8 757 1209 23
T 104.167 4 756 1209 23
T 104.167 1 756 1209 23
T 104.167 7 756 1209 23
T 104.167 2 756 1209 23
T 104.167 5 756 1209 23
T 104.167 6 755 1209 23
T 104.167 3 755 1209 23
T 104.188 8 758 1209 23
T 104.188 4 757 1209 23
T 104.188 1 757 1209 23
T 104.188 7 757 1209 23
T 104.188 2 757 1209 23
T 104.188 5 757 1209 23
T 104.189 6 756 1209 23
T 104.189 3 756 1209 23
T 104.209 8 759 1209 23
T 104.209 4 758 1209 23
T 104.209 1 758 1209 23
T 104.209 7 758 1209 23
T 104.210 2 758 1209 23
T 104.210 5 758 1209 23
T 104.210 6 757 1209 23
T 104.210 3 757 1209 23
T 104.230 4 759 1209 23
T 104.230 1 759 1209 23
T 104.230 7 759 1209 23
T 104.231 2 759 1209 23
T 104.231 5 759 1209 23
T 104.231 6 758 1209 23
T 104.231 3 758 1209 23
T 104.250 6 759 1209 23
T 104.251 3 759 1209 23
P 104.969 6
P 104.969 7
P 104.970 8
P 104.970 1
P 104.970 2
P 104.970 3
P 104.970 4
F 104.970 6 24
P 104.970 5
F 104.971 7 24
F 104.974 8 24
F 104.975 1 24
F 104.975 2 24
F 104.975 3 24
F 104.975 4 24
F 104.977 5 24
T 105.388 6 760 1262 24
T 105.401 6 761 1262 24
T 105.467 6 762 1262 24
T 105.549 6 763 1262 24
T 105.549 1 760 1262 24
T 105.549 7 760 1262 24
T 105.549 5 760 1262 24
T 105.597 6 764 1262 24
T 105.597 1 761 1262 24
T 105.598 7 761 1262 24
T 105.598 5 761 1262 24
T 105.598 8 760 1262 24
T 105.598 4 760 1262 24
T 105.598 2 760 1262 24
T 105.598 3 760 1262 24
T 105.618 6 765 1262 24
T 105.618 1 762 1262 24
T 105.618 7 762 1262 24
T 105.618 5 762 1262 24
T 105.618 8 761 1262 24
T 105.618 4 761 1262 24
T 105.618 2 761 1262 24
T 105.619 3 761 1262 24
T 105.639 6 766 1262 24
T 105.639 1 763 1262 24
T 105.639 7 763 1262 24
T 105.639 5 763 1262 24
T 105.639 8 762 1262 24
T 105.639 4 762 1262 24
T 105.639 2 762 1262 24
T 105.639 3 762 1262 24
T 105.660 6 767 1262 24
T 105.660 1 764 1262 24
T 105.660 7 764 1262 24
T 105.660 5 764 1262 24
T 105.660 8 763 1262 24
T 105.660 4 763 1262 24
T 105.660 2 763 1262 24
T 105.660 3 763 1262 24
T 105.681 6 768 1262 24
T 105.681 1 765 1262 24
T 105.681 7 765 1262 24
T 105.681 5 765 1262 24
T 105.681 8 764 1262 24
T 105.681 4 764 1262 24
T 105.681 2 764 1262 24
T 105.681 3 764 1262 24
T 105.702 6 769 1262 24
T 105.702 1 766 1262 24
T 105.702 7 766 1262 24
T 105.702 5 766 1262 24
T 105.702 8 765 1262 24
T 105.702 4 765 1262 24
T 105.702 2 765 1262 24
T 105.702 3 765 1262 24
T 105.723 6 770 1262 24
T 105.723 1 767 1262 24
T 105.723 7 767 1262 24
T 105.723 5 767 1262 24
T 105.723 8 766 1262 24
T 105.723 4 766 1262 24
T 105.724 2 766 1262 24
T 105.724 3 766 1262 24
T 105.744 6 771 1262 24
T 105.744 1 768 1262 24
T 105.744 7 768 1262 24
T 105.744 5 768 1262 24
T 105.744 8 767 1262 24
T 105.744 4 767 1262 24
T 105.745 2 767 1262 24
T 105.745 3 767 1262 24
T 105.765 6 772 1262 24
T 105.765 1 769 1262 24
T 105.765 7 769 1262 24
T 105.765 5 769 1262 24
T 105.765 8 768 1262 24
T 105.765 4 768 1262 24
T 105.766 2 768 1262 24
T 105.766 3 768 1262 24
T 105.786 6 773 1262 24
T 105.786 1 770 1262 24
T 105.786 7 770 1262 24
T 105.786 5 770 1262 24
T 105.786 8 769 1262 24
T 105.787 4 769 1262 24
T 105.787 2 769 1262 24
T 105.787 3 769 1262 24
T 105.807 6 774 1262 24
T 105.807 1 771 1262 24
T 105.808 7 771 1262 24
T 105.808 5 771 1262 24
T 105.808 8 770 1262 24
T 105.808 4 770 1262 24
T 105.808 2 770 1262 24
T 105.808 3 770 1262 24
T 105.828 6 775 1262 24
T 105.829 1 772 1262 24
T 105.829 7 772 1262 24
T 105.829 5 772 1262 24
T 105.829 8 771 1262 24
T 105.829 4 771 1262 24
T 105.829 2 771 1262 24
T 105.829 3 771 1262 24
T 105.849 6 776 1262 24
T 105.856 1 773 1262 24
T 105.856 7 773 1262 24
T 105.856 5 773 1262 24
T 105.856 8 772 1262 24
T 105.856 4 772 1262 24
T 105.856 2 772 1262 24
T 105.856 3 772 1262 24
T 105.871 6 777 1262 24
T 105.871 1 774 1262 24
T 105.871 7 774 1262 24
T 105.871 5 774 1262 24
T 105.871 8 773 1262 24
T 105.871 4 773 1262 24
T 105.871 2 773 1262 24
T 105.871 3 773 1262 24
T 105.892 6 778 1262 24
T 105.892 1 775 1262 24
T 105.892 7 775 1262 24
T 105.892 5 775 1262 24
T 105.892 8 774 1262 24
T 105.892 4 774 1262 24
T 105.892 2 774 1262 24
T 105.892 3 774 1262 24
T 105.913 6 779 1262 24
T 105.913 1 776 1262 24
T 105.913 7 776 1262 24
T 105.913 5 776 1262 24
T 105.913 8 775 1262 24
T 105.913 4 775 1262 24
T 105.913 2 775 1262 24
T 105.913 3 775 1262 24
T 105.934 6 780 1262 24
T 105.934 1 777 1262 24
T 105.934 7 777 1262 24
T 105.934 5 777 1262 24
T 105.934 8 776 1262 24
T 105.934 4 776 1262 24
T 105.934 2 776 1262 24
T 105.934 3 776 1262 24
T 105.955 6 781 1262 24
T 105.955 1 778 1262 24
T 105.955 7 778 1262 24
T 105.955 5 778 1262 24
T 105.955 8 777 1262 24
T 105.955 4 777 1262 24
T 105.955 2 777 1262 24
T 105.955 3 777 1262 24
T 105.976 6 782 1262 24
T 105.976 1 779 1262 24
T 105.976 7 779 1262 24
T 105.976 5 779 1262 24
T 105.976 8 778 1262 24
T 105.976 4 778 1262 24
T 105.976 2 778 1262 24
T 105.976 3 778 1262 24
T 105.997 6 783 1262 24
T 105.997 1 780 1262 24
T 105.997 7 780 1262 24
T 105.997 5 780 1262 24
T 105.997 8 779 1262 24
T 105.997 4 779 1262 24
T 105.997 2 779 1262 24
T 105.997 3 779 1262 24
T 106.018 6 784 1262 24
T 106.018 1 781 1262 24
T 106.018 7 781 1262 24
T 106.018 5 781 1262 24
T 106.018 8 780 1262 24
T 106.018 4 780 1262 24
T 106.019 2 780 1262 24
T 106.019 3 780 1262 24
T 106.039 6 785 1262 24
T 106.039 1 782 1262 24
T 106.039 7 782 1262 24
T 106.039 5 782 1262 24
T 106.039 8 781 1262 24
T 106.040 4 781 1262 24
T 106.040 2 781 1262 24
T 106.040 3 781 1262 24
T 106.060 6 786 1262 24
T 106.060 1 783 1262 24
T 106.060 7 783 1262 24
T 106.060 5 783 1262 24
T 106.061 8 782 1262 24
T 106.061 4 782 1262 24
T 106.061 2 782 1262 24
T 106.061 3 782 1262 24
T 106.081 6 787 1262 24
T 106.081 1 784 1262 24
T 106.082 7 784 1262 24
T 106.082 5 784 1262 24
T 106.082 8 783 1262 24
T 106.082 4 783 1262 24
T 106.082 2 783 1262 24
T 106.082 3 783 1262 24
T 106.102 6 788 1262 24
T 106.103 1 785 1262 24
T 106.103 7 785 1262 24
T 106.103 5 785 1262 24
T 106.103 8 784 1262 24
T 106.103 4 784 1262 24
T 106.103 2 784 1262 24
T 106.103 3 784 1262 24
T 106.123 6 789 1262 24
T 106.124 1 786 1262 24
T 106.124 7 786 1262 24
T 106.124 5 786 1262 24
T 106.124 8 785 1262 24
T 106.124 4 785 1262 24
T 106.124 2 785 1262 24
T 106.124 3 785 1262 24
T 106.145 6 790 1262 24
T 106.145 1 787 1262 24
T 106.145 7 787 1262 24
T 106.145 5 787 1262 24
T 106.145 8 786 1262 24
T 106.145 4 786 1262 24
T 106.145 2 786 1262 24
T 106.145 3 786 1262 24
T 106.166 6 791 1262 24
T 106.166 1 788 1262 24
T 106.166 7 788 1262 24
T 106.166 5 788 1262 24
T 106.166 8 787 1262 24
T 106.166 4 787 1262 24
T 106.166 2 787 1262 24
T 106.166 3 787 1262 24
T 106.187 6 792 1262 24
T 106.187 1 789 1262 24
T 106.187 7 789 1262 24
T 106.187 5 789 1262 24
T 106.187 8 788 1262 24
T 106.187 4 788 1262 24
T 106.187 2 788 1262 24
T 106.187 3 788 1262 24
T 106.208 1 790 1262 24
T 106.208 7 790 1262 24
T 106.208 5 790 1262 24
T 106.208 8 789 1262 24
T 106.208 4 789 1262 24
T 106.208 2 789 1262 24
T 106.208 3 789 1262 24
T 106.229 1 791 1262 24
T 106.229 7 791 1262 24
T 106.229 5 791 1262 24
T 106.229 8 790 1262 24
T 106.229 4 790 1262 24
T 106.230 2 790 1262 24
T 106.230 3 790 1262 24
T 106.250 1 792 1262 24
T 106.250 7 792 1262 24
T 106.250 5 792 1262 24
T 106.251 8 791 1262 24
T 106.251 4 791 1262 24
T 106.251 2 791 1262 24
T 106.251 3 791 1262 24
T 106.271 8 792 1262 24
T 106.271 4 792 1262 24
T 106.271 2 792 1262 24
T 106.271 3 792 1262 24
P 106.972 3
P 106.972 4
P 106.972 5
F 106.972 3 25
P 106.972 6
F 106.973 4 25
P 106.976 7
F 106.976 5 25
P 106.978 8
F 106.979 6 25
P 106.981 1
F 106.982 7 25
P 106.984 2
F 106.984 8 25
F 106.990 1 25
F 106.991 2 25
T 107.485 5 793 1314 25
T 107.627 5 794 1314 25
T 107.628 6 793 1315 25
T 107.628 1 793 1315 25
T 107.628 7 793 1315 25
T 107.628 8 793 1315 25
T 107.628 4 793 1315 25
T 107.628 3 793 1315 25
T 107.637 5 795 1314 25
T 107.637 6 794 1315 25
T 107.638 1 794 1315 25
T 107.638 7 794 1315 25
T 107.638 8 794 1315 25
T 107.638 4 794 1315 25
T 107.638 3 794 1315 25
T 107.638 2 793 1315 25
T 107.658 5 796 1314 25
T 107.658 6 795 1315 25
T 107.658 1 795 1315 25
T 107.658 7 795 1315 25
T 107.658 8 795 1315 25
T 107.658 4 795 1315 25
T 107.658 3 795 1315 25
T 107.658 2 794 1315 25
T 107.679 5 797 1314 25
T 107.679 6 796 1315 25
T 107.679 1 796 1315 25
T 107.679 7 796 1315 25
T 107.679 8 796 1315 25
T 107.679 4 796 1315 25
T 107.679 3 796 1315 25
T 107.679 2 795 1315 25
T 107.700 5 798 1314 25
T 107.700 6 797 1315 25
T 107.700 1 797 1315 25
T 107.700 7 797 1315 25
T 107.700 8 797 1315 25
T 107.700 4 797 1315 25
T 107.700 3 797 1315 25
T 107.700 2 796 1315 25
T 107.721 5 799 1314 25
T 107.721 6 798 1315 25
T 107.721 1 798 1315 25
T 107.721 7 798 1315 25
T 107.721 8 798 1315 25
T 107.721 4 798 1315 25
T 107.721 3 798 1315 25
T 107.721 2 797 1315 25
T 107.742 5 800 1314 25
T 107.742 6 799 1315 25
T 107.742 1 799 1315 25
T 107.742 7 799 1315 25
T 107.742 8 799 1315 25
T 107.742 4 799 1315 25
T 107.742 3 799 1315 25
T 107.743 2 798 1315 25
T 107.763 5 801 1314 25
T 107.763 6 800 1315 25
T 107.763 1 800 1315 25
T 107.763 7 800 1315 25
T 107.763 8 800 1315 25
T 107.764 4 800 1315 25
T 107.764 3 800 1315 25
T 107.764 2 799 1315 25
T 107.784 5 802 1314 25
T 107.784 6 801 1315 25
T 107.785 1 801 1315 25
T 107.785 7 801 1315 25
T 107.785 8 801 1315 25
T 107.785 4 801 1315 25
T 107.785 3 801 1315 25
T 107.785 2 800 1315 25
T 107.806 5 803 1314 25
T 107.806 6 802 1315 25
T 107.806 1 802 1315 25
T 107.806 7 802 1315 25
T 107.806 8 802 1315 25
T 107.806 4 802 1315 25
T 107.806 3 802 1315 25
T 107.806 2 801 1315 25
T 107.827 5 804 1314 25
T 107.827 6 803 1315 25
T 107.827 1 803 1315 25
T 107.827 7 803 1315 25
T 107.827 8 803 1315 25
T 107.827 4 803 1315 25
T 107.827 3 803 1315 25
T 107.827 2 802 1315 25
T 107.848 5 805 1314 25
T 107.848 6 804 1315 25
T 107.848 1 804 1315 25
T 107.848 7 804 1315 25
T 107.848 8 804 1315 25
T 107.848 4 804 1315 25
T 107.848 3 804 1315 25
T 107.848 2 803 1315 25
T 107.869 5 806 1314 25
T 107.869 6 805 1315 25
T 107.869 1 805 1315 25
T 107.869 7 805 1315 25
T 107.869 8 805 1315 25
T 107.870 4 805 1315 25
T 107.870 3 805 1315 25
T 107.870 2 804 1315 25
T 107.890 5 807 1314 25
T 107.890 6 806 1315 25
T 107.890 1 806 1315 25
T 107.890 7 806 1315 25
T 107.890 8 806 1315 25
T 107.890 4 806 1315 25
T 107.891 3 806 1315 25
T 107.891 2 805 1315 25
T 107.911 5 808 1314 25
T 107.911 6 807 1315 25
T 107.911 1 807 1315 25
T 107.911 7 807 1315 25
T 107.911 8 807 1315 25
T 107.912 4 807 1315 25
T 107.912 3 807 1315 25
T 107.912 2 806 1315 25
T 107.932 5 809 1314 25
T 107.932 6 808 1315 25
T 107.932 1 808 1315 25
T 107.932 7 808 1315 25
T 107.932 8 808 1315 25
T 107.933 4 808 1315 25
T 107.933 3 808 1315 25
T 107.933 2 807 1315 25
T 107.953 5 810 1314 25
T 107.953 6 809 1315 25
T 107.953 1 809 1315 25
T 107.954 7 809 1315 25
T 107.954 8 809 1315 25
T 107.954 4 809 1315 25
T 107.954 3 809 1315 25
T 107.954 2 808 1315 25
T 107.974 5 811 1314 25
T 107.974 6 810 1315 25
T 107.975 1 810 1315 25
T 107.975 7 810 1315 25
T 107.975 8 810 1315 25
T 107.975 4 810 1315 25
T 107.975 3 810 1315 25
T 107.975 2 809 1315 25
T 107.995 5 812 1314 25
T 107.995 6 811 1315 25
T 107.995 1 811 1315 25
T 107.995 7 811 1315 25
T 107.995 8 811 1315 25
T 107.996 4 811 1315 25
T 107.996 3 811 1315 25
T 107.996 2 810 1315 25
T 108.016 5 813 1314 25
T 108.016 6 812 1315 25
T 108.016 1 812 1315 25
T 108.017 7 812 1315 25
T 108.017 8 812 1315 25
T 108.017 4 812 1315 25
T 108.017 3 812 1315 25
T 108.017 2 811 1315 25
T 108.037 5 814 1314 25
T 108.037 6 813 1315 25
T 108.038 1 813 1315 25
T 108.038 7 813 1315 25
T 108.038 8 813 1315 25
T 108.038 4 813 1315 25
T 108.038 3 813 1315 25
T 108.038 2 812 1315 25
T 108.058 5 815 1314 25
T 108.059 6 814 1315 25
T 108.059 1 814 1315 25
T 108.059 7 814 1315 25
T 108.059 8 814 1315 25
T 108.059 4 814 1315 25
T 108.059 3 814 1315 25
T 108.059 2 813 1315 25
T 108.080 5 816 1314 25
T 108.080 6 815 1315 25
T 108.080 1 815 1315 25
T 108.080 7 815 1315 25
T 108.080 8 815 1315 25
T 108.080 4 815 1315 25
T 108.080 3 815 1315 25
T 108.080 2 814 1315 25
T 108.101 5 817 1314 25
T 108.101 6 816 1315 25
T 108.101 1 816 1315 25
T 108.101 7 816 1315 25
T 108.101 8 816 1315 25
T 108.101 4 816 1315 25
T 108.101 3 816 1315 25
T 108.101 2 815 1315 25
T 108.122 5 818 1314 25
T 108.122 6 817 1315 25
T 108.122 1 817 1315 25
T 108.122 7 817 1315 25
T 108.122 8 817 1315 25
T 108.122 4 817 1315 25
T 108.122 3 817 1315 25
T 108.122 2 816 1315 25
T 108.143 5 819 1314 25
T 108.143 6 818 1315 25
T 108.143 1 818 1315 25
T 108.143 7 818 1315 25
T 108.143 8 818 1315 25
T 108.143 4 818 1315 25
T 108.143 3 818 1315 25
T 108.143 2 817 1315 25
T 108.164 5 820 1314 25
T 108.164 6 819 1315 25
T 108.164 1 819 1315 25
T 108.164 7 819 1315 25
T 108.164 8 819 1315 25
T 108.164 4 819 1315 25
T 108.164 3 819 1315 25
T 108.165 2 818 1315 25
T 108.185 5 821 1314 25
T 108.185 6 820 1315 25
T 108.185 1 820 1315 25
T 108.185 7 820 1315 25
T 108.185 8 820 1315 25
T 108.185 4 820 1315 25
T 108.186 3 820 1315 25
T 108.186 2 819 1315 25
T 108.206 5 822 1314 25
T 108.206 6 821 1315 25
T 108.207 1 821 1315 25
T 108.207 7 821 1315 25
T 108.207 8 821 1315 25
T 108.207 4 821 1315 25
T 108.207 3 821 1315 25
T 108.207 2 820 1315 25
T 108.227 5 823 1314 25
T 108.227 6 822 1315 25
T 108.228 1 822 1315 25
T 108.228 7 822 1315 25
T 108.228 8 822 1315 25
T 108.228 4 822 1315 25
T 108.228 3 822 1315 25
T 108.228 2 821 1315 25
T 108.248 5 824 1314 25
T 108.249 6 823 1315 25
T 108.249 1 823 1315 25
T 108.249 7 823 1315 25
T 108.249 8 823 1315 25
T 108.249 4 823 1315 25
T 108.249 3 823 1315 25
T 108.249 2 822 1315 25
T 108.270 5 825 1314 25
T 108.270 6 824 1315 25
T 108.270 1 824 1315 25
T 108.270 7 824 1315 25
T 108.270 8 824 1315 25
T 108.270 4 824 1315 25
T 108.270 3 824 1315 25
T 108.270 2 823 1315 25
T 108.291 6 825 1315 25
T 108.291 1 825 1315 25
T 108.291 7 825 1315 25
T 108.291 8 825 1315 25
T 108.291 4 825 1315 25
T 108.291 3 825 1315 25
T 108.291 2 824 1315 25
T 108.310 2 825 1315 25
P 108.970 7
P 108.970 8
F 108.970 7 26
P 108.970 1
F 108.971 8 26
P 108.973 2
F 108.975 1 26
P 108.975 3
F 108.975 2 26
P 108.977 4
F 108.978 3 26
P 108.978 5
F 108.979 4 26
P 108.980 6
F 108.982 5 26
F 108.985 6 26
T 109.467 5 826 1367 26
T 109.554 5 827 1367 26
T 109.554 6 826 1368 26
T 109.554 1 826 1368 26
T 109.554 7 826 1368 26
T 109.554 8 826 1368 26
T 109.554 4 826 1368 26
T 109.554 3 826 1368 26
T 109.555 2 826 1368 26
T 109.574 5 828 1367 26
T 109.575 6 827 1368 26
T 109.575 1 827 1368 26
T 109.575 7 827 1368 26
T 109.575 8 827 1368 26
T 109.575 4 827 1368 26
T 109.575 3 827 1368 26
T 109.575 2 827 1368 26
T 109.595 5 829 1367 26
T 109.595 6 828 1368 26
T 109.595 1 828 1368 26
T 109.595 7 828 1368 26
T 109.596 8 828 1368 26
T 109.596 4 828 1368 26
T 109.596 3 828 1368 26
T 109.596 2 828 1368 26
T 109.616 5 830 1367 26
T 109.616 6 829 1368 26
T 109.616 1 829 1368 26
T 109.617 7 829 1368 26
T 109.617 8 829 1368 26
T 109.617 4 829 1368 26
T 109.617 3 829 1368 26
T 109.617 2 829 1368 26
T 109.637 5 831 1367 26
T 109.637 6 830 1368 26
T 109.638 1 830 1368 26
T 109.638 7 830 1368 26
T 109.638 8 830 1368 26
T 109.638 4 830 1368 26
T 109.638 3 830 1368 26
T 109.638 2 830 1368 26
T 109.658 5 832 1367 26
T 109.659 6 831 1368 26
T 109.659 1 831 1368 26
T 109.659 7 831 1368 26
T 109.659 8 831 1368 26
T 109.659 4 831 1368 26
T 109.659 3 831 1368 26
T 109.659 2 831 1368 26
T 109.680 5 833 1367 26
T 109.680 6 832 1368 26
T 109.680 1 832 1368 26
T 109.680 7 832 1368 26
T 109.680 8 832 1368 26
T 109.680 4 832 1368 26
T 109.680 3 832 1368 26
T 109.680 2 832 1368 26
T 109.701 5 834 1367 26
T 109.701 6 833 1368 26
T 109.701 1 833 1368 26
T 109.701 7 833 1368 26
T 109.701 8 833 1368 26
T 109.701 4 833 1368 26
T 109.701 3 833 1368 26
T 109.701 2 833 1368 26
T 109.722 5 835 1367 26
T 109.722 6 834 1368 26
T 109.722 1 834 1368 26
T 109.722 7 834 1368 26
T 109.722 8 834 1368 26
T 109.722 4 834 1368 26
T 109.722 3 834 1368 26
T 109.722 2 834 1368 26
T 109.743 5 836 1367 26
T 109.743 6 835 1368 26
T 109.743 1 835 1368 26
T 109.743 7 835 1368 26
T 109.743 8 835 1368 26
T 109.743 4 835 1368 26
T 109.743 3 835 1368 26
T 109.743 2 835 1368 26
T 109.764 5 837 1367 26
T 109.764 6 836 1368 26
T 109.764 1 836 1368 26
T 109.764 7 836 1368 26
T 109.764 8 836 1368 26
T 109.764 4 836 1368 26
T 109.764 3 836 1368 26
T 109.764 2 836 1368 26
T 109.785 5 838 1367 26
T 109.785 6 837 1368 26
T 109.785 1 837 1368 26
T 109.785 7 837 1368 26
T 109.785 8 837 1368 26
T 109.786 4 837 1368 26
T 109.786 3 837 1368 26
T 109.786 2 837 1368 26
T 109.806 5 839 1367 26
T 109.806 6 838 1368 26
T 109.806 1 838 1368 26
T 109.806 7 838 1368 26
T 109.807 8 838 1368 26
T 109.807 4 838 1368 26
T 109.807 3 838 1368 26
T 109.807 2 838 1368 26
T 109.827 5 840 1367 26
T 109.827 6 839 1368 26
T 109.827 1 839 1368 26
T 109.828 7 839 1368 26
T 109.828 8 839 1368 26
T 109.828 4 839 1368 26
T 109.828 3 839 1368 26
T 109.828 2 839 1368 26
T 109.848 5 841 1367 26
T 109.848 6 840 1368 26
T 109.849 1 840 1368 26
T 109.849 7 840 1368 26
T 109.849 8 840 1368 26
T 109.849 4 840 1368 26
T 109.849 3 840 1368 26
T 109.849 2 840 1368 26
T 109.869 5 842 1367 26
T 109.870 6 841 1368 26
T 109.870 1 841 1368 26
T 109.870 7 841 1368 26
T 109.870 8 841 1368 26
T 109.870 4 841 1368 26
T 109.870 3 841 1368 26
T 109.870 2 841 1368 26
T 109.891 5 843 1367 26
T 109.891 6 842 1368 26
T 109.891 1 842 1368 26
T 109.891 7 842 1368 26
T 109.891 8 842 1368 26
T 109.891 4 842 1368 26
T 109.891 3 842 1368 26
T 109.891 2 842 1368 26
T 109.912 5 844 1367 26
T 109.912 6 843 1368 26
T 109.912 1 843 1368 26
T 109.912 7 843 1368 26
T 109.912 8 843 1368 26
T 109.912 4 843 1368 26
T 109.912 3 843 1368 26
T 109.912 2 843 1368 26
T 109.933 5 845 1367 26
T 109.933 6 844 1368 26
T 109.933 1 844 1368 26
T 109.933 7 844 1368 26
T 109.933 8 844 1368 26
T 109.933 4 844 1368 26
T 109.933 3 844 1368 26
T 109.933 2 844 1368 26
T 109.954 5 846 1367 26
T 109.954 6 845 1368 26
T 109.954 1 845 1368 26
T 109.954 7 845 1368 26
T 109.954 8 845 1368 26
T 109.954 4 845 1368 26
T 109.954 3 845 1368 26
T 109.954 2 845 1368 26
T 109.975 5 847 1367 26
T 109.975 6 846 1368 26
T 109.975 1 846 1368 26
T 109.975 7 846 1368 26
T 109.975 8 846 1368 26
T 109.975 4 846 1368 26
T 109.975 3 846 1368 26
T 109.975 2 846 1368 26
T 109.996 5 848 1367 26
T 109.996 6 847 1368 26
T 109.996 1 847 1368 26
T 109.996 7 847 1368 26
T 109.996 8 847 1368 26
T 109.996 4 847 1368 26
T 109.997 3 847 1368 26
T 109.997 2 847 1368 26
T 110.017 5 849 1367 26
T 110.017 6 848 1368 26
T 110.017 1 848 1368 26
T 110.018 7 848 1368 26
T 110.018 8 848 1368 26
T 110.018 4 848 1368 26
T 110.018 3 848 1368 26
T 110.018 2 848 1368 26
T 110.038 5 850 1367 26
T 110.039 6 849 1368 26
T 110.039 1 849 1368 26
T 110.039 7 849 1368 26
T 110.039 8 849 1368 26
T 110.039 4 849 1368 26
T 110.039 3 849 1368 26
T 110.039 2 849 1368 26
T 110.059 5 851 1367 26
T 110.059 6 850 1368 26
T 110.060 1 850 1368 26
T 110.060 7 850 1368 26
T 110.060 8 850 1368 26
T 110.060 4 850 1368 26
T 110.060 3 850 1368 26
T 110.060 2 850 1368 26
T 110.080 5 852 1367 26
T 110.081 6 851 1368 26
T 110.081 1 851 1368 26
T 110.081 7 851 1368 26
T 110.081 8 851 1368 26
T 110.081 4 851 1368 26
T 110.081 3 851 1368 26
T 110.081 2 851 1368 26
T 110.102 5 853 1367 26
T 110.102 6 852 1368 26
T 110.102 1 852 1368 26
T 110.102 7 852 1368 26
T 110.102 8 852 1368 26
T 110.102 4 852 1368 26
T 110.102 3 852 1368 26
T 110.102 2 852 1368 26
T 110.123 5 854 1367 26
T 110.123 6 853 1368 26
T 110.123 1 853 1368 26
T 110.123 7 853 1368 26
T 110.123 8 853 1368 26
T 110.123 4 853 1368 26
T 110.123 3 853 1368 26
T 110.123 2 853 1368 26
T 110.144 5 855 1367 26
T 110.144 6 854 1368 26
T 110.144 1 854 1368 26
T 110.144 7 854 1368 26
T 110.144 8 854 1368 26
T 110.144 4 854 1368 26
T 110.144 3 854 1368 26
T 110.144 2 854 1368 26
T 110.165 5 856 1367 26
T 110.165 6 855 1368 26
T 110.165 1 855 1368 26
T 110.165 7 855 1368 26
T 110.165 8 855 1368 26
T 110.165 4 855 1368 26
T 110.165 3 855 1368 26
T 110.165 2 855 1368 26
T 110.186 5 857 1367 26
T 110.186 6 856 1368 26
T 110.186 1 856 1368 26
T 110.186 7 856 1368 26
T 110.186 8 856 1368 26
T 110.186 4 856 1368 26
T 110.186 3 856 1368 26
T 110.187 2 856 1368 26
T 110.207 5 858 1367 26
T 110.207 6 857 1368 26
T 110.207 1 857 1368 26
T 110.207 7 857 1368 26
T 110.207 8 857 1368 26
T 110.207 4 857 1368 26
T 110.207 3 857 1368 26
T 110.208 2 857 1368 26
T 110.228 6 858 1368 26
T 110.228 1 858 1368 26
T 110.229 7 858 1368 26
T 110.229 8 858 1368 26
T 110.229 4 858 1368 26
T 110.229 3 858 1368 26
T 110.229 2 858 1368 26
P 110.972 7
P 110.973 8
F 110.973 7 27
P 110.973 1
F 110.974 8 27
P 110.975 2
F 110.976 1 27
P 110.977 3
F 110.978 2 27
P 110.983 4
P 110.985 5
F 110.985 3 27
P 110.986 6
F 110.986 4 27
F 110.989 5 27
F 110.992 6 27
T 111.511 3 859 1421 27
T 111.598 3 860 1421 27
T 111.598 5 859 1420 27
T 111.598 6 859 1421 27
T 111.598 1 859 1421 27
T 111.598 7 859 1421 27
T 111.598 8 859 1421 27
T 111.598 4 859 1421 27
T 111.599 2 859 1421 27
T 111.619 3 861 1421 27
T 111.619 5 860 1420 27
T 111.619 6 860 1421 27
T 111.619 1 860 1421 27
T 111.619 7 860 1421 27
T 111.619 8 860 1421 27
T 111.619 4 860 1421 27
T 111.619 2 860 1421 27
T 111.640 3 862 1421 27
T 111.640 5 861 1420 27
T 111.640 6 861 1421 27
T 111.640 1 861 1421 27
T 111.640 7 861 1421 27
T 111.640 8 861 1421 27
T 111.640 4 861 1421 27
T 111.640 2 861 1421 27
T 111.661 3 863 1421 27
T 111.661 5 862 1420 27
T 111.661 6 862 1421 27
T 111.661 1 862 1421 27
T 111.661 7 862 1421 27
T 111.661 8 862 1421 27
T 111.661 4 862 1421 27
T 111.661 2 862 1421 27
T 111.682 3 864 1421 27
T 111.682 5 863 1420 27
T 111.682 6 863 1421 27
T 111.682 1 863 1421 27
T 111.682 7 863 1421 27
T 111.682 8 863 1421 27
T 111.682 4 863 1421 27
T 111.682 2 863 1421 27
T 111.703 3 865 1421 27
T 111.703 5 864 1420 27
T 111.703 6 864 1421 27
T 111.703 1 864 1421 27
T 111.703 7 864 1421 27
T 111.704 8 864 1421 27
T 111.704 4 864 1421 27
T 111.704 2 864 1421 27
T 111.724 3 866 1421 27
T 111.724 5 865 1420 27
T 111.724 6 865 1421 27
T 111.724 1 865 1421 27
T 111.724 7 865 1421 27
T 111.724 8 865 1421 27
T 111.724 4 865 1421 27
T 111.724 2 865 1421 27
T 111.745 3 867 1421 27
T 111.745 5 866 1420 27
T 111.745 6 866 1421 27
T 111.745 1 866 1421 27
T 111.745 7 866 1421 27
T 111.745 8 866 1421 27
T 111.745 4 866 1421 27
T 111.746 2 866 1421 27
T 111.766 3 868 1421 27
T 111.766 5 867 1420 27
T 111.766 6 867 1421 27
T 111.766 1 867 1421 27
T 111.767 7 867 1421 27
T 111.767 8 867 1421 27
T 111.767 4 867 1421 27
T 111.767 2 867 1421 27
T 111.787 3 869 1421 27
T 111.787 5 868 1420 27
T 111.787 6 868 1421 27
T 111.788 1 868 1421 27
T 111.788 7 868 1421 27
T 111.788 8 868 1421 27
T 111.788 4 868 1421 27
T 111.788 2 868 1421 27
T 111.808 3 870 1421 27
T 111.809 5 869 1420 27
T 111.809 6 869 1421 27
T 111.809 1 869 1421 27
T 111.809 7 869 1421 27
T 111.809 8 869 1421 27
T 111.809 4 869 1421 27
T 111.809 2 869 1421 27
T 111.830 3 871 1421 27
T 111.830 5 870 1420 27
T 111.830 6 870 1421 27
T 111.830 1 870 1421 27
T 111.830 7 870 1421 27
T 111.830 8 870 1421 27
T 111.830 4 870 1421 27
T 111.830 2 870 1421 27
T 111.851 3 872 1421 27
T 111.851 5 871 1420 27
T 111.851 6 871 1421 27
T 111.851 1 871 1421 27
T 111.851 7 871 1421 27
T 111.851 8 871 1421 27
T 111.851 4 871 1421 27
T 111.851 2 871 1421 27
T 111.872 3 873 1421 27
T 111.872 5 872 1420 27
T 111.872 6 872 1421 27
T 111.872 1 872 1421 27
T 111.872 7 872 1421 27
T 111.872 8 872 1421 27
T 111.872 4 872 1421 27
T 111.872 2 872 1421 27
T 111.893 3 874 1421 27
T 111.893 5 873 1420 27
T 111.893 6 873 1421 27
T 111.893 1 873 1421 27
T 111.893 7 873 1421 27
T 111.893 8 873 1421 27
T 111.893 4 873 1421 27
T 111.894 2 873 1421 27
T 111.914 3 875 1421 27
T 111.914 5 874 1420 27
T 111.914 6 874 1421 27
T 111.914 1 874 1421 27
T 111.914 7 874 1421 27
T 111.914 8 874 1421 27
T 111.915 4 874 1421 27
T 111.915 2 874 1421 27
T 111.935 3 876 1421 27
T 111.935 5 875 1420 27
T 111.936 6 875 1421 27
T 111.936 1 875 1421 27
T 111.936 7 875 1421 27
T 111.936 8 875 1421 27
T 111.936 4 875 1421 27
T 111.936 2 875 1421 27
T 111.956 3 877 1421 27
T 111.957 5 876 1420 27
T 111.957 6 876 1421 27
T 111.957 1 876 1421 27
T 111.957 7 876 1421 27
T 111.957 8 876 1421 27
T 111.957 4 876 1421 27
T 111.957 2 876 1421 27
T 111.986 3 878 1421 27
T 111.986 5 877 1420 27
T 111.986 6 877 1421 27
T 111.986 1 877 1421 27
T 111.986 7 877 1421 27
T 111.986 8 877 1421 27
T 111.986 4 877 1421 27
T 111.986 2 877 1421 27
T 111.999 3 879 1421 27
T 111.999 5 878 1420 27
T 111.999 6 878 1421 27
T 111.999 1 878 1421 27
T 111.999 7 878 1421 27
T 111.999 8 878 1421 27
T 111.999 4 878 1421 27
T 111.999 2 878 1421 27
T 112.020 3 880 1421 27
T 112.020 5 879 1420 27
T 112.020 6 879 1421 27
T 112.020 1 879 1421 27
T 112.020 7 879 1421 27
T 112.020 8 879 1421 27
T 112.020 4 879 1421 27
T 112.020 2 879 1421 27
T 112.041 3 881 1421 27
T 112.041 5 880 1420 27
T 112.041 6 880 1421 27
T 112.041 1 880 1421 27
T 112.041 7 880 1421 27
T 112.041 8 880 1421 27
T 112.041 4 880 1421 27
T 112.042 2 880 1421 27
T 112.062 3 882 1421 27
T 112.062 5 881 1420 27
T 112.062 6 881 1421 27
T 112.062 1 881 1421 27
T 112.063 7 881 1421 27
T 112.063 8 881 1421 27
T 112.063 4 881 1421 27
T 112.063 2 881 1421 27
T 112.083 3 883 1421 27
T 112.083 5 882 1420 27
T 112.084 6 882 1421 27
T 112.084 1 882 1421 27
T 112.084 7 882 1421 27
T 112.084 8 882 1421 27
T 112.084 4 882 1421 27
T 112.084 2 882 1421 27
T 112.104 3 884 1421 27
T 112.104 5 883 1420 27
T 112.105 6 883 1421 27
T 112.105 1 883 1421 27
T 112.105 7 883 1421 27
T 112.105 8 883 1421 27
T 112.105 4 883 1421 27
T 112.105 2 883 1421 27
T 112.126 3 885 1421 27
T 112.126 5 884 1420 27
T 112.126 6 884 1421 27
T 112.126 1 884 1421 27
T 112.126 7 884 1421 27
T 112.126 8 884 1421 27
T 112.126 4 884 1421 27
T 112.126 2 884 1421 27
T 112.147 3 886 1421 27
T 112.147 5 885 1420 27
T 112.147 6 885 1421 27
T 112.147 1 885 1421 27
T 112.147 7 885 1421 27
T 112.147 8 885 1421 27
T 112.147 4 885 1421 27
T 112.147 2 885 1421 27
T 112.168 3 887 1421 27
T 112.168 5 886 1420 27
T 112.168 6 886 1421 27
T 112.168 1 886 1421 27
T 112.168 7 886 1421 27
T 112.168 8 886 1421 27
T 112.168 4 886 1421 27
T 112.168 2 886 1421 27
T 112.189 3 888 1421 27
T 112.189 5 887 1420 27
T 112.189 6 887 1421 27
T 112.189 1 887 1421 27
T 112.189 7 887 1421 27
T 112.189 8 887 1421 27
T 112.189 4 887 1421 27
T 112.190 2 887 1421 27
T 112.210 3 889 1421 27
T 112.210 5 888 1420 27
T 112.210 6 888 1421 27
T 112.210 1 888 1421 27
T 112.210 7 888 1421 27
T 112.210 8 888 1421 27
T 112.211 4 888 1421 27
T 112.211 2 888 1421 27
T 112.231 3 890 1421 27
T 112.231 5 889 1420 27
T 112.231 6 889 1421 27
T 112.232 1 889 1421 27
T 112.232 7 889 1421 27
T 112.232 8 889 1421 27
T 112.232 4 889 1421 27
T 112.232 2 889 1421 27
T 112.252 3 891 1421 27
T 112.252 5 890 1420 27
T 112.252 6 890 1421 27
T 112.253 1 890 1421 27
T 112.253 7 890 1421 27
T 112.253 8 890 1421 27
T 112.253 4 890 1421 27
T 112.253 2 890 1421 27
T 112.274 5 891 1420 27
T 112.274 6 891 1421 27
T 112.274 1 891 1421 27
T 112.274 7 891 1421 27
T 112.274 8 891 1421 27
T 112.274 4 891 1421 27
T 112.274 2 891 1421 27
P 112.972 4
P 112.972 5
P 112.972 6
P 112.972 7
P 112.972 8
P 112.972 1
P 112.973 2
F 112.973 4 28
P 112.973 3
F 112.973 5 28
F 112.976 6 28
F 112.977 7 28
F 112.978 8 28
F 112.979 1 28
F 112.980 2 28
F 112.983 3 28
T 113.508 7 892 1473 28
T 113.634 7 893 1473 28
T 113.634 5 892 1473 28
T 113.635 6 892 1473 28
T 113.635 1 892 1474 28
T 113.635 4 892 1474 28
T 113.635 2 892 1474 28
T 113.684 7 894 1473 28
T 113.684 5 893 1473 28
T 113.684 6 893 1473 28
T 113.684 1 893 1474 28
T 113.684 4 893 1474 28
T 113.684 2 893 1474 28
T 113.684 3 892 1473 28
T 113.696 7 895 1473 28
T 113.696 5 894 1473 28
T 113.696 6 894 1473 28
T 113.696 1 894 1474 28
T 113.696 4 894 1474 28
T 113.696 2 894 1474 28
T 113.696 3 893 1473 28
T 113.697 8 892 1474 28
T 113.717 7 896 1473 28
T 113.717 5 895 1473 28
T 113.717 6 895 1473 28
T 113.717 1 895 1474 28
T 113.717 4 895 1474 28
T 113.717 2 895 1474 28
T 113.717 3 894 1473 28
T 113.717 8 893 1474 28
T 113.738 7 897 1473 28
T 113.738 5 896 1473 28
T 113.738 6 896 1473 28
T 113.738 1 896 1474 28
T 113.738 4 896 1474 28
T 113.738 2 896 1474 28
T 113.738 3 895 1473 28
T 113.739 8 894 1474 28
T 113.759 7 898 1473 28
T 113.759 5 897 1473 28
T 113.759 6 897 1473 28
T 113.759 1 897 1474 28
T 113.759 4 897 1474 28
T 113.759 2 897 1474 28
T 113.760 3 896 1473 28
T 113.760 8 895 1474 28
T 113.780 7 899 1473 28
T 113.780 5 898 1473 28
T 113.780 6 898 1473 28
T 113.780 1 898 1474 28
T 113.780 4 898 1474 28
T 113.781 2 898 1474 28
T 113.781 3 897 1473 28
T 113.781 8 896 1474 28
T 113.801 7 900 1473 28
T 113.801 5 899 1473 28
T 113.801 6 899 1473 28
T 113.802 1 899 1474 28
T 113.802 4 899 1474 28
T 113.802 2 899 1474 28
T 113.802 3 898 1473 28
T 113.802 8 897 1474 28
T 113.822 7 901 1473 28
T 113.823 5 900 1473 28
T 113.823 6 900 1473 28
T 113.823 1 900 1474 28
T 113.823 4 900 1474 28
T 113.823 2 900 1474 28
T 113.823 3 899 1473 28
T 113.823 8 898 1474 28
T 113.844 7 902 1473 28
T 113.844 5 901 1473 28
T 113.844 6 901 1473 28
T 113.844 1 901 1474 28
T 113.844 4 901 1474 28
T 113.844 2 901 1474 28
T 113.844 3 900 1473 28
T 113.844 8 899 1474 28
T 113.865 7 903 1473 28
T 113.865 5 902 1473 28
T 113.865 6 902 1473 28
T 113.865 1 902 1474 28
T 113.865 4 902 1474 28
T 113.865 2 902 1474 28
T 113.865 3 901 1473 28
T 113.865 8 900 1474 28
T 113.886 7 904 1473 28
T 113.886 5 903 1473 28
T 113.886 6 903 1473 28
T 113.886 1 903 1474 28
T 113.886 4 903 1474 28
T 113.886 2 903 1474 28
T 113.886 3 902 1473 28
T 113.886 8 901 1474 28
T 113.907 7 905 1473 28
T 113.907 5 904 1473 28
T 113.907 6 904 1473 28
T 113.907 1 904 1474 28
T 113.907 4 904 1474 28
T 113.907 2 904 1474 28
T 113.908 3 903 1473 28
T 113.908 8 902 1474 28
T 113.928 7 906 1473 28
T 113.928 5 905 1473 28
T 113.928 6 905 1473 28
T 113.928 1 905 1474 28
T 113.928 4 905 1474 28
T 113.929 2 905 1474 28
T 113.929 3 904 1473 28
T 113.929 8 903 1474 28
T 113.949 7 907 1473 28
T 113.949 5 906 1473 28
T 113.949 6 906 1473 28
T 113.949 1 906 1474 28
T 113.950 4 906 1474 28
T 113.950 2 906 1474 28
T 113.950 3 905 1473 28
T 113.950 8 904 1474 28
T 113.970 7 908 1473 28
T 113.970 5 907 1473 28
T 113.970 6 907 1473 28
T 113.970 1 907 1474 28
T 113.971 4 907 1474 28
T 113.971 2 907 1474 28
T 113.971 3 906 1473 28
T 113.971 8 905 1474 28
T 113.991 7 909 1473 28
T 113.991 5 908 1473 28
T 113.992 6 908 1473 28
T 113.992 1 908 1474 28
T 113.992 4 908 1474 28
T 113.992 2 908 1474 28
T 113.992 3 907 1473 28
T 113.992 8 906 1474 28
T 114.012 7 910 1473 28
T 114.013 5 909 1473 28
T 114.013 6 909 1473 28
T 114.013 1 909 1474 28
T 114.013 4 909 1474 28
T 114.013 2 909 1474 28
T 114.013 3 908 1473 28
T 114.013 8 907 1474 28
T 114.034 7 911 1473 28
T 114.034 5 910 1473 28
T 114.034 6 910 1473 28
T 114.034 1 910 1474 28
T 114.034 4 910 1474 28
T 114.035 2 910 1474 28
T 114.035 3 909 1473 28
T 114.035 8 908 1474 28
T 114.055 7 912 1473 28
T 114.055 5 911 1473 28
T 114.055 6 911 1473 28
T 114.055 1 911 1474 28
T 114.055 4 911 1474 28
T 114.055 2 911 1474 28
T 114.055 3 910 1473 28
T 114.055 8 909 1474 28
T 114.076 7 913 1473 28
T 114.076 5 912 1473 28
T 114.076 6 912 1473 28
T 114.076 1 912 1474 28
T 114.076 4 912 1474 28
T 114.076 2 912 1474 28
T 114.076 3 911 1473 28
T 114.076 8 910 1474 28
T 114.097 7 914 1473 28
T 114.097 5 913 1473 28
T 114.097 6 913 1473 28
T 114.097 1 913 1474 28
T 114.097 4 913 1474 28
T 114.098 2 913 1474 28
T 114.098 3 912 1473 28
T 114.098 8 911 1474 28
T 114.118 7 915 1473 28
T 114.118 5 914 1473 28
T 114.118 6 914 1473 28
T 114.118 1 914 1474 28
T 114.118 4 914 1474 28
T 114.119 2 914 1474 28
T 114.119 3 913 1473 28
T 114.119 8 912 1474 28
T 114.139 7 916 1473 28
T 114.139 5 915 1473 28
T 114.140 6 915 1473 28
T 114.140 1 915 1474 28
T 114.140 4 915 1474 28
T 114.140 2 915 1474 28
T 114.140 3 914 1473 28
T 114.140 8 913 1474 28
T 114.160 7 917 1473 28
T 114.161 5 916 1473 28
T 114.161 6 916 1473 28
T 114.161 1 916 1474 28
T 114.161 4 916 1474 28
T 114.161 2 916 1474 28
T 114.161 3 915 1473 28
T 114.161 8 914 1474 28
T 114.181 7 918 1473 28
T 114.182 5 917 1473 28
T 114.182 6 917 1473 28
T 114.182 1 917 1474 28
T 114.182 4 917 1474 28
T 114.182 2 917 1474 28
T 114.182 3 916 1473 28
T 114.182 8 915 1474 28
T 114.203 7 919 1473 28
T 114.203 5 918 1473 28
T 114.203 6 918 1473 28
T 114.203 1 918 1474 28
T 114.203 4 918 1474 28
T 114.203 2 918 1474 28
T 114.203 3 917 1473 28
T 114.203 8 916 1474 28
T 114.224 7 920 1473 28
T 114.224 5 919 1473 28
T 114.224 6 919 1473 28
T 114.224 1 919 1474 28
T 114.224 4 919 1474 28
T 114.224 2 919 1474 28
T 114.224 3 918 1473 28
T 114.224 8 917 1474 28
T 114.245 7 921 1473 28
T 114.245 5 920 1473 28
T 114.245 6 920 1473 28
T 114.245 1 920 1474 28
T 114.246 4 920 1474 28
T 114.246 2 920 1474 28
T 114.246 3 919 1473 28
T 114.246 8 918 1474 28
T 114.266 7 922 1473 28
T 114.266 5 921 1473 28
T 114.266 6 921 1473 28
T 114.266 1 921 1474 28
T 114.267 4 921 1474 28
T 114.267 2 921 1474 28
T 114.267 3 920 1473 28
T 114.267 8 919 1474 28
T 114.287 7 923 1473 28
T 114.288 5 922 1473 28
T 114.288 6 922 1473 28
T 114.288 1 922 1474 28
T 114.288 4 922 1474 28
T 114.288 2 922 1474 28
T 114.288 3 921 1473 28
T 114.288 8 920 1474 28
T 114.309 7 924 1473 28
T 114.309 5 923 1473 28
T 114.309 6 923 1473 28
T 114.309 1 923 1474 28
T 114.309 4 923 1474 28
T 114.309 2 923 1474 28
T 114.309 3 922 1473 28
T 114.309 8 921 1474 28
T 114.330 5 924 1473 28
T 114.330 6 924 1473 28
T 114.330 1 924 1474 28
T 114.330 4 924 1474 28
T 114.330 2 924 1474 28
T 114.330 3 923 1473 28
T 114.330 8 922 1474 28
T 114.350 3 924 1473 28
T 114.350 8 923 1474 28
T 114.370 8 924 1474 28
P 114.969 7
P 114.970 8
F 114.970 7 29
P 114.970 1
F 114.970 8 29
P 114.972 2
F 114.973 1 29
P 114.974 3
F 114.974 2 29
P 114.975 4
F 114.976 3 29
P 114.977 5
F 114.977 4 29
P 114.979 6
F 114.980 5 29
F 114.981 6 29
T 115.410 7 925 1526 29
T 115.471 7 926 1526 29
T 115.471 3 925 1526 29
T 115.558 7 927 1526 29
T 115.559 3 926 1526 29
T 115.559 5 925 1526 29
T 115.559 6 925 1526 29
T 115.559 1 925 1527 29
T 115.559 4 925 1527 29
T 115.559 2 925 1527 29
T 115.559 8 925 1527 29
T 115.579 7 928 1526 29
T 115.579 3 927 1526 29
T 115.579 5 926 1526 29
T 115.579 6 926 1526 29
T 115.579 1 926 1527 29
T 115.579 4 926 1527 29
T 115.579 2 926 1527 29
T 115.580 8 926 1527 29
T 115.600 7 929 1526 29
T 115.600 3 928 1526 29
T 115.600 5 927 1526 29
T 115.600 6 927 1526 29
T 115.600 1 927 1527 29
T 115.600 4 927 1527 29
T 115.600 2 927 1527 29
T 115.601 8 927 1527 29
T 115.621 7 930 1526 29
T 115.621 3 929 1526 29
T 115.621 5 928 1526 29
T 115.621 6 928 1526 29
T 115.621 1 928 1527 29
T 115.621 4 928 1527 29
T 115.621 2 928 1527 29
T 115.622 8 928 1527 29
T 115.642 7 931 1526 29
T 115.642 3 930 1526 29
T 115.642 5 929 1526 29
T 115.642 6 929 1526 29
T 115.643 1 929 1527 29
T 115.643 4 929 1527 29
T 115.643 2 929 1527 29
T 115.643 8 929 1527 29
T 115.663 7 932 1526 29
T 115.663 3 931 1526 29
T 115.663 5 930 1526 29
T 115.664 6 930 1526 29
T 115.664 1 930 1527 29
T 115.664 4 930 1527 29
T 115.664 2 930 1527 29
T 115.664 8 930 1527 29
T 115.684 7 933 1526 29
T 115.685 3 932 1526 29
T 115.685 5 931 1526 29
T 115.685 6 931 1526 29
T 115.685 1 931 1527 29
T 115.685 4 931 1527 29
T 115.685 2 931 1527 29
T 115.685 8 931 1527 29
T 115.706 7 934 1526 29
T 115.706 3 933 1526 29
T 115.706 5 932 1526 29
T 115.706 6 932 1526 29
T 115.706 1 932 1527 29
T 115.706 4 932 1527 29
T 115.706 2 932 1527 29
T 115.706 8 932 1527 29
T 115.727 7 935 1526 29
T 115.727 3 934 1526 29
T 115.727 5 933 1526 29
T 115.727 6 933 1526 29
T 115.727 1 933 1527 29
T 115.727 4 933 1527 29
T 115.727 2 933 1527 29
T 115.727 8 933 1527 29
T 115.748 7 936 1526 29
T 115.748 3 935 1526 29
T 115.748 5 934 1526 29
T 115.748 6 934 1526 29
T 115.748 1 934 1527 29
T 115.749 4 934 1527 29
T 115.749 2 934 1527 29
T 115.749 8 934 1527 29
T 115.769 7 937 1526 29
T 115.769 3 936 1526 29
T 115.769 5 935 1526 29
T 115.769 6 935 1526 29
T 115.769 1 935 1527 29
T 115.769 4 935 1527 29
T 115.770 2 935 1527 29
T 115.770 8 935 1527 29
T 115.790 7 938 1526 29
T 115.790 3 937 1526 29
T 115.790 5 936 1526 29
T 115.791 6 936 1526 29
T 115.791 1 936 1527 29
T 115.791 4 936 1527 29
T 115.791 2 936 1527 29
T 115.791 8 936 1527 29
T 115.811 7 939 1526 29
T 115.811 3 938 1526 29
T 115.812 5 937 1526 29
T 115.812 6 937 1526 29
T 115.812 1 937 1527 29
T 115.812 4 937 1527 29
T 115.812 2 937 1527 29
T 115.812 8 937 1527 29
T 115.833 7 940 1526 29
T 115.833 3 939 1526 29
T 115.833 5 938 1526 29
T 115.833 6 938 1526 29
T 115.833 1 938 1527 29
T 115.833 4 938 1527 29
T 115.833 2 938 1527 29
T 115.833 8 938 1527 29
T 115.854 7 941 1526 29
T 115.854 3 940 1526 29
T 115.854 5 939 1526 29
T 115.854 6 939 1526 29
T 115.854 1 939 1527 29
T 115.854 4 939 1527 29
T 115.854 2 939 1527 29
T 115.854 8 939 1527 29
T 115.875 7 942 1526 29
T 115.875 3 941 1526 29
T 115.875 5 940 1526 29
T 115.875 6 940 1526 29
T 115.875 1 940 1527 29
T 115.875 4 940 1527 29
T 115.875 2 940 1527 29
T 115.875 8 940 1527 29
T 115.896 7 943 1526 29
T 115.896 3 942 1526 29
T 115.896 5 941 1526 29
T 115.896 6 941 1526 29
T 115.896 1 941 1527 29
T 115.896 4 941 1527 29
T 115.896 2 941 1527 29
T 115.896 8 941 1527 29
T 115.917 7 944 1526 29
T 115.917 3 943 1526 29
T 115.917 5 942 1526 29
T 115.917 6 942 1526 29
T 115.917 1 942 1527 29
T 115.917 4 942 1527 29
T 115.918 2 942 1527 29
T 115.918 8 942 1527 29
T 115.938 7 945 1526 29
T 115.938 3 944 1526 29
T 115.938 5 943 1526 29
T 115.938 6 943 1526 29
T 115.938 1 943 1527 29
T 115.939 4 943 1527 29
T 115.939 2 943 1527 29
T 115.939 8 943 1527 29
T 115.959 7 946 1526 29
T 115.960 3 945 1526 29
T 115.960 5 944 1526 29
T 115.960 6 944 1526 29
T 115.960 1 944 1527 29
T 115.960 4 944 1527 29
T 115.960 2 944 1527 29
T 115.960 8 944 1527 29
T 115.980 7 947 1526 29
T 115.981 3 946 1526 29
T 115.981 5 945 1526 29
T 115.981 6 945 1526 29
T 115.981 1 945 1527 29
T 115.981 4 945 1527 29
T 115.981 2 945 1527 29
T 115.981 8 945 1527 29
T 116.002 7 948 1526 29
T 116.002 3 947 1526 29
T 116.002 5 946 1526 29
T 116.002 6 946 1526 29
T 116.002 1 946 1527 29
T 116.002 4 946 1527 29
T 116.002 2 946 1527 29
T 116.002 8 946 1527 29
T 116.023 7 949 1526 29
T 116.023 3 948 1526 29
T 116.023 5 947 1526 29
T 116.023 6 947 1526 29
T 116.023 1 947 1527 29
T 116.023 4 947 1527 29
T 116.023 2 947 1527 29
T 116.023 8 947 1527 29
T 116.044 7 950 1526 29
T 116.044 3 949 1526 29
T 116.044 5 948 1526 29
T 116.044 6 948 1526 29
T 116.044 1 948 1527 29
T 116.044 4 948 1527 29
T 116.044 2 948 1527 29
T 116.045 8 948 1527 29
T 116.065 7 951 1526 29
T 116.065 3 950 1526 29
T 116.065 5 949 1526 29
T 116.065 6 949 1526 29
T 116.065 1 949 1527 29
T 116.065 4 949 1527 29
T 116.066 2 949 1527 29
T 116.066 8 949 1527 29
T 116.086 7 952 1526 29
T 116.086 3 951 1526 29
T 116.086 5 950 1526 29
T 116.086 6 950 1526 29
T 116.087 1 950 1527 29
T 116.087 4 950 1527 29
T 116.087 2 950 1527 29
T 116.087 8 950 1527 29
T 116.107 7 953 1526 29
T 116.107 3 952 1526 29
T 116.107 5 951 1526 29
T 116.108 6 951 1526 29
T 116.108 1 951 1527 29
T 116.108 4 951 1527 29
T 116.108 2 951 1527 29
T 116.108 8 951 1527 29
T 116.128 7 954 1526 29
T 116.129 3 953 1526 29
T 116.129 5 952 1526 29
T 116.129 6 952 1526 29
T 116.129 1 952 1527 29
T 116.129 4 952 1527 29
T 116.129 2 952 1527 29
T 116.129 8 952 1527 29
T 116.150 7 955 1526 29
T 116.150 3 954 1526 29
T 116.150 5 953 1526 29
T 116.150 6 953 1526 29
T 116.150 1 953 1527 29
T 116.150 4 953 1527 29
T 116.150 2 953 1527 29
T 116.150 8 953 1527 29
T 116.171 7 956 1526 29
T 116.171 3 955 1526 29
T 116.171 5 954 1526 29
T 116.171 6 954 1526 29
T 116.171 1 954 1527 29
T 116.171 4 954 1527 29
T 116.171 2 954 1527 29
T 116.171 8 954 1527 29
T 116.192 7 957 1526 29
T 116.192 3 956 1526 29
T 116.192 5 955 1526 29
T 116.192 6 955 1526 29
T 116.192 1 955 1527 29
T 116.192 4 955 1527 29
T 116.192 2 955 1527 29
T 116.193 8 955 1527 29
T 116.213 3 957 1526 29
T 116.214 5 956 1526 29
T 116.214 6 956 1526 29
T 116.214 1 956 1527 29
T 116.214 4 956 1527 29
T 116.214 2 956 1527 29
T 116.214 8 956 1527 29
T 116.235 5 957 1526 29
T 116.235 6 957 1526 29
T 116.235 1 957 1527 29
T 116.235 4 957 1527 29
T 116.235 2 957 1527 29
T 116.235 8 957 1527 29
P 116.972 5
P 116.972 6
P 116.972 7
P 116.972 8
P 116.972 1
F 116.973 5 30
P 116.973 2
F 116.973 6 30
P 116.973 3
F 116.975 7 30
P 116.976 4
F 116.977 8 30
F 116.980 1 30
F 116.980 2 30
F 116.981 3 30
F 116.981 4 30
T 117.494 5 958 1579 30
T 117.613 5 959 1579 30
T 117.613 7 958 1579 30
T 117.613 3 958 1579 30
T 117.614 6 958 1579 30
T 117.614 1 958 1580 30
T 117.614 2 958 1580 30
T 117.614 8 958 1580 30
T 117.625 5 960 1579 30
T 117.625 7 959 1579 30
T 117.625 3 959 1579 30
T 117.625 6 959 1579 30
T 117.626 1 959 1580 30
T 117.626 2 959 1580 30
T 117.626 8 959 1580 30
T 117.626 4 958 1580 30
T 117.646 5 961 1579 30
T 117.646 7 960 1579 30
T 117.646 3 960 1579 30
T 117.646 6 960 1579 30
T 117.646 1 960 1580 30
T 117.646 2 960 1580 30
T 117.646 8 960 1580 30
T 117.647 4 959 1580 30
T 117.667 5 962 1579 30
T 117.667 7 961 1579 30
T 117.667 3 961 1579 30
T 117.667 6 961 1579 30
T 117.667 1 961 1580 30
T 117.667 2 961 1580 30
T 117.668 8 961 1580 30
T 117.668 4 960 1580 30
T 117.688 5 963 1579 30
T 117.688 7 962 1579 30
T 117.689 3 962 1579 30
T 117.689 6 962 1579 30
T 117.689 1 962 1580 30
T 117.689 2 962 1580 30
T 117.689 8 962 1580 30
T 117.689 4 961 1580 30
T 117.709 5 964 1579 30
T 117.710 7 963 1579 30
T 117.710 3 963 1579 30
T 117.710 6 963 1579 30
T 117.710 1 963 1580 30
T 117.710 2 963 1580 30
T 117.710 8 963 1580 30
T 117.710 4 962 1580 30
T 117.731 5 965 1579 30
T 117.731 7 964 1579 30
T 117.731 3 964 1579 30
T 117.731 6 964 1579 30
T 117.731 1 964 1580 30
T 117.731 2 964 1580 30
T 117.731 8 964 1580 30
T 117.731 4 963 1580 30
T 117.752 5 966 1579 30
T 117.752 7 965 1579 30
T 117.752 3 965 1579 30
T 117.752 6 965 1579 30
T 117.752 1 965 1580 30
T 117.752 2 965 1580 30
T 117.752 8 965 1580 30
T 117.752 4 964 1580 30
T 117.773 5 967 1579 30
T 117.773 7 966 1579 30
T 117.773 3 966 1579 30
T 117.773 6 966 1579 30
T 117.773 1 966 1580 30
T 117.773 2 966 1580 30
T 117.774 8 966 1580 30
T 117.774 4 965 1580 30
T 117.794 5 968 1579 30
T 117.794 7 967 1579 30
T 117.794 3 967 1579 30
T 117.794 6 967 1579 30
T 117.794 1 967 1580 30
T 117.795 2 967 1580 30
T 117.795 8 967 1580 30
T 117.795 4 966 1580 30
T 117.815 5 969 1579 30
T 117.816 7 968 1579 30
T 117.816 3 968 1579 30
T 117.816 6 968 1579 30
T 117.816 1 968 1580 30
T 117.816 2 968 1580 30
T 117.816 8 968 1580 30
T 117.816 4 967 1580 30
T 117.837 5 970 1579 30
T 117.837 7 969 1579 30
T 117.837 3 969 1579 30
T 117.837 6 969 1579 30
T 117.837 1 969 1580 30
T 117.837 2 969 1580 30
T 117.837 8 969 1580 30
T 117.837 4 968 1580 30
T 117.858 5 971 1579 30
T 117.858 7 970 1579 30
T 117.858 3 970 1579 30
T 117.858 6 970 1579 30
T 117.858 1 970 1580 30
T 117.858 2 970 1580 30
T 117.858 8 970 1580 30
T 117.858 4 969 1580 30
T 117.879 5 972 1579 30
T 117.879 7 971 1579 30
T 117.879 3 971 1579 30
T 117.879 6 971 1579 30
T 117.879 1 971 1580 30
T 117.879 2 971 1580 30
T 117.879 8 971 1580 30
T 117.880 4 970 1580 30
T 117.900 5 973 1579 30
T 117.900 7 972 1579 30
T 117.900 3 972 1579 30
T 117.900 6 972 1579 30
T 117.901 1 972 1580 30
T 117.901 2 972 1580 30
T 117.901 8 972 1580 30
T 117.901 4 971 1580 30
T 117.922 5 974 1579 30
T 117.922 7 973 1579 30
T 117.922 3 973 1579 30
T 117.922 6 973 1579 30
T 117.922 1 973 1580 30
T 117.922 2 973 1580 30
T 117.922 8 973 1580 30
T 117.922 4 972 1580 30
T 117.943 5 975 1579 30
T 117.943 7 974 1579 30
T 117.943 3 974 1579 30
T 117.943 6 974 1579 30
T 117.943 1 974 1580 30
T 117.943 2 974 1580 30
T 117.943 8 974 1580 30
T 117.943 4 973 1580 30
T 117.964 5 976 1579 30
T 117.964 7 975 1579 30
T 117.964 3 975 1579 30
T 117.964 6 975 1579 30
T 117.965 1 975 1580 30
T 117.965 2 975 1580 30
T 117.965 8 975 1580 30
T 117.965 4 974 1580 30
T 117.985 5 977 1579 30
T 117.985 7 976 1579 30
T 117.985 3 976 1579 30
T 117.985 6 976 1579 30
T 117.986 1 976 1580 30
T 117.986 2 976 1580 30
T 117.986 8 976 1580 30
T 117.986 4 975 1580 30
T 118.006 5 978 1579 30
T 118.006 7 977 1579 30
T 118.006 3 977 1579 30
T 118.007 6 977 1579 30
T 118.007 1 977 1580 30
T 118.007 2 977 1580 30
T 118.007 8 977 1580 30
T 118.007 4 976 1580 30
T 118.027 5 979 1579 30
T 118.028 7 978 1579 30
T 118.028 3 978 1579 30
T 118.028 6 978 1579 30
T 118.028 1 978 1580 30
T 118.028 2 978 1580 30
T 118.028 8 978 1580 30
T 118.028 4 977 1580 30
T 118.049 5 980 1579 30
T 118.049 7 979 1579 30
T 118.049 3 979 1579 30
T 118.049 6 979 1579 30
T 118.049 1 979 1580 30
T 118.049 2 979 1580 30
T 118.049 8 979 1580 30
T 118.049 4 978 1580 30
T 118.070 5 981 1579 30
T 118.070 7 980 1579 30
T 118.070 3 980 1579 30
T 118.070 6 980 1579 30
T 118.070 1 980 1580 30
T 118.070 2 980 1580 30
T 118.070 8 980 1580 30
T 118.070 4 979 1580 30
T 118.091 5 982 1579 30
T 118.091 7 981 1579 30
T 118.091 3 981 1579 30
T 118.091 6 981 1579 30
T 118.091 1 981 1580 30
T 118.091 2 981 1580 30
T 118.091 8 981 1580 30
T 118.091 4 980 1580 30
T 118.112 5 983 1579 30
T 118.112 7 982 1579 30
T 118.112 3 982 1579 30
T 118.112 6 982 1579 30
T 118.112 1 982 1580 30
T 118.113 2 982 1580 30
T 118.113 8 982 1580 30
T 118.113 4 981 1580 30
T 118.133 5 984 1579 30
T 118.133 7 983 1579 30
T 118.134 3 983 1579 30
T 118.134 6 983 1579 30
T 118.134 1 983 1580 30
T 118.134 2 983 1580 30
T 118.134 8 983 1580 30
T 118.134 4 982 1580 30
T 118.155 5 985 1579 30
T 118.155 7 984 1579 30
T 118.155 3 984 1579 30
T 118.155 6 984 1579 30
T 118.155 1 984 1580 30
T 118.155 2 984 1580 30
T 118.155 8 984 1580 30
T 118.155 4 983 1580 30
T 118.176 5 986 1579 30
T 118.176 7 985 1579 30
T 118.176 3 985 1579 30
T 118.176 6 985 1579 30
T 118.176 1 985 1580 30
T 118.176 2 985 1580 30
T 118.176 8 985 1580 30
T 118.176 4 984 1580 30
T 118.197 5 987 1579 30
T 118.197 7 986 1579 30
T 118.197 3 986 1579 30
T 118.197 6 986 1579 30
T 118.197 1 986 1580 30
T 118.197 2 986 1580 30
T 118.197 8 986 1580 30
T 118.197 4 985 1580 30
T 118.218 5 988 1579 30
T 118.218 7 987 1579 30
T 118.218 3 987 1579 30
T 118.218 6 987 1579 30
T 118.218 1 987 1580 30
T 118.218 2 987 1580 30
T 118.219 8 987 1580 30
T 118.219 4 986 1580 30
T 118.239 5 989 1579 30
T 118.240 7 988 1579 30
T 118.240 3 988 1579 30
T 118.240 6 988 1579 30
T 118.240 1 988 1580 30
T 118.240 2 988 1580 30
T 118.240 8 988 1580 30
T 118.240 4 987 1580 30
T 118.261 5 990 1579 30
T 118.261 7 989 1579 30
T 118.261 3 989 1579 30
T 118.261 6 989 1579 30
T 118.261 1 989 1580 30
T 118.261 2 989 1580 30
T 118.261 8 989 1580 30
T 118.262 4 988 1580 30
T 118.282 7 990 1579 30
T 118.282 3 990 1579 30
T 118.283 6 990 1579 30
T 118.283 1 990 1580 30
T 118.283 2 990 1580 30
T 118.283 8 990 1580 30
T 118.283 4 989 1580 30
T 118.302 4 990 1580 30
P 118.973 2
P 118.973 3
F 118.973 2 31
P 118.973 4
F 118.974 3 31
P 118.975 5
F 118.977 4 31
P 118.977 6
F 118.978 5 31
P 118.979 7
P 118.980 8
F 118.981 6 31
P 118.981 1
F 118.981 7 31
F 118.984 8 31
F 118.985 1 31
T 119.500 1 991 1633 31
T 119.581 1 992 1633 31
T 119.581 5 991 1632 31
T 119.581 7 991 1632 31
T 119.582 3 991 1632 31
T 119.582 6 991 1632 31
T 119.582 2 991 1633 31
T 119.582 8 991 1633 31
T 119.582 4 991 1633 31
T 119.602 1 993 1633 31
T 119.602 5 992 1632 31
T 119.602 7 992 1632 31
T 119.602 3 992 1632 31
T 119.602 6 992 1632 31
T 119.602 2 992 1633 31
T 119.602 8 992 1633 31
T 119.603 4 992 1633 31
T 119.623 1 994 1633 31
T 119.623 5 993 1632 31
T 119.623 7 993 1632 31
T 119.623 3 993 1632 31
T 119.624 6 993 1632 31
T 119.624 2 993 1633 31
T 119.624 8 993 1633 31
T 119.624 4 993 1633 31
T 119.644 1 995 1633 31
T 119.645 5 994 1632 31
T 119.645 7 994 1632 31
T 119.645 3 994 1632 31
T 119.645 6 994 1632 31
T 119.645 2 994 1633 31
T 119.645 8 994 1633 31
T 119.645 4 994 1633 31
T 119.666 1 996 1633 31
T 119.666 5 995 1632 31
T 119.666 7 995 1632 31
T 119.666 3 995 1632 31
T 119.666 6 995 1632 31
T 119.666 2 995 1633 31
T 119.666 8 995 1633 31
T 119.666 4 995 1633 31
T 119.687 1 997 1633 31
T 119.687 5 996 1632 31
T 119.687 7 996 1632 31
T 119.687 3 996 1632 31
T 119.687 6 996 1632 31
T 119.687 2 996 1633 31
T 119.687 8 996 1633 31
T 119.688 4 996 1633 31
T 119.708 1 998 1633 31
T 119.708 5 997 1632 31
T 119.708 7 997 1632 31
T 119.709 3 997 1632 31
T 119.709 6 997 1632 31
T 119.709 2 997 1633 31
T 119.709 8 997 1633 31
T 119.709 4 997 1633 31
T 119.730 1 999 1633 31
T 119.730 5 998 1632 31
T 119.730 7 998 1632 31
T 119.730 3 998 1632 31
T 119.730 6 998 1632 31
T 119.730 2 998 1633 31
T 119.730 8 998 1633 31
T 119.730 4 998 1633 31
T 119.751 1 1000 1633 31
T 119.751 5 999 1632 31
T 119.751 7 999 1632 31
T 119.751 3 999 1632 31
T 119.751 6 999 1632 31
T 119.751 2 999 1633 31
T 119.751 8 999 1633 31
T 119.751 4 999 1633 31
T 119.772 1 1001 1633 31
T 119.772 5 1000 1632 31
T 119.772 7 1000 1632 31
T 119.773 3 1000 1632 31
T 119.773 6 1000 1632 31
T 119.773 2 1000 1633 31
T 119.773 8 1000 1633 31
T 119.773 4 1000 1633 31
T 119.794 1 1002 1633 31
T 119.794 5 1001 1632 31
T 119.794 7 1001 1632 31
T 119.794 3 1001 1632 31
T 119.794 6 1001 1632 31
T 119.794 2 1001 1633 31
T 119.794 8 1001 1633 31
T 119.794 4 1001 1633 31
T 119.815 1 1003 1633 31
T 119.815 5 1002 1632 31
T 119.815 7 1002 1632 31
T 119.815 3 1002 1632 31
T 119.815 6 1002 1632 31
T 119.816 2 1002 1633 31
T 119.816 8 1002 1633 31
T 119.816 4 1002 1633 31
T 119.837 1 1004 1633 31
T 119.837 5 1003 1632 31
T 119.837 7 1003 1632 31
T 119.837 3 1003 1632 31
T 119.837 6 1003 1632 31
T 119.837 2 1003 1633 31
T 119.837 8 1003 1633 31
T 119.837 4 1003 1633 31
T 119.858 1 1005 1633 31
T 119.858 5 1004 1632 31
T 119.858 7 1004 1632 31
T 119.858 3 1004 1632 31
T 119.858 6 1004 1632 31
T 119.858 2 1004 1633 31
T 119.859 8 1004 1633 31
T 119.859 4 1004 1633 31
T 119.879 1 1006 1633 31
T 119.880 5 1005 1632 31
T 119.880 7 1005 1632 31
T 119.880 3 1005 1632 31
T 119.880 6 1005 1632 31
T 119.880 2 1005 1633 31
T 119.880 8 1005 1633 31
T 119.880 4 1005 1633 31
T 119.901 1 1007 1633 31
T 119.901 5 1006 1632 31
T 119.901 7 1006 1632 31
T 119.901 3 1006 1632 31
T 119.901 6 1006 1632 31
T 119.901 2 1006 1633 31
T 119.901 8 1006 1633 31
T 119.901 4 1006 1633 31
T 119.922 1 1008 1633 31
T 119.922 5 1007 1632 31
T 119.922 7 1007 1632 31
T 119.923 3 1007 1632 31
T 119.923 6 1007 1632 31
T 119.923 2 1007 1633 31
T 119.923 8 1007 1633 31
T 119.923 4 1007 1633 31
T 119.944 1 1009 1633 31
T 119.944 5 1008 1632 31
T 119.944 7 1008 1632 31
T 119.944 3 1008 1632 31
T 119.944 6 1008 1632 31
T 119.944 2 1008 1633 31
T 119.944 8 1008 1633 31
T 119.944 4 1008 1633 31
T 119.965 1 1010 1633 31
T 119.965 5 1009 1632 31
T 119.965 7 1009 1632 31
T 119.965 3 1009 1632 31
T 119.965 6 1009 1632 31
T 119.966 2 1009 1633 31
T 119.966 8 1009 1633 31
T 119.966 4 1009 1633 31
T 119.987 1 1011 1633 31
T 119.987 5 1010 1632 31
T 119.987 7 1010 1632 31
T 119.987 3 1010 1632 31
T 119.987 6 1010 1632 31
T 119.987 2 1010 1633 31
T 119.987 8 1010 1633 31
T 119.987 4 1010 1633 31
T 120.008 1 1012 1633 31
T 120.008 5 1011 1632 31
T 120.008 7 1011 1632 31
T 120.008 3 1011 1632 31
T 120.008 6 1011 1632 31
T 120.008 2 1011 1633 31
T 120.009 8 1011 1633 31
T 120.009 4 1011 1633 31
T 120.030 1 1013 1633 31
T 120.030 5 1012 1632 31
T 120.030 7 1012 1632 31
T 120.030 3 1012 1632 31
T 120.030 6 1012 1632 31
T 120.030 2 1012 1633 31
T 120.030 8 1012 1633 31
T 120.030 4 1012 1633 31
T 120.051 1 1014 1633 31
T 120.051 5 1013 1632 31
T 120.051 7 1013 1632 31
T 120.051 3 1013 1632 31
T 120.051 6 1013 1632 31
T 120.051 2 1013 1633 31
T 120.051 8 1013 1633 31
T 120.052 4 1013 1633 31
T 120.072 1 1015 1633 31
T 120.072 5 1014 1632 31
T 120.073 7 1014 1632 31
T 120.073 3 1014 1632 31
T 120.073 6 1014 1632 31
T 120.073 2 1014 1633 31
T 120.073 8 1014 1633 31
T 120.073 4 1014 1633 31
T 120.094 1 1016 1633 31
T 120.094 5 1015 1632 31
T 120.094 7 1015 1632 31
T 120.094 3 1015 1632 31
T 120.094 6 1015 1632 31
T 120.094 2 1015 1633 31
T 120.094 8 1015 1633 31
T 120.094 4 1015 1633 31
T 120.115 1 1017 1633 31
T 120.115 5 1016 1632 31
T 120.115 7 1016 1632 31
T 120.116 3 1016 1632 31
T 120.116 6 1016 1632 31
T 120.116 2 1016 1633 31
T 120.116 8 1016 1633 31
T 120.116 4 1016 1633 31
T 120.137 1 1018 1633 31
T 120.137 5 1017 1632 31
T 120.137 7 1017 1632 31
T 120.137 3 1017 1632 31
T 120.137 6 1017 1632 31
T 120.137 2 1017 1633 31
T 120.137 8 1017 1633 31
T 120.137 4 1017 1633 31
T 120.158 1 1019 1633 31
T 120.158 5 1018 1632 31
T 120.159 7 1018 1632 31
T 120.159 3 1018 1632 31
T 120.159 6 1018 1632 31
T 120.159 2 1018 1633 31
T 120.159 8 1018 1633 31
T 120.159 4 1018 1633 31
T 120.180 1 1020 1633 31
T 120.180 5 1019 1632 31
T 120.180 7 1019 1632 31
T 120.180 3 1019 1632 31
T 120.180 6 1019 1632 31
T 120.180 2 1019 1633 31
T 120.180 8 1019 1633 31
T 120.180 4 1019 1633 31
T 120.201 1 1021 1633 31
T 120.201 5 1020 1632 31
T 120.201 7 1020 1632 31
T 120.201 3 1020 1632 31
T 120.201 6 1020 1632 31
T 120.201 2 1020 1633 31
T 120.202 8 1020 1633 31
T 120.202 4 1020 1633 31
T 120.223 1 1022 1633 31
T 120.223 5 1021 1632 31
T 120.223 7 1021 1632 31
T 120.223 3 1021 1632 31
T 120.223 6 1021 1632 31
T 120.223 2 1021 1633 31
T 120.223 8 1021 1633 31
T 120.223 4 1021 1633 31
T 120.244 1 1023 1633 31
T 120.244 5 1022 1632 31
T 120.244 7 1022 1632 31
T 120.244 3 1022 1632 31
T 120.244 6 1022 1632 31
T 120.244 2 1022 1633 31
T 120.245 8 1022 1633 31
T 120.245 4 1022 1633 31
T 120.266 5 1023 1632 31
T 120.266 7 1023 1632 31
T 120.266 3 1023 1632 31
T 120.266 6 1023 1632 31
T 120.266 2 1023 1633 31
T 120.266 8 1023 1633 31
T 120.266 4 1023 1633 31
P 120.973 4
P 120.973 5
P 120.973 6
P 120.973 7
P 120.974 8
F 120.974 4 32
P 120.974 1
F 120.974 5 32
P 120.974 2
F 120.976 6 32
P 120.978 3
F 120.978 7 32
F 120.982 8 32
F 120.984 1 32
F 120.986 2 32
F 120.986 3 32
T 121.499 5 1024 1685 32
T 121.581 5 1025 1685 32
T 121.581 1 1024 1686 32
T 121.581 7 1024 1685 32
T 121.581 3 1024 1685 32
T 121.581 6 1024 1684 32
T 121.582 2 1024 1686 32
T 121.582 8 1024 1686 32
T 121.582 4 1024 1686 32
T 121.602 5 1026 1685 32
T 121.602 1 1025 1686 32
T 121.602 7 1025 1685 32
T 121.602 3 1025 1685 32
T 121.602 6 1025 1684 32
T 121.602 2 1025 1686 32
T 121.602 8 1025 1686 32
T 121.603 4 1025 1686 32
T 121.623 5 1027 1685 32
T 121.623 1 1026 1686 32
T 121.623 7 1026 1685 32
T 121.623 3 1026 1685 32
T 121.623 6 1026 1684 32
T 121.624 2 1026 1686 32
T 121.624 8 1026 1686 32
T 121.624 4 1026 1686 32
T 121.644 5 1028 1685 32
T 121.644 1 1027 1686 32
T 121.645 7 1027 1685 32
T 121.645 3 1027 1685 32
T 121.645 6 1027 1684 32
T 121.645 2 1027 1686 32
T 121.645 8 1027 1686 32
T 121.645 4 1027 1686 32
T 121.666 5 1029 1685 32
T 121.666 1 1028 1686 32
T 121.666 7 1028 1685 32
T 121.666 3 1028 1685 32
T 121.666 6 1028 1684 32
T 121.666 2 1028 1686 32
T 121.666 8 1028 1686 32
T 121.666 4 1028 1686 32
T 121.687 5 1030 1685 32
T 121.687 1 1029 1686 32
T 121.687 7 1029 1685 32
T 121.688 3 1029 1685 32
T 121.688 6 1029 1684 32
T 121.688 2 1029 1686 32
T 121.688 8 1029 1686 32
T 121.688 4 1029 1686 32
T 121.709 5 1031 1685 32
T 121.709 1 1030 1686 32
T 121.709 7 1030 1685 32
T 121.709 3 1030 1685 32
T 121.709 6 1030 1684 32
T 121.709 2 1030 1686 32
T 121.709 8 1030 1686 32
T 121.709 4 1030 1686 32
T 121.730 5 1032 1685 32
T 121.730 1 1031 1686 32
T 121.730 7 1031 1685 32
T 121.731 3 1031 1685 32
T 121.731 6 1031 1684 32
T 121.731 2 1031 1686 32
T 121.731 8 1031 1686 32
T 121.731 4 1031 1686 32
T 121.752 5 1033 1685 32
T 121.752 1 1032 1686 32
T 121.752 7 1032 1685 32
T 121.752 3 1032 1685 32
T 121.752 6 1032 1684 32
T 121.752 2 1032 1686 32
T 121.752 8 1032 1686 32
T 121.752 4 1032 1686 32
T 121.773 5 1034 1685 32
T 121.773 1 1033 1686 32
T 121.773 7 1033 1685 32
T 121.774 3 1033 1685 32
T 121.774 6 1033 1684 32
T 121.774 2 1033 1686 32
T 121.774 8 1033 1686 32
T 121.774 4 1033 1686 32
T 121.795 5 1035 1685 32
T 121.795 1 1034 1686 32
T 121.795 7 1034 1685 32
T 121.795 3 1034 1685 32
T 121.795 6 1034 1684 32
T 121.795 2 1034 1686 32
T 121.795 8 1034 1686 32
T 121.795 4 1034 1686 32
T 121.816 5 1036 1685 32
T 121.816 1 1035 1686 32
T 121.816 7 1035 1685 32
T 121.816 3 1035 1685 32
T 121.816 6 1035 1684 32
T 121.817 2 1035 1686 32
T 121.817 8 1035 1686 32
T 121.817 4 1035 1686 32
T 121.837 5 1037 1685 32
T 121.837 1 1036 1686 32
T 121.837 7 1036 1685 32
T 121.838 3 1036 1685 32
T 121.838 6 1036 1684 32
T 121.838 2 1036 1686 32
T 121.838 8 1036 1686 32
T 121.838 4 1036 1686 32
T 121.859 5 1038 1685 32
T 121.859 1 1037 1686 32
T 121.859 7 1037 1685 32
T 121.859 3 1037 1685 32
T 121.859 6 1037 1684 32
T 121.859 2 1037 1686 32
T 121.859 8 1037 1686 32
T 121.859 4 1037 1686 32
T 121.880 5 1039 1685 32
T 121.880 1 1038 1686 32
T 121.880 7 1038 1685 32
T 121.880 3 1038 1685 32
T 121.881 6 1038 1684 32
T 121.881 2 1038 1686 32
T 121.881 8 1038 1686 32
T 121.881 4 1038 1686 32
T 121.901 5 1040 1685 32
T 121.902 1 1039 1686 32
T 121.902 7 1039 1685 32
T 121.902 3 1039 1685 32
T 121.902 6 1039 1684 32
T 121.902 2 1039 1686 32
T 121.902 8 1039 1686 32
T 121.902 4 1039 1686 32
T 121.923 5 1041 1685 32
T 121.923 1 1040 1686 32
T 121.923 7 1040 1685 32
T 121.923 3 1040 1685 32
T 121.923 6 1040 1684 32
T 121.924 2 1040 1686 32
T 121.924 8 1040 1686 32
T 121.924 4 1040 1686 32
T 121.944 5 1042 1685 32
T 121.944 1 1041 1686 32
T 121.945 7 1041 1685 32
T 121.945 3 1041 1685 32
T 121.945 6 1041 1684 32
T 121.945 2 1041 1686 32
T 121.945 8 1041 1686 32
T 121.945 4 1041 1686 32
T 121.966 5 1043 1685 32
T 121.966 1 1042 1686 32
T 121.966 7 1042 1685 32
T 121.966 3 1042 1685 32
T 121.966 6 1042 1684 32
T 121.966 2 1042 1686 32
T 121.966 8 1042 1686 32
T 121.966 4 1042 1686 32
T 121.987 5 1044 1685 32
T 121.987 1 1043 1686 32
T 121.987 7 1043 1685 32
T 121.988 3 1043 1685 32
T 121.988 6 1043 1684 32
T 121.988 2 1043 1686 32
T 121.988 8 1043 1686 32
T 121.988 4 1043 1686 32
T 122.009 5 1045 1685 32
T 122.009 1 1044 1686 32
T 122.009 7 1044 1685 32
T 122.009 3 1044 1685 32
T 122.009 6 1044 1684 32
T 122.009 2 1044 1686 32
T 122.009 8 1044 1686 32
T 122.009 4 1044 1686 32
T 122.030 5 1046 1685 32
T 122.030 1 1045 1686 32
T 122.030 7 1045 1685 32
T 122.030 3 1045 1685 32
T 122.030 6 1045 1684 32
T 122.031 2 1045 1686 32
T 122.031 8 1045 1686 32
T 122.031 4 1045 1686 32
T 122.051 5 1047 1685 32
T 122.052 1 1046 1686 32
T 122.052 7 1046 1685 32
T 122.052 3 1046 1685 32
T 122.052 6 1046 1684 32
T 122.052 2 1046 1686 32
T 122.052 8 1046 1686 32
T 122.052 4 1046 1686 32
T 122.073 5 1048 1685 32
T 122.073 1 1047 1686 32
T 122.073 7 1047 1685 32
T 122.073 3 1047 1685 32
T 122.073 6 1047 1684 32
T 122.073 2 1047 1686 32
T 122.074 8 1047 1686 32
T 122.074 4 1047 1686 32
T 122.094 5 1049 1685 32
T 122.094 1 1048 1686 32
T 122.095 7 1048 1685 32
T 122.095 3 1048 1685 32
T 122.095 6 1048 1684 32
T 122.095 2 1048 1686 32
T 122.095 8 1048 1686 32
T 122.095 4 1048 1686 32
T 122.116 5 1050 1685 32
T 122.116 1 1049 1686 32
T 122.116 7 1049 1685 32
T 122.116 3 1049 1685 32
T 122.116 6 1049 1684 32
T 122.116 2 1049 1686 32
T 122.117 8 1049 1686 32
T 122.117 4 1049 1686 32
T 122.137 5 1051 1685 32
T 122.137 1 1050 1686 32
T 122.137 7 1050 1685 32
T 122.138 3 1050 1685 32
T 122.138 6 1050 1684 32
T 122.138 2 1050 1686 32
T 122.138 8 1050 1686 32
T 122.138 4 1050 1686 32
T 122.159 5 1052 1685 32
T 122.159 1 1051 1686 32
T 122.159 7 1051 1685 32
T 122.159 3 1051 1685 32
T 122.159 6 1051 1684 32
T 122.159 2 1051 1686 32
T 122.159 8 1051 1686 32
T 122.159 4 1051 1686 32
T 122.179 5 1053 1685 32
T 122.179 1 1052 1686 32
T 122.179 7 1052 1685 32
T 122.179 3 1052 1685 32
T 122.179 6 1052 1684 32
T 122.179 2 1052 1686 32
T 122.180 8 1052 1686 32
T 122.180 4 1052 1686 32
T 122.202 5 1054 1685 32
T 122.202 1 1053 1686 32
T 122.202 7 1053 1685 32
T 122.202 3 1053 1685 32
T 122.202 6 1053 1684 32
T 122.202 2 1053 1686 32
T 122.202 8 1053 1686 32
T 122.202 4 1053 1686 32
T 122.223 5 1055 1685 32
T 122.223 1 1054 1686 32
T 122.223 7 1054 1685 32
T 122.223 3 1054 1685 32
T 122.224 6 1054 1684 32
T 122.224 2 1054 1686 32
T 122.224 8 1054 1686 32
T 122.224 4 1054 1686 32
T 122.244 5 1056 1685 32
T 122.245 1 1055 1686 32
T 122.245 7 1055 1685 32
T 122.245 3 1055 1685 32
T 122.245 6 1055 1684 32
T 122.245 2 1055 1686 32
T 122.245 8 1055 1686 32
T 122.245 4 1055 1686 32
T 122.266 1 1056 1686 32
T 122.266 7 1056 1685 32
T 122.267 3 1056 1685 32
T 122.267 6 1056 1684 32
T 122.267 2 1056 1686 32
T 122.267 8 1056 1686 32
T 122.267 4 1056 1686 32
P 122.974 3
P 122.974 4
P 122.974 5
P 122.974 6
P 122.974 7
F 122.975 3 33
P 122.975 8
F 122.975 4 33
P 122.976 1
F 122.977 5 33
P 122.978 2
F 122.979 6 33
F 122.985 7 33
F 122.985 8 33
F 122.989 1 33
F 122.991 2 33
T 123.498 3 1057 1738 33
T 123.588 3 1058 1738 33
T 123.588 5 1057 1738 33
T 123.588 1 1057 1739 33
T 123.588 7 1057 1738 33
T 123.588 6 1057 1737 33
T 123.588 2 1057 1739 33
T 123.589 8 1057 1739 33
T 123.589 4 1057 1739 33
T 123.609 3 1059 1738 33
T 123.609 5 1058 1738 33
T 123.609 1 1058 1739 33
T 123.609 7 1058 1738 33
T 123.609 6 1058 1737 33
T 123.609 2 1058 1739 33
T 123.609 8 1058 1739 33
T 123.609 4 1058 1739 33
T 123.630 3 1060 1738 33
T 123.630 5 1059 1738 33
T 123.630 1 1059 1739 33
T 123.630 7 1059 1738 33
T 123.630 6 1059 1737 33
T 123.630 2 1059 1739 33
T 123.630 8 1059 1739 33
T 123.630 4 1059 1739 33
T 123.651 3 1061 1738 33
T 123.651 5 1060 1738 33
T 123.651 1 1060 1739 33
T 123.651 7 1060 1738 33
T 123.652 6 1060 1737 33
T 123.652 2 1060 1739 33
T 123.652 8 1060 1739 33
T 123.652 4 1060 1739 33
T 123.673 3 1062 1738 33
T 123.673 5 1061 1738 33
T 123.673 1 1061 1739 33
T 123.673 7 1061 1738 33
T 123.673 6 1061 1737 33
T 123.673 2 1061 1739 33
T 123.673 8 1061 1739 33
T 123.673 4 1061 1739 33
T 123.694 3 1063 1738 33
T 123.694 5 1062 1738 33
T 123.694 1 1062 1739 33
T 123.694 7 1062 1738 33
T 123.694 6 1062 1737 33
T 123.695 2 1062 1739 33
T 123.695 8 1062 1739 33
T 123.695 4 1062 1739 33
T 123.716 3 1064 1738 33
T 123.716 5 1063 1738 33
T 123.716 1 1063 1739 33
T 123.716 7 1063 1738 33
T 123.716 6 1063 1737 33
T 123.716 2 1063 1739 33
T 123.716 8 1063 1739 33
T 123.716 4 1063 1739 33
T 123.737 3 1065 1738 33
T 123.737 5 1064 1738 33
T 123.737 1 1064 1739 33
T 123.737 7 1064 1738 33
T 123.737 6 1064 1737 33
T 123.737 2 1064 1739 33
T 123.738 8 1064 1739 33
T 123.738 4 1064 1739 33
T 123.758 3 1066 1738 33
T 123.759 5 1065 1738 33
T 123.759 1 1065 1739 33
T 123.759 7 1065 1738 33
T 123.759 6 1065 1737 33
T 123.759 2 1065 1739 33
T 123.759 8 1065 1739 33
T 123.759 4 1065 1739 33
T 123.780 3 1067 1738 33
T 123.780 5 1066 1738 33
T 123.780 1 1066 1739 33
T 123.780 7 1066 1738 33
T 123.780 6 1066 1737 33
T 123.780 2 1066 1739 33
T 123.780 8 1066 1739 33
T 123.781 4 1066 1739 33
T 123.801 3 1068 1738 33
T 123.801 5 1067 1738 33
T 123.802 1 1067 1739 33
T 123.802 7 1067 1738 33
T 123.802 6 1067 1737 33
T 123.802 2 1067 1739 33
T 123.802 8 1067 1739 33
T 123.802 4 1067 1739 33
T 123.823 3 1069 1738 33
T 123.823 5 1068 1738 33
T 123.823 1 1068 1739 33
T 123.823 7 1068 1738 33
T 123.823 6 1068 1737 33
T 123.823 2 1068 1739 33
T 123.823 8 1068 1739 33
T 123.823 4 1068 1739 33
T 123.844 3 1070 1738 33
T 123.844 5 1069 1738 33
T 123.845 1 1069 1739 33
T 123.845 7 1069 1738 33
T 123.845 6 1069 1737 33
T 123.845 2 1069 1739 33
T 123.845 8 1069 1739 33
T 123.845 4 1069 1739 33
T 123.866 3 1071 1738 33
T 123.866 5 1070 1738 33
T 123.866 1 1070 1739 33
T 123.866 7 1070 1738 33
T 123.866 6 1070 1737 33
T 123.866 2 1070 1739 33
T 123.866 8 1070 1739 33
T 123.866 4 1070 1739 33
T 123.887 3 1072 1738 33
T 123.887 5 1071 1738 33
T 123.887 1 1071 1739 33
T 123.888 7 1071 1738 33
T 123.888 6 1071 1737 33
T 123.888 2 1071 1739 33
T 123.888 8 1071 1739 33
T 123.888 4 1071 1739 33
T 123.909 3 1073 1738 33
T 123.909 5 1072 1738 33
T 123.909 1 1072 1739 33
T 123.909 7 1072 1738 33
T 123.909 6 1072 1737 33
T 123.909 2 1072 1739 33
T 123.909 8 1072 1739 33
T 123.909 4 1072 1739 33
T 123.930 3 1074 1738 33
T 123.930 5 1073 1738 33
T 123.930 1 1073 1739 33
T 123.930 7 1073 1738 33
T 123.931 6 1073 1737 33
T 123.931 2 1073 1739 33
T 123.931 8 1073 1739 33
T 123.931 4 1073 1739 33
T 123.952 3 1075 1738 33
T 123.952 5 1074 1738 33
T 123.952 1 1074 1739 33
T 123.952 7 1074 1738 33
T 123.952 6 1074 1737 33
T 123.952 2 1074 1739 33
T 123.952 8 1074 1739 33
T 123.952 4 1074 1739 33
T 123.973 3 1076 1738 33
T 123.973 5 1075 1738 33
T 123.973 1 1075 1739 33
T 123.973 7 1075 1738 33
T 123.973 6 1075 1737 33
T 123.974 2 1075 1739 33
T 123.974 8 1075 1739 33
T 123.974 4 1075 1739 33
T 123.995 3 1077 1738 33
T 123.995 5 1076 1738 33
T 123.995 1 1076 1739 33
T 123.995 7 1076 1738 33
T 123.995 6 1076 1737 33
T 123.995 2 1076 1739 33
T 123.995 8 1076 1739 33
T 123.995 4 1076 1739 33
T 124.016 3 1078 1738 33
T 124.016 5 1077 1738 33
T 124.016 1 1077 1739 33
T 124.017 7 1077 1738 33
T 124.017 6 1077 1737 33
T 124.017 2 1077 1739 33
T 124.017 8 1077 1739 33
T 124.017 4 1077 1739 33
T 124.038 3 1079 1738 33
T 124.038 5 1078 1738 33
T 124.038 1 1078 1739 33
T 124.038 7 1078 1738 33
T 124.038 6 1078 1737 33
T 124.038 2 1078 1739 33
T 124.038 8 1078 1739 33
T 124.038 4 1078 1739 33
T 124.059 3 1080 1738 33
T 124.059 5 1079 1738 33
T 124.059 1 1079 1739 33
T 124.059 7 1079 1738 33
T 124.059 6 1079 1737 33
T 124.060 2 1079 1739 33
T 124.060 8 1079 1739 33
T 124.060 4 1079 1739 33
T 124.081 3 1081 1738 33
T 124.081 5 1080 1738 33
T 124.081 1 1080 1739 33
T 124.081 7 1080 1738 33
T 124.081 6 1080 1737 33
T 124.081 2 1080 1739 33
T 124.081 8 1080 1739 33
T 124.081 4 1080 1739 33
T 124.102 3 1082 1738 33
T 124.102 5 1081 1738 33
T 124.102 1 1081 1739 33
T 124.102 7 1081 1738 33
T 124.103 6 1081 1737 33
T 124.103 2 1081 1739 33
T 124.103 8 1081 1739 33
T 124.103 4 1081 1739 33
T 124.123 3 1083 1738 33
T 124.124 5 1082 1738 33
T 124.124 1 1082 1739 33
T 124.124 7 1082 1738 33
T 124.124 6 1082 1737 33
T 124.124 2 1082 1739 33
T 124.124 8 1082 1739 33
T 124.124 4 1082 1739 33
T 124.145 3 1084 1738 33
T 124.145 5 1083 1738 33
T 124.145 1 1083 1739 33
T 124.145 7 1083 1738 33
T 124.145 6 1083 1737 33
T 124.145 2 1083 1739 33
T 124.146 8 1083 1739 33
T 124.146 4 1083 1739 33
T 124.166 3 1085 1738 33
T 124.167 5 1084 1738 33
T 124.167 1 1084 1739 33
T 124.167 7 1084 1738 33
T 124.167 6 1084 1737 33
T 124.167 2 1084 1739 33
T 124.167 8 1084 1739 33
T 124.167 4 1084 1739 33
T 124.188 3 1086 1738 33
T 124.188 5 1085 1738 33
T 124.188 1 1085 1739 33
T 124.188 7 1085 1738 33
T 124.188 6 1085 1737 33
T 124.188 2 1085 1739 33
T 124.188 8 1085 1739 33
T 124.189 4 1085 1739 33
T 124.209 3 1087 1738 33
T 124.209 5 1086 1738 33
T 124.210 1 1086 1739 33
T 124.210 7 1086 1738 33
T 124.210 6 1086 1737 33
T 124.210 2 1086 1739 33
T 124.210 8 1086 1739 33
T 124.210 4 1086 1739 33
T 124.231 3 1088 1738 33
T 124.231 5 1087 1738 33
T 124.231 1 1087 1739 33
T 124.231 7 1087 1738 33
T 124.231 6 1087 1737 33
T 124.232 2 1087 1739 33
T 124.232 8 1087 1739 33
T 124.232 4 1087 1739 33
T 124.253 3 1089 1738 33
T 124.253 5 1088 1738 33
T 124.253 1 1088 1739 33
T 124.253 7 1088 1738 33
T 124.253 6 1088 1737 33
T 124.253 2 1088 1739 33
T 124.253 8 1088 1739 33
T 124.253 4 1088 1739 33
T 124.275 5 1089 1738 33
T 124.275 1 1089 1739 33
T 124.275 7 1089 1738 33
T 124.275 6 1089 1737 33
T 124.275 2 1089 1739 33
T 124.275 8 1089 1739 33
T 124.275 4 1089 1739 33
P 124.972 5
F 124.972 5 34
P 124.972 6
F 124.974 6 34
P 124.974 7
F 124.975 7 34
P 124.977 8
F 124.979 8 34
P 124.979 1
P 124.985 2
P 124.987 3
F 124.987 1 34
P 124.987 4
F 124.988 2 34
F 124.994 3 34
F 124.996 4 34
T 125.394 6 1090 1790 34
T 125.448 6 1091 1790 34
T 125.448 1 1090 1792 34
T 125.537 6 1092 1790 34
T 125.537 1 1091 1792 34
T 125.537 5 1090 1791 34
T 125.537 7 1090 1791 34
T 125.537 8 1090 1792 34
T 125.537 4 1090 1792 34
T 125.558 6 1093 1790 34
T 125.558 1 1092 1792 34
T 125.558 5 1091 1791 34
T 125.559 7 1091 1791 34
T 125.559 8 1091 1792 34
T 125.559 4 1091 1792 34
T 125.559 3 1090 1791 34
T 125.559 2 1090 1792 34
T 125.579 6 1094 1790 34
T 125.580 1 1093 1792 34
T 125.580 5 1092 1791 34
T 125.580 7 1092 1791 34
T 125.580 8 1092 1792 34
T 125.580 4 1092 1792 34
T 125.580 3 1091 1791 34
T 125.580 2 1091 1792 34
T 125.601 6 1095 1790 34
T 125.601 1 1094 1792 34
T 125.601 5 1093 1791 34
T 125.601 7 1093 1791 34
T 125.601 8 1093 1792 34
T 125.601 4 1093 1792 34
T 125.601 3 1092 1791 34
T 125.601 2 1092 1792 34
T 125.622 6 1096 1790 34
T 125.622 1 1095 1792 34
T 125.623 5 1094 1791 34
T 125.623 7 1094 1791 34
T 125.623 8 1094 1792 34
T 125.623 4 1094 1792 34
T 125.623 3 1093 1791 34
T 125.623 2 1093 1792 34
T 125.644 6 1097 1790 34
T 125.644 1 1096 1792 34
T 125.644 5 1095 1791 34
T 125.644 7 1095 1791 34
T 125.644 8 1095 1792 34
T 125.644 4 1095 1792 34
T 125.644 3 1094 1791 34
T 125.644 2 1094 1792 34
T 125.665 6 1098 1790 34
T 125.665 1 1097 1792 34
T 125.665 5 1096 1791 34
T 125.665 7 1096 1791 34
T 125.666 8 1096 1792 34
T 125.666 4 1096 1792 34
T 125.666 3 1095 1791 34
T 125.666 2 1095 1792 34
T 125.687 6 1099 1790 34
T 125.687 1 1098 1792 34
T 125.687 5 1097 1791 34
T 125.687 7 1097 1791 34
T 125.687 8 1097 1792 34
T 125.687 4 1097 1792 34
T 125.687 3 1096 1791 34
T 125.687 2 1096 1792 34
T 125.708 6 1100 1790 34
T 125.708 1 1099 1792 34
T 125.708 5 1098 1791 34
T 125.708 7 1098 1791 34
T 125.708 8 1098 1792 34
T 125.709 4 1098 1792 34
T 125.709 3 1097 1791 34
T 125.709 2 1097 1792 34
T 125.730 6 1101 1790 34
T 125.730 1 1100 1792 34
T 125.730 5 1099 1791 34
T 125.730 7 1099 1791 34
T 125.730 8 1099 1792 34
T 125.730 4 1099 1792 34
T 125.730 3 1098 1791 34
T 125.730 2 1098 1792 34
T 125.751 6 1102 1790 34
T 125.751 1 1101 1792 34
T 125.751 5 1100 1791 34
T 125.751 7 1100 1791 34
T 125.751 8 1100 1792 34
T 125.751 4 1100 1792 34
T 125.752 3 1099 1791 34
T 125.752 2 1099 1792 34
T 125.773 6 1103 1790 34
T 125.773 1 1102 1792 34
T 125.773 5 1101 1791 34
T 125.773 7 1101 1791 34
T 125.773 8 1101 1792 34
T 125.773 4 1101 1792 34
T 125.773 3 1100 1791 34
T 125.773 2 1100 1792 34
T 125.794 6 1104 1790 34
T 125.794 1 1103 1792 34
T 125.794 5 1102 1791 34
T 125.794 7 1102 1791 34
T 125.794 8 1102 1792 34
T 125.794 4 1102 1792 34
T 125.794 3 1101 1791 34
T 125.795 2 1101 1792 34
T 125.815 6 1105 1790 34
T 125.816 1 1104 1792 34
T 125.816 5 1103 1791 34
T 125.816 7 1103 1791 34
T 125.816 8 1103 1792 34
T 125.816 4 1103 1792 34
T 125.816 3 1102 1791 34
T 125.816 2 1102 1792 34
T 125.837 6 1106 1790 34
T 125.837 1 1105 1792 34
T 125.837 5 1104 1791 34
T 125.837 7 1104 1791 34
T 125.837 8 1104 1792 34
T 125.837 4 1104 1792 34
T 125.837 3 1103 1791 34
T 125.838 2 1103 1792 34
T 125.859 6 1107 1790 34
T 125.859 1 1106 1792 34
T 125.859 5 1105 1791 34
T 125.859 7 1105 1791 34
T 125.859 8 1105 1792 34
T 125.859 4 1105 1792 34
T 125.859 3 1104 1791 34
T 125.859 2 1104 1792 34
T 125.880 6 1108 1790 34
T 125.880 1 1107 1792 34
T 125.880 5 1106 1791 34
T 125.880 7 1106 1791 34
T 125.880 8 1106 1792 34
T 125.880 4 1106 1792 34
T 125.881 3 1105 1791 34
T 125.881 2 1105 1792 34
T 125.901 6 1109 1790 34
T 125.902 1 1108 1792 34
T 125.902 5 1107 1791 34
T 125.902 7 1107 1791 34
T 125.902 8 1107 1792 34
T 125.902 4 1107 1792 34
T 125.902 3 1106 1791 34
T 125.902 2 1106 1792 34
T 125.923 6 1110 1790 34
T 125.923 1 1109 1792 34
T 125.923 5 1108 1791 34
T 125.923 7 1108 1791 34
T 125.923 8 1108 1792 34
T 125.923 4 1108 1792 34
T 125.923 3 1107 1791 34
T 125.923 2 1107 1792 34
T 125.944 6 1111 1790 34
T 125.944 1 1110 1792 34
T 125.945 5 1109 1791 34
T 125.945 7 1109 1791 34
T 125.945 8 1109 1792 34
T 125.945 4 1109 1792 34
T 125.945 3 1108 1791 34
T 125.945 2 1108 1792 34
T 125.966 6 1112 1790 34
T 125.966 1 1111 1792 34
T 125.966 5 1110 1791 34
T 125.966 7 1110 1791 34
T 125.966 8 1110 1792 34
T 125.966 4 1110 1792 34
T 125.966 3 1109 1791 34
T 125.966 2 1109 1792 34
T 125.987 6 1113 1790 34
T 125.987 1 1112 1792 34
T 125.987 5 1111 1791 34
T 125.988 7 1111 1791 34
T 125.988 8 1111 1792 34
T 125.988 4 1111 1792 34
T 125.988 3 1110 1791 34
T 125.988 2 1110 1792 34
T 126.009 6 1114 1790 34
T 126.009 1 1113 1792 34
T 126.009 5 1112 1791 34
T 126.009 7 1112 1791 34
T 126.009 8 1112 1792 34
T 126.009 4 1112 1792 34
T 126.009 3 1111 1791 34
T 126.009 2 1111 1792 34
T 126.030 6 1115 1790 34
T 126.030 1 1114 1792 34
T 126.030 5 1113 1791 34
T 126.030 7 1113 1791 34
T 126.031 8 1113 1792 34
T 126.031 4 1113 1792 34
T 126.031 3 1112 1791 34
T 126.031 2 1112 1792 34
T 126.052 6 1116 1790 34
T 126.052 1 1115 1792 34
T 126.052 5 1114 1791 34
T 126.052 7 1114 1791 34
T 126.052 8 1114 1792 34
T 126.052 4 1114 1792 34
T 126.052 3 1113 1791 34
T 126.052 2 1113 1792 34
T 126.073 6 1117 1790 34
T 126.073 1 1116 1792 34
T 126.073 5 1115 1791 34
T 126.073 7 1115 1791 34
T 126.074 8 1115 1792 34
T 126.074 4 1115 1792 34
T 126.074 3 1114 1791 34
T 126.074 2 1114 1792 34
T 126.095 6 1118 1790 34
T 126.095 1 1117 1792 34
T 126.095 5 1116 1791 34
T 126.095 7 1116 1791 34
T 126.095 8 1116 1792 34
T 126.095 4 1116 1792 34
T 126.095 3 1115 1791 34
T 126.095 2 1115 1792 34
T 126.116 6 1119 1790 34
T 126.116 1 1118 1792 34
T 126.116 5 1117 1791 34
T 126.117 7 1117 1791 34
T 126.117 8 1117 1792 34
T 126.117 4 1117 1792 34
T 126.117 3 1116 1791 34
T 126.117 2 1116 1792 34
T 126.138 6 1120 1790 34
T 126.138 1 1119 1792 34
T 126.138 5 1118 1791 34
T 126.138 7 1118 1791 34
T 126.138 8 1118 1792 34
T 126.138 4 1118 1792 34
T 126.138 3 1117 1791 34
T 126.138 2 1117 1792 34
T 126.159 6 1121 1790 34
T 126.159 1 1120 1792 34
T 126.160 5 1119 1791 34
T 126.160 7 1119 1791 34
T 126.160 8 1119 1792 34
T 126.160 4 1119 1792 34
T 126.160 3 1118 1791 34
T 126.160 2 1118 1792 34
T 126.181 6 1122 1790 34
T 126.181 1 1121 1792 34
T 126.181 5 1120 1791 34
T 126.181 7 1120 1791 34
T 126.182 8 1120 1792 34
T 126.182 4 1120 1792 34
T 126.182 3 1119 1791 34
T 126.182 2 1119 1792 34
T 126.203 1 1122 1792 34
T 126.203 5 1121 1791 34
T 126.203 7 1121 1791 34
T 126.203 8 1121 1792 34
T 126.203 4 1121 1792 34
T 126.203 3 1120 1791 34
T 126.204 2 1120 1792 34
T 126.225 5 1122 1791 34
T 126.225 7 1122 1791 34
T 126.225 8 1122 1792 34
T 126.225 4 1122 1792 34
T 126.225 3 1121 1791 34
T 126.225 2 1121 1792 34
T 126.245 3 1122 1791 34
T 126.245 2 1122 1792 34
P 126.975 7
P 126.975 8
P 126.975 1
P 126.976 2
P 126.976 3
F 126.976 7 35
P 126.976 4
F 126.976 8 35
P 126.976 5
F 126.978 1 35
P 126.980 6
F 126.980 2 35
F 126.983 3 35
F 126.986 4 35
F 126.988 5 35
F 126.989 6 35
T 127.409 2 1123 1845 35
T 127.488 2 1124 1845 35
T 127.488 8 1123 1845 35
T 127.571 2 1125 1845 35
T 127.571 8 1124 1845 35
T 127.571 6 1123 1843 35
T 127.571 1 1123 1845 35
T 127.571 5 1123 1844 35
T 127.571 7 1123 1844 35
T 127.571 4 1123 1845 35
T 127.571 3 1123 1844 35
T 127.592 2 1126 1845 35
T 127.592 8 1125 1845 35
T 127.592 6 1124 1843 35
T 127.592 1 1124 1845 35
T 127.592 5 1124 1844 35
T 127.592 7 1124 1844 35
T 127.592 4 1124 1845 35
T 127.592 3 1124 1844 35
T 127.613 2 1127 1845 35
T 127.613 8 1126 1845 35
T 127.613 6 1125 1843 35
T 127.613 1 1125 1845 35
T 127.613 5 1125 1844 35
T 127.613 7 1125 1844 35
T 127.613 4 1125 1845 35
T 127.613 3 1125 1844 35
T 127.634 2 1128 1845 35
T 127.634 8 1127 1845 35
T 127.634 6 1126 1843 35
T 127.634 1 1126 1845 35
T 127.635 5 1126 1844 35
T 127.635 7 1126 1844 35
T 127.635 4 1126 1845 35
T 127.635 3 1126 1844 35
T 127.656 2 1129 1845 35
T 127.656 8 1128 1845 35
T 127.656 6 1127 1843 35
T 127.656 1 1127 1845 35
T 127.656 5 1127 1844 35
T 127.656 7 1127 1844 35
T 127.656 4 1127 1845 35
T 127.656 3 1127 1844 35
T 127.677 2 1130 1845 35
T 127.677 8 1129 1845 35
T 127.677 6 1128 1843 35
T 127.677 1 1128 1845 35
T 127.678 5 1128 1844 35
T 127.678 7 1128 1844 35
T 127.678 4 1128 1845 35
T 127.678 3 1128 1844 35
T 127.699 2 1131 1845 35
T 127.699 8 1130 1845 35
T 127.699 6 1129 1843 35
T 127.699 1 1129 1845 35
T 127.699 5 1129 1844 35
T 127.699 7 1129 1844 35
T 127.699 4 1129 1845 35
T 127.699 3 1129 1844 35
T 127.720 2 1132 1845 35
T 127.720 8 1131 1845 35
T 127.720 6 1130 1843 35
T 127.720 1 1130 1845 35
T 127.720 5 1130 1844 35
T 127.721 7 1130 1844 35
T 127.721 4 1130 1845 35
T 127.721 3 1130 1844 35
T 127.742 2 1133 1845 35
T 127.742 8 1132 1845 35
T 127.742 6 1131 1843 35
T 127.742 1 1131 1845 35
T 127.742 5 1131 1844 35
T 127.742 7 1131 1844 35
T 127.742 4 1131 1845 35
T 127.742 3 1131 1844 35
T 127.763 2 1134 1845 35
T 127.763 8 1133 1845 35
T 127.763 6 1132 1843 35
T 127.764 1 1132 1845 35
T 127.764 5 1132 1844 35
T 127.764 7 1132 1844 35
T 127.764 4 1132 1845 35
T 127.764 3 1132 1844 35
T 127.785 2 1135 1845 35
T 127.785 8 1134 1845 35
T 127.785 6 1133 1843 35
T 127.785 1 1133 1845 35
T 127.785 5 1133 1844 35
T 127.785 7 1133 1844 35
T 127.785 4 1133 1845 35
T 127.785 3 1133 1844 35
T 127.806 2 1136 1845 35
T 127.806 8 1135 1845 35
T 127.806 6 1134 1843 35
T 127.807 1 1134 1845 35
T 127.807 5 1134 1844 35
T 127.807 7 1134 1844 35
T 127.807 4 1134 1845 35
T 127.807 3 1134 1844 35
T 127.828 2 1137 1845 35
T 127.828 8 1136 1845 35
T 127.828 6 1135 1843 35
T 127.828 1 1135 1845 35
T 127.828 5 1135 1844 35
T 127.828 7 1135 1844 35
T 127.828 4 1135 1845 35
T 127.828 3 1135 1844 35
T 127.849 2 1138 1845 35
T 127.849 8 1137 1845 35
T 127.849 6 1136 1843 35
T 127.849 1 1136 1845 35
T 127.850 5 1136 1844 35
T 127.850 7 1136 1844 35
T 127.850 4 1136 1845 35
T 127.850 3 1136 1844 35
T 127.871 2 1139 1845 35
T 127.871 8 1138 1845 35
T 127.871 6 1137 1843 35
T 127.871 1 1137 1845 35
T 127.871 5 1137 1844 35
T 127.871 7 1137 1844 35
T 127.871 4 1137 1845 35
T 127.871 3 1137 1844 35
T 127.892 2 1140 1845 35
T 127.892 8 1139 1845 35
T 127.892 6 1138 1843 35
T 127.892 1 1138 1845 35
T 127.892 5 1138 1844 35
T 127.892 7 1138 1844 35
T 127.892 4 1138 1845 35
T 127.892 3 1138 1844 35
T 127.913 2 1141 1845 35
T 127.914 8 1140 1845 35
T 127.914 6 1139 1843 35
T 127.914 1 1139 1845 35
T 127.914 5 1139 1844 35
T 127.914 7 1139 1844 35
T 127.914 4 1139 1845 35
T 127.914 3 1139 1844 35
T 127.935 2 1142 1845 35
T 127.935 8 1141 1845 35
T 127.935 6 1140 1843 35
T 127.935 1 1140 1845 35
T 127.935 5 1140 1844 35
T 127.935 7 1140 1844 35
T 127.935 4 1140 1845 35
T 127.935 3 1140 1844 35
T 127.956 2 1143 1845 35
T 127.956 8 1142 1845 35
T 127.956 6 1141 1843 35
T 127.957 1 1141 1845 35
T 127.957 5 1141 1844 35
T 127.957 7 1141 1844 35
T 127.957 4 1141 1845 35
T 127.957 3 1141 1844 35
T 127.978 2 1144 1845 35
T 127.978 8 1143 1845 35
T 127.978 6 1142 1843 35
T 127.978 1 1142 1845 35
T 127.978 5 1142 1844 35
T 127.978 7 1142 1844 35
T 127.978 4 1142 1845 35
T 127.978 3 1142 1844 35
T 127.999 2 1145 1845 35
T 127.999 8 1144 1845 35
T 127.999 6 1143 1843 35
T 128.000 1 1143 1845 35
T 128.000 5 1143 1844 35
T 128.000 7 1143 1844 35
T 128.000 4 1143 1845 35
T 128.000 3 1143 1844 35
T 128.021 2 1146 1845 35
T 128.021 8 1145 1845 35
T 128.021 6 1144 1843 35
T 128.021 1 1144 1845 35
T 128.021 5 1144 1844 35
T 128.021 7 1144 1844 35
T 128.021 4 1144 1845 35
T 128.021 3 1144 1844 35
T 128.042 2 1147 1845 35
T 128.042 8 1146 1845 35
T 128.042 6 1145 1843 35
T 128.042 1 1145 1845 35
T 128.042 5 1145 1844 35
T 128.043 7 1145 1844 35
T 128.043 4 1145 1845 35
T 128.043 3 1145 1844 35
T 128.064 2 1148 1845 35
T 128.064 8 1147 1845 35
T 128.064 6 1146 1843 35
T 128.064 1 1146 1845 35
T 128.064 5 1146 1844 35
T 128.064 7 1146 1844 35
T 128.064 4 1146 1845 35
T 128.064 3 1146 1844 35
T 128.085 2 1149 1845 35
T 128.085 8 1148 1845 35
T 128.085 6 1147 1843 35
T 128.085 1 1147 1845 35
T 128.085 5 1147 1844 35
T 128.086 7 1147 1844 35
T 128.086 4 1147 1845 35
T 128.086 3 1147 1844 35
T 128.107 2 1150 1845 35
T 128.107 8 1149 1845 35
T 128.107 6 1148 1843 35
T 128.107 1 1148 1845 35
T 128.107 5 1148 1844 35
T 128.107 7 1148 1844 35
T 128.107 4 1148 1845 35
T 128.107 3 1148 1844 35
T 128.128 2 1151 1845 35
T 128.128 8 1150 1845 35
T 128.128 6 1149 1843 35
T 128.128 1 1149 1845 35
T 128.128 5 1149 1844 35
T 128.128 7 1149 1844 35
T 128.129 4 1149 1845 35
T 128.129 3 1149 1844 35
T 128.150 2 1152 1845 35
T 128.150 8 1151 1845 35
T 128.150 6 1150 1843 35
T 128.150 1 1150 1845 35
T 128.150 5 1150 1844 35
T 128.150 7 1150 1844 35
T 128.150 4 1150 1845 35
T 128.150 3 1150 1844 35
T 128.171 2 1153 1845 35
T 128.171 8 1152 1845 35
T 128.171 6 1151 1843 35
T 128.171 1 1151 1845 35
T 128.171 5 1151 1844 35
T 128.171 7 1151 1844 35
T 128.171 4 1151 1845 35
T 128.171 3 1151 1844 35
T 128.193 2 1154 1845 35
T 128.193 8 1153 1845 35
T 128.193 6 1152 1843 35
T 128.193 1 1152 1845 35
T 128.193 5 1152 1844 35
T 128.193 7 1152 1844 35
T 128.193 4 1152 1845 35
T 128.193 3 1152 1844 35
T 128.215 2 1155 1845 35
T 128.215 8 1154 1845 35
T 128.215 6 1153 1843 35
T 128.215 1 1153 1845 35
T 128.215 5 1153 1844 35
T 128.215 7 1153 1844 35
T 128.215 4 1153 1845 35
T 128.215 3 1153 1844 35
T 128.236 8 1155 1845 35
T 128.236 6 1154 1843 35
T 128.236 1 1154 1845 35
T 128.237 5 1154 1844 35
T 128.237 7 1154 1844 35
T 128.237 4 1154 1845 35
T 128.237 3 1154 1844 35
T 128.258 6 1155 1843 35
T 128.258 1 1155 1845 35
T 128.258 5 1155 1844 35
T 128.258 7 1155 1844 35
T 128.259 4 1155 1845 35
T 128.259 3 1155 1844 35
P 128.974 7
P 128.974 8
P 128.975 1
F 128.975 7 36
P 128.975 2
F 128.975 8 36
P 128.977 3
F 128.977 1 36
P 128.979 4
F 128.980 2 36
P 128.980 5
F 128.981 3 36
P 128.983 6
F 128.984 4 36
F 128.988 5 36
F 128.990 6 36
T 129.386 8 1156 1898 36
T 129.469 8 1157 1898 36
T 129.469 7 1156 1897 36
T 129.469 4 1156 1898 36
T 129.469 3 1156 1897 36
T 129.521 8 1158 1898 36
T 129.521 7 1157 1897 36
T 129.521 4 1157 1898 36
T 129.521 3 1157 1897 36
T 129.521 2 1156 1898 36
T 129.521 6 1156 1896 36
T 129.521 1 1156 1898 36
T 129.521 5 1156 1897 36
T 129.542 8 1159 1898 36
T 129.542 7 1158 1897 36
T 129.542 4 1158 1898 36
T 129.542 3 1158 1897 36
T 129.542 2 1157 1898 36
T 129.542 6 1157 1896 36
T 129.542 1 1157 1898 36
T 129.542 5 1157 1897 36
T 129.563 8 1160 1898 36
T 129.563 7 1159 1897 36
T 129.563 4 1159 1898 36
T 129.564 3 1159 1897 36
T 129.564 2 1158 1898 36
T 129.564 6 1158 1896 36
T 129.564 1 1158 1898 36
T 129.564 5 1158 1897 36
T 129.585 8 1161 1898 36
T 129.585 7 1160 1897 36
T 129.585 4 1160 1898 36
T 129.585 3 1160 1897 36
T 129.585 2 1159 1898 36
T 129.585 6 1159 1896 36
T 129.585 1 1159 1898 36
T 129.585 5 1159 1897 36
T 129.606 8 1162 1898 36
T 129.606 7 1161 1897 36
T 129.606 4 1161 1898 36
T 129.607 3 1161 1897 36
T 129.607 2 1160 1898 36
T 129.607 6 1160 1896 36
T 129.607 1 1160 1898 36
T 129.607 5 1160 1897 36
T 129.628 8 1163 1898 36
T 129.628 7 1162 1897 36
T 129.628 4 1162 1898 36
T 129.628 3 1162 1897 36
T 129.628 2 1161 1898 36
T 129.628 6 1161 1896 36
T 129.628 1 1161 1898 36
T 129.628 5 1161 1897 36
T 129.649 8 1164 1898 36
T 129.649 7 1163 1897 36
T 129.649 4 1163 1898 36
T 129.650 3 1163 1897 36
T 129.650 2 1162 1898 36
T 129.650 6 1162 1896 36
T 129.650 1 1162 1898 36
T 129.650 5 1162 1897 36
T 129.671 8 1165 1898 36
T 129.671 7 1164 1897 36
T 129.671 4 1164 1898 36
T 129.671 3 1164 1897 36
T 129.671 2 1163 1898 36
T 129.671 6 1163 1896 36
T 129.671 1 1163 1898 36
T 129.671 5 1163 1897 36
T 129.692 8 1166 1898 36
T 129.692 7 1165 1897 36
T 129.692 4 1165 1898 36
T 129.692 3 1165 1897 36
T 129.693 2 1164 1898 36
T 129.693 6 1164 1896 36
T 129.693 1 1164 1898 36
T 129.693 5 1164 1897 36
T 129.714 8 1167 1898 36
T 129.714 7 1166 1897 36
T 129.714 4 1166 1898 36
T 129.714 3 1166 1897 36
T 129.714 2 1165 1898 36
T 129.714 6 1165 1896 36
T 129.714 1 1165 1898 36
T 129.714 5 1165 1897 36
T 129.735 8 1168 1898 36
T 129.735 7 1167 1897 36
T 129.735 4 1167 1898 36
T 129.735 3 1167 1897 36
T 129.735 2 1166 1898 36
T 129.736 6 1166 1896 36
T 129.736 1 1166 1898 36
T 129.736 5 1166 1897 36
T 129.757 8 1169 1898 36
T 129.757 7 1168 1897 36
T 129.757 4 1168 1898 36
T 129.757 3 1168 1897 36
T 129.757 2 1167 1898 36
T 129.757 6 1167 1896 36
T 129.757 1 1167 1898 36
T 129.757 5 1167 1897 36
T 129.778 8 1170 1898 36
T 129.778 7 1169 1897 36
T 129.778 4 1169 1898 36
T 129.779 3 1169 1897 36
T 129.779 2 1168 1898 36
T 129.779 6 1168 1896 36
T 129.779 1 1168 1898 36
T 129.779 5 1168 1897 36
T 129.800 8 1171 1898 36
T 129.800 7 1170 1897 36
T 129.800 4 1170 1898 36
T 129.800 3 1170 1897 36
T 129.800 2 1169 1898 36
T 129.800 6 1169 1896 36
T 129.800 1 1169 1898 36
T 129.800 5 1169 1897 36
T 129.821 8 1172 1898 36
T 129.821 7 1171 1897 36
T 129.821 4 1171 1898 36
T 129.822 3 1171 1897 36
T 129.822 2 1170 1898 36
T 129.822 6 1170 1896 36
T 129.822 1 1170 1898 36
T 129.822 5 1170 1897 36
T 129.843 8 1173 1898 36
T 129.843 7 1172 1897 36
T 129.843 4 1172 1898 36
T 129.843 3 1172 1897 36
T 129.843 2 1171 1898 36
T 129.843 6 1171 1896 36
T 129.843 1 1171 1898 36
T 129.843 5 1171 1897 36
T 129.864 8 1174 1898 36
T 129.864 7 1173 1897 36
T 129.864 4 1173 1898 36
T 129.865 3 1173 1897 36
T 129.865 2 1172 1898 36
T 129.865 6 1172 1896 36
T 129.865 1 1172 1898 36
T 129.865 5 1172 1897 36
T 129.886 8 1175 1898 36
T 129.886 7 1174 1897 36
T 129.886 4 1174 1898 36
T 129.886 3 1174 1897 36
T 129.886 2 1173 1898 36
T 129.886 6 1173 1896 36
T 129.886 1 1173 1898 36
T 129.886 5 1173 1897 36
T 129.907 8 1176 1898 36
T 129.907 7 1175 1897 36
T 129.907 4 1175 1898 36
T 129.908 3 1175 1897 36
T 129.908 2 1174 1898 36
T 129.908 6 1174 1896 36
T 129.908 1 1174 1898 36
T 129.908 5 1174 1897 36
T 129.929 8 1177 1898 36
T 129.929 7 1176 1897 36
T 129.929 4 1176 1898 36
T 129.929 3 1176 1897 36
T 129.929 2 1175 1898 36
T 129.929 6 1175 1896 36
T 129.929 1 1175 1898 36
T 129.929 5 1175 1897 36
T 129.950 8 1178 1898 36
T 129.950 7 1177 1897 36
T 129.951 4 1177 1898 36
T 129.951 3 1177 1897 36
T 129.951 2 1176 1898 36
T 129.951 6 1176 1896 36
T 129.951 1 1176 1898 36
T 129.951 5 1176 1897 36
T 129.972 8 1179 1898 36
T 129.972 7 1178 1897 36
T 129.972 4 1178 1898 36
T 129.972 3 1178 1897 36
T 129.972 2 1177 1898 36
T 129.972 6 1177 1896 36
T 129.973 1 1177 1898 36
T 129.973 5 1177 1897 36
T 129.993 8 1180 1898 36
T 129.993 7 1179 1897 36
T 129.994 4 1179 1898 36
T 129.994 3 1179 1897 36
T 129.994 2 1178 1898 36
T 129.994 6 1178 1896 36
T 129.994 1 1178 1898 36
T 129.994 5 1178 1897 36
T 130.015 8 1181 1898 36
T 130.015 7 1180 1897 36
T 130.015 4 1180 1898 36
T 130.015 3 1180 1897 36
T 130.015 2 1179 1898 36
T 130.015 6 1179 1896 36
T 130.015 1 1179 1898 36
T 130.015 5 1179 1897 36
T 130.036 8 1182 1898 36
T 130.037 7 1181 1897 36
T 130.037 4 1181 1898 36
T 130.037 3 1181 1897 36
T 130.037 2 1180 1898 36
T 130.037 6 1180 1896 36
T 130.037 1 1180 1898 36
T 130.037 5 1180 1897 36
T 130.058 8 1183 1898 36
T 130.058 7 1182 1897 36
T 130.058 4 1182 1898 36
T 130.058 3 1182 1897 36
T 130.058 2 1181 1898 36
T 130.058 6 1181 1896 36
T 130.058 1 1181 1898 36
T 130.058 5 1181 1897 36
T 130.079 8 1184 1898 36
T 130.079 7 1183 1897 36
T 130.079 4 1183 1898 36
T 130.080 3 1183 1897 36
T 130.080 2 1182 1898 36
T 130.080 6 1182 1896 36
T 130.080 1 1182 1898 36
T 130.080 5 1182 1897 36
T 130.101 8 1185 1898 36
T 130.101 7 1184 1897 36
T 130.101 4 1184 1898 36
T 130.101 3 1184 1897 36
T 130.101 2 1183 1898 36
T 130.101 6 1183 1896 36
T 130.101 1 1183 1898 36
T 130.102 5 1183 1897 36
T 130.122 8 1186 1898 36
T 130.122 7 1185 1897 36
T 130.123 4 1185 1898 36
T 130.123 3 1185 1897 36
T 130.123 2 1184 1898 36
T 130.123 6 1184 1896 36
T 130.123 1 1184 1898 36
T 130.123 5 1184 1897 36
T 130.144 8 1187 1898 36
T 130.144 7 1186 1897 36
T 130.144 4 1186 1898 36
T 130.144 3 1186 1897 36
T 130.144 2 1185 1898 36
T 130.144 6 1185 1896 36
T 130.145 1 1185 1898 36
T 130.145 5 1185 1897 36
T 130.166 8 1188 1898 36
T 130.166 7 1187 1897 36
T 130.166 4 1187 1898 36
T 130.166 3 1187 1897 36
T 130.166 2 1186 1898 36
T 130.166 6 1186 1896 36
T 130.166 1 1186 1898 36
T 130.166 5 1186 1897 36
T 130.187 7 1188 1897 36
T 130.188 4 1188 1898 36
T 130.188 3 1188 1897 36
T 130.188 2 1187 1898 36
T 130.188 6 1187 1896 36
T 130.188 1 1187 1898 36
T 130.188 5 1187 1897 36
T 130.208 2 1188 1898 36
T 130.209 6 1188 1896 36
T 130.209 1 1188 1898 36
T 130.209 5 1188 1897 36
P 130.975 2
P 130.975 3
F 130.975 2 37
P 130.976 4
F 130.976 3 37
P 130.978 5
F 130.979 4 37
P 130.980 6
F 130.980 5 37
P 130.982 7
F 130.982 6 37
P 130.985 8
F 130.985 7 37
P 130.987 1
F 130.991 8 37
F 130.991 1 37
T 131.456 2 1189 1951 37
T 131.584 2 1190 1951 37
T 131.584 8 1189 1951 37
T 131.584 7 1189 1950 37
T 131.584 4 1189 1951 37
T 131.584 3 1189 1950 37
T 131.584 6 1189 1949 37
T 131.584 5 1189 1950 37
T 131.599 2 1191 1951 37
T 131.599 8 1190 1951 37
T 131.599 7 1190 1950 37
T 131.599 4 1190 1951 37
T 131.599 3 1190 1950 37
T 131.599 6 1190 1949 37
T 131.599 5 1190 1950 37
T 131.599 1 1189 1951 37
T 131.620 2 1192 1951 37
T 131.620 8 1191 1951 37
T 131.620 7 1191 1950 37
T 131.620 4 1191 1951 37
T 131.620 3 1191 1950 37
T 131.620 6 1191 1949 37
T 131.620 5 1191 1950 37
T 131.621 1 1190 1951 37
T 131.641 2 1193 1951 37
T 131.642 8 1192 1951 37
T 131.642 7 1192 1950 37
T 131.642 4 1192 1951 37
T 131.642 3 1192 1950 37
T 131.642 6 1192 1949 37
T 131.642 5 1192 1950 37
T 131.642 1 1191 1951 37
T 131.663 2 1194 1951 37
T 131.663 8 1193 1951 37
T 131.663 7 1193 1950 37
T 131.663 4 1193 1951 37
T 131.663 3 1193 1950 37
T 131.663 6 1193 1949 37
T 131.663 5 1193 1950 37
T 131.663 1 1192 1951 37
T 131.684 2 1195 1951 37
T 131.685 8 1194 1951 37
T 131.685 7 1194 1950 37
T 131.685 4 1194 1951 37
T 131.685 3 1194 1950 37
T 131.685 6 1194 1949 37
T 131.685 5 1194 1950 37
T 131.685 1 1193 1951 37
T 131.706 2 1196 1951 37
T 131.706 8 1195 1951 37
T 131.706 7 1195 1950 37
T 131.706 4 1195 1951 37
T 131.706 3 1195 1950 37
T 131.706 6 1195 1949 37
T 131.706 5 1195 1950 37
T 131.707 1 1194 1951 37
T 131.727 2 1197 1951 37
T 131.727 8 1196 1951 37
T 131.728 7 1196 1950 37
T 131.728 4 1196 1951 37
T 131.728 3 1196 1950 37
T 131.728 6 1196 1949 37
T 131.728 5 1196 1950 37
T 131.728 1 1195 1951 37
T 131.749 2 1198 1951 37
T 131.749 8 1197 1951 37
T 131.749 7 1197 1950 37
T 131.749 4 1197 1951 37
T 131.749 3 1197 1950 37
T 131.749 6 1197 1949 37
T 131.750 5 1197 1950 37
T 131.750 1 1196 1951 37
T 131.770 2 1199 1951 37
T 131.771 8 1198 1951 37
T 131.771 7 1198 1950 37
T 131.771 4 1198 1951 37
T 131.771 3 1198 1950 37
T 131.771 6 1198 1949 37
T 131.771 5 1198 1950 37
T 131.771 1 1197 1951 37
T 131.792 2 1200 1951 37
T 131.792 8 1199 1951 37
T 131.792 7 1199 1950 37
T 131.792 4 1199 1951 37
T 131.792 3 1199 1950 37
T 131.792 6 1199 1949 37
T 131.792 5 1199 1950 37
T 131.793 1 1198 1951 37
T 131.813 2 1201 1951 37
T 131.814 8 1200 1951 37
T 131.814 7 1200 1950 37
T 131.814 4 1200 1951 37
T 131.814 3 1200 1950 37
T 131.814 6 1200 1949 37
T 131.814 5 1200 1950 37
T 131.814 1 1199 1951 37
T 131.835 2 1202 1951 37
T 131.835 8 1201 1951 37
T 131.835 7 1201 1950 37
T 131.835 4 1201 1951 37
T 131.835 3 1201 1950 37
T 131.835 6 1201 1949 37
T 131.836 5 1201 1950 37
T 131.836 1 1200 1951 37
T 131.856 2 1203 1951 37
T 131.857 8 1202 1951 37
T 131.857 7 1202 1950 37
T 131.857 4 1202 1951 37
T 131.857 3 1202 1950 37
T 131.857 6 1202 1949 37
T 131.857 5 1202 1950 37
T 131.857 1 1201 1951 37
T 131.878 2 1204 1951 37
T 131.878 8 1203 1951 37
T 131.878 7 1203 1950 37
T 131.878 4 1203 1951 37
T 131.879 3 1203 1950 37
T 131.879 6 1203 1949 37
T 131.879 5 1203 1950 37
T 131.879 1 1202 1951 37
T 131.900 2 1205 1951 37
T 131.900 8 1204 1951 37
T 131.900 7 1204 1950 37
T 131.900 4 1204 1951 37
T 131.900 3 1204 1950 37
T 131.900 6 1204 1949 37
T 131.900 5 1204 1950 37
T 131.900 1 1203 1951 37
T 131.921 2 1206 1951 37
T 131.921 8 1205 1951 37
T 131.921 7 1205 1950 37
T 131.921 4 1205 1951 37
T 131.921 3 1205 1950 37
T 131.922 6 1205 1949 37
T 131.922 5 1205 1950 37
T 131.922 1 1204 1951 37
T 131.943 2 1207 1951 37
T 131.943 8 1206 1951 37
T 131.943 7 1206 1950 37
T 131.943 4 1206 1951 37
T 131.943 3 1206 1950 37
T 131.943 6 1206 1949 37
T 131.943 5 1206 1950 37
T 131.943 1 1205 1951 37
T 131.964 2 1208 1951 37
T 131.964 8 1207 1951 37
T 131.964 7 1207 1950 37
T 131.964 4 1207 1951 37
T 131.965 3 1207 1950 37
T 131.965 6 1207 1949 37
T 131.965 5 1207 1950 37
T 131.965 1 1206 1951 37
T 131.986 2 1209 1951 37
T 131.986 8 1208 1951 37
T 131.986 7 1208 1950 37
T 131.986 4 1208 1951 37
T 131.986 3 1208 1950 37
T 131.986 6 1208 1949 37
T 131.986 5 1208 1950 37
T 131.986 1 1207 1951 37
T 132.007 2 1210 1951 37
T 132.007 8 1209 1951 37
T 132.008 7 1209 1950 37
T 132.008 4 1209 1951 37
T 132.008 3 1209 1950 37
T 132.008 6 1209 1949 37
T 132.008 5 1209 1950 37
T 132.008 1 1208 1951 37
T 132.029 2 1211 1951 37
T 132.029 8 1210 1951 37
T 132.029 7 1210 1950 37
T 132.029 4 1210 1951 37
T 132.029 3 1210 1950 37
T 132.029 6 1210 1949 37
T 132.029 5 1210 1950 37
T 132.030 1 1209 1951 37
T 132.051 2 1212 1951 37
T 132.051 8 1211 1951 37
T 132.051 7 1211 1950 37
T 132.051 4 1211 1951 37
T 132.051 3 1211 1950 37
T 132.051 6 1211 1949 37
T 132.051 5 1211 1950 37
T 132.051 1 1210 1951 37
T 132.072 2 1213 1951 37
T 132.072 8 1212 1951 37
T 132.072 7 1212 1950 37
T 132.072 4 1212 1951 37
T 132.073 3 1212 1950 37
T 132.073 6 1212 1949 37
T 132.073 5 1212 1950 37
T 132.073 1 1211 1951 37
T 132.094 2 1214 1951 37
T 132.094 8 1213 1951 37
T 132.094 7 1213 1950 37
T 132.094 4 1213 1951 37
T 132.094 3 1213 1950 37
T 132.094 6 1213 1949 37
T 132.094 5 1213 1950 37
T 132.094 1 1212 1951 37
T 132.115 2 1215 1951 37
T 132.115 8 1214 1951 37
T 132.116 7 1214 1950 37
T 132.116 4 1214 1951 37
T 132.116 3 1214 1950 37
T 132.116 6 1214 1949 37
T 132.116 5 1214 1950 37
T 132.116 1 1213 1951 37
T 132.137 2 1216 1951 37
T 132.137 8 1215 1951 37
T 132.137 7 1215 1950 37
T 132.137 4 1215 1951 37
T 132.137 3 1215 1950 37
T 132.137 6 1215 1949 37
T 132.138 5 1215 1950 37
T 132.138 1 1214 1951 37
T 132.159 2 1217 1951 37
T 132.159 8 1216 1951 37
T 132.159 7 1216 1950 37
T 132.159 4 1216 1951 37
T 132.159 3 1216 1950 37
T 132.159 6 1216 1949 37
T 132.159 5 1216 1950 37
T 132.159 1 1215 1951 37
T 132.180 2 1218 1951 37
T 132.180 8 1217 1951 37
T 132.180 7 1217 1950 37
T 132.180 4 1217 1951 37
T 132.180 3 1217 1950 37
T 132.181 6 1217 1949 37
T 132.181 5 1217 1950 37
T 132.181 1 1216 1951 37
T 132.202 2 1219 1951 37
T 132.202 8 1218 1951 37
T 132.202 7 1218 1950 37
T 132.202 4 1218 1951 37
T 132.202 3 1218 1950 37
T 132.202 6 1218 1949 37
T 132.202 5 1218 1950 37
T 132.202 1 1217 1951 37
T 132.224 2 1220 1951 37
T 132.224 8 1219 1951 37
T 132.224 7 1219 1950 37
T 132.224 4 1219 1951 37
T 132.224 3 1219 1950 37
T 132.224 6 1219 1949 37
T 132.224 5 1219 1950 37
T 132.224 1 1218 1951 37
T 132.246 2 1221 1951 37
T 132.246 8 1220 1951 37
T 132.246 7 1220 1950 37
T 132.246 4 1220 1951 37
T 132.246 3 1220 1950 37
T 132.246 6 1220 1949 37
T 132.246 5 1220 1950 37
T 132.246 1 1219 1951 37
T 132.268 8 1221 1951 37
T 132.268 7 1221 1950 37
T 132.268 4 1221 1951 37
T 132.268 3 1221 1950 37
T 132.268 6 1221 1949 37
T 132.268 5 1221 1950 37
T 132.268 1 1220 1951 37
T 132.287 1 1221 1951 37
P 132.976 4
P 132.976 5
P 132.977 6
F 132.977 4 38
P 132.977 7
F 132.977 5 38
P 132.979 8
F 132.979 6 38
P 132.980 1
F 132.982 7 38
P 132.983 2
F 132.983 8 38
F 132.989 1 38
P 132.989 3
F 132.994 2 38
F 132.996 3 38
T 133.397 4 1222 2004 38
T 133.477 4 1223 2004 38
T 133.478 8 1222 2004 38
T 133.478 7 1222 2003 38
T 133.478 1 1222 2004 38
T 133.529 4 1224 2004 38
T 133.530 8 1223 2004 38
T 133.530 7 1223 2003 38
T 133.530 1 1223 2004 38
T 133.530 2 1222 2004 38
T 133.530 3 1222 2003 38
T 133.530 6 1222 2002 38
T 133.530 5 1222 2003 38
T 133.551 4 1225 2004 38
T 133.551 8 1224 2004 38
T 133.551 7 1224 2003 38
T 133.551 1 1224 2004 38
T 133.551 2 1223 2004 38
T 133.551 3 1223 2003 38
T 133.551 6 1223 2002 38
T 133.551 5 1223 2003 38
T 133.572 4 1226 2004 38
T 133.572 8 1225 2004 38
T 133.572 7 1225 2003 38
T 133.572 1 1225 2004 38
T 133.572 2 1224 2004 38
T 133.573 3 1224 2003 38
T 133.573 6 1224 2002 38
T 133.573 5 1224 2003 38
T 133.593 4 1227 2004 38
T 133.593 8 1226 2004 38
T 133.594 7 1226 2003 38
T 133.594 1 1226 2004 38
T 133.594 2 1225 2004 38
T 133.594 3 1225 2003 38
T 133.594 6 1225 2002 38
T 133.594 5 1225 2003 38
T 133.615 4 1228 2004 38
T 133.615 8 1227 2004 38
T 133.615 7 1227 2003 38
T 133.615 1 1227 2004 38
T 133.615 2 1226 2004 38
T 133.615 3 1226 2003 38
T 133.615 6 1226 2002 38
T 133.616 5 1226 2003 38
T 133.637 4 1229 2004 38
T 133.637 8 1228 2004 38
T 133.637 7 1228 2003 38
T 133.637 1 1228 2004 38
T 133.637 2 1227 2004 38
T 133.637 3 1227 2003 38
T 133.637 6 1227 2002 38
T 133.637 5 1227 2003 38
T 133.658 4 1230 2004 38
T 133.658 8 1229 2004 38
T 133.658 7 1229 2003 38
T 133.659 1 1229 2004 38
T 133.659 2 1228 2004 38
T 133.659 3 1228 2003 38
T 133.659 6 1228 2002 38
T 133.659 5 1228 2003 38
T 133.680 4 1231 2004 38
T 133.680 8 1230 2004 38
T 133.680 7 1230 2003 38
T 133.680 1 1230 2004 38
T 133.680 2 1229 2004 38
T 133.680 3 1229 2003 38
T 133.680 6 1229 2002 38
T 133.680 5 1229 2003 38
T 133.701 4 1232 2004 38
T 133.702 8 1231 2004 38
T 133.702 7 1231 2003 38
T 133.702 1 1231 2004 38
T 133.702 2 1230 2004 38
T 133.702 3 1230 2003 38
T 133.702 6 1230 2002 38
T 133.702 5 1230 2003 38
T 133.723 4 1233 2004 38
T 133.723 8 1232 2004 38
T 133.723 7 1232 2003 38
T 133.723 1 1232 2004 38
T 133.723 2 1231 2004 38
T 133.723 3 1231 2003 38
T 133.724 6 1231 2002 38
T 133.724 5 1231 2003 38
T 133.744 4 1234 2004 38
T 133.745 8 1233 2004 38
T 133.745 7 1233 2003 38
T 133.745 1 1233 2004 38
T 133.745 2 1232 2004 38
T 133.745 3 1232 2003 38
T 133.745 6 1232 2002 38
T 133.745 5 1232 2003 38
T 133.766 4 1235 2004 38
T 133.766 8 1234 2004 38
T 133.766 7 1234 2003 38
T 133.766 1 1234 2004 38
T 133.766 2 1233 2004 38
T 133.767 3 1233 2003 38
T 133.767 6 1233 2002 38
T 133.767 5 1233 2003 38
T 133.788 4 1236 2004 38
T 133.788 8 1235 2004 38
T 133.788 7 1235 2003 38
T 133.788 1 1235 2004 38
T 133.788 2 1234 2004 38
T 133.788 3 1234 2003 38
T 133.788 6 1234 2002 38
T 133.788 5 1234 2003 38
T 133.809 4 1237 2004 38
T 133.810 8 1236 2004 38
T 133.810 7 1236 2003 38
T 133.810 1 1236 2004 38
T 133.810 2 1235 2004 38
T 133.810 3 1235 2003 38
T 133.810 6 1235 2002 38
T 133.810 5 1235 2003 38
T 133.831 4 1238 2004 38
T 133.831 8 1237 2004 38
T 133.831 7 1237 2003 38
T 133.831 1 1237 2004 38
T 133.831 2 1236 2004 38
T 133.831 3 1236 2003 38
T 133.831 6 1236 2002 38
T 133.832 5 1236 2003 38
T 133.853 4 1239 2004 38
T 133.853 8 1238 2004 38
T 133.853 7 1238 2003 38
T 133.853 1 1238 2004 38
T 133.853 2 1237 2004 38
T 133.853 3 1237 2003 38
T 133.853 6 1237 2002 38
T 133.853 5 1237 2003 38
T 133.875 4 1240 2004 38
T 133.875 8 1239 2004 38
T 133.875 7 1239 2003 38
T 133.875 1 1239 2004 38
T 133.875 2 1238 2004 38
T 133.875 3 1238 2003 38
T 133.875 6 1238 2002 38
T 133.875 5 1238 2003 38
T 133.896 4 1241 2004 38
T 133.896 8 1240 2004 38
T 133.897 7 1240 2003 38
T 133.897 1 1240 2004 38
T 133.897 2 1239 2004 38
T 133.897 3 1239 2003 38
T 133.897 6 1239 2002 38
T 133.897 5 1239 2003 38
T 133.918 4 1242 2004 38
T 133.918 8 1241 2004 38
T 133.918 7 1241 2003 38
T 133.918 1 1241 2004 38
T 133.918 2 1240 2004 38
T 133.919 3 1240 2003 38
T 133.919 6 1240 2002 38
T 133.919 5 1240 2003 38
T 133.940 4 1243 2004 38
T 133.940 8 1242 2004 38
T 133.940 7 1242 2003 38
T 133.940 1 1242 2004 38
T 133.940 2 1241 2004 38
T 133.940 3 1241 2003 38
T 133.940 6 1241 2002 38
T 133.940 5 1241 2003 38
T 133.962 4 1244 2004 38
T 133.962 8 1243 2004 38
T 133.962 7 1243 2003 38
T 133.962 1 1243 2004 38
T 133.962 2 1242 2004 38
T 133.962 3 1242 2003 38
T 133.962 6 1242 2002 38
T 133.962 5 1242 2003 38
T 133.983 4 1245 2004 38
T 133.984 8 1244 2004 38
T 133.984 7 1244 2003 38
T 133.984 1 1244 2004 38
T 133.984 2 1243 2004 38
T 133.984 3 1243 2003 38
T 133.984 6 1243 2002 38
T 133.984 5 1243 2003 38
T 134.005 4 1246 2004 38
T 134.005 8 1245 2004 38
T 134.005 7 1245 2003 38
T 134.005 1 1245 2004 38
T 134.005 2 1244 2004 38
T 134.006 3 1244 2003 38
T 134.006 6 1244 2002 38
T 134.006 5 1244 2003 38
T 134.027 4 1247 2004 38
T 134.027 8 1246 2004 38
T 134.027 7 1246 2003 38
T 134.027 1 1246 2004 38
T 134.027 2 1245 2004 38
T 134.027 3 1245 2003 38
T 134.027 6 1245 2002 38
T 134.027 5 1245 2003 38
T 134.049 4 1248 2004 38
T 134.049 8 1247 2004 38
T 134.049 7 1247 2003 38
T 134.049 1 1247 2004 38
T 134.049 2 1246 2004 38
T 134.049 3 1246 2003 38
T 134.049 6 1246 2002 38
T 134.049 5 1246 2003 38
T 134.070 4 1249 2004 38
T 134.071 8 1248 2004 38
T 134.071 7 1248 2003 38
T 134.071 1 1248 2004 38
T 134.071 2 1247 2004 38
T 134.071 3 1247 2003 38
T 134.071 6 1247 2002 38
T 134.071 5 1247 2003 38
T 134.092 4 1250 2004 38
T 134.092 8 1249 2004 38
T 134.092 7 1249 2003 38
T 134.092 1 1249 2004 38
T 134.093 2 1248 2004 38
T 134.093 3 1248 2003 38
T 134.093 6 1248 2002 38
T 134.093 5 1248 2003 38
T 134.114 4 1251 2004 38
T 134.114 8 1250 2004 38
T 134.114 7 1250 2003 38
T 134.114 1 1250 2004 38
T 134.114 2 1249 2004 38
T 134.114 3 1249 2003 38
T 134.115 6 1249 2002 38
T 134.115 5 1249 2003 38
T 134.142 4 1252 2004 38
T 134.143 8 1251 2004 38
T 134.143 7 1251 2003 38
T 134.143 1 1251 2004 38
T 134.143 2 1250 2004 38
T 134.143 3 1250 2003 38
T 134.143 6 1250 2002 38
T 134.143 5 1250 2003 38
T 134.158 4 1253 2004 38
T 134.158 8 1252 2004 38
T 134.158 7 1252 2003 38
T 134.158 1 1252 2004 38
T 134.158 2 1251 2004 38
T 134.158 3 1251 2003 38
T 134.158 6 1251 2002 38
T 134.159 5 1251 2003 38
T 134.180 4 1254 2004 38
T 134.180 8 1253 2004 38
T 134.180 7 1253 2003 38
T 134.180 1 1253 2004 38
T 134.180 2 1252 2004 38
T 134.180 3 1252 2003 38
T 134.180 6 1252 2002 38
T 134.181 5 1252 2003 38
T 134.202 8 1254 2004 38
T 134.202 7 1254 2003 38
T 134.202 1 1254 2004 38
T 134.202 2 1253 2004 38
T 134.202 3 1253 2003 38
T 134.202 6 1253 2002 38
T 134.203 5 1253 2003 38
T 134.223 2 1254 2004 38
T 134.223 3 1254 2003 38
T 134.223 6 1254 2002 38
T 134.223 5 1254 2003 38
P 134.978 8
F 134.979 8 39
P 134.979 1
F 134.981 1 39
P 134.981 2
F 134.982 2 39
P 134.984 3
F 134.987 3 39
P 134.987 4
F 134.988 4 39
P 134.989 5
F 134.990 5 39
P 134.997 6
F 135.002 6 39
P 135.003 7
F 135.006 7 39
T 135.406 8 1255 2057 39
T 135.468 8 1256 2057 39
T 135.468 3 1255 2056 39
T 135.560 8 1257 2057 39
T 135.560 3 1256 2056 39
T 135.560 4 1255 2057 39
T 135.560 7 1255 2056 39
T 135.561 1 1255 2057 39
T 135.561 2 1255 2057 39
T 135.561 6 1255 2055 39
T 135.561 5 1255 2056 39
T 135.581 8 1258 2057 39
T 135.581 3 1257 2056 39
T 135.581 4 1256 2057 39
T 135.582 7 1256 2056 39
T 135.582 1 1256 2057 39
T 135.582 2 1256 2057 39
T 135.582 6 1256 2055 39
T 135.582 5 1256 2056 39
T 135.603 8 1259 2057 39
T 135.603 3 1258 2056 39
T 135.603 4 1257 2057 39
T 135.603 7 1257 2056 39
T 135.603 1 1257 2057 39
T 135.603 2 1257 2057 39
T 135.603 6 1257 2055 39
T 135.603 5 1257 2056 39
T 135.624 8 1260 2057 39
T 135.624 3 1259 2056 39
T 135.625 4 1258 2057 39
T 135.625 7 1258 2056 39
T 135.625 1 1258 2057 39
T 135.625 2 1258 2057 39
T 135.625 6 1258 2055 39
T 135.625 5 1258 2056 39
T 135.646 8 1261 2057 39
T 135.646 3 1260 2056 39
T 135.646 4 1259 2057 39
T 135.646 7 1259 2056 39
T 135.646 1 1259 2057 39
T 135.647 2 1259 2057 39
T 135.647 6 1259 2055 39
T 135.647 5 1259 2056 39
T 135.668 8 1262 2057 39
T 135.668 3 1261 2056 39
T 135.668 4 1260 2057 39
T 135.668 7 1260 2056 39
T 135.668 1 1260 2057 39
T 135.668 2 1260 2057 39
T 135.668 6 1260 2055 39
T 135.668 5 1260 2056 39
T 135.690 8 1263 2057 39
T 135.690 3 1262 2056 39
T 135.690 4 1261 2057 39
T 135.690 7 1261 2056 39
T 135.690 1 1261 2057 39
T 135.690 2 1261 2057 39
T 135.690 6 1261 2055 39
T 135.690 5 1261 2056 39
T 135.712 8 1264 2057 39
T 135.712 3 1263 2056 39
T 135.712 4 1262 2057 39
T 135.712 7 1262 2056 39
T 135.712 1 1262 2057 39
T 135.712 2 1262 2057 39
T 135.712 6 1262 2055 39
T 135.712 5 1262 2056 39
T 135.733 8 1265 2057 39
T 135.733 3 1264 2056 39
T 135.734 4 1263 2057 39
T 135.734 7 1263 2056 39
T 135.734 1 1263 2057 39
T 135.734 2 1263 2057 39
T 135.734 6 1263 2055 39
T 135.734 5 1263 2056 39
T 135.755 8 1266 2057 39
T 135.755 3 1265 2056 39
T 135.755 4 1264 2057 39
T 135.755 7 1264 2056 39
T 135.755 1 1264 2057 39
T 135.755 2 1264 2057 39
T 135.756 6 1264 2055 39
T 135.756 5 1264 2056 39
T 135.777 8 1267 2057 39
T 135.777 3 1266 2056 39
T 135.777 4 1265 2057 39
T 135.777 7 1265 2056 39
T 135.777 1 1265 2057 39
T 135.777 2 1265 2057 39
T 135.777 6 1265 2055 39
T 135.777 5 1265 2056 39
T 135.799 8 1268 2057 39
T 135.799 3 1267 2056 39
T 135.799 4 1266 2057 39
T 135.799 7 1266 2056 39
T 135.799 1 1266 2057 39
T 135.799 2 1266 2057 39
T 135.799 6 1266 2055 39
T 135.799 5 1266 2056 39
T 135.820 8 1269 2057 39
T 135.821 3 1268 2056 39
T 135.821 4 1267 2057 39
T 135.821 7 1267 2056 39
T 135.821 1 1267 2057 39
T 135.821 2 1267 2057 39
T 135.821 6 1267 2055 39
T 135.821 5 1267 2056 39
T 135.842 8 1270 2057 39
T 135.842 3 1269 2056 39
T 135.842 4 1268 2057 39
T 135.842 7 1268 2056 39
T 135.843 1 1268 2057 39
T 135.843 2 1268 2057 39
T 135.843 6 1268 2055 39
T 135.843 5 1268 2056 39
T 135.864 8 1271 2057 39
T 135.864 3 1270 2056 39
T 135.864 4 1269 2057 39
T 135.864 7 1269 2056 39
T 135.864 1 1269 2057 39
T 135.864 2 1269 2057 39
T 135.865 6 1269 2055 39
T 135.865 5 1269 2056 39
T 135.886 8 1272 2057 39
T 135.886 3 1271 2056 39
T 135.886 4 1270 2057 39
T 135.886 7 1270 2056 39
T 135.886 1 1270 2057 39
T 135.886 2 1270 2057 39
T 135.886 6 1270 2055 39
T 135.886 5 1270 2056 39
T 135.908 8 1273 2057 39
T 135.908 3 1272 2056 39
T 135.908 4 1271 2057 39
T 135.908 7 1271 2056 39
T 135.908 1 1271 2057 39
T 135.908 2 1271 2057 39
T 135.908 6 1271 2055 39
T 135.908 5 1271 2056 39
T 135.929 8 1274 2057 39
T 135.929 3 1273 2056 39
T 135.930 4 1272 2057 39
T 135.930 7 1272 2056 39
T 135.930 1 1272 2057 39
T 135.930 2 1272 2057 39
T 135.930 6 1272 2055 39
T 135.930 5 1272 2056 39
T 135.951 8 1275 2057 39
T 135.951 3 1274 2056 39
T 135.951 4 1273 2057 39
T 135.951 7 1273 2056 39
T 135.952 1 1273 2057 39
T 135.952 2 1273 2057 39
T 135.952 6 1273 2055 39
T 135.952 5 1273 2056 39
T 135.973 8 1276 2057 39
T 135.973 3 1275 2056 39
T 135.973 4 1274 2057 39
T 135.973 7 1274 2056 39
T 135.973 1 1274 2057 39
T 135.973 2 1274 2057 39
T 135.973 6 1274 2055 39
T 135.974 5 1274 2056 39
T 135.995 8 1277 2057 39
T 135.995 3 1276 2056 39
T 135.995 4 1275 2057 39
T 135.995 7 1275 2056 39
T 135.995 1 1275 2057 39
T 135.995 2 1275 2057 39
T 135.996 6 1275 2055 39
T 135.996 5 1275 2056 39
T 136.017 8 1278 2057 39
T 136.017 3 1277 2056 39
T 136.017 4 1276 2057 39
T 136.017 7 1276 2056 39
T 136.017 1 1276 2057 39
T 136.017 2 1276 2057 39
T 136.017 6 1276 2055 39
T 136.017 5 1276 2056 39
T 136.039 8 1279 2057 39
T 136.039 3 1278 2056 39
T 136.039 4 1277 2057 39
T 136.039 7 1277 2056 39
T 136.039 1 1277 2057 39
T 136.039 2 1277 2057 39
T 136.039 6 1277 2055 39
T 136.039 5 1277 2056 39
T 136.060 8 1280 2057 39
T 136.060 3 1279 2056 39
T 136.060 4 1278 2057 39
T 136.060 7 1278 2056 39
T 136.061 1 1278 2057 39
T 136.061 2 1278 2057 39
T 136.061 6 1278 2055 39
T 136.061 5 1278 2056 39
T 136.082 8 1281 2057 39
T 136.082 3 1280 2056 39
T 136.082 4 1279 2057 39
T 136.082 7 1279 2056 39
T 136.082 1 1279 2057 39
T 136.082 2 1279 2057 39
T 136.083 6 1279 2055 39
T 136.083 5 1279 2056 39
T 136.104 8 1282 2057 39
T 136.104 3 1281 2056 39
T 136.104 4 1280 2057 39
T 136.104 7 1280 2056 39
T 136.104 1 1280 2057 39
T 136.104 2 1280 2057 39
T 136.104 6 1280 2055 39
T 136.104 5 1280 2056 39
T 136.126 8 1283 2057 39
T 136.126 3 1282 2056 39
T 136.126 4 1281 2057 39
T 136.126 7 1281 2056 39
T 136.126 1 1281 2057 39
T 136.126 2 1281 2057 39
T 136.126 6 1281 2055 39
T 136.126 5 1281 2056 39
T 136.147 8 1284 2057 39
T 136.147 3 1283 2056 39
T 136.148 4 1282 2057 39
T 136.148 7 1282 2056 39
T 136.148 1 1282 2057 39
T 136.148 2 1282 2057 39
T 136.148 6 1282 2055 39
T 136.148 5 1282 2056 39
T 136.169 8 1285 2057 39
T 136.169 3 1284 2056 39
T 136.169 4 1283 2057 39
T 136.170 7 1283 2056 39
T 136.170 1 1283 2057 39
T 136.170 2 1283 2057 39
T 136.170 6 1283 2055 39
T 136.170 5 1283 2056 39
T 136.191 8 1286 2057 39
T 136.191 3 1285 2056 39
T 136.191 4 1284 2057 39
T 136.191 7 1284 2056 39
T 136.191 1 1284 2057 39
T 136.192 2 1284 2057 39
T 136.192 6 1284 2055 39
T 136.192 5 1284 2056 39
T 136.213 8 1287 2057 39
T 136.213 3 1286 2056 39
T 136.213 4 1285 2057 39
T 136.213 7 1285 2056 39
T 136.214 1 1285 2057 39
T 136.214 2 1285 2057 39
T 136.214 6 1285 2055 39
T 136.214 5 1285 2056 39
T 136.236 3 1287 2056 39
T 136.236 4 1286 2057 39
T 136.236 7 1286 2056 39
T 136.236 1 1286 2057 39
T 136.236 2 1286 2057 39
T 136.236 6 1286 2055 39
T 136.236 5 1286 2056 39
T 136.258 4 1287 2057 39
T 136.258 7 1287 2056 39
T 136.258 1 1287 2057 39
T 136.258 2 1287 2057 39
T 136.258 6 1287 2055 39
T 136.258 5 1287 2056 39
P 136.979 7
F 136.979 7 40
P 136.979 8
P 136.981 1
F 136.980 8 40
P 136.982 2
F 136.984 1 40
P 136.984 3
F 136.984 2 40
F 136.986 3 40
P 136.988 4
P 136.989 5
F 136.990 4 40
P 136.991 6
F 136.991 5 40
F 136.996 6 40
T 137.329 7 1288 2109 40
T 137.349 7 1289 2109 40
T 137.415 7 1290 2109 40
T 137.478 7 1291 2109 40
T 137.478 5 1288 2109 40
T 137.570 7 1292 2109 40
T 137.570 5 1289 2109 40
T 137.570 8 1288 2110 40
T 137.571 3 1288 2109 40
T 137.571 4 1288 2110 40
T 137.571 1 1288 2110 40
T 137.571 2 1288 2110 40
T 137.571 6 1288 2108 40
T 137.592 7 1293 2109 40
T 137.592 5 1290 2109 40
T 137.592 8 1289 2110 40
T 137.592 3 1289 2109 40
T 137.592 4 1289 2110 40
T 137.592 1 1289 2110 40
T 137.592 2 1289 2110 40
T 137.592 6 1289 2108 40
T 137.613 7 1294 2109 40
T 137.613 5 1291 2109 40
T 137.613 8 1290 2110 40
T 137.613 3 1290 2109 40
T 137.613 4 1290 2110 40
T 137.614 1 1290 2110 40
T 137.614 2 1290 2110 40
T 137.614 6 1290 2108 40
T 137.635 7 1295 2109 40
T 137.635 5 1292 2109 40
T 137.635 8 1291 2110 40
T 137.635 3 1291 2109 40
T 137.635 4 1291 2110 40
T 137.635 1 1291 2110 40
T 137.635 2 1291 2110 40
T 137.635 6 1291 2108 40
T 137.656 7 1296 2109 40
T 137.657 5 1293 2109 40
T 137.657 8 1292 2110 40
T 137.657 3 1292 2109 40
T 137.657 4 1292 2110 40
T 137.657 1 1292 2110 40
T 137.657 2 1292 2110 40
T 137.657 6 1292 2108 40
T 137.678 7 1297 2109 40
T 137.678 5 1294 2109 40
T 137.678 8 1293 2110 40
T 137.679 3 1293 2109 40
T 137.679 4 1293 2110 40
T 137.679 1 1293 2110 40
T 137.679 2 1293 2110 40
T 137.679 6 1293 2108 40
T 137.700 7 1298 2109 40
T 137.700 5 1295 2109 40
T 137.700 8 1294 2110 40
T 137.700 3 1294 2109 40
T 137.700 4 1294 2110 40
T 137.701 1 1294 2110 40
T 137.701 2 1294 2110 40
T 137.701 6 1294 2108 40
T 137.722 7 1299 2109 40
T 137.722 5 1296 2109 40
T 137.722 8 1295 2110 40
T 137.722 3 1295 2109 40
T 137.722 4 1295 2110 40
T 137.722 1 1295 2110 40
T 137.722 2 1295 2110 40
T 137.722 6 1295 2108 40
T 137.744 7 1300 2109 40
T 137.744 5 1297 2109 40
T 137.744 8 1296 2110 40
T 137.744 3 1296 2109 40
T 137.744 4 1296 2110 40
T 137.744 1 1296 2110 40
T 137.744 2 1296 2110 40
T 137.744 6 1296 2108 40
T 137.765 7 1301 2109 40
T 137.766 5 1298 2109 40
T 137.766 8 1297 2110 40
T 137.766 3 1297 2109 40
T 137.766 4 1297 2110 40
T 137.766 1 1297 2110 40
T 137.766 2 1297 2110 40
T 137.766 6 1297 2108 40
T 137.787 7 1302 2109 40
T 137.787 5 1299 2109 40
T 137.787 8 1298 2110 40
T 137.787 3 1298 2109 40
T 137.788 4 1298 2110 40
T 137.788 1 1298 2110 40
T 137.788 2 1298 2110 40
T 137.788 6 1298 2108 40
T 137.809 7 1303 2109 40
T 137.809 5 1300 2109 40
T 137.809 8 1299 2110 40
T 137.809 3 1299 2109 40
T 137.809 4 1299 2110 40
T 137.809 1 1299 2110 40
T 137.809 2 1299 2110 40
T 137.810 6 1299 2108 40
T 137.832 7 1304 2109 40
T 137.832 5 1301 2109 40
T 137.832 8 1300 2110 40
T 137.832 3 1300 2109 40
T 137.832 4 1300 2110 40
T 137.832 1 1300 2110 40
T 137.833 2 1300 2110 40
T 137.833 6 1300 2108 40
T 137.853 7 1305 2109 40
T 137.853 5 1302 2109 40
T 137.853 8 1301 2110 40
T 137.853 3 1301 2109 40
T 137.853 4 1301 2110 40
T 137.853 1 1301 2110 40
T 137.853 2 1301 2110 40
T 137.853 6 1301 2108 40
T 137.874 7 1306 2109 40
T 137.875 5 1303 2109 40
T 137.875 8 1302 2110 40
T 137.875 3 1302 2109 40
T 137.875 4 1302 2110 40
T 137.875 1 1302 2110 40
T 137.875 2 1302 2110 40
T 137.875 6 1302 2108 40
T 137.896 7 1307 2109 40
T 137.896 5 1304 2109 40
T 137.896 8 1303 2110 40
T 137.896 3 1303 2109 40
T 137.897 4 1303 2110 40
T 137.897 1 1303 2110 40
T 137.897 2 1303 2110 40
T 137.897 6 1303 2108 40
T 137.918 7 1308 2109 40
T 137.918 5 1305 2109 40
T 137.918 8 1304 2110 40
T 137.918 3 1304 2109 40
T 137.918 4 1304 2110 40
T 137.918 1 1304 2110 40
T 137.919 2 1304 2110 40
T 137.919 6 1304 2108 40
T 137.940 7 1309 2109 40
T 137.940 5 1306 2109 40
T 137.940 8 1305 2110 40
T 137.940 3 1305 2109 40
T 137.940 4 1305 2110 40
T 137.940 1 1305 2110 40
T 137.940 2 1305 2110 40
T 137.941 6 1305 2108 40
T 137.962 7 1310 2109 40
T 137.962 5 1307 2109 40
T 137.962 8 1306 2110 40
T 137.962 3 1306 2109 40
T 137.962 4 1306 2110 40
T 137.962 1 1306 2110 40
T 137.962 2 1306 2110 40
T 137.962 6 1306 2108 40
T 137.983 7 1311 2109 40
T 137.984 5 1308 2109 40
T 137.984 8 1307 2110 40
T 137.984 3 1307 2109 40
T 137.984 4 1307 2110 40
T 137.984 1 1307 2110 40
T 137.984 2 1307 2110 40
T 137.984 6 1307 2108 40
T 138.005 7 1312 2109 40
T 138.005 5 1309 2109 40
T 138.005 8 1308 2110 40
T 138.005 3 1308 2109 40
T 138.006 4 1308 2110 40
T 138.006 1 1308 2110 40
T 138.006 2 1308 2110 40
T 138.006 6 1308 2108 40
T 138.027 7 1313 2109 40
T 138.027 5 1310 2109 40
T 138.027 8 1309 2110 40
T 138.027 3 1309 2109 40
T 138.027 4 1309 2110 40
T 138.027 1 1309 2110 40
T 138.028 2 1309 2110 40
T 138.028 6 1309 2108 40
T 138.049 7 1314 2109 40
T 138.049 5 1311 2109 40
T 138.049 8 1310 2110 40
T 138.049 3 1310 2109 40
T 138.049 4 1310 2110 40
T 138.049 1 1310 2110 40
T 138.049 2 1310 2110 40
T 138.049 6 1310 2108 40
T 138.071 7 1315 2109 40
T 138.071 5 1312 2109 40
T 138.071 8 1311 2110 40
T 138.071 3 1311 2109 40
T 138.071 4 1311 2110 40
T 138.071 1 1311 2110 40
T 138.071 2 1311 2110 40
T 138.071 6 1311 2108 40
T 138.092 7 1316 2109 40
T 138.092 5 1313 2109 40
T 138.093 8 1312 2110 40
T 138.093 3 1312 2109 40
T 138.093 4 1312 2110 40
T 138.093 1 1312 2110 40
T 138.093 2 1312 2110 40
T 138.093 6 1312 2108 40
T 138.114 7 1317 2109 40
T 138.114 5 1314 2109 40
T 138.114 8 1313 2110 40
T 138.114 3 1313 2109 40
T 138.115 4 1313 2110 40
T 138.115 1 1313 2110 40
T 138.115 2 1313 2110 40
T 138.115 6 1313 2108 40
T 138.136 7 1318 2109 40
T 138.136 5 1315 2109 40
T 138.136 8 1314 2110 40
T 138.136 3 1314 2109 40
T 138.136 4 1314 2110 40
T 138.136 1 1314 2110 40
T 138.137 2 1314 2110 40
T 138.137 6 1314 2108 40
T 138.158 7 1319 2109 40
T 138.158 5 1316 2109 40
T 138.158 8 1315 2110 40
T 138.158 3 1315 2109 40
T 138.158 4 1315 2110 40
T 138.159 1 1315 2110 40
T 138.159 2 1315 2110 40
T 138.159 6 1315 2108 40
T 138.180 7 1320 2109 40
T 138.180 5 1317 2109 40
T 138.180 8 1316 2110 40
T 138.180 3 1316 2109 40
T 138.181 4 1316 2110 40
T 138.181 1 1316 2110 40
T 138.181 2 1316 2110 40
T 138.181 6 1316 2108 40
T 138.202 5 1318 2109 40
T 138.203 8 1317 2110 40
T 138.203 3 1317 2109 40
T 138.203 4 1317 2110 40
T 138.203 1 1317 2110 40
T 138.203 2 1317 2110 40
T 138.203 6 1317 2108 40
T 138.225 5 1319 2109 40
T 138.225 8 1318 2110 40
T 138.225 3 1318 2109 40
T 138.225 4 1318 2110 40
T 138.225 1 1318 2110 40
T 138.225 2 1318 2110 40
T 138.225 6 1318 2108 40
T 138.247 5 1320 2109 40
T 138.247 8 1319 2110 40
T 138.247 3 1319 2109 40
T 138.247 4 1319 2110 40
T 138.247 1 1319 2110 40
T 138.247 2 1319 2110 40
T 138.248 6 1319 2108 40
T 138.269 8 1320 2110 40
T 138.269 3 1320 2109 40
T 138.270 4 1320 2110 40
T 138.270 1 1320 2110 40
T 138.270 2 1320 2110 40
T 138.270 6 1320 2108 40
P 138.977 8
P 138.977 1
P 138.977 2
P 138.978 3
P 138.978 4
F 138.978 8 41
P 138.978 5
F 138.978 1 41
P 138.980 6
F 138.982 2 41
P 138.982 7
F 138.982 3 41
F 138.988 4 41
F 138.991 5 41
F 138.992 6 41
F 138.993 7 41
T 139.380 8 1321 2163 41
T 139.463 8 1322 2163 41
T 139.463 7 1321 2162 41
T 139.463 2 1321 2163 41
T 139.463 6 1321 2161 41
T 139.516 8 1323 2163 41
T 139.517 7 1322 2162 41
T 139.517 2 1322 2163 41
T 139.517 6 1322 2161 41
T 139.517 5 1321 2162 41
T 139.517 3 1321 2162 41
T 139.517 4 1321 2163 41
T 139.517 1 1321 2163 41
T 139.538 8 1324 2163 41
T 139.538 7 1323 2162 41
T 139.538 2 1323 2163 41
T 139.538 6 1323 2161 41
T 139.538 5 1322 2162 41
T 139.538 3 1322 2162 41
T 139.539 4 1322 2163 41
T 139.539 1 1322 2163 41
T 139.560 8 1325 2163 41
T 139.560 7 1324 2162 41
T 139.560 2 1324 2163 41
T 139.560 6 1324 2161 41
T 139.560 5 1323 2162 41
T 139.560 3 1323 2162 41
T 139.560 4 1323 2163 41
T 139.560 1 1323 2163 41
T 139.581 8 1326 2163 41
T 139.582 7 1325 2162 41
T 139.582 2 1325 2163 41
T 139.582 6 1325 2161 41
T 139.582 5 1324 2162 41
T 139.582 3 1324 2162 41
T 139.582 4 1324 2163 41
T 139.582 1 1324 2163 41
T 139.603 8 1327 2163 41
T 139.603 7 1326 2162 41
T 139.604 2 1326 2163 41
T 139.604 6 1326 2161 41
T 139.604 5 1325 2162 41
T 139.604 3 1325 2162 41
T 139.604 4 1325 2163 41
T 139.604 1 1325 2163 41
T 139.625 8 1328 2163 41
T 139.625 7 1327 2162 41
T 139.625 2 1327 2163 41
T 139.625 6 1327 2161 41
T 139.625 5 1326 2162 41
T 139.626 3 1326 2162 41
T 139.626 4 1326 2163 41
T 139.626 1 1326 2163 41
T 139.647 8 1329 2163 41
T 139.647 7 1328 2162 41
T 139.647 2 1328 2163 41
T 139.647 6 1328 2161 41
T 139.647 5 1327 2162 41
T 139.647 3 1327 2162 41
T 139.648 4 1327 2163 41
T 139.648 1 1327 2163 41
T 139.669 8 1330 2163 41
T 139.669 7 1329 2162 41
T 139.669 2 1329 2163 41
T 139.669 6 1329 2161 41
T 139.669 5 1328 2162 41
T 139.669 3 1328 2162 41
T 139.669 4 1328 2163 41
T 139.669 1 1328 2163 41
T 139.691 8 1331 2163 41
T 139.691 7 1330 2162 41
T 139.691 2 1330 2163 41
T 139.691 6 1330 2161 41
T 139.691 5 1329 2162 41
T 139.691 3 1329 2162 41
T 139.691 4 1329 2163 41
T 139.691 1 1329 2163 41
T 139.712 8 1332 2163 41
T 139.713 7 1331 2162 41
T 139.713 2 1331 2163 41
T 139.713 6 1331 2161 41
T 139.713 5 1330 2162 41
T 139.713 3 1330 2162 41
T 139.713 4 1330 2163 41
T 139.713 1 1330 2163 41
T 139.734 8 1333 2163 41
T 139.734 7 1332 2162 41
T 139.735 2 1332 2163 41
T 139.735 6 1332 2161 41
T 139.735 5 1331 2162 41
T 139.735 3 1331 2162 41
T 139.735 4 1331 2163 41
T 139.735 1 1331 2163 41
T 139.756 8 1334 2163 41
T 139.756 7 1333 2162 41
T 139.756 2 1333 2163 41
T 139.756 6 1333 2161 41
T 139.757 5 1332 2162 41
T 139.757 3 1332 2162 41
T 139.757 4 1332 2163 41
T 139.757 1 1332 2163 41
T 139.778 8 1335 2163 41
T 139.778 7 1334 2162 41
T 139.778 2 1334 2163 41
T 139.778 6 1334 2161 41
T 139.779 5 1333 2162 41
T 139.779 3 1333 2162 41
T 139.779 4 1333 2163 41
T 139.779 1 1333 2163 41
T 139.800 8 1336 2163 41
T 139.800 7 1335 2162 41
T 139.800 2 1335 2163 41
T 139.800 6 1335 2161 41
T 139.800 5 1334 2162 41
T 139.800 3 1334 2162 41
T 139.800 4 1334 2163 41
T 139.800 1 1334 2163 41
T 139.822 8 1337 2163 41
T 139.822 7 1336 2162 41
T 139.822 2 1336 2163 41
T 139.822 6 1336 2161 41
T 139.822 5 1335 2162 41
T 139.822 3 1335 2162 41
T 139.822 4 1335 2163 41
T 139.822 1 1335 2163 41
T 139.843 8 1338 2163 41
T 139.843 7 1337 2162 41
T 139.844 2 1337 2163 41
T 139.844 6 1337 2161 41
T 139.844 5 1336 2162 41
T 139.844 3 1336 2162 41
T 139.844 4 1336 2163 41
T 139.844 1 1336 2163 41
T 139.865 8 1339 2163 41
T 139.865 7 1338 2162 41
T 139.865 2 1338 2163 41
T 139.865 6 1338 2161 41
T 139.865 5 1337 2162 41
T 139.866 3 1337 2162 41
T 139.866 4 1337 2163 41
T 139.866 1 1337 2163 41
T 139.887 8 1340 2163 41
T 139.887 7 1339 2162 41
T 139.887 2 1339 2163 41
T 139.887 6 1339 2161 41
T 139.887 5 1338 2162 41
T 139.887 3 1338 2162 41
T 139.887 4 1338 2163 41
T 139.887 1 1338 2163 41
T 139.909 8 1341 2163 41
T 139.909 7 1340 2162 41
T 139.909 2 1340 2163 41
T 139.909 6 1340 2161 41
T 139.909 5 1339 2162 41
T 139.909 3 1339 2162 41
T 139.909 4 1339 2163 41
T 139.909 1 1339 2163 41
T 139.931 8 1342 2163 41
T 139.931 7 1341 2162 41
T 139.931 2 1341 2163 41
T 139.931 6 1341 2161 41
T 139.931 5 1340 2162 41
T 139.931 3 1340 2162 41
T 139.931 4 1340 2163 41
T 139.931 1 1340 2163 41
T 139.952 8 1343 2163 41
T 139.952 7 1342 2162 41
T 139.953 2 1342 2163 41
T 139.953 6 1342 2161 41
T 139.953 5 1341 2162 41
T 139.953 3 1341 2162 41
T 139.953 4 1341 2163 41
T 139.953 1 1341 2163 41
T 139.974 8 1344 2163 41
T 139.974 7 1343 2162 41
T 139.974 2 1343 2163 41
T 139.974 6 1343 2161 41
T 139.974 5 1342 2162 41
T 139.974 3 1342 2162 41
T 139.975 4 1342 2163 41
T 139.975 1 1342 2163 41
T 139.996 8 1345 2163 41
T 139.996 7 1344 2162 41
T 139.996 2 1344 2163 41
T 139.996 6 1344 2161 41
T 139.996 5 1343 2162 41
T 139.996 3 1343 2162 41
T 139.996 4 1343 2163 41
T 139.996 1 1343 2163 41
T 140.018 8 1346 2163 41
T 140.018 7 1345 2162 41
T 140.018 2 1345 2163 41
T 140.018 6 1345 2161 41
T 140.018 5 1344 2162 41
T 140.018 3 1344 2162 41
T 140.018 4 1344 2163 41
T 140.018 1 1344 2163 41
T 140.039 8 1347 2163 41
T 140.039 7 1346 2162 41
T 140.040 2 1346 2163 41
T 140.040 6 1346 2161 41
T 140.040 5 1345 2162 41
T 140.040 3 1345 2162 41
T 140.040 4 1345 2163 41
T 140.040 1 1345 2163 41
T 140.061 8 1348 2163 41
T 140.061 7 1347 2162 41
T 140.061 2 1347 2163 41
T 140.061 6 1347 2161 41
T 140.061 5 1346 2162 41
T 140.062 3 1346 2162 41
T 140.062 4 1346 2163 41
T 140.062 1 1346 2163 41
T 140.083 8 1349 2163 41
T 140.083 7 1348 2162 41
T 140.083 2 1348 2163 41
T 140.083 6 1348 2161 41
T 140.083 5 1347 2162 41
T 140.083 3 1347 2162 41
T 140.084 4 1347 2163 41
T 140.084 1 1347 2163 41
T 140.105 8 1350 2163 41
T 140.105 7 1349 2162 41
T 140.105 2 1349 2163 41
T 140.105 6 1349 2161 41
T 140.105 5 1348 2162 41
T 140.105 3 1348 2162 41
T 140.105 4 1348 2163 41
T 140.105 1 1348 2163 41
T 140.127 8 1351 2163 41
T 140.127 7 1350 2162 41
T 140.127 2 1350 2163 41
T 140.127 6 1350 2161 41
T 140.127 5 1349 2162 41
T 140.127 3 1349 2162 41
T 140.127 4 1349 2163 41
T 140.127 1 1349 2163 41
T 140.149 8 1352 2163 41
T 140.149 7 1351 2162 41
T 140.149 2 1351 2163 41
T 140.149 6 1351 2161 41
T 140.149 5 1350 2162 41
T 140.149 3 1350 2162 41
T 140.149 4 1350 2163 41
T 140.149 1 1350 2163 41
T 140.171 8 1353 2163 41
T 140.171 7 1352 2162 41
T 140.171 2 1352 2163 41
T 140.171 6 1352 2161 41
T 140.171 5 1351 2162 41
T 140.171 3 1351 2162 41
T 140.171 4 1351 2163 41
T 140.171 1 1351 2163 41
T 140.193 7 1353 2162 41
T 140.193 2 1353 2163 41
T 140.193 6 1353 2161 41
T 140.193 5 1352 2162 41
T 140.193 3 1352 2162 41
T 140.193 4 1352 2163 41
T 140.193 1 1352 2163 41
T 140.214 5 1353 2162 41
T 140.214 3 1353 2162 41
T 140.215 4 1353 2163 41
T 140.215 1 1353 2163 41
P 140.979 8
F 140.979 8 42
P 140.979 1
F 140.980 1 42
P 140.981 2
F 140.981 2 42
P 140.983 3
F 140.984 3 42
P 140.985 4
F 140.987 4 42
P 140.987 5
F 140.987 5 42
P 140.990 6
F 140.991 6 42
P 140.992 7
F 140.995 7 42
T 141.389 8 1354 2216 42
T 141.473 8 1355 2216 42
T 141.473 6 1354 2214 42
T 141.474 4 1354 2216 42
T 141.474 1 1354 2216 42
T 141.527 8 1356 2216 42
T 141.527 6 1355 2214 42
T 141.527 4 1355 2216 42
T 141.527 1 1355 2216 42
T 141.527 7 1354 2215 42
T 141.527 2 1354 2216 42
T 141.527 5 1354 2215 42
T 141.527 3 1354 2215 42
T 141.548 8 1357 2216 42
T 141.548 6 1356 2214 42
T 141.548 4 1356 2216 42
T 141.548 1 1356 2216 42
T 141.548 7 1355 2215 42
T 141.548 2 1355 2216 42
T 141.548 5 1355 2215 42
T 141.549 3 1355 2215 42
T 141.570 8 1358 2216 42
T 141.570 6 1357 2214 42
T 141.570 4 1357 2216 42
T 141.570 1 1357 2216 42
T 141.570 7 1356 2215 42
T 141.570 2 1356 2216 42
T 141.570 5 1356 2215 42
T 141.570 3 1356 2215 42
T 141.591 8 1359 2216 42
T 141.591 6 1358 2214 42
T 141.592 4 1358 2216 42
T 141.592 1 1358 2216 42
T 141.592 7 1357 2215 42
T 141.592 2 1357 2216 42
T 141.592 5 1357 2215 42
T 141.592 3 1357 2215 42
T 141.613 8 1360 2216 42
T 141.614 6 1359 2214 42
T 141.614 4 1359 2216 42
T 141.614 1 1359 2216 42
T 141.614 7 1358 2215 42
T 141.614 2 1358 2216 42
T 141.614 5 1358 2215 42
T 141.614 3 1358 2215 42
T 141.635 8 1361 2216 42
T 141.635 6 1360 2214 42
T 141.635 4 1360 2216 42
T 141.635 1 1360 2216 42
T 141.635 7 1359 2215 42
T 141.636 2 1359 2216 42
T 141.636 5 1359 2215 42
T 141.636 3 1359 2215 42
T 141.657 8 1362 2216 42
T 141.657 6 1361 2214 42
T 141.657 4 1361 2216 42
T 141.657 1 1361 2216 42
T 141.657 7 1360 2215 42
T 141.657 2 1360 2216 42
T 141.658 5 1360 2215 42
T 141.658 3 1360 2215 42
T 141.679 8 1363 2216 42
T 141.679 6 1362 2214 42
T 141.679 4 1362 2216 42
T 141.679 1 1362 2216 42
T 141.679 7 1361 2215 42
T 141.679 2 1361 2216 42
T 141.679 5 1361 2215 42
T 141.679 3 1361 2215 42
T 141.701 8 1364 2216 42
T 141.701 6 1363 2214 42
T 141.701 4 1363 2216 42
T 141.701 1 1363 2216 42
T 141.701 7 1362 2215 42
T 141.701 2 1362 2216 42
T 141.701 5 1362 2215 42
T 141.701 3 1362 2215 42
T 141.722 8 1365 2216 42
T 141.723 6 1364 2214 42
T 141.723 4 1364 2216 42
T 141.723 1 1364 2216 42
T 141.723 7 1363 2215 42
T 141.723 2 1363 2216 42
T 141.723 5 1363 2215 42
T 141.723 3 1363 2215 42
T 141.744 8 1366 2216 42
T 141.744 6 1365 2214 42
T 141.744 4 1365 2216 42
T 141.745 1 1365 2216 42
T 141.745 7 1364 2215 42
T 141.745 2 1364 2216 42
T 141.745 5 1364 2215 42
T 141.745 3 1364 2215 42
T 141.766 8 1367 2216 42
T 141.766 6 1366 2214 42
T 141.766 4 1366 2216 42
T 141.766 1 1366 2216 42
T 141.766 7 1365 2215 42
T 141.766 2 1365 2216 42
T 141.767 5 1365 2215 42
T 141.767 3 1365 2215 42
T 141.788 8 1368 2216 42
T 141.788 6 1367 2214 42
T 141.788 4 1367 2216 42
T 141.788 1 1367 2216 42
T 141.788 7 1366 2215 42
T 141.788 2 1366 2216 42
T 141.788 5 1366 2215 42
T 141.788 3 1366 2215 42
T 141.810 8 1369 2216 42
T 141.810 6 1368 2214 42
T 141.810 4 1368 2216 42
T 141.810 1 1368 2216 42
T 141.810 7 1367 2215 42
T 141.810 2 1367 2216 42
T 141.810 5 1367 2215 42
T 141.810 3 1367 2215 42
T 141.832 8 1370 2216 42
T 141.832 6 1369 2214 42
T 141.832 4 1369 2216 42
T 141.832 1 1369 2216 42
T 141.832 7 1368 2215 42
T 141.832 2 1368 2216 42
T 141.832 5 1368 2215 42
T 141.832 3 1368 2215 42
T 141.853 8 1371 2216 42
T 141.854 6 1370 2214 42
T 141.854 4 1370 2216 42
T 141.854 1 1370 2216 42
T 141.854 7 1369 2215 42
T 141.854 2 1369 2216 42
T 141.854 5 1369 2215 42
T 141.854 3 1369 2215 42
T 141.875 8 1372 2216 42
T 141.875 6 1371 2214 42
T 141.876 4 1371 2216 42
T 141.876 1 1371 2216 42
T 141.876 7 1370 2215 42
T 141.876 2 1370 2216 42
T 141.876 5 1370 2215 42
T 141.876 3 1370 2215 42
T 141.897 8 1373 2216 42
T 141.897 6 1372 2214 42
T 141.897 4 1372 2216 42
T 141.897 1 1372 2216 42
T 141.897 7 1371 2215 42
T 141.898 2 1371 2216 42
T 141.898 5 1371 2215 42
T 141.898 3 1371 2215 42
T 141.919 8 1374 2216 42
T 141.919 6 1373 2214 42
T 141.919 4 1373 2216 42
T 141.919 1 1373 2216 42
T 141.919 7 1372 2215 42
T 141.919 2 1372 2216 42
T 141.919 5 1372 2215 42
T 141.920 3 1372 2215 42
T 141.941 8 1375 2216 42
T 141.941 6 1374 2214 42
T 141.941 4 1374 2216 42
T 141.941 1 1374 2216 42
T 141.941 7 1373 2215 42
T 141.941 2 1373 2216 42
T 141.941 5 1373 2215 42
T 141.941 3 1373 2215 42
T 141.963 8 1376 2216 42
T 141.963 6 1375 2214 42
T 141.963 4 1375 2216 42
T 141.963 1 1375 2216 42
T 141.963 7 1374 2215 42
T 141.963 2 1374 2216 42
T 141.963 5 1374 2215 42
T 141.964 3 1374 2215 42
T 141.985 8 1377 2216 42
T 141.985 6 1376 2214 42
T 141.985 4 1376 2216 42
T 141.985 1 1376 2216 42
T 141.985 7 1375 2215 42
T 141.985 2 1375 2216 42
T 141.985 5 1375 2215 42
T 141.985 3 1375 2215 42
T 142.007 8 1378 2216 42
T 142.007 6 1377 2214 42
T 142.007 4 1377 2216 42
T 142.007 1 1377 2216 42
T 142.007 7 1376 2215 42
T 142.007 2 1376 2216 42
T 142.007 5 1376 2215 42
T 142.007 3 1376 2215 42
T 142.029 8 1379 2216 42
T 142.029 6 1378 2214 42
T 142.029 4 1378 2216 42
T 142.029 1 1378 2216 42
T 142.029 7 1377 2215 42
T 142.029 2 1377 2216 42
T 142.029 5 1377 2215 42
T 142.029 3 1377 2215 42
T 142.050 8 1380 2216 42
T 142.051 6 1379 2214 42
T 142.051 4 1379 2216 42
T 142.051 1 1379 2216 42
T 142.051 7 1378 2215 42
T 142.051 2 1378 2216 42
T 142.051 5 1378 2215 42
T 142.051 3 1378 2215 42
T 142.072 8 1381 2216 42
T 142.072 6 1380 2214 42
T 142.073 4 1380 2216 42
T 142.073 1 1380 2216 42
T 142.073 7 1379 2215 42
T 142.073 2 1379 2216 42
T 142.073 5 1379 2215 42
T 142.073 3 1379 2215 42
T 142.094 8 1382 2216 42
T 142.094 6 1381 2214 42
T 142.094 4 1381 2216 42
T 142.094 1 1381 2216 42
T 142.095 7 1380 2215 42
T 142.095 2 1380 2216 42
T 142.095 5 1380 2215 42
T 142.095 3 1380 2215 42
T 142.116 8 1383 2216 42
T 142.117 6 1382 2214 42
T 142.117 4 1382 2216 42
T 142.117 1 1382 2216 42
T 142.117 7 1381 2215 42
T 142.117 2 1381 2216 42
T 142.117 5 1381 2215 42
T 142.117 3 1381 2215 42
T 142.139 8 1384 2216 42
T 142.139 6 1383 2214 42
T 142.139 4 1383 2216 42
T 142.139 1 1383 2216 42
T 142.139 7 1382 2215 42
T 142.139 2 1382 2216 42
T 142.139 5 1382 2215 42
T 142.140 3 1382 2215 42
T 142.161 8 1385 2216 42
T 142.161 6 1384 2214 42
T 142.161 4 1384 2216 42
T 142.161 1 1384 2216 42
T 142.161 7 1383 2215 42
T 142.161 2 1383 2216 42
T 142.161 5 1383 2215 42
T 142.162 3 1383 2215 42
T 142.183 8 1386 2216 42
T 142.183 6 1385 2214 42
T 142.183 4 1385 2216 42
T 142.183 1 1385 2216 42
T 142.183 7 1384 2215 42
T 142.184 2 1384 2216 42
T 142.184 5 1384 2215 42
T 142.184 3 1384 2215 42
T 142.205 6 1386 2214 42
T 142.205 4 1386 2216 42
T 142.205 1 1386 2216 42
T 142.206 7 1385 2215 42
T 142.206 2 1385 2216 42
T 142.206 5 1385 2215 42
T 142.206 3 1385 2215 42
T 142.226 7 1386 2215 42
T 142.227 2 1386 2216 42
T 142.227 5 1386 2215 42
T 142.227 3 1386 2215 42
P 142.978 6
P 142.978 7
P 142.978 8
P 142.978 1
P 142.978 2
P 142.979 3
P 142.979 4
P 142.979 5
F 142.979 6 43
F 142.980 7 43
F 142.981 8 43
F 142.982 1 43
F 142.983 2 43
F 142.985 3 43
F 142.986 4 43
F 142.987 5 43
T 143.403 8 1387 2269 43
T 143.470 8 1388 2269 43
T 143.471 6 1387 2267 43
T 143.471 7 1387 2268 43
T 143.562 8 1389 2269 43
T 143.562 6 1388 2267 43
T 143.562 7 1388 2268 43
T 143.562 4 1387 2269 43
T 143.562 1 1387 2269 43
T 143.562 2 1387 2269 43
T 143.562 5 1387 2268 43
T 143.562 3 1387 2268 43
T 143.582 8 1390 2269 43
T 143.582 6 1389 2267 43
T 143.582 7 1389 2268 43
T 143.583 4 1388 2269 43
T 143.583 1 1388 2269 43
T 143.583 2 1388 2269 43
T 143.583 5 1388 2268 43
T 143.583 3 1388 2268 43
T 143.604 8 1391 2269 43
T 143.604 6 1390 2267 43
T 143.604 7 1390 2268 43
T 143.604 4 1389 2269 43
T 143.604 1 1389 2269 43
T 143.604 2 1389 2269 43
T 143.604 5 1389 2268 43
T 143.604 3 1389 2268 43
T 143.627 8 1392 2269 43
T 143.627 6 1391 2267 43
T 143.627 7 1391 2268 43
T 143.627 4 1390 2269 43
T 143.627 1 1390 2269 43
T 143.627 2 1390 2269 43
T 143.627 5 1390 2268 43
T 143.627 3 1390 2268 43
T 143.648 8 1393 2269 43
T 143.648 6 1392 2267 43
T 143.648 7 1392 2268 43
T 143.649 4 1391 2269 43
T 143.649 1 1391 2269 43
T 143.649 2 1391 2269 43
T 143.649 5 1391 2268 43
T 143.649 3 1391 2268 43
T 143.670 8 1394 2269 43
T 143.670 6 1393 2267 43
T 143.670 7 1393 2268 43
T 143.670 4 1392 2269 43
T 143.670 1 1392 2269 43
T 143.671 2 1392 2269 43
T 143.671 5 1392 2268 43
T 143.671 3 1392 2268 43
T 143.692 8 1395 2269 43
T 143.692 6 1394 2267 43
T 143.692 7 1394 2268 43
T 143.692 4 1393 2269 43
T 143.692 1 1393 2269 43
T 143.692 2 1393 2269 43
T 143.693 5 1393 2268 43
T 143.693 3 1393 2268 43
T 143.714 8 1396 2269 43
T 143.714 6 1395 2267 43
T 143.714 7 1395 2268 43
T 143.714 4 1394 2269 43
T 143.714 1 1394 2269 43
T 143.714 2 1394 2269 43
T 143.714 5 1394 2268 43
T 143.714 3 1394 2268 43
T 143.736 8 1397 2269 43
T 143.736 6 1396 2267 43
T 143.736 7 1396 2268 43
T 143.736 4 1395 2269 43
T 143.736 1 1395 2269 43
T 143.736 2 1395 2269 43
T 143.736 5 1395 2268 43
T 143.736 3 1395 2268 43
T 143.758 8 1398 2269 43
T 143.758 6 1397 2267 43
T 143.758 7 1397 2268 43
T 143.758 4 1396 2269 43
T 143.758 1 1396 2269 43
T 143.758 2 1396 2269 43
T 143.758 5 1396 2268 43
T 143.758 3 1396 2268 43
T 143.780 8 1399 2269 43
T 143.780 6 1398 2267 43
T 143.780 7 1398 2268 43
T 143.780 4 1397 2269 43
T 143.780 1 1397 2269 43
T 143.780 2 1397 2269 43
T 143.780 5 1397 2268 43
T 143.780 3 1397 2268 43
T 143.802 8 1400 2269 43
T 143.802 6 1399 2267 43
T 143.802 7 1399 2268 43
T 143.802 4 1398 2269 43
T 143.802 1 1398 2269 43
T 143.802 2 1398 2269 43
T 143.802 5 1398 2268 43
T 143.802 3 1398 2268 43
T 143.823 8 1401 2269 43
T 143.824 6 1400 2267 43
T 143.824 7 1400 2268 43
T 143.824 4 1399 2269 43
T 143.824 1 1399 2269 43
T 143.824 2 1399 2269 43
T 143.824 5 1399 2268 43
T 143.824 3 1399 2268 43
T 143.845 8 1402 2269 43
T 143.845 6 1401 2267 43
T 143.846 7 1401 2268 43
T 143.846 4 1400 2269 43
T 143.846 1 1400 2269 43
T 143.846 2 1400 2269 43
T 143.846 5 1400 2268 43
T 143.846 3 1400 2268 43
T 143.867 8 1403 2269 43
T 143.867 6 1402 2267 43
T 143.867 7 1402 2268 43
T 143.867 4 1401 2269 43
T 143.868 1 1401 2269 43
T 143.868 2 1401 2269 43
T 143.868 5 1401 2268 43
T 143.868 3 1401 2268 43
T 143.889 8 1404 2269 43
T 143.889 6 1403 2267 43
T 143.889 7 1403 2268 43
T 143.889 4 1402 2269 43
T 143.889 1 1402 2269 43
T 143.890 2 1402 2269 43
T 143.890 5 1402 2268 43
T 143.890 3 1402 2268 43
T 143.911 8 1405 2269 43
T 143.911 6 1404 2267 43
T 143.911 7 1404 2268 43
T 143.911 4 1403 2269 43
T 143.911 1 1403 2269 43
T 143.912 2 1403 2269 43
T 143.912 5 1403 2268 43
T 143.912 3 1403 2268 43
T 143.933 8 1406 2269 43
T 143.933 6 1405 2267 43
T 143.933 7 1405 2268 43
T 143.933 4 1404 2269 43
T 143.933 1 1404 2269 43
T 143.933 2 1404 2269 43
T 143.933 5 1404 2268 43
T 143.934 3 1404 2268 43
T 143.955 8 1407 2269 43
T 143.955 6 1406 2267 43
T 143.955 7 1406 2268 43
T 143.955 4 1405 2269 43
T 143.955 1 1405 2269 43
T 143.955 2 1405 2269 43
T 143.956 5 1405 2268 43
T 143.956 3 1405 2268 43
T 143.977 8 1408 2269 43
T 143.977 6 1407 2267 43
T 143.977 7 1407 2268 43
T 143.977 4 1406 2269 43
T 143.977 1 1406 2269 43
T 143.977 2 1406 2269 43
T 143.977 5 1406 2268 43
T 143.977 3 1406 2268 43
T 143.999 8 1409 2269 43
T 143.999 6 1408 2267 43
T 143.999 7 1408 2268 43
T 143.999 4 1407 2269 43
T 143.999 1 1407 2269 43
T 143.999 2 1407 2269 43
T 143.999 5 1407 2268 43
T 143.999 3 1407 2268 43
T 144.020 8 1410 2269 43
T 144.021 6 1409 2267 43
T 144.021 7 1409 2268 43
T 144.021 4 1408 2269 43
T 144.021 1 1408 2269 43
T 144.021 2 1408 2269 43
T 144.021 5 1408 2268 43
T 144.021 3 1408 2268 43
T 144.042 8 1411 2269 43
T 144.043 6 1410 2267 43
T 144.043 7 1410 2268 43
T 144.043 4 1409 2269 43
T 144.043 1 1409 2269 43
T 144.043 2 1409 2269 43
T 144.043 5 1409 2268 43
T 144.043 3 1409 2268 43
T 144.064 8 1412 2269 43
T 144.064 6 1411 2267 43
T 144.064 7 1411 2268 43
T 144.065 4 1410 2269 43
T 144.065 1 1410 2269 43
T 144.065 2 1410 2269 43
T 144.065 5 1410 2268 43
T 144.065 3 1410 2268 43
T 144.086 8 1413 2269 43
T 144.086 6 1412 2267 43
T 144.086 7 1412 2268 43
T 144.087 4 1411 2269 43
T 144.087 1 1411 2269 43
T 144.087 2 1411 2269 43
T 144.087 5 1411 2268 43
T 144.087 3 1411 2268 43
T 144.108 8 1414 2269 43
T 144.108 6 1413 2267 43
T 144.108 7 1413 2268 43
T 144.108 4 1412 2269 43
T 144.108 1 1412 2269 43
T 144.109 2 1412 2269 43
T 144.109 5 1412 2268 43
T 144.109 3 1412 2268 43
T 144.130 8 1415 2269 43
T 144.130 6 1414 2267 43
T 144.130 7 1414 2268 43
T 144.130 4 1413 2269 43
T 144.130 1 1413 2269 43
T 144.130 2 1413 2269 43
T 144.131 5 1413 2268 43
T 144.131 3 1413 2268 43
T 144.152 8 1416 2269 43
T 144.152 6 1415 2267 43
T 144.152 7 1415 2268 43
T 144.152 4 1414 2269 43
T 144.152 1 1414 2269 43
T 144.152 2 1414 2269 43
T 144.153 5 1414 2268 43
T 144.153 3 1414 2268 43
T 144.174 8 1417 2269 43
T 144.174 6 1416 2267 43
T 144.174 7 1416 2268 43
T 144.174 4 1415 2269 43
T 144.174 1 1415 2269 43
T 144.174 2 1415 2269 43
T 144.175 5 1415 2268 43
T 144.175 3 1415 2268 43
T 144.196 8 1418 2269 43
T 144.196 6 1417 2267 43
T 144.196 7 1417 2268 43
T 144.197 4 1416 2269 43
T 144.197 1 1416 2269 43
T 144.197 2 1416 2269 43
T 144.197 5 1416 2268 43
T 144.197 3 1416 2268 43
T 144.219 8 1419 2269 43
T 144.219 6 1418 2267 43
T 144.219 7 1418 2268 43
T 144.219 4 1417 2269 43
T 144.219 1 1417 2269 43
T 144.219 2 1417 2269 43
T 144.219 5 1417 2268 43
T 144.219 3 1417 2268 43
T 144.241 6 1419 2267 43
T 144.241 7 1419 2268 43
T 144.241 4 1418 2269 43
T 144.241 1 1418 2269 43
T 144.241 2 1418 2269 43
T 144.241 5 1418 2268 43
T 144.241 3 1418 2268 43
T 144.263 4 1419 2269 43
T 144.263 1 1419 2269 43
T 144.263 2 1419 2269 43
T 144.263 5 1419 2268 43
T 144.263 3 1419 2268 43
P 144.981 7
P 144.981 8
P 144.981 1
F 144.981 7 44
P 144.981 2
F 144.982 8 44
P 144.983 3
F 144.984 1 44
P 144.985 4
F 144.987 2 44
F 144.992 3 44
F 144.992 4 44
F 144.999 5 44
P 145.001 5
P 145.003 6
F 145.006 6 44
T 145.446 7 1420 2321 44
T 145.576 7 1421 2321 44
T 145.576 8 1420 2322 44
T 145.577 4 1420 2322 44
T 145.577 1 1420 2322 44
T 145.577 2 1420 2322 44
T 145.577 5 1420 2321 44
T 145.600 7 1422 2321 44
T 145.600 8 1421 2322 44
T 145.600 4 1421 2322 44
T 145.601 1 1421 2322 44
T 145.601 2 1421 2322 44
T 145.601 5 1421 2321 44
T 145.601 6 1420 2320 44
T 145.601 3 1420 2321 44
T 145.622 7 1423 2321 44
T 145.622 8 1422 2322 44
T 145.622 4 1422 2322 44
T 145.622 1 1422 2322 44
T 145.622 2 1422 2322 44
T 145.622 5 1422 2321 44
T 145.623 6 1421 2320 44
T 145.623 3 1421 2321 44
T 145.644 7 1424 2321 44
T 145.644 8 1423 2322 44
T 145.644 4 1423 2322 44
T 145.644 1 1423 2322 44
T 145.644 2 1423 2322 44
T 145.644 5 1423 2321 44
T 145.644 6 1422 2320 44
T 145.644 3 1422 2321 44
T 145.666 7 1425 2321 44
T 145.666 8 1424 2322 44
T 145.666 4 1424 2322 44
T 145.666 1 1424 2322 44
T 145.666 2 1424 2322 44
T 145.666 5 1424 2321 44
T 145.666 6 1423 2320 44
T 145.666 3 1423 2321 44
T 145.688 7 1426 2321 44
T 145.688 8 1425 2322 44
T 145.688 4 1425 2322 44
T 145.688 1 1425 2322 44
T 145.688 2 1425 2322 44
T 145.688 5 1425 2321 44
T 145.688 6 1424 2320 44
T 145.688 3 1424 2321 44
T 145.709 7 1427 2321 44
T 145.709 8 1426 2322 44
T 145.709 4 1426 2322 44
T 145.709 1 1426 2322 44
T 145.709 2 1426 2322 44
T 145.709 5 1426 2321 44
T 145.710 6 1425 2320 44
T 145.710 3 1425 2321 44
T 145.732 7 1428 2321 44
T 145.732 8 1427 2322 44
T 145.732 4 1427 2322 44
T 145.732 1 1427 2322 44
T 145.732 2 1427 2322 44
T 145.732 5 1427 2321 44
T 145.732 6 1426 2320 44
T 145.732 3 1426 2321 44
T 145.753 7 1429 2321 44
T 145.754 8 1428 2322 44
T 145.754 4 1428 2322 44
T 145.754 1 1428 2322 44
T 145.754 2 1428 2322 44
T 145.754 5 1428 2321 44
T 145.754 6 1427 2320 44
T 145.754 3 1427 2321 44
T 145.775 7 1430 2321 44
T 145.776 8 1429 2322 44
T 145.776 4 1429 2322 44
T 145.776 1 1429 2322 44
T 145.776 2 1429 2322 44
T 145.776 5 1429 2321 44
T 145.776 6 1428 2320 44
T 145.776 3 1428 2321 44
T 145.797 7 1431 2321 44
T 145.798 8 1430 2322 44
T 145.798 4 1430 2322 44
T 145.798 1 1430 2322 44
T 145.798 2 1430 2322 44
T 145.798 5 1430 2321 44
T 145.798 6 1429 2320 44
T 145.798 3 1429 2321 44
T 145.819 7 1432 2321 44
T 145.819 8 1431 2322 44
T 145.820 4 1431 2322 44
T 145.820 1 1431 2322 44
T 145.820 2 1431 2322 44
T 145.820 5 1431 2321 44
T 145.820 6 1430 2320 44
T 145.820 3 1430 2321 44
T 145.841 7 1433 2321 44
T 145.841 8 1432 2322 44
T 145.841 4 1432 2322 44
T 145.842 1 1432 2322 44
T 145.842 2 1432 2322 44
T 145.842 5 1432 2321 44
T 145.842 6 1431 2320 44
T 145.842 3 1431 2321 44
T 145.863 7 1434 2321 44
T 145.864 8 1433 2322 44
T 145.864 4 1433 2322 44
T 145.864 1 1433 2322 44
T 145.864 2 1433 2322 44
T 145.864 5 1433 2321 44
T 145.864 6 1432 2320 44
T 145.864 3 1432 2321 44
T 145.885 7 1435 2321 44
T 145.885 8 1434 2322 44
T 145.885 4 1434 2322 44
T 145.886 1 1434 2322 44
T 145.886 2 1434 2322 44
T 145.886 5 1434 2321 44
T 145.886 6 1433 2320 44
T 145.886 3 1433 2321 44
T 145.907 7 1436 2321 44
T 145.907 8 1435 2322 44
T 145.907 4 1435 2322 44
T 145.908 1 1435 2322 44
T 145.908 2 1435 2322 44
T 145.908 5 1435 2321 44
T 145.908 6 1434 2320 44
T 145.908 3 1434 2321 44
T 145.929 7 1437 2321 44
T 145.929 8 1436 2322 44
T 145.929 4 1436 2322 44
T 145.930 1 1436 2322 44
T 145.930 2 1436 2322 44
T 145.930 5 1436 2321 44
T 145.930 6 1435 2320 44
T 145.930 3 1435 2321 44
T 145.951 7 1438 2321 44
T 145.951 8 1437 2322 44
T 145.951 4 1437 2322 44
T 145.951 1 1437 2322 44
T 145.951 2 1437 2322 44
T 145.952 5 1437 2321 44
T 145.952 6 1436 2320 44
T 145.952 3 1436 2321 44
T 145.973 7 1439 2321 44
T 145.973 8 1438 2322 44
T 145.973 4 1438 2322 44
T 145.973 1 1438 2322 44
T 145.973 2 1438 2322 44
T 145.973 5 1438 2321 44
T 145.973 6 1437 2320 44
T 145.973 3 1437 2321 44
T 145.995 7 1440 2321 44
T 145.995 8 1439 2322 44
T 145.995 4 1439 2322 44
T 145.995 1 1439 2322 44
T 145.995 2 1439 2322 44
T 145.995 5 1439 2321 44
T 145.995 6 1438 2320 44
T 145.995 3 1438 2321 44
T 146.017 7 1441 2321 44
T 146.017 8 1440 2322 44
T 146.017 4 1440 2322 44
T 146.017 1 1440 2322 44
T 146.017 2 1440 2322 44
T 146.017 5 1440 2321 44
T 146.017 6 1439 2320 44
T 146.017 3 1439 2321 44
T 146.039 7 1442 2321 44
T 146.039 8 1441 2322 44
T 146.039 4 1441 2322 44
T 146.039 1 1441 2322 44
T 146.039 2 1441 2322 44
T 146.039 5 1441 2321 44
T 146.039 6 1440 2320 44
T 146.039 3 1440 2321 44
T 146.061 7 1443 2321 44
T 146.061 8 1442 2322 44
T 146.061 4 1442 2322 44
T 146.061 1 1442 2322 44
T 146.061 2 1442 2322 44
T 146.061 5 1442 2321 44
T 146.061 6 1441 2320 44
T 146.061 3 1441 2321 44
T 146.082 7 1444 2321 44
T 146.083 8 1443 2322 44
T 146.083 4 1443 2322 44
T 146.083 1 1443 2322 44
T 146.083 2 1443 2322 44
T 146.083 5 1443 2321 44
T 146.083 6 1442 2320 44
T 146.083 3 1442 2321 44
T 146.104 7 1445 2321 44
T 146.105 8 1444 2322 44
T 146.105 4 1444 2322 44
T 146.105 1 1444 2322 44
T 146.105 2 1444 2322 44
T 146.105 5 1444 2321 44
T 146.105 6 1443 2320 44
T 146.105 3 1443 2321 44
T 146.126 7 1446 2321 44
T 146.126 8 1445 2322 44
T 146.126 4 1445 2322 44
T 146.127 1 1445 2322 44
T 146.127 2 1445 2322 44
T 146.127 5 1445 2321 44
T 146.127 6 1444 2320 44
T 146.127 3 1444 2321 44
T 146.148 7 1447 2321 44
T 146.148 8 1446 2322 44
T 146.148 4 1446 2322 44
T 146.148 1 1446 2322 44
T 146.149 2 1446 2322 44
T 146.149 5 1446 2321 44
T 146.149 6 1445 2320 44
T 146.149 3 1445 2321 44
T 146.170 7 1448 2321 44
T 146.170 8 1447 2322 44
T 146.170 4 1447 2322 44
T 146.170 1 1447 2322 44
T 146.170 2 1447 2322 44
T 146.171 5 1447 2321 44
T 146.171 6 1446 2320 44
T 146.171 3 1446 2321 44
T 146.192 7 1449 2321 44
T 146.192 8 1448 2322 44
T 146.192 4 1448 2322 44
T 146.192 1 1448 2322 44
T 146.192 2 1448 2322 44
T 146.193 5 1448 2321 44
T 146.193 6 1447 2320 44
T 146.193 3 1447 2321 44
T 146.214 7 1450 2321 44
T 146.214 8 1449 2322 44
T 146.214 4 1449 2322 44
T 146.215 1 1449 2322 44
T 146.215 2 1449 2322 44
T 146.215 5 1449 2321 44
T 146.215 6 1448 2320 44
T 146.215 3 1448 2321 44
T 146.237 7 1451 2321 44
T 146.237 8 1450 2322 44
T 146.237 4 1450 2322 44
T 146.237 1 1450 2322 44
T 146.237 2 1450 2322 44
T 146.237 5 1450 2321 44
T 146.237 6 1449 2320 44
T 146.237 3 1449 2321 44
T 146.259 7 1452 2321 44
T 146.259 8 1451 2322 44
T 146.259 4 1451 2322 44
T 146.259 1 1451 2322 44
T 146.259 2 1451 2322 44
T 146.259 5 1451 2321 44
T 146.259 6 1450 2320 44
T 146.259 3 1450 2321 44
T 146.281 8 1452 2322 44
T 146.281 4 1452 2322 44
T 146.281 1 1452 2322 44
T 146.281 2 1452 2322 44
T 146.282 5 1452 2321 44
T 146.282 6 1451 2320 44
T 146.282 3 1451 2321 44
T 146.302 6 1452 2320 44
T 146.302 3 1452 2321 44
P 146.979 1
F 146.980 1 45
P 146.980 2
P 146.981 3
P 146.981 4
P 146.981 5
P 146.982 6
P 146.982 7
F 146.982 2 45
P 146.982 8
F 146.983 3 45
F 146.984 4 45
F 146.986 5 45
F 146.986 6 45
F 146.986 7 45
F 146.987 8 45
T 147.432 2 1453 2375 45
T 147.518 2 1454 2375 45
T 147.518 7 1453 2374 45
T 147.518 8 1453 2375 45
T 147.518 4 1453 2375 45
T 147.518 3 1453 2374 45
T 147.565 2 1455 2375 45
T 147.565 7 1454 2374 45
T 147.566 8 1454 2375 45
T 147.566 4 1454 2375 45
T 147.566 3 1454 2374 45
T 147.566 1 1453 2375 45
T 147.566 5 1453 2374 45
T 147.566 6 1453 2373 45
T 147.587 2 1456 2375 45
T 147.587 7 1455 2374 45
T 147.587 8 1455 2375 45
T 147.587 4 1455 2375 45
T 147.587 3 1455 2374 45
T 147.587 1 1454 2375 45
T 147.588 5 1454 2374 45
T 147.588 6 1454 2373 45
T 147.609 2 1457 2375 45
T 147.609 7 1456 2374 45
T 147.609 8 1456 2375 45
T 147.609 4 1456 2375 45
T 147.609 3 1456 2374 45
T 147.609 1 1455 2375 45
T 147.609 5 1455 2374 45
T 147.609 6 1455 2373 45
T 147.631 2 1458 2375 45
T 147.631 7 1457 2374 45
T 147.631 8 1457 2375 45
T 147.631 4 1457 2375 45
T 147.631 3 1457 2374 45
T 147.631 1 1456 2375 45
T 147.631 5 1456 2374 45
T 147.631 6 1456 2373 45
T 147.653 2 1459 2375 45
T 147.653 7 1458 2374 45
T 147.653 8 1458 2375 45
T 147.653 4 1458 2375 45
T 147.653 3 1458 2374 45
T 147.653 1 1457 2375 45
T 147.653 5 1457 2374 45
T 147.653 6 1457 2373 45
T 147.675 2 1460 2375 45
T 147.675 7 1459 2374 45
T 147.675 8 1459 2375 45
T 147.675 4 1459 2375 45
T 147.675 3 1459 2374 45
T 147.675 1 1458 2375 45
T 147.675 5 1458 2374 45
T 147.675 6 1458 2373 45
T 147.697 2 1461 2375 45
T 147.697 7 1460 2374 45
T 147.697 8 1460 2375 45
T 147.697 4 1460 2375 45
T 147.697 3 1460 2374 45
T 147.697 1 1459 2375 45
T 147.697 5 1459 2374 45
T 147.697 6 1459 2373 45
T 147.719 2 1462 2375 45
T 147.719 7 1461 2374 45
T 147.719 8 1461 2375 45
T 147.719 4 1461 2375 45
T 147.719 3 1461 2374 45
T 147.719 1 1460 2375 45
T 147.719 5 1460 2374 45
T 147.719 6 1460 2373 45
T 147.741 2 1463 2375 45
T 147.741 7 1462 2374 45
T 147.741 8 1462 2375 45
T 147.741 4 1462 2375 45
T 147.741 3 1462 2374 45
T 147.741 1 1461 2375 45
T 147.741 5 1461 2374 45
T 147.741 6 1461 2373 45
T 147.763 2 1464 2375 45
T 147.763 7 1463 2374 45
T 147.763 8 1463 2375 45
T 147.763 4 1463 2375 45
T 147.763 3 1463 2374 45
T 147.763 1 1462 2375 45
T 147.763 5 1462 2374 45
T 147.763 6 1462 2373 45
T 147.785 2 1465 2375 45
T 147.785 7 1464 2374 45
T 147.785 8 1464 2375 45
T 147.785 4 1464 2375 45
T 147.785 3 1464 2374 45
T 147.785 1 1463 2375 45
T 147.785 5 1463 2374 45
T 147.785 6 1463 2373 45
T 147.806 2 1466 2375 45
T 147.807 7 1465 2374 45
T 147.807 8 1465 2375 45
T 147.807 4 1465 2375 45
T 147.807 3 1465 2374 45
T 147.807 1 1464 2375 45
T 147.807 5 1464 2374 45
T 147.807 6 1464 2373 45
T 147.828 2 1467 2375 45
T 147.829 7 1466 2374 45
T 147.829 8 1466 2375 45
T 147.829 4 1466 2375 45
T 147.829 3 1466 2374 45
T 147.829 1 1465 2375 45
T 147.829 5 1465 2374 45
T 147.829 6 1465 2373 45
T 147.850 2 1468 2375 45
T 147.850 7 1467 2374 45
T 147.851 8 1467 2375 45
T 147.851 4 1467 2375 45
T 147.851 3 1467 2374 45
T 147.851 1 1466 2375 45
T 147.851 5 1466 2374 45
T 147.851 6 1466 2373 45
T 147.872 2 1469 2375 45
T 147.872 7 1468 2374 45
T 147.873 8 1468 2375 45
T 147.873 4 1468 2375 45
T 147.873 3 1468 2374 45
T 147.873 1 1467 2375 45
T 147.873 5 1467 2374 45
T 147.873 6 1467 2373 45
T 147.894 2 1470 2375 45
T 147.894 7 1469 2374 45
T 147.895 8 1469 2375 45
T 147.895 4 1469 2375 45
T 147.895 3 1469 2374 45
T 147.895 1 1468 2375 45
T 147.895 5 1468 2374 45
T 147.895 6 1468 2373 45
T 147.916 2 1471 2375 45
T 147.916 7 1470 2374 45
T 147.916 8 1470 2375 45
T 147.917 4 1470 2375 45
T 147.917 3 1470 2374 45
T 147.917 1 1469 2375 45
T 147.917 5 1469 2374 45
T 147.917 6 1469 2373 45
T 147.938 2 1472 2375 45
T 147.938 7 1471 2374 45
T 147.938 8 1471 2375 45
T 147.939 4 1471 2375 45
T 147.939 3 1471 2374 45
T 147.939 1 1470 2375 45
T 147.939 5 1470 2374 45
T 147.939 6 1470 2373 45
T 147.960 2 1473 2375 45
T 147.960 7 1472 2374 45
T 147.960 8 1472 2375 45
T 147.961 4 1472 2375 45
T 147.961 3 1472 2374 45
T 147.961 1 1471 2375 45
T 147.961 5 1471 2374 45
T 147.961 6 1471 2373 45
T 147.982 2 1474 2375 45
T 147.982 7 1473 2374 45
T 147.982 8 1473 2375 45
T 147.982 4 1473 2375 45
T 147.983 3 1473 2374 45
T 147.983 1 1472 2375 45
T 147.983 5 1472 2374 45
T 147.983 6 1472 2373 45
T 148.004 2 1475 2375 45
T 148.004 7 1474 2374 45
T 148.004 8 1474 2375 45
T 148.005 4 1474 2375 45
T 148.005 3 1474 2374 45
T 148.005 1 1473 2375 45
T 148.005 5 1473 2374 45
T 148.005 6 1473 2373 45
T 148.026 2 1476 2375 45
T 148.026 7 1475 2374 45
T 148.026 8 1475 2375 45
T 148.026 4 1475 2375 45
T 148.027 3 1475 2374 45
T 148.027 1 1474 2375 45
T 148.027 5 1474 2374 45
T 148.027 6 1474 2373 45
T 148.048 2 1477 2375 45
T 148.048 7 1476 2374 45
T 148.048 8 1476 2375 45
T 148.048 4 1476 2375 45
T 148.049 3 1476 2374 45
T 148.049 1 1475 2375 45
T 148.049 5 1475 2374 45
T 148.049 6 1475 2373 45
T 148.070 2 1478 2375 45
T 148.070 7 1477 2374 45
T 148.070 8 1477 2375 45
T 148.070 4 1477 2375 45
T 148.071 3 1477 2374 45
T 148.071 1 1476 2375 45
T 148.071 5 1476 2374 45
T 148.071 6 1476 2373 45
T 148.092 2 1479 2375 45
T 148.092 7 1478 2374 45
T 148.092 8 1478 2375 45
T 148.092 4 1478 2375 45
T 148.093 3 1478 2374 45
T 148.093 1 1477 2375 45
T 148.093 5 1477 2374 45
T 148.093 6 1477 2373 45
T 148.114 2 1480 2375 45
T 148.114 7 1479 2374 45
T 148.114 8 1479 2375 45
T 148.114 4 1479 2375 45
T 148.114 3 1479 2374 45
T 148.115 1 1478 2375 45
T 148.115 5 1478 2374 45
T 148.115 6 1478 2373 45
T 148.136 2 1481 2375 45
T 148.136 7 1480 2374 45
T 148.136 8 1480 2375 45
T 148.136 4 1480 2375 45
T 148.136 3 1480 2374 45
T 148.136 1 1479 2375 45
T 148.137 5 1479 2374 45
T 148.137 6 1479 2373 45
T 148.158 2 1482 2375 45
T 148.158 7 1481 2374 45
T 148.158 8 1481 2375 45
T 148.158 4 1481 2375 45
T 148.158 3 1481 2374 45
T 148.158 1 1480 2375 45
T 148.158 5 1480 2374 45
T 148.159 6 1480 2373 45
T 148.180 2 1483 2375 45
T 148.180 7 1482 2374 45
T 148.180 8 1482 2375 45
T 148.180 4 1482 2375 45
T 148.180 3 1482 2374 45
T 148.180 1 1481 2375 45
T 148.181 5 1481 2374 45
T 148.181 6 1481 2373 45
T 148.202 2 1484 2375 45
T 148.203 7 1483 2374 45
T 148.203 8 1483 2375 45
T 148.203 4 1483 2375 45
T 148.203 3 1483 2374 45
T 148.203 1 1482 2375 45
T 148.203 5 1482 2374 45
T 148.203 6 1482 2373 45
T 148.225 2 1485 2375 45
T 148.225 7 1484 2374 45
T 148.225 8 1484 2375 45
T 148.225 4 1484 2375 45
T 148.225 3 1484 2374 45
T 148.225 1 1483 2375 45
T 148.225 5 1483 2374 45
T 148.225 6 1483 2373 45
T 148.247 7 1485 2374 45
T 148.247 8 1485 2375 45
T 148.247 4 1485 2375 45
T 148.247 3 1485 2374 45
T 148.247 1 1484 2375 45
T 148.247 5 1484 2374 45
T 148.247 6 1484 2373 45
T 148.268 1 1485 2375 45
T 148.268 5 1485 2374 45
T 148.268 6 1485 2373 45
P 148.980 5
F 148.981 5 46
P 148.981 6
F 148.983 6 46
P 148.983 7
F 148.984 7 46
P 148.985 8
F 148.987 8 46
P 148.987 1
F 148.989 1 46
P 148.989 2
F 148.992 2 46
P 148.992 3
P 148.994 4
F 148.996 3 46
F 148.997 4 46
T 149.361 5 1486 2415 46
T 149.424 5 1487 2415 46
T 149.424 7 1486 2415 46
T 149.516 5 1488 2415 46
T 149.516 7 1487 2415 46
T 149.516 2 1486 2416 46
T 149.516 8 1486 2416 46
T 149.517 3 1486 2415 46
T 149.517 1 1486 2416 46
T 149.517 6 1486 2414 46
T 149.531 5 1489 2415 46
T 149.531 7 1488 2415 46
T 149.532 2 1487 2416 46
T 149.532 8 1487 2416 46
T 149.532 3 1487 2415 46
T 149.532 1 1487 2416 46
T 149.532 6 1487 2414 46
T 149.532 4 1486 2416 46
T 149.553 5 1490 2415 46
T 149.553 7 1489 2415 46
T 149.553 2 1488 2416 46
T 149.553 8 1488 2416 46
T 149.554 3 1488 2415 46
T 149.554 1 1488 2416 46
T 149.554 6 1488 2414 46
T 149.554 4 1487 2416 46
T 149.575 5 1491 2415 46
T 149.575 7 1490 2415 46
T 149.575 2 1489 2416 46
T 149.576 8 1489 2416 46
T 149.576 3 1489 2415 46
T 149.576 1 1489 2416 46
T 149.576 6 1489 2414 46
T 149.576 4 1488 2416 46
T 149.597 5 1492 2415 46
T 149.598 7 1491 2415 46
T 149.598 2 1490 2416 46
T 149.598 8 1490 2416 46
T 149.598 3 1490 2415 46
T 149.598 1 1490 2416 46
T 149.598 6 1490 2414 46
T 149.598 4 1489 2416 46
T 149.620 5 1493 2415 46
T 149.620 7 1492 2415 46
T 149.620 2 1491 2416 46
T 149.620 8 1491 2416 46
T 149.620 3 1491 2415 46
T 149.620 1 1491 2416 46
T 149.620 6 1491 2414 46
T 149.620 4 1490 2416 46
T 149.642 5 1494 2415 46
T 149.642 7 1493 2415 46
T 149.642 2 1492 2416 46
T 149.642 8 1492 2416 46
T 149.642 3 1492 2415 46
T 149.642 1 1492 2416 46
T 149.642 6 1492 2414 46
T 149.642 4 1491 2416 46
T 149.664 5 1495 2415 46
T 149.664 7 1494 2415 46
T 149.664 2 1493 2416 46
T 149.664 8 1493 2416 46
T 149.664 3 1493 2415 46
T 149.664 1 1493 2416 46
T 149.664 6 1493 2414 46
T 149.664 4 1492 2416 46
T 149.686 5 1496 2415 46
T 149.686 7 1495 2415 46
T 149.686 2 1494 2416 46
T 149.686 8 1494 2416 46
T 149.686 3 1494 2415 46
T 149.686 1 1494 2416 46
T 149.687 6 1494 2414 46
T 149.687 4 1493 2416 46
T 149.708 5 1497 2415 46
T 149.708 7 1496 2415 46
T 149.708 2 1495 2416 46
T 149.708 8 1495 2416 46
T 149.709 3 1495 2415 46
T 149.709 1 1495 2416 46
T 149.709 6 1495 2414 46
T 149.709 4 1494 2416 46
T 149.729 5 1498 2415 46
T 149.729 7 1497 2415 46
T 149.729 2 1496 2416 46
T 149.729 8 1496 2416 46
T 149.729 3 1496 2415 46
T 149.729 1 1496 2416 46
T 149.729 6 1496 2414 46
T 149.730 4 1495 2416 46
T 149.751 5 1499 2415 46
T 149.751 7 1498 2415 46
T 149.751 2 1497 2416 46
T 149.752 8 1497 2416 46
T 149.752 3 1497 2415 46
T 149.752 1 1497 2416 46
T 149.752 6 1497 2414 46
T 149.752 4 1496 2416 46
T 149.774 5 1500 2415 46
T 149.774 7 1499 2415 46
T 149.774 2 1498 2416 46
T 149.774 8 1498 2416 46
T 149.774 3 1498 2415 46
T 149.774 1 1498 2416 46
T 149.774 6 1498 2414 46
T 149.774 4 1497 2416 46
