1785924976.446574 s1000000000e1-a3e33484:82E
1785924976.731070 s1000000000e1-a3e33484:1
1785924976.796338 s1000000000e1-a3e33484:1
1785924976.813941 s1000000000e1-a3e33484:1
1785924976.833173 s1000000000e1-a3e33484:1
1785924976.852536 s1000000000e1-a3e33484:1
1785924976.871990 s1000000000e1-a3e33484:1
1785924976.891423 s1000000000e1-a3e33484:1
1785924976.910872 s1000000000e1-a3e33484:1
1785924976.930361 s1000000000e1-a3e33484:1
1785924976.949866 s1000000000e1-a3e33484:1
1785924976.969333 s1000000000e1-a3e33484:1
1785924976.988808 s1000000000e1-a3e33484:1
1785924977.008304 s1000000000e1-a3e33484:1
1785924977.027794 s1000000000e1-a3e33484:1
1785924977.047385 s1000000000e1-a3e33484:1
1785924977.066791 s1000000000e1-a3e33484:1
1785924977.086276 s1000000000e1-a3e33484:1
1785924977.105780 s1000000000e1-a3e33484:1
1785924977.125321 s1000000000e1-a3e33484:1
1785924977.144781 s1000000000e1-a3e33484:1
1785924977.164291 s1000000000e1-a3e33484:1
1785924977.183761 s1000000000e1-a3e33484:1
1785924977.203261 s1000000000e1-a3e33484:1
1785924977.222784 s1000000000e1-a3e33484:1
1785924977.242255 s1000000000e1-a3e33484:1
1785924977.261766 s1000000000e1-a3e33484:1
1785924977.281267 s1000000000e1-a3e33484:1
1785924977.300768 s1000000000e1-a3e33484:1
1785924977.320263 s1000000000e1-a3e33484:1
1785924977.339779 s1000000000e1-a3e33484:1
1785924977.359354 s1000000000e1-a3e33484:1
1785924977.378784 s1000000000e1-a3e33484:1
1785924993.347507 s2e1-a910b54a:52E
1785924993.424284 s2e1-a910b54a:1 s3e1-8d42c494:52E s4e1-8eb2eb0b:52E s5e1-9bd12198:52E s7e1-a3ef9b0b:52E s8e1-a70ee643:52E s6e1-9b0f1b13:52E s1e1-9e95344b:52E
1785924993.499086 s2e1-a910b54a:1 s3e1-8d42c494:1 s4e1-8eb2eb0b:1 s5e1-9bd12198:1 s7e1-a3ef9b0b:1 s8e1-a70ee643:1 s6e1-9b0f1b13:1 s1e1-9e95344b:1
1785924993.588108 s2e1-a910b54a:1 s3e1-8d42c494:1 s4e1-8eb2eb0b:1 s5e1-9bd12198:1 s7e1-a3ef9b0b:1 s8e1-a70ee643:1 s6e1-9b0f1b13:1 s1e1-9e95344b:1
1785924993.608357 s2e1-a910b54a:1 s3e1-8d42c494:1 s4e1-8eb2eb0b:1 s5e1-9bd12198:1 s7e1-a3ef9b0b:1 s8e1-a70ee643:1 s6e1-9b0f1b13:1 s1e1-9e95344b:1
1785924993.628641 s2e1-a910b54a:1 s3e1-8d42c494:1 s4e1-8eb2eb0b:1 s5e1-9bd12198:1 s7e1-a3ef9b0b:1 s8e1-a70ee643:1 s6e1-9b0f1b13:1 s1e1-9e95344b:1
1785924993.648801 s2e1-a910b54a:1 s3e1-8d42c494:1 s4e1-8eb2eb0b:1 s5e1-9bd12198:1 s7e1-a3ef9b0b:1 s8e1-a70ee643:1 s6e1-9b0f1b13:1 s1e1-9e95344b:1
1785924993.668737 s2e1-a910b54a:1 s3e1-8d42c494:1 s4e1-8eb2eb0b:1 s5e1-9bd12198:1 s7e1-a3ef9b0b:1 s8e1-a70ee643:1 s6e1-9b0f1b13:1 s1e1-9e95344b:1
1785924993.688701 s2e1-a910b54a:1 s3e1-8d42c494:1 s4e1-8eb2eb0b:1 s5e1-9bd12198:1 s7e1-a3ef9b0b:1 s8e1-a70ee643:1 s6e1-9b0f1b13:1 s1e1-9e95344b:1
1785924993.708531 s2e1-a910b54a:1 s3e1-8d42c494:1 s4e1-8eb2eb0b:1 s5e1-9bd12198:1 s7e1-a3ef9b0b:1 s8e1-a70ee643:1 s6e1-9b0f1b13:1 s1e1-9e95344b:1
1785924993.728266 s2e1-a910b54a:1 s3e1-8d42c494:1 s4e1-8eb2eb0b:1 s5e1-9bd12198:1 s7e1-a3ef9b0b:1 s8e1-a70ee643:1 s6e1-9b0f1b13:1 s1e1-9e95344b:1
1785924993.748008 s2e1-a910b54a:1 s3e1-8d42c494:1 s4e1-8eb2eb0b:1 s5e1-9bd12198:1 s7e1-a3ef9b0b:1 s8e1-a70ee643:1 s6e1-9b0f1b13:1 s1e1-9e95344b:1
1785924993.767688 s2e1-a910b54a:1 s3e1-8d42c494:1 s4e1-8eb2eb0b:1 s5e1-9bd12198:1 s7e1-a3ef9b0b:1 s8e1-a70ee643:1 s6e1-9b0f1b13:1 s1e1-9e95344b:1
1785924993.787466 s2e1-a910b54a:1 s3e1-8d42c494:1 s4e1-8eb2eb0b:1 s5e1-9bd12198:1 s7e1-a3ef9b0b:1 s8e1-a70ee643:1 s6e1-9b0f1b13:1 s1e1-9e95344b:1
1785924993.807258 s2e1-a910b54a:1 s3e1-8d42c494:1 s4e1-8eb2eb0b:1 s5e1-9bd12198:1 s7e1-a3ef9b0b:1 s8e1-a70ee643:1 s6e1-9b0f1b13:1 s1e1-9e95344b:1
1785924993.826816 s2e1-a910b54a:1 s3e1-8d42c494:1 s4e1-8eb2eb0b:1 s5e1-9bd12198:1 s7e1-a3ef9b0b:1 s8e1-a70ee643:1 s6e1-9b0f1b13:1 s1e1-9e95344b:1
1785924993.846549 s2e1-a910b54a:1 s3e1-8d42c494:1 s4e1-8eb2eb0b:1 s5e1-9bd12198:1 s7e1-a3ef9b0b:1 s8e1-a70ee643:1 s6e1-9b0f1b13:1 s1e1-9e95344b:1
1785924993.866260 s2e1-a910b54a:1 s3e1-8d42c494:1 s4e1-8eb2eb0b:1 s5e1-9bd12198:1 s7e1-a3ef9b0b:1 s8e1-a70ee643:1 s6e1-9b0f1b13:1 s1e1-9e95344b:1
1785924993.885954 s2e1-a910b54a:1 s3e1-8d42c494:1 s4e1-8eb2eb0b:1 s5e1-9bd12198:1 s7e1-a3ef9b0b:1 s8e1-a70ee643:1 s6e1-9b0f1b13:1 s1e1-9e95344b:1
1785924993.905637 s2e1-a910b54a:1 s3e1-8d42c494:1 s4e1-8eb2eb0b:1 s5e1-9bd12198:1 s7e1-a3ef9b0b:1 s8e1-a70ee643:1 s6e1-9b0f1b13:1 s1e1-9e95344b:1
1785924993.925351 s2e1-a910b54a:1 s3e1-8d42c494:1 s4e1-8eb2eb0b:1 s5e1-9bd12198:1 s7e1-a3ef9b0b:1 s8e1-a70ee643:1 s6e1-9b0f1b13:1 s1e1-9e95344b:1
1785924993.945070 s2e1-a910b54a:1 s3e1-8d42c494:1 s4e1-8eb2eb0b:1 s5e1-9bd12198:1 s7e1-a3ef9b0b:1 s8e1-a70ee643:1 s6e1-9b0f1b13:1 s1e1-9e95344b:1
1785924993.964781 s2e1-a910b54a:1 s3e1-8d42c494:1 s4e1-8eb2eb0b:1 s5e1-9bd12198:1 s7e1-a3ef9b0b:1 s8e1-a70ee643:1 s6e1-9b0f1b13:1 s1e1-9e95344b:1
1785924993.984486 s2e1-a910b54a:1 s3e1-8d42c494:1 s4e1-8eb2eb0b:1 s5e1-9bd12198:1 s7e1-a3ef9b0b:1 s8e1-a70ee643:1 s6e1-9b0f1b13:1 s1e1-9e95344b:1
1785924994.004178 s2e1-a910b54a:1 s3e1-8d42c494:1 s4e1-8eb2eb0b:1 s5e1-9bd12198:1 s7e1-a3ef9b0b:1 s8e1-a70ee643:1 s6e1-9b0f1b13:1 s1e1-9e95344b:1
1785924994.023840 s2e1-a910b54a:1 s3e1-8d42c494:1 s4e1-8eb2eb0b:1 s5e1-9bd12198:1 s7e1-a3ef9b0b:1 s8e1-a70ee643:1 s6e1-9b0f1b13:1 s1e1-9e95344b:1
1785924994.043585 s2e1-a910b54a:1 s3e1-8d42c494:1 s4e1-8eb2eb0b:1 s5e1-9bd12198:1 s7e1-a3ef9b0b:1 s8e1-a70ee643:1 s6e1-9b0f1b13:1 s1e1-9e95344b:1
1785924994.063209 s2e1-a910b54a:1 s3e1-8d42c494:1 s4e1-8eb2eb0b:1 s5e1-9bd12198:1 s7e1-a3ef9b0b:1 s8e1-a70ee643:1 s6e1-9b0f1b13:1 s1e1-9e95344b:1
1785924994.082775 s2e1-a910b54a:1 s3e1-8d42c494:1 s4e1-8eb2eb0b:1 s5e1-9bd12198:1 s7e1-a3ef9b0b:1 s8e1-a70ee643:1 s6e1-9b0f1b13:1 s1e1-9e95344b:1
1785924994.102483 s2e1-a910b54a:1 s3e1-8d42c494:1 s4e1-8eb2eb0b:1 s5e1-9bd12198:1 s7e1-a3ef9b0b:1 s8e1-a70ee643:1 s6e1-9b0f1b13:1 s1e1-9e95344b:1
1785924994.122159 s2e1-a910b54a:1 s3e1-8d42c494:1 s4e1-8eb2eb0b:1 s5e1-9bd12198:1 s7e1-a3ef9b0b:1 s8e1-a70ee643:1 s6e1-9b0f1b13:1 s1e1-9e95344b:1
1785924994.141692 s2e1-a910b54a:1 s3e1-8d42c494:1 s4e1-8eb2eb0b:1 s5e1-9bd12198:1 s7e1-a3ef9b0b:1 s8e1-a70ee643:1 s6e1-9b0f1b13:1 s1e1-9e95344b:1
1785924994.161304 s2e1-a910b54a:1 s3e1-8d42c494:1 s4e1-8eb2eb0b:1 s5e1-9bd12198:1 s7e1-a3ef9b0b:1 s8e1-a70ee643:1 s6e1-9b0f1b13:1 s1e1-9e95344b:1
1785924994.180938 s3e1-8d42c494:1 s4e1-8eb2eb0b:1 s5e1-9bd12198:1 s7e1-a3ef9b0b:1 s8e1-a70ee643:1 s6e1-9b0f1b13:1 s1e1-9e95344b:1
1785924995.316154 s5e1-9bd12198:53E
1785924995.370715 s5e1-9bd12198:1 s3e1-8d42c494:53E s4e1-8eb2eb0b:53E s8e1-a70ee643:53E s6e1-9b0f1b13:53E
1785924995.428018 s5e1-9bd12198:1 s3e1-8d42c494:1 s4e1-8eb2eb0b:1 s8e1-a70ee643:1 s6e1-9b0f1b13:1 s2e1-a910b54a:53E s7e1-a3ef9b0b:53E s1e1-9e95344b:53E
1785924995.513628 s5e1-9bd12198:1 s3e1-8d42c494:1 s4e1-8eb2eb0b:1 s8e1-a70ee643:1 s6e1-9b0f1b13:1 s2e1-a910b54a:1 s7e1-a3ef9b0b:1 s1e1-9e95344b:1
1785924995.546266 s5e1-9bd12198:1 s3e1-8d42c494:1 s4e1-8eb2eb0b:1 s8e1-a70ee643:1 s6e1-9b0f1b13:1 s2e1-a910b54a:1 s7e1-a3ef9b0b:1 s1e1-9e95344b:1
1785924995.565780 s5e1-9bd12198:1 s3e1-8d42c494:1 s4e1-8eb2eb0b:1 s8e1-a70ee643:1 s6e1-9b0f1b13:1 s2e1-a910b54a:1 s7e1-a3ef9b0b:1 s1e1-9e95344b:1
1785924995.585338 s5e1-9bd12198:1 s3e1-8d42c494:1 s4e1-8eb2eb0b:1 s8e1-a70ee643:1 s6e1-9b0f1b13:1 s2e1-a910b54a:1 s7e1-a3ef9b0b:1 s1e1-9e95344b:1
1785924995.604947 s5e1-9bd12198:1 s3e1-8d42c494:1 s4e1-8eb2eb0b:1 s8e1-a70ee643:1 s6e1-9b0f1b13:1 s2e1-a910b54a:1 s7e1-a3ef9b0b:1 s1e1-9e95344b:1
1785924995.624578 s5e1-9bd12198:1 s3e1-8d42c494:1 s4e1-8eb2eb0b:1 s8e1-a70ee643:1 s6e1-9b0f1b13:1 s2e1-a910b54a:1 s7e1-a3ef9b0b:1 s1e1-9e95344b:1
1785924995.644254 s5e1-9bd12198:1 s3e1-8d42c494:1 s4e1-8eb2eb0b:1 s8e1-a70ee643:1 s6e1-9b0f1b13:1 s2e1-a910b54a:1 s7e1-a3ef9b0b:1 s1e1-9e95344b:1
1785924995.663831 s5e1-9bd12198:1 s3e1-8d42c494:1 s4e1-8eb2eb0b:1 s8e1-a70ee643:1 s6e1-9b0f1b13:1 s2e1-a910b54a:1 s7e1-a3ef9b0b:1 s1e1-9e95344b:1
1785924995.683342 s5e1-9bd12198:1 s3e1-8d42c494:1 s4e1-8eb2eb0b:1 s8e1-a70ee643:1 s6e1-9b0f1b13:1 s2e1-a910b54a:1 s7e1-a3ef9b0b:1 s1e1-9e95344b:1
1785924995.702955 s5e1-9bd12198:1 s3e1-8d42c494:1 s4e1-8eb2eb0b:1 s8e1-a70ee643:1 s6e1-9b0f1b13:1 s2e1-a910b54a:1 s7e1-a3ef9b0b:1 s1e1-9e95344b:1
1785924995.722535 s5e1-9bd12198:1 s3e1-8d42c494:1 s4e1-8eb2eb0b:1 s8e1-a70ee643:1 s6e1-9b0f1b13:1 s2e1-a910b54a:1 s7e1-a3ef9b0b:1 s1e1-9e95344b:1
1785924995.742133 s5e1-9bd12198:1 s3e1-8d42c494:1 s4e1-8eb2eb0b:1 s8e1-a70ee643:1 s6e1-9b0f1b13:1 s2e1-a910b54a:1 s7e1-a3ef9b0b:1 s1e1-9e95344b:1
1785924995.761745 s5e1-9bd12198:1 s3e1-8d42c494:1 s4e1-8eb2eb0b:1 s8e1-a70ee643:1 s6e1-9b0f1b13:1 s2e1-a910b54a:1 s7e1-a3ef9b0b:1 s1e1-9e95344b:1
1785924995.781307 s5e1-9bd12198:1 s3e1-8d42c494:1 s4e1-8eb2eb0b:1 s8e1-a70ee643:1 s6e1-9b0f1b13:1 s2e1-a910b54a:1 s7e1-a3ef9b0b:1 s1e1-9e95344b:1
1785924995.800917 s5e1-9bd12198:1 s3e1-8d42c494:1 s4e1-8eb2eb0b:1 s8e1-a70ee643:1 s6e1-9b0f1b13:1 s2e1-a910b54a:1 s7e1-a3ef9b0b:1 s1e1-9e95344b:1
1785924995.820561 s5e1-9bd12198:1 s3e1-8d42c494:1 s4e1-8eb2eb0b:1 s8e1-a70ee643:1 s6e1-9b0f1b13:1 s2e1-a910b54a:1 s7e1-a3ef9b0b:1 s1e1-9e95344b:1
1785924995.840145 s5e1-9bd12198:1 s3e1-8d42c494:1 s4e1-8eb2eb0b:1 s8e1-a70ee643:1 s6e1-9b0f1b13:1 s2e1-a910b54a:1 s7e1-a3ef9b0b:1 s1e1-9e95344b:1
1785924995.859761 s5e1-9bd12198:1 s3e1-8d42c494:1 s4e1-8eb2eb0b:1 s8e1-a70ee643:1 s6e1-9b0f1b13:1 s2e1-a910b54a:1 s7e1-a3ef9b0b:1 s1e1-9e95344b:1
1785924995.879343 s5e1-9bd12198:1 s3e1-8d42c494:1 s4e1-8eb2eb0b:1 s8e1-a70ee643:1 s6e1-9b0f1b13:1 s2e1-a910b54a:1 s7e1-a3ef9b0b:1 s1e1-9e95344b:1
1785924995.898917 s5e1-9bd12198:1 s3e1-8d42c494:1 s4e1-8eb2eb0b:1 s8e1-a70ee643:1 s6e1-9b0f1b13:1 s2e1-a910b54a:1 s7e1-a3ef9b0b:1 s1e1-9e95344b:1
1785924995.918525 s5e1-9bd12198:1 s3e1-8d42c494:1 s4e1-8eb2eb0b:1 s8e1-a70ee643:1 s6e1-9b0f1b13:1 s2e1-a910b54a:1 s7e1-a3ef9b0b:1 s1e1-9e95344b:1
1785924995.938154 s5e1-9bd12198:1 s3e1-8d42c494:1 s4e1-8eb2eb0b:1 s8e1-a70ee643:1 s6e1-9b0f1b13:1 s2e1-a910b54a:1 s7e1-a3ef9b0b:1 s1e1-9e95344b:1
1785924995.957801 s5e1-9bd12198:1 s3e1-8d42c494:1 s4e1-8eb2eb0b:1 s8e1-a70ee643:1 s6e1-9b0f1b13:1 s2e1-a910b54a:1 s7e1-a3ef9b0b:1 s1e1-9e95344b:1
1785924995.977380 s5e1-9bd12198:1 s3e1-8d42c494:1 s4e1-8eb2eb0b:1 s8e1-a70ee643:1 s6e1-9b0f1b13:1 s2e1-a910b54a:1 s7e1-a3ef9b0b:1 s1e1-9e95344b:1
1785924995.996948 s5e1-9bd12198:1 s3e1-8d42c494:1 s4e1-8eb2eb0b:1 s8e1-a70ee643:1 s6e1-9b0f1b13:1 s2e1-a910b54a:1 s7e1-a3ef9b0b:1 s1e1-9e95344b:1
1785924996.016559 s5e1-9bd12198:1 s3e1-8d42c494:1 s4e1-8eb2eb0b:1 s8e1-a70ee643:1 s6e1-9b0f1b13:1 s2e1-a910b54a:1 s7e1-a3ef9b0b:1 s1e1-9e95344b:1
1785924996.036143 s5e1-9bd12198:1 s3e1-8d42c494:1 s4e1-8eb2eb0b:1 s8e1-a70ee643:1 s6e1-9b0f1b13:1 s2e1-a910b54a:1 s7e1-a3ef9b0b:1 s1e1-9e95344b:1
1785924996.055758 s5e1-9bd12198:1 s3e1-8d42c494:1 s4e1-8eb2eb0b:1 s8e1-a70ee643:1 s6e1-9b0f1b13:1 s2e1-a910b54a:1 s7e1-a3ef9b0b:1 s1e1-9e95344b:1
1785924996.075368 s5e1-9bd12198:1 s3e1-8d42c494:1 s4e1-8eb2eb0b:1 s8e1-a70ee643:1 s6e1-9b0f1b13:1 s2e1-a910b54a:1 s7e1-a3ef9b0b:1 s1e1-9e95344b:1
1785924996.094939 s5e1-9bd12198:1 s3e1-8d42c494:1 s4e1-8eb2eb0b:1 s8e1-a70ee643:1 s6e1-9b0f1b13:1 s2e1-a910b54a:1 s7e1-a3ef9b0b:1 s1e1-9e95344b:1
1785924996.114551 s3e1-8d42c494:1 s4e1-8eb2eb0b:1 s8e1-a70ee643:1 s6e1-9b0f1b13:1 s2e1-a910b54a:1 s7e1-a3ef9b0b:1 s1e1-9e95344b:1
1785924996.134152 s2e1-a910b54a:1 s7e1-a3ef9b0b:1 s1e1-9e95344b:1
1785924997.283222 s1e1-9e95344b:53E
1785924997.333291 s1e1-9e95344b:1 s2e1-a910b54a:53E
1785924997.382895 s1e1-9e95344b:1 s2e1-a910b54a:1 s5e1-9bd12198:53E s3e1-8d42c494:53E s4e1-8eb2eb0b:53E s8e1-a70ee643:53E s6e1-9b0f1b13:53E
1785924997.442788 s1e1-9e95344b:1 s2e1-a910b54a:1 s5e1-9bd12198:1 s3e1-8d42c494:1 s4e1-8eb2eb0b:1 s8e1-a70ee643:1 s6e1-9b0f1b13:1 s7e1-a3ef9b0b:53E
1785924997.583600 s1e1-9e95344b:1 s2e1-a910b54a:1 s5e1-9bd12198:1 s3e1-8d42c494:1 s4e1-8eb2eb0b:1 s8e1-a70ee643:1 s6e1-9b0f1b13:1 s7e1-a3ef9b0b:1
1785924997.587066 s1e1-9e95344b:1 s2e1-a910b54a:1 s5e1-9bd12198:1 s3e1-8d42c494:1 s4e1-8eb2eb0b:1 s8e1-a70ee643:1 s6e1-9b0f1b13:1 s7e1-a3ef9b0b:1
1785924997.606380 s1e1-9e95344b:1 s2e1-a910b54a:1 s5e1-9bd12198:1 s3e1-8d42c494:1 s4e1-8eb2eb0b:1 s8e1-a70ee643:1 s6e1-9b0f1b13:1 s7e1-a3ef9b0b:1
1785924997.625952 s1e1-9e95344b:1 s2e1-a910b54a:1 s5e1-9bd12198:1 s3e1-8d42c494:1 s4e1-8eb2eb0b:1 s8e1-a70ee643:1 s6e1-9b0f1b13:1 s7e1-a3ef9b0b:1
1785924997.645569 s1e1-9e95344b:1 s2e1-a910b54a:1 s5e1-9bd12198:1 s3e1-8d42c494:1 s4e1-8eb2eb0b:1 s8e1-a70ee643:1 s6e1-9b0f1b13:1 s7e1-a3ef9b0b:1
1785924997.665203 s1e1-9e95344b:1 s2e1-a910b54a:1 s5e1-9bd12198:1 s3e1-8d42c494:1 s4e1-8eb2eb0b:1 s8e1-a70ee643:1 s6e1-9b0f1b13:1 s7e1-a3ef9b0b:1
1785924997.684835 s1e1-9e95344b:1 s2e1-a910b54a:1 s5e1-9bd12198:1 s3e1-8d42c494:1 s4e1-8eb2eb0b:1 s8e1-a70ee643:1 s6e1-9b0f1b13:1 s7e1-a3ef9b0b:1
1785924997.704469 s1e1-9e95344b:1 s2e1-a910b54a:1 s5e1-9bd12198:1 s3e1-8d42c494:1 s4e1-8eb2eb0b:1 s8e1-a70ee643:1 s6e1-9b0f1b13:1 s7e1-a3ef9b0b:1
1785924997.724238 s1e1-9e95344b:1 s2e1-a910b54a:1 s5e1-9bd12198:1 s3e1-8d42c494:1 s4e1-8eb2eb0b:1 s8e1-a70ee643:1 s6e1-9b0f1b13:1 s7e1-a3ef9b0b:1
1785924997.743840 s1e1-9e95344b:1 s2e1-a910b54a:1 s5e1-9bd12198:1 s3e1-8d42c494:1 s4e1-8eb2eb0b:1 s8e1-a70ee643:1 s6e1-9b0f1b13:1 s7e1-a3ef9b0b:1
1785924997.763423 s1e1-9e95344b:1 s2e1-a910b54a:1 s5e1-9bd12198:1 s3e1-8d42c494:1 s4e1-8eb2eb0b:1 s8e1-a70ee643:1 s6e1-9b0f1b13:1 s7e1-a3ef9b0b:1
1785924997.783047 s1e1-9e95344b:1 s2e1-a910b54a:1 s5e1-9bd12198:1 s3e1-8d42c494:1 s4e1-8eb2eb0b:1 s8e1-a70ee643:1 s6e1-9b0f1b13:1 s7e1-a3ef9b0b:1
1785924997.802670 s1e1-9e95344b:1 s2e1-a910b54a:1 s5e1-9bd12198:1 s3e1-8d42c494:1 s4e1-8eb2eb0b:1 s8e1-a70ee643:1 s6e1-9b0f1b13:1 s7e1-a3ef9b0b:1
1785924997.822276 s1e1-9e95344b:1 s2e1-a910b54a:1 s5e1-9bd12198:1 s3e1-8d42c494:1 s4e1-8eb2eb0b:1 s8e1-a70ee643:1 s6e1-9b0f1b13:1 s7e1-a3ef9b0b:1
1785924997.841893 s1e1-9e95344b:1 s2e1-a910b54a:1 s5e1-9bd12198:1 s3e1-8d42c494:1 s4e1-8eb2eb0b:1 s8e1-a70ee643:1 s6e1-9b0f1b13:1 s7e1-a3ef9b0b:1
1785924997.861597 s1e1-9e95344b:1 s2e1-a910b54a:1 s5e1-9bd12198:1 s3e1-8d42c494:1 s4e1-8eb2eb0b:1 s8e1-a70ee643:1 s6e1-9b0f1b13:1 s7e1-a3ef9b0b:1
1785924997.881200 s1e1-9e95344b:1 s2e1-a910b54a:1 s5e1-9bd12198:1 s3e1-8d42c494:1 s4e1-8eb2eb0b:1 s8e1-a70ee643:1 s6e1-9b0f1b13:1 s7e1-a3ef9b0b:1
1785924997.900876 s1e1-9e95344b:1 s2e1-a910b54a:1 s5e1-9bd12198:1 s3e1-8d42c494:1 s4e1-8eb2eb0b:1 s8e1-a70ee643:1 s6e1-9b0f1b13:1 s7e1-a3ef9b0b:1
1785924997.920452 s1e1-9e95344b:1 s2e1-a910b54a:1 s5e1-9bd12198:1 s3e1-8d42c494:1 s4e1-8eb2eb0b:1 s8e1-a70ee643:1 s6e1-9b0f1b13:1 s7e1-a3ef9b0b:1
1785924997.940081 s1e1-9e95344b:1 s2e1-a910b54a:1 s5e1-9bd12198:1 s3e1-8d42c494:1 s4e1-8eb2eb0b:1 s8e1-a70ee643:1 s6e1-9b0f1b13:1 s7e1-a3ef9b0b:1
1785924997.959685 s1e1-9e95344b:1 s2e1-a910b54a:1 s5e1-9bd12198:1 s3e1-8d42c494:1 s4e1-8eb2eb0b:1 s8e1-a70ee643:1 s6e1-9b0f1b13:1 s7e1-a3ef9b0b:1
1785924997.979329 s1e1-9e95344b:1 s2e1-a910b54a:1 s5e1-9bd12198:1 s3e1-8d42c494:1 s4e1-8eb2eb0b:1 s8e1-a70ee643:1 s6e1-9b0f1b13:1 s7e1-a3ef9b0b:1
1785924997.998979 s1e1-9e95344b:1 s2e1-a910b54a:1 s5e1-9bd12198:1 s3e1-8d42c494:1 s4e1-8eb2eb0b:1 s8e1-a70ee643:1 s6e1-9b0f1b13:1 s7e1-a3ef9b0b:1
1785924998.018634 s1e1-9e95344b:1 s2e1-a910b54a:1 s5e1-9bd12198:1 s3e1-8d42c494:1 s4e1-8eb2eb0b:1 s8e1-a70ee643:1 s6e1-9b0f1b13:1 s7e1-a3ef9b0b:1
1785924998.038254 s1e1-9e95344b:1 s2e1-a910b54a:1 s5e1-9bd12198:1 s3e1-8d42c494:1 s4e1-8eb2eb0b:1 s8e1-a70ee643:1 s6e1-9b0f1b13:1 s7e1-a3ef9b0b:1
1785924998.057924 s1e1-9e95344b:1 s2e1-a910b54a:1 s5e1-9bd12198:1 s3e1-8d42c494:1 s4e1-8eb2eb0b:1 s8e1-a70ee643:1 s6e1-9b0f1b13:1 s7e1-a3ef9b0b:1
1785924998.077540 s1e1-9e95344b:1 s2e1-a910b54a:1 s5e1-9bd12198:1 s3e1-8d42c494:1 s4e1-8eb2eb0b:1 s8e1-a70ee643:1 s6e1-9b0f1b13:1 s7e1-a3ef9b0b:1
1785924998.097203 s1e1-9e95344b:1 s2e1-a910b54a:1 s5e1-9bd12198:1 s3e1-8d42c494:1 s4e1-8eb2eb0b:1 s8e1-a70ee643:1 s6e1-9b0f1b13:1 s7e1-a3ef9b0b:1
1785924998.116818 s1e1-9e95344b:1 s2e1-a910b54a:1 s5e1-9bd12198:1 s3e1-8d42c494:1 s4e1-8eb2eb0b:1 s8e1-a70ee643:1 s6e1-9b0f1b13:1 s7e1-a3ef9b0b:1
1785924998.136445 s2e1-a910b54a:1 s5e1-9bd12198:1 s3e1-8d42c494:1 s4e1-8eb2eb0b:1 s8e1-a70ee643:1 s6e1-9b0f1b13:1 s7e1-a3ef9b0b:1
1785924998.156109 s5e1-9bd12198:1 s3e1-8d42c494:1 s4e1-8eb2eb0b:1 s8e1-a70ee643:1 s6e1-9b0f1b13:1 s7e1-a3ef9b0b:1
1785924998.175670 s7e1-a3ef9b0b:1
1785924999.276109 s6e1-9b0f1b13:53E
1785924999.329461 s6e1-9b0f1b13:1 s2e1-a910b54a:53E s5e1-9bd12198:53E s4e1-8eb2eb0b:53E
1785924999.385702 s6e1-9b0f1b13:1 s2e1-a910b54a:1 s5e1-9bd12198:1 s4e1-8eb2eb0b:1 s1e1-9e95344b:53E s3e1-8d42c494:53E s8e1-a70ee643:53E s7e1-a3ef9b0b:53E
1785924999.461096 s6e1-9b0f1b13:1 s2e1-a910b54a:1 s5e1-9bd12198:1 s4e1-8eb2eb0b:1 s1e1-9e95344b:1 s3e1-8d42c494:1 s8e1-a70ee643:1 s7e1-a3ef9b0b:1
1785924999.501161 s6e1-9b0f1b13:1 s2e1-a910b54a:1 s5e1-9bd12198:1 s4e1-8eb2eb0b:1 s1e1-9e95344b:1 s3e1-8d42c494:1 s8e1-a70ee643:1 s7e1-a3ef9b0b:1
1785924999.520752 s6e1-9b0f1b13:1 s2e1-a910b54a:1 s5e1-9bd12198:1 s4e1-8eb2eb0b:1 s1e1-9e95344b:1 s3e1-8d42c494:1 s8e1-a70ee643:1 s7e1-a3ef9b0b:1
1785924999.540463 s6e1-9b0f1b13:1 s2e1-a910b54a:1 s5e1-9bd12198:1 s4e1-8eb2eb0b:1 s1e1-9e95344b:1 s3e1-8d42c494:1 s8e1-a70ee643:1 s7e1-a3ef9b0b:1
1785924999.560223 s6e1-9b0f1b13:1 s2e1-a910b54a:1 s5e1-9bd12198:1 s4e1-8eb2eb0b:1 s1e1-9e95344b:1 s3e1-8d42c494:1 s8e1-a70ee643:1 s7e1-a3ef9b0b:1
1785924999.579941 s6e1-9b0f1b13:1 s2e1-a910b54a:1 s5e1-9bd12198:1 s4e1-8eb2eb0b:1 s1e1-9e95344b:1 s3e1-8d42c494:1 s8e1-a70ee643:1 s7e1-a3ef9b0b:1
1785924999.599737 s6e1-9b0f1b13:1 s2e1-a910b54a:1 s5e1-9bd12198:1 s4e1-8eb2eb0b:1 s1e1-9e95344b:1 s3e1-8d42c494:1 s8e1-a70ee643:1 s7e1-a3ef9b0b:1
1785924999.619574 s6e1-9b0f1b13:1 s2e1-a910b54a:1 s5e1-9bd12198:1 s4e1-8eb2eb0b:1 s1e1-9e95344b:1 s3e1-8d42c494:1 s8e1-a70ee643:1 s7e1-a3ef9b0b:1
1785924999.639460 s6e1-9b0f1b13:1 s2e1-a910b54a:1 s5e1-9bd12198:1 s4e1-8eb2eb0b:1 s1e1-9e95344b:1 s3e1-8d42c494:1 s8e1-a70ee643:1 s7e1-a3ef9b0b:1
1785924999.659311 s6e1-9b0f1b13:1 s2e1-a910b54a:1 s5e1-9bd12198:1 s4e1-8eb2eb0b:1 s1e1-9e95344b:1 s3e1-8d42c494:1 s8e1-a70ee643:1 s7e1-a3ef9b0b:1
1785924999.679204 s6e1-9b0f1b13:1 s2e1-a910b54a:1 s5e1-9bd12198:1 s4e1-8eb2eb0b:1 s1e1-9e95344b:1 s3e1-8d42c494:1 s8e1-a70ee643:1 s7e1-a3ef9b0b:1
1785924999.699103 s6e1-9b0f1b13:1 s2e1-a910b54a:1 s5e1-9bd12198:1 s4e1-8eb2eb0b:1 s1e1-9e95344b:1 s3e1-8d42c494:1 s8e1-a70ee643:1 s7e1-a3ef9b0b:1
1785924999.719053 s6e1-9b0f1b13:1 s2e1-a910b54a:1 s5e1-9bd12198:1 s4e1-8eb2eb0b:1 s1e1-9e95344b:1 s3e1-8d42c494:1 s8e1-a70ee643:1 s7e1-a3ef9b0b:1
1785924999.738900 s6e1-9b0f1b13:1 s2e1-a910b54a:1 s5e1-9bd12198:1 s4e1-8eb2eb0b:1 s1e1-9e95344b:1 s3e1-8d42c494:1 s8e1-a70ee643:1 s7e1-a3ef9b0b:1
1785924999.758677 s6e1-9b0f1b13:1 s2e1-a910b54a:1 s5e1-9bd12198:1 s4e1-8eb2eb0b:1 s1e1-9e95344b:1 s3e1-8d42c494:1 s8e1-a70ee643:1 s7e1-a3ef9b0b:1
1785924999.778548 s6e1-9b0f1b13:1 s2e1-a910b54a:1 s5e1-9bd12198:1 s4e1-8eb2eb0b:1 s1e1-9e95344b:1 s3e1-8d42c494:1 s8e1-a70ee643:1 s7e1-a3ef9b0b:1
1785924999.798398 s6e1-9b0f1b13:1 s2e1-a910b54a:1 s5e1-9bd12198:1 s4e1-8eb2eb0b:1 s1e1-9e95344b:1 s3e1-8d42c494:1 s8e1-a70ee643:1 s7e1-a3ef9b0b:1
1785924999.818261 s6e1-9b0f1b13:1 s2e1-a910b54a:1 s5e1-9bd12198:1 s4e1-8eb2eb0b:1 s1e1-9e95344b:1 s3e1-8d42c494:1 s8e1-a70ee643:1 s7e1-a3ef9b0b:1
1785924999.838181 s6e1-9b0f1b13:1 s2e1-a910b54a:1 s5e1-9bd12198:1 s4e1-8eb2eb0b:1 s1e1-9e95344b:1 s3e1-8d42c494:1 s8e1-a70ee643:1 s7e1-a3ef9b0b:1
1785924999.858057 s6e1-9b0f1b13:1 s2e1-a910b54a:1 s5e1-9bd12198:1 s4e1-8eb2eb0b:1 s1e1-9e95344b:1 s3e1-8d42c494:1 s8e1-a70ee643:1 s7e1-a3ef9b0b:1
1785924999.877921 s6e1-9b0f1b13:1 s2e1-a910b54a:1 s5e1-9bd12198:1 s4e1-8eb2eb0b:1 s1e1-9e95344b:1 s3e1-8d42c494:1 s8e1-a70ee643:1 s7e1-a3ef9b0b:1
1785924999.897777 s6e1-9b0f1b13:1 s2e1-a910b54a:1 s5e1-9bd12198:1 s4e1-8eb2eb0b:1 s1e1-9e95344b:1 s3e1-8d42c494:1 s8e1-a70ee643:1 s7e1-a3ef9b0b:1
1785924999.917632 s6e1-9b0f1b13:1 s2e1-a910b54a:1 s5e1-9bd12198:1 s4e1-8eb2eb0b:1 s1e1-9e95344b:1 s3e1-8d42c494:1 s8e1-a70ee643:1 s7e1-a3ef9b0b:1
1785924999.937500 s6e1-9b0f1b13:1 s2e1-a910b54a:1 s5e1-9bd12198:1 s4e1-8eb2eb0b:1 s1e1-9e95344b:1 s3e1-8d42c494:1 s8e1-a70ee643:1 s7e1-a3ef9b0b:1
1785924999.957378 s6e1-9b0f1b13:1 s2e1-a910b54a:1 s5e1-9bd12198:1 s4e1-8eb2eb0b:1 s1e1-9e95344b:1 s3e1-8d42c494:1 s8e1-a70ee643:1 s7e1-a3ef9b0b:1
1785924999.977237 s6e1-9b0f1b13:1 s2e1-a910b54a:1 s5e1-9bd12198:1 s4e1-8eb2eb0b:1 s1e1-9e95344b:1 s3e1-8d42c494:1 s8e1-a70ee643:1 s7e1-a3ef9b0b:1
1785924999.997114 s6e1-9b0f1b13:1 s2e1-a910b54a:1 s5e1-9bd12198:1 s4e1-8eb2eb0b:1 s1e1-9e95344b:1 s3e1-8d42c494:1 s8e1-a70ee643:1 s7e1-a3ef9b0b:1
1785925000.016997 s6e1-9b0f1b13:1 s2e1-a910b54a:1 s5e1-9bd12198:1 s4e1-8eb2eb0b:1 s1e1-9e95344b:1 s3e1-8d42c494:1 s8e1-a70ee643:1 s7e1-a3ef9b0b:1
1785925000.036923 s6e1-9b0f1b13:1 s2e1-a910b54a:1 s5e1-9bd12198:1 s4e1-8eb2eb0b:1 s1e1-9e95344b:1 s3e1-8d42c494:1 s8e1-a70ee643:1 s7e1-a3ef9b0b:1
1785925000.056767 s6e1-9b0f1b13:1 s2e1-a910b54a:1 s5e1-9bd12198:1 s4e1-8eb2eb0b:1 s1e1-9e95344b:1 s3e1-8d42c494:1 s8e1-a70ee643:1 s7e1-a3ef9b0b:1
1785925000.076575 s2e1-a910b54a:1 s5e1-9bd12198:1 s4e1-8eb2eb0b:1 s1e1-9e95344b:1 s3e1-8d42c494:1 s8e1-a70ee643:1 s7e1-a3ef9b0b:1
1785925000.096412 s1e1-9e95344b:1 s3e1-8d42c494:1 s8e1-a70ee643:1 s7e1-a3ef9b0b:1
1785925001.294321 s7e1-a3ef9b0b:53E
1785925001.346798 s7e1-a3ef9b0b:1 s2e1-a910b54a:53E s5e1-9bd12198:53E s4e1-8eb2eb0b:53E
1785925001.398441 s7e1-a3ef9b0b:1 s2e1-a910b54a:1 s5e1-9bd12198:1 s4e1-8eb2eb0b:1 s6e1-9b0f1b13:53E s1e1-9e95344b:53E s3e1-8d42c494:53E s8e1-a70ee643:53E
1785925001.480323 s7e1-a3ef9b0b:1 s2e1-a910b54a:1 s5e1-9bd12198:1 s4e1-8eb2eb0b:1 s6e1-9b0f1b13:1 s1e1-9e95344b:1 s3e1-8d42c494:1 s8e1-a70ee643:1
1785925001.521071 s7e1-a3ef9b0b:1 s2e1-a910b54a:1 s5e1-9bd12198:1 s4e1-8eb2eb0b:1 s6e1-9b0f1b13:1 s1e1-9e95344b:1 s3e1-8d42c494:1 s8e1-a70ee643:1
1785925001.540774 s7e1-a3ef9b0b:1 s2e1-a910b54a:1 s5e1-9bd12198:1 s4e1-8eb2eb0b:1 s6e1-9b0f1b13:1 s1e1-9e95344b:1 s3e1-8d42c494:1 s8e1-a70ee643:1
1785925001.560625 s7e1-a3ef9b0b:1 s2e1-a910b54a:1 s5e1-9bd12198:1 s4e1-8eb2eb0b:1 s6e1-9b0f1b13:1 s1e1-9e95344b:1 s3e1-8d42c494:1 s8e1-a70ee643:1
1785925001.580465 s7e1-a3ef9b0b:1 s2e1-a910b54a:1 s5e1-9bd12198:1 s4e1-8eb2eb0b:1 s6e1-9b0f1b13:1 s1e1-9e95344b:1 s3e1-8d42c494:1 s8e1-a70ee643:1
1785925001.600368 s7e1-a3ef9b0b:1 s2e1-a910b54a:1 s5e1-9bd12198:1 s4e1-8eb2eb0b:1 s6e1-9b0f1b13:1 s1e1-9e95344b:1 s3e1-8d42c494:1 s8e1-a70ee643:1
1785925001.620337 s7e1-a3ef9b0b:1 s2e1-a910b54a:1 s5e1-9bd12198:1 s4e1-8eb2eb0b:1 s6e1-9b0f1b13:1 s1e1-9e95344b:1 s3e1-8d42c494:1 s8e1-a70ee643:1
1785925001.640280 s7e1-a3ef9b0b:1 s2e1-a910b54a:1 s5e1-9bd12198:1 s4e1-8eb2eb0b:1 s6e1-9b0f1b13:1 s1e1-9e95344b:1 s3e1-8d42c494:1 s8e1-a70ee643:1
1785925001.660193 s7e1-a3ef9b0b:1 s2e1-a910b54a:1 s5e1-9bd12198:1 s4e1-8eb2eb0b:1 s6e1-9b0f1b13:1 s1e1-9e95344b:1 s3e1-8d42c494:1 s8e1-a70ee643:1
1785925001.679997 s7e1-a3ef9b0b:1 s2e1-a910b54a:1 s5e1-9bd12198:1 s4e1-8eb2eb0b:1 s6e1-9b0f1b13:1 s1e1-9e95344b:1 s3e1-8d42c494:1 s8e1-a70ee643:1
1785925001.699899 s7e1-a3ef9b0b:1 s2e1-a910b54a:1 s5e1-9bd12198:1 s4e1-8eb2eb0b:1 s6e1-9b0f1b13:1 s1e1-9e95344b:1 s3e1-8d42c494:1 s8e1-a70ee643:1
1785925001.719817 s7e1-a3ef9b0b:1 s2e1-a910b54a:1 s5e1-9bd12198:1 s4e1-8eb2eb0b:1 s6e1-9b0f1b13:1 s1e1-9e95344b:1 s3e1-8d42c494:1 s8e1-a70ee643:1
1785925001.739722 s7e1-a3ef9b0b:1 s2e1-a910b54a:1 s5e1-9bd12198:1 s4e1-8eb2eb0b:1 s6e1-9b0f1b13:1 s1e1-9e95344b:1 s3e1-8d42c494:1 s8e1-a70ee643:1
1785925001.759620 s7e1-a3ef9b0b:1 s2e1-a910b54a:1 s5e1-9bd12198:1 s4e1-8eb2eb0b:1 s6e1-9b0f1b13:1 s1e1-9e95344b:1 s3e1-8d42c494:1 s8e1-a70ee643:1
1785925001.779562 s7e1-a3ef9b0b:1 s2e1-a910b54a:1 s5e1-9bd12198:1 s4e1-8eb2eb0b:1 s6e1-9b0f1b13:1 s1e1-9e95344b:1 s3e1-8d42c494:1 s8e1-a70ee643:1
1785925001.799451 s7e1-a3ef9b0b:1 s2e1-a910b54a:1 s5e1-9bd12198:1 s4e1-8eb2eb0b:1 s6e1-9b0f1b13:1 s1e1-9e95344b:1 s3e1-8d42c494:1 s8e1-a70ee643:1
1785925001.819354 s7e1-a3ef9b0b:1 s2e1-a910b54a:1 s5e1-9bd12198:1 s4e1-8eb2eb0b:1 s6e1-9b0f1b13:1 s1e1-9e95344b:1 s3e1-8d42c494:1 s8e1-a70ee643:1
1785925001.839258 s7e1-a3ef9b0b:1 s2e1-a910b54a:1 s5e1-9bd12198:1 s4e1-8eb2eb0b:1 s6e1-9b0f1b13:1 s1e1-9e95344b:1 s3e1-8d42c494:1 s8e1-a70ee643:1
1785925001.859155 s7e1-a3ef9b0b:1 s2e1-a910b54a:1 s5e1-9bd12198:1 s4e1-8eb2eb0b:1 s6e1-9b0f1b13:1 s1e1-9e95344b:1 s3e1-8d42c494:1 s8e1-a70ee643:1
1785925001.879077 s7e1-a3ef9b0b:1 s2e1-a910b54a:1 s5e1-9bd12198:1 s4e1-8eb2eb0b:1 s6e1-9b0f1b13:1 s1e1-9e95344b:1 s3e1-8d42c494:1 s8e1-a70ee643:1
1785925001.898967 s7e1-a3ef9b0b:1 s2e1-a910b54a:1 s5e1-9bd12198:1 s4e1-8eb2eb0b:1 s6e1-9b0f1b13:1 s1e1-9e95344b:1 s3e1-8d42c494:1 s8e1-a70ee643:1
1785925001.918875 s7e1-a3ef9b0b:1 s2e1-a910b54a:1 s5e1-9bd12198:1 s4e1-8eb2eb0b:1 s6e1-9b0f1b13:1 s1e1-9e95344b:1 s3e1-8d42c494:1 s8e1-a70ee643:1
1785925001.938791 s7e1-a3ef9b0b:1 s2e1-a910b54a:1 s5e1-9bd12198:1 s4e1-8eb2eb0b:1 s6e1-9b0f1b13:1 s1e1-9e95344b:1 s3e1-8d42c494:1 s8e1-a70ee643:1
1785925001.958734 s7e1-a3ef9b0b:1 s2e1-a910b54a:1 s5e1-9bd12198:1 s4e1-8eb2eb0b:1 s6e1-9b0f1b13:1 s1e1-9e95344b:1 s3e1-8d42c494:1 s8e1-a70ee643:1
1785925001.978656 s7e1-a3ef9b0b:1 s2e1-a910b54a:1 s5e1-9bd12198:1 s4e1-8eb2eb0b:1 s6e1-9b0f1b13:1 s1e1-9e95344b:1 s3e1-8d42c494:1 s8e1-a70ee643:1
1785925001.998452 s7e1-a3ef9b0b:1 s2e1-a910b54a:1 s5e1-9bd12198:1 s4e1-8eb2eb0b:1 s6e1-9b0f1b13:1 s1e1-9e95344b:1 s3e1-8d42c494:1 s8e1-a70ee643:1
1785925002.018375 s7e1-a3ef9b0b:1 s2e1-a910b54a:1 s5e1-9bd12198:1 s4e1-8eb2eb0b:1 s6e1-9b0f1b13:1 s1e1-9e95344b:1 s3e1-8d42c494:1 s8e1-a70ee643:1
1785925002.038318 s7e1-a3ef9b0b:1 s2e1-a910b54a:1 s5e1-9bd12198:1 s4e1-8eb2eb0b:1 s6e1-9b0f1b13:1 s1e1-9e95344b:1 s3e1-8d42c494:1 s8e1-a70ee643:1
1785925002.058214 s7e1-a3ef9b0b:1 s2e1-a910b54a:1 s5e1-9bd12198:1 s4e1-8eb2eb0b:1 s6e1-9b0f1b13:1 s1e1-9e95344b:1 s3e1-8d42c494:1 s8e1-a70ee643:1
1785925002.078132 s7e1-a3ef9b0b:1 s2e1-a910b54a:1 s5e1-9bd12198:1 s4e1-8eb2eb0b:1 s6e1-9b0f1b13:1 s1e1-9e95344b:1 s3e1-8d42c494:1 s8e1-a70ee643:1
1785925002.098054 s2e1-a910b54a:1 s5e1-9bd12198:1 s4e1-8eb2eb0b:1 s6e1-9b0f1b13:1 s1e1-9e95344b:1 s3e1-8d42c494:1 s8e1-a70ee643:1
1785925002.117945 s6e1-9b0f1b13:1 s1e1-9e95344b:1 s3e1-8d42c494:1 s8e1-a70ee643:1
1785925003.301176 s7e1-a3ef9b0b:53E
1785925003.351802 s7e1-a3ef9b0b:1 s2e1-a910b54a:53E s6e1-9b0f1b13:53E s1e1-9e95344b:53E s8e1-a70ee643:53E
1785925003.401780 s7e1-a3ef9b0b:1 s2e1-a910b54a:1 s6e1-9b0f1b13:1 s1e1-9e95344b:1 s8e1-a70ee643:1 s4e1-8eb2eb0b:53E s3e1-8d42c494:53E
1785925003.488853 s7e1-a3ef9b0b:1 s2e1-a910b54a:1 s6e1-9b0f1b13:1 s1e1-9e95344b:1 s8e1-a70ee643:1 s4e1-8eb2eb0b:1 s3e1-8d42c494:1 s5e1-9bd12198:53E
1785925003.538964 s7e1-a3ef9b0b:1 s2e1-a910b54a:1 s6e1-9b0f1b13:1 s1e1-9e95344b:1 s8e1-a70ee643:1 s4e1-8eb2eb0b:1 s3e1-8d42c494:1 s5e1-9bd12198:1
1785925003.543936 s7e1-a3ef9b0b:1 s2e1-a910b54a:1 s6e1-9b0f1b13:1 s1e1-9e95344b:1 s8e1-a70ee643:1 s4e1-8eb2eb0b:1 s3e1-8d42c494:1 s5e1-9bd12198:1
1785925003.563594 s7e1-a3ef9b0b:1 s2e1-a910b54a:1 s6e1-9b0f1b13:1 s1e1-9e95344b:1 s8e1-a70ee643:1 s4e1-8eb2eb0b:1 s3e1-8d42c494:1 s5e1-9bd12198:1
1785925003.583483 s7e1-a3ef9b0b:1 s2e1-a910b54a:1 s6e1-9b0f1b13:1 s1e1-9e95344b:1 s8e1-a70ee643:1 s4e1-8eb2eb0b:1 s3e1-8d42c494:1 s5e1-9bd12198:1
1785925003.603380 s7e1-a3ef9b0b:1 s2e1-a910b54a:1 s6e1-9b0f1b13:1 s1e1-9e95344b:1 s8e1-a70ee643:1 s4e1-8eb2eb0b:1 s3e1-8d42c494:1 s5e1-9bd12198:1
1785925003.623315 s7e1-a3ef9b0b:1 s2e1-a910b54a:1 s6e1-9b0f1b13:1 s1e1-9e95344b:1 s8e1-a70ee643:1 s4e1-8eb2eb0b:1 s3e1-8d42c494:1 s5e1-9bd12198:1
1785925003.643229 s7e1-a3ef9b0b:1 s2e1-a910b54a:1 s6e1-9b0f1b13:1 s1e1-9e95344b:1 s8e1-a70ee643:1 s4e1-8eb2eb0b:1 s3e1-8d42c494:1 s5e1-9bd12198:1
1785925003.663171 s7e1-a3ef9b0b:1 s2e1-a910b54a:1 s6e1-9b0f1b13:1 s1e1-9e95344b:1 s8e1-a70ee643:1 s4e1-8eb2eb0b:1 s3e1-8d42c494:1 s5e1-9bd12198:1
1785925003.683108 s7e1-a3ef9b0b:1 s2e1-a910b54a:1 s6e1-9b0f1b13:1 s1e1-9e95344b:1 s8e1-a70ee643:1 s4e1-8eb2eb0b:1 s3e1-8d42c494:1 s5e1-9bd12198:1
1785925003.703038 s7e1-a3ef9b0b:1 s2e1-a910b54a:1 s6e1-9b0f1b13:1 s1e1-9e95344b:1 s8e1-a70ee643:1 s4e1-8eb2eb0b:1 s3e1-8d42c494:1 s5e1-9bd12198:1
1785925003.722966 s7e1-a3ef9b0b:1 s2e1-a910b54a:1 s6e1-9b0f1b13:1 s1e1-9e95344b:1 s8e1-a70ee643:1 s4e1-8eb2eb0b:1 s3e1-8d42c494:1 s5e1-9bd12198:1
1785925003.742885 s7e1-a3ef9b0b:1 s2e1-a910b54a:1 s6e1-9b0f1b13:1 s1e1-9e95344b:1 s8e1-a70ee643:1 s4e1-8eb2eb0b:1 s3e1-8d42c494:1 s5e1-9bd12198:1
1785925003.762830 s7e1-a3ef9b0b:1 s2e1-a910b54a:1 s6e1-9b0f1b13:1 s1e1-9e95344b:1 s8e1-a70ee643:1 s4e1-8eb2eb0b:1 s3e1-8d42c494:1 s5e1-9bd12198:1
1785925003.782757 s7e1-a3ef9b0b:1 s2e1-a910b54a:1 s6e1-9b0f1b13:1 s1e1-9e95344b:1 s8e1-a70ee643:1 s4e1-8eb2eb0b:1 s3e1-8d42c494:1 s5e1-9bd12198:1
1785925003.802685 s7e1-a3ef9b0b:1 s2e1-a910b54a:1 s6e1-9b0f1b13:1 s1e1-9e95344b:1 s8e1-a70ee643:1 s4e1-8eb2eb0b:1 s3e1-8d42c494:1 s5e1-9bd12198:1
1785925003.822613 s7e1-a3ef9b0b:1 s2e1-a910b54a:1 s6e1-9b0f1b13:1 s1e1-9e95344b:1 s8e1-a70ee643:1 s4e1-8eb2eb0b:1 s3e1-8d42c494:1 s5e1-9bd12198:1
1785925003.842598 s7e1-a3ef9b0b:1 s2e1-a910b54a:1 s6e1-9b0f1b13:1 s1e1-9e95344b:1 s8e1-a70ee643:1 s4e1-8eb2eb0b:1 s3e1-8d42c494:1 s5e1-9bd12198:1
1785925003.862575 s7e1-a3ef9b0b:1 s2e1-a910b54a:1 s6e1-9b0f1b13:1 s1e1-9e95344b:1 s8e1-a70ee643:1 s4e1-8eb2eb0b:1 s3e1-8d42c494:1 s5e1-9bd12198:1
1785925003.882524 s7e1-a3ef9b0b:1 s2e1-a910b54a:1 s6e1-9b0f1b13:1 s1e1-9e95344b:1 s8e1-a70ee643:1 s4e1-8eb2eb0b:1 s3e1-8d42c494:1 s5e1-9bd12198:1
1785925003.902413 s7e1-a3ef9b0b:1 s2e1-a910b54a:1 s6e1-9b0f1b13:1 s1e1-9e95344b:1 s8e1-a70ee643:1 s4e1-8eb2eb0b:1 s3e1-8d42c494:1 s5e1-9bd12198:1
1785925003.922292 s7e1-a3ef9b0b:1 s2e1-a910b54a:1 s6e1-9b0f1b13:1 s1e1-9e95344b:1 s8e1-a70ee643:1 s4e1-8eb2eb0b:1 s3e1-8d42c494:1 s5e1-9bd12198:1
1785925003.942229 s7e1-a3ef9b0b:1 s2e1-a910b54a:1 s6e1-9b0f1b13:1 s1e1-9e95344b:1 s8e1-a70ee643:1 s4e1-8eb2eb0b:1 s3e1-8d42c494:1 s5e1-9bd12198:1
1785925003.962157 s7e1-a3ef9b0b:1 s2e1-a910b54a:1 s6e1-9b0f1b13:1 s1e1-9e95344b:1 s8e1-a70ee643:1 s4e1-8eb2eb0b:1 s3e1-8d42c494:1 s5e1-9bd12198:1
1785925003.982081 s7e1-a3ef9b0b:1 s2e1-a910b54a:1 s6e1-9b0f1b13:1 s1e1-9e95344b:1 s8e1-a70ee643:1 s4e1-8eb2eb0b:1 s3e1-8d42c494:1 s5e1-9bd12198:1
1785925004.002020 s7e1-a3ef9b0b:1 s2e1-a910b54a:1 s6e1-9b0f1b13:1 s1e1-9e95344b:1 s8e1-a70ee643:1 s4e1-8eb2eb0b:1 s3e1-8d42c494:1 s5e1-9bd12198:1
1785925004.021941 s7e1-a3ef9b0b:1 s2e1-a910b54a:1 s6e1-9b0f1b13:1 s1e1-9e95344b:1 s8e1-a70ee643:1 s4e1-8eb2eb0b:1 s3e1-8d42c494:1 s5e1-9bd12198:1
1785925004.041854 s7e1-a3ef9b0b:1 s2e1-a910b54a:1 s6e1-9b0f1b13:1 s1e1-9e95344b:1 s8e1-a70ee643:1 s4e1-8eb2eb0b:1 s3e1-8d42c494:1 s5e1-9bd12198:1
1785925004.061780 s7e1-a3ef9b0b:1 s2e1-a910b54a:1 s6e1-9b0f1b13:1 s1e1-9e95344b:1 s8e1-a70ee643:1 s4e1-8eb2eb0b:1 s3e1-8d42c494:1 s5e1-9bd12198:1
1785925004.081759 s7e1-a3ef9b0b:1 s2e1-a910b54a:1 s6e1-9b0f1b13:1 s1e1-9e95344b:1 s8e1-a70ee643:1 s4e1-8eb2eb0b:1 s3e1-8d42c494:1 s5e1-9bd12198:1
1785925004.101662 s2e1-a910b54a:1 s6e1-9b0f1b13:1 s1e1-9e95344b:1 s8e1-a70ee643:1 s4e1-8eb2eb0b:1 s3e1-8d42c494:1 s5e1-9bd12198:1
1785925004.121582 s4e1-8eb2eb0b:1 s3e1-8d42c494:1 s5e1-9bd12198:1
1785925004.141440 s5e1-9bd12198:1
1785925005.247241 s8e1-a70ee643:53E
1785925005.298880 s8e1-a70ee643:1 s7e1-a3ef9b0b:53E s6e1-9b0f1b13:53E s1e1-9e95344b:53E
1785925005.349128 s8e1-a70ee643:1 s7e1-a3ef9b0b:1 s6e1-9b0f1b13:1 s1e1-9e95344b:1 s3e1-8d42c494:53E
1785925005.421363 s8e1-a70ee643:1 s7e1-a3ef9b0b:1 s6e1-9b0f1b13:1 s1e1-9e95344b:1 s3e1-8d42c494:1 s2e1-a910b54a:53E s4e1-8eb2eb0b:53E s5e1-9bd12198:53E
1785925005.468327 s8e1-a70ee643:1 s7e1-a3ef9b0b:1 s6e1-9b0f1b13:1 s1e1-9e95344b:1 s3e1-8d42c494:1 s2e1-a910b54a:1 s4e1-8eb2eb0b:1 s5e1-9bd12198:1
1785925005.503514 s8e1-a70ee643:1 s7e1-a3ef9b0b:1 s6e1-9b0f1b13:1 s1e1-9e95344b:1 s3e1-8d42c494:1 s2e1-a910b54a:1 s4e1-8eb2eb0b:1 s5e1-9bd12198:1
1785925005.523409 s8e1-a70ee643:1 s7e1-a3ef9b0b:1 s6e1-9b0f1b13:1 s1e1-9e95344b:1 s3e1-8d42c494:1 s2e1-a910b54a:1 s4e1-8eb2eb0b:1 s5e1-9bd12198:1
1785925005.543374 s8e1-a70ee643:1 s7e1-a3ef9b0b:1 s6e1-9b0f1b13:1 s1e1-9e95344b:1 s3e1-8d42c494:1 s2e1-a910b54a:1 s4e1-8eb2eb0b:1 s5e1-9bd12198:1
1785925005.563320 s8e1-a70ee643:1 s7e1-a3ef9b0b:1 s6e1-9b0f1b13:1 s1e1-9e95344b:1 s3e1-8d42c494:1 s2e1-a910b54a:1 s4e1-8eb2eb0b:1 s5e1-9bd12198:1
1785925005.583266 s8e1-a70ee643:1 s7e1-a3ef9b0b:1 s6e1-9b0f1b13:1 s1e1-9e95344b:1 s3e1-8d42c494:1 s2e1-a910b54a:1 s4e1-8eb2eb0b:1 s5e1-9bd12198:1
1785925005.603246 s8e1-a70ee643:1 s7e1-a3ef9b0b:1 s6e1-9b0f1b13:1 s1e1-9e95344b:1 s3e1-8d42c494:1 s2e1-a910b54a:1 s4e1-8eb2eb0b:1 s5e1-9bd12198:1
1785925005.623230 s8e1-a70ee643:1 s7e1-a3ef9b0b:1 s6e1-9b0f1b13:1 s1e1-9e95344b:1 s3e1-8d42c494:1 s2e1-a910b54a:1 s4e1-8eb2eb0b:1 s5e1-9bd12198:1
1785925005.643177 s8e1-a70ee643:1 s7e1-a3ef9b0b:1 s6e1-9b0f1b13:1 s1e1-9e95344b:1 s3e1-8d42c494:1 s2e1-a910b54a:1 s4e1-8eb2eb0b:1 s5e1-9bd12198:1
1785925005.663180 s8e1-a70ee643:1 s7e1-a3ef9b0b:1 s6e1-9b0f1b13:1 s1e1-9e95344b:1 s3e1-8d42c494:1 s2e1-a910b54a:1 s4e1-8eb2eb0b:1 s5e1-9bd12198:1
1785925005.683143 s8e1-a70ee643:1 s7e1-a3ef9b0b:1 s6e1-9b0f1b13:1 s1e1-9e95344b:1 s3e1-8d42c494:1 s2e1-a910b54a:1 s4e1-8eb2eb0b:1 s5e1-9bd12198:1
1785925005.703164 s8e1-a70ee643:1 s7e1-a3ef9b0b:1 s6e1-9b0f1b13:1 s1e1-9e95344b:1 s3e1-8d42c494:1 s2e1-a910b54a:1 s4e1-8eb2eb0b:1 s5e1-9bd12198:1
1785925005.723160 s8e1-a70ee643:1 s7e1-a3ef9b0b:1 s6e1-9b0f1b13:1 s1e1-9e95344b:1 s3e1-8d42c494:1 s2e1-a910b54a:1 s4e1-8eb2eb0b:1 s5e1-9bd12198:1
1785925005.743069 s8e1-a70ee643:1 s7e1-a3ef9b0b:1 s6e1-9b0f1b13:1 s1e1-9e95344b:1 s3e1-8d42c494:1 s2e1-a910b54a:1 s4e1-8eb2eb0b:1 s5e1-9bd12198:1
1785925005.763036 s8e1-a70ee643:1 s7e1-a3ef9b0b:1 s6e1-9b0f1b13:1 s1e1-9e95344b:1 s3e1-8d42c494:1 s2e1-a910b54a:1 s4e1-8eb2eb0b:1 s5e1-9bd12198:1
1785925005.782990 s8e1-a70ee643:1 s7e1-a3ef9b0b:1 s6e1-9b0f1b13:1 s1e1-9e95344b:1 s3e1-8d42c494:1 s2e1-a910b54a:1 s4e1-8eb2eb0b:1 s5e1-9bd12198:1
1785925005.802922 s8e1-a70ee643:1 s7e1-a3ef9b0b:1 s6e1-9b0f1b13:1 s1e1-9e95344b:1 s3e1-8d42c494:1 s2e1-a910b54a:1 s4e1-8eb2eb0b:1 s5e1-9bd12198:1
1785925005.822887 s8e1-a70ee643:1 s7e1-a3ef9b0b:1 s6e1-9b0f1b13:1 s1e1-9e95344b:1 s3e1-8d42c494:1 s2e1-a910b54a:1 s4e1-8eb2eb0b:1 s5e1-9bd12198:1
1785925005.842844 s8e1-a70ee643:1 s7e1-a3ef9b0b:1 s6e1-9b0f1b13:1 s1e1-9e95344b:1 s3e1-8d42c494:1 s2e1-a910b54a:1 s4e1-8eb2eb0b:1 s5e1-9bd12198:1
1785925005.862780 s8e1-a70ee643:1 s7e1-a3ef9b0b:1 s6e1-9b0f1b13:1 s1e1-9e95344b:1 s3e1-8d42c494:1 s2e1-a910b54a:1 s4e1-8eb2eb0b:1 s5e1-9bd12198:1
1785925005.882807 s8e1-a70ee643:1 s7e1-a3ef9b0b:1 s6e1-9b0f1b13:1 s1e1-9e95344b:1 s3e1-8d42c494:1 s2e1-a910b54a:1 s4e1-8eb2eb0b:1 s5e1-9bd12198:1
1785925005.902732 s8e1-a70ee643:1 s7e1-a3ef9b0b:1 s6e1-9b0f1b13:1 s1e1-9e95344b:1 s3e1-8d42c494:1 s2e1-a910b54a:1 s4e1-8eb2eb0b:1 s5e1-9bd12198:1
1785925005.922703 s8e1-a70ee643:1 s7e1-a3ef9b0b:1 s6e1-9b0f1b13:1 s1e1-9e95344b:1 s3e1-8d42c494:1 s2e1-a910b54a:1 s4e1-8eb2eb0b:1 s5e1-9bd12198:1
1785925005.942647 s8e1-a70ee643:1 s7e1-a3ef9b0b:1 s6e1-9b0f1b13:1 s1e1-9e95344b:1 s3e1-8d42c494:1 s2e1-a910b54a:1 s4e1-8eb2eb0b:1 s5e1-9bd12198:1
1785925005.962625 s8e1-a70ee643:1 s7e1-a3ef9b0b:1 s6e1-9b0f1b13:1 s1e1-9e95344b:1 s3e1-8d42c494:1 s2e1-a910b54a:1 s4e1-8eb2eb0b:1 s5e1-9bd12198:1
1785925005.982579 s8e1-a70ee643:1 s7e1-a3ef9b0b:1 s6e1-9b0f1b13:1 s1e1-9e95344b:1 s3e1-8d42c494:1 s2e1-a910b54a:1 s4e1-8eb2eb0b:1 s5e1-9bd12198:1
1785925006.002543 s8e1-a70ee643:1 s7e1-a3ef9b0b:1 s6e1-9b0f1b13:1 s1e1-9e95344b:1 s3e1-8d42c494:1 s2e1-a910b54a:1 s4e1-8eb2eb0b:1 s5e1-9bd12198:1
1785925006.022589 s8e1-a70ee643:1 s7e1-a3ef9b0b:1 s6e1-9b0f1b13:1 s1e1-9e95344b:1 s3e1-8d42c494:1 s2e1-a910b54a:1 s4e1-8eb2eb0b:1 s5e1-9bd12198:1
1785925006.042574 s8e1-a70ee643:1 s7e1-a3ef9b0b:1 s6e1-9b0f1b13:1 s1e1-9e95344b:1 s3e1-8d42c494:1 s2e1-a910b54a:1 s4e1-8eb2eb0b:1 s5e1-9bd12198:1
1785925006.062482 s7e1-a3ef9b0b:1 s6e1-9b0f1b13:1 s1e1-9e95344b:1 s3e1-8d42c494:1 s2e1-a910b54a:1 s4e1-8eb2eb0b:1 s5e1-9bd12198:1
1785925006.082480 s3e1-8d42c494:1 s2e1-a910b54a:1 s4e1-8eb2eb0b:1 s5e1-9bd12198:1
1785925006.102364 s2e1-a910b54a:1 s4e1-8eb2eb0b:1 s5e1-9bd12198:1
1785925007.266026 s4e1-8eb2eb0b:53E
1785925007.325574 s4e1-8eb2eb0b:1 s8e1-a70ee643:53E s7e1-a3ef9b0b:53E s6e1-9b0f1b13:53E s1e1-9e95344b:53E s2e1-a910b54a:53E s5e1-9bd12198:53E
1785925007.392012 s4e1-8eb2eb0b:1 s8e1-a70ee643:1 s7e1-a3ef9b0b:1 s6e1-9b0f1b13:1 s1e1-9e95344b:1 s2e1-a910b54a:1 s5e1-9bd12198:1 s3e1-8d42c494:53E
1785925007.511071 s4e1-8eb2eb0b:1 s8e1-a70ee643:1 s7e1-a3ef9b0b:1 s6e1-9b0f1b13:1 s1e1-9e95344b:1 s2e1-a910b54a:1 s5e1-9bd12198:1 s3e1-8d42c494:1
1785925007.516701 s4e1-8eb2eb0b:1 s8e1-a70ee643:1 s7e1-a3ef9b0b:1 s6e1-9b0f1b13:1 s1e1-9e95344b:1 s2e1-a910b54a:1 s5e1-9bd12198:1 s3e1-8d42c494:1
1785925007.536645 s4e1-8eb2eb0b:1 s8e1-a70ee643:1 s7e1-a3ef9b0b:1 s6e1-9b0f1b13:1 s1e1-9e95344b:1 s2e1-a910b54a:1 s5e1-9bd12198:1 s3e1-8d42c494:1
1785925007.556786 s4e1-8eb2eb0b:1 s8e1-a70ee643:1 s7e1-a3ef9b0b:1 s6e1-9b0f1b13:1 s1e1-9e95344b:1 s2e1-a910b54a:1 s5e1-9bd12198:1 s3e1-8d42c494:1
1785925007.577120 s4e1-8eb2eb0b:1 s8e1-a70ee643:1 s7e1-a3ef9b0b:1 s6e1-9b0f1b13:1 s1e1-9e95344b:1 s2e1-a910b54a:1 s5e1-9bd12198:1 s3e1-8d42c494:1
1785925007.597284 s4e1-8eb2eb0b:1 s8e1-a70ee643:1 s7e1-a3ef9b0b:1 s6e1-9b0f1b13:1 s1e1-9e95344b:1 s2e1-a910b54a:1 s5e1-9bd12198:1 s3e1-8d42c494:1
1785925007.617401 s4e1-8eb2eb0b:1 s8e1-a70ee643:1 s7e1-a3ef9b0b:1 s6e1-9b0f1b13:1 s1e1-9e95344b:1 s2e1-a910b54a:1 s5e1-9bd12198:1 s3e1-8d42c494:1
1785925007.637623 s4e1-8eb2eb0b:1 s8e1-a70ee643:1 s7e1-a3ef9b0b:1 s6e1-9b0f1b13:1 s1e1-9e95344b:1 s2e1-a910b54a:1 s5e1-9bd12198:1 s3e1-8d42c494:1
1785925007.657851 s4e1-8eb2eb0b:1 s8e1-a70ee643:1 s7e1-a3ef9b0b:1 s6e1-9b0f1b13:1 s1e1-9e95344b:1 s2e1-a910b54a:1 s5e1-9bd12198:1 s3e1-8d42c494:1
1785925007.677922 s4e1-8eb2eb0b:1 s8e1-a70ee643:1 s7e1-a3ef9b0b:1 s6e1-9b0f1b13:1 s1e1-9e95344b:1 s2e1-a910b54a:1 s5e1-9bd12198:1 s3e1-8d42c494:1
1785925007.698127 s4e1-8eb2eb0b:1 s8e1-a70ee643:1 s7e1-a3ef9b0b:1 s6e1-9b0f1b13:1 s1e1-9e95344b:1 s2e1-a910b54a:1 s5e1-9bd12198:1 s3e1-8d42c494:1
1785925007.718307 s4e1-8eb2eb0b:1 s8e1-a70ee643:1 s7e1-a3ef9b0b:1 s6e1-9b0f1b13:1 s1e1-9e95344b:1 s2e1-a910b54a:1 s5e1-9bd12198:1 s3e1-8d42c494:1
1785925007.738428 s4e1-8eb2eb0b:1 s8e1-a70ee643:1 s7e1-a3ef9b0b:1 s6e1-9b0f1b13:1 s1e1-9e95344b:1 s2e1-a910b54a:1 s5e1-9bd12198:1 s3e1-8d42c494:1
1785925007.758566 s4e1-8eb2eb0b:1 s8e1-a70ee643:1 s7e1-a3ef9b0b:1 s6e1-9b0f1b13:1 s1e1-9e95344b:1 s2e1-a910b54a:1 s5e1-9bd12198:1 s3e1-8d42c494:1
1785925007.778732 s4e1-8eb2eb0b:1 s8e1-a70ee643:1 s7e1-a3ef9b0b:1 s6e1-9b0f1b13:1 s1e1-9e95344b:1 s2e1-a910b54a:1 s5e1-9bd12198:1 s3e1-8d42c494:1
1785925007.799018 s4e1-8eb2eb0b:1 s8e1-a70ee643:1 s7e1-a3ef9b0b:1 s6e1-9b0f1b13:1 s1e1-9e95344b:1 s2e1-a910b54a:1 s5e1-9bd12198:1 s3e1-8d42c494:1
1785925007.819178 s4e1-8eb2eb0b:1 s8e1-a70ee643:1 s7e1-a3ef9b0b:1 s6e1-9b0f1b13:1 s1e1-9e95344b:1 s2e1-a910b54a:1 s5e1-9bd12198:1 s3e1-8d42c494:1
1785925007.839350 s4e1-8eb2eb0b:1 s8e1-a70ee643:1 s7e1-a3ef9b0b:1 s6e1-9b0f1b13:1 s1e1-9e95344b:1 s2e1-a910b54a:1 s5e1-9bd12198:1 s3e1-8d42c494:1
1785925007.859469 s4e1-8eb2eb0b:1 s8e1-a70ee643:1 s7e1-a3ef9b0b:1 s6e1-9b0f1b13:1 s1e1-9e95344b:1 s2e1-a910b54a:1 s5e1-9bd12198:1 s3e1-8d42c494:1
1785925007.879666 s4e1-8eb2eb0b:1 s8e1-a70ee643:1 s7e1-a3ef9b0b:1 s6e1-9b0f1b13:1 s1e1-9e95344b:1 s2e1-a910b54a:1 s5e1-9bd12198:1 s3e1-8d42c494:1
1785925007.899790 s4e1-8eb2eb0b:1 s8e1-a70ee643:1 s7e1-a3ef9b0b:1 s6e1-9b0f1b13:1 s1e1-9e95344b:1 s2e1-a910b54a:1 s5e1-9bd12198:1 s3e1-8d42c494:1
1785925007.919966 s4e1-8eb2eb0b:1 s8e1-a70ee643:1 s7e1-a3ef9b0b:1 s6e1-9b0f1b13:1 s1e1-9e95344b:1 s2e1-a910b54a:1 s5e1-9bd12198:1 s3e1-8d42c494:1
1785925007.940181 s4e1-8eb2eb0b:1 s8e1-a70ee643:1 s7e1-a3ef9b0b:1 s6e1-9b0f1b13:1 s1e1-9e95344b:1 s2e1-a910b54a:1 s5e1-9bd12198:1 s3e1-8d42c494:1
1785925007.960418 s4e1-8eb2eb0b:1 s8e1-a70ee643:1 s7e1-a3ef9b0b:1 s6e1-9b0f1b13:1 s1e1-9e95344b:1 s2e1-a910b54a:1 s5e1-9bd12198:1 s3e1-8d42c494:1
1785925007.980693 s4e1-8eb2eb0b:1 s8e1-a70ee643:1 s7e1-a3ef9b0b:1 s6e1-9b0f1b13:1 s1e1-9e95344b:1 s2e1-a910b54a:1 s5e1-9bd12198:1 s3e1-8d42c494:1
1785925008.000808 s4e1-8eb2eb0b:1 s8e1-a70ee643:1 s7e1-a3ef9b0b:1 s6e1-9b0f1b13:1 s1e1-9e95344b:1 s2e1-a910b54a:1 s5e1-9bd12198:1 s3e1-8d42c494:1
1785925008.020965 s4e1-8eb2eb0b:1 s8e1-a70ee643:1 s7e1-a3ef9b0b:1 s6e1-9b0f1b13:1 s1e1-9e95344b:1 s2e1-a910b54a:1 s5e1-9bd12198:1 s3e1-8d42c494:1
1785925008.041117 s4e1-8eb2eb0b:1 s8e1-a70ee643:1 s7e1-a3ef9b0b:1 s6e1-9b0f1b13:1 s1e1-9e95344b:1 s2e1-a910b54a:1 s5e1-9bd12198:1 s3e1-8d42c494:1
1785925008.061330 s4e1-8eb2eb0b:1 s8e1-a70ee643:1 s7e1-a3ef9b0b:1 s6e1-9b0f1b13:1 s1e1-9e95344b:1 s2e1-a910b54a:1 s5e1-9bd12198:1 s3e1-8d42c494:1
1785925008.081485 s4e1-8eb2eb0b:1 s8e1-a70ee643:1 s7e1-a3ef9b0b:1 s6e1-9b0f1b13:1 s1e1-9e95344b:1 s2e1-a910b54a:1 s5e1-9bd12198:1 s3e1-8d42c494:1
1785925008.101613 s8e1-a70ee643:1 s7e1-a3ef9b0b:1 s6e1-9b0f1b13:1 s1e1-9e95344b:1 s2e1-a910b54a:1 s5e1-9bd12198:1 s3e1-8d42c494:1
1785925008.121701 s3e1-8d42c494:1
1785925009.270593 s1e1-9e95344b:53E
1785925009.318736 s1e1-9e95344b:1 s7e1-a3ef9b0b:53E
1785925009.369585 s1e1-9e95344b:1 s7e1-a3ef9b0b:1 s8e1-a70ee643:53E s6e1-9b0f1b13:53E s2e1-a910b54a:53E s3e1-8d42c494:53E
1785925009.421269 s1e1-9e95344b:1 s7e1-a3ef9b0b:1 s8e1-a70ee643:1 s6e1-9b0f1b13:1 s2e1-a910b54a:1 s3e1-8d42c494:1 s4e1-8eb2eb0b:53E s5e1-9bd12198:53E
1785925009.502426 s1e1-9e95344b:1 s7e1-a3ef9b0b:1 s8e1-a70ee643:1 s6e1-9b0f1b13:1 s2e1-a910b54a:1 s3e1-8d42c494:1 s4e1-8eb2eb0b:1 s5e1-9bd12198:1
1785925009.515176 s1e1-9e95344b:1 s7e1-a3ef9b0b:1 s8e1-a70ee643:1 s6e1-9b0f1b13:1 s2e1-a910b54a:1 s3e1-8d42c494:1 s4e1-8eb2eb0b:1 s5e1-9bd12198:1
1785925009.535271 s1e1-9e95344b:1 s7e1-a3ef9b0b:1 s8e1-a70ee643:1 s6e1-9b0f1b13:1 s2e1-a910b54a:1 s3e1-8d42c494:1 s4e1-8eb2eb0b:1 s5e1-9bd12198:1
1785925009.555528 s1e1-9e95344b:1 s7e1-a3ef9b0b:1 s8e1-a70ee643:1 s6e1-9b0f1b13:1 s2e1-a910b54a:1 s3e1-8d42c494:1 s4e1-8eb2eb0b:1 s5e1-9bd12198:1
1785925009.575729 s1e1-9e95344b:1 s7e1-a3ef9b0b:1 s8e1-a70ee643:1 s6e1-9b0f1b13:1 s2e1-a910b54a:1 s3e1-8d42c494:1 s4e1-8eb2eb0b:1 s5e1-9bd12198:1
1785925009.595887 s1e1-9e95344b:1 s7e1-a3ef9b0b:1 s8e1-a70ee643:1 s6e1-9b0f1b13:1 s2e1-a910b54a:1 s3e1-8d42c494:1 s4e1-8eb2eb0b:1 s5e1-9bd12198:1
1785925009.616103 s1e1-9e95344b:1 s7e1-a3ef9b0b:1 s8e1-a70ee643:1 s6e1-9b0f1b13:1 s2e1-a910b54a:1 s3e1-8d42c494:1 s4e1-8eb2eb0b:1 s5e1-9bd12198:1
1785925009.636297 s1e1-9e95344b:1 s7e1-a3ef9b0b:1 s8e1-a70ee643:1 s6e1-9b0f1b13:1 s2e1-a910b54a:1 s3e1-8d42c494:1 s4e1-8eb2eb0b:1 s5e1-9bd12198:1
1785925009.656512 s1e1-9e95344b:1 s7e1-a3ef9b0b:1 s8e1-a70ee643:1 s6e1-9b0f1b13:1 s2e1-a910b54a:1 s3e1-8d42c494:1 s4e1-8eb2eb0b:1 s5e1-9bd12198:1
1785925009.676736 s1e1-9e95344b:1 s7e1-a3ef9b0b:1 s8e1-a70ee643:1 s6e1-9b0f1b13:1 s2e1-a910b54a:1 s3e1-8d42c494:1 s4e1-8eb2eb0b:1 s5e1-9bd12198:1
1785925009.697003 s1e1-9e95344b:1 s7e1-a3ef9b0b:1 s8e1-a70ee643:1 s6e1-9b0f1b13:1 s2e1-a910b54a:1 s3e1-8d42c494:1 s4e1-8eb2eb0b:1 s5e1-9bd12198:1
1785925009.717321 s1e1-9e95344b:1 s7e1-a3ef9b0b:1 s8e1-a70ee643:1 s6e1-9b0f1b13:1 s2e1-a910b54a:1 s3e1-8d42c494:1 s4e1-8eb2eb0b:1 s5e1-9bd12198:1
1785925009.737600 s1e1-9e95344b:1 s7e1-a3ef9b0b:1 s8e1-a70ee643:1 s6e1-9b0f1b13:1 s2e1-a910b54a:1 s3e1-8d42c494:1 s4e1-8eb2eb0b:1 s5e1-9bd12198:1
1785925009.757867 s1e1-9e95344b:1 s7e1-a3ef9b0b:1 s8e1-a70ee643:1 s6e1-9b0f1b13:1 s2e1-a910b54a:1 s3e1-8d42c494:1 s4e1-8eb2eb0b:1 s5e1-9bd12198:1
1785925009.778153 s1e1-9e95344b:1 s7e1-a3ef9b0b:1 s8e1-a70ee643:1 s6e1-9b0f1b13:1 s2e1-a910b54a:1 s3e1-8d42c494:1 s4e1-8eb2eb0b:1 s5e1-9bd12198:1
1785925009.798443 s1e1-9e95344b:1 s7e1-a3ef9b0b:1 s8e1-a70ee643:1 s6e1-9b0f1b13:1 s2e1-a910b54a:1 s3e1-8d42c494:1 s4e1-8eb2eb0b:1 s5e1-9bd12198:1
1785925009.818731 s1e1-9e95344b:1 s7e1-a3ef9b0b:1 s8e1-a70ee643:1 s6e1-9b0f1b13:1 s2e1-a910b54a:1 s3e1-8d42c494:1 s4e1-8eb2eb0b:1 s5e1-9bd12198:1
1785925009.839108 s1e1-9e95344b:1 s7e1-a3ef9b0b:1 s8e1-a70ee643:1 s6e1-9b0f1b13:1 s2e1-a910b54a:1 s3e1-8d42c494:1 s4e1-8eb2eb0b:1 s5e1-9bd12198:1
1785925009.859385 s1e1-9e95344b:1 s7e1-a3ef9b0b:1 s8e1-a70ee643:1 s6e1-9b0f1b13:1 s2e1-a910b54a:1 s3e1-8d42c494:1 s4e1-8eb2eb0b:1 s5e1-9bd12198:1
1785925009.879716 s1e1-9e95344b:1 s7e1-a3ef9b0b:1 s8e1-a70ee643:1 s6e1-9b0f1b13:1 s2e1-a910b54a:1 s3e1-8d42c494:1 s4e1-8eb2eb0b:1 s5e1-9bd12198:1
1785925009.899936 s1e1-9e95344b:1 s7e1-a3ef9b0b:1 s8e1-a70ee643:1 s6e1-9b0f1b13:1 s2e1-a910b54a:1 s3e1-8d42c494:1 s4e1-8eb2eb0b:1 s5e1-9bd12198:1
1785925009.920156 s1e1-9e95344b:1 s7e1-a3ef9b0b:1 s8e1-a70ee643:1 s6e1-9b0f1b13:1 s2e1-a910b54a:1 s3e1-8d42c494:1 s4e1-8eb2eb0b:1 s5e1-9bd12198:1
1785925009.940442 s1e1-9e95344b:1 s7e1-a3ef9b0b:1 s8e1-a70ee643:1 s6e1-9b0f1b13:1 s2e1-a910b54a:1 s3e1-8d42c494:1 s4e1-8eb2eb0b:1 s5e1-9bd12198:1
1785925009.960733 s1e1-9e95344b:1 s7e1-a3ef9b0b:1 s8e1-a70ee643:1 s6e1-9b0f1b13:1 s2e1-a910b54a:1 s3e1-8d42c494:1 s4e1-8eb2eb0b:1 s5e1-9bd12198:1
1785925009.980989 s1e1-9e95344b:1 s7e1-a3ef9b0b:1 s8e1-a70ee643:1 s6e1-9b0f1b13:1 s2e1-a910b54a:1 s3e1-8d42c494:1 s4e1-8eb2eb0b:1 s5e1-9bd12198:1
1785925010.001302 s1e1-9e95344b:1 s7e1-a3ef9b0b:1 s8e1-a70ee643:1 s6e1-9b0f1b13:1 s2e1-a910b54a:1 s3e1-8d42c494:1 s4e1-8eb2eb0b:1 s5e1-9bd12198:1
1785925010.021564 s1e1-9e95344b:1 s7e1-a3ef9b0b:1 s8e1-a70ee643:1 s6e1-9b0f1b13:1 s2e1-a910b54a:1 s3e1-8d42c494:1 s4e1-8eb2eb0b:1 s5e1-9bd12198:1
1785925010.041862 s1e1-9e95344b:1 s7e1-a3ef9b0b:1 s8e1-a70ee643:1 s6e1-9b0f1b13:1 s2e1-a910b54a:1 s3e1-8d42c494:1 s4e1-8eb2eb0b:1 s5e1-9bd12198:1
1785925010.062170 s1e1-9e95344b:1 s7e1-a3ef9b0b:1 s8e1-a70ee643:1 s6e1-9b0f1b13:1 s2e1-a910b54a:1 s3e1-8d42c494:1 s4e1-8eb2eb0b:1 s5e1-9bd12198:1
1785925010.082443 s7e1-a3ef9b0b:1 s8e1-a70ee643:1 s6e1-9b0f1b13:1 s2e1-a910b54a:1 s3e1-8d42c494:1 s4e1-8eb2eb0b:1 s5e1-9bd12198:1
1785925010.102732 s8e1-a70ee643:1 s6e1-9b0f1b13:1 s2e1-a910b54a:1 s3e1-8d42c494:1 s4e1-8eb2eb0b:1 s5e1-9bd12198:1
1785925010.122962 s4e1-8eb2eb0b:1 s5e1-9bd12198:1
1785925011.288786 s7e1-a3ef9b0b:53E
1785925011.336723 s7e1-a3ef9b0b:1 s1e1-9e95344b:53E s6e1-9b0f1b13:53E
1785925011.389051 s7e1-a3ef9b0b:1 s1e1-9e95344b:1 s6e1-9b0f1b13:1 s8e1-a70ee643:53E s2e1-a910b54a:53E s3e1-8d42c494:53E s4e1-8eb2eb0b:53E s5e1-9bd12198:53E
1785925011.445405 s7e1-a3ef9b0b:1 s1e1-9e95344b:1 s6e1-9b0f1b13:1 s8e1-a70ee643:1 s2e1-a910b54a:1 s3e1-8d42c494:1 s4e1-8eb2eb0b:1 s5e1-9bd12198:1
1785925011.525065 s7e1-a3ef9b0b:1 s1e1-9e95344b:1 s6e1-9b0f1b13:1 s8e1-a70ee643:1 s2e1-a910b54a:1 s3e1-8d42c494:1 s4e1-8eb2eb0b:1 s5e1-9bd12198:1
1785925011.544871 s7e1-a3ef9b0b:1 s1e1-9e95344b:1 s6e1-9b0f1b13:1 s8e1-a70ee643:1 s2e1-a910b54a:1 s3e1-8d42c494:1 s4e1-8eb2eb0b:1 s5e1-9bd12198:1
1785925011.564859 s7e1-a3ef9b0b:1 s1e1-9e95344b:1 s6e1-9b0f1b13:1 s8e1-a70ee643:1 s2e1-a910b54a:1 s3e1-8d42c494:1 s4e1-8eb2eb0b:1 s5e1-9bd12198:1
1785925011.584970 s7e1-a3ef9b0b:1 s1e1-9e95344b:1 s6e1-9b0f1b13:1 s8e1-a70ee643:1 s2e1-a910b54a:1 s3e1-8d42c494:1 s4e1-8eb2eb0b:1 s5e1-9bd12198:1
1785925011.605167 s7e1-a3ef9b0b:1 s1e1-9e95344b:1 s6e1-9b0f1b13:1 s8e1-a70ee643:1 s2e1-a910b54a:1 s3e1-8d42c494:1 s4e1-8eb2eb0b:1 s5e1-9bd12198:1
1785925011.625377 s7e1-a3ef9b0b:1 s1e1-9e95344b:1 s6e1-9b0f1b13:1 s8e1-a70ee643:1 s2e1-a910b54a:1 s3e1-8d42c494:1 s4e1-8eb2eb0b:1 s5e1-9bd12198:1
1785925011.645614 s7e1-a3ef9b0b:1 s1e1-9e95344b:1 s6e1-9b0f1b13:1 s8e1-a70ee643:1 s2e1-a910b54a:1 s3e1-8d42c494:1 s4e1-8eb2eb0b:1 s5e1-9bd12198:1
1785925011.665900 s7e1-a3ef9b0b:1 s1e1-9e95344b:1 s6e1-9b0f1b13:1 s8e1-a70ee643:1 s2e1-a910b54a:1 s3e1-8d42c494:1 s4e1-8eb2eb0b:1 s5e1-9bd12198:1
1785925011.686183 s7e1-a3ef9b0b:1 s1e1-9e95344b:1 s6e1-9b0f1b13:1 s8e1-a70ee643:1 s2e1-a910b54a:1 s3e1-8d42c494:1 s4e1-8eb2eb0b:1 s5e1-9bd12198:1
1785925011.706476 s7e1-a3ef9b0b:1 s1e1-9e95344b:1 s6e1-9b0f1b13:1 s8e1-a70ee643:1 s2e1-a910b54a:1 s3e1-8d42c494:1 s4e1-8eb2eb0b:1 s5e1-9bd12198:1
1785925011.726792 s7e1-a3ef9b0b:1 s1e1-9e95344b:1 s6e1-9b0f1b13:1 s8e1-a70ee643:1 s2e1-a910b54a:1 s3e1-8d42c494:1 s4e1-8eb2eb0b:1 s5e1-9bd12198:1
1785925011.747097 s7e1-a3ef9b0b:1 s1e1-9e95344b:1 s6e1-9b0f1b13:1 s8e1-a70ee643:1 s2e1-a910b54a:1 s3e1-8d42c494:1 s4e1-8eb2eb0b:1 s5e1-9bd12198:1
1785925011.767404 s7e1-a3ef9b0b:1 s1e1-9e95344b:1 s6e1-9b0f1b13:1 s8e1-a70ee643:1 s2e1-a910b54a:1 s3e1-8d42c494:1 s4e1-8eb2eb0b:1 s5e1-9bd12198:1
1785925011.787713 s7e1-a3ef9b0b:1 s1e1-9e95344b:1 s6e1-9b0f1b13:1 s8e1-a70ee643:1 s2e1-a910b54a:1 s3e1-8d42c494:1 s4e1-8eb2eb0b:1 s5e1-9bd12198:1
1785925011.808026 s7e1-a3ef9b0b:1 s1e1-9e95344b:1 s6e1-9b0f1b13:1 s8e1-a70ee643:1 s2e1-a910b54a:1 s3e1-8d42c494:1 s4e1-8eb2eb0b:1 s5e1-9bd12198:1
1785925011.828194 s7e1-a3ef9b0b:1 s1e1-9e95344b:1 s6e1-9b0f1b13:1 s8e1-a70ee643:1 s2e1-a910b54a:1 s3e1-8d42c494:1 s4e1-8eb2eb0b:1 s5e1-9bd12198:1
1785925011.848459 s7e1-a3ef9b0b:1 s1e1-9e95344b:1 s6e1-9b0f1b13:1 s8e1-a70ee643:1 s2e1-a910b54a:1 s3e1-8d42c494:1 s4e1-8eb2eb0b:1 s5e1-9bd12198:1
1785925011.868768 s7e1-a3ef9b0b:1 s1e1-9e95344b:1 s6e1-9b0f1b13:1 s8e1-a70ee643:1 s2e1-a910b54a:1 s3e1-8d42c494:1 s4e1-8eb2eb0b:1 s5e1-9bd12198:1
1785925011.889052 s7e1-a3ef9b0b:1 s1e1-9e95344b:1 s6e1-9b0f1b13:1 s8e1-a70ee643:1 s2e1-a910b54a:1 s3e1-8d42c494:1 s4e1-8eb2eb0b:1 s5e1-9bd12198:1
1785925011.909344 s7e1-a3ef9b0b:1 s1e1-9e95344b:1 s6e1-9b0f1b13:1 s8e1-a70ee643:1 s2e1-a910b54a:1 s3e1-8d42c494:1 s4e1-8eb2eb0b:1 s5e1-9bd12198:1
1785925011.929643 s7e1-a3ef9b0b:1 s1e1-9e95344b:1 s6e1-9b0f1b13:1 s8e1-a70ee643:1 s2e1-a910b54a:1 s3e1-8d42c494:1 s4e1-8eb2eb0b:1 s5e1-9bd12198:1
1785925011.949909 s7e1-a3ef9b0b:1 s1e1-9e95344b:1 s6e1-9b0f1b13:1 s8e1-a70ee643:1 s2e1-a910b54a:1 s3e1-8d42c494:1 s4e1-8eb2eb0b:1 s5e1-9bd12198:1
1785925011.970206 s7e1-a3ef9b0b:1 s1e1-9e95344b:1 s6e1-9b0f1b13:1 s8e1-a70ee643:1 s2e1-a910b54a:1 s3e1-8d42c494:1 s4e1-8eb2eb0b:1 s5e1-9bd12198:1
1785925011.990475 s7e1-a3ef9b0b:1 s1e1-9e95344b:1 s6e1-9b0f1b13:1 s8e1-a70ee643:1 s2e1-a910b54a:1 s3e1-8d42c494:1 s4e1-8eb2eb0b:1 s5e1-9bd12198:1
1785925012.010758 s7e1-a3ef9b0b:1 s1e1-9e95344b:1 s6e1-9b0f1b13:1 s8e1-a70ee643:1 s2e1-a910b54a:1 s3e1-8d42c494:1 s4e1-8eb2eb0b:1 s5e1-9bd12198:1
1785925012.031040 s7e1-a3ef9b0b:1 s1e1-9e95344b:1 s6e1-9b0f1b13:1 s8e1-a70ee643:1 s2e1-a910b54a:1 s3e1-8d42c494:1 s4e1-8eb2eb0b:1 s5e1-9bd12198:1
1785925012.051323 s7e1-a3ef9b0b:1 s1e1-9e95344b:1 s6e1-9b0f1b13:1 s8e1-a70ee643:1 s2e1-a910b54a:1 s3e1-8d42c494:1 s4e1-8eb2eb0b:1 s5e1-9bd12198:1
1785925012.071606 s7e1-a3ef9b0b:1 s1e1-9e95344b:1 s6e1-9b0f1b13:1 s8e1-a70ee643:1 s2e1-a910b54a:1 s3e1-8d42c494:1 s4e1-8eb2eb0b:1 s5e1-9bd12198:1
1785925012.091950 s7e1-a3ef9b0b:1 s1e1-9e95344b:1 s6e1-9b0f1b13:1 s8e1-a70ee643:1 s2e1-a910b54a:1 s3e1-8d42c494:1 s4e1-8eb2eb0b:1 s5e1-9bd12198:1
1785925012.112237 s1e1-9e95344b:1 s6e1-9b0f1b13:1 s8e1-a70ee643:1 s2e1-a910b54a:1 s3e1-8d42c494:1 s4e1-8eb2eb0b:1 s5e1-9bd12198:1
1785925012.132526 s8e1-a70ee643:1 s2e1-a910b54a:1 s3e1-8d42c494:1 s4e1-8eb2eb0b:1 s5e1-9bd12198:1
1785925013.273235 s2e1-a910b54a:53E
1785925013.320849 s2e1-a910b54a:1 s3e1-8d42c494:53E
1785925013.373063 s2e1-a910b54a:1 s3e1-8d42c494:1 s7e1-a3ef9b0b:53E s1e1-9e95344b:53E s6e1-9b0f1b13:53E s8e1-a70ee643:53E s4e1-8eb2eb0b:53E s5e1-9bd12198:53E
1785925013.431527 s2e1-a910b54a:1 s3e1-8d42c494:1 s7e1-a3ef9b0b:1 s1e1-9e95344b:1 s6e1-9b0f1b13:1 s8e1-a70ee643:1 s4e1-8eb2eb0b:1 s5e1-9bd12198:1
1785925013.511737 s2e1-a910b54a:1 s3e1-8d42c494:1 s7e1-a3ef9b0b:1 s1e1-9e95344b:1 s6e1-9b0f1b13:1 s8e1-a70ee643:1 s4e1-8eb2eb0b:1 s5e1-9bd12198:1
1785925013.531648 s2e1-a910b54a:1 s3e1-8d42c494:1 s7e1-a3ef9b0b:1 s1e1-9e95344b:1 s6e1-9b0f1b13:1 s8e1-a70ee643:1 s4e1-8eb2eb0b:1 s5e1-9bd12198:1
1785925013.551616 s2e1-a910b54a:1 s3e1-8d42c494:1 s7e1-a3ef9b0b:1 s1e1-9e95344b:1 s6e1-9b0f1b13:1 s8e1-a70ee643:1 s4e1-8eb2eb0b:1 s5e1-9bd12198:1
1785925013.571761 s2e1-a910b54a:1 s3e1-8d42c494:1 s7e1-a3ef9b0b:1 s1e1-9e95344b:1 s6e1-9b0f1b13:1 s8e1-a70ee643:1 s4e1-8eb2eb0b:1 s5e1-9bd12198:1
1785925013.591973 s2e1-a910b54a:1 s3e1-8d42c494:1 s7e1-a3ef9b0b:1 s1e1-9e95344b:1 s6e1-9b0f1b13:1 s8e1-a70ee643:1 s4e1-8eb2eb0b:1 s5e1-9bd12198:1
1785925013.612216 s2e1-a910b54a:1 s3e1-8d42c494:1 s7e1-a3ef9b0b:1 s1e1-9e95344b:1 s6e1-9b0f1b13:1 s8e1-a70ee643:1 s4e1-8eb2eb0b:1 s5e1-9bd12198:1
1785925013.632450 s2e1-a910b54a:1 s3e1-8d42c494:1 s7e1-a3ef9b0b:1 s1e1-9e95344b:1 s6e1-9b0f1b13:1 s8e1-a70ee643:1 s4e1-8eb2eb0b:1 s5e1-9bd12198:1
1785925013.652733 s2e1-a910b54a:1 s3e1-8d42c494:1 s7e1-a3ef9b0b:1 s1e1-9e95344b:1 s6e1-9b0f1b13:1 s8e1-a70ee643:1 s4e1-8eb2eb0b:1 s5e1-9bd12198:1
1785925013.672989 s2e1-a910b54a:1 s3e1-8d42c494:1 s7e1-a3ef9b0b:1 s1e1-9e95344b:1 s6e1-9b0f1b13:1 s8e1-a70ee643:1 s4e1-8eb2eb0b:1 s5e1-9bd12198:1
1785925013.693276 s2e1-a910b54a:1 s3e1-8d42c494:1 s7e1-a3ef9b0b:1 s1e1-9e95344b:1 s6e1-9b0f1b13:1 s8e1-a70ee643:1 s4e1-8eb2eb0b:1 s5e1-9bd12198:1
1785925013.713364 s2e1-a910b54a:1 s3e1-8d42c494:1 s7e1-a3ef9b0b:1 s1e1-9e95344b:1 s6e1-9b0f1b13:1 s8e1-a70ee643:1 s4e1-8eb2eb0b:1 s5e1-9bd12198:1
1785925013.733574 s2e1-a910b54a:1 s3e1-8d42c494:1 s7e1-a3ef9b0b:1 s1e1-9e95344b:1 s6e1-9b0f1b13:1 s8e1-a70ee643:1 s4e1-8eb2eb0b:1 s5e1-9bd12198:1
1785925013.753809 s2e1-a910b54a:1 s3e1-8d42c494:1 s7e1-a3ef9b0b:1 s1e1-9e95344b:1 s6e1-9b0f1b13:1 s8e1-a70ee643:1 s4e1-8eb2eb0b:1 s5e1-9bd12198:1
1785925013.774055 s2e1-a910b54a:1 s3e1-8d42c494:1 s7e1-a3ef9b0b:1 s1e1-9e95344b:1 s6e1-9b0f1b13:1 s8e1-a70ee643:1 s4e1-8eb2eb0b:1 s5e1-9bd12198:1
1785925013.794262 s2e1-a910b54a:1 s3e1-8d42c494:1 s7e1-a3ef9b0b:1 s1e1-9e95344b:1 s6e1-9b0f1b13:1 s8e1-a70ee643:1 s4e1-8eb2eb0b:1 s5e1-9bd12198:1
1785925013.814492 s2e1-a910b54a:1 s3e1-8d42c494:1 s7e1-a3ef9b0b:1 s1e1-9e95344b:1 s6e1-9b0f1b13:1 s8e1-a70ee643:1 s4e1-8eb2eb0b:1 s5e1-9bd12198:1
1785925013.834756 s2e1-a910b54a:1 s3e1-8d42c494:1 s7e1-a3ef9b0b:1 s1e1-9e95344b:1 s6e1-9b0f1b13:1 s8e1-a70ee643:1 s4e1-8eb2eb0b:1 s5e1-9bd12198:1
1785925013.854954 s2e1-a910b54a:1 s3e1-8d42c494:1 s7e1-a3ef9b0b:1 s1e1-9e95344b:1 s6e1-9b0f1b13:1 s8e1-a70ee643:1 s4e1-8eb2eb0b:1 s5e1-9bd12198:1
1785925013.875202 s2e1-a910b54a:1 s3e1-8d42c494:1 s7e1-a3ef9b0b:1 s1e1-9e95344b:1 s6e1-9b0f1b13:1 s8e1-a70ee643:1 s4e1-8eb2eb0b:1 s5e1-9bd12198:1
1785925013.895415 s2e1-a910b54a:1 s3e1-8d42c494:1 s7e1-a3ef9b0b:1 s1e1-9e95344b:1 s6e1-9b0f1b13:1 s8e1-a70ee643:1 s4e1-8eb2eb0b:1 s5e1-9bd12198:1
1785925013.915653 s2e1-a910b54a:1 s3e1-8d42c494:1 s7e1-a3ef9b0b:1 s1e1-9e95344b:1 s6e1-9b0f1b13:1 s8e1-a70ee643:1 s4e1-8eb2eb0b:1 s5e1-9bd12198:1
1785925013.935894 s2e1-a910b54a:1 s3e1-8d42c494:1 s7e1-a3ef9b0b:1 s1e1-9e95344b:1 s6e1-9b0f1b13:1 s8e1-a70ee643:1 s4e1-8eb2eb0b:1 s5e1-9bd12198:1
1785925013.956128 s2e1-a910b54a:1 s3e1-8d42c494:1 s7e1-a3ef9b0b:1 s1e1-9e95344b:1 s6e1-9b0f1b13:1 s8e1-a70ee643:1 s4e1-8eb2eb0b:1 s5e1-9bd12198:1
1785925013.976422 s2e1-a910b54a:1 s3e1-8d42c494:1 s7e1-a3ef9b0b:1 s1e1-9e95344b:1 s6e1-9b0f1b13:1 s8e1-a70ee643:1 s4e1-8eb2eb0b:1 s5e1-9bd12198:1
1785925013.996622 s2e1-a910b54a:1 s3e1-8d42c494:1 s7e1-a3ef9b0b:1 s1e1-9e95344b:1 s6e1-9b0f1b13:1 s8e1-a70ee643:1 s4e1-8eb2eb0b:1 s5e1-9bd12198:1
1785925014.016939 s2e1-a910b54a:1 s3e1-8d42c494:1 s7e1-a3ef9b0b:1 s1e1-9e95344b:1 s6e1-9b0f1b13:1 s8e1-a70ee643:1 s4e1-8eb2eb0b:1 s5e1-9bd12198:1
1785925014.037057 s2e1-a910b54a:1 s3e1-8d42c494:1 s7e1-a3ef9b0b:1 s1e1-9e95344b:1 s6e1-9b0f1b13:1 s8e1-a70ee643:1 s4e1-8eb2eb0b:1 s5e1-9bd12198:1
1785925014.057301 s2e1-a910b54a:1 s3e1-8d42c494:1 s7e1-a3ef9b0b:1 s1e1-9e95344b:1 s6e1-9b0f1b13:1 s8e1-a70ee643:1 s4e1-8eb2eb0b:1 s5e1-9bd12198:1
1785925014.077512 s2e1-a910b54a:1 s3e1-8d42c494:1 s7e1-a3ef9b0b:1 s1e1-9e95344b:1 s6e1-9b0f1b13:1 s8e1-a70ee643:1 s4e1-8eb2eb0b:1 s5e1-9bd12198:1
1785925014.097745 s3e1-8d42c494:1 s7e1-a3ef9b0b:1 s1e1-9e95344b:1 s6e1-9b0f1b13:1 s8e1-a70ee643:1 s4e1-8eb2eb0b:1 s5e1-9bd12198:1
1785925014.117998 s7e1-a3ef9b0b:1 s1e1-9e95344b:1 s6e1-9b0f1b13:1 s8e1-a70ee643:1 s4e1-8eb2eb0b:1 s5e1-9bd12198:1
1785925015.284652 s5e1-9bd12198:53E
1785925015.334444 s5e1-9bd12198:1 s6e1-9b0f1b13:53E
1785925015.385818 s5e1-9bd12198:1 s6e1-9b0f1b13:1 s2e1-a910b54a:53E s3e1-8d42c494:53E s1e1-9e95344b:53E
1785925015.436648 s5e1-9bd12198:1 s6e1-9b0f1b13:1 s2e1-a910b54a:1 s3e1-8d42c494:1 s1e1-9e95344b:1 s7e1-a3ef9b0b:53E s8e1-a70ee643:53E s4e1-8eb2eb0b:53E
1785925015.511919 s5e1-9bd12198:1 s6e1-9b0f1b13:1 s2e1-a910b54a:1 s3e1-8d42c494:1 s1e1-9e95344b:1 s7e1-a3ef9b0b:1 s8e1-a70ee643:1 s4e1-8eb2eb0b:1
1785925015.548723 s5e1-9bd12198:1 s6e1-9b0f1b13:1 s2e1-a910b54a:1 s3e1-8d42c494:1 s1e1-9e95344b:1 s7e1-a3ef9b0b:1 s8e1-a70ee643:1 s4e1-8eb2eb0b:1
1785925015.568997 s5e1-9bd12198:1 s6e1-9b0f1b13:1 s2e1-a910b54a:1 s3e1-8d42c494:1 s1e1-9e95344b:1 s7e1-a3ef9b0b:1 s8e1-a70ee643:1 s4e1-8eb2eb0b:1
1785925015.589240 s5e1-9bd12198:1 s6e1-9b0f1b13:1 s2e1-a910b54a:1 s3e1-8d42c494:1 s1e1-9e95344b:1 s7e1-a3ef9b0b:1 s8e1-a70ee643:1 s4e1-8eb2eb0b:1
1785925015.609589 s5e1-9bd12198:1 s6e1-9b0f1b13:1 s2e1-a910b54a:1 s3e1-8d42c494:1 s1e1-9e95344b:1 s7e1-a3ef9b0b:1 s8e1-a70ee643:1 s4e1-8eb2eb0b:1
1785925015.629934 s5e1-9bd12198:1 s6e1-9b0f1b13:1 s2e1-a910b54a:1 s3e1-8d42c494:1 s1e1-9e95344b:1 s7e1-a3ef9b0b:1 s8e1-a70ee643:1 s4e1-8eb2eb0b:1
1785925015.650189 s5e1-9bd12198:1 s6e1-9b0f1b13:1 s2e1-a910b54a:1 s3e1-8d42c494:1 s1e1-9e95344b:1 s7e1-a3ef9b0b:1 s8e1-a70ee643:1 s4e1-8eb2eb0b:1
1785925015.670489 s5e1-9bd12198:1 s6e1-9b0f1b13:1 s2e1-a910b54a:1 s3e1-8d42c494:1 s1e1-9e95344b:1 s7e1-a3ef9b0b:1 s8e1-a70ee643:1 s4e1-8eb2eb0b:1
1785925015.690838 s5e1-9bd12198:1 s6e1-9b0f1b13:1 s2e1-a910b54a:1 s3e1-8d42c494:1 s1e1-9e95344b:1 s7e1-a3ef9b0b:1 s8e1-a70ee643:1 s4e1-8eb2eb0b:1
1785925015.711177 s5e1-9bd12198:1 s6e1-9b0f1b13:1 s2e1-a910b54a:1 s3e1-8d42c494:1 s1e1-9e95344b:1 s7e1-a3ef9b0b:1 s8e1-a70ee643:1 s4e1-8eb2eb0b:1
1785925015.731491 s5e1-9bd12198:1 s6e1-9b0f1b13:1 s2e1-a910b54a:1 s3e1-8d42c494:1 s1e1-9e95344b:1 s7e1-a3ef9b0b:1 s8e1-a70ee643:1 s4e1-8eb2eb0b:1
1785925015.751813 s5e1-9bd12198:1 s6e1-9b0f1b13:1 s2e1-a910b54a:1 s3e1-8d42c494:1 s1e1-9e95344b:1 s7e1-a3ef9b0b:1 s8e1-a70ee643:1 s4e1-8eb2eb0b:1
1785925015.772150 s5e1-9bd12198:1 s6e1-9b0f1b13:1 s2e1-a910b54a:1 s3e1-8d42c494:1 s1e1-9e95344b:1 s7e1-a3ef9b0b:1 s8e1-a70ee643:1 s4e1-8eb2eb0b:1
1785925015.792473 s5e1-9bd12198:1 s6e1-9b0f1b13:1 s2e1-a910b54a:1 s3e1-8d42c494:1 s1e1-9e95344b:1 s7e1-a3ef9b0b:1 s8e1-a70ee643:1 s4e1-8eb2eb0b:1
1785925015.812816 s5e1-9bd12198:1 s6e1-9b0f1b13:1 s2e1-a910b54a:1 s3e1-8d42c494:1 s1e1-9e95344b:1 s7e1-a3ef9b0b:1 s8e1-a70ee643:1 s4e1-8eb2eb0b:1
1785925015.833178 s5e1-9bd12198:1 s6e1-9b0f1b13:1 s2e1-a910b54a:1 s3e1-8d42c494:1 s1e1-9e95344b:1 s7e1-a3ef9b0b:1 s8e1-a70ee643:1 s4e1-8eb2eb0b:1
1785925015.853501 s5e1-9bd12198:1 s6e1-9b0f1b13:1 s2e1-a910b54a:1 s3e1-8d42c494:1 s1e1-9e95344b:1 s7e1-a3ef9b0b:1 s8e1-a70ee643:1 s4e1-8eb2eb0b:1
1785925015.873837 s5e1-9bd12198:1 s6e1-9b0f1b13:1 s2e1-a910b54a:1 s3e1-8d42c494:1 s1e1-9e95344b:1 s7e1-a3ef9b0b:1 s8e1-a70ee643:1 s4e1-8eb2eb0b:1
1785925015.894210 s5e1-9bd12198:1 s6e1-9b0f1b13:1 s2e1-a910b54a:1 s3e1-8d42c494:1 s1e1-9e95344b:1 s7e1-a3ef9b0b:1 s8e1-a70ee643:1 s4e1-8eb2eb0b:1
1785925015.914521 s5e1-9bd12198:1 s6e1-9b0f1b13:1 s2e1-a910b54a:1 s3e1-8d42c494:1 s1e1-9e95344b:1 s7e1-a3ef9b0b:1 s8e1-a70ee643:1 s4e1-8eb2eb0b:1
1785925015.934898 s5e1-9bd12198:1 s6e1-9b0f1b13:1 s2e1-a910b54a:1 s3e1-8d42c494:1 s1e1-9e95344b:1 s7e1-a3ef9b0b:1 s8e1-a70ee643:1 s4e1-8eb2eb0b:1
1785925015.955245 s5e1-9bd12198:1 s6e1-9b0f1b13:1 s2e1-a910b54a:1 s3e1-8d42c494:1 s1e1-9e95344b:1 s7e1-a3ef9b0b:1 s8e1-a70ee643:1 s4e1-8eb2eb0b:1
1785925015.975498 s5e1-9bd12198:1 s6e1-9b0f1b13:1 s2e1-a910b54a:1 s3e1-8d42c494:1 s1e1-9e95344b:1 s7e1-a3ef9b0b:1 s8e1-a70ee643:1 s4e1-8eb2eb0b:1
1785925015.995827 s5e1-9bd12198:1 s6e1-9b0f1b13:1 s2e1-a910b54a:1 s3e1-8d42c494:1 s1e1-9e95344b:1 s7e1-a3ef9b0b:1 s8e1-a70ee643:1 s4e1-8eb2eb0b:1
1785925016.016154 s5e1-9bd12198:1 s6e1-9b0f1b13:1 s2e1-a910b54a:1 s3e1-8d42c494:1 s1e1-9e95344b:1 s7e1-a3ef9b0b:1 s8e1-a70ee643:1 s4e1-8eb2eb0b:1
1785925016.036521 s5e1-9bd12198:1 s6e1-9b0f1b13:1 s2e1-a910b54a:1 s3e1-8d42c494:1 s1e1-9e95344b:1 s7e1-a3ef9b0b:1 s8e1-a70ee643:1 s4e1-8eb2eb0b:1
1785925016.056860 s5e1-9bd12198:1 s6e1-9b0f1b13:1 s2e1-a910b54a:1 s3e1-8d42c494:1 s1e1-9e95344b:1 s7e1-a3ef9b0b:1 s8e1-a70ee643:1 s4e1-8eb2eb0b:1
1785925016.077181 s5e1-9bd12198:1 s6e1-9b0f1b13:1 s2e1-a910b54a:1 s3e1-8d42c494:1 s1e1-9e95344b:1 s7e1-a3ef9b0b:1 s8e1-a70ee643:1 s4e1-8eb2eb0b:1
1785925016.097509 s5e1-9bd12198:1 s6e1-9b0f1b13:1 s2e1-a910b54a:1 s3e1-8d42c494:1 s1e1-9e95344b:1 s7e1-a3ef9b0b:1 s8e1-a70ee643:1 s4e1-8eb2eb0b:1
1785925016.117863 s6e1-9b0f1b13:1 s2e1-a910b54a:1 s3e1-8d42c494:1 s1e1-9e95344b:1 s7e1-a3ef9b0b:1 s8e1-a70ee643:1 s4e1-8eb2eb0b:1
1785925016.138219 s2e1-a910b54a:1 s3e1-8d42c494:1 s1e1-9e95344b:1 s7e1-a3ef9b0b:1 s8e1-a70ee643:1 s4e1-8eb2eb0b:1
1785925016.158475 s7e1-a3ef9b0b:1 s8e1-a70ee643:1 s4e1-8eb2eb0b:1
1785925017.265136 s5e1-9bd12198:53E
1785925017.323592 s5e1-9bd12198:1 s7e1-a3ef9b0b:53E
1785925017.380610 s5e1-9bd12198:1 s7e1-a3ef9b0b:1 s6e1-9b0f1b13:53E s2e1-a910b54a:53E s3e1-8d42c494:53E s1e1-9e95344b:53E s8e1-a70ee643:53E s4e1-8eb2eb0b:53E
1785925017.439828 s5e1-9bd12198:1 s7e1-a3ef9b0b:1 s6e1-9b0f1b13:1 s2e1-a910b54a:1 s3e1-8d42c494:1 s1e1-9e95344b:1 s8e1-a70ee643:1 s4e1-8eb2eb0b:1
1785925017.521030 s5e1-9bd12198:1 s7e1-a3ef9b0b:1 s6e1-9b0f1b13:1 s2e1-a910b54a:1 s3e1-8d42c494:1 s1e1-9e95344b:1 s8e1-a70ee643:1 s4e1-8eb2eb0b:1
1785925017.540956 s5e1-9bd12198:1 s7e1-a3ef9b0b:1 s6e1-9b0f1b13:1 s2e1-a910b54a:1 s3e1-8d42c494:1 s1e1-9e95344b:1 s8e1-a70ee643:1 s4e1-8eb2eb0b:1
1785925017.561043 s5e1-9bd12198:1 s7e1-a3ef9b0b:1 s6e1-9b0f1b13:1 s2e1-a910b54a:1 s3e1-8d42c494:1 s1e1-9e95344b:1 s8e1-a70ee643:1 s4e1-8eb2eb0b:1
1785925017.581284 s5e1-9bd12198:1 s7e1-a3ef9b0b:1 s6e1-9b0f1b13:1 s2e1-a910b54a:1 s3e1-8d42c494:1 s1e1-9e95344b:1 s8e1-a70ee643:1 s4e1-8eb2eb0b:1
1785925017.601572 s5e1-9bd12198:1 s7e1-a3ef9b0b:1 s6e1-9b0f1b13:1 s2e1-a910b54a:1 s3e1-8d42c494:1 s1e1-9e95344b:1 s8e1-a70ee643:1 s4e1-8eb2eb0b:1
1785925017.621863 s5e1-9bd12198:1 s7e1-a3ef9b0b:1 s6e1-9b0f1b13:1 s2e1-a910b54a:1 s3e1-8d42c494:1 s1e1-9e95344b:1 s8e1-a70ee643:1 s4e1-8eb2eb0b:1
1785925017.642198 s5e1-9bd12198:1 s7e1-a3ef9b0b:1 s6e1-9b0f1b13:1 s2e1-a910b54a:1 s3e1-8d42c494:1 s1e1-9e95344b:1 s8e1-a70ee643:1 s4e1-8eb2eb0b:1
1785925017.662482 s5e1-9bd12198:1 s7e1-a3ef9b0b:1 s6e1-9b0f1b13:1 s2e1-a910b54a:1 s3e1-8d42c494:1 s1e1-9e95344b:1 s8e1-a70ee643:1 s4e1-8eb2eb0b:1
1785925017.682798 s5e1-9bd12198:1 s7e1-a3ef9b0b:1 s6e1-9b0f1b13:1 s2e1-a910b54a:1 s3e1-8d42c494:1 s1e1-9e95344b:1 s8e1-a70ee643:1 s4e1-8eb2eb0b:1
1785925017.703095 s5e1-9bd12198:1 s7e1-a3ef9b0b:1 s6e1-9b0f1b13:1 s2e1-a910b54a:1 s3e1-8d42c494:1 s1e1-9e95344b:1 s8e1-a70ee643:1 s4e1-8eb2eb0b:1
1785925017.723408 s5e1-9bd12198:1 s7e1-a3ef9b0b:1 s6e1-9b0f1b13:1 s2e1-a910b54a:1 s3e1-8d42c494:1 s1e1-9e95344b:1 s8e1-a70ee643:1 s4e1-8eb2eb0b:1
1785925017.743702 s5e1-9bd12198:1 s7e1-a3ef9b0b:1 s6e1-9b0f1b13:1 s2e1-a910b54a:1 s3e1-8d42c494:1 s1e1-9e95344b:1 s8e1-a70ee643:1 s4e1-8eb2eb0b:1
1785925017.764058 s5e1-9bd12198:1 s7e1-a3ef9b0b:1 s6e1-9b0f1b13:1 s2e1-a910b54a:1 s3e1-8d42c494:1 s1e1-9e95344b:1 s8e1-a70ee643:1 s4e1-8eb2eb0b:1
1785925017.784507 s5e1-9bd12198:1 s7e1-a3ef9b0b:1 s6e1-9b0f1b13:1 s2e1-a910b54a:1 s3e1-8d42c494:1 s1e1-9e95344b:1 s8e1-a70ee643:1 s4e1-8eb2eb0b:1
1785925017.804884 s5e1-9bd12198:1 s7e1-a3ef9b0b:1 s6e1-9b0f1b13:1 s2e1-a910b54a:1 s3e1-8d42c494:1 s1e1-9e95344b:1 s8e1-a70ee643:1 s4e1-8eb2eb0b:1
1785925017.825323 s5e1-9bd12198:1 s7e1-a3ef9b0b:1 s6e1-9b0f1b13:1 s2e1-a910b54a:1 s3e1-8d42c494:1 s1e1-9e95344b:1 s8e1-a70ee643:1 s4e1-8eb2eb0b:1
1785925017.845604 s5e1-9bd12198:1 s7e1-a3ef9b0b:1 s6e1-9b0f1b13:1 s2e1-a910b54a:1 s3e1-8d42c494:1 s1e1-9e95344b:1 s8e1-a70ee643:1 s4e1-8eb2eb0b:1
1785925017.865952 s5e1-9bd12198:1 s7e1-a3ef9b0b:1 s6e1-9b0f1b13:1 s2e1-a910b54a:1 s3e1-8d42c494:1 s1e1-9e95344b:1 s8e1-a70ee643:1 s4e1-8eb2eb0b:1
1785925017.886335 s5e1-9bd12198:1 s7e1-a3ef9b0b:1 s6e1-9b0f1b13:1 s2e1-a910b54a:1 s3e1-8d42c494:1 s1e1-9e95344b:1 s8e1-a70ee643:1 s4e1-8eb2eb0b:1
1785925017.906881 s5e1-9bd12198:1 s7e1-a3ef9b0b:1 s6e1-9b0f1b13:1 s2e1-a910b54a:1 s3e1-8d42c494:1 s1e1-9e95344b:1 s8e1-a70ee643:1 s4e1-8eb2eb0b:1
1785925017.927227 s5e1-9bd12198:1 s7e1-a3ef9b0b:1 s6e1-9b0f1b13:1 s2e1-a910b54a:1 s3e1-8d42c494:1 s1e1-9e95344b:1 s8e1-a70ee643:1 s4e1-8eb2eb0b:1
1785925017.947569 s5e1-9bd12198:1 s7e1-a3ef9b0b:1 s6e1-9b0f1b13:1 s2e1-a910b54a:1 s3e1-8d42c494:1 s1e1-9e95344b:1 s8e1-a70ee643:1 s4e1-8eb2eb0b:1
1785925017.967932 s5e1-9bd12198:1 s7e1-a3ef9b0b:1 s6e1-9b0f1b13:1 s2e1-a910b54a:1 s3e1-8d42c494:1 s1e1-9e95344b:1 s8e1-a70ee643:1 s4e1-8eb2eb0b:1
1785925017.988305 s5e1-9bd12198:1 s7e1-a3ef9b0b:1 s6e1-9b0f1b13:1 s2e1-a910b54a:1 s3e1-8d42c494:1 s1e1-9e95344b:1 s8e1-a70ee643:1 s4e1-8eb2eb0b:1
1785925018.008664 s5e1-9bd12198:1 s7e1-a3ef9b0b:1 s6e1-9b0f1b13:1 s2e1-a910b54a:1 s3e1-8d42c494:1 s1e1-9e95344b:1 s8e1-a70ee643:1 s4e1-8eb2eb0b:1
1785925018.029044 s5e1-9bd12198:1 s7e1-a3ef9b0b:1 s6e1-9b0f1b13:1 s2e1-a910b54a:1 s3e1-8d42c494:1 s1e1-9e95344b:1 s8e1-a70ee643:1 s4e1-8eb2eb0b:1
1785925018.049426 s5e1-9bd12198:1 s7e1-a3ef9b0b:1 s6e1-9b0f1b13:1 s2e1-a910b54a:1 s3e1-8d42c494:1 s1e1-9e95344b:1 s8e1-a70ee643:1 s4e1-8eb2eb0b:1
1785925018.069810 s5e1-9bd12198:1 s7e1-a3ef9b0b:1 s6e1-9b0f1b13:1 s2e1-a910b54a:1 s3e1-8d42c494:1 s1e1-9e95344b:1 s8e1-a70ee643:1 s4e1-8eb2eb0b:1
1785925018.090198 s5e1-9bd12198:1 s7e1-a3ef9b0b:1 s6e1-9b0f1b13:1 s2e1-a910b54a:1 s3e1-8d42c494:1 s1e1-9e95344b:1 s8e1-a70ee643:1 s4e1-8eb2eb0b:1
1785925018.110618 s7e1-a3ef9b0b:1 s6e1-9b0f1b13:1 s2e1-a910b54a:1 s3e1-8d42c494:1 s1e1-9e95344b:1 s8e1-a70ee643:1 s4e1-8eb2eb0b:1
1785925018.130998 s6e1-9b0f1b13:1 s2e1-a910b54a:1 s3e1-8d42c494:1 s1e1-9e95344b:1 s8e1-a70ee643:1 s4e1-8eb2eb0b:1
1785925019.284996 s5e1-9bd12198:53E
1785925019.333799 s5e1-9bd12198:1 s6e1-9b0f1b13:53E s4e1-8eb2eb0b:53E
1785925019.387693 s5e1-9bd12198:1 s6e1-9b0f1b13:1 s4e1-8eb2eb0b:1 s7e1-a3ef9b0b:53E s2e1-a910b54a:53E s3e1-8d42c494:53E s1e1-9e95344b:53E s8e1-a70ee643:53E
1785925019.448710 s5e1-9bd12198:1 s6e1-9b0f1b13:1 s4e1-8eb2eb0b:1 s7e1-a3ef9b0b:1 s2e1-a910b54a:1 s3e1-8d42c494:1 s1e1-9e95344b:1 s8e1-a70ee643:1
1785925019.530074 s5e1-9bd12198:1 s6e1-9b0f1b13:1 s4e1-8eb2eb0b:1 s7e1-a3ef9b0b:1 s2e1-a910b54a:1 s3e1-8d42c494:1 s1e1-9e95344b:1 s8e1-a70ee643:1
1785925019.550010 s5e1-9bd12198:1 s6e1-9b0f1b13:1 s4e1-8eb2eb0b:1 s7e1-a3ef9b0b:1 s2e1-a910b54a:1 s3e1-8d42c494:1 s1e1-9e95344b:1 s8e1-a70ee643:1
1785925019.570099 s5e1-9bd12198:1 s6e1-9b0f1b13:1 s4e1-8eb2eb0b:1 s7e1-a3ef9b0b:1 s2e1-a910b54a:1 s3e1-8d42c494:1 s1e1-9e95344b:1 s8e1-a70ee643:1
1785925019.590314 s5e1-9bd12198:1 s6e1-9b0f1b13:1 s4e1-8eb2eb0b:1 s7e1-a3ef9b0b:1 s2e1-a910b54a:1 s3e1-8d42c494:1 s1e1-9e95344b:1 s8e1-a70ee643:1
1785925019.610596 s5e1-9bd12198:1 s6e1-9b0f1b13:1 s4e1-8eb2eb0b:1 s7e1-a3ef9b0b:1 s2e1-a910b54a:1 s3e1-8d42c494:1 s1e1-9e95344b:1 s8e1-a70ee643:1
1785925019.630914 s5e1-9bd12198:1 s6e1-9b0f1b13:1 s4e1-8eb2eb0b:1 s7e1-a3ef9b0b:1 s2e1-a910b54a:1 s3e1-8d42c494:1 s1e1-9e95344b:1 s8e1-a70ee643:1
1785925019.651298 s5e1-9bd12198:1 s6e1-9b0f1b13:1 s4e1-8eb2eb0b:1 s7e1-a3ef9b0b:1 s2e1-a910b54a:1 s3e1-8d42c494:1 s1e1-9e95344b:1 s8e1-a70ee643:1
1785925019.671656 s5e1-9bd12198:1 s6e1-9b0f1b13:1 s4e1-8eb2eb0b:1 s7e1-a3ef9b0b:1 s2e1-a910b54a:1 s3e1-8d42c494:1 s1e1-9e95344b:1 s8e1-a70ee643:1
1785925019.692103 s5e1-9bd12198:1 s6e1-9b0f1b13:1 s4e1-8eb2eb0b:1 s7e1-a3ef9b0b:1 s2e1-a910b54a:1 s3e1-8d42c494:1 s1e1-9e95344b:1 s8e1-a70ee643:1
1785925019.712468 s5e1-9bd12198:1 s6e1-9b0f1b13:1 s4e1-8eb2eb0b:1 s7e1-a3ef9b0b:1 s2e1-a910b54a:1 s3e1-8d42c494:1 s1e1-9e95344b:1 s8e1-a70ee643:1
1785925019.732856 s5e1-9bd12198:1 s6e1-9b0f1b13:1 s4e1-8eb2eb0b:1 s7e1-a3ef9b0b:1 s2e1-a910b54a:1 s3e1-8d42c494:1 s1e1-9e95344b:1 s8e1-a70ee643:1
1785925019.753151 s5e1-9bd12198:1 s6e1-9b0f1b13:1 s4e1-8eb2eb0b:1 s7e1-a3ef9b0b:1 s2e1-a910b54a:1 s3e1-8d42c494:1 s1e1-9e95344b:1 s8e1-a70ee643:1
1785925019.773493 s5e1-9bd12198:1 s6e1-9b0f1b13:1 s4e1-8eb2eb0b:1 s7e1-a3ef9b0b:1 s2e1-a910b54a:1 s3e1-8d42c494:1 s1e1-9e95344b:1 s8e1-a70ee643:1
1785925019.793864 s5e1-9bd12198:1 s6e1-9b0f1b13:1 s4e1-8eb2eb0b:1 s7e1-a3ef9b0b:1 s2e1-a910b54a:1 s3e1-8d42c494:1 s1e1-9e95344b:1 s8e1-a70ee643:1
1785925019.814276 s5e1-9bd12198:1 s6e1-9b0f1b13:1 s4e1-8eb2eb0b:1 s7e1-a3ef9b0b:1 s2e1-a910b54a:1 s3e1-8d42c494:1 s1e1-9e95344b:1 s8e1-a70ee643:1
1785925019.834645 s5e1-9bd12198:1 s6e1-9b0f1b13:1 s4e1-8eb2eb0b:1 s7e1-a3ef9b0b:1 s2e1-a910b54a:1 s3e1-8d42c494:1 s1e1-9e95344b:1 s8e1-a70ee643:1
1785925019.855006 s5e1-9bd12198:1 s6e1-9b0f1b13:1 s4e1-8eb2eb0b:1 s7e1-a3ef9b0b:1 s2e1-a910b54a:1 s3e1-8d42c494:1 s1e1-9e95344b:1 s8e1-a70ee643:1
1785925019.875373 s5e1-9bd12198:1 s6e1-9b0f1b13:1 s4e1-8eb2eb0b:1 s7e1-a3ef9b0b:1 s2e1-a910b54a:1 s3e1-8d42c494:1 s1e1-9e95344b:1 s8e1-a70ee643:1
1785925019.895776 s5e1-9bd12198:1 s6e1-9b0f1b13:1 s4e1-8eb2eb0b:1 s7e1-a3ef9b0b:1 s2e1-a910b54a:1 s3e1-8d42c494:1 s1e1-9e95344b:1 s8e1-a70ee643:1
1785925019.916177 s5e1-9bd12198:1 s6e1-9b0f1b13:1 s4e1-8eb2eb0b:1 s7e1-a3ef9b0b:1 s2e1-a910b54a:1 s3e1-8d42c494:1 s1e1-9e95344b:1 s8e1-a70ee643:1
1785925019.936533 s5e1-9bd12198:1 s6e1-9b0f1b13:1 s4e1-8eb2eb0b:1 s7e1-a3ef9b0b:1 s2e1-a910b54a:1 s3e1-8d42c494:1 s1e1-9e95344b:1 s8e1-a70ee643:1
1785925019.956898 s5e1-9bd12198:1 s6e1-9b0f1b13:1 s4e1-8eb2eb0b:1 s7e1-a3ef9b0b:1 s2e1-a910b54a:1 s3e1-8d42c494:1 s1e1-9e95344b:1 s8e1-a70ee643:1
1785925019.977261 s5e1-9bd12198:1 s6e1-9b0f1b13:1 s4e1-8eb2eb0b:1 s7e1-a3ef9b0b:1 s2e1-a910b54a:1 s3e1-8d42c494:1 s1e1-9e95344b:1 s8e1-a70ee643:1
1785925019.997663 s5e1-9bd12198:1 s6e1-9b0f1b13:1 s4e1-8eb2eb0b:1 s7e1-a3ef9b0b:1 s2e1-a910b54a:1 s3e1-8d42c494:1 s1e1-9e95344b:1 s8e1-a70ee643:1
1785925020.018097 s5e1-9bd12198:1 s6e1-9b0f1b13:1 s4e1-8eb2eb0b:1 s7e1-a3ef9b0b:1 s2e1-a910b54a:1 s3e1-8d42c494:1 s1e1-9e95344b:1 s8e1-a70ee643:1
1785925020.038434 s5e1-9bd12198:1 s6e1-9b0f1b13:1 s4e1-8eb2eb0b:1 s7e1-a3ef9b0b:1 s2e1-a910b54a:1 s3e1-8d42c494:1 s1e1-9e95344b:1 s8e1-a70ee643:1
1785925020.058876 s5e1-9bd12198:1 s6e1-9b0f1b13:1 s4e1-8eb2eb0b:1 s7e1-a3ef9b0b:1 s2e1-a910b54a:1 s3e1-8d42c494:1 s1e1-9e95344b:1 s8e1-a70ee643:1
1785925020.079161 s5e1-9bd12198:1 s6e1-9b0f1b13:1 s4e1-8eb2eb0b:1 s7e1-a3ef9b0b:1 s2e1-a910b54a:1 s3e1-8d42c494:1 s1e1-9e95344b:1 s8e1-a70ee643:1
1785925020.099552 s5e1-9bd12198:1 s6e1-9b0f1b13:1 s4e1-8eb2eb0b:1 s7e1-a3ef9b0b:1 s2e1-a910b54a:1 s3e1-8d42c494:1 s1e1-9e95344b:1 s8e1-a70ee643:1
1785925020.119948 s6e1-9b0f1b13:1 s4e1-8eb2eb0b:1 s7e1-a3ef9b0b:1 s2e1-a910b54a:1 s3e1-8d42c494:1 s1e1-9e95344b:1 s8e1-a70ee643:1
1785925020.140334 s7e1-a3ef9b0b:1 s2e1-a910b54a:1 s3e1-8d42c494:1 s1e1-9e95344b:1 s8e1-a70ee643:1
1785925021.269217 s3e1-8d42c494:53E
1785925021.342278 s3e1-8d42c494:1 s5e1-9bd12198:53E s4e1-8eb2eb0b:53E s7e1-a3ef9b0b:53E s1e1-9e95344b:53E s8e1-a70ee643:53E
1785925021.416894 s3e1-8d42c494:1 s5e1-9bd12198:1 s4e1-8eb2eb0b:1 s7e1-a3ef9b0b:1 s1e1-9e95344b:1 s8e1-a70ee643:1 s6e1-9b0f1b13:52E s2e1-a910b54a:53E
1785925021.554048 s3e1-8d42c494:1 s5e1-9bd12198:1 s4e1-8eb2eb0b:1 s7e1-a3ef9b0b:1 s1e1-9e95344b:1 s8e1-a70ee643:1 s6e1-9b0f1b13:1 s2e1-a910b54a:1
1785925021.558625 s3e1-8d42c494:1 s5e1-9bd12198:1 s4e1-8eb2eb0b:1 s7e1-a3ef9b0b:1 s1e1-9e95344b:1 s8e1-a70ee643:1 s6e1-9b0f1b13:1 s2e1-a910b54a:1
1785925021.578806 s3e1-8d42c494:1 s5e1-9bd12198:1 s4e1-8eb2eb0b:1 s7e1-a3ef9b0b:1 s1e1-9e95344b:1 s8e1-a70ee643:1 s6e1-9b0f1b13:1 s2e1-a910b54a:1
1785925021.599155 s3e1-8d42c494:1 s5e1-9bd12198:1 s4e1-8eb2eb0b:1 s7e1-a3ef9b0b:1 s1e1-9e95344b:1 s8e1-a70ee643:1 s6e1-9b0f1b13:1 s2e1-a910b54a:1
1785925021.619603 s3e1-8d42c494:1 s5e1-9bd12198:1 s4e1-8eb2eb0b:1 s7e1-a3ef9b0b:1 s1e1-9e95344b:1 s8e1-a70ee643:1 s6e1-9b0f1b13:1 s2e1-a910b54a:1
1785925021.640070 s3e1-8d42c494:1 s5e1-9bd12198:1 s4e1-8eb2eb0b:1 s7e1-a3ef9b0b:1 s1e1-9e95344b:1 s8e1-a70ee643:1 s6e1-9b0f1b13:1 s2e1-a910b54a:1
1785925021.660393 s3e1-8d42c494:1 s5e1-9bd12198:1 s4e1-8eb2eb0b:1 s7e1-a3ef9b0b:1 s1e1-9e95344b:1 s8e1-a70ee643:1 s6e1-9b0f1b13:1 s2e1-a910b54a:1
1785925021.680787 s3e1-8d42c494:1 s5e1-9bd12198:1 s4e1-8eb2eb0b:1 s7e1-a3ef9b0b:1 s1e1-9e95344b:1 s8e1-a70ee643:1 s6e1-9b0f1b13:1 s2e1-a910b54a:1
1785925021.701167 s3e1-8d42c494:1 s5e1-9bd12198:1 s4e1-8eb2eb0b:1 s7e1-a3ef9b0b:1 s1e1-9e95344b:1 s8e1-a70ee643:1 s6e1-9b0f1b13:1 s2e1-a910b54a:1
1785925021.721578 s3e1-8d42c494:1 s5e1-9bd12198:1 s4e1-8eb2eb0b:1 s7e1-a3ef9b0b:1 s1e1-9e95344b:1 s8e1-a70ee643:1 s6e1-9b0f1b13:1 s2e1-a910b54a:1
1785925021.742004 s3e1-8d42c494:1 s5e1-9bd12198:1 s4e1-8eb2eb0b:1 s7e1-a3ef9b0b:1 s1e1-9e95344b:1 s8e1-a70ee643:1 s6e1-9b0f1b13:1 s2e1-a910b54a:1
1785925021.762448 s3e1-8d42c494:1 s5e1-9bd12198:1 s4e1-8eb2eb0b:1 s7e1-a3ef9b0b:1 s1e1-9e95344b:1 s8e1-a70ee643:1 s6e1-9b0f1b13:1 s2e1-a910b54a:1
1785925021.782841 s3e1-8d42c494:1 s5e1-9bd12198:1 s4e1-8eb2eb0b:1 s7e1-a3ef9b0b:1 s1e1-9e95344b:1 s8e1-a70ee643:1 s6e1-9b0f1b13:1 s2e1-a910b54a:1
1785925021.803290 s3e1-8d42c494:1 s5e1-9bd12198:1 s4e1-8eb2eb0b:1 s7e1-a3ef9b0b:1 s1e1-9e95344b:1 s8e1-a70ee643:1 s6e1-9b0f1b13:1 s2e1-a910b54a:1
1785925021.823703 s3e1-8d42c494:1 s5e1-9bd12198:1 s4e1-8eb2eb0b:1 s7e1-a3ef9b0b:1 s1e1-9e95344b:1 s8e1-a70ee643:1 s6e1-9b0f1b13:1 s2e1-a910b54a:1
1785925021.844121 s3e1-8d42c494:1 s5e1-9bd12198:1 s4e1-8eb2eb0b:1 s7e1-a3ef9b0b:1 s1e1-9e95344b:1 s8e1-a70ee643:1 s6e1-9b0f1b13:1 s2e1-a910b54a:1
1785925021.864565 s3e1-8d42c494:1 s5e1-9bd12198:1 s4e1-8eb2eb0b:1 s7e1-a3ef9b0b:1 s1e1-9e95344b:1 s8e1-a70ee643:1 s6e1-9b0f1b13:1 s2e1-a910b54a:1
1785925021.884893 s3e1-8d42c494:1 s5e1-9bd12198:1 s4e1-8eb2eb0b:1 s7e1-a3ef9b0b:1 s1e1-9e95344b:1 s8e1-a70ee643:1 s6e1-9b0f1b13:1 s2e1-a910b54a:1
1785925021.905286 s3e1-8d42c494:1 s5e1-9bd12198:1 s4e1-8eb2eb0b:1 s7e1-a3ef9b0b:1 s1e1-9e95344b:1 s8e1-a70ee643:1 s6e1-9b0f1b13:1 s2e1-a910b54a:1
1785925021.925703 s3e1-8d42c494:1 s5e1-9bd12198:1 s4e1-8eb2eb0b:1 s7e1-a3ef9b0b:1 s1e1-9e95344b:1 s8e1-a70ee643:1 s6e1-9b0f1b13:1 s2e1-a910b54a:1
1785925021.946214 s3e1-8d42c494:1 s5e1-9bd12198:1 s4e1-8eb2eb0b:1 s7e1-a3ef9b0b:1 s1e1-9e95344b:1 s8e1-a70ee643:1 s6e1-9b0f1b13:1 s2e1-a910b54a:1
1785925021.966667 s3e1-8d42c494:1 s5e1-9bd12198:1 s4e1-8eb2eb0b:1 s7e1-a3ef9b0b:1 s1e1-9e95344b:1 s8e1-a70ee643:1 s6e1-9b0f1b13:1 s2e1-a910b54a:1
1785925021.987016 s3e1-8d42c494:1 s5e1-9bd12198:1 s4e1-8eb2eb0b:1 s7e1-a3ef9b0b:1 s1e1-9e95344b:1 s8e1-a70ee643:1 s6e1-9b0f1b13:1 s2e1-a910b54a:1
1785925022.007442 s3e1-8d42c494:1 s5e1-9bd12198:1 s4e1-8eb2eb0b:1 s7e1-a3ef9b0b:1 s1e1-9e95344b:1 s8e1-a70ee643:1 s6e1-9b0f1b13:1 s2e1-a910b54a:1
1785925022.027810 s3e1-8d42c494:1 s5e1-9bd12198:1 s4e1-8eb2eb0b:1 s7e1-a3ef9b0b:1 s1e1-9e95344b:1 s8e1-a70ee643:1 s6e1-9b0f1b13:1 s2e1-a910b54a:1
1785925022.048257 s3e1-8d42c494:1 s5e1-9bd12198:1 s4e1-8eb2eb0b:1 s7e1-a3ef9b0b:1 s1e1-9e95344b:1 s8e1-a70ee643:1 s6e1-9b0f1b13:1 s2e1-a910b54a:1
1785925022.068653 s3e1-8d42c494:1 s5e1-9bd12198:1 s4e1-8eb2eb0b:1 s7e1-a3ef9b0b:1 s1e1-9e95344b:1 s8e1-a70ee643:1 s6e1-9b0f1b13:1 s2e1-a910b54a:1
1785925022.089060 s3e1-8d42c494:1 s5e1-9bd12198:1 s4e1-8eb2eb0b:1 s7e1-a3ef9b0b:1 s1e1-9e95344b:1 s8e1-a70ee643:1 s6e1-9b0f1b13:1 s2e1-a910b54a:1
1785925022.109493 s3e1-8d42c494:1 s5e1-9bd12198:1 s4e1-8eb2eb0b:1 s7e1-a3ef9b0b:1 s1e1-9e95344b:1 s8e1-a70ee643:1 s6e1-9b0f1b13:1 s2e1-a910b54a:1
1785925022.129920 s3e1-8d42c494:1 s5e1-9bd12198:1 s4e1-8eb2eb0b:1 s7e1-a3ef9b0b:1 s1e1-9e95344b:1 s8e1-a70ee643:1 s6e1-9b0f1b13:1 s2e1-a910b54a:1
1785925022.150315 s5e1-9bd12198:1 s4e1-8eb2eb0b:1 s7e1-a3ef9b0b:1 s1e1-9e95344b:1 s8e1-a70ee643:1 s6e1-9b0f1b13:1 s2e1-a910b54a:1
1785925022.170725 s6e1-9b0f1b13:1 s2e1-a910b54a:1
1785925023.283404 s8e1-a70ee643:53E
1785925023.334198 s8e1-a70ee643:1 s3e1-8d42c494:53E s4e1-8eb2eb0b:53E s7e1-a3ef9b0b:53E s6e1-9b0f1b13:53E s2e1-a910b54a:53E
1785925023.391521 s8e1-a70ee643:1 s3e1-8d42c494:1 s4e1-8eb2eb0b:1 s7e1-a3ef9b0b:1 s6e1-9b0f1b13:1 s2e1-a910b54a:1 s5e1-9bd12198:53E s1e1-9e95344b:53E
1785925023.512830 s8e1-a70ee643:1 s3e1-8d42c494:1 s4e1-8eb2eb0b:1 s7e1-a3ef9b0b:1 s6e1-9b0f1b13:1 s2e1-a910b54a:1 s5e1-9bd12198:1 s1e1-9e95344b:1
1785925023.527714 s8e1-a70ee643:1 s3e1-8d42c494:1 s4e1-8eb2eb0b:1 s7e1-a3ef9b0b:1 s6e1-9b0f1b13:1 s2e1-a910b54a:1 s5e1-9bd12198:1 s1e1-9e95344b:1
1785925023.548087 s8e1-a70ee643:1 s3e1-8d42c494:1 s4e1-8eb2eb0b:1 s7e1-a3ef9b0b:1 s6e1-9b0f1b13:1 s2e1-a910b54a:1 s5e1-9bd12198:1 s1e1-9e95344b:1
1785925023.568690 s8e1-a70ee643:1 s3e1-8d42c494:1 s4e1-8eb2eb0b:1 s7e1-a3ef9b0b:1 s6e1-9b0f1b13:1 s2e1-a910b54a:1 s5e1-9bd12198:1 s1e1-9e95344b:1
1785925023.589295 s8e1-a70ee643:1 s3e1-8d42c494:1 s4e1-8eb2eb0b:1 s7e1-a3ef9b0b:1 s6e1-9b0f1b13:1 s2e1-a910b54a:1 s5e1-9bd12198:1 s1e1-9e95344b:1
1785925023.609960 s8e1-a70ee643:1 s3e1-8d42c494:1 s4e1-8eb2eb0b:1 s7e1-a3ef9b0b:1 s6e1-9b0f1b13:1 s2e1-a910b54a:1 s5e1-9bd12198:1 s1e1-9e95344b:1
1785925023.630601 s8e1-a70ee643:1 s3e1-8d42c494:1 s4e1-8eb2eb0b:1 s7e1-a3ef9b0b:1 s6e1-9b0f1b13:1 s2e1-a910b54a:1 s5e1-9bd12198:1 s1e1-9e95344b:1
1785925023.651252 s8e1-a70ee643:1 s3e1-8d42c494:1 s4e1-8eb2eb0b:1 s7e1-a3ef9b0b:1 s6e1-9b0f1b13:1 s2e1-a910b54a:1 s5e1-9bd12198:1 s1e1-9e95344b:1
1785925023.671978 s8e1-a70ee643:1 s3e1-8d42c494:1 s4e1-8eb2eb0b:1 s7e1-a3ef9b0b:1 s6e1-9b0f1b13:1 s2e1-a910b54a:1 s5e1-9bd12198:1 s1e1-9e95344b:1
1785925023.692691 s8e1-a70ee643:1 s3e1-8d42c494:1 s4e1-8eb2eb0b:1 s7e1-a3ef9b0b:1 s6e1-9b0f1b13:1 s2e1-a910b54a:1 s5e1-9bd12198:1 s1e1-9e95344b:1
1785925023.713341 s8e1-a70ee643:1 s3e1-8d42c494:1 s4e1-8eb2eb0b:1 s7e1-a3ef9b0b:1 s6e1-9b0f1b13:1 s2e1-a910b54a:1 s5e1-9bd12198:1 s1e1-9e95344b:1
1785925023.734065 s8e1-a70ee643:1 s3e1-8d42c494:1 s4e1-8eb2eb0b:1 s7e1-a3ef9b0b:1 s6e1-9b0f1b13:1 s2e1-a910b54a:1 s5e1-9bd12198:1 s1e1-9e95344b:1
1785925023.754732 s8e1-a70ee643:1 s3e1-8d42c494:1 s4e1-8eb2eb0b:1 s7e1-a3ef9b0b:1 s6e1-9b0f1b13:1 s2e1-a910b54a:1 s5e1-9bd12198:1 s1e1-9e95344b:1
1785925023.775418 s8e1-a70ee643:1 s3e1-8d42c494:1 s4e1-8eb2eb0b:1 s7e1-a3ef9b0b:1 s6e1-9b0f1b13:1 s2e1-a910b54a:1 s5e1-9bd12198:1 s1e1-9e95344b:1
1785925023.796122 s8e1-a70ee643:1 s3e1-8d42c494:1 s4e1-8eb2eb0b:1 s7e1-a3ef9b0b:1 s6e1-9b0f1b13:1 s2e1-a910b54a:1 s5e1-9bd12198:1 s1e1-9e95344b:1
1785925023.816859 s8e1-a70ee643:1 s3e1-8d42c494:1 s4e1-8eb2eb0b:1 s7e1-a3ef9b0b:1 s6e1-9b0f1b13:1 s2e1-a910b54a:1 s5e1-9bd12198:1 s1e1-9e95344b:1
1785925023.837604 s8e1-a70ee643:1 s3e1-8d42c494:1 s4e1-8eb2eb0b:1 s7e1-a3ef9b0b:1 s6e1-9b0f1b13:1 s2e1-a910b54a:1 s5e1-9bd12198:1 s1e1-9e95344b:1
1785925023.858274 s8e1-a70ee643:1 s3e1-8d42c494:1 s4e1-8eb2eb0b:1 s7e1-a3ef9b0b:1 s6e1-9b0f1b13:1 s2e1-a910b54a:1 s5e1-9bd12198:1 s1e1-9e95344b:1
1785925023.878904 s8e1-a70ee643:1 s3e1-8d42c494:1 s4e1-8eb2eb0b:1 s7e1-a3ef9b0b:1 s6e1-9b0f1b13:1 s2e1-a910b54a:1 s5e1-9bd12198:1 s1e1-9e95344b:1
1785925023.899590 s8e1-a70ee643:1 s3e1-8d42c494:1 s4e1-8eb2eb0b:1 s7e1-a3ef9b0b:1 s6e1-9b0f1b13:1 s2e1-a910b54a:1 s5e1-9bd12198:1 s1e1-9e95344b:1
1785925023.920300 s8e1-a70ee643:1 s3e1-8d42c494:1 s4e1-8eb2eb0b:1 s7e1-a3ef9b0b:1 s6e1-9b0f1b13:1 s2e1-a910b54a:1 s5e1-9bd12198:1 s1e1-9e95344b:1
1785925023.940974 s8e1-a70ee643:1 s3e1-8d42c494:1 s4e1-8eb2eb0b:1 s7e1-a3ef9b0b:1 s6e1-9b0f1b13:1 s2e1-a910b54a:1 s5e1-9bd12198:1 s1e1-9e95344b:1
1785925023.961673 s8e1-a70ee643:1 s3e1-8d42c494:1 s4e1-8eb2eb0b:1 s7e1-a3ef9b0b:1 s6e1-9b0f1b13:1 s2e1-a910b54a:1 s5e1-9bd12198:1 s1e1-9e95344b:1
1785925023.982391 s8e1-a70ee643:1 s3e1-8d42c494:1 s4e1-8eb2eb0b:1 s7e1-a3ef9b0b:1 s6e1-9b0f1b13:1 s2e1-a910b54a:1 s5e1-9bd12198:1 s1e1-9e95344b:1
1785925024.003075 s8e1-a70ee643:1 s3e1-8d42c494:1 s4e1-8eb2eb0b:1 s7e1-a3ef9b0b:1 s6e1-9b0f1b13:1 s2e1-a910b54a:1 s5e1-9bd12198:1 s1e1-9e95344b:1
1785925024.023764 s8e1-a70ee643:1 s3e1-8d42c494:1 s4e1-8eb2eb0b:1 s7e1-a3ef9b0b:1 s6e1-9b0f1b13:1 s2e1-a910b54a:1 s5e1-9bd12198:1 s1e1-9e95344b:1
1785925024.044461 s8e1-a70ee643:1 s3e1-8d42c494:1 s4e1-8eb2eb0b:1 s7e1-a3ef9b0b:1 s6e1-9b0f1b13:1 s2e1-a910b54a:1 s5e1-9bd12198:1 s1e1-9e95344b:1
1785925024.065201 s8e1-a70ee643:1 s3e1-8d42c494:1 s4e1-8eb2eb0b:1 s7e1-a3ef9b0b:1 s6e1-9b0f1b13:1 s2e1-a910b54a:1 s5e1-9bd12198:1 s1e1-9e95344b:1
1785925024.085879 s8e1-a70ee643:1 s3e1-8d42c494:1 s4e1-8eb2eb0b:1 s7e1-a3ef9b0b:1 s6e1-9b0f1b13:1 s2e1-a910b54a:1 s5e1-9bd12198:1 s1e1-9e95344b:1
1785925024.106546 s8e1-a70ee643:1 s3e1-8d42c494:1 s4e1-8eb2eb0b:1 s7e1-a3ef9b0b:1 s6e1-9b0f1b13:1 s2e1-a910b54a:1 s5e1-9bd12198:1 s1e1-9e95344b:1
1785925024.127217 s3e1-8d42c494:1 s4e1-8eb2eb0b:1 s7e1-a3ef9b0b:1 s6e1-9b0f1b13:1 s2e1-a910b54a:1 s5e1-9bd12198:1 s1e1-9e95344b:1
1785925024.147903 s5e1-9bd12198:1 s1e1-9e95344b:1
1785925025.253216 s3e1-8d42c494:53E
1785925025.304055 s3e1-8d42c494:1 s8e1-a70ee643:53E s1e1-9e95344b:53E
1785925025.357543 s3e1-8d42c494:1 s8e1-a70ee643:1 s1e1-9e95344b:1 s4e1-8eb2eb0b:53E s7e1-a3ef9b0b:53E s6e1-9b0f1b13:53E s2e1-a910b54a:53E s5e1-9bd12198:53E
1785925025.415684 s3e1-8d42c494:1 s8e1-a70ee643:1 s1e1-9e95344b:1 s4e1-8eb2eb0b:1 s7e1-a3ef9b0b:1 s6e1-9b0f1b13:1 s2e1-a910b54a:1 s5e1-9bd12198:1
1785925025.499074 s3e1-8d42c494:1 s8e1-a70ee643:1 s1e1-9e95344b:1 s4e1-8eb2eb0b:1 s7e1-a3ef9b0b:1 s6e1-9b0f1b13:1 s2e1-a910b54a:1 s5e1-9bd12198:1
1785925025.519363 s3e1-8d42c494:1 s8e1-a70ee643:1 s1e1-9e95344b:1 s4e1-8eb2eb0b:1 s7e1-a3ef9b0b:1 s6e1-9b0f1b13:1 s2e1-a910b54a:1 s5e1-9bd12198:1
1785925025.539779 s3e1-8d42c494:1 s8e1-a70ee643:1 s1e1-9e95344b:1 s4e1-8eb2eb0b:1 s7e1-a3ef9b0b:1 s6e1-9b0f1b13:1 s2e1-a910b54a:1 s5e1-9bd12198:1
1785925025.560294 s3e1-8d42c494:1 s8e1-a70ee643:1 s1e1-9e95344b:1 s4e1-8eb2eb0b:1 s7e1-a3ef9b0b:1 s6e1-9b0f1b13:1 s2e1-a910b54a:1 s5e1-9bd12198:1
1785925025.580929 s3e1-8d42c494:1 s8e1-a70ee643:1 s1e1-9e95344b:1 s4e1-8eb2eb0b:1 s7e1-a3ef9b0b:1 s6e1-9b0f1b13:1 s2e1-a910b54a:1 s5e1-9bd12198:1
1785925025.601596 s3e1-8d42c494:1 s8e1-a70ee643:1 s1e1-9e95344b:1 s4e1-8eb2eb0b:1 s7e1-a3ef9b0b:1 s6e1-9b0f1b13:1 s2e1-a910b54a:1 s5e1-9bd12198:1
1785925025.622217 s3e1-8d42c494:1 s8e1-a70ee643:1 s1e1-9e95344b:1 s4e1-8eb2eb0b:1 s7e1-a3ef9b0b:1 s6e1-9b0f1b13:1 s2e1-a910b54a:1 s5e1-9bd12198:1
1785925025.642849 s3e1-8d42c494:1 s8e1-a70ee643:1 s1e1-9e95344b:1 s4e1-8eb2eb0b:1 s7e1-a3ef9b0b:1 s6e1-9b0f1b13:1 s2e1-a910b54a:1 s5e1-9bd12198:1
1785925025.663475 s3e1-8d42c494:1 s8e1-a70ee643:1 s1e1-9e95344b:1 s4e1-8eb2eb0b:1 s7e1-a3ef9b0b:1 s6e1-9b0f1b13:1 s2e1-a910b54a:1 s5e1-9bd12198:1
1785925025.684202 s3e1-8d42c494:1 s8e1-a70ee643:1 s1e1-9e95344b:1 s4e1-8eb2eb0b:1 s7e1-a3ef9b0b:1 s6e1-9b0f1b13:1 s2e1-a910b54a:1 s5e1-9bd12198:1
1785925025.704833 s3e1-8d42c494:1 s8e1-a70ee643:1 s1e1-9e95344b:1 s4e1-8eb2eb0b:1 s7e1-a3ef9b0b:1 s6e1-9b0f1b13:1 s2e1-a910b54a:1 s5e1-9bd12198:1
1785925025.725520 s3e1-8d42c494:1 s8e1-a70ee643:1 s1e1-9e95344b:1 s4e1-8eb2eb0b:1 s7e1-a3ef9b0b:1 s6e1-9b0f1b13:1 s2e1-a910b54a:1 s5e1-9bd12198:1
1785925025.746100 s3e1-8d42c494:1 s8e1-a70ee643:1 s1e1-9e95344b:1 s4e1-8eb2eb0b:1 s7e1-a3ef9b0b:1 s6e1-9b0f1b13:1 s2e1-a910b54a:1 s5e1-9bd12198:1
1785925025.766733 s3e1-8d42c494:1 s8e1-a70ee643:1 s1e1-9e95344b:1 s4e1-8eb2eb0b:1 s7e1-a3ef9b0b:1 s6e1-9b0f1b13:1 s2e1-a910b54a:1 s5e1-9bd12198:1
1785925025.787358 s3e1-8d42c494:1 s8e1-a70ee643:1 s1e1-9e95344b:1 s4e1-8eb2eb0b:1 s7e1-a3ef9b0b:1 s6e1-9b0f1b13:1 s2e1-a910b54a:1 s5e1-9bd12198:1
1785925025.807974 s3e1-8d42c494:1 s8e1-a70ee643:1 s1e1-9e95344b:1 s4e1-8eb2eb0b:1 s7e1-a3ef9b0b:1 s6e1-9b0f1b13:1 s2e1-a910b54a:1 s5e1-9bd12198:1
1785925025.828619 s3e1-8d42c494:1 s8e1-a70ee643:1 s1e1-9e95344b:1 s4e1-8eb2eb0b:1 s7e1-a3ef9b0b:1 s6e1-9b0f1b13:1 s2e1-a910b54a:1 s5e1-9bd12198:1
1785925025.849263 s3e1-8d42c494:1 s8e1-a70ee643:1 s1e1-9e95344b:1 s4e1-8eb2eb0b:1 s7e1-a3ef9b0b:1 s6e1-9b0f1b13:1 s2e1-a910b54a:1 s5e1-9bd12198:1
1785925025.869918 s3e1-8d42c494:1 s8e1-a70ee643:1 s1e1-9e95344b:1 s4e1-8eb2eb0b:1 s7e1-a3ef9b0b:1 s6e1-9b0f1b13:1 s2e1-a910b54a:1 s5e1-9bd12198:1
1785925025.890553 s3e1-8d42c494:1 s8e1-a70ee643:1 s1e1-9e95344b:1 s4e1-8eb2eb0b:1 s7e1-a3ef9b0b:1 s6e1-9b0f1b13:1 s2e1-a910b54a:1 s5e1-9bd12198:1
1785925025.911192 s3e1-8d42c494:1 s8e1-a70ee643:1 s1e1-9e95344b:1 s4e1-8eb2eb0b:1 s7e1-a3ef9b0b:1 s6e1-9b0f1b13:1 s2e1-a910b54a:1 s5e1-9bd12198:1
1785925025.931829 s3e1-8d42c494:1 s8e1-a70ee643:1 s1e1-9e95344b:1 s4e1-8eb2eb0b:1 s7e1-a3ef9b0b:1 s6e1-9b0f1b13:1 s2e1-a910b54a:1 s5e1-9bd12198:1
1785925025.952444 s3e1-8d42c494:1 s8e1-a70ee643:1 s1e1-9e95344b:1 s4e1-8eb2eb0b:1 s7e1-a3ef9b0b:1 s6e1-9b0f1b13:1 s2e1-a910b54a:1 s5e1-9bd12198:1
1785925025.973110 s3e1-8d42c494:1 s8e1-a70ee643:1 s1e1-9e95344b:1 s4e1-8eb2eb0b:1 s7e1-a3ef9b0b:1 s6e1-9b0f1b13:1 s2e1-a910b54a:1 s5e1-9bd12198:1
1785925025.993716 s3e1-8d42c494:1 s8e1-a70ee643:1 s1e1-9e95344b:1 s4e1-8eb2eb0b:1 s7e1-a3ef9b0b:1 s6e1-9b0f1b13:1 s2e1-a910b54a:1 s5e1-9bd12198:1
1785925026.014440 s3e1-8d42c494:1 s8e1-a70ee643:1 s1e1-9e95344b:1 s4e1-8eb2eb0b:1 s7e1-a3ef9b0b:1 s6e1-9b0f1b13:1 s2e1-a910b54a:1 s5e1-9bd12198:1
1785925026.035062 s3e1-8d42c494:1 s8e1-a70ee643:1 s1e1-9e95344b:1 s4e1-8eb2eb0b:1 s7e1-a3ef9b0b:1 s6e1-9b0f1b13:1 s2e1-a910b54a:1 s5e1-9bd12198:1
1785925026.055727 s3e1-8d42c494:1 s8e1-a70ee643:1 s1e1-9e95344b:1 s4e1-8eb2eb0b:1 s7e1-a3ef9b0b:1 s6e1-9b0f1b13:1 s2e1-a910b54a:1 s5e1-9bd12198:1
1785925026.076329 s3e1-8d42c494:1 s8e1-a70ee643:1 s1e1-9e95344b:1 s4e1-8eb2eb0b:1 s7e1-a3ef9b0b:1 s6e1-9b0f1b13:1 s2e1-a910b54a:1 s5e1-9bd12198:1
1785925026.096944 s8e1-a70ee643:1 s1e1-9e95344b:1 s4e1-8eb2eb0b:1 s7e1-a3ef9b0b:1 s6e1-9b0f1b13:1 s2e1-a910b54a:1 s5e1-9bd12198:1
1785925026.117633 s4e1-8eb2eb0b:1 s7e1-a3ef9b0b:1 s6e1-9b0f1b13:1 s2e1-a910b54a:1 s5e1-9bd12198:1
1785925027.285058 s2e1-a910b54a:53E
1785925027.339739 s2e1-a910b54a:1 s3e1-8d42c494:53E s8e1-a70ee643:53E s1e1-9e95344b:53E s4e1-8eb2eb0b:53E s5e1-9bd12198:53E
1785925027.406307 s2e1-a910b54a:1 s3e1-8d42c494:1 s8e1-a70ee643:1 s1e1-9e95344b:1 s4e1-8eb2eb0b:1 s5e1-9bd12198:1 s7e1-a3ef9b0b:53E s6e1-9b0f1b13:53E
1785925027.529741 s2e1-a910b54a:1 s3e1-8d42c494:1 s8e1-a70ee643:1 s1e1-9e95344b:1 s4e1-8eb2eb0b:1 s5e1-9bd12198:1 s7e1-a3ef9b0b:1 s6e1-9b0f1b13:1
1785925027.545559 s2e1-a910b54a:1 s3e1-8d42c494:1 s8e1-a70ee643:1 s1e1-9e95344b:1 s4e1-8eb2eb0b:1 s5e1-9bd12198:1 s7e1-a3ef9b0b:1 s6e1-9b0f1b13:1
1785925027.566086 s2e1-a910b54a:1 s3e1-8d42c494:1 s8e1-a70ee643:1 s1e1-9e95344b:1 s4e1-8eb2eb0b:1 s5e1-9bd12198:1 s7e1-a3ef9b0b:1 s6e1-9b0f1b13:1
1785925027.586792 s2e1-a910b54a:1 s3e1-8d42c494:1 s8e1-a70ee643:1 s1e1-9e95344b:1 s4e1-8eb2eb0b:1 s5e1-9bd12198:1 s7e1-a3ef9b0b:1 s6e1-9b0f1b13:1
1785925027.607459 s2e1-a910b54a:1 s3e1-8d42c494:1 s8e1-a70ee643:1 s1e1-9e95344b:1 s4e1-8eb2eb0b:1 s5e1-9bd12198:1 s7e1-a3ef9b0b:1 s6e1-9b0f1b13:1
1785925027.628243 s2e1-a910b54a:1 s3e1-8d42c494:1 s8e1-a70ee643:1 s1e1-9e95344b:1 s4e1-8eb2eb0b:1 s5e1-9bd12198:1 s7e1-a3ef9b0b:1 s6e1-9b0f1b13:1
1785925027.649043 s2e1-a910b54a:1 s3e1-8d42c494:1 s8e1-a70ee643:1 s1e1-9e95344b:1 s4e1-8eb2eb0b:1 s5e1-9bd12198:1 s7e1-a3ef9b0b:1 s6e1-9b0f1b13:1
1785925027.669745 s2e1-a910b54a:1 s3e1-8d42c494:1 s8e1-a70ee643:1 s1e1-9e95344b:1 s4e1-8eb2eb0b:1 s5e1-9bd12198:1 s7e1-a3ef9b0b:1 s6e1-9b0f1b13:1
1785925027.690501 s2e1-a910b54a:1 s3e1-8d42c494:1 s8e1-a70ee643:1 s1e1-9e95344b:1 s4e1-8eb2eb0b:1 s5e1-9bd12198:1 s7e1-a3ef9b0b:1 s6e1-9b0f1b13:1
1785925027.711190 s2e1-a910b54a:1 s3e1-8d42c494:1 s8e1-a70ee643:1 s1e1-9e95344b:1 s4e1-8eb2eb0b:1 s5e1-9bd12198:1 s7e1-a3ef9b0b:1 s6e1-9b0f1b13:1
1785925027.731919 s2e1-a910b54a:1 s3e1-8d42c494:1 s8e1-a70ee643:1 s1e1-9e95344b:1 s4e1-8eb2eb0b:1 s5e1-9bd12198:1 s7e1-a3ef9b0b:1 s6e1-9b0f1b13:1
1785925027.752647 s2e1-a910b54a:1 s3e1-8d42c494:1 s8e1-a70ee643:1 s1e1-9e95344b:1 s4e1-8eb2eb0b:1 s5e1-9bd12198:1 s7e1-a3ef9b0b:1 s6e1-9b0f1b13:1
1785925027.773390 s2e1-a910b54a:1 s3e1-8d42c494:1 s8e1-a70ee643:1 s1e1-9e95344b:1 s4e1-8eb2eb0b:1 s5e1-9bd12198:1 s7e1-a3ef9b0b:1 s6e1-9b0f1b13:1
1785925027.794158 s2e1-a910b54a:1 s3e1-8d42c494:1 s8e1-a70ee643:1 s1e1-9e95344b:1 s4e1-8eb2eb0b:1 s5e1-9bd12198:1 s7e1-a3ef9b0b:1 s6e1-9b0f1b13:1
1785925027.814892 s2e1-a910b54a:1 s3e1-8d42c494:1 s8e1-a70ee643:1 s1e1-9e95344b:1 s4e1-8eb2eb0b:1 s5e1-9bd12198:1 s7e1-a3ef9b0b:1 s6e1-9b0f1b13:1
1785925027.835663 s2e1-a910b54a:1 s3e1-8d42c494:1 s8e1-a70ee643:1 s1e1-9e95344b:1 s4e1-8eb2eb0b:1 s5e1-9bd12198:1 s7e1-a3ef9b0b:1 s6e1-9b0f1b13:1
1785925027.856430 s2e1-a910b54a:1 s3e1-8d42c494:1 s8e1-a70ee643:1 s1e1-9e95344b:1 s4e1-8eb2eb0b:1 s5e1-9bd12198:1 s7e1-a3ef9b0b:1 s6e1-9b0f1b13:1
1785925027.877184 s2e1-a910b54a:1 s3e1-8d42c494:1 s8e1-a70ee643:1 s1e1-9e95344b:1 s4e1-8eb2eb0b:1 s5e1-9bd12198:1 s7e1-a3ef9b0b:1 s6e1-9b0f1b13:1
1785925027.897926 s2e1-a910b54a:1 s3e1-8d42c494:1 s8e1-a70ee643:1 s1e1-9e95344b:1 s4e1-8eb2eb0b:1 s5e1-9bd12198:1 s7e1-a3ef9b0b:1 s6e1-9b0f1b13:1
1785925027.918711 s2e1-a910b54a:1 s3e1-8d42c494:1 s8e1-a70ee643:1 s1e1-9e95344b:1 s4e1-8eb2eb0b:1 s5e1-9bd12198:1 s7e1-a3ef9b0b:1 s6e1-9b0f1b13:1
1785925027.939429 s2e1-a910b54a:1 s3e1-8d42c494:1 s8e1-a70ee643:1 s1e1-9e95344b:1 s4e1-8eb2eb0b:1 s5e1-9bd12198:1 s7e1-a3ef9b0b:1 s6e1-9b0f1b13:1
1785925027.960235 s2e1-a910b54a:1 s3e1-8d42c494:1 s8e1-a70ee643:1 s1e1-9e95344b:1 s4e1-8eb2eb0b:1 s5e1-9bd12198:1 s7e1-a3ef9b0b:1 s6e1-9b0f1b13:1
1785925027.981060 s2e1-a910b54a:1 s3e1-8d42c494:1 s8e1-a70ee643:1 s1e1-9e95344b:1 s4e1-8eb2eb0b:1 s5e1-9bd12198:1 s7e1-a3ef9b0b:1 s6e1-9b0f1b13:1
1785925028.001749 s2e1-a910b54a:1 s3e1-8d42c494:1 s8e1-a70ee643:1 s1e1-9e95344b:1 s4e1-8eb2eb0b:1 s5e1-9bd12198:1 s7e1-a3ef9b0b:1 s6e1-9b0f1b13:1
1785925028.022535 s2e1-a910b54a:1 s3e1-8d42c494:1 s8e1-a70ee643:1 s1e1-9e95344b:1 s4e1-8eb2eb0b:1 s5e1-9bd12198:1 s7e1-a3ef9b0b:1 s6e1-9b0f1b13:1
1785925028.043252 s2e1-a910b54a:1 s3e1-8d42c494:1 s8e1-a70ee643:1 s1e1-9e95344b:1 s4e1-8eb2eb0b:1 s5e1-9bd12198:1 s7e1-a3ef9b0b:1 s6e1-9b0f1b13:1
1785925028.064025 s2e1-a910b54a:1 s3e1-8d42c494:1 s8e1-a70ee643:1 s1e1-9e95344b:1 s4e1-8eb2eb0b:1 s5e1-9bd12198:1 s7e1-a3ef9b0b:1 s6e1-9b0f1b13:1
1785925028.084737 s2e1-a910b54a:1 s3e1-8d42c494:1 s8e1-a70ee643:1 s1e1-9e95344b:1 s4e1-8eb2eb0b:1 s5e1-9bd12198:1 s7e1-a3ef9b0b:1 s6e1-9b0f1b13:1
1785925028.105496 s2e1-a910b54a:1 s3e1-8d42c494:1 s8e1-a70ee643:1 s1e1-9e95344b:1 s4e1-8eb2eb0b:1 s5e1-9bd12198:1 s7e1-a3ef9b0b:1 s6e1-9b0f1b13:1
1785925028.126264 s2e1-a910b54a:1 s3e1-8d42c494:1 s8e1-a70ee643:1 s1e1-9e95344b:1 s4e1-8eb2eb0b:1 s5e1-9bd12198:1 s7e1-a3ef9b0b:1 s6e1-9b0f1b13:1
1785925028.147017 s3e1-8d42c494:1 s8e1-a70ee643:1 s1e1-9e95344b:1 s4e1-8eb2eb0b:1 s5e1-9bd12198:1 s7e1-a3ef9b0b:1 s6e1-9b0f1b13:1
1785925028.167720 s7e1-a3ef9b0b:1 s6e1-9b0f1b13:1
1785925029.286434 s2e1-a910b54a:53E
1785925029.337600 s2e1-a910b54a:1 s3e1-8d42c494:53E s1e1-9e95344b:53E s7e1-a3ef9b0b:53E s6e1-9b0f1b13:53E
1785925029.393007 s2e1-a910b54a:1 s3e1-8d42c494:1 s1e1-9e95344b:1 s7e1-a3ef9b0b:1 s6e1-9b0f1b13:1 s8e1-a70ee643:53E s4e1-8eb2eb0b:53E s5e1-9bd12198:52E
1785925029.476853 s2e1-a910b54a:1 s3e1-8d42c494:1 s1e1-9e95344b:1 s7e1-a3ef9b0b:1 s6e1-9b0f1b13:1 s8e1-a70ee643:1 s4e1-8eb2eb0b:1 s5e1-9bd12198:1
1785925029.515926 s2e1-a910b54a:1 s3e1-8d42c494:1 s1e1-9e95344b:1 s7e1-a3ef9b0b:1 s6e1-9b0f1b13:1 s8e1-a70ee643:1 s4e1-8eb2eb0b:1 s5e1-9bd12198:1
1785925029.536537 s2e1-a910b54a:1 s3e1-8d42c494:1 s1e1-9e95344b:1 s7e1-a3ef9b0b:1 s6e1-9b0f1b13:1 s8e1-a70ee643:1 s4e1-8eb2eb0b:1 s5e1-9bd12198:1
1785925029.557231 s2e1-a910b54a:1 s3e1-8d42c494:1 s1e1-9e95344b:1 s7e1-a3ef9b0b:1 s6e1-9b0f1b13:1 s8e1-a70ee643:1 s4e1-8eb2eb0b:1 s5e1-9bd12198:1
1785925029.577960 s2e1-a910b54a:1 s3e1-8d42c494:1 s1e1-9e95344b:1 s7e1-a3ef9b0b:1 s6e1-9b0f1b13:1 s8e1-a70ee643:1 s4e1-8eb2eb0b:1 s5e1-9bd12198:1
1785925029.598739 s2e1-a910b54a:1 s3e1-8d42c494:1 s1e1-9e95344b:1 s7e1-a3ef9b0b:1 s6e1-9b0f1b13:1 s8e1-a70ee643:1 s4e1-8eb2eb0b:1 s5e1-9bd12198:1
1785925029.619441 s2e1-a910b54a:1 s3e1-8d42c494:1 s1e1-9e95344b:1 s7e1-a3ef9b0b:1 s6e1-9b0f1b13:1 s8e1-a70ee643:1 s4e1-8eb2eb0b:1 s5e1-9bd12198:1
1785925029.640204 s2e1-a910b54a:1 s3e1-8d42c494:1 s1e1-9e95344b:1 s7e1-a3ef9b0b:1 s6e1-9b0f1b13:1 s8e1-a70ee643:1 s4e1-8eb2eb0b:1 s5e1-9bd12198:1
1785925029.660915 s2e1-a910b54a:1 s3e1-8d42c494:1 s1e1-9e95344b:1 s7e1-a3ef9b0b:1 s6e1-9b0f1b13:1 s8e1-a70ee643:1 s4e1-8eb2eb0b:1 s5e1-9bd12198:1
1785925029.681623 s2e1-a910b54a:1 s3e1-8d42c494:1 s1e1-9e95344b:1 s7e1-a3ef9b0b:1 s6e1-9b0f1b13:1 s8e1-a70ee643:1 s4e1-8eb2eb0b:1 s5e1-9bd12198:1
1785925029.702355 s2e1-a910b54a:1 s3e1-8d42c494:1 s1e1-9e95344b:1 s7e1-a3ef9b0b:1 s6e1-9b0f1b13:1 s8e1-a70ee643:1 s4e1-8eb2eb0b:1 s5e1-9bd12198:1
1785925029.723073 s2e1-a910b54a:1 s3e1-8d42c494:1 s1e1-9e95344b:1 s7e1-a3ef9b0b:1 s6e1-9b0f1b13:1 s8e1-a70ee643:1 s4e1-8eb2eb0b:1 s5e1-9bd12198:1
1785925029.743776 s2e1-a910b54a:1 s3e1-8d42c494:1 s1e1-9e95344b:1 s7e1-a3ef9b0b:1 s6e1-9b0f1b13:1 s8e1-a70ee643:1 s4e1-8eb2eb0b:1 s5e1-9bd12198:1
1785925029.764496 s2e1-a910b54a:1 s3e1-8d42c494:1 s1e1-9e95344b:1 s7e1-a3ef9b0b:1 s6e1-9b0f1b13:1 s8e1-a70ee643:1 s4e1-8eb2eb0b:1 s5e1-9bd12198:1
1785925029.785208 s2e1-a910b54a:1 s3e1-8d42c494:1 s1e1-9e95344b:1 s7e1-a3ef9b0b:1 s6e1-9b0f1b13:1 s8e1-a70ee643:1 s4e1-8eb2eb0b:1 s5e1-9bd12198:1
1785925029.805900 s2e1-a910b54a:1 s3e1-8d42c494:1 s1e1-9e95344b:1 s7e1-a3ef9b0b:1 s6e1-9b0f1b13:1 s8e1-a70ee643:1 s4e1-8eb2eb0b:1 s5e1-9bd12198:1
1785925029.826634 s2e1-a910b54a:1 s3e1-8d42c494:1 s1e1-9e95344b:1 s7e1-a3ef9b0b:1 s6e1-9b0f1b13:1 s8e1-a70ee643:1 s4e1-8eb2eb0b:1 s5e1-9bd12198:1
1785925029.847378 s2e1-a910b54a:1 s3e1-8d42c494:1 s1e1-9e95344b:1 s7e1-a3ef9b0b:1 s6e1-9b0f1b13:1 s8e1-a70ee643:1 s4e1-8eb2eb0b:1 s5e1-9bd12198:1
1785925029.868038 s2e1-a910b54a:1 s3e1-8d42c494:1 s1e1-9e95344b:1 s7e1-a3ef9b0b:1 s6e1-9b0f1b13:1 s8e1-a70ee643:1 s4e1-8eb2eb0b:1 s5e1-9bd12198:1
1785925029.888710 s2e1-a910b54a:1 s3e1-8d42c494:1 s1e1-9e95344b:1 s7e1-a3ef9b0b:1 s6e1-9b0f1b13:1 s8e1-a70ee643:1 s4e1-8eb2eb0b:1 s5e1-9bd12198:1
1785925029.909381 s2e1-a910b54a:1 s3e1-8d42c494:1 s1e1-9e95344b:1 s7e1-a3ef9b0b:1 s6e1-9b0f1b13:1 s8e1-a70ee643:1 s4e1-8eb2eb0b:1 s5e1-9bd12198:1
1785925029.930092 s2e1-a910b54a:1 s3e1-8d42c494:1 s1e1-9e95344b:1 s7e1-a3ef9b0b:1 s6e1-9b0f1b13:1 s8e1-a70ee643:1 s4e1-8eb2eb0b:1 s5e1-9bd12198:1
1785925029.950791 s2e1-a910b54a:1 s3e1-8d42c494:1 s1e1-9e95344b:1 s7e1-a3ef9b0b:1 s6e1-9b0f1b13:1 s8e1-a70ee643:1 s4e1-8eb2eb0b:1 s5e1-9bd12198:1
1785925029.971492 s2e1-a910b54a:1 s3e1-8d42c494:1 s1e1-9e95344b:1 s7e1-a3ef9b0b:1 s6e1-9b0f1b13:1 s8e1-a70ee643:1 s4e1-8eb2eb0b:1 s5e1-9bd12198:1
1785925029.992246 s2e1-a910b54a:1 s3e1-8d42c494:1 s1e1-9e95344b:1 s7e1-a3ef9b0b:1 s6e1-9b0f1b13:1 s8e1-a70ee643:1 s4e1-8eb2eb0b:1 s5e1-9bd12198:1
1785925030.012946 s2e1-a910b54a:1 s3e1-8d42c494:1 s1e1-9e95344b:1 s7e1-a3ef9b0b:1 s6e1-9b0f1b13:1 s8e1-a70ee643:1 s4e1-8eb2eb0b:1 s5e1-9bd12198:1
1785925030.033632 s2e1-a910b54a:1 s3e1-8d42c494:1 s1e1-9e95344b:1 s7e1-a3ef9b0b:1 s6e1-9b0f1b13:1 s8e1-a70ee643:1 s4e1-8eb2eb0b:1 s5e1-9bd12198:1
1785925030.054420 s2e1-a910b54a:1 s3e1-8d42c494:1 s1e1-9e95344b:1 s7e1-a3ef9b0b:1 s6e1-9b0f1b13:1 s8e1-a70ee643:1 s4e1-8eb2eb0b:1 s5e1-9bd12198:1
1785925030.075055 s2e1-a910b54a:1 s3e1-8d42c494:1 s1e1-9e95344b:1 s7e1-a3ef9b0b:1 s6e1-9b0f1b13:1 s8e1-a70ee643:1 s4e1-8eb2eb0b:1 s5e1-9bd12198:1
1785925030.095768 s2e1-a910b54a:1 s3e1-8d42c494:1 s1e1-9e95344b:1 s7e1-a3ef9b0b:1 s6e1-9b0f1b13:1 s8e1-a70ee643:1 s4e1-8eb2eb0b:1 s5e1-9bd12198:1
1785925030.116485 s3e1-8d42c494:1 s1e1-9e95344b:1 s7e1-a3ef9b0b:1 s6e1-9b0f1b13:1 s8e1-a70ee643:1 s4e1-8eb2eb0b:1 s5e1-9bd12198:1
1785925030.137225 s8e1-a70ee643:1 s4e1-8eb2eb0b:1 s5e1-9bd12198:1
1785925031.297387 s5e1-9bd12198:53E
1785925031.376292 s5e1-9bd12198:1 s2e1-a910b54a:53E s3e1-8d42c494:52E s1e1-9e95344b:52E s7e1-a3ef9b0b:53E s6e1-9b0f1b13:53E s8e1-a70ee643:53E s4e1-8eb2eb0b:52E
1785925031.463900 s5e1-9bd12198:1 s2e1-a910b54a:1 s3e1-8d42c494:1 s1e1-9e95344b:1 s7e1-a3ef9b0b:1 s6e1-9b0f1b13:1 s8e1-a70ee643:1 s4e1-8eb2eb0b:1
1785925031.540771 s5e1-9bd12198:1 s2e1-a910b54a:1 s3e1-8d42c494:1 s1e1-9e95344b:1 s7e1-a3ef9b0b:1 s6e1-9b0f1b13:1 s8e1-a70ee643:1 s4e1-8eb2eb0b:1
1785925031.561190 s5e1-9bd12198:1 s2e1-a910b54a:1 s3e1-8d42c494:1 s1e1-9e95344b:1 s7e1-a3ef9b0b:1 s6e1-9b0f1b13:1 s8e1-a70ee643:1 s4e1-8eb2eb0b:1
1785925031.581789 s5e1-9bd12198:1 s2e1-a910b54a:1 s3e1-8d42c494:1 s1e1-9e95344b:1 s7e1-a3ef9b0b:1 s6e1-9b0f1b13:1 s8e1-a70ee643:1 s4e1-8eb2eb0b:1
1785925031.602501 s5e1-9bd12198:1 s2e1-a910b54a:1 s3e1-8d42c494:1 s1e1-9e95344b:1 s7e1-a3ef9b0b:1 s6e1-9b0f1b13:1 s8e1-a70ee643:1 s4e1-8eb2eb0b:1
1785925031.623250 s5e1-9bd12198:1 s2e1-a910b54a:1 s3e1-8d42c494:1 s1e1-9e95344b:1 s7e1-a3ef9b0b:1 s6e1-9b0f1b13:1 s8e1-a70ee643:1 s4e1-8eb2eb0b:1
1785925031.643891 s5e1-9bd12198:1 s2e1-a910b54a:1 s3e1-8d42c494:1 s1e1-9e95344b:1 s7e1-a3ef9b0b:1 s6e1-9b0f1b13:1 s8e1-a70ee643:1 s4e1-8eb2eb0b:1
1785925031.664603 s5e1-9bd12198:1 s2e1-a910b54a:1 s3e1-8d42c494:1 s1e1-9e95344b:1 s7e1-a3ef9b0b:1 s6e1-9b0f1b13:1 s8e1-a70ee643:1 s4e1-8eb2eb0b:1
1785925031.685288 s5e1-9bd12198:1 s2e1-a910b54a:1 s3e1-8d42c494:1 s1e1-9e95344b:1 s7e1-a3ef9b0b:1 s6e1-9b0f1b13:1 s8e1-a70ee643:1 s4e1-8eb2eb0b:1
1785925031.705977 s5e1-9bd12198:1 s2e1-a910b54a:1 s3e1-8d42c494:1 s1e1-9e95344b:1 s7e1-a3ef9b0b:1 s6e1-9b0f1b13:1 s8e1-a70ee643:1 s4e1-8eb2eb0b:1
1785925031.726661 s5e1-9bd12198:1 s2e1-a910b54a:1 s3e1-8d42c494:1 s1e1-9e95344b:1 s7e1-a3ef9b0b:1 s6e1-9b0f1b13:1 s8e1-a70ee643:1 s4e1-8eb2eb0b:1
1785925031.747382 s5e1-9bd12198:1 s2e1-a910b54a:1 s3e1-8d42c494:1 s1e1-9e95344b:1 s7e1-a3ef9b0b:1 s6e1-9b0f1b13:1 s8e1-a70ee643:1 s4e1-8eb2eb0b:1
1785925031.768057 s5e1-9bd12198:1 s2e1-a910b54a:1 s3e1-8d42c494:1 s1e1-9e95344b:1 s7e1-a3ef9b0b:1 s6e1-9b0f1b13:1 s8e1-a70ee643:1 s4e1-8eb2eb0b:1
1785925031.788975 s5e1-9bd12198:1 s2e1-a910b54a:1 s3e1-8d42c494:1 s1e1-9e95344b:1 s7e1-a3ef9b0b:1 s6e1-9b0f1b13:1 s8e1-a70ee643:1 s4e1-8eb2eb0b:1
1785925031.809709 s5e1-9bd12198:1 s2e1-a910b54a:1 s3e1-8d42c494:1 s1e1-9e95344b:1 s7e1-a3ef9b0b:1 s6e1-9b0f1b13:1 s8e1-a70ee643:1 s4e1-8eb2eb0b:1
1785925031.830365 s5e1-9bd12198:1 s2e1-a910b54a:1 s3e1-8d42c494:1 s1e1-9e95344b:1 s7e1-a3ef9b0b:1 s6e1-9b0f1b13:1 s8e1-a70ee643:1 s4e1-8eb2eb0b:1
1785925031.851182 s5e1-9bd12198:1 s2e1-a910b54a:1 s3e1-8d42c494:1 s1e1-9e95344b:1 s7e1-a3ef9b0b:1 s6e1-9b0f1b13:1 s8e1-a70ee643:1 s4e1-8eb2eb0b:1
1785925031.871945 s5e1-9bd12198:1 s2e1-a910b54a:1 s3e1-8d42c494:1 s1e1-9e95344b:1 s7e1-a3ef9b0b:1 s6e1-9b0f1b13:1 s8e1-a70ee643:1 s4e1-8eb2eb0b:1
1785925031.892726 s5e1-9bd12198:1 s2e1-a910b54a:1 s3e1-8d42c494:1 s1e1-9e95344b:1 s7e1-a3ef9b0b:1 s6e1-9b0f1b13:1 s8e1-a70ee643:1 s4e1-8eb2eb0b:1
1785925031.913538 s5e1-9bd12198:1 s2e1-a910b54a:1 s3e1-8d42c494:1 s1e1-9e95344b:1 s7e1-a3ef9b0b:1 s6e1-9b0f1b13:1 s8e1-a70ee643:1 s4e1-8eb2eb0b:1
1785925031.934481 s5e1-9bd12198:1 s2e1-a910b54a:1 s3e1-8d42c494:1 s1e1-9e95344b:1 s7e1-a3ef9b0b:1 s6e1-9b0f1b13:1 s8e1-a70ee643:1 s4e1-8eb2eb0b:1
1785925031.955214 s5e1-9bd12198:1 s2e1-a910b54a:1 s3e1-8d42c494:1 s1e1-9e95344b:1 s7e1-a3ef9b0b:1 s6e1-9b0f1b13:1 s8e1-a70ee643:1 s4e1-8eb2eb0b:1
1785925031.976013 s5e1-9bd12198:1 s2e1-a910b54a:1 s3e1-8d42c494:1 s1e1-9e95344b:1 s7e1-a3ef9b0b:1 s6e1-9b0f1b13:1 s8e1-a70ee643:1 s4e1-8eb2eb0b:1
1785925031.996754 s5e1-9bd12198:1 s2e1-a910b54a:1 s3e1-8d42c494:1 s1e1-9e95344b:1 s7e1-a3ef9b0b:1 s6e1-9b0f1b13:1 s8e1-a70ee643:1 s4e1-8eb2eb0b:1
1785925032.017488 s5e1-9bd12198:1 s2e1-a910b54a:1 s3e1-8d42c494:1 s1e1-9e95344b:1 s7e1-a3ef9b0b:1 s6e1-9b0f1b13:1 s8e1-a70ee643:1 s4e1-8eb2eb0b:1
1785925032.038246 s5e1-9bd12198:1 s2e1-a910b54a:1 s3e1-8d42c494:1 s1e1-9e95344b:1 s7e1-a3ef9b0b:1 s6e1-9b0f1b13:1 s8e1-a70ee643:1 s4e1-8eb2eb0b:1
1785925032.059074 s5e1-9bd12198:1 s2e1-a910b54a:1 s3e1-8d42c494:1 s1e1-9e95344b:1 s7e1-a3ef9b0b:1 s6e1-9b0f1b13:1 s8e1-a70ee643:1 s4e1-8eb2eb0b:1
1785925032.079858 s5e1-9bd12198:1 s2e1-a910b54a:1 s3e1-8d42c494:1 s1e1-9e95344b:1 s7e1-a3ef9b0b:1 s6e1-9b0f1b13:1 s8e1-a70ee643:1 s4e1-8eb2eb0b:1
1785925032.100635 s5e1-9bd12198:1 s2e1-a910b54a:1 s3e1-8d42c494:1 s1e1-9e95344b:1 s7e1-a3ef9b0b:1 s6e1-9b0f1b13:1 s8e1-a70ee643:1 s4e1-8eb2eb0b:1
1785925032.121557 s5e1-9bd12198:1 s2e1-a910b54a:1 s3e1-8d42c494:1 s1e1-9e95344b:1 s7e1-a3ef9b0b:1 s6e1-9b0f1b13:1 s8e1-a70ee643:1 s4e1-8eb2eb0b:1
1785925032.142310 s5e1-9bd12198:1 s2e1-a910b54a:1 s3e1-8d42c494:1 s1e1-9e95344b:1 s7e1-a3ef9b0b:1 s6e1-9b0f1b13:1 s8e1-a70ee643:1 s4e1-8eb2eb0b:1
1785925032.162973 s2e1-a910b54a:1 s3e1-8d42c494:1 s1e1-9e95344b:1 s7e1-a3ef9b0b:1 s6e1-9b0f1b13:1 s8e1-a70ee643:1 s4e1-8eb2eb0b:1
1785925033.261087 s2e1-a910b54a:53E
1785925033.358758 s2e1-a910b54a:1 s5e1-9bd12198:53E s3e1-8d42c494:53E s1e1-9e95344b:53E s7e1-a3ef9b0b:53E s6e1-9b0f1b13:53E s8e1-a70ee643:53E s4e1-8eb2eb0b:53E
1785925033.453275 s2e1-a910b54a:1 s5e1-9bd12198:1 s3e1-8d42c494:1 s1e1-9e95344b:1 s7e1-a3ef9b0b:1 s6e1-9b0f1b13:1 s8e1-a70ee643:1 s4e1-8eb2eb0b:1
1785925033.530075 s2e1-a910b54a:1 s5e1-9bd12198:1 s3e1-8d42c494:1 s1e1-9e95344b:1 s7e1-a3ef9b0b:1 s6e1-9b0f1b13:1 s8e1-a70ee643:1 s4e1-8eb2eb0b:1
1785925033.550571 s2e1-a910b54a:1 s5e1-9bd12198:1 s3e1-8d42c494:1 s1e1-9e95344b:1 s7e1-a3ef9b0b:1 s6e1-9b0f1b13:1 s8e1-a70ee643:1 s4e1-8eb2eb0b:1
1785925033.571206 s2e1-a910b54a:1 s5e1-9bd12198:1 s3e1-8d42c494:1 s1e1-9e95344b:1 s7e1-a3ef9b0b:1 s6e1-9b0f1b13:1 s8e1-a70ee643:1 s4e1-8eb2eb0b:1
1785925033.591918 s2e1-a910b54a:1 s5e1-9bd12198:1 s3e1-8d42c494:1 s1e1-9e95344b:1 s7e1-a3ef9b0b:1 s6e1-9b0f1b13:1 s8e1-a70ee643:1 s4e1-8eb2eb0b:1
1785925033.612699 s2e1-a910b54a:1 s5e1-9bd12198:1 s3e1-8d42c494:1 s1e1-9e95344b:1 s7e1-a3ef9b0b:1 s6e1-9b0f1b13:1 s8e1-a70ee643:1 s4e1-8eb2eb0b:1
1785925033.633465 s2e1-a910b54a:1 s5e1-9bd12198:1 s3e1-8d42c494:1 s1e1-9e95344b:1 s7e1-a3ef9b0b:1 s6e1-9b0f1b13:1 s8e1-a70ee643:1 s4e1-8eb2eb0b:1
1785925033.654353 s2e1-a910b54a:1 s5e1-9bd12198:1 s3e1-8d42c494:1 s1e1-9e95344b:1 s7e1-a3ef9b0b:1 s6e1-9b0f1b13:1 s8e1-a70ee643:1 s4e1-8eb2eb0b:1
1785925033.675119 s2e1-a910b54a:1 s5e1-9bd12198:1 s3e1-8d42c494:1 s1e1-9e95344b:1 s7e1-a3ef9b0b:1 s6e1-9b0f1b13:1 s8e1-a70ee643:1 s4e1-8eb2eb0b:1
1785925033.696016 s2e1-a910b54a:1 s5e1-9bd12198:1 s3e1-8d42c494:1 s1e1-9e95344b:1 s7e1-a3ef9b0b:1 s6e1-9b0f1b13:1 s8e1-a70ee643:1 s4e1-8eb2eb0b:1
1785925033.716651 s2e1-a910b54a:1 s5e1-9bd12198:1 s3e1-8d42c494:1 s1e1-9e95344b:1 s7e1-a3ef9b0b:1 s6e1-9b0f1b13:1 s8e1-a70ee643:1 s4e1-8eb2eb0b:1
1785925033.737465 s2e1-a910b54a:1 s5e1-9bd12198:1 s3e1-8d42c494:1 s1e1-9e95344b:1 s7e1-a3ef9b0b:1 s6e1-9b0f1b13:1 s8e1-a70ee643:1 s4e1-8eb2eb0b:1
1785925033.758272 s2e1-a910b54a:1 s5e1-9bd12198:1 s3e1-8d42c494:1 s1e1-9e95344b:1 s7e1-a3ef9b0b:1 s6e1-9b0f1b13:1 s8e1-a70ee643:1 s4e1-8eb2eb0b:1
1785925033.779110 s2e1-a910b54a:1 s5e1-9bd12198:1 s3e1-8d42c494:1 s1e1-9e95344b:1 s7e1-a3ef9b0b:1 s6e1-9b0f1b13:1 s8e1-a70ee643:1 s4e1-8eb2eb0b:1
1785925033.799926 s2e1-a910b54a:1 s5e1-9bd12198:1 s3e1-8d42c494:1 s1e1-9e95344b:1 s7e1-a3ef9b0b:1 s6e1-9b0f1b13:1 s8e1-a70ee643:1 s4e1-8eb2eb0b:1
1785925033.820751 s2e1-a910b54a:1 s5e1-9bd12198:1 s3e1-8d42c494:1 s1e1-9e95344b:1 s7e1-a3ef9b0b:1 s6e1-9b0f1b13:1 s8e1-a70ee643:1 s4e1-8eb2eb0b:1
1785925033.841483 s2e1-a910b54a:1 s5e1-9bd12198:1 s3e1-8d42c494:1 s1e1-9e95344b:1 s7e1-a3ef9b0b:1 s6e1-9b0f1b13:1 s8e1-a70ee643:1 s4e1-8eb2eb0b:1
1785925033.862306 s2e1-a910b54a:1 s5e1-9bd12198:1 s3e1-8d42c494:1 s1e1-9e95344b:1 s7e1-a3ef9b0b:1 s6e1-9b0f1b13:1 s8e1-a70ee643:1 s4e1-8eb2eb0b:1
1785925033.883151 s2e1-a910b54a:1 s5e1-9bd12198:1 s3e1-8d42c494:1 s1e1-9e95344b:1 s7e1-a3ef9b0b:1 s6e1-9b0f1b13:1 s8e1-a70ee643:1 s4e1-8eb2eb0b:1
1785925033.903938 s2e1-a910b54a:1 s5e1-9bd12198:1 s3e1-8d42c494:1 s1e1-9e95344b:1 s7e1-a3ef9b0b:1 s6e1-9b0f1b13:1 s8e1-a70ee643:1 s4e1-8eb2eb0b:1
1785925033.924768 s2e1-a910b54a:1 s5e1-9bd12198:1 s3e1-8d42c494:1 s1e1-9e95344b:1 s7e1-a3ef9b0b:1 s6e1-9b0f1b13:1 s8e1-a70ee643:1 s4e1-8eb2eb0b:1
1785925033.945602 s2e1-a910b54a:1 s5e1-9bd12198:1 s3e1-8d42c494:1 s1e1-9e95344b:1 s7e1-a3ef9b0b:1 s6e1-9b0f1b13:1 s8e1-a70ee643:1 s4e1-8eb2eb0b:1
1785925033.966419 s2e1-a910b54a:1 s5e1-9bd12198:1 s3e1-8d42c494:1 s1e1-9e95344b:1 s7e1-a3ef9b0b:1 s6e1-9b0f1b13:1 s8e1-a70ee643:1 s4e1-8eb2eb0b:1
1785925033.987315 s2e1-a910b54a:1 s5e1-9bd12198:1 s3e1-8d42c494:1 s1e1-9e95344b:1 s7e1-a3ef9b0b:1 s6e1-9b0f1b13:1 s8e1-a70ee643:1 s4e1-8eb2eb0b:1
1785925034.008154 s2e1-a910b54a:1 s5e1-9bd12198:1 s3e1-8d42c494:1 s1e1-9e95344b:1 s7e1-a3ef9b0b:1 s6e1-9b0f1b13:1 s8e1-a70ee643:1 s4e1-8eb2eb0b:1
1785925034.029025 s2e1-a910b54a:1 s5e1-9bd12198:1 s3e1-8d42c494:1 s1e1-9e95344b:1 s7e1-a3ef9b0b:1 s6e1-9b0f1b13:1 s8e1-a70ee643:1 s4e1-8eb2eb0b:1
1785925034.049736 s2e1-a910b54a:1 s5e1-9bd12198:1 s3e1-8d42c494:1 s1e1-9e95344b:1 s7e1-a3ef9b0b:1 s6e1-9b0f1b13:1 s8e1-a70ee643:1 s4e1-8eb2eb0b:1
1785925034.070563 s2e1-a910b54a:1 s5e1-9bd12198:1 s3e1-8d42c494:1 s1e1-9e95344b:1 s7e1-a3ef9b0b:1 s6e1-9b0f1b13:1 s8e1-a70ee643:1 s4e1-8eb2eb0b:1
1785925034.091417 s2e1-a910b54a:1 s5e1-9bd12198:1 s3e1-8d42c494:1 s1e1-9e95344b:1 s7e1-a3ef9b0b:1 s6e1-9b0f1b13:1 s8e1-a70ee643:1 s4e1-8eb2eb0b:1
1785925034.112259 s2e1-a910b54a:1 s5e1-9bd12198:1 s3e1-8d42c494:1 s1e1-9e95344b:1 s7e1-a3ef9b0b:1 s6e1-9b0f1b13:1 s8e1-a70ee643:1 s4e1-8eb2eb0b:1
1785925034.133091 s2e1-a910b54a:1 s5e1-9bd12198:1 s3e1-8d42c494:1 s1e1-9e95344b:1 s7e1-a3ef9b0b:1 s6e1-9b0f1b13:1 s8e1-a70ee643:1 s4e1-8eb2eb0b:1
1785925034.153909 s5e1-9bd12198:1 s3e1-8d42c494:1 s1e1-9e95344b:1 s7e1-a3ef9b0b:1 s6e1-9b0f1b13:1 s8e1-a70ee643:1 s4e1-8eb2eb0b:1
1785925035.246598 s3e1-8d42c494:53E
1785925035.294645 s3e1-8d42c494:1 s8e1-a70ee643:53E
1785925035.346055 s3e1-8d42c494:1 s8e1-a70ee643:1 s5e1-9bd12198:53E s7e1-a3ef9b0b:53E s6e1-9b0f1b13:53E s4e1-8eb2eb0b:53E
1785925035.399057 s3e1-8d42c494:1 s8e1-a70ee643:1 s5e1-9bd12198:1 s7e1-a3ef9b0b:1 s6e1-9b0f1b13:1 s4e1-8eb2eb0b:1 s2e1-a910b54a:53E s1e1-9e95344b:53E
1785925035.485011 s3e1-8d42c494:1 s8e1-a70ee643:1 s5e1-9bd12198:1 s7e1-a3ef9b0b:1 s6e1-9b0f1b13:1 s4e1-8eb2eb0b:1 s2e1-a910b54a:1 s1e1-9e95344b:1
1785925035.502753 s3e1-8d42c494:1 s8e1-a70ee643:1 s5e1-9bd12198:1 s7e1-a3ef9b0b:1 s6e1-9b0f1b13:1 s4e1-8eb2eb0b:1 s2e1-a910b54a:1 s1e1-9e95344b:1
1785925035.523360 s3e1-8d42c494:1 s8e1-a70ee643:1 s5e1-9bd12198:1 s7e1-a3ef9b0b:1 s6e1-9b0f1b13:1 s4e1-8eb2eb0b:1 s2e1-a910b54a:1 s1e1-9e95344b:1
1785925035.544169 s3e1-8d42c494:1 s8e1-a70ee643:1 s5e1-9bd12198:1 s7e1-a3ef9b0b:1 s6e1-9b0f1b13:1 s4e1-8eb2eb0b:1 s2e1-a910b54a:1 s1e1-9e95344b:1
1785925035.564884 s3e1-8d42c494:1 s8e1-a70ee643:1 s5e1-9bd12198:1 s7e1-a3ef9b0b:1 s6e1-9b0f1b13:1 s4e1-8eb2eb0b:1 s2e1-a910b54a:1 s1e1-9e95344b:1
1785925035.585653 s3e1-8d42c494:1 s8e1-a70ee643:1 s5e1-9bd12198:1 s7e1-a3ef9b0b:1 s6e1-9b0f1b13:1 s4e1-8eb2eb0b:1 s2e1-a910b54a:1 s1e1-9e95344b:1
1785925035.606482 s3e1-8d42c494:1 s8e1-a70ee643:1 s5e1-9bd12198:1 s7e1-a3ef9b0b:1 s6e1-9b0f1b13:1 s4e1-8eb2eb0b:1 s2e1-a910b54a:1 s1e1-9e95344b:1
1785925035.627283 s3e1-8d42c494:1 s8e1-a70ee643:1 s5e1-9bd12198:1 s7e1-a3ef9b0b:1 s6e1-9b0f1b13:1 s4e1-8eb2eb0b:1 s2e1-a910b54a:1 s1e1-9e95344b:1
1785925035.648098 s3e1-8d42c494:1 s8e1-a70ee643:1 s5e1-9bd12198:1 s7e1-a3ef9b0b:1 s6e1-9b0f1b13:1 s4e1-8eb2eb0b:1 s2e1-a910b54a:1 s1e1-9e95344b:1
1785925035.668900 s3e1-8d42c494:1 s8e1-a70ee643:1 s5e1-9bd12198:1 s7e1-a3ef9b0b:1 s6e1-9b0f1b13:1 s4e1-8eb2eb0b:1 s2e1-a910b54a:1 s1e1-9e95344b:1
1785925035.689727 s3e1-8d42c494:1 s8e1-a70ee643:1 s5e1-9bd12198:1 s7e1-a3ef9b0b:1 s6e1-9b0f1b13:1 s4e1-8eb2eb0b:1 s2e1-a910b54a:1 s1e1-9e95344b:1
1785925035.710587 s3e1-8d42c494:1 s8e1-a70ee643:1 s5e1-9bd12198:1 s7e1-a3ef9b0b:1 s6e1-9b0f1b13:1 s4e1-8eb2eb0b:1 s2e1-a910b54a:1 s1e1-9e95344b:1
1785925035.731375 s3e1-8d42c494:1 s8e1-a70ee643:1 s5e1-9bd12198:1 s7e1-a3ef9b0b:1 s6e1-9b0f1b13:1 s4e1-8eb2eb0b:1 s2e1-a910b54a:1 s1e1-9e95344b:1
1785925035.752220 s3e1-8d42c494:1 s8e1-a70ee643:1 s5e1-9bd12198:1 s7e1-a3ef9b0b:1 s6e1-9b0f1b13:1 s4e1-8eb2eb0b:1 s2e1-a910b54a:1 s1e1-9e95344b:1
1785925035.773070 s3e1-8d42c494:1 s8e1-a70ee643:1 s5e1-9bd12198:1 s7e1-a3ef9b0b:1 s6e1-9b0f1b13:1 s4e1-8eb2eb0b:1 s2e1-a910b54a:1 s1e1-9e95344b:1
1785925035.793889 s3e1-8d42c494:1 s8e1-a70ee643:1 s5e1-9bd12198:1 s7e1-a3ef9b0b:1 s6e1-9b0f1b13:1 s4e1-8eb2eb0b:1 s2e1-a910b54a:1 s1e1-9e95344b:1
1785925035.814740 s3e1-8d42c494:1 s8e1-a70ee643:1 s5e1-9bd12198:1 s7e1-a3ef9b0b:1 s6e1-9b0f1b13:1 s4e1-8eb2eb0b:1 s2e1-a910b54a:1 s1e1-9e95344b:1
1785925035.835627 s3e1-8d42c494:1 s8e1-a70ee643:1 s5e1-9bd12198:1 s7e1-a3ef9b0b:1 s6e1-9b0f1b13:1 s4e1-8eb2eb0b:1 s2e1-a910b54a:1 s1e1-9e95344b:1
1785925035.856399 s3e1-8d42c494:1 s8e1-a70ee643:1 s5e1-9bd12198:1 s7e1-a3ef9b0b:1 s6e1-9b0f1b13:1 s4e1-8eb2eb0b:1 s2e1-a910b54a:1 s1e1-9e95344b:1
1785925035.877308 s3e1-8d42c494:1 s8e1-a70ee643:1 s5e1-9bd12198:1 s7e1-a3ef9b0b:1 s6e1-9b0f1b13:1 s4e1-8eb2eb0b:1 s2e1-a910b54a:1 s1e1-9e95344b:1
1785925035.898072 s3e1-8d42c494:1 s8e1-a70ee643:1 s5e1-9bd12198:1 s7e1-a3ef9b0b:1 s6e1-9b0f1b13:1 s4e1-8eb2eb0b:1 s2e1-a910b54a:1 s1e1-9e95344b:1
1785925035.918860 s3e1-8d42c494:1 s8e1-a70ee643:1 s5e1-9bd12198:1 s7e1-a3ef9b0b:1 s6e1-9b0f1b13:1 s4e1-8eb2eb0b:1 s2e1-a910b54a:1 s1e1-9e95344b:1
1785925035.939690 s3e1-8d42c494:1 s8e1-a70ee643:1 s5e1-9bd12198:1 s7e1-a3ef9b0b:1 s6e1-9b0f1b13:1 s4e1-8eb2eb0b:1 s2e1-a910b54a:1 s1e1-9e95344b:1
1785925035.960511 s3e1-8d42c494:1 s8e1-a70ee643:1 s5e1-9bd12198:1 s7e1-a3ef9b0b:1 s6e1-9b0f1b13:1 s4e1-8eb2eb0b:1 s2e1-a910b54a:1 s1e1-9e95344b:1
1785925035.981353 s3e1-8d42c494:1 s8e1-a70ee643:1 s5e1-9bd12198:1 s7e1-a3ef9b0b:1 s6e1-9b0f1b13:1 s4e1-8eb2eb0b:1 s2e1-a910b54a:1 s1e1-9e95344b:1
1785925036.002195 s3e1-8d42c494:1 s8e1-a70ee643:1 s5e1-9bd12198:1 s7e1-a3ef9b0b:1 s6e1-9b0f1b13:1 s4e1-8eb2eb0b:1 s2e1-a910b54a:1 s1e1-9e95344b:1
1785925036.023012 s3e1-8d42c494:1 s8e1-a70ee643:1 s5e1-9bd12198:1 s7e1-a3ef9b0b:1 s6e1-9b0f1b13:1 s4e1-8eb2eb0b:1 s2e1-a910b54a:1 s1e1-9e95344b:1
1785925036.043836 s3e1-8d42c494:1 s8e1-a70ee643:1 s5e1-9bd12198:1 s7e1-a3ef9b0b:1 s6e1-9b0f1b13:1 s4e1-8eb2eb0b:1 s2e1-a910b54a:1 s1e1-9e95344b:1
1785925036.064661 s3e1-8d42c494:1 s8e1-a70ee643:1 s5e1-9bd12198:1 s7e1-a3ef9b0b:1 s6e1-9b0f1b13:1 s4e1-8eb2eb0b:1 s2e1-a910b54a:1 s1e1-9e95344b:1
1785925036.085472 s8e1-a70ee643:1 s5e1-9bd12198:1 s7e1-a3ef9b0b:1 s6e1-9b0f1b13:1 s4e1-8eb2eb0b:1 s2e1-a910b54a:1 s1e1-9e95344b:1
1785925036.106311 s5e1-9bd12198:1 s7e1-a3ef9b0b:1 s6e1-9b0f1b13:1 s4e1-8eb2eb0b:1 s2e1-a910b54a:1 s1e1-9e95344b:1
1785925036.127204 s2e1-a910b54a:1 s1e1-9e95344b:1
1785925037.288212 s4e1-8eb2eb0b:53E
1785925037.338023 s4e1-8eb2eb0b:1 s3e1-8d42c494:53E s8e1-a70ee643:53E s7e1-a3ef9b0b:53E s6e1-9b0f1b13:53E s2e1-a910b54a:53E s1e1-9e95344b:53E
1785925037.399866 s4e1-8eb2eb0b:1 s3e1-8d42c494:1 s8e1-a70ee643:1 s7e1-a3ef9b0b:1 s6e1-9b0f1b13:1 s2e1-a910b54a:1 s1e1-9e95344b:1 s5e1-9bd12198:53E
1785925037.524718 s4e1-8eb2eb0b:1 s3e1-8d42c494:1 s8e1-a70ee643:1 s7e1-a3ef9b0b:1 s6e1-9b0f1b13:1 s2e1-a910b54a:1 s1e1-9e95344b:1 s5e1-9bd12198:1
1785925037.535043 s4e1-8eb2eb0b:1 s3e1-8d42c494:1 s8e1-a70ee643:1 s7e1-a3ef9b0b:1 s6e1-9b0f1b13:1 s2e1-a910b54a:1 s1e1-9e95344b:1 s5e1-9bd12198:1
1785925037.555662 s4e1-8eb2eb0b:1 s3e1-8d42c494:1 s8e1-a70ee643:1 s7e1-a3ef9b0b:1 s6e1-9b0f1b13:1 s2e1-a910b54a:1 s1e1-9e95344b:1 s5e1-9bd12198:1
1785925037.576545 s4e1-8eb2eb0b:1 s3e1-8d42c494:1 s8e1-a70ee643:1 s7e1-a3ef9b0b:1 s6e1-9b0f1b13:1 s2e1-a910b54a:1 s1e1-9e95344b:1 s5e1-9bd12198:1
1785925037.597523 s4e1-8eb2eb0b:1 s3e1-8d42c494:1 s8e1-a70ee643:1 s7e1-a3ef9b0b:1 s6e1-9b0f1b13:1 s2e1-a910b54a:1 s1e1-9e95344b:1 s5e1-9bd12198:1
1785925037.618504 s4e1-8eb2eb0b:1 s3e1-8d42c494:1 s8e1-a70ee643:1 s7e1-a3ef9b0b:1 s6e1-9b0f1b13:1 s2e1-a910b54a:1 s1e1-9e95344b:1 s5e1-9bd12198:1
1785925037.639437 s4e1-8eb2eb0b:1 s3e1-8d42c494:1 s8e1-a70ee643:1 s7e1-a3ef9b0b:1 s6e1-9b0f1b13:1 s2e1-a910b54a:1 s1e1-9e95344b:1 s5e1-9bd12198:1
1785925037.660384 s4e1-8eb2eb0b:1 s3e1-8d42c494:1 s8e1-a70ee643:1 s7e1-a3ef9b0b:1 s6e1-9b0f1b13:1 s2e1-a910b54a:1 s1e1-9e95344b:1 s5e1-9bd12198:1
1785925037.681324 s4e1-8eb2eb0b:1 s3e1-8d42c494:1 s8e1-a70ee643:1 s7e1-a3ef9b0b:1 s6e1-9b0f1b13:1 s2e1-a910b54a:1 s1e1-9e95344b:1 s5e1-9bd12198:1
1785925037.702370 s4e1-8eb2eb0b:1 s3e1-8d42c494:1 s8e1-a70ee643:1 s7e1-a3ef9b0b:1 s6e1-9b0f1b13:1 s2e1-a910b54a:1 s1e1-9e95344b:1 s5e1-9bd12198:1
1785925037.723393 s4e1-8eb2eb0b:1 s3e1-8d42c494:1 s8e1-a70ee643:1 s7e1-a3ef9b0b:1 s6e1-9b0f1b13:1 s2e1-a910b54a:1 s1e1-9e95344b:1 s5e1-9bd12198:1
1785925037.744442 s4e1-8eb2eb0b:1 s3e1-8d42c494:1 s8e1-a70ee643:1 s7e1-a3ef9b0b:1 s6e1-9b0f1b13:1 s2e1-a910b54a:1 s1e1-9e95344b:1 s5e1-9bd12198:1
1785925037.765491 s4e1-8eb2eb0b:1 s3e1-8d42c494:1 s8e1-a70ee643:1 s7e1-a3ef9b0b:1 s6e1-9b0f1b13:1 s2e1-a910b54a:1 s1e1-9e95344b:1 s5e1-9bd12198:1
1785925037.786637 s4e1-8eb2eb0b:1 s3e1-8d42c494:1 s8e1-a70ee643:1 s7e1-a3ef9b0b:1 s6e1-9b0f1b13:1 s2e1-a910b54a:1 s1e1-9e95344b:1 s5e1-9bd12198:1
1785925037.807624 s4e1-8eb2eb0b:1 s3e1-8d42c494:1 s8e1-a70ee643:1 s7e1-a3ef9b0b:1 s6e1-9b0f1b13:1 s2e1-a910b54a:1 s1e1-9e95344b:1 s5e1-9bd12198:1
1785925037.828639 s4e1-8eb2eb0b:1 s3e1-8d42c494:1 s8e1-a70ee643:1 s7e1-a3ef9b0b:1 s6e1-9b0f1b13:1 s2e1-a910b54a:1 s1e1-9e95344b:1 s5e1-9bd12198:1
1785925037.849674 s4e1-8eb2eb0b:1 s3e1-8d42c494:1 s8e1-a70ee643:1 s7e1-a3ef9b0b:1 s6e1-9b0f1b13:1 s2e1-a910b54a:1 s1e1-9e95344b:1 s5e1-9bd12198:1
1785925037.870723 s4e1-8eb2eb0b:1 s3e1-8d42c494:1 s8e1-a70ee643:1 s7e1-a3ef9b0b:1 s6e1-9b0f1b13:1 s2e1-a910b54a:1 s1e1-9e95344b:1 s5e1-9bd12198:1
1785925037.891750 s4e1-8eb2eb0b:1 s3e1-8d42c494:1 s8e1-a70ee643:1 s7e1-a3ef9b0b:1 s6e1-9b0f1b13:1 s2e1-a910b54a:1 s1e1-9e95344b:1 s5e1-9bd12198:1
1785925037.912836 s4e1-8eb2eb0b:1 s3e1-8d42c494:1 s8e1-a70ee643:1 s7e1-a3ef9b0b:1 s6e1-9b0f1b13:1 s2e1-a910b54a:1 s1e1-9e95344b:1 s5e1-9bd12198:1
1785925037.933859 s4e1-8eb2eb0b:1 s3e1-8d42c494:1 s8e1-a70ee643:1 s7e1-a3ef9b0b:1 s6e1-9b0f1b13:1 s2e1-a910b54a:1 s1e1-9e95344b:1 s5e1-9bd12198:1
1785925037.954896 s4e1-8eb2eb0b:1 s3e1-8d42c494:1 s8e1-a70ee643:1 s7e1-a3ef9b0b:1 s6e1-9b0f1b13:1 s2e1-a910b54a:1 s1e1-9e95344b:1 s5e1-9bd12198:1
1785925037.975958 s4e1-8eb2eb0b:1 s3e1-8d42c494:1 s8e1-a70ee643:1 s7e1-a3ef9b0b:1 s6e1-9b0f1b13:1 s2e1-a910b54a:1 s1e1-9e95344b:1 s5e1-9bd12198:1
1785925037.997036 s4e1-8eb2eb0b:1 s3e1-8d42c494:1 s8e1-a70ee643:1 s7e1-a3ef9b0b:1 s6e1-9b0f1b13:1 s2e1-a910b54a:1 s1e1-9e95344b:1 s5e1-9bd12198:1
1785925038.018098 s4e1-8eb2eb0b:1 s3e1-8d42c494:1 s8e1-a70ee643:1 s7e1-a3ef9b0b:1 s6e1-9b0f1b13:1 s2e1-a910b54a:1 s1e1-9e95344b:1 s5e1-9bd12198:1
1785925038.039143 s4e1-8eb2eb0b:1 s3e1-8d42c494:1 s8e1-a70ee643:1 s7e1-a3ef9b0b:1 s6e1-9b0f1b13:1 s2e1-a910b54a:1 s1e1-9e95344b:1 s5e1-9bd12198:1
1785925038.060182 s4e1-8eb2eb0b:1 s3e1-8d42c494:1 s8e1-a70ee643:1 s7e1-a3ef9b0b:1 s6e1-9b0f1b13:1 s2e1-a910b54a:1 s1e1-9e95344b:1 s5e1-9bd12198:1
1785925038.081238 s4e1-8eb2eb0b:1 s3e1-8d42c494:1 s8e1-a70ee643:1 s7e1-a3ef9b0b:1 s6e1-9b0f1b13:1 s2e1-a910b54a:1 s1e1-9e95344b:1 s5e1-9bd12198:1
1785925038.102316 s4e1-8eb2eb0b:1 s3e1-8d42c494:1 s8e1-a70ee643:1 s7e1-a3ef9b0b:1 s6e1-9b0f1b13:1 s2e1-a910b54a:1 s1e1-9e95344b:1 s5e1-9bd12198:1
1785925038.123461 s4e1-8eb2eb0b:1 s3e1-8d42c494:1 s8e1-a70ee643:1 s7e1-a3ef9b0b:1 s6e1-9b0f1b13:1 s2e1-a910b54a:1 s1e1-9e95344b:1 s5e1-9bd12198:1
1785925038.144509 s3e1-8d42c494:1 s8e1-a70ee643:1 s7e1-a3ef9b0b:1 s6e1-9b0f1b13:1 s2e1-a910b54a:1 s1e1-9e95344b:1 s5e1-9bd12198:1
1785925038.165542 s5e1-9bd12198:1
1785925039.304428 s3e1-8d42c494:53E
1785925039.376345 s3e1-8d42c494:1 s4e1-8eb2eb0b:53E s8e1-a70ee643:53E s7e1-a3ef9b0b:53E s6e1-9b0f1b13:53E s2e1-a910b54a:53E s1e1-9e95344b:53E s5e1-9bd12198:53E
1785925039.454861 s3e1-8d42c494:1 s4e1-8eb2eb0b:1 s8e1-a70ee643:1 s7e1-a3ef9b0b:1 s6e1-9b0f1b13:1 s2e1-a910b54a:1 s1e1-9e95344b:1 s5e1-9bd12198:1
1785925039.534558 s3e1-8d42c494:1 s4e1-8eb2eb0b:1 s8e1-a70ee643:1 s7e1-a3ef9b0b:1 s6e1-9b0f1b13:1 s2e1-a910b54a:1 s1e1-9e95344b:1 s5e1-9bd12198:1
1785925039.555281 s3e1-8d42c494:1 s4e1-8eb2eb0b:1 s8e1-a70ee643:1 s7e1-a3ef9b0b:1 s6e1-9b0f1b13:1 s2e1-a910b54a:1 s1e1-9e95344b:1 s5e1-9bd12198:1
1785925039.576147 s3e1-8d42c494:1 s4e1-8eb2eb0b:1 s8e1-a70ee643:1 s7e1-a3ef9b0b:1 s6e1-9b0f1b13:1 s2e1-a910b54a:1 s1e1-9e95344b:1 s5e1-9bd12198:1
1785925039.597160 s3e1-8d42c494:1 s4e1-8eb2eb0b:1 s8e1-a70ee643:1 s7e1-a3ef9b0b:1 s6e1-9b0f1b13:1 s2e1-a910b54a:1 s1e1-9e95344b:1 s5e1-9bd12198:1
1785925039.618189 s3e1-8d42c494:1 s4e1-8eb2eb0b:1 s8e1-a70ee643:1 s7e1-a3ef9b0b:1 s6e1-9b0f1b13:1 s2e1-a910b54a:1 s1e1-9e95344b:1 s5e1-9bd12198:1
1785925039.639254 s3e1-8d42c494:1 s4e1-8eb2eb0b:1 s8e1-a70ee643:1 s7e1-a3ef9b0b:1 s6e1-9b0f1b13:1 s2e1-a910b54a:1 s1e1-9e95344b:1 s5e1-9bd12198:1
1785925039.660346 s3e1-8d42c494:1 s4e1-8eb2eb0b:1 s8e1-a70ee643:1 s7e1-a3ef9b0b:1 s6e1-9b0f1b13:1 s2e1-a910b54a:1 s1e1-9e95344b:1 s5e1-9bd12198:1
1785925039.681415 s3e1-8d42c494:1 s4e1-8eb2eb0b:1 s8e1-a70ee643:1 s7e1-a3ef9b0b:1 s6e1-9b0f1b13:1 s2e1-a910b54a:1 s1e1-9e95344b:1 s5e1-9bd12198:1
1785925039.702690 s3e1-8d42c494:1 s4e1-8eb2eb0b:1 s8e1-a70ee643:1 s7e1-a3ef9b0b:1 s6e1-9b0f1b13:1 s2e1-a910b54a:1 s1e1-9e95344b:1 s5e1-9bd12198:1
1785925039.723723 s3e1-8d42c494:1 s4e1-8eb2eb0b:1 s8e1-a70ee643:1 s7e1-a3ef9b0b:1 s6e1-9b0f1b13:1 s2e1-a910b54a:1 s1e1-9e95344b:1 s5e1-9bd12198:1
1785925039.744551 s3e1-8d42c494:1 s4e1-8eb2eb0b:1 s8e1-a70ee643:1 s7e1-a3ef9b0b:1 s6e1-9b0f1b13:1 s2e1-a910b54a:1 s1e1-9e95344b:1 s5e1-9bd12198:1
1785925039.765616 s3e1-8d42c494:1 s4e1-8eb2eb0b:1 s8e1-a70ee643:1 s7e1-a3ef9b0b:1 s6e1-9b0f1b13:1 s2e1-a910b54a:1 s1e1-9e95344b:1 s5e1-9bd12198:1
1785925039.786686 s3e1-8d42c494:1 s4e1-8eb2eb0b:1 s8e1-a70ee643:1 s7e1-a3ef9b0b:1 s6e1-9b0f1b13:1 s2e1-a910b54a:1 s1e1-9e95344b:1 s5e1-9bd12198:1
1785925039.807710 s3e1-8d42c494:1 s4e1-8eb2eb0b:1 s8e1-a70ee643:1 s7e1-a3ef9b0b:1 s6e1-9b0f1b13:1 s2e1-a910b54a:1 s1e1-9e95344b:1 s5e1-9bd12198:1
1785925039.828817 s3e1-8d42c494:1 s4e1-8eb2eb0b:1 s8e1-a70ee643:1 s7e1-a3ef9b0b:1 s6e1-9b0f1b13:1 s2e1-a910b54a:1 s1e1-9e95344b:1 s5e1-9bd12198:1
1785925039.849893 s3e1-8d42c494:1 s4e1-8eb2eb0b:1 s8e1-a70ee643:1 s7e1-a3ef9b0b:1 s6e1-9b0f1b13:1 s2e1-a910b54a:1 s1e1-9e95344b:1 s5e1-9bd12198:1
1785925039.870999 s3e1-8d42c494:1 s4e1-8eb2eb0b:1 s8e1-a70ee643:1 s7e1-a3ef9b0b:1 s6e1-9b0f1b13:1 s2e1-a910b54a:1 s1e1-9e95344b:1 s5e1-9bd12198:1
1785925039.892033 s3e1-8d42c494:1 s4e1-8eb2eb0b:1 s8e1-a70ee643:1 s7e1-a3ef9b0b:1 s6e1-9b0f1b13:1 s2e1-a910b54a:1 s1e1-9e95344b:1 s5e1-9bd12198:1
1785925039.913156 s3e1-8d42c494:1 s4e1-8eb2eb0b:1 s8e1-a70ee643:1 s7e1-a3ef9b0b:1 s6e1-9b0f1b13:1 s2e1-a910b54a:1 s1e1-9e95344b:1 s5e1-9bd12198:1
1785925039.934207 s3e1-8d42c494:1 s4e1-8eb2eb0b:1 s8e1-a70ee643:1 s7e1-a3ef9b0b:1 s6e1-9b0f1b13:1 s2e1-a910b54a:1 s1e1-9e95344b:1 s5e1-9bd12198:1
1785925039.955291 s3e1-8d42c494:1 s4e1-8eb2eb0b:1 s8e1-a70ee643:1 s7e1-a3ef9b0b:1 s6e1-9b0f1b13:1 s2e1-a910b54a:1 s1e1-9e95344b:1 s5e1-9bd12198:1
1785925039.976351 s3e1-8d42c494:1 s4e1-8eb2eb0b:1 s8e1-a70ee643:1 s7e1-a3ef9b0b:1 s6e1-9b0f1b13:1 s2e1-a910b54a:1 s1e1-9e95344b:1 s5e1-9bd12198:1
1785925039.997440 s3e1-8d42c494:1 s4e1-8eb2eb0b:1 s8e1-a70ee643:1 s7e1-a3ef9b0b:1 s6e1-9b0f1b13:1 s2e1-a910b54a:1 s1e1-9e95344b:1 s5e1-9bd12198:1
1785925040.018508 s3e1-8d42c494:1 s4e1-8eb2eb0b:1 s8e1-a70ee643:1 s7e1-a3ef9b0b:1 s6e1-9b0f1b13:1 s2e1-a910b54a:1 s1e1-9e95344b:1 s5e1-9bd12198:1
1785925040.039667 s3e1-8d42c494:1 s4e1-8eb2eb0b:1 s8e1-a70ee643:1 s7e1-a3ef9b0b:1 s6e1-9b0f1b13:1 s2e1-a910b54a:1 s1e1-9e95344b:1 s5e1-9bd12198:1
1785925040.060705 s3e1-8d42c494:1 s4e1-8eb2eb0b:1 s8e1-a70ee643:1 s7e1-a3ef9b0b:1 s6e1-9b0f1b13:1 s2e1-a910b54a:1 s1e1-9e95344b:1 s5e1-9bd12198:1
1785925040.081713 s3e1-8d42c494:1 s4e1-8eb2eb0b:1 s8e1-a70ee643:1 s7e1-a3ef9b0b:1 s6e1-9b0f1b13:1 s2e1-a910b54a:1 s1e1-9e95344b:1 s5e1-9bd12198:1
1785925040.102834 s3e1-8d42c494:1 s4e1-8eb2eb0b:1 s8e1-a70ee643:1 s7e1-a3ef9b0b:1 s6e1-9b0f1b13:1 s2e1-a910b54a:1 s1e1-9e95344b:1 s5e1-9bd12198:1
1785925040.123933 s3e1-8d42c494:1 s4e1-8eb2eb0b:1 s8e1-a70ee643:1 s7e1-a3ef9b0b:1 s6e1-9b0f1b13:1 s2e1-a910b54a:1 s1e1-9e95344b:1 s5e1-9bd12198:1
1785925040.145008 s3e1-8d42c494:1 s4e1-8eb2eb0b:1 s8e1-a70ee643:1 s7e1-a3ef9b0b:1 s6e1-9b0f1b13:1 s2e1-a910b54a:1 s1e1-9e95344b:1 s5e1-9bd12198:1
1785925040.166069 s4e1-8eb2eb0b:1 s8e1-a70ee643:1 s7e1-a3ef9b0b:1 s6e1-9b0f1b13:1 s2e1-a910b54a:1 s1e1-9e95344b:1 s5e1-9bd12198:1
1785925041.270107 s8e1-a70ee643:53E
1785925041.326653 s8e1-a70ee643:1 s3e1-8d42c494:53E s4e1-8eb2eb0b:53E s6e1-9b0f1b13:53E s2e1-a910b54a:53E
1785925041.384640 s8e1-a70ee643:1 s3e1-8d42c494:1 s4e1-8eb2eb0b:1 s6e1-9b0f1b13:1 s2e1-a910b54a:1 s7e1-a3ef9b0b:53E s1e1-9e95344b:53E s5e1-9bd12198:53E
1785925041.468760 s8e1-a70ee643:1 s3e1-8d42c494:1 s4e1-8eb2eb0b:1 s6e1-9b0f1b13:1 s2e1-a910b54a:1 s7e1-a3ef9b0b:1 s1e1-9e95344b:1 s5e1-9bd12198:1
1785925041.510427 s8e1-a70ee643:1 s3e1-8d42c494:1 s4e1-8eb2eb0b:1 s6e1-9b0f1b13:1 s2e1-a910b54a:1 s7e1-a3ef9b0b:1 s1e1-9e95344b:1 s5e1-9bd12198:1
1785925041.531507 s8e1-a70ee643:1 s3e1-8d42c494:1 s4e1-8eb2eb0b:1 s6e1-9b0f1b13:1 s2e1-a910b54a:1 s7e1-a3ef9b0b:1 s1e1-9e95344b:1 s5e1-9bd12198:1
1785925041.552625 s8e1-a70ee643:1 s3e1-8d42c494:1 s4e1-8eb2eb0b:1 s6e1-9b0f1b13:1 s2e1-a910b54a:1 s7e1-a3ef9b0b:1 s1e1-9e95344b:1 s5e1-9bd12198:1
1785925041.573827 s8e1-a70ee643:1 s3e1-8d42c494:1 s4e1-8eb2eb0b:1 s6e1-9b0f1b13:1 s2e1-a910b54a:1 s7e1-a3ef9b0b:1 s1e1-9e95344b:1 s5e1-9bd12198:1
1785925041.594995 s8e1-a70ee643:1 s3e1-8d42c494:1 s4e1-8eb2eb0b:1 s6e1-9b0f1b13:1 s2e1-a910b54a:1 s7e1-a3ef9b0b:1 s1e1-9e95344b:1 s5e1-9bd12198:1
1785925041.616174 s8e1-a70ee643:1 s3e1-8d42c494:1 s4e1-8eb2eb0b:1 s6e1-9b0f1b13:1 s2e1-a910b54a:1 s7e1-a3ef9b0b:1 s1e1-9e95344b:1 s5e1-9bd12198:1
1785925041.637391 s8e1-a70ee643:1 s3e1-8d42c494:1 s4e1-8eb2eb0b:1 s6e1-9b0f1b13:1 s2e1-a910b54a:1 s7e1-a3ef9b0b:1 s1e1-9e95344b:1 s5e1-9bd12198:1
1785925041.658604 s8e1-a70ee643:1 s3e1-8d42c494:1 s4e1-8eb2eb0b:1 s6e1-9b0f1b13:1 s2e1-a910b54a:1 s7e1-a3ef9b0b:1 s1e1-9e95344b:1 s5e1-9bd12198:1
1785925041.679807 s8e1-a70ee643:1 s3e1-8d42c494:1 s4e1-8eb2eb0b:1 s6e1-9b0f1b13:1 s2e1-a910b54a:1 s7e1-a3ef9b0b:1 s1e1-9e95344b:1 s5e1-9bd12198:1
1785925041.701021 s8e1-a70ee643:1 s3e1-8d42c494:1 s4e1-8eb2eb0b:1 s6e1-9b0f1b13:1 s2e1-a910b54a:1 s7e1-a3ef9b0b:1 s1e1-9e95344b:1 s5e1-9bd12198:1
1785925041.722185 s8e1-a70ee643:1 s3e1-8d42c494:1 s4e1-8eb2eb0b:1 s6e1-9b0f1b13:1 s2e1-a910b54a:1 s7e1-a3ef9b0b:1 s1e1-9e95344b:1 s5e1-9bd12198:1
1785925041.743396 s8e1-a70ee643:1 s3e1-8d42c494:1 s4e1-8eb2eb0b:1 s6e1-9b0f1b13:1 s2e1-a910b54a:1 s7e1-a3ef9b0b:1 s1e1-9e95344b:1 s5e1-9bd12198:1
1785925041.764544 s8e1-a70ee643:1 s3e1-8d42c494:1 s4e1-8eb2eb0b:1 s6e1-9b0f1b13:1 s2e1-a910b54a:1 s7e1-a3ef9b0b:1 s1e1-9e95344b:1 s5e1-9bd12198:1
1785925041.785737 s8e1-a70ee643:1 s3e1-8d42c494:1 s4e1-8eb2eb0b:1 s6e1-9b0f1b13:1 s2e1-a910b54a:1 s7e1-a3ef9b0b:1 s1e1-9e95344b:1 s5e1-9bd12198:1
1785925041.806911 s8e1-a70ee643:1 s3e1-8d42c494:1 s4e1-8eb2eb0b:1 s6e1-9b0f1b13:1 s2e1-a910b54a:1 s7e1-a3ef9b0b:1 s1e1-9e95344b:1 s5e1-9bd12198:1
1785925041.828096 s8e1-a70ee643:1 s3e1-8d42c494:1 s4e1-8eb2eb0b:1 s6e1-9b0f1b13:1 s2e1-a910b54a:1 s7e1-a3ef9b0b:1 s1e1-9e95344b:1 s5e1-9bd12198:1
1785925041.849278 s8e1-a70ee643:1 s3e1-8d42c494:1 s4e1-8eb2eb0b:1 s6e1-9b0f1b13:1 s2e1-a910b54a:1 s7e1-a3ef9b0b:1 s1e1-9e95344b:1 s5e1-9bd12198:1
1785925041.870515 s8e1-a70ee643:1 s3e1-8d42c494:1 s4e1-8eb2eb0b:1 s6e1-9b0f1b13:1 s2e1-a910b54a:1 s7e1-a3ef9b0b:1 s1e1-9e95344b:1 s5e1-9bd12198:1
1785925041.891684 s8e1-a70ee643:1 s3e1-8d42c494:1 s4e1-8eb2eb0b:1 s6e1-9b0f1b13:1 s2e1-a910b54a:1 s7e1-a3ef9b0b:1 s1e1-9e95344b:1 s5e1-9bd12198:1
1785925041.912910 s8e1-a70ee643:1 s3e1-8d42c494:1 s4e1-8eb2eb0b:1 s6e1-9b0f1b13:1 s2e1-a910b54a:1 s7e1-a3ef9b0b:1 s1e1-9e95344b:1 s5e1-9bd12198:1
1785925041.934058 s8e1-a70ee643:1 s3e1-8d42c494:1 s4e1-8eb2eb0b:1 s6e1-9b0f1b13:1 s2e1-a910b54a:1 s7e1-a3ef9b0b:1 s1e1-9e95344b:1 s5e1-9bd12198:1
1785925041.955194 s8e1-a70ee643:1 s3e1-8d42c494:1 s4e1-8eb2eb0b:1 s6e1-9b0f1b13:1 s2e1-a910b54a:1 s7e1-a3ef9b0b:1 s1e1-9e95344b:1 s5e1-9bd12198:1
1785925041.976425 s8e1-a70ee643:1 s3e1-8d42c494:1 s4e1-8eb2eb0b:1 s6e1-9b0f1b13:1 s2e1-a910b54a:1 s7e1-a3ef9b0b:1 s1e1-9e95344b:1 s5e1-9bd12198:1
1785925041.997603 s8e1-a70ee643:1 s3e1-8d42c494:1 s4e1-8eb2eb0b:1 s6e1-9b0f1b13:1 s2e1-a910b54a:1 s7e1-a3ef9b0b:1 s1e1-9e95344b:1 s5e1-9bd12198:1
1785925042.018800 s8e1-a70ee643:1 s3e1-8d42c494:1 s4e1-8eb2eb0b:1 s6e1-9b0f1b13:1 s2e1-a910b54a:1 s7e1-a3ef9b0b:1 s1e1-9e95344b:1 s5e1-9bd12198:1
1785925042.039980 s8e1-a70ee643:1 s3e1-8d42c494:1 s4e1-8eb2eb0b:1 s6e1-9b0f1b13:1 s2e1-a910b54a:1 s7e1-a3ef9b0b:1 s1e1-9e95344b:1 s5e1-9bd12198:1
1785925042.061199 s8e1-a70ee643:1 s3e1-8d42c494:1 s4e1-8eb2eb0b:1 s6e1-9b0f1b13:1 s2e1-a910b54a:1 s7e1-a3ef9b0b:1 s1e1-9e95344b:1 s5e1-9bd12198:1
1785925042.082400 s8e1-a70ee643:1 s3e1-8d42c494:1 s4e1-8eb2eb0b:1 s6e1-9b0f1b13:1 s2e1-a910b54a:1 s7e1-a3ef9b0b:1 s1e1-9e95344b:1 s5e1-9bd12198:1
1785925042.103602 s8e1-a70ee643:1 s3e1-8d42c494:1 s4e1-8eb2eb0b:1 s6e1-9b0f1b13:1 s2e1-a910b54a:1 s7e1-a3ef9b0b:1 s1e1-9e95344b:1 s5e1-9bd12198:1
1785925042.124773 s3e1-8d42c494:1 s4e1-8eb2eb0b:1 s6e1-9b0f1b13:1 s2e1-a910b54a:1 s7e1-a3ef9b0b:1 s1e1-9e95344b:1 s5e1-9bd12198:1
1785925042.145945 s7e1-a3ef9b0b:1 s1e1-9e95344b:1 s5e1-9bd12198:1
1785925043.271479 s1e1-9e95344b:53E
1785925043.320188 s1e1-9e95344b:1 s7e1-a3ef9b0b:53E
1785925043.369614 s1e1-9e95344b:1 s7e1-a3ef9b0b:1 s3e1-8d42c494:53E s4e1-8eb2eb0b:53E s6e1-9b0f1b13:53E s2e1-a910b54a:53E
1785925043.422813 s1e1-9e95344b:1 s7e1-a3ef9b0b:1 s3e1-8d42c494:1 s4e1-8eb2eb0b:1 s6e1-9b0f1b13:1 s2e1-a910b54a:1 s8e1-a70ee643:53E s5e1-9bd12198:53E
1785925043.508058 s1e1-9e95344b:1 s7e1-a3ef9b0b:1 s3e1-8d42c494:1 s4e1-8eb2eb0b:1 s6e1-9b0f1b13:1 s2e1-a910b54a:1 s8e1-a70ee643:1 s5e1-9bd12198:1
1785925043.527519 s1e1-9e95344b:1 s7e1-a3ef9b0b:1 s3e1-8d42c494:1 s4e1-8eb2eb0b:1 s6e1-9b0f1b13:1 s2e1-a910b54a:1 s8e1-a70ee643:1 s5e1-9bd12198:1
1785925043.548577 s1e1-9e95344b:1 s7e1-a3ef9b0b:1 s3e1-8d42c494:1 s4e1-8eb2eb0b:1 s6e1-9b0f1b13:1 s2e1-a910b54a:1 s8e1-a70ee643:1 s5e1-9bd12198:1
1785925043.569690 s1e1-9e95344b:1 s7e1-a3ef9b0b:1 s3e1-8d42c494:1 s4e1-8eb2eb0b:1 s6e1-9b0f1b13:1 s2e1-a910b54a:1 s8e1-a70ee643:1 s5e1-9bd12198:1
1785925043.590869 s1e1-9e95344b:1 s7e1-a3ef9b0b:1 s3e1-8d42c494:1 s4e1-8eb2eb0b:1 s6e1-9b0f1b13:1 s2e1-a910b54a:1 s8e1-a70ee643:1 s5e1-9bd12198:1
1785925043.612017 s1e1-9e95344b:1 s7e1-a3ef9b0b:1 s3e1-8d42c494:1 s4e1-8eb2eb0b:1 s6e1-9b0f1b13:1 s2e1-a910b54a:1 s8e1-a70ee643:1 s5e1-9bd12198:1
1785925043.633145 s1e1-9e95344b:1 s7e1-a3ef9b0b:1 s3e1-8d42c494:1 s4e1-8eb2eb0b:1 s6e1-9b0f1b13:1 s2e1-a910b54a:1 s8e1-a70ee643:1 s5e1-9bd12198:1
1785925043.654262 s1e1-9e95344b:1 s7e1-a3ef9b0b:1 s3e1-8d42c494:1 s4e1-8eb2eb0b:1 s6e1-9b0f1b13:1 s2e1-a910b54a:1 s8e1-a70ee643:1 s5e1-9bd12198:1
1785925043.675377 s1e1-9e95344b:1 s7e1-a3ef9b0b:1 s3e1-8d42c494:1 s4e1-8eb2eb0b:1 s6e1-9b0f1b13:1 s2e1-a910b54a:1 s8e1-a70ee643:1 s5e1-9bd12198:1
1785925043.696508 s1e1-9e95344b:1 s7e1-a3ef9b0b:1 s3e1-8d42c494:1 s4e1-8eb2eb0b:1 s6e1-9b0f1b13:1 s2e1-a910b54a:1 s8e1-a70ee643:1 s5e1-9bd12198:1
1785925043.717602 s1e1-9e95344b:1 s7e1-a3ef9b0b:1 s3e1-8d42c494:1 s4e1-8eb2eb0b:1 s6e1-9b0f1b13:1 s2e1-a910b54a:1 s8e1-a70ee643:1 s5e1-9bd12198:1
1785925043.738707 s1e1-9e95344b:1 s7e1-a3ef9b0b:1 s3e1-8d42c494:1 s4e1-8eb2eb0b:1 s6e1-9b0f1b13:1 s2e1-a910b54a:1 s8e1-a70ee643:1 s5e1-9bd12198:1
1785925043.759820 s1e1-9e95344b:1 s7e1-a3ef9b0b:1 s3e1-8d42c494:1 s4e1-8eb2eb0b:1 s6e1-9b0f1b13:1 s2e1-a910b54a:1 s8e1-a70ee643:1 s5e1-9bd12198:1
1785925043.781015 s1e1-9e95344b:1 s7e1-a3ef9b0b:1 s3e1-8d42c494:1 s4e1-8eb2eb0b:1 s6e1-9b0f1b13:1 s2e1-a910b54a:1 s8e1-a70ee643:1 s5e1-9bd12198:1
1785925043.802100 s1e1-9e95344b:1 s7e1-a3ef9b0b:1 s3e1-8d42c494:1 s4e1-8eb2eb0b:1 s6e1-9b0f1b13:1 s2e1-a910b54a:1 s8e1-a70ee643:1 s5e1-9bd12198:1
1785925043.823251 s1e1-9e95344b:1 s7e1-a3ef9b0b:1 s3e1-8d42c494:1 s4e1-8eb2eb0b:1 s6e1-9b0f1b13:1 s2e1-a910b54a:1 s8e1-a70ee643:1 s5e1-9bd12198:1
1785925043.844295 s1e1-9e95344b:1 s7e1-a3ef9b0b:1 s3e1-8d42c494:1 s4e1-8eb2eb0b:1 s6e1-9b0f1b13:1 s2e1-a910b54a:1 s8e1-a70ee643:1 s5e1-9bd12198:1
1785925043.865366 s1e1-9e95344b:1 s7e1-a3ef9b0b:1 s3e1-8d42c494:1 s4e1-8eb2eb0b:1 s6e1-9b0f1b13:1 s2e1-a910b54a:1 s8e1-a70ee643:1 s5e1-9bd12198:1
1785925043.886498 s1e1-9e95344b:1 s7e1-a3ef9b0b:1 s3e1-8d42c494:1 s4e1-8eb2eb0b:1 s6e1-9b0f1b13:1 s2e1-a910b54a:1 s8e1-a70ee643:1 s5e1-9bd12198:1
1785925043.907601 s1e1-9e95344b:1 s7e1-a3ef9b0b:1 s3e1-8d42c494:1 s4e1-8eb2eb0b:1 s6e1-9b0f1b13:1 s2e1-a910b54a:1 s8e1-a70ee643:1 s5e1-9bd12198:1
1785925043.928704 s1e1-9e95344b:1 s7e1-a3ef9b0b:1 s3e1-8d42c494:1 s4e1-8eb2eb0b:1 s6e1-9b0f1b13:1 s2e1-a910b54a:1 s8e1-a70ee643:1 s5e1-9bd12198:1
1785925043.949827 s1e1-9e95344b:1 s7e1-a3ef9b0b:1 s3e1-8d42c494:1 s4e1-8eb2eb0b:1 s6e1-9b0f1b13:1 s2e1-a910b54a:1 s8e1-a70ee643:1 s5e1-9bd12198:1
1785925043.970925 s1e1-9e95344b:1 s7e1-a3ef9b0b:1 s3e1-8d42c494:1 s4e1-8eb2eb0b:1 s6e1-9b0f1b13:1 s2e1-a910b54a:1 s8e1-a70ee643:1 s5e1-9bd12198:1
1785925043.992042 s1e1-9e95344b:1 s7e1-a3ef9b0b:1 s3e1-8d42c494:1 s4e1-8eb2eb0b:1 s6e1-9b0f1b13:1 s2e1-a910b54a:1 s8e1-a70ee643:1 s5e1-9bd12198:1
1785925044.013162 s1e1-9e95344b:1 s7e1-a3ef9b0b:1 s3e1-8d42c494:1 s4e1-8eb2eb0b:1 s6e1-9b0f1b13:1 s2e1-a910b54a:1 s8e1-a70ee643:1 s5e1-9bd12198:1
1785925044.034264 s1e1-9e95344b:1 s7e1-a3ef9b0b:1 s3e1-8d42c494:1 s4e1-8eb2eb0b:1 s6e1-9b0f1b13:1 s2e1-a910b54a:1 s8e1-a70ee643:1 s5e1-9bd12198:1
1785925044.055395 s1e1-9e95344b:1 s7e1-a3ef9b0b:1 s3e1-8d42c494:1 s4e1-8eb2eb0b:1 s6e1-9b0f1b13:1 s2e1-a910b54a:1 s8e1-a70ee643:1 s5e1-9bd12198:1
1785925044.076462 s1e1-9e95344b:1 s7e1-a3ef9b0b:1 s3e1-8d42c494:1 s4e1-8eb2eb0b:1 s6e1-9b0f1b13:1 s2e1-a910b54a:1 s8e1-a70ee643:1 s5e1-9bd12198:1
1785925044.097614 s1e1-9e95344b:1 s7e1-a3ef9b0b:1 s3e1-8d42c494:1 s4e1-8eb2eb0b:1 s6e1-9b0f1b13:1 s2e1-a910b54a:1 s8e1-a70ee643:1 s5e1-9bd12198:1
1785925044.118913 s7e1-a3ef9b0b:1 s3e1-8d42c494:1 s4e1-8eb2eb0b:1 s6e1-9b0f1b13:1 s2e1-a910b54a:1 s8e1-a70ee643:1 s5e1-9bd12198:1
1785925044.139992 s3e1-8d42c494:1 s4e1-8eb2eb0b:1 s6e1-9b0f1b13:1 s2e1-a910b54a:1 s8e1-a70ee643:1 s5e1-9bd12198:1
1785925044.161226 s8e1-a70ee643:1 s5e1-9bd12198:1
1785925045.282757 s2e1-a910b54a:53E
1785925045.332031 s2e1-a910b54a:1 s6e1-9b0f1b13:53E s8e1-a70ee643:53E
1785925045.385430 s2e1-a910b54a:1 s6e1-9b0f1b13:1 s8e1-a70ee643:1 s1e1-9e95344b:53E s7e1-a3ef9b0b:53E s3e1-8d42c494:53E s4e1-8eb2eb0b:53E s5e1-9bd12198:53E
1785925045.446407 s2e1-a910b54a:1 s6e1-9b0f1b13:1 s8e1-a70ee643:1 s1e1-9e95344b:1 s7e1-a3ef9b0b:1 s3e1-8d42c494:1 s4e1-8eb2eb0b:1 s5e1-9bd12198:1
1785925045.533317 s2e1-a910b54a:1 s6e1-9b0f1b13:1 s8e1-a70ee643:1 s1e1-9e95344b:1 s7e1-a3ef9b0b:1 s3e1-8d42c494:1 s4e1-8eb2eb0b:1 s5e1-9bd12198:1
1785925045.554041 s2e1-a910b54a:1 s6e1-9b0f1b13:1 s8e1-a70ee643:1 s1e1-9e95344b:1 s7e1-a3ef9b0b:1 s3e1-8d42c494:1 s4e1-8eb2eb0b:1 s5e1-9bd12198:1
1785925045.574862 s2e1-a910b54a:1 s6e1-9b0f1b13:1 s8e1-a70ee643:1 s1e1-9e95344b:1 s7e1-a3ef9b0b:1 s3e1-8d42c494:1 s4e1-8eb2eb0b:1 s5e1-9bd12198:1
1785925045.595861 s2e1-a910b54a:1 s6e1-9b0f1b13:1 s8e1-a70ee643:1 s1e1-9e95344b:1 s7e1-a3ef9b0b:1 s3e1-8d42c494:1 s4e1-8eb2eb0b:1 s5e1-9bd12198:1
1785925045.616908 s2e1-a910b54a:1 s6e1-9b0f1b13:1 s8e1-a70ee643:1 s1e1-9e95344b:1 s7e1-a3ef9b0b:1 s3e1-8d42c494:1 s4e1-8eb2eb0b:1 s5e1-9bd12198:1
1785925045.637963 s2e1-a910b54a:1 s6e1-9b0f1b13:1 s8e1-a70ee643:1 s1e1-9e95344b:1 s7e1-a3ef9b0b:1 s3e1-8d42c494:1 s4e1-8eb2eb0b:1 s5e1-9bd12198:1
1785925045.659035 s2e1-a910b54a:1 s6e1-9b0f1b13:1 s8e1-a70ee643:1 s1e1-9e95344b:1 s7e1-a3ef9b0b:1 s3e1-8d42c494:1 s4e1-8eb2eb0b:1 s5e1-9bd12198:1
1785925045.680251 s2e1-a910b54a:1 s6e1-9b0f1b13:1 s8e1-a70ee643:1 s1e1-9e95344b:1 s7e1-a3ef9b0b:1 s3e1-8d42c494:1 s4e1-8eb2eb0b:1 s5e1-9bd12198:1
1785925045.701338 s2e1-a910b54a:1 s6e1-9b0f1b13:1 s8e1-a70ee643:1 s1e1-9e95344b:1 s7e1-a3ef9b0b:1 s3e1-8d42c494:1 s4e1-8eb2eb0b:1 s5e1-9bd12198:1
1785925045.722492 s2e1-a910b54a:1 s6e1-9b0f1b13:1 s8e1-a70ee643:1 s1e1-9e95344b:1 s7e1-a3ef9b0b:1 s3e1-8d42c494:1 s4e1-8eb2eb0b:1 s5e1-9bd12198:1
1785925045.743720 s2e1-a910b54a:1 s6e1-9b0f1b13:1 s8e1-a70ee643:1 s1e1-9e95344b:1 s7e1-a3ef9b0b:1 s3e1-8d42c494:1 s4e1-8eb2eb0b:1 s5e1-9bd12198:1
1785925045.764761 s2e1-a910b54a:1 s6e1-9b0f1b13:1 s8e1-a70ee643:1 s1e1-9e95344b:1 s7e1-a3ef9b0b:1 s3e1-8d42c494:1 s4e1-8eb2eb0b:1 s5e1-9bd12198:1
1785925045.785932 s2e1-a910b54a:1 s6e1-9b0f1b13:1 s8e1-a70ee643:1 s1e1-9e95344b:1 s7e1-a3ef9b0b:1 s3e1-8d42c494:1 s4e1-8eb2eb0b:1 s5e1-9bd12198:1
1785925045.807086 s2e1-a910b54a:1 s6e1-9b0f1b13:1 s8e1-a70ee643:1 s1e1-9e95344b:1 s7e1-a3ef9b0b:1 s3e1-8d42c494:1 s4e1-8eb2eb0b:1 s5e1-9bd12198:1
1785925045.828232 s2e1-a910b54a:1 s6e1-9b0f1b13:1 s8e1-a70ee643:1 s1e1-9e95344b:1 s7e1-a3ef9b0b:1 s3e1-8d42c494:1 s4e1-8eb2eb0b:1 s5e1-9bd12198:1
1785925045.849390 s2e1-a910b54a:1 s6e1-9b0f1b13:1 s8e1-a70ee643:1 s1e1-9e95344b:1 s7e1-a3ef9b0b:1 s3e1-8d42c494:1 s4e1-8eb2eb0b:1 s5e1-9bd12198:1
1785925045.870557 s2e1-a910b54a:1 s6e1-9b0f1b13:1 s8e1-a70ee643:1 s1e1-9e95344b:1 s7e1-a3ef9b0b:1 s3e1-8d42c494:1 s4e1-8eb2eb0b:1 s5e1-9bd12198:1
1785925045.891677 s2e1-a910b54a:1 s6e1-9b0f1b13:1 s8e1-a70ee643:1 s1e1-9e95344b:1 s7e1-a3ef9b0b:1 s3e1-8d42c494:1 s4e1-8eb2eb0b:1 s5e1-9bd12198:1
1785925045.912841 s2e1-a910b54a:1 s6e1-9b0f1b13:1 s8e1-a70ee643:1 s1e1-9e95344b:1 s7e1-a3ef9b0b:1 s3e1-8d42c494:1 s4e1-8eb2eb0b:1 s5e1-9bd12198:1
1785925045.934000 s2e1-a910b54a:1 s6e1-9b0f1b13:1 s8e1-a70ee643:1 s1e1-9e95344b:1 s7e1-a3ef9b0b:1 s3e1-8d42c494:1 s4e1-8eb2eb0b:1 s5e1-9bd12198:1
1785925045.955143 s2e1-a910b54a:1 s6e1-9b0f1b13:1 s8e1-a70ee643:1 s1e1-9e95344b:1 s7e1-a3ef9b0b:1 s3e1-8d42c494:1 s4e1-8eb2eb0b:1 s5e1-9bd12198:1
1785925045.976283 s2e1-a910b54a:1 s6e1-9b0f1b13:1 s8e1-a70ee643:1 s1e1-9e95344b:1 s7e1-a3ef9b0b:1 s3e1-8d42c494:1 s4e1-8eb2eb0b:1 s5e1-9bd12198:1
1785925045.997435 s2e1-a910b54a:1 s6e1-9b0f1b13:1 s8e1-a70ee643:1 s1e1-9e95344b:1 s7e1-a3ef9b0b:1 s3e1-8d42c494:1 s4e1-8eb2eb0b:1 s5e1-9bd12198:1
1785925046.018637 s2e1-a910b54a:1 s6e1-9b0f1b13:1 s8e1-a70ee643:1 s1e1-9e95344b:1 s7e1-a3ef9b0b:1 s3e1-8d42c494:1 s4e1-8eb2eb0b:1 s5e1-9bd12198:1
1785925046.039758 s2e1-a910b54a:1 s6e1-9b0f1b13:1 s8e1-a70ee643:1 s1e1-9e95344b:1 s7e1-a3ef9b0b:1 s3e1-8d42c494:1 s4e1-8eb2eb0b:1 s5e1-9bd12198:1
1785925046.060926 s2e1-a910b54a:1 s6e1-9b0f1b13:1 s8e1-a70ee643:1 s1e1-9e95344b:1 s7e1-a3ef9b0b:1 s3e1-8d42c494:1 s4e1-8eb2eb0b:1 s5e1-9bd12198:1
1785925046.082134 s2e1-a910b54a:1 s6e1-9b0f1b13:1 s8e1-a70ee643:1 s1e1-9e95344b:1 s7e1-a3ef9b0b:1 s3e1-8d42c494:1 s4e1-8eb2eb0b:1 s5e1-9bd12198:1
1785925046.103231 s2e1-a910b54a:1 s6e1-9b0f1b13:1 s8e1-a70ee643:1 s1e1-9e95344b:1 s7e1-a3ef9b0b:1 s3e1-8d42c494:1 s4e1-8eb2eb0b:1 s5e1-9bd12198:1
1785925046.124363 s2e1-a910b54a:1 s6e1-9b0f1b13:1 s8e1-a70ee643:1 s1e1-9e95344b:1 s7e1-a3ef9b0b:1 s3e1-8d42c494:1 s4e1-8eb2eb0b:1 s5e1-9bd12198:1
1785925046.145533 s6e1-9b0f1b13:1 s8e1-a70ee643:1 s1e1-9e95344b:1 s7e1-a3ef9b0b:1 s3e1-8d42c494:1 s4e1-8eb2eb0b:1 s5e1-9bd12198:1
1785925046.166897 s1e1-9e95344b:1 s7e1-a3ef9b0b:1 s3e1-8d42c494:1 s4e1-8eb2eb0b:1 s5e1-9bd12198:1
1785925047.276031 s5e1-9bd12198:53E
1785925047.333267 s5e1-9bd12198:1 s2e1-a910b54a:53E s1e1-9e95344b:53E s7e1-a3ef9b0b:53E s4e1-8eb2eb0b:53E
1785925047.391094 s5e1-9bd12198:1 s2e1-a910b54a:1 s1e1-9e95344b:1 s7e1-a3ef9b0b:1 s4e1-8eb2eb0b:1 s6e1-9b0f1b13:53E s8e1-a70ee643:53E s3e1-8d42c494:53E
1785925047.477313 s5e1-9bd12198:1 s2e1-a910b54a:1 s1e1-9e95344b:1 s7e1-a3ef9b0b:1 s4e1-8eb2eb0b:1 s6e1-9b0f1b13:1 s8e1-a70ee643:1 s3e1-8d42c494:1
1785925047.519445 s5e1-9bd12198:1 s2e1-a910b54a:1 s1e1-9e95344b:1 s7e1-a3ef9b0b:1 s4e1-8eb2eb0b:1 s6e1-9b0f1b13:1 s8e1-a70ee643:1 s3e1-8d42c494:1
1785925047.540472 s5e1-9bd12198:1 s2e1-a910b54a:1 s1e1-9e95344b:1 s7e1-a3ef9b0b:1 s4e1-8eb2eb0b:1 s6e1-9b0f1b13:1 s8e1-a70ee643:1 s3e1-8d42c494:1
1785925047.561546 s5e1-9bd12198:1 s2e1-a910b54a:1 s1e1-9e95344b:1 s7e1-a3ef9b0b:1 s4e1-8eb2eb0b:1 s6e1-9b0f1b13:1 s8e1-a70ee643:1 s3e1-8d42c494:1
1785925047.582832 s5e1-9bd12198:1 s2e1-a910b54a:1 s1e1-9e95344b:1 s7e1-a3ef9b0b:1 s4e1-8eb2eb0b:1 s6e1-9b0f1b13:1 s8e1-a70ee643:1 s3e1-8d42c494:1
1785925047.603971 s5e1-9bd12198:1 s2e1-a910b54a:1 s1e1-9e95344b:1 s7e1-a3ef9b0b:1 s4e1-8eb2eb0b:1 s6e1-9b0f1b13:1 s8e1-a70ee643:1 s3e1-8d42c494:1
1785925047.625115 s5e1-9bd12198:1 s2e1-a910b54a:1 s1e1-9e95344b:1 s7e1-a3ef9b0b:1 s4e1-8eb2eb0b:1 s6e1-9b0f1b13:1 s8e1-a70ee643:1 s3e1-8d42c494:1
1785925047.646244 s5e1-9bd12198:1 s2e1-a910b54a:1 s1e1-9e95344b:1 s7e1-a3ef9b0b:1 s4e1-8eb2eb0b:1 s6e1-9b0f1b13:1 s8e1-a70ee643:1 s3e1-8d42c494:1
1785925047.667345 s5e1-9bd12198:1 s2e1-a910b54a:1 s1e1-9e95344b:1 s7e1-a3ef9b0b:1 s4e1-8eb2eb0b:1 s6e1-9b0f1b13:1 s8e1-a70ee643:1 s3e1-8d42c494:1
1785925047.688474 s5e1-9bd12198:1 s2e1-a910b54a:1 s1e1-9e95344b:1 s7e1-a3ef9b0b:1 s4e1-8eb2eb0b:1 s6e1-9b0f1b13:1 s8e1-a70ee643:1 s3e1-8d42c494:1
1785925047.709587 s5e1-9bd12198:1 s2e1-a910b54a:1 s1e1-9e95344b:1 s7e1-a3ef9b0b:1 s4e1-8eb2eb0b:1 s6e1-9b0f1b13:1 s8e1-a70ee643:1 s3e1-8d42c494:1
1785925047.730731 s5e1-9bd12198:1 s2e1-a910b54a:1 s1e1-9e95344b:1 s7e1-a3ef9b0b:1 s4e1-8eb2eb0b:1 s6e1-9b0f1b13:1 s8e1-a70ee643:1 s3e1-8d42c494:1
1785925047.751829 s5e1-9bd12198:1 s2e1-a910b54a:1 s1e1-9e95344b:1 s7e1-a3ef9b0b:1 s4e1-8eb2eb0b:1 s6e1-9b0f1b13:1 s8e1-a70ee643:1 s3e1-8d42c494:1
1785925047.773000 s5e1-9bd12198:1 s2e1-a910b54a:1 s1e1-9e95344b:1 s7e1-a3ef9b0b:1 s4e1-8eb2eb0b:1 s6e1-9b0f1b13:1 s8e1-a70ee643:1 s3e1-8d42c494:1
1785925047.794093 s5e1-9bd12198:1 s2e1-a910b54a:1 s1e1-9e95344b:1 s7e1-a3ef9b0b:1 s4e1-8eb2eb0b:1 s6e1-9b0f1b13:1 s8e1-a70ee643:1 s3e1-8d42c494:1
1785925047.815242 s5e1-9bd12198:1 s2e1-a910b54a:1 s1e1-9e95344b:1 s7e1-a3ef9b0b:1 s4e1-8eb2eb0b:1 s6e1-9b0f1b13:1 s8e1-a70ee643:1 s3e1-8d42c494:1
1785925047.836363 s5e1-9bd12198:1 s2e1-a910b54a:1 s1e1-9e95344b:1 s7e1-a3ef9b0b:1 s4e1-8eb2eb0b:1 s6e1-9b0f1b13:1 s8e1-a70ee643:1 s3e1-8d42c494:1
1785925047.857480 s5e1-9bd12198:1 s2e1-a910b54a:1 s1e1-9e95344b:1 s7e1-a3ef9b0b:1 s4e1-8eb2eb0b:1 s6e1-9b0f1b13:1 s8e1-a70ee643:1 s3e1-8d42c494:1
1785925047.878682 s5e1-9bd12198:1 s2e1-a910b54a:1 s1e1-9e95344b:1 s7e1-a3ef9b0b:1 s4e1-8eb2eb0b:1 s6e1-9b0f1b13:1 s8e1-a70ee643:1 s3e1-8d42c494:1
1785925047.899787 s5e1-9bd12198:1 s2e1-a910b54a:1 s1e1-9e95344b:1 s7e1-a3ef9b0b:1 s4e1-8eb2eb0b:1 s6e1-9b0f1b13:1 s8e1-a70ee643:1 s3e1-8d42c494:1
1785925047.921005 s5e1-9bd12198:1 s2e1-a910b54a:1 s1e1-9e95344b:1 s7e1-a3ef9b0b:1 s4e1-8eb2eb0b:1 s6e1-9b0f1b13:1 s8e1-a70ee643:1 s3e1-8d42c494:1
1785925047.942192 s5e1-9bd12198:1 s2e1-a910b54a:1 s1e1-9e95344b:1 s7e1-a3ef9b0b:1 s4e1-8eb2eb0b:1 s6e1-9b0f1b13:1 s8e1-a70ee643:1 s3e1-8d42c494:1
1785925047.963292 s5e1-9bd12198:1 s2e1-a910b54a:1 s1e1-9e95344b:1 s7e1-a3ef9b0b:1 s4e1-8eb2eb0b:1 s6e1-9b0f1b13:1 s8e1-a70ee643:1 s3e1-8d42c494:1
1785925047.984388 s5e1-9bd12198:1 s2e1-a910b54a:1 s1e1-9e95344b:1 s7e1-a3ef9b0b:1 s4e1-8eb2eb0b:1 s6e1-9b0f1b13:1 s8e1-a70ee643:1 s3e1-8d42c494:1
1785925048.005531 s5e1-9bd12198:1 s2e1-a910b54a:1 s1e1-9e95344b:1 s7e1-a3ef9b0b:1 s4e1-8eb2eb0b:1 s6e1-9b0f1b13:1 s8e1-a70ee643:1 s3e1-8d42c494:1
1785925048.026677 s5e1-9bd12198:1 s2e1-a910b54a:1 s1e1-9e95344b:1 s7e1-a3ef9b0b:1 s4e1-8eb2eb0b:1 s6e1-9b0f1b13:1 s8e1-a70ee643:1 s3e1-8d42c494:1
1785925048.047847 s5e1-9bd12198:1 s2e1-a910b54a:1 s1e1-9e95344b:1 s7e1-a3ef9b0b:1 s4e1-8eb2eb0b:1 s6e1-9b0f1b13:1 s8e1-a70ee643:1 s3e1-8d42c494:1
1785925048.069037 s5e1-9bd12198:1 s2e1-a910b54a:1 s1e1-9e95344b:1 s7e1-a3ef9b0b:1 s4e1-8eb2eb0b:1 s6e1-9b0f1b13:1 s8e1-a70ee643:1 s3e1-8d42c494:1
1785925048.090177 s5e1-9bd12198:1 s2e1-a910b54a:1 s1e1-9e95344b:1 s7e1-a3ef9b0b:1 s4e1-8eb2eb0b:1 s6e1-9b0f1b13:1 s8e1-a70ee643:1 s3e1-8d42c494:1
1785925048.111320 s5e1-9bd12198:1 s2e1-a910b54a:1 s1e1-9e95344b:1 s7e1-a3ef9b0b:1 s4e1-8eb2eb0b:1 s6e1-9b0f1b13:1 s8e1-a70ee643:1 s3e1-8d42c494:1
1785925048.132459 s2e1-a910b54a:1 s1e1-9e95344b:1 s7e1-a3ef9b0b:1 s4e1-8eb2eb0b:1 s6e1-9b0f1b13:1 s8e1-a70ee643:1 s3e1-8d42c494:1
1785925048.153659 s6e1-9b0f1b13:1 s8e1-a70ee643:1 s3e1-8d42c494:1
1785925049.262709 s7e1-a3ef9b0b:53E
1785925049.324391 s7e1-a3ef9b0b:1 s5e1-9bd12198:53E s6e1-9b0f1b13:53E
1785925049.390668 s7e1-a3ef9b0b:1 s5e1-9bd12198:1 s6e1-9b0f1b13:1 s2e1-a910b54a:53E s1e1-9e95344b:53E s4e1-8eb2eb0b:53E s8e1-a70ee643:53E s3e1-8d42c494:53E
1785925049.462758 s7e1-a3ef9b0b:1 s5e1-9bd12198:1 s6e1-9b0f1b13:1 s2e1-a910b54a:1 s1e1-9e95344b:1 s4e1-8eb2eb0b:1 s8e1-a70ee643:1 s3e1-8d42c494:1
1785925049.542480 s7e1-a3ef9b0b:1 s5e1-9bd12198:1 s6e1-9b0f1b13:1 s2e1-a910b54a:1 s1e1-9e95344b:1 s4e1-8eb2eb0b:1 s8e1-a70ee643:1 s3e1-8d42c494:1
1785925049.563057 s7e1-a3ef9b0b:1 s5e1-9bd12198:1 s6e1-9b0f1b13:1 s2e1-a910b54a:1 s1e1-9e95344b:1 s4e1-8eb2eb0b:1 s8e1-a70ee643:1 s3e1-8d42c494:1
1785925049.583929 s7e1-a3ef9b0b:1 s5e1-9bd12198:1 s6e1-9b0f1b13:1 s2e1-a910b54a:1 s1e1-9e95344b:1 s4e1-8eb2eb0b:1 s8e1-a70ee643:1 s3e1-8d42c494:1
1785925049.604871 s7e1-a3ef9b0b:1 s5e1-9bd12198:1 s6e1-9b0f1b13:1 s2e1-a910b54a:1 s1e1-9e95344b:1 s4e1-8eb2eb0b:1 s8e1-a70ee643:1 s3e1-8d42c494:1
1785925049.626009 s7e1-a3ef9b0b:1 s5e1-9bd12198:1 s6e1-9b0f1b13:1 s2e1-a910b54a:1 s1e1-9e95344b:1 s4e1-8eb2eb0b:1 s8e1-a70ee643:1 s3e1-8d42c494:1
1785925049.647140 s7e1-a3ef9b0b:1 s5e1-9bd12198:1 s6e1-9b0f1b13:1 s2e1-a910b54a:1 s1e1-9e95344b:1 s4e1-8eb2eb0b:1 s8e1-a70ee643:1 s3e1-8d42c494:1
1785925049.668300 s7e1-a3ef9b0b:1 s5e1-9bd12198:1 s6e1-9b0f1b13:1 s2e1-a910b54a:1 s1e1-9e95344b:1 s4e1-8eb2eb0b:1 s8e1-a70ee643:1 s3e1-8d42c494:1
1785925049.689422 s7e1-a3ef9b0b:1 s5e1-9bd12198:1 s6e1-9b0f1b13:1 s2e1-a910b54a:1 s1e1-9e95344b:1 s4e1-8eb2eb0b:1 s8e1-a70ee643:1 s3e1-8d42c494:1
1785925049.710551 s7e1-a3ef9b0b:1 s5e1-9bd12198:1 s6e1-9b0f1b13:1 s2e1-a910b54a:1 s1e1-9e95344b:1 s4e1-8eb2eb0b:1 s8e1-a70ee643:1 s3e1-8d42c494:1
1785925049.731664 s7e1-a3ef9b0b:1 s5e1-9bd12198:1 s6e1-9b0f1b13:1 s2e1-a910b54a:1 s1e1-9e95344b:1 s4e1-8eb2eb0b:1 s8e1-a70ee643:1 s3e1-8d42c494:1
1785925049.752787 s7e1-a3ef9b0b:1 s5e1-9bd12198:1 s6e1-9b0f1b13:1 s2e1-a910b54a:1 s1e1-9e95344b:1 s4e1-8eb2eb0b:1 s8e1-a70ee643:1 s3e1-8d42c494:1
1785925049.773934 s7e1-a3ef9b0b:1 s5e1-9bd12198:1 s6e1-9b0f1b13:1 s2e1-a910b54a:1 s1e1-9e95344b:1 s4e1-8eb2eb0b:1 s8e1-a70ee643:1 s3e1-8d42c494:1
1785925049.795067 s7e1-a3ef9b0b:1 s5e1-9bd12198:1 s6e1-9b0f1b13:1 s2e1-a910b54a:1 s1e1-9e95344b:1 s4e1-8eb2eb0b:1 s8e1-a70ee643:1 s3e1-8d42c494:1
1785925049.816261 s7e1-a3ef9b0b:1 s5e1-9bd12198:1 s6e1-9b0f1b13:1 s2e1-a910b54a:1 s1e1-9e95344b:1 s4e1-8eb2eb0b:1 s8e1-a70ee643:1 s3e1-8d42c494:1
1785925049.837325 s7e1-a3ef9b0b:1 s5e1-9bd12198:1 s6e1-9b0f1b13:1 s2e1-a910b54a:1 s1e1-9e95344b:1 s4e1-8eb2eb0b:1 s8e1-a70ee643:1 s3e1-8d42c494:1
1785925049.858558 s7e1-a3ef9b0b:1 s5e1-9bd12198:1 s6e1-9b0f1b13:1 s2e1-a910b54a:1 s1e1-9e95344b:1 s4e1-8eb2eb0b:1 s8e1-a70ee643:1 s3e1-8d42c494:1
1785925049.879685 s7e1-a3ef9b0b:1 s5e1-9bd12198:1 s6e1-9b0f1b13:1 s2e1-a910b54a:1 s1e1-9e95344b:1 s4e1-8eb2eb0b:1 s8e1-a70ee643:1 s3e1-8d42c494:1
1785925049.900715 s7e1-a3ef9b0b:1 s5e1-9bd12198:1 s6e1-9b0f1b13:1 s2e1-a910b54a:1 s1e1-9e95344b:1 s4e1-8eb2eb0b:1 s8e1-a70ee643:1 s3e1-8d42c494:1
1785925049.921882 s7e1-a3ef9b0b:1 s5e1-9bd12198:1 s6e1-9b0f1b13:1 s2e1-a910b54a:1 s1e1-9e95344b:1 s4e1-8eb2eb0b:1 s8e1-a70ee643:1 s3e1-8d42c494:1
1785925049.943040 s7e1-a3ef9b0b:1 s5e1-9bd12198:1 s6e1-9b0f1b13:1 s2e1-a910b54a:1 s1e1-9e95344b:1 s4e1-8eb2eb0b:1 s8e1-a70ee643:1 s3e1-8d42c494:1
1785925049.964207 s7e1-a3ef9b0b:1 s5e1-9bd12198:1 s6e1-9b0f1b13:1 s2e1-a910b54a:1 s1e1-9e95344b:1 s4e1-8eb2eb0b:1 s8e1-a70ee643:1 s3e1-8d42c494:1
1785925049.985330 s7e1-a3ef9b0b:1 s5e1-9bd12198:1 s6e1-9b0f1b13:1 s2e1-a910b54a:1 s1e1-9e95344b:1 s4e1-8eb2eb0b:1 s8e1-a70ee643:1 s3e1-8d42c494:1
1785925050.006469 s7e1-a3ef9b0b:1 s5e1-9bd12198:1 s6e1-9b0f1b13:1 s2e1-a910b54a:1 s1e1-9e95344b:1 s4e1-8eb2eb0b:1 s8e1-a70ee643:1 s3e1-8d42c494:1
1785925050.027626 s7e1-a3ef9b0b:1 s5e1-9bd12198:1 s6e1-9b0f1b13:1 s2e1-a910b54a:1 s1e1-9e95344b:1 s4e1-8eb2eb0b:1 s8e1-a70ee643:1 s3e1-8d42c494:1
1785925050.048777 s7e1-a3ef9b0b:1 s5e1-9bd12198:1 s6e1-9b0f1b13:1 s2e1-a910b54a:1 s1e1-9e95344b:1 s4e1-8eb2eb0b:1 s8e1-a70ee643:1 s3e1-8d42c494:1
1785925050.069930 s7e1-a3ef9b0b:1 s5e1-9bd12198:1 s6e1-9b0f1b13:1 s2e1-a910b54a:1 s1e1-9e95344b:1 s4e1-8eb2eb0b:1 s8e1-a70ee643:1 s3e1-8d42c494:1
1785925050.091097 s7e1-a3ef9b0b:1 s5e1-9bd12198:1 s6e1-9b0f1b13:1 s2e1-a910b54a:1 s1e1-9e95344b:1 s4e1-8eb2eb0b:1 s8e1-a70ee643:1 s3e1-8d42c494:1
1785925050.112215 s7e1-a3ef9b0b:1 s5e1-9bd12198:1 s6e1-9b0f1b13:1 s2e1-a910b54a:1 s1e1-9e95344b:1 s4e1-8eb2eb0b:1 s8e1-a70ee643:1 s3e1-8d42c494:1
1785925050.133381 s7e1-a3ef9b0b:1 s5e1-9bd12198:1 s6e1-9b0f1b13:1 s2e1-a910b54a:1 s1e1-9e95344b:1 s4e1-8eb2eb0b:1 s8e1-a70ee643:1 s3e1-8d42c494:1
1785925050.154632 s5e1-9bd12198:1 s6e1-9b0f1b13:1 s2e1-a910b54a:1 s1e1-9e95344b:1 s4e1-8eb2eb0b:1 s8e1-a70ee643:1 s3e1-8d42c494:1
1785925050.176059 s2e1-a910b54a:1 s1e1-9e95344b:1 s4e1-8eb2eb0b:1 s8e1-a70ee643:1 s3e1-8d42c494:1
1785925051.286406 s5e1-9bd12198:53E
1785925051.335658 s5e1-9bd12198:1 s3e1-8d42c494:53E
1785925051.387855 s5e1-9bd12198:1 s3e1-8d42c494:1 s7e1-a3ef9b0b:53E s6e1-9b0f1b13:53E s2e1-a910b54a:53E s1e1-9e95344b:53E s4e1-8eb2eb0b:53E s8e1-a70ee643:53E
1785925051.449428 s5e1-9bd12198:1 s3e1-8d42c494:1 s7e1-a3ef9b0b:1 s6e1-9b0f1b13:1 s2e1-a910b54a:1 s1e1-9e95344b:1 s4e1-8eb2eb0b:1 s8e1-a70ee643:1
1785925051.537609 s5e1-9bd12198:1 s3e1-8d42c494:1 s7e1-a3ef9b0b:1 s6e1-9b0f1b13:1 s2e1-a910b54a:1 s1e1-9e95344b:1 s4e1-8eb2eb0b:1 s8e1-a70ee643:1
1785925051.558368 s5e1-9bd12198:1 s3e1-8d42c494:1 s7e1-a3ef9b0b:1 s6e1-9b0f1b13:1 s2e1-a910b54a:1 s1e1-9e95344b:1 s4e1-8eb2eb0b:1 s8e1-a70ee643:1
1785925051.579387 s5e1-9bd12198:1 s3e1-8d42c494:1 s7e1-a3ef9b0b:1 s6e1-9b0f1b13:1 s2e1-a910b54a:1 s1e1-9e95344b:1 s4e1-8eb2eb0b:1 s8e1-a70ee643:1
1785925051.600510 s5e1-9bd12198:1 s3e1-8d42c494:1 s7e1-a3ef9b0b:1 s6e1-9b0f1b13:1 s2e1-a910b54a:1 s1e1-9e95344b:1 s4e1-8eb2eb0b:1 s8e1-a70ee643:1
1785925051.621699 s5e1-9bd12198:1 s3e1-8d42c494:1 s7e1-a3ef9b0b:1 s6e1-9b0f1b13:1 s2e1-a910b54a:1 s1e1-9e95344b:1 s4e1-8eb2eb0b:1 s8e1-a70ee643:1
1785925051.642930 s5e1-9bd12198:1 s3e1-8d42c494:1 s7e1-a3ef9b0b:1 s6e1-9b0f1b13:1 s2e1-a910b54a:1 s1e1-9e95344b:1 s4e1-8eb2eb0b:1 s8e1-a70ee643:1
1785925051.664123 s5e1-9bd12198:1 s3e1-8d42c494:1 s7e1-a3ef9b0b:1 s6e1-9b0f1b13:1 s2e1-a910b54a:1 s1e1-9e95344b:1 s4e1-8eb2eb0b:1 s8e1-a70ee643:1
1785925051.685337 s5e1-9bd12198:1 s3e1-8d42c494:1 s7e1-a3ef9b0b:1 s6e1-9b0f1b13:1 s2e1-a910b54a:1 s1e1-9e95344b:1 s4e1-8eb2eb0b:1 s8e1-a70ee643:1
1785925051.706495 s5e1-9bd12198:1 s3e1-8d42c494:1 s7e1-a3ef9b0b:1 s6e1-9b0f1b13:1 s2e1-a910b54a:1 s1e1-9e95344b:1 s4e1-8eb2eb0b:1 s8e1-a70ee643:1
1785925051.727803 s5e1-9bd12198:1 s3e1-8d42c494:1 s7e1-a3ef9b0b:1 s6e1-9b0f1b13:1 s2e1-a910b54a:1 s1e1-9e95344b:1 s4e1-8eb2eb0b:1 s8e1-a70ee643:1
1785925051.748988 s5e1-9bd12198:1 s3e1-8d42c494:1 s7e1-a3ef9b0b:1 s6e1-9b0f1b13:1 s2e1-a910b54a:1 s1e1-9e95344b:1 s4e1-8eb2eb0b:1 s8e1-a70ee643:1
1785925051.770139 s5e1-9bd12198:1 s3e1-8d42c494:1 s7e1-a3ef9b0b:1 s6e1-9b0f1b13:1 s2e1-a910b54a:1 s1e1-9e95344b:1 s4e1-8eb2eb0b:1 s8e1-a70ee643:1
1785925051.791256 s5e1-9bd12198:1 s3e1-8d42c494:1 s7e1-a3ef9b0b:1 s6e1-9b0f1b13:1 s2e1-a910b54a:1 s1e1-9e95344b:1 s4e1-8eb2eb0b:1 s8e1-a70ee643:1
1785925051.812491 s5e1-9bd12198:1 s3e1-8d42c494:1 s7e1-a3ef9b0b:1 s6e1-9b0f1b13:1 s2e1-a910b54a:1 s1e1-9e95344b:1 s4e1-8eb2eb0b:1 s8e1-a70ee643:1
1785925051.833735 s5e1-9bd12198:1 s3e1-8d42c494:1 s7e1-a3ef9b0b:1 s6e1-9b0f1b13:1 s2e1-a910b54a:1 s1e1-9e95344b:1 s4e1-8eb2eb0b:1 s8e1-a70ee643:1
1785925051.854911 s5e1-9bd12198:1 s3e1-8d42c494:1 s7e1-a3ef9b0b:1 s6e1-9b0f1b13:1 s2e1-a910b54a:1 s1e1-9e95344b:1 s4e1-8eb2eb0b:1 s8e1-a70ee643:1
1785925051.876135 s5e1-9bd12198:1 s3e1-8d42c494:1 s7e1-a3ef9b0b:1 s6e1-9b0f1b13:1 s2e1-a910b54a:1 s1e1-9e95344b:1 s4e1-8eb2eb0b:1 s8e1-a70ee643:1
1785925051.897302 s5e1-9bd12198:1 s3e1-8d42c494:1 s7e1-a3ef9b0b:1 s6e1-9b0f1b13:1 s2e1-a910b54a:1 s1e1-9e95344b:1 s4e1-8eb2eb0b:1 s8e1-a70ee643:1
1785925051.918499 s5e1-9bd12198:1 s3e1-8d42c494:1 s7e1-a3ef9b0b:1 s6e1-9b0f1b13:1 s2e1-a910b54a:1 s1e1-9e95344b:1 s4e1-8eb2eb0b:1 s8e1-a70ee643:1
1785925051.939685 s5e1-9bd12198:1 s3e1-8d42c494:1 s7e1-a3ef9b0b:1 s6e1-9b0f1b13:1 s2e1-a910b54a:1 s1e1-9e95344b:1 s4e1-8eb2eb0b:1 s8e1-a70ee643:1
1785925051.960886 s5e1-9bd12198:1 s3e1-8d42c494:1 s7e1-a3ef9b0b:1 s6e1-9b0f1b13:1 s2e1-a910b54a:1 s1e1-9e95344b:1 s4e1-8eb2eb0b:1 s8e1-a70ee643:1
1785925051.982095 s5e1-9bd12198:1 s3e1-8d42c494:1 s7e1-a3ef9b0b:1 s6e1-9b0f1b13:1 s2e1-a910b54a:1 s1e1-9e95344b:1 s4e1-8eb2eb0b:1 s8e1-a70ee643:1
1785925052.003290 s5e1-9bd12198:1 s3e1-8d42c494:1 s7e1-a3ef9b0b:1 s6e1-9b0f1b13:1 s2e1-a910b54a:1 s1e1-9e95344b:1 s4e1-8eb2eb0b:1 s8e1-a70ee643:1
1785925052.024498 s5e1-9bd12198:1 s3e1-8d42c494:1 s7e1-a3ef9b0b:1 s6e1-9b0f1b13:1 s2e1-a910b54a:1 s1e1-9e95344b:1 s4e1-8eb2eb0b:1 s8e1-a70ee643:1
1785925052.045713 s5e1-9bd12198:1 s3e1-8d42c494:1 s7e1-a3ef9b0b:1 s6e1-9b0f1b13:1 s2e1-a910b54a:1 s1e1-9e95344b:1 s4e1-8eb2eb0b:1 s8e1-a70ee643:1
1785925052.066908 s5e1-9bd12198:1 s3e1-8d42c494:1 s7e1-a3ef9b0b:1 s6e1-9b0f1b13:1 s2e1-a910b54a:1 s1e1-9e95344b:1 s4e1-8eb2eb0b:1 s8e1-a70ee643:1
1785925052.088192 s5e1-9bd12198:1 s3e1-8d42c494:1 s7e1-a3ef9b0b:1 s6e1-9b0f1b13:1 s2e1-a910b54a:1 s1e1-9e95344b:1 s4e1-8eb2eb0b:1 s8e1-a70ee643:1
1785925052.109331 s5e1-9bd12198:1 s3e1-8d42c494:1 s7e1-a3ef9b0b:1 s6e1-9b0f1b13:1 s2e1-a910b54a:1 s1e1-9e95344b:1 s4e1-8eb2eb0b:1 s8e1-a70ee643:1
1785925052.130524 s5e1-9bd12198:1 s3e1-8d42c494:1 s7e1-a3ef9b0b:1 s6e1-9b0f1b13:1 s2e1-a910b54a:1 s1e1-9e95344b:1 s4e1-8eb2eb0b:1 s8e1-a70ee643:1
1785925052.151681 s3e1-8d42c494:1 s7e1-a3ef9b0b:1 s6e1-9b0f1b13:1 s2e1-a910b54a:1 s1e1-9e95344b:1 s4e1-8eb2eb0b:1 s8e1-a70ee643:1
1785925052.173023 s7e1-a3ef9b0b:1 s6e1-9b0f1b13:1 s2e1-a910b54a:1 s1e1-9e95344b:1 s4e1-8eb2eb0b:1 s8e1-a70ee643:1
1785925053.304489 s5e1-9bd12198:32E
1785925053.350305 s5e1-9bd12198:1 s7e1-a3ef9b0b:32E s6e1-9b0f1b13:32E s2e1-a910b54a:32E s1e1-9e95344b:32E s4e1-8eb2eb0b:32E s8e1-a70ee643:32E
1785925053.418485 s5e1-9bd12198:1 s7e1-a3ef9b0b:1 s6e1-9b0f1b13:1 s2e1-a910b54a:1 s1e1-9e95344b:1 s4e1-8eb2eb0b:1 s8e1-a70ee643:1 s3e1-8d42c494:32E
1785925053.508754 s5e1-9bd12198:1 s7e1-a3ef9b0b:1 s6e1-9b0f1b13:1 s2e1-a910b54a:1 s1e1-9e95344b:1 s4e1-8eb2eb0b:1 s8e1-a70ee643:1 s3e1-8d42c494:1
1785925053.517682 s5e1-9bd12198:1 s7e1-a3ef9b0b:1 s6e1-9b0f1b13:1 s2e1-a910b54a:1 s1e1-9e95344b:1 s4e1-8eb2eb0b:1 s8e1-a70ee643:1 s3e1-8d42c494:1
1785925053.539075 s5e1-9bd12198:1 s7e1-a3ef9b0b:1 s6e1-9b0f1b13:1 s2e1-a910b54a:1 s1e1-9e95344b:1 s4e1-8eb2eb0b:1 s8e1-a70ee643:1 s3e1-8d42c494:1
1785925053.560499 s5e1-9bd12198:1 s7e1-a3ef9b0b:1 s6e1-9b0f1b13:1 s2e1-a910b54a:1 s1e1-9e95344b:1 s4e1-8eb2eb0b:1 s8e1-a70ee643:1 s3e1-8d42c494:1
1785925053.581999 s5e1-9bd12198:1 s7e1-a3ef9b0b:1 s6e1-9b0f1b13:1 s2e1-a910b54a:1 s1e1-9e95344b:1 s4e1-8eb2eb0b:1 s8e1-a70ee643:1 s3e1-8d42c494:1
1785925053.603435 s5e1-9bd12198:1 s7e1-a3ef9b0b:1 s6e1-9b0f1b13:1 s2e1-a910b54a:1 s1e1-9e95344b:1 s4e1-8eb2eb0b:1 s8e1-a70ee643:1 s3e1-8d42c494:1
1785925053.624881 s5e1-9bd12198:1 s7e1-a3ef9b0b:1 s6e1-9b0f1b13:1 s2e1-a910b54a:1 s1e1-9e95344b:1 s4e1-8eb2eb0b:1 s8e1-a70ee643:1 s3e1-8d42c494:1
1785925053.646384 s5e1-9bd12198:1 s7e1-a3ef9b0b:1 s6e1-9b0f1b13:1 s2e1-a910b54a:1 s1e1-9e95344b:1 s4e1-8eb2eb0b:1 s8e1-a70ee643:1 s3e1-8d42c494:1
1785925053.667824 s5e1-9bd12198:1 s7e1-a3ef9b0b:1 s6e1-9b0f1b13:1 s2e1-a910b54a:1 s1e1-9e95344b:1 s4e1-8eb2eb0b:1 s8e1-a70ee643:1 s3e1-8d42c494:1
1785925053.689240 s5e1-9bd12198:1 s7e1-a3ef9b0b:1 s6e1-9b0f1b13:1 s2e1-a910b54a:1 s1e1-9e95344b:1 s4e1-8eb2eb0b:1 s8e1-a70ee643:1 s3e1-8d42c494:1
1785925053.710807 s5e1-9bd12198:1 s7e1-a3ef9b0b:1 s6e1-9b0f1b13:1 s2e1-a910b54a:1 s1e1-9e95344b:1 s4e1-8eb2eb0b:1 s8e1-a70ee643:1 s3e1-8d42c494:1
1785925053.732203 s5e1-9bd12198:1 s7e1-a3ef9b0b:1 s6e1-9b0f1b13:1 s2e1-a910b54a:1 s1e1-9e95344b:1 s4e1-8eb2eb0b:1 s8e1-a70ee643:1 s3e1-8d42c494:1
