P 33.383 1000000000
F 33.409 1000000000 1
T 34.172 1000000000 1 82 1
T 34.201 1000000000 2 82 1
T 34.208 1000000000 3 82 1
T 34.229 1000000000 4 82 1
T 34.249 1000000000 5 82 1
T 34.269 1000000000 6 82 1
T 34.289 1000000000 7 82 1
T 34.310 1000000000 8 82 1
T 34.330 1000000000 9 82 1
T 34.350 1000000000 10 82 1
T 34.370 1000000000 11 82 1
T 34.389 1000000000 12 82 1
T 34.409 1000000000 13 82 1
T 34.429 1000000000 14 82 1
T 34.448 1000000000 15 82 1
T 34.468 1000000000 16 82 1
T 34.487 1000000000 17 82 1
T 34.507 1000000000 18 82 1
T 34.527 1000000000 19 82 1
T 34.546 1000000000 20 82 1
T 34.566 1000000000 21 82 1
T 34.585 1000000000 22 82 1
T 34.605 1000000000 23 82 1
T 34.624 1000000000 24 82 1
T 34.644 1000000000 25 82 1
T 34.664 1000000000 26 82 1
T 34.683 1000000000 27 82 1
T 34.703 1000000000 28 82 1
T 34.722 1000000000 29 82 1
T 34.742 1000000000 30 82 1
T 34.761 1000000000 31 82 1
T 34.780 1000000000 32 82 1
T 34.801 1000000000 33 82 1
P 51.784 7
P 51.784 8
P 51.784 1
F 51.787 7 1
P 51.788 2
F 51.789 8 1
P 51.790 3
P 51.791 5
F 51.793 1 1
P 51.793 4
P 51.794 6
F 52.004 2 1
F 52.005 3 1
F 52.007 5 1
F 52.008 4 1
F 52.009 6 1
T 52.635 7 1 36 1
T 52.681 7 2 36 1
T 52.682 3 1 36 1
T 52.682 5 1 36 1
T 52.682 4 1 36 1
T 52.682 2 1 36 1
T 52.682 6 1 36 1
T 52.682 8 1 36 1
T 52.682 1 1 36 1
T 52.701 7 3 36 1
T 52.701 3 2 36 1
T 52.701 5 2 36 1
T 52.701 4 2 36 1
T 52.701 2 2 36 1
T 52.701 6 2 36 1
T 52.701 8 2 36 1
T 52.701 1 2 36 1
T 52.721 7 4 36 1
T 52.721 3 3 36 1
T 52.721 5 3 36 1
T 52.721 4 3 36 1
T 52.721 2 3 36 1
T 52.721 6 3 36 1
T 52.721 8 3 36 1
T 52.721 1 3 36 1
T 52.741 7 5 36 1
T 52.741 3 4 36 1
T 52.741 5 4 36 1
T 52.741 4 4 36 1
T 52.741 2 4 36 1
T 52.741 6 4 36 1
T 52.742 8 4 36 1
T 52.742 1 4 36 1
T 52.762 7 6 36 1
T 52.762 3 5 36 1
T 52.762 5 5 36 1
T 52.762 4 5 36 1
T 52.762 2 5 36 1
T 52.762 6 5 36 1
T 52.762 8 5 36 1
T 52.762 1 5 36 1
T 52.782 7 7 36 1
T 52.782 3 6 36 1
T 52.782 5 6 36 1
T 52.782 4 6 36 1
T 52.782 2 6 36 1
T 52.782 6 6 36 1
T 52.782 8 6 36 1
T 52.782 1 6 36 1
T 52.802 7 8 36 1
T 52.802 3 7 36 1
T 52.802 5 7 36 1
T 52.802 4 7 36 1
T 52.802 2 7 36 1
T 52.802 6 7 36 1
T 52.802 8 7 36 1
T 52.802 1 7 36 1
T 52.822 7 9 36 1
T 52.822 3 8 36 1
T 52.822 5 8 36 1
T 52.822 4 8 36 1
T 52.822 2 8 36 1
T 52.822 6 8 36 1
T 52.822 8 8 36 1
T 52.822 1 8 36 1
T 52.841 7 10 36 1
T 52.842 3 9 36 1
T 52.842 5 9 36 1
T 52.842 4 9 36 1
T 52.842 2 9 36 1
T 52.842 6 9 36 1
T 52.842 8 9 36 1
T 52.842 1 9 36 1
T 52.861 7 11 36 1
T 52.861 3 10 36 1
T 52.861 5 10 36 1
T 52.861 4 10 36 1
T 52.861 2 10 36 1
T 52.861 6 10 36 1
T 52.861 8 10 36 1
T 52.861 1 10 36 1
T 52.881 7 12 36 1
T 52.881 3 11 36 1
T 52.881 5 11 36 1
T 52.881 4 11 36 1
T 52.881 2 11 36 1
T 52.881 6 11 36 1
T 52.881 8 11 36 1
T 52.881 1 11 36 1
T 52.900 7 13 36 1
T 52.900 3 12 36 1
T 52.900 5 12 36 1
T 52.900 4 12 36 1
T 52.900 2 12 36 1
T 52.901 6 12 36 1
T 52.901 8 12 36 1
T 52.901 1 12 36 1
T 52.920 7 14 36 1
T 52.920 3 13 36 1
T 52.920 5 13 36 1
T 52.920 4 13 36 1
T 52.920 2 13 36 1
T 52.920 6 13 36 1
T 52.920 8 13 36 1
T 52.920 1 13 36 1
T 52.939 7 15 36 1
T 52.939 3 14 36 1
T 52.940 5 14 36 1
T 52.940 4 14 36 1
T 52.940 2 14 36 1
T 52.940 6 14 36 1
T 52.940 8 14 36 1
T 52.940 1 14 36 1
T 52.959 7 16 36 1
T 52.959 3 15 36 1
T 52.959 5 15 36 1
T 52.959 4 15 36 1
T 52.959 2 15 36 1
T 52.959 6 15 36 1
T 52.959 8 15 36 1
T 52.959 1 15 36 1
T 52.979 7 17 36 1
T 52.979 3 16 36 1
T 52.979 5 16 36 1
T 52.979 4 16 36 1
T 52.979 2 16 36 1
T 52.979 6 16 36 1
T 52.979 8 16 36 1
T 52.979 1 16 36 1
T 52.998 7 18 36 1
T 52.998 3 17 36 1
T 52.998 5 17 36 1
T 52.998 4 17 36 1
T 52.999 2 17 36 1
T 52.999 6 17 36 1
T 52.999 8 17 36 1
T 52.999 1 17 36 1
T 53.018 7 19 36 1
T 53.018 3 18 36 1
T 53.018 5 18 36 1
T 53.018 4 18 36 1
T 53.018 2 18 36 1
T 53.018 6 18 36 1
T 53.018 8 18 36 1
T 53.019 1 18 36 1
T 53.038 7 20 36 1
T 53.038 3 19 36 1
T 53.038 5 19 36 1
T 53.038 4 19 36 1
T 53.038 2 19 36 1
T 53.038 6 19 36 1
T 53.038 8 19 36 1
T 53.038 1 19 36 1
T 53.057 7 21 36 1
T 53.057 3 20 36 1
T 53.057 5 20 36 1
T 53.057 4 20 36 1
T 53.057 2 20 36 1
T 53.058 6 20 36 1
T 53.058 8 20 36 1
T 53.058 1 20 36 1
T 53.077 7 22 36 1
T 53.077 3 21 36 1
T 53.077 5 21 36 1
T 53.077 4 21 36 1
T 53.077 2 21 36 1
T 53.077 6 21 36 1
T 53.077 8 21 36 1
T 53.077 1 21 36 1
T 53.097 7 23 36 1
T 53.097 3 22 36 1
T 53.097 5 22 36 1
T 53.097 4 22 36 1
T 53.097 2 22 36 1
T 53.097 6 22 36 1
T 53.097 8 22 36 1
T 53.097 1 22 36 1
T 53.116 7 24 36 1
T 53.116 3 23 36 1
T 53.116 5 23 36 1
T 53.116 4 23 36 1
T 53.116 2 23 36 1
T 53.116 6 23 36 1
T 53.116 8 23 36 1
T 53.117 1 23 36 1
T 53.138 7 25 36 1
T 53.138 3 24 36 1
T 53.138 5 24 36 1
T 53.138 4 24 36 1
T 53.138 2 24 36 1
T 53.138 6 24 36 1
T 53.138 8 24 36 1
T 53.138 1 24 36 1
T 53.156 7 26 36 1
T 53.156 3 25 36 1
T 53.156 5 25 36 1
T 53.156 4 25 36 1
T 53.156 2 25 36 1
T 53.156 6 25 36 1
T 53.156 8 25 36 1
T 53.156 1 25 36 1
T 53.175 7 27 36 1
T 53.175 3 26 36 1
T 53.175 5 26 36 1
T 53.175 4 26 36 1
T 53.175 2 26 36 1
T 53.175 6 26 36 1
T 53.175 8 26 36 1
T 53.175 1 26 36 1
T 53.195 7 28 36 1
T 53.195 3 27 36 1
T 53.195 5 27 36 1
T 53.195 4 27 36 1
T 53.195 2 27 36 1
T 53.195 6 27 36 1
T 53.195 8 27 36 1
T 53.195 1 27 36 1
T 53.214 7 29 36 1
T 53.215 3 28 36 1
T 53.215 5 28 36 1
T 53.215 4 28 36 1
T 53.215 2 28 36 1
T 53.215 6 28 36 1
T 53.215 8 28 36 1
T 53.215 1 28 36 1
T 53.234 7 30 36 1
T 53.234 3 29 36 1
T 53.234 5 29 36 1
T 53.234 4 29 36 1
T 53.234 2 29 36 1
T 53.234 6 29 36 1
T 53.234 8 29 36 1
T 53.234 1 29 36 1
T 53.254 7 31 36 1
T 53.254 3 30 36 1
T 53.254 5 30 36 1
T 53.254 4 30 36 1
T 53.254 2 30 36 1
T 53.254 6 30 36 1
T 53.254 8 30 36 1
T 53.254 1 30 36 1
T 53.273 7 32 36 1
T 53.273 3 31 36 1
T 53.273 5 31 36 1
T 53.273 4 31 36 1
T 53.273 2 31 36 1
T 53.273 6 31 36 1
T 53.273 8 31 36 1
T 53.273 1 31 36 1
T 53.296 7 33 36 1
T 53.296 3 32 36 1
T 53.296 5 32 36 1
T 53.296 4 32 36 1
T 53.296 2 32 36 1
T 53.296 6 32 36 1
T 53.296 8 32 36 1
T 53.296 1 32 36 1
T 53.314 3 33 36 1
T 53.314 5 33 36 1
T 53.314 4 33 36 1
T 53.314 2 33 36 1
T 53.314 6 33 36 1
T 53.314 8 33 36 1
T 53.314 1 33 36 1
P 53.789 8
P 53.789 1
F 53.790 8 2
P 53.790 2
F 53.790 1 2
P 53.792 3
F 53.793 2 2
P 53.794 5
F 53.794 3 2
P 53.795 4
F 53.796 5 2
P 53.797 6
F 53.797 4 2
P 53.798 7
F 53.798 6 2
F 53.801 7 2
T 54.336 2 34 89 2
T 54.407 2 35 89 2
T 54.407 7 34 89 2
T 54.407 3 34 89 2
T 54.407 5 34 89 2
T 54.407 4 34 89 2
T 54.408 6 34 89 2
T 54.408 8 34 89 2
T 54.408 1 34 89 2
T 54.426 2 36 89 2
T 54.426 7 35 89 2
T 54.426 3 35 89 2
T 54.426 5 35 89 2
T 54.426 4 35 89 2
T 54.426 6 35 89 2
T 54.426 8 35 89 2
T 54.426 1 35 89 2
T 54.445 2 37 89 2
T 54.445 7 36 89 2
T 54.446 3 36 89 2
T 54.446 5 36 89 2
T 54.446 4 36 89 2
T 54.446 6 36 89 2
T 54.446 8 36 89 2
T 54.446 1 36 89 2
T 54.465 2 38 89 2
T 54.465 7 37 89 2
T 54.465 3 37 89 2
T 54.465 5 37 89 2
T 54.465 4 37 89 2
T 54.465 6 37 89 2
T 54.465 8 37 89 2
T 54.465 1 37 89 2
T 54.485 2 39 89 2
T 54.485 7 38 89 2
T 54.485 3 38 89 2
T 54.485 5 38 89 2
T 54.485 4 38 89 2
T 54.485 6 38 89 2
T 54.485 8 38 89 2
T 54.485 1 38 89 2
T 54.504 2 40 89 2
T 54.504 7 39 89 2
T 54.505 3 39 89 2
T 54.505 5 39 89 2
T 54.505 4 39 89 2
T 54.505 6 39 89 2
T 54.505 8 39 89 2
T 54.505 1 39 89 2
T 54.524 2 41 89 2
T 54.524 7 40 89 2
T 54.524 3 40 89 2
T 54.524 5 40 89 2
T 54.524 4 40 89 2
T 54.524 6 40 89 2
T 54.524 8 40 89 2
T 54.524 1 40 89 2
T 54.543 2 42 89 2
T 54.543 7 41 89 2
T 54.543 3 41 89 2
T 54.544 5 41 89 2
T 54.544 4 41 89 2
T 54.544 6 41 89 2
T 54.544 8 41 89 2
T 54.544 1 41 89 2
T 54.563 2 43 89 2
T 54.563 7 42 89 2
T 54.563 3 42 89 2
T 54.563 5 42 89 2
T 54.563 4 42 89 2
T 54.563 6 42 89 2
T 54.563 8 42 89 2
T 54.563 1 42 89 2
T 54.582 2 44 89 2
T 54.583 7 43 89 2
T 54.583 3 43 89 2
T 54.583 5 43 89 2
T 54.583 4 43 89 2
T 54.583 6 43 89 2
T 54.583 8 43 89 2
T 54.583 1 43 89 2
T 54.602 2 45 89 2
T 54.602 7 44 89 2
T 54.602 3 44 89 2
T 54.602 5 44 89 2
T 54.602 4 44 89 2
T 54.602 6 44 89 2
T 54.602 8 44 89 2
T 54.602 1 44 89 2
T 54.622 2 46 89 2
T 54.622 7 45 89 2
T 54.622 3 45 89 2
T 54.622 5 45 89 2
T 54.622 4 45 89 2
T 54.622 6 45 89 2
T 54.622 8 45 89 2
T 54.622 1 45 89 2
T 54.641 2 47 89 2
T 54.641 7 46 89 2
T 54.641 3 46 89 2
T 54.641 5 46 89 2
T 54.641 4 46 89 2
T 54.641 6 46 89 2
T 54.641 8 46 89 2
T 54.641 1 46 89 2
T 54.661 2 48 89 2
T 54.661 7 47 89 2
T 54.661 3 47 89 2
T 54.661 5 47 89 2
T 54.661 4 47 89 2
T 54.661 6 47 89 2
T 54.661 8 47 89 2
T 54.661 1 47 89 2
T 54.680 2 49 89 2
T 54.680 7 48 89 2
T 54.680 3 48 89 2
T 54.680 5 48 89 2
T 54.681 4 48 89 2
T 54.681 6 48 89 2
T 54.681 8 48 89 2
T 54.681 1 48 89 2
T 54.700 2 50 89 2
T 54.700 7 49 89 2
T 54.700 3 49 89 2
T 54.700 5 49 89 2
T 54.700 4 49 89 2
T 54.700 6 49 89 2
T 54.700 8 49 89 2
T 54.700 1 49 89 2
T 54.720 2 51 89 2
T 54.720 7 50 89 2
T 54.720 3 50 89 2
T 54.720 5 50 89 2
T 54.720 4 50 89 2
T 54.720 6 50 89 2
T 54.720 8 50 89 2
T 54.720 1 50 89 2
T 54.739 2 52 89 2
T 54.739 7 51 89 2
T 54.739 3 51 89 2
T 54.739 5 51 89 2
T 54.739 4 51 89 2
T 54.739 6 51 89 2
T 54.739 8 51 89 2
T 54.740 1 51 89 2
T 54.759 2 53 89 2
T 54.759 7 52 89 2
T 54.759 3 52 89 2
T 54.759 5 52 89 2
T 54.759 4 52 89 2
T 54.759 6 52 89 2
T 54.759 8 52 89 2
T 54.759 1 52 89 2
T 54.778 2 54 89 2
T 54.778 7 53 89 2
T 54.778 3 53 89 2
T 54.779 5 53 89 2
T 54.779 4 53 89 2
T 54.779 6 53 89 2
T 54.779 8 53 89 2
T 54.779 1 53 89 2
T 54.798 2 55 89 2
T 54.798 7 54 89 2
T 54.798 3 54 89 2
T 54.798 5 54 89 2
T 54.798 4 54 89 2
T 54.798 6 54 89 2
T 54.798 8 54 89 2
T 54.798 1 54 89 2
T 54.818 2 56 89 2
T 54.818 7 55 89 2
T 54.818 3 55 89 2
T 54.818 5 55 89 2
T 54.818 4 55 89 2
T 54.818 6 55 89 2
T 54.818 8 55 89 2
T 54.819 1 55 89 2
T 54.838 2 57 89 2
T 54.838 7 56 89 2
T 54.838 3 56 89 2
T 54.838 5 56 89 2
T 54.838 4 56 89 2
T 54.838 6 56 89 2
T 54.838 8 56 89 2
T 54.838 1 56 89 2
T 54.857 2 58 89 2
T 54.857 7 57 89 2
T 54.857 3 57 89 2
T 54.857 5 57 89 2
T 54.857 4 57 89 2
T 54.857 6 57 89 2
T 54.857 8 57 89 2
T 54.857 1 57 89 2
T 54.876 2 59 89 2
T 54.876 7 58 89 2
T 54.876 3 58 89 2
T 54.876 5 58 89 2
T 54.877 4 58 89 2
T 54.877 6 58 89 2
T 54.877 8 58 89 2
T 54.877 1 58 89 2
T 54.896 2 60 89 2
T 54.896 7 59 89 2
T 54.896 3 59 89 2
T 54.896 5 59 89 2
T 54.896 4 59 89 2
T 54.896 6 59 89 2
T 54.896 8 59 89 2
T 54.896 1 59 89 2
T 54.915 2 61 89 2
T 54.916 7 60 89 2
T 54.916 3 60 89 2
T 54.916 5 60 89 2
T 54.916 4 60 89 2
T 54.916 6 60 89 2
T 54.916 8 60 89 2
T 54.916 1 60 89 2
T 54.935 2 62 89 2
T 54.935 7 61 89 2
T 54.935 3 61 89 2
T 54.935 5 61 89 2
T 54.935 4 61 89 2
T 54.935 6 61 89 2
T 54.935 8 61 89 2
T 54.935 1 61 89 2
T 54.955 2 63 89 2
T 54.955 7 62 89 2
T 54.955 3 62 89 2
T 54.955 5 62 89 2
T 54.955 4 62 89 2
T 54.955 6 62 89 2
T 54.955 8 62 89 2
T 54.955 1 62 89 2
T 54.975 2 64 89 2
T 54.975 7 63 89 2
T 54.975 3 63 89 2
T 54.975 5 63 89 2
T 54.975 4 63 89 2
T 54.975 6 63 89 2
T 54.975 8 63 89 2
T 54.975 1 63 89 2
T 54.994 2 65 89 2
T 54.994 7 64 89 2
T 54.994 3 64 89 2
T 54.994 5 64 89 2
T 54.994 4 64 89 2
T 54.994 6 64 89 2
T 54.994 8 64 89 2
T 54.994 1 64 89 2
T 55.014 2 66 89 2
T 55.014 7 65 89 2
T 55.014 3 65 89 2
T 55.014 5 65 89 2
T 55.014 4 65 89 2
T 55.014 6 65 89 2
T 55.014 8 65 89 2
T 55.014 1 65 89 2
T 55.034 7 66 89 2
T 55.034 3 66 89 2
T 55.034 5 66 89 2
T 55.034 4 66 89 2
T 55.034 6 66 89 2
T 55.034 8 66 89 2
T 55.034 1 66 89 2
P 55.787 2
P 55.787 3
P 55.787 5
P 55.787 4
P 55.787 6
P 55.787 7
F 55.787 2 3
P 55.787 8
F 55.788 3 3
P 55.788 1
F 55.788 5 3
F 55.790 4 3
F 55.790 6 3
F 55.791 7 3
F 55.792 8 3
F 55.793 1 3
T 56.184 8 67 142 3
T 56.200 8 68 142 3
T 56.264 8 69 142 3
T 56.320 8 70 142 3
T 56.320 2 67 142 3
T 56.321 1 67 142 3
T 56.398 8 71 142 3
T 56.398 2 68 142 3
T 56.398 1 68 142 3
T 56.398 7 67 142 3
T 56.398 3 67 142 3
T 56.398 5 67 142 3
T 56.398 4 67 142 3
T 56.398 6 67 142 3
T 56.416 8 72 142 3
T 56.416 2 69 142 3
T 56.416 1 69 142 3
T 56.417 7 68 142 3
T 56.417 3 68 142 3
T 56.417 5 68 142 3
T 56.417 4 68 142 3
T 56.417 6 68 142 3
T 56.436 8 73 142 3
T 56.436 2 70 142 3
T 56.436 1 70 142 3
T 56.436 7 69 142 3
T 56.436 3 69 142 3
T 56.436 5 69 142 3
T 56.436 4 69 142 3
T 56.436 6 69 142 3
T 56.455 8 74 142 3
T 56.455 2 71 142 3
T 56.455 1 71 142 3
T 56.455 7 70 142 3
T 56.455 3 70 142 3
T 56.455 5 70 142 3
T 56.455 4 70 142 3
T 56.455 6 70 142 3
T 56.474 8 75 142 3
T 56.475 2 72 142 3
T 56.475 1 72 142 3
T 56.475 7 71 142 3
T 56.475 3 71 142 3
T 56.475 5 71 142 3
T 56.475 4 71 142 3
T 56.475 6 71 142 3
T 56.494 8 76 142 3
T 56.494 2 73 142 3
T 56.494 1 73 142 3
T 56.494 7 72 142 3
T 56.494 3 72 142 3
T 56.494 5 72 142 3
T 56.495 4 72 142 3
T 56.495 6 72 142 3
T 56.514 8 77 142 3
T 56.514 2 74 142 3
T 56.514 1 74 142 3
T 56.514 7 73 142 3
T 56.514 3 73 142 3
T 56.514 5 73 142 3
T 56.515 4 73 142 3
T 56.515 6 73 142 3
T 56.534 8 78 142 3
T 56.534 2 75 142 3
T 56.534 1 75 142 3
T 56.534 7 74 142 3
T 56.534 3 74 142 3
T 56.534 5 74 142 3
T 56.534 4 74 142 3
T 56.534 6 74 142 3
T 56.553 8 79 142 3
T 56.553 2 76 142 3
T 56.553 1 76 142 3
T 56.553 7 75 142 3
T 56.553 3 75 142 3
T 56.553 5 75 142 3
T 56.553 4 75 142 3
T 56.553 6 75 142 3
T 56.573 8 80 142 3
T 56.573 2 77 142 3
T 56.573 1 77 142 3
T 56.573 7 76 142 3
T 56.573 3 76 142 3
T 56.573 5 76 142 3
T 56.573 4 76 142 3
T 56.573 6 76 142 3
T 56.593 8 81 142 3
T 56.593 2 78 142 3
T 56.593 1 78 142 3
T 56.594 7 77 142 3
T 56.594 3 77 142 3
T 56.594 5 77 142 3
T 56.594 4 77 142 3
T 56.594 6 77 142 3
T 56.612 8 82 142 3
T 56.613 2 79 142 3
T 56.613 1 79 142 3
T 56.613 7 78 142 3
T 56.613 3 78 142 3
T 56.613 5 78 142 3
T 56.613 4 78 142 3
T 56.613 6 78 142 3
T 56.632 8 83 142 3
T 56.632 2 80 142 3
T 56.632 1 80 142 3
T 56.632 7 79 142 3
T 56.632 3 79 142 3
T 56.632 5 79 142 3
T 56.633 4 79 142 3
T 56.633 6 79 142 3
T 56.652 8 84 142 3
T 56.652 2 81 142 3
T 56.652 1 81 142 3
T 56.652 7 80 142 3
T 56.652 3 80 142 3
T 56.652 5 80 142 3
T 56.652 4 80 142 3
T 56.652 6 80 142 3
T 56.671 8 85 142 3
T 56.671 2 82 142 3
T 56.672 1 82 142 3
T 56.672 7 81 142 3
T 56.672 3 81 142 3
T 56.672 5 81 142 3
T 56.672 4 81 142 3
T 56.672 6 81 142 3
T 56.691 8 86 142 3
T 56.691 2 83 142 3
T 56.691 1 83 142 3
T 56.691 7 82 142 3
T 56.691 3 82 142 3
T 56.691 5 82 142 3
T 56.691 4 82 142 3
T 56.691 6 82 142 3
T 56.711 8 87 142 3
T 56.711 2 84 142 3
T 56.711 1 84 142 3
T 56.711 7 83 142 3
T 56.711 3 83 142 3
T 56.711 5 83 142 3
T 56.711 4 83 142 3
T 56.711 6 83 142 3
T 56.731 8 88 142 3
T 56.731 2 85 142 3
T 56.731 1 85 142 3
T 56.731 7 84 142 3
T 56.731 3 84 142 3
T 56.731 5 84 142 3
T 56.731 4 84 142 3
T 56.731 6 84 142 3
T 56.750 8 89 142 3
T 56.750 2 86 142 3
T 56.751 1 86 142 3
T 56.751 7 85 142 3
T 56.751 3 85 142 3
T 56.751 5 85 142 3
T 56.751 4 85 142 3
T 56.751 6 85 142 3
T 56.770 8 90 142 3
T 56.770 2 87 142 3
T 56.770 1 87 142 3
T 56.770 7 86 142 3
T 56.770 3 86 142 3
T 56.770 5 86 142 3
T 56.770 4 86 142 3
T 56.771 6 86 142 3
T 56.790 8 91 142 3
T 56.790 2 88 142 3
T 56.790 1 88 142 3
T 56.790 7 87 142 3
T 56.790 3 87 142 3
T 56.790 5 87 142 3
T 56.790 4 87 142 3
T 56.790 6 87 142 3
T 56.810 8 92 142 3
T 56.810 2 89 142 3
T 56.810 1 89 142 3
T 56.810 7 88 142 3
T 56.810 3 88 142 3
T 56.810 5 88 142 3
T 56.810 4 88 142 3
T 56.810 6 88 142 3
T 56.829 8 93 142 3
T 56.829 2 90 142 3
T 56.829 1 90 142 3
T 56.830 7 89 142 3
T 56.830 3 89 142 3
T 56.830 5 89 142 3
T 56.830 4 89 142 3
T 56.830 6 89 142 3
T 56.849 8 94 142 3
T 56.849 2 91 142 3
T 56.849 1 91 142 3
T 56.849 7 90 142 3
T 56.849 3 90 142 3
T 56.849 5 90 142 3
T 56.849 4 90 142 3
T 56.849 6 90 142 3
T 56.869 8 95 142 3
T 56.869 2 92 142 3
T 56.869 1 92 142 3
T 56.869 7 91 142 3
T 56.869 3 91 142 3
T 56.869 5 91 142 3
T 56.869 4 91 142 3
T 56.869 6 91 142 3
T 56.888 8 96 142 3
T 56.888 2 93 142 3
T 56.888 1 93 142 3
T 56.888 7 92 142 3
T 56.888 3 92 142 3
T 56.888 5 92 142 3
T 56.888 4 92 142 3
T 56.888 6 92 142 3
T 56.908 8 97 142 3
T 56.908 2 94 142 3
T 56.908 1 94 142 3
T 56.908 7 93 142 3
T 56.908 3 93 142 3
T 56.909 5 93 142 3
T 56.909 4 93 142 3
T 56.909 6 93 142 3
T 56.928 8 98 142 3
T 56.928 2 95 142 3
T 56.928 1 95 142 3
T 56.928 7 94 142 3
T 56.928 3 94 142 3
T 56.928 5 94 142 3
T 56.928 4 94 142 3
T 56.928 6 94 142 3
T 56.947 8 99 142 3
T 56.947 2 96 142 3
T 56.947 1 96 142 3
T 56.947 7 95 142 3
T 56.947 3 95 142 3
T 56.948 5 95 142 3
T 56.948 4 95 142 3
T 56.948 6 95 142 3
T 56.967 2 97 142 3
T 56.967 1 97 142 3
T 56.967 7 96 142 3
T 56.967 3 96 142 3
T 56.967 5 96 142 3
T 56.967 4 96 142 3
T 56.967 6 96 142 3
T 56.987 2 98 142 3
T 56.987 1 98 142 3
T 56.987 7 97 142 3
T 56.987 3 97 142 3
T 56.987 5 97 142 3
T 56.987 4 97 142 3
T 56.987 6 97 142 3
T 57.006 2 99 142 3
T 57.006 1 99 142 3
T 57.007 7 98 142 3
T 57.007 3 98 142 3
T 57.007 5 98 142 3
T 57.007 4 98 142 3
T 57.007 6 98 142 3
T 57.026 7 99 142 3
T 57.026 3 99 142 3
T 57.026 5 99 142 3
T 57.026 4 99 142 3
T 57.026 6 99 142 3
P 57.790 7
F 57.791 7 4
P 57.791 8
P 57.793 1
F 57.792 8 4
P 57.793 2
F 57.795 1 4
P 57.795 3
F 57.795 2 4
P 57.796 5
F 57.797 3 4
P 57.797 4
P 57.799 6
F 57.798 5 4
F 57.802 4 4
F 57.803 6 4
T 58.189 7 100 195 4
T 58.203 7 101 195 4
T 58.268 7 102 195 4
T 58.350 7 103 195 4
T 58.350 8 100 195 4
T 58.350 2 100 195 4
T 58.350 1 100 195 4
T 58.350 5 100 195 4
T 58.387 7 104 195 4
T 58.387 8 101 195 4
T 58.387 2 101 195 4
T 58.387 1 101 195 4
T 58.387 5 101 195 4
T 58.387 3 100 195 4
T 58.387 4 100 195 4
T 58.387 6 100 195 4
T 58.402 7 105 195 4
T 58.402 8 102 195 4
T 58.403 2 102 195 4
T 58.403 1 102 195 4
T 58.403 5 102 195 4
T 58.403 3 101 195 4
T 58.403 4 101 195 4
T 58.403 6 101 195 4
T 58.422 7 106 195 4
T 58.422 8 103 195 4
T 58.422 2 103 195 4
T 58.423 1 103 195 4
T 58.423 5 103 195 4
T 58.423 3 102 195 4
T 58.423 4 102 195 4
T 58.423 6 102 195 4
T 58.442 7 107 195 4
T 58.442 8 104 195 4
T 58.442 2 104 195 4
T 58.442 1 104 195 4
T 58.442 5 104 195 4
T 58.442 3 103 195 4
T 58.442 4 103 195 4
T 58.442 6 103 195 4
T 58.462 7 108 195 4
T 58.462 8 105 195 4
T 58.462 2 105 195 4
T 58.462 1 105 195 4
T 58.462 5 105 195 4
T 58.462 3 104 195 4
T 58.462 4 104 195 4
T 58.462 6 104 195 4
T 58.482 7 109 195 4
T 58.482 8 106 195 4
T 58.482 2 106 195 4
T 58.482 1 106 195 4
T 58.482 5 106 195 4
T 58.482 3 105 195 4
T 58.482 4 105 195 4
T 58.482 6 105 195 4
T 58.501 7 110 195 4
T 58.501 8 107 195 4
T 58.501 2 107 195 4
T 58.501 1 107 195 4
T 58.501 5 107 195 4
T 58.501 3 106 195 4
T 58.501 4 106 195 4
T 58.501 6 106 195 4
T 58.521 7 111 195 4
T 58.521 8 108 195 4
T 58.521 2 108 195 4
T 58.521 1 108 195 4
T 58.521 5 108 195 4
T 58.521 3 107 195 4
T 58.521 4 107 195 4
T 58.521 6 107 195 4
T 58.541 7 112 195 4
T 58.541 8 109 195 4
T 58.541 2 109 195 4
T 58.541 1 109 195 4
T 58.541 5 109 195 4
T 58.541 3 108 195 4
T 58.541 4 108 195 4
T 58.541 6 108 195 4
T 58.561 7 113 195 4
T 58.561 8 110 195 4
T 58.561 2 110 195 4
T 58.561 1 110 195 4
T 58.561 5 110 195 4
T 58.561 3 109 195 4
T 58.561 4 109 195 4
T 58.561 6 109 195 4
T 58.580 7 114 195 4
T 58.580 8 111 195 4
T 58.580 2 111 195 4
T 58.581 1 111 195 4
T 58.581 5 111 195 4
T 58.581 3 110 195 4
T 58.581 4 110 195 4
T 58.581 6 110 195 4
T 58.600 7 115 195 4
T 58.600 8 112 195 4
T 58.600 2 112 195 4
T 58.600 1 112 195 4
T 58.600 5 112 195 4
T 58.600 3 111 195 4
T 58.600 4 111 195 4
T 58.601 6 111 195 4
T 58.620 7 116 195 4
T 58.620 8 113 195 4
T 58.620 2 113 195 4
T 58.620 1 113 195 4
T 58.620 5 113 195 4
T 58.621 3 112 195 4
T 58.621 4 112 195 4
T 58.621 6 112 195 4
T 58.640 7 117 195 4
T 58.640 8 114 195 4
T 58.640 2 114 195 4
T 58.640 1 114 195 4
T 58.640 5 114 195 4
T 58.640 3 113 195 4
T 58.640 4 113 195 4
T 58.640 6 113 195 4
T 58.660 7 118 195 4
T 58.660 8 115 195 4
T 58.660 2 115 195 4
T 58.660 1 115 195 4
T 58.660 5 115 195 4
T 58.660 3 114 195 4
T 58.660 4 114 195 4
T 58.660 6 114 195 4
T 58.679 7 119 195 4
T 58.679 8 116 195 4
T 58.680 2 116 195 4
T 58.680 1 116 195 4
T 58.680 5 116 195 4
T 58.680 3 115 195 4
T 58.680 4 115 195 4
T 58.680 6 115 195 4
T 58.699 7 120 195 4
T 58.699 8 117 195 4
T 58.699 2 117 195 4
T 58.699 1 117 195 4
T 58.699 5 117 195 4
T 58.699 3 116 195 4
T 58.699 4 116 195 4
T 58.699 6 116 195 4
T 58.719 7 121 195 4
T 58.719 8 118 195 4
T 58.719 2 118 195 4
T 58.719 1 118 195 4
T 58.719 5 118 195 4
T 58.719 3 117 195 4
T 58.719 4 117 195 4
T 58.719 6 117 195 4
T 58.739 7 122 195 4
T 58.739 8 119 195 4
T 58.739 2 119 195 4
T 58.739 1 119 195 4
T 58.739 5 119 195 4
T 58.739 3 118 195 4
T 58.739 4 118 195 4
T 58.739 6 118 195 4
T 58.758 7 123 195 4
T 58.758 8 120 195 4
T 58.759 2 120 195 4
T 58.759 1 120 195 4
T 58.759 5 120 195 4
T 58.759 3 119 195 4
T 58.759 4 119 195 4
T 58.759 6 119 195 4
T 58.778 7 124 195 4
T 58.778 8 121 195 4
T 58.779 2 121 195 4
T 58.779 1 121 195 4
T 58.779 5 121 195 4
T 58.779 3 120 195 4
T 58.779 4 120 195 4
T 58.779 6 120 195 4
T 58.798 7 125 195 4
T 58.798 8 122 195 4
T 58.798 2 122 195 4
T 58.799 1 122 195 4
T 58.799 5 122 195 4
T 58.799 3 121 195 4
T 58.799 4 121 195 4
T 58.799 6 121 195 4
T 58.818 7 126 195 4
T 58.818 8 123 195 4
T 58.818 2 123 195 4
T 58.818 1 123 195 4
T 58.818 5 123 195 4
T 58.818 3 122 195 4
T 58.818 4 122 195 4
T 58.818 6 122 195 4
T 58.838 7 127 195 4
T 58.838 8 124 195 4
T 58.838 2 124 195 4
T 58.838 1 124 195 4
T 58.838 5 124 195 4
T 58.838 3 123 195 4
T 58.838 4 123 195 4
T 58.838 6 123 195 4
T 58.858 7 128 195 4
T 58.858 8 125 195 4
T 58.858 2 125 195 4
T 58.858 1 125 195 4
T 58.858 5 125 195 4
T 58.858 3 124 195 4
T 58.858 4 124 195 4
T 58.858 6 124 195 4
T 58.878 7 129 195 4
T 58.878 8 126 195 4
T 58.878 2 126 195 4
T 58.878 1 126 195 4
T 58.878 5 126 195 4
T 58.878 3 125 195 4
T 58.878 4 125 195 4
T 58.878 6 125 195 4
T 58.897 7 130 195 4
T 58.897 8 127 195 4
T 58.897 2 127 195 4
T 58.897 1 127 195 4
T 58.897 5 127 195 4
T 58.898 3 126 195 4
T 58.898 4 126 195 4
T 58.898 6 126 195 4
T 58.917 7 131 195 4
T 58.917 8 128 195 4
T 58.917 2 128 195 4
T 58.917 1 128 195 4
T 58.917 5 128 195 4
T 58.917 3 127 195 4
T 58.917 4 127 195 4
T 58.917 6 127 195 4
T 58.937 7 132 195 4
T 58.937 8 129 195 4
T 58.937 2 129 195 4
T 58.937 1 129 195 4
T 58.937 5 129 195 4
T 58.937 3 128 195 4
T 58.937 4 128 195 4
T 58.937 6 128 195 4
T 58.957 8 130 195 4
T 58.957 2 130 195 4
T 58.957 1 130 195 4
T 58.957 5 130 195 4
T 58.957 3 129 195 4
T 58.958 4 129 195 4
T 58.958 6 129 195 4
T 58.977 8 131 195 4
T 58.977 2 131 195 4
T 58.977 1 131 195 4
T 58.977 5 131 195 4
T 58.977 3 130 195 4
T 58.977 4 130 195 4
T 58.977 6 130 195 4
T 58.997 8 132 195 4
T 58.997 2 132 195 4
T 58.997 1 132 195 4
T 58.997 5 132 195 4
T 58.997 3 131 195 4
T 58.997 4 131 195 4
T 58.997 6 131 195 4
T 59.016 3 132 195 4
T 59.016 4 132 195 4
T 59.016 6 132 195 4
P 59.790 5
F 59.791 5 5
P 59.791 4
F 59.791 4 5
P 59.792 6
F 59.793 6 5
P 59.795 7
F 59.796 7 5
P 59.803 8
F 59.805 8 5
P 59.805 1
F 59.806 1 5
P 59.806 2
P 59.809 3
F 59.808 2 5
F 59.812 3 5
T 60.290 4 133 248 5
T 60.442 4 134 248 5
T 60.442 7 133 248 5
T 60.443 8 133 248 5
T 60.443 2 133 248 5
T 60.443 1 133 248 5
T 60.443 5 133 248 5
T 60.443 6 133 248 5
T 60.445 4 135 248 5
T 60.445 7 134 248 5
T 60.445 8 134 248 5
T 60.445 2 134 248 5
T 60.445 1 134 248 5
T 60.445 5 134 248 5
T 60.446 6 134 248 5
T 60.446 3 133 248 5
T 60.464 4 136 248 5
T 60.464 7 135 248 5
T 60.464 8 135 248 5
T 60.464 2 135 248 5
T 60.464 1 135 248 5
T 60.464 5 135 248 5
T 60.464 6 135 248 5
T 60.464 3 134 248 5
T 60.483 4 137 248 5
T 60.483 7 136 248 5
T 60.484 8 136 248 5
T 60.484 2 136 248 5
T 60.484 1 136 248 5
T 60.484 5 136 248 5
T 60.484 6 136 248 5
T 60.484 3 135 248 5
T 60.503 4 138 248 5
T 60.503 7 137 248 5
T 60.503 8 137 248 5
T 60.503 2 137 248 5
T 60.503 1 137 248 5
T 60.503 5 137 248 5
T 60.503 6 137 248 5
T 60.504 3 136 248 5
T 60.523 4 139 248 5
T 60.523 7 138 248 5
T 60.523 8 138 248 5
T 60.523 2 138 248 5
T 60.524 1 138 248 5
T 60.524 5 138 248 5
T 60.524 6 138 248 5
T 60.524 3 137 248 5
T 60.543 4 140 248 5
T 60.543 7 139 248 5
T 60.543 8 139 248 5
T 60.543 2 139 248 5
T 60.543 1 139 248 5
T 60.543 5 139 248 5
T 60.543 6 139 248 5
T 60.543 3 138 248 5
T 60.563 4 141 248 5
T 60.563 7 140 248 5
T 60.563 8 140 248 5
T 60.563 2 140 248 5
T 60.563 1 140 248 5
T 60.563 5 140 248 5
T 60.563 6 140 248 5
T 60.563 3 139 248 5
T 60.582 4 142 248 5
T 60.582 7 141 248 5
T 60.583 8 141 248 5
T 60.583 2 141 248 5
T 60.583 1 141 248 5
T 60.583 5 141 248 5
T 60.583 6 141 248 5
T 60.583 3 140 248 5
T 60.602 4 143 248 5
T 60.602 7 142 248 5
T 60.602 8 142 248 5
T 60.602 2 142 248 5
T 60.602 1 142 248 5
T 60.603 5 142 248 5
T 60.603 6 142 248 5
T 60.603 3 141 248 5
T 60.622 4 144 248 5
T 60.622 7 143 248 5
T 60.622 8 143 248 5
T 60.622 2 143 248 5
T 60.622 1 143 248 5
T 60.622 5 143 248 5
T 60.623 6 143 248 5
T 60.623 3 142 248 5
T 60.642 4 145 248 5
T 60.642 7 144 248 5
T 60.642 8 144 248 5
T 60.642 2 144 248 5
T 60.643 1 144 248 5
T 60.643 5 144 248 5
T 60.643 6 144 248 5
T 60.643 3 143 248 5
T 60.662 4 146 248 5
T 60.662 7 145 248 5
T 60.662 8 145 248 5
T 60.662 2 145 248 5
T 60.662 1 145 248 5
T 60.662 5 145 248 5
T 60.662 6 145 248 5
T 60.662 3 144 248 5
T 60.682 4 147 248 5
T 60.682 7 146 248 5
T 60.682 8 146 248 5
T 60.682 2 146 248 5
T 60.682 1 146 248 5
T 60.682 5 146 248 5
T 60.682 6 146 248 5
T 60.682 3 145 248 5
T 60.702 4 148 248 5
T 60.702 7 147 248 5
T 60.702 8 147 248 5
T 60.702 2 147 248 5
T 60.702 1 147 248 5
T 60.702 5 147 248 5
T 60.702 6 147 248 5
T 60.702 3 146 248 5
T 60.722 4 149 248 5
T 60.722 7 148 248 5
T 60.722 8 148 248 5
T 60.722 2 148 248 5
T 60.722 1 148 248 5
T 60.722 5 148 248 5
T 60.722 6 148 248 5
T 60.722 3 147 248 5
T 60.742 4 150 248 5
T 60.742 7 149 248 5
T 60.742 8 149 248 5
T 60.742 2 149 248 5
T 60.742 1 149 248 5
T 60.742 5 149 248 5
T 60.742 6 149 248 5
T 60.743 3 148 248 5
T 60.761 4 151 248 5
T 60.761 7 150 248 5
T 60.762 8 150 248 5
T 60.762 2 150 248 5
T 60.762 1 150 248 5
T 60.762 5 150 248 5
T 60.762 6 150 248 5
T 60.762 3 149 248 5
T 60.781 4 152 248 5
T 60.781 7 151 248 5
T 60.781 8 151 248 5
T 60.781 2 151 248 5
T 60.781 1 151 248 5
T 60.782 5 151 248 5
T 60.782 6 151 248 5
T 60.782 3 150 248 5
T 60.801 4 153 248 5
T 60.801 7 152 248 5
T 60.801 8 152 248 5
T 60.801 2 152 248 5
T 60.802 1 152 248 5
T 60.802 5 152 248 5
T 60.802 6 152 248 5
T 60.802 3 151 248 5
T 60.821 4 154 248 5
T 60.821 7 153 248 5
T 60.821 8 153 248 5
T 60.821 2 153 248 5
T 60.822 1 153 248 5
T 60.822 5 153 248 5
T 60.822 6 153 248 5
T 60.822 3 152 248 5
T 60.841 4 155 248 5
T 60.841 7 154 248 5
T 60.841 8 154 248 5
T 60.841 2 154 248 5
T 60.841 1 154 248 5
T 60.841 5 154 248 5
T 60.841 6 154 248 5
T 60.842 3 153 248 5
T 60.861 4 156 248 5
T 60.861 7 155 248 5
T 60.861 8 155 248 5
T 60.861 2 155 248 5
T 60.861 1 155 248 5
T 60.861 5 155 248 5
T 60.862 6 155 248 5
T 60.862 3 154 248 5
T 60.881 4 157 248 5
T 60.881 7 156 248 5
T 60.881 8 156 248 5
T 60.881 2 156 248 5
T 60.881 1 156 248 5
T 60.881 5 156 248 5
T 60.881 6 156 248 5
T 60.881 3 155 248 5
T 60.901 4 158 248 5
T 60.901 7 157 248 5
T 60.901 8 157 248 5
T 60.901 2 157 248 5
T 60.901 1 157 248 5
T 60.901 5 157 248 5
T 60.901 6 157 248 5
T 60.901 3 156 248 5
T 60.921 4 159 248 5
T 60.921 7 158 248 5
T 60.921 8 158 248 5
T 60.921 2 158 248 5
T 60.921 1 158 248 5
T 60.921 5 158 248 5
T 60.921 6 158 248 5
T 60.921 3 157 248 5
T 60.941 4 160 248 5
T 60.941 7 159 248 5
T 60.941 8 159 248 5
T 60.941 2 159 248 5
T 60.941 1 159 248 5
T 60.941 5 159 248 5
T 60.941 6 159 248 5
T 60.941 3 158 248 5
T 60.960 4 161 248 5
T 60.961 7 160 248 5
T 60.961 8 160 248 5
T 60.961 2 160 248 5
T 60.961 1 160 248 5
T 60.961 5 160 248 5
T 60.961 6 160 248 5
T 60.961 3 159 248 5
T 60.980 4 162 248 5
T 60.980 7 161 248 5
T 60.980 8 161 248 5
T 60.981 2 161 248 5
T 60.981 1 161 248 5
T 60.981 5 161 248 5
T 60.981 6 161 248 5
T 60.981 3 160 248 5
T 61.001 4 163 248 5
T 61.001 7 162 248 5
T 61.001 8 162 248 5
T 61.001 2 162 248 5
T 61.001 1 162 248 5
T 61.001 5 162 248 5
T 61.001 6 162 248 5
T 61.002 3 161 248 5
T 61.020 4 164 248 5
T 61.020 7 163 248 5
T 61.020 8 163 248 5
T 61.021 2 163 248 5
T 61.021 1 163 248 5
T 61.021 5 163 248 5
T 61.021 6 163 248 5
T 61.021 3 162 248 5
T 61.040 4 165 248 5
T 61.040 7 164 248 5
T 61.040 8 164 248 5
T 61.041 2 164 248 5
T 61.041 1 164 248 5
T 61.041 5 164 248 5
T 61.041 6 164 248 5
T 61.041 3 163 248 5
T 61.060 7 165 248 5
T 61.060 8 165 248 5
T 61.060 2 165 248 5
T 61.060 1 165 248 5
T 61.060 5 165 248 5
T 61.060 6 165 248 5
T 61.061 3 164 248 5
T 61.079 3 165 248 5
P 61.791 6
F 61.792 6 6
P 61.792 7
F 61.792 7 6
P 61.793 8
F 61.795 8 6
P 61.796 1
F 61.796 1 6
P 61.797 2
F 61.798 2 6
P 61.799 3
F 61.806 3 6
P 61.807 5
F 61.809 5 6
P 61.809 4
F 61.810 4 6
T 62.209 2 166 301 6
T 62.214 2 167 301 6
T 62.214 7 166 301 6
T 62.214 3 166 301 6
T 62.271 2 168 301 6
T 62.271 7 167 301 6
T 62.271 3 167 301 6
T 62.313 2 169 301 6
T 62.314 7 168 301 6
T 62.314 3 168 301 6
T 62.314 8 166 301 6
T 62.355 2 170 301 6
T 62.355 7 169 301 6
T 62.355 3 169 301 6
T 62.355 8 167 301 6
T 62.355 4 166 301 6
T 62.355 1 166 301 6
T 62.355 5 166 301 6
T 62.355 6 166 301 6
T 62.374 2 171 301 6
T 62.374 7 170 301 6
T 62.374 3 170 301 6
T 62.374 8 168 301 6
T 62.374 4 167 301 6
T 62.375 1 167 301 6
T 62.375 5 167 301 6
T 62.375 6 167 301 6
T 62.394 2 172 301 6
T 62.394 7 171 301 6
T 62.394 3 171 301 6
T 62.394 8 169 301 6
T 62.394 4 168 301 6
T 62.394 1 168 301 6
T 62.394 5 168 301 6
T 62.394 6 168 301 6
T 62.414 2 173 301 6
T 62.414 7 172 301 6
T 62.414 3 172 301 6
T 62.414 8 170 301 6
T 62.414 4 169 301 6
T 62.414 1 169 301 6
T 62.414 5 169 301 6
T 62.414 6 169 301 6
T 62.434 2 174 301 6
T 62.434 7 173 301 6
T 62.434 3 173 301 6
T 62.434 8 171 301 6
T 62.434 4 170 301 6
T 62.434 1 170 301 6
T 62.434 5 170 301 6
T 62.434 6 170 301 6
T 62.454 2 175 301 6
T 62.454 7 174 301 6
T 62.454 3 174 301 6
T 62.454 8 172 301 6
T 62.454 4 171 301 6
T 62.454 1 171 301 6
T 62.454 5 171 301 6
T 62.454 6 171 301 6
T 62.473 2 176 301 6
T 62.474 7 175 301 6
T 62.474 3 175 301 6
T 62.474 8 173 301 6
T 62.474 4 172 301 6
T 62.474 1 172 301 6
T 62.474 5 172 301 6
T 62.474 6 172 301 6
T 62.493 2 177 301 6
T 62.494 7 176 301 6
T 62.494 3 176 301 6
T 62.494 8 174 301 6
T 62.494 4 173 301 6
T 62.494 1 173 301 6
T 62.494 5 173 301 6
T 62.494 6 173 301 6
T 62.513 2 178 301 6
T 62.513 7 177 301 6
T 62.513 3 177 301 6
T 62.513 8 175 301 6
T 62.513 4 174 301 6
T 62.514 1 174 301 6
T 62.514 5 174 301 6
T 62.514 6 174 301 6
T 62.533 2 179 301 6
T 62.533 7 178 301 6
T 62.533 3 178 301 6
T 62.533 8 176 301 6
T 62.534 4 175 301 6
T 62.534 1 175 301 6
T 62.534 5 175 301 6
T 62.534 6 175 301 6
T 62.553 2 180 301 6
T 62.553 7 179 301 6
T 62.554 3 179 301 6
T 62.554 8 177 301 6
T 62.554 4 176 301 6
T 62.554 1 176 301 6
T 62.554 5 176 301 6
T 62.554 6 176 301 6
T 62.573 2 181 301 6
T 62.574 7 180 301 6
T 62.574 3 180 301 6
T 62.574 8 178 301 6
T 62.574 4 177 301 6
T 62.574 1 177 301 6
T 62.574 5 177 301 6
T 62.574 6 177 301 6
T 62.593 2 182 301 6
T 62.593 7 181 301 6
T 62.593 3 181 301 6
T 62.593 8 179 301 6
T 62.593 4 178 301 6
T 62.594 1 178 301 6
T 62.594 5 178 301 6
T 62.594 6 178 301 6
T 62.613 2 183 301 6
T 62.613 7 182 301 6
T 62.613 3 182 301 6
T 62.613 8 180 301 6
T 62.613 4 179 301 6
T 62.613 1 179 301 6
T 62.613 5 179 301 6
T 62.613 6 179 301 6
T 62.633 2 184 301 6
T 62.633 7 183 301 6
T 62.633 3 183 301 6
T 62.633 8 181 301 6
T 62.633 4 180 301 6
T 62.633 1 180 301 6
T 62.633 5 180 301 6
T 62.633 6 180 301 6
T 62.654 2 185 301 6
T 62.654 7 184 301 6
T 62.654 3 184 301 6
T 62.654 8 182 301 6
T 62.654 4 181 301 6
T 62.654 1 181 301 6
T 62.654 5 181 301 6
T 62.654 6 181 301 6
T 62.673 2 186 301 6
T 62.673 7 185 301 6
T 62.674 3 185 301 6
T 62.674 8 183 301 6
T 62.674 4 182 301 6
T 62.674 1 182 301 6
T 62.674 5 182 301 6
T 62.674 6 182 301 6
T 62.693 2 187 301 6
T 62.693 7 186 301 6
T 62.693 3 186 301 6
T 62.693 8 184 301 6
T 62.693 4 183 301 6
T 62.693 1 183 301 6
T 62.694 5 183 301 6
T 62.694 6 183 301 6
T 62.713 2 188 301 6
T 62.713 7 187 301 6
T 62.713 3 187 301 6
T 62.713 8 185 301 6
T 62.713 4 184 301 6
T 62.713 1 184 301 6
T 62.713 5 184 301 6
T 62.713 6 184 301 6
T 62.733 2 189 301 6
T 62.733 7 188 301 6
T 62.733 3 188 301 6
T 62.733 8 186 301 6
T 62.733 4 185 301 6
T 62.733 1 185 301 6
T 62.733 5 185 301 6
T 62.733 6 185 301 6
T 62.753 2 190 301 6
T 62.753 7 189 301 6
T 62.753 3 189 301 6
T 62.753 8 187 301 6
T 62.753 4 186 301 6
T 62.753 1 186 301 6
T 62.753 5 186 301 6
T 62.753 6 186 301 6
T 62.772 2 191 301 6
T 62.773 7 190 301 6
T 62.773 3 190 301 6
T 62.773 8 188 301 6
T 62.773 4 187 301 6
T 62.773 1 187 301 6
T 62.773 5 187 301 6
T 62.773 6 187 301 6
T 62.792 2 192 301 6
T 62.793 7 191 301 6
T 62.793 3 191 301 6
T 62.793 8 189 301 6
T 62.793 4 188 301 6
T 62.793 1 188 301 6
T 62.793 5 188 301 6
T 62.793 6 188 301 6
T 62.812 2 193 301 6
T 62.812 7 192 301 6
T 62.813 3 192 301 6
T 62.813 8 190 301 6
T 62.813 4 189 301 6
T 62.813 1 189 301 6
T 62.813 5 189 301 6
T 62.813 6 189 301 6
T 62.832 2 194 301 6
T 62.832 7 193 301 6
T 62.833 3 193 301 6
T 62.833 8 191 301 6
T 62.833 4 190 301 6
T 62.833 1 190 301 6
T 62.833 5 190 301 6
T 62.833 6 190 301 6
T 62.852 2 195 301 6
T 62.852 7 194 301 6
T 62.852 3 194 301 6
T 62.852 8 192 301 6
T 62.852 4 191 301 6
T 62.852 1 191 301 6
T 62.853 5 191 301 6
T 62.853 6 191 301 6
T 62.872 2 196 301 6
T 62.872 7 195 301 6
T 62.872 3 195 301 6
T 62.873 8 193 301 6
T 62.873 4 192 301 6
T 62.873 1 192 301 6
T 62.873 5 192 301 6
T 62.873 6 192 301 6
T 62.892 2 197 301 6
T 62.892 7 196 301 6
T 62.893 3 196 301 6
T 62.893 8 194 301 6
T 62.893 4 193 301 6
T 62.893 1 193 301 6
T 62.893 5 193 301 6
T 62.893 6 193 301 6
T 62.912 2 198 301 6
T 62.912 7 197 301 6
T 62.913 3 197 301 6
T 62.913 8 195 301 6
T 62.913 4 194 301 6
T 62.913 1 194 301 6
T 62.913 5 194 301 6
T 62.913 6 194 301 6
T 62.932 7 198 301 6
T 62.932 3 198 301 6
T 62.932 8 196 301 6
T 62.932 4 195 301 6
T 62.932 1 195 301 6
T 62.933 5 195 301 6
T 62.933 6 195 301 6
T 62.951 8 197 301 6
T 62.952 4 196 301 6
T 62.952 1 196 301 6
T 62.952 5 196 301 6
T 62.952 6 196 301 6
T 62.971 8 198 301 6
T 62.971 4 197 301 6
T 62.971 1 197 301 6
T 62.971 5 197 301 6
T 62.971 6 197 301 6
T 62.991 4 198 301 6
T 62.991 1 198 301 6
T 62.991 5 198 301 6
T 62.991 6 198 301 6
P 63.791 1
F 63.791 1 7
P 63.791 2
F 63.792 2 7
P 63.793 3
P 63.794 5
F 63.794 3 7
P 63.794 4
F 63.795 5 7
P 63.795 6
F 63.796 4 7
P 63.798 7
F 63.798 6 7
P 63.800 8
F 63.800 7 7
F 63.804 8 7
T 64.312 1 199 354 7
T 64.382 1 200 354 7
T 64.383 2 199 354 7
T 64.383 7 199 354 7
T 64.383 3 199 354 7
T 64.383 8 199 354 7
T 64.383 4 199 354 7
T 64.383 5 199 354 7
T 64.383 6 199 354 7
T 64.402 1 201 354 7
T 64.402 2 200 354 7
T 64.402 7 200 354 7
T 64.402 3 200 354 7
T 64.402 8 200 354 7
T 64.402 4 200 354 7
T 64.402 5 200 354 7
T 64.402 6 200 354 7
T 64.421 1 202 354 7
T 64.422 2 201 354 7
T 64.422 7 201 354 7
T 64.422 3 201 354 7
T 64.422 8 201 354 7
T 64.422 4 201 354 7
T 64.422 5 201 354 7
T 64.422 6 201 354 7
T 64.441 1 203 354 7
T 64.441 2 202 354 7
T 64.441 7 202 354 7
T 64.441 3 202 354 7
T 64.442 8 202 354 7
T 64.442 4 202 354 7
T 64.442 5 202 354 7
T 64.442 6 202 354 7
T 64.461 1 204 354 7
T 64.461 2 203 354 7
T 64.461 7 203 354 7
T 64.461 3 203 354 7
T 64.461 8 203 354 7
T 64.462 4 203 354 7
T 64.462 5 203 354 7
T 64.462 6 203 354 7
T 64.481 1 205 354 7
T 64.481 2 204 354 7
T 64.481 7 204 354 7
T 64.482 3 204 354 7
T 64.482 8 204 354 7
T 64.482 4 204 354 7
T 64.482 5 204 354 7
T 64.482 6 204 354 7
T 64.502 1 206 354 7
T 64.502 2 205 354 7
T 64.502 7 205 354 7
T 64.502 3 205 354 7
T 64.502 8 205 354 7
T 64.502 4 205 354 7
T 64.502 5 205 354 7
T 64.502 6 205 354 7
T 64.521 1 207 354 7
T 64.521 2 206 354 7
T 64.521 7 206 354 7
T 64.521 3 206 354 7
T 64.521 8 206 354 7
T 64.521 4 206 354 7
T 64.521 5 206 354 7
T 64.522 6 206 354 7
T 64.541 1 208 354 7
T 64.541 2 207 354 7
T 64.541 7 207 354 7
T 64.541 3 207 354 7
T 64.541 8 207 354 7
T 64.541 4 207 354 7
T 64.541 5 207 354 7
T 64.542 6 207 354 7
T 64.561 1 209 354 7
T 64.561 2 208 354 7
T 64.561 7 208 354 7
T 64.561 3 208 354 7
T 64.561 8 208 354 7
T 64.561 4 208 354 7
T 64.561 5 208 354 7
T 64.562 6 208 354 7
T 64.581 1 210 354 7
T 64.581 2 209 354 7
T 64.581 7 209 354 7
T 64.581 3 209 354 7
T 64.581 8 209 354 7
T 64.581 4 209 354 7
T 64.581 5 209 354 7
T 64.581 6 209 354 7
T 64.601 1 211 354 7
T 64.601 2 210 354 7
T 64.601 7 210 354 7
T 64.601 3 210 354 7
T 64.601 8 210 354 7
T 64.602 4 210 354 7
T 64.602 5 210 354 7
T 64.602 6 210 354 7
T 64.622 1 212 354 7
T 64.622 2 211 354 7
T 64.622 7 211 354 7
T 64.622 3 211 354 7
T 64.622 8 211 354 7
T 64.622 4 211 354 7
T 64.622 5 211 354 7
T 64.622 6 211 354 7
T 64.642 1 213 354 7
T 64.642 2 212 354 7
T 64.642 7 212 354 7
T 64.642 3 212 354 7
T 64.642 8 212 354 7
T 64.642 4 212 354 7
T 64.642 5 212 354 7
T 64.642 6 212 354 7
T 64.662 1 214 354 7
T 64.662 2 213 354 7
T 64.662 7 213 354 7
T 64.662 3 213 354 7
T 64.662 8 213 354 7
T 64.662 4 213 354 7
T 64.662 5 213 354 7
T 64.662 6 213 354 7
T 64.682 1 215 354 7
T 64.682 2 214 354 7
T 64.682 7 214 354 7
T 64.682 3 214 354 7
T 64.682 8 214 354 7
T 64.682 4 214 354 7
T 64.682 5 214 354 7
T 64.682 6 214 354 7
T 64.701 1 216 354 7
T 64.701 2 215 354 7
T 64.701 7 215 354 7
T 64.701 3 215 354 7
T 64.701 8 215 354 7
T 64.701 4 215 354 7
T 64.701 5 215 354 7
T 64.701 6 215 354 7
T 64.721 1 217 354 7
T 64.721 2 216 354 7
T 64.721 7 216 354 7
T 64.721 3 216 354 7
T 64.721 8 216 354 7
T 64.721 4 216 354 7
T 64.721 5 216 354 7
T 64.721 6 216 354 7
T 64.741 1 218 354 7
T 64.741 2 217 354 7
T 64.741 7 217 354 7
T 64.741 3 217 354 7
T 64.741 8 217 354 7
T 64.741 4 217 354 7
T 64.741 5 217 354 7
T 64.741 6 217 354 7
T 64.761 1 219 354 7
T 64.761 2 218 354 7
T 64.761 7 218 354 7
T 64.761 3 218 354 7
T 64.761 8 218 354 7
T 64.761 4 218 354 7
T 64.761 5 218 354 7
T 64.761 6 218 354 7
T 64.781 1 220 354 7
T 64.781 2 219 354 7
T 64.781 7 219 354 7
T 64.781 3 219 354 7
T 64.781 8 219 354 7
T 64.781 4 219 354 7
T 64.781 5 219 354 7
T 64.781 6 219 354 7
T 64.801 1 221 354 7
T 64.801 2 220 354 7
T 64.801 7 220 354 7
T 64.801 3 220 354 7
T 64.801 8 220 354 7
T 64.801 4 220 354 7
T 64.801 5 220 354 7
T 64.801 6 220 354 7
T 64.821 1 222 354 7
T 64.821 2 221 354 7
T 64.821 7 221 354 7
T 64.821 3 221 354 7
T 64.821 8 221 354 7
T 64.821 4 221 354 7
T 64.821 5 221 354 7
T 64.821 6 221 354 7
T 64.841 1 223 354 7
T 64.841 2 222 354 7
T 64.841 7 222 354 7
T 64.841 3 222 354 7
T 64.841 8 222 354 7
T 64.841 4 222 354 7
T 64.841 5 222 354 7
T 64.841 6 222 354 7
T 64.861 1 224 354 7
T 64.861 2 223 354 7
T 64.861 7 223 354 7
T 64.861 3 223 354 7
T 64.861 8 223 354 7
T 64.861 4 223 354 7
T 64.861 5 223 354 7
T 64.861 6 223 354 7
T 64.883 1 225 354 7
T 64.883 2 224 354 7
T 64.883 7 224 354 7
T 64.883 3 224 354 7
T 64.883 8 224 354 7
T 64.883 4 224 354 7
T 64.883 5 224 354 7
T 64.883 6 224 354 7
T 64.901 1 226 354 7
T 64.901 2 225 354 7
T 64.901 7 225 354 7
T 64.902 3 225 354 7
T 64.902 8 225 354 7
T 64.902 4 225 354 7
T 64.902 5 225 354 7
T 64.902 6 225 354 7
T 64.921 1 227 354 7
T 64.921 2 226 354 7
T 64.921 7 226 354 7
T 64.921 3 226 354 7
T 64.921 8 226 354 7
T 64.921 4 226 354 7
T 64.921 5 226 354 7
T 64.921 6 226 354 7
T 64.941 1 228 354 7
T 64.941 2 227 354 7
T 64.941 7 227 354 7
T 64.941 3 227 354 7
T 64.941 8 227 354 7
T 64.941 4 227 354 7
T 64.941 5 227 354 7
T 64.941 6 227 354 7
T 64.961 1 229 354 7
T 64.961 2 228 354 7
T 64.961 7 228 354 7
T 64.961 3 228 354 7
T 64.961 8 228 354 7
T 64.961 4 228 354 7
T 64.961 5 228 354 7
T 64.961 6 228 354 7
T 64.981 1 230 354 7
T 64.981 2 229 354 7
T 64.981 7 229 354 7
T 64.981 3 229 354 7
T 64.981 8 229 354 7
T 64.981 4 229 354 7
T 64.981 5 229 354 7
T 64.981 6 229 354 7
T 65.001 1 231 354 7
T 65.001 2 230 354 7
T 65.001 7 230 354 7
T 65.001 3 230 354 7
T 65.001 8 230 354 7
T 65.001 4 230 354 7
T 65.001 5 230 354 7
T 65.001 6 230 354 7
T 65.021 2 231 354 7
T 65.021 7 231 354 7
T 65.021 3 231 354 7
T 65.021 8 231 354 7
T 65.021 4 231 354 7
T 65.021 5 231 354 7
T 65.021 6 231 354 7
P 65.790 2
P 65.791 3
P 65.791 5
F 65.791 2 8
P 65.791 4
F 65.792 3 8
P 65.793 6
F 65.793 5 8
P 65.794 7
P 65.795 8
P 65.795 1
F 65.795 4 8
F 65.797 6 8
F 65.799 7 8
F 65.801 8 8
F 65.802 1 8
T 66.253 4 232 407 8
T 66.376 4 233 407 8
T 66.376 1 232 407 8
T 66.376 2 232 407 8
T 66.376 3 232 407 8
T 66.376 8 232 407 8
T 66.376 5 232 407 8
T 66.381 4 234 407 8
T 66.381 1 233 407 8
T 66.381 2 233 407 8
T 66.381 3 233 407 8
T 66.381 8 233 407 8
T 66.381 5 233 407 8
T 66.381 7 232 407 8
T 66.381 6 232 407 8
T 66.401 4 235 407 8
T 66.401 1 234 407 8
T 66.401 2 234 407 8
T 66.401 3 234 407 8
T 66.401 8 234 407 8
T 66.401 5 234 407 8
T 66.401 7 233 407 8
T 66.401 6 233 407 8
T 66.421 4 236 407 8
T 66.421 1 235 407 8
T 66.421 2 235 407 8
T 66.421 3 235 407 8
T 66.421 8 235 407 8
T 66.421 5 235 407 8
T 66.421 7 234 407 8
T 66.421 6 234 407 8
T 66.441 4 237 407 8
T 66.441 1 236 407 8
T 66.441 2 236 407 8
T 66.441 3 236 407 8
T 66.441 8 236 407 8
T 66.441 5 236 407 8
T 66.441 7 235 407 8
T 66.441 6 235 407 8
T 66.461 4 238 407 8
T 66.461 1 237 407 8
T 66.461 2 237 407 8
T 66.461 3 237 407 8
T 66.461 8 237 407 8
T 66.461 5 237 407 8
T 66.461 7 236 407 8
T 66.461 6 236 407 8
T 66.481 4 239 407 8
T 66.481 1 238 407 8
T 66.481 2 238 407 8
T 66.481 3 238 407 8
T 66.481 8 238 407 8
T 66.481 5 238 407 8
T 66.481 7 237 407 8
T 66.481 6 237 407 8
T 66.501 4 240 407 8
T 66.501 1 239 407 8
T 66.501 2 239 407 8
T 66.501 3 239 407 8
T 66.501 8 239 407 8
T 66.501 5 239 407 8
T 66.501 7 238 407 8
T 66.502 6 238 407 8
T 66.521 4 241 407 8
T 66.521 1 240 407 8
T 66.521 2 240 407 8
T 66.521 3 240 407 8
T 66.521 8 240 407 8
T 66.522 5 240 407 8
T 66.522 7 239 407 8
T 66.522 6 239 407 8
T 66.541 4 242 407 8
T 66.541 1 241 407 8
T 66.541 2 241 407 8
T 66.541 3 241 407 8
T 66.541 8 241 407 8
T 66.542 5 241 407 8
T 66.542 7 240 407 8
T 66.542 6 240 407 8
T 66.561 4 243 407 8
T 66.561 1 242 407 8
T 66.561 2 242 407 8
T 66.561 3 242 407 8
T 66.561 8 242 407 8
T 66.561 5 242 407 8
T 66.561 7 241 407 8
T 66.561 6 241 407 8
T 66.581 4 244 407 8
T 66.581 1 243 407 8
T 66.582 2 243 407 8
T 66.582 3 243 407 8
T 66.582 8 243 407 8
T 66.582 5 243 407 8
T 66.582 7 242 407 8
T 66.582 6 242 407 8
T 66.601 4 245 407 8
T 66.602 1 244 407 8
T 66.602 2 244 407 8
T 66.602 3 244 407 8
T 66.602 8 244 407 8
T 66.602 5 244 407 8
T 66.602 7 243 407 8
T 66.602 6 243 407 8
T 66.622 4 246 407 8
T 66.622 1 245 407 8
T 66.622 2 245 407 8
T 66.622 3 245 407 8
T 66.622 8 245 407 8
T 66.622 5 245 407 8
T 66.622 7 244 407 8
T 66.622 6 244 407 8
T 66.642 4 247 407 8
T 66.642 1 246 407 8
T 66.642 2 246 407 8
T 66.642 3 246 407 8
T 66.642 8 246 407 8
T 66.642 5 246 407 8
T 66.642 7 245 407 8
T 66.642 6 245 407 8
T 66.662 4 248 407 8
T 66.662 1 247 407 8
T 66.662 2 247 407 8
T 66.662 3 247 407 8
T 66.662 8 247 407 8
T 66.662 5 247 407 8
T 66.662 7 246 407 8
T 66.662 6 246 407 8
T 66.682 4 249 407 8
T 66.682 1 248 407 8
T 66.682 2 248 407 8
T 66.682 3 248 407 8
T 66.682 8 248 407 8
T 66.682 5 248 407 8
T 66.682 7 247 407 8
T 66.682 6 247 407 8
T 66.702 4 250 407 8
T 66.702 1 249 407 8
T 66.702 2 249 407 8
T 66.702 3 249 407 8
T 66.702 8 249 407 8
T 66.702 5 249 407 8
T 66.702 7 248 407 8
T 66.702 6 248 407 8
T 66.722 4 251 407 8
T 66.722 1 250 407 8
T 66.722 2 250 407 8
T 66.722 3 250 407 8
T 66.722 8 250 407 8
T 66.723 5 250 407 8
T 66.723 7 249 407 8
T 66.723 6 249 407 8
T 66.743 4 252 407 8
T 66.743 1 251 407 8
T 66.743 2 251 407 8
T 66.743 3 251 407 8
T 66.743 8 251 407 8
T 66.743 5 251 407 8
T 66.743 7 250 407 8
T 66.743 6 250 407 8
T 66.763 4 253 407 8
T 66.763 1 252 407 8
T 66.763 2 252 407 8
T 66.763 3 252 407 8
T 66.763 8 252 407 8
T 66.763 5 252 407 8
T 66.763 7 251 407 8
T 66.763 6 251 407 8
T 66.783 4 254 407 8
T 66.783 1 253 407 8
T 66.783 2 253 407 8
T 66.783 3 253 407 8
T 66.783 8 253 407 8
T 66.783 5 253 407 8
T 66.783 7 252 407 8
T 66.783 6 252 407 8
T 66.803 4 255 407 8
T 66.803 1 254 407 8
T 66.803 2 254 407 8
T 66.803 3 254 407 8
T 66.803 8 254 407 8
T 66.803 5 254 407 8
T 66.803 7 253 407 8
T 66.804 6 253 407 8
T 66.823 4 256 407 8
T 66.823 1 255 407 8
T 66.823 2 255 407 8
T 66.824 3 255 407 8
T 66.824 8 255 407 8
T 66.824 5 255 407 8
T 66.824 7 254 407 8
T 66.824 6 254 407 8
T 66.844 4 257 407 8
T 66.844 1 256 407 8
T 66.844 2 256 407 8
T 66.844 3 256 407 8
T 66.844 8 256 407 8
T 66.844 5 256 407 8
T 66.844 7 255 407 8
T 66.844 6 255 407 8
T 66.864 4 258 407 8
T 66.864 1 257 407 8
T 66.864 2 257 407 8
T 66.864 3 257 407 8
T 66.864 8 257 407 8
T 66.864 5 257 407 8
T 66.864 7 256 407 8
T 66.864 6 256 407 8
T 66.884 4 259 407 8
T 66.884 1 258 407 8
T 66.884 2 258 407 8
T 66.884 3 258 407 8
T 66.884 8 258 407 8
T 66.884 5 258 407 8
T 66.884 7 257 407 8
T 66.884 6 257 407 8
T 66.904 4 260 407 8
T 66.904 1 259 407 8
T 66.904 2 259 407 8
T 66.904 3 259 407 8
T 66.904 8 259 407 8
T 66.904 5 259 407 8
T 66.904 7 258 407 8
T 66.904 6 258 407 8
T 66.924 4 261 407 8
T 66.924 1 260 407 8
T 66.924 2 260 407 8
T 66.924 3 260 407 8
T 66.925 8 260 407 8
T 66.925 5 260 407 8
T 66.925 7 259 407 8
T 66.925 6 259 407 8
T 66.945 4 262 407 8
T 66.945 1 261 407 8
T 66.945 2 261 407 8
T 66.945 3 261 407 8
T 66.945 8 261 407 8
T 66.945 5 261 407 8
T 66.945 7 260 407 8
T 66.945 6 260 407 8
T 66.965 4 263 407 8
T 66.965 1 262 407 8
T 66.965 2 262 407 8
T 66.965 3 262 407 8
T 66.965 8 262 407 8
T 66.965 5 262 407 8
T 66.965 7 261 407 8
T 66.965 6 261 407 8
T 66.985 4 264 407 8
T 66.985 1 263 407 8
T 66.985 2 263 407 8
T 66.985 3 263 407 8
T 66.985 8 263 407 8
T 66.985 5 263 407 8
T 66.985 7 262 407 8
T 66.985 6 262 407 8
T 67.005 1 264 407 8
T 67.005 2 264 407 8
T 67.005 3 264 407 8
T 67.005 8 264 407 8
T 67.005 5 264 407 8
T 67.005 7 263 407 8
T 67.005 6 263 407 8
T 67.025 7 264 407 8
T 67.025 6 264 407 8
P 67.792 3
P 67.793 5
P 67.793 4
P 67.793 6
F 67.793 3 9
P 67.793 7
F 67.795 5 9
P 67.795 8
F 67.795 4 9
P 67.796 1
F 67.797 6 9
P 67.798 2
F 67.798 7 9
F 67.800 8 9
F 67.802 1 9
F 67.803 2 9
T 68.200 7 265 460 9
T 68.271 7 266 460 9
T 68.271 1 265 460 9
T 68.271 2 265 460 9
T 68.271 3 265 460 9
T 68.312 7 267 460 9
T 68.312 1 266 460 9
T 68.312 2 266 460 9
T 68.312 3 266 460 9
T 68.312 4 265 460 9
T 68.312 8 265 460 9
T 68.312 5 265 460 9
T 68.312 6 265 460 9
T 68.332 7 268 460 9
T 68.332 1 267 460 9
T 68.332 2 267 460 9
T 68.332 3 267 460 9
T 68.332 4 266 460 9
T 68.332 8 266 460 9
T 68.332 5 266 460 9
T 68.332 6 266 460 9
T 68.352 7 269 460 9
T 68.352 1 268 460 9
T 68.352 2 268 460 9
T 68.352 3 268 460 9
T 68.352 4 267 460 9
T 68.352 8 267 460 9
T 68.353 5 267 460 9
T 68.353 6 267 460 9
T 68.372 7 270 460 9
T 68.373 1 269 460 9
T 68.373 2 269 460 9
T 68.373 3 269 460 9
T 68.373 4 268 460 9
T 68.373 8 268 460 9
T 68.373 5 268 460 9
T 68.373 6 268 460 9
T 68.392 7 271 460 9
T 68.392 1 270 460 9
T 68.393 2 270 460 9
T 68.393 3 270 460 9
T 68.393 4 269 460 9
T 68.393 8 269 460 9
T 68.393 5 269 460 9
T 68.393 6 269 460 9
T 68.413 7 272 460 9
T 68.413 1 271 460 9
T 68.413 2 271 460 9
T 68.413 3 271 460 9
T 68.413 4 270 460 9
T 68.413 8 270 460 9
T 68.413 5 270 460 9
T 68.413 6 270 460 9
T 68.433 7 273 460 9
T 68.433 1 272 460 9
T 68.433 2 272 460 9
T 68.433 3 272 460 9
T 68.433 4 271 460 9
T 68.433 8 271 460 9
T 68.433 5 271 460 9
T 68.433 6 271 460 9
T 68.453 7 274 460 9
T 68.453 1 273 460 9
T 68.453 2 273 460 9
T 68.453 3 273 460 9
T 68.453 4 272 460 9
T 68.453 8 272 460 9
T 68.453 5 272 460 9
T 68.453 6 272 460 9
T 68.473 7 275 460 9
T 68.473 1 274 460 9
T 68.473 2 274 460 9
T 68.473 3 274 460 9
T 68.474 4 273 460 9
T 68.474 8 273 460 9
T 68.474 5 273 460 9
T 68.474 6 273 460 9
T 68.494 7 276 460 9
T 68.494 1 275 460 9
T 68.494 2 275 460 9
T 68.494 3 275 460 9
T 68.494 4 274 460 9
T 68.494 8 274 460 9
T 68.494 5 274 460 9
T 68.494 6 274 460 9
T 68.514 7 277 460 9
T 68.514 1 276 460 9
T 68.514 2 276 460 9
T 68.514 3 276 460 9
T 68.514 4 275 460 9
T 68.514 8 275 460 9
T 68.514 5 275 460 9
T 68.514 6 275 460 9
T 68.534 7 278 460 9
T 68.534 1 277 460 9
T 68.534 2 277 460 9
T 68.534 3 277 460 9
T 68.534 4 276 460 9
T 68.534 8 276 460 9
T 68.534 5 276 460 9
T 68.534 6 276 460 9
T 68.554 7 279 460 9
T 68.554 1 278 460 9
T 68.554 2 278 460 9
T 68.554 3 278 460 9
T 68.554 4 277 460 9
T 68.554 8 277 460 9
T 68.554 5 277 460 9
T 68.554 6 277 460 9
T 68.574 7 280 460 9
T 68.574 1 279 460 9
T 68.574 2 279 460 9
T 68.575 3 279 460 9
T 68.575 4 278 460 9
T 68.575 8 278 460 9
T 68.575 5 278 460 9
T 68.575 6 278 460 9
T 68.594 7 281 460 9
T 68.595 1 280 460 9
T 68.595 2 280 460 9
T 68.595 3 280 460 9
T 68.595 4 279 460 9
T 68.595 8 279 460 9
T 68.595 5 279 460 9
T 68.595 6 279 460 9
T 68.615 7 282 460 9
T 68.615 1 281 460 9
T 68.615 2 281 460 9
T 68.615 3 281 460 9
T 68.615 4 280 460 9
T 68.615 8 280 460 9
T 68.615 5 280 460 9
T 68.615 6 280 460 9
T 68.635 7 283 460 9
T 68.635 1 282 460 9
T 68.635 2 282 460 9
T 68.635 3 282 460 9
T 68.635 4 281 460 9
T 68.635 8 281 460 9
T 68.635 5 281 460 9
T 68.635 6 281 460 9
T 68.655 7 284 460 9
T 68.655 1 283 460 9
T 68.655 2 283 460 9
T 68.655 3 283 460 9
T 68.655 4 282 460 9
T 68.655 8 282 460 9
T 68.655 5 282 460 9
T 68.655 6 282 460 9
T 68.675 7 285 460 9
T 68.676 1 284 460 9
T 68.676 2 284 460 9
T 68.676 3 284 460 9
T 68.676 4 283 460 9
T 68.676 8 283 460 9
T 68.676 5 283 460 9
T 68.676 6 283 460 9
T 68.696 7 286 460 9
T 68.696 1 285 460 9
T 68.696 2 285 460 9
T 68.696 3 285 460 9
T 68.696 4 284 460 9
T 68.696 8 284 460 9
T 68.696 5 284 460 9
T 68.696 6 284 460 9
T 68.716 7 287 460 9
T 68.716 1 286 460 9
T 68.716 2 286 460 9
T 68.716 3 286 460 9
T 68.716 4 285 460 9
T 68.716 8 285 460 9
T 68.716 5 285 460 9
T 68.716 6 285 460 9
T 68.736 7 288 460 9
T 68.736 1 287 460 9
T 68.736 2 287 460 9
T 68.736 3 287 460 9
T 68.736 4 286 460 9
T 68.736 8 286 460 9
T 68.736 5 286 460 9
T 68.736 6 286 460 9
T 68.756 7 289 460 9
T 68.757 1 288 460 9
T 68.757 2 288 460 9
T 68.757 3 288 460 9
T 68.757 4 287 460 9
T 68.757 8 287 460 9
T 68.757 5 287 460 9
T 68.757 6 287 460 9
T 68.776 7 290 460 9
T 68.777 1 289 460 9
T 68.777 2 289 460 9
T 68.777 3 289 460 9
T 68.777 4 288 460 9
T 68.777 8 288 460 9
T 68.777 5 288 460 9
T 68.777 6 288 460 9
T 68.796 7 291 460 9
T 68.797 1 290 460 9
T 68.797 2 290 460 9
T 68.797 3 290 460 9
T 68.797 4 289 460 9
T 68.797 8 289 460 9
T 68.797 5 289 460 9
T 68.797 6 289 460 9
T 68.817 7 292 460 9
T 68.817 1 291 460 9
T 68.817 2 291 460 9
T 68.817 3 291 460 9
T 68.817 4 290 460 9
T 68.817 8 290 460 9
T 68.817 5 290 460 9
T 68.817 6 290 460 9
T 68.837 7 293 460 9
T 68.837 1 292 460 9
T 68.837 2 292 460 9
T 68.837 3 292 460 9
T 68.837 4 291 460 9
T 68.838 8 291 460 9
T 68.838 5 291 460 9
T 68.838 6 291 460 9
T 68.857 7 294 460 9
T 68.857 1 293 460 9
T 68.857 2 293 460 9
T 68.857 3 293 460 9
T 68.857 4 292 460 9
T 68.858 8 292 460 9
T 68.858 5 292 460 9
T 68.858 6 292 460 9
T 68.877 7 295 460 9
T 68.878 1 294 460 9
T 68.878 2 294 460 9
T 68.878 3 294 460 9
T 68.878 4 293 460 9
T 68.878 8 293 460 9
T 68.878 5 293 460 9
T 68.878 6 293 460 9
T 68.898 7 296 460 9
T 68.899 1 295 460 9
T 68.899 2 295 460 9
T 68.899 3 295 460 9
T 68.899 4 294 460 9
T 68.899 8 294 460 9
T 68.899 5 294 460 9
T 68.899 6 294 460 9
T 68.918 7 297 460 9
T 68.918 1 296 460 9
T 68.918 2 296 460 9
T 68.918 3 296 460 9
T 68.919 4 295 460 9
T 68.919 8 295 460 9
T 68.919 5 295 460 9
T 68.919 6 295 460 9
T 68.938 1 297 460 9
T 68.939 2 297 460 9
T 68.939 3 297 460 9
T 68.939 4 296 460 9
T 68.939 8 296 460 9
T 68.939 5 296 460 9
T 68.939 6 296 460 9
T 68.958 4 297 460 9
T 68.958 8 297 460 9
T 68.958 5 297 460 9
T 68.958 6 297 460 9
P 69.791 5
F 69.791 5 10
P 69.791 4
F 69.792 4 10
P 69.792 6
F 69.794 6 10
P 69.794 7
F 69.795 7 10
P 69.796 8
F 69.796 8 10
P 69.797 1
F 69.797 1 10
P 69.798 2
P 69.799 3
F 69.801 2 10
F 69.802 3 10
T 70.268 5 298 513 10
T 70.397 5 299 513 10
T 70.397 7 298 513 10
T 70.397 1 298 513 10
T 70.397 2 298 513 10
T 70.397 4 298 513 10
T 70.397 8 298 513 10
T 70.397 6 298 513 10
T 70.400 5 300 513 10
T 70.400 7 299 513 10
T 70.401 1 299 513 10
T 70.401 2 299 513 10
T 70.401 4 299 513 10
T 70.401 8 299 513 10
T 70.401 6 299 513 10
T 70.401 3 298 513 10
T 70.420 5 301 513 10
T 70.420 7 300 513 10
T 70.420 1 300 513 10
T 70.420 2 300 513 10
T 70.420 4 300 513 10
T 70.420 8 300 513 10
T 70.420 6 300 513 10
T 70.420 3 299 513 10
T 70.439 5 302 513 10
T 70.440 7 301 513 10
T 70.440 1 301 513 10
T 70.440 2 301 513 10
T 70.440 4 301 513 10
T 70.440 8 301 513 10
T 70.440 6 301 513 10
T 70.440 3 300 513 10
T 70.459 5 303 513 10
T 70.460 7 302 513 10
T 70.460 1 302 513 10
T 70.460 2 302 513 10
T 70.460 4 302 513 10
T 70.460 8 302 513 10
T 70.460 6 302 513 10
T 70.460 3 301 513 10
T 70.479 5 304 513 10
T 70.480 7 303 513 10
T 70.480 1 303 513 10
T 70.480 2 303 513 10
T 70.480 4 303 513 10
T 70.480 8 303 513 10
T 70.480 6 303 513 10
T 70.480 3 302 513 10
T 70.500 5 305 513 10
T 70.500 7 304 513 10
T 70.500 1 304 513 10
T 70.500 2 304 513 10
T 70.500 4 304 513 10
T 70.500 8 304 513 10
T 70.500 6 304 513 10
T 70.500 3 303 513 10
T 70.520 5 306 513 10
T 70.520 7 305 513 10
T 70.520 1 305 513 10
T 70.520 2 305 513 10
T 70.521 4 305 513 10
T 70.521 8 305 513 10
T 70.521 6 305 513 10
T 70.521 3 304 513 10
T 70.541 5 307 513 10
T 70.541 7 306 513 10
T 70.541 1 306 513 10
T 70.541 2 306 513 10
T 70.541 4 306 513 10
T 70.541 8 306 513 10
T 70.541 6 306 513 10
T 70.541 3 305 513 10
T 70.561 5 308 513 10
T 70.561 7 307 513 10
T 70.561 1 307 513 10
T 70.561 2 307 513 10
T 70.561 4 307 513 10
T 70.561 8 307 513 10
T 70.561 6 307 513 10
T 70.561 3 306 513 10
T 70.581 5 309 513 10
T 70.581 7 308 513 10
T 70.581 1 308 513 10
T 70.581 2 308 513 10
T 70.581 4 308 513 10
T 70.581 8 308 513 10
T 70.581 6 308 513 10
T 70.581 3 307 513 10
T 70.601 5 310 513 10
T 70.601 7 309 513 10
T 70.601 1 309 513 10
T 70.601 2 309 513 10
T 70.601 4 309 513 10
T 70.601 8 309 513 10
T 70.601 6 309 513 10
T 70.601 3 308 513 10
T 70.622 5 311 513 10
T 70.622 7 310 513 10
T 70.622 1 310 513 10
T 70.622 2 310 513 10
T 70.622 4 310 513 10
T 70.622 8 310 513 10
T 70.622 6 310 513 10
T 70.622 3 309 513 10
T 70.642 5 312 513 10
T 70.642 7 311 513 10
T 70.642 1 311 513 10
T 70.642 2 311 513 10
T 70.642 4 311 513 10
T 70.642 8 311 513 10
T 70.642 6 311 513 10
T 70.642 3 310 513 10
T 70.662 5 313 513 10
T 70.662 7 312 513 10
T 70.662 1 312 513 10
T 70.662 2 312 513 10
T 70.662 4 312 513 10
T 70.662 8 312 513 10
T 70.662 6 312 513 10
T 70.662 3 311 513 10
T 70.682 5 314 513 10
T 70.682 7 313 513 10
T 70.682 1 313 513 10
T 70.682 2 313 513 10
T 70.682 4 313 513 10
T 70.682 8 313 513 10
T 70.682 6 313 513 10
T 70.682 3 312 513 10
T 70.702 5 315 513 10
T 70.702 7 314 513 10
T 70.702 1 314 513 10
T 70.702 2 314 513 10
T 70.702 4 314 513 10
T 70.702 8 314 513 10
T 70.702 6 314 513 10
T 70.702 3 313 513 10
T 70.722 5 316 513 10
T 70.722 7 315 513 10
T 70.722 1 315 513 10
T 70.722 2 315 513 10
T 70.722 4 315 513 10
T 70.722 8 315 513 10
T 70.723 6 315 513 10
T 70.723 3 314 513 10
T 70.742 5 317 513 10
T 70.742 7 316 513 10
T 70.742 1 316 513 10
T 70.743 2 316 513 10
T 70.743 4 316 513 10
T 70.743 8 316 513 10
T 70.743 6 316 513 10
T 70.743 3 315 513 10
T 70.763 5 318 513 10
T 70.763 7 317 513 10
T 70.763 1 317 513 10
T 70.763 2 317 513 10
T 70.763 4 317 513 10
T 70.763 8 317 513 10
T 70.763 6 317 513 10
T 70.763 3 316 513 10
T 70.783 5 319 513 10
T 70.783 7 318 513 10
T 70.783 1 318 513 10
T 70.784 2 318 513 10
T 70.784 4 318 513 10
T 70.784 8 318 513 10
T 70.784 6 318 513 10
T 70.784 3 317 513 10
T 70.804 5 320 513 10
T 70.804 7 319 513 10
T 70.804 1 319 513 10
T 70.804 2 319 513 10
T 70.804 4 319 513 10
T 70.804 8 319 513 10
T 70.804 6 319 513 10
T 70.804 3 318 513 10
T 70.823 5 321 513 10
T 70.823 7 320 513 10
T 70.823 1 320 513 10
T 70.824 2 320 513 10
T 70.824 4 320 513 10
T 70.824 8 320 513 10
T 70.824 6 320 513 10
T 70.824 3 319 513 10
T 70.844 5 322 513 10
T 70.844 7 321 513 10
T 70.844 1 321 513 10
T 70.844 2 321 513 10
T 70.844 4 321 513 10
T 70.844 8 321 513 10
T 70.844 6 321 513 10
T 70.844 3 320 513 10
T 70.864 5 323 513 10
T 70.864 7 322 513 10
T 70.864 1 322 513 10
T 70.864 2 322 513 10
T 70.864 4 322 513 10
T 70.864 8 322 513 10
T 70.864 6 322 513 10
T 70.864 3 321 513 10
T 70.884 5 324 513 10
T 70.884 7 323 513 10
T 70.884 1 323 513 10
T 70.884 2 323 513 10
T 70.884 4 323 513 10
T 70.884 8 323 513 10
T 70.884 6 323 513 10
T 70.884 3 322 513 10
T 70.904 5 325 513 10
T 70.904 7 324 513 10
T 70.904 1 324 513 10
T 70.904 2 324 513 10
T 70.904 4 324 513 10
T 70.904 8 324 513 10
T 70.904 6 324 513 10
T 70.904 3 323 513 10
T 70.924 5 326 513 10
T 70.924 7 325 513 10
T 70.924 1 325 513 10
T 70.924 2 325 513 10
T 70.924 4 325 513 10
T 70.925 8 325 513 10
T 70.925 6 325 513 10
T 70.925 3 324 513 10
T 70.945 5 327 513 10
T 70.945 7 326 513 10
T 70.945 1 326 513 10
T 70.945 2 326 513 10
T 70.945 4 326 513 10
T 70.945 8 326 513 10
T 70.945 6 326 513 10
T 70.945 3 325 513 10
T 70.965 5 328 513 10
T 70.965 7 327 513 10
T 70.965 1 327 513 10
T 70.965 2 327 513 10
T 70.965 4 327 513 10
T 70.965 8 327 513 10
T 70.965 6 327 513 10
T 70.965 3 326 513 10
T 70.985 5 329 513 10
T 70.985 7 328 513 10
T 70.985 1 328 513 10
T 70.985 2 328 513 10
T 70.986 4 328 513 10
T 70.986 8 328 513 10
T 70.986 6 328 513 10
T 70.986 3 327 513 10
T 71.006 5 330 513 10
T 71.006 7 329 513 10
T 71.006 1 329 513 10
T 71.006 2 329 513 10
T 71.006 4 329 513 10
T 71.006 8 329 513 10
T 71.006 6 329 513 10
T 71.006 3 328 513 10
T 71.026 7 330 513 10
T 71.026 1 330 513 10
T 71.026 2 330 513 10
T 71.026 4 330 513 10
T 71.026 8 330 513 10
T 71.026 6 330 513 10
T 71.026 3 329 513 10
T 71.045 3 330 513 10
P 71.795 5
P 71.795 4
P 71.795 6
P 71.796 7
F 71.796 5 11
P 71.796 8
P 71.796 1
P 71.796 2
P 71.796 3
F 71.797 4 11
F 71.798 6 11
F 71.799 7 11
F 71.800 8 11
F 71.801 1 11
F 71.801 2 11
F 71.802 3 11
T 72.299 4 331 566 11
T 72.374 4 332 566 11
T 72.374 5 331 566 11
T 72.374 7 331 566 11
T 72.374 1 331 566 11
T 72.374 2 331 566 11
T 72.374 8 331 566 11
T 72.374 6 331 566 11
T 72.374 3 331 566 11
T 72.393 4 333 566 11
T 72.393 5 332 566 11
T 72.393 7 332 566 11
T 72.393 1 332 566 11
T 72.394 2 332 566 11
T 72.394 8 332 566 11
T 72.394 6 332 566 11
T 72.394 3 332 566 11
T 72.413 4 334 566 11
T 72.413 5 333 566 11
T 72.413 7 333 566 11
T 72.413 1 333 566 11
T 72.414 2 333 566 11
T 72.414 8 333 566 11
T 72.414 6 333 566 11
T 72.414 3 333 566 11
T 72.433 4 335 566 11
T 72.433 5 334 566 11
T 72.434 7 334 566 11
T 72.434 1 334 566 11
T 72.434 2 334 566 11
T 72.434 8 334 566 11
T 72.434 6 334 566 11
T 72.434 3 334 566 11
T 72.454 4 336 566 11
T 72.454 5 335 566 11
T 72.454 7 335 566 11
T 72.454 1 335 566 11
T 72.454 2 335 566 11
T 72.454 8 335 566 11
T 72.454 6 335 566 11
T 72.454 3 335 566 11
T 72.474 4 337 566 11
T 72.474 5 336 566 11
T 72.474 7 336 566 11
T 72.474 1 336 566 11
T 72.474 2 336 566 11
T 72.474 8 336 566 11
T 72.474 6 336 566 11
T 72.474 3 336 566 11
T 72.494 4 338 566 11
T 72.494 5 337 566 11
T 72.494 7 337 566 11
T 72.494 1 337 566 11
T 72.495 2 337 566 11
T 72.495 8 337 566 11
T 72.495 6 337 566 11
T 72.495 3 337 566 11
T 72.514 4 339 566 11
T 72.515 5 338 566 11
T 72.515 7 338 566 11
T 72.515 1 338 566 11
T 72.515 2 338 566 11
T 72.515 8 338 566 11
T 72.515 6 338 566 11
T 72.515 3 338 566 11
T 72.535 4 340 566 11
T 72.535 5 339 566 11
T 72.535 7 339 566 11
T 72.535 1 339 566 11
T 72.535 2 339 566 11
T 72.535 8 339 566 11
T 72.536 6 339 566 11
T 72.536 3 339 566 11
T 72.556 4 341 566 11
T 72.556 5 340 566 11
T 72.556 7 340 566 11
T 72.556 1 340 566 11
T 72.556 2 340 566 11
T 72.556 8 340 566 11
T 72.556 6 340 566 11
T 72.556 3 340 566 11
T 72.575 4 342 566 11
T 72.576 5 341 566 11
T 72.576 7 341 566 11
T 72.576 1 341 566 11
T 72.576 2 341 566 11
T 72.576 8 341 566 11
T 72.576 6 341 566 11
T 72.576 3 341 566 11
T 72.596 4 343 566 11
T 72.596 5 342 566 11
T 72.596 7 342 566 11
T 72.596 1 342 566 11
T 72.596 2 342 566 11
T 72.596 8 342 566 11
T 72.596 6 342 566 11
T 72.596 3 342 566 11
T 72.616 4 344 566 11
T 72.616 5 343 566 11
T 72.616 7 343 566 11
T 72.616 1 343 566 11
T 72.617 2 343 566 11
T 72.617 8 343 566 11
T 72.617 6 343 566 11
T 72.617 3 343 566 11
T 72.636 4 345 566 11
T 72.636 5 344 566 11
T 72.636 7 344 566 11
T 72.636 1 344 566 11
T 72.637 2 344 566 11
T 72.637 8 344 566 11
T 72.637 6 344 566 11
T 72.637 3 344 566 11
T 72.656 4 346 566 11
T 72.657 5 345 566 11
T 72.657 7 345 566 11
T 72.657 1 345 566 11
T 72.657 2 345 566 11
T 72.657 8 345 566 11
T 72.657 6 345 566 11
T 72.657 3 345 566 11
T 72.677 4 347 566 11
T 72.677 5 346 566 11
T 72.677 7 346 566 11
T 72.677 1 346 566 11
T 72.677 2 346 566 11
T 72.677 8 346 566 11
T 72.677 6 346 566 11
T 72.677 3 346 566 11
T 72.697 4 348 566 11
T 72.697 5 347 566 11
T 72.697 7 347 566 11
T 72.697 1 347 566 11
T 72.697 2 347 566 11
T 72.697 8 347 566 11
T 72.697 6 347 566 11
T 72.697 3 347 566 11
T 72.717 4 349 566 11
T 72.717 5 348 566 11
T 72.718 7 348 566 11
T 72.718 1 348 566 11
T 72.718 2 348 566 11
T 72.718 8 348 566 11
T 72.718 6 348 566 11
T 72.718 3 348 566 11
T 72.738 4 350 566 11
T 72.738 5 349 566 11
T 72.738 7 349 566 11
T 72.738 1 349 566 11
T 72.738 2 349 566 11
T 72.738 8 349 566 11
T 72.738 6 349 566 11
T 72.738 3 349 566 11
T 72.758 4 351 566 11
T 72.758 5 350 566 11
T 72.758 7 350 566 11
T 72.758 1 350 566 11
T 72.758 2 350 566 11
T 72.758 8 350 566 11
T 72.758 6 350 566 11
T 72.758 3 350 566 11
T 72.778 4 352 566 11
T 72.778 5 351 566 11
T 72.778 7 351 566 11
T 72.778 1 351 566 11
T 72.778 2 351 566 11
T 72.778 8 351 566 11
T 72.778 6 351 566 11
T 72.779 3 351 566 11
T 72.799 4 353 566 11
T 72.799 5 352 566 11
T 72.799 7 352 566 11
T 72.799 1 352 566 11
T 72.799 2 352 566 11
T 72.799 8 352 566 11
T 72.799 6 352 566 11
T 72.799 3 352 566 11
T 72.819 4 354 566 11
T 72.819 5 353 566 11
T 72.819 7 353 566 11
T 72.819 1 353 566 11
T 72.819 2 353 566 11
T 72.819 8 353 566 11
T 72.819 6 353 566 11
T 72.819 3 353 566 11
T 72.839 4 355 566 11
T 72.839 5 354 566 11
T 72.840 7 354 566 11
T 72.840 1 354 566 11
T 72.840 2 354 566 11
T 72.840 8 354 566 11
T 72.840 6 354 566 11
T 72.840 3 354 566 11
T 72.860 4 356 566 11
T 72.860 5 355 566 11
T 72.860 7 355 566 11
T 72.860 1 355 566 11
T 72.860 2 355 566 11
T 72.860 8 355 566 11
T 72.860 6 355 566 11
T 72.860 3 355 566 11
T 72.880 4 357 566 11
T 72.880 5 356 566 11
T 72.880 7 356 566 11
T 72.881 1 356 566 11
T 72.881 2 356 566 11
T 72.881 8 356 566 11
T 72.881 6 356 566 11
T 72.881 3 356 566 11
T 72.900 4 358 566 11
T 72.901 5 357 566 11
T 72.901 7 357 566 11
T 72.901 1 357 566 11
T 72.901 2 357 566 11
T 72.901 8 357 566 11
T 72.901 6 357 566 11
T 72.901 3 357 566 11
T 72.920 4 359 566 11
T 72.921 5 358 566 11
T 72.921 7 358 566 11
T 72.921 1 358 566 11
T 72.921 2 358 566 11
T 72.921 8 358 566 11
T 72.921 6 358 566 11
T 72.921 3 358 566 11
T 72.941 4 360 566 11
T 72.941 5 359 566 11
T 72.941 7 359 566 11
T 72.941 1 359 566 11
T 72.941 2 359 566 11
T 72.941 8 359 566 11
T 72.941 6 359 566 11
T 72.941 3 359 566 11
T 72.961 4 361 566 11
T 72.961 5 360 566 11
T 72.961 7 360 566 11
T 72.961 1 360 566 11
T 72.961 2 360 566 11
T 72.961 8 360 566 11
T 72.961 6 360 566 11
T 72.961 3 360 566 11
T 72.982 4 362 566 11
T 72.982 5 361 566 11
T 72.982 7 361 566 11
T 72.982 1 361 566 11
T 72.982 2 361 566 11
T 72.982 8 361 566 11
T 72.982 6 361 566 11
T 72.982 3 361 566 11
T 73.002 4 363 566 11
T 73.002 5 362 566 11
T 73.002 7 362 566 11
T 73.002 1 362 566 11
T 73.002 2 362 566 11
T 73.002 8 362 566 11
T 73.002 6 362 566 11
T 73.002 3 362 566 11
T 73.022 5 363 566 11
T 73.022 7 363 566 11
T 73.022 1 363 566 11
T 73.022 2 363 566 11
T 73.022 8 363 566 11
T 73.022 6 363 566 11
T 73.022 3 363 566 11
P 73.795 7
F 73.796 7 12
P 73.796 8
F 73.796 8 12
P 73.798 1
F 73.799 1 12
P 73.799 2
F 73.800 2 12
P 73.801 3
F 73.802 3 12
P 73.802 5
F 73.803 5 12
P 73.804 4
F 73.805 4 12
P 73.806 6
F 73.806 6 12
T 74.276 3 364 619 12
T 74.337 3 365 619 12
T 74.337 8 364 619 12
T 74.450 3 366 619 12
T 74.450 8 365 619 12
T 74.450 4 364 619 12
T 74.450 5 364 619 12
T 74.450 7 364 619 12
T 74.451 1 364 619 12
T 74.451 6 364 619 12
T 74.455 3 367 619 12
T 74.455 8 366 619 12
T 74.455 4 365 619 12
T 74.455 5 365 619 12
T 74.455 7 365 619 12
T 74.455 1 365 619 12
T 74.455 6 365 619 12
T 74.455 2 364 619 12
T 74.485 3 368 619 12
T 74.485 8 367 619 12
T 74.485 4 366 619 12
T 74.485 5 366 619 12
T 74.486 7 366 619 12
T 74.486 1 366 619 12
T 74.486 6 366 619 12
T 74.486 2 365 619 12
T 74.495 3 369 619 12
T 74.495 8 368 619 12
T 74.495 4 367 619 12
T 74.495 5 367 619 12
T 74.495 7 367 619 12
T 74.495 1 367 619 12
T 74.496 6 367 619 12
T 74.496 2 366 619 12
T 74.515 3 370 619 12
T 74.516 8 369 619 12
T 74.516 4 368 619 12
T 74.516 5 368 619 12
T 74.516 7 368 619 12
T 74.516 1 368 619 12
T 74.516 6 368 619 12
T 74.516 2 367 619 12
T 74.536 3 371 619 12
T 74.536 8 370 619 12
T 74.536 4 369 619 12
T 74.536 5 369 619 12
T 74.536 7 369 619 12
T 74.536 1 369 619 12
T 74.536 6 369 619 12
T 74.536 2 368 619 12
T 74.556 3 372 619 12
T 74.556 8 371 619 12
T 74.557 4 370 619 12
T 74.557 5 370 619 12
T 74.557 7 370 619 12
T 74.557 1 370 619 12
T 74.557 6 370 619 12
T 74.557 2 369 619 12
T 74.576 3 373 619 12
T 74.577 8 372 619 12
T 74.577 4 371 619 12
T 74.577 5 371 619 12
T 74.577 7 371 619 12
T 74.577 1 371 619 12
T 74.577 6 371 619 12
T 74.577 2 370 619 12
T 74.597 3 374 619 12
T 74.597 8 373 619 12
T 74.597 4 372 619 12
T 74.597 5 372 619 12
T 74.597 7 372 619 12
T 74.597 1 372 619 12
T 74.597 6 372 619 12
T 74.597 2 371 619 12
T 74.617 3 375 619 12
T 74.617 8 374 619 12
T 74.617 4 373 619 12
T 74.617 5 373 619 12
T 74.617 7 373 619 12
T 74.617 1 373 619 12
T 74.618 6 373 619 12
T 74.618 2 372 619 12
T 74.638 3 376 619 12
T 74.638 8 375 619 12
T 74.638 4 374 619 12
T 74.638 5 374 619 12
T 74.638 7 374 619 12
T 74.638 1 374 619 12
T 74.638 6 374 619 12
T 74.638 2 373 619 12
T 74.658 3 377 619 12
T 74.659 8 376 619 12
T 74.659 4 375 619 12
T 74.659 5 375 619 12
T 74.659 7 375 619 12
T 74.659 1 375 619 12
T 74.659 6 375 619 12
T 74.659 2 374 619 12
T 74.678 3 378 619 12
T 74.678 8 377 619 12
T 74.679 4 376 619 12
T 74.679 5 376 619 12
T 74.679 7 376 619 12
T 74.679 1 376 619 12
T 74.679 6 376 619 12
T 74.679 2 375 619 12
T 74.698 3 379 619 12
T 74.699 8 378 619 12
T 74.699 4 377 619 12
T 74.699 5 377 619 12
T 74.699 7 377 619 12
T 74.699 1 377 619 12
T 74.699 6 377 619 12
T 74.699 2 376 619 12
T 74.719 3 380 619 12
T 74.719 8 379 619 12
T 74.719 4 378 619 12
T 74.719 5 378 619 12
T 74.719 7 378 619 12
T 74.719 1 378 619 12
T 74.719 6 378 619 12
T 74.719 2 377 619 12
T 74.739 3 381 619 12
T 74.740 8 380 619 12
T 74.740 4 379 619 12
T 74.740 5 379 619 12
T 74.740 7 379 619 12
T 74.740 1 379 619 12
T 74.740 6 379 619 12
T 74.740 2 378 619 12
T 74.760 3 382 619 12
T 74.760 8 381 619 12
T 74.760 4 380 619 12
T 74.760 5 380 619 12
T 74.760 7 380 619 12
T 74.760 1 380 619 12
T 74.760 6 380 619 12
T 74.760 2 379 619 12
T 74.780 3 383 619 12
T 74.780 8 382 619 12
T 74.780 4 381 619 12
T 74.780 5 381 619 12
T 74.780 7 381 619 12
T 74.780 1 381 619 12
T 74.780 6 381 619 12
T 74.780 2 380 619 12
T 74.801 3 384 619 12
T 74.801 8 383 619 12
T 74.801 4 382 619 12
T 74.801 5 382 619 12
T 74.801 7 382 619 12
T 74.801 1 382 619 12
T 74.801 6 382 619 12
T 74.801 2 381 619 12
T 74.821 3 385 619 12
T 74.821 8 384 619 12
T 74.821 4 383 619 12
T 74.821 5 383 619 12
T 74.821 7 383 619 12
T 74.821 1 383 619 12
T 74.821 6 383 619 12
T 74.822 2 382 619 12
T 74.841 3 386 619 12
T 74.841 8 385 619 12
T 74.841 4 384 619 12
T 74.841 5 384 619 12
T 74.842 7 384 619 12
T 74.842 1 384 619 12
T 74.842 6 384 619 12
T 74.842 2 383 619 12
T 74.862 3 387 619 12
T 74.862 8 386 619 12
T 74.862 4 385 619 12
T 74.862 5 385 619 12
T 74.862 7 385 619 12
T 74.862 1 385 619 12
T 74.862 6 385 619 12
T 74.862 2 384 619 12
T 74.882 3 388 619 12
T 74.882 8 387 619 12
T 74.882 4 386 619 12
T 74.882 5 386 619 12
T 74.882 7 386 619 12
T 74.882 1 386 619 12
T 74.882 6 386 619 12
T 74.883 2 385 619 12
T 74.902 3 389 619 12
T 74.903 8 388 619 12
T 74.903 4 387 619 12
T 74.903 5 387 619 12
T 74.903 7 387 619 12
T 74.903 1 387 619 12
T 74.903 6 387 619 12
T 74.903 2 386 619 12
T 74.923 3 390 619 12
T 74.923 8 389 619 12
T 74.923 4 388 619 12
T 74.923 5 388 619 12
T 74.923 7 388 619 12
T 74.923 1 388 619 12
T 74.923 6 388 619 12
T 74.923 2 387 619 12
T 74.943 3 391 619 12
T 74.943 8 390 619 12
T 74.943 4 389 619 12
T 74.943 5 389 619 12
T 74.943 7 389 619 12
T 74.943 1 389 619 12
T 74.943 6 389 619 12
T 74.943 2 388 619 12
T 74.963 3 392 619 12
T 74.963 8 391 619 12
T 74.963 4 390 619 12
T 74.963 5 390 619 12
T 74.963 7 390 619 12
T 74.963 1 390 619 12
T 74.963 6 390 619 12
T 74.964 2 389 619 12
T 74.984 3 393 619 12
T 74.984 8 392 619 12
T 74.984 4 391 619 12
T 74.984 5 391 619 12
T 74.984 7 391 619 12
T 74.984 1 391 619 12
T 74.984 6 391 619 12
T 74.984 2 390 619 12
T 75.004 3 394 619 12
T 75.004 8 393 619 12
T 75.004 4 392 619 12
T 75.004 5 392 619 12
T 75.004 7 392 619 12
T 75.005 1 392 619 12
T 75.005 6 392 619 12
T 75.005 2 391 619 12
T 75.024 3 395 619 12
T 75.024 8 394 619 12
T 75.024 4 393 619 12
T 75.025 5 393 619 12
T 75.025 7 393 619 12
T 75.025 1 393 619 12
T 75.025 6 393 619 12
T 75.025 2 392 619 12
T 75.045 3 396 619 12
T 75.045 8 395 619 12
T 75.045 4 394 619 12
T 75.045 5 394 619 12
T 75.045 7 394 619 12
T 75.045 1 394 619 12
T 75.045 6 394 619 12
T 75.045 2 393 619 12
T 75.065 8 396 619 12
T 75.065 4 395 619 12
T 75.065 5 395 619 12
T 75.065 7 395 619 12
T 75.065 1 395 619 12
T 75.065 6 395 619 12
T 75.065 2 394 619 12
T 75.085 4 396 619 12
T 75.085 5 396 619 12
T 75.085 7 396 619 12
T 75.085 1 396 619 12
T 75.086 6 396 619 12
T 75.086 2 395 619 12
T 75.105 2 396 619 12
P 75.794 8
F 75.794 8 13
P 75.794 1
F 75.795 1 13
P 75.796 2
F 75.797 2 13
P 75.798 3
F 75.798 3 13
P 75.799 5
F 75.799 5 13
P 75.800 4
F 75.801 4 13
P 75.802 6
P 75.803 7
F 75.803 6 13
F 75.805 7 13
T 76.339 8 397 672 13
T 76.414 8 398 672 13
T 76.414 3 397 672 13
T 76.414 4 397 672 13
T 76.414 5 397 672 13
T 76.414 7 397 672 13
T 76.414 1 397 672 13
T 76.414 6 397 672 13
T 76.414 2 397 672 13
T 76.433 8 399 672 13
T 76.433 3 398 672 13
T 76.433 4 398 672 13
T 76.434 5 398 672 13
T 76.434 7 398 672 13
T 76.434 1 398 672 13
T 76.434 6 398 672 13
T 76.434 2 398 672 13
T 76.453 8 400 672 13
T 76.453 3 399 672 13
T 76.453 4 399 672 13
T 76.454 5 399 672 13
T 76.454 7 399 672 13
T 76.454 1 399 672 13
T 76.454 6 399 672 13
T 76.454 2 399 672 13
T 76.473 8 401 672 13
T 76.473 3 400 672 13
T 76.473 4 400 672 13
T 76.474 5 400 672 13
T 76.474 7 400 672 13
T 76.474 1 400 672 13
T 76.474 6 400 672 13
T 76.474 2 400 672 13
T 76.494 8 402 672 13
T 76.494 3 401 672 13
T 76.494 4 401 672 13
T 76.494 5 401 672 13
T 76.494 7 401 672 13
T 76.494 1 401 672 13
T 76.494 6 401 672 13
T 76.494 2 401 672 13
T 76.514 8 403 672 13
T 76.514 3 402 672 13
T 76.514 4 402 672 13
T 76.514 5 402 672 13
T 76.514 7 402 672 13
T 76.514 1 402 672 13
T 76.514 6 402 672 13
T 76.514 2 402 672 13
T 76.534 8 404 672 13
T 76.534 3 403 672 13
T 76.534 4 403 672 13
T 76.534 5 403 672 13
T 76.534 7 403 672 13
T 76.534 1 403 672 13
T 76.534 6 403 672 13
T 76.535 2 403 672 13
T 76.555 8 405 672 13
T 76.555 3 404 672 13
T 76.555 4 404 672 13
T 76.555 5 404 672 13
T 76.555 7 404 672 13
T 76.555 1 404 672 13
T 76.555 6 404 672 13
T 76.555 2 404 672 13
T 76.575 8 406 672 13
T 76.575 3 405 672 13
T 76.575 4 405 672 13
T 76.575 5 405 672 13
T 76.575 7 405 672 13
T 76.575 1 405 672 13
T 76.576 6 405 672 13
T 76.576 2 405 672 13
T 76.595 8 407 672 13
T 76.595 3 406 672 13
T 76.595 4 406 672 13
T 76.596 5 406 672 13
T 76.596 7 406 672 13
T 76.596 1 406 672 13
T 76.596 6 406 672 13
T 76.596 2 406 672 13
T 76.616 8 408 672 13
T 76.616 3 407 672 13
T 76.616 4 407 672 13
T 76.616 5 407 672 13
T 76.616 7 407 672 13
T 76.616 1 407 672 13
T 76.616 6 407 672 13
T 76.616 2 407 672 13
T 76.636 8 409 672 13
T 76.636 3 408 672 13
T 76.636 4 408 672 13
T 76.636 5 408 672 13
T 76.636 7 408 672 13
T 76.636 1 408 672 13
T 76.636 6 408 672 13
T 76.636 2 408 672 13
T 76.656 8 410 672 13
T 76.656 3 409 672 13
T 76.657 4 409 672 13
T 76.657 5 409 672 13
T 76.657 7 409 672 13
T 76.657 1 409 672 13
T 76.657 6 409 672 13
T 76.657 2 409 672 13
T 76.676 8 411 672 13
T 76.677 3 410 672 13
T 76.677 4 410 672 13
T 76.677 5 410 672 13
T 76.677 7 410 672 13
T 76.677 1 410 672 13
T 76.677 6 410 672 13
T 76.677 2 410 672 13
T 76.697 8 412 672 13
T 76.697 3 411 672 13
T 76.697 4 411 672 13
T 76.697 5 411 672 13
T 76.697 7 411 672 13
T 76.697 1 411 672 13
T 76.697 6 411 672 13
T 76.697 2 411 672 13
T 76.717 8 413 672 13
T 76.717 3 412 672 13
T 76.717 4 412 672 13
T 76.718 5 412 672 13
T 76.718 7 412 672 13
T 76.718 1 412 672 13
T 76.718 6 412 672 13
T 76.718 2 412 672 13
T 76.737 8 414 672 13
T 76.738 3 413 672 13
T 76.738 4 413 672 13
T 76.738 5 413 672 13
T 76.738 7 413 672 13
T 76.738 1 413 672 13
T 76.738 6 413 672 13
T 76.738 2 413 672 13
T 76.758 8 415 672 13
T 76.758 3 414 672 13
T 76.758 4 414 672 13
T 76.758 5 414 672 13
T 76.758 7 414 672 13
T 76.758 1 414 672 13
T 76.758 6 414 672 13
T 76.758 2 414 672 13
T 76.778 8 416 672 13
T 76.778 3 415 672 13
T 76.778 4 415 672 13
T 76.778 5 415 672 13
T 76.778 7 415 672 13
T 76.778 1 415 672 13
T 76.778 6 415 672 13
T 76.778 2 415 672 13
T 76.798 8 417 672 13
T 76.798 3 416 672 13
T 76.798 4 416 672 13
T 76.798 5 416 672 13
T 76.798 7 416 672 13
T 76.798 1 416 672 13
T 76.799 6 416 672 13
T 76.799 2 416 672 13
T 76.818 8 418 672 13
T 76.819 3 417 672 13
T 76.819 4 417 672 13
T 76.819 5 417 672 13
T 76.819 7 417 672 13
T 76.819 1 417 672 13
T 76.819 6 417 672 13
T 76.819 2 417 672 13
T 76.839 8 419 672 13
T 76.839 3 418 672 13
T 76.839 4 418 672 13
T 76.839 5 418 672 13
T 76.839 7 418 672 13
T 76.839 1 418 672 13
T 76.839 6 418 672 13
T 76.839 2 418 672 13
T 76.859 8 420 672 13
T 76.859 3 419 672 13
T 76.859 4 419 672 13
T 76.860 5 419 672 13
T 76.860 7 419 672 13
T 76.860 1 419 672 13
T 76.860 6 419 672 13
T 76.860 2 419 672 13
T 76.880 8 421 672 13
T 76.880 3 420 672 13
T 76.880 4 420 672 13
T 76.880 5 420 672 13
T 76.880 7 420 672 13
T 76.880 1 420 672 13
T 76.880 6 420 672 13
T 76.880 2 420 672 13
T 76.900 8 422 672 13
T 76.900 3 421 672 13
T 76.900 4 421 672 13
T 76.900 5 421 672 13
T 76.900 7 421 672 13
T 76.900 1 421 672 13
T 76.900 6 421 672 13
T 76.900 2 421 672 13
T 76.920 8 423 672 13
T 76.920 3 422 672 13
T 76.920 4 422 672 13
T 76.920 5 422 672 13
T 76.920 7 422 672 13
T 76.920 1 422 672 13
T 76.920 6 422 672 13
T 76.920 2 422 672 13
T 76.940 8 424 672 13
T 76.940 3 423 672 13
T 76.940 4 423 672 13
T 76.941 5 423 672 13
T 76.941 7 423 672 13
T 76.941 1 423 672 13
T 76.941 6 423 672 13
T 76.941 2 423 672 13
T 76.961 8 425 672 13
T 76.961 3 424 672 13
T 76.961 4 424 672 13
T 76.961 5 424 672 13
T 76.961 7 424 672 13
T 76.961 1 424 672 13
T 76.961 6 424 672 13
T 76.961 2 424 672 13
T 76.981 8 426 672 13
T 76.981 3 425 672 13
T 76.981 4 425 672 13
T 76.981 5 425 672 13
T 76.981 7 425 672 13
T 76.981 1 425 672 13
T 76.981 6 425 672 13
T 76.981 2 425 672 13
T 77.002 8 427 672 13
T 77.002 3 426 672 13
T 77.002 4 426 672 13
T 77.002 5 426 672 13
T 77.002 7 426 672 13
T 77.002 1 426 672 13
T 77.002 6 426 672 13
T 77.002 2 426 672 13
T 77.022 8 428 672 13
T 77.022 3 427 672 13
T 77.022 4 427 672 13
T 77.022 5 427 672 13
T 77.022 7 427 672 13
T 77.022 1 427 672 13
T 77.022 6 427 672 13
T 77.023 2 427 672 13
T 77.042 8 429 672 13
T 77.042 3 428 672 13
T 77.042 4 428 672 13
T 77.042 5 428 672 13
T 77.042 7 428 672 13
T 77.042 1 428 672 13
T 77.042 6 428 672 13
T 77.043 2 428 672 13
T 77.061 3 429 672 13
T 77.062 4 429 672 13
T 77.062 5 429 672 13
T 77.062 7 429 672 13
T 77.062 1 429 672 13
T 77.062 6 429 672 13
T 77.062 2 429 672 13
P 77.796 8
P 77.797 1
P 77.797 2
P 77.797 3
F 77.797 8 14
P 77.797 5
F 77.798 1 14
P 77.799 4
F 77.799 2 14
P 77.799 6
F 77.800 3 14
P 77.801 7
F 77.802 5 14
F 77.804 4 14
F 77.806 6 14
F 77.808 7 14
T 78.202 8 430 725 14
T 78.261 8 431 725 14
T 78.310 8 432 725 14
T 78.310 6 430 725 14
T 78.393 8 433 725 14
T 78.393 6 431 725 14
T 78.393 3 430 725 14
T 78.393 4 430 725 14
T 78.393 5 430 725 14
T 78.393 7 430 725 14
T 78.393 1 430 725 14
T 78.393 2 430 725 14
T 78.412 8 434 725 14
T 78.412 6 432 725 14
T 78.412 3 431 725 14
T 78.412 4 431 725 14
T 78.413 5 431 725 14
T 78.413 7 431 725 14
T 78.413 1 431 725 14
T 78.413 2 431 725 14
T 78.432 8 435 725 14
T 78.432 6 433 725 14
T 78.433 3 432 725 14
T 78.433 4 432 725 14
T 78.433 5 432 725 14
T 78.433 7 432 725 14
T 78.433 1 432 725 14
T 78.433 2 432 725 14
T 78.453 8 436 725 14
T 78.453 6 434 725 14
T 78.453 3 433 725 14
T 78.453 4 433 725 14
T 78.453 5 433 725 14
T 78.453 7 433 725 14
T 78.453 1 433 725 14
T 78.453 2 433 725 14
T 78.473 8 437 725 14
T 78.473 6 435 725 14
T 78.473 3 434 725 14
T 78.473 4 434 725 14
T 78.474 5 434 725 14
T 78.474 7 434 725 14
T 78.474 1 434 725 14
T 78.474 2 434 725 14
T 78.494 8 438 725 14
T 78.494 6 436 725 14
T 78.494 3 435 725 14
T 78.494 4 435 725 14
T 78.494 5 435 725 14
T 78.494 7 435 725 14
T 78.494 1 435 725 14
T 78.494 2 435 725 14
T 78.514 8 439 725 14
T 78.514 6 437 725 14
T 78.514 3 436 725 14
T 78.514 4 436 725 14
T 78.514 5 436 725 14
T 78.514 7 436 725 14
T 78.514 1 436 725 14
T 78.514 2 436 725 14
T 78.534 8 440 725 14
T 78.535 6 438 725 14
T 78.535 3 437 725 14
T 78.535 4 437 725 14
T 78.535 5 437 725 14
T 78.535 7 437 725 14
T 78.535 1 437 725 14
T 78.535 2 437 725 14
T 78.555 8 441 725 14
T 78.555 6 439 725 14
T 78.555 3 438 725 14
T 78.555 4 438 725 14
T 78.555 5 438 725 14
T 78.555 7 438 725 14
T 78.555 1 438 725 14
T 78.555 2 438 725 14
T 78.575 8 442 725 14
T 78.576 6 440 725 14
T 78.576 3 439 725 14
T 78.576 4 439 725 14
T 78.576 5 439 725 14
T 78.576 7 439 725 14
T 78.576 1 439 725 14
T 78.576 2 439 725 14
T 78.596 8 443 725 14
T 78.596 6 441 725 14
T 78.596 3 440 725 14
T 78.596 4 440 725 14
T 78.596 5 440 725 14
T 78.596 7 440 725 14
T 78.596 1 440 725 14
T 78.596 2 440 725 14
T 78.616 8 444 725 14
T 78.616 6 442 725 14
T 78.616 3 441 725 14
T 78.616 4 441 725 14
T 78.616 5 441 725 14
T 78.616 7 441 725 14
T 78.616 1 441 725 14
T 78.616 2 441 725 14
T 78.637 8 445 725 14
T 78.637 6 443 725 14
T 78.637 3 442 725 14
T 78.637 4 442 725 14
T 78.637 5 442 725 14
T 78.637 7 442 725 14
T 78.637 1 442 725 14
T 78.637 2 442 725 14
T 78.657 8 446 725 14
T 78.657 6 444 725 14
T 78.657 3 443 725 14
T 78.657 4 443 725 14
T 78.657 5 443 725 14
T 78.657 7 443 725 14
T 78.657 1 443 725 14
T 78.658 2 443 725 14
T 78.677 8 447 725 14
T 78.678 6 445 725 14
T 78.678 3 444 725 14
T 78.678 4 444 725 14
T 78.678 5 444 725 14
T 78.678 7 444 725 14
T 78.678 1 444 725 14
T 78.678 2 444 725 14
T 78.698 8 448 725 14
T 78.698 6 446 725 14
T 78.698 3 445 725 14
T 78.698 4 445 725 14
T 78.698 5 445 725 14
T 78.698 7 445 725 14
T 78.698 1 445 725 14
T 78.698 2 445 725 14
T 78.718 8 449 725 14
T 78.718 6 447 725 14
T 78.718 3 446 725 14
T 78.718 4 446 725 14
T 78.718 5 446 725 14
T 78.718 7 446 725 14
T 78.718 1 446 725 14
T 78.718 2 446 725 14
T 78.738 8 450 725 14
T 78.738 6 448 725 14
T 78.739 3 447 725 14
T 78.739 4 447 725 14
T 78.739 5 447 725 14
T 78.739 7 447 725 14
T 78.739 1 447 725 14
T 78.739 2 447 725 14
T 78.759 8 451 725 14
T 78.759 6 449 725 14
T 78.759 3 448 725 14
T 78.759 4 448 725 14
T 78.759 5 448 725 14
T 78.759 7 448 725 14
T 78.759 1 448 725 14
T 78.759 2 448 725 14
T 78.779 8 452 725 14
T 78.779 6 450 725 14
T 78.779 3 449 725 14
T 78.779 4 449 725 14
T 78.779 5 449 725 14
T 78.779 7 449 725 14
T 78.779 1 449 725 14
T 78.779 2 449 725 14
T 78.799 8 453 725 14
T 78.799 6 451 725 14
T 78.800 3 450 725 14
T 78.800 4 450 725 14
T 78.800 5 450 725 14
T 78.800 7 450 725 14
T 78.800 1 450 725 14
T 78.800 2 450 725 14
T 78.820 8 454 725 14
T 78.820 6 452 725 14
T 78.820 3 451 725 14
T 78.820 4 451 725 14
T 78.820 5 451 725 14
T 78.820 7 451 725 14
T 78.820 1 451 725 14
T 78.820 2 451 725 14
T 78.840 8 455 725 14
T 78.840 6 453 725 14
T 78.840 3 452 725 14
T 78.840 4 452 725 14
T 78.841 5 452 725 14
T 78.841 7 452 725 14
T 78.841 1 452 725 14
T 78.841 2 452 725 14
T 78.861 8 456 725 14
T 78.861 6 454 725 14
T 78.861 3 453 725 14
T 78.861 4 453 725 14
T 78.861 5 453 725 14
T 78.861 7 453 725 14
T 78.861 1 453 725 14
T 78.861 2 453 725 14
T 78.881 8 457 725 14
T 78.881 6 455 725 14
T 78.881 3 454 725 14
T 78.881 4 454 725 14
T 78.881 5 454 725 14
T 78.881 7 454 725 14
T 78.881 1 454 725 14
T 78.881 2 454 725 14
T 78.901 8 458 725 14
T 78.902 6 456 725 14
T 78.902 3 455 725 14
T 78.902 4 455 725 14
T 78.902 5 455 725 14
T 78.902 7 455 725 14
T 78.902 1 455 725 14
T 78.902 2 455 725 14
T 78.922 8 459 725 14
T 78.922 6 457 725 14
T 78.922 3 456 725 14
T 78.923 4 456 725 14
T 78.923 5 456 725 14
T 78.923 7 456 725 14
T 78.923 1 456 725 14
T 78.923 2 456 725 14
T 78.943 8 460 725 14
T 78.943 6 458 725 14
T 78.943 3 457 725 14
T 78.943 4 457 725 14
T 78.943 5 457 725 14
T 78.943 7 457 725 14
T 78.943 1 457 725 14
T 78.943 2 457 725 14
T 78.963 8 461 725 14
T 78.963 6 459 725 14
T 78.963 3 458 725 14
T 78.963 4 458 725 14
T 78.963 5 458 725 14
T 78.963 7 458 725 14
T 78.963 1 458 725 14
T 78.963 2 458 725 14
T 78.983 8 462 725 14
T 78.983 6 460 725 14
T 78.983 3 459 725 14
T 78.983 4 459 725 14
T 78.983 5 459 725 14
T 78.983 7 459 725 14
T 78.983 1 459 725 14
T 78.984 2 459 725 14
T 79.004 6 461 725 14
T 79.004 3 460 725 14
T 79.004 4 460 725 14
T 79.004 5 460 725 14
T 79.004 7 460 725 14
T 79.004 1 460 725 14
T 79.004 2 460 725 14
T 79.024 6 462 725 14
T 79.024 3 461 725 14
T 79.025 4 461 725 14
T 79.025 5 461 725 14
T 79.025 7 461 725 14
T 79.025 1 461 725 14
T 79.025 2 461 725 14
T 79.045 3 462 725 14
T 79.045 4 462 725 14
T 79.045 5 462 725 14
T 79.045 7 462 725 14
T 79.045 1 462 725 14
T 79.045 2 462 725 14
P 79.797 5
P 79.797 4
F 79.797 5 15
P 79.797 6
F 79.798 4 15
P 79.799 7
F 79.801 6 15
P 79.801 8
F 79.802 7 15
P 79.803 1
P 79.803 2
F 79.804 8 15
P 79.804 3
F 79.805 1 15
F 79.807 2 15
F 79.808 3 15
T 80.263 5 463 778 15
T 80.384 5 464 778 15
T 80.384 8 463 778 15
T 80.384 6 463 778 15
T 80.384 3 463 778 15
T 80.384 4 463 778 15
T 80.384 7 463 778 15
T 80.384 1 463 778 15
T 80.390 5 465 778 15
T 80.390 8 464 778 15
T 80.390 6 464 778 15
T 80.390 3 464 778 15
T 80.390 4 464 778 15
T 80.390 7 464 778 15
T 80.390 1 464 778 15
T 80.390 2 463 778 15
T 80.410 5 466 778 15
T 80.410 8 465 778 15
T 80.410 6 465 778 15
T 80.410 3 465 778 15
T 80.410 4 465 778 15
T 80.410 7 465 778 15
T 80.410 1 465 778 15
T 80.411 2 464 778 15
T 80.430 5 467 778 15
T 80.430 8 466 778 15
T 80.430 6 466 778 15
T 80.431 3 466 778 15
T 80.431 4 466 778 15
T 80.431 7 466 778 15
T 80.431 1 466 778 15
T 80.431 2 465 778 15
T 80.451 5 468 778 15
T 80.451 8 467 778 15
T 80.451 6 467 778 15
T 80.451 3 467 778 15
T 80.451 4 467 778 15
T 80.451 7 467 778 15
T 80.451 1 467 778 15
T 80.451 2 466 778 15
T 80.472 5 469 778 15
T 80.472 8 468 778 15
T 80.472 6 468 778 15
T 80.472 3 468 778 15
T 80.473 4 468 778 15
T 80.473 7 468 778 15
T 80.473 1 468 778 15
T 80.473 2 467 778 15
T 80.492 5 470 778 15
T 80.493 8 469 778 15
T 80.493 6 469 778 15
T 80.493 3 469 778 15
T 80.493 4 469 778 15
T 80.493 7 469 778 15
T 80.493 1 469 778 15
T 80.493 2 468 778 15
T 80.513 5 471 778 15
T 80.513 8 470 778 15
T 80.513 6 470 778 15
T 80.513 3 470 778 15
T 80.513 4 470 778 15
T 80.514 7 470 778 15
T 80.514 1 470 778 15
T 80.514 2 469 778 15
T 80.533 5 472 778 15
T 80.534 8 471 778 15
T 80.534 6 471 778 15
T 80.534 3 471 778 15
T 80.534 4 471 778 15
T 80.534 7 471 778 15
T 80.534 1 471 778 15
T 80.534 2 470 778 15
T 80.553 5 473 778 15
T 80.553 8 472 778 15
T 80.554 6 472 778 15
T 80.554 3 472 778 15
T 80.554 4 472 778 15
T 80.554 7 472 778 15
T 80.554 1 472 778 15
T 80.554 2 471 778 15
T 80.573 5 474 778 15
T 80.573 8 473 778 15
T 80.573 6 473 778 15
T 80.573 3 473 778 15
T 80.574 4 473 778 15
T 80.574 7 473 778 15
T 80.574 1 473 778 15
T 80.574 2 472 778 15
T 80.594 5 475 778 15
T 80.594 8 474 778 15
T 80.594 6 474 778 15
T 80.594 3 474 778 15
T 80.594 4 474 778 15
T 80.594 7 474 778 15
T 80.594 1 474 778 15
T 80.594 2 473 778 15
T 80.614 5 476 778 15
T 80.614 8 475 778 15
T 80.614 6 475 778 15
T 80.615 3 475 778 15
T 80.615 4 475 778 15
T 80.615 7 475 778 15
T 80.615 1 475 778 15
T 80.615 2 474 778 15
T 80.635 5 477 778 15
T 80.635 8 476 778 15
T 80.635 6 476 778 15
T 80.635 3 476 778 15
T 80.635 4 476 778 15
T 80.635 7 476 778 15
T 80.635 1 476 778 15
T 80.635 2 475 778 15
T 80.655 5 478 778 15
T 80.655 8 477 778 15
T 80.655 6 477 778 15
T 80.655 3 477 778 15
T 80.655 4 477 778 15
T 80.655 7 477 778 15
T 80.655 1 477 778 15
T 80.655 2 476 778 15
T 80.676 5 479 778 15
T 80.676 8 478 778 15
T 80.676 6 478 778 15
T 80.676 3 478 778 15
T 80.676 4 478 778 15
T 80.676 7 478 778 15
T 80.676 1 478 778 15
T 80.676 2 477 778 15
T 80.696 5 480 778 15
T 80.696 8 479 778 15
T 80.696 6 479 778 15
T 80.696 3 479 778 15
T 80.696 4 479 778 15
T 80.696 7 479 778 15
T 80.696 1 479 778 15
T 80.697 2 478 778 15
T 80.716 5 481 778 15
T 80.717 8 480 778 15
T 80.717 6 480 778 15
T 80.717 3 480 778 15
T 80.717 4 480 778 15
T 80.717 7 480 778 15
T 80.717 1 480 778 15
T 80.717 2 479 778 15
T 80.737 5 482 778 15
T 80.737 8 481 778 15
T 80.737 6 481 778 15
T 80.737 3 481 778 15
T 80.737 4 481 778 15
T 80.737 7 481 778 15
T 80.737 1 481 778 15
T 80.737 2 480 778 15
T 80.758 5 483 778 15
T 80.758 8 482 778 15
T 80.758 6 482 778 15
T 80.758 3 482 778 15
T 80.758 4 482 778 15
T 80.758 7 482 778 15
T 80.758 1 482 778 15
T 80.758 2 481 778 15
T 80.778 5 484 778 15
T 80.778 8 483 778 15
T 80.778 6 483 778 15
T 80.778 3 483 778 15
T 80.778 4 483 778 15
T 80.778 7 483 778 15
T 80.778 1 483 778 15
T 80.778 2 482 778 15
T 80.798 5 485 778 15
T 80.798 8 484 778 15
T 80.798 6 484 778 15
T 80.799 3 484 778 15
T 80.799 4 484 778 15
T 80.799 7 484 778 15
T 80.799 1 484 778 15
T 80.799 2 483 778 15
T 80.818 5 486 778 15
T 80.819 8 485 778 15
T 80.819 6 485 778 15
T 80.819 3 485 778 15
T 80.819 4 485 778 15
T 80.819 7 485 778 15
T 80.819 1 485 778 15
T 80.819 2 484 778 15
T 80.839 5 487 778 15
T 80.839 8 486 778 15
T 80.839 6 486 778 15
T 80.839 3 486 778 15
T 80.839 4 486 778 15
T 80.839 7 486 778 15
T 80.839 1 486 778 15
T 80.839 2 485 778 15
T 80.859 5 488 778 15
T 80.860 8 487 778 15
T 80.860 6 487 778 15
T 80.860 3 487 778 15
T 80.860 4 487 778 15
T 80.860 7 487 778 15
T 80.860 1 487 778 15
T 80.860 2 486 778 15
T 80.880 5 489 778 15
T 80.880 8 488 778 15
T 80.880 6 488 778 15
T 80.880 3 488 778 15
T 80.880 4 488 778 15
T 80.880 7 488 778 15
T 80.880 1 488 778 15
T 80.880 2 487 778 15
T 80.900 5 490 778 15
T 80.901 8 489 778 15
T 80.901 6 489 778 15
T 80.901 3 489 778 15
T 80.901 4 489 778 15
T 80.901 7 489 778 15
T 80.901 1 489 778 15
T 80.901 2 488 778 15
T 80.921 5 491 778 15
T 80.921 8 490 778 15
T 80.921 6 490 778 15
T 80.921 3 490 778 15
T 80.921 4 490 778 15
T 80.921 7 490 778 15
T 80.921 1 490 778 15
T 80.921 2 489 778 15
T 80.941 5 492 778 15
T 80.942 8 491 778 15
T 80.942 6 491 778 15
T 80.942 3 491 778 15
T 80.942 4 491 778 15
T 80.942 7 491 778 15
T 80.942 1 491 778 15
T 80.942 2 490 778 15
T 80.962 5 493 778 15
T 80.962 8 492 778 15
T 80.962 6 492 778 15
T 80.962 3 492 778 15
T 80.962 4 492 778 15
T 80.962 7 492 778 15
T 80.962 1 492 778 15
T 80.963 2 491 778 15
T 80.982 5 494 778 15
T 80.982 8 493 778 15
T 80.982 6 493 778 15
T 80.982 3 493 778 15
T 80.982 4 493 778 15
T 80.982 7 493 778 15
T 80.983 1 493 778 15
T 80.983 2 492 778 15
T 81.003 5 495 778 15
T 81.003 8 494 778 15
T 81.003 6 494 778 15
T 81.003 3 494 778 15
T 81.003 4 494 778 15
T 81.003 7 494 778 15
T 81.003 1 494 778 15
T 81.003 2 493 778 15
T 81.023 8 495 778 15
T 81.023 6 495 778 15
T 81.023 3 495 778 15
T 81.023 4 495 778 15
T 81.023 7 495 778 15
T 81.023 1 495 778 15
T 81.023 2 494 778 15
T 81.042 2 495 778 15
P 81.798 5
P 81.798 4
F 81.799 5 16
P 81.799 6
F 81.799 4 16
P 81.800 7
P 81.801 8
F 81.802 6 16
P 81.802 1
F 81.802 7 16
P 81.803 2
F 81.804 8 16
P 81.805 3
F 81.806 1 16
F 81.808 2 16
F 81.808 3 16
T 82.282 6 496 831 16
T 82.357 6 497 831 16
T 82.358 5 496 831 16
T 82.358 8 496 831 16
T 82.358 3 496 831 16
T 82.358 4 496 831 16
T 82.395 6 498 831 16
T 82.395 5 497 831 16
T 82.395 8 497 831 16
T 82.395 3 497 831 16
T 82.395 4 497 831 16
T 82.395 7 496 831 16
T 82.395 1 496 831 16
T 82.395 2 496 831 16
T 82.415 6 499 831 16
T 82.415 5 498 831 16
T 82.415 8 498 831 16
T 82.415 3 498 831 16
T 82.416 4 498 831 16
T 82.416 7 497 831 16
T 82.416 1 497 831 16
T 82.416 2 497 831 16
T 82.436 6 500 831 16
T 82.436 5 499 831 16
T 82.436 8 499 831 16
T 82.436 3 499 831 16
T 82.436 4 499 831 16
T 82.436 7 498 831 16
T 82.436 1 498 831 16
T 82.436 2 498 831 16
T 82.456 6 501 831 16
T 82.456 5 500 831 16
T 82.456 8 500 831 16
T 82.457 3 500 831 16
T 82.457 4 500 831 16
T 82.457 7 499 831 16
T 82.457 1 499 831 16
T 82.457 2 499 831 16
T 82.477 6 502 831 16
T 82.477 5 501 831 16
T 82.477 8 501 831 16
T 82.477 3 501 831 16
T 82.477 4 501 831 16
T 82.477 7 500 831 16
T 82.477 1 500 831 16
T 82.477 2 500 831 16
T 82.498 6 503 831 16
T 82.498 5 502 831 16
T 82.498 8 502 831 16
T 82.498 3 502 831 16
T 82.498 4 502 831 16
T 82.498 7 501 831 16
T 82.498 1 501 831 16
T 82.498 2 501 831 16
T 82.518 6 504 831 16
T 82.519 5 503 831 16
T 82.519 8 503 831 16
T 82.519 3 503 831 16
T 82.519 4 503 831 16
T 82.519 7 502 831 16
T 82.519 1 502 831 16
T 82.519 2 502 831 16
T 82.539 6 505 831 16
T 82.539 5 504 831 16
T 82.539 8 504 831 16
T 82.539 3 504 831 16
T 82.539 4 504 831 16
T 82.539 7 503 831 16
T 82.539 1 503 831 16
T 82.539 2 503 831 16
T 82.560 6 506 831 16
T 82.560 5 505 831 16
T 82.560 8 505 831 16
T 82.560 3 505 831 16
T 82.560 4 505 831 16
T 82.560 7 504 831 16
T 82.560 1 504 831 16
T 82.560 2 504 831 16
T 82.580 6 507 831 16
T 82.580 5 506 831 16
T 82.580 8 506 831 16
T 82.580 3 506 831 16
T 82.580 4 506 831 16
T 82.580 7 505 831 16
T 82.581 1 505 831 16
T 82.581 2 505 831 16
T 82.601 6 508 831 16
T 82.601 5 507 831 16
T 82.601 8 507 831 16
T 82.601 3 507 831 16
T 82.601 4 507 831 16
T 82.601 7 506 831 16
T 82.601 1 506 831 16
T 82.601 2 506 831 16
T 82.622 6 509 831 16
T 82.622 5 508 831 16
T 82.622 8 508 831 16
T 82.622 3 508 831 16
T 82.622 4 508 831 16
T 82.622 7 507 831 16
T 82.622 1 507 831 16
T 82.622 2 507 831 16
T 82.642 6 510 831 16
T 82.642 5 509 831 16
T 82.642 8 509 831 16
T 82.642 3 509 831 16
T 82.642 4 509 831 16
T 82.642 7 508 831 16
T 82.643 1 508 831 16
T 82.643 2 508 831 16
T 82.663 6 511 831 16
T 82.663 5 510 831 16
T 82.663 8 510 831 16
T 82.663 3 510 831 16
T 82.663 4 510 831 16
T 82.663 7 509 831 16
T 82.663 1 509 831 16
T 82.663 2 509 831 16
T 82.683 6 512 831 16
T 82.683 5 511 831 16
T 82.684 8 511 831 16
T 82.684 3 511 831 16
T 82.684 4 511 831 16
T 82.684 7 510 831 16
T 82.684 1 510 831 16
T 82.684 2 510 831 16
T 82.704 6 513 831 16
T 82.704 5 512 831 16
T 82.704 8 512 831 16
T 82.704 3 512 831 16
T 82.704 4 512 831 16
T 82.705 7 511 831 16
T 82.705 1 511 831 16
T 82.705 2 511 831 16
T 82.725 6 514 831 16
T 82.725 5 513 831 16
T 82.725 8 513 831 16
T 82.725 3 513 831 16
T 82.725 4 513 831 16
T 82.725 7 512 831 16
T 82.725 1 512 831 16
T 82.725 2 512 831 16
T 82.745 6 515 831 16
T 82.745 5 514 831 16
T 82.745 8 514 831 16
T 82.745 3 514 831 16
T 82.746 4 514 831 16
T 82.746 7 513 831 16
T 82.746 1 513 831 16
T 82.746 2 513 831 16
T 82.766 6 516 831 16
T 82.766 5 515 831 16
T 82.766 8 515 831 16
T 82.766 3 515 831 16
T 82.766 4 515 831 16
T 82.766 7 514 831 16
T 82.766 1 514 831 16
T 82.766 2 514 831 16
T 82.786 6 517 831 16
T 82.786 5 516 831 16
T 82.787 8 516 831 16
T 82.787 3 516 831 16
T 82.787 4 516 831 16
T 82.787 7 515 831 16
T 82.787 1 515 831 16
T 82.787 2 515 831 16
T 82.807 6 518 831 16
T 82.807 5 517 831 16
T 82.807 8 517 831 16
T 82.807 3 517 831 16
T 82.807 4 517 831 16
T 82.807 7 516 831 16
T 82.808 1 516 831 16
T 82.808 2 516 831 16
T 82.828 6 519 831 16
T 82.828 5 518 831 16
T 82.828 8 518 831 16
T 82.828 3 518 831 16
T 82.828 4 518 831 16
T 82.828 7 517 831 16
T 82.828 1 517 831 16
T 82.828 2 517 831 16
T 82.849 6 520 831 16
T 82.849 5 519 831 16
T 82.849 8 519 831 16
T 82.849 3 519 831 16
T 82.849 4 519 831 16
T 82.849 7 518 831 16
T 82.849 1 518 831 16
T 82.849 2 518 831 16
T 82.869 6 521 831 16
T 82.869 5 520 831 16
T 82.869 8 520 831 16
T 82.869 3 520 831 16
T 82.870 4 520 831 16
T 82.870 7 519 831 16
T 82.870 1 519 831 16
T 82.870 2 519 831 16
T 82.890 6 522 831 16
T 82.890 5 521 831 16
T 82.890 8 521 831 16
T 82.890 3 521 831 16
T 82.890 4 521 831 16
T 82.890 7 520 831 16
T 82.890 1 520 831 16
T 82.890 2 520 831 16
T 82.911 6 523 831 16
T 82.911 5 522 831 16
T 82.911 8 522 831 16
T 82.911 3 522 831 16
T 82.911 4 522 831 16
T 82.911 7 521 831 16
T 82.911 1 521 831 16
T 82.912 2 521 831 16
T 82.932 6 524 831 16
T 82.932 5 523 831 16
T 82.932 8 523 831 16
T 82.932 3 523 831 16
T 82.932 4 523 831 16
T 82.932 7 522 831 16
T 82.932 1 522 831 16
T 82.932 2 522 831 16
T 82.952 6 525 831 16
T 82.952 5 524 831 16
T 82.952 8 524 831 16
T 82.952 3 524 831 16
T 82.952 4 524 831 16
T 82.952 7 523 831 16
T 82.952 1 523 831 16
T 82.952 2 523 831 16
T 82.972 6 526 831 16
T 82.973 5 525 831 16
T 82.973 8 525 831 16
T 82.973 3 525 831 16
T 82.973 4 525 831 16
T 82.973 7 524 831 16
T 82.973 1 524 831 16
T 82.973 2 524 831 16
T 82.993 6 527 831 16
T 82.993 5 526 831 16
T 82.993 8 526 831 16
T 82.993 3 526 831 16
T 82.993 4 526 831 16
T 82.993 7 525 831 16
T 82.993 1 525 831 16
T 82.994 2 525 831 16
T 83.014 6 528 831 16
T 83.014 5 527 831 16
T 83.014 8 527 831 16
T 83.014 3 527 831 16
T 83.014 4 527 831 16
T 83.014 7 526 831 16
T 83.014 1 526 831 16
T 83.014 2 526 831 16
T 83.034 5 528 831 16
T 83.034 8 528 831 16
T 83.034 3 528 831 16
T 83.035 4 528 831 16
T 83.035 7 527 831 16
T 83.035 1 527 831 16
T 83.035 2 527 831 16
T 83.054 7 528 831 16
T 83.054 1 528 831 16
T 83.055 2 528 831 16
P 83.796 4
F 83.797 4 17
P 83.797 6
F 83.798 6 17
P 83.798 7
F 83.800 7 17
P 83.801 8
F 83.802 8 17
P 83.803 1
F 83.805 1 17
P 83.805 2
F 83.806 2 17
P 83.807 3
F 83.808 3 17
P 83.810 5
F 83.813 5 17
T 84.242 3 529 884 17
T 84.300 3 530 884 17
T 84.300 7 529 884 17
T 84.378 3 531 884 17
T 84.378 7 530 884 17
T 84.378 6 529 884 17
T 84.378 5 529 884 17
T 84.378 8 529 884 17
T 84.379 4 529 884 17
T 84.379 1 529 884 17
T 84.379 2 529 884 17
T 84.398 3 532 884 17
T 84.398 7 531 884 17
T 84.398 6 530 884 17
T 84.398 5 530 884 17
T 84.399 8 530 884 17
T 84.399 4 530 884 17
T 84.399 1 530 884 17
T 84.399 2 530 884 17
T 84.419 3 533 884 17
T 84.419 7 532 884 17
T 84.419 6 531 884 17
T 84.419 5 531 884 17
T 84.419 8 531 884 17
T 84.419 4 531 884 17
T 84.419 1 531 884 17
T 84.420 2 531 884 17
T 84.439 3 534 884 17
T 84.439 7 533 884 17
T 84.439 6 532 884 17
T 84.439 5 532 884 17
T 84.440 8 532 884 17
T 84.440 4 532 884 17
T 84.440 1 532 884 17
T 84.440 2 532 884 17
T 84.460 3 535 884 17
T 84.460 7 534 884 17
T 84.460 6 533 884 17
T 84.460 5 533 884 17
T 84.460 8 533 884 17
T 84.460 4 533 884 17
T 84.460 1 533 884 17
T 84.460 2 533 884 17
T 84.480 3 536 884 17
T 84.480 7 535 884 17
T 84.480 6 534 884 17
T 84.480 5 534 884 17
T 84.480 8 534 884 17
T 84.481 4 534 884 17
T 84.481 1 534 884 17
T 84.481 2 534 884 17
T 84.501 3 537 884 17
T 84.501 7 536 884 17
T 84.501 6 535 884 17
T 84.501 5 535 884 17
T 84.501 8 535 884 17
T 84.501 4 535 884 17
T 84.501 1 535 884 17
T 84.501 2 535 884 17
T 84.522 3 538 884 17
T 84.522 7 537 884 17
T 84.522 6 536 884 17
T 84.522 5 536 884 17
T 84.522 8 536 884 17
T 84.522 4 536 884 17
T 84.522 1 536 884 17
T 84.522 2 536 884 17
T 84.542 3 539 884 17
T 84.542 7 538 884 17
T 84.542 6 537 884 17
T 84.543 5 537 884 17
T 84.543 8 537 884 17
T 84.543 4 537 884 17
T 84.543 1 537 884 17
T 84.543 2 537 884 17
T 84.563 3 540 884 17
T 84.563 7 539 884 17
T 84.563 6 538 884 17
T 84.563 5 538 884 17
T 84.563 8 538 884 17
T 84.563 4 538 884 17
T 84.564 1 538 884 17
T 84.564 2 538 884 17
T 84.583 3 541 884 17
T 84.584 7 540 884 17
T 84.584 6 539 884 17
T 84.584 5 539 884 17
T 84.584 8 539 884 17
T 84.584 4 539 884 17
T 84.584 1 539 884 17
T 84.584 2 539 884 17
T 84.604 3 542 884 17
T 84.604 7 541 884 17
T 84.604 6 540 884 17
T 84.604 5 540 884 17
T 84.605 8 540 884 17
T 84.605 4 540 884 17
T 84.605 1 540 884 17
T 84.605 2 540 884 17
T 84.625 3 543 884 17
T 84.625 7 542 884 17
T 84.625 6 541 884 17
T 84.625 5 541 884 17
T 84.625 8 541 884 17
T 84.625 4 541 884 17
T 84.625 1 541 884 17
T 84.625 2 541 884 17
T 84.645 3 544 884 17
T 84.645 7 543 884 17
T 84.646 6 542 884 17
T 84.646 5 542 884 17
T 84.646 8 542 884 17
T 84.646 4 542 884 17
T 84.646 1 542 884 17
T 84.646 2 542 884 17
T 84.666 3 545 884 17
T 84.666 7 544 884 17
T 84.666 6 543 884 17
T 84.666 5 543 884 17
T 84.666 8 543 884 17
T 84.666 4 543 884 17
T 84.666 1 543 884 17
T 84.666 2 543 884 17
T 84.687 3 546 884 17
T 84.687 7 545 884 17
T 84.687 6 544 884 17
T 84.687 5 544 884 17
T 84.687 8 544 884 17
T 84.687 4 544 884 17
T 84.687 1 544 884 17
T 84.687 2 544 884 17
T 84.707 3 547 884 17
T 84.707 7 546 884 17
T 84.707 6 545 884 17
T 84.708 5 545 884 17
T 84.708 8 545 884 17
T 84.708 4 545 884 17
T 84.708 1 545 884 17
T 84.708 2 545 884 17
T 84.728 3 548 884 17
T 84.728 7 547 884 17
T 84.728 6 546 884 17
T 84.728 5 546 884 17
T 84.728 8 546 884 17
T 84.728 4 546 884 17
T 84.728 1 546 884 17
T 84.729 2 546 884 17
T 84.749 3 549 884 17
T 84.749 7 548 884 17
T 84.749 6 547 884 17
T 84.749 5 547 884 17
T 84.749 8 547 884 17
T 84.749 4 547 884 17
T 84.749 1 547 884 17
T 84.749 2 547 884 17
T 84.769 3 550 884 17
T 84.769 7 549 884 17
T 84.770 6 548 884 17
T 84.770 5 548 884 17
T 84.770 8 548 884 17
T 84.770 4 548 884 17
T 84.770 1 548 884 17
T 84.770 2 548 884 17
T 84.790 3 551 884 17
T 84.790 7 550 884 17
T 84.790 6 549 884 17
T 84.790 5 549 884 17
T 84.790 8 549 884 17
T 84.791 4 549 884 17
T 84.791 1 549 884 17
T 84.791 2 549 884 17
T 84.811 3 552 884 17
T 84.811 7 551 884 17
T 84.811 6 550 884 17
T 84.811 5 550 884 17
T 84.811 8 550 884 17
T 84.811 4 550 884 17
T 84.811 1 550 884 17
T 84.811 2 550 884 17
T 84.831 3 553 884 17
T 84.831 7 552 884 17
T 84.831 6 551 884 17
T 84.831 5 551 884 17
T 84.831 8 551 884 17
T 84.831 4 551 884 17
T 84.832 1 551 884 17
T 84.832 2 551 884 17
T 84.852 3 554 884 17
T 84.852 7 553 884 17
T 84.852 6 552 884 17
T 84.852 5 552 884 17
T 84.852 8 552 884 17
T 84.853 4 552 884 17
T 84.853 1 552 884 17
T 84.853 2 552 884 17
T 84.873 3 555 884 17
T 84.873 7 554 884 17
T 84.873 6 553 884 17
T 84.873 5 553 884 17
T 84.873 8 553 884 17
T 84.873 4 553 884 17
T 84.873 1 553 884 17
T 84.873 2 553 884 17
T 84.893 3 556 884 17
T 84.893 7 555 884 17
T 84.893 6 554 884 17
T 84.893 5 554 884 17
T 84.893 8 554 884 17
T 84.894 4 554 884 17
T 84.894 1 554 884 17
T 84.894 2 554 884 17
T 84.914 3 557 884 17
T 84.914 7 556 884 17
T 84.914 6 555 884 17
T 84.914 5 555 884 17
T 84.914 8 555 884 17
T 84.914 4 555 884 17
T 84.914 1 555 884 17
T 84.914 2 555 884 17
T 84.935 3 558 884 17
T 84.935 7 557 884 17
T 84.935 6 556 884 17
T 84.935 5 556 884 17
T 84.935 8 556 884 17
T 84.935 4 556 884 17
T 84.935 1 556 884 17
T 84.935 2 556 884 17
T 84.955 3 559 884 17
T 84.955 7 558 884 17
T 84.955 6 557 884 17
T 84.955 5 557 884 17
T 84.955 8 557 884 17
T 84.955 4 557 884 17
T 84.955 1 557 884 17
T 84.955 2 557 884 17
T 84.976 3 560 884 17
T 84.976 7 559 884 17
T 84.976 6 558 884 17
T 84.976 5 558 884 17
T 84.976 8 558 884 17
T 84.976 4 558 884 17
T 84.976 1 558 884 17
T 84.976 2 558 884 17
T 84.997 3 561 884 17
T 84.997 7 560 884 17
T 84.997 6 559 884 17
T 84.997 5 559 884 17
T 84.997 8 559 884 17
T 84.997 4 559 884 17
T 84.997 1 559 884 17
T 84.997 2 559 884 17
T 85.017 7 561 884 17
T 85.017 6 560 884 17
T 85.017 5 560 884 17
T 85.017 8 560 884 17
T 85.017 4 560 884 17
T 85.018 1 560 884 17
T 85.018 2 560 884 17
T 85.038 6 561 884 17
T 85.038 5 561 884 17
T 85.038 8 561 884 17
T 85.038 4 561 884 17
T 85.038 1 561 884 17
T 85.038 2 561 884 17
P 85.798 2
F 85.798 2 18
P 85.799 3
F 85.799 3 18
P 85.800 5
F 85.801 5 18
P 85.802 4
F 85.803 4 18
P 85.804 6
F 85.804 6 18
P 85.806 7
F 85.807 7 18
P 85.807 8
F 85.808 8 18
P 85.809 1
F 85.811 1 18
T 86.151 2 562 937 18
T 86.170 2 563 937 18
T 86.189 2 564 937 18
T 86.210 2 565 937 18
T 86.267 2 566 937 18
T 86.343 2 567 937 18
T 86.343 3 562 937 18
T 86.343 6 562 937 18
T 86.343 5 562 937 18
T 86.388 2 568 937 18
T 86.388 3 563 937 18
T 86.388 6 563 937 18
T 86.388 5 563 937 18
T 86.388 7 562 937 18
T 86.388 8 562 937 18
T 86.388 4 562 937 18
T 86.388 1 562 937 18
T 86.408 2 569 937 18
T 86.408 3 564 937 18
T 86.408 6 564 937 18
T 86.408 5 564 937 18
T 86.409 7 563 937 18
T 86.409 8 563 937 18
T 86.409 4 563 937 18
T 86.409 1 563 937 18
T 86.429 2 570 937 18
T 86.429 3 565 937 18
T 86.429 6 565 937 18
T 86.429 5 565 937 18
T 86.429 7 564 937 18
T 86.429 8 564 937 18
T 86.429 4 564 937 18
T 86.429 1 564 937 18
T 86.449 2 571 937 18
T 86.450 3 566 937 18
T 86.450 6 566 937 18
T 86.450 5 566 937 18
T 86.450 7 565 937 18
T 86.450 8 565 937 18
T 86.450 4 565 937 18
T 86.450 1 565 937 18
T 86.470 2 572 937 18
T 86.470 3 567 937 18
T 86.470 6 567 937 18
T 86.470 5 567 937 18
T 86.470 7 566 937 18
T 86.470 8 566 937 18
T 86.470 4 566 937 18
T 86.471 1 566 937 18
T 86.491 2 573 937 18
T 86.491 3 568 937 18
T 86.491 6 568 937 18
T 86.491 5 568 937 18
T 86.491 7 567 937 18
T 86.491 8 567 937 18
T 86.491 4 567 937 18
T 86.491 1 567 937 18
T 86.512 2 574 937 18
T 86.512 3 569 937 18
T 86.512 6 569 937 18
T 86.512 5 569 937 18
T 86.512 7 568 937 18
T 86.512 8 568 937 18
T 86.512 4 568 937 18
T 86.512 1 568 937 18
T 86.532 2 575 937 18
T 86.532 3 570 937 18
T 86.532 6 570 937 18
T 86.532 5 570 937 18
T 86.533 7 569 937 18
T 86.533 8 569 937 18
T 86.533 4 569 937 18
T 86.533 1 569 937 18
T 86.553 2 576 937 18
T 86.553 3 571 937 18
T 86.553 6 571 937 18
T 86.553 5 571 937 18
T 86.553 7 570 937 18
T 86.553 8 570 937 18
T 86.553 4 570 937 18
T 86.553 1 570 937 18
T 86.574 2 577 937 18
T 86.574 3 572 937 18
T 86.574 6 572 937 18
T 86.574 5 572 937 18
T 86.574 7 571 937 18
T 86.574 8 571 937 18
T 86.574 4 571 937 18
T 86.574 1 571 937 18
T 86.594 2 578 937 18
T 86.594 3 573 937 18
T 86.594 6 573 937 18
T 86.594 5 573 937 18
T 86.594 7 572 937 18
T 86.594 8 572 937 18
T 86.594 4 572 937 18
T 86.594 1 572 937 18
T 86.615 2 579 937 18
T 86.615 3 574 937 18
T 86.615 6 574 937 18
T 86.615 5 574 937 18
T 86.615 7 573 937 18
T 86.615 8 573 937 18
T 86.615 4 573 937 18
T 86.615 1 573 937 18
T 86.635 2 580 937 18
T 86.636 3 575 937 18
T 86.636 6 575 937 18
T 86.636 5 575 937 18
T 86.636 7 574 937 18
T 86.636 8 574 937 18
T 86.636 4 574 937 18
T 86.636 1 574 937 18
T 86.656 2 581 937 18
T 86.656 3 576 937 18
T 86.656 6 576 937 18
T 86.656 5 576 937 18
T 86.656 7 575 937 18
T 86.656 8 575 937 18
T 86.656 4 575 937 18
T 86.656 1 575 937 18
T 86.677 2 582 937 18
T 86.677 3 577 937 18
T 86.677 6 577 937 18
T 86.677 5 577 937 18
T 86.677 7 576 937 18
T 86.677 8 576 937 18
T 86.677 4 576 937 18
T 86.677 1 576 937 18
T 86.697 2 583 937 18
T 86.698 3 578 937 18
T 86.698 6 578 937 18
T 86.698 5 578 937 18
T 86.698 7 577 937 18
T 86.698 8 577 937 18
T 86.698 4 577 937 18
T 86.698 1 577 937 18
T 86.718 2 584 937 18
T 86.718 3 579 937 18
T 86.718 6 579 937 18
T 86.718 5 579 937 18
T 86.719 7 578 937 18
T 86.719 8 578 937 18
T 86.719 4 578 937 18
T 86.719 1 578 937 18
T 86.739 2 585 937 18
T 86.739 3 580 937 18
T 86.739 6 580 937 18
T 86.739 5 580 937 18
T 86.739 7 579 937 18
T 86.739 8 579 937 18
T 86.739 4 579 937 18
T 86.739 1 579 937 18
T 86.759 2 586 937 18
T 86.760 3 581 937 18
T 86.760 6 581 937 18
T 86.760 5 581 937 18
T 86.760 7 580 937 18
T 86.760 8 580 937 18
T 86.760 4 580 937 18
T 86.760 1 580 937 18
T 86.780 2 587 937 18
T 86.780 3 582 937 18
T 86.780 6 582 937 18
T 86.780 5 582 937 18
T 86.780 7 581 937 18
T 86.781 8 581 937 18
T 86.781 4 581 937 18
T 86.781 1 581 937 18
T 86.801 2 588 937 18
T 86.801 3 583 937 18
T 86.801 6 583 937 18
T 86.801 5 583 937 18
T 86.801 7 582 937 18
T 86.801 8 582 937 18
T 86.801 4 582 937 18
T 86.801 1 582 937 18
T 86.822 2 589 937 18
T 86.822 3 584 937 18
T 86.822 6 584 937 18
T 86.822 5 584 937 18
T 86.822 7 583 937 18
T 86.822 8 583 937 18
T 86.822 4 583 937 18
T 86.822 1 583 937 18
T 86.843 2 590 937 18
T 86.843 3 585 937 18
T 86.843 6 585 937 18
T 86.843 5 585 937 18
T 86.843 7 584 937 18
T 86.843 8 584 937 18
T 86.843 4 584 937 18
T 86.843 1 584 937 18
T 86.863 2 591 937 18
T 86.863 3 586 937 18
T 86.863 6 586 937 18
T 86.863 5 586 937 18
T 86.863 7 585 937 18
T 86.863 8 585 937 18
T 86.863 4 585 937 18
T 86.864 1 585 937 18
T 86.884 2 592 937 18
T 86.884 3 587 937 18
T 86.884 6 587 937 18
T 86.884 5 587 937 18
T 86.884 7 586 937 18
T 86.884 8 586 937 18
T 86.884 4 586 937 18
T 86.884 1 586 937 18
T 86.904 2 593 937 18
T 86.904 3 588 937 18
T 86.904 6 588 937 18
T 86.905 5 588 937 18
T 86.905 7 587 937 18
T 86.905 8 587 937 18
T 86.905 4 587 937 18
T 86.905 1 587 937 18
T 86.925 2 594 937 18
T 86.925 3 589 937 18
T 86.925 6 589 937 18
T 86.925 5 589 937 18
T 86.925 7 588 937 18
T 86.925 8 588 937 18
T 86.926 4 588 937 18
T 86.926 1 588 937 18
T 86.946 3 590 937 18
T 86.946 6 590 937 18
T 86.946 5 590 937 18
T 86.946 7 589 937 18
T 86.946 8 589 937 18
T 86.946 4 589 937 18
T 86.946 1 589 937 18
T 86.967 3 591 937 18
T 86.967 6 591 937 18
T 86.967 5 591 937 18
T 86.967 7 590 937 18
T 86.967 8 590 937 18
T 86.967 4 590 937 18
T 86.967 1 590 937 18
T 86.988 3 592 937 18
T 86.988 6 592 937 18
T 86.988 5 592 937 18
T 86.988 7 591 937 18
T 86.988 8 591 937 18
T 86.988 4 591 937 18
T 86.988 1 591 937 18
T 87.009 3 593 937 18
T 87.009 6 593 937 18
T 87.009 5 593 937 18
T 87.009 7 592 937 18
T 87.009 8 592 937 18
T 87.009 4 592 937 18
T 87.009 1 592 937 18
T 87.029 3 594 937 18
T 87.029 6 594 937 18
T 87.029 5 594 937 18
T 87.029 7 593 937 18
T 87.030 8 593 937 18
T 87.030 4 593 937 18
T 87.030 1 593 937 18
T 87.050 7 594 937 18
T 87.050 8 594 937 18
T 87.050 4 594 937 18
T 87.050 1 594 937 18
P 87.798 5
F 87.798 5 19
P 87.798 4
F 87.799 4 19
P 87.799 6
F 87.800 6 19
P 87.801 7
F 87.802 7 19
P 87.803 8
F 87.804 8 19
P 87.805 1
F 87.806 1 19
P 87.807 2
F 87.808 2 19
P 87.809 3
F 87.811 3 19
T 88.175 5 595 990 19
T 88.204 5 596 990 19
T 88.253 5 597 990 19
T 88.308 5 598 990 19
T 88.308 7 595 990 19
T 88.308 8 595 990 19
T 88.393 5 599 990 19
T 88.393 7 596 990 19
T 88.393 8 596 990 19
T 88.393 2 595 990 19
T 88.393 3 595 990 19
T 88.393 6 595 990 19
T 88.393 4 595 990 19
T 88.393 1 595 990 19
T 88.413 5 600 990 19
T 88.413 7 597 990 19
T 88.413 8 597 990 19
T 88.413 2 596 990 19
T 88.413 3 596 990 19
T 88.413 6 596 990 19
T 88.414 4 596 990 19
T 88.414 1 596 990 19
T 88.433 5 601 990 19
T 88.433 7 598 990 19
T 88.433 8 598 990 19
T 88.433 2 597 990 19
T 88.433 3 597 990 19
T 88.434 6 597 990 19
T 88.434 4 597 990 19
T 88.434 1 597 990 19
T 88.454 5 602 990 19
T 88.454 7 599 990 19
T 88.454 8 599 990 19
T 88.454 2 598 990 19
T 88.454 3 598 990 19
T 88.454 6 598 990 19
T 88.454 4 598 990 19
T 88.454 1 598 990 19
T 88.474 5 603 990 19
T 88.474 7 600 990 19
T 88.474 8 600 990 19
T 88.474 2 599 990 19
T 88.474 3 599 990 19
T 88.474 6 599 990 19
T 88.475 4 599 990 19
T 88.475 1 599 990 19
T 88.495 5 604 990 19
T 88.495 7 601 990 19
T 88.495 8 601 990 19
T 88.495 2 600 990 19
T 88.495 3 600 990 19
T 88.495 6 600 990 19
T 88.495 4 600 990 19
T 88.495 1 600 990 19
T 88.515 5 605 990 19
T 88.515 7 602 990 19
T 88.516 8 602 990 19
T 88.516 2 601 990 19
T 88.516 3 601 990 19
T 88.516 6 601 990 19
T 88.516 4 601 990 19
T 88.516 1 601 990 19
T 88.536 5 606 990 19
T 88.536 7 603 990 19
T 88.536 8 603 990 19
T 88.537 2 602 990 19
T 88.537 3 602 990 19
T 88.537 6 602 990 19
T 88.537 4 602 990 19
T 88.537 1 602 990 19
T 88.557 5 607 990 19
T 88.557 7 604 990 19
T 88.557 8 604 990 19
T 88.557 2 603 990 19
T 88.557 3 603 990 19
T 88.557 6 603 990 19
T 88.557 4 603 990 19
T 88.557 1 603 990 19
T 88.577 5 608 990 19
T 88.578 7 605 990 19
T 88.578 8 605 990 19
T 88.578 2 604 990 19
T 88.578 3 604 990 19
T 88.578 6 604 990 19
T 88.578 4 604 990 19
T 88.578 1 604 990 19
T 88.598 5 609 990 19
T 88.598 7 606 990 19
T 88.598 8 606 990 19
T 88.599 2 605 990 19
T 88.599 3 605 990 19
T 88.599 6 605 990 19
T 88.599 4 605 990 19
T 88.599 1 605 990 19
T 88.619 5 610 990 19
T 88.619 7 607 990 19
T 88.619 8 607 990 19
T 88.619 2 606 990 19
T 88.619 3 606 990 19
T 88.619 6 606 990 19
T 88.619 4 606 990 19
T 88.619 1 606 990 19
T 88.640 5 611 990 19
T 88.640 7 608 990 19
T 88.640 8 608 990 19
T 88.640 2 607 990 19
T 88.640 3 607 990 19
T 88.640 6 607 990 19
T 88.640 4 607 990 19
T 88.640 1 607 990 19
T 88.660 5 612 990 19
T 88.661 7 609 990 19
T 88.661 8 609 990 19
T 88.661 2 608 990 19
T 88.661 3 608 990 19
T 88.661 6 608 990 19
T 88.661 4 608 990 19
T 88.661 1 608 990 19
T 88.681 5 613 990 19
T 88.681 7 610 990 19
T 88.681 8 610 990 19
T 88.681 2 609 990 19
T 88.681 3 609 990 19
T 88.681 6 609 990 19
T 88.682 4 609 990 19
T 88.682 1 609 990 19
T 88.702 5 614 990 19
T 88.702 7 611 990 19
T 88.702 8 611 990 19
T 88.702 2 610 990 19
T 88.702 3 610 990 19
T 88.702 6 610 990 19
T 88.702 4 610 990 19
T 88.702 1 610 990 19
T 88.723 5 615 990 19
T 88.723 7 612 990 19
T 88.723 8 612 990 19
T 88.723 2 611 990 19
T 88.723 3 611 990 19
T 88.723 6 611 990 19
T 88.723 4 611 990 19
T 88.723 1 611 990 19
T 88.743 5 616 990 19
T 88.743 7 613 990 19
T 88.744 8 613 990 19
T 88.744 2 612 990 19
T 88.744 3 612 990 19
T 88.744 6 612 990 19
T 88.744 4 612 990 19
T 88.744 1 612 990 19
T 88.764 5 617 990 19
T 88.764 7 614 990 19
T 88.764 8 614 990 19
T 88.764 2 613 990 19
T 88.764 3 613 990 19
T 88.764 6 613 990 19
T 88.764 4 613 990 19
T 88.764 1 613 990 19
T 88.785 5 618 990 19
T 88.785 7 615 990 19
T 88.785 8 615 990 19
T 88.785 2 614 990 19
T 88.785 3 614 990 19
T 88.785 6 614 990 19
T 88.785 4 614 990 19
T 88.785 1 614 990 19
T 88.805 5 619 990 19
T 88.805 7 616 990 19
T 88.806 8 616 990 19
T 88.806 2 615 990 19
T 88.806 3 615 990 19
T 88.806 6 615 990 19
T 88.806 4 615 990 19
T 88.806 1 615 990 19
T 88.826 5 620 990 19
T 88.826 7 617 990 19
T 88.826 8 617 990 19
T 88.826 2 616 990 19
T 88.826 3 616 990 19
T 88.826 6 616 990 19
T 88.826 4 616 990 19
T 88.826 1 616 990 19
T 88.847 5 621 990 19
T 88.847 7 618 990 19
T 88.847 8 618 990 19
T 88.847 2 617 990 19
T 88.847 3 617 990 19
T 88.847 6 617 990 19
T 88.847 4 617 990 19
T 88.847 1 617 990 19
T 88.867 5 622 990 19
T 88.868 7 619 990 19
T 88.868 8 619 990 19
T 88.868 2 618 990 19
T 88.868 3 618 990 19
T 88.868 6 618 990 19
T 88.868 4 618 990 19
T 88.868 1 618 990 19
T 88.888 5 623 990 19
T 88.889 7 620 990 19
T 88.889 8 620 990 19
T 88.889 2 619 990 19
T 88.889 3 619 990 19
T 88.889 6 619 990 19
T 88.889 4 619 990 19
T 88.889 1 619 990 19
T 88.909 5 624 990 19
T 88.909 7 621 990 19
T 88.909 8 621 990 19
T 88.909 2 620 990 19
T 88.909 3 620 990 19
T 88.909 6 620 990 19
T 88.910 4 620 990 19
T 88.910 1 620 990 19
T 88.930 5 625 990 19
T 88.930 7 622 990 19
T 88.930 8 622 990 19
T 88.930 2 621 990 19
T 88.930 3 621 990 19
T 88.930 6 621 990 19
T 88.930 4 621 990 19
T 88.930 1 621 990 19
T 88.951 5 626 990 19
T 88.951 7 623 990 19
T 88.951 8 623 990 19
T 88.951 2 622 990 19
T 88.951 3 622 990 19
T 88.951 6 622 990 19
T 88.951 4 622 990 19
T 88.951 1 622 990 19
T 88.971 5 627 990 19
T 88.972 7 624 990 19
T 88.972 8 624 990 19
T 88.972 2 623 990 19
T 88.972 3 623 990 19
T 88.972 6 623 990 19
T 88.972 4 623 990 19
T 88.972 1 623 990 19
T 88.992 7 625 990 19
T 88.992 8 625 990 19
T 88.992 2 624 990 19
T 88.992 3 624 990 19
T 88.992 6 624 990 19
T 88.993 4 624 990 19
T 88.993 1 624 990 19
T 89.013 7 626 990 19
T 89.013 8 626 990 19
T 89.013 2 625 990 19
T 89.013 3 625 990 19
T 89.013 6 625 990 19
T 89.013 4 625 990 19
T 89.013 1 625 990 19
T 89.034 7 627 990 19
T 89.034 8 627 990 19
T 89.034 2 626 990 19
T 89.034 3 626 990 19
T 89.034 6 626 990 19
T 89.034 4 626 990 19
T 89.035 1 626 990 19
T 89.055 2 627 990 19
T 89.055 3 627 990 19
T 89.055 6 627 990 19
T 89.055 4 627 990 19
T 89.055 1 627 990 19
P 89.800 5
F 89.801 5 20
P 89.801 4
P 89.802 6
P 89.802 7
P 89.802 8
F 89.803 4 20
P 89.803 1
F 89.804 6 20
P 89.804 2
F 89.805 7 20
P 89.805 3
F 89.806 8 20
F 89.814 1 20
F 89.815 2 20
F 89.818 3 20
T 90.358 5 628 1043 20
T 90.436 5 629 1043 20
T 90.436 7 628 1043 20
T 90.436 8 628 1043 20
T 90.436 2 628 1043 20
T 90.436 3 628 1043 20
T 90.436 6 628 1043 20
T 90.437 4 628 1043 20
T 90.437 1 628 1043 20
T 90.456 5 630 1043 20
T 90.456 7 629 1043 20
T 90.456 8 629 1043 20
T 90.456 2 629 1043 20
T 90.456 3 629 1043 20
T 90.456 6 629 1043 20
T 90.456 4 629 1043 20
T 90.456 1 629 1043 20
T 90.476 5 631 1043 20
T 90.476 7 630 1043 20
T 90.476 8 630 1043 20
T 90.476 2 630 1043 20
T 90.476 3 630 1043 20
T 90.476 6 630 1043 20
T 90.476 4 630 1043 20
T 90.476 1 630 1043 20
T 90.496 5 632 1043 20
T 90.497 7 631 1043 20
T 90.497 8 631 1043 20
T 90.497 2 631 1043 20
T 90.497 3 631 1043 20
T 90.497 6 631 1043 20
T 90.497 4 631 1043 20
T 90.497 1 631 1043 20
T 90.517 5 633 1043 20
T 90.517 7 632 1043 20
T 90.517 8 632 1043 20
T 90.517 2 632 1043 20
T 90.517 3 632 1043 20
T 90.517 6 632 1043 20
T 90.517 4 632 1043 20
T 90.517 1 632 1043 20
T 90.538 5 634 1043 20
T 90.538 7 633 1043 20
T 90.538 8 633 1043 20
T 90.538 2 633 1043 20
T 90.538 3 633 1043 20
T 90.538 6 633 1043 20
T 90.538 4 633 1043 20
T 90.538 1 633 1043 20
T 90.558 5 635 1043 20
T 90.559 7 634 1043 20
T 90.559 8 634 1043 20
T 90.559 2 634 1043 20
T 90.559 3 634 1043 20
T 90.559 6 634 1043 20
T 90.559 4 634 1043 20
T 90.559 1 634 1043 20
T 90.579 5 636 1043 20
T 90.580 7 635 1043 20
T 90.580 8 635 1043 20
T 90.580 2 635 1043 20
T 90.580 3 635 1043 20
T 90.580 6 635 1043 20
T 90.580 4 635 1043 20
T 90.580 1 635 1043 20
T 90.600 5 637 1043 20
T 90.600 7 636 1043 20
T 90.600 8 636 1043 20
T 90.600 2 636 1043 20
T 90.600 3 636 1043 20
T 90.600 6 636 1043 20
T 90.601 4 636 1043 20
T 90.601 1 636 1043 20
T 90.621 5 638 1043 20
T 90.621 7 637 1043 20
T 90.621 8 637 1043 20
T 90.621 2 637 1043 20
T 90.621 3 637 1043 20
T 90.621 6 637 1043 20
T 90.621 4 637 1043 20
T 90.621 1 637 1043 20
T 90.641 5 639 1043 20
T 90.641 7 638 1043 20
T 90.641 8 638 1043 20
T 90.641 2 638 1043 20
T 90.642 3 638 1043 20
T 90.642 6 638 1043 20
T 90.642 4 638 1043 20
T 90.642 1 638 1043 20
T 90.662 5 640 1043 20
T 90.662 7 639 1043 20
T 90.662 8 639 1043 20
T 90.662 2 639 1043 20
T 90.662 3 639 1043 20
T 90.663 6 639 1043 20
T 90.663 4 639 1043 20
T 90.663 1 639 1043 20
T 90.683 5 641 1043 20
T 90.683 7 640 1043 20
T 90.683 8 640 1043 20
T 90.683 2 640 1043 20
T 90.683 3 640 1043 20
T 90.683 6 640 1043 20
T 90.683 4 640 1043 20
T 90.683 1 640 1043 20
T 90.703 5 642 1043 20
T 90.704 7 641 1043 20
T 90.704 8 641 1043 20
T 90.704 2 641 1043 20
T 90.704 3 641 1043 20
T 90.704 6 641 1043 20
T 90.704 4 641 1043 20
T 90.704 1 641 1043 20
T 90.724 5 643 1043 20
T 90.724 7 642 1043 20
T 90.724 8 642 1043 20
T 90.724 2 642 1043 20
T 90.724 3 642 1043 20
T 90.724 6 642 1043 20
T 90.724 4 642 1043 20
T 90.725 1 642 1043 20
T 90.745 5 644 1043 20
T 90.745 7 643 1043 20
T 90.745 8 643 1043 20
T 90.745 2 643 1043 20
T 90.745 3 643 1043 20
T 90.745 6 643 1043 20
T 90.745 4 643 1043 20
T 90.745 1 643 1043 20
T 90.766 5 645 1043 20
T 90.766 7 644 1043 20
T 90.766 8 644 1043 20
T 90.766 2 644 1043 20
T 90.766 3 644 1043 20
T 90.766 6 644 1043 20
T 90.766 4 644 1043 20
T 90.766 1 644 1043 20
T 90.786 5 646 1043 20
T 90.786 7 645 1043 20
T 90.787 8 645 1043 20
T 90.787 2 645 1043 20
T 90.787 3 645 1043 20
T 90.787 6 645 1043 20
T 90.787 4 645 1043 20
T 90.787 1 645 1043 20
T 90.807 5 647 1043 20
T 90.807 7 646 1043 20
T 90.807 8 646 1043 20
T 90.807 2 646 1043 20
T 90.807 3 646 1043 20
T 90.807 6 646 1043 20
T 90.807 4 646 1043 20
T 90.807 1 646 1043 20
T 90.828 5 648 1043 20
T 90.828 7 647 1043 20
T 90.828 8 647 1043 20
T 90.828 2 647 1043 20
T 90.828 3 647 1043 20
T 90.828 6 647 1043 20
T 90.828 4 647 1043 20
T 90.828 1 647 1043 20
T 90.848 5 649 1043 20
T 90.848 7 648 1043 20
T 90.848 8 648 1043 20
T 90.848 2 648 1043 20
T 90.849 3 648 1043 20
T 90.849 6 648 1043 20
T 90.849 4 648 1043 20
T 90.849 1 648 1043 20
T 90.869 5 650 1043 20
T 90.869 7 649 1043 20
T 90.869 8 649 1043 20
T 90.869 2 649 1043 20
T 90.869 3 649 1043 20
T 90.869 6 649 1043 20
T 90.869 4 649 1043 20
T 90.870 1 649 1043 20
T 90.890 5 651 1043 20
T 90.890 7 650 1043 20
T 90.890 8 650 1043 20
T 90.890 2 650 1043 20
T 90.890 3 650 1043 20
T 90.890 6 650 1043 20
T 90.890 4 650 1043 20
T 90.890 1 650 1043 20
T 90.911 5 652 1043 20
T 90.911 7 651 1043 20
T 90.911 8 651 1043 20
T 90.911 2 651 1043 20
T 90.911 3 651 1043 20
T 90.911 6 651 1043 20
T 90.911 4 651 1043 20
T 90.911 1 651 1043 20
T 90.931 5 653 1043 20
T 90.932 7 652 1043 20
T 90.932 8 652 1043 20
T 90.932 2 652 1043 20
T 90.932 3 652 1043 20
T 90.932 6 652 1043 20
T 90.932 4 652 1043 20
T 90.932 1 652 1043 20
T 90.952 5 654 1043 20
T 90.952 7 653 1043 20
T 90.952 8 653 1043 20
T 90.952 2 653 1043 20
T 90.952 3 653 1043 20
T 90.952 6 653 1043 20
T 90.952 4 653 1043 20
T 90.952 1 653 1043 20
T 90.973 5 655 1043 20
T 90.973 7 654 1043 20
T 90.973 8 654 1043 20
T 90.973 2 654 1043 20
T 90.973 3 654 1043 20
T 90.973 6 654 1043 20
T 90.973 4 654 1043 20
T 90.973 1 654 1043 20
T 90.994 5 656 1043 20
T 90.994 7 655 1043 20
T 90.994 8 655 1043 20
T 90.994 2 655 1043 20
T 90.994 3 655 1043 20
T 90.994 6 655 1043 20
T 90.994 4 655 1043 20
T 90.994 1 655 1043 20
T 91.014 5 657 1043 20
T 91.014 7 656 1043 20
T 91.014 8 656 1043 20
T 91.014 2 656 1043 20
T 91.015 3 656 1043 20
T 91.015 6 656 1043 20
T 91.015 4 656 1043 20
T 91.015 1 656 1043 20
T 91.035 5 658 1043 20
T 91.035 7 657 1043 20
T 91.035 8 657 1043 20
T 91.035 2 657 1043 20
T 91.035 3 657 1043 20
T 91.035 6 657 1043 20
T 91.035 4 657 1043 20
T 91.035 1 657 1043 20
T 91.055 5 659 1043 20
T 91.056 7 658 1043 20
T 91.056 8 658 1043 20
T 91.056 2 658 1043 20
T 91.056 3 658 1043 20
T 91.056 6 658 1043 20
T 91.056 4 658 1043 20
T 91.056 1 658 1043 20
T 91.076 5 660 1043 20
T 91.076 7 659 1043 20
T 91.076 8 659 1043 20
T 91.076 2 659 1043 20
T 91.076 3 659 1043 20
T 91.077 6 659 1043 20
T 91.077 4 659 1043 20
T 91.077 1 659 1043 20
T 91.097 7 660 1043 20
T 91.097 8 660 1043 20
T 91.097 2 660 1043 20
T 91.097 3 660 1043 20
T 91.097 6 660 1043 20
T 91.097 4 660 1043 20
T 91.098 1 660 1043 20
P 91.800 4
F 91.801 4 21
P 91.801 6
F 91.802 6 21
P 91.803 7
F 91.804 7 21
P 91.805 8
F 91.805 8 21
P 91.807 1
P 91.808 2
P 91.808 3
P 91.808 5
F 91.810 1 21
F 91.810 2 21
F 91.810 3 21
F 91.811 5 21
T 92.228 4 661 1096 21
T 92.278 4 662 1096 21
T 92.278 2 661 1095 21
T 92.278 6 661 1096 21
T 92.363 4 663 1096 21
T 92.363 2 662 1095 21
T 92.363 6 662 1096 21
T 92.363 5 661 1096 21
T 92.363 7 661 1096 21
T 92.363 8 661 1096 21
T 92.364 3 661 1096 21
T 92.364 1 661 1096 21
T 92.383 4 664 1096 21
T 92.383 2 663 1095 21
T 92.383 6 663 1096 21
T 92.383 5 662 1096 21
T 92.383 7 662 1096 21
T 92.383 8 662 1096 21
T 92.384 3 662 1096 21
T 92.384 1 662 1096 21
T 92.403 4 665 1096 21
T 92.403 2 664 1095 21
T 92.404 6 664 1096 21
T 92.404 5 663 1096 21
T 92.404 7 663 1096 21
T 92.404 8 663 1096 21
T 92.404 3 663 1096 21
T 92.404 1 663 1096 21
T 92.424 4 666 1096 21
T 92.424 2 665 1095 21
T 92.424 6 665 1096 21
T 92.424 5 664 1096 21
T 92.424 7 664 1096 21
T 92.424 8 664 1096 21
T 92.424 3 664 1096 21
T 92.425 1 664 1096 21
T 92.445 4 667 1096 21
T 92.445 2 666 1095 21
T 92.445 6 666 1096 21
T 92.445 5 665 1096 21
T 92.445 7 665 1096 21
T 92.445 8 665 1096 21
T 92.445 3 665 1096 21
T 92.445 1 665 1096 21
T 92.466 4 668 1096 21
T 92.466 2 667 1095 21
T 92.466 6 667 1096 21
T 92.466 5 666 1096 21
T 92.466 7 666 1096 21
T 92.466 8 666 1096 21
T 92.466 3 666 1096 21
T 92.466 1 666 1096 21
T 92.486 4 669 1096 21
T 92.487 2 668 1095 21
T 92.487 6 668 1096 21
T 92.487 5 667 1096 21
T 92.487 7 667 1096 21
T 92.487 8 667 1096 21
T 92.487 3 667 1096 21
T 92.487 1 667 1096 21
T 92.507 4 670 1096 21
T 92.507 2 669 1095 21
T 92.507 6 669 1096 21
T 92.507 5 668 1096 21
T 92.507 7 668 1096 21
T 92.507 8 668 1096 21
T 92.507 3 668 1096 21
T 92.508 1 668 1096 21
T 92.528 4 671 1096 21
T 92.528 2 670 1095 21
T 92.528 6 670 1096 21
T 92.528 5 669 1096 21
T 92.528 7 669 1096 21
T 92.528 8 669 1096 21
T 92.528 3 669 1096 21
T 92.528 1 669 1096 21
T 92.548 4 672 1096 21
T 92.549 2 671 1095 21
T 92.549 6 671 1096 21
T 92.549 5 670 1096 21
T 92.549 7 670 1096 21
T 92.549 8 670 1096 21
T 92.549 3 670 1096 21
T 92.549 1 670 1096 21
T 92.569 4 673 1096 21
T 92.569 2 672 1095 21
T 92.570 6 672 1096 21
T 92.570 5 671 1096 21
T 92.570 7 671 1096 21
T 92.570 8 671 1096 21
T 92.570 3 671 1096 21
T 92.570 1 671 1096 21
T 92.590 4 674 1096 21
T 92.590 2 673 1095 21
T 92.590 6 673 1096 21
T 92.590 5 672 1096 21
T 92.591 7 672 1096 21
T 92.591 8 672 1096 21
T 92.591 3 672 1096 21
T 92.591 1 672 1096 21
T 92.611 4 675 1096 21
T 92.611 2 674 1095 21
T 92.611 6 674 1096 21
T 92.611 5 673 1096 21
T 92.611 7 673 1096 21
T 92.611 8 673 1096 21
T 92.611 3 673 1096 21
T 92.611 1 673 1096 21
T 92.631 4 676 1096 21
T 92.631 2 675 1095 21
T 92.632 6 675 1096 21
T 92.632 5 674 1096 21
T 92.632 7 674 1096 21
T 92.632 8 674 1096 21
T 92.632 3 674 1096 21
T 92.632 1 674 1096 21
T 92.652 4 677 1096 21
T 92.652 2 676 1095 21
T 92.653 6 676 1096 21
T 92.653 5 675 1096 21
T 92.653 7 675 1096 21
T 92.653 8 675 1096 21
T 92.653 3 675 1096 21
T 92.653 1 675 1096 21
T 92.673 4 678 1096 21
T 92.673 2 677 1095 21
T 92.673 6 677 1096 21
T 92.673 5 676 1096 21
T 92.673 7 676 1096 21
T 92.673 8 676 1096 21
T 92.673 3 676 1096 21
T 92.674 1 676 1096 21
T 92.694 4 679 1096 21
T 92.694 2 678 1095 21
T 92.694 6 678 1096 21
T 92.694 5 677 1096 21
T 92.694 7 677 1096 21
T 92.694 8 677 1096 21
T 92.694 3 677 1096 21
T 92.694 1 677 1096 21
T 92.714 4 680 1096 21
T 92.714 2 679 1095 21
T 92.714 6 679 1096 21
T 92.715 5 678 1096 21
T 92.715 7 678 1096 21
T 92.715 8 678 1096 21
T 92.715 3 678 1096 21
T 92.715 1 678 1096 21
T 92.735 4 681 1096 21
T 92.735 2 680 1095 21
T 92.735 6 680 1096 21
T 92.735 5 679 1096 21
T 92.735 7 679 1096 21
T 92.735 8 679 1096 21
T 92.735 3 679 1096 21
T 92.735 1 679 1096 21
T 92.756 4 682 1096 21
T 92.756 2 681 1095 21
T 92.756 6 681 1096 21
T 92.756 5 680 1096 21
T 92.756 7 680 1096 21
T 92.756 8 680 1096 21
T 92.756 3 680 1096 21
T 92.756 1 680 1096 21
T 92.776 4 683 1096 21
T 92.776 2 682 1095 21
T 92.777 6 682 1096 21
T 92.777 5 681 1096 21
T 92.777 7 681 1096 21
T 92.777 8 681 1096 21
T 92.777 3 681 1096 21
T 92.777 1 681 1096 21
T 92.797 4 684 1096 21
T 92.797 2 683 1095 21
T 92.798 6 683 1096 21
T 92.798 5 682 1096 21
T 92.798 7 682 1096 21
T 92.798 8 682 1096 21
T 92.798 3 682 1096 21
T 92.798 1 682 1096 21
T 92.818 4 685 1096 21
T 92.818 2 684 1095 21
T 92.818 6 684 1096 21
T 92.818 5 683 1096 21
T 92.819 7 683 1096 21
T 92.819 8 683 1096 21
T 92.819 3 683 1096 21
T 92.819 1 683 1096 21
T 92.839 4 686 1096 21
T 92.839 2 685 1095 21
T 92.839 6 685 1096 21
T 92.839 5 684 1096 21
T 92.839 7 684 1096 21
T 92.839 8 684 1096 21
T 92.839 3 684 1096 21
T 92.839 1 684 1096 21
T 92.859 4 687 1096 21
T 92.860 2 686 1095 21
T 92.860 6 686 1096 21
T 92.860 5 685 1096 21
T 92.860 7 685 1096 21
T 92.860 8 685 1096 21
T 92.860 3 685 1096 21
T 92.860 1 685 1096 21
T 92.880 4 688 1096 21
T 92.880 2 687 1095 21
T 92.880 6 687 1096 21
T 92.880 5 686 1096 21
T 92.881 7 686 1096 21
T 92.881 8 686 1096 21
T 92.881 3 686 1096 21
T 92.881 1 686 1096 21
T 92.901 4 689 1096 21
T 92.901 2 688 1095 21
T 92.901 6 688 1096 21
T 92.901 5 687 1096 21
T 92.901 7 687 1096 21
T 92.901 8 687 1096 21
T 92.902 3 687 1096 21
T 92.902 1 687 1096 21
T 92.922 4 690 1096 21
T 92.922 2 689 1095 21
T 92.922 6 689 1096 21
T 92.922 5 688 1096 21
T 92.922 7 688 1096 21
T 92.922 8 688 1096 21
T 92.922 3 688 1096 21
T 92.922 1 688 1096 21
T 92.943 4 691 1096 21
T 92.943 2 690 1095 21
T 92.943 6 690 1096 21
T 92.943 5 689 1096 21
T 92.943 7 689 1096 21
T 92.943 8 689 1096 21
T 92.943 3 689 1096 21
T 92.943 1 689 1096 21
T 92.963 4 692 1096 21
T 92.963 2 691 1095 21
T 92.963 6 691 1096 21
T 92.964 5 690 1096 21
T 92.964 7 690 1096 21
T 92.964 8 690 1096 21
T 92.964 3 690 1096 21
T 92.964 1 690 1096 21
T 92.984 4 693 1096 21
T 92.984 2 692 1095 21
T 92.985 6 692 1096 21
T 92.985 5 691 1096 21
T 92.985 7 691 1096 21
T 92.985 8 691 1096 21
T 92.985 3 691 1096 21
T 92.985 1 691 1096 21
T 93.005 2 693 1095 21
T 93.005 6 693 1096 21
T 93.005 5 692 1096 21
T 93.005 7 692 1096 21
T 93.005 8 692 1096 21
T 93.006 3 692 1096 21
T 93.006 1 692 1096 21
T 93.027 5 693 1096 21
T 93.027 7 693 1096 21
T 93.027 8 693 1096 21
T 93.027 3 693 1096 21
T 93.027 1 693 1096 21
P 93.799 7
P 93.800 8
P 93.800 1
F 93.800 7 22
P 93.800 2
F 93.800 8 22
P 93.801 3
F 93.802 1 22
P 93.802 5
F 93.804 2 22
P 93.804 4
F 93.804 3 22
P 93.805 6
F 93.806 5 22
F 93.808 4 22
F 93.809 6 22
T 94.224 7 694 1148 22
T 94.278 7 695 1148 22
T 94.278 3 694 1149 22
T 94.365 7 696 1148 22
T 94.365 3 695 1149 22
T 94.365 4 694 1148 22
T 94.365 2 694 1148 22
T 94.365 6 694 1148 22
T 94.365 5 694 1148 22
T 94.365 8 694 1149 22
T 94.365 1 694 1148 22
T 94.385 7 697 1148 22
T 94.385 3 696 1149 22
T 94.385 4 695 1148 22
T 94.385 2 695 1148 22
T 94.385 6 695 1148 22
T 94.385 5 695 1148 22
T 94.385 8 695 1149 22
T 94.385 1 695 1148 22
T 94.405 7 698 1148 22
T 94.405 3 697 1149 22
T 94.405 4 696 1148 22
T 94.405 2 696 1148 22
T 94.405 6 696 1148 22
T 94.406 5 696 1148 22
T 94.406 8 696 1149 22
T 94.406 1 696 1148 22
T 94.426 7 699 1148 22
T 94.426 3 698 1149 22
T 94.426 4 697 1148 22
T 94.426 2 697 1148 22
T 94.426 6 697 1148 22
T 94.426 5 697 1148 22
T 94.426 8 697 1149 22
T 94.426 1 697 1148 22
T 94.446 7 700 1148 22
T 94.447 3 699 1149 22
T 94.447 4 698 1148 22
T 94.447 2 698 1148 22
T 94.447 6 698 1148 22
T 94.447 5 698 1148 22
T 94.447 8 698 1149 22
T 94.447 1 698 1148 22
T 94.468 7 701 1148 22
T 94.468 3 700 1149 22
T 94.468 4 699 1148 22
T 94.468 2 699 1148 22
T 94.468 6 699 1148 22
T 94.468 5 699 1148 22
T 94.468 8 699 1149 22
T 94.468 1 699 1148 22
T 94.488 7 702 1148 22
T 94.488 3 701 1149 22
T 94.488 4 700 1148 22
T 94.488 2 700 1148 22
T 94.488 6 700 1148 22
T 94.488 5 700 1148 22
T 94.488 8 700 1149 22
T 94.488 1 700 1148 22
T 94.509 7 703 1148 22
T 94.509 3 702 1149 22
T 94.509 4 701 1148 22
T 94.509 2 701 1148 22
T 94.509 6 701 1148 22
T 94.509 5 701 1148 22
T 94.509 8 701 1149 22
T 94.509 1 701 1148 22
T 94.530 7 704 1148 22
T 94.530 3 703 1149 22
T 94.530 4 702 1148 22
T 94.530 2 702 1148 22
T 94.530 6 702 1148 22
T 94.530 5 702 1148 22
T 94.530 8 702 1149 22
T 94.530 1 702 1148 22
T 94.551 7 705 1148 22
T 94.551 3 704 1149 22
T 94.551 4 703 1148 22
T 94.551 2 703 1148 22
T 94.551 6 703 1148 22
T 94.551 5 703 1148 22
T 94.551 8 703 1149 22
T 94.551 1 703 1148 22
T 94.571 7 706 1148 22
T 94.571 3 705 1149 22
T 94.571 4 704 1148 22
T 94.571 2 704 1148 22
T 94.572 6 704 1148 22
T 94.572 5 704 1148 22
T 94.572 8 704 1149 22
T 94.572 1 704 1148 22
T 94.592 7 707 1148 22
T 94.592 3 706 1149 22
T 94.592 4 705 1148 22
T 94.592 2 705 1148 22
T 94.592 6 705 1148 22
T 94.592 5 705 1148 22
T 94.592 8 705 1149 22
T 94.593 1 705 1148 22
T 94.613 7 708 1148 22
T 94.613 3 707 1149 22
T 94.613 4 706 1148 22
T 94.613 2 706 1148 22
T 94.613 6 706 1148 22
T 94.613 5 706 1148 22
T 94.613 8 706 1149 22
T 94.613 1 706 1148 22
T 94.634 7 709 1148 22
T 94.634 3 708 1149 22
T 94.634 4 707 1148 22
T 94.634 2 707 1148 22
T 94.634 6 707 1148 22
T 94.634 5 707 1148 22
T 94.634 8 707 1149 22
T 94.634 1 707 1148 22
T 94.654 7 710 1148 22
T 94.655 3 709 1149 22
T 94.655 4 708 1148 22
T 94.655 2 708 1148 22
T 94.655 6 708 1148 22
T 94.655 5 708 1148 22
T 94.655 8 708 1149 22
T 94.655 1 708 1148 22
T 94.675 7 711 1148 22
T 94.675 3 710 1149 22
T 94.676 4 709 1148 22
T 94.676 2 709 1148 22
T 94.676 6 709 1148 22
T 94.676 5 709 1148 22
T 94.676 8 709 1149 22
T 94.676 1 709 1148 22
T 94.696 7 712 1148 22
T 94.696 3 711 1149 22
T 94.696 4 710 1148 22
T 94.697 2 710 1148 22
T 94.697 6 710 1148 22
T 94.697 5 710 1148 22
T 94.697 8 710 1149 22
T 94.697 1 710 1148 22
T 94.717 7 713 1148 22
T 94.717 3 712 1149 22
T 94.717 4 711 1148 22
T 94.717 2 711 1148 22
T 94.717 6 711 1148 22
T 94.717 5 711 1148 22
T 94.718 8 711 1149 22
T 94.718 1 711 1148 22
T 94.738 7 714 1148 22
T 94.738 3 713 1149 22
T 94.738 4 712 1148 22
T 94.738 2 712 1148 22
T 94.738 6 712 1148 22
T 94.738 5 712 1148 22
T 94.738 8 712 1149 22
T 94.738 1 712 1148 22
T 94.759 7 715 1148 22
T 94.759 3 714 1149 22
T 94.759 4 713 1148 22
T 94.759 2 713 1148 22
T 94.759 6 713 1148 22
T 94.759 5 713 1148 22
T 94.759 8 713 1149 22
T 94.759 1 713 1148 22
T 94.780 7 716 1148 22
T 94.780 3 715 1149 22
T 94.780 4 714 1148 22
T 94.780 2 714 1148 22
T 94.780 6 714 1148 22
T 94.780 5 714 1148 22
T 94.780 8 714 1149 22
T 94.780 1 714 1148 22
T 94.800 7 717 1148 22
T 94.801 3 716 1149 22
T 94.801 4 715 1148 22
T 94.801 2 715 1148 22
T 94.801 6 715 1148 22
T 94.801 5 715 1148 22
T 94.801 8 715 1149 22
T 94.801 1 715 1148 22
T 94.821 7 718 1148 22
T 94.821 3 717 1149 22
T 94.821 4 716 1148 22
T 94.821 2 716 1148 22
T 94.822 6 716 1148 22
T 94.822 5 716 1148 22
T 94.822 8 716 1149 22
T 94.822 1 716 1148 22
T 94.842 7 719 1148 22
T 94.842 3 718 1149 22
T 94.842 4 717 1148 22
T 94.842 2 717 1148 22
T 94.842 6 717 1148 22
T 94.842 5 717 1148 22
T 94.842 8 717 1149 22
T 94.843 1 717 1148 22
T 94.863 7 720 1148 22
T 94.863 3 719 1149 22
T 94.863 4 718 1148 22
T 94.863 2 718 1148 22
T 94.863 6 718 1148 22
T 94.863 5 718 1148 22
T 94.863 8 718 1149 22
T 94.863 1 718 1148 22
T 94.884 7 721 1148 22
T 94.884 3 720 1149 22
T 94.884 4 719 1148 22
T 94.884 2 719 1148 22
T 94.884 6 719 1148 22
T 94.884 5 719 1148 22
T 94.884 8 719 1149 22
T 94.884 1 719 1148 22
T 94.905 7 722 1148 22
T 94.905 3 721 1149 22
T 94.905 4 720 1148 22
T 94.905 2 720 1148 22
T 94.905 6 720 1148 22
T 94.905 5 720 1148 22
T 94.905 8 720 1149 22
T 94.905 1 720 1148 22
T 94.925 7 723 1148 22
T 94.925 3 722 1149 22
T 94.926 4 721 1148 22
T 94.926 2 721 1148 22
T 94.926 6 721 1148 22
T 94.926 5 721 1148 22
T 94.926 8 721 1149 22
T 94.926 1 721 1148 22
T 94.946 7 724 1148 22
T 94.946 3 723 1149 22
T 94.946 4 722 1148 22
T 94.947 2 722 1148 22
T 94.947 6 722 1148 22
T 94.947 5 722 1148 22
T 94.947 8 722 1149 22
T 94.947 1 722 1148 22
T 94.967 7 725 1148 22
T 94.967 3 724 1149 22
T 94.967 4 723 1148 22
T 94.967 2 723 1148 22
T 94.968 6 723 1148 22
T 94.968 5 723 1148 22
T 94.968 8 723 1149 22
T 94.968 1 723 1148 22
T 94.988 7 726 1148 22
T 94.988 3 725 1149 22
T 94.988 4 724 1148 22
T 94.988 2 724 1148 22
T 94.988 6 724 1148 22
T 94.988 5 724 1148 22
T 94.989 8 724 1149 22
T 94.989 1 724 1148 22
T 95.009 3 726 1149 22
T 95.009 4 725 1148 22
T 95.009 2 725 1148 22
T 95.009 6 725 1148 22
T 95.009 5 725 1148 22
T 95.009 8 725 1149 22
T 95.009 1 725 1148 22
T 95.030 4 726 1148 22
T 95.030 2 726 1148 22
T 95.030 6 726 1148 22
T 95.030 5 726 1148 22
T 95.030 8 726 1149 22
T 95.030 1 726 1148 22
P 95.799 5
F 95.799 5 23
P 95.799 4
P 95.801 6
P 95.801 7
P 95.801 8
F 95.801 4 23
P 95.801 1
F 95.804 6 23
P 95.806 2
F 95.807 7 23
P 95.808 3
F 95.808 8 23
F 95.812 1 23
F 95.812 2 23
F 95.813 3 23
T 96.191 5 727 1201 23
T 96.252 5 728 1201 23
T 96.252 4 727 1201 23
T 96.315 5 729 1201 23
T 96.315 4 728 1201 23
T 96.315 8 727 1202 23
T 96.315 1 727 1201 23
T 96.354 5 730 1201 23
T 96.355 4 729 1201 23
T 96.355 8 728 1202 23
T 96.355 1 728 1201 23
T 96.355 7 727 1201 23
T 96.355 3 727 1202 23
T 96.355 2 727 1201 23
T 96.355 6 727 1201 23
T 96.375 5 731 1201 23
T 96.375 4 730 1201 23
T 96.375 8 729 1202 23
T 96.375 1 729 1201 23
T 96.375 7 728 1201 23
T 96.375 3 728 1202 23
T 96.376 2 728 1201 23
T 96.376 6 728 1201 23
T 96.396 5 732 1201 23
T 96.396 4 731 1201 23
T 96.396 8 730 1202 23
T 96.396 1 730 1201 23
T 96.396 7 729 1201 23
T 96.396 3 729 1202 23
T 96.396 2 729 1201 23
T 96.396 6 729 1201 23
T 96.416 5 733 1201 23
T 96.417 4 732 1201 23
T 96.417 8 731 1202 23
T 96.417 1 731 1201 23
T 96.417 7 730 1201 23
T 96.417 3 730 1202 23
T 96.417 2 730 1201 23
T 96.417 6 730 1201 23
T 96.437 5 734 1201 23
T 96.437 4 733 1201 23
T 96.437 8 732 1202 23
T 96.437 1 732 1201 23
T 96.437 7 731 1201 23
T 96.437 3 731 1202 23
T 96.437 2 731 1201 23
T 96.438 6 731 1201 23
T 96.458 5 735 1201 23
T 96.458 4 734 1201 23
T 96.458 8 733 1202 23
T 96.458 1 733 1201 23
T 96.458 7 732 1201 23
T 96.458 3 732 1202 23
T 96.458 2 732 1201 23
T 96.458 6 732 1201 23
T 96.479 5 736 1201 23
T 96.479 4 735 1201 23
T 96.479 8 734 1202 23
T 96.479 1 734 1201 23
T 96.479 7 733 1201 23
T 96.479 3 733 1202 23
T 96.479 2 733 1201 23
T 96.479 6 733 1201 23
T 96.500 5 737 1201 23
T 96.500 4 736 1201 23
T 96.500 8 735 1202 23
T 96.500 1 735 1201 23
T 96.500 7 734 1201 23
T 96.500 3 734 1202 23
T 96.500 2 734 1201 23
T 96.500 6 734 1201 23
T 96.521 5 738 1201 23
T 96.521 4 737 1201 23
T 96.521 8 736 1202 23
T 96.521 1 736 1201 23
T 96.521 7 735 1201 23
T 96.521 3 735 1202 23
T 96.521 2 735 1201 23
T 96.521 6 735 1201 23
T 96.541 5 739 1201 23
T 96.542 4 738 1201 23
T 96.542 8 737 1202 23
T 96.542 1 737 1201 23
T 96.542 7 736 1201 23
T 96.542 3 736 1202 23
T 96.542 2 736 1201 23
T 96.542 6 736 1201 23
T 96.562 5 740 1201 23
T 96.562 4 739 1201 23
T 96.563 8 738 1202 23
T 96.563 1 738 1201 23
T 96.563 7 737 1201 23
T 96.563 3 737 1202 23
T 96.563 2 737 1201 23
T 96.563 6 737 1201 23
T 96.583 5 741 1201 23
T 96.584 4 740 1201 23
T 96.584 8 739 1202 23
T 96.584 1 739 1201 23
T 96.584 7 738 1201 23
T 96.584 3 738 1202 23
T 96.584 2 738 1201 23
T 96.584 6 738 1201 23
T 96.604 5 742 1201 23
T 96.605 4 741 1201 23
T 96.605 8 740 1202 23
T 96.605 1 740 1201 23
T 96.605 7 739 1201 23
T 96.605 3 739 1202 23
T 96.605 2 739 1201 23
T 96.605 6 739 1201 23
T 96.625 5 743 1201 23
T 96.625 4 742 1201 23
T 96.625 8 741 1202 23
T 96.625 1 741 1201 23
T 96.626 7 740 1201 23
T 96.626 3 740 1202 23
T 96.626 2 740 1201 23
T 96.626 6 740 1201 23
T 96.646 5 744 1201 23
T 96.646 4 743 1201 23
T 96.646 8 742 1202 23
T 96.646 1 742 1201 23
T 96.646 7 741 1201 23
T 96.646 3 741 1202 23
T 96.647 2 741 1201 23
T 96.647 6 741 1201 23
T 96.667 5 745 1201 23
T 96.667 4 744 1201 23
T 96.667 8 743 1202 23
T 96.667 1 743 1201 23
T 96.667 7 742 1201 23
T 96.667 3 742 1202 23
T 96.667 2 742 1201 23
T 96.667 6 742 1201 23
T 96.688 5 746 1201 23
T 96.688 4 745 1201 23
T 96.688 8 744 1202 23
T 96.688 1 744 1201 23
T 96.688 7 743 1201 23
T 96.688 3 743 1202 23
T 96.688 2 743 1201 23
T 96.688 6 743 1201 23
T 96.709 5 747 1201 23
T 96.709 4 746 1201 23
T 96.709 8 745 1202 23
T 96.709 1 745 1201 23
T 96.709 7 744 1201 23
T 96.709 3 744 1202 23
T 96.709 2 744 1201 23
T 96.709 6 744 1201 23
T 96.730 5 748 1201 23
T 96.730 4 747 1201 23
T 96.730 8 746 1202 23
T 96.730 1 746 1201 23
T 96.730 7 745 1201 23
T 96.730 3 745 1202 23
T 96.730 2 745 1201 23
T 96.730 6 745 1201 23
T 96.751 5 749 1201 23
T 96.751 4 748 1201 23
T 96.751 8 747 1202 23
T 96.751 1 747 1201 23
T 96.751 7 746 1201 23
T 96.751 3 746 1202 23
T 96.751 2 746 1201 23
T 96.752 6 746 1201 23
T 96.772 5 750 1201 23
T 96.772 4 749 1201 23
T 96.772 8 748 1202 23
T 96.772 1 748 1201 23
T 96.772 7 747 1201 23
T 96.772 3 747 1202 23
T 96.773 2 747 1201 23
T 96.773 6 747 1201 23
T 96.793 5 751 1201 23
T 96.793 4 750 1201 23
T 96.793 8 749 1202 23
T 96.794 1 749 1201 23
T 96.794 7 748 1201 23
T 96.794 3 748 1202 23
T 96.794 2 748 1201 23
T 96.794 6 748 1201 23
T 96.814 5 752 1201 23
T 96.815 4 751 1201 23
T 96.815 8 750 1202 23
T 96.815 1 750 1201 23
T 96.815 7 749 1201 23
T 96.815 3 749 1202 23
T 96.815 2 749 1201 23
T 96.815 6 749 1201 23
T 96.835 5 753 1201 23
T 96.836 4 752 1201 23
T 96.836 8 751 1202 23
T 96.836 1 751 1201 23
T 96.836 7 750 1201 23
T 96.836 3 750 1202 23
T 96.836 2 750 1201 23
T 96.836 6 750 1201 23
T 96.856 5 754 1201 23
T 96.857 4 753 1201 23
T 96.857 8 752 1202 23
T 96.857 1 752 1201 23
T 96.857 7 751 1201 23
T 96.857 3 751 1202 23
T 96.857 2 751 1201 23
T 96.857 6 751 1201 23
T 96.877 5 755 1201 23
T 96.877 4 754 1201 23
T 96.877 8 753 1202 23
T 96.878 1 753 1201 23
T 96.878 7 752 1201 23
T 96.878 3 752 1202 23
T 96.878 2 752 1201 23
T 96.878 6 752 1201 23
T 96.899 5 756 1201 23
T 96.899 4 755 1201 23
T 96.899 8 754 1202 23
T 96.899 1 754 1201 23
T 96.899 7 753 1201 23
T 96.899 3 753 1202 23
T 96.899 2 753 1201 23
T 96.899 6 753 1201 23
T 96.920 5 757 1201 23
T 96.920 4 756 1201 23
T 96.920 8 755 1202 23
T 96.920 1 755 1201 23
T 96.920 7 754 1201 23
T 96.920 3 754 1202 23
T 96.921 2 754 1201 23
T 96.921 6 754 1201 23
T 96.941 5 758 1201 23
T 96.941 4 757 1201 23
T 96.941 8 756 1202 23
T 96.941 1 756 1201 23
T 96.941 7 755 1201 23
T 96.942 3 755 1202 23
T 96.942 2 755 1201 23
T 96.942 6 755 1201 23
T 96.962 5 759 1201 23
T 96.962 4 758 1201 23
T 96.962 8 757 1202 23
T 96.962 1 757 1201 23
T 96.962 7 756 1201 23
T 96.963 3 756 1202 23
T 96.963 2 756 1201 23
T 96.963 6 756 1201 23
T 96.983 4 759 1201 23
T 96.983 8 758 1202 23
T 96.983 1 758 1201 23
T 96.983 7 757 1201 23
T 96.983 3 757 1202 23
T 96.983 2 757 1201 23
T 96.983 6 757 1201 23
T 97.004 8 759 1202 23
T 97.004 1 759 1201 23
T 97.004 7 758 1201 23
T 97.004 3 758 1202 23
T 97.004 2 758 1201 23
T 97.004 6 758 1201 23
T 97.024 7 759 1201 23
T 97.024 3 759 1202 23
T 97.025 2 759 1201 23
T 97.025 6 759 1201 23
P 97.800 2
P 97.800 3
P 97.800 5
P 97.800 4
F 97.800 2 24
P 97.800 6
F 97.801 3 24
P 97.802 7
F 97.802 5 24
P 97.803 8
F 97.803 4 24
P 97.805 1
F 97.805 6 24
F 97.807 7 24
F 97.808 8 24
F 97.809 1 24
T 98.804 6 760 1254 24
T 98.882 6 761 1254 24
T 98.882 5 760 1254 24
T 98.882 4 760 1254 24
T 98.882 8 760 1255 24
T 98.882 1 760 1254 24
T 98.882 7 760 1254 24
T 98.882 3 760 1255 24
T 98.883 2 760 1254 24
T 98.902 6 762 1254 24
T 98.902 5 761 1254 24
T 98.902 4 761 1254 24
T 98.903 8 761 1255 24
T 98.903 1 761 1254 24
T 98.903 7 761 1254 24
T 98.903 3 761 1255 24
T 98.903 2 761 1254 24
T 98.923 6 763 1254 24
T 98.923 5 762 1254 24
T 98.923 4 762 1254 24
T 98.923 8 762 1255 24
T 98.923 1 762 1254 24
T 98.923 7 762 1254 24
T 98.924 3 762 1255 24
T 98.924 2 762 1254 24
T 98.947 6 764 1254 24
T 98.947 5 763 1254 24
T 98.947 4 763 1254 24
T 98.947 8 763 1255 24
T 98.947 1 763 1254 24
T 98.948 7 763 1254 24
T 98.948 3 763 1255 24
T 98.948 2 763 1254 24
T 98.966 6 765 1254 24
T 98.966 5 764 1254 24
T 98.966 4 764 1254 24
T 98.966 8 764 1255 24
T 98.966 1 764 1254 24
T 98.966 7 764 1254 24
T 98.966 3 764 1255 24
T 98.966 2 764 1254 24
T 98.987 6 766 1254 24
T 98.987 5 765 1254 24
T 98.987 4 765 1254 24
T 98.987 8 765 1255 24
T 98.987 1 765 1254 24
T 98.987 7 765 1254 24
T 98.987 3 765 1255 24
T 98.987 2 765 1254 24
T 99.007 6 767 1254 24
T 99.007 5 766 1254 24
T 99.008 4 766 1254 24
T 99.008 8 766 1255 24
T 99.008 1 766 1254 24
T 99.008 7 766 1254 24
T 99.008 3 766 1255 24
T 99.008 2 766 1254 24
T 99.028 6 768 1254 24
T 99.029 5 767 1254 24
T 99.029 4 767 1254 24
T 99.029 8 767 1255 24
T 99.029 1 767 1254 24
T 99.029 7 767 1254 24
T 99.029 3 767 1255 24
T 99.029 2 767 1254 24
T 99.050 6 769 1254 24
T 99.050 5 768 1254 24
T 99.050 4 768 1254 24
T 99.050 8 768 1255 24
T 99.050 1 768 1254 24
T 99.050 7 768 1254 24
T 99.050 3 768 1255 24
T 99.050 2 768 1254 24
T 99.071 6 770 1254 24
T 99.071 5 769 1254 24
T 99.071 4 769 1254 24
T 99.071 8 769 1255 24
T 99.071 1 769 1254 24
T 99.071 7 769 1254 24
T 99.072 3 769 1255 24
T 99.072 2 769 1254 24
T 99.092 6 771 1254 24
T 99.092 5 770 1254 24
T 99.092 4 770 1254 24
T 99.093 8 770 1255 24
T 99.093 1 770 1254 24
T 99.093 7 770 1254 24
T 99.093 3 770 1255 24
T 99.093 2 770 1254 24
T 99.113 6 772 1254 24
T 99.113 5 771 1254 24
T 99.113 4 771 1254 24
T 99.113 8 771 1255 24
T 99.113 1 771 1254 24
T 99.113 7 771 1254 24
T 99.113 3 771 1255 24
T 99.114 2 771 1254 24
T 99.134 6 773 1254 24
T 99.134 5 772 1254 24
T 99.134 4 772 1254 24
T 99.134 8 772 1255 24
T 99.134 1 772 1254 24
T 99.134 7 772 1254 24
T 99.134 3 772 1255 24
T 99.134 2 772 1254 24
T 99.155 6 774 1254 24
T 99.155 5 773 1254 24
T 99.155 4 773 1254 24
T 99.155 8 773 1255 24
T 99.155 1 773 1254 24
T 99.155 7 773 1254 24
T 99.155 3 773 1255 24
T 99.155 2 773 1254 24
T 99.176 6 775 1254 24
T 99.176 5 774 1254 24
T 99.176 4 774 1254 24
T 99.176 8 774 1255 24
T 99.176 1 774 1254 24
T 99.176 7 774 1254 24
T 99.176 3 774 1255 24
T 99.176 2 774 1254 24
T 99.198 6 776 1254 24
T 99.199 5 775 1254 24
T 99.199 4 775 1254 24
T 99.199 8 775 1255 24
T 99.199 1 775 1254 24
T 99.199 7 775 1254 24
T 99.199 3 775 1255 24
T 99.199 2 775 1254 24
T 99.218 6 777 1254 24
T 99.218 5 776 1254 24
T 99.218 4 776 1254 24
T 99.219 8 776 1255 24
T 99.219 1 776 1254 24
T 99.219 7 776 1254 24
T 99.219 3 776 1255 24
T 99.219 2 776 1254 24
T 99.239 6 778 1254 24
T 99.239 5 777 1254 24
T 99.240 4 777 1254 24
T 99.240 8 777 1255 24
T 99.240 1 777 1254 24
T 99.240 7 777 1254 24
T 99.240 3 777 1255 24
T 99.240 2 777 1254 24
T 99.260 6 779 1254 24
T 99.261 5 778 1254 24
T 99.261 4 778 1254 24
T 99.261 8 778 1255 24
T 99.261 1 778 1254 24
T 99.261 7 778 1254 24
T 99.261 3 778 1255 24
T 99.261 2 778 1254 24
T 99.282 6 780 1254 24
T 99.282 5 779 1254 24
T 99.282 4 779 1254 24
T 99.282 8 779 1255 24
T 99.282 1 779 1254 24
T 99.282 7 779 1254 24
T 99.282 3 779 1255 24
T 99.282 2 779 1254 24
T 99.303 6 781 1254 24
T 99.303 5 780 1254 24
T 99.303 4 780 1254 24
T 99.303 8 780 1255 24
T 99.303 1 780 1254 24
T 99.303 7 780 1254 24
T 99.303 3 780 1255 24
T 99.303 2 780 1254 24
T 99.324 6 782 1254 24
T 99.324 5 781 1254 24
T 99.324 4 781 1254 24
T 99.324 8 781 1255 24
T 99.324 1 781 1254 24
T 99.324 7 781 1254 24
T 99.324 3 781 1255 24
T 99.324 2 781 1254 24
T 99.345 6 783 1254 24
T 99.345 5 782 1254 24
T 99.345 4 782 1254 24
T 99.345 8 782 1255 24
T 99.345 1 782 1254 24
T 99.346 7 782 1254 24
T 99.346 3 782 1255 24
T 99.346 2 782 1254 24
T 99.366 6 784 1254 24
T 99.366 5 783 1254 24
T 99.366 4 783 1254 24
T 99.366 8 783 1255 24
T 99.366 1 783 1254 24
T 99.366 7 783 1254 24
T 99.366 3 783 1255 24
T 99.366 2 783 1254 24
T 99.387 6 785 1254 24
T 99.387 5 784 1254 24
T 99.387 4 784 1254 24
T 99.387 8 784 1255 24
T 99.387 1 784 1254 24
T 99.387 7 784 1254 24
T 99.387 3 784 1255 24
T 99.387 2 784 1254 24
T 99.408 6 786 1254 24
T 99.408 5 785 1254 24
T 99.408 4 785 1254 24
T 99.408 8 785 1255 24
T 99.408 1 785 1254 24
T 99.408 7 785 1254 24
T 99.408 3 785 1255 24
T 99.408 2 785 1254 24
T 99.429 6 787 1254 24
T 99.429 5 786 1254 24
T 99.429 4 786 1254 24
T 99.429 8 786 1255 24
T 99.429 1 786 1254 24
T 99.429 7 786 1254 24
T 99.429 3 786 1255 24
T 99.429 2 786 1254 24
T 99.450 6 788 1254 24
T 99.450 5 787 1254 24
T 99.450 4 787 1254 24
T 99.450 8 787 1255 24
T 99.450 1 787 1254 24
T 99.450 7 787 1254 24
T 99.450 3 787 1255 24
T 99.450 2 787 1254 24
T 99.471 6 789 1254 24
T 99.471 5 788 1254 24
T 99.471 4 788 1254 24
T 99.471 8 788 1255 24
T 99.471 1 788 1254 24
T 99.472 7 788 1254 24
T 99.472 3 788 1255 24
T 99.472 2 788 1254 24
T 99.492 6 790 1254 24
T 99.492 5 789 1254 24
T 99.493 4 789 1254 24
T 99.493 8 789 1255 24
T 99.493 1 789 1254 24
T 99.493 7 789 1254 24
T 99.493 3 789 1255 24
T 99.493 2 789 1254 24
T 99.514 6 791 1254 24
T 99.514 5 790 1254 24
T 99.514 4 790 1254 24
T 99.514 8 790 1255 24
T 99.514 1 790 1254 24
T 99.514 7 790 1254 24
T 99.514 3 790 1255 24
T 99.514 2 790 1254 24
T 99.535 6 792 1254 24
T 99.535 5 791 1254 24
T 99.535 4 791 1254 24
T 99.535 8 791 1255 24
T 99.535 1 791 1254 24
T 99.535 7 791 1254 24
T 99.535 3 791 1255 24
T 99.535 2 791 1254 24
T 99.555 5 792 1254 24
T 99.556 4 792 1254 24
T 99.556 8 792 1255 24
T 99.556 1 792 1254 24
T 99.556 7 792 1254 24
T 99.556 3 792 1255 24
T 99.556 2 792 1254 24
P 99.801 1
P 99.801 2
F 99.801 1 25
P 99.801 3
F 99.802 2 25
P 99.804 5
P 99.805 4
P 99.805 6
P 99.805 7
F 99.806 3 25
P 99.806 8
F 99.806 5 25
F 99.809 4 25
F 99.810 6 25
F 99.811 7 25
F 99.811 8 25
T 100.263 1 793 1307 25
T 100.324 1 794 1307 25
T 100.324 7 793 1307 25
T 100.324 2 793 1307 25
T 100.403 1 795 1307 25
T 100.404 7 794 1307 25
T 100.404 2 794 1307 25
T 100.404 6 793 1307 25
T 100.404 5 793 1307 25
T 100.404 4 793 1307 25
T 100.404 8 793 1308 25
T 100.404 3 793 1308 25
T 100.424 1 796 1307 25
T 100.424 7 795 1307 25
T 100.424 2 795 1307 25
T 100.424 6 794 1307 25
T 100.424 5 794 1307 25
T 100.424 4 794 1307 25
T 100.424 8 794 1308 25
T 100.424 3 794 1308 25
T 100.444 1 797 1307 25
T 100.445 7 796 1307 25
T 100.445 2 796 1307 25
T 100.445 6 795 1307 25
T 100.445 5 795 1307 25
T 100.445 4 795 1307 25
T 100.445 8 795 1308 25
T 100.445 3 795 1308 25
T 100.466 1 798 1307 25
T 100.466 7 797 1307 25
T 100.466 2 797 1307 25
T 100.466 6 796 1307 25
T 100.466 5 796 1307 25
T 100.466 4 796 1307 25
T 100.466 8 796 1308 25
T 100.466 3 796 1308 25
T 100.487 1 799 1307 25
T 100.487 7 798 1307 25
T 100.487 2 798 1307 25
T 100.487 6 797 1307 25
T 100.487 5 797 1307 25
T 100.487 4 797 1307 25
T 100.487 8 797 1308 25
T 100.487 3 797 1308 25
T 100.508 1 800 1307 25
T 100.508 7 799 1307 25
T 100.508 2 799 1307 25
T 100.508 6 798 1307 25
T 100.508 5 798 1307 25
T 100.508 4 798 1307 25
T 100.508 8 798 1308 25
T 100.508 3 798 1308 25
T 100.529 1 801 1307 25
T 100.529 7 800 1307 25
T 100.529 2 800 1307 25
T 100.529 6 799 1307 25
T 100.529 5 799 1307 25
T 100.529 4 799 1307 25
T 100.529 8 799 1308 25
T 100.530 3 799 1308 25
T 100.550 1 802 1307 25
T 100.550 7 801 1307 25
T 100.550 2 801 1307 25
T 100.550 6 800 1307 25
T 100.550 5 800 1307 25
T 100.551 4 800 1307 25
T 100.551 8 800 1308 25
T 100.551 3 800 1308 25
T 100.571 1 803 1307 25
T 100.571 7 802 1307 25
T 100.572 2 802 1307 25
T 100.572 6 801 1307 25
T 100.572 5 801 1307 25
T 100.572 4 801 1307 25
T 100.572 8 801 1308 25
T 100.572 3 801 1308 25
T 100.592 1 804 1307 25
T 100.593 7 803 1307 25
T 100.593 2 803 1307 25
T 100.593 6 802 1307 25
T 100.593 5 802 1307 25
T 100.593 4 802 1307 25
T 100.593 8 802 1308 25
T 100.593 3 802 1308 25
T 100.613 1 805 1307 25
T 100.613 7 804 1307 25
T 100.613 2 804 1307 25
T 100.614 6 803 1307 25
T 100.614 5 803 1307 25
T 100.614 4 803 1307 25
T 100.614 8 803 1308 25
T 100.614 3 803 1308 25
T 100.635 1 806 1307 25
T 100.635 7 805 1307 25
T 100.635 2 805 1307 25
T 100.635 6 804 1307 25
T 100.635 5 804 1307 25
T 100.635 4 804 1307 25
T 100.635 8 804 1308 25
T 100.635 3 804 1308 25
T 100.655 1 807 1307 25
T 100.656 7 806 1307 25
T 100.656 2 806 1307 25
T 100.656 6 805 1307 25
T 100.656 5 805 1307 25
T 100.656 4 805 1307 25
T 100.656 8 805 1308 25
T 100.656 3 805 1308 25
T 100.677 1 808 1307 25
T 100.677 7 807 1307 25
T 100.677 2 807 1307 25
T 100.677 6 806 1307 25
T 100.677 5 806 1307 25
T 100.677 4 806 1307 25
T 100.677 8 806 1308 25
T 100.677 3 806 1308 25
T 100.698 1 809 1307 25
T 100.698 7 808 1307 25
T 100.698 2 808 1307 25
T 100.698 6 807 1307 25
T 100.698 5 807 1307 25
T 100.698 4 807 1307 25
T 100.698 8 807 1308 25
T 100.698 3 807 1308 25
T 100.719 1 810 1307 25
T 100.719 7 809 1307 25
T 100.719 2 809 1307 25
T 100.719 6 808 1307 25
T 100.719 5 808 1307 25
T 100.719 4 808 1307 25
T 100.719 8 808 1308 25
T 100.719 3 808 1308 25
T 100.740 1 811 1307 25
T 100.740 7 810 1307 25
T 100.740 2 810 1307 25
T 100.740 6 809 1307 25
T 100.740 5 809 1307 25
T 100.740 4 809 1307 25
T 100.740 8 809 1308 25
T 100.740 3 809 1308 25
T 100.761 1 812 1307 25
T 100.761 7 811 1307 25
T 100.761 2 811 1307 25
T 100.761 6 810 1307 25
T 100.761 5 810 1307 25
T 100.761 4 810 1307 25
T 100.761 8 810 1308 25
T 100.761 3 810 1308 25
T 100.782 1 813 1307 25
T 100.782 7 812 1307 25
T 100.782 2 812 1307 25
T 100.782 6 811 1307 25
T 100.782 5 811 1307 25
T 100.783 4 811 1307 25
T 100.783 8 811 1308 25
T 100.783 3 811 1308 25
T 100.803 1 814 1307 25
T 100.803 7 813 1307 25
T 100.803 2 813 1307 25
T 100.804 6 812 1307 25
T 100.804 5 812 1307 25
T 100.804 4 812 1307 25
T 100.804 8 812 1308 25
T 100.804 3 812 1308 25
T 100.824 1 815 1307 25
T 100.824 7 814 1307 25
T 100.825 2 814 1307 25
T 100.825 6 813 1307 25
T 100.825 5 813 1307 25
T 100.825 4 813 1307 25
T 100.825 8 813 1308 25
T 100.825 3 813 1308 25
T 100.845 1 816 1307 25
T 100.845 7 815 1307 25
T 100.845 2 815 1307 25
T 100.846 6 814 1307 25
T 100.846 5 814 1307 25
T 100.846 4 814 1307 25
T 100.846 8 814 1308 25
T 100.846 3 814 1308 25
T 100.867 1 817 1307 25
T 100.867 7 816 1307 25
T 100.867 2 816 1307 25
T 100.867 6 815 1307 25
T 100.867 5 815 1307 25
T 100.867 4 815 1307 25
T 100.867 8 815 1308 25
T 100.867 3 815 1308 25
T 100.888 1 818 1307 25
T 100.888 7 817 1307 25
T 100.888 2 817 1307 25
T 100.888 6 816 1307 25
T 100.888 5 816 1307 25
T 100.888 4 816 1307 25
T 100.888 8 816 1308 25
T 100.888 3 816 1308 25
T 100.909 1 819 1307 25
T 100.909 7 818 1307 25
T 100.909 2 818 1307 25
T 100.909 6 817 1307 25
T 100.909 5 817 1307 25
T 100.909 4 817 1307 25
T 100.909 8 817 1308 25
T 100.909 3 817 1308 25
T 100.930 1 820 1307 25
T 100.930 7 819 1307 25
T 100.930 2 819 1307 25
T 100.930 6 818 1307 25
T 100.930 5 818 1307 25
T 100.930 4 818 1307 25
T 100.930 8 818 1308 25
T 100.930 3 818 1308 25
T 100.951 1 821 1307 25
T 100.951 7 820 1307 25
T 100.951 2 820 1307 25
T 100.951 6 819 1307 25
T 100.952 5 819 1307 25
T 100.952 4 819 1307 25
T 100.952 8 819 1308 25
T 100.952 3 819 1308 25
T 100.972 1 822 1307 25
T 100.972 7 821 1307 25
T 100.972 2 821 1307 25
T 100.973 6 820 1307 25
T 100.973 5 820 1307 25
T 100.973 4 820 1307 25
T 100.973 8 820 1308 25
T 100.973 3 820 1308 25
T 100.993 1 823 1307 25
T 100.993 7 822 1307 25
T 100.994 2 822 1307 25
T 100.994 6 821 1307 25
T 100.994 5 821 1307 25
T 100.994 4 821 1307 25
T 100.994 8 821 1308 25
T 100.994 3 821 1308 25
T 101.014 1 824 1307 25
T 101.015 7 823 1307 25
T 101.015 2 823 1307 25
T 101.015 6 822 1307 25
T 101.015 5 822 1307 25
T 101.015 4 822 1307 25
T 101.015 8 822 1308 25
T 101.015 3 822 1308 25
T 101.035 1 825 1307 25
T 101.038 7 824 1307 25
T 101.038 2 824 1307 25
T 101.038 6 823 1307 25
T 101.038 5 823 1307 25
T 101.038 4 823 1307 25
T 101.039 8 823 1308 25
T 101.039 3 823 1308 25
T 101.058 7 825 1307 25
T 101.058 2 825 1307 25
T 101.058 6 824 1307 25
T 101.058 5 824 1307 25
T 101.058 4 824 1307 25
T 101.058 8 824 1308 25
T 101.058 3 824 1308 25
T 101.078 6 825 1307 25
T 101.078 5 825 1307 25
T 101.078 4 825 1307 25
T 101.078 8 825 1308 25
T 101.079 3 825 1308 25
P 101.800 4
P 101.801 6
F 101.801 4 26
P 101.801 7
F 101.802 6 26
P 101.805 8
P 101.805 1
P 101.806 2
P 101.806 3
P 101.806 5
F 101.807 7 26
F 101.808 8 26
F 101.808 1 26
F 101.810 2 26
F 101.810 3 26
F 101.810 5 26
T 102.181 5 826 1360 26
T 102.196 5 827 1360 26
T 102.254 5 828 1360 26
T 102.331 5 829 1360 26
T 102.332 6 826 1360 26
T 102.332 4 826 1360 26
T 102.332 3 826 1361 26
T 102.378 5 830 1360 26
T 102.378 6 827 1360 26
T 102.378 4 827 1360 26
T 102.378 3 827 1361 26
T 102.378 1 826 1360 26
T 102.379 7 826 1360 26
T 102.379 2 826 1360 26
T 102.379 8 826 1361 26
T 102.399 5 831 1360 26
T 102.399 6 828 1360 26
T 102.399 4 828 1360 26
T 102.399 3 828 1361 26
T 102.399 1 827 1360 26
T 102.399 7 827 1360 26
T 102.400 2 827 1360 26
T 102.400 8 827 1361 26
T 102.420 5 832 1360 26
T 102.420 6 829 1360 26
T 102.420 4 829 1360 26
T 102.420 3 829 1361 26
T 102.420 1 828 1360 26
T 102.421 7 828 1360 26
T 102.421 2 828 1360 26
T 102.421 8 828 1361 26
T 102.441 5 833 1360 26
T 102.441 6 830 1360 26
T 102.441 4 830 1360 26
T 102.441 3 830 1361 26
T 102.441 1 829 1360 26
T 102.441 7 829 1360 26
T 102.442 2 829 1360 26
T 102.442 8 829 1361 26
T 102.462 5 834 1360 26
T 102.462 6 831 1360 26
T 102.462 4 831 1360 26
T 102.462 3 831 1361 26
T 102.462 1 830 1360 26
T 102.462 7 830 1360 26
T 102.463 2 830 1360 26
T 102.463 8 830 1361 26
T 102.483 5 835 1360 26
T 102.483 6 832 1360 26
T 102.483 4 832 1360 26
T 102.483 3 832 1361 26
T 102.483 1 831 1360 26
T 102.483 7 831 1360 26
T 102.483 2 831 1360 26
T 102.483 8 831 1361 26
T 102.504 5 836 1360 26
T 102.504 6 833 1360 26
T 102.504 4 833 1360 26
T 102.504 3 833 1361 26
T 102.504 1 832 1360 26
T 102.505 7 832 1360 26
T 102.505 2 832 1360 26
T 102.505 8 832 1361 26
T 102.525 5 837 1360 26
T 102.525 6 834 1360 26
T 102.525 4 834 1360 26
T 102.525 3 834 1361 26
T 102.526 1 833 1360 26
T 102.526 7 833 1360 26
T 102.526 2 833 1360 26
T 102.526 8 833 1361 26
T 102.546 5 838 1360 26
T 102.547 6 835 1360 26
T 102.547 4 835 1360 26
T 102.547 3 835 1361 26
T 102.547 1 834 1360 26
T 102.547 7 834 1360 26
T 102.547 2 834 1360 26
T 102.547 8 834 1361 26
T 102.567 5 839 1360 26
T 102.568 6 836 1360 26
T 102.568 4 836 1360 26
T 102.568 3 836 1361 26
T 102.568 1 835 1360 26
T 102.568 7 835 1360 26
T 102.568 2 835 1360 26
T 102.568 8 835 1361 26
T 102.589 5 840 1360 26
T 102.589 6 837 1360 26
T 102.589 4 837 1360 26
T 102.589 3 837 1361 26
T 102.589 1 836 1360 26
T 102.589 7 836 1360 26
T 102.589 2 836 1360 26
T 102.589 8 836 1361 26
T 102.610 5 841 1360 26
T 102.610 6 838 1360 26
T 102.610 4 838 1360 26
T 102.610 3 838 1361 26
T 102.610 1 837 1360 26
T 102.610 7 837 1360 26
T 102.610 2 837 1360 26
T 102.610 8 837 1361 26
T 102.631 5 842 1360 26
T 102.631 6 839 1360 26
T 102.631 4 839 1360 26
T 102.631 3 839 1361 26
T 102.631 1 838 1360 26
T 102.631 7 838 1360 26
T 102.631 2 838 1360 26
T 102.631 8 838 1361 26
T 102.652 5 843 1360 26
T 102.652 6 840 1360 26
T 102.652 4 840 1360 26
T 102.652 3 840 1361 26
T 102.652 1 839 1360 26
T 102.652 7 839 1360 26
T 102.653 2 839 1360 26
T 102.653 8 839 1361 26
T 102.673 5 844 1360 26
T 102.673 6 841 1360 26
T 102.673 4 841 1360 26
T 102.673 3 841 1361 26
T 102.674 1 840 1360 26
T 102.674 7 840 1360 26
T 102.674 2 840 1360 26
T 102.674 8 840 1361 26
T 102.694 5 845 1360 26
T 102.694 6 842 1360 26
T 102.695 4 842 1360 26
T 102.695 3 842 1361 26
T 102.695 1 841 1360 26
T 102.695 7 841 1360 26
T 102.695 2 841 1360 26
T 102.695 8 841 1361 26
T 102.715 5 846 1360 26
T 102.716 6 843 1360 26
T 102.716 4 843 1360 26
T 102.716 3 843 1361 26
T 102.716 1 842 1360 26
T 102.716 7 842 1360 26
T 102.716 2 842 1360 26
T 102.716 8 842 1361 26
T 102.736 5 847 1360 26
T 102.737 6 844 1360 26
T 102.737 4 844 1360 26
T 102.737 3 844 1361 26
T 102.737 1 843 1360 26
T 102.737 7 843 1360 26
T 102.737 2 843 1360 26
T 102.737 8 843 1361 26
T 102.757 5 848 1360 26
T 102.758 6 845 1360 26
T 102.758 4 845 1360 26
T 102.758 3 845 1361 26
T 102.758 1 844 1360 26
T 102.758 7 844 1360 26
T 102.758 2 844 1360 26
T 102.758 8 844 1361 26
T 102.779 5 849 1360 26
T 102.779 6 846 1360 26
T 102.779 4 846 1360 26
T 102.779 3 846 1361 26
T 102.779 1 845 1360 26
T 102.779 7 845 1360 26
T 102.779 2 845 1360 26
T 102.779 8 845 1361 26
T 102.800 5 850 1360 26
T 102.800 6 847 1360 26
T 102.800 4 847 1360 26
T 102.800 3 847 1361 26
T 102.800 1 846 1360 26
T 102.800 7 846 1360 26
T 102.800 2 846 1360 26
T 102.800 8 846 1361 26
T 102.821 5 851 1360 26
T 102.821 6 848 1360 26
T 102.821 4 848 1360 26
T 102.821 3 848 1361 26
T 102.821 1 847 1360 26
T 102.821 7 847 1360 26
T 102.821 2 847 1360 26
T 102.821 8 847 1361 26
T 102.842 5 852 1360 26
T 102.842 6 849 1360 26
T 102.842 4 849 1360 26
T 102.842 3 849 1361 26
T 102.842 1 848 1360 26
T 102.842 7 848 1360 26
T 102.842 2 848 1360 26
T 102.842 8 848 1361 26
T 102.863 5 853 1360 26
T 102.863 6 850 1360 26
T 102.863 4 850 1360 26
T 102.863 3 850 1361 26
T 102.863 1 849 1360 26
T 102.864 7 849 1360 26
T 102.864 2 849 1360 26
T 102.864 8 849 1361 26
T 102.884 5 854 1360 26
T 102.884 6 851 1360 26
T 102.884 4 851 1360 26
T 102.884 3 851 1361 26
T 102.885 1 850 1360 26
T 102.885 7 850 1360 26
T 102.885 2 850 1360 26
T 102.885 8 850 1361 26
T 102.905 5 855 1360 26
T 102.905 6 852 1360 26
T 102.905 4 852 1360 26
T 102.905 3 852 1361 26
T 102.905 1 851 1360 26
T 102.906 7 851 1360 26
T 102.906 2 851 1360 26
T 102.906 8 851 1361 26
T 102.926 5 856 1360 26
T 102.926 6 853 1360 26
T 102.927 4 853 1360 26
T 102.927 3 853 1361 26
T 102.927 1 852 1360 26
T 102.927 7 852 1360 26
T 102.927 2 852 1360 26
T 102.927 8 852 1361 26
T 102.948 5 857 1360 26
T 102.948 6 854 1360 26
T 102.948 4 854 1360 26
T 102.948 3 854 1361 26
T 102.948 1 853 1360 26
T 102.948 7 853 1360 26
T 102.948 2 853 1360 26
T 102.948 8 853 1361 26
T 102.969 5 858 1360 26
T 102.969 6 855 1360 26
T 102.969 4 855 1360 26
T 102.969 3 855 1361 26
T 102.969 1 854 1360 26
T 102.969 7 854 1360 26
T 102.969 2 854 1360 26
T 102.969 8 854 1361 26
T 102.990 6 856 1360 26
T 102.990 4 856 1360 26
T 102.990 3 856 1361 26
T 102.990 1 855 1360 26
T 102.990 7 855 1360 26
T 102.990 2 855 1360 26
T 102.991 8 855 1361 26
T 103.012 6 857 1360 26
T 103.012 4 857 1360 26
T 103.012 3 857 1361 26
T 103.012 1 856 1360 26
T 103.012 7 856 1360 26
T 103.012 2 856 1360 26
T 103.012 8 856 1361 26
T 103.033 6 858 1360 26
T 103.033 4 858 1360 26
T 103.033 3 858 1361 26
T 103.033 1 857 1360 26
T 103.033 7 857 1360 26
T 103.034 2 857 1360 26
T 103.034 8 857 1361 26
T 103.054 1 858 1360 26
T 103.054 7 858 1360 26
T 103.054 2 858 1360 26
T 103.054 8 858 1361 26
P 103.803 3
P 103.803 5
P 103.803 4
P 103.803 6
P 103.804 7
F 103.804 3 27
P 103.804 8
F 103.804 5 27
P 103.805 1
F 103.806 4 27
F 103.807 6 27
F 103.807 7 27
P 103.808 2
F 103.809 8 27
F 103.812 1 27
F 103.812 2 27
T 104.267 3 859 1414 27
T 104.309 3 860 1414 27
T 104.310 5 859 1413 27
T 104.310 4 859 1413 27
T 104.363 3 861 1414 27
T 104.363 5 860 1413 27
T 104.363 4 860 1413 27
T 104.363 6 859 1413 27
T 104.363 2 859 1413 27
T 104.405 3 862 1414 27
T 104.405 5 861 1413 27
T 104.405 4 861 1413 27
T 104.405 6 860 1413 27
T 104.405 2 860 1413 27
T 104.405 1 859 1413 27
T 104.405 7 859 1413 27
T 104.405 8 859 1414 27
T 104.426 3 863 1414 27
T 104.426 5 862 1413 27
T 104.426 4 862 1413 27
T 104.426 6 861 1413 27
T 104.426 2 861 1413 27
T 104.426 1 860 1413 27
T 104.426 7 860 1413 27
T 104.427 8 860 1414 27
T 104.447 3 864 1414 27
T 104.447 5 863 1413 27
T 104.447 4 863 1413 27
T 104.447 6 862 1413 27
T 104.447 2 862 1413 27
T 104.448 1 861 1413 27
T 104.448 7 861 1413 27
T 104.448 8 861 1414 27
T 104.468 3 865 1414 27
T 104.468 5 864 1413 27
T 104.468 4 864 1413 27
T 104.468 6 863 1413 27
T 104.468 2 863 1413 27
T 104.468 1 862 1413 27
T 104.468 7 862 1413 27
T 104.469 8 862 1414 27
T 104.489 3 866 1414 27
T 104.489 5 865 1413 27
T 104.489 4 865 1413 27
T 104.489 6 864 1413 27
T 104.489 2 864 1413 27
T 104.489 1 863 1413 27
T 104.490 7 863 1413 27
T 104.490 8 863 1414 27
T 104.510 3 867 1414 27
T 104.510 5 866 1413 27
T 104.511 4 866 1413 27
T 104.511 6 865 1413 27
T 104.511 2 865 1413 27
T 104.511 1 864 1413 27
T 104.511 7 864 1413 27
T 104.511 8 864 1414 27
T 104.531 3 868 1414 27
T 104.532 5 867 1413 27
T 104.532 4 867 1413 27
T 104.532 6 866 1413 27
T 104.532 2 866 1413 27
T 104.532 1 865 1413 27
T 104.532 7 865 1413 27
T 104.532 8 865 1414 27
T 104.553 3 869 1414 27
T 104.553 5 868 1413 27
T 104.553 4 868 1413 27
T 104.553 6 867 1413 27
T 104.553 2 867 1413 27
T 104.553 1 866 1413 27
T 104.553 7 866 1413 27
T 104.553 8 866 1414 27
T 104.574 3 870 1414 27
T 104.574 5 869 1413 27
T 104.574 4 869 1413 27
T 104.574 6 868 1413 27
T 104.574 2 868 1413 27
T 104.575 1 867 1413 27
T 104.575 7 867 1413 27
T 104.575 8 867 1414 27
T 104.595 3 871 1414 27
T 104.596 5 870 1413 27
T 104.596 4 870 1413 27
T 104.596 6 869 1413 27
T 104.596 2 869 1413 27
T 104.596 1 868 1413 27
T 104.596 7 868 1413 27
T 104.596 8 868 1414 27
T 104.616 3 872 1414 27
T 104.616 5 871 1413 27
T 104.616 4 871 1413 27
T 104.616 6 870 1413 27
T 104.616 2 870 1413 27
T 104.617 1 869 1413 27
T 104.617 7 869 1413 27
T 104.617 8 869 1414 27
T 104.638 3 873 1414 27
T 104.638 5 872 1413 27
T 104.638 4 872 1413 27
T 104.638 6 871 1413 27
T 104.638 2 871 1413 27
T 104.638 1 870 1413 27
T 104.638 7 870 1413 27
T 104.638 8 870 1414 27
T 104.659 3 874 1414 27
T 104.659 5 873 1413 27
T 104.659 4 873 1413 27
T 104.659 6 872 1413 27
T 104.659 2 872 1413 27
T 104.659 1 871 1413 27
T 104.660 7 871 1413 27
T 104.660 8 871 1414 27
T 104.680 3 875 1414 27
T 104.680 5 874 1413 27
T 104.680 4 874 1413 27
T 104.680 6 873 1413 27
T 104.680 2 873 1413 27
T 104.680 1 872 1413 27
T 104.680 7 872 1413 27
T 104.680 8 872 1414 27
T 104.701 3 876 1414 27
T 104.701 5 875 1413 27
T 104.701 4 875 1413 27
T 104.701 6 874 1413 27
T 104.701 2 874 1413 27
T 104.701 1 873 1413 27
T 104.701 7 873 1413 27
T 104.701 8 873 1414 27
T 104.722 3 877 1414 27
T 104.722 5 876 1413 27
T 104.722 4 876 1413 27
T 104.722 6 875 1413 27
T 104.722 2 875 1413 27
T 104.722 1 874 1413 27
T 104.722 7 874 1413 27
T 104.722 8 874 1414 27
T 104.743 3 878 1414 27
T 104.743 5 877 1413 27
T 104.743 4 877 1413 27
T 104.743 6 876 1413 27
T 104.743 2 876 1413 27
T 104.743 1 875 1413 27
T 104.743 7 875 1413 27
T 104.744 8 875 1414 27
T 104.764 3 879 1414 27
T 104.764 5 878 1413 27
T 104.764 4 878 1413 27
T 104.764 6 877 1413 27
T 104.764 2 877 1413 27
T 104.764 1 876 1413 27
T 104.765 7 876 1413 27
T 104.765 8 876 1414 27
T 104.785 3 880 1414 27
T 104.785 5 879 1413 27
T 104.786 4 879 1413 27
T 104.786 6 878 1413 27
T 104.786 2 878 1413 27
T 104.786 1 877 1413 27
T 104.786 7 877 1413 27
T 104.786 8 877 1414 27
T 104.807 3 881 1414 27
T 104.807 5 880 1413 27
T 104.807 4 880 1413 27
T 104.807 6 879 1413 27
T 104.807 2 879 1413 27
T 104.807 1 878 1413 27
T 104.807 7 878 1413 27
T 104.807 8 878 1414 27
T 104.828 3 882 1414 27
T 104.828 5 881 1413 27
T 104.828 4 881 1413 27
T 104.828 6 880 1413 27
T 104.828 2 880 1413 27
T 104.829 1 879 1413 27
T 104.829 7 879 1413 27
T 104.829 8 879 1414 27
T 104.849 3 883 1414 27
T 104.849 5 882 1413 27
T 104.849 4 882 1413 27
T 104.850 6 881 1413 27
T 104.850 2 881 1413 27
T 104.850 1 880 1413 27
T 104.850 7 880 1413 27
T 104.850 8 880 1414 27
T 104.870 3 884 1414 27
T 104.870 5 883 1413 27
T 104.870 4 883 1413 27
T 104.870 6 882 1413 27
T 104.870 2 882 1413 27
T 104.870 1 881 1413 27
T 104.871 7 881 1413 27
T 104.871 8 881 1414 27
T 104.891 3 885 1414 27
T 104.891 5 884 1413 27
T 104.892 4 884 1413 27
T 104.892 6 883 1413 27
T 104.892 2 883 1413 27
T 104.892 1 882 1413 27
T 104.892 7 882 1413 27
T 104.892 8 882 1414 27
T 104.913 3 886 1414 27
T 104.913 5 885 1413 27
T 104.913 4 885 1413 27
T 104.913 6 884 1413 27
T 104.913 2 884 1413 27
T 104.913 1 883 1413 27
T 104.913 7 883 1413 27
T 104.913 8 883 1414 27
T 104.934 3 887 1414 27
T 104.934 5 886 1413 27
T 104.934 4 886 1413 27
T 104.934 6 885 1413 27
T 104.934 2 885 1413 27
T 104.934 1 884 1413 27
T 104.934 7 884 1413 27
T 104.934 8 884 1414 27
T 104.955 3 888 1414 27
T 104.955 5 887 1413 27
T 104.955 4 887 1413 27
T 104.955 6 886 1413 27
T 104.955 2 886 1413 27
T 104.956 1 885 1413 27
T 104.956 7 885 1413 27
T 104.956 8 885 1414 27
T 104.976 3 889 1414 27
T 104.976 5 888 1413 27
T 104.976 4 888 1413 27
T 104.976 6 887 1413 27
T 104.976 2 887 1413 27
T 104.977 1 886 1413 27
T 104.977 7 886 1413 27
T 104.977 8 886 1414 27
T 104.997 3 890 1414 27
T 104.997 5 889 1413 27
T 104.997 4 889 1413 27
T 104.997 6 888 1413 27
T 104.998 2 888 1413 27
T 104.998 1 887 1413 27
T 104.998 7 887 1413 27
T 104.998 8 887 1414 27
T 105.018 3 891 1414 27
T 105.018 5 890 1413 27
T 105.019 4 890 1413 27
T 105.019 6 889 1413 27
T 105.019 2 889 1413 27
T 105.019 1 888 1413 27
T 105.019 7 888 1413 27
T 105.019 8 888 1414 27
T 105.039 5 891 1413 27
T 105.040 4 891 1413 27
T 105.040 6 890 1413 27
T 105.040 2 890 1413 27
T 105.040 1 889 1413 27
T 105.040 7 889 1413 27
T 105.040 8 889 1414 27
T 105.060 6 891 1413 27
T 105.061 2 891 1413 27
T 105.061 1 890 1413 27
T 105.061 7 890 1413 27
T 105.061 8 890 1414 27
T 105.081 1 891 1413 27
T 105.081 7 891 1413 27
T 105.081 8 891 1414 27
P 105.801 6
F 105.802 6 28
P 105.802 7
F 105.803 7 28
P 105.803 8
F 105.804 8 28
P 105.805 1
F 105.805 1 28
P 105.806 2
F 105.807 2 28
P 105.808 3
F 105.808 3 28
P 105.810 5
F 105.811 5 28
P 105.812 4
F 105.813 4 28
T 106.264 7 892 1466 28
T 106.387 7 893 1466 28
T 106.387 5 892 1466 28
T 106.387 6 892 1466 28
T 106.387 2 892 1466 28
T 106.387 1 892 1466 28
T 106.387 8 892 1467 28
T 106.405 7 894 1466 28
T 106.405 5 893 1466 28
T 106.405 6 893 1466 28
T 106.406 2 893 1466 28
T 106.406 1 893 1466 28
T 106.406 8 893 1467 28
T 106.406 3 892 1467 28
T 106.406 4 892 1466 28
T 106.426 7 895 1466 28
T 106.426 5 894 1466 28
T 106.426 6 894 1466 28
T 106.426 2 894 1466 28
T 106.426 1 894 1466 28
T 106.427 8 894 1467 28
T 106.427 3 893 1467 28
T 106.427 4 893 1466 28
T 106.447 7 896 1466 28
T 106.448 5 895 1466 28
T 106.448 6 895 1466 28
T 106.448 2 895 1466 28
T 106.448 1 895 1466 28
T 106.448 8 895 1467 28
T 106.448 3 894 1467 28
T 106.448 4 894 1466 28
T 106.469 7 897 1466 28
T 106.469 5 896 1466 28
T 106.469 6 896 1466 28
T 106.469 2 896 1466 28
T 106.469 1 896 1466 28
T 106.469 8 896 1467 28
T 106.469 3 895 1467 28
T 106.469 4 895 1466 28
T 106.490 7 898 1466 28
T 106.490 5 897 1466 28
T 106.490 6 897 1466 28
T 106.490 2 897 1466 28
T 106.490 1 897 1466 28
T 106.490 8 897 1467 28
T 106.490 3 896 1467 28
T 106.491 4 896 1466 28
T 106.511 7 899 1466 28
T 106.511 5 898 1466 28
T 106.511 6 898 1466 28
T 106.511 2 898 1466 28
T 106.511 1 898 1466 28
T 106.511 8 898 1467 28
T 106.511 3 897 1467 28
T 106.511 4 897 1466 28
T 106.532 7 900 1466 28
T 106.532 5 899 1466 28
T 106.532 6 899 1466 28
T 106.532 2 899 1466 28
T 106.532 1 899 1466 28
T 106.532 8 899 1467 28
T 106.532 3 898 1467 28
T 106.533 4 898 1466 28
T 106.554 7 901 1466 28
T 106.554 5 900 1466 28
T 106.554 6 900 1466 28
T 106.554 2 900 1466 28
T 106.554 1 900 1466 28
T 106.554 8 900 1467 28
T 106.554 3 899 1467 28
T 106.555 4 899 1466 28
T 106.575 7 902 1466 28
T 106.575 5 901 1466 28
T 106.575 6 901 1466 28
T 106.575 2 901 1466 28
T 106.575 1 901 1466 28
T 106.575 8 901 1467 28
T 106.575 3 900 1467 28
T 106.576 4 900 1466 28
T 106.596 7 903 1466 28
T 106.596 5 902 1466 28
T 106.596 6 902 1466 28
T 106.596 2 902 1466 28
T 106.597 1 902 1466 28
T 106.597 8 902 1467 28
T 106.597 3 901 1467 28
T 106.597 4 901 1466 28
T 106.617 7 904 1466 28
T 106.617 5 903 1466 28
T 106.617 6 903 1466 28
T 106.617 2 903 1466 28
T 106.617 1 903 1466 28
T 106.618 8 903 1467 28
T 106.618 3 902 1467 28
T 106.618 4 902 1466 28
T 106.639 7 905 1466 28
T 106.639 5 904 1466 28
T 106.639 6 904 1466 28
T 106.639 2 904 1466 28
T 106.639 1 904 1466 28
T 106.639 8 904 1467 28
T 106.639 3 903 1467 28
T 106.639 4 903 1466 28
T 106.660 7 906 1466 28
T 106.660 5 905 1466 28
T 106.660 6 905 1466 28
T 106.660 2 905 1466 28
T 106.661 1 905 1466 28
T 106.661 8 905 1467 28
T 106.661 3 904 1467 28
T 106.661 4 904 1466 28
T 106.681 7 907 1466 28
T 106.681 5 906 1466 28
T 106.681 6 906 1466 28
T 106.681 2 906 1466 28
T 106.681 1 906 1466 28
T 106.681 8 906 1467 28
T 106.681 3 905 1467 28
T 106.682 4 905 1466 28
T 106.702 7 908 1466 28
T 106.702 5 907 1466 28
T 106.702 6 907 1466 28
T 106.702 2 907 1466 28
T 106.702 1 907 1466 28
T 106.702 8 907 1467 28
T 106.703 3 906 1467 28
T 106.703 4 906 1466 28
T 106.723 7 909 1466 28
T 106.723 5 908 1466 28
T 106.723 6 908 1466 28
T 106.724 2 908 1466 28
T 106.724 1 908 1466 28
T 106.724 8 908 1467 28
T 106.724 3 907 1467 28
T 106.724 4 907 1466 28
T 106.744 7 910 1466 28
T 106.745 5 909 1466 28
T 106.745 6 909 1466 28
T 106.745 2 909 1466 28
T 106.745 1 909 1466 28
T 106.745 8 909 1467 28
T 106.745 3 908 1467 28
T 106.745 4 908 1466 28
T 106.766 7 911 1466 28
T 106.766 5 910 1466 28
T 106.766 6 910 1466 28
T 106.766 2 910 1466 28
T 106.766 1 910 1466 28
T 106.766 8 910 1467 28
T 106.766 3 909 1467 28
T 106.766 4 909 1466 28
T 106.787 7 912 1466 28
T 106.787 5 911 1466 28
T 106.788 6 911 1466 28
T 106.788 2 911 1466 28
T 106.788 1 911 1466 28
T 106.788 8 911 1467 28
T 106.788 3 910 1467 28
T 106.788 4 910 1466 28
T 106.808 7 913 1466 28
T 106.809 5 912 1466 28
T 106.809 6 912 1466 28
T 106.809 2 912 1466 28
T 106.809 1 912 1466 28
T 106.809 8 912 1467 28
T 106.809 3 911 1467 28
T 106.809 4 911 1466 28
T 106.829 7 914 1466 28
T 106.829 5 913 1466 28
T 106.830 6 913 1466 28
T 106.830 2 913 1466 28
T 106.830 1 913 1466 28
T 106.830 8 913 1467 28
T 106.830 3 912 1467 28
T 106.830 4 912 1466 28
T 106.851 7 915 1466 28
T 106.851 5 914 1466 28
T 106.851 6 914 1466 28
T 106.851 2 914 1466 28
T 106.851 1 914 1466 28
T 106.851 8 914 1467 28
T 106.851 3 913 1467 28
T 106.851 4 913 1466 28
T 106.872 7 916 1466 28
T 106.872 5 915 1466 28
T 106.872 6 915 1466 28
T 106.872 2 915 1466 28
T 106.872 1 915 1466 28
T 106.872 8 915 1467 28
T 106.872 3 914 1467 28
T 106.872 4 914 1466 28
T 106.893 7 917 1466 28
T 106.893 5 916 1466 28
T 106.893 6 916 1466 28
T 106.893 2 916 1466 28
T 106.894 1 916 1466 28
T 106.894 8 916 1467 28
T 106.894 3 915 1467 28
T 106.894 4 915 1466 28
T 106.914 7 918 1466 28
T 106.915 5 917 1466 28
T 106.915 6 917 1466 28
T 106.915 2 917 1466 28
T 106.915 1 917 1466 28
T 106.915 8 917 1467 28
T 106.915 3 916 1467 28
T 106.915 4 916 1466 28
T 106.935 7 919 1466 28
T 106.936 5 918 1466 28
T 106.936 6 918 1466 28
T 106.936 2 918 1466 28
T 106.936 1 918 1466 28
T 106.936 8 918 1467 28
T 106.936 3 917 1467 28
T 106.936 4 917 1466 28
T 106.957 7 920 1466 28
T 106.957 5 919 1466 28
T 106.957 6 919 1466 28
T 106.957 2 919 1466 28
T 106.957 1 919 1466 28
T 106.957 8 919 1467 28
T 106.957 3 918 1467 28
T 106.957 4 918 1466 28
T 106.978 7 921 1466 28
T 106.978 5 920 1466 28
T 106.978 6 920 1466 28
T 106.978 2 920 1466 28
T 106.979 1 920 1466 28
T 106.979 8 920 1467 28
T 106.979 3 919 1467 28
T 106.979 4 919 1466 28
T 106.999 7 922 1466 28
T 106.999 5 921 1466 28
T 106.999 6 921 1466 28
T 106.999 2 921 1466 28
T 107.000 1 921 1466 28
T 107.000 8 921 1467 28
T 107.000 3 920 1467 28
T 107.000 4 920 1466 28
T 107.020 7 923 1466 28
T 107.021 5 922 1466 28
T 107.021 6 922 1466 28
T 107.021 2 922 1466 28
T 107.021 1 922 1466 28
T 107.021 8 922 1467 28
T 107.021 3 921 1467 28
T 107.021 4 921 1466 28
T 107.042 7 924 1466 28
T 107.042 5 923 1466 28
T 107.042 6 923 1466 28
T 107.042 2 923 1466 28
T 107.042 1 923 1466 28
T 107.042 8 923 1467 28
T 107.042 3 922 1467 28
T 107.042 4 922 1466 28
T 107.063 5 924 1466 28
T 107.063 6 924 1466 28
T 107.063 2 924 1466 28
T 107.063 1 924 1466 28
T 107.064 8 924 1467 28
T 107.064 3 923 1467 28
T 107.064 4 923 1466 28
T 107.083 3 924 1467 28
T 107.083 4 924 1466 28
P 107.801 6
F 107.801 6 29
P 107.802 7
F 107.804 7 29
P 107.804 8
F 107.804 8 29
P 107.805 1
F 107.807 1 29
P 107.808 2
F 107.816 2 29
P 107.817 3
F 107.819 3 29
P 107.819 5
F 107.820 5 29
P 107.822 4
F 107.825 4 29
T 108.217 8 925 1520 29
T 108.266 8 926 1520 29
T 108.266 6 925 1519 29
T 108.341 8 927 1520 29
T 108.341 6 926 1519 29
T 108.341 7 925 1519 29
T 108.341 5 925 1519 29
T 108.341 2 925 1519 29
T 108.383 8 928 1520 29
T 108.383 6 927 1519 29
T 108.383 7 926 1519 29
T 108.383 5 926 1519 29
T 108.383 2 926 1519 29
T 108.383 1 925 1519 29
T 108.383 3 925 1520 29
T 108.383 4 925 1519 29
T 108.404 8 929 1520 29
T 108.404 6 928 1519 29
T 108.404 7 927 1519 29
T 108.404 5 927 1519 29
T 108.404 2 927 1519 29
T 108.404 1 926 1519 29
T 108.404 3 926 1520 29
T 108.404 4 926 1519 29
T 108.425 8 930 1520 29
T 108.425 6 929 1519 29
T 108.425 7 928 1519 29
T 108.425 5 928 1519 29
T 108.425 2 928 1519 29
T 108.425 1 927 1519 29
T 108.425 3 927 1520 29
T 108.425 4 927 1519 29
T 108.446 8 931 1520 29
T 108.446 6 930 1519 29
T 108.446 7 929 1519 29
T 108.446 5 929 1519 29
T 108.446 2 929 1519 29
T 108.446 1 928 1519 29
T 108.446 3 928 1520 29
T 108.446 4 928 1519 29
T 108.467 8 932 1520 29
T 108.467 6 931 1519 29
T 108.467 7 930 1519 29
T 108.468 5 930 1519 29
T 108.468 2 930 1519 29
T 108.468 1 929 1519 29
T 108.468 3 929 1520 29
T 108.468 4 929 1519 29
T 108.489 8 933 1520 29
T 108.489 6 932 1519 29
T 108.489 7 931 1519 29
T 108.489 5 931 1519 29
T 108.489 2 931 1519 29
T 108.489 1 930 1519 29
T 108.489 3 930 1520 29
T 108.489 4 930 1519 29
T 108.510 8 934 1520 29
T 108.510 6 933 1519 29
T 108.510 7 932 1519 29
T 108.510 5 932 1519 29
T 108.510 2 932 1519 29
T 108.510 1 931 1519 29
T 108.510 3 931 1520 29
T 108.510 4 931 1519 29
T 108.531 8 935 1520 29
T 108.531 6 934 1519 29
T 108.531 7 933 1519 29
T 108.531 5 933 1519 29
T 108.531 2 933 1519 29
T 108.531 1 932 1519 29
T 108.531 3 932 1520 29
T 108.532 4 932 1519 29
T 108.552 8 936 1520 29
T 108.553 6 935 1519 29
T 108.553 7 934 1519 29
T 108.553 5 934 1519 29
T 108.553 2 934 1519 29
T 108.553 1 933 1519 29
T 108.553 3 933 1520 29
T 108.553 4 933 1519 29
T 108.573 8 937 1520 29
T 108.574 6 936 1519 29
T 108.574 7 935 1519 29
T 108.574 5 935 1519 29
T 108.574 2 935 1519 29
T 108.574 1 934 1519 29
T 108.574 3 934 1520 29
T 108.574 4 934 1519 29
T 108.595 8 938 1520 29
T 108.595 6 937 1519 29
T 108.595 7 936 1519 29
T 108.595 5 936 1519 29
T 108.595 2 936 1519 29
T 108.595 1 935 1519 29
T 108.595 3 935 1520 29
T 108.595 4 935 1519 29
T 108.616 8 939 1520 29
T 108.616 6 938 1519 29
T 108.616 7 937 1519 29
T 108.616 5 937 1519 29
T 108.616 2 937 1519 29
T 108.616 1 936 1519 29
T 108.616 3 936 1520 29
T 108.617 4 936 1519 29
T 108.637 8 940 1520 29
T 108.637 6 939 1519 29
T 108.638 7 938 1519 29
T 108.638 5 938 1519 29
T 108.638 2 938 1519 29
T 108.638 1 937 1519 29
T 108.638 3 937 1520 29
T 108.638 4 937 1519 29
T 108.658 8 941 1520 29
T 108.659 6 940 1519 29
T 108.659 7 939 1519 29
T 108.659 5 939 1519 29
T 108.659 2 939 1519 29
T 108.659 1 938 1519 29
T 108.659 3 938 1520 29
T 108.659 4 938 1519 29
T 108.681 8 942 1520 29
T 108.681 6 941 1519 29
T 108.681 7 940 1519 29
T 108.681 5 940 1519 29
T 108.681 2 940 1519 29
T 108.681 1 939 1519 29
T 108.681 3 939 1520 29
T 108.681 4 939 1519 29
T 108.701 8 943 1520 29
T 108.701 6 942 1519 29
T 108.701 7 941 1519 29
T 108.701 5 941 1519 29
T 108.702 2 941 1519 29
T 108.702 1 940 1519 29
T 108.702 3 940 1520 29
T 108.702 4 940 1519 29
T 108.722 8 944 1520 29
T 108.722 6 943 1519 29
T 108.723 7 942 1519 29
T 108.723 5 942 1519 29
T 108.723 2 942 1519 29
T 108.723 1 941 1519 29
T 108.723 3 941 1520 29
T 108.723 4 941 1519 29
T 108.743 8 945 1520 29
T 108.744 6 944 1519 29
T 108.744 7 943 1519 29
T 108.744 5 943 1519 29
T 108.744 2 943 1519 29
T 108.744 1 942 1519 29
T 108.744 3 942 1520 29
T 108.744 4 942 1519 29
T 108.765 8 946 1520 29
T 108.765 6 945 1519 29
T 108.765 7 944 1519 29
T 108.765 5 944 1519 29
T 108.765 2 944 1519 29
T 108.765 1 943 1519 29
T 108.765 3 943 1520 29
T 108.765 4 943 1519 29
T 108.786 8 947 1520 29
T 108.786 6 946 1519 29
T 108.786 7 945 1519 29
T 108.786 5 945 1519 29
T 108.786 2 945 1519 29
T 108.787 1 944 1519 29
T 108.787 3 944 1520 29
T 108.787 4 944 1519 29
T 108.807 8 948 1520 29
T 108.807 6 947 1519 29
T 108.807 7 946 1519 29
T 108.807 5 946 1519 29
T 108.807 2 946 1519 29
T 108.807 1 945 1519 29
T 108.808 3 945 1520 29
T 108.808 4 945 1519 29
T 108.828 8 949 1520 29
T 108.828 6 948 1519 29
T 108.829 7 947 1519 29
T 108.829 5 947 1519 29
T 108.829 2 947 1519 29
T 108.829 1 946 1519 29
T 108.829 3 946 1520 29
T 108.829 4 946 1519 29
T 108.850 8 950 1520 29
T 108.850 6 949 1519 29
T 108.850 7 948 1519 29
T 108.850 5 948 1519 29
T 108.850 2 948 1519 29
T 108.850 1 947 1519 29
T 108.850 3 947 1520 29
T 108.850 4 947 1519 29
T 108.871 8 951 1520 29
T 108.871 6 950 1519 29
T 108.871 7 949 1519 29
T 108.871 5 949 1519 29
T 108.871 2 949 1519 29
T 108.871 1 948 1519 29
T 108.871 3 948 1520 29
T 108.871 4 948 1519 29
T 108.892 8 952 1520 29
T 108.892 6 951 1519 29
T 108.892 7 950 1519 29
T 108.892 5 950 1519 29
T 108.892 2 950 1519 29
T 108.893 1 949 1519 29
T 108.893 3 949 1520 29
T 108.893 4 949 1519 29
T 108.913 8 953 1520 29
T 108.913 6 952 1519 29
T 108.914 7 951 1519 29
T 108.914 5 951 1519 29
T 108.914 2 951 1519 29
T 108.914 1 950 1519 29
T 108.914 3 950 1520 29
T 108.914 4 950 1519 29
T 108.935 8 954 1520 29
T 108.935 6 953 1519 29
T 108.935 7 952 1519 29
T 108.935 5 952 1519 29
T 108.935 2 952 1519 29
T 108.935 1 951 1519 29
T 108.935 3 951 1520 29
T 108.935 4 951 1519 29
T 108.956 8 955 1520 29
T 108.956 6 954 1519 29
T 108.956 7 953 1519 29
T 108.956 5 953 1519 29
T 108.956 2 953 1519 29
T 108.956 1 952 1519 29
T 108.956 3 952 1520 29
T 108.956 4 952 1519 29
T 108.977 8 956 1520 29
T 108.977 6 955 1519 29
T 108.977 7 954 1519 29
T 108.977 5 954 1519 29
T 108.977 2 954 1519 29
T 108.978 1 953 1519 29
T 108.978 3 953 1520 29
T 108.978 4 953 1519 29
T 108.999 8 957 1520 29
T 108.999 6 956 1519 29
T 108.999 7 955 1519 29
T 108.999 5 955 1519 29
T 108.999 2 955 1519 29
T 108.999 1 954 1519 29
T 108.999 3 954 1520 29
T 108.999 4 954 1519 29
T 109.020 6 957 1519 29
T 109.020 7 956 1519 29
T 109.020 5 956 1519 29
T 109.020 2 956 1519 29
T 109.020 1 955 1519 29
T 109.020 3 955 1520 29
T 109.020 4 955 1519 29
T 109.041 7 957 1519 29
T 109.041 5 957 1519 29
T 109.041 2 957 1519 29
T 109.041 1 956 1519 29
T 109.041 3 956 1520 29
T 109.041 4 956 1519 29
T 109.062 1 957 1519 29
T 109.062 3 957 1520 29
T 109.062 4 957 1519 29
P 109.804 6
F 109.805 6 30
P 109.805 7
F 109.805 7 30
P 109.807 8
F 109.807 8 30
P 109.808 1
F 109.809 1 30
F 109.810 2 30
P 109.810 2
P 109.816 3
P 109.816 5
F 109.817 3 30
P 109.818 4
F 109.818 5 30
F 109.821 4 30
T 110.256 8 958 1573 30
T 110.327 8 959 1573 30
T 110.328 6 958 1572 30
T 110.328 7 958 1572 30
T 110.328 5 958 1572 30
T 110.377 8 960 1573 30
T 110.377 6 959 1572 30
T 110.377 7 959 1572 30
T 110.377 5 959 1572 30
T 110.377 2 958 1572 30
T 110.377 1 958 1572 30
T 110.377 3 958 1573 30
T 110.377 4 958 1572 30
T 110.397 8 961 1573 30
T 110.397 6 960 1572 30
T 110.398 7 960 1572 30
T 110.398 5 960 1572 30
T 110.398 2 959 1572 30
T 110.398 1 959 1572 30
T 110.398 3 959 1573 30
T 110.398 4 959 1572 30
T 110.427 8 962 1573 30
T 110.427 6 961 1572 30
T 110.427 7 961 1572 30
T 110.427 5 961 1572 30
T 110.427 2 960 1572 30
T 110.427 1 960 1572 30
T 110.427 3 960 1573 30
T 110.427 4 960 1572 30
T 110.440 8 963 1573 30
T 110.440 6 962 1572 30
T 110.440 7 962 1572 30
T 110.440 5 962 1572 30
T 110.440 2 961 1572 30
T 110.440 1 961 1572 30
T 110.440 3 961 1573 30
T 110.440 4 961 1572 30
T 110.461 8 964 1573 30
T 110.461 6 963 1572 30
T 110.461 7 963 1572 30
T 110.461 5 963 1572 30
T 110.461 2 962 1572 30
T 110.461 1 962 1572 30
T 110.461 3 962 1573 30
T 110.461 4 962 1572 30
T 110.482 8 965 1573 30
T 110.482 6 964 1572 30
T 110.482 7 964 1572 30
T 110.482 5 964 1572 30
T 110.482 2 963 1572 30
T 110.482 1 963 1572 30
T 110.482 3 963 1573 30
T 110.482 4 963 1572 30
T 110.503 8 966 1573 30
T 110.503 6 965 1572 30
T 110.503 7 965 1572 30
T 110.503 5 965 1572 30
T 110.503 2 964 1572 30
T 110.504 1 964 1572 30
T 110.504 3 964 1573 30
T 110.504 4 964 1572 30
T 110.524 8 967 1573 30
T 110.524 6 966 1572 30
T 110.524 7 966 1572 30
T 110.525 5 966 1572 30
T 110.525 2 965 1572 30
T 110.525 1 965 1572 30
T 110.525 3 965 1573 30
T 110.525 4 965 1572 30
T 110.546 8 968 1573 30
T 110.546 6 967 1572 30
T 110.546 7 967 1572 30
T 110.546 5 967 1572 30
T 110.546 2 966 1572 30
T 110.546 1 966 1572 30
T 110.546 3 966 1573 30
T 110.546 4 966 1572 30
T 110.566 8 969 1573 30
T 110.567 6 968 1572 30
T 110.567 7 968 1572 30
T 110.567 5 968 1572 30
T 110.567 2 967 1572 30
T 110.567 1 967 1572 30
T 110.567 3 967 1573 30
T 110.567 4 967 1572 30
T 110.588 8 970 1573 30
T 110.588 6 969 1572 30
T 110.588 7 969 1572 30
T 110.588 5 969 1572 30
T 110.588 2 968 1572 30
T 110.588 1 968 1572 30
T 110.588 3 968 1573 30
T 110.589 4 968 1572 30
T 110.609 8 971 1573 30
T 110.609 6 970 1572 30
T 110.609 7 970 1572 30
T 110.610 5 970 1572 30
T 110.610 2 969 1572 30
T 110.610 1 969 1572 30
T 110.610 3 969 1573 30
T 110.610 4 969 1572 30
T 110.630 8 972 1573 30
T 110.630 6 971 1572 30
T 110.630 7 971 1572 30
T 110.631 5 971 1572 30
T 110.631 2 970 1572 30
T 110.631 1 970 1572 30
T 110.631 3 970 1573 30
T 110.631 4 970 1572 30
T 110.651 8 973 1573 30
T 110.652 6 972 1572 30
T 110.652 7 972 1572 30
T 110.652 5 972 1572 30
T 110.652 2 971 1572 30
T 110.652 1 971 1572 30
T 110.652 3 971 1573 30
T 110.652 4 971 1572 30
T 110.673 8 974 1573 30
T 110.673 6 973 1572 30
T 110.673 7 973 1572 30
T 110.674 5 973 1572 30
T 110.674 2 972 1572 30
T 110.674 1 972 1572 30
T 110.674 3 972 1573 30
T 110.674 4 972 1572 30
T 110.694 8 975 1573 30
T 110.694 6 974 1572 30
T 110.694 7 974 1572 30
T 110.694 5 974 1572 30
T 110.694 2 973 1572 30
T 110.694 1 973 1572 30
T 110.695 3 973 1573 30
T 110.695 4 973 1572 30
T 110.715 8 976 1573 30
T 110.715 6 975 1572 30
T 110.715 7 975 1572 30
T 110.715 5 975 1572 30
T 110.715 2 974 1572 30
T 110.715 1 974 1572 30
T 110.715 3 974 1573 30
T 110.715 4 974 1572 30
T 110.736 8 977 1573 30
T 110.736 6 976 1572 30
T 110.736 7 976 1572 30
T 110.736 5 976 1572 30
T 110.736 2 975 1572 30
T 110.737 1 975 1572 30
T 110.737 3 975 1573 30
T 110.737 4 975 1572 30
T 110.757 8 978 1573 30
T 110.758 6 977 1572 30
T 110.758 7 977 1572 30
T 110.758 5 977 1572 30
T 110.758 2 976 1572 30
T 110.758 1 976 1572 30
T 110.758 3 976 1573 30
T 110.758 4 976 1572 30
T 110.779 8 979 1573 30
T 110.779 6 978 1572 30
T 110.779 7 978 1572 30
T 110.779 5 978 1572 30
T 110.779 2 977 1572 30
T 110.779 1 977 1572 30
T 110.779 3 977 1573 30
T 110.779 4 977 1572 30
T 110.800 8 980 1573 30
T 110.800 6 979 1572 30
T 110.800 7 979 1572 30
T 110.800 5 979 1572 30
T 110.800 2 978 1572 30
T 110.801 1 978 1572 30
T 110.801 3 978 1573 30
T 110.801 4 978 1572 30
T 110.821 8 981 1573 30
T 110.821 6 980 1572 30
T 110.821 7 980 1572 30
T 110.822 5 980 1572 30
T 110.822 2 979 1572 30
T 110.822 1 979 1572 30
T 110.822 3 979 1573 30
T 110.822 4 979 1572 30
T 110.842 8 982 1573 30
T 110.843 6 981 1572 30
T 110.843 7 981 1572 30
T 110.843 5 981 1572 30
T 110.843 2 980 1572 30
T 110.843 1 980 1572 30
T 110.843 3 980 1573 30
T 110.843 4 980 1572 30
T 110.864 8 983 1573 30
T 110.864 6 982 1572 30
T 110.864 7 982 1572 30
T 110.864 5 982 1572 30
T 110.864 2 981 1572 30
T 110.864 1 981 1572 30
T 110.864 3 981 1573 30
T 110.864 4 981 1572 30
T 110.885 8 984 1573 30
T 110.885 6 983 1572 30
T 110.885 7 983 1572 30
T 110.885 5 983 1572 30
T 110.885 2 982 1572 30
T 110.886 1 982 1572 30
T 110.886 3 982 1573 30
T 110.886 4 982 1572 30
T 110.906 8 985 1573 30
T 110.906 6 984 1572 30
T 110.906 7 984 1572 30
T 110.906 5 984 1572 30
T 110.906 2 983 1572 30
T 110.907 1 983 1572 30
T 110.907 3 983 1573 30
T 110.907 4 983 1572 30
T 110.927 8 986 1573 30
T 110.928 6 985 1572 30
T 110.928 7 985 1572 30
T 110.928 5 985 1572 30
T 110.928 2 984 1572 30
T 110.928 1 984 1572 30
T 110.928 3 984 1573 30
T 110.928 4 984 1572 30
T 110.948 8 987 1573 30
T 110.949 6 986 1572 30
T 110.949 7 986 1572 30
T 110.949 5 986 1572 30
T 110.949 2 985 1572 30
T 110.949 1 985 1572 30
T 110.949 3 985 1573 30
T 110.949 4 985 1572 30
T 110.970 8 988 1573 30
T 110.970 6 987 1572 30
T 110.970 7 987 1572 30
T 110.970 5 987 1572 30
T 110.970 2 986 1572 30
T 110.970 1 986 1572 30
T 110.970 3 986 1573 30
T 110.970 4 986 1572 30
T 110.991 8 989 1573 30
T 110.991 6 988 1572 30
T 110.991 7 988 1572 30
T 110.991 5 988 1572 30
T 110.991 2 987 1572 30
T 110.991 1 987 1572 30
T 110.991 3 987 1573 30
T 110.991 4 987 1572 30
T 111.013 8 990 1573 30
T 111.013 6 989 1572 30
T 111.013 7 989 1572 30
T 111.013 5 989 1572 30
T 111.013 2 988 1572 30
T 111.013 1 988 1572 30
T 111.014 3 988 1573 30
T 111.014 4 988 1572 30
T 111.034 6 990 1572 30
T 111.034 7 990 1572 30
T 111.034 5 990 1572 30
T 111.034 2 989 1572 30
T 111.034 1 989 1572 30
T 111.034 3 989 1573 30
T 111.035 4 989 1572 30
T 111.054 2 990 1572 30
T 111.054 1 990 1572 30
T 111.054 3 990 1573 30
T 111.054 4 990 1572 30
P 111.805 7
P 111.805 8
P 111.806 1
F 111.806 7 31
P 111.806 2
F 111.806 8 31
P 111.808 3
F 111.808 1 31
P 111.808 5
F 111.810 2 31
P 111.811 4
F 111.811 3 31
F 111.813 5 31
P 111.813 6
F 111.814 4 31
F 111.828 6 31
T 112.243 3 991 1626 31
T 112.363 3 992 1626 31
T 112.363 8 991 1626 31
T 112.363 6 991 1625 31
T 112.363 7 991 1625 31
T 112.363 5 991 1625 31
T 112.364 2 991 1625 31
T 112.383 3 993 1626 31
T 112.383 8 992 1626 31
T 112.383 6 992 1625 31
T 112.384 7 992 1625 31
T 112.384 5 992 1625 31
T 112.384 2 992 1625 31
T 112.384 1 991 1625 31
T 112.384 4 991 1625 31
T 112.404 3 994 1626 31
T 112.405 8 993 1626 31
T 112.405 6 993 1625 31
T 112.405 7 993 1625 31
T 112.405 5 993 1625 31
T 112.405 2 993 1625 31
T 112.405 1 992 1625 31
T 112.405 4 992 1625 31
T 112.426 3 995 1626 31
T 112.426 8 994 1626 31
T 112.426 6 994 1625 31
T 112.426 7 994 1625 31
T 112.426 5 994 1625 31
T 112.426 2 994 1625 31
T 112.426 1 993 1625 31
T 112.426 4 993 1625 31
T 112.447 3 996 1626 31
T 112.447 8 995 1626 31
T 112.448 6 995 1625 31
T 112.448 7 995 1625 31
T 112.448 5 995 1625 31
T 112.448 2 995 1625 31
T 112.448 1 994 1625 31
T 112.448 4 994 1625 31
T 112.469 3 997 1626 31
T 112.469 8 996 1626 31
T 112.469 6 996 1625 31
T 112.469 7 996 1625 31
T 112.469 5 996 1625 31
T 112.469 2 996 1625 31
T 112.469 1 995 1625 31
T 112.469 4 995 1625 31
T 112.490 3 998 1626 31
T 112.490 8 997 1626 31
T 112.490 6 997 1625 31
T 112.491 7 997 1625 31
T 112.491 5 997 1625 31
T 112.491 2 997 1625 31
T 112.491 1 996 1625 31
T 112.491 4 996 1625 31
T 112.512 3 999 1626 31
T 112.512 8 998 1626 31
T 112.513 6 998 1625 31
T 112.513 7 998 1625 31
T 112.513 5 998 1625 31
T 112.513 2 998 1625 31
T 112.513 1 997 1625 31
T 112.513 4 997 1625 31
T 112.533 3 1000 1626 31
T 112.533 8 999 1626 31
T 112.534 6 999 1625 31
T 112.534 7 999 1625 31
T 112.534 5 999 1625 31
T 112.534 2 999 1625 31
T 112.534 1 998 1625 31
T 112.534 4 998 1625 31
T 112.555 3 1001 1626 31
T 112.555 8 1000 1626 31
T 112.555 6 1000 1625 31
T 112.555 7 1000 1625 31
T 112.555 5 1000 1625 31
T 112.555 2 1000 1625 31
T 112.555 1 999 1625 31
T 112.555 4 999 1625 31
T 112.576 3 1002 1626 31
T 112.576 8 1001 1626 31
T 112.576 6 1001 1625 31
T 112.576 7 1001 1625 31
T 112.576 5 1001 1625 31
T 112.576 2 1001 1625 31
T 112.576 1 1000 1625 31
T 112.576 4 1000 1625 31
T 112.597 3 1003 1626 31
T 112.598 8 1002 1626 31
T 112.598 6 1002 1625 31
T 112.598 7 1002 1625 31
T 112.598 5 1002 1625 31
T 112.598 2 1002 1625 31
T 112.598 1 1001 1625 31
T 112.598 4 1001 1625 31
T 112.619 3 1004 1626 31
T 112.619 8 1003 1626 31
T 112.619 6 1003 1625 31
T 112.619 7 1003 1625 31
T 112.619 5 1003 1625 31
T 112.619 2 1003 1625 31
T 112.619 1 1002 1625 31
T 112.619 4 1002 1625 31
T 112.640 3 1005 1626 31
T 112.641 8 1004 1626 31
T 112.641 6 1004 1625 31
T 112.641 7 1004 1625 31
T 112.641 5 1004 1625 31
T 112.641 2 1004 1625 31
T 112.641 1 1003 1625 31
T 112.641 4 1003 1625 31
T 112.662 3 1006 1626 31
T 112.662 8 1005 1626 31
T 112.662 6 1005 1625 31
T 112.662 7 1005 1625 31
T 112.662 5 1005 1625 31
T 112.662 2 1005 1625 31
T 112.662 1 1004 1625 31
T 112.662 4 1004 1625 31
T 112.683 3 1007 1626 31
T 112.683 8 1006 1626 31
T 112.683 6 1006 1625 31
T 112.684 7 1006 1625 31
T 112.684 5 1006 1625 31
T 112.684 2 1006 1625 31
T 112.684 1 1005 1625 31
T 112.684 4 1005 1625 31
T 112.705 3 1008 1626 31
T 112.705 8 1007 1626 31
T 112.705 6 1007 1625 31
T 112.705 7 1007 1625 31
T 112.705 5 1007 1625 31
T 112.705 2 1007 1625 31
T 112.705 1 1006 1625 31
T 112.705 4 1006 1625 31
T 112.726 3 1009 1626 31
T 112.726 8 1008 1626 31
T 112.726 6 1008 1625 31
T 112.726 7 1008 1625 31
T 112.727 5 1008 1625 31
T 112.727 2 1008 1625 31
T 112.727 1 1007 1625 31
T 112.727 4 1007 1625 31
T 112.748 3 1010 1626 31
T 112.748 8 1009 1626 31
T 112.748 6 1009 1625 31
T 112.748 7 1009 1625 31
T 112.748 5 1009 1625 31
T 112.748 2 1009 1625 31
T 112.748 1 1008 1625 31
T 112.748 4 1008 1625 31
T 112.769 3 1011 1626 31
T 112.769 8 1010 1626 31
T 112.769 6 1010 1625 31
T 112.769 7 1010 1625 31
T 112.769 5 1010 1625 31
T 112.769 2 1010 1625 31
T 112.769 1 1009 1625 31
T 112.770 4 1009 1625 31
T 112.791 3 1012 1626 31
T 112.791 8 1011 1626 31
T 112.791 6 1011 1625 31
T 112.791 7 1011 1625 31
T 112.791 5 1011 1625 31
T 112.791 2 1011 1625 31
T 112.791 1 1010 1625 31
T 112.791 4 1010 1625 31
T 112.812 3 1013 1626 31
T 112.812 8 1012 1626 31
T 112.812 6 1012 1625 31
T 112.812 7 1012 1625 31
T 112.812 5 1012 1625 31
T 112.812 2 1012 1625 31
T 112.812 1 1011 1625 31
T 112.812 4 1011 1625 31
T 112.834 3 1014 1626 31
T 112.834 8 1013 1626 31
T 112.834 6 1013 1625 31
T 112.834 7 1013 1625 31
T 112.834 5 1013 1625 31
T 112.834 2 1013 1625 31
T 112.834 1 1012 1625 31
T 112.834 4 1012 1625 31
T 112.855 3 1015 1626 31
T 112.855 8 1014 1626 31
T 112.855 6 1014 1625 31
T 112.855 7 1014 1625 31
T 112.855 5 1014 1625 31
T 112.855 2 1014 1625 31
T 112.856 1 1013 1625 31
T 112.856 4 1013 1625 31
T 112.876 3 1016 1626 31
T 112.876 8 1015 1626 31
T 112.876 6 1015 1625 31
T 112.876 7 1015 1625 31
T 112.877 5 1015 1625 31
T 112.877 2 1015 1625 31
T 112.877 1 1014 1625 31
T 112.877 4 1014 1625 31
T 112.898 3 1017 1626 31
T 112.898 8 1016 1626 31
T 112.898 6 1016 1625 31
T 112.898 7 1016 1625 31
T 112.898 5 1016 1625 31
T 112.898 2 1016 1625 31
T 112.898 1 1015 1625 31
T 112.898 4 1015 1625 31
T 112.919 3 1018 1626 31
T 112.919 8 1017 1626 31
T 112.919 6 1017 1625 31
T 112.919 7 1017 1625 31
T 112.919 5 1017 1625 31
T 112.920 2 1017 1625 31
T 112.920 1 1016 1625 31
T 112.920 4 1016 1625 31
T 112.941 3 1019 1626 31
T 112.941 8 1018 1626 31
T 112.941 6 1018 1625 31
T 112.941 7 1018 1625 31
T 112.941 5 1018 1625 31
T 112.941 2 1018 1625 31
T 112.941 1 1017 1625 31
T 112.941 4 1017 1625 31
T 112.962 3 1020 1626 31
T 112.962 8 1019 1626 31
T 112.963 6 1019 1625 31
T 112.963 7 1019 1625 31
T 112.963 5 1019 1625 31
T 112.963 2 1019 1625 31
T 112.963 1 1018 1625 31
T 112.963 4 1018 1625 31
T 112.984 3 1021 1626 31
T 112.984 8 1020 1626 31
T 112.984 6 1020 1625 31
T 112.984 7 1020 1625 31
T 112.984 5 1020 1625 31
T 112.984 2 1020 1625 31
T 112.985 1 1019 1625 31
T 112.985 4 1019 1625 31
T 113.005 3 1022 1626 31
T 113.006 8 1021 1626 31
T 113.006 6 1021 1625 31
T 113.006 7 1021 1625 31
T 113.006 5 1021 1625 31
T 113.006 2 1021 1625 31
T 113.006 1 1020 1625 31
T 113.006 4 1020 1625 31
T 113.027 3 1023 1626 31
T 113.027 8 1022 1626 31
T 113.027 6 1022 1625 31
T 113.027 7 1022 1625 31
T 113.027 5 1022 1625 31
T 113.027 2 1022 1625 31
T 113.027 1 1021 1625 31
T 113.027 4 1021 1625 31
T 113.049 8 1023 1626 31
T 113.049 6 1023 1625 31
T 113.049 7 1023 1625 31
T 113.049 5 1023 1625 31
T 113.049 2 1023 1625 31
T 113.049 1 1022 1625 31
T 113.049 4 1022 1625 31
T 113.069 1 1023 1625 31
T 113.069 4 1023 1625 31
P 113.806 7
F 113.806 7 32
P 113.806 8
F 113.807 8 32
P 113.808 1
F 113.809 1 32
P 113.809 2
F 113.810 2 32
P 113.812 3
F 113.813 3 32
P 113.813 5
F 113.813 5 32
P 113.814 4
F 113.815 4 32
P 113.817 6
F 113.818 6 32
T 114.234 7 1024 1678 32
T 114.297 7 1025 1678 32
T 114.297 8 1024 1679 32
T 114.379 7 1026 1678 32
T 114.379 8 1025 1679 32
T 114.379 3 1024 1679 32
T 114.379 5 1024 1678 32
T 114.379 1 1024 1678 32
T 114.415 7 1027 1678 32
T 114.415 8 1026 1679 32
T 114.415 3 1025 1679 32
T 114.415 5 1025 1678 32
T 114.415 1 1025 1678 32
T 114.416 6 1024 1678 32
T 114.416 2 1024 1678 32
T 114.416 4 1024 1678 32
T 114.436 7 1028 1678 32
T 114.436 8 1027 1679 32
T 114.437 3 1026 1679 32
T 114.437 5 1026 1678 32
T 114.437 1 1026 1678 32
T 114.437 6 1025 1678 32
T 114.437 2 1025 1678 32
T 114.437 4 1025 1678 32
T 114.458 7 1029 1678 32
T 114.458 8 1028 1679 32
T 114.458 3 1027 1679 32
T 114.458 5 1027 1678 32
T 114.458 1 1027 1678 32
T 114.458 6 1026 1678 32
T 114.458 2 1026 1678 32
T 114.458 4 1026 1678 32
T 114.479 7 1030 1678 32
T 114.479 8 1029 1679 32
T 114.479 3 1028 1679 32
T 114.479 5 1028 1678 32
T 114.479 1 1028 1678 32
T 114.480 6 1027 1678 32
T 114.480 2 1027 1678 32
T 114.480 4 1027 1678 32
T 114.501 7 1031 1678 32
T 114.501 8 1030 1679 32
T 114.501 3 1029 1679 32
T 114.501 5 1029 1678 32
T 114.501 1 1029 1678 32
T 114.501 6 1028 1678 32
T 114.501 2 1028 1678 32
T 114.501 4 1028 1678 32
T 114.522 7 1032 1678 32
T 114.522 8 1031 1679 32
T 114.522 3 1030 1679 32
T 114.523 5 1030 1678 32
T 114.523 1 1030 1678 32
T 114.523 6 1029 1678 32
T 114.523 2 1029 1678 32
T 114.523 4 1029 1678 32
T 114.544 7 1033 1678 32
T 114.544 8 1032 1679 32
T 114.544 3 1031 1679 32
T 114.544 5 1031 1678 32
T 114.544 1 1031 1678 32
T 114.544 6 1030 1678 32
T 114.544 2 1030 1678 32
T 114.544 4 1030 1678 32
T 114.565 7 1034 1678 32
T 114.565 8 1033 1679 32
T 114.565 3 1032 1679 32
T 114.566 5 1032 1678 32
T 114.566 1 1032 1678 32
T 114.566 6 1031 1678 32
T 114.566 2 1031 1678 32
T 114.566 4 1031 1678 32
T 114.587 7 1035 1678 32
T 114.587 8 1034 1679 32
T 114.587 3 1033 1679 32
T 114.587 5 1033 1678 32
T 114.587 1 1033 1678 32
T 114.587 6 1032 1678 32
T 114.587 2 1032 1678 32
T 114.587 4 1032 1678 32
T 114.608 7 1036 1678 32
T 114.608 8 1035 1679 32
T 114.608 3 1034 1679 32
T 114.608 5 1034 1678 32
T 114.609 1 1034 1678 32
T 114.609 6 1033 1678 32
T 114.609 2 1033 1678 32
T 114.609 4 1033 1678 32
T 114.630 7 1037 1678 32
T 114.630 8 1036 1679 32
T 114.630 3 1035 1679 32
T 114.630 5 1035 1678 32
T 114.630 1 1035 1678 32
T 114.630 6 1034 1678 32
T 114.630 2 1034 1678 32
T 114.630 4 1034 1678 32
T 114.652 7 1038 1678 32
T 114.652 8 1037 1679 32
T 114.652 3 1036 1679 32
T 114.652 5 1036 1678 32
T 114.652 1 1036 1678 32
T 114.652 6 1035 1678 32
T 114.652 2 1035 1678 32
T 114.652 4 1035 1678 32
T 114.673 7 1039 1678 32
T 114.673 8 1038 1679 32
T 114.673 3 1037 1679 32
T 114.673 5 1037 1678 32
T 114.673 1 1037 1678 32
T 114.673 6 1036 1678 32
T 114.673 2 1036 1678 32
T 114.673 4 1036 1678 32
T 114.694 7 1040 1678 32
T 114.694 8 1039 1679 32
T 114.694 3 1038 1679 32
T 114.694 5 1038 1678 32
T 114.694 1 1038 1678 32
T 114.695 6 1037 1678 32
T 114.695 2 1037 1678 32
T 114.695 4 1037 1678 32
T 114.716 7 1041 1678 32
T 114.716 8 1040 1679 32
T 114.716 3 1039 1679 32
T 114.716 5 1039 1678 32
T 114.716 1 1039 1678 32
T 114.716 6 1038 1678 32
T 114.716 2 1038 1678 32
T 114.716 4 1038 1678 32
T 114.737 7 1042 1678 32
T 114.737 8 1041 1679 32
T 114.737 3 1040 1679 32
T 114.737 5 1040 1678 32
T 114.737 1 1040 1678 32
T 114.737 6 1039 1678 32
T 114.737 2 1039 1678 32
T 114.738 4 1039 1678 32
T 114.759 7 1043 1678 32
T 114.759 8 1042 1679 32
T 114.759 3 1041 1679 32
T 114.759 5 1041 1678 32
T 114.759 1 1041 1678 32
T 114.759 6 1040 1678 32
T 114.759 2 1040 1678 32
T 114.759 4 1040 1678 32
T 114.780 7 1044 1678 32
T 114.780 8 1043 1679 32
T 114.780 3 1042 1679 32
T 114.780 5 1042 1678 32
T 114.780 1 1042 1678 32
T 114.781 6 1041 1678 32
T 114.781 2 1041 1678 32
T 114.781 4 1041 1678 32
T 114.802 7 1045 1678 32
T 114.802 8 1044 1679 32
T 114.802 3 1043 1679 32
T 114.802 5 1043 1678 32
T 114.802 1 1043 1678 32
T 114.802 6 1042 1678 32
T 114.802 2 1042 1678 32
T 114.802 4 1042 1678 32
T 114.823 7 1046 1678 32
T 114.823 8 1045 1679 32
T 114.823 3 1044 1679 32
T 114.823 5 1044 1678 32
T 114.823 1 1044 1678 32
T 114.823 6 1043 1678 32
T 114.823 2 1043 1678 32
T 114.824 4 1043 1678 32
T 114.845 7 1047 1678 32
T 114.845 8 1046 1679 32
T 114.845 3 1045 1679 32
T 114.845 5 1045 1678 32
T 114.845 1 1045 1678 32
T 114.845 6 1044 1678 32
T 114.845 2 1044 1678 32
T 114.845 4 1044 1678 32
T 114.866 7 1048 1678 32
T 114.866 8 1047 1679 32
T 114.866 3 1046 1679 32
T 114.866 5 1046 1678 32
T 114.866 1 1046 1678 32
T 114.866 6 1045 1678 32
T 114.866 2 1045 1678 32
T 114.867 4 1045 1678 32
T 114.887 7 1049 1678 32
T 114.887 8 1048 1679 32
T 114.888 3 1047 1679 32
T 114.888 5 1047 1678 32
T 114.888 1 1047 1678 32
T 114.888 6 1046 1678 32
T 114.888 2 1046 1678 32
T 114.888 4 1046 1678 32
T 114.909 7 1050 1678 32
T 114.909 8 1049 1679 32
T 114.909 3 1048 1679 32
T 114.909 5 1048 1678 32
T 114.909 1 1048 1678 32
T 114.909 6 1047 1678 32
T 114.909 2 1047 1678 32
T 114.909 4 1047 1678 32
T 114.930 7 1051 1678 32
T 114.930 8 1050 1679 32
T 114.930 3 1049 1679 32
T 114.930 5 1049 1678 32
T 114.931 1 1049 1678 32
T 114.931 6 1048 1678 32
T 114.931 2 1048 1678 32
T 114.931 4 1048 1678 32
T 114.952 7 1052 1678 32
T 114.952 8 1051 1679 32
T 114.952 3 1050 1679 32
T 114.952 5 1050 1678 32
T 114.952 1 1050 1678 32
T 114.952 6 1049 1678 32
T 114.952 2 1049 1678 32
T 114.952 4 1049 1678 32
T 114.973 7 1053 1678 32
T 114.973 8 1052 1679 32
T 114.974 3 1051 1679 32
T 114.974 5 1051 1678 32
T 114.974 1 1051 1678 32
T 114.974 6 1050 1678 32
T 114.974 2 1050 1678 32
T 114.974 4 1050 1678 32
T 114.995 7 1054 1678 32
T 114.995 8 1053 1679 32
T 114.995 3 1052 1679 32
T 114.995 5 1052 1678 32
T 114.995 1 1052 1678 32
T 114.995 6 1051 1678 32
T 114.995 2 1051 1678 32
T 114.995 4 1051 1678 32
T 115.016 7 1055 1678 32
T 115.016 8 1054 1679 32
T 115.016 3 1053 1679 32
T 115.016 5 1053 1678 32
T 115.016 1 1053 1678 32
T 115.016 6 1052 1678 32
T 115.017 2 1052 1678 32
T 115.017 4 1052 1678 32
T 115.038 7 1056 1678 32
T 115.038 8 1055 1679 32
T 115.038 3 1054 1679 32
T 115.038 5 1054 1678 32
T 115.038 1 1054 1678 32
T 115.038 6 1053 1678 32
T 115.038 2 1053 1678 32
T 115.038 4 1053 1678 32
T 115.059 8 1056 1679 32
T 115.059 3 1055 1679 32
T 115.059 5 1055 1678 32
T 115.059 1 1055 1678 32
T 115.059 6 1054 1678 32
T 115.059 2 1054 1678 32
T 115.059 4 1054 1678 32
T 115.080 3 1056 1679 32
T 115.081 5 1056 1678 32
T 115.081 1 1056 1678 32
T 115.081 6 1055 1678 32
T 115.081 2 1055 1678 32
T 115.081 4 1055 1678 32
T 115.101 6 1056 1678 32
T 115.101 2 1056 1678 32
T 115.102 4 1056 1678 32
P 115.803 6
F 115.804 6 33
P 115.804 7
P 115.805 8
F 115.806 7 33
P 115.806 1
F 115.806 8 33
P 115.807 2
F 115.808 1 33
P 115.808 3
F 115.811 2 33
P 115.812 5
F 115.813 3 33
P 115.814 4
F 115.814 5 33
F 115.817 4 33
T 116.264 6 1057 1731 33
T 116.324 6 1058 1731 33
T 116.325 7 1057 1731 33
T 116.325 5 1057 1731 33
T 116.408 6 1059 1731 33
T 116.408 7 1058 1731 33
T 116.408 5 1058 1731 33
T 116.408 8 1057 1732 33
T 116.408 3 1057 1732 33
T 116.408 1 1057 1731 33
T 116.408 2 1057 1731 33
T 116.408 4 1057 1731 33
T 116.429 6 1060 1731 33
T 116.429 7 1059 1731 33
T 116.429 5 1059 1731 33
T 116.429 8 1058 1732 33
T 116.429 3 1058 1732 33
T 116.429 1 1058 1731 33
T 116.429 2 1058 1731 33
T 116.429 4 1058 1731 33
T 116.450 6 1061 1731 33
T 116.450 7 1060 1731 33
T 116.450 5 1060 1731 33
T 116.450 8 1059 1732 33
T 116.450 3 1059 1732 33
T 116.450 1 1059 1731 33
T 116.450 2 1059 1731 33
T 116.450 4 1059 1731 33
T 116.471 6 1062 1731 33
T 116.471 7 1061 1731 33
T 116.471 5 1061 1731 33
T 116.471 8 1060 1732 33
T 116.471 3 1060 1732 33
T 116.471 1 1060 1731 33
T 116.472 2 1060 1731 33
T 116.472 4 1060 1731 33
T 116.493 6 1063 1731 33
T 116.493 7 1062 1731 33
T 116.493 5 1062 1731 33
T 116.493 8 1061 1732 33
T 116.493 3 1061 1732 33
T 116.493 1 1061 1731 33
T 116.493 2 1061 1731 33
T 116.493 4 1061 1731 33
T 116.514 6 1064 1731 33
T 116.514 7 1063 1731 33
T 116.514 5 1063 1731 33
T 116.514 8 1062 1732 33
T 116.514 3 1062 1732 33
T 116.514 1 1062 1731 33
T 116.514 2 1062 1731 33
T 116.515 4 1062 1731 33
T 116.536 6 1065 1731 33
T 116.536 7 1064 1731 33
T 116.536 5 1064 1731 33
T 116.536 8 1063 1732 33
T 116.536 3 1063 1732 33
T 116.536 1 1063 1731 33
T 116.536 2 1063 1731 33
T 116.536 4 1063 1731 33
T 116.557 6 1066 1731 33
T 116.557 7 1065 1731 33
T 116.557 5 1065 1731 33
T 116.557 8 1064 1732 33
T 116.557 3 1064 1732 33
T 116.557 1 1064 1731 33
T 116.557 2 1064 1731 33
T 116.557 4 1064 1731 33
T 116.578 6 1067 1731 33
T 116.578 7 1066 1731 33
T 116.578 5 1066 1731 33
T 116.579 8 1065 1732 33
T 116.579 3 1065 1732 33
T 116.579 1 1065 1731 33
T 116.579 2 1065 1731 33
T 116.579 4 1065 1731 33
T 116.600 6 1068 1731 33
T 116.600 7 1067 1731 33
T 116.600 5 1067 1731 33
T 116.600 8 1066 1732 33
T 116.600 3 1066 1732 33
T 116.600 1 1066 1731 33
T 116.600 2 1066 1731 33
T 116.600 4 1066 1731 33
T 116.621 6 1069 1731 33
T 116.621 7 1068 1731 33
T 116.621 5 1068 1731 33
T 116.622 8 1067 1732 33
T 116.622 3 1067 1732 33
T 116.622 1 1067 1731 33
T 116.622 2 1067 1731 33
T 116.622 4 1067 1731 33
T 116.643 6 1070 1731 33
T 116.643 7 1069 1731 33
T 116.643 5 1069 1731 33
T 116.643 8 1068 1732 33
T 116.643 3 1068 1732 33
T 116.643 1 1068 1731 33
T 116.643 2 1068 1731 33
T 116.643 4 1068 1731 33
T 116.664 6 1071 1731 33
T 116.665 7 1070 1731 33
T 116.665 5 1070 1731 33
T 116.665 8 1069 1732 33
T 116.665 3 1069 1732 33
T 116.665 1 1069 1731 33
T 116.665 2 1069 1731 33
T 116.665 4 1069 1731 33
T 116.685 6 1072 1731 33
T 116.686 7 1071 1731 33
T 116.686 5 1071 1731 33
T 116.686 8 1070 1732 33
T 116.686 3 1070 1732 33
T 116.686 1 1070 1731 33
T 116.686 2 1070 1731 33
T 116.686 4 1070 1731 33
T 116.707 6 1073 1731 33
T 116.707 7 1072 1731 33
T 116.707 5 1072 1731 33
T 116.707 8 1071 1732 33
T 116.707 3 1071 1732 33
T 116.707 1 1071 1731 33
T 116.707 2 1071 1731 33
T 116.707 4 1071 1731 33
T 116.728 6 1074 1731 33
T 116.728 7 1073 1731 33
T 116.729 5 1073 1731 33
T 116.729 8 1072 1732 33
T 116.729 3 1072 1732 33
T 116.729 1 1072 1731 33
T 116.729 2 1072 1731 33
T 116.729 4 1072 1731 33
T 116.750 6 1075 1731 33
T 116.750 7 1074 1731 33
T 116.750 5 1074 1731 33
T 116.750 8 1073 1732 33
T 116.750 3 1073 1732 33
T 116.750 1 1073 1731 33
T 116.750 2 1073 1731 33
T 116.750 4 1073 1731 33
T 116.771 6 1076 1731 33
T 116.771 7 1075 1731 33
T 116.772 5 1075 1731 33
T 116.772 8 1074 1732 33
T 116.772 3 1074 1732 33
T 116.772 1 1074 1731 33
T 116.772 2 1074 1731 33
T 116.772 4 1074 1731 33
T 116.793 6 1077 1731 33
T 116.793 7 1076 1731 33
T 116.793 5 1076 1731 33
T 116.793 8 1075 1732 33
T 116.793 3 1075 1732 33
T 116.793 1 1075 1731 33
T 116.793 2 1075 1731 33
T 116.793 4 1075 1731 33
T 116.814 6 1078 1731 33
T 116.814 7 1077 1731 33
T 116.815 5 1077 1731 33
T 116.815 8 1076 1732 33
T 116.815 3 1076 1732 33
T 116.815 1 1076 1731 33
T 116.815 2 1076 1731 33
T 116.815 4 1076 1731 33
T 116.836 6 1079 1731 33
T 116.836 7 1078 1731 33
T 116.836 5 1078 1731 33
T 116.836 8 1077 1732 33
T 116.836 3 1077 1732 33
T 116.836 1 1077 1731 33
T 116.836 2 1077 1731 33
T 116.836 4 1077 1731 33
T 116.858 6 1080 1731 33
T 116.858 7 1079 1731 33
T 116.858 5 1079 1731 33
T 116.858 8 1078 1732 33
T 116.858 3 1078 1732 33
T 116.858 1 1078 1731 33
T 116.858 2 1078 1731 33
T 116.858 4 1078 1731 33
T 116.879 6 1081 1731 33
T 116.879 7 1080 1731 33
T 116.879 5 1080 1731 33
T 116.879 8 1079 1732 33
T 116.879 3 1079 1732 33
T 116.880 1 1079 1731 33
T 116.880 2 1079 1731 33
T 116.880 4 1079 1731 33
T 116.900 6 1082 1731 33
T 116.901 7 1081 1731 33
T 116.901 5 1081 1731 33
T 116.901 8 1080 1732 33
T 116.901 3 1080 1732 33
T 116.901 1 1080 1731 33
T 116.901 2 1080 1731 33
T 116.901 4 1080 1731 33
T 116.922 6 1083 1731 33
T 116.922 7 1082 1731 33
T 116.922 5 1082 1731 33
T 116.922 8 1081 1732 33
T 116.922 3 1081 1732 33
T 116.922 1 1081 1731 33
T 116.922 2 1081 1731 33
T 116.922 4 1081 1731 33
T 116.943 6 1084 1731 33
T 116.943 7 1083 1731 33
T 116.943 5 1083 1731 33
T 116.943 8 1082 1732 33
T 116.943 3 1082 1732 33
T 116.944 1 1082 1731 33
T 116.944 2 1082 1731 33
T 116.944 4 1082 1731 33
T 116.965 6 1085 1731 33
T 116.965 7 1084 1731 33
T 116.965 5 1084 1731 33
T 116.965 8 1083 1732 33
T 116.965 3 1083 1732 33
T 116.966 1 1083 1731 33
T 116.966 2 1083 1731 33
T 116.966 4 1083 1731 33
T 116.986 6 1086 1731 33
T 116.987 7 1085 1731 33
T 116.987 5 1085 1731 33
T 116.987 8 1084 1732 33
T 116.987 3 1084 1732 33
T 116.987 1 1084 1731 33
T 116.987 2 1084 1731 33
T 116.987 4 1084 1731 33
T 117.008 6 1087 1731 33
T 117.008 7 1086 1731 33
T 117.008 5 1086 1731 33
T 117.008 8 1085 1732 33
T 117.008 3 1085 1732 33
T 117.008 1 1085 1731 33
T 117.009 2 1085 1731 33
T 117.009 4 1085 1731 33
T 117.030 6 1088 1731 33
T 117.030 7 1087 1731 33
T 117.030 5 1087 1731 33
T 117.030 8 1086 1732 33
T 117.030 3 1086 1732 33
T 117.030 1 1086 1731 33
T 117.030 2 1086 1731 33
T 117.030 4 1086 1731 33
T 117.051 6 1089 1731 33
T 117.051 7 1088 1731 33
T 117.052 5 1088 1731 33
T 117.052 8 1087 1732 33
T 117.052 3 1087 1732 33
T 117.052 1 1087 1731 33
T 117.052 2 1087 1731 33
T 117.052 4 1087 1731 33
T 117.073 7 1089 1731 33
T 117.073 5 1089 1731 33
T 117.074 8 1088 1732 33
T 117.074 3 1088 1732 33
T 117.074 1 1088 1731 33
T 117.074 2 1088 1731 33
T 117.074 4 1088 1731 33
T 117.095 8 1089 1732 33
T 117.095 3 1089 1732 33
T 117.095 1 1089 1731 33
T 117.095 2 1089 1731 33
T 117.096 4 1089 1731 33
P 117.806 3
P 117.807 5
F 117.807 3 34
P 117.807 4
F 117.807 5 34
P 117.808 6
F 117.810 4 34
P 117.810 7
F 117.811 6 34
P 117.811 8
F 117.813 7 34
P 117.813 1
F 117.814 8 34
P 117.815 2
F 117.817 1 34
F 117.818 2 34
T 118.221 3 1090 1785 34
T 118.271 3 1091 1785 34
T 118.272 7 1090 1784 34
T 118.322 3 1092 1785 34
T 118.322 7 1091 1784 34
T 118.322 5 1090 1784 34
T 118.411 3 1093 1785 34
T 118.411 7 1092 1784 34
T 118.411 5 1091 1784 34
T 118.411 6 1090 1784 34
T 118.411 8 1090 1785 34
T 118.412 1 1090 1784 34
T 118.412 2 1090 1784 34
T 118.412 4 1090 1784 34
T 118.432 3 1094 1785 34
T 118.432 7 1093 1784 34
T 118.432 5 1092 1784 34
T 118.432 6 1091 1784 34
T 118.432 8 1091 1785 34
T 118.432 1 1091 1784 34
T 118.432 2 1091 1784 34
T 118.432 4 1091 1784 34
T 118.453 3 1095 1785 34
T 118.453 7 1094 1784 34
T 118.453 5 1093 1784 34
T 118.453 6 1092 1784 34
T 118.453 8 1092 1785 34
T 118.453 1 1092 1784 34
T 118.453 2 1092 1784 34
T 118.453 4 1092 1784 34
T 118.474 3 1096 1785 34
T 118.474 7 1095 1784 34
T 118.474 5 1094 1784 34
T 118.474 6 1093 1784 34
T 118.474 8 1093 1785 34
T 118.474 1 1093 1784 34
T 118.474 2 1093 1784 34
T 118.474 4 1093 1784 34
T 118.495 3 1097 1785 34
T 118.495 7 1096 1784 34
T 118.495 5 1095 1784 34
T 118.495 6 1094 1784 34
T 118.496 8 1094 1785 34
T 118.496 1 1094 1784 34
T 118.496 2 1094 1784 34
T 118.496 4 1094 1784 34
T 118.517 3 1098 1785 34
T 118.517 7 1097 1784 34
T 118.517 5 1096 1784 34
T 118.517 6 1095 1784 34
T 118.517 8 1095 1785 34
T 118.517 1 1095 1784 34
T 118.517 2 1095 1784 34
T 118.517 4 1095 1784 34
T 118.538 3 1099 1785 34
T 118.538 7 1098 1784 34
T 118.538 5 1097 1784 34
T 118.538 6 1096 1784 34
T 118.538 8 1096 1785 34
T 118.538 1 1096 1784 34
T 118.538 2 1096 1784 34
T 118.539 4 1096 1784 34
T 118.559 3 1100 1785 34
T 118.560 7 1099 1784 34
T 118.560 5 1098 1784 34
T 118.560 6 1097 1784 34
T 118.560 8 1097 1785 34
T 118.560 1 1097 1784 34
T 118.560 2 1097 1784 34
T 118.560 4 1097 1784 34
T 118.581 3 1101 1785 34
T 118.581 7 1100 1784 34
T 118.581 5 1099 1784 34
T 118.581 6 1098 1784 34
T 118.581 8 1098 1785 34
T 118.581 1 1098 1784 34
T 118.581 2 1098 1784 34
T 118.582 4 1098 1784 34
T 118.602 3 1102 1785 34
T 118.602 7 1101 1784 34
T 118.602 5 1100 1784 34
T 118.603 6 1099 1784 34
T 118.603 8 1099 1785 34
T 118.603 1 1099 1784 34
T 118.603 2 1099 1784 34
T 118.603 4 1099 1784 34
T 118.624 3 1103 1785 34
T 118.624 7 1102 1784 34
T 118.624 5 1101 1784 34
T 118.624 6 1100 1784 34
T 118.624 8 1100 1785 34
T 118.624 1 1100 1784 34
T 118.624 2 1100 1784 34
T 118.624 4 1100 1784 34
T 118.645 3 1104 1785 34
T 118.645 7 1103 1784 34
T 118.645 5 1102 1784 34
T 118.646 6 1101 1784 34
T 118.646 8 1101 1785 34
T 118.646 1 1101 1784 34
T 118.646 2 1101 1784 34
T 118.646 4 1101 1784 34
T 118.667 3 1105 1785 34
T 118.667 7 1104 1784 34
T 118.667 5 1103 1784 34
T 118.667 6 1102 1784 34
T 118.667 8 1102 1785 34
T 118.667 1 1102 1784 34
T 118.668 2 1102 1784 34
T 118.668 4 1102 1784 34
T 118.688 3 1106 1785 34
T 118.688 7 1105 1784 34
T 118.688 5 1104 1784 34
T 118.688 6 1103 1784 34
T 118.689 8 1103 1785 34
T 118.689 1 1103 1784 34
T 118.689 2 1103 1784 34
T 118.689 4 1103 1784 34
T 118.710 3 1107 1785 34
T 118.710 7 1106 1784 34
T 118.710 5 1105 1784 34
T 118.710 6 1104 1784 34
T 118.710 8 1104 1785 34
T 118.710 1 1104 1784 34
T 118.710 2 1104 1784 34
T 118.710 4 1104 1784 34
T 118.731 3 1108 1785 34
T 118.731 7 1107 1784 34
T 118.732 5 1106 1784 34
T 118.732 6 1105 1784 34
T 118.732 8 1105 1785 34
T 118.732 1 1105 1784 34
T 118.732 2 1105 1784 34
T 118.732 4 1105 1784 34
T 118.753 3 1109 1785 34
T 118.753 7 1108 1784 34
T 118.753 5 1107 1784 34
T 118.753 6 1106 1784 34
T 118.753 8 1106 1785 34
T 118.753 1 1106 1784 34
T 118.753 2 1106 1784 34
T 118.753 4 1106 1784 34
T 118.774 3 1110 1785 34
T 118.774 7 1109 1784 34
T 118.774 5 1108 1784 34
T 118.774 6 1107 1784 34
T 118.775 8 1107 1785 34
T 118.775 1 1107 1784 34
T 118.775 2 1107 1784 34
T 118.775 4 1107 1784 34
T 118.796 3 1111 1785 34
T 118.796 7 1110 1784 34
T 118.796 5 1109 1784 34
T 118.796 6 1108 1784 34
T 118.796 8 1108 1785 34
T 118.796 1 1108 1784 34
T 118.796 2 1108 1784 34
T 118.796 4 1108 1784 34
T 118.817 3 1112 1785 34
T 118.817 7 1111 1784 34
T 118.818 5 1110 1784 34
T 118.818 6 1109 1784 34
T 118.818 8 1109 1785 34
T 118.818 1 1109 1784 34
T 118.818 2 1109 1784 34
T 118.818 4 1109 1784 34
T 118.839 3 1113 1785 34
T 118.839 7 1112 1784 34
T 118.839 5 1111 1784 34
T 118.839 6 1110 1784 34
T 118.839 8 1110 1785 34
T 118.839 1 1110 1784 34
T 118.839 2 1110 1784 34
T 118.839 4 1110 1784 34
T 118.860 3 1114 1785 34
T 118.860 7 1113 1784 34
T 118.860 5 1112 1784 34
T 118.861 6 1111 1784 34
T 118.861 8 1111 1785 34
T 118.861 1 1111 1784 34
T 118.861 2 1111 1784 34
T 118.861 4 1111 1784 34
T 118.882 3 1115 1785 34
T 118.882 7 1114 1784 34
T 118.882 5 1113 1784 34
T 118.882 6 1112 1784 34
T 118.882 8 1112 1785 34
T 118.882 1 1112 1784 34
T 118.882 2 1112 1784 34
T 118.882 4 1112 1784 34
T 118.903 3 1116 1785 34
T 118.903 7 1115 1784 34
T 118.904 5 1114 1784 34
T 118.904 6 1113 1784 34
T 118.904 8 1113 1785 34
T 118.904 1 1113 1784 34
T 118.904 2 1113 1784 34
T 118.904 4 1113 1784 34
T 118.925 3 1117 1785 34
T 118.925 7 1116 1784 34
T 118.925 5 1115 1784 34
T 118.925 6 1114 1784 34
T 118.925 8 1114 1785 34
T 118.925 1 1114 1784 34
T 118.925 2 1114 1784 34
T 118.925 4 1114 1784 34
T 118.946 3 1118 1785 34
T 118.946 7 1117 1784 34
T 118.946 5 1116 1784 34
T 118.946 6 1115 1784 34
T 118.946 8 1115 1785 34
T 118.946 1 1115 1784 34
T 118.947 2 1115 1784 34
T 118.947 4 1115 1784 34
T 118.968 3 1119 1785 34
T 118.968 7 1118 1784 34
T 118.968 5 1117 1784 34
T 118.968 6 1116 1784 34
T 118.968 8 1116 1785 34
T 118.968 1 1116 1784 34
T 118.968 2 1116 1784 34
T 118.968 4 1116 1784 34
T 118.989 3 1120 1785 34
T 118.989 7 1119 1784 34
T 118.989 5 1118 1784 34
T 118.989 6 1117 1784 34
T 118.990 8 1117 1785 34
T 118.990 1 1117 1784 34
T 118.990 2 1117 1784 34
T 118.990 4 1117 1784 34
T 119.011 3 1121 1785 34
T 119.011 7 1120 1784 34
T 119.011 5 1119 1784 34
T 119.011 6 1118 1784 34
T 119.011 8 1118 1785 34
T 119.011 1 1118 1784 34
T 119.011 2 1118 1784 34
T 119.011 4 1118 1784 34
T 119.033 3 1122 1785 34
T 119.033 7 1121 1784 34
T 119.033 5 1120 1784 34
T 119.033 6 1119 1784 34
T 119.033 8 1119 1785 34
T 119.033 1 1119 1784 34
T 119.033 2 1119 1784 34
T 119.033 4 1119 1784 34
T 119.054 7 1122 1784 34
T 119.054 5 1121 1784 34
T 119.055 6 1120 1784 34
T 119.055 8 1120 1785 34
T 119.055 1 1120 1784 34
T 119.055 2 1120 1784 34
T 119.055 4 1120 1784 34
T 119.076 5 1122 1784 34
T 119.076 6 1121 1784 34
T 119.076 8 1121 1785 34
T 119.077 1 1121 1784 34
T 119.077 2 1121 1784 34
T 119.077 4 1121 1784 34
T 119.098 6 1122 1784 34
T 119.098 8 1122 1785 34
T 119.098 1 1122 1784 34
T 119.098 2 1122 1784 34
T 119.098 4 1122 1784 34
P 119.804 3
F 119.805 3 35
P 119.805 5
F 119.806 5 35
P 119.806 4
F 119.807 4 35
P 119.808 6
P 119.809 7
P 119.809 8
F 119.810 6 35
P 119.811 1
F 119.811 7 35
P 119.812 2
F 119.813 8 35
F 119.818 1 35
F 119.820 2 35
T 120.250 3 1123 1838 35
T 120.323 3 1124 1838 35
T 120.324 7 1123 1837 35
T 120.324 5 1123 1837 35
T 120.324 6 1123 1837 35
T 120.376 3 1125 1838 35
T 120.376 7 1124 1837 35
T 120.377 5 1124 1837 35
T 120.377 6 1124 1837 35
T 120.377 8 1123 1838 35
T 120.377 1 1123 1837 35
T 120.377 2 1123 1837 35
T 120.377 4 1123 1837 35
T 120.397 3 1126 1838 35
T 120.397 7 1125 1837 35
T 120.397 5 1125 1837 35
T 120.397 6 1125 1837 35
T 120.398 8 1124 1838 35
T 120.398 1 1124 1837 35
T 120.398 2 1124 1837 35
T 120.398 4 1124 1837 35
T 120.418 3 1127 1838 35
T 120.418 7 1126 1837 35
T 120.418 5 1126 1837 35
T 120.418 6 1126 1837 35
T 120.418 8 1125 1838 35
T 120.419 1 1125 1837 35
T 120.419 2 1125 1837 35
T 120.419 4 1125 1837 35
T 120.440 3 1128 1838 35
T 120.440 7 1127 1837 35
T 120.440 5 1127 1837 35
T 120.440 6 1127 1837 35
T 120.440 8 1126 1838 35
T 120.440 1 1126 1837 35
T 120.440 2 1126 1837 35
T 120.440 4 1126 1837 35
T 120.462 3 1129 1838 35
T 120.462 7 1128 1837 35
T 120.462 5 1128 1837 35
T 120.462 6 1128 1837 35
T 120.462 8 1127 1838 35
T 120.462 1 1127 1837 35
T 120.462 2 1127 1837 35
T 120.462 4 1127 1837 35
T 120.483 3 1130 1838 35
T 120.483 7 1129 1837 35
T 120.483 5 1129 1837 35
T 120.484 6 1129 1837 35
T 120.484 8 1128 1838 35
T 120.484 1 1128 1837 35
T 120.484 2 1128 1837 35
T 120.484 4 1128 1837 35
T 120.505 3 1131 1838 35
T 120.505 7 1130 1837 35
T 120.505 5 1130 1837 35
T 120.505 6 1130 1837 35
T 120.505 8 1129 1838 35
T 120.505 1 1129 1837 35
T 120.505 2 1129 1837 35
T 120.505 4 1129 1837 35
T 120.526 3 1132 1838 35
T 120.526 7 1131 1837 35
T 120.527 5 1131 1837 35
T 120.527 6 1131 1837 35
T 120.527 8 1130 1838 35
T 120.527 1 1130 1837 35
T 120.527 2 1130 1837 35
T 120.527 4 1130 1837 35
T 120.547 3 1133 1838 35
T 120.548 7 1132 1837 35
T 120.548 5 1132 1837 35
T 120.548 6 1132 1837 35
T 120.548 8 1131 1838 35
T 120.548 1 1131 1837 35
T 120.548 2 1131 1837 35
T 120.548 4 1131 1837 35
T 120.569 3 1134 1838 35
T 120.569 7 1133 1837 35
T 120.569 5 1133 1837 35
T 120.569 6 1133 1837 35
T 120.570 8 1132 1838 35
T 120.570 1 1132 1837 35
T 120.570 2 1132 1837 35
T 120.570 4 1132 1837 35
T 120.591 3 1135 1838 35
T 120.591 7 1134 1837 35
T 120.591 5 1134 1837 35
T 120.591 6 1134 1837 35
T 120.591 8 1133 1838 35
T 120.591 1 1133 1837 35
T 120.591 2 1133 1837 35
T 120.591 4 1133 1837 35
T 120.612 3 1136 1838 35
T 120.612 7 1135 1837 35
T 120.612 5 1135 1837 35
T 120.613 6 1135 1837 35
T 120.613 8 1134 1838 35
T 120.613 1 1134 1837 35
T 120.613 2 1134 1837 35
T 120.613 4 1134 1837 35
T 120.634 3 1137 1838 35
T 120.634 7 1136 1837 35
T 120.634 5 1136 1837 35
T 120.634 6 1136 1837 35
T 120.634 8 1135 1838 35
T 120.635 1 1135 1837 35
T 120.635 2 1135 1837 35
T 120.635 4 1135 1837 35
T 120.656 3 1138 1838 35
T 120.656 7 1137 1837 35
T 120.656 5 1137 1837 35
T 120.656 6 1137 1837 35
T 120.656 8 1136 1838 35
T 120.656 1 1136 1837 35
T 120.656 2 1136 1837 35
T 120.656 4 1136 1837 35
T 120.677 3 1139 1838 35
T 120.677 7 1138 1837 35
T 120.677 5 1138 1837 35
T 120.677 6 1138 1837 35
T 120.678 8 1137 1838 35
T 120.678 1 1137 1837 35
T 120.678 2 1137 1837 35
T 120.678 4 1137 1837 35
T 120.699 3 1140 1838 35
T 120.699 7 1139 1837 35
T 120.699 5 1139 1837 35
T 120.699 6 1139 1837 35
T 120.699 8 1138 1838 35
T 120.699 1 1138 1837 35
T 120.699 2 1138 1837 35
T 120.699 4 1138 1837 35
T 120.720 3 1141 1838 35
T 120.720 7 1140 1837 35
T 120.720 5 1140 1837 35
T 120.720 6 1140 1837 35
T 120.720 8 1139 1838 35
T 120.721 1 1139 1837 35
T 120.721 2 1139 1837 35
T 120.721 4 1139 1837 35
T 120.742 3 1142 1838 35
T 120.742 7 1141 1837 35
T 120.742 5 1141 1837 35
T 120.742 6 1141 1837 35
T 120.742 8 1140 1838 35
T 120.742 1 1140 1837 35
T 120.742 2 1140 1837 35
T 120.742 4 1140 1837 35
T 120.763 3 1143 1838 35
T 120.763 7 1142 1837 35
T 120.763 5 1142 1837 35
T 120.763 6 1142 1837 35
T 120.764 8 1141 1838 35
T 120.764 1 1141 1837 35
T 120.764 2 1141 1837 35
T 120.764 4 1141 1837 35
T 120.784 3 1144 1838 35
T 120.785 7 1143 1837 35
T 120.785 5 1143 1837 35
T 120.785 6 1143 1837 35
T 120.785 8 1142 1838 35
T 120.785 1 1142 1837 35
T 120.785 2 1142 1837 35
T 120.785 4 1142 1837 35
T 120.807 3 1145 1838 35
T 120.807 7 1144 1837 35
T 120.807 5 1144 1837 35
T 120.807 6 1144 1837 35
T 120.807 8 1143 1838 35
T 120.807 1 1143 1837 35
T 120.807 2 1143 1837 35
T 120.807 4 1143 1837 35
T 120.827 3 1146 1838 35
T 120.827 7 1145 1837 35
T 120.828 5 1145 1837 35
T 120.828 6 1145 1837 35
T 120.828 8 1144 1838 35
T 120.828 1 1144 1837 35
T 120.828 2 1144 1837 35
T 120.828 4 1144 1837 35
T 120.849 3 1147 1838 35
T 120.849 7 1146 1837 35
T 120.849 5 1146 1837 35
T 120.849 6 1146 1837 35
T 120.849 8 1145 1838 35
T 120.849 1 1145 1837 35
T 120.849 2 1145 1837 35
T 120.849 4 1145 1837 35
T 120.870 3 1148 1838 35
T 120.870 7 1147 1837 35
T 120.871 5 1147 1837 35
T 120.871 6 1147 1837 35
T 120.871 8 1146 1838 35
T 120.871 1 1146 1837 35
T 120.871 2 1146 1837 35
T 120.871 4 1146 1837 35
T 120.892 3 1149 1838 35
T 120.892 7 1148 1837 35
T 120.892 5 1148 1837 35
T 120.892 6 1148 1837 35
T 120.892 8 1147 1838 35
T 120.893 1 1147 1837 35
T 120.893 2 1147 1837 35
T 120.893 4 1147 1837 35
T 120.914 3 1150 1838 35
T 120.914 7 1149 1837 35
T 120.914 5 1149 1837 35
T 120.914 6 1149 1837 35
T 120.914 8 1148 1838 35
T 120.914 1 1148 1837 35
T 120.914 2 1148 1837 35
T 120.915 4 1148 1837 35
T 120.935 3 1151 1838 35
T 120.935 7 1150 1837 35
T 120.935 5 1150 1837 35
T 120.935 6 1150 1837 35
T 120.935 8 1149 1838 35
T 120.935 1 1149 1837 35
T 120.935 2 1149 1837 35
T 120.935 4 1149 1837 35
T 120.956 3 1152 1838 35
T 120.956 7 1151 1837 35
T 120.957 5 1151 1837 35
T 120.957 6 1151 1837 35
T 120.957 8 1150 1838 35
T 120.957 1 1150 1837 35
T 120.957 2 1150 1837 35
T 120.957 4 1150 1837 35
T 120.978 3 1153 1838 35
T 120.978 7 1152 1837 35
T 120.978 5 1152 1837 35
T 120.978 6 1152 1837 35
T 120.978 8 1151 1838 35
T 120.978 1 1151 1837 35
T 120.979 2 1151 1837 35
T 120.979 4 1151 1837 35
T 120.999 3 1154 1838 35
T 121.000 7 1153 1837 35
T 121.000 5 1153 1837 35
T 121.000 6 1153 1837 35
T 121.000 8 1152 1838 35
T 121.000 1 1152 1837 35
T 121.000 2 1152 1837 35
T 121.000 4 1152 1837 35
T 121.021 3 1155 1838 35
T 121.021 7 1154 1837 35
T 121.021 5 1154 1837 35
T 121.022 6 1154 1837 35
T 121.022 8 1153 1838 35
T 121.022 1 1153 1837 35
T 121.022 2 1153 1837 35
T 121.022 4 1153 1837 35
T 121.043 7 1155 1837 35
T 121.043 5 1155 1837 35
T 121.043 6 1155 1837 35
T 121.043 8 1154 1838 35
T 121.043 1 1154 1837 35
T 121.043 2 1154 1837 35
T 121.044 4 1154 1837 35
T 121.064 8 1155 1838 35
T 121.064 1 1155 1837 35
T 121.064 2 1155 1837 35
T 121.064 4 1155 1837 35
P 121.805 4
F 121.806 4 36
P 121.806 6
F 121.806 6 36
P 121.807 7
F 121.808 7 36
P 121.809 8
F 121.811 8 36
P 121.811 1
P 121.812 2
P 121.812 3
P 121.812 5
F 121.813 1 36
F 121.814 2 36
F 121.814 3 36
F 121.814 5 36
T 122.176 4 1156 1890 36
T 122.194 4 1157 1890 36
T 122.256 4 1158 1890 36
T 122.312 4 1159 1890 36
T 122.312 6 1156 1890 36
T 122.312 2 1156 1890 36
T 122.403 4 1160 1890 36
T 122.403 6 1157 1890 36
T 122.403 2 1157 1890 36
T 122.403 3 1156 1891 36
T 122.403 7 1156 1890 36
T 122.403 5 1156 1890 36
T 122.403 8 1156 1891 36
T 122.404 1 1156 1890 36
T 122.424 4 1161 1890 36
T 122.424 6 1158 1890 36
T 122.424 2 1158 1890 36
T 122.424 3 1157 1891 36
T 122.424 7 1157 1890 36
T 122.424 5 1157 1890 36
T 122.424 8 1157 1891 36
T 122.424 1 1157 1890 36
T 122.445 4 1162 1890 36
T 122.445 6 1159 1890 36
T 122.445 2 1159 1890 36
T 122.445 3 1158 1891 36
T 122.445 7 1158 1890 36
T 122.445 5 1158 1890 36
T 122.445 8 1158 1891 36
T 122.445 1 1158 1890 36
T 122.466 4 1163 1890 36
T 122.466 6 1160 1890 36
T 122.467 2 1160 1890 36
T 122.467 3 1159 1891 36
T 122.467 7 1159 1890 36
T 122.467 5 1159 1890 36
T 122.467 8 1159 1891 36
T 122.467 1 1159 1890 36
T 122.488 4 1164 1890 36
T 122.488 6 1161 1890 36
T 122.488 2 1161 1890 36
T 122.488 3 1160 1891 36
T 122.488 7 1160 1890 36
T 122.488 5 1160 1890 36
T 122.488 8 1160 1891 36
T 122.488 1 1160 1890 36
T 122.509 4 1165 1890 36
T 122.509 6 1162 1890 36
T 122.509 2 1162 1890 36
T 122.509 3 1161 1891 36
T 122.509 7 1161 1890 36
T 122.509 5 1161 1890 36
T 122.509 8 1161 1891 36
T 122.509 1 1161 1890 36
T 122.530 4 1166 1890 36
T 122.530 6 1163 1890 36
T 122.531 2 1163 1890 36
T 122.531 3 1162 1891 36
T 122.531 7 1162 1890 36
T 122.531 5 1162 1890 36
T 122.531 8 1162 1891 36
T 122.531 1 1162 1890 36
T 122.552 4 1167 1890 36
T 122.552 6 1164 1890 36
T 122.552 2 1164 1890 36
T 122.552 3 1163 1891 36
T 122.552 7 1163 1890 36
T 122.552 5 1163 1890 36
T 122.552 8 1163 1891 36
T 122.552 1 1163 1890 36
T 122.573 4 1168 1890 36
T 122.573 6 1165 1890 36
T 122.574 2 1165 1890 36
T 122.574 3 1164 1891 36
T 122.574 7 1164 1890 36
T 122.574 5 1164 1890 36
T 122.574 8 1164 1891 36
T 122.574 1 1164 1890 36
T 122.595 4 1169 1890 36
T 122.595 6 1166 1890 36
T 122.595 2 1166 1890 36
T 122.596 3 1165 1891 36
T 122.596 7 1165 1890 36
T 122.596 5 1165 1890 36
T 122.596 8 1165 1891 36
T 122.596 1 1165 1890 36
T 122.617 4 1170 1890 36
T 122.617 6 1167 1890 36
T 122.617 2 1167 1890 36
T 122.617 3 1166 1891 36
T 122.617 7 1166 1890 36
T 122.617 5 1166 1890 36
T 122.617 8 1166 1891 36
T 122.617 1 1166 1890 36
T 122.638 4 1171 1890 36
T 122.638 6 1168 1890 36
T 122.638 2 1168 1890 36
T 122.638 3 1167 1891 36
T 122.638 7 1167 1890 36
T 122.639 5 1167 1890 36
T 122.639 8 1167 1891 36
T 122.639 1 1167 1890 36
T 122.660 4 1172 1890 36
T 122.660 6 1169 1890 36
T 122.660 2 1169 1890 36
T 122.660 3 1168 1891 36
T 122.660 7 1168 1890 36
T 122.660 5 1168 1890 36
T 122.660 8 1168 1891 36
T 122.660 1 1168 1890 36
T 122.681 4 1173 1890 36
T 122.681 6 1170 1890 36
T 122.681 2 1170 1890 36
T 122.681 3 1169 1891 36
T 122.681 7 1169 1890 36
T 122.681 5 1169 1890 36
T 122.682 8 1169 1891 36
T 122.682 1 1169 1890 36
T 122.703 4 1174 1890 36
T 122.703 6 1171 1890 36
T 122.703 2 1171 1890 36
T 122.703 3 1170 1891 36
T 122.703 7 1170 1890 36
T 122.703 5 1170 1890 36
T 122.703 8 1170 1891 36
T 122.703 1 1170 1890 36
T 122.724 4 1175 1890 36
T 122.724 6 1172 1890 36
T 122.724 2 1172 1890 36
T 122.724 3 1171 1891 36
T 122.724 7 1171 1890 36
T 122.724 5 1171 1890 36
T 122.724 8 1171 1891 36
T 122.725 1 1171 1890 36
T 122.745 4 1176 1890 36
T 122.746 6 1173 1890 36
T 122.746 2 1173 1890 36
T 122.746 3 1172 1891 36
T 122.746 7 1172 1890 36
T 122.746 5 1172 1890 36
T 122.746 8 1172 1891 36
T 122.746 1 1172 1890 36
T 122.767 4 1177 1890 36
T 122.767 6 1174 1890 36
T 122.767 2 1174 1890 36
T 122.767 3 1173 1891 36
T 122.767 7 1173 1890 36
T 122.767 5 1173 1890 36
T 122.768 8 1173 1891 36
T 122.768 1 1173 1890 36
T 122.788 4 1178 1890 36
T 122.789 6 1175 1890 36
T 122.789 2 1175 1890 36
T 122.789 3 1174 1891 36
T 122.789 7 1174 1890 36
T 122.789 5 1174 1890 36
T 122.789 8 1174 1891 36
T 122.789 1 1174 1890 36
T 122.810 4 1179 1890 36
T 122.810 6 1176 1890 36
T 122.810 2 1176 1890 36
T 122.810 3 1175 1891 36
T 122.810 7 1175 1890 36
T 122.810 5 1175 1890 36
T 122.811 8 1175 1891 36
T 122.811 1 1175 1890 36
T 122.831 4 1180 1890 36
T 122.832 6 1177 1890 36
T 122.832 2 1177 1890 36
T 122.832 3 1176 1891 36
T 122.832 7 1176 1890 36
T 122.832 5 1176 1890 36
T 122.832 8 1176 1891 36
T 122.832 1 1176 1890 36
T 122.853 4 1181 1890 36
T 122.853 6 1178 1890 36
T 122.853 2 1178 1890 36
T 122.854 3 1177 1891 36
T 122.854 7 1177 1890 36
T 122.854 5 1177 1890 36
T 122.854 8 1177 1891 36
T 122.854 1 1177 1890 36
T 122.875 4 1182 1890 36
T 122.875 6 1179 1890 36
T 122.875 2 1179 1890 36
T 122.875 3 1178 1891 36
T 122.875 7 1178 1890 36
T 122.875 5 1178 1890 36
T 122.875 8 1178 1891 36
T 122.875 1 1178 1890 36
T 122.896 4 1183 1890 36
T 122.896 6 1180 1890 36
T 122.896 2 1180 1890 36
T 122.897 3 1179 1891 36
T 122.897 7 1179 1890 36
T 122.897 5 1179 1890 36
T 122.897 8 1179 1891 36
T 122.897 1 1179 1890 36
T 122.918 4 1184 1890 36
T 122.918 6 1181 1890 36
T 122.918 2 1181 1890 36
T 122.918 3 1180 1891 36
T 122.918 7 1180 1890 36
T 122.918 5 1180 1890 36
T 122.918 8 1180 1891 36
T 122.918 1 1180 1890 36
T 122.940 4 1185 1890 36
T 122.940 6 1182 1890 36
T 122.940 2 1182 1890 36
T 122.940 3 1181 1891 36
T 122.940 7 1181 1890 36
T 122.940 5 1181 1890 36
T 122.940 8 1181 1891 36
T 122.940 1 1181 1890 36
T 122.961 4 1186 1890 36
T 122.961 6 1183 1890 36
T 122.961 2 1183 1890 36
T 122.961 3 1182 1891 36
T 122.961 7 1182 1890 36
T 122.961 5 1182 1890 36
T 122.961 8 1182 1891 36
T 122.961 1 1182 1890 36
T 122.982 4 1187 1890 36
T 122.983 6 1184 1890 36
T 122.983 2 1184 1890 36
T 122.983 3 1183 1891 36
T 122.983 7 1183 1890 36
T 122.983 5 1183 1890 36
T 122.983 8 1183 1891 36
T 122.983 1 1183 1890 36
T 123.005 4 1188 1890 36
T 123.005 6 1185 1890 36
T 123.005 2 1185 1890 36
T 123.005 3 1184 1891 36
T 123.005 7 1184 1890 36
T 123.005 5 1184 1890 36
T 123.005 8 1184 1891 36
T 123.005 1 1184 1890 36
T 123.026 6 1186 1890 36
T 123.026 2 1186 1890 36
T 123.026 3 1185 1891 36
T 123.027 7 1185 1890 36
T 123.027 5 1185 1890 36
T 123.027 8 1185 1891 36
T 123.027 1 1185 1890 36
T 123.048 6 1187 1890 36
T 123.048 2 1187 1890 36
T 123.049 3 1186 1891 36
T 123.049 7 1186 1890 36
T 123.049 5 1186 1890 36
T 123.049 8 1186 1891 36
T 123.049 1 1186 1890 36
T 123.070 6 1188 1890 36
T 123.071 2 1188 1890 36
T 123.071 3 1187 1891 36
T 123.071 7 1187 1890 36
T 123.071 5 1187 1890 36
T 123.071 8 1187 1891 36
T 123.071 1 1187 1890 36
T 123.092 3 1188 1891 36
T 123.092 7 1188 1890 36
T 123.092 5 1188 1890 36
T 123.092 8 1188 1891 36
T 123.092 1 1188 1890 36
P 123.809 7
F 123.810 7 37
P 123.810 8
F 123.811 8 37
P 123.811 1
P 123.813 2
F 123.813 1 37
P 123.813 3
F 123.814 2 37
P 123.814 5
F 123.815 3 37
P 123.816 4
F 123.816 5 37
P 123.818 6
F 123.820 4 37
F 123.821 6 37
T 124.299 7 1189 1943 37
T 124.438 7 1190 1943 37
T 124.438 4 1189 1943 37
T 124.438 2 1189 1943 37
T 124.438 3 1189 1944 37
T 124.438 5 1189 1943 37
T 124.438 8 1189 1944 37
T 124.439 1 1189 1943 37
T 124.442 7 1191 1943 37
T 124.442 4 1190 1943 37
T 124.442 2 1190 1943 37
T 124.442 3 1190 1944 37
T 124.442 5 1190 1943 37
T 124.442 8 1190 1944 37
T 124.443 1 1190 1943 37
T 124.443 6 1189 1943 37
T 124.463 7 1192 1943 37
T 124.463 4 1191 1943 37
T 124.463 2 1191 1943 37
T 124.464 3 1191 1944 37
T 124.464 5 1191 1943 37
T 124.464 8 1191 1944 37
T 124.464 1 1191 1943 37
T 124.464 6 1190 1943 37
T 124.485 7 1193 1943 37
T 124.485 4 1192 1943 37
T 124.485 2 1192 1943 37
T 124.485 3 1192 1944 37
T 124.486 5 1192 1943 37
T 124.486 8 1192 1944 37
T 124.486 1 1192 1943 37
T 124.486 6 1191 1943 37
T 124.507 7 1194 1943 37
T 124.507 4 1193 1943 37
T 124.507 2 1193 1943 37
T 124.507 3 1193 1944 37
T 124.507 5 1193 1943 37
T 124.507 8 1193 1944 37
T 124.507 1 1193 1943 37
T 124.507 6 1192 1943 37
T 124.528 7 1195 1943 37
T 124.528 4 1194 1943 37
T 124.528 2 1194 1943 37
T 124.528 3 1194 1944 37
T 124.528 5 1194 1943 37
T 124.528 8 1194 1944 37
T 124.529 1 1194 1943 37
T 124.529 6 1193 1943 37
T 124.550 7 1196 1943 37
T 124.550 4 1195 1943 37
T 124.550 2 1195 1943 37
T 124.550 3 1195 1944 37
T 124.550 5 1195 1943 37
T 124.550 8 1195 1944 37
T 124.550 1 1195 1943 37
T 124.550 6 1194 1943 37
T 124.571 7 1197 1943 37
T 124.571 4 1196 1943 37
T 124.571 2 1196 1943 37
T 124.572 3 1196 1944 37
T 124.572 5 1196 1943 37
T 124.572 8 1196 1944 37
T 124.572 1 1196 1943 37
T 124.572 6 1195 1943 37
T 124.593 7 1198 1943 37
T 124.593 4 1197 1943 37
T 124.593 2 1197 1943 37
T 124.593 3 1197 1944 37
T 124.594 5 1197 1943 37
T 124.594 8 1197 1944 37
T 124.594 1 1197 1943 37
T 124.594 6 1196 1943 37
T 124.615 7 1199 1943 37
T 124.615 4 1198 1943 37
T 124.615 2 1198 1943 37
T 124.615 3 1198 1944 37
T 124.615 5 1198 1943 37
T 124.615 8 1198 1944 37
T 124.615 1 1198 1943 37
T 124.616 6 1197 1943 37
T 124.636 7 1200 1943 37
T 124.636 4 1199 1943 37
T 124.636 2 1199 1943 37
T 124.636 3 1199 1944 37
T 124.636 5 1199 1943 37
T 124.636 8 1199 1944 37
T 124.636 1 1199 1943 37
T 124.636 6 1198 1943 37
T 124.657 7 1201 1943 37
T 124.657 4 1200 1943 37
T 124.658 2 1200 1943 37
T 124.658 3 1200 1944 37
T 124.658 5 1200 1943 37
T 124.658 8 1200 1944 37
T 124.658 1 1200 1943 37
T 124.658 6 1199 1943 37
T 124.679 7 1202 1943 37
T 124.679 4 1201 1943 37
T 124.679 2 1201 1943 37
T 124.679 3 1201 1944 37
T 124.679 5 1201 1943 37
T 124.679 8 1201 1944 37
T 124.679 1 1201 1943 37
T 124.679 6 1200 1943 37
T 124.700 7 1203 1943 37
T 124.700 4 1202 1943 37
T 124.700 2 1202 1943 37
T 124.700 3 1202 1944 37
T 124.701 5 1202 1943 37
T 124.701 8 1202 1944 37
T 124.701 1 1202 1943 37
T 124.701 6 1201 1943 37
T 124.722 7 1204 1943 37
T 124.722 4 1203 1943 37
T 124.722 2 1203 1943 37
T 124.722 3 1203 1944 37
T 124.722 5 1203 1943 37
T 124.722 8 1203 1944 37
T 124.722 1 1203 1943 37
T 124.722 6 1202 1943 37
T 124.743 7 1205 1943 37
T 124.743 4 1204 1943 37
T 124.743 2 1204 1943 37
T 124.744 3 1204 1944 37
T 124.744 5 1204 1943 37
T 124.744 8 1204 1944 37
T 124.744 1 1204 1943 37
T 124.744 6 1203 1943 37
T 124.765 7 1206 1943 37
T 124.765 4 1205 1943 37
T 124.765 2 1205 1943 37
T 124.765 3 1205 1944 37
T 124.765 5 1205 1943 37
T 124.765 8 1205 1944 37
T 124.765 1 1205 1943 37
T 124.765 6 1204 1943 37
T 124.786 7 1207 1943 37
T 124.786 4 1206 1943 37
T 124.787 2 1206 1943 37
T 124.787 3 1206 1944 37
T 124.787 5 1206 1943 37
T 124.787 8 1206 1944 37
T 124.787 1 1206 1943 37
T 124.787 6 1205 1943 37
T 124.808 7 1208 1943 37
T 124.808 4 1207 1943 37
T 124.808 2 1207 1943 37
T 124.808 3 1207 1944 37
T 124.808 5 1207 1943 37
T 124.808 8 1207 1944 37
T 124.809 1 1207 1943 37
T 124.809 6 1206 1943 37
T 124.829 7 1209 1943 37
T 124.829 4 1208 1943 37
T 124.830 2 1208 1943 37
T 124.830 3 1208 1944 37
T 124.830 5 1208 1943 37
T 124.830 8 1208 1944 37
T 124.830 1 1208 1943 37
T 124.830 6 1207 1943 37
T 124.851 7 1210 1943 37
T 124.851 4 1209 1943 37
T 124.851 2 1209 1943 37
T 124.851 3 1209 1944 37
T 124.851 5 1209 1943 37
T 124.851 8 1209 1944 37
T 124.851 1 1209 1943 37
T 124.852 6 1208 1943 37
T 124.873 7 1211 1943 37
T 124.873 4 1210 1943 37
T 124.873 2 1210 1943 37
T 124.873 3 1210 1944 37
T 124.873 5 1210 1943 37
T 124.873 8 1210 1944 37
T 124.873 1 1210 1943 37
T 124.873 6 1209 1943 37
T 124.894 7 1212 1943 37
T 124.894 4 1211 1943 37
T 124.894 2 1211 1943 37
T 124.894 3 1211 1944 37
T 124.894 5 1211 1943 37
T 124.895 8 1211 1944 37
T 124.895 1 1211 1943 37
T 124.895 6 1210 1943 37
T 124.916 7 1213 1943 37
T 124.916 4 1212 1943 37
T 124.916 2 1212 1943 37
T 124.916 3 1212 1944 37
T 124.916 5 1212 1943 37
T 124.916 8 1212 1944 37
T 124.916 1 1212 1943 37
T 124.916 6 1211 1943 37
T 124.937 7 1214 1943 37
T 124.937 4 1213 1943 37
T 124.938 2 1213 1943 37
T 124.938 3 1213 1944 37
T 124.938 5 1213 1943 37
T 124.938 8 1213 1944 37
T 124.938 1 1213 1943 37
T 124.938 6 1212 1943 37
T 124.959 7 1215 1943 37
T 124.959 4 1214 1943 37
T 124.959 2 1214 1943 37
T 124.959 3 1214 1944 37
T 124.959 5 1214 1943 37
T 124.959 8 1214 1944 37
T 124.960 1 1214 1943 37
T 124.960 6 1213 1943 37
T 124.980 7 1216 1943 37
T 124.980 4 1215 1943 37
T 124.981 2 1215 1943 37
T 124.981 3 1215 1944 37
T 124.981 5 1215 1943 37
T 124.981 8 1215 1944 37
T 124.981 1 1215 1943 37
T 124.981 6 1214 1943 37
T 125.002 7 1217 1943 37
T 125.002 4 1216 1943 37
T 125.002 2 1216 1943 37
T 125.002 3 1216 1944 37
T 125.002 5 1216 1943 37
T 125.002 8 1216 1944 37
T 125.002 1 1216 1943 37
T 125.002 6 1215 1943 37
T 125.023 7 1218 1943 37
T 125.023 4 1217 1943 37
T 125.024 2 1217 1943 37
T 125.024 3 1217 1944 37
T 125.024 5 1217 1943 37
T 125.024 8 1217 1944 37
T 125.024 1 1217 1943 37
T 125.024 6 1216 1943 37
T 125.045 7 1219 1943 37
T 125.045 4 1218 1943 37
T 125.045 2 1218 1943 37
T 125.045 3 1218 1944 37
T 125.045 5 1218 1943 37
T 125.045 8 1218 1944 37
T 125.045 1 1218 1943 37
T 125.045 6 1217 1943 37
T 125.067 7 1220 1943 37
T 125.067 4 1219 1943 37
T 125.067 2 1219 1943 37
T 125.067 3 1219 1944 37
T 125.067 5 1219 1943 37
T 125.068 8 1219 1944 37
T 125.068 1 1219 1943 37
T 125.068 6 1218 1943 37
T 125.088 7 1221 1943 37
T 125.089 4 1220 1943 37
T 125.089 2 1220 1943 37
T 125.089 3 1220 1944 37
T 125.089 5 1220 1943 37
T 125.089 8 1220 1944 37
T 125.089 1 1220 1943 37
T 125.089 6 1219 1943 37
T 125.110 4 1221 1943 37
T 125.111 2 1221 1943 37
T 125.111 3 1221 1944 37
T 125.111 5 1221 1943 37
T 125.111 8 1221 1944 37
T 125.111 1 1221 1943 37
T 125.111 6 1220 1943 37
T 125.130 6 1221 1943 37
P 125.806 5
F 125.807 5 38
P 125.807 4
F 125.808 4 38
P 125.809 6
F 125.810 6 38
P 125.811 7
F 125.813 7 38
P 125.813 8
F 125.814 8 38
P 125.814 1
F 125.815 1 38
P 125.817 2
F 125.817 2 38
P 125.818 3
F 125.818 3 38
T 126.249 5 1222 1996 38
T 126.334 5 1223 1996 38
T 126.335 4 1222 1996 38
T 126.335 2 1222 1996 38
T 126.335 8 1222 1997 38
T 126.335 6 1222 1996 38
T 126.373 5 1224 1996 38
T 126.373 4 1223 1996 38
T 126.373 2 1223 1996 38
T 126.373 8 1223 1997 38
T 126.373 6 1223 1996 38
T 126.373 7 1222 1996 38
T 126.373 3 1222 1997 38
T 126.373 1 1222 1996 38
T 126.394 5 1225 1996 38
T 126.394 4 1224 1996 38
T 126.395 2 1224 1996 38
T 126.395 8 1224 1997 38
T 126.395 6 1224 1996 38
T 126.395 7 1223 1996 38
T 126.395 3 1223 1997 38
T 126.395 1 1223 1996 38
T 126.416 5 1226 1996 38
T 126.416 4 1225 1996 38
T 126.416 2 1225 1996 38
T 126.416 8 1225 1997 38
T 126.416 6 1225 1996 38
T 126.416 7 1224 1996 38
T 126.416 3 1224 1997 38
T 126.417 1 1224 1996 38
T 126.437 5 1227 1996 38
T 126.437 4 1226 1996 38
T 126.437 2 1226 1996 38
T 126.438 8 1226 1997 38
T 126.438 6 1226 1996 38
T 126.438 7 1225 1996 38
T 126.438 3 1225 1997 38
T 126.438 1 1225 1996 38
T 126.459 5 1228 1996 38
T 126.459 4 1227 1996 38
T 126.459 2 1227 1996 38
T 126.459 8 1227 1997 38
T 126.459 6 1227 1996 38
T 126.459 7 1226 1996 38
T 126.459 3 1226 1997 38
T 126.460 1 1226 1996 38
T 126.481 5 1229 1996 38
T 126.481 4 1228 1996 38
T 126.481 2 1228 1996 38
T 126.481 8 1228 1997 38
T 126.481 6 1228 1996 38
T 126.481 7 1227 1996 38
T 126.481 3 1227 1997 38
T 126.481 1 1227 1996 38
T 126.502 5 1230 1996 38
T 126.502 4 1229 1996 38
T 126.502 2 1229 1996 38
T 126.502 8 1229 1997 38
T 126.503 6 1229 1996 38
T 126.503 7 1228 1996 38
T 126.503 3 1228 1997 38
T 126.503 1 1228 1996 38
T 126.524 5 1231 1996 38
T 126.524 4 1230 1996 38
T 126.524 2 1230 1996 38
T 126.524 8 1230 1997 38
T 126.524 6 1230 1996 38
T 126.524 7 1229 1996 38
T 126.524 3 1229 1997 38
T 126.524 1 1229 1996 38
T 126.545 5 1232 1996 38
T 126.545 4 1231 1996 38
T 126.545 2 1231 1996 38
T 126.545 8 1231 1997 38
T 126.546 6 1231 1996 38
T 126.546 7 1230 1996 38
T 126.546 3 1230 1997 38
T 126.546 1 1230 1996 38
T 126.567 5 1233 1996 38
T 126.567 4 1232 1996 38
T 126.567 2 1232 1996 38
T 126.567 8 1232 1997 38
T 126.567 6 1232 1996 38
T 126.567 7 1231 1996 38
T 126.567 3 1231 1997 38
T 126.567 1 1231 1996 38
T 126.588 5 1234 1996 38
T 126.588 4 1233 1996 38
T 126.589 2 1233 1996 38
T 126.589 8 1233 1997 38
T 126.589 6 1233 1996 38
T 126.589 7 1232 1996 38
T 126.589 3 1232 1997 38
T 126.589 1 1232 1996 38
T 126.610 5 1235 1996 38
T 126.610 4 1234 1996 38
T 126.610 2 1234 1996 38
T 126.610 8 1234 1997 38
T 126.610 6 1234 1996 38
T 126.610 7 1233 1996 38
T 126.611 3 1233 1997 38
T 126.611 1 1233 1996 38
T 126.631 5 1236 1996 38
T 126.632 4 1235 1996 38
T 126.632 2 1235 1996 38
T 126.632 8 1235 1997 38
T 126.632 6 1235 1996 38
T 126.632 7 1234 1996 38
T 126.632 3 1234 1997 38
T 126.632 1 1234 1996 38
T 126.653 5 1237 1996 38
T 126.653 4 1236 1996 38
T 126.653 2 1236 1996 38
T 126.653 8 1236 1997 38
T 126.653 6 1236 1996 38
T 126.654 7 1235 1996 38
T 126.654 3 1235 1997 38
T 126.654 1 1235 1996 38
T 126.675 5 1238 1996 38
T 126.675 4 1237 1996 38
T 126.675 2 1237 1996 38
T 126.675 8 1237 1997 38
T 126.675 6 1237 1996 38
T 126.675 7 1236 1996 38
T 126.675 3 1236 1997 38
T 126.675 1 1236 1996 38
T 126.696 5 1239 1996 38
T 126.696 4 1238 1996 38
T 126.696 2 1238 1996 38
T 126.696 8 1238 1997 38
T 126.697 6 1238 1996 38
T 126.697 7 1237 1996 38
T 126.697 3 1237 1997 38
T 126.697 1 1237 1996 38
T 126.719 5 1240 1996 38
T 126.719 4 1239 1996 38
T 126.719 2 1239 1996 38
T 126.719 8 1239 1997 38
T 126.719 6 1239 1996 38
T 126.719 7 1238 1996 38
T 126.719 3 1238 1997 38
T 126.720 1 1238 1996 38
T 126.740 5 1241 1996 38
T 126.740 4 1240 1996 38
T 126.740 2 1240 1996 38
T 126.740 8 1240 1997 38
T 126.740 6 1240 1996 38
T 126.740 7 1239 1996 38
T 126.740 3 1239 1997 38
T 126.740 1 1239 1996 38
T 126.761 5 1242 1996 38
T 126.761 4 1241 1996 38
T 126.761 2 1241 1996 38
T 126.761 8 1241 1997 38
T 126.761 6 1241 1996 38
T 126.761 7 1240 1996 38
T 126.762 3 1240 1997 38
T 126.762 1 1240 1996 38
T 126.783 5 1243 1996 38
T 126.783 4 1242 1996 38
T 126.783 2 1242 1996 38
T 126.783 8 1242 1997 38
T 126.783 6 1242 1996 38
T 126.783 7 1241 1996 38
T 126.783 3 1241 1997 38
T 126.783 1 1241 1996 38
T 126.804 5 1244 1996 38
T 126.805 4 1243 1996 38
T 126.805 2 1243 1996 38
T 126.805 8 1243 1997 38
T 126.805 6 1243 1996 38
T 126.805 7 1242 1996 38
T 126.805 3 1242 1997 38
T 126.805 1 1242 1996 38
T 126.826 5 1245 1996 38
T 126.826 4 1244 1996 38
T 126.826 2 1244 1996 38
T 126.827 8 1244 1997 38
T 126.827 6 1244 1996 38
T 126.827 7 1243 1996 38
T 126.827 3 1243 1997 38
T 126.827 1 1243 1996 38
T 126.848 5 1246 1996 38
T 126.848 4 1245 1996 38
T 126.848 2 1245 1996 38
T 126.848 8 1245 1997 38
T 126.848 6 1245 1996 38
T 126.848 7 1244 1996 38
T 126.849 3 1244 1997 38
T 126.849 1 1244 1996 38
T 126.870 5 1247 1996 38
T 126.870 4 1246 1996 38
T 126.870 2 1246 1996 38
T 126.870 8 1246 1997 38
T 126.870 6 1246 1996 38
T 126.870 7 1245 1996 38
T 126.870 3 1245 1997 38
T 126.870 1 1245 1996 38
T 126.891 5 1248 1996 38
T 126.892 4 1247 1996 38
T 126.892 2 1247 1996 38
T 126.892 8 1247 1997 38
T 126.892 6 1247 1996 38
T 126.892 7 1246 1996 38
T 126.892 3 1246 1997 38
T 126.892 1 1246 1996 38
T 126.913 5 1249 1996 38
T 126.913 4 1248 1996 38
T 126.913 2 1248 1996 38
T 126.914 8 1248 1997 38
T 126.914 6 1248 1996 38
T 126.914 7 1247 1996 38
T 126.914 3 1247 1997 38
T 126.914 1 1247 1996 38
T 126.935 5 1250 1996 38
T 126.935 4 1249 1996 38
T 126.935 2 1249 1996 38
T 126.935 8 1249 1997 38
T 126.935 6 1249 1996 38
T 126.936 7 1248 1996 38
T 126.936 3 1248 1997 38
T 126.936 1 1248 1996 38
T 126.957 5 1251 1996 38
T 126.957 4 1250 1996 38
T 126.957 2 1250 1996 38
T 126.957 8 1250 1997 38
T 126.957 6 1250 1996 38
T 126.957 7 1249 1996 38
T 126.957 3 1249 1997 38
T 126.958 1 1249 1996 38
T 126.979 5 1252 1996 38
T 126.979 4 1251 1996 38
T 126.979 2 1251 1996 38
T 126.979 8 1251 1997 38
T 126.979 6 1251 1996 38
T 126.979 7 1250 1996 38
T 126.979 3 1250 1997 38
T 126.979 1 1250 1996 38
T 127.001 5 1253 1996 38
T 127.001 4 1252 1996 38
T 127.001 2 1252 1996 38
T 127.001 8 1252 1997 38
T 127.001 6 1252 1996 38
T 127.001 7 1251 1996 38
T 127.001 3 1251 1997 38
T 127.001 1 1251 1996 38
T 127.023 5 1254 1996 38
T 127.023 4 1253 1996 38
T 127.023 2 1253 1996 38
T 127.023 8 1253 1997 38
T 127.023 6 1253 1996 38
T 127.023 7 1252 1996 38
T 127.023 3 1252 1997 38
T 127.023 1 1252 1996 38
T 127.045 4 1254 1996 38
T 127.045 2 1254 1996 38
T 127.045 8 1254 1997 38
T 127.045 6 1254 1996 38
T 127.045 7 1253 1996 38
T 127.045 3 1253 1997 38
T 127.045 1 1253 1996 38
T 127.066 7 1254 1996 38
T 127.066 3 1254 1997 38
T 127.066 1 1254 1996 38
P 127.809 4
P 127.809 6
F 127.810 4 39
P 127.810 7
F 127.810 6 39
P 127.811 8
P 127.812 1
P 127.812 2
P 127.813 3
F 127.813 7 39
P 127.813 5
F 127.813 8 39
F 127.815 1 39
F 127.815 2 39
F 127.816 3 39
F 127.816 5 39
T 128.265 4 1255 2049 39
T 128.343 4 1256 2049 39
T 128.343 2 1255 2049 39
T 128.343 7 1255 2049 39
T 128.343 3 1255 2050 39
T 128.395 4 1257 2049 39
T 128.395 2 1256 2049 39
T 128.395 7 1256 2049 39
T 128.395 3 1256 2050 39
T 128.395 5 1255 2049 39
T 128.395 8 1255 2050 39
T 128.395 6 1255 2049 39
T 128.395 1 1255 2049 39
T 128.416 4 1258 2049 39
T 128.416 2 1257 2049 39
T 128.416 7 1257 2049 39
T 128.416 3 1257 2050 39
T 128.416 5 1256 2049 39
T 128.417 8 1256 2050 39
T 128.417 6 1256 2049 39
T 128.417 1 1256 2049 39
T 128.438 4 1259 2049 39
T 128.438 2 1258 2049 39
T 128.438 7 1258 2049 39
T 128.438 3 1258 2050 39
T 128.438 5 1257 2049 39
T 128.438 8 1257 2050 39
T 128.438 6 1257 2049 39
T 128.438 1 1257 2049 39
T 128.460 4 1260 2049 39
T 128.460 2 1259 2049 39
T 128.460 7 1259 2049 39
T 128.460 3 1259 2050 39
T 128.460 5 1258 2049 39
T 128.460 8 1258 2050 39
T 128.460 6 1258 2049 39
T 128.460 1 1258 2049 39
T 128.482 4 1261 2049 39
T 128.482 2 1260 2049 39
T 128.482 7 1260 2049 39
T 128.482 3 1260 2050 39
T 128.482 5 1259 2049 39
T 128.482 8 1259 2050 39
T 128.482 6 1259 2049 39
T 128.482 1 1259 2049 39
T 128.503 4 1262 2049 39
T 128.503 2 1261 2049 39
T 128.504 7 1261 2049 39
T 128.504 3 1261 2050 39
T 128.504 5 1260 2049 39
T 128.504 8 1260 2050 39
T 128.504 6 1260 2049 39
T 128.504 1 1260 2049 39
T 128.525 4 1263 2049 39
T 128.525 2 1262 2049 39
T 128.525 7 1262 2049 39
T 128.526 3 1262 2050 39
T 128.526 5 1261 2049 39
T 128.526 8 1261 2050 39
T 128.526 6 1261 2049 39
T 128.526 1 1261 2049 39
T 128.547 4 1264 2049 39
T 128.547 2 1263 2049 39
T 128.547 7 1263 2049 39
T 128.547 3 1263 2050 39
T 128.547 5 1262 2049 39
T 128.548 8 1262 2050 39
T 128.548 6 1262 2049 39
T 128.548 1 1262 2049 39
T 128.569 4 1265 2049 39
T 128.569 2 1264 2049 39
T 128.569 7 1264 2049 39
T 128.569 3 1264 2050 39
T 128.569 5 1263 2049 39
T 128.569 8 1263 2050 39
T 128.569 6 1263 2049 39
T 128.569 1 1263 2049 39
T 128.591 4 1266 2049 39
T 128.591 2 1265 2049 39
T 128.591 7 1265 2049 39
T 128.591 3 1265 2050 39
T 128.591 5 1264 2049 39
T 128.591 8 1264 2050 39
T 128.591 6 1264 2049 39
T 128.591 1 1264 2049 39
T 128.613 4 1267 2049 39
T 128.613 2 1266 2049 39
T 128.613 7 1266 2049 39
T 128.613 3 1266 2050 39
T 128.613 5 1265 2049 39
T 128.613 8 1265 2050 39
T 128.613 6 1265 2049 39
T 128.613 1 1265 2049 39
T 128.635 4 1268 2049 39
T 128.635 2 1267 2049 39
T 128.635 7 1267 2049 39
T 128.635 3 1267 2050 39
T 128.635 5 1266 2049 39
T 128.635 8 1266 2050 39
T 128.635 6 1266 2049 39
T 128.635 1 1266 2049 39
T 128.656 4 1269 2049 39
T 128.657 2 1268 2049 39
T 128.657 7 1268 2049 39
T 128.657 3 1268 2050 39
T 128.657 5 1267 2049 39
T 128.657 8 1267 2050 39
T 128.657 6 1267 2049 39
T 128.657 1 1267 2049 39
T 128.678 4 1270 2049 39
T 128.678 2 1269 2049 39
T 128.678 7 1269 2049 39
T 128.678 3 1269 2050 39
T 128.678 5 1268 2049 39
T 128.678 8 1268 2050 39
T 128.679 6 1268 2049 39
T 128.679 1 1268 2049 39
T 128.700 4 1271 2049 39
T 128.700 2 1270 2049 39
T 128.700 7 1270 2049 39
T 128.700 3 1270 2050 39
T 128.700 5 1269 2049 39
T 128.700 8 1269 2050 39
T 128.700 6 1269 2049 39
T 128.700 1 1269 2049 39
T 128.722 4 1272 2049 39
T 128.722 2 1271 2049 39
T 128.722 7 1271 2049 39
T 128.722 3 1271 2050 39
T 128.722 5 1270 2049 39
T 128.722 8 1270 2050 39
T 128.722 6 1270 2049 39
T 128.722 1 1270 2049 39
T 128.744 4 1273 2049 39
T 128.744 2 1272 2049 39
T 128.744 7 1272 2049 39
T 128.744 3 1272 2050 39
T 128.744 5 1271 2049 39
T 128.744 8 1271 2050 39
T 128.744 6 1271 2049 39
T 128.745 1 1271 2049 39
T 128.765 4 1274 2049 39
T 128.765 2 1273 2049 39
T 128.766 7 1273 2049 39
T 128.766 3 1273 2050 39
T 128.766 5 1272 2049 39
T 128.766 8 1272 2050 39
T 128.766 6 1272 2049 39
T 128.766 1 1272 2049 39
T 128.787 4 1275 2049 39
T 128.787 2 1274 2049 39
T 128.787 7 1274 2049 39
T 128.787 3 1274 2050 39
T 128.787 5 1273 2049 39
T 128.787 8 1273 2050 39
T 128.788 6 1273 2049 39
T 128.788 1 1273 2049 39
T 128.809 4 1276 2049 39
T 128.809 2 1275 2049 39
T 128.809 7 1275 2049 39
T 128.809 3 1275 2050 39
T 128.809 5 1274 2049 39
T 128.809 8 1274 2050 39
T 128.809 6 1274 2049 39
T 128.809 1 1274 2049 39
T 128.831 4 1277 2049 39
T 128.831 2 1276 2049 39
T 128.831 7 1276 2049 39
T 128.831 3 1276 2050 39
T 128.831 5 1275 2049 39
T 128.831 8 1275 2050 39
T 128.831 6 1275 2049 39
T 128.831 1 1275 2049 39
T 128.853 4 1278 2049 39
T 128.853 2 1277 2049 39
T 128.853 7 1277 2049 39
T 128.853 3 1277 2050 39
T 128.853 5 1276 2049 39
T 128.853 8 1276 2050 39
T 128.853 6 1276 2049 39
T 128.853 1 1276 2049 39
T 128.874 4 1279 2049 39
T 128.875 2 1278 2049 39
T 128.875 7 1278 2049 39
T 128.875 3 1278 2050 39
T 128.875 5 1277 2049 39
T 128.875 8 1277 2050 39
T 128.875 6 1277 2049 39
T 128.875 1 1277 2049 39
T 128.896 4 1280 2049 39
T 128.896 2 1279 2049 39
T 128.896 7 1279 2049 39
T 128.896 3 1279 2050 39
T 128.896 5 1278 2049 39
T 128.897 8 1278 2050 39
T 128.897 6 1278 2049 39
T 128.897 1 1278 2049 39
T 128.918 4 1281 2049 39
T 128.918 2 1280 2049 39
T 128.918 7 1280 2049 39
T 128.918 3 1280 2050 39
T 128.918 5 1279 2049 39
T 128.918 8 1279 2050 39
T 128.919 6 1279 2049 39
T 128.919 1 1279 2049 39
T 128.940 4 1282 2049 39
T 128.940 2 1281 2049 39
T 128.940 7 1281 2049 39
T 128.940 3 1281 2050 39
T 128.940 5 1280 2049 39
T 128.940 8 1280 2050 39
T 128.940 6 1280 2049 39
T 128.940 1 1280 2049 39
T 128.962 4 1283 2049 39
T 128.962 2 1282 2049 39
T 128.962 7 1282 2049 39
T 128.962 3 1282 2050 39
T 128.962 5 1281 2049 39
T 128.962 8 1281 2050 39
T 128.962 6 1281 2049 39
T 128.962 1 1281 2049 39
T 128.984 4 1284 2049 39
T 128.984 2 1283 2049 39
T 128.984 7 1283 2049 39
T 128.984 3 1283 2050 39
T 128.984 5 1282 2049 39
T 128.984 8 1282 2050 39
T 128.984 6 1282 2049 39
T 128.984 1 1282 2049 39
T 129.005 4 1285 2049 39
T 129.006 2 1284 2049 39
T 129.006 7 1284 2049 39
T 129.006 3 1284 2050 39
T 129.006 5 1283 2049 39
T 129.006 8 1283 2050 39
T 129.006 6 1283 2049 39
T 129.006 1 1283 2049 39
T 129.027 4 1286 2049 39
T 129.027 2 1285 2049 39
T 129.027 7 1285 2049 39
T 129.027 3 1285 2050 39
T 129.028 5 1284 2049 39
T 129.028 8 1284 2050 39
T 129.028 6 1284 2049 39
T 129.028 1 1284 2049 39
T 129.049 4 1287 2049 39
T 129.049 2 1286 2049 39
T 129.049 7 1286 2049 39
T 129.050 3 1286 2050 39
T 129.050 5 1285 2049 39
T 129.050 8 1285 2050 39
T 129.050 6 1285 2049 39
T 129.050 1 1285 2049 39
T 129.071 2 1287 2049 39
T 129.071 7 1287 2049 39
T 129.071 3 1287 2050 39
T 129.072 5 1286 2049 39
T 129.072 8 1286 2050 39
T 129.072 6 1286 2049 39
T 129.072 1 1286 2049 39
T 129.092 5 1287 2049 39
T 129.093 8 1287 2050 39
T 129.093 6 1287 2049 39
T 129.093 1 1287 2049 39
P 129.811 8
F 129.811 8 40
P 129.812 1
P 129.814 2
P 129.814 3
P 129.814 5
P 129.814 4
F 129.815 1 40
P 129.815 6
F 129.815 2 40
P 129.816 7
F 129.816 3 40
F 129.819 5 40
F 129.819 4 40
F 129.819 6 40
F 129.822 7 40
T 130.266 8 1288 2103 40
T 130.353 8 1289 2103 40
T 130.353 4 1288 2102 40
T 130.353 7 1288 2102 40
T 130.353 5 1288 2102 40
T 130.354 6 1288 2102 40
T 130.398 8 1290 2103 40
T 130.398 4 1289 2102 40
T 130.398 7 1289 2102 40
T 130.398 5 1289 2102 40
T 130.398 6 1289 2102 40
T 130.399 2 1288 2102 40
T 130.399 3 1288 2103 40
T 130.399 1 1288 2102 40
T 130.420 8 1291 2103 40
T 130.420 4 1290 2102 40
T 130.420 7 1290 2102 40
T 130.420 5 1290 2102 40
T 130.420 6 1290 2102 40
T 130.420 2 1289 2102 40
T 130.420 3 1289 2103 40
T 130.420 1 1289 2102 40
T 130.441 8 1292 2103 40
T 130.441 4 1291 2102 40
T 130.442 7 1291 2102 40
T 130.442 5 1291 2102 40
T 130.442 6 1291 2102 40
T 130.442 2 1290 2102 40
T 130.442 3 1290 2103 40
T 130.442 1 1290 2102 40
T 130.463 8 1293 2103 40
T 130.463 4 1292 2102 40
T 130.463 7 1292 2102 40
T 130.463 5 1292 2102 40
T 130.463 6 1292 2102 40
T 130.464 2 1291 2102 40
T 130.464 3 1291 2103 40
T 130.464 1 1291 2102 40
T 130.485 8 1294 2103 40
T 130.485 4 1293 2102 40
T 130.485 7 1293 2102 40
T 130.485 5 1293 2102 40
T 130.485 6 1293 2102 40
T 130.485 2 1292 2102 40
T 130.485 3 1292 2103 40
T 130.485 1 1292 2102 40
T 130.506 8 1295 2103 40
T 130.507 4 1294 2102 40
T 130.507 7 1294 2102 40
T 130.507 5 1294 2102 40
T 130.507 6 1294 2102 40
T 130.507 2 1293 2102 40
T 130.507 3 1293 2103 40
T 130.507 1 1293 2102 40
T 130.528 8 1296 2103 40
T 130.529 4 1295 2102 40
T 130.529 7 1295 2102 40
T 130.529 5 1295 2102 40
T 130.529 6 1295 2102 40
T 130.529 2 1294 2102 40
T 130.529 3 1294 2103 40
T 130.529 1 1294 2102 40
T 130.550 8 1297 2103 40
T 130.551 4 1296 2102 40
T 130.551 7 1296 2102 40
T 130.551 5 1296 2102 40
T 130.551 6 1296 2102 40
T 130.551 2 1295 2102 40
T 130.551 3 1295 2103 40
T 130.551 1 1295 2102 40
T 130.572 8 1298 2103 40
T 130.572 4 1297 2102 40
T 130.572 7 1297 2102 40
T 130.573 5 1297 2102 40
T 130.573 6 1297 2102 40
T 130.573 2 1296 2102 40
T 130.573 3 1296 2103 40
T 130.573 1 1296 2102 40
T 130.594 8 1299 2103 40
T 130.595 4 1298 2102 40
T 130.595 7 1298 2102 40
T 130.595 5 1298 2102 40
T 130.595 6 1298 2102 40
T 130.595 2 1297 2102 40
T 130.595 3 1297 2103 40
T 130.595 1 1297 2102 40
T 130.616 8 1300 2103 40
T 130.616 4 1299 2102 40
T 130.616 7 1299 2102 40
T 130.616 5 1299 2102 40
T 130.616 6 1299 2102 40
T 130.616 2 1298 2102 40
T 130.616 3 1298 2103 40
T 130.616 1 1298 2102 40
T 130.638 8 1301 2103 40
T 130.638 4 1300 2102 40
T 130.638 7 1300 2102 40
T 130.638 5 1300 2102 40
T 130.638 6 1300 2102 40
T 130.638 2 1299 2102 40
T 130.638 3 1299 2103 40
T 130.638 1 1299 2102 40
T 130.659 8 1302 2103 40
T 130.659 4 1301 2102 40
T 130.660 7 1301 2102 40
T 130.660 5 1301 2102 40
T 130.660 6 1301 2102 40
T 130.660 2 1300 2102 40
T 130.660 3 1300 2103 40
T 130.660 1 1300 2102 40
T 130.681 8 1303 2103 40
T 130.681 4 1302 2102 40
T 130.681 7 1302 2102 40
T 130.681 5 1302 2102 40
T 130.682 6 1302 2102 40
T 130.682 2 1301 2102 40
T 130.682 3 1301 2103 40
T 130.682 1 1301 2102 40
T 130.703 8 1304 2103 40
T 130.703 4 1303 2102 40
T 130.703 7 1303 2102 40
T 130.703 5 1303 2102 40
T 130.703 6 1303 2102 40
T 130.703 2 1302 2102 40
T 130.703 3 1302 2103 40
T 130.704 1 1302 2102 40
T 130.725 8 1305 2103 40
T 130.725 4 1304 2102 40
T 130.725 7 1304 2102 40
T 130.725 5 1304 2102 40
T 130.725 6 1304 2102 40
T 130.725 2 1303 2102 40
T 130.725 3 1303 2103 40
T 130.725 1 1303 2102 40
T 130.746 8 1306 2103 40
T 130.747 4 1305 2102 40
T 130.747 7 1305 2102 40
T 130.747 5 1305 2102 40
T 130.747 6 1305 2102 40
T 130.747 2 1304 2102 40
T 130.747 3 1304 2103 40
T 130.747 1 1304 2102 40
T 130.768 8 1307 2103 40
T 130.768 4 1306 2102 40
T 130.768 7 1306 2102 40
T 130.769 5 1306 2102 40
T 130.769 6 1306 2102 40
T 130.769 2 1305 2102 40
T 130.769 3 1305 2103 40
T 130.769 1 1305 2102 40
T 130.790 8 1308 2103 40
T 130.790 4 1307 2102 40
T 130.790 7 1307 2102 40
T 130.790 5 1307 2102 40
T 130.790 6 1307 2102 40
T 130.790 2 1306 2102 40
T 130.791 3 1306 2103 40
T 130.791 1 1306 2102 40
T 130.812 8 1309 2103 40
T 130.813 4 1308 2102 40
T 130.813 7 1308 2102 40
T 130.813 5 1308 2102 40
T 130.813 6 1308 2102 40
T 130.813 2 1307 2102 40
T 130.813 3 1307 2103 40
T 130.813 1 1307 2102 40
T 130.834 8 1310 2103 40
T 130.834 4 1309 2102 40
T 130.834 7 1309 2102 40
T 130.834 5 1309 2102 40
T 130.834 6 1309 2102 40
T 130.834 2 1308 2102 40
T 130.834 3 1308 2103 40
T 130.834 1 1308 2102 40
T 130.856 8 1311 2103 40
T 130.856 4 1310 2102 40
T 130.856 7 1310 2102 40
T 130.856 5 1310 2102 40
T 130.856 6 1310 2102 40
T 130.856 2 1309 2102 40
T 130.856 3 1309 2103 40
T 130.856 1 1309 2102 40
T 130.878 8 1312 2103 40
T 130.878 4 1311 2102 40
T 130.878 7 1311 2102 40
T 130.878 5 1311 2102 40
T 130.878 6 1311 2102 40
T 130.878 2 1310 2102 40
T 130.878 3 1310 2103 40
T 130.879 1 1310 2102 40
T 130.899 8 1313 2103 40
T 130.899 4 1312 2102 40
T 130.899 7 1312 2102 40
T 130.900 5 1312 2102 40
T 130.900 6 1312 2102 40
T 130.900 2 1311 2102 40
T 130.900 3 1311 2103 40
T 130.900 1 1311 2102 40
T 130.921 8 1314 2103 40
T 130.921 4 1313 2102 40
T 130.921 7 1313 2102 40
T 130.921 5 1313 2102 40
T 130.921 6 1313 2102 40
T 130.922 2 1312 2102 40
T 130.922 3 1312 2103 40
T 130.922 1 1312 2102 40
T 130.943 8 1315 2103 40
T 130.943 4 1314 2102 40
T 130.943 7 1314 2102 40
T 130.943 5 1314 2102 40
T 130.943 6 1314 2102 40
T 130.943 2 1313 2102 40
T 130.943 3 1313 2103 40
T 130.943 1 1313 2102 40
T 130.965 8 1316 2103 40
T 130.965 4 1315 2102 40
T 130.965 7 1315 2102 40
T 130.965 5 1315 2102 40
T 130.965 6 1315 2102 40
T 130.965 2 1314 2102 40
T 130.965 3 1314 2103 40
T 130.966 1 1314 2102 40
T 130.987 8 1317 2103 40
T 130.987 4 1316 2102 40
T 130.987 7 1316 2102 40
T 130.987 5 1316 2102 40
T 130.987 6 1316 2102 40
T 130.987 2 1315 2102 40
T 130.988 3 1315 2103 40
T 130.988 1 1315 2102 40
T 131.009 8 1318 2103 40
T 131.009 4 1317 2102 40
T 131.009 7 1317 2102 40
T 131.009 5 1317 2102 40
T 131.009 6 1317 2102 40
T 131.009 2 1316 2102 40
T 131.009 3 1316 2103 40
T 131.009 1 1316 2102 40
T 131.030 8 1319 2103 40
T 131.030 4 1318 2102 40
T 131.031 7 1318 2102 40
T 131.031 5 1318 2102 40
T 131.031 6 1318 2102 40
T 131.031 2 1317 2102 40
T 131.031 3 1317 2103 40
T 131.031 1 1317 2102 40
T 131.053 8 1320 2103 40
T 131.053 4 1319 2102 40
T 131.053 7 1319 2102 40
T 131.053 5 1319 2102 40
T 131.053 6 1319 2102 40
T 131.053 2 1318 2102 40
T 131.053 3 1318 2103 40
T 131.053 1 1318 2102 40
T 131.075 4 1320 2102 40
T 131.075 7 1320 2102 40
T 131.075 5 1320 2102 40
T 131.075 6 1320 2102 40
T 131.075 2 1319 2102 40
T 131.075 3 1319 2103 40
T 131.075 1 1319 2102 40
T 131.096 2 1320 2102 40
T 131.096 3 1320 2103 40
T 131.096 1 1320 2102 40
P 131.809 2
F 131.809 2 41
P 131.809 3
F 131.810 3 41
P 131.811 5
F 131.812 5 41
P 131.812 4
F 131.813 4 41
P 131.814 6
P 131.815 7
P 131.817 8
P 131.817 1
F 131.817 6 41
F 131.818 7 41
F 131.818 8 41
F 131.820 1 41
T 132.284 2 1321 2155 41
T 132.410 2 1322 2155 41
T 132.410 8 1321 2156 41
T 132.410 7 1321 2155 41
T 132.410 5 1321 2155 41
T 132.410 6 1321 2155 41
T 132.410 1 1321 2155 41
T 132.432 2 1323 2155 41
T 132.432 8 1322 2156 41
T 132.433 7 1322 2155 41
T 132.433 5 1322 2155 41
T 132.433 6 1322 2155 41
T 132.433 1 1322 2155 41
T 132.433 4 1321 2155 41
T 132.433 3 1321 2156 41
T 132.453 2 1324 2155 41
T 132.453 8 1323 2156 41
T 132.453 7 1323 2155 41
T 132.453 5 1323 2155 41
T 132.453 6 1323 2155 41
T 132.453 1 1323 2155 41
T 132.453 4 1322 2155 41
T 132.453 3 1322 2156 41
T 132.476 2 1325 2155 41
T 132.476 8 1324 2156 41
T 132.476 7 1324 2155 41
T 132.476 5 1324 2155 41
T 132.476 6 1324 2155 41
T 132.476 1 1324 2155 41
T 132.476 4 1323 2155 41
T 132.476 3 1323 2156 41
T 132.498 2 1326 2155 41
T 132.498 8 1325 2156 41
T 132.498 7 1325 2155 41
T 132.498 5 1325 2155 41
T 132.498 6 1325 2155 41
T 132.498 1 1325 2155 41
T 132.498 4 1324 2155 41
T 132.498 3 1324 2156 41
T 132.519 2 1327 2155 41
T 132.519 8 1326 2156 41
T 132.520 7 1326 2155 41
T 132.520 5 1326 2155 41
T 132.520 6 1326 2155 41
T 132.520 1 1326 2155 41
T 132.520 4 1325 2155 41
T 132.520 3 1325 2156 41
T 132.541 2 1328 2155 41
T 132.541 8 1327 2156 41
T 132.541 7 1327 2155 41
T 132.541 5 1327 2155 41
T 132.541 6 1327 2155 41
T 132.542 1 1327 2155 41
T 132.542 4 1326 2155 41
T 132.542 3 1326 2156 41
T 132.563 2 1329 2155 41
T 132.563 8 1328 2156 41
T 132.563 7 1328 2155 41
T 132.563 5 1328 2155 41
T 132.564 6 1328 2155 41
T 132.564 1 1328 2155 41
T 132.564 4 1327 2155 41
T 132.564 3 1327 2156 41
T 132.585 2 1330 2155 41
T 132.585 8 1329 2156 41
T 132.585 7 1329 2155 41
T 132.585 5 1329 2155 41
T 132.585 6 1329 2155 41
T 132.585 1 1329 2155 41
T 132.585 4 1328 2155 41
T 132.585 3 1328 2156 41
T 132.607 2 1331 2155 41
T 132.607 8 1330 2156 41
T 132.607 7 1330 2155 41
T 132.607 5 1330 2155 41
T 132.607 6 1330 2155 41
T 132.607 1 1330 2155 41
T 132.607 4 1329 2155 41
T 132.607 3 1329 2156 41
T 132.629 2 1332 2155 41
T 132.629 8 1331 2156 41
T 132.629 7 1331 2155 41
T 132.629 5 1331 2155 41
T 132.629 6 1331 2155 41
T 132.629 1 1331 2155 41
T 132.629 4 1330 2155 41
T 132.629 3 1330 2156 41
T 132.650 2 1333 2155 41
T 132.651 8 1332 2156 41
T 132.651 7 1332 2155 41
T 132.651 5 1332 2155 41
T 132.651 6 1332 2155 41
T 132.651 1 1332 2155 41
T 132.651 4 1331 2155 41
T 132.651 3 1331 2156 41
T 132.673 2 1334 2155 41
T 132.673 8 1333 2156 41
T 132.673 7 1333 2155 41
T 132.673 5 1333 2155 41
T 132.673 6 1333 2155 41
T 132.673 1 1333 2155 41
T 132.673 4 1332 2155 41
T 132.673 3 1332 2156 41
T 132.694 2 1335 2155 41
T 132.694 8 1334 2156 41
T 132.694 7 1334 2155 41
T 132.694 5 1334 2155 41
T 132.694 6 1334 2155 41
T 132.694 1 1334 2155 41
T 132.695 4 1333 2155 41
T 132.695 3 1333 2156 41
T 132.716 2 1336 2155 41
T 132.716 8 1335 2156 41
T 132.716 7 1335 2155 41
T 132.716 5 1335 2155 41
T 132.716 6 1335 2155 41
T 132.716 1 1335 2155 41
T 132.716 4 1334 2155 41
T 132.716 3 1334 2156 41
T 132.738 2 1337 2155 41
T 132.738 8 1336 2156 41
T 132.738 7 1336 2155 41
T 132.738 5 1336 2155 41
T 132.738 6 1336 2155 41
T 132.738 1 1336 2155 41
T 132.738 4 1335 2155 41
T 132.738 3 1335 2156 41
T 132.760 2 1338 2155 41
T 132.760 8 1337 2156 41
T 132.760 7 1337 2155 41
T 132.760 5 1337 2155 41
T 132.760 6 1337 2155 41
T 132.760 1 1337 2155 41
T 132.760 4 1336 2155 41
T 132.760 3 1336 2156 41
T 132.781 2 1339 2155 41
T 132.781 8 1338 2156 41
T 132.782 7 1338 2155 41
T 132.782 5 1338 2155 41
T 132.782 6 1338 2155 41
T 132.782 1 1338 2155 41
T 132.782 4 1337 2155 41
T 132.782 3 1337 2156 41
T 132.803 2 1340 2155 41
T 132.803 8 1339 2156 41
T 132.803 7 1339 2155 41
T 132.803 5 1339 2155 41
T 132.804 6 1339 2155 41
T 132.804 1 1339 2155 41
T 132.804 4 1338 2155 41
T 132.804 3 1338 2156 41
T 132.825 2 1341 2155 41
T 132.825 8 1340 2156 41
T 132.825 7 1340 2155 41
T 132.825 5 1340 2155 41
T 132.826 6 1340 2155 41
T 132.826 1 1340 2155 41
T 132.826 4 1339 2155 41
T 132.826 3 1339 2156 41
T 132.847 2 1342 2155 41
T 132.847 8 1341 2156 41
T 132.847 7 1341 2155 41
T 132.847 5 1341 2155 41
T 132.848 6 1341 2155 41
T 132.848 1 1341 2155 41
T 132.848 4 1340 2155 41
T 132.848 3 1340 2156 41
T 132.869 2 1343 2155 41
T 132.869 8 1342 2156 41
T 132.869 7 1342 2155 41
T 132.869 5 1342 2155 41
T 132.869 6 1342 2155 41
T 132.869 1 1342 2155 41
T 132.870 4 1341 2155 41
T 132.870 3 1341 2156 41
T 132.891 2 1344 2155 41
T 132.891 8 1343 2156 41
T 132.891 7 1343 2155 41
T 132.891 5 1343 2155 41
T 132.891 6 1343 2155 41
T 132.891 1 1343 2155 41
T 132.891 4 1342 2155 41
T 132.891 3 1342 2156 41
T 132.913 2 1345 2155 41
T 132.913 8 1344 2156 41
T 132.913 7 1344 2155 41
T 132.913 5 1344 2155 41
T 132.913 6 1344 2155 41
T 132.913 1 1344 2155 41
T 132.913 4 1343 2155 41
T 132.913 3 1343 2156 41
T 132.934 2 1346 2155 41
T 132.934 8 1345 2156 41
T 132.934 7 1345 2155 41
T 132.935 5 1345 2155 41
T 132.935 6 1345 2155 41
T 132.935 1 1345 2155 41
T 132.935 4 1344 2155 41
T 132.935 3 1344 2156 41
T 132.956 2 1347 2155 41
T 132.956 8 1346 2156 41
T 132.956 7 1346 2155 41
T 132.956 5 1346 2155 41
T 132.957 6 1346 2155 41
T 132.957 1 1346 2155 41
T 132.957 4 1345 2155 41
T 132.957 3 1345 2156 41
T 132.978 2 1348 2155 41
T 132.978 8 1347 2156 41
T 132.978 7 1347 2155 41
T 132.978 5 1347 2155 41
T 132.978 6 1347 2155 41
T 132.978 1 1347 2155 41
T 132.978 4 1346 2155 41
T 132.978 3 1346 2156 41
T 133.000 2 1349 2155 41
T 133.000 8 1348 2156 41
T 133.000 7 1348 2155 41
T 133.000 5 1348 2155 41
T 133.000 6 1348 2155 41
T 133.000 1 1348 2155 41
T 133.000 4 1347 2155 41
T 133.000 3 1347 2156 41
T 133.021 2 1350 2155 41
T 133.022 8 1349 2156 41
T 133.022 7 1349 2155 41
T 133.022 5 1349 2155 41
T 133.022 6 1349 2155 41
T 133.022 1 1349 2155 41
T 133.022 4 1348 2155 41
T 133.022 3 1348 2156 41
T 133.043 2 1351 2155 41
T 133.044 8 1350 2156 41
T 133.044 7 1350 2155 41
T 133.044 5 1350 2155 41
T 133.044 6 1350 2155 41
T 133.044 1 1350 2155 41
T 133.044 4 1349 2155 41
T 133.044 3 1349 2156 41
T 133.066 2 1352 2155 41
T 133.066 8 1351 2156 41
T 133.066 7 1351 2155 41
T 133.066 5 1351 2155 41
T 133.066 6 1351 2155 41
T 133.066 1 1351 2155 41
T 133.066 4 1350 2155 41
T 133.066 3 1350 2156 41
T 133.088 2 1353 2155 41
T 133.088 8 1352 2156 41
T 133.088 7 1352 2155 41
T 133.088 5 1352 2155 41
T 133.088 6 1352 2155 41
T 133.088 1 1352 2155 41
T 133.088 4 1351 2155 41
T 133.088 3 1351 2156 41
T 133.110 8 1353 2156 41
T 133.110 7 1353 2155 41
T 133.110 5 1353 2155 41
T 133.110 6 1353 2155 41
T 133.111 1 1353 2155 41
T 133.111 4 1352 2155 41
T 133.111 3 1352 2156 41
T 133.131 4 1353 2155 41
T 133.131 3 1353 2156 41
P 133.811 4
P 133.812 6
F 133.812 4 42
P 133.812 7
F 133.813 6 42
P 133.813 8
P 133.814 1
F 133.816 7 42
P 133.816 2
F 133.816 8 42
P 133.818 3
F 133.818 1 42
P 133.819 5
F 133.821 2 42
F 133.822 3 42
F 133.822 5 42
T 134.197 4 1354 2208 42
T 134.248 4 1355 2208 42
T 134.248 6 1354 2208 42
T 134.300 4 1356 2208 42
T 134.300 6 1355 2208 42
T 134.300 5 1354 2208 42
T 134.391 4 1357 2208 42
T 134.391 6 1356 2208 42
T 134.391 5 1355 2208 42
T 134.391 2 1354 2208 42
T 134.392 8 1354 2209 42
T 134.392 7 1354 2208 42
T 134.392 1 1354 2208 42
T 134.392 3 1354 2209 42
T 134.412 4 1358 2208 42
T 134.412 6 1357 2208 42
T 134.412 5 1356 2208 42
T 134.413 2 1355 2208 42
T 134.413 8 1355 2209 42
T 134.413 7 1355 2208 42
T 134.413 1 1355 2208 42
T 134.413 3 1355 2209 42
T 134.434 4 1359 2208 42
T 134.434 6 1358 2208 42
T 134.434 5 1357 2208 42
T 134.434 2 1356 2208 42
T 134.434 8 1356 2209 42
T 134.434 7 1356 2208 42
T 134.434 1 1356 2208 42
T 134.434 3 1356 2209 42
T 134.456 4 1360 2208 42
T 134.456 6 1359 2208 42
T 134.456 5 1358 2208 42
T 134.456 2 1357 2208 42
T 134.456 8 1357 2209 42
T 134.456 7 1357 2208 42
T 134.456 1 1357 2208 42
T 134.456 3 1357 2209 42
T 134.477 4 1361 2208 42
T 134.477 6 1360 2208 42
T 134.477 5 1359 2208 42
T 134.477 2 1358 2208 42
T 134.478 8 1358 2209 42
T 134.478 7 1358 2208 42
T 134.478 1 1358 2208 42
T 134.478 3 1358 2209 42
T 134.499 4 1362 2208 42
T 134.499 6 1361 2208 42
T 134.499 5 1360 2208 42
T 134.499 2 1359 2208 42
T 134.499 8 1359 2209 42
T 134.499 7 1359 2208 42
T 134.499 1 1359 2208 42
T 134.500 3 1359 2209 42
T 134.521 4 1363 2208 42
T 134.521 6 1362 2208 42
T 134.521 5 1361 2208 42
T 134.521 2 1360 2208 42
T 134.521 8 1360 2209 42
T 134.521 7 1360 2208 42
T 134.521 1 1360 2208 42
T 134.522 3 1360 2209 42
T 134.543 4 1364 2208 42
T 134.543 6 1363 2208 42
T 134.543 5 1362 2208 42
T 134.543 2 1361 2208 42
T 134.543 8 1361 2209 42
T 134.543 7 1361 2208 42
T 134.543 1 1361 2208 42
T 134.543 3 1361 2209 42
T 134.564 4 1365 2208 42
T 134.565 6 1364 2208 42
T 134.565 5 1363 2208 42
T 134.565 2 1362 2208 42
T 134.565 8 1362 2209 42
T 134.565 7 1362 2208 42
T 134.565 1 1362 2208 42
T 134.565 3 1362 2209 42
T 134.587 4 1366 2208 42
T 134.587 6 1365 2208 42
T 134.587 5 1364 2208 42
T 134.587 2 1363 2208 42
T 134.587 8 1363 2209 42
T 134.587 7 1363 2208 42
T 134.587 1 1363 2208 42
T 134.587 3 1363 2209 42
T 134.608 4 1367 2208 42
T 134.608 6 1366 2208 42
T 134.609 5 1365 2208 42
T 134.609 2 1364 2208 42
T 134.609 8 1364 2209 42
T 134.609 7 1364 2208 42
T 134.609 1 1364 2208 42
T 134.609 3 1364 2209 42
T 134.630 4 1368 2208 42
T 134.630 6 1367 2208 42
T 134.630 5 1366 2208 42
T 134.630 2 1365 2208 42
T 134.630 8 1365 2209 42
T 134.630 7 1365 2208 42
T 134.631 1 1365 2208 42
T 134.631 3 1365 2209 42
T 134.652 4 1369 2208 42
T 134.652 6 1368 2208 42
T 134.652 5 1367 2208 42
T 134.652 2 1366 2208 42
T 134.652 8 1366 2209 42
T 134.653 7 1366 2208 42
T 134.653 1 1366 2208 42
T 134.653 3 1366 2209 42
T 134.674 4 1370 2208 42
T 134.674 6 1369 2208 42
T 134.674 5 1368 2208 42
T 134.674 2 1367 2208 42
T 134.674 8 1367 2209 42
T 134.674 7 1367 2208 42
T 134.675 1 1367 2208 42
T 134.675 3 1367 2209 42
T 134.696 4 1371 2208 42
T 134.696 6 1370 2208 42
T 134.696 5 1369 2208 42
T 134.696 2 1368 2208 42
T 134.696 8 1368 2209 42
T 134.696 7 1368 2208 42
T 134.696 1 1368 2208 42
T 134.697 3 1368 2209 42
T 134.718 4 1372 2208 42
T 134.718 6 1371 2208 42
T 134.718 5 1370 2208 42
T 134.718 2 1369 2208 42
T 134.718 8 1369 2209 42
T 134.718 7 1369 2208 42
T 134.718 1 1369 2208 42
T 134.718 3 1369 2209 42
T 134.740 4 1373 2208 42
T 134.740 6 1372 2208 42
T 134.740 5 1371 2208 42
T 134.740 2 1370 2208 42
T 134.740 8 1370 2209 42
T 134.740 7 1370 2208 42
T 134.740 1 1370 2208 42
T 134.740 3 1370 2209 42
T 134.762 4 1374 2208 42
T 134.762 6 1373 2208 42
T 134.762 5 1372 2208 42
T 134.762 2 1371 2208 42
T 134.762 8 1371 2209 42
T 134.762 7 1371 2208 42
T 134.762 1 1371 2208 42
T 134.762 3 1371 2209 42
T 134.783 4 1375 2208 42
T 134.783 6 1374 2208 42
T 134.784 5 1373 2208 42
T 134.784 2 1372 2208 42
T 134.784 8 1372 2209 42
T 134.784 7 1372 2208 42
T 134.784 1 1372 2208 42
T 134.784 3 1372 2209 42
T 134.805 4 1376 2208 42
T 134.806 6 1375 2208 42
T 134.806 5 1374 2208 42
T 134.806 2 1373 2208 42
T 134.806 8 1373 2209 42
T 134.806 7 1373 2208 42
T 134.806 1 1373 2208 42
T 134.806 3 1373 2209 42
T 134.827 4 1377 2208 42
T 134.827 6 1376 2208 42
T 134.827 5 1375 2208 42
T 134.828 2 1374 2208 42
T 134.828 8 1374 2209 42
T 134.828 7 1374 2208 42
T 134.828 1 1374 2208 42
T 134.828 3 1374 2209 42
T 134.849 4 1378 2208 42
T 134.850 6 1377 2208 42
T 134.850 5 1376 2208 42
T 134.850 2 1375 2208 42
T 134.850 8 1375 2209 42
T 134.850 7 1375 2208 42
T 134.850 1 1375 2208 42
T 134.850 3 1375 2209 42
T 134.871 4 1379 2208 42
T 134.871 6 1378 2208 42
T 134.871 5 1377 2208 42
T 134.872 2 1376 2208 42
T 134.872 8 1376 2209 42
T 134.872 7 1376 2208 42
T 134.872 1 1376 2208 42
T 134.872 3 1376 2209 42
T 134.893 4 1380 2208 42
T 134.893 6 1379 2208 42
T 134.893 5 1378 2208 42
T 134.894 2 1377 2208 42
T 134.894 8 1377 2209 42
T 134.894 7 1377 2208 42
T 134.894 1 1377 2208 42
T 134.894 3 1377 2209 42
T 134.915 4 1381 2208 42
T 134.915 6 1380 2208 42
T 134.915 5 1379 2208 42
T 134.915 2 1378 2208 42
T 134.916 8 1378 2209 42
T 134.916 7 1378 2208 42
T 134.916 1 1378 2208 42
T 134.916 3 1378 2209 42
T 134.937 4 1382 2208 42
T 134.937 6 1381 2208 42
T 134.937 5 1380 2208 42
T 134.937 2 1379 2208 42
T 134.937 8 1379 2209 42
T 134.938 7 1379 2208 42
T 134.938 1 1379 2208 42
T 134.938 3 1379 2209 42
T 134.959 4 1383 2208 42
T 134.959 6 1382 2208 42
T 134.959 5 1381 2208 42
T 134.959 2 1380 2208 42
T 134.959 8 1380 2209 42
T 134.960 7 1380 2208 42
T 134.960 1 1380 2208 42
T 134.960 3 1380 2209 42
T 134.981 4 1384 2208 42
T 134.981 6 1383 2208 42
T 134.982 5 1382 2208 42
T 134.982 2 1381 2208 42
T 134.982 8 1381 2209 42
T 134.982 7 1381 2208 42
T 134.982 1 1381 2208 42
T 134.982 3 1381 2209 42
T 135.004 4 1385 2208 42
T 135.004 6 1384 2208 42
T 135.004 5 1383 2208 42
T 135.004 2 1382 2208 42
T 135.004 8 1382 2209 42
T 135.004 7 1382 2208 42
T 135.005 1 1382 2208 42
T 135.005 3 1382 2209 42
T 135.026 4 1386 2208 42
T 135.026 6 1385 2208 42
T 135.026 5 1384 2208 42
T 135.026 2 1383 2208 42
T 135.027 8 1383 2209 42
T 135.027 7 1383 2208 42
T 135.027 1 1383 2208 42
T 135.027 3 1383 2209 42
T 135.048 6 1386 2208 42
T 135.048 5 1385 2208 42
T 135.048 2 1384 2208 42
T 135.049 8 1384 2209 42
T 135.049 7 1384 2208 42
T 135.049 1 1384 2208 42
T 135.049 3 1384 2209 42
T 135.070 5 1386 2208 42
T 135.070 2 1385 2208 42
T 135.070 8 1385 2209 42
T 135.070 7 1385 2208 42
T 135.070 1 1385 2208 42
T 135.071 3 1385 2209 42
T 135.092 2 1386 2208 42
T 135.092 8 1386 2209 42
T 135.092 7 1386 2208 42
T 135.092 1 1386 2208 42
T 135.093 3 1386 2209 42
P 135.811 2
F 135.811 2 43
P 135.811 3
P 135.813 5
F 135.813 3 43
P 135.813 4
F 135.813 5 43
P 135.814 6
F 135.815 4 43
P 135.815 7
F 135.816 6 43
P 135.817 8
F 135.817 7 43
P 135.819 1
F 135.819 8 43
F 135.822 1 43
T 136.247 2 1387 2261 43
T 136.302 2 1388 2261 43
T 136.302 6 1387 2261 43
T 136.395 2 1389 2261 43
T 136.395 6 1388 2261 43
T 136.395 4 1387 2261 43
T 136.395 5 1387 2261 43
T 136.396 8 1387 2262 43
T 136.396 7 1387 2261 43
T 136.396 1 1387 2261 43
T 136.396 3 1387 2262 43
T 136.417 2 1390 2261 43
T 136.417 6 1389 2261 43
T 136.417 4 1388 2261 43
T 136.417 5 1388 2261 43
T 136.418 8 1388 2262 43
T 136.418 7 1388 2261 43
T 136.418 1 1388 2261 43
T 136.418 3 1388 2262 43
T 136.438 2 1391 2261 43
T 136.439 6 1390 2261 43
T 136.439 4 1389 2261 43
T 136.439 5 1389 2261 43
T 136.439 8 1389 2262 43
T 136.439 7 1389 2261 43
T 136.439 1 1389 2261 43
T 136.439 3 1389 2262 43
T 136.459 2 1392 2261 43
T 136.460 6 1391 2261 43
T 136.460 4 1390 2261 43
T 136.460 5 1390 2261 43
T 136.460 8 1390 2262 43
T 136.460 7 1390 2261 43
T 136.460 1 1390 2261 43
T 136.460 3 1390 2262 43
T 136.481 2 1393 2261 43
T 136.481 6 1392 2261 43
T 136.481 4 1391 2261 43
T 136.482 5 1391 2261 43
T 136.482 8 1391 2262 43
T 136.482 7 1391 2261 43
T 136.482 1 1391 2261 43
T 136.482 3 1391 2262 43
T 136.503 2 1394 2261 43
T 136.503 6 1393 2261 43
T 136.503 4 1392 2261 43
T 136.503 5 1392 2261 43
T 136.503 8 1392 2262 43
T 136.503 7 1392 2261 43
T 136.503 1 1392 2261 43
T 136.503 3 1392 2262 43
T 136.525 2 1395 2261 43
T 136.525 6 1394 2261 43
T 136.525 4 1393 2261 43
T 136.525 5 1393 2261 43
T 136.525 8 1393 2262 43
T 136.525 7 1393 2261 43
T 136.525 1 1393 2261 43
T 136.525 3 1393 2262 43
T 136.546 2 1396 2261 43
T 136.547 6 1395 2261 43
T 136.547 4 1394 2261 43
T 136.547 5 1394 2261 43
T 136.547 8 1394 2262 43
T 136.547 7 1394 2261 43
T 136.547 1 1394 2261 43
T 136.547 3 1394 2262 43
T 136.568 2 1397 2261 43
T 136.568 6 1396 2261 43
T 136.569 4 1395 2261 43
T 136.569 5 1395 2261 43
T 136.569 8 1395 2262 43
T 136.569 7 1395 2261 43
T 136.569 1 1395 2261 43
T 136.569 3 1395 2262 43
T 136.591 2 1398 2261 43
T 136.591 6 1397 2261 43
T 136.591 4 1396 2261 43
T 136.591 5 1396 2261 43
T 136.591 8 1396 2262 43
T 136.591 7 1396 2261 43
T 136.591 1 1396 2261 43
T 136.591 3 1396 2262 43
T 136.612 2 1399 2261 43
T 136.612 6 1398 2261 43
T 136.612 4 1397 2261 43
T 136.613 5 1397 2261 43
T 136.613 8 1397 2262 43
T 136.613 7 1397 2261 43
T 136.613 1 1397 2261 43
T 136.613 3 1397 2262 43
T 136.634 2 1400 2261 43
T 136.634 6 1399 2261 43
T 136.634 4 1398 2261 43
T 136.634 5 1398 2261 43
T 136.634 8 1398 2262 43
T 136.634 7 1398 2261 43
T 136.634 1 1398 2261 43
T 136.635 3 1398 2262 43
T 136.656 2 1401 2261 43
T 136.656 6 1400 2261 43
T 136.656 4 1399 2261 43
T 136.656 5 1399 2261 43
T 136.656 8 1399 2262 43
T 136.656 7 1399 2261 43
T 136.656 1 1399 2261 43
T 136.656 3 1399 2262 43
T 136.677 2 1402 2261 43
T 136.678 6 1401 2261 43
T 136.678 4 1400 2261 43
T 136.678 5 1400 2261 43
T 136.678 8 1400 2262 43
T 136.678 7 1400 2261 43
T 136.678 1 1400 2261 43
T 136.678 3 1400 2262 43
T 136.699 2 1403 2261 43
T 136.699 6 1402 2261 43
T 136.700 4 1401 2261 43
T 136.700 5 1401 2261 43
T 136.700 8 1401 2262 43
T 136.700 7 1401 2261 43
T 136.700 1 1401 2261 43
T 136.700 3 1401 2262 43
T 136.721 2 1404 2261 43
T 136.721 6 1403 2261 43
T 136.721 4 1402 2261 43
T 136.721 5 1402 2261 43
T 136.722 8 1402 2262 43
T 136.722 7 1402 2261 43
T 136.722 1 1402 2261 43
T 136.722 3 1402 2262 43
T 136.743 2 1405 2261 43
T 136.743 6 1404 2261 43
T 136.743 4 1403 2261 43
T 136.743 5 1403 2261 43
T 136.743 8 1403 2262 43
T 136.744 7 1403 2261 43
T 136.744 1 1403 2261 43
T 136.744 3 1403 2262 43
T 136.765 2 1406 2261 43
T 136.765 6 1405 2261 43
T 136.765 4 1404 2261 43
T 136.765 5 1404 2261 43
T 136.765 8 1404 2262 43
T 136.765 7 1404 2261 43
T 136.765 1 1404 2261 43
T 136.765 3 1404 2262 43
T 136.787 2 1407 2261 43
T 136.787 6 1406 2261 43
T 136.787 4 1405 2261 43
T 136.787 5 1405 2261 43
T 136.787 8 1405 2262 43
T 136.787 7 1405 2261 43
T 136.787 1 1405 2261 43
T 136.787 3 1405 2262 43
T 136.808 2 1408 2261 43
T 136.809 6 1407 2261 43
T 136.809 4 1406 2261 43
T 136.809 5 1406 2261 43
T 136.809 8 1406 2262 43
T 136.809 7 1406 2261 43
T 136.809 1 1406 2261 43
T 136.809 3 1406 2262 43
T 136.830 2 1409 2261 43
T 136.830 6 1408 2261 43
T 136.831 4 1407 2261 43
T 136.831 5 1407 2261 43
T 136.831 8 1407 2262 43
T 136.831 7 1407 2261 43
T 136.831 1 1407 2261 43
T 136.831 3 1407 2262 43
T 136.852 2 1410 2261 43
T 136.852 6 1409 2261 43
T 136.852 4 1408 2261 43
T 136.853 5 1408 2261 43
T 136.853 8 1408 2262 43
T 136.853 7 1408 2261 43
T 136.853 1 1408 2261 43
T 136.853 3 1408 2262 43
T 136.874 2 1411 2261 43
T 136.874 6 1410 2261 43
T 136.874 4 1409 2261 43
T 136.874 5 1409 2261 43
T 136.874 8 1409 2262 43
T 136.875 7 1409 2261 43
T 136.875 1 1409 2261 43
T 136.875 3 1409 2262 43
T 136.896 2 1412 2261 43
T 136.896 6 1411 2261 43
T 136.896 4 1410 2261 43
T 136.896 5 1410 2261 43
T 136.896 8 1410 2262 43
T 136.896 7 1410 2261 43
T 136.896 1 1410 2261 43
T 136.897 3 1410 2262 43
T 136.918 2 1413 2261 43
T 136.918 6 1412 2261 43
T 136.918 4 1411 2261 43
T 136.918 5 1411 2261 43
T 136.918 8 1411 2262 43
T 136.918 7 1411 2261 43
T 136.919 1 1411 2261 43
T 136.919 3 1411 2262 43
T 136.940 2 1414 2261 43
T 136.940 6 1413 2261 43
T 136.940 4 1412 2261 43
T 136.940 5 1412 2261 43
T 136.940 8 1412 2262 43
T 136.940 7 1412 2261 43
T 136.941 1 1412 2261 43
T 136.941 3 1412 2262 43
T 136.962 2 1415 2261 43
T 136.962 6 1414 2261 43
T 136.962 4 1413 2261 43
T 136.962 5 1413 2261 43
T 136.962 8 1413 2262 43
T 136.962 7 1413 2261 43
T 136.962 1 1413 2261 43
T 136.962 3 1413 2262 43
T 136.984 2 1416 2261 43
T 136.984 6 1415 2261 43
T 136.984 4 1414 2261 43
T 136.984 5 1414 2261 43
T 136.984 8 1414 2262 43
T 136.985 7 1414 2261 43
T 136.985 1 1414 2261 43
T 136.985 3 1414 2262 43
T 137.005 2 1417 2261 43
T 137.006 6 1416 2261 43
T 137.006 4 1415 2261 43
T 137.006 5 1415 2261 43
T 137.006 8 1415 2262 43
T 137.006 7 1415 2261 43
T 137.006 1 1415 2261 43
T 137.006 3 1415 2262 43
T 137.028 2 1418 2261 43
T 137.028 6 1417 2261 43
T 137.028 4 1416 2261 43
T 137.028 5 1416 2261 43
T 137.028 8 1416 2262 43
T 137.028 7 1416 2261 43
T 137.028 1 1416 2261 43
T 137.028 3 1416 2262 43
T 137.050 2 1419 2261 43
T 137.050 6 1418 2261 43
T 137.050 4 1417 2261 43
T 137.050 5 1417 2261 43
T 137.050 8 1417 2262 43
T 137.051 7 1417 2261 43
T 137.051 1 1417 2261 43
T 137.051 3 1417 2262 43
T 137.072 6 1419 2261 43
T 137.072 4 1418 2261 43
T 137.072 5 1418 2261 43
T 137.073 8 1418 2262 43
T 137.073 7 1418 2261 43
T 137.073 1 1418 2261 43
T 137.073 3 1418 2262 43
T 137.095 4 1419 2261 43
T 137.095 5 1419 2261 43
T 137.095 8 1419 2262 43
T 137.095 7 1419 2261 43
T 137.095 1 1419 2261 43
T 137.095 3 1419 2262 43
P 137.812 8
P 137.812 1
F 137.812 8 44
P 137.812 2
F 137.813 1 44
P 137.813 3
F 137.814 2 44
P 137.816 5
F 137.816 3 44
P 137.816 4
F 137.817 5 44
P 137.818 6
F 137.819 4 44
P 137.820 7
F 137.821 6 44
F 137.825 7 44
T 138.213 1 1420 2314 44
T 138.221 1 1421 2314 44
T 138.221 8 1420 2315 44
T 138.275 1 1422 2314 44
T 138.275 8 1421 2315 44
T 138.326 1 1423 2314 44
T 138.326 8 1422 2315 44
T 138.326 2 1420 2314 44
T 138.418 1 1424 2314 44
T 138.418 8 1423 2315 44
T 138.418 2 1421 2314 44
T 138.418 6 1420 2314 44
T 138.419 4 1420 2314 44
T 138.419 5 1420 2314 44
T 138.419 7 1420 2314 44
T 138.419 3 1420 2315 44
T 138.439 1 1425 2314 44
T 138.439 8 1424 2315 44
T 138.440 2 1422 2314 44
T 138.440 6 1421 2314 44
T 138.440 4 1421 2314 44
T 138.440 5 1421 2314 44
T 138.440 7 1421 2314 44
T 138.440 3 1421 2315 44
T 138.461 1 1426 2314 44
T 138.461 8 1425 2315 44
T 138.461 2 1423 2314 44
T 138.461 6 1422 2314 44
T 138.461 4 1422 2314 44
T 138.461 5 1422 2314 44
T 138.461 7 1422 2314 44
T 138.461 3 1422 2315 44
T 138.483 1 1427 2314 44
T 138.483 8 1426 2315 44
T 138.483 2 1424 2314 44
T 138.483 6 1423 2314 44
T 138.483 4 1423 2314 44
T 138.483 5 1423 2314 44
T 138.483 7 1423 2314 44
T 138.483 3 1423 2315 44
T 138.504 1 1428 2314 44
T 138.504 8 1427 2315 44
T 138.505 2 1425 2314 44
T 138.505 6 1424 2314 44
T 138.505 4 1424 2314 44
T 138.505 5 1424 2314 44
T 138.505 7 1424 2314 44
T 138.505 3 1424 2315 44
T 138.526 1 1429 2314 44
T 138.527 8 1428 2315 44
T 138.527 2 1426 2314 44
T 138.527 6 1425 2314 44
T 138.527 4 1425 2314 44
T 138.527 5 1425 2314 44
T 138.527 7 1425 2314 44
T 138.527 3 1425 2315 44
T 138.548 1 1430 2314 44
T 138.548 8 1429 2315 44
T 138.548 2 1427 2314 44
T 138.548 6 1426 2314 44
T 138.548 4 1426 2314 44
T 138.549 5 1426 2314 44
T 138.549 7 1426 2314 44
T 138.549 3 1426 2315 44
T 138.570 1 1431 2314 44
T 138.570 8 1430 2315 44
T 138.570 2 1428 2314 44
T 138.570 6 1427 2314 44
T 138.570 4 1427 2314 44
T 138.570 5 1427 2314 44
T 138.570 7 1427 2314 44
T 138.570 3 1427 2315 44
T 138.592 1 1432 2314 44
T 138.592 8 1431 2315 44
T 138.592 2 1429 2314 44
T 138.592 6 1428 2314 44
T 138.592 4 1428 2314 44
T 138.592 5 1428 2314 44
T 138.592 7 1428 2314 44
T 138.592 3 1428 2315 44
T 138.614 1 1433 2314 44
T 138.614 8 1432 2315 44
T 138.614 2 1430 2314 44
T 138.614 6 1429 2314 44
T 138.614 4 1429 2314 44
T 138.614 5 1429 2314 44
T 138.615 7 1429 2314 44
T 138.615 3 1429 2315 44
T 138.635 1 1434 2314 44
T 138.636 8 1433 2315 44
T 138.636 2 1431 2314 44
T 138.636 6 1430 2314 44
T 138.636 4 1430 2314 44
T 138.636 5 1430 2314 44
T 138.636 7 1430 2314 44
T 138.636 3 1430 2315 44
T 138.657 1 1435 2314 44
T 138.657 8 1434 2315 44
T 138.657 2 1432 2314 44
T 138.658 6 1431 2314 44
T 138.658 4 1431 2314 44
T 138.658 5 1431 2314 44
T 138.658 7 1431 2314 44
T 138.658 3 1431 2315 44
T 138.679 1 1436 2314 44
T 138.679 8 1435 2315 44
T 138.679 2 1433 2314 44
T 138.679 6 1432 2314 44
T 138.679 4 1432 2314 44
T 138.680 5 1432 2314 44
T 138.680 7 1432 2314 44
T 138.680 3 1432 2315 44
T 138.701 1 1437 2314 44
T 138.701 8 1436 2315 44
T 138.701 2 1434 2314 44
T 138.701 6 1433 2314 44
T 138.702 4 1433 2314 44
T 138.702 5 1433 2314 44
T 138.702 7 1433 2314 44
T 138.702 3 1433 2315 44
T 138.723 1 1438 2314 44
T 138.723 8 1437 2315 44
T 138.723 2 1435 2314 44
T 138.723 6 1434 2314 44
T 138.724 4 1434 2314 44
T 138.724 5 1434 2314 44
T 138.724 7 1434 2314 44
T 138.724 3 1434 2315 44
T 138.745 1 1439 2314 44
T 138.745 8 1438 2315 44
T 138.745 2 1436 2314 44
T 138.745 6 1435 2314 44
T 138.745 4 1435 2314 44
T 138.745 5 1435 2314 44
T 138.746 7 1435 2314 44
T 138.746 3 1435 2315 44
T 138.767 1 1440 2314 44
T 138.767 8 1439 2315 44
T 138.767 2 1437 2314 44
T 138.767 6 1436 2314 44
T 138.767 4 1436 2314 44
T 138.767 5 1436 2314 44
T 138.767 7 1436 2314 44
T 138.768 3 1436 2315 44
T 138.789 1 1441 2314 44
T 138.789 8 1440 2315 44
T 138.789 2 1438 2314 44
T 138.789 6 1437 2314 44
T 138.789 4 1437 2314 44
T 138.789 5 1437 2314 44
T 138.789 7 1437 2314 44
T 138.789 3 1437 2315 44
T 138.811 1 1442 2314 44
T 138.811 8 1441 2315 44
T 138.811 2 1439 2314 44
T 138.811 6 1438 2314 44
T 138.811 4 1438 2314 44
T 138.811 5 1438 2314 44
T 138.811 7 1438 2314 44
T 138.811 3 1438 2315 44
T 138.833 1 1443 2314 44
T 138.834 8 1442 2315 44
T 138.834 2 1440 2314 44
T 138.834 6 1439 2314 44
T 138.834 4 1439 2314 44
T 138.834 5 1439 2314 44
T 138.834 7 1439 2314 44
T 138.834 3 1439 2315 44
T 138.855 1 1444 2314 44
T 138.855 8 1443 2315 44
T 138.855 2 1441 2314 44
T 138.855 6 1440 2314 44
T 138.856 4 1440 2314 44
T 138.856 5 1440 2314 44
T 138.856 7 1440 2314 44
T 138.856 3 1440 2315 44
T 138.877 1 1445 2314 44
T 138.877 8 1444 2315 44
T 138.877 2 1442 2314 44
T 138.877 6 1441 2314 44
T 138.877 4 1441 2314 44
T 138.877 5 1441 2314 44
T 138.878 7 1441 2314 44
T 138.878 3 1441 2315 44
T 138.899 1 1446 2314 44
T 138.899 8 1445 2315 44
T 138.899 2 1443 2314 44
T 138.899 6 1442 2314 44
T 138.899 4 1442 2314 44
T 138.899 5 1442 2314 44
T 138.899 7 1442 2314 44
T 138.899 3 1442 2315 44
T 138.921 1 1447 2314 44
T 138.921 8 1446 2315 44
T 138.921 2 1444 2314 44
T 138.921 6 1443 2314 44
T 138.921 4 1443 2314 44
T 138.921 5 1443 2314 44
T 138.921 7 1443 2314 44
T 138.921 3 1443 2315 44
T 138.943 1 1448 2314 44
T 138.943 8 1447 2315 44
T 138.943 2 1445 2314 44
T 138.943 6 1444 2314 44
T 138.943 4 1444 2314 44
T 138.943 5 1444 2314 44
T 138.943 7 1444 2314 44
T 138.943 3 1444 2315 44
T 138.965 1 1449 2314 44
T 138.965 8 1448 2315 44
T 138.965 2 1446 2314 44
T 138.965 6 1445 2314 44
T 138.965 4 1445 2314 44
T 138.965 5 1445 2314 44
T 138.965 7 1445 2314 44
T 138.965 3 1445 2315 44
T 138.987 1 1450 2314 44
T 138.987 8 1449 2315 44
T 138.987 2 1447 2314 44
T 138.987 6 1446 2314 44
T 138.987 4 1446 2314 44
T 138.988 5 1446 2314 44
T 138.988 7 1446 2314 44
T 138.988 3 1446 2315 44
T 139.009 1 1451 2314 44
T 139.009 8 1450 2315 44
T 139.009 2 1448 2314 44
T 139.009 6 1447 2314 44
T 139.009 4 1447 2314 44
T 139.009 5 1447 2314 44
T 139.009 7 1447 2314 44
T 139.009 3 1447 2315 44
T 139.031 1 1452 2314 44
T 139.031 8 1451 2315 44
T 139.031 2 1449 2314 44
T 139.032 6 1448 2314 44
T 139.032 4 1448 2314 44
T 139.032 5 1448 2314 44
T 139.032 7 1448 2314 44
T 139.032 3 1448 2315 44
T 139.053 8 1452 2315 44
T 139.054 2 1450 2314 44
T 139.054 6 1449 2314 44
T 139.054 4 1449 2314 44
T 139.054 5 1449 2314 44
T 139.054 7 1449 2314 44
T 139.054 3 1449 2315 44
T 139.076 2 1451 2314 44
T 139.076 6 1450 2314 44
T 139.076 4 1450 2314 44
T 139.076 5 1450 2314 44
T 139.076 7 1450 2314 44
T 139.076 3 1450 2315 44
T 139.098 2 1452 2314 44
T 139.098 6 1451 2314 44
T 139.098 4 1451 2314 44
T 139.098 5 1451 2314 44
T 139.098 7 1451 2314 44
T 139.099 3 1451 2315 44
T 139.121 6 1452 2314 44
T 139.121 4 1452 2314 44
T 139.121 5 1452 2314 44
T 139.121 7 1452 2314 44
T 139.121 3 1452 2315 44
P 139.813 8
P 139.813 1
P 139.815 2
F 139.813 8 45
P 139.815 3
F 139.816 1 45
P 139.818 5
P 139.819 4
P 139.819 6
P 139.819 7
F 139.820 2 45
F 139.821 3 45
F 139.821 5 45
F 139.823 4 45
F 139.824 6 45
F 139.825 7 45
T 140.132 8 1453 2368 45
T 140.193 8 1454 2368 45
T 140.243 8 1455 2368 45
T 140.243 6 1453 2367 45
T 140.297 8 1456 2368 45
T 140.297 6 1454 2367 45
T 140.297 1 1453 2367 45
T 140.297 2 1453 2367 45
T 140.352 8 1457 2368 45
T 140.352 6 1455 2367 45
T 140.352 1 1454 2367 45
T 140.352 2 1454 2367 45
T 140.352 4 1453 2367 45
T 140.352 5 1453 2367 45
T 140.352 7 1453 2367 45
T 140.352 3 1453 2368 45
T 140.373 8 1458 2368 45
T 140.373 6 1456 2367 45
T 140.373 1 1455 2367 45
T 140.373 2 1455 2367 45
T 140.373 4 1454 2367 45
T 140.373 5 1454 2367 45
T 140.374 7 1454 2367 45
T 140.374 3 1454 2368 45
T 140.395 8 1459 2368 45
T 140.395 6 1457 2367 45
T 140.395 1 1456 2367 45
T 140.396 2 1456 2367 45
T 140.396 4 1455 2367 45
T 140.396 5 1455 2367 45
T 140.396 7 1455 2367 45
T 140.396 3 1455 2368 45
T 140.417 8 1460 2368 45
T 140.417 6 1458 2367 45
T 140.417 1 1457 2367 45
T 140.417 2 1457 2367 45
T 140.417 4 1456 2367 45
T 140.417 5 1456 2367 45
T 140.418 7 1456 2367 45
T 140.418 3 1456 2368 45
T 140.439 8 1461 2368 45
T 140.439 6 1459 2367 45
T 140.439 1 1458 2367 45
T 140.439 2 1458 2367 45
T 140.439 4 1457 2367 45
T 140.439 5 1457 2367 45
T 140.439 7 1457 2367 45
T 140.439 3 1457 2368 45
T 140.461 8 1462 2368 45
T 140.461 6 1460 2367 45
T 140.461 1 1459 2367 45
T 140.461 2 1459 2367 45
T 140.461 4 1458 2367 45
T 140.461 5 1458 2367 45
T 140.461 7 1458 2367 45
T 140.461 3 1458 2368 45
T 140.482 8 1463 2368 45
T 140.483 6 1461 2367 45
T 140.483 1 1460 2367 45
T 140.483 2 1460 2367 45
T 140.483 4 1459 2367 45
T 140.483 5 1459 2367 45
T 140.483 7 1459 2367 45
T 140.483 3 1459 2368 45
T 140.505 8 1464 2368 45
T 140.505 6 1462 2367 45
T 140.505 1 1461 2367 45
T 140.505 2 1461 2367 45
T 140.506 4 1460 2367 45
T 140.506 5 1460 2367 45
T 140.507 7 1460 2367 45
T 140.507 3 1460 2368 45
T 140.527 8 1465 2368 45
T 140.527 6 1463 2367 45
T 140.527 1 1462 2367 45
T 140.527 2 1462 2367 45
T 140.527 4 1461 2367 45
T 140.527 5 1461 2367 45
T 140.527 7 1461 2367 45
T 140.527 3 1461 2368 45
T 140.548 8 1466 2368 45
T 140.548 6 1464 2367 45
T 140.548 1 1463 2367 45
T 140.548 2 1463 2367 45
T 140.549 4 1462 2367 45
T 140.549 5 1462 2367 45
T 140.549 7 1462 2367 45
T 140.549 3 1462 2368 45
T 140.570 8 1467 2368 45
T 140.570 6 1465 2367 45
T 140.570 1 1464 2367 45
T 140.570 2 1464 2367 45
T 140.570 4 1463 2367 45
T 140.571 5 1463 2367 45
T 140.571 7 1463 2367 45
T 140.571 3 1463 2368 45
T 140.592 8 1468 2368 45
T 140.592 6 1466 2367 45
T 140.592 1 1465 2367 45
T 140.592 2 1465 2367 45
T 140.593 4 1464 2367 45
T 140.593 5 1464 2367 45
T 140.593 7 1464 2367 45
T 140.593 3 1464 2368 45
T 140.614 8 1469 2368 45
T 140.614 6 1467 2367 45
T 140.614 1 1466 2367 45
T 140.615 2 1466 2367 45
T 140.615 4 1465 2367 45
T 140.615 5 1465 2367 45
T 140.615 7 1465 2367 45
T 140.615 3 1465 2368 45
T 140.636 8 1470 2368 45
T 140.636 6 1468 2367 45
T 140.636 1 1467 2367 45
T 140.636 2 1467 2367 45
T 140.636 4 1466 2367 45
T 140.636 5 1466 2367 45
T 140.637 7 1466 2367 45
T 140.637 3 1466 2368 45
T 140.658 8 1471 2368 45
T 140.658 6 1469 2367 45
T 140.658 1 1468 2367 45
T 140.658 2 1468 2367 45
T 140.658 4 1467 2367 45
T 140.658 5 1467 2367 45
T 140.659 7 1467 2367 45
T 140.659 3 1467 2368 45
T 140.680 8 1472 2368 45
T 140.680 6 1470 2367 45
T 140.680 1 1469 2367 45
T 140.680 2 1469 2367 45
T 140.680 4 1468 2367 45
T 140.681 5 1468 2367 45
T 140.681 7 1468 2367 45
T 140.681 3 1468 2368 45
T 140.702 8 1473 2368 45
T 140.702 6 1471 2367 45
T 140.702 1 1470 2367 45
T 140.702 2 1470 2367 45
T 140.702 4 1469 2367 45
T 140.702 5 1469 2367 45
T 140.703 7 1469 2367 45
T 140.703 3 1469 2368 45
T 140.724 8 1474 2368 45
T 140.724 6 1472 2367 45
T 140.724 1 1471 2367 45
T 140.724 2 1471 2367 45
T 140.724 4 1470 2367 45
T 140.724 5 1470 2367 45
T 140.724 7 1470 2367 45
T 140.724 3 1470 2368 45
T 140.746 8 1475 2368 45
T 140.746 6 1473 2367 45
T 140.746 1 1472 2367 45
T 140.746 2 1472 2367 45
T 140.746 4 1471 2367 45
T 140.746 5 1471 2367 45
T 140.746 7 1471 2367 45
T 140.746 3 1471 2368 45
T 140.768 8 1476 2368 45
T 140.768 6 1474 2367 45
T 140.768 1 1473 2367 45
T 140.768 2 1473 2367 45
T 140.768 4 1472 2367 45
T 140.768 5 1472 2367 45
T 140.768 7 1472 2367 45
T 140.768 3 1472 2368 45
T 140.790 8 1477 2368 45
T 140.790 6 1475 2367 45
T 140.790 1 1474 2367 45
T 140.790 2 1474 2367 45
T 140.790 4 1473 2367 45
T 140.790 5 1473 2367 45
T 140.791 7 1473 2367 45
T 140.791 3 1473 2368 45
T 140.812 8 1478 2368 45
T 140.812 6 1476 2367 45
T 140.812 1 1475 2367 45
T 140.812 2 1475 2367 45
T 140.812 4 1474 2367 45
T 140.812 5 1474 2367 45
T 140.812 7 1474 2367 45
T 140.812 3 1474 2368 45
T 140.834 8 1479 2368 45
T 140.834 6 1477 2367 45
T 140.834 1 1476 2367 45
T 140.834 2 1476 2367 45
T 140.834 4 1475 2367 45
T 140.834 5 1475 2367 45
T 140.835 7 1475 2367 45
T 140.835 3 1475 2368 45
T 140.856 8 1480 2368 45
T 140.856 6 1478 2367 45
T 140.856 1 1477 2367 45
T 140.856 2 1477 2367 45
T 140.856 4 1476 2367 45
T 140.856 5 1476 2367 45
T 140.856 7 1476 2367 45
T 140.857 3 1476 2368 45
T 140.878 8 1481 2368 45
T 140.878 6 1479 2367 45
T 140.878 1 1478 2367 45
T 140.878 2 1478 2367 45
T 140.878 4 1477 2367 45
T 140.878 5 1477 2367 45
T 140.878 7 1477 2367 45
T 140.878 3 1477 2368 45
T 140.900 8 1482 2368 45
T 140.900 6 1480 2367 45
T 140.900 1 1479 2367 45
T 140.900 2 1479 2367 45
T 140.900 4 1478 2367 45
T 140.900 5 1478 2367 45
T 140.900 7 1478 2367 45
T 140.900 3 1478 2368 45
T 140.921 8 1483 2368 45
T 140.922 6 1481 2367 45
T 140.922 1 1480 2367 45
T 140.922 2 1480 2367 45
T 140.922 4 1479 2367 45
T 140.922 5 1479 2367 45
T 140.922 7 1479 2367 45
T 140.922 3 1479 2368 45
T 140.944 8 1484 2368 45
T 140.944 6 1482 2367 45
T 140.944 1 1481 2367 45
T 140.944 2 1481 2367 45
T 140.944 4 1480 2367 45
T 140.944 5 1480 2367 45
T 140.945 7 1480 2367 45
T 140.945 3 1480 2368 45
T 140.966 8 1485 2368 45
T 140.966 6 1483 2367 45
T 140.966 1 1482 2367 45
T 140.967 2 1482 2367 45
T 140.967 4 1481 2367 45
T 140.967 5 1481 2367 45
T 140.967 7 1481 2367 45
T 140.967 3 1481 2368 45
T 140.988 6 1484 2367 45
T 140.988 1 1483 2367 45
T 140.988 2 1483 2367 45
T 140.989 4 1482 2367 45
T 140.989 5 1482 2367 45
T 140.989 7 1482 2367 45
T 140.989 3 1482 2368 45
T 141.011 6 1485 2367 45
T 141.011 1 1484 2367 45
T 141.011 2 1484 2367 45
T 141.011 4 1483 2367 45
T 141.011 5 1483 2367 45
T 141.011 7 1483 2367 45
T 141.011 3 1483 2368 45
T 141.033 1 1485 2367 45
T 141.033 2 1485 2367 45
T 141.033 4 1484 2367 45
T 141.033 5 1484 2367 45
T 141.033 7 1484 2367 45
T 141.033 3 1484 2368 45
T 141.054 4 1485 2367 45
T 141.054 5 1485 2367 45
T 141.054 7 1485 2367 45
T 141.055 3 1485 2368 45
P 141.813 4
F 141.814 4 46
P 141.814 6
F 141.814 6 46
P 141.815 7
P 141.817 8
P 141.817 1
P 141.817 2
P 141.817 3
P 141.817 5
F 141.818 7 46
F 141.818 8 46
F 141.820 1 46
F 141.821 2 46
F 141.822 3 46
F 141.825 5 46
T 142.229 4 1486 2420 46
T 142.294 4 1487 2420 46
T 142.295 6 1486 2420 46
T 142.295 5 1486 2420 46
T 142.369 4 1488 2420 46
T 142.369 6 1487 2420 46
T 142.369 5 1487 2420 46
T 142.369 8 1486 2421 46
T 142.369 2 1486 2420 46
T 142.369 3 1486 2421 46
T 142.395 4 1489 2420 46
T 142.395 6 1488 2420 46
T 142.395 5 1488 2420 46
T 142.395 8 1487 2421 46
T 142.395 2 1487 2420 46
T 142.396 3 1487 2421 46
T 142.396 1 1486 2420 46
T 142.396 7 1486 2420 46
T 142.417 4 1490 2420 46
T 142.417 6 1489 2420 46
T 142.417 5 1489 2420 46
T 142.417 8 1488 2421 46
T 142.417 2 1488 2420 46
T 142.418 3 1488 2421 46
T 142.418 1 1487 2420 46
T 142.418 7 1487 2420 46
T 142.439 4 1491 2420 46
T 142.439 6 1490 2420 46
T 142.440 5 1490 2420 46
T 142.440 8 1489 2421 46
T 142.440 2 1489 2420 46
T 142.440 3 1489 2421 46
T 142.440 1 1488 2420 46
T 142.440 7 1488 2420 46
T 142.462 4 1492 2420 46
T 142.462 6 1491 2420 46
T 142.462 5 1491 2420 46
T 142.462 8 1490 2421 46
T 142.462 2 1490 2420 46
T 142.462 3 1490 2421 46
T 142.462 1 1489 2420 46
T 142.462 7 1489 2420 46
T 142.484 4 1493 2420 46
T 142.484 6 1492 2420 46
T 142.484 5 1492 2420 46
T 142.484 8 1491 2421 46
T 142.484 2 1491 2420 46
T 142.484 3 1491 2421 46
T 142.485 1 1490 2420 46
T 142.485 7 1490 2420 46
T 142.506 4 1494 2420 46
T 142.506 6 1493 2420 46
T 142.506 5 1493 2420 46
T 142.506 8 1492 2421 46
T 142.507 2 1492 2420 46
T 142.507 3 1492 2421 46
T 142.507 1 1491 2420 46
T 142.507 7 1491 2420 46
T 142.528 4 1495 2420 46
T 142.529 6 1494 2420 46
T 142.529 5 1494 2420 46
T 142.529 8 1493 2421 46
T 142.529 2 1493 2420 46
T 142.529 3 1493 2421 46
T 142.529 1 1492 2420 46
T 142.529 7 1492 2420 46
T 142.550 4 1496 2420 46
T 142.551 6 1495 2420 46
T 142.551 5 1495 2420 46
T 142.551 8 1494 2421 46
T 142.551 2 1494 2420 46
T 142.551 3 1494 2421 46
T 142.551 1 1493 2420 46
T 142.551 7 1493 2420 46
T 142.573 4 1497 2420 46
T 142.573 6 1496 2420 46
T 142.573 5 1496 2420 46
T 142.573 8 1495 2421 46
T 142.573 2 1495 2420 46
T 142.573 3 1495 2421 46
T 142.573 1 1494 2420 46
T 142.573 7 1494 2420 46
T 142.595 4 1498 2420 46
T 142.595 6 1497 2420 46
T 142.595 5 1497 2420 46
T 142.595 8 1496 2421 46
T 142.595 2 1496 2420 46
T 142.596 3 1496 2421 46
T 142.596 1 1495 2420 46
T 142.596 7 1495 2420 46
T 142.617 4 1499 2420 46
T 142.617 6 1498 2420 46
T 142.617 5 1498 2420 46
T 142.618 8 1497 2421 46
T 142.618 2 1497 2420 46
T 142.618 3 1497 2421 46
T 142.618 1 1496 2420 46
T 142.618 7 1496 2420 46
T 142.639 4 1500 2420 46
T 142.640 6 1499 2420 46
T 142.640 5 1499 2420 46
T 142.640 8 1498 2421 46
T 142.640 2 1498 2420 46
T 142.640 3 1498 2421 46
T 142.640 1 1497 2420 46
T 142.640 7 1497 2420 46
T 142.662 4 1501 2420 46
T 142.662 6 1500 2420 46
T 142.662 5 1500 2420 46
T 142.662 8 1499 2421 46
T 142.662 2 1499 2420 46
T 142.662 3 1499 2421 46
T 142.662 1 1498 2420 46
T 142.662 7 1498 2420 46
T 142.684 4 1502 2420 46
T 142.684 6 1501 2420 46
T 142.684 5 1501 2420 46
T 142.684 8 1500 2421 46
T 142.684 2 1500 2420 46
T 142.684 3 1500 2421 46
T 142.684 1 1499 2420 46
T 142.685 7 1499 2420 46
T 142.706 4 1503 2420 46
T 142.706 6 1502 2420 46
T 142.706 5 1502 2420 46
T 142.706 8 1501 2421 46
T 142.706 2 1501 2420 46
T 142.707 3 1501 2421 46
T 142.707 1 1500 2420 46
T 142.707 7 1500 2420 46
T 142.728 4 1504 2420 46
T 142.728 6 1503 2420 46
T 142.728 5 1503 2420 46
T 142.728 8 1502 2421 46
T 142.729 2 1502 2420 46
T 142.729 3 1502 2421 46
T 142.729 1 1501 2420 46
T 142.729 7 1501 2420 46
T 142.750 4 1505 2420 46
T 142.751 6 1504 2420 46
T 142.751 5 1504 2420 46
T 142.751 8 1503 2421 46
T 142.751 2 1503 2420 46
T 142.751 3 1503 2421 46
T 142.751 1 1502 2420 46
T 142.751 7 1502 2420 46
T 142.773 4 1506 2420 46
T 142.773 6 1505 2420 46
T 142.773 5 1505 2420 46
T 142.773 8 1504 2421 46
T 142.773 2 1504 2420 46
T 142.773 3 1504 2421 46
T 142.773 1 1503 2420 46
T 142.773 7 1503 2420 46
T 142.796 4 1507 2420 46
T 142.796 6 1506 2420 46
T 142.796 5 1506 2420 46
T 142.796 8 1505 2421 46
T 142.796 2 1505 2420 46
T 142.796 3 1505 2421 46
T 142.796 1 1504 2420 46
T 142.796 7 1504 2420 46
T 142.817 4 1508 2420 46
T 142.817 6 1507 2420 46
T 142.817 5 1507 2420 46
T 142.817 8 1506 2421 46
T 142.817 2 1506 2420 46
T 142.817 3 1506 2421 46
T 142.818 1 1505 2420 46
T 142.818 7 1505 2420 46
T 142.839 4 1509 2420 46
T 142.840 6 1508 2420 46
T 142.840 5 1508 2420 46
T 142.840 8 1507 2421 46
T 142.840 2 1507 2420 46
T 142.840 3 1507 2421 46
T 142.840 1 1506 2420 46
T 142.840 7 1506 2420 46
T 142.862 4 1510 2420 46
T 142.862 6 1509 2420 46
T 142.862 5 1509 2420 46
T 142.862 8 1508 2421 46
T 142.862 2 1508 2420 46
T 142.862 3 1508 2421 46
T 142.862 1 1507 2420 46
T 142.862 7 1507 2420 46
T 142.884 4 1511 2420 46
T 142.884 6 1510 2420 46
T 142.884 5 1510 2420 46
T 142.884 8 1509 2421 46
T 142.884 2 1509 2420 46
T 142.884 3 1509 2421 46
T 142.884 1 1508 2420 46
T 142.884 7 1508 2420 46
T 142.906 4 1512 2420 46
T 142.906 6 1511 2420 46
T 142.906 5 1511 2420 46
T 142.906 8 1510 2421 46
T 142.906 2 1510 2420 46
T 142.907 3 1510 2421 46
T 142.907 1 1509 2420 46
T 142.907 7 1509 2420 46
T 142.928 4 1513 2420 46
T 142.928 6 1512 2420 46
T 142.928 5 1512 2420 46
T 142.929 8 1511 2421 46
T 142.929 2 1511 2420 46
T 142.929 3 1511 2421 46
T 142.929 1 1510 2420 46
T 142.929 7 1510 2420 46
T 142.951 4 1514 2420 46
T 142.951 6 1513 2420 46
T 142.951 5 1513 2420 46
T 142.951 8 1512 2421 46
T 142.951 2 1512 2420 46
T 142.951 3 1512 2421 46
T 142.951 1 1511 2420 46
T 142.951 7 1511 2420 46
T 142.973 4 1515 2420 46
T 142.973 6 1514 2420 46
T 142.973 5 1514 2420 46
T 142.973 8 1513 2421 46
T 142.973 2 1513 2420 46
T 142.973 3 1513 2421 46
T 142.973 1 1512 2420 46
T 142.973 7 1512 2420 46
T 142.995 4 1516 2420 46
T 142.995 6 1515 2420 46
T 142.995 5 1515 2420 46
T 142.995 8 1514 2421 46
T 142.995 2 1514 2420 46
T 142.995 3 1514 2421 46
T 142.995 1 1513 2420 46
T 142.996 7 1513 2420 46
T 143.017 4 1517 2420 46
T 143.017 6 1516 2420 46
T 143.018 5 1516 2420 46
T 143.018 8 1515 2421 46
T 143.018 2 1515 2420 46
T 143.018 3 1515 2421 46
T 143.018 1 1514 2420 46
T 143.018 7 1514 2420 46
T 143.040 4 1518 2420 46
T 143.040 6 1517 2420 46
T 143.040 5 1517 2420 46
T 143.041 8 1516 2421 46
T 143.041 2 1516 2420 46
T 143.041 3 1516 2421 46
T 143.041 1 1515 2420 46
T 143.041 7 1515 2420 46
T 143.062 6 1518 2420 46
T 143.063 5 1518 2420 46
T 143.063 8 1517 2421 46
T 143.063 2 1517 2420 46
T 143.063 3 1517 2421 46
T 143.063 1 1516 2420 46
T 143.063 7 1516 2420 46
T 143.085 8 1518 2421 46
T 143.085 2 1518 2420 46
T 143.085 3 1518 2421 46
T 143.085 1 1517 2420 46
T 143.085 7 1517 2420 46
T 143.106 1 1518 2420 46
T 143.106 7 1518 2420 46
P 143.813 7
F 143.814 7 47
P 143.814 8
P 143.815 1
P 143.815 2
P 143.815 3
P 143.815 5
P 143.815 4
P 143.816 6
F 143.816 8 47
F 143.817 1 47
F 143.818 2 47
F 143.819 3 47
F 143.820 5 47
F 143.820 4 47
F 143.821 6 47
T 144.254 6 1519 2473 47
T 144.340 6 1520 2473 47
T 144.340 5 1519 2473 47
T 144.340 8 1519 2474 47
T 144.340 1 1519 2473 47
T 144.340 7 1519 2473 47
T 144.388 6 1521 2473 47
T 144.388 5 1520 2473 47
T 144.388 8 1520 2474 47
T 144.388 1 1520 2473 47
T 144.388 7 1520 2473 47
T 144.388 4 1519 2473 47
T 144.389 2 1519 2473 47
T 144.389 3 1519 2474 47
T 144.409 6 1522 2473 47
T 144.410 5 1521 2473 47
T 144.410 8 1521 2474 47
T 144.410 1 1521 2473 47
T 144.410 7 1521 2473 47
T 144.410 4 1520 2473 47
T 144.410 2 1520 2473 47
T 144.410 3 1520 2474 47
T 144.431 6 1523 2473 47
T 144.432 5 1522 2473 47
T 144.432 8 1522 2474 47
T 144.432 1 1522 2473 47
T 144.432 7 1522 2473 47
T 144.432 4 1521 2473 47
T 144.432 2 1521 2473 47
T 144.432 3 1521 2474 47
T 144.454 6 1524 2473 47
T 144.454 5 1523 2473 47
T 144.454 8 1523 2474 47
T 144.454 1 1523 2473 47
T 144.454 7 1523 2473 47
T 144.454 4 1522 2473 47
T 144.454 2 1522 2473 47
T 144.454 3 1522 2474 47
T 144.476 6 1525 2473 47
T 144.476 5 1524 2473 47
T 144.476 8 1524 2474 47
T 144.476 1 1524 2473 47
T 144.476 7 1524 2473 47
T 144.476 4 1523 2473 47
T 144.477 2 1523 2473 47
T 144.477 3 1523 2474 47
T 144.499 6 1526 2473 47
T 144.499 5 1525 2473 47
T 144.499 8 1525 2474 47
T 144.499 1 1525 2473 47
T 144.499 7 1525 2473 47
T 144.499 4 1524 2473 47
T 144.500 2 1524 2473 47
T 144.500 3 1524 2474 47
T 144.521 6 1527 2473 47
T 144.521 5 1526 2473 47
T 144.521 8 1526 2474 47
T 144.522 1 1526 2473 47
T 144.522 7 1526 2473 47
T 144.522 4 1525 2473 47
T 144.522 2 1525 2473 47
T 144.522 3 1525 2474 47
T 144.543 6 1528 2473 47
T 144.543 5 1527 2473 47
T 144.544 8 1527 2474 47
T 144.544 1 1527 2473 47
T 144.544 7 1527 2473 47
T 144.544 4 1526 2473 47
T 144.544 2 1526 2473 47
T 144.544 3 1526 2474 47
T 144.565 6 1529 2473 47
T 144.565 5 1528 2473 47
T 144.565 8 1528 2474 47
T 144.566 1 1528 2473 47
T 144.566 7 1528 2473 47
T 144.566 4 1527 2473 47
T 144.566 2 1527 2473 47
T 144.566 3 1527 2474 47
T 144.587 6 1530 2473 47
T 144.588 5 1529 2473 47
T 144.588 8 1529 2474 47
T 144.588 1 1529 2473 47
T 144.588 7 1529 2473 47
T 144.588 4 1528 2473 47
T 144.588 2 1528 2473 47
T 144.588 3 1528 2474 47
T 144.610 6 1531 2473 47
T 144.610 5 1530 2473 47
T 144.610 8 1530 2474 47
T 144.610 1 1530 2473 47
T 144.610 7 1530 2473 47
T 144.610 4 1529 2473 47
T 144.611 2 1529 2473 47
T 144.611 3 1529 2474 47
T 144.632 6 1532 2473 47
T 144.632 5 1531 2473 47
T 144.632 8 1531 2474 47
T 144.633 1 1531 2473 47
T 144.633 7 1531 2473 47
T 144.633 4 1530 2473 47
T 144.633 2 1530 2473 47
T 144.633 3 1530 2474 47
T 144.654 6 1533 2473 47
T 144.654 5 1532 2473 47
T 144.654 8 1532 2474 47
T 144.654 1 1532 2473 47
T 144.654 7 1532 2473 47
T 144.655 4 1531 2473 47
T 144.655 2 1531 2473 47
T 144.655 3 1531 2474 47
T 144.676 6 1534 2473 47
T 144.676 5 1533 2473 47
T 144.676 8 1533 2474 47
T 144.677 1 1533 2473 47
T 144.677 7 1533 2473 47
T 144.677 4 1532 2473 47
T 144.677 2 1532 2473 47
T 144.677 3 1532 2474 47
T 144.698 6 1535 2473 47
T 144.699 5 1534 2473 47
T 144.699 8 1534 2474 47
T 144.699 1 1534 2473 47
T 144.699 7 1534 2473 47
T 144.699 4 1533 2473 47
T 144.699 2 1533 2473 47
T 144.699 3 1533 2474 47
T 144.721 6 1536 2473 47
T 144.721 5 1535 2473 47
T 144.721 8 1535 2474 47
T 144.721 1 1535 2473 47
T 144.721 7 1535 2473 47
T 144.721 4 1534 2473 47
T 144.721 2 1534 2473 47
T 144.721 3 1534 2474 47
T 144.743 6 1537 2473 47
T 144.743 5 1536 2473 47
T 144.744 8 1536 2474 47
T 144.744 1 1536 2473 47
T 144.744 7 1536 2473 47
T 144.744 4 1535 2473 47
T 144.744 2 1535 2473 47
T 144.744 3 1535 2474 47
T 144.766 6 1538 2473 47
T 144.766 5 1537 2473 47
T 144.766 8 1537 2474 47
T 144.766 1 1537 2473 47
T 144.766 7 1537 2473 47
T 144.766 4 1536 2473 47
T 144.766 2 1536 2473 47
T 144.767 3 1536 2474 47
T 144.788 6 1539 2473 47
T 144.788 5 1538 2473 47
T 144.788 8 1538 2474 47
T 144.788 1 1538 2473 47
T 144.788 7 1538 2473 47
T 144.789 4 1537 2473 47
T 144.789 2 1537 2473 47
T 144.789 3 1537 2474 47
T 144.810 6 1540 2473 47
T 144.810 5 1539 2473 47
T 144.810 8 1539 2474 47
T 144.810 1 1539 2473 47
T 144.810 7 1539 2473 47
T 144.810 4 1538 2473 47
T 144.810 2 1538 2473 47
T 144.810 3 1538 2474 47
T 144.833 6 1541 2473 47
T 144.833 5 1540 2473 47
T 144.833 8 1540 2474 47
T 144.833 1 1540 2473 47
T 144.833 7 1540 2473 47
T 144.833 4 1539 2473 47
T 144.833 2 1539 2473 47
T 144.833 3 1539 2474 47
T 144.854 6 1542 2473 47
T 144.854 5 1541 2473 47
T 144.855 8 1541 2474 47
T 144.855 1 1541 2473 47
T 144.855 7 1541 2473 47
T 144.855 4 1540 2473 47
T 144.855 2 1540 2473 47
T 144.855 3 1540 2474 47
T 144.877 6 1543 2473 47
T 144.877 5 1542 2473 47
T 144.877 8 1542 2474 47
T 144.877 1 1542 2473 47
T 144.877 7 1542 2473 47
T 144.877 4 1541 2473 47
T 144.877 2 1541 2473 47
T 144.877 3 1541 2474 47
T 144.899 6 1544 2473 47
T 144.899 5 1543 2473 47
T 144.899 8 1543 2474 47
T 144.899 1 1543 2473 47
T 144.900 7 1543 2473 47
T 144.900 4 1542 2473 47
T 144.900 2 1542 2473 47
T 144.900 3 1542 2474 47
T 144.921 6 1545 2473 47
T 144.921 5 1544 2473 47
T 144.921 8 1544 2474 47
T 144.921 1 1544 2473 47
T 144.921 7 1544 2473 47
T 144.922 4 1543 2473 47
T 144.922 2 1543 2473 47
T 144.922 3 1543 2474 47
T 144.944 6 1546 2473 47
T 144.944 5 1545 2473 47
T 144.944 8 1545 2474 47
T 144.944 1 1545 2473 47
T 144.944 7 1545 2473 47
T 144.945 4 1544 2473 47
T 144.945 2 1544 2473 47
T 144.945 3 1544 2474 47
T 144.966 6 1547 2473 47
T 144.966 5 1546 2473 47
T 144.966 8 1546 2474 47
T 144.967 1 1546 2473 47
T 144.967 7 1546 2473 47
T 144.967 4 1545 2473 47
T 144.967 2 1545 2473 47
T 144.967 3 1545 2474 47
T 144.988 6 1548 2473 47
T 144.988 5 1547 2473 47
T 144.989 8 1547 2474 47
T 144.989 1 1547 2473 47
T 144.989 7 1547 2473 47
T 144.989 4 1546 2473 47
T 144.989 2 1546 2473 47
T 144.989 3 1546 2474 47
T 145.010 6 1549 2473 47
T 145.010 5 1548 2473 47
T 145.010 8 1548 2474 47
T 145.010 1 1548 2473 47
T 145.010 7 1548 2473 47
T 145.010 4 1547 2473 47
T 145.011 2 1547 2473 47
T 145.011 3 1547 2474 47
T 145.032 6 1550 2473 47
T 145.033 5 1549 2473 47
T 145.033 8 1549 2474 47
T 145.033 1 1549 2473 47
T 145.033 7 1549 2473 47
T 145.033 4 1548 2473 47
T 145.033 2 1548 2473 47
T 145.033 3 1548 2474 47
T 145.055 6 1551 2473 47
T 145.055 5 1550 2473 47
T 145.055 8 1550 2474 47
T 145.055 1 1550 2473 47
T 145.055 7 1550 2473 47
T 145.056 4 1549 2473 47
T 145.056 2 1549 2473 47
T 145.056 3 1549 2474 47
T 145.078 5 1551 2473 47
T 145.078 8 1551 2474 47
T 145.078 1 1551 2473 47
T 145.078 7 1551 2473 47
T 145.078 4 1550 2473 47
T 145.078 2 1550 2473 47
T 145.078 3 1550 2474 47
T 145.099 4 1551 2473 47
T 145.099 2 1551 2473 47
T 145.100 3 1551 2474 47
P 145.817 4
F 145.817 4 48
P 145.817 6
F 145.819 6 48
P 145.820 7
F 145.821 7 48
P 145.821 8
P 145.823 1
P 145.823 2
P 145.823 3
P 145.823 5
F 145.825 8 48
F 145.826 1 48
F 145.827 2 48
F 145.828 3 48
F 145.828 5 48
T 146.227 1 1552 2526 48
T 146.292 1 1553 2526 48
T 146.292 4 1552 2526 48
T 146.292 3 1552 2527 48
T 146.377 1 1554 2526 48
T 146.377 4 1553 2526 48
T 146.377 3 1553 2527 48
T 146.377 6 1552 2526 48
T 146.377 8 1552 2527 48
T 146.377 7 1552 2526 48
T 146.377 2 1552 2526 48
T 146.394 1 1555 2526 48
T 146.394 4 1554 2526 48
T 146.394 3 1554 2527 48
T 146.394 6 1553 2526 48
T 146.395 8 1553 2527 48
T 146.395 7 1553 2526 48
T 146.395 2 1553 2526 48
T 146.395 5 1552 2526 48
T 146.416 1 1556 2526 48
T 146.416 4 1555 2526 48
T 146.417 3 1555 2527 48
T 146.417 6 1554 2526 48
T 146.417 8 1554 2527 48
T 146.417 7 1554 2526 48
T 146.417 2 1554 2526 48
T 146.417 5 1553 2526 48
T 146.438 1 1557 2526 48
T 146.439 4 1556 2526 48
T 146.439 3 1556 2527 48
T 146.439 6 1555 2526 48
T 146.439 8 1555 2527 48
T 146.439 7 1555 2526 48
T 146.439 2 1555 2526 48
T 146.439 5 1554 2526 48
T 146.461 1 1558 2526 48
T 146.461 4 1557 2526 48
T 146.461 3 1557 2527 48
T 146.461 6 1556 2526 48
T 146.461 8 1556 2527 48
T 146.461 7 1556 2526 48
T 146.461 2 1556 2526 48
T 146.461 5 1555 2526 48
T 146.483 1 1559 2526 48
T 146.483 4 1558 2526 48
T 146.483 3 1558 2527 48
T 146.483 6 1557 2526 48
T 146.483 8 1557 2527 48
T 146.483 7 1557 2526 48
T 146.483 2 1557 2526 48
T 146.484 5 1556 2526 48
T 146.505 1 1560 2526 48
T 146.505 4 1559 2526 48
T 146.506 3 1559 2527 48
T 146.506 6 1558 2526 48
T 146.506 8 1558 2527 48
T 146.506 7 1558 2526 48
T 146.506 2 1558 2526 48
T 146.506 5 1557 2526 48
T 146.528 1 1561 2526 48
T 146.528 4 1560 2526 48
T 146.528 3 1560 2527 48
T 146.528 6 1559 2526 48
T 146.528 8 1559 2527 48
T 146.528 7 1559 2526 48
T 146.528 2 1559 2526 48
T 146.528 5 1558 2526 48
T 146.550 1 1562 2526 48
T 146.550 4 1561 2526 48
T 146.550 3 1561 2527 48
T 146.550 6 1560 2526 48
T 146.550 8 1560 2527 48
T 146.550 7 1560 2526 48
T 146.551 2 1560 2526 48
T 146.551 5 1559 2526 48
T 146.572 1 1563 2526 48
T 146.572 4 1562 2526 48
T 146.572 3 1562 2527 48
T 146.573 6 1561 2526 48
T 146.573 8 1561 2527 48
T 146.573 7 1561 2526 48
T 146.573 2 1561 2526 48
T 146.573 5 1560 2526 48
T 146.594 1 1564 2526 48
T 146.595 4 1563 2526 48
T 146.595 3 1563 2527 48
T 146.595 6 1562 2526 48
T 146.595 8 1562 2527 48
T 146.595 7 1562 2526 48
T 146.595 2 1562 2526 48
T 146.595 5 1561 2526 48
T 146.617 1 1565 2526 48
T 146.617 4 1564 2526 48
T 146.617 3 1564 2527 48
T 146.617 6 1563 2526 48
T 146.617 8 1563 2527 48
T 146.617 7 1563 2526 48
T 146.617 2 1563 2526 48
T 146.617 5 1562 2526 48
T 146.639 1 1566 2526 48
T 146.639 4 1565 2526 48
T 146.639 3 1565 2527 48
T 146.639 6 1564 2526 48
T 146.639 8 1564 2527 48
T 146.639 7 1564 2526 48
T 146.640 2 1564 2526 48
T 146.640 5 1563 2526 48
T 146.661 1 1567 2526 48
T 146.661 4 1566 2526 48
T 146.662 3 1566 2527 48
T 146.662 6 1565 2526 48
T 146.662 8 1565 2527 48
T 146.662 7 1565 2526 48
T 146.662 2 1565 2526 48
T 146.662 5 1564 2526 48
T 146.684 1 1568 2526 48
T 146.684 4 1567 2526 48
T 146.684 3 1567 2527 48
T 146.684 6 1566 2526 48
T 146.684 8 1566 2527 48
T 146.684 7 1566 2526 48
T 146.684 2 1566 2526 48
T 146.684 5 1565 2526 48
T 146.706 1 1569 2526 48
T 146.706 4 1568 2526 48
T 146.706 3 1568 2527 48
T 146.706 6 1567 2526 48
T 146.706 8 1567 2527 48
T 146.706 7 1567 2526 48
T 146.706 2 1567 2526 48
T 146.707 5 1566 2526 48
T 146.728 1 1570 2526 48
T 146.728 4 1569 2526 48
T 146.728 3 1569 2527 48
T 146.728 6 1568 2526 48
T 146.728 8 1568 2527 48
T 146.728 7 1568 2526 48
T 146.728 2 1568 2526 48
T 146.729 5 1567 2526 48
T 146.750 1 1571 2526 48
T 146.750 4 1570 2526 48
T 146.751 3 1570 2527 48
T 146.751 6 1569 2526 48
T 146.751 8 1569 2527 48
T 146.751 7 1569 2526 48
T 146.751 2 1569 2526 48
T 146.751 5 1568 2526 48
T 146.773 1 1572 2526 48
T 146.773 4 1571 2526 48
T 146.773 3 1571 2527 48
T 146.773 6 1570 2526 48
T 146.773 8 1570 2527 48
T 146.773 7 1570 2526 48
T 146.773 2 1570 2526 48
T 146.773 5 1569 2526 48
T 146.795 1 1573 2526 48
T 146.795 4 1572 2526 48
T 146.795 3 1572 2527 48
T 146.795 6 1571 2526 48
T 146.795 8 1571 2527 48
T 146.795 7 1571 2526 48
T 146.795 2 1571 2526 48
T 146.795 5 1570 2526 48
T 146.817 1 1574 2526 48
T 146.817 4 1573 2526 48
T 146.817 3 1573 2527 48
T 146.817 6 1572 2526 48
T 146.817 8 1572 2527 48
T 146.817 7 1572 2526 48
T 146.818 2 1572 2526 48
T 146.818 5 1571 2526 48
T 146.839 1 1575 2526 48
T 146.839 4 1574 2526 48
T 146.839 3 1574 2527 48
T 146.839 6 1573 2526 48
T 146.840 8 1573 2527 48
T 146.840 7 1573 2526 48
T 146.840 2 1573 2526 48
T 146.840 5 1572 2526 48
T 146.861 1 1576 2526 48
T 146.862 4 1575 2526 48
T 146.862 3 1575 2527 48
T 146.862 6 1574 2526 48
T 146.862 8 1574 2527 48
T 146.862 7 1574 2526 48
T 146.862 2 1574 2526 48
T 146.862 5 1573 2526 48
T 146.884 1 1577 2526 48
T 146.884 4 1576 2526 48
T 146.884 3 1576 2527 48
T 146.884 6 1575 2526 48
T 146.884 8 1575 2527 48
T 146.884 7 1575 2526 48
T 146.884 2 1575 2526 48
T 146.884 5 1574 2526 48
T 146.906 1 1578 2526 48
T 146.906 4 1577 2526 48
T 146.906 3 1577 2527 48
T 146.906 6 1576 2526 48
T 146.906 8 1576 2527 48
T 146.907 7 1576 2526 48
T 146.907 2 1576 2526 48
T 146.907 5 1575 2526 48
T 146.928 1 1579 2526 48
T 146.928 4 1578 2526 48
T 146.928 3 1578 2527 48
T 146.929 6 1577 2526 48
T 146.929 8 1577 2527 48
T 146.929 7 1577 2526 48
T 146.929 2 1577 2526 48
T 146.929 5 1576 2526 48
T 146.950 1 1580 2526 48
T 146.951 4 1579 2526 48
T 146.951 3 1579 2527 48
T 146.951 6 1578 2526 48
T 146.951 8 1578 2527 48
T 146.951 7 1578 2526 48
T 146.951 2 1578 2526 48
T 146.951 5 1577 2526 48
T 146.973 1 1581 2526 48
T 146.973 4 1580 2526 48
T 146.973 3 1580 2527 48
T 146.973 6 1579 2526 48
T 146.973 8 1579 2527 48
T 146.973 7 1579 2526 48
T 146.973 2 1579 2526 48
T 146.973 5 1578 2526 48
T 146.995 1 1582 2526 48
T 146.995 4 1581 2526 48
T 146.995 3 1581 2527 48
T 146.995 6 1580 2526 48
T 146.995 8 1580 2527 48
T 146.995 7 1580 2526 48
T 146.996 2 1580 2526 48
T 146.996 5 1579 2526 48
T 147.018 1 1583 2526 48
T 147.018 4 1582 2526 48
T 147.018 3 1582 2527 48
T 147.018 6 1581 2526 48
T 147.018 8 1581 2527 48
T 147.018 7 1581 2526 48
T 147.018 2 1581 2526 48
T 147.018 5 1580 2526 48
T 147.040 1 1584 2526 48
T 147.040 4 1583 2526 48
T 147.040 3 1583 2527 48
T 147.041 6 1582 2526 48
T 147.041 8 1582 2527 48
T 147.041 7 1582 2526 48
T 147.041 2 1582 2526 48
T 147.041 5 1581 2526 48
T 147.063 4 1584 2526 48
T 147.063 3 1584 2527 48
T 147.063 6 1583 2526 48
T 147.063 8 1583 2527 48
T 147.063 7 1583 2526 48
T 147.063 2 1583 2526 48
T 147.063 5 1582 2526 48
T 147.085 6 1584 2526 48
T 147.085 8 1584 2527 48
T 147.085 7 1584 2526 48
T 147.085 2 1584 2526 48
T 147.086 5 1583 2526 48
T 147.105 5 1584 2526 48
P 147.814 2
F 147.815 2 49
P 147.815 3
F 147.816 3 49
P 147.816 5
P 147.818 4
P 147.818 6
P 147.818 7
P 147.818 8
P 147.818 1
F 147.819 5 49
F 147.819 4 49
F 147.820 6 49
F 147.821 7 49
F 147.821 8 49
F 147.822 1 49
T 148.265 2 1585 2579 49
T 148.319 2 1586 2579 49
T 148.319 3 1585 2580 49
T 148.319 5 1585 2579 49
T 148.410 2 1587 2579 49
T 148.410 3 1586 2580 49
T 148.410 5 1586 2579 49
T 148.410 1 1585 2579 49
T 148.411 4 1585 2579 49
T 148.411 8 1585 2580 49
T 148.411 7 1585 2579 49
T 148.429 2 1588 2579 49
T 148.429 3 1587 2580 49
T 148.429 5 1587 2579 49
T 148.429 1 1586 2579 49
T 148.429 4 1586 2579 49
T 148.430 8 1586 2580 49
T 148.430 7 1586 2579 49
T 148.430 6 1585 2579 49
T 148.451 2 1589 2579 49
T 148.451 3 1588 2580 49
T 148.451 5 1588 2579 49
T 148.451 1 1587 2579 49
T 148.451 4 1587 2579 49
T 148.451 8 1587 2580 49
T 148.452 7 1587 2579 49
T 148.452 6 1586 2579 49
T 148.473 2 1590 2579 49
T 148.473 3 1589 2580 49
T 148.473 5 1589 2579 49
T 148.473 1 1588 2579 49
T 148.474 4 1588 2579 49
T 148.474 8 1588 2580 49
T 148.474 7 1588 2579 49
T 148.474 6 1587 2579 49
T 148.495 2 1591 2579 49
T 148.495 3 1590 2580 49
T 148.496 5 1590 2579 49
T 148.496 1 1589 2579 49
T 148.496 4 1589 2579 49
T 148.496 8 1589 2580 49
T 148.496 7 1589 2579 49
T 148.496 6 1588 2579 49
T 148.517 2 1592 2579 49
T 148.517 3 1591 2580 49
T 148.518 5 1591 2579 49
T 148.518 1 1590 2579 49
T 148.518 4 1590 2579 49
T 148.518 8 1590 2580 49
T 148.518 7 1590 2579 49
T 148.518 6 1589 2579 49
T 148.540 2 1593 2579 49
T 148.540 3 1592 2580 49
T 148.540 5 1592 2579 49
T 148.540 1 1591 2579 49
T 148.540 4 1591 2579 49
T 148.540 8 1591 2580 49
T 148.540 7 1591 2579 49
T 148.540 6 1590 2579 49
T 148.562 2 1594 2579 49
T 148.563 3 1593 2580 49
T 148.563 5 1593 2579 49
T 148.563 1 1592 2579 49
T 148.563 4 1592 2579 49
T 148.563 8 1592 2580 49
T 148.563 7 1592 2579 49
T 148.564 6 1591 2579 49
T 148.584 2 1595 2579 49
T 148.584 3 1594 2580 49
T 148.584 5 1594 2579 49
T 148.584 1 1593 2579 49
T 148.584 4 1593 2579 49
T 148.584 8 1593 2580 49
T 148.585 7 1593 2579 49
T 148.585 6 1592 2579 49
T 148.606 2 1596 2579 49
T 148.606 3 1595 2580 49
T 148.606 5 1595 2579 49
T 148.606 1 1594 2579 49
T 148.607 4 1594 2579 49
T 148.607 8 1594 2580 49
T 148.607 7 1594 2579 49
T 148.607 6 1593 2579 49
T 148.628 2 1597 2579 49
T 148.628 3 1596 2580 49
T 148.629 5 1596 2579 49
T 148.629 1 1595 2579 49
T 148.629 4 1595 2579 49
T 148.629 8 1595 2580 49
T 148.629 7 1595 2579 49
T 148.629 6 1594 2579 49
T 148.651 2 1598 2579 49
T 148.651 3 1597 2580 49
T 148.651 5 1597 2579 49
T 148.651 1 1596 2579 49
T 148.651 4 1596 2579 49
T 148.651 8 1596 2580 49
T 148.651 7 1596 2579 49
T 148.651 6 1595 2579 49
T 148.672 2 1599 2579 49
T 148.673 3 1598 2580 49
T 148.673 5 1598 2579 49
T 148.673 1 1597 2579 49
T 148.673 4 1597 2579 49
T 148.673 8 1597 2580 49
T 148.673 7 1597 2579 49
T 148.673 6 1596 2579 49
T 148.695 2 1600 2579 49
T 148.695 3 1599 2580 49
T 148.695 5 1599 2579 49
T 148.695 1 1598 2579 49
T 148.695 4 1598 2579 49
T 148.695 8 1598 2580 49
T 148.695 7 1598 2579 49
T 148.695 6 1597 2579 49
T 148.717 2 1601 2579 49
T 148.717 3 1600 2580 49
T 148.717 5 1600 2579 49
T 148.717 1 1599 2579 49
T 148.717 4 1599 2579 49
T 148.717 8 1599 2580 49
T 148.717 7 1599 2579 49
T 148.718 6 1598 2579 49
T 148.739 2 1602 2579 49
T 148.739 3 1601 2580 49
T 148.739 5 1601 2579 49
T 148.739 1 1600 2579 49
T 148.740 4 1600 2579 49
T 148.740 8 1600 2580 49
T 148.740 7 1600 2579 49
T 148.740 6 1599 2579 49
T 148.761 2 1603 2579 49
T 148.761 3 1602 2580 49
T 148.761 5 1602 2579 49
T 148.762 1 1601 2579 49
T 148.762 4 1601 2579 49
T 148.762 8 1601 2580 49
T 148.762 7 1601 2579 49
T 148.762 6 1600 2579 49
T 148.783 2 1604 2579 49
T 148.784 3 1603 2580 49
T 148.784 5 1603 2579 49
T 148.784 1 1602 2579 49
T 148.784 4 1602 2579 49
T 148.784 8 1602 2580 49
T 148.784 7 1602 2579 49
T 148.784 6 1601 2579 49
T 148.806 2 1605 2579 49
T 148.806 3 1604 2580 49
T 148.806 5 1604 2579 49
T 148.806 1 1603 2579 49
T 148.806 4 1603 2579 49
T 148.806 8 1603 2580 49
T 148.806 7 1603 2579 49
T 148.806 6 1602 2579 49
T 148.828 2 1606 2579 49
T 148.828 3 1605 2580 49
T 148.828 5 1605 2579 49
T 148.828 1 1604 2579 49
T 148.828 4 1604 2579 49
T 148.828 8 1604 2580 49
T 148.829 7 1604 2579 49
T 148.829 6 1603 2579 49
T 148.850 2 1607 2579 49
T 148.850 3 1606 2580 49
T 148.850 5 1606 2579 49
T 148.851 1 1605 2579 49
T 148.851 4 1605 2579 49
T 148.851 8 1605 2580 49
T 148.851 7 1605 2579 49
T 148.851 6 1604 2579 49
T 148.872 2 1608 2579 49
T 148.873 3 1607 2580 49
T 148.873 5 1607 2579 49
T 148.873 1 1606 2579 49
T 148.873 4 1606 2579 49
T 148.873 8 1606 2580 49
T 148.873 7 1606 2579 49
T 148.873 6 1605 2579 49
T 148.894 2 1609 2579 49
T 148.895 3 1608 2580 49
T 148.895 5 1608 2579 49
T 148.895 1 1607 2579 49
T 148.895 4 1607 2579 49
T 148.895 8 1607 2580 49
T 148.895 7 1607 2579 49
T 148.895 6 1606 2579 49
T 148.917 2 1610 2579 49
T 148.917 3 1609 2580 49
T 148.917 5 1609 2579 49
T 148.917 1 1608 2579 49
T 148.917 4 1608 2579 49
T 148.917 8 1608 2580 49
T 148.918 7 1608 2579 49
T 148.918 6 1607 2579 49
T 148.939 2 1611 2579 49
T 148.939 3 1610 2580 49
T 148.939 5 1610 2579 49
T 148.939 1 1609 2579 49
T 148.939 4 1609 2579 49
T 148.939 8 1609 2580 49
T 148.940 7 1609 2579 49
T 148.940 6 1608 2579 49
T 148.962 2 1612 2579 49
T 148.962 3 1611 2580 49
T 148.962 5 1611 2579 49
T 148.962 1 1610 2579 49
T 148.962 4 1610 2579 49
T 148.962 8 1610 2580 49
T 148.963 7 1610 2579 49
T 148.963 6 1609 2579 49
T 148.984 2 1613 2579 49
T 148.984 3 1612 2580 49
T 148.984 5 1612 2579 49
T 148.984 1 1611 2579 49
T 148.984 4 1611 2579 49
T 148.984 8 1611 2580 49
T 148.984 7 1611 2579 49
T 148.984 6 1610 2579 49
T 149.006 2 1614 2579 49
T 149.006 3 1613 2580 49
T 149.006 5 1613 2579 49
T 149.006 1 1612 2579 49
T 149.006 4 1612 2579 49
T 149.007 8 1612 2580 49
T 149.007 7 1612 2579 49
T 149.007 6 1611 2579 49
T 149.028 2 1615 2579 49
T 149.029 3 1614 2580 49
T 149.029 5 1614 2579 49
T 149.029 1 1613 2579 49
T 149.029 4 1613 2579 49
T 149.029 8 1613 2580 49
T 149.029 7 1613 2579 49
T 149.029 6 1612 2579 49
T 149.051 2 1616 2579 49
T 149.051 3 1615 2580 49
T 149.051 5 1615 2579 49
T 149.051 1 1614 2579 49
T 149.051 4 1614 2579 49
T 149.052 8 1614 2580 49
T 149.052 7 1614 2579 49
T 149.052 6 1613 2579 49
T 149.074 2 1617 2579 49
T 149.074 3 1616 2580 49
T 149.074 5 1616 2579 49
T 149.074 1 1615 2579 49
T 149.074 4 1615 2579 49
T 149.074 8 1615 2580 49
T 149.074 7 1615 2579 49
T 149.074 6 1614 2579 49
T 149.096 3 1617 2580 49
T 149.097 5 1617 2579 49
T 149.097 1 1616 2579 49
T 149.097 4 1616 2579 49
T 149.097 8 1616 2580 49
T 149.097 7 1616 2579 49
T 149.097 6 1615 2579 49
T 149.119 1 1617 2579 49
T 149.119 4 1617 2579 49
T 149.119 8 1617 2580 49
T 149.119 7 1617 2579 49
T 149.119 6 1616 2579 49
T 149.139 6 1617 2579 49
P 149.817 4
P 149.817 6
P 149.817 7
F 149.818 4 50
P 149.818 8
F 149.818 6 50
P 149.818 1
F 149.819 7 50
P 149.820 2
F 149.822 8 50
P 149.823 3
F 149.823 1 50
P 149.824 5
F 149.825 2 50
F 149.829 3 50
F 149.830 5 50
T 150.256 4 1618 2632 50
T 150.329 4 1619 2632 50
T 150.329 2 1618 2632 50
T 150.330 8 1618 2633 50
T 150.330 7 1618 2632 50
T 150.386 4 1620 2632 50
T 150.386 2 1619 2632 50
T 150.386 8 1619 2633 50
T 150.386 7 1619 2632 50
T 150.386 3 1618 2633 50
T 150.386 5 1618 2632 50
T 150.387 1 1618 2632 50
T 150.387 6 1618 2632 50
T 150.408 4 1621 2632 50
T 150.408 2 1620 2632 50
T 150.408 8 1620 2633 50
T 150.408 7 1620 2632 50
T 150.409 3 1619 2633 50
T 150.409 5 1619 2632 50
T 150.409 1 1619 2632 50
T 150.409 6 1619 2632 50
T 150.430 4 1622 2632 50
T 150.430 2 1621 2632 50
T 150.430 8 1621 2633 50
T 150.430 7 1621 2632 50
T 150.431 3 1620 2633 50
T 150.431 5 1620 2632 50
T 150.431 1 1620 2632 50
T 150.431 6 1620 2632 50
T 150.453 4 1623 2632 50
T 150.453 2 1622 2632 50
T 150.453 8 1622 2633 50
T 150.453 7 1622 2632 50
T 150.453 3 1621 2633 50
T 150.453 5 1621 2632 50
T 150.453 1 1621 2632 50
T 150.453 6 1621 2632 50
T 150.475 4 1624 2632 50
T 150.475 2 1623 2632 50
T 150.475 8 1623 2633 50
T 150.475 7 1623 2632 50
T 150.475 3 1622 2633 50
T 150.475 5 1622 2632 50
T 150.475 1 1622 2632 50
T 150.476 6 1622 2632 50
T 150.497 4 1625 2632 50
T 150.497 2 1624 2632 50
T 150.497 8 1624 2633 50
T 150.497 7 1624 2632 50
T 150.498 3 1623 2633 50
T 150.498 5 1623 2632 50
T 150.498 1 1623 2632 50
T 150.498 6 1623 2632 50
T 150.519 4 1626 2632 50
T 150.520 2 1625 2632 50
T 150.520 8 1625 2633 50
T 150.520 7 1625 2632 50
T 150.520 3 1624 2633 50
T 150.520 5 1624 2632 50
T 150.520 1 1624 2632 50
T 150.520 6 1624 2632 50
T 150.542 4 1627 2632 50
T 150.542 2 1626 2632 50
T 150.542 8 1626 2633 50
T 150.542 7 1626 2632 50
T 150.542 3 1625 2633 50
T 150.542 5 1625 2632 50
T 150.542 1 1625 2632 50
T 150.543 6 1625 2632 50
T 150.564 4 1628 2632 50
T 150.564 2 1627 2632 50
T 150.564 8 1627 2633 50
T 150.564 7 1627 2632 50
T 150.564 3 1626 2633 50
T 150.565 5 1626 2632 50
T 150.565 1 1626 2632 50
T 150.565 6 1626 2632 50
T 150.586 4 1629 2632 50
T 150.586 2 1628 2632 50
T 150.587 8 1628 2633 50
T 150.587 7 1628 2632 50
T 150.587 3 1627 2633 50
T 150.587 5 1627 2632 50
T 150.587 1 1627 2632 50
T 150.587 6 1627 2632 50
T 150.608 4 1630 2632 50
T 150.609 2 1629 2632 50
T 150.609 8 1629 2633 50
T 150.609 7 1629 2632 50
T 150.609 3 1628 2633 50
T 150.609 5 1628 2632 50
T 150.609 1 1628 2632 50
T 150.609 6 1628 2632 50
T 150.631 4 1631 2632 50
T 150.631 2 1630 2632 50
T 150.631 8 1630 2633 50
T 150.631 7 1630 2632 50
T 150.631 3 1629 2633 50
T 150.631 5 1629 2632 50
T 150.632 1 1629 2632 50
T 150.632 6 1629 2632 50
T 150.653 4 1632 2632 50
T 150.653 2 1631 2632 50
T 150.653 8 1631 2633 50
T 150.654 7 1631 2632 50
T 150.654 3 1630 2633 50
T 150.654 5 1630 2632 50
T 150.654 1 1630 2632 50
T 150.654 6 1630 2632 50
T 150.675 4 1633 2632 50
T 150.676 2 1632 2632 50
T 150.676 8 1632 2633 50
T 150.676 7 1632 2632 50
T 150.676 3 1631 2633 50
T 150.676 5 1631 2632 50
T 150.676 1 1631 2632 50
T 150.676 6 1631 2632 50
T 150.698 4 1634 2632 50
T 150.698 2 1633 2632 50
T 150.698 8 1633 2633 50
T 150.698 7 1633 2632 50
T 150.698 3 1632 2633 50
T 150.698 5 1632 2632 50
T 150.698 1 1632 2632 50
T 150.698 6 1632 2632 50
T 150.720 4 1635 2632 50
T 150.720 2 1634 2632 50
T 150.720 8 1634 2633 50
T 150.720 7 1634 2632 50
T 150.721 3 1633 2633 50
T 150.721 5 1633 2632 50
T 150.721 1 1633 2632 50
T 150.721 6 1633 2632 50
T 150.742 4 1636 2632 50
T 150.742 2 1635 2632 50
T 150.743 8 1635 2633 50
T 150.743 7 1635 2632 50
T 150.743 3 1634 2633 50
T 150.743 5 1634 2632 50
T 150.743 1 1634 2632 50
T 150.743 6 1634 2632 50
T 150.765 4 1637 2632 50
T 150.765 2 1636 2632 50
T 150.765 8 1636 2633 50
T 150.765 7 1636 2632 50
T 150.765 3 1635 2633 50
T 150.765 5 1635 2632 50
T 150.765 1 1635 2632 50
T 150.765 6 1635 2632 50
T 150.787 4 1638 2632 50
T 150.787 2 1637 2632 50
T 150.787 8 1637 2633 50
T 150.787 7 1637 2632 50
T 150.787 3 1636 2633 50
T 150.787 5 1636 2632 50
T 150.787 1 1636 2632 50
T 150.787 6 1636 2632 50
T 150.809 4 1639 2632 50
T 150.809 2 1638 2632 50
T 150.809 8 1638 2633 50
T 150.809 7 1638 2632 50
T 150.810 3 1637 2633 50
T 150.810 5 1637 2632 50
T 150.810 1 1637 2632 50
T 150.810 6 1637 2632 50
T 150.832 4 1640 2632 50
T 150.832 2 1639 2632 50
T 150.832 8 1639 2633 50
T 150.832 7 1639 2632 50
T 150.832 3 1638 2633 50
T 150.832 5 1638 2632 50
T 150.832 1 1638 2632 50
T 150.832 6 1638 2632 50
T 150.854 4 1641 2632 50
T 150.854 2 1640 2632 50
T 150.854 8 1640 2633 50
T 150.854 7 1640 2632 50
T 150.854 3 1639 2633 50
T 150.854 5 1639 2632 50
T 150.854 1 1639 2632 50
T 150.855 6 1639 2632 50
T 150.876 4 1642 2632 50
T 150.876 2 1641 2632 50
T 150.876 8 1641 2633 50
T 150.877 7 1641 2632 50
T 150.877 3 1640 2633 50
T 150.877 5 1640 2632 50
T 150.877 1 1640 2632 50
T 150.877 6 1640 2632 50
T 150.898 4 1643 2632 50
T 150.898 2 1642 2632 50
T 150.899 8 1642 2633 50
T 150.899 7 1642 2632 50
T 150.899 3 1641 2633 50
T 150.899 5 1641 2632 50
T 150.899 1 1641 2632 50
T 150.899 6 1641 2632 50
T 150.920 4 1644 2632 50
T 150.921 2 1643 2632 50
T 150.921 8 1643 2633 50
T 150.921 7 1643 2632 50
T 150.921 3 1642 2633 50
T 150.921 5 1642 2632 50
T 150.921 1 1642 2632 50
T 150.921 6 1642 2632 50
T 150.943 4 1645 2632 50
T 150.943 2 1644 2632 50
T 150.943 8 1644 2633 50
T 150.943 7 1644 2632 50
T 150.943 3 1643 2633 50
T 150.943 5 1643 2632 50
T 150.943 1 1643 2632 50
T 150.943 6 1643 2632 50
T 150.965 4 1646 2632 50
T 150.965 2 1645 2632 50
T 150.965 8 1645 2633 50
T 150.966 7 1645 2632 50
T 150.966 3 1644 2633 50
T 150.966 5 1644 2632 50
T 150.966 1 1644 2632 50
T 150.966 6 1644 2632 50
T 150.987 4 1647 2632 50
T 150.987 2 1646 2632 50
T 150.988 8 1646 2633 50
T 150.988 7 1646 2632 50
T 150.988 3 1645 2633 50
T 150.988 5 1645 2632 50
T 150.988 1 1645 2632 50
T 150.988 6 1645 2632 50
T 151.009 4 1648 2632 50
T 151.010 2 1647 2632 50
T 151.010 8 1647 2633 50
T 151.010 7 1647 2632 50
T 151.010 3 1646 2633 50
T 151.010 5 1646 2632 50
T 151.010 1 1646 2632 50
T 151.010 6 1646 2632 50
T 151.032 4 1649 2632 50
T 151.032 2 1648 2632 50
T 151.032 8 1648 2633 50
T 151.032 7 1648 2632 50
T 151.032 3 1647 2633 50
T 151.032 5 1647 2632 50
T 151.033 1 1647 2632 50
T 151.033 6 1647 2632 50
T 151.055 4 1650 2632 50
T 151.055 2 1649 2632 50
T 151.055 8 1649 2633 50
T 151.055 7 1649 2632 50
T 151.055 3 1648 2633 50
T 151.055 5 1648 2632 50
T 151.055 1 1648 2632 50
T 151.056 6 1648 2632 50
T 151.077 2 1650 2632 50
T 151.077 8 1650 2633 50
T 151.077 7 1650 2632 50
T 151.078 3 1649 2633 50
T 151.078 5 1649 2632 50
T 151.078 1 1649 2632 50
T 151.078 6 1649 2632 50
T 151.099 3 1650 2633 50
T 151.099 5 1650 2632 50
T 151.099 1 1650 2632 50
T 151.099 6 1650 2632 50
P 151.817 5
F 151.818 5 51
P 151.818 4
F 151.819 4 51
P 151.820 6
F 151.820 6 51
P 151.821 7
F 151.822 7 51
P 151.823 8
F 151.823 8 51
P 151.824 1
F 151.824 1 51
P 151.825 2
F 151.827 2 51
P 151.828 3
F 151.833 3 51
T 152.267 5 1651 2685 51
T 152.321 5 1652 2685 51
T 152.322 4 1651 2685 51
T 152.322 8 1651 2686 51
T 152.417 5 1653 2685 51
T 152.417 4 1652 2685 51
T 152.417 8 1652 2686 51
T 152.417 2 1651 2685 51
T 152.417 7 1651 2685 51
T 152.417 3 1651 2686 51
T 152.417 1 1651 2685 51
T 152.417 6 1651 2685 51
T 152.438 5 1654 2685 51
T 152.438 4 1653 2685 51
T 152.438 8 1653 2686 51
T 152.438 2 1652 2685 51
T 152.438 7 1652 2685 51
T 152.439 3 1652 2686 51
T 152.439 1 1652 2685 51
T 152.439 6 1652 2685 51
T 152.460 5 1655 2685 51
T 152.460 4 1654 2685 51
T 152.460 8 1654 2686 51
T 152.460 2 1653 2685 51
T 152.460 7 1653 2685 51
T 152.460 3 1653 2686 51
T 152.460 1 1653 2685 51
T 152.460 6 1653 2685 51
T 152.482 5 1656 2685 51
T 152.482 4 1655 2685 51
T 152.482 8 1655 2686 51
T 152.482 2 1654 2685 51
T 152.482 7 1654 2685 51
T 152.482 3 1654 2686 51
T 152.482 1 1654 2685 51
T 152.482 6 1654 2685 51
T 152.504 5 1657 2685 51
T 152.504 4 1656 2685 51
T 152.504 8 1656 2686 51
T 152.504 2 1655 2685 51
T 152.504 7 1655 2685 51
T 152.504 3 1655 2686 51
T 152.505 1 1655 2685 51
T 152.505 6 1655 2685 51
T 152.526 5 1658 2685 51
T 152.526 4 1657 2685 51
T 152.526 8 1657 2686 51
T 152.526 2 1656 2685 51
T 152.526 7 1656 2685 51
T 152.527 3 1656 2686 51
T 152.527 1 1656 2685 51
T 152.527 6 1656 2685 51
T 152.548 5 1659 2685 51
T 152.549 4 1658 2685 51
T 152.549 8 1658 2686 51
T 152.549 2 1657 2685 51
T 152.549 7 1657 2685 51
T 152.549 3 1657 2686 51
T 152.549 1 1657 2685 51
T 152.549 6 1657 2685 51
T 152.571 5 1660 2685 51
T 152.571 4 1659 2685 51
T 152.571 8 1659 2686 51
T 152.571 2 1658 2685 51
T 152.571 7 1658 2685 51
T 152.571 3 1658 2686 51
T 152.571 1 1658 2685 51
T 152.571 6 1658 2685 51
T 152.593 5 1661 2685 51
T 152.593 4 1660 2685 51
T 152.593 8 1660 2686 51
T 152.593 2 1659 2685 51
T 152.593 7 1659 2685 51
T 152.593 3 1659 2686 51
T 152.593 1 1659 2685 51
T 152.594 6 1659 2685 51
T 152.615 5 1662 2685 51
T 152.615 4 1661 2685 51
T 152.616 8 1661 2686 51
T 152.616 2 1660 2685 51
T 152.616 7 1660 2685 51
T 152.616 3 1660 2686 51
T 152.616 1 1660 2685 51
T 152.616 6 1660 2685 51
T 152.637 5 1663 2685 51
T 152.638 4 1662 2685 51
T 152.638 8 1662 2686 51
T 152.638 2 1661 2685 51
T 152.638 7 1661 2685 51
T 152.638 3 1661 2686 51
T 152.638 1 1661 2685 51
T 152.638 6 1661 2685 51
T 152.660 5 1664 2685 51
T 152.660 4 1663 2685 51
T 152.660 8 1663 2686 51
T 152.660 2 1662 2685 51
T 152.660 7 1662 2685 51
T 152.660 3 1662 2686 51
T 152.660 1 1662 2685 51
T 152.660 6 1662 2685 51
T 152.682 5 1665 2685 51
T 152.682 4 1664 2685 51
T 152.682 8 1664 2686 51
T 152.682 2 1663 2685 51
T 152.683 7 1663 2685 51
T 152.683 3 1663 2686 51
T 152.683 1 1663 2685 51
T 152.683 6 1663 2685 51
T 152.704 5 1666 2685 51
T 152.705 4 1665 2685 51
T 152.705 8 1665 2686 51
T 152.705 2 1664 2685 51
T 152.705 7 1664 2685 51
T 152.705 3 1664 2686 51
T 152.705 1 1664 2685 51
T 152.705 6 1664 2685 51
T 152.727 5 1667 2685 51
T 152.727 4 1666 2685 51
T 152.727 8 1666 2686 51
T 152.727 2 1665 2685 51
T 152.727 7 1665 2685 51
T 152.727 3 1665 2686 51
T 152.727 1 1665 2685 51
T 152.727 6 1665 2685 51
T 152.749 5 1668 2685 51
T 152.749 4 1667 2685 51
T 152.749 8 1667 2686 51
T 152.749 2 1666 2685 51
T 152.749 7 1666 2685 51
T 152.749 3 1666 2686 51
T 152.750 1 1666 2685 51
T 152.750 6 1666 2685 51
T 152.771 5 1669 2685 51
T 152.772 4 1668 2685 51
T 152.772 8 1668 2686 51
T 152.772 2 1667 2685 51
T 152.772 7 1667 2685 51
T 152.772 3 1667 2686 51
T 152.772 1 1667 2685 51
T 152.772 6 1667 2685 51
T 152.794 5 1670 2685 51
T 152.794 4 1669 2685 51
T 152.794 8 1669 2686 51
T 152.794 2 1668 2685 51
T 152.794 7 1668 2685 51
T 152.794 3 1668 2686 51
T 152.794 1 1668 2685 51
T 152.794 6 1668 2685 51
T 152.816 5 1671 2685 51
T 152.816 4 1670 2685 51
T 152.816 8 1670 2686 51
T 152.817 2 1669 2685 51
T 152.817 7 1669 2685 51
T 152.817 3 1669 2686 51
T 152.817 1 1669 2685 51
T 152.817 6 1669 2685 51
T 152.838 5 1672 2685 51
T 152.838 4 1671 2685 51
T 152.838 8 1671 2686 51
T 152.838 2 1670 2685 51
T 152.838 7 1670 2685 51
T 152.838 3 1670 2686 51
T 152.838 1 1670 2685 51
T 152.838 6 1670 2685 51
T 152.860 5 1673 2685 51
T 152.860 4 1672 2685 51
T 152.860 8 1672 2686 51
T 152.860 2 1671 2685 51
T 152.860 7 1671 2685 51
T 152.860 3 1671 2686 51
T 152.860 1 1671 2685 51
T 152.860 6 1671 2685 51
T 152.883 5 1674 2685 51
T 152.883 4 1673 2685 51
T 152.883 8 1673 2686 51
T 152.883 2 1672 2685 51
T 152.883 7 1672 2685 51
T 152.883 3 1672 2686 51
T 152.883 1 1672 2685 51
T 152.883 6 1672 2685 51
T 152.905 5 1675 2685 51
T 152.905 4 1674 2685 51
T 152.905 8 1674 2686 51
T 152.905 2 1673 2685 51
T 152.906 7 1673 2685 51
T 152.906 3 1673 2686 51
T 152.906 1 1673 2685 51
T 152.906 6 1673 2685 51
T 152.928 5 1676 2685 51
T 152.928 4 1675 2685 51
T 152.928 8 1675 2686 51
T 152.928 2 1674 2685 51
T 152.928 7 1674 2685 51
T 152.928 3 1674 2686 51
T 152.928 1 1674 2685 51
T 152.928 6 1674 2685 51
T 152.950 5 1677 2685 51
T 152.950 4 1676 2685 51
T 152.950 8 1676 2686 51
T 152.950 2 1675 2685 51
T 152.950 7 1675 2685 51
T 152.950 3 1675 2686 51
T 152.950 1 1675 2685 51
T 152.951 6 1675 2685 51
T 152.972 5 1678 2685 51
T 152.972 4 1677 2685 51
T 152.972 8 1677 2686 51
T 152.972 2 1676 2685 51
T 152.973 7 1676 2685 51
T 152.973 3 1676 2686 51
T 152.973 1 1676 2685 51
T 152.973 6 1676 2685 51
T 152.994 5 1679 2685 51
T 152.995 4 1678 2685 51
T 152.995 8 1678 2686 51
T 152.995 2 1677 2685 51
T 152.995 7 1677 2685 51
T 152.995 3 1677 2686 51
T 152.995 1 1677 2685 51
T 152.995 6 1677 2685 51
T 153.017 5 1680 2685 51
T 153.017 4 1679 2685 51
T 153.017 8 1679 2686 51
T 153.017 2 1678 2685 51
T 153.017 7 1678 2685 51
T 153.017 3 1678 2686 51
T 153.018 1 1678 2685 51
T 153.018 6 1678 2685 51
T 153.039 5 1681 2685 51
T 153.039 4 1680 2685 51
T 153.039 8 1680 2686 51
T 153.040 2 1679 2685 51
T 153.040 7 1679 2685 51
T 153.040 3 1679 2686 51
T 153.040 1 1679 2685 51
T 153.040 6 1679 2685 51
T 153.062 5 1682 2685 51
T 153.062 4 1681 2685 51
T 153.062 8 1681 2686 51
T 153.062 2 1680 2685 51
T 153.063 7 1680 2685 51
T 153.063 3 1680 2686 51
T 153.063 1 1680 2685 51
T 153.063 6 1680 2685 51
T 153.085 5 1683 2685 51
T 153.085 4 1682 2685 51
T 153.085 8 1682 2686 51
T 153.085 2 1681 2685 51
T 153.085 7 1681 2685 51
T 153.085 3 1681 2686 51
T 153.086 1 1681 2685 51
T 153.086 6 1681 2685 51
T 153.107 4 1683 2685 51
T 153.108 8 1683 2686 51
T 153.108 2 1682 2685 51
T 153.108 7 1682 2685 51
T 153.108 3 1682 2686 51
T 153.108 1 1682 2685 51
T 153.108 6 1682 2685 51
T 153.130 2 1683 2685 51
T 153.130 7 1683 2685 51
T 153.130 3 1683 2686 51
T 153.130 1 1683 2685 51
T 153.130 6 1683 2685 51
P 153.819 5
F 153.819 5 52
P 153.820 4
F 153.820 4 52
P 153.821 6
F 153.822 6 52
P 153.823 7
F 153.823 7 52
P 153.824 8
P 153.826 1
F 153.826 8 52
P 153.826 2
F 153.826 1 52
P 153.828 3
F 153.830 2 52
F 153.832 3 52
T 154.186 5 1684 2738 52
T 154.206 5 1685 2738 52
T 154.224 5 1686 2738 52
T 154.248 5 1687 2738 52
T 154.267 5 1688 2738 52
T 154.322 5 1689 2738 52
T 154.403 5 1690 2738 52
T 154.404 8 1684 2739 52
T 154.404 7 1684 2738 52
T 154.404 3 1684 2739 52
T 154.460 5 1691 2738 52
T 154.460 8 1685 2739 52
T 154.460 7 1685 2738 52
T 154.460 3 1685 2739 52
T 154.460 4 1684 2738 52
T 154.460 2 1684 2738 52
T 154.460 1 1684 2738 52
T 154.461 6 1684 2738 52
T 154.482 5 1692 2738 52
T 154.482 8 1686 2739 52
T 154.482 7 1686 2738 52
T 154.482 3 1686 2739 52
T 154.482 4 1685 2738 52
T 154.482 2 1685 2738 52
T 154.482 1 1685 2738 52
T 154.482 6 1685 2738 52
T 154.504 5 1693 2738 52
T 154.504 8 1687 2739 52
T 154.504 7 1687 2738 52
T 154.504 3 1687 2739 52
T 154.504 4 1686 2738 52
T 154.504 2 1686 2738 52
T 154.504 1 1686 2738 52
T 154.505 6 1686 2738 52
T 154.526 5 1694 2738 52
T 154.526 8 1688 2739 52
T 154.526 7 1688 2738 52
T 154.526 3 1688 2739 52
T 154.526 4 1687 2738 52
T 154.527 2 1687 2738 52
T 154.527 1 1687 2738 52
T 154.527 6 1687 2738 52
T 154.548 5 1695 2738 52
T 154.548 8 1689 2739 52
T 154.548 7 1689 2738 52
T 154.548 3 1689 2739 52
T 154.549 4 1688 2738 52
T 154.549 2 1688 2738 52
T 154.549 1 1688 2738 52
T 154.549 6 1688 2738 52
T 154.570 5 1696 2738 52
T 154.571 8 1690 2739 52
T 154.571 7 1690 2738 52
T 154.571 3 1690 2739 52
T 154.571 4 1689 2738 52
T 154.571 2 1689 2738 52
T 154.571 1 1689 2738 52
T 154.571 6 1689 2738 52
T 154.593 5 1697 2738 52
T 154.593 8 1691 2739 52
T 154.593 7 1691 2738 52
T 154.593 3 1691 2739 52
T 154.593 4 1690 2738 52
T 154.593 2 1690 2738 52
T 154.593 1 1690 2738 52
T 154.593 6 1690 2738 52
T 154.615 5 1698 2738 52
T 154.615 8 1692 2739 52
T 154.615 7 1692 2738 52
T 154.615 3 1692 2739 52
T 154.615 4 1691 2738 52
T 154.615 2 1691 2738 52
T 154.615 1 1691 2738 52
T 154.616 6 1691 2738 52
T 154.637 5 1699 2738 52
T 154.637 8 1693 2739 52
T 154.637 7 1693 2738 52
T 154.638 3 1693 2739 52
T 154.638 4 1692 2738 52
T 154.638 2 1692 2738 52
T 154.638 1 1692 2738 52
T 154.638 6 1692 2738 52
T 154.659 5 1700 2738 52
T 154.660 8 1694 2739 52
T 154.660 7 1694 2738 52
T 154.660 3 1694 2739 52
T 154.660 4 1693 2738 52
T 154.660 2 1693 2738 52
T 154.660 1 1693 2738 52
T 154.660 6 1693 2738 52
T 154.682 5 1701 2738 52
T 154.682 8 1695 2739 52
T 154.682 7 1695 2738 52
T 154.682 3 1695 2739 52
T 154.682 4 1694 2738 52
T 154.682 2 1694 2738 52
T 154.682 1 1694 2738 52
T 154.683 6 1694 2738 52
T 154.704 5 1702 2738 52
T 154.704 8 1696 2739 52
T 154.704 7 1696 2738 52
T 154.704 3 1696 2739 52
T 154.705 4 1695 2738 52
T 154.705 2 1695 2738 52
T 154.705 1 1695 2738 52
T 154.705 6 1695 2738 52
T 154.726 5 1703 2738 52
T 154.727 8 1697 2739 52
T 154.727 7 1697 2738 52
T 154.727 3 1697 2739 52
T 154.727 4 1696 2738 52
T 154.727 2 1696 2738 52
T 154.727 1 1696 2738 52
T 154.727 6 1696 2738 52
T 154.749 5 1704 2738 52
T 154.749 8 1698 2739 52
T 154.749 7 1698 2738 52
T 154.749 3 1698 2739 52
T 154.749 4 1697 2738 52
T 154.749 2 1697 2738 52
T 154.749 1 1697 2738 52
T 154.750 6 1697 2738 52
T 154.771 5 1705 2738 52
T 154.771 8 1699 2739 52
T 154.771 7 1699 2738 52
T 154.771 3 1699 2739 52
T 154.771 4 1698 2738 52
T 154.771 2 1698 2738 52
T 154.772 1 1698 2738 52
T 154.772 6 1698 2738 52
T 154.793 5 1706 2738 52
T 154.793 8 1700 2739 52
T 154.793 7 1700 2738 52
T 154.793 3 1700 2739 52
T 154.794 4 1699 2738 52
T 154.794 2 1699 2738 52
T 154.794 1 1699 2738 52
T 154.794 6 1699 2738 52
T 154.815 5 1707 2738 52
T 154.816 8 1701 2739 52
T 154.816 7 1701 2738 52
T 154.816 3 1701 2739 52
T 154.816 4 1700 2738 52
T 154.816 2 1700 2738 52
T 154.816 1 1700 2738 52
T 154.816 6 1700 2738 52
T 154.838 5 1708 2738 52
T 154.838 8 1702 2739 52
T 154.838 7 1702 2738 52
T 154.838 3 1702 2739 52
T 154.838 4 1701 2738 52
T 154.838 2 1701 2738 52
T 154.838 1 1701 2738 52
T 154.839 6 1701 2738 52
T 154.860 5 1709 2738 52
T 154.860 8 1703 2739 52
T 154.860 7 1703 2738 52
T 154.860 3 1703 2739 52
T 154.861 4 1702 2738 52
T 154.861 2 1702 2738 52
T 154.861 1 1702 2738 52
T 154.861 6 1702 2738 52
T 154.882 5 1710 2738 52
T 154.882 8 1704 2739 52
T 154.883 7 1704 2738 52
T 154.883 3 1704 2739 52
T 154.883 4 1703 2738 52
T 154.883 2 1703 2738 52
T 154.883 1 1703 2738 52
T 154.883 6 1703 2738 52
T 154.905 5 1711 2738 52
T 154.905 8 1705 2739 52
T 154.905 7 1705 2738 52
T 154.905 3 1705 2739 52
T 154.905 4 1704 2738 52
T 154.905 2 1704 2738 52
T 154.905 1 1704 2738 52
T 154.905 6 1704 2738 52
T 154.927 5 1712 2738 52
T 154.927 8 1706 2739 52
T 154.927 7 1706 2738 52
T 154.927 3 1706 2739 52
T 154.927 4 1705 2738 52
T 154.927 2 1705 2738 52
T 154.928 1 1705 2738 52
T 154.928 6 1705 2738 52
T 154.949 5 1713 2738 52
T 154.950 8 1707 2739 52
T 154.950 7 1707 2738 52
T 154.950 3 1707 2739 52
T 154.950 4 1706 2738 52
T 154.950 2 1706 2738 52
T 154.950 1 1706 2738 52
T 154.950 6 1706 2738 52
T 154.972 5 1714 2738 52
T 154.972 8 1708 2739 52
T 154.972 7 1708 2738 52
T 154.972 3 1708 2739 52
T 154.972 4 1707 2738 52
T 154.972 2 1707 2738 52
T 154.972 1 1707 2738 52
T 154.972 6 1707 2738 52
T 154.994 5 1715 2738 52
T 154.994 8 1709 2739 52
T 154.994 7 1709 2738 52
T 154.995 3 1709 2739 52
T 154.995 4 1708 2738 52
T 154.995 2 1708 2738 52
T 154.995 1 1708 2738 52
T 154.995 6 1708 2738 52
T 155.017 5 1716 2738 52
T 155.017 8 1710 2739 52
T 155.017 7 1710 2738 52
T 155.017 3 1710 2739 52
T 155.017 4 1709 2738 52
T 155.018 2 1709 2738 52
T 155.018 1 1709 2738 52
T 155.018 6 1709 2738 52
T 155.040 8 1711 2739 52
T 155.040 7 1711 2738 52
T 155.040 3 1711 2739 52
T 155.040 4 1710 2738 52
T 155.040 2 1710 2738 52
T 155.040 1 1710 2738 52
T 155.040 6 1710 2738 52
T 155.062 8 1712 2739 52
T 155.063 7 1712 2738 52
T 155.063 3 1712 2739 52
T 155.063 4 1711 2738 52
T 155.063 2 1711 2738 52
T 155.063 1 1711 2738 52
T 155.063 6 1711 2738 52
T 155.085 8 1713 2739 52
T 155.085 7 1713 2738 52
T 155.085 3 1713 2739 52
T 155.086 4 1712 2738 52
T 155.086 2 1712 2738 52
T 155.086 1 1712 2738 52
T 155.086 6 1712 2738 52
T 155.108 8 1714 2739 52
T 155.108 7 1714 2738 52
T 155.108 3 1714 2739 52
T 155.108 4 1713 2738 52
T 155.108 2 1713 2738 52
T 155.109 1 1713 2738 52
T 155.109 6 1713 2738 52
T 155.131 8 1715 2739 52
T 155.131 7 1715 2738 52
T 155.131 3 1715 2739 52
T 155.131 4 1714 2738 52
T 155.131 2 1714 2738 52
T 155.131 1 1714 2738 52
T 155.131 6 1714 2738 52
T 155.153 8 1716 2739 52
T 155.154 7 1716 2738 52
T 155.154 3 1716 2739 52
T 155.154 4 1715 2738 52
T 155.154 2 1715 2738 52
T 155.154 1 1715 2738 52
T 155.154 6 1715 2738 52
T 155.175 4 1716 2738 52
T 155.175 2 1716 2738 52
T 155.175 1 1716 2738 52
T 155.175 6 1716 2738 52
P 155.819 7
F 155.819 7 53
P 155.820 8
P 155.821 1
F 155.822 8 53
P 155.822 2
F 155.823 1 53
P 155.825 3
P 155.825 5
P 155.825 4
F 155.826 2 53
P 155.826 6
F 155.827 3 53
F 155.828 5 53
F 155.830 4 53
F 155.831 6 53
T 156.255 7 1717 2791 53
T 156.314 7 1718 2791 53
T 156.314 3 1717 2792 53
T 156.407 7 1719 2791 53
T 156.407 3 1718 2792 53
T 156.407 5 1717 2791 53
T 156.407 8 1717 2792 53
T 156.408 4 1717 2791 53
T 156.408 2 1717 2791 53
T 156.408 1 1717 2791 53
T 156.408 6 1717 2791 53
T 156.429 7 1720 2791 53
T 156.430 3 1719 2792 53
T 156.430 5 1718 2791 53
T 156.430 8 1718 2792 53
T 156.430 4 1718 2791 53
T 156.430 2 1718 2791 53
T 156.430 1 1718 2791 53
T 156.430 6 1718 2791 53
T 156.451 7 1721 2791 53
T 156.451 3 1720 2792 53
T 156.451 5 1719 2791 53
T 156.451 8 1719 2792 53
T 156.451 4 1719 2791 53
T 156.452 2 1719 2791 53
T 156.452 1 1719 2791 53
T 156.452 6 1719 2791 53
T 156.472 7 1722 2791 53
T 156.472 3 1721 2792 53
T 156.472 5 1720 2791 53
T 156.472 8 1720 2792 53
T 156.472 4 1720 2791 53
T 156.472 2 1720 2791 53
T 156.472 1 1720 2791 53
T 156.472 6 1720 2791 53
T 156.495 7 1723 2791 53
T 156.495 3 1722 2792 53
T 156.496 5 1721 2791 53
T 156.496 8 1721 2792 53
T 156.496 4 1721 2791 53
T 156.496 2 1721 2791 53
T 156.496 1 1721 2791 53
T 156.496 6 1721 2791 53
T 156.518 7 1724 2791 53
T 156.518 3 1723 2792 53
T 156.518 5 1722 2791 53
T 156.518 8 1722 2792 53
T 156.518 4 1722 2791 53
T 156.518 2 1722 2791 53
T 156.518 1 1722 2791 53
T 156.518 6 1722 2791 53
T 156.540 7 1725 2791 53
T 156.540 3 1724 2792 53
T 156.540 5 1723 2791 53
T 156.540 8 1723 2792 53
T 156.541 4 1723 2791 53
T 156.541 2 1723 2791 53
T 156.541 1 1723 2791 53
T 156.541 6 1723 2791 53
T 156.562 7 1726 2791 53
T 156.562 3 1725 2792 53
T 156.563 5 1724 2791 53
T 156.563 8 1724 2792 53
T 156.563 4 1724 2791 53
T 156.563 2 1724 2791 53
T 156.563 1 1724 2791 53
T 156.563 6 1724 2791 53
T 156.585 7 1727 2791 53
T 156.585 3 1726 2792 53
T 156.585 5 1725 2791 53
T 156.585 8 1725 2792 53
T 156.585 4 1725 2791 53
T 156.585 2 1725 2791 53
T 156.585 1 1725 2791 53
T 156.585 6 1725 2791 53
T 156.607 7 1728 2791 53
T 156.607 3 1727 2792 53
T 156.607 5 1726 2791 53
T 156.607 8 1726 2792 53
T 156.607 4 1726 2791 53
T 156.607 2 1726 2791 53
T 156.608 1 1726 2791 53
T 156.608 6 1726 2791 53
T 156.629 7 1729 2791 53
T 156.629 3 1728 2792 53
T 156.629 5 1727 2791 53
T 156.630 8 1727 2792 53
T 156.630 4 1727 2791 53
T 156.630 2 1727 2791 53
T 156.630 1 1727 2791 53
T 156.630 6 1727 2791 53
T 156.652 7 1730 2791 53
T 156.652 3 1729 2792 53
T 156.652 5 1728 2791 53
T 156.652 8 1728 2792 53
T 156.652 4 1728 2791 53
T 156.652 2 1728 2791 53
T 156.652 1 1728 2791 53
T 156.652 6 1728 2791 53
T 156.674 7 1731 2791 53
T 156.674 3 1730 2792 53
T 156.674 5 1729 2791 53
T 156.674 8 1729 2792 53
T 156.674 4 1729 2791 53
T 156.675 2 1729 2791 53
T 156.675 1 1729 2791 53
T 156.675 6 1729 2791 53
T 156.696 7 1732 2791 53
T 156.697 3 1731 2792 53
T 156.697 5 1730 2791 53
T 156.697 8 1730 2792 53
T 156.697 4 1730 2791 53
T 156.697 2 1730 2791 53
T 156.697 1 1730 2791 53
T 156.697 6 1730 2791 53
T 156.719 7 1733 2791 53
T 156.719 3 1732 2792 53
T 156.719 5 1731 2791 53
T 156.719 8 1731 2792 53
T 156.719 4 1731 2791 53
T 156.719 2 1731 2791 53
T 156.719 1 1731 2791 53
T 156.719 6 1731 2791 53
T 156.741 7 1734 2791 53
T 156.741 3 1733 2792 53
T 156.741 5 1732 2791 53
T 156.741 8 1732 2792 53
T 156.741 4 1732 2791 53
T 156.741 2 1732 2791 53
T 156.742 1 1732 2791 53
T 156.742 6 1732 2791 53
T 156.763 7 1735 2791 53
T 156.763 3 1734 2792 53
T 156.764 5 1733 2791 53
T 156.764 8 1733 2792 53
T 156.764 4 1733 2791 53
T 156.764 2 1733 2791 53
T 156.764 1 1733 2791 53
T 156.764 6 1733 2791 53
T 156.786 7 1736 2791 53
T 156.786 3 1735 2792 53
T 156.786 5 1734 2791 53
T 156.786 8 1734 2792 53
T 156.786 4 1734 2791 53
T 156.786 2 1734 2791 53
T 156.786 1 1734 2791 53
T 156.786 6 1734 2791 53
T 156.808 7 1737 2791 53
T 156.808 3 1736 2792 53
T 156.808 5 1735 2791 53
T 156.808 8 1735 2792 53
T 156.808 4 1735 2791 53
T 156.809 2 1735 2791 53
T 156.809 1 1735 2791 53
T 156.809 6 1735 2791 53
T 156.830 7 1738 2791 53
T 156.831 3 1737 2792 53
T 156.831 5 1736 2791 53
T 156.831 8 1736 2792 53
T 156.831 4 1736 2791 53
T 156.831 2 1736 2791 53
T 156.831 1 1736 2791 53
T 156.831 6 1736 2791 53
T 156.853 7 1739 2791 53
T 156.853 3 1738 2792 53
T 156.853 5 1737 2791 53
T 156.853 8 1737 2792 53
T 156.853 4 1737 2791 53
T 156.853 2 1737 2791 53
T 156.853 1 1737 2791 53
T 156.854 6 1737 2791 53
T 156.875 7 1740 2791 53
T 156.875 3 1739 2792 53
T 156.875 5 1738 2791 53
T 156.875 8 1738 2792 53
T 156.875 4 1738 2791 53
T 156.876 2 1738 2791 53
T 156.876 1 1738 2791 53
T 156.876 6 1738 2791 53
T 156.897 7 1741 2791 53
T 156.898 3 1740 2792 53
T 156.898 5 1739 2791 53
T 156.898 8 1739 2792 53
T 156.898 4 1739 2791 53
T 156.898 2 1739 2791 53
T 156.898 1 1739 2791 53
T 156.898 6 1739 2791 53
T 156.920 7 1742 2791 53
T 156.920 3 1741 2792 53
T 156.920 5 1740 2791 53
T 156.920 8 1740 2792 53
T 156.920 4 1740 2791 53
T 156.920 2 1740 2791 53
T 156.921 1 1740 2791 53
T 156.921 6 1740 2791 53
T 156.942 7 1743 2791 53
T 156.943 3 1742 2792 53
T 156.943 5 1741 2791 53
T 156.943 8 1741 2792 53
T 156.943 4 1741 2791 53
T 156.943 2 1741 2791 53
T 156.943 1 1741 2791 53
T 156.943 6 1741 2791 53
T 156.965 7 1744 2791 53
T 156.965 3 1743 2792 53
T 156.965 5 1742 2791 53
T 156.965 8 1742 2792 53
T 156.965 4 1742 2791 53
T 156.965 2 1742 2791 53
T 156.965 1 1742 2791 53
T 156.965 6 1742 2791 53
T 156.987 7 1745 2791 53
T 156.987 3 1744 2792 53
T 156.987 5 1743 2791 53
T 156.988 8 1743 2792 53
T 156.988 4 1743 2791 53
T 156.988 2 1743 2791 53
T 156.988 1 1743 2791 53
T 156.988 6 1743 2791 53
T 157.010 7 1746 2791 53
T 157.010 3 1745 2792 53
T 157.010 5 1744 2791 53
T 157.010 8 1744 2792 53
T 157.010 4 1744 2791 53
T 157.010 2 1744 2791 53
T 157.011 1 1744 2791 53
T 157.011 6 1744 2791 53
T 157.033 7 1747 2791 53
T 157.033 3 1746 2792 53
T 157.033 5 1745 2791 53
T 157.033 8 1745 2792 53
T 157.033 4 1745 2791 53
T 157.033 2 1745 2791 53
T 157.033 1 1745 2791 53
T 157.033 6 1745 2791 53
T 157.056 7 1748 2791 53
T 157.056 3 1747 2792 53
T 157.056 5 1746 2791 53
T 157.056 8 1746 2792 53
T 157.056 4 1746 2791 53
T 157.056 2 1746 2791 53
T 157.056 1 1746 2791 53
T 157.056 6 1746 2791 53
T 157.079 7 1749 2791 53
T 157.079 3 1748 2792 53
T 157.079 5 1747 2791 53
T 157.079 8 1747 2792 53
T 157.079 4 1747 2791 53
T 157.079 2 1747 2791 53
T 157.079 1 1747 2791 53
T 157.079 6 1747 2791 53
T 157.102 3 1749 2792 53
T 157.102 5 1748 2791 53
T 157.102 8 1748 2792 53
T 157.102 4 1748 2791 53
T 157.102 2 1748 2791 53
T 157.102 1 1748 2791 53
T 157.103 6 1748 2791 53
T 157.125 5 1749 2791 53
T 157.125 8 1749 2792 53
T 157.125 4 1749 2791 53
T 157.125 2 1749 2791 53
T 157.125 1 1749 2791 53
T 157.125 6 1749 2791 53
P 157.816 2
F 157.817 2 54
P 157.817 3
F 157.818 3 54
P 157.819 5
F 157.820 5 54
P 157.821 4
P 157.822 6
F 157.822 4 54
P 157.824 7
F 157.827 6 54
P 157.828 8
F 157.828 7 54
P 157.831 1
F 157.831 8 54
F 157.832 1 54
T 158.262 6 1750 2844 54
T 158.345 6 1751 2844 54
T 158.346 3 1750 2845 54
T 158.346 5 1750 2844 54
T 158.346 2 1750 2844 54
T 158.395 6 1752 2844 54
T 158.396 3 1751 2845 54
T 158.396 5 1751 2844 54
T 158.396 2 1751 2844 54
T 158.396 7 1750 2844 54
T 158.396 8 1750 2845 54
T 158.396 4 1750 2844 54
T 158.396 1 1750 2844 54
T 158.418 6 1753 2844 54
T 158.418 3 1752 2845 54
T 158.418 5 1752 2844 54
T 158.418 2 1752 2844 54
T 158.418 7 1751 2844 54
T 158.418 8 1751 2845 54
T 158.418 4 1751 2844 54
T 158.418 1 1751 2844 54
T 158.440 6 1754 2844 54
T 158.440 3 1753 2845 54
T 158.440 5 1753 2844 54
T 158.441 2 1753 2844 54
T 158.441 7 1752 2844 54
T 158.441 8 1752 2845 54
T 158.441 4 1752 2844 54
T 158.441 1 1752 2844 54
T 158.463 6 1755 2844 54
T 158.463 3 1754 2845 54
T 158.463 5 1754 2844 54
T 158.463 2 1754 2844 54
T 158.463 7 1753 2844 54
T 158.463 8 1753 2845 54
T 158.463 4 1753 2844 54
T 158.464 1 1753 2844 54
T 158.485 6 1756 2844 54
T 158.485 3 1755 2845 54
T 158.485 5 1755 2844 54
T 158.485 2 1755 2844 54
T 158.486 7 1754 2844 54
T 158.486 8 1754 2845 54
T 158.486 4 1754 2844 54
T 158.486 1 1754 2844 54
T 158.508 6 1757 2844 54
T 158.508 3 1756 2845 54
T 158.508 5 1756 2844 54
T 158.508 2 1756 2844 54
T 158.508 7 1755 2844 54
T 158.508 8 1755 2845 54
T 158.509 4 1755 2844 54
T 158.509 1 1755 2844 54
T 158.530 6 1758 2844 54
T 158.530 3 1757 2845 54
T 158.531 5 1757 2844 54
T 158.531 2 1757 2844 54
T 158.531 7 1756 2844 54
T 158.531 8 1756 2845 54
T 158.531 4 1756 2844 54
T 158.531 1 1756 2844 54
T 158.553 6 1759 2844 54
T 158.553 3 1758 2845 54
T 158.553 5 1758 2844 54
T 158.553 2 1758 2844 54
T 158.553 7 1757 2844 54
T 158.554 8 1757 2845 54
T 158.554 4 1757 2844 54
T 158.554 1 1757 2844 54
T 158.575 6 1760 2844 54
T 158.576 3 1759 2845 54
T 158.576 5 1759 2844 54
T 158.576 2 1759 2844 54
T 158.576 7 1758 2844 54
T 158.576 8 1758 2845 54
T 158.576 4 1758 2844 54
T 158.576 1 1758 2844 54
T 158.598 6 1761 2844 54
T 158.598 3 1760 2845 54
T 158.598 5 1760 2844 54
T 158.598 2 1760 2844 54
T 158.598 7 1759 2844 54
T 158.598 8 1759 2845 54
T 158.599 4 1759 2844 54
T 158.599 1 1759 2844 54
T 158.621 6 1762 2844 54
T 158.621 3 1761 2845 54
T 158.621 5 1761 2844 54
T 158.621 2 1761 2844 54
T 158.621 7 1760 2844 54
T 158.621 8 1760 2845 54
T 158.621 4 1760 2844 54
T 158.621 1 1760 2844 54
T 158.643 6 1763 2844 54
T 158.643 3 1762 2845 54
T 158.643 5 1762 2844 54
T 158.644 2 1762 2844 54
T 158.644 7 1761 2844 54
T 158.644 8 1761 2845 54
T 158.644 4 1761 2844 54
T 158.644 1 1761 2844 54
T 158.666 6 1764 2844 54
T 158.666 3 1763 2845 54
T 158.666 5 1763 2844 54
T 158.666 2 1763 2844 54
T 158.666 7 1762 2844 54
T 158.666 8 1762 2845 54
T 158.666 4 1762 2844 54
T 158.667 1 1762 2844 54
T 158.688 6 1765 2844 54
T 158.689 3 1764 2845 54
T 158.689 5 1764 2844 54
T 158.689 2 1764 2844 54
T 158.689 7 1763 2844 54
T 158.689 8 1763 2845 54
T 158.689 4 1763 2844 54
T 158.689 1 1763 2844 54
T 158.711 6 1766 2844 54
T 158.711 3 1765 2845 54
T 158.711 5 1765 2844 54
T 158.711 2 1765 2844 54
T 158.711 7 1764 2844 54
T 158.712 8 1764 2845 54
T 158.712 4 1764 2844 54
T 158.712 1 1764 2844 54
T 158.739 6 1767 2844 54
T 158.740 3 1766 2845 54
T 158.740 5 1766 2844 54
T 158.740 2 1766 2844 54
T 158.740 7 1765 2844 54
T 158.740 8 1765 2845 54
T 158.741 4 1765 2844 54
T 158.741 1 1765 2844 54
T 158.757 6 1768 2844 54
T 158.757 3 1767 2845 54
T 158.757 5 1767 2844 54
T 158.757 2 1767 2844 54
T 158.757 7 1766 2844 54
T 158.757 8 1766 2845 54
T 158.758 4 1766 2844 54
T 158.758 1 1766 2844 54
T 158.779 6 1769 2844 54
T 158.779 3 1768 2845 54
T 158.779 5 1768 2844 54
T 158.779 2 1768 2844 54
T 158.779 7 1767 2844 54
T 158.779 8 1767 2845 54
T 158.780 4 1767 2844 54
T 158.780 1 1767 2844 54
T 158.801 6 1770 2844 54
T 158.801 3 1769 2845 54
T 158.802 5 1769 2844 54
T 158.802 2 1769 2844 54
T 158.802 7 1768 2844 54
T 158.802 8 1768 2845 54
T 158.802 4 1768 2844 54
T 158.802 1 1768 2844 54
T 158.824 6 1771 2844 54
T 158.824 3 1770 2845 54
T 158.824 5 1770 2844 54
T 158.824 2 1770 2844 54
T 158.824 7 1769 2844 54
T 158.824 8 1769 2845 54
T 158.825 4 1769 2844 54
T 158.825 1 1769 2844 54
T 158.847 6 1772 2844 54
T 158.847 3 1771 2845 54
T 158.847 5 1771 2844 54
T 158.847 2 1771 2844 54
T 158.847 7 1770 2844 54
T 158.847 8 1770 2845 54
T 158.847 4 1770 2844 54
T 158.847 1 1770 2844 54
T 158.869 6 1773 2844 54
T 158.869 3 1772 2845 54
T 158.869 5 1772 2844 54
T 158.870 2 1772 2844 54
T 158.870 7 1771 2844 54
T 158.870 8 1771 2845 54
T 158.870 4 1771 2844 54
T 158.870 1 1771 2844 54
T 158.892 6 1774 2844 54
T 158.892 3 1773 2845 54
T 158.892 5 1773 2844 54
T 158.892 2 1773 2844 54
T 158.892 7 1772 2844 54
T 158.892 8 1772 2845 54
T 158.892 4 1772 2844 54
T 158.893 1 1772 2844 54
T 158.914 6 1775 2844 54
T 158.915 3 1774 2845 54
T 158.915 5 1774 2844 54
T 158.915 2 1774 2844 54
T 158.915 7 1773 2844 54
T 158.915 8 1773 2845 54
T 158.915 4 1773 2844 54
T 158.915 1 1773 2844 54
T 158.937 6 1776 2844 54
T 158.937 3 1775 2845 54
T 158.937 5 1775 2844 54
T 158.937 2 1775 2844 54
T 158.937 7 1774 2844 54
T 158.937 8 1774 2845 54
T 158.938 4 1774 2844 54
T 158.938 1 1774 2844 54
T 158.960 6 1777 2844 54
T 158.960 3 1776 2845 54
T 158.960 5 1776 2844 54
T 158.960 2 1776 2844 54
T 158.960 7 1775 2844 54
T 158.960 8 1775 2845 54
T 158.960 4 1775 2844 54
T 158.960 1 1775 2844 54
T 158.982 6 1778 2844 54
T 158.982 3 1777 2845 54
T 158.982 5 1777 2844 54
T 158.982 2 1777 2844 54
T 158.983 7 1776 2844 54
T 158.983 8 1776 2845 54
T 158.983 4 1776 2844 54
T 158.983 1 1776 2844 54
T 159.005 6 1779 2844 54
T 159.005 3 1778 2845 54
T 159.005 5 1778 2844 54
T 159.005 2 1778 2844 54
T 159.005 7 1777 2844 54
T 159.005 8 1777 2845 54
T 159.005 4 1777 2844 54
T 159.006 1 1777 2844 54
T 159.027 6 1780 2844 54
T 159.028 3 1779 2845 54
T 159.028 5 1779 2844 54
T 159.028 2 1779 2844 54
T 159.028 7 1778 2844 54
T 159.028 8 1778 2845 54
T 159.028 4 1778 2844 54
T 159.028 1 1778 2844 54
T 159.050 6 1781 2844 54
T 159.050 3 1780 2845 54
T 159.051 5 1780 2844 54
T 159.051 2 1780 2844 54
T 159.051 7 1779 2844 54
T 159.051 8 1779 2845 54
T 159.051 4 1779 2844 54
T 159.051 1 1779 2844 54
T 159.074 6 1782 2844 54
T 159.074 3 1781 2845 54
T 159.074 5 1781 2844 54
T 159.074 2 1781 2844 54
T 159.074 7 1780 2844 54
T 159.074 8 1780 2845 54
T 159.074 4 1780 2844 54
T 159.074 1 1780 2844 54
T 159.097 3 1782 2845 54
T 159.097 5 1782 2844 54
T 159.097 2 1782 2844 54
T 159.097 7 1781 2844 54
T 159.097 8 1781 2845 54
T 159.097 4 1781 2844 54
T 159.098 1 1781 2844 54
T 159.118 7 1782 2844 54
T 159.118 8 1782 2845 54
T 159.119 4 1782 2844 54
T 159.119 1 1782 2844 54
P 159.820 6
P 159.820 7
F 159.821 6 55
P 159.821 8
F 159.821 7 55
P 159.823 1
P 159.824 2
P 159.824 3
P 159.825 5
F 159.825 8 55
P 159.825 4
F 159.826 1 55
F 159.828 2 55
F 159.829 3 55
F 159.830 5 55
F 159.830 4 55
T 160.288 4 1783 2897 55
T 160.369 4 1784 2897 55
T 160.369 6 1783 2897 55
T 160.369 3 1783 2898 55
T 160.369 2 1783 2897 55
T 160.427 4 1785 2897 55
T 160.427 6 1784 2897 55
T 160.427 3 1784 2898 55
T 160.427 2 1784 2897 55
T 160.427 5 1783 2897 55
T 160.427 7 1783 2897 55
T 160.428 8 1783 2898 55
T 160.428 1 1783 2897 55
T 160.449 4 1786 2897 55
T 160.449 6 1785 2897 55
T 160.449 3 1785 2898 55
T 160.449 2 1785 2897 55
T 160.449 5 1784 2897 55
T 160.449 7 1784 2897 55
T 160.450 8 1784 2898 55
T 160.450 1 1784 2897 55
T 160.471 4 1787 2897 55
T 160.471 6 1786 2897 55
T 160.472 3 1786 2898 55
T 160.472 2 1786 2897 55
T 160.472 5 1785 2897 55
T 160.472 7 1785 2897 55
T 160.472 8 1785 2898 55
T 160.472 1 1785 2897 55
T 160.494 4 1788 2897 55
T 160.494 6 1787 2897 55
T 160.494 3 1787 2898 55
T 160.494 2 1787 2897 55
T 160.494 5 1786 2897 55
T 160.494 7 1786 2897 55
T 160.494 8 1786 2898 55
T 160.495 1 1786 2897 55
T 160.516 4 1789 2897 55
T 160.516 6 1788 2897 55
T 160.517 3 1788 2898 55
T 160.517 2 1788 2897 55
T 160.517 5 1787 2897 55
T 160.517 7 1787 2897 55
T 160.517 8 1787 2898 55
T 160.517 1 1787 2897 55
T 160.539 4 1790 2897 55
T 160.539 6 1789 2897 55
T 160.540 3 1789 2898 55
T 160.540 2 1789 2897 55
T 160.540 5 1788 2897 55
T 160.540 7 1788 2897 55
T 160.540 8 1788 2898 55
T 160.540 1 1788 2897 55
T 160.562 4 1791 2897 55
T 160.562 6 1790 2897 55
T 160.562 3 1790 2898 55
T 160.562 2 1790 2897 55
T 160.562 5 1789 2897 55
T 160.562 7 1789 2897 55
T 160.562 8 1789 2898 55
T 160.563 1 1789 2897 55
T 160.584 4 1792 2897 55
T 160.584 6 1791 2897 55
T 160.584 3 1791 2898 55
T 160.584 2 1791 2897 55
T 160.584 5 1790 2897 55
T 160.585 7 1790 2897 55
T 160.585 8 1790 2898 55
T 160.585 1 1790 2897 55
T 160.607 4 1793 2897 55
T 160.607 6 1792 2897 55
T 160.607 3 1792 2898 55
T 160.607 2 1792 2897 55
T 160.607 5 1791 2897 55
T 160.607 7 1791 2897 55
T 160.607 8 1791 2898 55
T 160.607 1 1791 2897 55
T 160.629 4 1794 2897 55
T 160.629 6 1793 2897 55
T 160.630 3 1793 2898 55
T 160.630 2 1793 2897 55
T 160.630 5 1792 2897 55
T 160.630 7 1792 2897 55
T 160.630 8 1792 2898 55
T 160.630 1 1792 2897 55
T 160.652 4 1795 2897 55
T 160.652 6 1794 2897 55
T 160.652 3 1794 2898 55
T 160.652 2 1794 2897 55
T 160.652 5 1793 2897 55
T 160.652 7 1793 2897 55
T 160.652 8 1793 2898 55
T 160.653 1 1793 2897 55
T 160.675 4 1796 2897 55
T 160.675 6 1795 2897 55
T 160.675 3 1795 2898 55
T 160.675 2 1795 2897 55
T 160.675 5 1794 2897 55
T 160.675 7 1794 2897 55
T 160.675 8 1794 2898 55
T 160.676 1 1794 2897 55
T 160.697 4 1797 2897 55
T 160.697 6 1796 2897 55
T 160.697 3 1796 2898 55
T 160.697 2 1796 2897 55
T 160.697 5 1795 2897 55
T 160.698 7 1795 2897 55
T 160.698 8 1795 2898 55
T 160.698 1 1795 2897 55
T 160.720 4 1798 2897 55
T 160.720 6 1797 2897 55
T 160.720 3 1797 2898 55
T 160.720 2 1797 2897 55
T 160.720 5 1796 2897 55
T 160.720 7 1796 2897 55
T 160.720 8 1796 2898 55
T 160.720 1 1796 2897 55
T 160.742 4 1799 2897 55
T 160.742 6 1798 2897 55
T 160.742 3 1798 2898 55
T 160.743 2 1798 2897 55
T 160.743 5 1797 2897 55
T 160.743 7 1797 2897 55
T 160.743 8 1797 2898 55
T 160.743 1 1797 2897 55
T 160.765 4 1800 2897 55
T 160.765 6 1799 2897 55
T 160.765 3 1799 2898 55
T 160.765 2 1799 2897 55
T 160.765 5 1798 2897 55
T 160.765 7 1798 2897 55
T 160.765 8 1798 2898 55
T 160.766 1 1798 2897 55
T 160.787 4 1801 2897 55
T 160.788 6 1800 2897 55
T 160.788 3 1800 2898 55
T 160.788 2 1800 2897 55
T 160.788 5 1799 2897 55
T 160.788 7 1799 2897 55
T 160.788 8 1799 2898 55
T 160.788 1 1799 2897 55
T 160.810 4 1802 2897 55
T 160.810 6 1801 2897 55
T 160.810 3 1801 2898 55
T 160.810 2 1801 2897 55
T 160.810 5 1800 2897 55
T 160.810 7 1800 2897 55
T 160.810 8 1800 2898 55
T 160.811 1 1800 2897 55
T 160.832 4 1803 2897 55
T 160.833 6 1802 2897 55
T 160.833 3 1802 2898 55
T 160.833 2 1802 2897 55
T 160.833 5 1801 2897 55
T 160.833 7 1801 2897 55
T 160.833 8 1801 2898 55
T 160.833 1 1801 2897 55
T 160.855 4 1804 2897 55
T 160.855 6 1803 2897 55
T 160.855 3 1803 2898 55
T 160.855 2 1803 2897 55
T 160.855 5 1802 2897 55
T 160.856 7 1802 2897 55
T 160.856 8 1802 2898 55
T 160.856 1 1802 2897 55
T 160.878 4 1805 2897 55
T 160.878 6 1804 2897 55
T 160.878 3 1804 2898 55
T 160.878 2 1804 2897 55
T 160.878 5 1803 2897 55
T 160.878 7 1803 2897 55
T 160.878 8 1803 2898 55
T 160.879 1 1803 2897 55
T 160.900 4 1806 2897 55
T 160.900 6 1805 2897 55
T 160.901 3 1805 2898 55
T 160.901 2 1805 2897 55
T 160.901 5 1804 2897 55
T 160.901 7 1804 2897 55
T 160.901 8 1804 2898 55
T 160.901 1 1804 2897 55
T 160.923 4 1807 2897 55
T 160.923 6 1806 2897 55
T 160.923 3 1806 2898 55
T 160.923 2 1806 2897 55
T 160.923 5 1805 2897 55
T 160.923 7 1805 2897 55
T 160.923 8 1805 2898 55
T 160.924 1 1805 2897 55
T 160.945 4 1808 2897 55
T 160.945 6 1807 2897 55
T 160.946 3 1807 2898 55
T 160.946 2 1807 2897 55
T 160.946 5 1806 2897 55
T 160.946 7 1806 2897 55
T 160.946 8 1806 2898 55
T 160.946 1 1806 2897 55
T 160.968 4 1809 2897 55
T 160.968 6 1808 2897 55
T 160.968 3 1808 2898 55
T 160.968 2 1808 2897 55
T 160.968 5 1807 2897 55
T 160.968 7 1807 2897 55
T 160.969 8 1807 2898 55
T 160.969 1 1807 2897 55
T 160.990 4 1810 2897 55
T 160.991 6 1809 2897 55
T 160.991 3 1809 2898 55
T 160.991 2 1809 2897 55
T 160.991 5 1808 2897 55
T 160.991 7 1808 2897 55
T 160.991 8 1808 2898 55
T 160.991 1 1808 2897 55
T 161.013 4 1811 2897 55
T 161.013 6 1810 2897 55
T 161.013 3 1810 2898 55
T 161.014 2 1810 2897 55
T 161.014 5 1809 2897 55
T 161.014 7 1809 2897 55
T 161.014 8 1809 2898 55
T 161.014 1 1809 2897 55
T 161.036 4 1812 2897 55
T 161.036 6 1811 2897 55
T 161.036 3 1811 2898 55
T 161.036 2 1811 2897 55
T 161.036 5 1810 2897 55
T 161.036 7 1810 2897 55
T 161.036 8 1810 2898 55
T 161.037 1 1810 2897 55
T 161.059 4 1813 2897 55
T 161.059 6 1812 2897 55
T 161.059 3 1812 2898 55
T 161.059 2 1812 2897 55
T 161.059 5 1811 2897 55
T 161.059 7 1811 2897 55
T 161.059 8 1811 2898 55
T 161.059 1 1811 2897 55
T 161.082 4 1814 2897 55
T 161.082 6 1813 2897 55
T 161.082 3 1813 2898 55
T 161.082 2 1813 2897 55
T 161.082 5 1812 2897 55
T 161.082 7 1812 2897 55
T 161.082 8 1812 2898 55
T 161.083 1 1812 2897 55
T 161.105 4 1815 2897 55
T 161.105 6 1814 2897 55
T 161.105 3 1814 2898 55
T 161.105 2 1814 2897 55
T 161.105 5 1813 2897 55
T 161.105 7 1813 2897 55
T 161.106 8 1813 2898 55
T 161.106 1 1813 2897 55
T 161.128 6 1815 2897 55
T 161.128 3 1815 2898 55
T 161.128 2 1815 2897 55
T 161.128 5 1814 2897 55
T 161.128 7 1814 2897 55
T 161.128 8 1814 2898 55
T 161.128 1 1814 2897 55
T 161.150 5 1815 2897 55
T 161.150 7 1815 2897 55
T 161.150 8 1815 2898 55
T 161.150 1 1815 2897 55
P 161.819 1
F 161.819 1 56
P 161.819 2
P 161.821 3
F 161.820 2 56
P 161.821 5
F 161.823 3 56
P 161.823 4
F 161.824 5 56
P 161.825 6
F 161.826 4 56
P 161.827 7
F 161.827 6 56
P 161.828 8
F 161.833 7 56
F 161.834 8 56
T 162.288 4 1816 2950 56
T 162.430 4 1817 2950 56
T 162.430 6 1816 2950 56
T 162.430 3 1816 2951 56
T 162.430 2 1816 2950 56
T 162.431 5 1816 2950 56
T 162.431 7 1816 2950 56
T 162.431 1 1816 2950 56
T 162.441 4 1818 2950 56
T 162.441 6 1817 2950 56
T 162.441 3 1817 2951 56
T 162.441 2 1817 2950 56
T 162.442 5 1817 2950 56
T 162.442 7 1817 2950 56
T 162.442 1 1817 2950 56
T 162.442 8 1816 2951 56
T 162.463 4 1819 2950 56
T 162.464 6 1818 2950 56
T 162.464 3 1818 2951 56
T 162.464 2 1818 2950 56
T 162.464 5 1818 2950 56
T 162.464 7 1818 2950 56
T 162.464 1 1818 2950 56
T 162.464 8 1817 2951 56
T 162.486 4 1820 2950 56
T 162.486 6 1819 2950 56
T 162.486 3 1819 2951 56
T 162.486 2 1819 2950 56
T 162.487 5 1819 2950 56
T 162.487 7 1819 2950 56
T 162.487 1 1819 2950 56
T 162.487 8 1818 2951 56
T 162.509 4 1821 2950 56
T 162.509 6 1820 2950 56
T 162.509 3 1820 2951 56
T 162.509 2 1820 2950 56
T 162.509 5 1820 2950 56
T 162.509 7 1820 2950 56
T 162.509 1 1820 2950 56
T 162.509 8 1819 2951 56
T 162.531 4 1822 2950 56
T 162.532 6 1821 2950 56
T 162.532 3 1821 2951 56
T 162.532 2 1821 2950 56
T 162.532 5 1821 2950 56
T 162.532 7 1821 2950 56
T 162.532 1 1821 2950 56
T 162.532 8 1820 2951 56
T 162.554 4 1823 2950 56
T 162.554 6 1822 2950 56
T 162.554 3 1822 2951 56
T 162.555 2 1822 2950 56
T 162.555 5 1822 2950 56
T 162.555 7 1822 2950 56
T 162.555 1 1822 2950 56
T 162.555 8 1821 2951 56
T 162.577 4 1824 2950 56
T 162.577 6 1823 2950 56
T 162.577 3 1823 2951 56
T 162.577 2 1823 2950 56
T 162.577 5 1823 2950 56
T 162.578 7 1823 2950 56
T 162.578 1 1823 2950 56
T 162.578 8 1822 2951 56
T 162.600 4 1825 2950 56
T 162.600 6 1824 2950 56
T 162.600 3 1824 2951 56
T 162.600 2 1824 2950 56
T 162.600 5 1824 2950 56
T 162.600 7 1824 2950 56
T 162.600 1 1824 2950 56
T 162.600 8 1823 2951 56
T 162.622 4 1826 2950 56
T 162.622 6 1825 2950 56
T 162.622 3 1825 2951 56
T 162.622 2 1825 2950 56
T 162.622 5 1825 2950 56
T 162.622 7 1825 2950 56
T 162.623 1 1825 2950 56
T 162.623 8 1824 2951 56
T 162.644 4 1827 2950 56
T 162.645 6 1826 2950 56
T 162.645 3 1826 2951 56
T 162.645 2 1826 2950 56
T 162.645 5 1826 2950 56
T 162.645 7 1826 2950 56
T 162.645 1 1826 2950 56
T 162.645 8 1825 2951 56
T 162.667 4 1828 2950 56
T 162.667 6 1827 2950 56
T 162.668 3 1827 2951 56
T 162.668 2 1827 2950 56
T 162.668 5 1827 2950 56
T 162.668 7 1827 2950 56
T 162.668 1 1827 2950 56
T 162.668 8 1826 2951 56
T 162.690 4 1829 2950 56
T 162.690 6 1828 2950 56
T 162.690 3 1828 2951 56
T 162.690 2 1828 2950 56
T 162.691 5 1828 2950 56
T 162.691 7 1828 2950 56
T 162.691 1 1828 2950 56
T 162.691 8 1827 2951 56
T 162.712 4 1830 2950 56
T 162.713 6 1829 2950 56
T 162.713 3 1829 2951 56
T 162.713 2 1829 2950 56
T 162.713 5 1829 2950 56
T 162.713 7 1829 2950 56
T 162.713 1 1829 2950 56
T 162.713 8 1828 2951 56
T 162.735 4 1831 2950 56
T 162.735 6 1830 2950 56
T 162.735 3 1830 2951 56
T 162.735 2 1830 2950 56
T 162.735 5 1830 2950 56
T 162.735 7 1830 2950 56
T 162.736 1 1830 2950 56
T 162.736 8 1829 2951 56
T 162.757 4 1832 2950 56
T 162.757 6 1831 2950 56
T 162.758 3 1831 2951 56
T 162.758 2 1831 2950 56
T 162.758 5 1831 2950 56
T 162.758 7 1831 2950 56
T 162.758 1 1831 2950 56
T 162.758 8 1830 2951 56
T 162.780 4 1833 2950 56
T 162.780 6 1832 2950 56
T 162.780 3 1832 2951 56
T 162.780 2 1832 2950 56
T 162.780 5 1832 2950 56
T 162.780 7 1832 2950 56
T 162.781 1 1832 2950 56
T 162.781 8 1831 2951 56
T 162.802 4 1834 2950 56
T 162.803 6 1833 2950 56
T 162.803 3 1833 2951 56
T 162.803 2 1833 2950 56
T 162.803 5 1833 2950 56
T 162.803 7 1833 2950 56
T 162.803 1 1833 2950 56
T 162.803 8 1832 2951 56
T 162.825 4 1835 2950 56
T 162.825 6 1834 2950 56
T 162.826 3 1834 2951 56
T 162.826 2 1834 2950 56
T 162.826 5 1834 2950 56
T 162.826 7 1834 2950 56
T 162.826 1 1834 2950 56
T 162.826 8 1833 2951 56
T 162.848 4 1836 2950 56
T 162.848 6 1835 2950 56
T 162.848 3 1835 2951 56
T 162.848 2 1835 2950 56
T 162.848 5 1835 2950 56
T 162.849 7 1835 2950 56
T 162.849 1 1835 2950 56
T 162.849 8 1834 2951 56
T 162.871 4 1837 2950 56
T 162.871 6 1836 2950 56
T 162.871 3 1836 2951 56
T 162.871 2 1836 2950 56
T 162.871 5 1836 2950 56
T 162.871 7 1836 2950 56
T 162.871 1 1836 2950 56
T 162.871 8 1835 2951 56
T 162.893 4 1838 2950 56
T 162.893 6 1837 2950 56
T 162.894 3 1837 2951 56
T 162.894 2 1837 2950 56
T 162.894 5 1837 2950 56
T 162.894 7 1837 2950 56
T 162.894 1 1837 2950 56
T 162.894 8 1836 2951 56
T 162.916 4 1839 2950 56
T 162.916 6 1838 2950 56
T 162.916 3 1838 2951 56
T 162.916 2 1838 2950 56
T 162.917 5 1838 2950 56
T 162.917 7 1838 2950 56
T 162.917 1 1838 2950 56
T 162.917 8 1837 2951 56
T 162.938 4 1840 2950 56
T 162.939 6 1839 2950 56
T 162.939 3 1839 2951 56
T 162.939 2 1839 2950 56
T 162.939 5 1839 2950 56
T 162.939 7 1839 2950 56
T 162.939 1 1839 2950 56
T 162.939 8 1838 2951 56
T 162.961 4 1841 2950 56
T 162.961 6 1840 2950 56
T 162.961 3 1840 2951 56
T 162.961 2 1840 2950 56
T 162.962 5 1840 2950 56
T 162.962 7 1840 2950 56
T 162.962 1 1840 2950 56
T 162.962 8 1839 2951 56
T 162.984 4 1842 2950 56
T 162.984 6 1841 2950 56
T 162.984 3 1841 2951 56
T 162.984 2 1841 2950 56
T 162.984 5 1841 2950 56
T 162.984 7 1841 2950 56
T 162.984 1 1841 2950 56
T 162.984 8 1840 2951 56
T 163.006 4 1843 2950 56
T 163.007 6 1842 2950 56
T 163.007 3 1842 2951 56
T 163.007 2 1842 2950 56
T 163.007 5 1842 2950 56
T 163.007 7 1842 2950 56
T 163.007 1 1842 2950 56
T 163.007 8 1841 2951 56
T 163.029 4 1844 2950 56
T 163.029 6 1843 2950 56
T 163.029 3 1843 2951 56
T 163.029 2 1843 2950 56
T 163.030 5 1843 2950 56
T 163.030 7 1843 2950 56
T 163.030 1 1843 2950 56
T 163.030 8 1842 2951 56
T 163.052 4 1845 2950 56
T 163.052 6 1844 2950 56
T 163.052 3 1844 2951 56
T 163.052 2 1844 2950 56
T 163.052 5 1844 2950 56
T 163.052 7 1844 2950 56
T 163.053 1 1844 2950 56
T 163.053 8 1843 2951 56
T 163.075 4 1846 2950 56
T 163.075 6 1845 2950 56
T 163.075 3 1845 2951 56
T 163.075 2 1845 2950 56
T 163.075 5 1845 2950 56
T 163.075 7 1845 2950 56
T 163.075 1 1845 2950 56
T 163.075 8 1844 2951 56
T 163.098 4 1847 2950 56
T 163.098 6 1846 2950 56
T 163.098 3 1846 2951 56
T 163.098 2 1846 2950 56
T 163.098 5 1846 2950 56
T 163.098 7 1846 2950 56
T 163.098 1 1846 2950 56
T 163.099 8 1845 2951 56
T 163.121 4 1848 2950 56
T 163.121 6 1847 2950 56
T 163.121 3 1847 2951 56
T 163.121 2 1847 2950 56
T 163.121 5 1847 2950 56
T 163.121 7 1847 2950 56
T 163.121 1 1847 2950 56
T 163.121 8 1846 2951 56
T 163.144 6 1848 2950 56
T 163.144 3 1848 2951 56
T 163.144 2 1848 2950 56
T 163.144 5 1848 2950 56
T 163.144 7 1848 2950 56
T 163.144 1 1848 2950 56
T 163.144 8 1847 2951 56
T 163.164 8 1848 2951 56
P 163.820 2
F 163.820 2 57
P 163.821 3
F 163.821 3 57
P 163.823 5
F 163.823 5 57
P 163.824 4
P 163.826 6
P 163.826 7
P 163.826 8
F 163.827 4 57
P 163.827 1
F 163.827 6 57
F 163.829 7 57
F 163.829 8 57
F 163.829 1 57
T 164.245 2 1849 3003 57
T 164.304 2 1850 3003 57
T 164.304 6 1849 3003 57
T 164.401 2 1851 3003 57
T 164.401 6 1850 3003 57
T 164.402 4 1849 3003 57
T 164.402 3 1849 3004 57
T 164.402 5 1849 3003 57
T 164.402 7 1849 3003 57
T 164.402 1 1849 3003 57
T 164.402 8 1849 3004 57
T 164.423 2 1852 3003 57
T 164.423 6 1851 3003 57
T 164.423 4 1850 3003 57
T 164.424 3 1850 3004 57
T 164.424 5 1850 3003 57
T 164.424 7 1850 3003 57
T 164.424 1 1850 3003 57
T 164.424 8 1850 3004 57
T 164.445 2 1853 3003 57
T 164.446 6 1852 3003 57
T 164.446 4 1851 3003 57
T 164.446 3 1851 3004 57
T 164.446 5 1851 3003 57
T 164.446 7 1851 3003 57
T 164.446 1 1851 3003 57
T 164.446 8 1851 3004 57
T 164.468 2 1854 3003 57
T 164.468 6 1853 3003 57
T 164.468 4 1852 3003 57
T 164.468 3 1852 3004 57
T 164.468 5 1852 3003 57
T 164.468 7 1852 3003 57
T 164.468 1 1852 3003 57
T 164.468 8 1852 3004 57
T 164.490 2 1855 3003 57
T 164.490 6 1854 3003 57
T 164.490 4 1853 3003 57
T 164.490 3 1853 3004 57
T 164.491 5 1853 3003 57
T 164.491 7 1853 3003 57
T 164.491 1 1853 3003 57
T 164.491 8 1853 3004 57
T 164.513 2 1856 3003 57
T 164.513 6 1855 3003 57
T 164.513 4 1854 3003 57
T 164.513 3 1854 3004 57
T 164.513 5 1854 3003 57
T 164.513 7 1854 3003 57
T 164.513 1 1854 3003 57
T 164.514 8 1854 3004 57
T 164.535 2 1857 3003 57
T 164.535 6 1856 3003 57
T 164.535 4 1855 3003 57
T 164.535 3 1855 3004 57
T 164.535 5 1855 3003 57
T 164.535 7 1855 3003 57
T 164.536 1 1855 3003 57
T 164.536 8 1855 3004 57
T 164.558 2 1858 3003 57
T 164.558 6 1857 3003 57
T 164.558 4 1856 3003 57
T 164.558 3 1856 3004 57
T 164.558 5 1856 3003 57
T 164.558 7 1856 3003 57
T 164.558 1 1856 3003 57
T 164.559 8 1856 3004 57
T 164.580 2 1859 3003 57
T 164.581 6 1858 3003 57
T 164.581 4 1857 3003 57
T 164.581 3 1857 3004 57
T 164.581 5 1857 3003 57
T 164.581 7 1857 3003 57
T 164.581 1 1857 3003 57
T 164.581 8 1857 3004 57
T 164.603 2 1860 3003 57
T 164.603 6 1859 3003 57
T 164.603 4 1858 3003 57
T 164.604 3 1858 3004 57
T 164.604 5 1858 3003 57
T 164.604 7 1858 3003 57
T 164.604 1 1858 3003 57
T 164.604 8 1858 3004 57
T 164.625 2 1861 3003 57
T 164.626 6 1860 3003 57
T 164.626 4 1859 3003 57
T 164.626 3 1859 3004 57
T 164.626 5 1859 3003 57
T 164.626 7 1859 3003 57
T 164.626 1 1859 3003 57
T 164.626 8 1859 3004 57
T 164.648 2 1862 3003 57
T 164.648 6 1861 3003 57
T 164.648 4 1860 3003 57
T 164.648 3 1860 3004 57
T 164.649 5 1860 3003 57
T 164.649 7 1860 3003 57
T 164.649 1 1860 3003 57
T 164.649 8 1860 3004 57
T 164.671 2 1863 3003 57
T 164.671 6 1862 3003 57
T 164.671 4 1861 3003 57
T 164.671 3 1861 3004 57
T 164.671 5 1861 3003 57
T 164.671 7 1861 3003 57
T 164.671 1 1861 3003 57
T 164.671 8 1861 3004 57
T 164.693 2 1864 3003 57
T 164.693 6 1863 3003 57
T 164.694 4 1862 3003 57
T 164.694 3 1862 3004 57
T 164.694 5 1862 3003 57
T 164.694 7 1862 3003 57
T 164.694 1 1862 3003 57
T 164.694 8 1862 3004 57
T 164.716 2 1865 3003 57
T 164.716 6 1864 3003 57
T 164.716 4 1863 3003 57
T 164.716 3 1863 3004 57
T 164.716 5 1863 3003 57
T 164.716 7 1863 3003 57
T 164.716 1 1863 3003 57
T 164.717 8 1863 3004 57
T 164.738 2 1866 3003 57
T 164.739 6 1865 3003 57
T 164.739 4 1864 3003 57
T 164.739 3 1864 3004 57
T 164.739 5 1864 3003 57
T 164.739 7 1864 3003 57
T 164.739 1 1864 3003 57
T 164.739 8 1864 3004 57
T 164.761 2 1867 3003 57
T 164.761 6 1866 3003 57
T 164.761 4 1865 3003 57
T 164.761 3 1865 3004 57
T 164.762 5 1865 3003 57
T 164.762 7 1865 3003 57
T 164.762 1 1865 3003 57
T 164.762 8 1865 3004 57
T 164.784 2 1868 3003 57
T 164.784 6 1867 3003 57
T 164.784 4 1866 3003 57
T 164.784 3 1866 3004 57
T 164.784 5 1866 3003 57
T 164.784 7 1866 3003 57
T 164.784 1 1866 3003 57
T 164.784 8 1866 3004 57
T 164.807 2 1869 3003 57
T 164.807 6 1868 3003 57
T 164.807 4 1867 3003 57
T 164.807 3 1867 3004 57
T 164.807 5 1867 3003 57
T 164.807 7 1867 3003 57
T 164.807 1 1867 3003 57
T 164.807 8 1867 3004 57
T 164.829 2 1870 3003 57
T 164.829 6 1869 3003 57
T 164.829 4 1868 3003 57
T 164.829 3 1868 3004 57
T 164.830 5 1868 3003 57
T 164.830 7 1868 3003 57
T 164.830 1 1868 3003 57
T 164.830 8 1868 3004 57
T 164.852 2 1871 3003 57
T 164.852 6 1870 3003 57
T 164.852 4 1869 3003 57
T 164.853 3 1869 3004 57
T 164.853 5 1869 3003 57
T 164.853 7 1869 3003 57
T 164.853 1 1869 3003 57
T 164.853 8 1869 3004 57
T 164.874 2 1872 3003 57
T 164.874 6 1871 3003 57
T 164.874 4 1870 3003 57
T 164.874 3 1870 3004 57
T 164.875 5 1870 3003 57
T 164.875 7 1870 3003 57
T 164.875 1 1870 3003 57
T 164.875 8 1870 3004 57
T 164.897 2 1873 3003 57
T 164.897 6 1872 3003 57
T 164.897 4 1871 3003 57
T 164.897 3 1871 3004 57
T 164.897 5 1871 3003 57
T 164.897 7 1871 3003 57
T 164.897 1 1871 3003 57
T 164.898 8 1871 3004 57
T 164.920 2 1874 3003 57
T 164.920 6 1873 3003 57
T 164.920 4 1872 3003 57
T 164.920 3 1872 3004 57
T 164.920 5 1872 3003 57
T 164.920 7 1872 3003 57
T 164.920 1 1872 3003 57
T 164.920 8 1872 3004 57
T 164.942 2 1875 3003 57
T 164.942 6 1874 3003 57
T 164.942 4 1873 3003 57
T 164.943 3 1873 3004 57
T 164.943 5 1873 3003 57
T 164.943 7 1873 3003 57
T 164.943 1 1873 3003 57
T 164.943 8 1873 3004 57
T 164.965 2 1876 3003 57
T 164.965 6 1875 3003 57
T 164.965 4 1874 3003 57
T 164.965 3 1874 3004 57
T 164.965 5 1874 3003 57
T 164.965 7 1874 3003 57
T 164.965 1 1874 3003 57
T 164.965 8 1874 3004 57
T 164.987 2 1877 3003 57
T 164.987 6 1876 3003 57
T 164.987 4 1875 3003 57
T 164.988 3 1875 3004 57
T 164.988 5 1875 3003 57
T 164.988 7 1875 3003 57
T 164.988 1 1875 3003 57
T 164.988 8 1875 3004 57
T 165.011 2 1878 3003 57
T 165.011 6 1877 3003 57
T 165.011 4 1876 3003 57
T 165.011 3 1876 3004 57
T 165.011 5 1876 3003 57
T 165.011 7 1876 3003 57
T 165.012 1 1876 3003 57
T 165.012 8 1876 3004 57
T 165.033 2 1879 3003 57
T 165.034 6 1878 3003 57
T 165.034 4 1877 3003 57
T 165.034 3 1877 3004 57
T 165.034 5 1877 3003 57
T 165.034 7 1877 3003 57
T 165.034 1 1877 3003 57
T 165.034 8 1877 3004 57
T 165.057 2 1880 3003 57
T 165.057 6 1879 3003 57
T 165.057 4 1878 3003 57
T 165.057 3 1878 3004 57
T 165.057 5 1878 3003 57
T 165.057 7 1878 3003 57
T 165.057 1 1878 3003 57
T 165.058 8 1878 3004 57
T 165.080 2 1881 3003 57
T 165.080 6 1880 3003 57
T 165.080 4 1879 3003 57
T 165.080 3 1879 3004 57
T 165.080 5 1879 3003 57
T 165.081 7 1879 3003 57
T 165.081 1 1879 3003 57
T 165.081 8 1879 3004 57
T 165.103 6 1881 3003 57
T 165.103 4 1880 3003 57
T 165.103 3 1880 3004 57
T 165.103 5 1880 3003 57
T 165.103 7 1880 3003 57
T 165.103 1 1880 3003 57
T 165.103 8 1880 3004 57
T 165.126 4 1881 3003 57
T 165.126 3 1881 3004 57
T 165.126 5 1881 3003 57
T 165.126 7 1881 3003 57
T 165.126 1 1881 3003 57
T 165.126 8 1881 3004 57
P 165.817 1
F 165.817 1 58
P 165.817 2
P 165.819 3
P 165.819 5
P 165.819 4
P 165.819 6
P 165.819 7
P 165.819 8
F 165.820 2 58
F 165.821 3 58
F 165.822 5 58
F 165.823 4 58
F 165.824 6 58
F 165.825 7 58
F 165.825 8 58
T 166.341 6 1882 3056 58
T 166.433 6 1883 3056 58
T 166.433 2 1882 3056 58
T 166.433 4 1882 3056 58
T 166.433 3 1882 3057 58
T 166.433 5 1882 3056 58
T 166.433 7 1882 3056 58
T 166.433 1 1882 3055 58
T 166.434 8 1882 3057 58
T 166.455 6 1884 3056 58
T 166.455 2 1883 3056 58
T 166.455 4 1883 3056 58
T 166.455 3 1883 3057 58
T 166.455 5 1883 3056 58
T 166.455 7 1883 3056 58
T 166.455 1 1883 3055 58
T 166.455 8 1883 3057 58
T 166.477 6 1885 3056 58
T 166.477 2 1884 3056 58
T 166.477 4 1884 3056 58
T 166.477 3 1884 3057 58
T 166.477 5 1884 3056 58
T 166.478 7 1884 3056 58
T 166.478 1 1884 3055 58
T 166.478 8 1884 3057 58
T 166.500 6 1886 3056 58
T 166.500 2 1885 3056 58
T 166.500 4 1885 3056 58
T 166.500 3 1885 3057 58
T 166.500 5 1885 3056 58
T 166.500 7 1885 3056 58
T 166.500 1 1885 3055 58
T 166.500 8 1885 3057 58
T 166.522 6 1887 3056 58
T 166.522 2 1886 3056 58
T 166.522 4 1886 3056 58
T 166.522 3 1886 3057 58
T 166.523 5 1886 3056 58
T 166.523 7 1886 3056 58
T 166.523 1 1886 3055 58
T 166.523 8 1886 3057 58
T 166.545 6 1888 3056 58
T 166.545 2 1887 3056 58
T 166.545 4 1887 3056 58
T 166.545 3 1887 3057 58
T 166.545 5 1887 3056 58
T 166.545 7 1887 3056 58
T 166.545 1 1887 3055 58
T 166.545 8 1887 3057 58
T 166.567 6 1889 3056 58
T 166.567 2 1888 3056 58
T 166.567 4 1888 3056 58
T 166.568 3 1888 3057 58
T 166.568 5 1888 3056 58
T 166.568 7 1888 3056 58
T 166.568 1 1888 3055 58
T 166.568 8 1888 3057 58
T 166.590 6 1890 3056 58
T 166.590 2 1889 3056 58
T 166.590 4 1889 3056 58
T 166.590 3 1889 3057 58
T 166.590 5 1889 3056 58
T 166.590 7 1889 3056 58
T 166.590 1 1889 3055 58
T 166.591 8 1889 3057 58
T 166.612 6 1891 3056 58
T 166.612 2 1890 3056 58
T 166.613 4 1890 3056 58
T 166.613 3 1890 3057 58
T 166.613 5 1890 3056 58
T 166.613 7 1890 3056 58
T 166.613 1 1890 3055 58
T 166.613 8 1890 3057 58
T 166.635 6 1892 3056 58
T 166.635 2 1891 3056 58
T 166.635 4 1891 3056 58
T 166.635 3 1891 3057 58
T 166.635 5 1891 3056 58
T 166.636 7 1891 3056 58
T 166.636 1 1891 3055 58
T 166.636 8 1891 3057 58
T 166.658 6 1893 3056 58
T 166.658 2 1892 3056 58
T 166.658 4 1892 3056 58
T 166.658 3 1892 3057 58
T 166.658 5 1892 3056 58
T 166.658 7 1892 3056 58
T 166.658 1 1892 3055 58
T 166.658 8 1892 3057 58
T 166.680 6 1894 3056 58
T 166.680 2 1893 3056 58
T 166.680 4 1893 3056 58
T 166.681 3 1893 3057 58
T 166.681 5 1893 3056 58
T 166.681 7 1893 3056 58
T 166.681 1 1893 3055 58
T 166.681 8 1893 3057 58
T 166.703 6 1895 3056 58
T 166.703 2 1894 3056 58
T 166.703 4 1894 3056 58
T 166.703 3 1894 3057 58
T 166.703 5 1894 3056 58
T 166.703 7 1894 3056 58
T 166.703 1 1894 3055 58
T 166.703 8 1894 3057 58
T 166.725 6 1896 3056 58
T 166.725 2 1895 3056 58
T 166.726 4 1895 3056 58
T 166.726 3 1895 3057 58
T 166.726 5 1895 3056 58
T 166.726 7 1895 3056 58
T 166.726 1 1895 3055 58
T 166.726 8 1895 3057 58
T 166.748 6 1897 3056 58
T 166.748 2 1896 3056 58
T 166.748 4 1896 3056 58
T 166.748 3 1896 3057 58
T 166.749 5 1896 3056 58
T 166.749 7 1896 3056 58
T 166.749 1 1896 3055 58
T 166.749 8 1896 3057 58
T 166.771 6 1898 3056 58
T 166.771 2 1897 3056 58
T 166.771 4 1897 3056 58
T 166.771 3 1897 3057 58
T 166.771 5 1897 3056 58
T 166.771 7 1897 3056 58
T 166.771 1 1897 3055 58
T 166.771 8 1897 3057 58
T 166.793 6 1899 3056 58
T 166.793 2 1898 3056 58
T 166.794 4 1898 3056 58
T 166.794 3 1898 3057 58
T 166.794 5 1898 3056 58
T 166.794 7 1898 3056 58
T 166.794 1 1898 3055 58
T 166.794 8 1898 3057 58
T 166.816 6 1900 3056 58
T 166.816 2 1899 3056 58
T 166.816 4 1899 3056 58
T 166.816 3 1899 3057 58
T 166.816 5 1899 3056 58
T 166.816 7 1899 3056 58
T 166.817 1 1899 3055 58
T 166.817 8 1899 3057 58
T 166.838 6 1901 3056 58
T 166.839 2 1900 3056 58
T 166.839 4 1900 3056 58
T 166.839 3 1900 3057 58
T 166.839 5 1900 3056 58
T 166.839 7 1900 3056 58
T 166.839 1 1900 3055 58
T 166.839 8 1900 3057 58
T 166.861 6 1902 3056 58
T 166.861 2 1901 3056 58
T 166.861 4 1901 3056 58
T 166.861 3 1901 3057 58
T 166.861 5 1901 3056 58
T 166.861 7 1901 3056 58
T 166.862 1 1901 3055 58
T 166.862 8 1901 3057 58
T 166.884 6 1903 3056 58
T 166.884 2 1902 3056 58
T 166.884 4 1902 3056 58
T 166.884 3 1902 3057 58
T 166.884 5 1902 3056 58
T 166.884 7 1902 3056 58
T 166.884 1 1902 3055 58
T 166.884 8 1902 3057 58
T 166.906 6 1904 3056 58
T 166.906 2 1903 3056 58
T 166.906 4 1903 3056 58
T 166.906 3 1903 3057 58
T 166.907 5 1903 3056 58
T 166.907 7 1903 3056 58
T 166.907 1 1903 3055 58
T 166.907 8 1903 3057 58
T 166.929 6 1905 3056 58
T 166.929 2 1904 3056 58
T 166.929 4 1904 3056 58
T 166.929 3 1904 3057 58
T 166.929 5 1904 3056 58
T 166.929 7 1904 3056 58
T 166.929 1 1904 3055 58
T 166.930 8 1904 3057 58
T 166.951 6 1906 3056 58
T 166.951 2 1905 3056 58
T 166.952 4 1905 3056 58
T 166.952 3 1905 3057 58
T 166.952 5 1905 3056 58
T 166.952 7 1905 3056 58
T 166.952 1 1905 3055 58
T 166.952 8 1905 3057 58
T 166.974 6 1907 3056 58
T 166.974 2 1906 3056 58
T 166.974 4 1906 3056 58
T 166.974 3 1906 3057 58
T 166.974 5 1906 3056 58
T 166.975 7 1906 3056 58
T 166.975 1 1906 3055 58
T 166.975 8 1906 3057 58
T 166.997 6 1908 3056 58
T 166.997 2 1907 3056 58
T 166.997 4 1907 3056 58
T 166.997 3 1907 3057 58
T 166.997 5 1907 3056 58
T 166.997 7 1907 3056 58
T 166.997 1 1907 3055 58
T 166.997 8 1907 3057 58
T 167.019 6 1909 3056 58
T 167.019 2 1908 3056 58
T 167.020 4 1908 3056 58
T 167.020 3 1908 3057 58
T 167.020 5 1908 3056 58
T 167.020 7 1908 3056 58
T 167.020 1 1908 3055 58
T 167.020 8 1908 3057 58
T 167.042 6 1910 3056 58
T 167.042 2 1909 3056 58
T 167.042 4 1909 3056 58
T 167.042 3 1909 3057 58
T 167.042 5 1909 3056 58
T 167.042 7 1909 3056 58
T 167.042 1 1909 3055 58
T 167.043 8 1909 3057 58
T 167.064 6 1911 3056 58
T 167.065 2 1910 3056 58
T 167.065 4 1910 3056 58
T 167.065 3 1910 3057 58
T 167.065 5 1910 3056 58
T 167.065 7 1910 3056 58
T 167.065 1 1910 3055 58
T 167.065 8 1910 3057 58
T 167.088 6 1912 3056 58
T 167.088 2 1911 3056 58
T 167.088 4 1911 3056 58
T 167.088 3 1911 3057 58
T 167.088 5 1911 3056 58
T 167.088 7 1911 3056 58
T 167.088 1 1911 3055 58
T 167.088 8 1911 3057 58
T 167.111 6 1913 3056 58
T 167.111 2 1912 3056 58
T 167.111 4 1912 3056 58
T 167.111 3 1912 3057 58
T 167.111 5 1912 3056 58
T 167.111 7 1912 3056 58
T 167.112 1 1912 3055 58
T 167.112 8 1912 3057 58
T 167.134 6 1914 3056 58
T 167.134 2 1913 3056 58
T 167.134 4 1913 3056 58
T 167.134 3 1913 3057 58
T 167.134 5 1913 3056 58
T 167.135 7 1913 3056 58
T 167.135 1 1913 3055 58
T 167.135 8 1913 3057 58
T 167.157 2 1914 3056 58
T 167.157 4 1914 3056 58
T 167.158 3 1914 3057 58
T 167.158 5 1914 3056 58
T 167.158 7 1914 3056 58
T 167.158 1 1914 3055 58
T 167.158 8 1914 3057 58
P 167.820 6
F 167.820 6 59
P 167.820 7
F 167.821 7 59
P 167.822 8
F 167.823 8 59
P 167.824 1
F 167.824 1 59
P 167.825 2
F 167.826 2 59
P 167.826 3
F 167.828 3 59
P 167.829 5
F 167.831 5 59
P 167.831 4
F 167.837 4 59
T 168.276 6 1915 3108 59
T 168.355 6 1916 3108 59
T 168.356 2 1915 3109 59
T 168.356 5 1915 3109 59
T 168.357 7 1915 3109 59
T 168.415 6 1917 3108 59
T 168.415 2 1916 3109 59
T 168.415 5 1916 3109 59
T 168.415 7 1916 3109 59
T 168.415 4 1915 3109 59
T 168.416 3 1915 3110 59
T 168.416 1 1915 3108 59
T 168.416 8 1915 3110 59
T 168.436 6 1918 3108 59
T 168.437 2 1917 3109 59
T 168.437 5 1917 3109 59
T 168.437 7 1917 3109 59
T 168.437 4 1916 3109 59
T 168.437 3 1916 3110 59
T 168.437 1 1916 3108 59
T 168.437 8 1916 3110 59
T 168.458 6 1919 3108 59
T 168.458 2 1918 3109 59
T 168.459 5 1918 3109 59
T 168.459 7 1918 3109 59
T 168.459 4 1917 3109 59
T 168.459 3 1917 3110 59
T 168.459 1 1917 3108 59
T 168.459 8 1917 3110 59
T 168.481 6 1920 3108 59
T 168.482 2 1919 3109 59
T 168.482 5 1919 3109 59
T 168.482 7 1919 3109 59
T 168.482 4 1918 3109 59
T 168.482 3 1918 3110 59
T 168.482 1 1918 3108 59
T 168.482 8 1918 3110 59
T 168.504 6 1921 3108 59
T 168.504 2 1920 3109 59
T 168.505 5 1920 3109 59
T 168.505 7 1920 3109 59
T 168.505 4 1919 3109 59
T 168.505 3 1919 3110 59
T 168.505 1 1919 3108 59
T 168.505 8 1919 3110 59
T 168.527 6 1922 3108 59
T 168.527 2 1921 3109 59
T 168.527 5 1921 3109 59
T 168.527 7 1921 3109 59
T 168.527 4 1920 3109 59
T 168.527 3 1920 3110 59
T 168.527 1 1920 3108 59
T 168.528 8 1920 3110 59
T 168.549 6 1923 3108 59
T 168.549 2 1922 3109 59
T 168.549 5 1922 3109 59
T 168.549 7 1922 3109 59
T 168.549 4 1921 3109 59
T 168.549 3 1921 3110 59
T 168.549 1 1921 3108 59
T 168.549 8 1921 3110 59
T 168.572 6 1924 3108 59
T 168.572 2 1923 3109 59
T 168.572 5 1923 3109 59
T 168.572 7 1923 3109 59
T 168.572 4 1922 3109 59
T 168.572 3 1922 3110 59
T 168.572 1 1922 3108 59
T 168.572 8 1922 3110 59
T 168.594 6 1925 3108 59
T 168.594 2 1924 3109 59
T 168.595 5 1924 3109 59
T 168.595 7 1924 3109 59
T 168.595 4 1923 3109 59
T 168.595 3 1923 3110 59
T 168.595 1 1923 3108 59
T 168.595 8 1923 3110 59
T 168.618 6 1926 3108 59
T 168.618 2 1925 3109 59
T 168.618 5 1925 3109 59
T 168.618 7 1925 3109 59
T 168.618 4 1924 3109 59
T 168.619 3 1924 3110 59
T 168.619 1 1924 3108 59
T 168.619 8 1924 3110 59
T 168.640 6 1927 3108 59
T 168.640 2 1926 3109 59
T 168.640 5 1926 3109 59
T 168.641 7 1926 3109 59
T 168.641 4 1925 3109 59
T 168.641 3 1925 3110 59
T 168.641 1 1925 3108 59
T 168.641 8 1925 3110 59
T 168.663 6 1928 3108 59
T 168.663 2 1927 3109 59
T 168.663 5 1927 3109 59
T 168.663 7 1927 3109 59
T 168.664 4 1926 3109 59
T 168.664 3 1926 3110 59
T 168.664 1 1926 3108 59
T 168.664 8 1926 3110 59
T 168.685 6 1929 3108 59
T 168.685 2 1928 3109 59
T 168.685 5 1928 3109 59
T 168.685 7 1928 3109 59
T 168.686 4 1927 3109 59
T 168.686 3 1927 3110 59
T 168.686 1 1927 3108 59
T 168.686 8 1927 3110 59
T 168.707 6 1930 3108 59
T 168.707 2 1929 3109 59
T 168.708 5 1929 3109 59
T 168.708 7 1929 3109 59
T 168.708 4 1928 3109 59
T 168.708 3 1928 3110 59
T 168.708 1 1928 3108 59
T 168.708 8 1928 3110 59
T 168.731 6 1931 3108 59
T 168.731 2 1930 3109 59
T 168.731 5 1930 3109 59
T 168.731 7 1930 3109 59
T 168.731 4 1929 3109 59
T 168.731 3 1929 3110 59
T 168.731 1 1929 3108 59
T 168.731 8 1929 3110 59
T 168.753 6 1932 3108 59
T 168.753 2 1931 3109 59
T 168.753 5 1931 3109 59
T 168.753 7 1931 3109 59
T 168.754 4 1930 3109 59
T 168.754 3 1930 3110 59
T 168.754 1 1930 3108 59
T 168.754 8 1930 3110 59
T 168.776 6 1933 3108 59
T 168.776 2 1932 3109 59
T 168.776 5 1932 3109 59
T 168.776 7 1932 3109 59
T 168.776 4 1931 3109 59
T 168.776 3 1931 3110 59
T 168.776 1 1931 3108 59
T 168.777 8 1931 3110 59
T 168.798 6 1934 3108 59
T 168.799 2 1933 3109 59
T 168.799 5 1933 3109 59
T 168.799 7 1933 3109 59
T 168.799 4 1932 3109 59
T 168.799 3 1932 3110 59
T 168.799 1 1932 3108 59
T 168.799 8 1932 3110 59
T 168.821 6 1935 3108 59
T 168.821 2 1934 3109 59
T 168.821 5 1934 3109 59
T 168.821 7 1934 3109 59
T 168.822 4 1933 3109 59
T 168.822 3 1933 3110 59
T 168.822 1 1933 3108 59
T 168.822 8 1933 3110 59
T 168.844 6 1936 3108 59
T 168.844 2 1935 3109 59
T 168.844 5 1935 3109 59
T 168.844 7 1935 3109 59
T 168.844 4 1934 3109 59
T 168.844 3 1934 3110 59
T 168.844 1 1934 3108 59
T 168.845 8 1934 3110 59
T 168.867 6 1937 3108 59
T 168.867 2 1936 3109 59
T 168.867 5 1936 3109 59
T 168.867 7 1936 3109 59
T 168.867 4 1935 3109 59
T 168.867 3 1935 3110 59
T 168.867 1 1935 3108 59
T 168.868 8 1935 3110 59
T 168.889 6 1938 3108 59
T 168.889 2 1937 3109 59
T 168.889 5 1937 3109 59
T 168.889 7 1937 3109 59
T 168.889 4 1936 3109 59
T 168.889 3 1936 3110 59
T 168.890 1 1936 3108 59
T 168.890 8 1936 3110 59
T 168.911 6 1939 3108 59
T 168.912 2 1938 3109 59
T 168.912 5 1938 3109 59
T 168.912 7 1938 3109 59
T 168.912 4 1937 3109 59
T 168.912 3 1937 3110 59
T 168.912 1 1937 3108 59
T 168.912 8 1937 3110 59
T 168.934 6 1940 3108 59
T 168.934 2 1939 3109 59
T 168.934 5 1939 3109 59
T 168.935 7 1939 3109 59
T 168.935 4 1938 3109 59
T 168.935 3 1938 3110 59
T 168.935 1 1938 3108 59
T 168.935 8 1938 3110 59
T 168.957 6 1941 3108 59
T 168.957 2 1940 3109 59
T 168.957 5 1940 3109 59
T 168.958 7 1940 3109 59
T 168.958 4 1939 3109 59
T 168.958 3 1939 3110 59
T 168.958 1 1939 3108 59
T 168.958 8 1939 3110 59
T 168.980 6 1942 3108 59
T 168.980 2 1941 3109 59
T 168.980 5 1941 3109 59
T 168.980 7 1941 3109 59
T 168.980 4 1940 3109 59
T 168.981 3 1940 3110 59
T 168.981 1 1940 3108 59
T 168.981 8 1940 3110 59
T 169.002 6 1943 3108 59
T 169.002 2 1942 3109 59
T 169.002 5 1942 3109 59
T 169.003 7 1942 3109 59
T 169.003 4 1941 3109 59
T 169.003 3 1941 3110 59
T 169.003 1 1941 3108 59
T 169.003 8 1941 3110 59
T 169.025 6 1944 3108 59
T 169.025 2 1943 3109 59
T 169.025 5 1943 3109 59
T 169.025 7 1943 3109 59
T 169.025 4 1942 3109 59
T 169.025 3 1942 3110 59
T 169.026 1 1942 3108 59
T 169.026 8 1942 3110 59
T 169.048 6 1945 3108 59
T 169.048 2 1944 3109 59
T 169.048 5 1944 3109 59
T 169.048 7 1944 3109 59
T 169.049 4 1943 3109 59
T 169.049 3 1943 3110 59
T 169.049 1 1943 3108 59
T 169.049 8 1943 3110 59
T 169.071 6 1946 3108 59
T 169.071 2 1945 3109 59
T 169.071 5 1945 3109 59
T 169.072 7 1945 3109 59
T 169.072 4 1944 3109 59
T 169.072 3 1944 3110 59
T 169.072 1 1944 3108 59
T 169.072 8 1944 3110 59
T 169.094 6 1947 3108 59
T 169.094 2 1946 3109 59
T 169.094 5 1946 3109 59
T 169.094 7 1946 3109 59
T 169.095 4 1945 3109 59
T 169.095 3 1945 3110 59
T 169.095 1 1945 3108 59
T 169.095 8 1945 3110 59
T 169.117 2 1947 3109 59
T 169.118 5 1947 3109 59
T 169.118 7 1947 3109 59
T 169.118 4 1946 3109 59
T 169.118 3 1946 3110 59
T 169.118 1 1946 3108 59
T 169.118 8 1946 3110 59
T 169.139 4 1947 3109 59
T 169.140 3 1947 3110 59
T 169.140 1 1947 3108 59
T 169.140 8 1947 3110 59
P 169.820 6
P 169.820 7
F 169.821 6 60
P 169.821 8
F 169.822 7 60
P 169.823 1
F 169.824 8 60
P 169.825 2
F 169.825 1 60
P 169.826 3
P 169.828 5
F 169.828 2 60
P 169.828 4
F 169.829 3 60
F 169.831 5 60
F 169.833 4 60
T 170.252 6 1948 3161 60
T 170.311 6 1949 3161 60
T 170.311 4 1948 3162 60
T 170.408 6 1950 3161 60
T 170.408 4 1949 3162 60
T 170.408 2 1948 3162 60
T 170.409 5 1948 3162 60
T 170.409 7 1948 3162 60
T 170.409 3 1948 3163 60
T 170.409 1 1948 3161 60
T 170.409 8 1948 3163 60
T 170.430 6 1951 3161 60
T 170.430 4 1950 3162 60
T 170.430 2 1949 3162 60
T 170.430 5 1949 3162 60
T 170.431 7 1949 3162 60
T 170.431 3 1949 3163 60
T 170.431 1 1949 3161 60
T 170.431 8 1949 3163 60
T 170.452 6 1952 3161 60
T 170.452 4 1951 3162 60
T 170.453 2 1950 3162 60
T 170.453 5 1950 3162 60
T 170.453 7 1950 3162 60
T 170.453 3 1950 3163 60
T 170.453 1 1950 3161 60
T 170.453 8 1950 3163 60
T 170.475 6 1953 3161 60
T 170.475 4 1952 3162 60
T 170.475 2 1951 3162 60
T 170.475 5 1951 3162 60
T 170.476 7 1951 3162 60
T 170.476 3 1951 3163 60
T 170.476 1 1951 3161 60
T 170.476 8 1951 3163 60
T 170.498 6 1954 3161 60
T 170.498 4 1953 3162 60
T 170.498 2 1952 3162 60
T 170.499 5 1952 3162 60
T 170.499 7 1952 3162 60
T 170.499 3 1952 3163 60
T 170.499 1 1952 3161 60
T 170.499 8 1952 3163 60
T 170.521 6 1955 3161 60
T 170.521 4 1954 3162 60
T 170.521 2 1953 3162 60
T 170.521 5 1953 3162 60
T 170.521 7 1953 3162 60
T 170.521 3 1953 3163 60
T 170.521 1 1953 3161 60
T 170.522 8 1953 3163 60
T 170.543 6 1956 3161 60
T 170.543 4 1955 3162 60
T 170.543 2 1954 3162 60
T 170.543 5 1954 3162 60
T 170.543 7 1954 3162 60
T 170.543 3 1954 3163 60
T 170.544 1 1954 3161 60
T 170.544 8 1954 3163 60
T 170.565 6 1957 3161 60
T 170.566 4 1956 3162 60
T 170.566 2 1955 3162 60
T 170.566 5 1955 3162 60
T 170.566 7 1955 3162 60
T 170.566 3 1955 3163 60
T 170.566 1 1955 3161 60
T 170.566 8 1955 3163 60
T 170.588 6 1958 3161 60
T 170.588 4 1957 3162 60
T 170.588 2 1956 3162 60
T 170.588 5 1956 3162 60
T 170.589 7 1956 3162 60
T 170.589 3 1956 3163 60
T 170.589 1 1956 3161 60
T 170.589 8 1956 3163 60
T 170.611 6 1959 3161 60
T 170.611 4 1958 3162 60
T 170.611 2 1957 3162 60
T 170.611 5 1957 3162 60
T 170.611 7 1957 3162 60
T 170.611 3 1957 3163 60
T 170.612 1 1957 3161 60
T 170.612 8 1957 3163 60
T 170.634 6 1960 3161 60
T 170.634 4 1959 3162 60
T 170.634 2 1958 3162 60
T 170.634 5 1958 3162 60
T 170.634 7 1958 3162 60
T 170.634 3 1958 3163 60
T 170.635 1 1958 3161 60
T 170.635 8 1958 3163 60
T 170.657 6 1961 3161 60
T 170.657 4 1960 3162 60
T 170.657 2 1959 3162 60
T 170.658 5 1959 3162 60
T 170.658 7 1959 3162 60
T 170.658 3 1959 3163 60
T 170.658 1 1959 3161 60
T 170.658 8 1959 3163 60
T 170.680 6 1962 3161 60
T 170.680 4 1961 3162 60
T 170.680 2 1960 3162 60
T 170.680 5 1960 3162 60
T 170.681 7 1960 3162 60
T 170.681 3 1960 3163 60
T 170.681 1 1960 3161 60
T 170.681 8 1960 3163 60
T 170.702 6 1963 3161 60
T 170.702 4 1962 3162 60
T 170.702 2 1961 3162 60
T 170.702 5 1961 3162 60
T 170.702 7 1961 3162 60
T 170.703 3 1961 3163 60
T 170.703 1 1961 3161 60
T 170.703 8 1961 3163 60
T 170.725 6 1964 3161 60
T 170.725 4 1963 3162 60
T 170.725 2 1962 3162 60
T 170.725 5 1962 3162 60
T 170.725 7 1962 3162 60
T 170.725 3 1962 3163 60
T 170.725 1 1962 3161 60
T 170.725 8 1962 3163 60
T 170.747 6 1965 3161 60
T 170.748 4 1964 3162 60
T 170.748 2 1963 3162 60
T 170.748 5 1963 3162 60
T 170.748 7 1963 3162 60
T 170.748 3 1963 3163 60
T 170.748 1 1963 3161 60
T 170.748 8 1963 3163 60
T 170.770 6 1966 3161 60
T 170.770 4 1965 3162 60
T 170.770 2 1964 3162 60
T 170.770 5 1964 3162 60
T 170.771 7 1964 3162 60
T 170.771 3 1964 3163 60
T 170.771 1 1964 3161 60
T 170.771 8 1964 3163 60
T 170.793 6 1967 3161 60
T 170.793 4 1966 3162 60
T 170.793 2 1965 3162 60
T 170.793 5 1965 3162 60
T 170.793 7 1965 3162 60
T 170.794 3 1965 3163 60
T 170.794 1 1965 3161 60
T 170.794 8 1965 3163 60
T 170.816 6 1968 3161 60
T 170.816 4 1967 3162 60
T 170.816 2 1966 3162 60
T 170.816 5 1966 3162 60
T 170.816 7 1966 3162 60
T 170.816 3 1966 3163 60
T 170.816 1 1966 3161 60
T 170.816 8 1966 3163 60
T 170.839 6 1969 3161 60
T 170.839 4 1968 3162 60
T 170.839 2 1967 3162 60
T 170.840 5 1967 3162 60
T 170.840 7 1967 3162 60
T 170.840 3 1967 3163 60
T 170.840 1 1967 3161 60
T 170.840 8 1967 3163 60
T 170.862 6 1970 3161 60
T 170.862 4 1969 3162 60
T 170.863 2 1968 3162 60
T 170.863 5 1968 3162 60
T 170.863 7 1968 3162 60
T 170.863 3 1968 3163 60
T 170.863 1 1968 3161 60
T 170.864 8 1968 3163 60
T 170.885 6 1971 3161 60
T 170.885 4 1970 3162 60
T 170.885 2 1969 3162 60
T 170.885 5 1969 3162 60
T 170.885 7 1969 3162 60
T 170.885 3 1969 3163 60
T 170.886 1 1969 3161 60
T 170.886 8 1969 3163 60
T 170.907 6 1972 3161 60
T 170.907 4 1971 3162 60
T 170.907 2 1970 3162 60
T 170.907 5 1970 3162 60
T 170.907 7 1970 3162 60
T 170.907 3 1970 3163 60
T 170.908 1 1970 3161 60
T 170.908 8 1970 3163 60
T 170.930 6 1973 3161 60
T 170.930 4 1972 3162 60
T 170.930 2 1971 3162 60
T 170.930 5 1971 3162 60
T 170.930 7 1971 3162 60
T 170.930 3 1971 3163 60
T 170.930 1 1971 3161 60
T 170.930 8 1971 3163 60
T 170.953 6 1974 3161 60
T 170.953 4 1973 3162 60
T 170.953 2 1972 3162 60
T 170.953 5 1972 3162 60
T 170.953 7 1972 3162 60
T 170.954 3 1972 3163 60
T 170.954 1 1972 3161 60
T 170.954 8 1972 3163 60
T 170.975 6 1975 3161 60
T 170.976 4 1974 3162 60
T 170.976 2 1973 3162 60
T 170.976 5 1973 3162 60
T 170.976 7 1973 3162 60
T 170.976 3 1973 3163 60
T 170.977 1 1973 3161 60
T 170.977 8 1973 3163 60
T 170.998 6 1976 3161 60
T 170.998 4 1975 3162 60
T 170.998 2 1974 3162 60
T 170.999 5 1974 3162 60
T 170.999 7 1974 3162 60
T 170.999 3 1974 3163 60
T 170.999 1 1974 3161 60
T 170.999 8 1974 3163 60
T 171.020 6 1977 3161 60
T 171.020 4 1976 3162 60
T 171.021 2 1975 3162 60
T 171.021 5 1975 3162 60
T 171.021 7 1975 3162 60
T 171.021 3 1975 3163 60
T 171.021 1 1975 3161 60
T 171.021 8 1975 3163 60
T 171.044 6 1978 3161 60
T 171.044 4 1977 3162 60
T 171.044 2 1976 3162 60
T 171.045 5 1976 3162 60
T 171.045 7 1976 3162 60
T 171.045 3 1976 3163 60
T 171.045 1 1976 3161 60
T 171.045 8 1976 3163 60
T 171.068 6 1979 3161 60
T 171.068 4 1978 3162 60
T 171.068 2 1977 3162 60
T 171.068 5 1977 3162 60
T 171.069 7 1977 3162 60
T 171.069 3 1977 3163 60
T 171.069 1 1977 3161 60
T 171.069 8 1977 3163 60
T 171.090 6 1980 3161 60
T 171.091 4 1979 3162 60
T 171.091 2 1978 3162 60
T 171.091 5 1978 3162 60
T 171.091 7 1978 3162 60
T 171.091 3 1978 3163 60
T 171.091 1 1978 3161 60
T 171.091 8 1978 3163 60
T 171.114 4 1980 3162 60
T 171.114 2 1979 3162 60
T 171.114 5 1979 3162 60
T 171.114 7 1979 3162 60
T 171.114 3 1979 3163 60
T 171.114 1 1979 3161 60
T 171.114 8 1979 3163 60
T 171.137 2 1980 3162 60
T 171.137 5 1980 3162 60
T 171.137 7 1980 3162 60
T 171.137 3 1980 3163 60
T 171.137 1 1980 3161 60
T 171.137 8 1980 3163 60
P 171.819 6
F 171.820 6 61
P 171.820 7
F 171.821 7 61
P 171.822 8
P 171.823 1
F 171.824 8 61
P 171.824 2
F 171.824 1 61
P 171.826 3
F 171.827 2 61
P 171.827 5
F 171.828 3 61
P 171.828 4
F 171.831 5 61
F 171.832 4 61
T 172.259 6 1981 3214 61
T 172.330 6 1982 3214 61
T 172.331 7 1981 3215 61
T 172.422 6 1983 3214 61
T 172.422 7 1982 3215 61
T 172.423 4 1981 3215 61
T 172.423 2 1981 3215 61
T 172.423 5 1981 3215 61
T 172.423 3 1981 3216 61
T 172.423 1 1981 3214 61
T 172.423 8 1981 3216 61
T 172.445 6 1984 3214 61
T 172.445 7 1983 3215 61
T 172.445 4 1982 3215 61
T 172.445 2 1982 3215 61
T 172.445 5 1982 3215 61
T 172.445 3 1982 3216 61
T 172.446 1 1982 3214 61
T 172.446 8 1982 3216 61
T 172.467 6 1985 3214 61
T 172.467 7 1984 3215 61
T 172.467 4 1983 3215 61
T 172.467 2 1983 3215 61
T 172.467 5 1983 3215 61
T 172.467 3 1983 3216 61
T 172.467 1 1983 3214 61
T 172.468 8 1983 3216 61
T 172.489 6 1986 3214 61
T 172.490 7 1985 3215 61
T 172.490 4 1984 3215 61
T 172.490 2 1984 3215 61
T 172.490 5 1984 3215 61
T 172.490 3 1984 3216 61
T 172.490 1 1984 3214 61
T 172.490 8 1984 3216 61
T 172.512 6 1987 3214 61
T 172.512 7 1986 3215 61
T 172.512 4 1985 3215 61
T 172.513 2 1985 3215 61
T 172.513 5 1985 3215 61
T 172.513 3 1985 3216 61
T 172.513 1 1985 3214 61
T 172.513 8 1985 3216 61
T 172.535 6 1988 3214 61
T 172.535 7 1987 3215 61
T 172.536 4 1986 3215 61
T 172.536 2 1986 3215 61
T 172.536 5 1986 3215 61
T 172.536 3 1986 3216 61
T 172.536 1 1986 3214 61
T 172.536 8 1986 3216 61
T 172.558 6 1989 3214 61
T 172.558 7 1988 3215 61
T 172.559 4 1987 3215 61
T 172.559 2 1987 3215 61
T 172.559 5 1987 3215 61
T 172.559 3 1987 3216 61
T 172.559 1 1987 3214 61
T 172.559 8 1987 3216 61
T 172.581 6 1990 3214 61
T 172.581 7 1989 3215 61
T 172.581 4 1988 3215 61
T 172.581 2 1988 3215 61
T 172.581 5 1988 3215 61
T 172.582 3 1988 3216 61
T 172.582 1 1988 3214 61
T 172.582 8 1988 3216 61
T 172.604 6 1991 3214 61
T 172.604 7 1990 3215 61
T 172.604 4 1989 3215 61
T 172.604 2 1989 3215 61
T 172.604 5 1989 3215 61
T 172.604 3 1989 3216 61
T 172.605 1 1989 3214 61
T 172.605 8 1989 3216 61
T 172.627 6 1992 3214 61
T 172.627 7 1991 3215 61
T 172.627 4 1990 3215 61
T 172.627 2 1990 3215 61
T 172.627 5 1990 3215 61
T 172.627 3 1990 3216 61
T 172.627 1 1990 3214 61
T 172.628 8 1990 3216 61
T 172.650 6 1993 3214 61
T 172.650 7 1992 3215 61
T 172.650 4 1991 3215 61
T 172.650 2 1991 3215 61
T 172.650 5 1991 3215 61
T 172.650 3 1991 3216 61
T 172.651 1 1991 3214 61
T 172.651 8 1991 3216 61
T 172.673 6 1994 3214 61
T 172.673 7 1993 3215 61
T 172.673 4 1992 3215 61
T 172.673 2 1992 3215 61
T 172.673 5 1992 3215 61
T 172.673 3 1992 3216 61
T 172.673 1 1992 3214 61
T 172.674 8 1992 3216 61
T 172.695 6 1995 3214 61
T 172.696 7 1994 3215 61
T 172.696 4 1993 3215 61
T 172.696 2 1993 3215 61
T 172.696 5 1993 3215 61
T 172.696 3 1993 3216 61
T 172.696 1 1993 3214 61
T 172.696 8 1993 3216 61
T 172.718 6 1996 3214 61
T 172.718 7 1995 3215 61
T 172.719 4 1994 3215 61
T 172.719 2 1994 3215 61
T 172.719 5 1994 3215 61
T 172.719 3 1994 3216 61
T 172.719 1 1994 3214 61
T 172.719 8 1994 3216 61
T 172.741 6 1997 3214 61
T 172.741 7 1996 3215 61
T 172.741 4 1995 3215 61
T 172.742 2 1995 3215 61
T 172.742 5 1995 3215 61
T 172.742 3 1995 3216 61
T 172.742 1 1995 3214 61
T 172.742 8 1995 3216 61
T 172.764 6 1998 3214 61
T 172.764 7 1997 3215 61
T 172.765 4 1996 3215 61
T 172.765 2 1996 3215 61
T 172.765 5 1996 3215 61
T 172.765 3 1996 3216 61
T 172.765 1 1996 3214 61
T 172.765 8 1996 3216 61
T 172.787 6 1999 3214 61
T 172.787 7 1998 3215 61
T 172.787 4 1997 3215 61
T 172.788 2 1997 3215 61
T 172.788 5 1997 3215 61
T 172.788 3 1997 3216 61
T 172.788 1 1997 3214 61
T 172.788 8 1997 3216 61
T 172.810 6 2000 3214 61
T 172.810 7 1999 3215 61
T 172.810 4 1998 3215 61
T 172.810 2 1998 3215 61
T 172.810 5 1998 3215 61
T 172.811 3 1998 3216 61
T 172.811 1 1998 3214 61
T 172.811 8 1998 3216 61
T 172.834 6 2001 3214 61
T 172.834 7 2000 3215 61
T 172.834 4 1999 3215 61
T 172.834 2 1999 3215 61
T 172.835 5 1999 3215 61
T 172.835 3 1999 3216 61
T 172.835 1 1999 3214 61
T 172.835 8 1999 3216 61
T 172.856 6 2002 3214 61
T 172.856 7 2001 3215 61
T 172.856 4 2000 3215 61
T 172.856 2 2000 3215 61
T 172.856 5 2000 3215 61
T 172.856 3 2000 3216 61
T 172.856 1 2000 3214 61
T 172.857 8 2000 3216 61
T 172.879 6 2003 3214 61
T 172.879 7 2002 3215 61
T 172.879 4 2001 3215 61
T 172.879 2 2001 3215 61
T 172.879 5 2001 3215 61
T 172.879 3 2001 3216 61
T 172.880 1 2001 3214 61
T 172.880 8 2001 3216 61
T 172.902 6 2004 3214 61
T 172.902 7 2003 3215 61
T 172.902 4 2002 3215 61
T 172.902 2 2002 3215 61
T 172.902 5 2002 3215 61
T 172.902 3 2002 3216 61
T 172.903 1 2002 3214 61
T 172.903 8 2002 3216 61
T 172.925 6 2005 3214 61
T 172.925 7 2004 3215 61
T 172.925 4 2003 3215 61
T 172.925 2 2003 3215 61
T 172.925 5 2003 3215 61
T 172.925 3 2003 3216 61
T 172.925 1 2003 3214 61
T 172.926 8 2003 3216 61
T 172.947 6 2006 3214 61
T 172.948 7 2005 3215 61
T 172.948 4 2004 3215 61
T 172.948 2 2004 3215 61
T 172.948 5 2004 3215 61
T 172.948 3 2004 3216 61
T 172.948 1 2004 3214 61
T 172.948 8 2004 3216 61
T 172.970 6 2007 3214 61
T 172.970 7 2006 3215 61
T 172.971 4 2005 3215 61
T 172.971 2 2005 3215 61
T 172.971 5 2005 3215 61
T 172.971 3 2005 3216 61
T 172.971 1 2005 3214 61
T 172.971 8 2005 3216 61
T 172.994 6 2008 3214 61
T 172.994 7 2007 3215 61
T 172.994 4 2006 3215 61
T 172.994 2 2006 3215 61
T 172.994 5 2006 3215 61
T 172.994 3 2006 3216 61
T 172.994 1 2006 3214 61
T 172.994 8 2006 3216 61
T 173.016 6 2009 3214 61
T 173.017 7 2008 3215 61
T 173.017 4 2007 3215 61
T 173.017 2 2007 3215 61
T 173.017 5 2007 3215 61
T 173.017 3 2007 3216 61
T 173.017 1 2007 3214 61
T 173.017 8 2007 3216 61
T 173.040 6 2010 3214 61
T 173.040 7 2009 3215 61
T 173.040 4 2008 3215 61
T 173.040 2 2008 3215 61
T 173.040 5 2008 3215 61
T 173.041 3 2008 3216 61
T 173.041 1 2008 3214 61
T 173.041 8 2008 3216 61
T 173.063 6 2011 3214 61
T 173.063 7 2010 3215 61
T 173.063 4 2009 3215 61
T 173.063 2 2009 3215 61
T 173.063 5 2009 3215 61
T 173.063 3 2009 3216 61
T 173.064 1 2009 3214 61
T 173.064 8 2009 3216 61
T 173.086 6 2012 3214 61
T 173.086 7 2011 3215 61
T 173.087 4 2010 3215 61
T 173.087 2 2010 3215 61
T 173.087 5 2010 3215 61
T 173.087 3 2010 3216 61
T 173.087 1 2010 3214 61
T 173.087 8 2010 3216 61
T 173.110 6 2013 3214 61
T 173.110 7 2012 3215 61
T 173.111 4 2011 3215 61
T 173.111 2 2011 3215 61
T 173.111 5 2011 3215 61
T 173.111 3 2011 3216 61
T 173.111 1 2011 3214 61
T 173.111 8 2011 3216 61
T 173.134 7 2013 3215 61
T 173.134 4 2012 3215 61
T 173.134 2 2012 3215 61
T 173.134 5 2012 3215 61
T 173.135 3 2012 3216 61
T 173.135 1 2012 3214 61
T 173.135 8 2012 3216 61
T 173.157 4 2013 3215 61
T 173.157 2 2013 3215 61
T 173.157 5 2013 3215 61
T 173.157 3 2013 3216 61
T 173.157 1 2013 3214 61
T 173.157 8 2013 3216 61
P 173.817 3
P 173.818 5
P 173.818 4
P 173.818 6
F 173.818 3 62
P 173.818 7
F 173.820 5 62
P 173.820 8
P 173.821 1
F 173.820 4 62
P 173.821 2
F 173.822 6 62
F 173.825 7 62
F 173.825 8 62
F 173.826 1 62
F 173.826 2 62
T 174.186 3 2014 3269 62
T 174.214 3 2015 3269 62
T 174.224 3 2016 3269 62
T 174.287 3 2017 3269 62
T 174.420 3 2018 3269 62
T 174.420 6 2014 3266 62
T 174.420 7 2014 3267 62
T 174.420 4 2014 3267 62
T 174.420 5 2014 3268 62
T 174.420 8 2014 3269 62
T 174.449 3 2019 3269 62
T 174.449 6 2015 3266 62
T 174.449 7 2015 3267 62
T 174.449 4 2015 3267 62
T 174.449 5 2015 3268 62
T 174.450 8 2015 3269 62
T 174.450 2 2014 3268 62
T 174.450 1 2014 3266 62
T 174.472 3 2020 3269 62
T 174.472 6 2016 3266 62
T 174.472 7 2016 3267 62
T 174.472 4 2016 3267 62
T 174.472 5 2016 3268 62
T 174.472 8 2016 3269 62
T 174.472 2 2015 3268 62
T 174.472 1 2015 3266 62
T 174.495 3 2021 3269 62
T 174.495 6 2017 3266 62
T 174.495 7 2017 3267 62
T 174.495 4 2017 3267 62
T 174.495 5 2017 3268 62
T 174.495 8 2017 3269 62
T 174.496 2 2016 3268 62
T 174.496 1 2016 3266 62
T 174.517 3 2022 3269 62
T 174.518 6 2018 3266 62
T 174.518 7 2018 3267 62
T 174.518 4 2018 3267 62
T 174.518 5 2018 3268 62
T 174.518 8 2018 3269 62
T 174.518 2 2017 3268 62
T 174.518 1 2017 3266 62
T 174.540 3 2023 3269 62
T 174.540 6 2019 3266 62
T 174.540 7 2019 3267 62
T 174.541 4 2019 3267 62
T 174.541 5 2019 3268 62
T 174.541 8 2019 3269 62
T 174.541 2 2018 3268 62
T 174.541 1 2018 3266 62
T 174.563 3 2024 3269 62
T 174.563 6 2020 3266 62
T 174.564 7 2020 3267 62
T 174.564 4 2020 3267 62
T 174.564 5 2020 3268 62
T 174.564 8 2020 3269 62
T 174.564 2 2019 3268 62
T 174.564 1 2019 3266 62
T 174.586 3 2025 3269 62
T 174.586 6 2021 3266 62
T 174.586 7 2021 3267 62
T 174.587 4 2021 3267 62
T 174.587 5 2021 3268 62
T 174.587 8 2021 3269 62
T 174.587 2 2020 3268 62
T 174.587 1 2020 3266 62
T 174.609 3 2026 3269 62
T 174.609 6 2022 3266 62
T 174.609 7 2022 3267 62
T 174.609 4 2022 3267 62
T 174.610 5 2022 3268 62
T 174.610 8 2022 3269 62
T 174.610 2 2021 3268 62
T 174.610 1 2021 3266 62
T 174.632 3 2027 3269 62
T 174.632 6 2023 3266 62
T 174.632 7 2023 3267 62
T 174.632 4 2023 3267 62
T 174.632 5 2023 3268 62
T 174.633 8 2023 3269 62
T 174.633 2 2022 3268 62
T 174.633 1 2022 3266 62
T 174.655 3 2028 3269 62
T 174.655 6 2024 3266 62
T 174.655 7 2024 3267 62
T 174.656 4 2024 3267 62
T 174.656 5 2024 3268 62
T 174.656 8 2024 3269 62
T 174.656 2 2023 3268 62
T 174.656 1 2023 3266 62
T 174.678 3 2029 3269 62
T 174.678 6 2025 3266 62
T 174.678 7 2025 3267 62
T 174.678 4 2025 3267 62
T 174.679 5 2025 3268 62
T 174.679 8 2025 3269 62
T 174.679 2 2024 3268 62
T 174.679 1 2024 3266 62
T 174.701 3 2030 3269 62
T 174.701 6 2026 3266 62
T 174.701 7 2026 3267 62
T 174.701 4 2026 3267 62
T 174.701 5 2026 3268 62
T 174.702 8 2026 3269 62
T 174.702 2 2025 3268 62
T 174.702 1 2025 3266 62
T 174.724 3 2031 3269 62
T 174.724 6 2027 3266 62
T 174.724 7 2027 3267 62
T 174.724 4 2027 3267 62
T 174.724 5 2027 3268 62
T 174.724 8 2027 3269 62
T 174.724 2 2026 3268 62
T 174.725 1 2026 3266 62
T 174.747 3 2032 3269 62
T 174.747 6 2028 3266 62
T 174.747 7 2028 3267 62
T 174.747 4 2028 3267 62
T 174.747 5 2028 3268 62
T 174.748 8 2028 3269 62
T 174.748 2 2027 3268 62
T 174.748 1 2027 3266 62
T 174.770 3 2033 3269 62
T 174.770 6 2029 3266 62
T 174.770 7 2029 3267 62
T 174.770 4 2029 3267 62
T 174.771 5 2029 3268 62
T 174.771 8 2029 3269 62
T 174.771 2 2028 3268 62
T 174.771 1 2028 3266 62
T 174.793 3 2034 3269 62
T 174.793 6 2030 3266 62
T 174.793 7 2030 3267 62
T 174.793 4 2030 3267 62
T 174.793 5 2030 3268 62
T 174.793 8 2030 3269 62
T 174.794 2 2029 3268 62
T 174.794 1 2029 3266 62
T 174.815 3 2035 3269 62
T 174.816 6 2031 3266 62
T 174.816 7 2031 3267 62
T 174.816 4 2031 3267 62
T 174.816 5 2031 3268 62
T 174.816 8 2031 3269 62
T 174.816 2 2030 3268 62
T 174.816 1 2030 3266 62
T 174.838 3 2036 3269 62
T 174.839 6 2032 3266 62
T 174.839 7 2032 3267 62
T 174.839 4 2032 3267 62
T 174.839 5 2032 3268 62
T 174.839 8 2032 3269 62
T 174.839 2 2031 3268 62
T 174.839 1 2031 3266 62
T 174.862 3 2037 3269 62
T 174.862 6 2033 3266 62
T 174.862 7 2033 3267 62
T 174.862 4 2033 3267 62
T 174.862 5 2033 3268 62
T 174.862 8 2033 3269 62
T 174.862 2 2032 3268 62
T 174.863 1 2032 3266 62
T 174.885 3 2038 3269 62
T 174.885 6 2034 3266 62
T 174.885 7 2034 3267 62
T 174.885 4 2034 3267 62
T 174.885 5 2034 3268 62
T 174.885 8 2034 3269 62
T 174.885 2 2033 3268 62
T 174.886 1 2033 3266 62
T 174.907 3 2039 3269 62
T 174.908 6 2035 3266 62
T 174.908 7 2035 3267 62
T 174.908 4 2035 3267 62
T 174.908 5 2035 3268 62
T 174.908 8 2035 3269 62
T 174.908 2 2034 3268 62
T 174.908 1 2034 3266 62
T 174.930 3 2040 3269 62
T 174.931 6 2036 3266 62
T 174.931 7 2036 3267 62
T 174.931 4 2036 3267 62
T 174.931 5 2036 3268 62
T 174.931 8 2036 3269 62
T 174.931 2 2035 3268 62
T 174.931 1 2035 3266 62
T 174.954 3 2041 3269 62
T 174.954 6 2037 3266 62
T 174.954 7 2037 3267 62
T 174.954 4 2037 3267 62
T 174.954 5 2037 3268 62
T 174.954 8 2037 3269 62
T 174.954 2 2036 3268 62
T 174.954 1 2036 3266 62
T 174.977 3 2042 3269 62
T 174.977 6 2038 3266 62
T 174.977 7 2038 3267 62
T 174.977 4 2038 3267 62
T 174.977 5 2038 3268 62
T 174.977 8 2038 3269 62
T 174.977 2 2037 3268 62
T 174.977 1 2037 3266 62
T 175.000 3 2043 3269 62
T 175.000 6 2039 3266 62
T 175.000 7 2039 3267 62
T 175.000 4 2039 3267 62
T 175.000 5 2039 3268 62
T 175.000 8 2039 3269 62
T 175.000 2 2038 3268 62
T 175.001 1 2038 3266 62
T 175.023 3 2044 3269 62
T 175.023 6 2040 3266 62
T 175.023 7 2040 3267 62
T 175.024 4 2040 3267 62
T 175.024 5 2040 3268 62
T 175.024 8 2040 3269 62
T 175.024 2 2039 3268 62
T 175.024 1 2039 3266 62
T 175.047 3 2045 3269 62
T 175.047 6 2041 3266 62
T 175.047 7 2041 3267 62
T 175.047 4 2041 3267 62
T 175.047 5 2041 3268 62
T 175.048 8 2041 3269 62
T 175.048 2 2040 3268 62
T 175.048 1 2040 3266 62
T 175.071 3 2046 3269 62
T 175.071 6 2042 3266 62
T 175.071 7 2042 3267 62
T 175.071 4 2042 3267 62
T 175.071 5 2042 3268 62
T 175.072 8 2042 3269 62
T 175.072 2 2041 3268 62
T 175.072 1 2041 3266 62
T 175.094 6 2043 3266 62
T 175.094 7 2043 3267 62
T 175.094 4 2043 3267 62
T 175.094 5 2043 3268 62
T 175.094 8 2043 3269 62
T 175.094 2 2042 3268 62
T 175.094 1 2042 3266 62
T 175.117 6 2044 3266 62
T 175.117 7 2044 3267 62
T 175.117 4 2044 3267 62
T 175.117 5 2044 3268 62
T 175.117 8 2044 3269 62
T 175.117 2 2043 3268 62
T 175.117 1 2043 3266 62
T 175.140 6 2045 3266 62
T 175.140 7 2045 3267 62
T 175.141 4 2045 3267 62
T 175.141 5 2045 3268 62
T 175.141 8 2045 3269 62
T 175.141 2 2044 3268 62
T 175.141 1 2044 3266 62
T 175.164 6 2046 3266 62
T 175.164 7 2046 3267 62
T 175.164 4 2046 3267 62
T 175.164 5 2046 3268 62
T 175.164 8 2046 3269 62
T 175.164 2 2045 3268 62
T 175.164 1 2045 3266 62
T 175.185 2 2046 3268 62
T 175.185 1 2046 3266 62
P 175.821 7
F 175.821 7 63
P 175.821 8
F 175.823 8 63
P 175.824 1
F 175.825 1 63
P 175.825 2
P 175.827 3
F 175.827 2 63
P 175.828 5
F 175.828 3 63
P 175.829 4
F 175.830 5 63
P 175.830 6
F 175.831 4 63
F 175.834 6 63
T 176.260 7 2047 3320 63
T 176.344 7 2048 3320 63
T 176.344 3 2047 3322 63
T 176.344 8 2047 3322 63
T 176.344 1 2047 3319 63
T 176.403 7 2049 3320 63
T 176.403 3 2048 3322 63
T 176.403 8 2048 3322 63
T 176.403 1 2048 3319 63
T 176.403 6 2047 3319 63
T 176.404 4 2047 3320 63
T 176.404 5 2047 3321 63
T 176.404 2 2047 3321 63
T 176.425 7 2050 3320 63
T 176.425 3 2049 3322 63
T 176.425 8 2049 3322 63
T 176.425 1 2049 3319 63
T 176.426 6 2048 3319 63
T 176.426 4 2048 3320 63
T 176.426 5 2048 3321 63
T 176.426 2 2048 3321 63
T 176.448 7 2051 3320 63
T 176.448 3 2050 3322 63
T 176.448 8 2050 3322 63
T 176.448 1 2050 3319 63
T 176.449 6 2049 3319 63
T 176.449 4 2049 3320 63
T 176.449 5 2049 3321 63
T 176.449 2 2049 3321 63
T 176.471 7 2052 3320 63
T 176.471 3 2051 3322 63
T 176.471 8 2051 3322 63
T 176.471 1 2051 3319 63
T 176.471 6 2050 3319 63
T 176.472 4 2050 3320 63
T 176.472 5 2050 3321 63
T 176.472 2 2050 3321 63
T 176.494 7 2053 3320 63
T 176.494 3 2052 3322 63
T 176.494 8 2052 3322 63
T 176.494 1 2052 3319 63
T 176.494 6 2051 3319 63
T 176.495 4 2051 3320 63
T 176.495 5 2051 3321 63
T 176.495 2 2051 3321 63
T 176.517 7 2054 3320 63
T 176.517 3 2053 3322 63
T 176.517 8 2053 3322 63
T 176.517 1 2053 3319 63
T 176.517 6 2052 3319 63
T 176.517 4 2052 3320 63
T 176.517 5 2052 3321 63
T 176.517 2 2052 3321 63
T 176.540 7 2055 3320 63
T 176.540 3 2054 3322 63
T 176.540 8 2054 3322 63
T 176.540 1 2054 3319 63
T 176.540 6 2053 3319 63
T 176.540 4 2053 3320 63
T 176.540 5 2053 3321 63
T 176.541 2 2053 3321 63
T 176.563 7 2056 3320 63
T 176.563 3 2055 3322 63
T 176.563 8 2055 3322 63
T 176.563 1 2055 3319 63
T 176.563 6 2054 3319 63
T 176.563 4 2054 3320 63
T 176.563 5 2054 3321 63
T 176.564 2 2054 3321 63
T 176.586 7 2057 3320 63
T 176.586 3 2056 3322 63
T 176.586 8 2056 3322 63
T 176.586 1 2056 3319 63
T 176.586 6 2055 3319 63
T 176.586 4 2055 3320 63
T 176.587 5 2055 3321 63
T 176.587 2 2055 3321 63
T 176.608 7 2058 3320 63
T 176.609 3 2057 3322 63
T 176.609 8 2057 3322 63
T 176.609 1 2057 3319 63
T 176.609 6 2056 3319 63
T 176.609 4 2056 3320 63
T 176.609 5 2056 3321 63
T 176.609 2 2056 3321 63
T 176.631 7 2059 3320 63
T 176.631 3 2058 3322 63
T 176.632 8 2058 3322 63
T 176.632 1 2058 3319 63
T 176.632 6 2057 3319 63
T 176.632 4 2057 3320 63
T 176.632 5 2057 3321 63
T 176.632 2 2057 3321 63
T 176.654 7 2060 3320 63
T 176.654 3 2059 3322 63
T 176.655 8 2059 3322 63
T 176.655 1 2059 3319 63
T 176.655 6 2058 3319 63
T 176.655 4 2058 3320 63
T 176.655 5 2058 3321 63
T 176.655 2 2058 3321 63
T 176.677 7 2061 3320 63
T 176.677 3 2060 3322 63
T 176.678 8 2060 3322 63
T 176.678 1 2060 3319 63
T 176.678 6 2059 3319 63
T 176.678 4 2059 3320 63
T 176.678 5 2059 3321 63
T 176.678 2 2059 3321 63
T 176.700 7 2062 3320 63
T 176.700 3 2061 3322 63
T 176.701 8 2061 3322 63
T 176.701 1 2061 3319 63
T 176.701 6 2060 3319 63
T 176.701 4 2060 3320 63
T 176.701 5 2060 3321 63
T 176.701 2 2060 3321 63
T 176.723 7 2063 3320 63
T 176.723 3 2062 3322 63
T 176.724 8 2062 3322 63
T 176.724 1 2062 3319 63
T 176.724 6 2061 3319 63
T 176.724 4 2061 3320 63
T 176.724 5 2061 3321 63
T 176.724 2 2061 3321 63
T 176.746 7 2064 3320 63
T 176.746 3 2063 3322 63
T 176.746 8 2063 3322 63
T 176.746 1 2063 3319 63
T 176.747 6 2062 3319 63
T 176.747 4 2062 3320 63
T 176.747 5 2062 3321 63
T 176.747 2 2062 3321 63
T 176.769 7 2065 3320 63
T 176.769 3 2064 3322 63
T 176.770 8 2064 3322 63
T 176.770 1 2064 3319 63
T 176.770 6 2063 3319 63
T 176.770 4 2063 3320 63
T 176.770 5 2063 3321 63
T 176.770 2 2063 3321 63
T 176.792 7 2066 3320 63
T 176.792 3 2065 3322 63
T 176.792 8 2065 3322 63
T 176.792 1 2065 3319 63
T 176.792 6 2064 3319 63
T 176.793 4 2064 3320 63
T 176.793 5 2064 3321 63
T 176.793 2 2064 3321 63
T 176.815 7 2067 3320 63
T 176.815 3 2066 3322 63
T 176.815 8 2066 3322 63
T 176.816 1 2066 3319 63
T 176.816 6 2065 3319 63
T 176.816 4 2065 3320 63
T 176.816 5 2065 3321 63
T 176.816 2 2065 3321 63
T 176.838 7 2068 3320 63
T 176.838 3 2067 3322 63
T 176.838 8 2067 3322 63
T 176.838 1 2067 3319 63
T 176.838 6 2066 3319 63
T 176.839 4 2066 3320 63
T 176.839 5 2066 3321 63
T 176.839 2 2066 3321 63
T 176.861 7 2069 3320 63
T 176.861 3 2068 3322 63
T 176.861 8 2068 3322 63
T 176.862 1 2068 3319 63
T 176.862 6 2067 3319 63
T 176.862 4 2067 3320 63
T 176.862 5 2067 3321 63
T 176.862 2 2067 3321 63
T 176.884 7 2070 3320 63
T 176.884 3 2069 3322 63
T 176.884 8 2069 3322 63
T 176.884 1 2069 3319 63
T 176.885 6 2068 3319 63
T 176.885 4 2068 3320 63
T 176.885 5 2068 3321 63
T 176.885 2 2068 3321 63
T 176.907 7 2071 3320 63
T 176.907 3 2070 3322 63
T 176.907 8 2070 3322 63
T 176.908 1 2070 3319 63
T 176.908 6 2069 3319 63
T 176.908 4 2069 3320 63
T 176.908 5 2069 3321 63
T 176.908 2 2069 3321 63
T 176.930 7 2072 3320 63
T 176.930 3 2071 3322 63
T 176.930 8 2071 3322 63
T 176.930 1 2071 3319 63
T 176.931 6 2070 3319 63
T 176.931 4 2070 3320 63
T 176.931 5 2070 3321 63
T 176.931 2 2070 3321 63
T 176.953 7 2073 3320 63
T 176.953 3 2072 3322 63
T 176.953 8 2072 3322 63
T 176.953 1 2072 3319 63
T 176.953 6 2071 3319 63
T 176.953 4 2071 3320 63
T 176.954 5 2071 3321 63
T 176.954 2 2071 3321 63
T 176.976 7 2074 3320 63
T 176.976 3 2073 3322 63
T 176.976 8 2073 3322 63
T 176.976 1 2073 3319 63
T 176.976 6 2072 3319 63
T 176.976 4 2072 3320 63
T 176.976 5 2072 3321 63
T 176.977 2 2072 3321 63
T 176.999 7 2075 3320 63
T 176.999 3 2074 3322 63
T 176.999 8 2074 3322 63
T 176.999 1 2074 3319 63
T 176.999 6 2073 3319 63
T 177.000 4 2073 3320 63
T 177.000 5 2073 3321 63
T 177.000 2 2073 3321 63
T 177.022 7 2076 3320 63
T 177.022 3 2075 3322 63
T 177.022 8 2075 3322 63
T 177.023 1 2075 3319 63
T 177.023 6 2074 3319 63
T 177.023 4 2074 3320 63
T 177.023 5 2074 3321 63
T 177.023 2 2074 3321 63
T 177.046 7 2077 3320 63
T 177.046 3 2076 3322 63
T 177.046 8 2076 3322 63
T 177.046 1 2076 3319 63
T 177.046 6 2075 3319 63
T 177.046 4 2075 3320 63
T 177.046 5 2075 3321 63
T 177.046 2 2075 3321 63
T 177.069 7 2078 3320 63
T 177.069 3 2077 3322 63
T 177.069 8 2077 3322 63
T 177.070 1 2077 3319 63
T 177.070 6 2076 3319 63
T 177.070 4 2076 3320 63
T 177.070 5 2076 3321 63
T 177.070 2 2076 3321 63
T 177.092 7 2079 3320 63
T 177.093 3 2078 3322 63
T 177.093 8 2078 3322 63
T 177.093 1 2078 3319 63
T 177.093 6 2077 3319 63
T 177.093 4 2077 3320 63
T 177.093 5 2077 3321 63
T 177.093 2 2077 3321 63
T 177.116 3 2079 3322 63
T 177.116 8 2079 3322 63
T 177.116 1 2079 3319 63
T 177.116 6 2078 3319 63
T 177.116 4 2078 3320 63
T 177.117 5 2078 3321 63
T 177.117 2 2078 3321 63
T 177.138 6 2079 3319 63
T 177.138 4 2079 3320 63
T 177.138 5 2079 3321 63
T 177.138 2 2079 3321 63
P 177.817 7
F 177.818 7 64
P 177.818 8
F 177.818 8 64
P 177.819 1
F 177.821 1 64
P 177.821 2
F 177.822 2 64
P 177.822 3
F 177.824 3 64
P 177.824 5
P 177.830 4
P 177.831 6
F 177.833 5 64
F 177.834 4 64
F 177.835 6 64
T 178.262 7 2080 3373 64
T 178.338 7 2081 3373 64
T 178.338 8 2080 3375 64
T 178.338 1 2080 3372 64
T 178.338 2 2080 3374 64
T 178.428 7 2082 3373 64
T 178.428 8 2081 3375 64
T 178.428 1 2081 3372 64
T 178.429 2 2081 3374 64
T 178.429 3 2080 3375 64
T 178.429 6 2080 3372 64
T 178.429 5 2080 3374 64
T 178.451 7 2083 3373 64
T 178.451 8 2082 3375 64
T 178.451 1 2082 3372 64
T 178.451 2 2082 3374 64
T 178.452 3 2081 3375 64
T 178.452 6 2081 3372 64
T 178.452 5 2081 3374 64
T 178.452 4 2080 3373 64
T 178.474 7 2084 3373 64
T 178.474 8 2083 3375 64
T 178.474 1 2083 3372 64
T 178.475 2 2083 3374 64
T 178.475 3 2082 3375 64
T 178.475 6 2082 3372 64
T 178.475 5 2082 3374 64
T 178.475 4 2081 3373 64
T 178.497 7 2085 3373 64
T 178.497 8 2084 3375 64
T 178.497 1 2084 3372 64
T 178.497 2 2084 3374 64
T 178.498 3 2083 3375 64
T 178.498 6 2083 3372 64
T 178.498 5 2083 3374 64
T 178.498 4 2082 3373 64
T 178.520 7 2086 3373 64
T 178.520 8 2085 3375 64
T 178.520 1 2085 3372 64
T 178.520 2 2085 3374 64
T 178.520 3 2084 3375 64
T 178.521 6 2084 3372 64
T 178.521 5 2084 3374 64
T 178.521 4 2083 3373 64
T 178.543 7 2087 3373 64
T 178.543 8 2086 3375 64
T 178.543 1 2086 3372 64
T 178.543 2 2086 3374 64
T 178.543 3 2085 3375 64
T 178.543 6 2085 3372 64
T 178.543 5 2085 3374 64
T 178.544 4 2084 3373 64
T 178.566 7 2088 3373 64
T 178.566 8 2087 3375 64
T 178.566 1 2087 3372 64
T 178.566 2 2087 3374 64
T 178.566 3 2086 3375 64
T 178.566 6 2086 3372 64
T 178.567 5 2086 3374 64
T 178.567 4 2085 3373 64
T 178.589 7 2089 3373 64
T 178.589 8 2088 3375 64
T 178.589 1 2088 3372 64
T 178.589 2 2088 3374 64
T 178.589 3 2087 3375 64
T 178.590 6 2087 3372 64
T 178.590 5 2087 3374 64
T 178.590 4 2086 3373 64
T 178.612 7 2090 3373 64
T 178.612 8 2089 3375 64
T 178.612 1 2089 3372 64
T 178.612 2 2089 3374 64
T 178.612 3 2088 3375 64
T 178.612 6 2088 3372 64
T 178.612 5 2088 3374 64
T 178.612 4 2087 3373 64
T 178.635 7 2091 3373 64
T 178.635 8 2090 3375 64
T 178.635 1 2090 3372 64
T 178.635 2 2090 3374 64
T 178.635 3 2089 3375 64
T 178.635 6 2089 3372 64
T 178.635 5 2089 3374 64
T 178.635 4 2088 3373 64
T 178.657 7 2092 3373 64
T 178.658 8 2091 3375 64
T 178.658 1 2091 3372 64
T 178.658 2 2091 3374 64
T 178.658 3 2090 3375 64
T 178.658 6 2090 3372 64
T 178.658 5 2090 3374 64
T 178.658 4 2089 3373 64
T 178.680 7 2093 3373 64
T 178.681 8 2092 3375 64
T 178.681 1 2092 3372 64
T 178.681 2 2092 3374 64
T 178.681 3 2091 3375 64
T 178.681 6 2091 3372 64
T 178.681 5 2091 3374 64
T 178.681 4 2090 3373 64
T 178.703 7 2094 3373 64
T 178.704 8 2093 3375 64
T 178.704 1 2093 3372 64
T 178.704 2 2093 3374 64
T 178.704 3 2092 3375 64
T 178.704 6 2092 3372 64
T 178.704 5 2092 3374 64
T 178.704 4 2091 3373 64
T 178.726 7 2095 3373 64
T 178.726 8 2094 3375 64
T 178.727 1 2094 3372 64
T 178.727 2 2094 3374 64
T 178.727 3 2093 3375 64
T 178.727 6 2093 3372 64
T 178.727 5 2093 3374 64
T 178.727 4 2092 3373 64
T 178.749 7 2096 3373 64
T 178.749 8 2095 3375 64
T 178.749 1 2095 3372 64
T 178.749 2 2095 3374 64
T 178.750 3 2094 3375 64
T 178.750 6 2094 3372 64
T 178.750 5 2094 3374 64
T 178.750 4 2093 3373 64
T 178.772 7 2097 3373 64
T 178.772 8 2096 3375 64
T 178.772 1 2096 3372 64
T 178.772 2 2096 3374 64
T 178.773 3 2095 3375 64
T 178.773 6 2095 3372 64
T 178.773 5 2095 3374 64
T 178.773 4 2094 3373 64
T 178.795 7 2098 3373 64
T 178.795 8 2097 3375 64
T 178.796 1 2097 3372 64
T 178.796 2 2097 3374 64
T 178.796 3 2096 3375 64
T 178.796 6 2096 3372 64
T 178.796 5 2096 3374 64
T 178.796 4 2095 3373 64
T 178.818 7 2099 3373 64
T 178.819 8 2098 3375 64
T 178.819 1 2098 3372 64
T 178.819 2 2098 3374 64
T 178.819 3 2097 3375 64
T 178.819 6 2097 3372 64
T 178.819 5 2097 3374 64
T 178.819 4 2096 3373 64
T 178.841 7 2100 3373 64
T 178.841 8 2099 3375 64
T 178.842 1 2099 3372 64
T 178.842 2 2099 3374 64
T 178.842 3 2098 3375 64
T 178.842 6 2098 3372 64
T 178.842 5 2098 3374 64
T 178.842 4 2097 3373 64
T 178.864 7 2101 3373 64
T 178.865 8 2100 3375 64
T 178.865 1 2100 3372 64
T 178.865 2 2100 3374 64
T 178.865 3 2099 3375 64
T 178.865 6 2099 3372 64
T 178.865 5 2099 3374 64
T 178.865 4 2098 3373 64
T 178.887 7 2102 3373 64
T 178.888 8 2101 3375 64
T 178.888 1 2101 3372 64
T 178.888 2 2101 3374 64
T 178.888 3 2100 3375 64
T 178.888 6 2100 3372 64
T 178.888 5 2100 3374 64
T 178.888 4 2099 3373 64
T 178.910 7 2103 3373 64
T 178.911 8 2102 3375 64
T 178.911 1 2102 3372 64
T 178.911 2 2102 3374 64
T 178.911 3 2101 3375 64
T 178.911 6 2101 3372 64
T 178.911 5 2101 3374 64
T 178.911 4 2100 3373 64
T 178.934 7 2104 3373 64
T 178.934 8 2103 3375 64
T 178.934 1 2103 3372 64
T 178.934 2 2103 3374 64
T 178.934 3 2102 3375 64
T 178.934 6 2102 3372 64
T 178.934 5 2102 3374 64
T 178.934 4 2101 3373 64
T 178.957 7 2105 3373 64
T 178.957 8 2104 3375 64
T 178.957 1 2104 3372 64
T 178.957 2 2104 3374 64
T 178.957 3 2103 3375 64
T 178.957 6 2103 3372 64
T 178.957 5 2103 3374 64
T 178.957 4 2102 3373 64
T 178.979 7 2106 3373 64
T 178.980 8 2105 3375 64
T 178.980 1 2105 3372 64
T 178.980 2 2105 3374 64
T 178.980 3 2104 3375 64
T 178.980 6 2104 3372 64
T 178.980 5 2104 3374 64
T 178.980 4 2103 3373 64
T 179.002 7 2107 3373 64
T 179.003 8 2106 3375 64
T 179.003 1 2106 3372 64
T 179.003 2 2106 3374 64
T 179.003 3 2105 3375 64
T 179.003 6 2105 3372 64
T 179.003 5 2105 3374 64
T 179.003 4 2104 3373 64
T 179.026 7 2108 3373 64
T 179.026 8 2107 3375 64
T 179.026 1 2107 3372 64
T 179.026 2 2107 3374 64
T 179.026 3 2106 3375 64
T 179.026 6 2106 3372 64
T 179.026 5 2106 3374 64
T 179.027 4 2105 3373 64
T 179.049 7 2109 3373 64
T 179.049 8 2108 3375 64
T 179.050 1 2108 3372 64
T 179.050 2 2108 3374 64
T 179.050 3 2107 3375 64
T 179.050 6 2107 3372 64
T 179.050 5 2107 3374 64
T 179.050 4 2106 3373 64
T 179.073 7 2110 3373 64
T 179.073 8 2109 3375 64
T 179.073 1 2109 3372 64
T 179.073 2 2109 3374 64
T 179.073 3 2108 3375 64
T 179.073 6 2108 3372 64
T 179.073 5 2108 3374 64
T 179.074 4 2107 3373 64
T 179.096 7 2111 3373 64
T 179.096 8 2110 3375 64
T 179.097 1 2110 3372 64
T 179.097 2 2110 3374 64
T 179.097 3 2109 3375 64
T 179.097 6 2109 3372 64
T 179.097 5 2109 3374 64
T 179.097 4 2108 3373 64
T 179.120 7 2112 3373 64
T 179.120 8 2111 3375 64
T 179.120 1 2111 3372 64
T 179.120 2 2111 3374 64
T 179.120 3 2110 3375 64
T 179.121 6 2110 3372 64
T 179.121 5 2110 3374 64
T 179.121 4 2109 3373 64
T 179.144 8 2112 3375 64
T 179.144 1 2112 3372 64
T 179.144 2 2112 3374 64
T 179.144 3 2111 3375 64
T 179.144 6 2111 3372 64
T 179.144 5 2111 3374 64
T 179.144 4 2110 3373 64
T 179.165 3 2112 3375 64
T 179.166 6 2112 3372 64
T 179.166 5 2112 3374 64
T 179.166 4 2111 3373 64
T 179.186 4 2112 3373 64
P 179.821 6
P 179.821 7
P 179.821 8
P 179.821 1
P 179.821 2
P 179.822 3
P 179.822 5
F 179.822 6 65
P 179.822 4
F 179.823 7 65
F 179.824 8 65
F 179.825 1 65
F 179.826 2 65
F 179.826 3 65
F 179.826 5 65
F 179.827 4 65
T 180.246 6 2113 3425 65
T 180.327 6 2114 3425 65
T 180.327 7 2113 3426 65
T 180.328 8 2113 3428 65
T 180.328 4 2113 3426 65
T 180.388 6 2115 3425 65
T 180.388 7 2114 3426 65
T 180.389 8 2114 3428 65
T 180.389 4 2114 3426 65
T 180.389 1 2113 3425 65
T 180.389 2 2113 3427 65
T 180.389 3 2113 3428 65
T 180.389 5 2113 3427 65
T 180.411 6 2116 3425 65
T 180.411 7 2115 3426 65
T 180.411 8 2115 3428 65
T 180.411 4 2115 3426 65
T 180.411 1 2114 3425 65
T 180.411 2 2114 3427 65
T 180.411 3 2114 3428 65
T 180.412 5 2114 3427 65
T 180.434 6 2117 3425 65
T 180.434 7 2116 3426 65
T 180.434 8 2116 3428 65
T 180.434 4 2116 3426 65
T 180.434 1 2115 3425 65
T 180.434 2 2115 3427 65
T 180.434 3 2115 3428 65
T 180.434 5 2115 3427 65
T 180.457 6 2118 3425 65
T 180.457 7 2117 3426 65
T 180.457 8 2117 3428 65
T 180.457 4 2117 3426 65
T 180.457 1 2116 3425 65
T 180.457 2 2116 3427 65
T 180.457 3 2116 3428 65
T 180.457 5 2116 3427 65
T 180.479 6 2119 3425 65
T 180.480 7 2118 3426 65
T 180.480 8 2118 3428 65
T 180.480 4 2118 3426 65
T 180.480 1 2117 3425 65
T 180.480 2 2117 3427 65
T 180.480 3 2117 3428 65
T 180.481 5 2117 3427 65
T 180.502 6 2120 3425 65
T 180.503 7 2119 3426 65
T 180.503 8 2119 3428 65
T 180.503 4 2119 3426 65
T 180.503 1 2118 3425 65
T 180.503 2 2118 3427 65
T 180.503 3 2118 3428 65
T 180.503 5 2118 3427 65
T 180.525 6 2121 3425 65
T 180.525 7 2120 3426 65
T 180.526 8 2120 3428 65
T 180.526 4 2120 3426 65
T 180.526 1 2119 3425 65
T 180.526 2 2119 3427 65
T 180.526 3 2119 3428 65
T 180.526 5 2119 3427 65
T 180.548 6 2122 3425 65
T 180.548 7 2121 3426 65
T 180.549 8 2121 3428 65
T 180.549 4 2121 3426 65
T 180.549 1 2120 3425 65
T 180.549 2 2120 3427 65
T 180.549 3 2120 3428 65
T 180.549 5 2120 3427 65
T 180.571 6 2123 3425 65
T 180.571 7 2122 3426 65
T 180.572 8 2122 3428 65
T 180.572 4 2122 3426 65
T 180.572 1 2121 3425 65
T 180.572 2 2121 3427 65
T 180.572 3 2121 3428 65
T 180.572 5 2121 3427 65
T 180.594 6 2124 3425 65
T 180.594 7 2123 3426 65
T 180.595 8 2123 3428 65
T 180.595 4 2123 3426 65
T 180.595 1 2122 3425 65
T 180.595 2 2122 3427 65
T 180.595 3 2122 3428 65
T 180.595 5 2122 3427 65
T 180.618 6 2125 3425 65
T 180.618 7 2124 3426 65
T 180.618 8 2124 3428 65
T 180.618 4 2124 3426 65
T 180.618 1 2123 3425 65
T 180.618 2 2123 3427 65
T 180.618 3 2123 3428 65
T 180.618 5 2123 3427 65
T 180.640 6 2126 3425 65
T 180.641 7 2125 3426 65
T 180.641 8 2125 3428 65
T 180.641 4 2125 3426 65
T 180.641 1 2124 3425 65
T 180.641 2 2124 3427 65
T 180.641 3 2124 3428 65
T 180.641 5 2124 3427 65
T 180.664 6 2127 3425 65
T 180.664 7 2126 3426 65
T 180.664 8 2126 3428 65
T 180.664 4 2126 3426 65
T 180.664 1 2125 3425 65
T 180.664 2 2125 3427 65
T 180.664 3 2125 3428 65
T 180.664 5 2125 3427 65
T 180.686 6 2128 3425 65
T 180.686 7 2127 3426 65
T 180.687 8 2127 3428 65
T 180.687 4 2127 3426 65
T 180.687 1 2126 3425 65
T 180.687 2 2126 3427 65
T 180.687 3 2126 3428 65
T 180.687 5 2126 3427 65
T 180.709 6 2129 3425 65
T 180.710 7 2128 3426 65
T 180.710 8 2128 3428 65
T 180.710 4 2128 3426 65
T 180.710 1 2127 3425 65
T 180.710 2 2127 3427 65
T 180.710 3 2127 3428 65
T 180.710 5 2127 3427 65
T 180.732 6 2130 3425 65
T 180.733 7 2129 3426 65
T 180.733 8 2129 3428 65
T 180.733 4 2129 3426 65
T 180.733 1 2128 3425 65
T 180.733 2 2128 3427 65
T 180.733 3 2128 3428 65
T 180.733 5 2128 3427 65
T 180.755 6 2131 3425 65
T 180.755 7 2130 3426 65
T 180.756 8 2130 3428 65
T 180.756 4 2130 3426 65
T 180.756 1 2129 3425 65
T 180.756 2 2129 3427 65
T 180.756 3 2129 3428 65
T 180.756 5 2129 3427 65
T 180.778 6 2132 3425 65
T 180.778 7 2131 3426 65
T 180.779 8 2131 3428 65
T 180.779 4 2131 3426 65
T 180.779 1 2130 3425 65
T 180.779 2 2130 3427 65
T 180.779 3 2130 3428 65
T 180.779 5 2130 3427 65
T 180.801 6 2133 3425 65
T 180.802 7 2132 3426 65
T 180.802 8 2132 3428 65
T 180.802 4 2132 3426 65
T 180.802 1 2131 3425 65
T 180.802 2 2131 3427 65
T 180.802 3 2131 3428 65
T 180.802 5 2131 3427 65
T 180.824 6 2134 3425 65
T 180.824 7 2133 3426 65
T 180.825 8 2133 3428 65
T 180.825 4 2133 3426 65
T 180.825 1 2132 3425 65
T 180.825 2 2132 3427 65
T 180.825 3 2132 3428 65
T 180.825 5 2132 3427 65
T 180.847 6 2135 3425 65
T 180.847 7 2134 3426 65
T 180.848 8 2134 3428 65
T 180.848 4 2134 3426 65
T 180.848 1 2133 3425 65
T 180.848 2 2133 3427 65
T 180.848 3 2133 3428 65
T 180.848 5 2133 3427 65
T 180.870 6 2136 3425 65
T 180.870 7 2135 3426 65
T 180.871 8 2135 3428 65
T 180.871 4 2135 3426 65
T 180.871 1 2134 3425 65
T 180.871 2 2134 3427 65
T 180.871 3 2134 3428 65
T 180.871 5 2134 3427 65
T 180.893 6 2137 3425 65
T 180.894 7 2136 3426 65
T 180.894 8 2136 3428 65
T 180.894 4 2136 3426 65
T 180.894 1 2135 3425 65
T 180.894 2 2135 3427 65
T 180.894 3 2135 3428 65
T 180.894 5 2135 3427 65
T 180.917 6 2138 3425 65
T 180.917 7 2137 3426 65
T 180.917 8 2137 3428 65
T 180.917 4 2137 3426 65
T 180.917 1 2136 3425 65
T 180.917 2 2136 3427 65
T 180.917 3 2136 3428 65
T 180.917 5 2136 3427 65
T 180.939 6 2139 3425 65
T 180.940 7 2138 3426 65
T 180.940 8 2138 3428 65
T 180.940 4 2138 3426 65
T 180.940 1 2137 3425 65
T 180.940 2 2137 3427 65
T 180.940 3 2137 3428 65
T 180.940 5 2137 3427 65
T 180.962 6 2140 3425 65
T 180.963 7 2139 3426 65
T 180.963 8 2139 3428 65
T 180.963 4 2139 3426 65
T 180.963 1 2138 3425 65
T 180.963 2 2138 3427 65
T 180.963 3 2138 3428 65
T 180.963 5 2138 3427 65
T 180.985 6 2141 3425 65
T 180.986 7 2140 3426 65
T 180.986 8 2140 3428 65
T 180.986 4 2140 3426 65
T 180.986 1 2139 3425 65
T 180.986 2 2139 3427 65
T 180.986 3 2139 3428 65
T 180.986 5 2139 3427 65
T 181.009 6 2142 3425 65
T 181.009 7 2141 3426 65
T 181.009 8 2141 3428 65
T 181.009 4 2141 3426 65
T 181.009 1 2140 3425 65
T 181.009 2 2140 3427 65
T 181.009 3 2140 3428 65
T 181.009 5 2140 3427 65
T 181.032 6 2143 3425 65
T 181.032 7 2142 3426 65
T 181.032 8 2142 3428 65
T 181.032 4 2142 3426 65
T 181.033 1 2141 3425 65
T 181.033 2 2141 3427 65
T 181.033 3 2141 3428 65
T 181.033 5 2141 3427 65
T 181.056 6 2144 3425 65
T 181.056 7 2143 3426 65
T 181.056 8 2143 3428 65
T 181.056 4 2143 3426 65
T 181.056 1 2142 3425 65
T 181.056 2 2142 3427 65
T 181.057 3 2142 3428 65
T 181.057 5 2142 3427 65
T 181.079 6 2145 3425 65
T 181.079 7 2144 3426 65
T 181.080 8 2144 3428 65
T 181.080 4 2144 3426 65
T 181.080 1 2143 3425 65
T 181.080 2 2143 3427 65
T 181.080 3 2143 3428 65
T 181.080 5 2143 3427 65
T 181.103 7 2145 3426 65
T 181.103 8 2145 3428 65
T 181.103 4 2145 3426 65
T 181.103 1 2144 3425 65
T 181.103 2 2144 3427 65
T 181.103 3 2144 3428 65
T 181.103 5 2144 3427 65
T 181.125 1 2145 3425 65
T 181.125 2 2145 3427 65
T 181.125 3 2145 3428 65
T 181.125 5 2145 3427 65
P 181.820 8
P 181.821 1
P 181.821 2
P 181.821 3
P 181.821 5
F 181.822 8 66
P 181.822 4
F 181.822 1 66
P 181.823 6
F 181.824 2 66
P 181.824 7
F 181.825 3 66
F 181.826 5 66
F 181.829 4 66
F 181.830 6 66
F 181.830 7 66
T 182.250 8 2146 3480 66
T 182.307 8 2147 3480 66
T 182.307 7 2146 3479 66
T 182.307 1 2146 3478 66
T 182.405 8 2148 3480 66
T 182.406 7 2147 3479 66
T 182.406 1 2147 3478 66
T 182.406 4 2146 3479 66
T 182.406 2 2146 3480 66
T 182.406 3 2146 3481 66
T 182.406 5 2146 3480 66
T 182.429 8 2149 3480 66
T 182.429 7 2148 3479 66
T 182.429 1 2148 3478 66
T 182.429 4 2147 3479 66
T 182.429 2 2147 3480 66
T 182.429 3 2147 3481 66
T 182.430 5 2147 3480 66
T 182.430 6 2146 3478 66
T 182.451 8 2150 3480 66
T 182.451 7 2149 3479 66
T 182.451 1 2149 3478 66
T 182.451 4 2148 3479 66
T 182.451 2 2148 3480 66
T 182.451 3 2148 3481 66
T 182.452 5 2148 3480 66
T 182.452 6 2147 3478 66
T 182.474 8 2151 3480 66
T 182.474 7 2150 3479 66
T 182.474 1 2150 3478 66
T 182.474 4 2149 3479 66
T 182.474 2 2149 3480 66
T 182.474 3 2149 3481 66
T 182.474 5 2149 3480 66
T 182.475 6 2148 3478 66
T 182.497 8 2152 3480 66
T 182.497 7 2151 3479 66
T 182.497 1 2151 3478 66
T 182.497 4 2150 3479 66
T 182.497 2 2150 3480 66
T 182.497 3 2150 3481 66
T 182.497 5 2150 3480 66
T 182.498 6 2149 3478 66
T 182.520 8 2153 3480 66
T 182.520 7 2152 3479 66
T 182.520 1 2152 3478 66
T 182.520 4 2151 3479 66
T 182.520 2 2151 3480 66
T 182.521 3 2151 3481 66
T 182.521 5 2151 3480 66
T 182.521 6 2150 3478 66
T 182.543 8 2154 3480 66
T 182.543 7 2153 3479 66
T 182.543 1 2153 3478 66
T 182.543 4 2152 3479 66
T 182.543 2 2152 3480 66
T 182.544 3 2152 3481 66
T 182.544 5 2152 3480 66
T 182.544 6 2151 3478 66
T 182.566 8 2155 3480 66
T 182.566 7 2154 3479 66
T 182.566 1 2154 3478 66
T 182.566 4 2153 3479 66
T 182.566 2 2153 3480 66
T 182.566 3 2153 3481 66
T 182.566 5 2153 3480 66
T 182.566 6 2152 3478 66
T 182.589 8 2156 3480 66
T 182.589 7 2155 3479 66
T 182.589 1 2155 3478 66
T 182.589 4 2154 3479 66
T 182.589 2 2154 3480 66
T 182.589 3 2154 3481 66
T 182.589 5 2154 3480 66
T 182.590 6 2153 3478 66
T 182.611 8 2157 3480 66
T 182.612 7 2156 3479 66
T 182.612 1 2156 3478 66
T 182.612 4 2155 3479 66
T 182.612 2 2155 3480 66
T 182.612 3 2155 3481 66
T 182.612 5 2155 3480 66
T 182.612 6 2154 3478 66
T 182.635 8 2158 3480 66
T 182.635 7 2157 3479 66
T 182.635 1 2157 3478 66
T 182.635 4 2156 3479 66
T 182.635 2 2156 3480 66
T 182.635 3 2156 3481 66
T 182.636 5 2156 3480 66
T 182.636 6 2155 3478 66
T 182.658 8 2159 3480 66
T 182.658 7 2158 3479 66
T 182.658 1 2158 3478 66
T 182.658 4 2157 3479 66
T 182.658 2 2157 3480 66
T 182.658 3 2157 3481 66
T 182.658 5 2157 3480 66
T 182.658 6 2156 3478 66
T 182.680 8 2160 3480 66
T 182.681 7 2159 3479 66
T 182.681 1 2159 3478 66
T 182.681 4 2158 3479 66
T 182.681 2 2158 3480 66
T 182.681 3 2158 3481 66
T 182.681 5 2158 3480 66
T 182.681 6 2157 3478 66
T 182.703 8 2161 3480 66
T 182.703 7 2160 3479 66
T 182.704 1 2160 3478 66
T 182.704 4 2159 3479 66
T 182.704 2 2159 3480 66
T 182.704 3 2159 3481 66
T 182.704 5 2159 3480 66
T 182.704 6 2158 3478 66
T 182.726 8 2162 3480 66
T 182.727 7 2161 3479 66
T 182.727 1 2161 3478 66
T 182.727 4 2160 3479 66
T 182.727 2 2160 3480 66
T 182.727 3 2160 3481 66
T 182.727 5 2160 3480 66
T 182.727 6 2159 3478 66
T 182.749 8 2163 3480 66
T 182.749 7 2162 3479 66
T 182.750 1 2162 3478 66
T 182.750 4 2161 3479 66
T 182.750 2 2161 3480 66
T 182.750 3 2161 3481 66
T 182.750 5 2161 3480 66
T 182.750 6 2160 3478 66
T 182.772 8 2164 3480 66
T 182.772 7 2163 3479 66
T 182.773 1 2163 3478 66
T 182.773 4 2162 3479 66
T 182.773 2 2162 3480 66
T 182.773 3 2162 3481 66
T 182.773 5 2162 3480 66
T 182.773 6 2161 3478 66
T 182.795 8 2165 3480 66
T 182.795 7 2164 3479 66
T 182.795 1 2164 3478 66
T 182.795 4 2163 3479 66
T 182.796 2 2163 3480 66
T 182.796 3 2163 3481 66
T 182.796 5 2163 3480 66
T 182.796 6 2162 3478 66
T 182.818 8 2166 3480 66
T 182.818 7 2165 3479 66
T 182.818 1 2165 3478 66
T 182.819 4 2164 3479 66
T 182.819 2 2164 3480 66
T 182.819 3 2164 3481 66
T 182.819 5 2164 3480 66
T 182.819 6 2163 3478 66
T 182.846 8 2167 3480 66
T 182.847 7 2166 3479 66
T 182.847 1 2166 3478 66
T 182.847 4 2165 3479 66
T 182.847 2 2165 3480 66
T 182.847 3 2165 3481 66
T 182.847 5 2165 3480 66
T 182.847 6 2164 3478 66
T 182.865 8 2168 3480 66
T 182.865 7 2167 3479 66
T 182.865 1 2167 3478 66
T 182.865 4 2166 3479 66
T 182.865 2 2166 3480 66
T 182.865 3 2166 3481 66
T 182.865 5 2166 3480 66
T 182.866 6 2165 3478 66
T 182.888 8 2169 3480 66
T 182.888 7 2168 3479 66
T 182.888 1 2168 3478 66
T 182.888 4 2167 3479 66
T 182.888 2 2167 3480 66
T 182.888 3 2167 3481 66
T 182.888 5 2167 3480 66
T 182.889 6 2166 3478 66
T 182.910 8 2170 3480 66
T 182.911 7 2169 3479 66
T 182.911 1 2169 3478 66
T 182.911 4 2168 3479 66
T 182.911 2 2168 3480 66
T 182.911 3 2168 3481 66
T 182.911 5 2168 3480 66
T 182.911 6 2167 3478 66
T 182.934 8 2171 3480 66
T 182.934 7 2170 3479 66
T 182.934 1 2170 3478 66
T 182.934 4 2169 3479 66
T 182.934 2 2169 3480 66
T 182.934 3 2169 3481 66
T 182.935 5 2169 3480 66
T 182.935 6 2168 3478 66
T 182.957 8 2172 3480 66
T 182.957 7 2171 3479 66
T 182.957 1 2171 3478 66
T 182.957 4 2170 3479 66
T 182.957 2 2170 3480 66
T 182.957 3 2170 3481 66
T 182.958 5 2170 3480 66
T 182.958 6 2169 3478 66
T 182.980 8 2173 3480 66
T 182.980 7 2172 3479 66
T 182.980 1 2172 3478 66
T 182.980 4 2171 3479 66
T 182.980 2 2171 3480 66
T 182.980 3 2171 3481 66
T 182.980 5 2171 3480 66
T 182.981 6 2170 3478 66
T 183.003 8 2174 3480 66
T 183.003 7 2173 3479 66
T 183.003 1 2173 3478 66
T 183.003 4 2172 3479 66
T 183.003 2 2172 3480 66
T 183.003 3 2172 3481 66
T 183.004 5 2172 3480 66
T 183.004 6 2171 3478 66
T 183.026 8 2175 3480 66
T 183.026 7 2174 3479 66
T 183.027 1 2174 3478 66
T 183.027 4 2173 3479 66
T 183.027 2 2173 3480 66
T 183.027 3 2173 3481 66
T 183.027 5 2173 3480 66
T 183.027 6 2172 3478 66
T 183.050 8 2176 3480 66
T 183.050 7 2175 3479 66
T 183.050 1 2175 3478 66
T 183.050 4 2174 3479 66
T 183.050 2 2174 3480 66
T 183.051 3 2174 3481 66
T 183.051 5 2174 3480 66
T 183.051 6 2173 3478 66
T 183.074 8 2177 3480 66
T 183.074 7 2176 3479 66
T 183.074 1 2176 3478 66
T 183.074 4 2175 3479 66
T 183.074 2 2175 3480 66
T 183.075 3 2175 3481 66
T 183.075 5 2175 3480 66
T 183.075 6 2174 3478 66
T 183.097 8 2178 3480 66
T 183.098 7 2177 3479 66
T 183.098 1 2177 3478 66
T 183.098 4 2176 3479 66
T 183.098 2 2176 3480 66
T 183.098 3 2176 3481 66
T 183.098 5 2176 3480 66
T 183.098 6 2175 3478 66
T 183.121 7 2178 3479 66
T 183.121 1 2178 3478 66
T 183.121 4 2177 3479 66
T 183.121 2 2177 3480 66
T 183.121 3 2177 3481 66
T 183.121 5 2177 3480 66
T 183.121 6 2176 3478 66
T 183.144 4 2178 3479 66
T 183.144 2 2178 3480 66
T 183.144 3 2178 3481 66
T 183.144 5 2178 3480 66
T 183.145 6 2177 3478 66
T 183.165 6 2178 3478 66
P 183.820 5
F 183.821 5 67
P 183.821 4
F 183.821 4 67
P 183.823 6
P 183.823 7
F 183.824 6 67
F 183.824 7 67
P 183.824 8
P 183.826 1
P 183.827 2
P 183.827 3
F 183.829 8 67
F 183.829 1 67
F 183.830 2 67
F 183.830 3 67
T 184.257 5 2179 3533 67
T 184.350 5 2180 3533 67
T 184.350 7 2179 3532 67
T 184.350 1 2179 3531 67
T 184.350 4 2179 3532 67
T 184.350 6 2179 3531 67
T 184.404 5 2181 3533 67
T 184.404 7 2180 3532 67
T 184.404 1 2180 3531 67
T 184.404 4 2180 3532 67
T 184.404 6 2180 3531 67
T 184.404 8 2179 3533 67
T 184.405 2 2179 3532 67
T 184.405 3 2179 3534 67
T 184.426 5 2182 3533 67
T 184.427 7 2181 3532 67
T 184.427 1 2181 3531 67
T 184.427 4 2181 3532 67
T 184.427 6 2181 3531 67
T 184.427 8 2180 3533 67
T 184.427 2 2180 3532 67
T 184.427 3 2180 3534 67
T 184.449 5 2183 3533 67
T 184.450 7 2182 3532 67
T 184.450 1 2182 3531 67
T 184.450 4 2182 3532 67
T 184.450 6 2182 3531 67
T 184.450 8 2181 3533 67
T 184.450 2 2181 3532 67
T 184.450 3 2181 3534 67
T 184.473 5 2184 3533 67
T 184.473 7 2183 3532 67
T 184.473 1 2183 3531 67
T 184.473 4 2183 3532 67
T 184.473 6 2183 3531 67
T 184.473 8 2182 3533 67
T 184.473 2 2182 3532 67
T 184.473 3 2182 3534 67
T 184.495 5 2185 3533 67
T 184.496 7 2184 3532 67
T 184.496 1 2184 3531 67
T 184.496 4 2184 3532 67
T 184.496 6 2184 3531 67
T 184.496 8 2183 3533 67
T 184.496 2 2183 3532 67
T 184.496 3 2183 3534 67
T 184.519 5 2186 3533 67
T 184.519 7 2185 3532 67
T 184.519 1 2185 3531 67
T 184.519 4 2185 3532 67
T 184.519 6 2185 3531 67
T 184.520 8 2184 3533 67
T 184.520 2 2184 3532 67
T 184.520 3 2184 3534 67
T 184.542 5 2187 3533 67
T 184.542 7 2186 3532 67
T 184.542 1 2186 3531 67
T 184.542 4 2186 3532 67
T 184.542 6 2186 3531 67
T 184.542 8 2185 3533 67
T 184.543 2 2185 3532 67
T 184.543 3 2185 3534 67
T 184.565 5 2188 3533 67
T 184.565 7 2187 3532 67
T 184.565 1 2187 3531 67
T 184.565 4 2187 3532 67
T 184.565 6 2187 3531 67
T 184.566 8 2186 3533 67
T 184.566 2 2186 3532 67
T 184.566 3 2186 3534 67
T 184.588 5 2189 3533 67
T 184.588 7 2188 3532 67
T 184.588 1 2188 3531 67
T 184.589 4 2188 3532 67
T 184.589 6 2188 3531 67
T 184.589 8 2187 3533 67
T 184.589 2 2187 3532 67
T 184.589 3 2187 3534 67
T 184.611 5 2190 3533 67
T 184.611 7 2189 3532 67
T 184.611 1 2189 3531 67
T 184.611 4 2189 3532 67
T 184.611 6 2189 3531 67
T 184.611 8 2188 3533 67
T 184.612 2 2188 3532 67
T 184.612 3 2188 3534 67
T 184.634 5 2191 3533 67
T 184.634 7 2190 3532 67
T 184.634 1 2190 3531 67
T 184.634 4 2190 3532 67
T 184.635 6 2190 3531 67
T 184.635 8 2189 3533 67
T 184.635 2 2189 3532 67
T 184.635 3 2189 3534 67
T 184.657 5 2192 3533 67
T 184.657 7 2191 3532 67
T 184.658 1 2191 3531 67
T 184.658 4 2191 3532 67
T 184.658 6 2191 3531 67
T 184.658 8 2190 3533 67
T 184.658 2 2190 3532 67
T 184.658 3 2190 3534 67
T 184.680 5 2193 3533 67
T 184.680 7 2192 3532 67
T 184.681 1 2192 3531 67
T 184.681 4 2192 3532 67
T 184.681 6 2192 3531 67
T 184.681 8 2191 3533 67
T 184.681 2 2191 3532 67
T 184.681 3 2191 3534 67
T 184.703 5 2194 3533 67
T 184.703 7 2193 3532 67
T 184.703 1 2193 3531 67
T 184.704 4 2193 3532 67
T 184.704 6 2193 3531 67
T 184.704 8 2192 3533 67
T 184.704 2 2192 3532 67
T 184.704 3 2192 3534 67
T 184.726 5 2195 3533 67
T 184.727 7 2194 3532 67
T 184.727 1 2194 3531 67
T 184.727 4 2194 3532 67
T 184.727 6 2194 3531 67
T 184.727 8 2193 3533 67
T 184.727 2 2193 3532 67
T 184.727 3 2193 3534 67
T 184.749 5 2196 3533 67
T 184.750 7 2195 3532 67
T 184.750 1 2195 3531 67
T 184.750 4 2195 3532 67
T 184.750 6 2195 3531 67
T 184.750 8 2194 3533 67
T 184.750 2 2194 3532 67
T 184.750 3 2194 3534 67
T 184.772 5 2197 3533 67
T 184.773 7 2196 3532 67
T 184.773 1 2196 3531 67
T 184.773 4 2196 3532 67
T 184.773 6 2196 3531 67
T 184.773 8 2195 3533 67
T 184.773 2 2195 3532 67
T 184.773 3 2195 3534 67
T 184.795 5 2198 3533 67
T 184.796 7 2197 3532 67
T 184.796 1 2197 3531 67
T 184.796 4 2197 3532 67
T 184.796 6 2197 3531 67
T 184.796 8 2196 3533 67
T 184.796 2 2196 3532 67
T 184.796 3 2196 3534 67
T 184.819 5 2199 3533 67
T 184.819 7 2198 3532 67
T 184.819 1 2198 3531 67
T 184.819 4 2198 3532 67
T 184.819 6 2198 3531 67
T 184.819 8 2197 3533 67
T 184.820 2 2197 3532 67
T 184.820 3 2197 3534 67
T 184.842 5 2200 3533 67
T 184.842 7 2199 3532 67
T 184.842 1 2199 3531 67
T 184.842 4 2199 3532 67
T 184.842 6 2199 3531 67
T 184.843 8 2198 3533 67
T 184.843 2 2198 3532 67
T 184.843 3 2198 3534 67
T 184.865 5 2201 3533 67
T 184.865 7 2200 3532 67
T 184.865 1 2200 3531 67
T 184.865 4 2200 3532 67
T 184.865 6 2200 3531 67
T 184.865 8 2199 3533 67
T 184.866 2 2199 3532 67
T 184.866 3 2199 3534 67
T 184.888 5 2202 3533 67
T 184.888 7 2201 3532 67
T 184.888 1 2201 3531 67
T 184.888 4 2201 3532 67
T 184.888 6 2201 3531 67
T 184.888 8 2200 3533 67
T 184.888 2 2200 3532 67
T 184.889 3 2200 3534 67
T 184.911 5 2203 3533 67
T 184.911 7 2202 3532 67
T 184.911 1 2202 3531 67
T 184.911 4 2202 3532 67
T 184.912 6 2202 3531 67
T 184.912 8 2201 3533 67
T 184.912 2 2201 3532 67
T 184.912 3 2201 3534 67
T 184.934 5 2204 3533 67
T 184.934 7 2203 3532 67
T 184.934 1 2203 3531 67
T 184.935 4 2203 3532 67
T 184.935 6 2203 3531 67
T 184.935 8 2202 3533 67
T 184.935 2 2202 3532 67
T 184.935 3 2202 3534 67
T 184.957 5 2205 3533 67
T 184.957 7 2204 3532 67
T 184.957 1 2204 3531 67
T 184.958 4 2204 3532 67
T 184.958 6 2204 3531 67
T 184.958 8 2203 3533 67
T 184.958 2 2203 3532 67
T 184.958 3 2203 3534 67
T 184.980 5 2206 3533 67
T 184.980 7 2205 3532 67
T 184.981 1 2205 3531 67
T 184.981 4 2205 3532 67
T 184.981 6 2205 3531 67
T 184.981 8 2204 3533 67
T 184.981 2 2204 3532 67
T 184.981 3 2204 3534 67
T 185.003 5 2207 3533 67
T 185.003 7 2206 3532 67
T 185.004 1 2206 3531 67
T 185.004 4 2206 3532 67
T 185.004 6 2206 3531 67
T 185.004 8 2205 3533 67
T 185.004 2 2205 3532 67
T 185.004 3 2205 3534 67
T 185.027 5 2208 3533 67
T 185.027 7 2207 3532 67
T 185.027 1 2207 3531 67
T 185.027 4 2207 3532 67
T 185.027 6 2207 3531 67
T 185.027 8 2206 3533 67
T 185.027 2 2206 3532 67
T 185.027 3 2206 3534 67
T 185.050 5 2209 3533 67
T 185.050 7 2208 3532 67
T 185.050 1 2208 3531 67
T 185.051 4 2208 3532 67
T 185.051 6 2208 3531 67
T 185.051 8 2207 3533 67
T 185.051 2 2207 3532 67
T 185.051 3 2207 3534 67
T 185.074 5 2210 3533 67
T 185.074 7 2209 3532 67
T 185.074 1 2209 3531 67
T 185.075 4 2209 3532 67
T 185.075 6 2209 3531 67
T 185.075 8 2208 3533 67
T 185.075 2 2208 3532 67
T 185.075 3 2208 3534 67
T 185.098 5 2211 3533 67
T 185.098 7 2210 3532 67
T 185.098 1 2210 3531 67
T 185.098 4 2210 3532 67
T 185.098 6 2210 3531 67
T 185.098 8 2209 3533 67
T 185.098 2 2209 3532 67
T 185.099 3 2209 3534 67
T 185.121 7 2211 3532 67
T 185.121 1 2211 3531 67
T 185.121 4 2211 3532 67
T 185.122 6 2211 3531 67
T 185.122 8 2210 3533 67
T 185.122 2 2210 3532 67
T 185.122 3 2210 3534 67
T 185.143 8 2211 3533 67
T 185.143 2 2211 3532 67
T 185.143 3 2211 3534 67
P 185.820 7
F 185.821 7 68
P 185.821 8
F 185.822 8 68
P 185.822 1
P 185.824 2
P 185.824 3
P 185.824 5
F 185.824 1 68
P 185.824 4
F 185.824 2 68
P 185.825 6
F 185.826 3 68
F 185.828 5 68
F 185.829 4 68
F 185.829 6 68
T 186.304 7 2212 3585 68
T 186.394 7 2213 3585 68
T 186.394 5 2212 3586 68
T 186.394 1 2212 3584 68
T 186.394 3 2212 3587 68
T 186.449 7 2214 3585 68
T 186.449 5 2213 3586 68
T 186.449 1 2213 3584 68
T 186.450 3 2213 3587 68
T 186.450 4 2212 3585 68
T 186.450 6 2212 3584 68
T 186.450 8 2212 3586 68
T 186.450 2 2212 3585 68
T 186.471 7 2215 3585 68
T 186.471 5 2214 3586 68
T 186.472 1 2214 3584 68
T 186.472 3 2214 3587 68
T 186.472 4 2213 3585 68
T 186.472 6 2213 3584 68
T 186.472 8 2213 3586 68
T 186.472 2 2213 3585 68
T 186.495 7 2216 3585 68
T 186.495 5 2215 3586 68
T 186.495 1 2215 3584 68
T 186.495 3 2215 3587 68
T 186.495 4 2214 3585 68
T 186.495 6 2214 3584 68
T 186.496 8 2214 3586 68
T 186.496 2 2214 3585 68
T 186.518 7 2217 3585 68
T 186.518 5 2216 3586 68
T 186.518 1 2216 3584 68
T 186.518 3 2216 3587 68
T 186.518 4 2215 3585 68
T 186.518 6 2215 3584 68
T 186.519 8 2215 3586 68
T 186.519 2 2215 3585 68
T 186.541 7 2218 3585 68
T 186.541 5 2217 3586 68
T 186.541 1 2217 3584 68
T 186.541 3 2217 3587 68
T 186.541 4 2216 3585 68
T 186.541 6 2216 3584 68
T 186.542 8 2216 3586 68
T 186.542 2 2216 3585 68
T 186.564 7 2219 3585 68
T 186.564 5 2218 3586 68
T 186.564 1 2218 3584 68
T 186.564 3 2218 3587 68
T 186.564 4 2217 3585 68
T 186.565 6 2217 3584 68
T 186.565 8 2217 3586 68
T 186.565 2 2217 3585 68
T 186.587 7 2220 3585 68
T 186.587 5 2219 3586 68
T 186.587 1 2219 3584 68
T 186.587 3 2219 3587 68
T 186.587 4 2218 3585 68
T 186.587 6 2218 3584 68
T 186.587 8 2218 3586 68
T 186.587 2 2218 3585 68
T 186.610 7 2221 3585 68
T 186.610 5 2220 3586 68
T 186.610 1 2220 3584 68
T 186.610 3 2220 3587 68
T 186.610 4 2219 3585 68
T 186.610 6 2219 3584 68
T 186.610 8 2219 3586 68
T 186.610 2 2219 3585 68
T 186.633 7 2222 3585 68
T 186.633 5 2221 3586 68
T 186.633 1 2221 3584 68
T 186.633 3 2221 3587 68
T 186.633 4 2220 3585 68
T 186.633 6 2220 3584 68
T 186.633 8 2220 3586 68
T 186.634 2 2220 3585 68
T 186.656 7 2223 3585 68
T 186.656 5 2222 3586 68
T 186.656 1 2222 3584 68
T 186.656 3 2222 3587 68
T 186.656 4 2221 3585 68
T 186.656 6 2221 3584 68
T 186.656 8 2221 3586 68
T 186.657 2 2221 3585 68
T 186.679 7 2224 3585 68
T 186.679 5 2223 3586 68
T 186.679 1 2223 3584 68
T 186.680 3 2223 3587 68
T 186.680 4 2222 3585 68
T 186.680 6 2222 3584 68
T 186.680 8 2222 3586 68
T 186.680 2 2222 3585 68
T 186.702 7 2225 3585 68
T 186.702 5 2224 3586 68
T 186.703 1 2224 3584 68
T 186.703 3 2224 3587 68
T 186.703 4 2223 3585 68
T 186.703 6 2223 3584 68
T 186.703 8 2223 3586 68
T 186.703 2 2223 3585 68
T 186.725 7 2226 3585 68
T 186.725 5 2225 3586 68
T 186.725 1 2225 3584 68
T 186.725 3 2225 3587 68
T 186.726 4 2224 3585 68
T 186.726 6 2224 3584 68
T 186.726 8 2224 3586 68
T 186.726 2 2224 3585 68
T 186.748 7 2227 3585 68
T 186.748 5 2226 3586 68
T 186.748 1 2226 3584 68
T 186.749 3 2226 3587 68
T 186.749 4 2225 3585 68
T 186.749 6 2225 3584 68
T 186.749 8 2225 3586 68
T 186.749 2 2225 3585 68
T 186.771 7 2228 3585 68
T 186.771 5 2227 3586 68
T 186.772 1 2227 3584 68
T 186.772 3 2227 3587 68
T 186.772 4 2226 3585 68
T 186.772 6 2226 3584 68
T 186.772 8 2226 3586 68
T 186.772 2 2226 3585 68
T 186.794 7 2229 3585 68
T 186.794 5 2228 3586 68
T 186.794 1 2228 3584 68
T 186.795 3 2228 3587 68
T 186.795 4 2227 3585 68
T 186.795 6 2227 3584 68
T 186.795 8 2227 3586 68
T 186.795 2 2227 3585 68
T 186.817 7 2230 3585 68
T 186.818 5 2229 3586 68
T 186.818 1 2229 3584 68
T 186.818 3 2229 3587 68
T 186.818 4 2228 3585 68
T 186.818 6 2228 3584 68
T 186.818 8 2228 3586 68
T 186.818 2 2228 3585 68
T 186.841 7 2231 3585 68
T 186.841 5 2230 3586 68
T 186.841 1 2230 3584 68
T 186.841 3 2230 3587 68
T 186.841 4 2229 3585 68
T 186.841 6 2229 3584 68
T 186.841 8 2229 3586 68
T 186.842 2 2229 3585 68
T 186.864 7 2232 3585 68
T 186.864 5 2231 3586 68
T 186.864 1 2231 3584 68
T 186.864 3 2231 3587 68
T 186.864 4 2230 3585 68
T 186.864 6 2230 3584 68
T 186.864 8 2230 3586 68
T 186.864 2 2230 3585 68
T 186.887 7 2233 3585 68
T 186.887 5 2232 3586 68
T 186.887 1 2232 3584 68
T 186.887 3 2232 3587 68
T 186.888 4 2231 3585 68
T 186.888 6 2231 3584 68
T 186.888 8 2231 3586 68
T 186.888 2 2231 3585 68
T 186.910 7 2234 3585 68
T 186.910 5 2233 3586 68
T 186.910 1 2233 3584 68
T 186.910 3 2233 3587 68
T 186.910 4 2232 3585 68
T 186.911 6 2232 3584 68
T 186.911 8 2232 3586 68
T 186.911 2 2232 3585 68
T 186.933 7 2235 3585 68
T 186.933 5 2234 3586 68
T 186.936 1 2234 3584 68
T 186.936 3 2234 3587 68
T 186.937 4 2233 3585 68
T 186.937 6 2233 3584 68
T 186.937 8 2233 3586 68
T 186.937 2 2233 3585 68
T 186.957 7 2236 3585 68
T 186.957 5 2235 3586 68
T 186.957 1 2235 3584 68
T 186.957 3 2235 3587 68
T 186.957 4 2234 3585 68
T 186.957 6 2234 3584 68
T 186.957 8 2234 3586 68
T 186.958 2 2234 3585 68
T 186.979 7 2237 3585 68
T 186.980 5 2236 3586 68
T 186.980 1 2236 3584 68
T 186.980 3 2236 3587 68
T 186.980 4 2235 3585 68
T 186.980 6 2235 3584 68
T 186.980 8 2235 3586 68
T 186.980 2 2235 3585 68
T 187.003 7 2238 3585 68
T 187.003 5 2237 3586 68
T 187.003 1 2237 3584 68
T 187.003 3 2237 3587 68
T 187.003 4 2236 3585 68
T 187.003 6 2236 3584 68
T 187.003 8 2236 3586 68
T 187.004 2 2236 3585 68
T 187.025 7 2239 3585 68
T 187.026 5 2238 3586 68
T 187.026 1 2238 3584 68
T 187.026 3 2238 3587 68
T 187.026 4 2237 3585 68
T 187.026 6 2237 3584 68
T 187.026 8 2237 3586 68
T 187.026 2 2237 3585 68
T 187.048 7 2240 3585 68
T 187.049 5 2239 3586 68
T 187.049 1 2239 3584 68
T 187.049 3 2239 3587 68
T 187.049 4 2238 3585 68
T 187.049 6 2238 3584 68
T 187.049 8 2238 3586 68
T 187.049 2 2238 3585 68
T 187.072 7 2241 3585 68
T 187.072 5 2240 3586 68
T 187.072 1 2240 3584 68
T 187.073 3 2240 3587 68
T 187.073 4 2239 3585 68
T 187.073 6 2239 3584 68
T 187.073 8 2239 3586 68
T 187.073 2 2239 3585 68
T 187.096 7 2242 3585 68
T 187.096 5 2241 3586 68
T 187.096 1 2241 3584 68
T 187.096 3 2241 3587 68
T 187.096 4 2240 3585 68
T 187.097 6 2240 3584 68
T 187.097 8 2240 3586 68
T 187.097 2 2240 3585 68
T 187.120 7 2243 3585 68
T 187.120 5 2242 3586 68
T 187.120 1 2242 3584 68
T 187.120 3 2242 3587 68
T 187.120 4 2241 3585 68
T 187.120 6 2241 3584 68
T 187.120 8 2241 3586 68
T 187.121 2 2241 3585 68
T 187.143 7 2244 3585 68
T 187.143 5 2243 3586 68
T 187.144 1 2243 3584 68
T 187.144 3 2243 3587 68
T 187.144 4 2242 3585 68
T 187.144 6 2242 3584 68
T 187.144 8 2242 3586 68
T 187.144 2 2242 3585 68
T 187.167 5 2244 3586 68
T 187.167 1 2244 3584 68
T 187.167 3 2244 3587 68
T 187.167 4 2243 3585 68
T 187.167 6 2243 3584 68
T 187.168 8 2243 3586 68
T 187.168 2 2243 3585 68
T 187.189 4 2244 3585 68
T 187.189 6 2244 3584 68
T 187.189 8 2244 3586 68
T 187.189 2 2244 3585 68
P 187.821 3
P 187.821 5
F 187.822 3 69
P 187.822 4
F 187.822 5 69
P 187.822 6
F 187.823 4 69
P 187.823 7
F 187.825 6 69
P 187.827 8
F 187.829 7 69
P 187.829 1
F 187.830 8 69
P 187.830 2
F 187.830 1 69
F 187.833 2 69
T 188.286 3 2245 3640 69
T 188.378 3 2246 3640 69
T 188.379 5 2245 3639 69
T 188.379 1 2245 3637 69
T 188.379 4 2245 3638 69
T 188.379 8 2245 3639 69
T 188.433 3 2247 3640 69
T 188.433 5 2246 3639 69
T 188.433 1 2246 3637 69
T 188.433 4 2246 3638 69
T 188.433 8 2246 3639 69
T 188.434 7 2245 3638 69
T 188.434 6 2245 3637 69
T 188.434 2 2245 3638 69
T 188.455 3 2248 3640 69
T 188.455 5 2247 3639 69
T 188.456 1 2247 3637 69
T 188.456 4 2247 3638 69
T 188.456 8 2247 3639 69
T 188.456 7 2246 3638 69
T 188.456 6 2246 3637 69
T 188.456 2 2246 3638 69
T 188.478 3 2249 3640 69
T 188.479 5 2248 3639 69
T 188.479 1 2248 3637 69
T 188.479 4 2248 3638 69
T 188.479 8 2248 3639 69
T 188.479 7 2247 3638 69
T 188.479 6 2247 3637 69
T 188.479 2 2247 3638 69
T 188.502 3 2250 3640 69
T 188.502 5 2249 3639 69
T 188.502 1 2249 3637 69
T 188.502 4 2249 3638 69
T 188.502 8 2249 3639 69
T 188.502 7 2248 3638 69
T 188.502 6 2248 3637 69
T 188.502 2 2248 3638 69
T 188.525 3 2251 3640 69
T 188.525 5 2250 3639 69
T 188.525 1 2250 3637 69
T 188.525 4 2250 3638 69
T 188.526 8 2250 3639 69
T 188.526 7 2249 3638 69
T 188.526 6 2249 3637 69
T 188.526 2 2249 3638 69
T 188.549 3 2252 3640 69
T 188.549 5 2251 3639 69
T 188.549 1 2251 3637 69
T 188.549 4 2251 3638 69
T 188.549 8 2251 3639 69
T 188.549 7 2250 3638 69
T 188.549 6 2250 3637 69
T 188.549 2 2250 3638 69
T 188.572 3 2253 3640 69
T 188.572 5 2252 3639 69
T 188.572 1 2252 3637 69
T 188.572 4 2252 3638 69
T 188.572 8 2252 3639 69
T 188.573 7 2251 3638 69
T 188.573 6 2251 3637 69
T 188.573 2 2251 3638 69
T 188.595 3 2254 3640 69
T 188.596 5 2253 3639 69
T 188.596 1 2253 3637 69
T 188.596 4 2253 3638 69
T 188.596 8 2253 3639 69
T 188.596 7 2252 3638 69
T 188.596 6 2252 3637 69
T 188.596 2 2252 3638 69
T 188.619 3 2255 3640 69
T 188.619 5 2254 3639 69
T 188.619 1 2254 3637 69
T 188.619 4 2254 3638 69
T 188.619 8 2254 3639 69
T 188.619 7 2253 3638 69
T 188.619 6 2253 3637 69
T 188.620 2 2253 3638 69
T 188.642 3 2256 3640 69
T 188.642 5 2255 3639 69
T 188.642 1 2255 3637 69
T 188.642 4 2255 3638 69
T 188.643 8 2255 3639 69
T 188.643 7 2254 3638 69
T 188.643 6 2254 3637 69
T 188.643 2 2254 3638 69
T 188.665 3 2257 3640 69
T 188.665 5 2256 3639 69
T 188.666 1 2256 3637 69
T 188.666 4 2256 3638 69
T 188.666 8 2256 3639 69
T 188.666 7 2255 3638 69
T 188.666 6 2255 3637 69
T 188.666 2 2255 3638 69
T 188.689 3 2258 3640 69
T 188.689 5 2257 3639 69
T 188.689 1 2257 3637 69
T 188.689 4 2257 3638 69
T 188.689 8 2257 3639 69
T 188.689 7 2256 3638 69
T 188.689 6 2256 3637 69
T 188.690 2 2256 3638 69
T 188.712 3 2259 3640 69
T 188.712 5 2258 3639 69
T 188.712 1 2258 3637 69
T 188.712 4 2258 3638 69
T 188.713 8 2258 3639 69
T 188.713 7 2257 3638 69
T 188.713 6 2257 3637 69
T 188.713 2 2257 3638 69
T 188.735 3 2260 3640 69
T 188.735 5 2259 3639 69
T 188.736 1 2259 3637 69
T 188.736 4 2259 3638 69
T 188.736 8 2259 3639 69
T 188.736 7 2258 3638 69
T 188.736 6 2258 3637 69
T 188.736 2 2258 3638 69
T 188.759 3 2261 3640 69
T 188.759 5 2260 3639 69
T 188.759 1 2260 3637 69
T 188.759 4 2260 3638 69
T 188.759 8 2260 3639 69
T 188.759 7 2259 3638 69
T 188.759 6 2259 3637 69
T 188.760 2 2259 3638 69
T 188.782 3 2262 3640 69
T 188.782 5 2261 3639 69
T 188.782 1 2261 3637 69
T 188.783 4 2261 3638 69
T 188.783 8 2261 3639 69
T 188.783 7 2260 3638 69
T 188.783 6 2260 3637 69
T 188.783 2 2260 3638 69
T 188.806 3 2263 3640 69
T 188.806 5 2262 3639 69
T 188.806 1 2262 3637 69
T 188.806 4 2262 3638 69
T 188.806 8 2262 3639 69
T 188.806 7 2261 3638 69
T 188.806 6 2261 3637 69
T 188.806 2 2261 3638 69
T 188.829 3 2264 3640 69
T 188.829 5 2263 3639 69
T 188.829 1 2263 3637 69
T 188.829 4 2263 3638 69
T 188.829 8 2263 3639 69
T 188.830 7 2262 3638 69
T 188.830 6 2262 3637 69
T 188.830 2 2262 3638 69
T 188.852 3 2265 3640 69
T 188.852 5 2264 3639 69
T 188.852 1 2264 3637 69
T 188.852 4 2264 3638 69
T 188.853 8 2264 3639 69
T 188.853 7 2263 3638 69
T 188.853 6 2263 3637 69
T 188.853 2 2263 3638 69
T 188.876 3 2266 3640 69
T 188.876 5 2265 3639 69
T 188.876 1 2265 3637 69
T 188.876 4 2265 3638 69
T 188.876 8 2265 3639 69
T 188.876 7 2264 3638 69
T 188.876 6 2264 3637 69
T 188.876 2 2264 3638 69
T 188.899 3 2267 3640 69
T 188.900 5 2266 3639 69
T 188.900 1 2266 3637 69
T 188.900 4 2266 3638 69
T 188.900 8 2266 3639 69
T 188.900 7 2265 3638 69
T 188.900 6 2265 3637 69
T 188.900 2 2265 3638 69
T 188.922 3 2268 3640 69
T 188.923 5 2267 3639 69
T 188.923 1 2267 3637 69
T 188.923 4 2267 3638 69
T 188.923 8 2267 3639 69
T 188.923 7 2266 3638 69
T 188.923 6 2266 3637 69
T 188.923 2 2266 3638 69
T 188.946 3 2269 3640 69
T 188.946 5 2268 3639 69
T 188.946 1 2268 3637 69
T 188.946 4 2268 3638 69
T 188.946 8 2268 3639 69
T 188.946 7 2267 3638 69
T 188.947 6 2267 3637 69
T 188.947 2 2267 3638 69
T 188.969 3 2270 3640 69
T 188.969 5 2269 3639 69
T 188.970 1 2269 3637 69
T 188.970 4 2269 3638 69
T 188.970 8 2269 3639 69
T 188.970 7 2268 3638 69
T 188.970 6 2268 3637 69
T 188.970 2 2268 3638 69
T 188.993 3 2271 3640 69
T 188.993 5 2270 3639 69
T 188.993 1 2270 3637 69
T 188.993 4 2270 3638 69
T 188.993 8 2270 3639 69
T 188.993 7 2269 3638 69
T 188.993 6 2269 3637 69
T 188.993 2 2269 3638 69
T 189.016 3 2272 3640 69
T 189.016 5 2271 3639 69
T 189.016 1 2271 3637 69
T 189.016 4 2271 3638 69
T 189.017 8 2271 3639 69
T 189.017 7 2270 3638 69
T 189.017 6 2270 3637 69
T 189.017 2 2270 3638 69
T 189.039 3 2273 3640 69
T 189.040 5 2272 3639 69
T 189.040 1 2272 3637 69
T 189.040 4 2272 3638 69
T 189.040 8 2272 3639 69
T 189.040 7 2271 3638 69
T 189.040 6 2271 3637 69
T 189.040 2 2271 3638 69
T 189.063 3 2274 3640 69
T 189.063 5 2273 3639 69
T 189.063 1 2273 3637 69
T 189.063 4 2273 3638 69
T 189.064 8 2273 3639 69
T 189.064 7 2272 3638 69
T 189.064 6 2272 3637 69
T 189.064 2 2272 3638 69
T 189.087 3 2275 3640 69
T 189.087 5 2274 3639 69
T 189.087 1 2274 3637 69
T 189.087 4 2274 3638 69
T 189.087 8 2274 3639 69
T 189.088 7 2273 3638 69
T 189.088 6 2273 3637 69
T 189.088 2 2273 3638 69
T 189.111 3 2276 3640 69
T 189.111 5 2275 3639 69
T 189.111 1 2275 3637 69
T 189.111 4 2275 3638 69
T 189.111 8 2275 3639 69
T 189.112 7 2274 3638 69
T 189.112 6 2274 3637 69
T 189.112 2 2274 3638 69
T 189.135 3 2277 3640 69
T 189.135 5 2276 3639 69
T 189.135 1 2276 3637 69
T 189.135 4 2276 3638 69
T 189.136 8 2276 3639 69
T 189.136 7 2275 3638 69
T 189.136 6 2275 3637 69
T 189.136 2 2275 3638 69
T 189.159 5 2277 3639 69
T 189.159 1 2277 3637 69
T 189.160 4 2277 3638 69
T 189.160 8 2277 3639 69
T 189.160 7 2276 3638 69
T 189.160 6 2276 3637 69
T 189.160 2 2276 3638 69
T 189.181 7 2277 3638 69
T 189.181 6 2277 3637 69
T 189.181 2 2277 3638 69
P 189.822 5
F 189.823 5 70
P 189.823 4
F 189.825 4 70
P 189.825 6
F 189.827 6 70
P 189.827 7
F 189.827 7 70
P 189.828 8
F 189.829 8 70
P 189.830 1
P 189.832 2
P 189.832 3
F 189.834 1 70
F 189.835 2 70
F 189.836 3 70
T 190.255 5 2278 3692 70
T 190.328 5 2279 3692 70
T 190.328 8 2278 3692 70
T 190.422 5 2280 3692 70
T 190.422 8 2279 3692 70
T 190.423 3 2278 3693 70
T 190.423 1 2278 3690 70
T 190.423 4 2278 3691 70
T 190.423 7 2278 3691 70
T 190.423 6 2278 3690 70
T 190.423 2 2278 3691 70
T 190.445 5 2281 3692 70
T 190.446 8 2280 3692 70
T 190.446 3 2279 3693 70
T 190.446 1 2279 3690 70
T 190.446 4 2279 3691 70
T 190.446 7 2279 3691 70
T 190.446 6 2279 3690 70
T 190.446 2 2279 3691 70
T 190.468 5 2282 3692 70
T 190.468 8 2281 3692 70
T 190.468 3 2280 3693 70
T 190.468 1 2280 3690 70
T 190.468 4 2280 3691 70
T 190.468 7 2280 3691 70
T 190.469 6 2280 3690 70
T 190.469 2 2280 3691 70
T 190.491 5 2283 3692 70
T 190.491 8 2282 3692 70
T 190.491 3 2281 3693 70
T 190.491 1 2281 3690 70
T 190.491 4 2281 3691 70
T 190.491 7 2281 3691 70
T 190.491 6 2281 3690 70
T 190.491 2 2281 3691 70
T 190.514 5 2284 3692 70
T 190.514 8 2283 3692 70
T 190.514 3 2282 3693 70
T 190.514 1 2282 3690 70
T 190.514 4 2282 3691 70
T 190.514 7 2282 3691 70
T 190.515 6 2282 3690 70
T 190.515 2 2282 3691 70
T 190.537 5 2285 3692 70
T 190.537 8 2284 3692 70
T 190.537 3 2283 3693 70
T 190.537 1 2283 3690 70
T 190.538 4 2283 3691 70
T 190.538 7 2283 3691 70
T 190.538 6 2283 3690 70
T 190.538 2 2283 3691 70
T 190.560 5 2286 3692 70
T 190.561 8 2285 3692 70
T 190.561 3 2284 3693 70
T 190.561 1 2284 3690 70
T 190.561 4 2284 3691 70
T 190.561 7 2284 3691 70
T 190.561 6 2284 3690 70
T 190.561 2 2284 3691 70
T 190.584 5 2287 3692 70
T 190.584 8 2286 3692 70
T 190.584 3 2285 3693 70
T 190.584 1 2285 3690 70
T 190.584 4 2285 3691 70
T 190.584 7 2285 3691 70
T 190.585 6 2285 3690 70
T 190.585 2 2285 3691 70
T 190.607 5 2288 3692 70
T 190.607 8 2287 3692 70
T 190.607 3 2286 3693 70
T 190.607 1 2286 3690 70
T 190.608 4 2286 3691 70
T 190.608 7 2286 3691 70
T 190.608 6 2286 3690 70
T 190.608 2 2286 3691 70
T 190.630 5 2289 3692 70
T 190.630 8 2288 3692 70
T 190.630 3 2287 3693 70
T 190.631 1 2287 3690 70
T 190.631 4 2287 3691 70
T 190.631 7 2287 3691 70
T 190.631 6 2287 3690 70
T 190.631 2 2287 3691 70
T 190.654 5 2290 3692 70
T 190.654 8 2289 3692 70
T 190.654 3 2288 3693 70
T 190.654 1 2288 3690 70
T 190.654 4 2288 3691 70
T 190.654 7 2288 3691 70
T 190.654 6 2288 3690 70
T 190.654 2 2288 3691 70
T 190.677 5 2291 3692 70
T 190.677 8 2290 3692 70
T 190.677 3 2289 3693 70
T 190.677 1 2289 3690 70
T 190.677 4 2289 3691 70
T 190.678 7 2289 3691 70
T 190.678 6 2289 3690 70
T 190.678 2 2289 3691 70
T 190.700 5 2292 3692 70
T 190.700 8 2291 3692 70
T 190.701 3 2290 3693 70
T 190.701 1 2290 3690 70
T 190.701 4 2290 3691 70
T 190.701 7 2290 3691 70
T 190.701 6 2290 3690 70
T 190.701 2 2290 3691 70
T 190.724 5 2293 3692 70
T 190.724 8 2292 3692 70
T 190.724 3 2291 3693 70
T 190.724 1 2291 3690 70
T 190.724 4 2291 3691 70
T 190.724 7 2291 3691 70
T 190.724 6 2291 3690 70
T 190.724 2 2291 3691 70
T 190.747 5 2294 3692 70
T 190.747 8 2293 3692 70
T 190.747 3 2292 3693 70
T 190.747 1 2292 3690 70
T 190.747 4 2292 3691 70
T 190.748 7 2292 3691 70
T 190.748 6 2292 3690 70
T 190.748 2 2292 3691 70
T 190.770 5 2295 3692 70
T 190.770 8 2294 3692 70
T 190.771 3 2293 3693 70
T 190.771 1 2293 3690 70
T 190.771 4 2293 3691 70
T 190.771 7 2293 3691 70
T 190.771 6 2293 3690 70
T 190.771 2 2293 3691 70
T 190.794 5 2296 3692 70
T 190.794 8 2295 3692 70
T 190.794 3 2294 3693 70
T 190.794 1 2294 3690 70
T 190.794 4 2294 3691 70
T 190.794 7 2294 3691 70
T 190.795 6 2294 3690 70
T 190.795 2 2294 3691 70
T 190.817 5 2297 3692 70
T 190.817 8 2296 3692 70
T 190.817 3 2295 3693 70
T 190.817 1 2295 3690 70
T 190.818 4 2295 3691 70
T 190.818 7 2295 3691 70
T 190.818 6 2295 3690 70
T 190.818 2 2295 3691 70
T 190.841 5 2298 3692 70
T 190.841 8 2297 3692 70
T 190.841 3 2296 3693 70
T 190.841 1 2296 3690 70
T 190.841 4 2296 3691 70
T 190.841 7 2296 3691 70
T 190.841 6 2296 3690 70
T 190.842 2 2296 3691 70
T 190.864 5 2299 3692 70
T 190.864 8 2298 3692 70
T 190.864 3 2297 3693 70
T 190.864 1 2297 3690 70
T 190.864 4 2297 3691 70
T 190.864 7 2297 3691 70
T 190.865 6 2297 3690 70
T 190.865 2 2297 3691 70
T 190.887 5 2300 3692 70
T 190.888 8 2299 3692 70
T 190.888 3 2298 3693 70
T 190.888 1 2298 3690 70
T 190.888 4 2298 3691 70
T 190.888 7 2298 3691 70
T 190.888 6 2298 3690 70
T 190.888 2 2298 3691 70
T 190.910 5 2301 3692 70
T 190.911 8 2300 3692 70
T 190.911 3 2299 3693 70
T 190.911 1 2299 3690 70
T 190.911 4 2299 3691 70
T 190.911 7 2299 3691 70
T 190.911 6 2299 3690 70
T 190.911 2 2299 3691 70
T 190.934 5 2302 3692 70
T 190.934 8 2301 3692 70
T 190.934 3 2300 3693 70
T 190.934 1 2300 3690 70
T 190.934 4 2300 3691 70
T 190.934 7 2300 3691 70
T 190.935 6 2300 3690 70
T 190.935 2 2300 3691 70
T 190.957 5 2303 3692 70
T 190.957 8 2302 3692 70
T 190.958 3 2301 3693 70
T 190.958 1 2301 3690 70
T 190.958 4 2301 3691 70
T 190.958 7 2301 3691 70
T 190.958 6 2301 3690 70
T 190.958 2 2301 3691 70
T 190.981 5 2304 3692 70
T 190.981 8 2303 3692 70
T 190.981 3 2302 3693 70
T 190.981 1 2302 3690 70
T 190.981 4 2302 3691 70
T 190.981 7 2302 3691 70
T 190.981 6 2302 3690 70
T 190.981 2 2302 3691 70
T 191.004 5 2305 3692 70
T 191.004 8 2304 3692 70
T 191.004 3 2303 3693 70
T 191.004 1 2303 3690 70
T 191.004 4 2303 3691 70
T 191.005 7 2303 3691 70
T 191.005 6 2303 3690 70
T 191.005 2 2303 3691 70
T 191.027 5 2306 3692 70
T 191.028 8 2305 3692 70
T 191.028 3 2304 3693 70
T 191.028 1 2304 3690 70
T 191.028 4 2304 3691 70
T 191.028 7 2304 3691 70
T 191.028 6 2304 3690 70
T 191.028 2 2304 3691 70
T 191.051 5 2307 3692 70
T 191.051 8 2306 3692 70
T 191.051 3 2305 3693 70
T 191.051 1 2305 3690 70
T 191.051 4 2305 3691 70
T 191.052 7 2305 3691 70
T 191.052 6 2305 3690 70
T 191.052 2 2305 3691 70
T 191.075 5 2308 3692 70
T 191.075 8 2307 3692 70
T 191.075 3 2306 3693 70
T 191.075 1 2306 3690 70
T 191.075 4 2306 3691 70
T 191.075 7 2306 3691 70
T 191.076 6 2306 3690 70
T 191.076 2 2306 3691 70
T 191.099 5 2309 3692 70
T 191.099 8 2308 3692 70
T 191.099 3 2307 3693 70
T 191.099 1 2307 3690 70
T 191.099 4 2307 3691 70
T 191.099 7 2307 3691 70
T 191.099 6 2307 3690 70
T 191.099 2 2307 3691 70
T 191.123 5 2310 3692 70
T 191.123 8 2309 3692 70
T 191.123 3 2308 3693 70
T 191.123 1 2308 3690 70
T 191.123 4 2308 3691 70
T 191.123 7 2308 3691 70
T 191.123 6 2308 3690 70
T 191.123 2 2308 3691 70
T 191.146 8 2310 3692 70
T 191.147 3 2309 3693 70
T 191.147 1 2309 3690 70
T 191.147 4 2309 3691 70
T 191.147 7 2309 3691 70
T 191.147 6 2309 3690 70
T 191.147 2 2309 3691 70
T 191.170 3 2310 3693 70
T 191.170 1 2310 3690 70
T 191.171 4 2310 3691 70
T 191.171 7 2310 3691 70
T 191.171 6 2310 3690 70
T 191.171 2 2310 3691 70
P 191.822 2
P 191.823 3
P 191.823 5
P 191.823 4
F 191.823 2 71
P 191.824 6
P 191.824 7
P 191.824 8
F 191.825 3 71
P 191.826 1
F 191.826 5 71
F 191.828 4 71
F 191.828 6 71
F 191.829 7 71
F 191.830 8 71
F 191.830 1 71
T 192.260 2 2311 3744 71
T 192.320 2 2312 3744 71
T 192.320 8 2311 3745 71
T 192.422 2 2313 3744 71
T 192.422 8 2312 3745 71
T 192.422 5 2311 3745 71
T 192.423 3 2311 3746 71
T 192.423 1 2311 3743 71
T 192.423 4 2311 3744 71
T 192.423 7 2311 3744 71
T 192.423 6 2311 3743 71
T 192.444 2 2314 3744 71
T 192.444 8 2313 3745 71
T 192.444 5 2312 3745 71
T 192.445 3 2312 3746 71
T 192.445 1 2312 3743 71
T 192.445 4 2312 3744 71
T 192.445 7 2312 3744 71
T 192.445 6 2312 3743 71
T 192.467 2 2315 3744 71
T 192.467 8 2314 3745 71
T 192.467 5 2313 3745 71
T 192.467 3 2313 3746 71
T 192.467 1 2313 3743 71
T 192.467 4 2313 3744 71
T 192.467 7 2313 3744 71
T 192.467 6 2313 3743 71
T 192.491 2 2316 3744 71
T 192.491 8 2315 3745 71
T 192.491 5 2314 3745 71
T 192.491 3 2314 3746 71
T 192.491 1 2314 3743 71
T 192.492 4 2314 3744 71
T 192.492 7 2314 3744 71
T 192.492 6 2314 3743 71
T 192.514 2 2317 3744 71
T 192.514 8 2316 3745 71
T 192.514 5 2315 3745 71
T 192.514 3 2315 3746 71
T 192.514 1 2315 3743 71
T 192.514 4 2315 3744 71
T 192.514 7 2315 3744 71
T 192.514 6 2315 3743 71
T 192.537 2 2318 3744 71
T 192.537 8 2317 3745 71
T 192.537 5 2316 3745 71
T 192.537 3 2316 3746 71
T 192.537 1 2316 3743 71
T 192.538 4 2316 3744 71
T 192.538 7 2316 3744 71
T 192.538 6 2316 3743 71
T 192.560 2 2319 3744 71
T 192.560 8 2318 3745 71
T 192.560 5 2317 3745 71
T 192.560 3 2317 3746 71
T 192.560 1 2317 3743 71
T 192.561 4 2317 3744 71
T 192.561 7 2317 3744 71
T 192.561 6 2317 3743 71
T 192.583 2 2320 3744 71
T 192.584 8 2319 3745 71
T 192.584 5 2318 3745 71
T 192.584 3 2318 3746 71
T 192.584 1 2318 3743 71
T 192.584 4 2318 3744 71
T 192.584 7 2318 3744 71
T 192.584 6 2318 3743 71
T 192.607 2 2321 3744 71
T 192.607 8 2320 3745 71
T 192.607 5 2319 3745 71
T 192.607 3 2319 3746 71
T 192.607 1 2319 3743 71
T 192.607 4 2319 3744 71
T 192.607 7 2319 3744 71
T 192.608 6 2319 3743 71
T 192.630 2 2322 3744 71
T 192.630 8 2321 3745 71
T 192.630 5 2320 3745 71
T 192.630 3 2320 3746 71
T 192.631 1 2320 3743 71
T 192.631 4 2320 3744 71
T 192.631 7 2320 3744 71
T 192.631 6 2320 3743 71
T 192.654 2 2323 3744 71
T 192.654 8 2322 3745 71
T 192.654 5 2321 3745 71
T 192.654 3 2321 3746 71
T 192.654 1 2321 3743 71
T 192.654 4 2321 3744 71
T 192.654 7 2321 3744 71
T 192.654 6 2321 3743 71
T 192.677 2 2324 3744 71
T 192.677 8 2323 3745 71
T 192.677 5 2322 3745 71
T 192.677 3 2322 3746 71
T 192.677 1 2322 3743 71
T 192.677 4 2322 3744 71
T 192.678 7 2322 3744 71
T 192.678 6 2322 3743 71
T 192.700 2 2325 3744 71
T 192.700 8 2324 3745 71
T 192.701 5 2323 3745 71
T 192.701 3 2323 3746 71
T 192.701 1 2323 3743 71
T 192.701 4 2323 3744 71
T 192.701 7 2323 3744 71
T 192.701 6 2323 3743 71
T 192.724 2 2326 3744 71
T 192.724 8 2325 3745 71
T 192.724 5 2324 3745 71
T 192.724 3 2324 3746 71
T 192.724 1 2324 3743 71
T 192.724 4 2324 3744 71
T 192.725 7 2324 3744 71
T 192.725 6 2324 3743 71
T 192.747 2 2327 3744 71
T 192.747 8 2326 3745 71
T 192.747 5 2325 3745 71
T 192.748 3 2325 3746 71
T 192.748 1 2325 3743 71
T 192.748 4 2325 3744 71
T 192.748 7 2325 3744 71
T 192.748 6 2325 3743 71
T 192.771 2 2328 3744 71
T 192.771 8 2327 3745 71
T 192.771 5 2326 3745 71
T 192.771 3 2326 3746 71
T 192.771 1 2326 3743 71
T 192.771 4 2326 3744 71
T 192.771 7 2326 3744 71
T 192.771 6 2326 3743 71
T 192.794 2 2329 3744 71
T 192.794 8 2328 3745 71
T 192.794 5 2327 3745 71
T 192.794 3 2327 3746 71
T 192.795 1 2327 3743 71
T 192.795 4 2327 3744 71
T 192.795 7 2327 3744 71
T 192.795 6 2327 3743 71
T 192.817 2 2330 3744 71
T 192.817 8 2329 3745 71
T 192.818 5 2328 3745 71
T 192.818 3 2328 3746 71
T 192.818 1 2328 3743 71
T 192.818 4 2328 3744 71
T 192.818 7 2328 3744 71
T 192.818 6 2328 3743 71
T 192.841 2 2331 3744 71
T 192.841 8 2330 3745 71
T 192.841 5 2329 3745 71
T 192.841 3 2329 3746 71
T 192.841 1 2329 3743 71
T 192.841 4 2329 3744 71
T 192.841 7 2329 3744 71
T 192.841 6 2329 3743 71
T 192.864 2 2332 3744 71
T 192.864 8 2331 3745 71
T 192.864 5 2330 3745 71
T 192.864 3 2330 3746 71
T 192.865 1 2330 3743 71
T 192.865 4 2330 3744 71
T 192.865 7 2330 3744 71
T 192.865 6 2330 3743 71
T 192.888 2 2333 3744 71
T 192.888 8 2332 3745 71
T 192.888 5 2331 3745 71
T 192.888 3 2331 3746 71
T 192.888 1 2331 3743 71
T 192.888 4 2331 3744 71
T 192.888 7 2331 3744 71
T 192.888 6 2331 3743 71
T 192.911 2 2334 3744 71
T 192.911 8 2333 3745 71
T 192.911 5 2332 3745 71
T 192.911 3 2332 3746 71
T 192.911 1 2332 3743 71
T 192.912 4 2332 3744 71
T 192.912 7 2332 3744 71
T 192.912 6 2332 3743 71
T 192.934 2 2335 3744 71
T 192.934 8 2334 3745 71
T 192.935 5 2333 3745 71
T 192.935 3 2333 3746 71
T 192.935 1 2333 3743 71
T 192.935 4 2333 3744 71
T 192.935 7 2333 3744 71
T 192.935 6 2333 3743 71
T 192.958 2 2336 3744 71
T 192.958 8 2335 3745 71
T 192.958 5 2334 3745 71
T 192.958 3 2334 3746 71
T 192.958 1 2334 3743 71
T 192.958 4 2334 3744 71
T 192.959 7 2334 3744 71
T 192.959 6 2334 3743 71
T 192.981 2 2337 3744 71
T 192.981 8 2336 3745 71
T 192.981 5 2335 3745 71
T 192.981 3 2335 3746 71
T 192.982 1 2335 3743 71
T 192.982 4 2335 3744 71
T 192.982 7 2335 3744 71
T 192.982 6 2335 3743 71
T 193.004 2 2338 3744 71
T 193.005 8 2337 3745 71
T 193.005 5 2336 3745 71
T 193.005 3 2336 3746 71
T 193.005 1 2336 3743 71
T 193.005 4 2336 3744 71
T 193.005 7 2336 3744 71
T 193.005 6 2336 3743 71
T 193.028 2 2339 3744 71
T 193.028 8 2338 3745 71
T 193.028 5 2337 3745 71
T 193.028 3 2337 3746 71
T 193.029 1 2337 3743 71
T 193.029 4 2337 3744 71
T 193.029 7 2337 3744 71
T 193.029 6 2337 3743 71
T 193.052 2 2340 3744 71
T 193.052 8 2339 3745 71
T 193.052 5 2338 3745 71
T 193.052 3 2338 3746 71
T 193.052 1 2338 3743 71
T 193.052 4 2338 3744 71
T 193.052 7 2338 3744 71
T 193.053 6 2338 3743 71
T 193.076 2 2341 3744 71
T 193.076 8 2340 3745 71
T 193.076 5 2339 3745 71
T 193.076 3 2339 3746 71
T 193.076 1 2339 3743 71
T 193.076 4 2339 3744 71
T 193.076 7 2339 3744 71
T 193.076 6 2339 3743 71
T 193.100 2 2342 3744 71
T 193.100 8 2341 3745 71
T 193.100 5 2340 3745 71
T 193.100 3 2340 3746 71
T 193.100 1 2340 3743 71
T 193.100 4 2340 3744 71
T 193.100 7 2340 3744 71
T 193.100 6 2340 3743 71
T 193.123 2 2343 3744 71
T 193.124 8 2342 3745 71
T 193.124 5 2341 3745 71
T 193.124 3 2341 3746 71
T 193.124 1 2341 3743 71
T 193.124 4 2341 3744 71
T 193.124 7 2341 3744 71
T 193.124 6 2341 3743 71
T 193.147 8 2343 3745 71
T 193.147 5 2342 3745 71
T 193.148 3 2342 3746 71
T 193.148 1 2342 3743 71
T 193.148 4 2342 3744 71
T 193.148 7 2342 3744 71
T 193.148 6 2342 3743 71
T 193.171 5 2343 3745 71
T 193.171 3 2343 3746 71
T 193.171 1 2343 3743 71
T 193.171 4 2343 3744 71
T 193.172 7 2343 3744 71
T 193.172 6 2343 3743 71
P 193.823 2
P 193.824 3
P 193.824 5
F 193.824 2 72
P 193.824 4
F 193.825 3 72
P 193.826 6
F 193.830 5 72
P 193.831 7
F 193.834 4 72
P 193.834 8
F 193.835 6 72
P 193.835 1
F 193.836 7 72
F 193.838 8 72
F 193.840 1 72
T 194.264 6 2344 3796 72
T 194.327 6 2345 3796 72
T 194.327 2 2344 3797 72
T 194.327 1 2344 3796 72
T 194.428 6 2346 3796 72
T 194.428 2 2345 3797 72
T 194.428 1 2345 3796 72
T 194.429 8 2344 3798 72
T 194.429 5 2344 3798 72
T 194.429 3 2344 3799 72
T 194.429 4 2344 3797 72
T 194.429 7 2344 3797 72
T 194.451 6 2347 3796 72
T 194.451 2 2346 3797 72
T 194.451 1 2346 3796 72
T 194.451 8 2345 3798 72
T 194.451 5 2345 3798 72
T 194.452 3 2345 3799 72
T 194.452 4 2345 3797 72
T 194.452 7 2345 3797 72
T 194.473 6 2348 3796 72
T 194.473 2 2347 3797 72
T 194.473 1 2347 3796 72
T 194.474 8 2346 3798 72
T 194.474 5 2346 3798 72
T 194.474 3 2346 3799 72
T 194.474 4 2346 3797 72
T 194.474 7 2346 3797 72
T 194.496 6 2349 3796 72
T 194.497 2 2348 3797 72
T 194.497 1 2348 3796 72
T 194.497 8 2347 3798 72
T 194.497 5 2347 3798 72
T 194.497 3 2347 3799 72
T 194.497 4 2347 3797 72
T 194.497 7 2347 3797 72
T 194.520 6 2350 3796 72
T 194.520 2 2349 3797 72
T 194.520 1 2349 3796 72
T 194.520 8 2348 3798 72
T 194.520 5 2348 3798 72
T 194.520 3 2348 3799 72
T 194.520 4 2348 3797 72
T 194.520 7 2348 3797 72
T 194.543 6 2351 3796 72
T 194.543 2 2350 3797 72
T 194.543 1 2350 3796 72
T 194.543 8 2349 3798 72
T 194.543 5 2349 3798 72
T 194.544 3 2349 3799 72
T 194.544 4 2349 3797 72
T 194.544 7 2349 3797 72
T 194.566 6 2352 3796 72
T 194.566 2 2351 3797 72
T 194.567 1 2351 3796 72
T 194.567 8 2350 3798 72
T 194.567 5 2350 3798 72
T 194.567 3 2350 3799 72
T 194.567 4 2350 3797 72
T 194.567 7 2350 3797 72
T 194.590 6 2353 3796 72
T 194.590 2 2352 3797 72
T 194.590 1 2352 3796 72
T 194.590 8 2351 3798 72
T 194.590 5 2351 3798 72
T 194.590 3 2351 3799 72
T 194.590 4 2351 3797 72
T 194.591 7 2351 3797 72
T 194.613 6 2354 3796 72
T 194.613 2 2353 3797 72
T 194.613 1 2353 3796 72
T 194.613 8 2352 3798 72
T 194.614 5 2352 3798 72
T 194.614 3 2352 3799 72
T 194.614 4 2352 3797 72
T 194.614 7 2352 3797 72
T 194.637 6 2355 3796 72
T 194.637 2 2354 3797 72
T 194.637 1 2354 3796 72
T 194.637 8 2353 3798 72
T 194.637 5 2353 3798 72
T 194.637 3 2353 3799 72
T 194.637 4 2353 3797 72
T 194.637 7 2353 3797 72
T 194.660 6 2356 3796 72
T 194.660 2 2355 3797 72
T 194.660 1 2355 3796 72
T 194.661 8 2354 3798 72
T 194.661 5 2354 3798 72
T 194.661 3 2354 3799 72
T 194.661 4 2354 3797 72
T 194.661 7 2354 3797 72
T 194.683 6 2357 3796 72
T 194.683 2 2356 3797 72
T 194.683 1 2356 3796 72
T 194.684 8 2355 3798 72
T 194.684 5 2355 3798 72
T 194.684 3 2355 3799 72
T 194.684 4 2355 3797 72
T 194.684 7 2355 3797 72
T 194.707 6 2358 3796 72
T 194.707 2 2357 3797 72
T 194.707 1 2357 3796 72
T 194.707 8 2356 3798 72
T 194.707 5 2356 3798 72
T 194.707 3 2356 3799 72
T 194.707 4 2356 3797 72
T 194.708 7 2356 3797 72
T 194.730 6 2359 3796 72
T 194.730 2 2358 3797 72
T 194.730 1 2358 3796 72
T 194.730 8 2357 3798 72
T 194.730 5 2357 3798 72
T 194.730 3 2357 3799 72
T 194.731 4 2357 3797 72
T 194.731 7 2357 3797 72
T 194.753 6 2360 3796 72
T 194.753 2 2359 3797 72
T 194.753 1 2359 3796 72
T 194.754 8 2358 3798 72
T 194.754 5 2358 3798 72
T 194.754 3 2358 3799 72
T 194.754 4 2358 3797 72
T 194.754 7 2358 3797 72
T 194.777 6 2361 3796 72
T 194.777 2 2360 3797 72
T 194.777 1 2360 3796 72
T 194.777 8 2359 3798 72
T 194.777 5 2359 3798 72
T 194.777 3 2359 3799 72
T 194.777 4 2359 3797 72
T 194.778 7 2359 3797 72
T 194.800 6 2362 3796 72
T 194.800 2 2361 3797 72
T 194.800 1 2361 3796 72
T 194.800 8 2360 3798 72
T 194.801 5 2360 3798 72
T 194.801 3 2360 3799 72
T 194.801 4 2360 3797 72
T 194.801 7 2360 3797 72
T 194.824 6 2363 3796 72
T 194.824 2 2362 3797 72
T 194.824 1 2362 3796 72
T 194.824 8 2361 3798 72
T 194.824 5 2361 3798 72
T 194.824 3 2361 3799 72
T 194.824 4 2361 3797 72
T 194.825 7 2361 3797 72
T 194.847 6 2364 3796 72
T 194.847 2 2363 3797 72
T 194.847 1 2363 3796 72
T 194.847 8 2362 3798 72
T 194.848 5 2362 3798 72
T 194.848 3 2362 3799 72
T 194.848 4 2362 3797 72
T 194.848 7 2362 3797 72
T 194.871 6 2365 3796 72
T 194.871 2 2364 3797 72
T 194.871 1 2364 3796 72
T 194.871 8 2363 3798 72
T 194.872 5 2363 3798 72
T 194.872 3 2363 3799 72
T 194.872 4 2363 3797 72
T 194.872 7 2363 3797 72
T 194.894 6 2366 3796 72
T 194.894 2 2365 3797 72
T 194.894 1 2365 3796 72
T 194.894 8 2364 3798 72
T 194.894 5 2364 3798 72
T 194.894 3 2364 3799 72
T 194.894 4 2364 3797 72
T 194.895 7 2364 3797 72
T 194.917 6 2367 3796 72
T 194.917 2 2366 3797 72
T 194.917 1 2366 3796 72
T 194.917 8 2365 3798 72
T 194.917 5 2365 3798 72
T 194.918 3 2365 3799 72
T 194.918 4 2365 3797 72
T 194.918 7 2365 3797 72
T 194.940 6 2368 3796 72
T 194.941 2 2367 3797 72
T 194.941 1 2367 3796 72
T 194.941 8 2366 3798 72
T 194.941 5 2366 3798 72
T 194.941 3 2366 3799 72
T 194.941 4 2366 3797 72
T 194.941 7 2366 3797 72
T 194.964 6 2369 3796 72
T 194.964 2 2368 3797 72
T 194.964 1 2368 3796 72
T 194.964 8 2367 3798 72
T 194.964 5 2367 3798 72
T 194.965 3 2367 3799 72
T 194.965 4 2367 3797 72
T 194.965 7 2367 3797 72
T 194.987 6 2370 3796 72
T 194.987 2 2369 3797 72
T 194.987 1 2369 3796 72
T 194.988 8 2368 3798 72
T 194.988 5 2368 3798 72
T 194.988 3 2368 3799 72
T 194.988 4 2368 3797 72
T 194.988 7 2368 3797 72
T 195.011 6 2371 3796 72
T 195.011 2 2370 3797 72
T 195.011 1 2370 3796 72
T 195.011 8 2369 3798 72
T 195.011 5 2369 3798 72
T 195.011 3 2369 3799 72
T 195.012 4 2369 3797 72
T 195.012 7 2369 3797 72
T 195.034 6 2372 3796 72
T 195.034 2 2371 3797 72
T 195.035 1 2371 3796 72
T 195.035 8 2370 3798 72
T 195.035 5 2370 3798 72
T 195.035 3 2370 3799 72
T 195.035 4 2370 3797 72
T 195.035 7 2370 3797 72
T 195.058 6 2373 3796 72
T 195.058 2 2372 3797 72
T 195.059 1 2372 3796 72
T 195.059 8 2371 3798 72
T 195.059 5 2371 3798 72
T 195.059 3 2371 3799 72
T 195.059 4 2371 3797 72
T 195.059 7 2371 3797 72
T 195.082 6 2374 3796 72
T 195.082 2 2373 3797 72
T 195.082 1 2373 3796 72
T 195.083 8 2372 3798 72
T 195.083 5 2372 3798 72
T 195.083 3 2372 3799 72
T 195.083 4 2372 3797 72
T 195.083 7 2372 3797 72
T 195.106 6 2375 3796 72
T 195.106 2 2374 3797 72
T 195.106 1 2374 3796 72
T 195.106 8 2373 3798 72
T 195.107 5 2373 3798 72
T 195.107 3 2373 3799 72
T 195.107 4 2373 3797 72
T 195.107 7 2373 3797 72
T 195.130 6 2376 3796 72
T 195.130 2 2375 3797 72
T 195.130 1 2375 3796 72
T 195.130 8 2374 3798 72
T 195.131 5 2374 3798 72
T 195.131 3 2374 3799 72
T 195.131 4 2374 3797 72
T 195.131 7 2374 3797 72
T 195.154 2 2376 3797 72
T 195.154 1 2376 3796 72
T 195.154 8 2375 3798 72
T 195.155 5 2375 3798 72
T 195.155 3 2375 3799 72
T 195.155 4 2375 3797 72
T 195.155 7 2375 3797 72
T 195.178 8 2376 3798 72
T 195.178 5 2376 3798 72
T 195.178 3 2376 3799 72
T 195.178 4 2376 3797 72
T 195.178 7 2376 3797 72
P 195.824 1
F 195.824 1 73
P 195.824 2
F 195.825 2 73
P 195.826 3
F 195.827 3 73
P 195.827 5
F 195.829 5 73
P 195.829 4
F 195.829 4 73
P 195.830 6
P 195.832 7
F 195.833 6 73
P 195.833 8
F 195.833 7 73
F 195.835 8 73
T 196.274 4 2377 3850 73
T 196.364 4 2378 3850 73
T 196.364 2 2377 3850 73
T 196.364 1 2377 3849 73
T 196.364 5 2377 3851 73
T 196.364 3 2377 3852 73
T 196.421 4 2379 3850 73
T 196.421 2 2378 3850 73
T 196.422 1 2378 3849 73
T 196.422 5 2378 3851 73
T 196.422 3 2378 3852 73
T 196.422 6 2377 3849 73
T 196.422 8 2377 3851 73
T 196.422 7 2377 3850 73
T 196.444 4 2380 3850 73
T 196.444 2 2379 3850 73
T 196.444 1 2379 3849 73
T 196.444 5 2379 3851 73
T 196.445 3 2379 3852 73
T 196.445 6 2378 3849 73
T 196.445 8 2378 3851 73
T 196.445 7 2378 3850 73
T 196.467 4 2381 3850 73
T 196.467 2 2380 3850 73
T 196.468 1 2380 3849 73
T 196.468 5 2380 3851 73
T 196.468 3 2380 3852 73
T 196.468 6 2379 3849 73
T 196.468 8 2379 3851 73
T 196.468 7 2379 3850 73
T 196.491 4 2382 3850 73
T 196.491 2 2381 3850 73
T 196.491 1 2381 3849 73
T 196.491 5 2381 3851 73
T 196.491 3 2381 3852 73
T 196.491 6 2380 3849 73
T 196.491 8 2380 3851 73
T 196.492 7 2380 3850 73
T 196.514 4 2383 3850 73
T 196.514 2 2382 3850 73
T 196.514 1 2382 3849 73
T 196.515 5 2382 3851 73
T 196.515 3 2382 3852 73
T 196.515 6 2381 3849 73
T 196.515 8 2381 3851 73
T 196.515 7 2381 3850 73
T 196.537 4 2384 3850 73
T 196.537 2 2383 3850 73
T 196.537 1 2383 3849 73
T 196.538 5 2383 3851 73
T 196.538 3 2383 3852 73
T 196.538 6 2382 3849 73
T 196.538 8 2382 3851 73
T 196.538 7 2382 3850 73
T 196.561 4 2385 3850 73
T 196.561 2 2384 3850 73
T 196.561 1 2384 3849 73
T 196.561 5 2384 3851 73
T 196.561 3 2384 3852 73
T 196.561 6 2383 3849 73
T 196.561 8 2383 3851 73
T 196.562 7 2383 3850 73
T 196.584 4 2386 3850 73
T 196.584 2 2385 3850 73
T 196.584 1 2385 3849 73
T 196.584 5 2385 3851 73
T 196.585 3 2385 3852 73
T 196.585 6 2384 3849 73
T 196.585 8 2384 3851 73
T 196.585 7 2384 3850 73
T 196.608 4 2387 3850 73
T 196.608 2 2386 3850 73
T 196.608 1 2386 3849 73
T 196.608 5 2386 3851 73
T 196.608 3 2386 3852 73
T 196.608 6 2385 3849 73
T 196.608 8 2385 3851 73
T 196.609 7 2385 3850 73
T 196.631 4 2388 3850 73
T 196.631 2 2387 3850 73
T 196.631 1 2387 3849 73
T 196.631 5 2387 3851 73
T 196.631 3 2387 3852 73
T 196.632 6 2386 3849 73
T 196.632 8 2386 3851 73
T 196.632 7 2386 3850 73
T 196.654 4 2389 3850 73
T 196.654 2 2388 3850 73
T 196.654 1 2388 3849 73
T 196.655 5 2388 3851 73
T 196.655 3 2388 3852 73
T 196.655 6 2387 3849 73
T 196.655 8 2387 3851 73
T 196.655 7 2387 3850 73
T 196.678 4 2390 3850 73
T 196.678 2 2389 3850 73
T 196.678 1 2389 3849 73
T 196.678 5 2389 3851 73
T 196.678 3 2389 3852 73
T 196.678 6 2388 3849 73
T 196.678 8 2388 3851 73
T 196.678 7 2388 3850 73
T 196.701 4 2391 3850 73
T 196.701 2 2390 3850 73
T 196.701 1 2390 3849 73
T 196.701 5 2390 3851 73
T 196.701 3 2390 3852 73
T 196.702 6 2389 3849 73
T 196.702 8 2389 3851 73
T 196.702 7 2389 3850 73
T 196.724 4 2392 3850 73
T 196.724 2 2391 3850 73
T 196.724 1 2391 3849 73
T 196.725 5 2391 3851 73
T 196.725 3 2391 3852 73
T 196.725 6 2390 3849 73
T 196.725 8 2390 3851 73
T 196.725 7 2390 3850 73
T 196.748 4 2393 3850 73
T 196.748 2 2392 3850 73
T 196.748 1 2392 3849 73
T 196.748 5 2392 3851 73
T 196.748 3 2392 3852 73
T 196.748 6 2391 3849 73
T 196.748 8 2391 3851 73
T 196.749 7 2391 3850 73
T 196.771 4 2394 3850 73
T 196.771 2 2393 3850 73
T 196.771 1 2393 3849 73
T 196.771 5 2393 3851 73
T 196.772 3 2393 3852 73
T 196.772 6 2392 3849 73
T 196.772 8 2392 3851 73
T 196.772 7 2392 3850 73
T 196.794 4 2395 3850 73
T 196.795 2 2394 3850 73
T 196.795 1 2394 3849 73
T 196.795 5 2394 3851 73
T 196.795 3 2394 3852 73
T 196.795 6 2393 3849 73
T 196.795 8 2393 3851 73
T 196.795 7 2393 3850 73
T 196.818 4 2396 3850 73
T 196.818 2 2395 3850 73
T 196.818 1 2395 3849 73
T 196.818 5 2395 3851 73
T 196.818 3 2395 3852 73
T 196.818 6 2394 3849 73
T 196.819 8 2394 3851 73
T 196.819 7 2394 3850 73
T 196.841 4 2397 3850 73
T 196.842 2 2396 3850 73
T 196.842 1 2396 3849 73
T 196.842 5 2396 3851 73
T 196.842 3 2396 3852 73
T 196.842 6 2395 3849 73
T 196.842 8 2395 3851 73
T 196.842 7 2395 3850 73
T 196.865 4 2398 3850 73
T 196.865 2 2397 3850 73
T 196.866 1 2397 3849 73
T 196.866 5 2397 3851 73
T 196.866 3 2397 3852 73
T 196.866 6 2396 3849 73
T 196.866 8 2396 3851 73
T 196.866 7 2396 3850 73
T 196.888 4 2399 3850 73
T 196.888 2 2398 3850 73
T 196.888 1 2398 3849 73
T 196.889 5 2398 3851 73
T 196.889 3 2398 3852 73
T 196.889 6 2397 3849 73
T 196.889 8 2397 3851 73
T 196.889 7 2397 3850 73
T 196.912 4 2400 3850 73
T 196.912 2 2399 3850 73
T 196.912 1 2399 3849 73
T 196.912 5 2399 3851 73
T 196.912 3 2399 3852 73
T 196.912 6 2398 3849 73
T 196.912 8 2398 3851 73
T 196.912 7 2398 3850 73
T 196.935 4 2401 3850 73
T 196.935 2 2400 3850 73
T 196.935 1 2400 3849 73
T 196.935 5 2400 3851 73
T 196.935 3 2400 3852 73
T 196.935 6 2399 3849 73
T 196.936 8 2399 3851 73
T 196.936 7 2399 3850 73
T 196.959 4 2402 3850 73
T 196.959 2 2401 3850 73
T 196.959 1 2401 3849 73
T 196.959 5 2401 3851 73
T 196.959 3 2401 3852 73
T 196.959 6 2400 3849 73
T 196.959 8 2400 3851 73
T 196.960 7 2400 3850 73
T 196.982 4 2403 3850 73
T 196.982 2 2402 3850 73
T 196.982 1 2402 3849 73
T 196.982 5 2402 3851 73
T 196.982 3 2402 3852 73
T 196.982 6 2401 3849 73
T 196.982 8 2401 3851 73
T 196.982 7 2401 3850 73
T 197.005 4 2404 3850 73
T 197.005 2 2403 3850 73
T 197.005 1 2403 3849 73
T 197.005 5 2403 3851 73
T 197.005 3 2403 3852 73
T 197.006 6 2402 3849 73
T 197.006 8 2402 3851 73
T 197.006 7 2402 3850 73
T 197.028 4 2405 3850 73
T 197.029 2 2404 3850 73
T 197.029 1 2404 3849 73
T 197.029 5 2404 3851 73
T 197.029 3 2404 3852 73
T 197.029 6 2403 3849 73
T 197.029 8 2403 3851 73
T 197.029 7 2403 3850 73
T 197.052 4 2406 3850 73
T 197.052 2 2405 3850 73
T 197.052 1 2405 3849 73
T 197.053 5 2405 3851 73
T 197.053 3 2405 3852 73
T 197.053 6 2404 3849 73
T 197.053 8 2404 3851 73
T 197.053 7 2404 3850 73
T 197.076 4 2407 3850 73
T 197.076 2 2406 3850 73
T 197.076 1 2406 3849 73
T 197.077 5 2406 3851 73
T 197.077 3 2406 3852 73
T 197.077 6 2405 3849 73
T 197.077 8 2405 3851 73
T 197.077 7 2405 3850 73
T 197.100 4 2408 3850 73
T 197.100 2 2407 3850 73
T 197.100 1 2407 3849 73
T 197.100 5 2407 3851 73
T 197.101 3 2407 3852 73
T 197.101 6 2406 3849 73
T 197.101 8 2406 3851 73
T 197.101 7 2406 3850 73
T 197.124 4 2409 3850 73
T 197.124 2 2408 3850 73
T 197.124 1 2408 3849 73
T 197.124 5 2408 3851 73
T 197.125 3 2408 3852 73
T 197.125 6 2407 3849 73
T 197.125 8 2407 3851 73
T 197.125 7 2407 3850 73
T 197.148 2 2409 3850 73
T 197.148 1 2409 3849 73
T 197.148 5 2409 3851 73
T 197.148 3 2409 3852 73
T 197.149 6 2408 3849 73
T 197.149 8 2408 3851 73
T 197.149 7 2408 3850 73
T 197.170 6 2409 3849 73
T 197.170 8 2409 3851 73
T 197.171 7 2409 3850 73
P 197.826 6
F 197.826 6 74
P 197.826 7
F 197.827 7 74
P 197.827 8
P 197.828 1
P 197.829 2
F 197.829 8 74
P 197.829 3
F 197.829 1 74
P 197.829 5
F 197.830 2 74
P 197.831 4
F 197.833 3 74
F 197.834 5 74
F 197.836 4 74
T 198.283 6 2410 3902 74
T 198.357 6 2411 3902 74
T 198.357 5 2410 3904 74
T 198.357 7 2410 3903 74
T 198.451 6 2412 3902 74
T 198.451 5 2411 3904 74
T 198.451 7 2411 3903 74
T 198.451 4 2410 3903 74
T 198.452 2 2410 3903 74
T 198.452 1 2410 3902 74
T 198.452 3 2410 3905 74
T 198.452 8 2410 3904 74
T 198.473 6 2413 3902 74
T 198.473 5 2412 3904 74
T 198.474 7 2412 3903 74
T 198.474 4 2411 3903 74
T 198.474 2 2411 3903 74
T 198.474 1 2411 3902 74
T 198.474 3 2411 3905 74
T 198.474 8 2411 3904 74
T 198.496 6 2414 3902 74
T 198.496 5 2413 3904 74
T 198.496 7 2413 3903 74
T 198.496 4 2412 3903 74
T 198.497 2 2412 3903 74
T 198.497 1 2412 3902 74
T 198.497 3 2412 3905 74
T 198.497 8 2412 3904 74
T 198.519 6 2415 3902 74
T 198.519 5 2414 3904 74
T 198.519 7 2414 3903 74
T 198.520 4 2413 3903 74
T 198.520 2 2413 3903 74
T 198.520 1 2413 3902 74
T 198.520 3 2413 3905 74
T 198.520 8 2413 3904 74
T 198.543 6 2416 3902 74
T 198.543 5 2415 3904 74
T 198.543 7 2415 3903 74
T 198.543 4 2414 3903 74
T 198.543 2 2414 3903 74
T 198.543 1 2414 3902 74
T 198.543 3 2414 3905 74
T 198.543 8 2414 3904 74
T 198.566 6 2417 3902 74
T 198.566 5 2416 3904 74
T 198.566 7 2416 3903 74
T 198.566 4 2415 3903 74
T 198.566 2 2415 3903 74
T 198.567 1 2415 3902 74
T 198.567 3 2415 3905 74
T 198.567 8 2415 3904 74
T 198.589 6 2418 3902 74
T 198.589 5 2417 3904 74
T 198.589 7 2417 3903 74
T 198.589 4 2416 3903 74
T 198.590 2 2416 3903 74
T 198.590 1 2416 3902 74
T 198.590 3 2416 3905 74
T 198.590 8 2416 3904 74
T 198.613 6 2419 3902 74
T 198.613 5 2418 3904 74
T 198.613 7 2418 3903 74
T 198.613 4 2417 3903 74
T 198.613 2 2417 3903 74
T 198.614 1 2417 3902 74
T 198.614 3 2417 3905 74
T 198.614 8 2417 3904 74
T 198.636 6 2420 3902 74
T 198.636 5 2419 3904 74
T 198.636 7 2419 3903 74
T 198.636 4 2418 3903 74
T 198.636 2 2418 3903 74
T 198.637 1 2418 3902 74
T 198.637 3 2418 3905 74
T 198.637 8 2418 3904 74
T 198.659 6 2421 3902 74
T 198.659 5 2420 3904 74
T 198.660 7 2420 3903 74
T 198.660 4 2419 3903 74
T 198.660 2 2419 3903 74
T 198.660 1 2419 3902 74
T 198.660 3 2419 3905 74
T 198.660 8 2419 3904 74
T 198.683 6 2422 3902 74
T 198.683 5 2421 3904 74
T 198.683 7 2421 3903 74
T 198.683 4 2420 3903 74
T 198.683 2 2420 3903 74
T 198.683 1 2420 3902 74
T 198.683 3 2420 3905 74
T 198.683 8 2420 3904 74
T 198.706 6 2423 3902 74
T 198.706 5 2422 3904 74
T 198.706 7 2422 3903 74
T 198.706 4 2421 3903 74
T 198.706 2 2421 3903 74
T 198.707 1 2421 3902 74
T 198.707 3 2421 3905 74
T 198.707 8 2421 3904 74
T 198.729 6 2424 3902 74
T 198.730 5 2423 3904 74
T 198.730 7 2423 3903 74
T 198.730 4 2422 3903 74
T 198.730 2 2422 3903 74
T 198.730 1 2422 3902 74
T 198.730 3 2422 3905 74
T 198.730 8 2422 3904 74
T 198.753 6 2425 3902 74
T 198.753 5 2424 3904 74
T 198.753 7 2424 3903 74
T 198.753 4 2423 3903 74
T 198.753 2 2423 3903 74
T 198.753 1 2423 3902 74
T 198.753 3 2423 3905 74
T 198.754 8 2423 3904 74
T 198.776 6 2426 3902 74
T 198.777 5 2425 3904 74
T 198.777 7 2425 3903 74
T 198.777 4 2424 3903 74
T 198.777 2 2424 3903 74
T 198.777 1 2424 3902 74
T 198.777 3 2424 3905 74
T 198.777 8 2424 3904 74
T 198.800 6 2427 3902 74
T 198.800 5 2426 3904 74
T 198.800 7 2426 3903 74
T 198.800 4 2425 3903 74
T 198.801 2 2425 3903 74
T 198.801 1 2425 3902 74
T 198.802 3 2425 3905 74
T 198.802 8 2425 3904 74
T 198.823 6 2428 3902 74
T 198.823 5 2427 3904 74
T 198.823 7 2427 3903 74
T 198.824 4 2426 3903 74
T 198.824 2 2426 3903 74
T 198.824 1 2426 3902 74
T 198.824 3 2426 3905 74
T 198.824 8 2426 3904 74
T 198.847 6 2429 3902 74
T 198.847 5 2428 3904 74
T 198.847 7 2428 3903 74
T 198.847 4 2427 3903 74
T 198.847 2 2427 3903 74
T 198.847 1 2427 3902 74
T 198.848 3 2427 3905 74
T 198.848 8 2427 3904 74
T 198.870 6 2430 3902 74
T 198.870 5 2429 3904 74
T 198.870 7 2429 3903 74
T 198.871 4 2428 3903 74
T 198.871 2 2428 3903 74
T 198.871 1 2428 3902 74
T 198.871 3 2428 3905 74
T 198.871 8 2428 3904 74
T 198.893 6 2431 3902 74
T 198.893 5 2430 3904 74
T 198.894 7 2430 3903 74
T 198.894 4 2429 3903 74
T 198.894 2 2429 3903 74
T 198.894 1 2429 3902 74
T 198.894 3 2429 3905 74
T 198.894 8 2429 3904 74
T 198.917 6 2432 3902 74
T 198.917 5 2431 3904 74
T 198.917 7 2431 3903 74
T 198.917 4 2430 3903 74
T 198.917 2 2430 3903 74
T 198.918 1 2430 3902 74
T 198.918 3 2430 3905 74
T 198.918 8 2430 3904 74
T 198.940 6 2433 3902 74
T 198.940 5 2432 3904 74
T 198.940 7 2432 3903 74
T 198.941 4 2431 3903 74
T 198.941 2 2431 3903 74
T 198.941 1 2431 3902 74
T 198.941 3 2431 3905 74
T 198.941 8 2431 3904 74
T 198.964 6 2434 3902 74
T 198.964 5 2433 3904 74
T 198.964 7 2433 3903 74
T 198.964 4 2432 3903 74
T 198.964 2 2432 3903 74
T 198.964 1 2432 3902 74
T 198.964 3 2432 3905 74
T 198.964 8 2432 3904 74
T 198.987 6 2435 3902 74
T 198.987 5 2434 3904 74
T 198.987 7 2434 3903 74
T 198.988 4 2433 3903 74
T 198.988 2 2433 3903 74
T 198.988 1 2433 3902 74
T 198.988 3 2433 3905 74
T 198.988 8 2433 3904 74
T 199.011 6 2436 3902 74
T 199.011 5 2435 3904 74
T 199.011 7 2435 3903 74
T 199.011 4 2434 3903 74
T 199.011 2 2434 3903 74
T 199.011 1 2434 3902 74
T 199.011 3 2434 3905 74
T 199.011 8 2434 3904 74
T 199.034 6 2437 3902 74
T 199.034 5 2436 3904 74
T 199.034 7 2436 3903 74
T 199.034 4 2435 3903 74
T 199.035 2 2435 3903 74
T 199.035 1 2435 3902 74
T 199.035 3 2435 3905 74
T 199.035 8 2435 3904 74
T 199.058 6 2438 3902 74
T 199.058 5 2437 3904 74
T 199.058 7 2437 3903 74
T 199.058 4 2436 3903 74
T 199.059 2 2436 3903 74
T 199.059 1 2436 3902 74
T 199.059 3 2436 3905 74
T 199.059 8 2436 3904 74
T 199.082 6 2439 3902 74
T 199.082 5 2438 3904 74
T 199.082 7 2438 3903 74
T 199.082 4 2437 3903 74
T 199.082 2 2437 3903 74
T 199.082 1 2437 3902 74
T 199.083 3 2437 3905 74
T 199.083 8 2437 3904 74
T 199.106 6 2440 3902 74
T 199.106 5 2439 3904 74
T 199.106 7 2439 3903 74
T 199.106 4 2438 3903 74
T 199.106 2 2438 3903 74
T 199.107 1 2438 3902 74
T 199.107 3 2438 3905 74
T 199.107 8 2438 3904 74
T 199.130 6 2441 3902 74
T 199.130 5 2440 3904 74
T 199.130 7 2440 3903 74
T 199.130 4 2439 3903 74
T 199.130 2 2439 3903 74
T 199.131 1 2439 3902 74
T 199.131 3 2439 3905 74
T 199.131 8 2439 3904 74
T 199.154 6 2442 3902 74
T 199.154 5 2441 3904 74
T 199.154 7 2441 3903 74
T 199.155 4 2440 3903 74
T 199.155 2 2440 3903 74
T 199.155 1 2440 3902 74
T 199.155 3 2440 3905 74
T 199.155 8 2440 3904 74
T 199.178 5 2442 3904 74
T 199.178 7 2442 3903 74
T 199.179 4 2441 3903 74
T 199.179 2 2441 3903 74
T 199.179 1 2441 3902 74
T 199.179 3 2441 3905 74
T 199.179 8 2441 3904 74
T 199.202 4 2442 3903 74
T 199.202 2 2442 3903 74
T 199.202 1 2442 3902 74
T 199.203 3 2442 3905 74
T 199.203 8 2442 3904 74
P 199.826 8
P 199.826 1
P 199.826 2
F 199.827 8 75
P 199.827 3
F 199.827 1 75
P 199.828 5
F 199.828 2 75
P 199.829 4
P 199.830 6
P 199.830 7
F 199.831 3 75
F 199.832 5 75
F 199.833 4 75
F 199.834 6 75
F 199.834 7 75
T 200.227 8 2443 3957 75
T 200.300 8 2444 3957 75
T 200.300 4 2443 3956 75
T 200.449 8 2445 3957 75
T 200.449 4 2444 3956 75
T 200.450 6 2443 3955 75
T 200.450 5 2443 3957 75
T 200.450 2 2443 3956 75
T 200.450 1 2443 3955 75
T 200.450 3 2443 3958 75
T 200.465 8 2446 3957 75
T 200.465 4 2445 3956 75
T 200.465 6 2444 3955 75
T 200.465 5 2444 3957 75
T 200.466 2 2444 3956 75
T 200.466 1 2444 3955 75
T 200.466 3 2444 3958 75
T 200.466 7 2443 3956 75
T 200.488 8 2447 3957 75
T 200.488 4 2446 3956 75
T 200.488 6 2445 3955 75
T 200.488 5 2445 3957 75
T 200.488 2 2445 3956 75
T 200.489 1 2445 3955 75
T 200.489 3 2445 3958 75
T 200.489 7 2444 3956 75
T 200.511 8 2448 3957 75
T 200.512 4 2447 3956 75
T 200.512 6 2446 3955 75
T 200.512 5 2446 3957 75
T 200.512 2 2446 3956 75
T 200.512 1 2446 3955 75
T 200.512 3 2446 3958 75
T 200.512 7 2445 3956 75
T 200.535 8 2449 3957 75
T 200.535 4 2448 3956 75
T 200.535 6 2447 3955 75
T 200.535 5 2447 3957 75
T 200.535 2 2447 3956 75
T 200.535 1 2447 3955 75
T 200.536 3 2447 3958 75
T 200.536 7 2446 3956 75
T 200.558 8 2450 3957 75
T 200.558 4 2449 3956 75
T 200.559 6 2448 3955 75
T 200.559 5 2448 3957 75
T 200.559 2 2448 3956 75
T 200.559 1 2448 3955 75
T 200.559 3 2448 3958 75
T 200.559 7 2447 3956 75
T 200.581 8 2451 3957 75
T 200.582 4 2450 3956 75
T 200.582 6 2449 3955 75
T 200.582 5 2449 3957 75
T 200.582 2 2449 3956 75
T 200.582 1 2449 3955 75
T 200.582 3 2449 3958 75
T 200.582 7 2448 3956 75
T 200.605 8 2452 3957 75
T 200.605 4 2451 3956 75
T 200.605 6 2450 3955 75
T 200.605 5 2450 3957 75
T 200.606 2 2450 3956 75
T 200.606 1 2450 3955 75
T 200.606 3 2450 3958 75
T 200.606 7 2449 3956 75
T 200.628 8 2453 3957 75
T 200.629 4 2452 3956 75
T 200.629 6 2451 3955 75
T 200.629 5 2451 3957 75
T 200.629 2 2451 3956 75
T 200.629 1 2451 3955 75
T 200.629 3 2451 3958 75
T 200.629 7 2450 3956 75
T 200.652 8 2454 3957 75
T 200.652 4 2453 3956 75
T 200.652 6 2452 3955 75
T 200.652 5 2452 3957 75
T 200.653 2 2452 3956 75
T 200.653 1 2452 3955 75
T 200.653 3 2452 3958 75
T 200.653 7 2451 3956 75
T 200.675 8 2455 3957 75
T 200.675 4 2454 3956 75
T 200.676 6 2453 3955 75
T 200.676 5 2453 3957 75
T 200.676 2 2453 3956 75
T 200.676 1 2453 3955 75
T 200.676 3 2453 3958 75
T 200.676 7 2452 3956 75
T 200.699 8 2456 3957 75
T 200.699 4 2455 3956 75
T 200.699 6 2454 3955 75
T 200.699 5 2454 3957 75
T 200.699 2 2454 3956 75
T 200.699 1 2454 3955 75
T 200.700 3 2454 3958 75
T 200.700 7 2453 3956 75
T 200.722 8 2457 3957 75
T 200.722 4 2456 3956 75
T 200.722 6 2455 3955 75
T 200.722 5 2455 3957 75
T 200.723 2 2455 3956 75
T 200.723 1 2455 3955 75
T 200.723 3 2455 3958 75
T 200.723 7 2454 3956 75
T 200.745 8 2458 3957 75
T 200.746 4 2457 3956 75
T 200.746 6 2456 3955 75
T 200.746 5 2456 3957 75
T 200.746 2 2456 3956 75
T 200.746 1 2456 3955 75
T 200.746 3 2456 3958 75
T 200.746 7 2455 3956 75
T 200.769 8 2459 3957 75
T 200.769 4 2458 3956 75
T 200.769 6 2457 3955 75
T 200.769 5 2457 3957 75
T 200.769 2 2457 3956 75
T 200.769 1 2457 3955 75
T 200.769 3 2457 3958 75
T 200.770 7 2456 3956 75
T 200.792 8 2460 3957 75
T 200.792 4 2459 3956 75
T 200.793 6 2458 3955 75
T 200.793 5 2458 3957 75
T 200.793 2 2458 3956 75
T 200.793 1 2458 3955 75
T 200.793 3 2458 3958 75
T 200.793 7 2457 3956 75
T 200.816 8 2461 3957 75
T 200.816 4 2460 3956 75
T 200.816 6 2459 3955 75
T 200.816 5 2459 3957 75
T 200.816 2 2459 3956 75
T 200.816 1 2459 3955 75
T 200.817 3 2459 3958 75
T 200.817 7 2458 3956 75
T 200.839 8 2462 3957 75
T 200.839 4 2461 3956 75
T 200.839 6 2460 3955 75
T 200.840 5 2460 3957 75
T 200.840 2 2460 3956 75
T 200.840 1 2460 3955 75
T 200.840 3 2460 3958 75
T 200.840 7 2459 3956 75
T 200.862 8 2463 3957 75
T 200.863 4 2462 3956 75
T 200.863 6 2461 3955 75
T 200.863 5 2461 3957 75
T 200.863 2 2461 3956 75
T 200.863 1 2461 3955 75
T 200.863 3 2461 3958 75
T 200.863 7 2460 3956 75
T 200.886 8 2464 3957 75
T 200.886 4 2463 3956 75
T 200.886 6 2462 3955 75
T 200.886 5 2462 3957 75
T 200.887 2 2462 3956 75
T 200.887 1 2462 3955 75
T 200.887 3 2462 3958 75
T 200.887 7 2461 3956 75
T 200.910 8 2465 3957 75
T 200.910 4 2464 3956 75
T 200.910 6 2463 3955 75
T 200.910 5 2463 3957 75
T 200.910 2 2463 3956 75
T 200.910 1 2463 3955 75
T 200.910 3 2463 3958 75
T 200.911 7 2462 3956 75
T 200.933 8 2466 3957 75
T 200.933 4 2465 3956 75
T 200.933 6 2464 3955 75
T 200.933 5 2464 3957 75
T 200.933 2 2464 3956 75
T 200.934 1 2464 3955 75
T 200.934 3 2464 3958 75
T 200.934 7 2463 3956 75
T 200.957 8 2467 3957 75
T 200.957 4 2466 3956 75
T 200.957 6 2465 3955 75
T 200.957 5 2465 3957 75
T 200.957 2 2465 3956 75
T 200.957 1 2465 3955 75
T 200.957 3 2465 3958 75
T 200.957 7 2464 3956 75
T 200.980 8 2468 3957 75
T 200.980 4 2467 3956 75
T 200.980 6 2466 3955 75
T 200.980 5 2466 3957 75
T 200.980 2 2466 3956 75
T 200.980 1 2466 3955 75
T 200.981 3 2466 3958 75
T 200.981 7 2465 3956 75
T 201.004 8 2469 3957 75
T 201.004 4 2468 3956 75
T 201.004 6 2467 3955 75
T 201.004 5 2467 3957 75
T 201.004 2 2467 3956 75
T 201.004 1 2467 3955 75
T 201.004 3 2467 3958 75
T 201.004 7 2466 3956 75
T 201.027 8 2470 3957 75
T 201.027 4 2469 3956 75
T 201.027 6 2468 3955 75
T 201.028 5 2468 3957 75
T 201.028 2 2468 3956 75
T 201.028 1 2468 3955 75
T 201.028 3 2468 3958 75
T 201.028 7 2467 3956 75
T 201.051 8 2471 3957 75
T 201.051 4 2470 3956 75
T 201.051 6 2469 3955 75
T 201.051 5 2469 3957 75
T 201.051 2 2469 3956 75
T 201.052 1 2469 3955 75
T 201.052 3 2469 3958 75
T 201.052 7 2468 3956 75
T 201.075 8 2472 3957 75
T 201.075 4 2471 3956 75
T 201.075 6 2470 3955 75
T 201.075 5 2470 3957 75
T 201.075 2 2470 3956 75
T 201.075 1 2470 3955 75
T 201.076 3 2470 3958 75
T 201.076 7 2469 3956 75
T 201.099 8 2473 3957 75
T 201.099 4 2472 3956 75
T 201.099 6 2471 3955 75
T 201.099 5 2471 3957 75
T 201.099 2 2471 3956 75
T 201.100 1 2471 3955 75
T 201.100 3 2471 3958 75
T 201.100 7 2470 3956 75
T 201.123 8 2474 3957 75
T 201.123 4 2473 3956 75
T 201.123 6 2472 3955 75
T 201.123 5 2472 3957 75
T 201.123 2 2472 3956 75
T 201.124 1 2472 3955 75
T 201.124 3 2472 3958 75
T 201.124 7 2471 3956 75
T 201.147 8 2475 3957 75
T 201.147 4 2474 3956 75
T 201.147 6 2473 3955 75
T 201.147 5 2473 3957 75
T 201.147 2 2473 3956 75
T 201.148 1 2473 3955 75
T 201.148 3 2473 3958 75
T 201.148 7 2472 3956 75
T 201.171 4 2475 3956 75
T 201.171 6 2474 3955 75
T 201.171 5 2474 3957 75
T 201.171 2 2474 3956 75
T 201.171 1 2474 3955 75
T 201.171 3 2474 3958 75
T 201.171 7 2473 3956 75
T 201.195 6 2475 3955 75
T 201.195 5 2475 3957 75
T 201.195 2 2475 3956 75
T 201.195 1 2475 3955 75
T 201.195 3 2475 3958 75
T 201.195 7 2474 3956 75
T 201.215 7 2475 3956 75
P 201.826 4
F 201.827 4 76
P 201.827 6
P 201.828 7
P 201.828 8
P 201.828 1
P 201.828 2
F 201.828 6 76
P 201.829 3
F 201.830 7 76
P 201.830 5
F 201.830 8 76
F 201.832 1 76
F 201.832 2 76
F 201.835 3 76
F 201.837 5 76
T 202.309 6 2476 4008 76
T 202.405 6 2477 4008 76
T 202.406 8 2476 4010 76
T 202.406 4 2476 4009 76
T 202.406 5 2476 4010 76
T 202.406 2 2476 4009 76
T 202.406 1 2476 4008 76
T 202.406 3 2476 4011 76
T 202.407 7 2476 4009 76
T 202.428 6 2478 4008 76
T 202.429 8 2477 4010 76
T 202.429 4 2477 4009 76
T 202.429 5 2477 4010 76
T 202.429 2 2477 4009 76
T 202.429 1 2477 4008 76
T 202.429 3 2477 4011 76
T 202.429 7 2477 4009 76
T 202.452 6 2479 4008 76
T 202.452 8 2478 4010 76
T 202.452 4 2478 4009 76
T 202.452 5 2478 4010 76
T 202.452 2 2478 4009 76
T 202.452 1 2478 4008 76
T 202.452 3 2478 4011 76
T 202.453 7 2478 4009 76
T 202.475 6 2480 4008 76
T 202.475 8 2479 4010 76
T 202.475 4 2479 4009 76
T 202.476 5 2479 4010 76
T 202.476 2 2479 4009 76
T 202.476 1 2479 4008 76
T 202.476 3 2479 4011 76
T 202.476 7 2479 4009 76
T 202.499 6 2481 4008 76
T 202.499 8 2480 4010 76
T 202.499 4 2480 4009 76
T 202.499 5 2480 4010 76
T 202.499 2 2480 4009 76
T 202.499 1 2480 4008 76
T 202.500 3 2480 4011 76
T 202.500 7 2480 4009 76
T 202.522 6 2482 4008 76
T 202.522 8 2481 4010 76
T 202.523 4 2481 4009 76
T 202.523 5 2481 4010 76
T 202.523 2 2481 4009 76
T 202.523 1 2481 4008 76
T 202.523 3 2481 4011 76
T 202.523 7 2481 4009 76
T 202.546 6 2483 4008 76
T 202.546 8 2482 4010 76
T 202.546 4 2482 4009 76
T 202.546 5 2482 4010 76
T 202.546 2 2482 4009 76
T 202.547 1 2482 4008 76
T 202.547 3 2482 4011 76
T 202.547 7 2482 4009 76
T 202.570 6 2484 4008 76
T 202.570 8 2483 4010 76
T 202.570 4 2483 4009 76
T 202.570 5 2483 4010 76
T 202.570 2 2483 4009 76
T 202.570 1 2483 4008 76
T 202.570 3 2483 4011 76
T 202.571 7 2483 4009 76
T 202.593 6 2485 4008 76
T 202.593 8 2484 4010 76
T 202.593 4 2484 4009 76
T 202.594 5 2484 4010 76
T 202.594 2 2484 4009 76
T 202.594 1 2484 4008 76
T 202.594 3 2484 4011 76
T 202.594 7 2484 4009 76
T 202.616 6 2486 4008 76
T 202.617 8 2485 4010 76
T 202.617 4 2485 4009 76
T 202.617 5 2485 4010 76
T 202.617 2 2485 4009 76
T 202.617 1 2485 4008 76
T 202.617 3 2485 4011 76
T 202.617 7 2485 4009 76
T 202.640 6 2487 4008 76
T 202.640 8 2486 4010 76
T 202.640 4 2486 4009 76
T 202.640 5 2486 4010 76
T 202.640 2 2486 4009 76
T 202.640 1 2486 4008 76
T 202.641 3 2486 4011 76
T 202.641 7 2486 4009 76
T 202.663 6 2488 4008 76
T 202.664 8 2487 4010 76
T 202.664 4 2487 4009 76
T 202.664 5 2487 4010 76
T 202.664 2 2487 4009 76
T 202.664 1 2487 4008 76
T 202.664 3 2487 4011 76
T 202.664 7 2487 4009 76
T 202.687 6 2489 4008 76
T 202.687 8 2488 4010 76
T 202.687 4 2488 4009 76
T 202.688 5 2488 4010 76
T 202.688 2 2488 4009 76
T 202.688 1 2488 4008 76
T 202.688 3 2488 4011 76
T 202.688 7 2488 4009 76
T 202.711 6 2490 4008 76
T 202.711 8 2489 4010 76
T 202.711 4 2489 4009 76
T 202.711 5 2489 4010 76
T 202.711 2 2489 4009 76
T 202.711 1 2489 4008 76
T 202.712 3 2489 4011 76
T 202.712 7 2489 4009 76
T 202.734 6 2491 4008 76
T 202.735 8 2490 4010 76
T 202.735 4 2490 4009 76
T 202.735 5 2490 4010 76
T 202.735 2 2490 4009 76
T 202.735 1 2490 4008 76
T 202.735 3 2490 4011 76
T 202.735 7 2490 4009 76
T 202.758 6 2492 4008 76
T 202.758 8 2491 4010 76
T 202.758 4 2491 4009 76
T 202.758 5 2491 4010 76
T 202.759 2 2491 4009 76
T 202.759 1 2491 4008 76
T 202.759 3 2491 4011 76
T 202.759 7 2491 4009 76
T 202.782 6 2493 4008 76
T 202.782 8 2492 4010 76
T 202.782 4 2492 4009 76
T 202.782 5 2492 4010 76
T 202.782 2 2492 4009 76
T 202.782 1 2492 4008 76
T 202.782 3 2492 4011 76
T 202.782 7 2492 4009 76
T 202.805 6 2494 4008 76
T 202.805 8 2493 4010 76
T 202.806 4 2493 4009 76
T 202.806 5 2493 4010 76
T 202.806 2 2493 4009 76
T 202.806 1 2493 4008 76
T 202.806 3 2493 4011 76
T 202.806 7 2493 4009 76
T 202.829 6 2495 4008 76
T 202.829 8 2494 4010 76
T 202.829 4 2494 4009 76
T 202.829 5 2494 4010 76
T 202.829 2 2494 4009 76
T 202.830 1 2494 4008 76
T 202.830 3 2494 4011 76
T 202.830 7 2494 4009 76
T 202.853 6 2496 4008 76
T 202.853 8 2495 4010 76
T 202.853 4 2495 4009 76
T 202.853 5 2495 4010 76
T 202.853 2 2495 4009 76
T 202.854 1 2495 4008 76
T 202.854 3 2495 4011 76
T 202.854 7 2495 4009 76
T 202.877 6 2497 4008 76
T 202.877 8 2496 4010 76
T 202.877 4 2496 4009 76
T 202.877 5 2496 4010 76
T 202.877 2 2496 4009 76
T 202.877 1 2496 4008 76
T 202.877 3 2496 4011 76
T 202.878 7 2496 4009 76
T 202.900 6 2498 4008 76
T 202.900 8 2497 4010 76
T 202.901 4 2497 4009 76
T 202.901 5 2497 4010 76
T 202.901 2 2497 4009 76
T 202.901 1 2497 4008 76
T 202.901 3 2497 4011 76
T 202.901 7 2497 4009 76
T 202.924 6 2499 4008 76
T 202.924 8 2498 4010 76
T 202.924 4 2498 4009 76
T 202.925 5 2498 4010 76
T 202.925 2 2498 4009 76
T 202.925 1 2498 4008 76
T 202.925 3 2498 4011 76
T 202.925 7 2498 4009 76
T 202.948 6 2500 4008 76
T 202.948 8 2499 4010 76
T 202.948 4 2499 4009 76
T 202.948 5 2499 4010 76
T 202.948 2 2499 4009 76
T 202.948 1 2499 4008 76
T 202.948 3 2499 4011 76
T 202.948 7 2499 4009 76
T 202.971 6 2501 4008 76
T 202.972 8 2500 4010 76
T 202.972 4 2500 4009 76
T 202.972 5 2500 4010 76
T 202.972 2 2500 4009 76
T 202.972 1 2500 4008 76
T 202.972 3 2500 4011 76
T 202.972 7 2500 4009 76
T 202.995 6 2502 4008 76
T 202.995 8 2501 4010 76
T 202.995 4 2501 4009 76
T 202.995 5 2501 4010 76
T 202.996 2 2501 4009 76
T 202.996 1 2501 4008 76
T 202.996 3 2501 4011 76
T 202.996 7 2501 4009 76
T 203.019 6 2503 4008 76
T 203.019 8 2502 4010 76
T 203.019 4 2502 4009 76
T 203.019 5 2502 4010 76
T 203.019 2 2502 4009 76
T 203.019 1 2502 4008 76
T 203.020 3 2502 4011 76
T 203.020 7 2502 4009 76
T 203.043 6 2504 4008 76
T 203.043 8 2503 4010 76
T 203.043 4 2503 4009 76
T 203.043 5 2503 4010 76
T 203.043 2 2503 4009 76
T 203.043 1 2503 4008 76
T 203.043 3 2503 4011 76
T 203.043 7 2503 4009 76
T 203.067 6 2505 4008 76
T 203.067 8 2504 4010 76
T 203.067 4 2504 4009 76
T 203.067 5 2504 4010 76
T 203.067 2 2504 4009 76
T 203.067 1 2504 4008 76
T 203.067 3 2504 4011 76
T 203.067 7 2504 4009 76
T 203.091 6 2506 4008 76
T 203.091 8 2505 4010 76
T 203.091 4 2505 4009 76
T 203.091 5 2505 4010 76
T 203.091 2 2505 4009 76
T 203.091 1 2505 4008 76
T 203.092 3 2505 4011 76
T 203.092 7 2505 4009 76
T 203.115 6 2507 4008 76
T 203.115 8 2506 4010 76
T 203.115 4 2506 4009 76
T 203.116 5 2506 4010 76
T 203.116 2 2506 4009 76
T 203.116 1 2506 4008 76
T 203.116 3 2506 4011 76
T 203.116 7 2506 4009 76
T 203.140 6 2508 4008 76
T 203.140 8 2507 4010 76
T 203.140 4 2507 4009 76
T 203.140 5 2507 4010 76
T 203.140 2 2507 4009 76
T 203.140 1 2507 4008 76
T 203.140 3 2507 4011 76
T 203.140 7 2507 4009 76
T 203.164 8 2508 4010 76
T 203.164 4 2508 4009 76
T 203.164 5 2508 4010 76
T 203.164 2 2508 4009 76
T 203.164 1 2508 4008 76
T 203.164 3 2508 4011 76
T 203.165 7 2508 4009 76
P 203.825 1
P 203.825 2
F 203.826 1 77
P 203.826 3
F 203.827 2 77
P 203.828 5
P 203.829 4
P 203.829 6
F 203.829 3 77
P 203.829 7
F 203.830 5 77
P 203.832 8
F 203.832 4 77
F 203.834 6 77
F 203.836 7 77
F 203.837 8 77
T 204.256 2 2509 4062 77
T 204.342 2 2510 4062 77
T 204.343 4 2509 4062 77
T 204.343 5 2509 4063 77
T 204.343 1 2509 4061 77
T 204.343 3 2509 4064 77
T 204.414 2 2511 4062 77
T 204.414 4 2510 4062 77
T 204.414 5 2510 4063 77
T 204.415 1 2510 4061 77
T 204.415 3 2510 4064 77
T 204.415 6 2509 4061 77
T 204.415 7 2509 4062 77
T 204.440 2 2512 4062 77
T 204.440 4 2511 4062 77
T 204.440 5 2511 4063 77
T 204.441 1 2511 4061 77
T 204.441 3 2511 4064 77
T 204.441 6 2510 4061 77
T 204.441 7 2510 4062 77
T 204.441 8 2509 4063 77
T 204.464 2 2513 4062 77
T 204.464 4 2512 4062 77
T 204.464 5 2512 4063 77
T 204.464 1 2512 4061 77
T 204.464 3 2512 4064 77
T 204.464 6 2511 4061 77
T 204.464 7 2511 4062 77
T 204.465 8 2510 4063 77
T 204.487 2 2514 4062 77
T 204.487 4 2513 4062 77
T 204.487 5 2513 4063 77
T 204.487 1 2513 4061 77
T 204.488 3 2513 4064 77
T 204.488 6 2512 4061 77
T 204.488 7 2512 4062 77
T 204.488 8 2511 4063 77
T 204.511 2 2515 4062 77
T 204.511 4 2514 4062 77
T 204.511 5 2514 4063 77
T 204.511 1 2514 4061 77
T 204.511 3 2514 4064 77
T 204.511 6 2513 4061 77
T 204.511 7 2513 4062 77
T 204.512 8 2512 4063 77
T 204.534 2 2516 4062 77
T 204.534 4 2515 4062 77
T 204.535 5 2515 4063 77
T 204.535 1 2515 4061 77
T 204.535 3 2515 4064 77
T 204.535 6 2514 4061 77
T 204.535 7 2514 4062 77
T 204.535 8 2513 4063 77
T 204.558 2 2517 4062 77
T 204.558 4 2516 4062 77
T 204.558 5 2516 4063 77
T 204.558 1 2516 4061 77
T 204.558 3 2516 4064 77
T 204.558 6 2515 4061 77
T 204.559 7 2515 4062 77
T 204.559 8 2514 4063 77
T 204.581 2 2518 4062 77
T 204.582 4 2517 4062 77
T 204.582 5 2517 4063 77
T 204.582 1 2517 4061 77
T 204.582 3 2517 4064 77
T 204.582 6 2516 4061 77
T 204.582 7 2516 4062 77
T 204.582 8 2515 4063 77
T 204.605 2 2519 4062 77
T 204.606 4 2518 4062 77
T 204.606 5 2518 4063 77
T 204.606 1 2518 4061 77
T 204.606 3 2518 4064 77
T 204.606 6 2517 4061 77
T 204.606 7 2517 4062 77
T 204.606 8 2516 4063 77
T 204.629 2 2520 4062 77
T 204.629 4 2519 4062 77
T 204.629 5 2519 4063 77
T 204.629 1 2519 4061 77
T 204.629 3 2519 4064 77
T 204.630 6 2518 4061 77
T 204.630 7 2518 4062 77
T 204.630 8 2517 4063 77
T 204.653 2 2521 4062 77
T 204.653 4 2520 4062 77
T 204.653 5 2520 4063 77
T 204.653 1 2520 4061 77
T 204.653 3 2520 4064 77
T 204.653 6 2519 4061 77
T 204.653 7 2519 4062 77
T 204.654 8 2518 4063 77
T 204.676 2 2522 4062 77
T 204.676 4 2521 4062 77
T 204.676 5 2521 4063 77
T 204.676 1 2521 4061 77
T 204.677 3 2521 4064 77
T 204.677 6 2520 4061 77
T 204.677 7 2520 4062 77
T 204.677 8 2519 4063 77
T 204.701 2 2523 4062 77
T 204.701 4 2522 4062 77
T 204.701 5 2522 4063 77
T 204.701 1 2522 4061 77
T 204.702 3 2522 4064 77
T 204.702 6 2521 4061 77
T 204.702 7 2521 4062 77
T 204.702 8 2520 4063 77
T 204.723 2 2524 4062 77
T 204.723 4 2523 4062 77
T 204.724 5 2523 4063 77
T 204.724 1 2523 4061 77
T 204.724 3 2523 4064 77
T 204.724 6 2522 4061 77
T 204.724 7 2522 4062 77
T 204.724 8 2521 4063 77
T 204.747 2 2525 4062 77
T 204.747 4 2524 4062 77
T 204.747 5 2524 4063 77
T 204.747 1 2524 4061 77
T 204.748 3 2524 4064 77
T 204.748 6 2523 4061 77
T 204.748 7 2523 4062 77
T 204.748 8 2522 4063 77
T 204.771 2 2526 4062 77
T 204.771 4 2525 4062 77
T 204.771 5 2525 4063 77
T 204.772 1 2525 4061 77
T 204.772 3 2525 4064 77
T 204.772 6 2524 4061 77
T 204.772 7 2524 4062 77
T 204.772 8 2523 4063 77
T 204.794 2 2527 4062 77
T 204.795 4 2526 4062 77
T 204.795 5 2526 4063 77
T 204.795 1 2526 4061 77
T 204.795 3 2526 4064 77
T 204.795 6 2525 4061 77
T 204.795 7 2525 4062 77
T 204.795 8 2524 4063 77
T 204.818 2 2528 4062 77
T 204.818 4 2527 4062 77
T 204.818 5 2527 4063 77
T 204.818 1 2527 4061 77
T 204.819 3 2527 4064 77
T 204.819 6 2526 4061 77
T 204.819 7 2526 4062 77
T 204.819 8 2525 4063 77
T 204.842 2 2529 4062 77
T 204.842 4 2528 4062 77
T 204.842 5 2528 4063 77
T 204.842 1 2528 4061 77
T 204.842 3 2528 4064 77
T 204.842 6 2527 4061 77
T 204.842 7 2527 4062 77
T 204.843 8 2526 4063 77
T 204.865 2 2530 4062 77
T 204.865 4 2529 4062 77
T 204.866 5 2529 4063 77
T 204.866 1 2529 4061 77
T 204.866 3 2529 4064 77
T 204.866 6 2528 4061 77
T 204.866 7 2528 4062 77
T 204.866 8 2527 4063 77
T 204.889 2 2531 4062 77
T 204.889 4 2530 4062 77
T 204.889 5 2530 4063 77
T 204.889 1 2530 4061 77
T 204.889 3 2530 4064 77
T 204.890 6 2529 4061 77
T 204.890 7 2529 4062 77
T 204.890 8 2528 4063 77
T 204.913 2 2532 4062 77
T 204.913 4 2531 4062 77
T 204.913 5 2531 4063 77
T 204.913 1 2531 4061 77
T 204.913 3 2531 4064 77
T 204.913 6 2530 4061 77
T 204.914 7 2530 4062 77
T 204.914 8 2529 4063 77
T 204.936 2 2533 4062 77
T 204.936 4 2532 4062 77
T 204.937 5 2532 4063 77
T 204.937 1 2532 4061 77
T 204.937 3 2532 4064 77
T 204.937 6 2531 4061 77
T 204.937 7 2531 4062 77
T 204.937 8 2530 4063 77
T 204.960 2 2534 4062 77
T 204.960 4 2533 4062 77
T 204.960 5 2533 4063 77
T 204.960 1 2533 4061 77
T 204.960 3 2533 4064 77
T 204.960 6 2532 4061 77
T 204.960 7 2532 4062 77
T 204.961 8 2531 4063 77
T 204.983 2 2535 4062 77
T 204.983 4 2534 4062 77
T 204.984 5 2534 4063 77
T 204.984 1 2534 4061 77
T 204.984 3 2534 4064 77
T 204.984 6 2533 4061 77
T 204.984 7 2533 4062 77
T 204.984 8 2532 4063 77
T 205.007 2 2536 4062 77
T 205.007 4 2535 4062 77
T 205.007 5 2535 4063 77
T 205.008 1 2535 4061 77
T 205.008 3 2535 4064 77
T 205.008 6 2534 4061 77
T 205.008 7 2534 4062 77
T 205.008 8 2533 4063 77
T 205.032 2 2537 4062 77
T 205.032 4 2536 4062 77
T 205.032 5 2536 4063 77
T 205.032 1 2536 4061 77
T 205.032 3 2536 4064 77
T 205.032 6 2535 4061 77
T 205.032 7 2535 4062 77
T 205.033 8 2534 4063 77
T 205.056 2 2538 4062 77
T 205.056 4 2537 4062 77
T 205.056 5 2537 4063 77
T 205.056 1 2537 4061 77
T 205.056 3 2537 4064 77
T 205.056 6 2536 4061 77
T 205.057 7 2536 4062 77
T 205.057 8 2535 4063 77
T 205.080 2 2539 4062 77
T 205.080 4 2538 4062 77
T 205.080 5 2538 4063 77
T 205.081 1 2538 4061 77
T 205.081 3 2538 4064 77
T 205.081 6 2537 4061 77
T 205.081 7 2537 4062 77
T 205.081 8 2536 4063 77
T 205.105 2 2540 4062 77
T 205.105 4 2539 4062 77
T 205.105 5 2539 4063 77
T 205.105 1 2539 4061 77
T 205.105 3 2539 4064 77
T 205.105 6 2538 4061 77
T 205.105 7 2538 4062 77
T 205.106 8 2537 4063 77
T 205.129 2 2541 4062 77
T 205.129 4 2540 4062 77
T 205.129 5 2540 4063 77
T 205.129 1 2540 4061 77
T 205.130 3 2540 4064 77
T 205.130 6 2539 4061 77
T 205.130 7 2539 4062 77
T 205.130 8 2538 4063 77
T 205.153 4 2541 4062 77
T 205.153 5 2541 4063 77
T 205.153 1 2541 4061 77
T 205.154 3 2541 4064 77
T 205.154 6 2540 4061 77
T 205.154 7 2540 4062 77
T 205.154 8 2539 4063 77
T 205.176 6 2541 4061 77
T 205.176 7 2541 4062 77
T 205.176 8 2540 4063 77
T 205.196 8 2541 4063 77
P 205.828 1
F 205.829 1 78
P 205.829 2
F 205.831 2 78
P 205.832 3
F 205.833 3 78
P 205.833 5
F 205.835 5 78
P 205.836 4
F 205.838 4 78
P 205.838 6
F 205.839 6 78
P 205.839 7
F 205.841 7 78
P 205.841 8
F 205.844 8 78
T 206.273 2 2542 4115 78
T 206.355 2 2543 4115 78
T 206.356 1 2542 4114 78
T 206.356 3 2542 4117 78
T 206.356 6 2542 4114 78
T 206.420 2 2544 4115 78
T 206.420 1 2543 4114 78
T 206.421 3 2543 4117 78
T 206.421 6 2543 4114 78
T 206.421 4 2542 4115 78
T 206.421 5 2542 4116 78
T 206.421 7 2542 4115 78
T 206.421 8 2542 4116 78
T 206.443 2 2545 4115 78
T 206.444 1 2544 4114 78
T 206.444 3 2544 4117 78
T 206.444 6 2544 4114 78
T 206.444 4 2543 4115 78
T 206.444 5 2543 4116 78
T 206.444 7 2543 4115 78
T 206.444 8 2543 4116 78
T 206.466 2 2546 4115 78
T 206.466 1 2545 4114 78
T 206.467 3 2545 4117 78
T 206.467 6 2545 4114 78
T 206.467 4 2544 4115 78
T 206.467 5 2544 4116 78
T 206.467 7 2544 4115 78
T 206.467 8 2544 4116 78
T 206.491 2 2547 4115 78
T 206.491 1 2546 4114 78
T 206.491 3 2546 4117 78
T 206.491 6 2546 4114 78
T 206.491 4 2545 4115 78
T 206.491 5 2545 4116 78
T 206.491 7 2545 4115 78
T 206.492 8 2545 4116 78
T 206.514 2 2548 4115 78
T 206.514 1 2547 4114 78
T 206.514 3 2547 4117 78
T 206.514 6 2547 4114 78
T 206.515 4 2546 4115 78
T 206.515 5 2546 4116 78
T 206.515 7 2546 4115 78
T 206.515 8 2546 4116 78
T 206.538 2 2549 4115 78
T 206.538 1 2548 4114 78
T 206.538 3 2548 4117 78
T 206.538 6 2548 4114 78
T 206.538 4 2547 4115 78
T 206.538 5 2547 4116 78
T 206.538 7 2547 4115 78
T 206.538 8 2547 4116 78
T 206.561 2 2550 4115 78
T 206.561 1 2549 4114 78
T 206.562 3 2549 4117 78
T 206.562 6 2549 4114 78
T 206.562 4 2548 4115 78
T 206.562 5 2548 4116 78
T 206.562 7 2548 4115 78
T 206.562 8 2548 4116 78
T 206.585 2 2551 4115 78
T 206.585 1 2550 4114 78
T 206.585 3 2550 4117 78
T 206.586 6 2550 4114 78
T 206.586 4 2549 4115 78
T 206.586 5 2549 4116 78
T 206.586 7 2549 4115 78
T 206.586 8 2549 4116 78
T 206.609 2 2552 4115 78
T 206.609 1 2551 4114 78
T 206.609 3 2551 4117 78
T 206.609 6 2551 4114 78
T 206.609 4 2550 4115 78
T 206.610 5 2550 4116 78
T 206.610 7 2550 4115 78
T 206.610 8 2550 4116 78
T 206.633 2 2553 4115 78
T 206.633 1 2552 4114 78
T 206.633 3 2552 4117 78
T 206.633 6 2552 4114 78
T 206.633 4 2551 4115 78
T 206.633 5 2551 4116 78
T 206.634 7 2551 4115 78
T 206.634 8 2551 4116 78
T 206.656 2 2554 4115 78
T 206.656 1 2553 4114 78
T 206.656 3 2553 4117 78
T 206.657 6 2553 4114 78
T 206.657 4 2552 4115 78
T 206.657 5 2552 4116 78
T 206.657 7 2552 4115 78
T 206.657 8 2552 4116 78
T 206.680 2 2555 4115 78
T 206.680 1 2554 4114 78
T 206.680 3 2554 4117 78
T 206.680 6 2554 4114 78
T 206.681 4 2553 4115 78
T 206.681 5 2553 4116 78
T 206.681 7 2553 4115 78
T 206.681 8 2553 4116 78
T 206.704 2 2556 4115 78
T 206.704 1 2555 4114 78
T 206.704 3 2555 4117 78
T 206.704 6 2555 4114 78
T 206.704 4 2554 4115 78
T 206.704 5 2554 4116 78
T 206.705 7 2554 4115 78
T 206.705 8 2554 4116 78
T 206.727 2 2557 4115 78
T 206.727 1 2556 4114 78
T 206.728 3 2556 4117 78
T 206.728 6 2556 4114 78
T 206.728 4 2555 4115 78
T 206.728 5 2555 4116 78
T 206.728 7 2555 4115 78
T 206.728 8 2555 4116 78
T 206.751 2 2558 4115 78
T 206.751 1 2557 4114 78
T 206.751 3 2557 4117 78
T 206.751 6 2557 4114 78
T 206.752 4 2556 4115 78
T 206.752 5 2556 4116 78
T 206.752 7 2556 4115 78
T 206.752 8 2556 4116 78
T 206.775 2 2559 4115 78
T 206.775 1 2558 4114 78
T 206.775 3 2558 4117 78
T 206.775 6 2558 4114 78
T 206.775 4 2557 4115 78
T 206.775 5 2557 4116 78
T 206.775 7 2557 4115 78
T 206.776 8 2557 4116 78
T 206.798 2 2560 4115 78
T 206.799 1 2559 4114 78
T 206.799 3 2559 4117 78
T 206.799 6 2559 4114 78
T 206.799 4 2558 4115 78
T 206.799 5 2558 4116 78
T 206.799 7 2558 4115 78
T 206.799 8 2558 4116 78
T 206.822 2 2561 4115 78
T 206.822 1 2560 4114 78
T 206.823 3 2560 4117 78
T 206.823 6 2560 4114 78
T 206.823 4 2559 4115 78
T 206.823 5 2559 4116 78
T 206.823 7 2559 4115 78
T 206.823 8 2559 4116 78
T 206.846 2 2562 4115 78
T 206.846 1 2561 4114 78
T 206.846 3 2561 4117 78
T 206.846 6 2561 4114 78
T 206.847 4 2560 4115 78
T 206.847 5 2560 4116 78
T 206.847 7 2560 4115 78
T 206.847 8 2560 4116 78
T 206.870 2 2563 4115 78
T 206.870 1 2562 4114 78
T 206.870 3 2562 4117 78
T 206.870 6 2562 4114 78
T 206.870 4 2561 4115 78
T 206.871 5 2561 4116 78
T 206.871 7 2561 4115 78
T 206.871 8 2561 4116 78
T 206.893 2 2564 4115 78
T 206.893 1 2563 4114 78
T 206.894 3 2563 4117 78
T 206.894 6 2563 4114 78
T 206.894 4 2562 4115 78
T 206.894 5 2562 4116 78
T 206.894 7 2562 4115 78
T 206.894 8 2562 4116 78
T 206.918 2 2565 4115 78
T 206.918 1 2564 4114 78
T 206.919 3 2564 4117 78
T 206.919 6 2564 4114 78
T 206.919 4 2563 4115 78
T 206.919 5 2563 4116 78
T 206.919 7 2563 4115 78
T 206.919 8 2563 4116 78
T 206.941 2 2566 4115 78
T 206.941 1 2565 4114 78
T 206.941 3 2565 4117 78
T 206.942 6 2565 4114 78
T 206.942 4 2564 4115 78
T 206.942 5 2564 4116 78
T 206.942 7 2564 4115 78
T 206.942 8 2564 4116 78
T 206.965 2 2567 4115 78
T 206.965 1 2566 4114 78
T 206.965 3 2566 4117 78
T 206.965 6 2566 4114 78
T 206.965 4 2565 4115 78
T 206.965 5 2565 4116 78
T 206.965 7 2565 4115 78
T 206.966 8 2565 4116 78
T 206.988 2 2568 4115 78
T 206.988 1 2567 4114 78
T 206.989 3 2567 4117 78
T 206.989 6 2567 4114 78
T 206.989 4 2566 4115 78
T 206.989 5 2566 4116 78
T 206.989 7 2566 4115 78
T 206.989 8 2566 4116 78
T 207.012 2 2569 4115 78
T 207.013 1 2568 4114 78
T 207.013 3 2568 4117 78
T 207.013 6 2568 4114 78
T 207.013 4 2567 4115 78
T 207.013 5 2567 4116 78
T 207.013 7 2567 4115 78
T 207.013 8 2567 4116 78
T 207.036 2 2570 4115 78
T 207.036 1 2569 4114 78
T 207.037 3 2569 4117 78
T 207.037 6 2569 4114 78
T 207.037 4 2568 4115 78
T 207.037 5 2568 4116 78
T 207.037 7 2568 4115 78
T 207.037 8 2568 4116 78
T 207.060 2 2571 4115 78
T 207.061 1 2570 4114 78
T 207.061 3 2570 4117 78
T 207.061 6 2570 4114 78
T 207.061 4 2569 4115 78
T 207.061 5 2569 4116 78
T 207.061 7 2569 4115 78
T 207.061 8 2569 4116 78
T 207.085 2 2572 4115 78
T 207.085 1 2571 4114 78
T 207.085 3 2571 4117 78
T 207.085 6 2571 4114 78
T 207.085 4 2570 4115 78
T 207.085 5 2570 4116 78
T 207.085 7 2570 4115 78
T 207.085 8 2570 4116 78
T 207.109 2 2573 4115 78
T 207.109 1 2572 4114 78
T 207.109 3 2572 4117 78
T 207.109 6 2572 4114 78
T 207.109 4 2571 4115 78
T 207.109 5 2571 4116 78
T 207.110 7 2571 4115 78
T 207.110 8 2571 4116 78
T 207.133 2 2574 4115 78
T 207.133 1 2573 4114 78
T 207.134 3 2573 4117 78
T 207.134 6 2573 4114 78
T 207.134 4 2572 4115 78
T 207.134 5 2572 4116 78
T 207.134 7 2572 4115 78
T 207.134 8 2572 4116 78
T 207.158 1 2574 4114 78
T 207.158 3 2574 4117 78
T 207.158 6 2574 4114 78
T 207.158 4 2573 4115 78
T 207.158 5 2573 4116 78
T 207.158 7 2573 4115 78
T 207.158 8 2573 4116 78
T 207.180 4 2574 4115 78
T 207.180 5 2574 4116 78
T 207.180 7 2574 4115 78
T 207.180 8 2574 4116 78
P 207.827 1
F 207.827 1 79
P 207.827 2
F 207.829 2 79
P 207.829 3
F 207.829 3 79
P 207.830 5
F 207.832 5 79
P 207.832 4
P 207.833 6
F 207.833 4 79
P 207.833 7
F 207.834 6 79
P 207.835 8
F 207.836 7 79
F 207.838 8 79
T 208.337 6 2575 4167 79
T 208.493 6 2576 4167 79
T 208.493 1 2575 4167 79
T 208.493 3 2575 4170 79
T 208.494 4 2575 4168 79
T 208.494 5 2575 4169 79
T 208.494 7 2575 4168 79
T 208.494 8 2575 4169 79
T 208.508 6 2577 4167 79
T 208.509 1 2576 4167 79
T 208.509 3 2576 4170 79
T 208.509 4 2576 4168 79
T 208.509 5 2576 4169 79
T 208.509 7 2576 4168 79
T 208.509 8 2576 4169 79
T 208.509 2 2575 4168 79
T 208.532 6 2578 4167 79
T 208.532 1 2577 4167 79
T 208.532 3 2577 4170 79
T 208.532 4 2577 4168 79
T 208.532 5 2577 4169 79
T 208.532 7 2577 4168 79
T 208.532 8 2577 4169 79
T 208.533 2 2576 4168 79
T 208.555 6 2579 4167 79
T 208.555 1 2578 4167 79
T 208.555 3 2578 4170 79
T 208.556 4 2578 4168 79
T 208.556 5 2578 4169 79
T 208.556 7 2578 4168 79
T 208.556 8 2578 4169 79
T 208.556 2 2577 4168 79
T 208.579 6 2580 4167 79
T 208.579 1 2579 4167 79
T 208.579 3 2579 4170 79
T 208.579 4 2579 4168 79
T 208.579 5 2579 4169 79
T 208.579 7 2579 4168 79
T 208.580 8 2579 4169 79
T 208.580 2 2578 4168 79
T 208.603 6 2581 4167 79
T 208.603 1 2580 4167 79
T 208.603 3 2580 4170 79
T 208.604 4 2580 4168 79
T 208.604 5 2580 4169 79
T 208.604 7 2580 4168 79
T 208.604 8 2580 4169 79
T 208.604 2 2579 4168 79
T 208.626 6 2582 4167 79
T 208.627 1 2581 4167 79
T 208.627 3 2581 4170 79
T 208.627 4 2581 4168 79
T 208.627 5 2581 4169 79
T 208.627 7 2581 4168 79
T 208.627 8 2581 4169 79
T 208.627 2 2580 4168 79
T 208.650 6 2583 4167 79
T 208.650 1 2582 4167 79
T 208.650 3 2582 4170 79
T 208.651 4 2582 4168 79
T 208.651 5 2582 4169 79
T 208.651 7 2582 4168 79
T 208.651 8 2582 4169 79
T 208.651 2 2581 4168 79
T 208.674 6 2584 4167 79
T 208.674 1 2583 4167 79
T 208.674 3 2583 4170 79
T 208.674 4 2583 4168 79
T 208.674 5 2583 4169 79
T 208.674 7 2583 4168 79
T 208.675 8 2583 4169 79
T 208.675 2 2582 4168 79
T 208.697 6 2585 4167 79
T 208.698 1 2584 4167 79
T 208.698 3 2584 4170 79
T 208.698 4 2584 4168 79
T 208.698 5 2584 4169 79
T 208.698 7 2584 4168 79
T 208.698 8 2584 4169 79
T 208.698 2 2583 4168 79
T 208.721 6 2586 4167 79
T 208.721 1 2585 4167 79
T 208.721 3 2585 4170 79
T 208.721 4 2585 4168 79
T 208.722 5 2585 4169 79
T 208.722 7 2585 4168 79
T 208.722 8 2585 4169 79
T 208.722 2 2584 4168 79
T 208.745 6 2587 4167 79
T 208.745 1 2586 4167 79
T 208.745 3 2586 4170 79
T 208.745 4 2586 4168 79
T 208.745 5 2586 4169 79
T 208.746 7 2586 4168 79
T 208.746 8 2586 4169 79
T 208.746 2 2585 4168 79
T 208.769 6 2588 4167 79
T 208.769 1 2587 4167 79
T 208.769 3 2587 4170 79
T 208.769 4 2587 4168 79
T 208.769 5 2587 4169 79
T 208.769 7 2587 4168 79
T 208.769 8 2587 4169 79
T 208.769 2 2586 4168 79
T 208.792 6 2589 4167 79
T 208.792 1 2588 4167 79
T 208.792 3 2588 4170 79
T 208.793 4 2588 4168 79
T 208.793 5 2588 4169 79
T 208.793 7 2588 4168 79
T 208.793 8 2588 4169 79
T 208.793 2 2587 4168 79
T 208.816 6 2590 4167 79
T 208.816 1 2589 4167 79
T 208.816 3 2589 4170 79
T 208.816 4 2589 4168 79
T 208.816 5 2589 4169 79
T 208.817 7 2589 4168 79
T 208.817 8 2589 4169 79
T 208.817 2 2588 4168 79
T 208.841 6 2591 4167 79
T 208.841 1 2590 4167 79
T 208.841 3 2590 4170 79
T 208.841 4 2590 4168 79
T 208.841 5 2590 4169 79
T 208.841 7 2590 4168 79
T 208.842 8 2590 4169 79
T 208.842 2 2589 4168 79
T 208.863 6 2592 4167 79
T 208.863 1 2591 4167 79
T 208.863 3 2591 4170 79
T 208.864 4 2591 4168 79
T 208.864 5 2591 4169 79
T 208.864 7 2591 4168 79
T 208.864 8 2591 4169 79
T 208.864 2 2590 4168 79
T 208.887 6 2593 4167 79
T 208.887 1 2592 4167 79
T 208.887 3 2592 4170 79
T 208.887 4 2592 4168 79
T 208.888 5 2592 4169 79
T 208.888 7 2592 4168 79
T 208.888 8 2592 4169 79
T 208.888 2 2591 4168 79
T 208.911 6 2594 4167 79
T 208.911 1 2593 4167 79
T 208.911 3 2593 4170 79
T 208.911 4 2593 4168 79
T 208.911 5 2593 4169 79
T 208.911 7 2593 4168 79
T 208.911 8 2593 4169 79
T 208.911 2 2592 4168 79
T 208.934 6 2595 4167 79
T 208.935 1 2594 4167 79
T 208.935 3 2594 4170 79
T 208.935 4 2594 4168 79
T 208.935 5 2594 4169 79
T 208.935 7 2594 4168 79
T 208.935 8 2594 4169 79
T 208.935 2 2593 4168 79
T 208.958 6 2596 4167 79
T 208.958 1 2595 4167 79
T 208.959 3 2595 4170 79
T 208.959 4 2595 4168 79
T 208.959 5 2595 4169 79
T 208.959 7 2595 4168 79
T 208.959 8 2595 4169 79
T 208.959 2 2594 4168 79
T 208.982 6 2597 4167 79
T 208.982 1 2596 4167 79
T 208.982 3 2596 4170 79
T 208.982 4 2596 4168 79
T 208.982 5 2596 4169 79
T 208.983 7 2596 4168 79
T 208.983 8 2596 4169 79
T 208.983 2 2595 4168 79
T 209.006 6 2598 4167 79
T 209.006 1 2597 4167 79
T 209.006 3 2597 4170 79
T 209.006 4 2597 4168 79
T 209.006 5 2597 4169 79
T 209.006 7 2597 4168 79
T 209.006 8 2597 4169 79
T 209.007 2 2596 4168 79
T 209.029 6 2599 4167 79
T 209.030 1 2598 4167 79
T 209.030 3 2598 4170 79
T 209.030 4 2598 4168 79
T 209.030 5 2598 4169 79
T 209.030 7 2598 4168 79
T 209.030 8 2598 4169 79
T 209.030 2 2597 4168 79
T 209.053 6 2600 4167 79
T 209.053 1 2599 4167 79
T 209.053 3 2599 4170 79
T 209.053 4 2599 4168 79
T 209.054 5 2599 4169 79
T 209.054 7 2599 4168 79
T 209.054 8 2599 4169 79
T 209.054 2 2598 4168 79
T 209.077 6 2601 4167 79
T 209.077 1 2600 4167 79
T 209.077 3 2600 4170 79
T 209.077 4 2600 4168 79
T 209.077 5 2600 4169 79
T 209.077 7 2600 4168 79
T 209.077 8 2600 4169 79
T 209.078 2 2599 4168 79
T 209.101 6 2602 4167 79
T 209.101 1 2601 4167 79
T 209.101 3 2601 4170 79
T 209.101 4 2601 4168 79
T 209.101 5 2601 4169 79
T 209.101 7 2601 4168 79
T 209.101 8 2601 4169 79
T 209.101 2 2600 4168 79
T 209.125 6 2603 4167 79
T 209.125 1 2602 4167 79
T 209.125 3 2602 4170 79
T 209.125 4 2602 4168 79
T 209.125 5 2602 4169 79
T 209.125 7 2602 4168 79
T 209.125 8 2602 4169 79
T 209.126 2 2601 4168 79
T 209.149 6 2604 4167 79
T 209.149 1 2603 4167 79
T 209.149 3 2603 4170 79
T 209.149 4 2603 4168 79
T 209.149 5 2603 4169 79
T 209.149 7 2603 4168 79
T 209.150 8 2603 4169 79
T 209.150 2 2602 4168 79
T 209.173 6 2605 4167 79
T 209.173 1 2604 4167 79
T 209.174 3 2604 4170 79
T 209.174 4 2604 4168 79
T 209.174 5 2604 4169 79
T 209.174 7 2604 4168 79
T 209.174 8 2604 4169 79
T 209.174 2 2603 4168 79
T 209.198 6 2606 4167 79
T 209.198 1 2605 4167 79
T 209.198 3 2605 4170 79
T 209.198 4 2605 4168 79
T 209.198 5 2605 4169 79
T 209.198 7 2605 4168 79
T 209.198 8 2605 4169 79
T 209.199 2 2604 4168 79
T 209.222 6 2607 4167 79
T 209.222 1 2606 4167 79
T 209.222 3 2606 4170 79
T 209.222 4 2606 4168 79
T 209.222 5 2606 4169 79
T 209.222 7 2606 4168 79
T 209.223 8 2606 4169 79
T 209.223 2 2605 4168 79
T 209.246 1 2607 4167 79
T 209.246 3 2607 4170 79
T 209.246 4 2607 4168 79
T 209.247 5 2607 4169 79
T 209.247 7 2607 4168 79
T 209.247 8 2607 4169 79
T 209.247 2 2606 4168 79
T 209.267 2 2607 4168 79
P 209.830 1
F 209.830 1 80
P 209.830 2
F 209.831 2 80
P 209.833 3
F 209.833 3 80
F 209.834 5 80
P 209.837 5
P 209.838 4
P 209.838 6
P 209.838 7
P 209.838 8
F 209.838 4 80
F 209.840 6 80
F 209.841 7 80
F 209.843 8 80
T 210.268 2 2608 4221 80
T 210.329 2 2609 4221 80
T 210.329 3 2608 4223 80
T 210.434 2 2610 4221 80
T 210.435 3 2609 4223 80
T 210.435 6 2608 4220 80
T 210.435 1 2608 4220 80
T 210.435 4 2608 4221 80
T 210.435 5 2608 4222 80
T 210.436 7 2608 4221 80
T 210.436 8 2608 4222 80
T 210.457 2 2611 4221 80
T 210.457 3 2610 4223 80
T 210.458 6 2609 4220 80
T 210.458 1 2609 4220 80
T 210.458 4 2609 4221 80
T 210.458 5 2609 4222 80
T 210.458 7 2609 4221 80
T 210.458 8 2609 4222 80
T 210.480 2 2612 4221 80
T 210.481 3 2611 4223 80
T 210.481 6 2610 4220 80
T 210.481 1 2610 4220 80
T 210.481 4 2610 4221 80
T 210.481 5 2610 4222 80
T 210.481 7 2610 4221 80
T 210.481 8 2610 4222 80
T 210.504 2 2613 4221 80
T 210.504 3 2612 4223 80
T 210.505 6 2611 4220 80
T 210.505 1 2611 4220 80
T 210.505 4 2611 4221 80
T 210.505 5 2611 4222 80
T 210.505 7 2611 4221 80
T 210.505 8 2611 4222 80
T 210.528 2 2614 4221 80
T 210.528 3 2613 4223 80
T 210.528 6 2612 4220 80
T 210.528 1 2612 4220 80
T 210.528 4 2612 4221 80
T 210.529 5 2612 4222 80
T 210.529 7 2612 4221 80
T 210.529 8 2612 4222 80
T 210.551 2 2615 4221 80
T 210.552 3 2614 4223 80
T 210.552 6 2613 4220 80
T 210.552 1 2613 4220 80
T 210.552 4 2613 4221 80
T 210.552 5 2613 4222 80
T 210.552 7 2613 4221 80
T 210.552 8 2613 4222 80
T 210.575 2 2616 4221 80
T 210.575 3 2615 4223 80
T 210.575 6 2614 4220 80
T 210.575 1 2614 4220 80
T 210.575 4 2614 4221 80
T 210.576 5 2614 4222 80
T 210.576 7 2614 4221 80
T 210.576 8 2614 4222 80
T 210.599 2 2617 4221 80
T 210.599 3 2616 4223 80
T 210.599 6 2615 4220 80
T 210.599 1 2615 4220 80
T 210.599 4 2615 4221 80
T 210.599 5 2615 4222 80
T 210.599 7 2615 4221 80
T 210.600 8 2615 4222 80
T 210.622 2 2618 4221 80
T 210.623 3 2617 4223 80
T 210.623 6 2616 4220 80
T 210.623 1 2616 4220 80
T 210.623 4 2616 4221 80
T 210.623 5 2616 4222 80
T 210.623 7 2616 4221 80
T 210.623 8 2616 4222 80
T 210.646 2 2619 4221 80
T 210.646 3 2618 4223 80
T 210.646 6 2617 4220 80
T 210.647 1 2617 4220 80
T 210.647 4 2617 4221 80
T 210.647 5 2617 4222 80
T 210.647 7 2617 4221 80
T 210.647 8 2617 4222 80
T 210.670 2 2620 4221 80
T 210.670 3 2619 4223 80
T 210.670 6 2618 4220 80
T 210.670 1 2618 4220 80
T 210.670 4 2618 4221 80
T 210.671 5 2618 4222 80
T 210.671 7 2618 4221 80
T 210.671 8 2618 4222 80
T 210.694 2 2621 4221 80
T 210.694 3 2620 4223 80
T 210.694 6 2619 4220 80
T 210.694 1 2619 4220 80
T 210.694 4 2619 4221 80
T 210.694 5 2619 4222 80
T 210.695 7 2619 4221 80
T 210.695 8 2619 4222 80
T 210.717 2 2622 4221 80
T 210.717 3 2621 4223 80
T 210.718 6 2620 4220 80
T 210.718 1 2620 4220 80
T 210.718 4 2620 4221 80
T 210.718 5 2620 4222 80
T 210.718 7 2620 4221 80
T 210.718 8 2620 4222 80
T 210.741 2 2623 4221 80
T 210.741 3 2622 4223 80
T 210.742 6 2621 4220 80
T 210.742 1 2621 4220 80
T 210.742 4 2621 4221 80
T 210.742 5 2621 4222 80
T 210.742 7 2621 4221 80
T 210.742 8 2621 4222 80
T 210.765 2 2624 4221 80
T 210.765 3 2623 4223 80
T 210.765 6 2622 4220 80
T 210.765 1 2622 4220 80
T 210.765 4 2622 4221 80
T 210.766 5 2622 4222 80
T 210.766 7 2622 4221 80
T 210.766 8 2622 4222 80
T 210.789 2 2625 4221 80
T 210.789 3 2624 4223 80
T 210.789 6 2623 4220 80
T 210.789 1 2623 4220 80
T 210.789 4 2623 4221 80
T 210.789 5 2623 4222 80
T 210.790 7 2623 4221 80
T 210.790 8 2623 4222 80
T 210.812 2 2626 4221 80
T 210.813 3 2625 4223 80
T 210.813 6 2624 4220 80
T 210.813 1 2624 4220 80
T 210.813 4 2624 4221 80
T 210.813 5 2624 4222 80
T 210.813 7 2624 4221 80
T 210.813 8 2624 4222 80
T 210.837 2 2627 4221 80
T 210.837 3 2626 4223 80
T 210.837 6 2625 4220 80
T 210.837 1 2625 4220 80
T 210.838 4 2625 4221 80
T 210.838 5 2625 4222 80
T 210.838 7 2625 4221 80
T 210.838 8 2625 4222 80
T 210.860 2 2628 4221 80
T 210.860 3 2627 4223 80
T 210.860 6 2626 4220 80
T 210.861 1 2626 4220 80
T 210.861 4 2626 4221 80
T 210.861 5 2626 4222 80
T 210.861 7 2626 4221 80
T 210.861 8 2626 4222 80
T 210.884 2 2629 4221 80
T 210.884 3 2628 4223 80
T 210.884 6 2627 4220 80
T 210.884 1 2627 4220 80
T 210.884 4 2627 4221 80
T 210.885 5 2627 4222 80
T 210.885 7 2627 4221 80
T 210.885 8 2627 4222 80
T 210.908 2 2630 4221 80
T 210.908 3 2629 4223 80
T 210.908 6 2628 4220 80
T 210.908 1 2628 4220 80
T 210.908 4 2628 4221 80
T 210.908 5 2628 4222 80
T 210.908 7 2628 4221 80
T 210.909 8 2628 4222 80
T 210.931 2 2631 4221 80
T 210.932 3 2630 4223 80
T 210.932 6 2629 4220 80
T 210.932 1 2629 4220 80
T 210.932 4 2629 4221 80
T 210.932 5 2629 4222 80
T 210.932 7 2629 4221 80
T 210.932 8 2629 4222 80
T 210.955 2 2632 4221 80
T 210.955 3 2631 4223 80
T 210.955 6 2630 4220 80
T 210.956 1 2630 4220 80
T 210.956 4 2630 4221 80
T 210.956 5 2630 4222 80
T 210.956 7 2630 4221 80
T 210.956 8 2630 4222 80
T 210.979 2 2633 4221 80
T 210.979 3 2632 4223 80
T 210.979 6 2631 4220 80
T 210.979 1 2631 4220 80
T 210.979 4 2631 4221 80
T 210.980 5 2631 4222 80
T 210.980 7 2631 4221 80
T 210.980 8 2631 4222 80
T 211.004 2 2634 4221 80
T 211.004 3 2633 4223 80
T 211.004 6 2632 4220 80
T 211.004 1 2632 4220 80
T 211.004 4 2632 4221 80
T 211.004 5 2632 4222 80
T 211.004 7 2632 4221 80
T 211.004 8 2632 4222 80
T 211.027 2 2635 4221 80
T 211.027 3 2634 4223 80
T 211.027 6 2633 4220 80
T 211.027 1 2633 4220 80
T 211.027 4 2633 4221 80
T 211.027 5 2633 4222 80
T 211.027 7 2633 4221 80
T 211.027 8 2633 4222 80
T 211.051 2 2636 4221 80
T 211.051 3 2635 4223 80
T 211.051 6 2634 4220 80
T 211.051 1 2634 4220 80
T 211.051 4 2634 4221 80
T 211.051 5 2634 4222 80
T 211.051 7 2634 4221 80
T 211.052 8 2634 4222 80
T 211.075 2 2637 4221 80
T 211.075 3 2636 4223 80
T 211.075 6 2635 4220 80
T 211.075 1 2635 4220 80
T 211.075 4 2635 4221 80
T 211.076 5 2635 4222 80
T 211.076 7 2635 4221 80
T 211.076 8 2635 4222 80
T 211.099 2 2638 4221 80
T 211.099 3 2637 4223 80
T 211.100 6 2636 4220 80
T 211.100 1 2636 4220 80
T 211.100 4 2636 4221 80
T 211.100 5 2636 4222 80
T 211.100 7 2636 4221 80
T 211.100 8 2636 4222 80
T 211.124 2 2639 4221 80
T 211.124 3 2638 4223 80
T 211.124 6 2637 4220 80
T 211.124 1 2637 4220 80
T 211.124 4 2637 4221 80
T 211.124 5 2637 4222 80
T 211.124 7 2637 4221 80
T 211.124 8 2637 4222 80
T 211.148 2 2640 4221 80
T 211.148 3 2639 4223 80
T 211.148 6 2638 4220 80
T 211.149 1 2638 4220 80
T 211.149 4 2638 4221 80
T 211.149 5 2638 4222 80
T 211.149 7 2638 4221 80
T 211.149 8 2638 4222 80
T 211.173 3 2640 4223 80
T 211.173 6 2639 4220 80
T 211.173 1 2639 4220 80
T 211.173 4 2639 4221 80
T 211.173 5 2639 4222 80
T 211.174 7 2639 4221 80
T 211.174 8 2639 4222 80
T 211.197 6 2640 4220 80
T 211.197 1 2640 4220 80
T 211.197 4 2640 4221 80
T 211.198 5 2640 4222 80
T 211.198 7 2640 4221 80
T 211.198 8 2640 4222 80
P 211.831 1
F 211.831 1 81
P 211.832 2
F 211.832 2 81
P 211.833 3
F 211.835 3 81
P 211.835 5
F 211.837 5 81
P 211.837 4
F 211.838 4 81
P 211.838 6
P 211.840 7
P 211.841 8
F 211.841 6 81
F 211.842 7 81
F 211.842 8 81
T 212.201 1 2641 4273 81
T 212.215 1 2642 4273 81
T 212.277 1 2643 4273 81
T 212.341 1 2644 4273 81
T 212.342 3 2641 4276 81
T 212.447 1 2645 4273 81
T 212.447 3 2642 4276 81
T 212.447 2 2641 4274 81
T 212.448 6 2641 4273 81
T 212.448 4 2641 4274 81
T 212.448 5 2641 4275 81
T 212.448 7 2641 4274 81
T 212.448 8 2641 4275 81
T 212.470 1 2646 4273 81
T 212.470 3 2643 4276 81
T 212.470 2 2642 4274 81
T 212.471 6 2642 4273 81
T 212.471 4 2642 4274 81
T 212.471 5 2642 4275 81
T 212.471 7 2642 4274 81
T 212.471 8 2642 4275 81
T 212.493 1 2647 4273 81
T 212.493 3 2644 4276 81
T 212.493 2 2643 4274 81
T 212.493 6 2643 4273 81
T 212.493 4 2643 4274 81
T 212.493 5 2643 4275 81
T 212.494 7 2643 4274 81
T 212.494 8 2643 4275 81
T 212.516 1 2648 4273 81
T 212.516 3 2645 4276 81
T 212.517 2 2644 4274 81
T 212.517 6 2644 4273 81
T 212.517 4 2644 4274 81
T 212.517 5 2644 4275 81
T 212.517 7 2644 4274 81
T 212.517 8 2644 4275 81
T 212.540 1 2649 4273 81
T 212.540 3 2646 4276 81
T 212.541 2 2645 4274 81
T 212.541 6 2645 4273 81
T 212.541 4 2645 4274 81
T 212.541 5 2645 4275 81
T 212.541 7 2645 4274 81
T 212.541 8 2645 4275 81
T 212.563 1 2650 4273 81
T 212.563 3 2647 4276 81
T 212.564 2 2646 4274 81
T 212.564 6 2646 4273 81
T 212.564 4 2646 4274 81
T 212.564 5 2646 4275 81
T 212.564 7 2646 4274 81
T 212.564 8 2646 4275 81
T 212.587 1 2651 4273 81
T 212.587 3 2648 4276 81
T 212.587 2 2647 4274 81
T 212.587 6 2647 4273 81
T 212.587 4 2647 4274 81
T 212.588 5 2647 4275 81
T 212.588 7 2647 4274 81
T 212.588 8 2647 4275 81
T 212.611 1 2652 4273 81
T 212.611 3 2649 4276 81
T 212.611 2 2648 4274 81
T 212.611 6 2648 4273 81
T 212.612 4 2648 4274 81
T 212.612 5 2648 4275 81
T 212.612 7 2648 4274 81
T 212.612 8 2648 4275 81
T 212.634 1 2653 4273 81
T 212.635 3 2650 4276 81
T 212.635 2 2649 4274 81
T 212.635 6 2649 4273 81
T 212.635 4 2649 4274 81
T 212.635 5 2649 4275 81
T 212.635 7 2649 4274 81
T 212.635 8 2649 4275 81
T 212.658 1 2654 4273 81
T 212.658 3 2651 4276 81
T 212.658 2 2650 4274 81
T 212.659 6 2650 4273 81
T 212.659 4 2650 4274 81
T 212.659 5 2650 4275 81
T 212.659 7 2650 4274 81
T 212.659 8 2650 4275 81
T 212.682 1 2655 4273 81
T 212.682 3 2652 4276 81
T 212.682 2 2651 4274 81
T 212.682 6 2651 4273 81
T 212.682 4 2651 4274 81
T 212.682 5 2651 4275 81
T 212.683 7 2651 4274 81
T 212.683 8 2651 4275 81
T 212.705 1 2656 4273 81
T 212.706 3 2653 4276 81
T 212.706 2 2652 4274 81
T 212.706 6 2652 4273 81
T 212.706 4 2652 4274 81
T 212.706 5 2652 4275 81
T 212.706 7 2652 4274 81
T 212.706 8 2652 4275 81
T 212.729 1 2657 4273 81
T 212.729 3 2654 4276 81
T 212.729 2 2653 4274 81
T 212.730 6 2653 4273 81
T 212.730 4 2653 4274 81
T 212.730 5 2653 4275 81
T 212.730 7 2653 4274 81
T 212.730 8 2653 4275 81
T 212.753 1 2658 4273 81
T 212.753 3 2655 4276 81
T 212.753 2 2654 4274 81
T 212.753 6 2654 4273 81
T 212.754 4 2654 4274 81
T 212.754 5 2654 4275 81
T 212.754 7 2654 4274 81
T 212.754 8 2654 4275 81
T 212.777 1 2659 4273 81
T 212.777 3 2656 4276 81
T 212.777 2 2655 4274 81
T 212.777 6 2655 4273 81
T 212.778 4 2655 4274 81
T 212.778 5 2655 4275 81
T 212.778 7 2655 4274 81
T 212.778 8 2655 4275 81
T 212.800 1 2660 4273 81
T 212.801 3 2657 4276 81
T 212.801 2 2656 4274 81
T 212.801 6 2656 4273 81
T 212.801 4 2656 4274 81
T 212.801 5 2656 4275 81
T 212.801 7 2656 4274 81
T 212.801 8 2656 4275 81
T 212.824 1 2661 4273 81
T 212.824 3 2658 4276 81
T 212.824 2 2657 4274 81
T 212.825 6 2657 4273 81
T 212.825 4 2657 4274 81
T 212.825 5 2657 4275 81
T 212.825 7 2657 4274 81
T 212.825 8 2657 4275 81
T 212.850 1 2662 4273 81
T 212.850 3 2659 4276 81
T 212.850 2 2658 4274 81
T 212.850 6 2658 4273 81
T 212.850 4 2658 4274 81
T 212.850 5 2658 4275 81
T 212.850 7 2658 4274 81
T 212.850 8 2658 4275 81
T 212.872 1 2663 4273 81
T 212.872 3 2660 4276 81
T 212.873 2 2659 4274 81
T 212.873 6 2659 4273 81
T 212.873 4 2659 4274 81
T 212.873 5 2659 4275 81
T 212.873 7 2659 4274 81
T 212.873 8 2659 4275 81
T 212.896 1 2664 4273 81
T 212.896 3 2661 4276 81
T 212.896 2 2660 4274 81
T 212.896 6 2660 4273 81
T 212.896 4 2660 4274 81
T 212.896 5 2660 4275 81
T 212.897 7 2660 4274 81
T 212.897 8 2660 4275 81
T 212.919 1 2665 4273 81
T 212.919 3 2662 4276 81
T 212.920 2 2661 4274 81
T 212.920 6 2661 4273 81
T 212.920 4 2661 4274 81
T 212.920 5 2661 4275 81
T 212.920 7 2661 4274 81
T 212.920 8 2661 4275 81
T 212.943 1 2666 4273 81
T 212.943 3 2663 4276 81
T 212.943 2 2662 4274 81
T 212.944 6 2662 4273 81
T 212.944 4 2662 4274 81
T 212.944 5 2662 4275 81
T 212.944 7 2662 4274 81
T 212.944 8 2662 4275 81
T 212.967 1 2667 4273 81
T 212.967 3 2664 4276 81
T 212.968 2 2663 4274 81
T 212.968 6 2663 4273 81
T 212.968 4 2663 4274 81
T 212.968 5 2663 4275 81
T 212.968 7 2663 4274 81
T 212.968 8 2663 4275 81
T 212.991 1 2668 4273 81
T 212.991 3 2665 4276 81
T 212.991 2 2664 4274 81
T 212.991 6 2664 4273 81
T 212.992 4 2664 4274 81
T 212.992 5 2664 4275 81
T 212.992 7 2664 4274 81
T 212.992 8 2664 4275 81
T 213.015 1 2669 4273 81
T 213.015 3 2666 4276 81
T 213.015 2 2665 4274 81
T 213.015 6 2665 4273 81
T 213.015 4 2665 4274 81
T 213.016 5 2665 4275 81
T 213.016 7 2665 4274 81
T 213.016 8 2665 4275 81
T 213.039 1 2670 4273 81
T 213.039 3 2667 4276 81
T 213.039 2 2666 4274 81
T 213.040 6 2666 4273 81
T 213.040 4 2666 4274 81
T 213.040 5 2666 4275 81
T 213.040 7 2666 4274 81
T 213.040 8 2666 4275 81
T 213.063 1 2671 4273 81
T 213.064 3 2668 4276 81
T 213.064 2 2667 4274 81
T 213.064 6 2667 4273 81
T 213.064 4 2667 4274 81
T 213.064 5 2667 4275 81
T 213.064 7 2667 4274 81
T 213.065 8 2667 4275 81
T 213.088 1 2672 4273 81
T 213.088 3 2669 4276 81
T 213.088 2 2668 4274 81
T 213.089 6 2668 4273 81
T 213.089 4 2668 4274 81
T 213.089 5 2668 4275 81
T 213.089 7 2668 4274 81
T 213.089 8 2668 4275 81
T 213.112 1 2673 4273 81
T 213.113 3 2670 4276 81
T 213.113 2 2669 4274 81
T 213.113 6 2669 4273 81
T 213.113 4 2669 4274 81
T 213.113 5 2669 4275 81
T 213.113 7 2669 4274 81
T 213.113 8 2669 4275 81
T 213.136 3 2671 4276 81
T 213.137 2 2670 4274 81
T 213.137 6 2670 4273 81
T 213.137 4 2670 4274 81
T 213.137 5 2670 4275 81
T 213.137 7 2670 4274 81
T 213.137 8 2670 4275 81
T 213.161 3 2672 4276 81
T 213.161 2 2671 4274 81
T 213.161 6 2671 4273 81
T 213.161 4 2671 4274 81
T 213.161 5 2671 4275 81
T 213.161 7 2671 4274 81
T 213.161 8 2671 4275 81
T 213.185 3 2673 4276 81
T 213.185 2 2672 4274 81
T 213.185 6 2672 4273 81
T 213.185 4 2672 4274 81
T 213.186 5 2672 4275 81
T 213.186 7 2672 4274 81
T 213.186 8 2672 4275 81
T 213.209 2 2673 4274 81
T 213.209 6 2673 4273 81
T 213.210 4 2673 4274 81
T 213.210 5 2673 4275 81
T 213.210 7 2673 4274 81
T 213.210 8 2673 4275 81
P 213.828 8
P 213.828 1
P 213.828 2
P 213.828 3
P 213.828 5
F 213.829 8 82
P 213.829 4
F 213.829 1 82
P 213.829 6
F 213.830 2 82
P 213.832 7
F 213.832 3 82
F 213.833 5 82
F 213.835 4 82
F 213.837 6 82
F 213.838 7 82
T 214.238 8 2674 4328 82
T 214.299 8 2675 4328 82
T 214.299 3 2674 4329 82
T 214.300 6 2674 4326 82
T 214.404 8 2676 4328 82
T 214.405 3 2675 4329 82
T 214.405 6 2675 4326 82
T 214.405 1 2674 4326 82
T 214.405 2 2674 4327 82
T 214.405 4 2674 4327 82
T 214.405 5 2674 4328 82
T 214.405 7 2674 4327 82
T 214.427 8 2677 4328 82
T 214.428 3 2676 4329 82
T 214.428 6 2676 4326 82
T 214.428 1 2675 4326 82
T 214.428 2 2675 4327 82
T 214.428 4 2675 4327 82
T 214.428 5 2675 4328 82
T 214.428 7 2675 4327 82
T 214.451 8 2678 4328 82
T 214.451 3 2677 4329 82
T 214.451 6 2677 4326 82
T 214.451 1 2676 4326 82
T 214.451 2 2676 4327 82
T 214.452 4 2676 4327 82
T 214.452 5 2676 4328 82
T 214.452 7 2676 4327 82
T 214.474 8 2679 4328 82
T 214.474 3 2678 4329 82
T 214.475 6 2678 4326 82
T 214.475 1 2677 4326 82
T 214.475 2 2677 4327 82
T 214.475 4 2677 4327 82
T 214.475 5 2677 4328 82
T 214.475 7 2677 4327 82
T 214.498 8 2680 4328 82
T 214.498 3 2679 4329 82
T 214.498 6 2679 4326 82
T 214.498 1 2678 4326 82
T 214.498 2 2678 4327 82
T 214.498 4 2678 4327 82
T 214.499 5 2678 4328 82
T 214.499 7 2678 4327 82
T 214.522 8 2681 4328 82
T 214.522 3 2680 4329 82
T 214.522 6 2680 4326 82
T 214.522 1 2679 4326 82
T 214.522 2 2679 4327 82
T 214.522 4 2679 4327 82
T 214.522 5 2679 4328 82
T 214.522 7 2679 4327 82
T 214.545 8 2682 4328 82
T 214.545 3 2681 4329 82
T 214.545 6 2681 4326 82
T 214.546 1 2680 4326 82
T 214.546 2 2680 4327 82
T 214.546 4 2680 4327 82
T 214.546 5 2680 4328 82
T 214.546 7 2680 4327 82
T 214.569 8 2683 4328 82
T 214.569 3 2682 4329 82
T 214.569 6 2682 4326 82
T 214.569 1 2681 4326 82
T 214.570 2 2681 4327 82
T 214.570 4 2681 4327 82
T 214.570 5 2681 4328 82
T 214.570 7 2681 4327 82
T 214.593 8 2684 4328 82
T 214.593 3 2683 4329 82
T 214.593 6 2683 4326 82
T 214.593 1 2682 4326 82
T 214.593 2 2682 4327 82
T 214.593 4 2682 4327 82
T 214.593 5 2682 4328 82
T 214.594 7 2682 4327 82
T 214.617 8 2685 4328 82
T 214.617 3 2684 4329 82
T 214.617 6 2684 4326 82
T 214.617 1 2683 4326 82
T 214.617 2 2683 4327 82
T 214.617 4 2683 4327 82
T 214.617 5 2683 4328 82
T 214.617 7 2683 4327 82
T 214.640 8 2686 4328 82
T 214.641 3 2685 4329 82
T 214.641 6 2685 4326 82
T 214.641 1 2684 4326 82
T 214.641 2 2684 4327 82
T 214.641 4 2684 4327 82
T 214.641 5 2684 4328 82
T 214.641 7 2684 4327 82
T 214.664 8 2687 4328 82
T 214.664 3 2686 4329 82
T 214.664 6 2686 4326 82
T 214.665 1 2685 4326 82
T 214.665 2 2685 4327 82
T 214.665 4 2685 4327 82
T 214.665 5 2685 4328 82
T 214.665 7 2685 4327 82
T 214.688 8 2688 4328 82
T 214.688 3 2687 4329 82
T 214.688 6 2687 4326 82
T 214.688 1 2686 4326 82
T 214.688 2 2686 4327 82
T 214.688 4 2686 4327 82
T 214.689 5 2686 4328 82
T 214.689 7 2686 4327 82
T 214.711 8 2689 4328 82
T 214.712 3 2688 4329 82
T 214.712 6 2688 4326 82
T 214.712 1 2687 4326 82
T 214.712 2 2687 4327 82
T 214.712 4 2687 4327 82
T 214.712 5 2687 4328 82
T 214.712 7 2687 4327 82
T 214.735 8 2690 4328 82
T 214.735 3 2689 4329 82
T 214.736 6 2689 4326 82
T 214.736 1 2688 4326 82
T 214.736 2 2688 4327 82
T 214.736 4 2688 4327 82
T 214.736 5 2688 4328 82
T 214.736 7 2688 4327 82
T 214.759 8 2691 4328 82
T 214.759 3 2690 4329 82
T 214.759 6 2690 4326 82
T 214.759 1 2689 4326 82
T 214.760 2 2689 4327 82
T 214.760 4 2689 4327 82
T 214.760 5 2689 4328 82
T 214.760 7 2689 4327 82
T 214.783 8 2692 4328 82
T 214.783 3 2691 4329 82
T 214.783 6 2691 4326 82
T 214.783 1 2690 4326 82
T 214.783 2 2690 4327 82
T 214.783 4 2690 4327 82
T 214.784 5 2690 4328 82
T 214.784 7 2690 4327 82
T 214.806 8 2693 4328 82
T 214.807 3 2692 4329 82
T 214.807 6 2692 4326 82
T 214.807 1 2691 4326 82
T 214.807 2 2691 4327 82
T 214.807 4 2691 4327 82
T 214.807 5 2691 4328 82
T 214.807 7 2691 4327 82
T 214.830 8 2694 4328 82
T 214.830 3 2693 4329 82
T 214.830 6 2693 4326 82
T 214.831 1 2692 4326 82
T 214.831 2 2692 4327 82
T 214.831 4 2692 4327 82
T 214.831 5 2692 4328 82
T 214.831 7 2692 4327 82
T 214.854 8 2695 4328 82
T 214.854 3 2694 4329 82
T 214.854 6 2694 4326 82
T 214.854 1 2693 4326 82
T 214.855 2 2693 4327 82
T 214.855 4 2693 4327 82
T 214.855 5 2693 4328 82
T 214.855 7 2693 4327 82
T 214.878 8 2696 4328 82
T 214.878 3 2695 4329 82
T 214.878 6 2695 4326 82
T 214.878 1 2694 4326 82
T 214.878 2 2694 4327 82
T 214.879 4 2694 4327 82
T 214.879 5 2694 4328 82
T 214.879 7 2694 4327 82
T 214.902 8 2697 4328 82
T 214.902 3 2696 4329 82
T 214.902 6 2696 4326 82
T 214.902 1 2695 4326 82
T 214.902 2 2695 4327 82
T 214.902 4 2695 4327 82
T 214.902 5 2695 4328 82
T 214.903 7 2695 4327 82
T 214.925 8 2698 4328 82
T 214.925 3 2697 4329 82
T 214.926 6 2697 4326 82
T 214.926 1 2696 4326 82
T 214.926 2 2696 4327 82
T 214.926 4 2696 4327 82
T 214.926 5 2696 4328 82
T 214.926 7 2696 4327 82
T 214.950 8 2699 4328 82
T 214.950 3 2698 4329 82
T 214.951 6 2698 4326 82
T 214.951 1 2697 4326 82
T 214.951 2 2697 4327 82
T 214.951 4 2697 4327 82
T 214.951 5 2697 4328 82
T 214.951 7 2697 4327 82
T 214.973 8 2700 4328 82
T 214.973 3 2699 4329 82
T 214.973 6 2699 4326 82
T 214.973 1 2698 4326 82
T 214.973 2 2698 4327 82
T 214.974 4 2698 4327 82
T 214.974 5 2698 4328 82
T 214.974 7 2698 4327 82
T 214.997 8 2701 4328 82
T 214.997 3 2700 4329 82
T 214.997 6 2700 4326 82
T 214.997 1 2699 4326 82
T 214.998 2 2699 4327 82
T 214.998 4 2699 4327 82
T 214.998 5 2699 4328 82
T 214.998 7 2699 4327 82
T 215.021 8 2702 4328 82
T 215.021 3 2701 4329 82
T 215.021 6 2701 4326 82
T 215.021 1 2700 4326 82
T 215.022 2 2700 4327 82
T 215.022 4 2700 4327 82
T 215.022 5 2700 4328 82
T 215.022 7 2700 4327 82
T 215.045 8 2703 4328 82
T 215.045 3 2702 4329 82
T 215.046 6 2702 4326 82
T 215.046 1 2701 4326 82
T 215.046 2 2701 4327 82
T 215.046 4 2701 4327 82
T 215.046 5 2701 4328 82
T 215.046 7 2701 4327 82
T 215.070 8 2704 4328 82
T 215.070 3 2703 4329 82
T 215.070 6 2703 4326 82
T 215.070 1 2702 4326 82
T 215.070 2 2702 4327 82
T 215.070 4 2702 4327 82
T 215.071 5 2702 4328 82
T 215.071 7 2702 4327 82
T 215.094 8 2705 4328 82
T 215.094 3 2704 4329 82
T 215.094 6 2704 4326 82
T 215.095 1 2703 4326 82
T 215.095 2 2703 4327 82
T 215.095 4 2703 4327 82
T 215.095 5 2703 4328 82
T 215.095 7 2703 4327 82
T 215.119 8 2706 4328 82
T 215.119 3 2705 4329 82
T 215.119 6 2705 4326 82
T 215.119 1 2704 4326 82
T 215.119 2 2704 4327 82
T 215.120 4 2704 4327 82
T 215.120 5 2704 4328 82
T 215.120 7 2704 4327 82
T 215.143 3 2706 4329 82
T 215.143 6 2706 4326 82
T 215.143 1 2705 4326 82
T 215.144 2 2705 4327 82
T 215.144 4 2705 4327 82
T 215.144 5 2705 4328 82
T 215.144 7 2705 4327 82
T 215.167 1 2706 4326 82
T 215.167 2 2706 4327 82
T 215.168 4 2706 4327 82
T 215.168 5 2706 4328 82
T 215.168 7 2706 4327 82
P 215.831 7
P 215.832 8
P 215.832 1
P 215.832 2
P 215.832 3
P 215.832 5
P 215.832 4
P 215.832 6
F 215.833 7 83
F 215.834 8 83
F 215.835 1 83
F 215.836 2 83
F 215.837 3 83
F 215.839 5 83
F 215.840 4 83
F 215.840 6 83
T 216.246 7 2707 4380 83
T 216.308 7 2708 4380 83
T 216.308 8 2707 4381 83
T 216.308 1 2707 4379 83
T 216.413 7 2709 4380 83
T 216.413 8 2708 4381 83
T 216.413 1 2708 4379 83
T 216.413 3 2707 4382 83
T 216.414 6 2707 4379 83
T 216.414 2 2707 4380 83
T 216.414 4 2707 4380 83
T 216.414 5 2707 4381 83
T 216.436 7 2710 4380 83
T 216.436 8 2709 4381 83
T 216.436 1 2709 4379 83
T 216.436 3 2708 4382 83
T 216.436 6 2708 4379 83
T 216.437 2 2708 4380 83
T 216.437 4 2708 4380 83
T 216.437 5 2708 4381 83
T 216.459 7 2711 4380 83
T 216.459 8 2710 4381 83
T 216.459 1 2710 4379 83
T 216.459 3 2709 4382 83
T 216.459 6 2709 4379 83
T 216.460 2 2709 4380 83
T 216.460 4 2709 4380 83
T 216.460 5 2709 4381 83
T 216.483 7 2712 4380 83
T 216.483 8 2711 4381 83
T 216.483 1 2711 4379 83
T 216.483 3 2710 4382 83
T 216.483 6 2710 4379 83
T 216.483 2 2710 4380 83
T 216.483 4 2710 4380 83
T 216.484 5 2710 4381 83
T 216.506 7 2713 4380 83
T 216.507 8 2712 4381 83
T 216.507 1 2712 4379 83
T 216.507 3 2711 4382 83
T 216.507 6 2711 4379 83
T 216.507 2 2711 4380 83
T 216.507 4 2711 4380 83
T 216.507 5 2711 4381 83
T 216.530 7 2714 4380 83
T 216.530 8 2713 4381 83
T 216.530 1 2713 4379 83
T 216.531 3 2712 4382 83
T 216.531 6 2712 4379 83
T 216.531 2 2712 4380 83
T 216.531 4 2712 4380 83
T 216.531 5 2712 4381 83
T 216.554 7 2715 4380 83
T 216.554 8 2714 4381 83
T 216.554 1 2714 4379 83
T 216.554 3 2713 4382 83
T 216.554 6 2713 4379 83
T 216.555 2 2713 4380 83
T 216.555 4 2713 4380 83
T 216.555 5 2713 4381 83
T 216.577 7 2716 4380 83
T 216.578 8 2715 4381 83
T 216.578 1 2715 4379 83
T 216.578 3 2714 4382 83
T 216.578 6 2714 4379 83
T 216.578 2 2714 4380 83
T 216.578 4 2714 4380 83
T 216.578 5 2714 4381 83
T 216.601 7 2717 4380 83
T 216.601 8 2716 4381 83
T 216.602 1 2716 4379 83
T 216.602 3 2715 4382 83
T 216.602 6 2715 4379 83
T 216.602 2 2715 4380 83
T 216.602 4 2715 4380 83
T 216.602 5 2715 4381 83
T 216.625 7 2718 4380 83
T 216.625 8 2717 4381 83
T 216.625 1 2717 4379 83
T 216.625 3 2716 4382 83
T 216.626 6 2716 4379 83
T 216.626 2 2716 4380 83
T 216.626 4 2716 4380 83
T 216.626 5 2716 4381 83
T 216.649 7 2719 4380 83
T 216.649 8 2718 4381 83
T 216.649 1 2718 4379 83
T 216.649 3 2717 4382 83
T 216.650 6 2717 4379 83
T 216.650 2 2717 4380 83
T 216.650 4 2717 4380 83
T 216.650 5 2717 4381 83
T 216.673 7 2720 4380 83
T 216.673 8 2719 4381 83
T 216.673 1 2719 4379 83
T 216.673 3 2718 4382 83
T 216.673 6 2718 4379 83
T 216.674 2 2718 4380 83
T 216.674 4 2718 4380 83
T 216.674 5 2718 4381 83
T 216.696 7 2721 4380 83
T 216.697 8 2720 4381 83
T 216.697 1 2720 4379 83
T 216.697 3 2719 4382 83
T 216.697 6 2719 4379 83
T 216.697 2 2719 4380 83
T 216.697 4 2719 4380 83
T 216.697 5 2719 4381 83
T 216.720 7 2722 4380 83
T 216.720 8 2721 4381 83
T 216.721 1 2721 4379 83
T 216.721 3 2720 4382 83
T 216.721 6 2720 4379 83
T 216.721 2 2720 4380 83
T 216.721 4 2720 4380 83
T 216.721 5 2720 4381 83
T 216.744 7 2723 4380 83
T 216.744 8 2722 4381 83
T 216.744 1 2722 4379 83
T 216.745 3 2721 4382 83
T 216.745 6 2721 4379 83
T 216.745 2 2721 4380 83
T 216.745 4 2721 4380 83
T 216.745 5 2721 4381 83
T 216.768 7 2724 4380 83
T 216.768 8 2723 4381 83
T 216.769 1 2723 4379 83
T 216.769 3 2722 4382 83
T 216.770 6 2722 4379 83
T 216.770 2 2722 4380 83
T 216.770 4 2722 4380 83
T 216.770 5 2722 4381 83
T 216.792 7 2725 4380 83
T 216.792 8 2724 4381 83
T 216.792 1 2724 4379 83
T 216.792 3 2723 4382 83
T 216.792 6 2723 4379 83
T 216.792 2 2723 4380 83
T 216.792 4 2723 4380 83
T 216.793 5 2723 4381 83
T 216.816 7 2726 4380 83
T 216.816 8 2725 4381 83
T 216.816 1 2725 4379 83
T 216.816 3 2724 4382 83
T 216.816 6 2724 4379 83
T 216.816 2 2724 4380 83
T 216.817 4 2724 4380 83
T 216.817 5 2724 4381 83
T 216.839 7 2727 4380 83
T 216.840 8 2726 4381 83
T 216.840 1 2726 4379 83
T 216.840 3 2725 4382 83
T 216.840 6 2725 4379 83
T 216.840 2 2725 4380 83
T 216.840 4 2725 4380 83
T 216.840 5 2725 4381 83
T 216.863 7 2728 4380 83
T 216.863 8 2727 4381 83
T 216.864 1 2727 4379 83
T 216.864 3 2726 4382 83
T 216.864 6 2726 4379 83
T 216.864 2 2726 4380 83
T 216.864 4 2726 4380 83
T 216.864 5 2726 4381 83
T 216.887 7 2729 4380 83
T 216.887 8 2728 4381 83
T 216.887 1 2728 4379 83
T 216.888 3 2727 4382 83
T 216.888 6 2727 4379 83
T 216.888 2 2727 4380 83
T 216.888 4 2727 4380 83
T 216.888 5 2727 4381 83
T 216.911 7 2730 4380 83
T 216.911 8 2729 4381 83
T 216.911 1 2729 4379 83
T 216.911 3 2728 4382 83
T 216.911 6 2728 4379 83
T 216.912 2 2728 4380 83
T 216.912 4 2728 4380 83
T 216.912 5 2728 4381 83
T 216.935 7 2731 4380 83
T 216.935 8 2730 4381 83
T 216.935 1 2730 4379 83
T 216.935 3 2729 4382 83
T 216.935 6 2729 4379 83
T 216.935 2 2729 4380 83
T 216.935 4 2729 4380 83
T 216.935 5 2729 4381 83
T 216.958 7 2732 4380 83
T 216.959 8 2731 4381 83
T 216.959 1 2731 4379 83
T 216.959 3 2730 4382 83
T 216.959 6 2730 4379 83
T 216.959 2 2730 4380 83
T 216.959 4 2730 4380 83
T 216.959 5 2730 4381 83
T 216.982 7 2733 4380 83
T 216.982 8 2732 4381 83
T 216.983 1 2732 4379 83
T 216.983 3 2731 4382 83
T 216.983 6 2731 4379 83
T 216.983 2 2731 4380 83
T 216.983 4 2731 4380 83
T 216.983 5 2731 4381 83
T 217.006 7 2734 4380 83
T 217.006 8 2733 4381 83
T 217.006 1 2733 4379 83
T 217.007 3 2732 4382 83
T 217.007 6 2732 4379 83
T 217.007 2 2732 4380 83
T 217.007 4 2732 4380 83
T 217.007 5 2732 4381 83
T 217.031 7 2735 4380 83
T 217.031 8 2734 4381 83
T 217.031 1 2734 4379 83
T 217.031 3 2733 4382 83
T 217.032 6 2733 4379 83
T 217.032 2 2733 4380 83
T 217.032 4 2733 4380 83
T 217.032 5 2733 4381 83
T 217.055 7 2736 4380 83
T 217.055 8 2735 4381 83
T 217.055 1 2735 4379 83
T 217.055 3 2734 4382 83
T 217.055 6 2734 4379 83
T 217.056 2 2734 4380 83
T 217.056 4 2734 4380 83
T 217.056 5 2734 4381 83
T 217.079 7 2737 4380 83
T 217.079 8 2736 4381 83
T 217.080 1 2736 4379 83
T 217.080 3 2735 4382 83
T 217.080 6 2735 4379 83
T 217.080 2 2735 4380 83
T 217.080 4 2735 4380 83
T 217.080 5 2735 4381 83
T 217.104 7 2738 4380 83
T 217.104 8 2737 4381 83
T 217.104 1 2737 4379 83
T 217.104 3 2736 4382 83
T 217.105 6 2736 4379 83
T 217.105 2 2736 4380 83
T 217.105 4 2736 4380 83
T 217.105 5 2736 4381 83
T 217.128 7 2739 4380 83
T 217.128 8 2738 4381 83
T 217.128 1 2738 4379 83
T 217.129 3 2737 4382 83
T 217.129 6 2737 4379 83
T 217.129 2 2737 4380 83
T 217.129 4 2737 4380 83
T 217.129 5 2737 4381 83
T 217.153 8 2739 4381 83
T 217.153 1 2739 4379 83
T 217.153 3 2738 4382 83
T 217.153 6 2738 4379 83
T 217.153 2 2738 4380 83
T 217.153 4 2738 4380 83
T 217.153 5 2738 4381 83
T 217.177 3 2739 4382 83
T 217.177 6 2739 4379 83
T 217.177 2 2739 4380 83
T 217.177 4 2739 4380 83
T 217.177 5 2739 4381 83
P 217.830 5
F 217.831 5 84
P 217.831 4
F 217.833 4 84
P 217.833 6
F 217.834 6 84
P 217.835 7
F 217.836 7 84
P 217.836 8
F 217.837 8 84
P 217.839 1
F 217.839 1 84
P 217.840 2
F 217.841 2 84
P 217.844 3
F 217.845 3 84
T 218.257 5 2740 4434 84
T 218.313 5 2741 4434 84
T 218.313 8 2740 4434 84
T 218.313 4 2740 4433 84
T 218.408 5 2742 4434 84
T 218.408 8 2741 4434 84
T 218.408 4 2741 4433 84
T 218.408 7 2740 4433 84
T 218.408 1 2740 4432 84
T 218.408 6 2740 4432 84
T 218.445 5 2743 4434 84
T 218.445 8 2742 4434 84
T 218.445 4 2742 4433 84
T 218.445 7 2741 4433 84
T 218.445 1 2741 4432 84
T 218.446 6 2741 4432 84
T 218.446 3 2740 4435 84
T 218.446 2 2740 4433 84
T 218.469 5 2744 4434 84
T 218.469 8 2743 4434 84
T 218.469 4 2743 4433 84
T 218.469 7 2742 4433 84
T 218.469 1 2742 4432 84
T 218.469 6 2742 4432 84
T 218.469 3 2741 4435 84
T 218.469 2 2741 4433 84
T 218.492 5 2745 4434 84
T 218.493 8 2744 4434 84
T 218.493 4 2744 4433 84
T 218.493 7 2743 4433 84
T 218.493 1 2743 4432 84
T 218.493 6 2743 4432 84
T 218.493 3 2742 4435 84
T 218.493 2 2742 4433 84
T 218.517 5 2746 4434 84
T 218.517 8 2745 4434 84
T 218.517 4 2745 4433 84
T 218.517 7 2744 4433 84
T 218.517 1 2744 4432 84
T 218.517 6 2744 4432 84
T 218.517 3 2743 4435 84
T 218.518 2 2743 4433 84
T 218.541 5 2747 4434 84
T 218.541 8 2746 4434 84
T 218.541 4 2746 4433 84
T 218.541 7 2745 4433 84
T 218.541 1 2745 4432 84
T 218.542 6 2745 4432 84
T 218.542 3 2744 4435 84
T 218.543 2 2744 4433 84
T 218.565 5 2748 4434 84
T 218.565 8 2747 4434 84
T 218.565 4 2747 4433 84
T 218.565 7 2746 4433 84
T 218.565 1 2746 4432 84
T 218.565 6 2746 4432 84
T 218.565 3 2745 4435 84
T 218.566 2 2745 4433 84
T 218.589 5 2749 4434 84
T 218.589 8 2748 4434 84
T 218.589 4 2748 4433 84
T 218.589 7 2747 4433 84
T 218.589 1 2747 4432 84
T 218.589 6 2747 4432 84
T 218.589 3 2746 4435 84
T 218.590 2 2746 4433 84
T 218.613 5 2750 4434 84
T 218.613 8 2749 4434 84
T 218.613 4 2749 4433 84
T 218.613 7 2748 4433 84
T 218.613 1 2748 4432 84
T 218.613 6 2748 4432 84
T 218.613 3 2747 4435 84
T 218.614 2 2747 4433 84
T 218.637 5 2751 4434 84
T 218.637 8 2750 4434 84
T 218.637 4 2750 4433 84
T 218.637 7 2749 4433 84
T 218.637 1 2749 4432 84
T 218.637 6 2749 4432 84
T 218.638 3 2748 4435 84
T 218.638 2 2748 4433 84
T 218.661 5 2752 4434 84
T 218.661 8 2751 4434 84
T 218.661 4 2751 4433 84
T 218.661 7 2750 4433 84
T 218.661 1 2750 4432 84
T 218.662 6 2750 4432 84
T 218.662 3 2749 4435 84
T 218.662 2 2749 4433 84
T 218.685 5 2753 4434 84
T 218.685 8 2752 4434 84
T 218.685 4 2752 4433 84
T 218.685 7 2751 4433 84
T 218.686 1 2751 4432 84
T 218.686 6 2751 4432 84
T 218.686 3 2750 4435 84
T 218.686 2 2750 4433 84
T 218.709 5 2754 4434 84
T 218.709 8 2753 4434 84
T 218.710 4 2753 4433 84
T 218.710 7 2752 4433 84
T 218.710 1 2752 4432 84
T 218.710 6 2752 4432 84
T 218.710 3 2751 4435 84
T 218.710 2 2751 4433 84
T 218.733 5 2755 4434 84
T 218.733 8 2754 4434 84
T 218.733 4 2754 4433 84
T 218.734 7 2753 4433 84
T 218.734 1 2753 4432 84
T 218.734 6 2753 4432 84
T 218.734 3 2752 4435 84
T 218.734 2 2752 4433 84
T 218.757 5 2756 4434 84
T 218.757 8 2755 4434 84
T 218.757 4 2755 4433 84
T 218.758 7 2754 4433 84
T 218.758 1 2754 4432 84
T 218.758 6 2754 4432 84
T 218.758 3 2753 4435 84
T 218.758 2 2753 4433 84
T 218.781 5 2757 4434 84
T 218.782 8 2756 4434 84
T 218.782 4 2756 4433 84
T 218.782 7 2755 4433 84
T 218.782 1 2755 4432 84
T 218.782 6 2755 4432 84
T 218.782 3 2754 4435 84
T 218.782 2 2754 4433 84
T 218.805 5 2758 4434 84
T 218.806 8 2757 4434 84
T 218.806 4 2757 4433 84
T 218.806 7 2756 4433 84
T 218.806 1 2756 4432 84
T 218.806 6 2756 4432 84
T 218.806 3 2755 4435 84
T 218.806 2 2755 4433 84
T 218.830 5 2759 4434 84
T 218.830 8 2758 4434 84
T 218.830 4 2758 4433 84
T 218.830 7 2757 4433 84
T 218.830 1 2757 4432 84
T 218.830 6 2757 4432 84
T 218.830 3 2756 4435 84
T 218.830 2 2756 4433 84
T 218.853 5 2760 4434 84
T 218.854 8 2759 4434 84
T 218.854 4 2759 4433 84
T 218.854 7 2758 4433 84
T 218.854 1 2758 4432 84
T 218.854 6 2758 4432 84
T 218.854 3 2757 4435 84
T 218.854 2 2757 4433 84
T 218.878 5 2761 4434 84
T 218.878 8 2760 4434 84
T 218.878 4 2760 4433 84
T 218.878 7 2759 4433 84
T 218.878 1 2759 4432 84
T 218.878 6 2759 4432 84
T 218.878 3 2758 4435 84
T 218.879 2 2758 4433 84
T 218.902 5 2762 4434 84
T 218.902 8 2761 4434 84
T 218.902 4 2761 4433 84
T 218.902 7 2760 4433 84
T 218.902 1 2760 4432 84
T 218.902 6 2760 4432 84
T 218.903 3 2759 4435 84
T 218.903 2 2759 4433 84
T 218.926 5 2763 4434 84
T 218.926 8 2762 4434 84
T 218.926 4 2762 4433 84
T 218.926 7 2761 4433 84
T 218.926 1 2761 4432 84
T 218.927 6 2761 4432 84
T 218.927 3 2760 4435 84
T 218.927 2 2760 4433 84
T 218.950 5 2764 4434 84
T 218.950 8 2763 4434 84
T 218.950 4 2763 4433 84
T 218.950 7 2762 4433 84
T 218.950 1 2762 4432 84
T 218.950 6 2762 4432 84
T 218.951 3 2761 4435 84
T 218.951 2 2761 4433 84
T 218.974 5 2765 4434 84
T 218.974 8 2764 4434 84
T 218.974 4 2764 4433 84
T 218.974 7 2763 4433 84
T 218.974 1 2763 4432 84
T 218.975 6 2763 4432 84
T 218.975 3 2762 4435 84
T 218.975 2 2762 4433 84
T 218.998 5 2766 4434 84
T 218.998 8 2765 4434 84
T 218.999 4 2765 4433 84
T 218.999 7 2764 4433 84
T 218.999 1 2764 4432 84
T 218.999 6 2764 4432 84
T 218.999 3 2763 4435 84
T 218.999 2 2763 4433 84
T 219.022 5 2767 4434 84
T 219.022 8 2766 4434 84
T 219.023 4 2766 4433 84
T 219.023 7 2765 4433 84
T 219.023 1 2765 4432 84
T 219.023 6 2765 4432 84
T 219.023 3 2764 4435 84
T 219.023 2 2764 4433 84
T 219.047 5 2768 4434 84
T 219.047 8 2767 4434 84
T 219.047 4 2767 4433 84
T 219.047 7 2766 4433 84
T 219.047 1 2766 4432 84
T 219.047 6 2766 4432 84
T 219.048 3 2765 4435 84
T 219.048 2 2765 4433 84
T 219.072 5 2769 4434 84
T 219.072 8 2768 4434 84
T 219.072 4 2768 4433 84
T 219.072 7 2767 4433 84
T 219.072 1 2767 4432 84
T 219.072 6 2767 4432 84
T 219.072 3 2766 4435 84
T 219.073 2 2766 4433 84
T 219.096 5 2770 4434 84
T 219.097 8 2769 4434 84
T 219.097 4 2769 4433 84
T 219.097 7 2768 4433 84
T 219.097 1 2768 4432 84
T 219.097 6 2768 4432 84
T 219.097 3 2767 4435 84
T 219.097 2 2767 4433 84
T 219.121 5 2771 4434 84
T 219.121 8 2770 4434 84
T 219.121 4 2770 4433 84
T 219.121 7 2769 4433 84
T 219.121 1 2769 4432 84
T 219.122 6 2769 4432 84
T 219.122 3 2768 4435 84
T 219.122 2 2768 4433 84
T 219.146 5 2772 4434 84
T 219.146 8 2771 4434 84
T 219.146 4 2771 4433 84
T 219.146 7 2770 4433 84
T 219.146 1 2770 4432 84
T 219.146 6 2770 4432 84
T 219.146 3 2769 4435 84
T 219.147 2 2769 4433 84
T 219.170 8 2772 4434 84
T 219.170 4 2772 4433 84
T 219.170 7 2771 4433 84
T 219.171 1 2771 4432 84
T 219.171 6 2771 4432 84
T 219.171 3 2770 4435 84
T 219.171 2 2770 4433 84
T 219.195 7 2772 4433 84
T 219.195 1 2772 4432 84
T 219.195 6 2772 4432 84
T 219.195 3 2771 4435 84
T 219.195 2 2771 4433 84
T 219.216 3 2772 4435 84
T 219.216 2 2772 4433 84
P 219.831 3
F 219.831 3 85
P 219.832 5
F 219.832 5 85
P 219.833 4
F 219.834 4 85
P 219.835 6
F 219.836 6 85
P 219.837 7
F 219.837 7 85
F 219.838 8 85
P 219.838 8
P 219.839 1
F 219.839 1 85
P 219.840 2
F 219.845 2 85
T 220.163 3 2773 4488 85
T 220.183 3 2774 4488 85
T 220.206 3 2775 4488 85
T 220.264 3 2776 4488 85
T 220.331 3 2777 4488 85
T 220.331 5 2773 4487 85
T 220.332 8 2773 4487 85
T 220.439 3 2778 4488 85
T 220.439 5 2774 4487 85
T 220.439 8 2774 4487 85
T 220.439 4 2773 4486 85
T 220.439 7 2773 4486 85
T 220.439 1 2773 4485 85
T 220.440 6 2773 4485 85
T 220.440 2 2773 4486 85
T 220.460 3 2779 4488 85
T 220.461 5 2775 4487 85
T 220.461 8 2775 4487 85
T 220.461 4 2774 4486 85
T 220.461 7 2774 4486 85
T 220.461 1 2774 4485 85
T 220.461 6 2774 4485 85
T 220.461 2 2774 4486 85
T 220.484 3 2780 4488 85
T 220.484 5 2776 4487 85
T 220.485 8 2776 4487 85
T 220.485 4 2775 4486 85
T 220.485 7 2775 4486 85
T 220.485 1 2775 4485 85
T 220.485 6 2775 4485 85
T 220.485 2 2775 4486 85
T 220.508 3 2781 4488 85
T 220.508 5 2777 4487 85
T 220.508 8 2777 4487 85
T 220.508 4 2776 4486 85
T 220.508 7 2776 4486 85
T 220.508 1 2776 4485 85
T 220.509 6 2776 4485 85
T 220.509 2 2776 4486 85
T 220.532 3 2782 4488 85
T 220.532 5 2778 4487 85
T 220.532 8 2778 4487 85
T 220.532 4 2777 4486 85
T 220.532 7 2777 4486 85
T 220.532 1 2777 4485 85
T 220.532 6 2777 4485 85
T 220.533 2 2777 4486 85
T 220.556 3 2783 4488 85
T 220.556 5 2779 4487 85
T 220.556 8 2779 4487 85
T 220.556 4 2778 4486 85
T 220.556 7 2778 4486 85
T 220.556 1 2778 4485 85
T 220.556 6 2778 4485 85
T 220.557 2 2778 4486 85
T 220.580 3 2784 4488 85
T 220.580 5 2780 4487 85
T 220.580 8 2780 4487 85
T 220.580 4 2779 4486 85
T 220.580 7 2779 4486 85
T 220.580 1 2779 4485 85
T 220.580 6 2779 4485 85
T 220.581 2 2779 4486 85
T 220.604 3 2785 4488 85
T 220.604 5 2781 4487 85
T 220.604 8 2781 4487 85
T 220.604 4 2780 4486 85
T 220.605 7 2780 4486 85
T 220.605 1 2780 4485 85
T 220.605 6 2780 4485 85
T 220.605 2 2780 4486 85
T 220.628 3 2786 4488 85
T 220.628 5 2782 4487 85
T 220.628 8 2782 4487 85
T 220.628 4 2781 4486 85
T 220.628 7 2781 4486 85
T 220.628 1 2781 4485 85
T 220.628 6 2781 4485 85
T 220.629 2 2781 4486 85
T 220.652 3 2787 4488 85
T 220.652 5 2783 4487 85
T 220.652 8 2783 4487 85
T 220.652 4 2782 4486 85
T 220.652 7 2782 4486 85
T 220.652 1 2782 4485 85
T 220.653 6 2782 4485 85
T 220.653 2 2782 4486 85
T 220.676 3 2788 4488 85
T 220.676 5 2784 4487 85
T 220.676 8 2784 4487 85
T 220.676 4 2783 4486 85
T 220.676 7 2783 4486 85
T 220.676 1 2783 4485 85
T 220.676 6 2783 4485 85
T 220.677 2 2783 4486 85
T 220.699 3 2789 4488 85
T 220.700 5 2785 4487 85
T 220.700 8 2785 4487 85
T 220.700 4 2784 4486 85
T 220.700 7 2784 4486 85
T 220.700 1 2784 4485 85
T 220.700 6 2784 4485 85
T 220.700 2 2784 4486 85
T 220.723 3 2790 4488 85
T 220.724 5 2786 4487 85
T 220.724 8 2786 4487 85
T 220.724 4 2785 4486 85
T 220.724 7 2785 4486 85
T 220.724 1 2785 4485 85
T 220.724 6 2785 4485 85
T 220.724 2 2785 4486 85
T 220.748 3 2791 4488 85
T 220.748 5 2787 4487 85
T 220.748 8 2787 4487 85
T 220.748 4 2786 4486 85
T 220.748 7 2786 4486 85
T 220.748 1 2786 4485 85
T 220.748 6 2786 4485 85
T 220.749 2 2786 4486 85
T 220.772 3 2792 4488 85
T 220.772 5 2788 4487 85
T 220.772 8 2788 4487 85
T 220.772 4 2787 4486 85
T 220.772 7 2787 4486 85
T 220.772 1 2787 4485 85
T 220.772 6 2787 4485 85
T 220.773 2 2787 4486 85
T 220.796 3 2793 4488 85
T 220.796 5 2789 4487 85
T 220.796 8 2789 4487 85
T 220.796 4 2788 4486 85
T 220.796 7 2788 4486 85
T 220.797 1 2788 4485 85
T 220.797 6 2788 4485 85
T 220.797 2 2788 4486 85
T 220.820 3 2794 4488 85
T 220.820 5 2790 4487 85
T 220.820 8 2790 4487 85
T 220.820 4 2789 4486 85
T 220.820 7 2789 4486 85
T 220.821 1 2789 4485 85
T 220.821 6 2789 4485 85
T 220.821 2 2789 4486 85
T 220.844 3 2795 4488 85
T 220.845 5 2791 4487 85
T 220.845 8 2791 4487 85
T 220.845 4 2790 4486 85
T 220.845 7 2790 4486 85
T 220.845 1 2790 4485 85
T 220.845 6 2790 4485 85
T 220.845 2 2790 4486 85
T 220.868 3 2796 4488 85
T 220.868 5 2792 4487 85
T 220.868 8 2792 4487 85
T 220.868 4 2791 4486 85
T 220.869 7 2791 4486 85
T 220.869 1 2791 4485 85
T 220.869 6 2791 4485 85
T 220.869 2 2791 4486 85
T 220.892 3 2797 4488 85
T 220.892 5 2793 4487 85
T 220.892 8 2793 4487 85
T 220.893 4 2792 4486 85
T 220.893 7 2792 4486 85
T 220.893 1 2792 4485 85
T 220.893 6 2792 4485 85
T 220.893 2 2792 4486 85
T 220.916 3 2798 4488 85
T 220.916 5 2794 4487 85
T 220.916 8 2794 4487 85
T 220.917 4 2793 4486 85
T 220.917 7 2793 4486 85
T 220.917 1 2793 4485 85
T 220.917 6 2793 4485 85
T 220.917 2 2793 4486 85
T 220.940 3 2799 4488 85
T 220.940 5 2795 4487 85
T 220.941 8 2795 4487 85
T 220.941 4 2794 4486 85
T 220.941 7 2794 4486 85
T 220.941 1 2794 4485 85
T 220.941 6 2794 4485 85
T 220.941 2 2794 4486 85
T 220.964 3 2800 4488 85
T 220.965 5 2796 4487 85
T 220.965 8 2796 4487 85
T 220.965 4 2795 4486 85
T 220.965 7 2795 4486 85
T 220.965 1 2795 4485 85
T 220.965 6 2795 4485 85
T 220.965 2 2795 4486 85
T 220.989 3 2801 4488 85
T 220.989 5 2797 4487 85
T 220.989 8 2797 4487 85
T 220.989 4 2796 4486 85
T 220.989 7 2796 4486 85
T 220.990 1 2796 4485 85
T 220.990 6 2796 4485 85
T 220.990 2 2796 4486 85
T 221.013 3 2802 4488 85
T 221.014 5 2798 4487 85
T 221.014 8 2798 4487 85
T 221.014 4 2797 4486 85
T 221.014 7 2797 4486 85
T 221.014 1 2797 4485 85
T 221.014 6 2797 4485 85
T 221.014 2 2797 4486 85
T 221.038 3 2803 4488 85
T 221.038 5 2799 4487 85
T 221.038 8 2799 4487 85
T 221.039 4 2798 4486 85
T 221.039 7 2798 4486 85
T 221.039 1 2798 4485 85
T 221.039 6 2798 4485 85
T 221.039 2 2798 4486 85
T 221.063 3 2804 4488 85
T 221.063 5 2800 4487 85
T 221.063 8 2800 4487 85
T 221.063 4 2799 4486 85
T 221.063 7 2799 4486 85
T 221.064 1 2799 4485 85
T 221.064 6 2799 4485 85
T 221.064 2 2799 4486 85
T 221.087 3 2805 4488 85
T 221.088 5 2801 4487 85
T 221.088 8 2801 4487 85
T 221.088 4 2800 4486 85
T 221.088 7 2800 4486 85
T 221.088 1 2800 4485 85
T 221.088 6 2800 4485 85
T 221.088 2 2800 4486 85
T 221.112 5 2802 4487 85
T 221.112 8 2802 4487 85
T 221.112 4 2801 4486 85
T 221.112 7 2801 4486 85
T 221.112 1 2801 4485 85
T 221.113 6 2801 4485 85
T 221.113 2 2801 4486 85
T 221.137 5 2803 4487 85
T 221.137 8 2803 4487 85
T 221.137 4 2802 4486 85
T 221.137 7 2802 4486 85
T 221.137 1 2802 4485 85
T 221.137 6 2802 4485 85
T 221.137 2 2802 4486 85
T 221.161 5 2804 4487 85
T 221.161 8 2804 4487 85
T 221.162 4 2803 4486 85
T 221.162 7 2803 4486 85
T 221.162 1 2803 4485 85
T 221.162 6 2803 4485 85
T 221.162 2 2803 4486 85
T 221.186 5 2805 4487 85
T 221.186 8 2805 4487 85
T 221.186 4 2804 4486 85
T 221.186 7 2804 4486 85
T 221.187 1 2804 4485 85
T 221.187 6 2804 4485 85
T 221.187 2 2804 4486 85
T 221.210 4 2805 4486 85
T 221.211 7 2805 4486 85
T 221.211 1 2805 4485 85
T 221.211 6 2805 4485 85
T 221.211 2 2805 4486 85
P 221.833 5
P 221.834 4
P 221.834 6
P 221.834 7
P 221.834 8
P 221.834 1
P 221.834 2
P 221.834 3
F 221.834 5 86
F 221.836 4 86
F 221.836 6 86
F 221.838 7 86
F 221.839 8 86
F 221.840 1 86
F 221.840 2 86
F 221.841 3 86
T 222.278 4 2806 4539 86
T 222.341 4 2807 4539 86
T 222.341 5 2806 4540 86
T 222.341 6 2806 4538 86
T 222.446 4 2808 4539 86
T 222.446 5 2807 4540 86
T 222.446 6 2807 4538 86
T 222.446 3 2806 4541 86
T 222.446 8 2806 4540 86
T 222.446 7 2806 4539 86
T 222.447 1 2806 4538 86
T 222.447 2 2806 4539 86
T 222.469 4 2809 4539 86
T 222.469 5 2808 4540 86
T 222.469 6 2808 4538 86
T 222.469 3 2807 4541 86
T 222.469 8 2807 4540 86
T 222.469 7 2807 4539 86
T 222.470 1 2807 4538 86
T 222.470 2 2807 4539 86
T 222.492 4 2810 4539 86
T 222.493 5 2809 4540 86
T 222.493 6 2809 4538 86
T 222.493 3 2808 4541 86
T 222.493 8 2808 4540 86
T 222.493 7 2808 4539 86
T 222.493 1 2808 4538 86
T 222.493 2 2808 4539 86
T 222.516 4 2811 4539 86
T 222.516 5 2810 4540 86
T 222.517 6 2810 4538 86
T 222.517 3 2809 4541 86
T 222.517 8 2809 4540 86
T 222.517 7 2809 4539 86
T 222.517 1 2809 4538 86
T 222.517 2 2809 4539 86
T 222.540 4 2812 4539 86
T 222.541 5 2811 4540 86
T 222.541 6 2811 4538 86
T 222.541 3 2810 4541 86
T 222.541 8 2810 4540 86
T 222.541 7 2810 4539 86
T 222.541 1 2810 4538 86
T 222.541 2 2810 4539 86
T 222.564 4 2813 4539 86
T 222.564 5 2812 4540 86
T 222.564 6 2812 4538 86
T 222.564 3 2811 4541 86
T 222.565 8 2811 4540 86
T 222.565 7 2811 4539 86
T 222.565 1 2811 4538 86
T 222.565 2 2811 4539 86
T 222.588 4 2814 4539 86
T 222.588 5 2813 4540 86
T 222.588 6 2813 4538 86
T 222.589 3 2812 4541 86
T 222.589 8 2812 4540 86
T 222.589 7 2812 4539 86
T 222.589 1 2812 4538 86
T 222.589 2 2812 4539 86
T 222.612 4 2815 4539 86
T 222.612 5 2814 4540 86
T 222.612 6 2814 4538 86
T 222.612 3 2813 4541 86
T 222.613 8 2813 4540 86
T 222.613 7 2813 4539 86
T 222.613 1 2813 4538 86
T 222.613 2 2813 4539 86
T 222.636 4 2816 4539 86
T 222.636 5 2815 4540 86
T 222.636 6 2815 4538 86
T 222.637 3 2814 4541 86
T 222.637 8 2814 4540 86
T 222.637 7 2814 4539 86
T 222.637 1 2814 4538 86
T 222.637 2 2814 4539 86
T 222.660 4 2817 4539 86
T 222.660 5 2816 4540 86
T 222.660 6 2816 4538 86
T 222.660 3 2815 4541 86
T 222.661 8 2815 4540 86
T 222.661 7 2815 4539 86
T 222.661 1 2815 4538 86
T 222.661 2 2815 4539 86
T 222.685 4 2818 4539 86
T 222.685 5 2817 4540 86
T 222.685 6 2817 4538 86
T 222.686 3 2816 4541 86
T 222.686 8 2816 4540 86
T 222.686 7 2816 4539 86
T 222.686 1 2816 4538 86
T 222.686 2 2816 4539 86
T 222.708 4 2819 4539 86
T 222.708 5 2818 4540 86
T 222.708 6 2818 4538 86
T 222.708 3 2817 4541 86
T 222.709 8 2817 4540 86
T 222.709 7 2817 4539 86
T 222.709 1 2817 4538 86
T 222.709 2 2817 4539 86
T 222.732 4 2820 4539 86
T 222.732 5 2819 4540 86
T 222.732 6 2819 4538 86
T 222.732 3 2818 4541 86
T 222.733 8 2818 4540 86
T 222.733 7 2818 4539 86
T 222.733 1 2818 4538 86
T 222.733 2 2818 4539 86
T 222.756 4 2821 4539 86
T 222.756 5 2820 4540 86
T 222.756 6 2820 4538 86
T 222.756 3 2819 4541 86
T 222.757 8 2819 4540 86
T 222.757 7 2819 4539 86
T 222.757 1 2819 4538 86
T 222.757 2 2819 4539 86
T 222.780 4 2822 4539 86
T 222.780 5 2821 4540 86
T 222.780 6 2821 4538 86
T 222.780 3 2820 4541 86
T 222.781 8 2820 4540 86
T 222.781 7 2820 4539 86
T 222.781 1 2820 4538 86
T 222.781 2 2820 4539 86
T 222.804 4 2823 4539 86
T 222.804 5 2822 4540 86
T 222.805 6 2822 4538 86
T 222.805 3 2821 4541 86
T 222.805 8 2821 4540 86
T 222.805 7 2821 4539 86
T 222.805 1 2821 4538 86
T 222.805 2 2821 4539 86
T 222.828 4 2824 4539 86
T 222.828 5 2823 4540 86
T 222.829 6 2823 4538 86
T 222.829 3 2822 4541 86
T 222.829 8 2822 4540 86
T 222.829 7 2822 4539 86
T 222.829 1 2822 4538 86
T 222.829 2 2822 4539 86
T 222.852 4 2825 4539 86
T 222.852 5 2824 4540 86
T 222.852 6 2824 4538 86
T 222.853 3 2823 4541 86
T 222.853 8 2823 4540 86
T 222.853 7 2823 4539 86
T 222.853 1 2823 4538 86
T 222.853 2 2823 4539 86
T 222.876 4 2826 4539 86
T 222.877 5 2825 4540 86
T 222.877 6 2825 4538 86
T 222.877 3 2824 4541 86
T 222.877 8 2824 4540 86
T 222.877 7 2824 4539 86
T 222.877 1 2824 4538 86
T 222.877 2 2824 4539 86
T 222.900 4 2827 4539 86
T 222.900 5 2826 4540 86
T 222.901 6 2826 4538 86
T 222.901 3 2825 4541 86
T 222.901 8 2825 4540 86
T 222.901 7 2825 4539 86
T 222.901 1 2825 4538 86
T 222.901 2 2825 4539 86
T 222.925 4 2828 4539 86
T 222.925 5 2827 4540 86
T 222.925 6 2827 4538 86
T 222.925 3 2826 4541 86
T 222.925 8 2826 4540 86
T 222.925 7 2826 4539 86
T 222.925 1 2826 4538 86
T 222.925 2 2826 4539 86
T 222.949 4 2829 4539 86
T 222.949 5 2828 4540 86
T 222.949 6 2828 4538 86
T 222.949 3 2827 4541 86
T 222.949 8 2827 4540 86
T 222.949 7 2827 4539 86
T 222.949 1 2827 4538 86
T 222.950 2 2827 4539 86
T 222.973 4 2830 4539 86
T 222.973 5 2829 4540 86
T 222.973 6 2829 4538 86
T 222.973 3 2828 4541 86
T 222.973 8 2828 4540 86
T 222.973 7 2828 4539 86
T 222.973 1 2828 4538 86
T 222.973 2 2828 4539 86
T 222.997 4 2831 4539 86
T 222.997 5 2830 4540 86
T 222.997 6 2830 4538 86
T 222.997 3 2829 4541 86
T 222.997 8 2829 4540 86
T 222.997 7 2829 4539 86
T 222.997 1 2829 4538 86
T 222.998 2 2829 4539 86
T 223.021 4 2832 4539 86
T 223.021 5 2831 4540 86
T 223.021 6 2831 4538 86
T 223.021 3 2830 4541 86
T 223.021 8 2830 4540 86
T 223.022 7 2830 4539 86
T 223.022 1 2830 4538 86
T 223.022 2 2830 4539 86
T 223.046 4 2833 4539 86
T 223.046 5 2832 4540 86
T 223.046 6 2832 4538 86
T 223.046 3 2831 4541 86
T 223.046 8 2831 4540 86
T 223.046 7 2831 4539 86
T 223.046 1 2831 4538 86
T 223.046 2 2831 4539 86
T 223.070 4 2834 4539 86
T 223.070 5 2833 4540 86
T 223.070 6 2833 4538 86
T 223.071 3 2832 4541 86
T 223.071 8 2832 4540 86
T 223.071 7 2832 4539 86
T 223.071 1 2832 4538 86
T 223.071 2 2832 4539 86
T 223.095 4 2835 4539 86
T 223.095 5 2834 4540 86
T 223.095 6 2834 4538 86
T 223.095 3 2833 4541 86
T 223.095 8 2833 4540 86
T 223.096 7 2833 4539 86
T 223.096 1 2833 4538 86
T 223.096 2 2833 4539 86
T 223.120 4 2836 4539 86
T 223.120 5 2835 4540 86
T 223.120 6 2835 4538 86
T 223.120 3 2834 4541 86
T 223.120 8 2834 4540 86
T 223.120 7 2834 4539 86
T 223.120 1 2834 4538 86
T 223.120 2 2834 4539 86
T 223.144 4 2837 4539 86
T 223.145 5 2836 4540 86
T 223.145 6 2836 4538 86
T 223.145 3 2835 4541 86
T 223.145 8 2835 4540 86
T 223.145 7 2835 4539 86
T 223.145 1 2835 4538 86
T 223.145 2 2835 4539 86
T 223.170 4 2838 4539 86
T 223.170 5 2837 4540 86
T 223.170 6 2837 4538 86
T 223.170 3 2836 4541 86
T 223.170 8 2836 4540 86
T 223.170 7 2836 4539 86
T 223.170 1 2836 4538 86
T 223.171 2 2836 4539 86
T 223.194 5 2838 4540 86
T 223.194 6 2838 4538 86
T 223.195 3 2837 4541 86
T 223.195 8 2837 4540 86
T 223.195 7 2837 4539 86
T 223.195 1 2837 4538 86
T 223.195 2 2837 4539 86
T 223.219 3 2838 4541 86
T 223.219 8 2838 4540 86
T 223.219 7 2838 4539 86
T 223.219 1 2838 4538 86
T 223.219 2 2838 4539 86
P 223.833 6
P 223.833 7
F 223.833 6 87
P 223.833 8
F 223.834 7 87
P 223.835 1
P 223.836 2
P 223.836 3
P 223.836 5
P 223.836 4
F 223.837 8 87
F 223.838 1 87
F 223.839 2 87
F 223.839 3 87
F 223.839 5 87
F 223.841 4 87
T 224.344 5 2839 4593 87
T 224.445 5 2840 4593 87
T 224.445 4 2839 4592 87
T 224.445 6 2839 4591 87
T 224.445 3 2839 4594 87
T 224.445 8 2839 4593 87
T 224.445 7 2839 4592 87
T 224.446 1 2839 4591 87
T 224.446 2 2839 4592 87
T 224.468 5 2841 4593 87
T 224.468 4 2840 4592 87
T 224.468 6 2840 4591 87
T 224.468 3 2840 4594 87
T 224.469 8 2840 4593 87
T 224.469 7 2840 4592 87
T 224.469 1 2840 4591 87
T 224.469 2 2840 4592 87
T 224.492 5 2842 4593 87
T 224.492 4 2841 4592 87
T 224.492 6 2841 4591 87
T 224.492 3 2841 4594 87
T 224.492 8 2841 4593 87
T 224.492 7 2841 4592 87
T 224.492 1 2841 4591 87
T 224.493 2 2841 4592 87
T 224.515 5 2843 4593 87
T 224.515 4 2842 4592 87
T 224.516 6 2842 4591 87
T 224.516 3 2842 4594 87
T 224.516 8 2842 4593 87
T 224.516 7 2842 4592 87
T 224.516 1 2842 4591 87
T 224.516 2 2842 4592 87
T 224.539 5 2844 4593 87
T 224.539 4 2843 4592 87
T 224.540 6 2843 4591 87
T 224.540 3 2843 4594 87
T 224.540 8 2843 4593 87
T 224.540 7 2843 4592 87
T 224.540 1 2843 4591 87
T 224.540 2 2843 4592 87
T 224.563 5 2845 4593 87
T 224.563 4 2844 4592 87
T 224.563 6 2844 4591 87
T 224.564 3 2844 4594 87
T 224.564 8 2844 4593 87
T 224.564 7 2844 4592 87
T 224.564 1 2844 4591 87
T 224.564 2 2844 4592 87
T 224.587 5 2846 4593 87
T 224.587 4 2845 4592 87
T 224.587 6 2845 4591 87
T 224.587 3 2845 4594 87
T 224.588 8 2845 4593 87
T 224.588 7 2845 4592 87
T 224.588 1 2845 4591 87
T 224.588 2 2845 4592 87
T 224.611 5 2847 4593 87
T 224.611 4 2846 4592 87
T 224.611 6 2846 4591 87
T 224.612 3 2846 4594 87
T 224.612 8 2846 4593 87
T 224.612 7 2846 4592 87
T 224.612 1 2846 4591 87
T 224.612 2 2846 4592 87
T 224.635 5 2848 4593 87
T 224.635 4 2847 4592 87
T 224.636 6 2847 4591 87
T 224.636 3 2847 4594 87
T 224.637 8 2847 4593 87
T 224.637 7 2847 4592 87
T 224.637 1 2847 4591 87
T 224.637 2 2847 4592 87
T 224.659 5 2849 4593 87
T 224.659 4 2848 4592 87
T 224.659 6 2848 4591 87
T 224.659 3 2848 4594 87
T 224.660 8 2848 4593 87
T 224.660 7 2848 4592 87
T 224.660 1 2848 4591 87
T 224.660 2 2848 4592 87
T 224.683 5 2850 4593 87
T 224.683 4 2849 4592 87
T 224.683 6 2849 4591 87
T 224.684 3 2849 4594 87
T 224.684 8 2849 4593 87
T 224.684 7 2849 4592 87
T 224.684 1 2849 4591 87
T 224.684 2 2849 4592 87
T 224.707 5 2851 4593 87
T 224.707 4 2850 4592 87
T 224.707 6 2850 4591 87
T 224.707 3 2850 4594 87
T 224.708 8 2850 4593 87
T 224.708 7 2850 4592 87
T 224.708 1 2850 4591 87
T 224.708 2 2850 4592 87
T 224.731 5 2852 4593 87
T 224.731 4 2851 4592 87
T 224.731 6 2851 4591 87
T 224.732 3 2851 4594 87
T 224.732 8 2851 4593 87
T 224.732 7 2851 4592 87
T 224.732 1 2851 4591 87
T 224.732 2 2851 4592 87
T 224.755 5 2853 4593 87
T 224.755 4 2852 4592 87
T 224.755 6 2852 4591 87
T 224.756 3 2852 4594 87
T 224.756 8 2852 4593 87
T 224.756 7 2852 4592 87
T 224.756 1 2852 4591 87
T 224.756 2 2852 4592 87
T 224.779 5 2854 4593 87
T 224.779 4 2853 4592 87
T 224.779 6 2853 4591 87
T 224.780 3 2853 4594 87
T 224.780 8 2853 4593 87
T 224.780 7 2853 4592 87
T 224.780 1 2853 4591 87
T 224.780 2 2853 4592 87
T 224.803 5 2855 4593 87
T 224.803 4 2854 4592 87
T 224.804 6 2854 4591 87
T 224.804 3 2854 4594 87
T 224.804 8 2854 4593 87
T 224.804 7 2854 4592 87
T 224.804 1 2854 4591 87
T 224.804 2 2854 4592 87
T 224.827 5 2856 4593 87
T 224.827 4 2855 4592 87
T 224.828 6 2855 4591 87
T 224.828 3 2855 4594 87
T 224.828 8 2855 4593 87
T 224.828 7 2855 4592 87
T 224.828 1 2855 4591 87
T 224.828 2 2855 4592 87
T 224.851 5 2857 4593 87
T 224.851 4 2856 4592 87
T 224.852 6 2856 4591 87
T 224.852 3 2856 4594 87
T 224.852 8 2856 4593 87
T 224.852 7 2856 4592 87
T 224.852 1 2856 4591 87
T 224.852 2 2856 4592 87
T 224.875 5 2858 4593 87
T 224.875 4 2857 4592 87
T 224.876 6 2857 4591 87
T 224.876 3 2857 4594 87
T 224.876 8 2857 4593 87
T 224.876 7 2857 4592 87
T 224.876 1 2857 4591 87
T 224.876 2 2857 4592 87
T 224.899 5 2859 4593 87
T 224.899 4 2858 4592 87
T 224.900 6 2858 4591 87
T 224.900 3 2858 4594 87
T 224.900 8 2858 4593 87
T 224.900 7 2858 4592 87
T 224.900 1 2858 4591 87
T 224.900 2 2858 4592 87
T 224.923 5 2860 4593 87
T 224.923 4 2859 4592 87
T 224.923 6 2859 4591 87
T 224.923 3 2859 4594 87
T 224.924 8 2859 4593 87
T 224.924 7 2859 4592 87
T 224.924 1 2859 4591 87
T 224.924 2 2859 4592 87
T 224.947 5 2861 4593 87
T 224.948 4 2860 4592 87
T 224.948 6 2860 4591 87
T 224.948 3 2860 4594 87
T 224.948 8 2860 4593 87
T 224.948 7 2860 4592 87
T 224.948 1 2860 4591 87
T 224.948 2 2860 4592 87
T 224.971 5 2862 4593 87
T 224.972 4 2861 4592 87
T 224.972 6 2861 4591 87
T 224.972 3 2861 4594 87
T 224.972 8 2861 4593 87
T 224.972 7 2861 4592 87
T 224.972 1 2861 4591 87
T 224.972 2 2861 4592 87
T 224.995 5 2863 4593 87
T 224.996 4 2862 4592 87
T 224.996 6 2862 4591 87
T 224.996 3 2862 4594 87
T 224.996 8 2862 4593 87
T 224.996 7 2862 4592 87
T 224.996 1 2862 4591 87
T 224.997 2 2862 4592 87
T 225.019 5 2864 4593 87
T 225.020 4 2863 4592 87
T 225.020 6 2863 4591 87
T 225.020 3 2863 4594 87
T 225.020 8 2863 4593 87
T 225.020 7 2863 4592 87
T 225.020 1 2863 4591 87
T 225.020 2 2863 4592 87
T 225.044 5 2865 4593 87
T 225.044 4 2864 4592 87
T 225.044 6 2864 4591 87
T 225.044 3 2864 4594 87
T 225.044 8 2864 4593 87
T 225.044 7 2864 4592 87
T 225.044 1 2864 4591 87
T 225.044 2 2864 4592 87
T 225.068 5 2866 4593 87
T 225.068 4 2865 4592 87
T 225.068 6 2865 4591 87
T 225.068 3 2865 4594 87
T 225.068 8 2865 4593 87
T 225.068 7 2865 4592 87
T 225.069 1 2865 4591 87
T 225.069 2 2865 4592 87
T 225.092 5 2867 4593 87
T 225.092 4 2866 4592 87
T 225.093 6 2866 4591 87
T 225.093 3 2866 4594 87
T 225.093 8 2866 4593 87
T 225.093 7 2866 4592 87
T 225.093 1 2866 4591 87
T 225.093 2 2866 4592 87
T 225.117 5 2868 4593 87
T 225.117 4 2867 4592 87
T 225.117 6 2867 4591 87
T 225.117 3 2867 4594 87
T 225.117 8 2867 4593 87
T 225.118 7 2867 4592 87
T 225.118 1 2867 4591 87
T 225.118 2 2867 4592 87
T 225.142 5 2869 4593 87
T 225.142 4 2868 4592 87
T 225.142 6 2868 4591 87
T 225.142 3 2868 4594 87
T 225.142 8 2868 4593 87
T 225.142 7 2868 4592 87
T 225.143 1 2868 4591 87
T 225.143 2 2868 4592 87
T 225.166 5 2870 4593 87
T 225.167 4 2869 4592 87
T 225.167 6 2869 4591 87
T 225.167 3 2869 4594 87
T 225.167 8 2869 4593 87
T 225.167 7 2869 4592 87
T 225.167 1 2869 4591 87
T 225.167 2 2869 4592 87
T 225.191 5 2871 4593 87
T 225.191 4 2870 4592 87
T 225.192 6 2870 4591 87
T 225.192 3 2870 4594 87
T 225.192 8 2870 4593 87
T 225.192 7 2870 4592 87
T 225.192 1 2870 4591 87
T 225.192 2 2870 4592 87
T 225.216 4 2871 4592 87
T 225.216 6 2871 4591 87
T 225.216 3 2871 4594 87
T 225.216 8 2871 4593 87
T 225.216 7 2871 4592 87
T 225.217 1 2871 4591 87
T 225.217 2 2871 4592 87
P 225.835 1
P 225.835 2
P 225.835 3
P 225.835 5
F 225.835 1 88
P 225.836 4
F 225.836 2 88
P 225.837 6
F 225.838 3 88
P 225.839 7
F 225.839 5 88
P 225.840 8
F 225.842 4 88
F 225.844 6 88
F 225.845 7 88
F 225.847 8 88
T 226.260 4 2872 4645 88
T 226.349 4 2873 4645 88
T 226.349 3 2872 4647 88
T 226.349 1 2872 4644 88
T 226.349 2 2872 4645 88
T 226.417 4 2874 4645 88
T 226.417 3 2873 4647 88
T 226.417 1 2873 4644 88
T 226.417 2 2873 4645 88
T 226.417 5 2872 4646 88
T 226.418 6 2872 4644 88
T 226.418 8 2872 4646 88
T 226.418 7 2872 4645 88
T 226.440 4 2875 4645 88
T 226.441 3 2874 4647 88
T 226.441 1 2874 4644 88
T 226.441 2 2874 4645 88
T 226.441 5 2873 4646 88
T 226.441 6 2873 4644 88
T 226.441 8 2873 4646 88
T 226.441 7 2873 4645 88
T 226.464 4 2876 4645 88
T 226.464 3 2875 4647 88
T 226.465 1 2875 4644 88
T 226.465 2 2875 4645 88
T 226.465 5 2874 4646 88
T 226.465 6 2874 4644 88
T 226.465 8 2874 4646 88
T 226.465 7 2874 4645 88
T 226.489 4 2877 4645 88
T 226.489 3 2876 4647 88
T 226.489 1 2876 4644 88
T 226.489 2 2876 4645 88
T 226.489 5 2875 4646 88
T 226.489 6 2875 4644 88
T 226.489 8 2875 4646 88
T 226.489 7 2875 4645 88
T 226.513 4 2878 4645 88
T 226.513 3 2877 4647 88
T 226.513 1 2877 4644 88
T 226.513 2 2877 4645 88
T 226.513 5 2876 4646 88
T 226.513 6 2876 4644 88
T 226.514 8 2876 4646 88
T 226.514 7 2876 4645 88
T 226.537 4 2879 4645 88
T 226.537 3 2878 4647 88
T 226.537 1 2878 4644 88
T 226.537 2 2878 4645 88
T 226.537 5 2877 4646 88
T 226.537 6 2877 4644 88
T 226.537 8 2877 4646 88
T 226.538 7 2877 4645 88
T 226.561 4 2880 4645 88
T 226.561 3 2879 4647 88
T 226.561 1 2879 4644 88
T 226.561 2 2879 4645 88
T 226.562 5 2878 4646 88
T 226.562 6 2878 4644 88
T 226.562 8 2878 4646 88
T 226.562 7 2878 4645 88
T 226.585 4 2881 4645 88
T 226.585 3 2880 4647 88
T 226.585 1 2880 4644 88
T 226.585 2 2880 4645 88
T 226.586 5 2879 4646 88
T 226.586 6 2879 4644 88
T 226.586 8 2879 4646 88
T 226.586 7 2879 4645 88
T 226.609 4 2882 4645 88
T 226.609 3 2881 4647 88
T 226.609 1 2881 4644 88
T 226.609 2 2881 4645 88
T 226.609 5 2880 4646 88
T 226.610 6 2880 4644 88
T 226.610 8 2880 4646 88
T 226.610 7 2880 4645 88
T 226.633 4 2883 4645 88
T 226.633 3 2882 4647 88
T 226.633 1 2882 4644 88
T 226.634 2 2882 4645 88
T 226.634 5 2881 4646 88
T 226.634 6 2881 4644 88
T 226.634 8 2881 4646 88
T 226.634 7 2881 4645 88
T 226.657 4 2884 4645 88
T 226.657 3 2883 4647 88
T 226.657 1 2883 4644 88
T 226.658 2 2883 4645 88
T 226.658 5 2882 4646 88
T 226.658 6 2882 4644 88
T 226.658 8 2882 4646 88
T 226.658 7 2882 4645 88
T 226.681 4 2885 4645 88
T 226.681 3 2884 4647 88
T 226.682 1 2884 4644 88
T 226.682 2 2884 4645 88
T 226.682 5 2883 4646 88
T 226.682 6 2883 4644 88
T 226.682 8 2883 4646 88
T 226.682 7 2883 4645 88
T 226.705 4 2886 4645 88
T 226.705 3 2885 4647 88
T 226.706 1 2885 4644 88
T 226.706 2 2885 4645 88
T 226.706 5 2884 4646 88
T 226.706 6 2884 4644 88
T 226.706 8 2884 4646 88
T 226.706 7 2884 4645 88
T 226.729 4 2887 4645 88
T 226.730 3 2886 4647 88
T 226.730 1 2886 4644 88
T 226.730 2 2886 4645 88
T 226.730 5 2885 4646 88
T 226.730 6 2885 4644 88
T 226.730 8 2885 4646 88
T 226.730 7 2885 4645 88
T 226.753 4 2888 4645 88
T 226.753 3 2887 4647 88
T 226.754 1 2887 4644 88
T 226.754 2 2887 4645 88
T 226.754 5 2886 4646 88
T 226.754 6 2886 4644 88
T 226.754 8 2886 4646 88
T 226.754 7 2886 4645 88
T 226.777 4 2889 4645 88
T 226.778 3 2888 4647 88
T 226.778 1 2888 4644 88
T 226.778 2 2888 4645 88
T 226.778 5 2887 4646 88
T 226.778 6 2887 4644 88
T 226.778 8 2887 4646 88
T 226.778 7 2887 4645 88
T 226.802 4 2890 4645 88
T 226.802 3 2889 4647 88
T 226.802 1 2889 4644 88
T 226.802 2 2889 4645 88
T 226.802 5 2888 4646 88
T 226.802 6 2888 4644 88
T 226.802 8 2888 4646 88
T 226.803 7 2888 4645 88
T 226.826 4 2891 4645 88
T 226.826 3 2890 4647 88
T 226.826 1 2890 4644 88
T 226.826 2 2890 4645 88
T 226.826 5 2889 4646 88
T 226.826 6 2889 4644 88
T 226.827 8 2889 4646 88
T 226.827 7 2889 4645 88
T 226.850 4 2892 4645 88
T 226.850 3 2891 4647 88
T 226.850 1 2891 4644 88
T 226.850 2 2891 4645 88
T 226.850 5 2890 4646 88
T 226.850 6 2890 4644 88
T 226.850 8 2890 4646 88
T 226.851 7 2890 4645 88
T 226.874 4 2893 4645 88
T 226.874 3 2892 4647 88
T 226.874 1 2892 4644 88
T 226.874 2 2892 4645 88
T 226.874 5 2891 4646 88
T 226.874 6 2891 4644 88
T 226.875 8 2891 4646 88
T 226.875 7 2891 4645 88
T 226.898 4 2894 4645 88
T 226.898 3 2893 4647 88
T 226.898 1 2893 4644 88
T 226.898 2 2893 4645 88
T 226.898 5 2892 4646 88
T 226.899 6 2892 4644 88
T 226.899 8 2892 4646 88
T 226.899 7 2892 4645 88
T 226.922 4 2895 4645 88
T 226.922 3 2894 4647 88
T 226.922 1 2894 4644 88
T 226.923 2 2894 4645 88
T 226.923 5 2893 4646 88
T 226.923 6 2893 4644 88
T 226.923 8 2893 4646 88
T 226.923 7 2893 4645 88
T 226.946 4 2896 4645 88
T 226.946 3 2895 4647 88
T 226.947 1 2895 4644 88
T 226.947 2 2895 4645 88
T 226.947 5 2894 4646 88
T 226.947 6 2894 4644 88
T 226.947 8 2894 4646 88
T 226.947 7 2894 4645 88
T 226.970 4 2897 4645 88
T 226.970 3 2896 4647 88
T 226.971 1 2896 4644 88
T 226.971 2 2896 4645 88
T 226.971 5 2895 4646 88
T 226.971 6 2895 4644 88
T 226.971 8 2895 4646 88
T 226.971 7 2895 4645 88
T 226.994 4 2898 4645 88
T 226.994 3 2897 4647 88
T 226.995 1 2897 4644 88
T 226.995 2 2897 4645 88
T 226.995 5 2896 4646 88
T 226.995 6 2896 4644 88
T 226.995 8 2896 4646 88
T 226.995 7 2896 4645 88
T 227.019 4 2899 4645 88
T 227.019 3 2898 4647 88
T 227.019 1 2898 4644 88
T 227.019 2 2898 4645 88
T 227.019 5 2897 4646 88
T 227.019 6 2897 4644 88
T 227.019 8 2897 4646 88
T 227.020 7 2897 4645 88
T 227.043 4 2900 4645 88
T 227.043 3 2899 4647 88
T 227.044 1 2899 4644 88
T 227.044 2 2899 4645 88
T 227.044 5 2898 4646 88
T 227.044 6 2898 4644 88
T 227.044 8 2898 4646 88
T 227.044 7 2898 4645 88
T 227.068 4 2901 4645 88
T 227.068 3 2900 4647 88
T 227.068 1 2900 4644 88
T 227.068 2 2900 4645 88
T 227.068 5 2899 4646 88
T 227.069 6 2899 4644 88
T 227.069 8 2899 4646 88
T 227.069 7 2899 4645 88
T 227.093 4 2902 4645 88
T 227.093 3 2901 4647 88
T 227.093 1 2901 4644 88
T 227.093 2 2901 4645 88
T 227.093 5 2900 4646 88
T 227.093 6 2900 4644 88
T 227.094 8 2900 4646 88
T 227.094 7 2900 4645 88
T 227.117 4 2903 4645 88
T 227.118 3 2902 4647 88
T 227.118 1 2902 4644 88
T 227.118 2 2902 4645 88
T 227.118 5 2901 4646 88
T 227.118 6 2901 4644 88
T 227.118 8 2901 4646 88
T 227.118 7 2901 4645 88
T 227.142 4 2904 4645 88
T 227.142 3 2903 4647 88
T 227.142 1 2903 4644 88
T 227.143 2 2903 4645 88
T 227.143 5 2902 4646 88
T 227.143 6 2902 4644 88
T 227.143 8 2902 4646 88
T 227.143 7 2902 4645 88
T 227.167 3 2904 4647 88
T 227.167 1 2904 4644 88
T 227.167 2 2904 4645 88
T 227.167 5 2903 4646 88
T 227.168 6 2903 4644 88
T 227.168 8 2903 4646 88
T 227.168 7 2903 4645 88
T 227.190 5 2904 4646 88
T 227.190 6 2904 4644 88
T 227.190 8 2904 4646 88
T 227.190 7 2904 4645 88
P 227.832 2
P 227.832 3
P 227.833 5
F 227.833 2 89
P 227.833 4
F 227.833 3 89
P 227.834 6
F 227.835 5 89
P 227.836 7
F 227.837 4 89
P 227.837 8
F 227.838 6 89
P 227.839 1
F 227.840 7 89
F 227.844 8 89
F 227.845 1 89
T 228.252 2 2905 4698 89
T 228.335 2 2906 4698 89
T 228.336 4 2905 4698 89
T 228.336 3 2905 4700 89
T 228.336 6 2905 4697 89
T 228.404 2 2907 4698 89
T 228.404 4 2906 4698 89
T 228.404 3 2906 4700 89
T 228.404 6 2906 4697 89
T 228.404 1 2905 4697 89
T 228.405 5 2905 4699 89
T 228.405 8 2905 4699 89
T 228.405 7 2905 4698 89
T 228.428 2 2908 4698 89
T 228.428 4 2907 4698 89
T 228.428 3 2907 4700 89
T 228.428 6 2907 4697 89
T 228.428 1 2906 4697 89
T 228.428 5 2906 4699 89
T 228.428 8 2906 4699 89
T 228.429 7 2906 4698 89
T 228.451 2 2909 4698 89
T 228.452 4 2908 4698 89
T 228.452 3 2908 4700 89
T 228.452 6 2908 4697 89
T 228.452 1 2907 4697 89
T 228.452 5 2907 4699 89
T 228.452 8 2907 4699 89
T 228.452 7 2907 4698 89
T 228.476 2 2910 4698 89
T 228.476 4 2909 4698 89
T 228.476 3 2909 4700 89
T 228.476 6 2909 4697 89
T 228.476 1 2908 4697 89
T 228.476 5 2908 4699 89
T 228.477 8 2908 4699 89
T 228.477 7 2908 4698 89
T 228.500 2 2911 4698 89
T 228.500 4 2910 4698 89
T 228.500 3 2910 4700 89
T 228.500 6 2910 4697 89
T 228.500 1 2909 4697 89
T 228.500 5 2909 4699 89
T 228.500 8 2909 4699 89
T 228.501 7 2909 4698 89
T 228.524 2 2912 4698 89
T 228.524 4 2911 4698 89
T 228.524 3 2911 4700 89
T 228.524 6 2911 4697 89
T 228.524 1 2910 4697 89
T 228.524 5 2910 4699 89
T 228.525 8 2910 4699 89
T 228.525 7 2910 4698 89
T 228.547 2 2913 4698 89
T 228.548 4 2912 4698 89
T 228.548 3 2912 4700 89
T 228.548 6 2912 4697 89
T 228.548 1 2911 4697 89
T 228.548 5 2911 4699 89
T 228.548 8 2911 4699 89
T 228.548 7 2911 4698 89
T 228.572 2 2914 4698 89
T 228.572 4 2913 4698 89
T 228.572 3 2913 4700 89
T 228.572 6 2913 4697 89
T 228.572 1 2912 4697 89
T 228.572 5 2912 4699 89
T 228.572 8 2912 4699 89
T 228.573 7 2912 4698 89
T 228.596 2 2915 4698 89
T 228.596 4 2914 4698 89
T 228.596 3 2914 4700 89
T 228.596 6 2914 4697 89
T 228.596 1 2913 4697 89
T 228.596 5 2913 4699 89
T 228.597 8 2913 4699 89
T 228.597 7 2913 4698 89
T 228.620 2 2916 4698 89
T 228.620 4 2915 4698 89
T 228.620 3 2915 4700 89
T 228.620 6 2915 4697 89
T 228.620 1 2914 4697 89
T 228.620 5 2914 4699 89
T 228.621 8 2914 4699 89
T 228.621 7 2914 4698 89
T 228.644 2 2917 4698 89
T 228.644 4 2916 4698 89
T 228.644 3 2916 4700 89
T 228.644 6 2916 4697 89
T 228.645 1 2915 4697 89
T 228.645 5 2915 4699 89
T 228.645 8 2915 4699 89
T 228.645 7 2915 4698 89
T 228.668 2 2918 4698 89
T 228.668 4 2917 4698 89
T 228.668 3 2917 4700 89
T 228.669 6 2917 4697 89
T 228.669 1 2916 4697 89
T 228.669 5 2916 4699 89
T 228.669 8 2916 4699 89
T 228.669 7 2916 4698 89
T 228.692 2 2919 4698 89
T 228.692 4 2918 4698 89
T 228.692 3 2918 4700 89
T 228.692 6 2918 4697 89
T 228.693 1 2917 4697 89
T 228.693 5 2917 4699 89
T 228.693 8 2917 4699 89
T 228.693 7 2917 4698 89
T 228.717 2 2920 4698 89
T 228.717 4 2919 4698 89
T 228.717 3 2919 4700 89
T 228.717 6 2919 4697 89
T 228.717 1 2918 4697 89
T 228.717 5 2918 4699 89
T 228.718 8 2918 4699 89
T 228.718 7 2918 4698 89
T 228.741 2 2921 4698 89
T 228.741 4 2920 4698 89
T 228.741 3 2920 4700 89
T 228.741 6 2920 4697 89
T 228.741 1 2919 4697 89
T 228.741 5 2919 4699 89
T 228.741 8 2919 4699 89
T 228.742 7 2919 4698 89
T 228.765 2 2922 4698 89
T 228.765 4 2921 4698 89
T 228.765 3 2921 4700 89
T 228.765 6 2921 4697 89
T 228.765 1 2920 4697 89
T 228.765 5 2920 4699 89
T 228.766 8 2920 4699 89
T 228.766 7 2920 4698 89
T 228.789 2 2923 4698 89
T 228.789 4 2922 4698 89
T 228.789 3 2922 4700 89
T 228.789 6 2922 4697 89
T 228.789 1 2921 4697 89
T 228.789 5 2921 4699 89
T 228.790 8 2921 4699 89
T 228.790 7 2921 4698 89
T 228.813 2 2924 4698 89
T 228.813 4 2923 4698 89
T 228.813 3 2923 4700 89
T 228.813 6 2923 4697 89
T 228.814 1 2922 4697 89
T 228.814 5 2922 4699 89
T 228.814 8 2922 4699 89
T 228.814 7 2922 4698 89
T 228.837 2 2925 4698 89
T 228.837 4 2924 4698 89
T 228.837 3 2924 4700 89
T 228.837 6 2924 4697 89
T 228.838 1 2923 4697 89
T 228.838 5 2923 4699 89
T 228.838 8 2923 4699 89
T 228.838 7 2923 4698 89
T 228.861 2 2926 4698 89
T 228.861 4 2925 4698 89
T 228.861 3 2925 4700 89
T 228.862 6 2925 4697 89
T 228.862 1 2924 4697 89
T 228.862 5 2924 4699 89
T 228.862 8 2924 4699 89
T 228.862 7 2924 4698 89
T 228.886 2 2927 4698 89
T 228.886 4 2926 4698 89
T 228.886 3 2926 4700 89
T 228.886 6 2926 4697 89
T 228.886 1 2925 4697 89
T 228.886 5 2925 4699 89
T 228.886 8 2925 4699 89
T 228.887 7 2925 4698 89
T 228.909 2 2928 4698 89
T 228.909 4 2927 4698 89
T 228.910 3 2927 4700 89
T 228.910 6 2927 4697 89
T 228.910 1 2926 4697 89
T 228.910 5 2926 4699 89
T 228.910 8 2926 4699 89
T 228.910 7 2926 4698 89
T 228.934 2 2929 4698 89
T 228.934 4 2928 4698 89
T 228.934 3 2928 4700 89
T 228.934 6 2928 4697 89
T 228.934 1 2927 4697 89
T 228.934 5 2927 4699 89
T 228.934 8 2927 4699 89
T 228.935 7 2927 4698 89
T 228.958 2 2930 4698 89
T 228.958 4 2929 4698 89
T 228.958 3 2929 4700 89
T 228.958 6 2929 4697 89
T 228.958 1 2928 4697 89
T 228.958 5 2928 4699 89
T 228.958 8 2928 4699 89
T 228.959 7 2928 4698 89
T 228.982 2 2931 4698 89
T 228.982 4 2930 4698 89
T 228.982 3 2930 4700 89
T 228.982 6 2930 4697 89
T 228.982 1 2929 4697 89
T 228.982 5 2929 4699 89
T 228.983 8 2929 4699 89
T 228.983 7 2929 4698 89
T 229.006 2 2932 4698 89
T 229.006 4 2931 4698 89
T 229.006 3 2931 4700 89
T 229.006 6 2931 4697 89
T 229.007 1 2930 4697 89
T 229.007 5 2930 4699 89
T 229.007 8 2930 4699 89
T 229.007 7 2930 4698 89
T 229.031 2 2933 4698 89
T 229.031 4 2932 4698 89
T 229.031 3 2932 4700 89
T 229.031 6 2932 4697 89
T 229.031 1 2931 4697 89
T 229.032 5 2931 4699 89
T 229.032 8 2931 4699 89
T 229.032 7 2931 4698 89
T 229.055 2 2934 4698 89
T 229.056 4 2933 4698 89
T 229.056 3 2933 4700 89
T 229.056 6 2933 4697 89
T 229.056 1 2932 4697 89
T 229.056 5 2932 4699 89
T 229.056 8 2932 4699 89
T 229.056 7 2932 4698 89
T 229.080 2 2935 4698 89
T 229.081 4 2934 4698 89
T 229.081 3 2934 4700 89
T 229.081 6 2934 4697 89
T 229.081 1 2933 4697 89
T 229.081 5 2933 4699 89
T 229.081 8 2933 4699 89
T 229.082 7 2933 4698 89
T 229.105 2 2936 4698 89
T 229.105 4 2935 4698 89
T 229.105 3 2935 4700 89
T 229.106 6 2935 4697 89
T 229.106 1 2934 4697 89
T 229.106 5 2934 4699 89
T 229.106 8 2934 4699 89
T 229.106 7 2934 4698 89
T 229.130 2 2937 4698 89
T 229.130 4 2936 4698 89
T 229.130 3 2936 4700 89
T 229.130 6 2936 4697 89
T 229.131 1 2935 4697 89
T 229.131 5 2935 4699 89
T 229.131 8 2935 4699 89
T 229.131 7 2935 4698 89
T 229.155 4 2937 4698 89
T 229.155 3 2937 4700 89
T 229.155 6 2937 4697 89
T 229.155 1 2936 4697 89
T 229.155 5 2936 4699 89
T 229.155 8 2936 4699 89
T 229.156 7 2936 4698 89
T 229.178 1 2937 4697 89
T 229.178 5 2937 4699 89
T 229.178 8 2937 4699 89
T 229.178 7 2937 4698 89
P 229.836 8
P 229.837 1
F 229.837 8 90
P 229.837 2
F 229.837 1 90
P 229.838 3
P 229.840 5
F 229.839 2 90
P 229.840 4
F 229.841 3 90
F 229.842 5 90
P 229.848 6
F 229.848 4 90
P 229.851 7
F 229.851 6 90
F 229.855 7 90
T 230.246 8 2938 4752 90
T 230.301 8 2939 4752 90
T 230.301 5 2938 4752 90
T 230.404 8 2940 4752 90
T 230.405 5 2939 4752 90
T 230.405 2 2938 4751 90
T 230.405 4 2938 4751 90
T 230.405 1 2938 4750 90
T 230.405 7 2938 4751 90
T 230.443 8 2941 4752 90
T 230.443 5 2940 4752 90
T 230.443 2 2939 4751 90
T 230.443 4 2939 4751 90
T 230.443 1 2939 4750 90
T 230.443 7 2939 4751 90
T 230.444 3 2938 4753 90
T 230.444 6 2938 4750 90
T 230.466 8 2942 4752 90
T 230.467 5 2941 4752 90
T 230.467 2 2940 4751 90
T 230.467 4 2940 4751 90
T 230.467 1 2940 4750 90
T 230.468 7 2940 4751 90
T 230.468 3 2939 4753 90
T 230.468 6 2939 4750 90
T 230.490 8 2943 4752 90
T 230.491 5 2942 4752 90
T 230.491 2 2941 4751 90
T 230.491 4 2941 4751 90
T 230.491 1 2941 4750 90
T 230.491 7 2941 4751 90
T 230.491 3 2940 4753 90
T 230.491 6 2940 4750 90
T 230.515 8 2944 4752 90
T 230.515 5 2943 4752 90
T 230.515 2 2942 4751 90
T 230.515 4 2942 4751 90
T 230.515 1 2942 4750 90
T 230.515 7 2942 4751 90
T 230.515 3 2941 4753 90
T 230.516 6 2941 4750 90
T 230.539 8 2945 4752 90
T 230.539 5 2944 4752 90
T 230.539 2 2943 4751 90
T 230.539 4 2943 4751 90
T 230.539 1 2943 4750 90
T 230.539 7 2943 4751 90
T 230.539 3 2942 4753 90
T 230.539 6 2942 4750 90
T 230.563 8 2946 4752 90
T 230.563 5 2945 4752 90
T 230.563 2 2944 4751 90
T 230.563 4 2944 4751 90
T 230.563 1 2944 4750 90
T 230.563 7 2944 4751 90
T 230.563 3 2943 4753 90
T 230.563 6 2943 4750 90
T 230.587 8 2947 4752 90
T 230.587 5 2946 4752 90
T 230.587 2 2945 4751 90
T 230.587 4 2945 4751 90
T 230.587 1 2945 4750 90
T 230.587 7 2945 4751 90
T 230.587 3 2944 4753 90
T 230.588 6 2944 4750 90
T 230.611 8 2948 4752 90
T 230.611 5 2947 4752 90
T 230.611 2 2946 4751 90
T 230.611 4 2946 4751 90
T 230.611 1 2946 4750 90
T 230.611 7 2946 4751 90
T 230.611 3 2945 4753 90
T 230.612 6 2945 4750 90
T 230.635 8 2949 4752 90
T 230.635 5 2948 4752 90
T 230.635 2 2947 4751 90
T 230.635 4 2947 4751 90
T 230.635 1 2947 4750 90
T 230.635 7 2947 4751 90
T 230.635 3 2946 4753 90
T 230.636 6 2946 4750 90
T 230.659 8 2950 4752 90
T 230.659 5 2949 4752 90
T 230.660 2 2948 4751 90
T 230.660 4 2948 4751 90
T 230.660 1 2948 4750 90
T 230.660 7 2948 4751 90
T 230.660 3 2947 4753 90
T 230.660 6 2947 4750 90
T 230.683 8 2951 4752 90
T 230.683 5 2950 4752 90
T 230.684 2 2949 4751 90
T 230.684 4 2949 4751 90
T 230.684 1 2949 4750 90
T 230.684 7 2949 4751 90
T 230.684 3 2948 4753 90
T 230.684 6 2948 4750 90
T 230.707 8 2952 4752 90
T 230.707 5 2951 4752 90
T 230.707 2 2950 4751 90
T 230.708 4 2950 4751 90
T 230.708 1 2950 4750 90
T 230.708 7 2950 4751 90
T 230.708 3 2949 4753 90
T 230.708 6 2949 4750 90
T 230.731 8 2953 4752 90
T 230.732 5 2952 4752 90
T 230.732 2 2951 4751 90
T 230.732 4 2951 4751 90
T 230.732 1 2951 4750 90
T 230.732 7 2951 4751 90
T 230.732 3 2950 4753 90
T 230.732 6 2950 4750 90
T 230.756 8 2954 4752 90
T 230.756 5 2953 4752 90
T 230.756 2 2952 4751 90
T 230.756 4 2952 4751 90
T 230.756 1 2952 4750 90
T 230.757 7 2952 4751 90
T 230.757 3 2951 4753 90
T 230.757 6 2951 4750 90
T 230.780 8 2955 4752 90
T 230.780 5 2954 4752 90
T 230.780 2 2953 4751 90
T 230.780 4 2953 4751 90
T 230.781 1 2953 4750 90
T 230.781 7 2953 4751 90
T 230.781 3 2952 4753 90
T 230.781 6 2952 4750 90
T 230.804 8 2956 4752 90
T 230.804 5 2955 4752 90
T 230.804 2 2954 4751 90
T 230.804 4 2954 4751 90
T 230.804 1 2954 4750 90
T 230.805 7 2954 4751 90
T 230.805 3 2953 4753 90
T 230.805 6 2953 4750 90
T 230.828 8 2957 4752 90
T 230.828 5 2956 4752 90
T 230.828 2 2955 4751 90
T 230.828 4 2955 4751 90
T 230.828 1 2955 4750 90
T 230.829 7 2955 4751 90
T 230.829 3 2954 4753 90
T 230.829 6 2954 4750 90
T 230.852 8 2958 4752 90
T 230.853 5 2957 4752 90
T 230.853 2 2956 4751 90
T 230.853 4 2956 4751 90
T 230.853 1 2956 4750 90
T 230.853 7 2956 4751 90
T 230.853 3 2955 4753 90
T 230.853 6 2955 4750 90
T 230.876 8 2959 4752 90
T 230.876 5 2958 4752 90
T 230.876 2 2957 4751 90
T 230.877 4 2957 4751 90
T 230.877 1 2957 4750 90
T 230.877 7 2957 4751 90
T 230.877 3 2956 4753 90
T 230.877 6 2956 4750 90
T 230.901 8 2960 4752 90
T 230.901 5 2959 4752 90
T 230.901 2 2958 4751 90
T 230.901 4 2958 4751 90
T 230.901 1 2958 4750 90
T 230.902 7 2958 4751 90
T 230.902 3 2957 4753 90
T 230.902 6 2957 4750 90
T 230.925 8 2961 4752 90
T 230.925 5 2960 4752 90
T 230.925 2 2959 4751 90
T 230.925 4 2959 4751 90
T 230.925 1 2959 4750 90
T 230.925 7 2959 4751 90
T 230.926 3 2958 4753 90
T 230.926 6 2958 4750 90
T 230.949 8 2962 4752 90
T 230.949 5 2961 4752 90
T 230.949 2 2960 4751 90
T 230.949 4 2960 4751 90
T 230.949 1 2960 4750 90
T 230.949 7 2960 4751 90
T 230.949 3 2959 4753 90
T 230.950 6 2959 4750 90
T 230.973 8 2963 4752 90
T 230.973 5 2962 4752 90
T 230.973 2 2961 4751 90
T 230.973 4 2961 4751 90
T 230.973 1 2961 4750 90
T 230.973 7 2961 4751 90
T 230.973 3 2960 4753 90
T 230.974 6 2960 4750 90
T 230.997 8 2964 4752 90
T 230.997 5 2963 4752 90
T 230.997 2 2962 4751 90
T 230.998 4 2962 4751 90
T 230.998 1 2962 4750 90
T 230.998 7 2962 4751 90
T 230.998 3 2961 4753 90
T 230.998 6 2961 4750 90
T 231.022 8 2965 4752 90
T 231.022 5 2964 4752 90
T 231.022 2 2963 4751 90
T 231.022 4 2963 4751 90
T 231.022 1 2963 4750 90
T 231.022 7 2963 4751 90
T 231.023 3 2962 4753 90
T 231.023 6 2962 4750 90
T 231.046 8 2966 4752 90
T 231.046 5 2965 4752 90
T 231.047 2 2964 4751 90
T 231.047 4 2964 4751 90
T 231.047 1 2964 4750 90
T 231.047 7 2964 4751 90
T 231.047 3 2963 4753 90
T 231.047 6 2963 4750 90
T 231.071 8 2967 4752 90
T 231.071 5 2966 4752 90
T 231.071 2 2965 4751 90
T 231.071 4 2965 4751 90
T 231.072 1 2965 4750 90
T 231.072 7 2965 4751 90
T 231.072 3 2964 4753 90
T 231.072 6 2964 4750 90
T 231.096 8 2968 4752 90
T 231.096 5 2967 4752 90
T 231.096 2 2966 4751 90
T 231.096 4 2966 4751 90
T 231.097 1 2966 4750 90
T 231.097 7 2966 4751 90
T 231.097 3 2965 4753 90
T 231.097 6 2965 4750 90
T 231.121 8 2969 4752 90
T 231.121 5 2968 4752 90
T 231.121 2 2967 4751 90
T 231.121 4 2967 4751 90
T 231.121 1 2967 4750 90
T 231.122 7 2967 4751 90
T 231.122 3 2966 4753 90
T 231.122 6 2966 4750 90
T 231.146 8 2970 4752 90
T 231.146 5 2969 4752 90
T 231.146 2 2968 4751 90
T 231.146 4 2968 4751 90
T 231.146 1 2968 4750 90
T 231.147 7 2968 4751 90
T 231.147 3 2967 4753 90
T 231.147 6 2967 4750 90
T 231.171 5 2970 4752 90
T 231.171 2 2969 4751 90
T 231.171 4 2969 4751 90
T 231.171 1 2969 4750 90
T 231.171 7 2969 4751 90
T 231.171 3 2968 4753 90
T 231.171 6 2968 4750 90
T 231.195 2 2970 4751 90
T 231.196 4 2970 4751 90
T 231.196 1 2970 4750 90
T 231.196 7 2970 4751 90
T 231.196 3 2969 4753 90
T 231.196 6 2969 4750 90
T 231.218 3 2970 4753 90
T 231.218 6 2970 4750 90
P 231.834 2
F 231.834 2 91
P 231.835 3
F 231.836 3 91
P 231.836 5
F 231.837 5 91
P 231.837 4
F 231.838 4 91
P 231.839 6
F 231.840 6 91
P 231.840 7
F 231.842 7 91
P 231.842 8
F 231.843 8 91
P 231.843 1
F 231.847 1 91
T 232.243 6 2971 4803 91
T 232.314 6 2972 4803 91
T 232.314 5 2971 4805 91
T 232.314 2 2971 4804 91
T 232.429 6 2973 4803 91
T 232.429 5 2972 4805 91
T 232.429 2 2972 4804 91
T 232.429 8 2971 4805 91
T 232.429 4 2971 4804 91
T 232.429 7 2971 4804 91
T 232.430 3 2971 4806 91
T 232.451 6 2974 4803 91
T 232.451 5 2973 4805 91
T 232.451 2 2973 4804 91
T 232.452 8 2972 4805 91
T 232.452 4 2972 4804 91
T 232.452 7 2972 4804 91
T 232.452 3 2972 4806 91
T 232.452 1 2971 4803 91
T 232.475 6 2975 4803 91
T 232.475 5 2974 4805 91
T 232.476 2 2974 4804 91
T 232.476 8 2973 4805 91
T 232.476 4 2973 4804 91
T 232.476 7 2973 4804 91
T 232.476 3 2973 4806 91
T 232.476 1 2972 4803 91
T 232.499 6 2976 4803 91
T 232.499 5 2975 4805 91
T 232.500 2 2975 4804 91
T 232.500 8 2974 4805 91
T 232.500 4 2974 4804 91
T 232.500 7 2974 4804 91
T 232.500 3 2974 4806 91
T 232.500 1 2973 4803 91
T 232.523 6 2977 4803 91
T 232.524 5 2976 4805 91
T 232.524 2 2976 4804 91
T 232.524 8 2975 4805 91
T 232.524 4 2975 4804 91
T 232.524 7 2975 4804 91
T 232.524 3 2975 4806 91
T 232.524 1 2974 4803 91
T 232.548 6 2978 4803 91
T 232.548 5 2977 4805 91
T 232.548 2 2977 4804 91
T 232.548 8 2976 4805 91
T 232.548 4 2976 4804 91
T 232.548 7 2976 4804 91
T 232.549 3 2976 4806 91
T 232.549 1 2975 4803 91
T 232.572 6 2979 4803 91
T 232.572 5 2978 4805 91
T 232.572 2 2978 4804 91
T 232.572 8 2977 4805 91
T 232.572 4 2977 4804 91
T 232.573 7 2977 4804 91
T 232.573 3 2977 4806 91
T 232.573 1 2976 4803 91
T 232.596 6 2980 4803 91
T 232.596 5 2979 4805 91
T 232.597 2 2979 4804 91
T 232.597 8 2978 4805 91
T 232.597 4 2978 4804 91
T 232.597 7 2978 4804 91
T 232.597 3 2978 4806 91
T 232.597 1 2977 4803 91
T 232.621 6 2981 4803 91
T 232.621 5 2980 4805 91
T 232.621 2 2980 4804 91
T 232.621 8 2979 4805 91
T 232.621 4 2979 4804 91
T 232.622 7 2979 4804 91
T 232.622 3 2979 4806 91
T 232.622 1 2978 4803 91
T 232.645 6 2982 4803 91
T 232.645 5 2981 4805 91
T 232.646 2 2981 4804 91
T 232.646 8 2980 4805 91
T 232.646 4 2980 4804 91
T 232.646 7 2980 4804 91
T 232.646 3 2980 4806 91
T 232.646 1 2979 4803 91
T 232.670 6 2983 4803 91
T 232.670 5 2982 4805 91
T 232.670 2 2982 4804 91
T 232.670 8 2981 4805 91
T 232.670 4 2981 4804 91
T 232.670 7 2981 4804 91
T 232.670 3 2981 4806 91
T 232.671 1 2980 4803 91
T 232.694 6 2984 4803 91
T 232.694 5 2983 4805 91
T 232.695 2 2983 4804 91
T 232.695 8 2982 4805 91
T 232.695 4 2982 4804 91
T 232.695 7 2982 4804 91
T 232.695 3 2982 4806 91
T 232.695 1 2981 4803 91
T 232.718 6 2985 4803 91
T 232.718 5 2984 4805 91
T 232.719 2 2984 4804 91
T 232.719 8 2983 4805 91
T 232.719 4 2983 4804 91
T 232.719 7 2983 4804 91
T 232.719 3 2983 4806 91
T 232.719 1 2982 4803 91
T 232.743 6 2986 4803 91
T 232.743 5 2985 4805 91
T 232.743 2 2985 4804 91
T 232.743 8 2984 4805 91
T 232.743 4 2984 4804 91
T 232.743 7 2984 4804 91
T 232.743 3 2984 4806 91
T 232.743 1 2983 4803 91
T 232.767 6 2987 4803 91
T 232.767 5 2986 4805 91
T 232.767 2 2986 4804 91
T 232.767 8 2985 4805 91
T 232.767 4 2985 4804 91
T 232.768 7 2985 4804 91
T 232.768 3 2985 4806 91
T 232.768 1 2984 4803 91
T 232.791 6 2988 4803 91
T 232.791 5 2987 4805 91
T 232.792 2 2987 4804 91
T 232.792 8 2986 4805 91
T 232.792 4 2986 4804 91
T 232.792 7 2986 4804 91
T 232.792 3 2986 4806 91
T 232.792 1 2985 4803 91
T 232.816 6 2989 4803 91
T 232.816 5 2988 4805 91
T 232.816 2 2988 4804 91
T 232.816 8 2987 4805 91
T 232.816 4 2987 4804 91
T 232.816 7 2987 4804 91
T 232.817 3 2987 4806 91
T 232.817 1 2986 4803 91
T 232.840 6 2990 4803 91
T 232.840 5 2989 4805 91
T 232.841 2 2989 4804 91
T 232.841 8 2988 4805 91
T 232.841 4 2988 4804 91
T 232.841 7 2988 4804 91
T 232.841 3 2988 4806 91
T 232.841 1 2987 4803 91
T 232.865 6 2991 4803 91
T 232.865 5 2990 4805 91
T 232.865 2 2990 4804 91
T 232.865 8 2989 4805 91
T 232.865 4 2989 4804 91
T 232.865 7 2989 4804 91
T 232.865 3 2989 4806 91
T 232.866 1 2988 4803 91
T 232.889 6 2992 4803 91
T 232.889 5 2991 4805 91
T 232.889 2 2991 4804 91
T 232.889 8 2990 4805 91
T 232.890 4 2990 4804 91
T 232.890 7 2990 4804 91
T 232.890 3 2990 4806 91
T 232.890 1 2989 4803 91
T 232.914 6 2993 4803 91
T 232.914 5 2992 4805 91
T 232.914 2 2992 4804 91
T 232.914 8 2991 4805 91
T 232.914 4 2991 4804 91
T 232.915 7 2991 4804 91
T 232.915 3 2991 4806 91
T 232.915 1 2990 4803 91
T 232.938 6 2994 4803 91
T 232.938 5 2993 4805 91
T 232.938 2 2993 4804 91
T 232.938 8 2992 4805 91
T 232.938 4 2992 4804 91
T 232.938 7 2992 4804 91
T 232.939 3 2992 4806 91
T 232.939 1 2991 4803 91
T 232.962 6 2995 4803 91
T 232.962 5 2994 4805 91
T 232.962 2 2994 4804 91
T 232.963 8 2993 4805 91
T 232.963 4 2993 4804 91
T 232.963 7 2993 4804 91
T 232.963 3 2993 4806 91
T 232.963 1 2992 4803 91
T 232.987 6 2996 4803 91
T 232.987 5 2995 4805 91
T 232.987 2 2995 4804 91
T 232.987 8 2994 4805 91
T 232.987 4 2994 4804 91
T 232.987 7 2994 4804 91
T 232.987 3 2994 4806 91
T 232.987 1 2993 4803 91
T 233.011 6 2997 4803 91
T 233.011 5 2996 4805 91
T 233.011 2 2996 4804 91
T 233.011 8 2995 4805 91
T 233.012 4 2995 4804 91
T 233.012 7 2995 4804 91
T 233.012 3 2995 4806 91
T 233.012 1 2994 4803 91
T 233.036 6 2998 4803 91
T 233.036 5 2997 4805 91
T 233.036 2 2997 4804 91
T 233.037 8 2996 4805 91
T 233.037 4 2996 4804 91
T 233.037 7 2996 4804 91
T 233.037 3 2996 4806 91
T 233.037 1 2995 4803 91
T 233.061 6 2999 4803 91
T 233.061 5 2998 4805 91
T 233.061 2 2998 4804 91
T 233.061 8 2997 4805 91
T 233.062 4 2997 4804 91
T 233.062 7 2997 4804 91
T 233.062 3 2997 4806 91
T 233.062 1 2996 4803 91
T 233.086 6 3000 4803 91
T 233.086 5 2999 4805 91
T 233.086 2 2999 4804 91
T 233.086 8 2998 4805 91
T 233.087 4 2998 4804 91
T 233.087 7 2998 4804 91
T 233.087 3 2998 4806 91
T 233.087 1 2997 4803 91
T 233.111 6 3001 4803 91
T 233.111 5 3000 4805 91
T 233.111 2 3000 4804 91
T 233.111 8 2999 4805 91
T 233.111 4 2999 4804 91
T 233.112 7 2999 4804 91
T 233.112 3 2999 4806 91
T 233.112 1 2998 4803 91
T 233.136 6 3002 4803 91
T 233.136 5 3001 4805 91
T 233.136 2 3001 4804 91
T 233.137 8 3000 4805 91
T 233.137 4 3000 4804 91
T 233.137 7 3000 4804 91
T 233.137 3 3000 4806 91
T 233.137 1 2999 4803 91
T 233.161 6 3003 4803 91
T 233.161 5 3002 4805 91
T 233.161 2 3002 4804 91
T 233.161 8 3001 4805 91
T 233.162 4 3001 4804 91
T 233.162 7 3001 4804 91
T 233.162 3 3001 4806 91
T 233.162 1 3000 4803 91
T 233.186 5 3003 4805 91
T 233.186 2 3003 4804 91
T 233.186 8 3002 4805 91
T 233.187 4 3002 4804 91
T 233.187 7 3002 4804 91
T 233.187 3 3002 4806 91
T 233.187 1 3001 4803 91
T 233.211 8 3003 4805 91
T 233.211 4 3003 4804 91
T 233.211 7 3003 4804 91
T 233.211 3 3003 4806 91
T 233.211 1 3002 4803 91
T 233.231 1 3003 4803 91
P 233.837 4
P 233.837 6
P 233.837 7
P 233.837 8
P 233.838 1
F 233.838 4 92
P 233.838 2
F 233.838 6 92
P 233.839 3
F 233.840 7 92
P 233.840 5
F 233.841 8 92
F 233.843 1 92
F 233.850 2 92
F 233.850 3 92
F 233.851 5 92
T 234.284 4 3004 4857 92
T 234.348 4 3005 4857 92
T 234.348 2 3004 4857 92
T 234.348 3 3004 4859 92
T 234.455 4 3006 4857 92
T 234.455 2 3005 4857 92
T 234.455 3 3005 4859 92
T 234.456 6 3004 4856 92
T 234.456 5 3004 4858 92
T 234.456 8 3004 4858 92
T 234.456 7 3004 4857 92
T 234.456 1 3004 4856 92
T 234.479 4 3007 4857 92
T 234.479 2 3006 4857 92
T 234.479 3 3006 4859 92
T 234.479 6 3005 4856 92
T 234.479 5 3005 4858 92
T 234.479 8 3005 4858 92
T 234.479 7 3005 4857 92
T 234.480 1 3005 4856 92
T 234.503 4 3008 4857 92
T 234.503 2 3007 4857 92
T 234.503 3 3007 4859 92
T 234.503 6 3006 4856 92
T 234.503 5 3006 4858 92
T 234.504 8 3006 4858 92
T 234.504 7 3006 4857 92
T 234.504 1 3006 4856 92
T 234.527 4 3009 4857 92
T 234.527 2 3008 4857 92
T 234.527 3 3008 4859 92
T 234.527 6 3007 4856 92
T 234.527 5 3007 4858 92
T 234.528 8 3007 4858 92
T 234.528 7 3007 4857 92
T 234.528 1 3007 4856 92
T 234.551 4 3010 4857 92
T 234.551 2 3009 4857 92
T 234.551 3 3009 4859 92
T 234.552 6 3008 4856 92
T 234.552 5 3008 4858 92
T 234.552 8 3008 4858 92
T 234.552 7 3008 4857 92
T 234.552 1 3008 4856 92
T 234.576 4 3011 4857 92
T 234.576 2 3010 4857 92
T 234.576 3 3010 4859 92
T 234.576 6 3009 4856 92
T 234.576 5 3009 4858 92
T 234.576 8 3009 4858 92
T 234.576 7 3009 4857 92
T 234.577 1 3009 4856 92
T 234.600 4 3012 4857 92
T 234.600 2 3011 4857 92
T 234.600 3 3011 4859 92
T 234.600 6 3010 4856 92
T 234.600 5 3010 4858 92
T 234.600 8 3010 4858 92
T 234.601 7 3010 4857 92
T 234.601 1 3010 4856 92
T 234.624 4 3013 4857 92
T 234.624 2 3012 4857 92
T 234.625 3 3012 4859 92
T 234.625 6 3011 4856 92
T 234.625 5 3011 4858 92
T 234.625 8 3011 4858 92
T 234.625 7 3011 4857 92
T 234.625 1 3011 4856 92
T 234.648 4 3014 4857 92
T 234.649 2 3013 4857 92
T 234.649 3 3013 4859 92
T 234.649 6 3012 4856 92
T 234.649 5 3012 4858 92
T 234.649 8 3012 4858 92
T 234.649 7 3012 4857 92
T 234.649 1 3012 4856 92
T 234.673 4 3015 4857 92
T 234.673 2 3014 4857 92
T 234.673 3 3014 4859 92
T 234.673 6 3013 4856 92
T 234.673 5 3013 4858 92
T 234.673 8 3013 4858 92
T 234.673 7 3013 4857 92
T 234.674 1 3013 4856 92
T 234.697 4 3016 4857 92
T 234.697 2 3015 4857 92
T 234.697 3 3015 4859 92
T 234.698 6 3014 4856 92
T 234.698 5 3014 4858 92
T 234.698 8 3014 4858 92
T 234.698 7 3014 4857 92
T 234.698 1 3014 4856 92
T 234.721 4 3017 4857 92
T 234.722 2 3016 4857 92
T 234.722 3 3016 4859 92
T 234.722 6 3015 4856 92
T 234.722 5 3015 4858 92
T 234.722 8 3015 4858 92
T 234.722 7 3015 4857 92
T 234.722 1 3015 4856 92
T 234.746 4 3018 4857 92
T 234.746 2 3017 4857 92
T 234.746 3 3017 4859 92
T 234.746 6 3016 4856 92
T 234.746 5 3016 4858 92
T 234.746 8 3016 4858 92
T 234.746 7 3016 4857 92
T 234.747 1 3016 4856 92
T 234.770 4 3019 4857 92
T 234.770 2 3018 4857 92
T 234.770 3 3018 4859 92
T 234.770 6 3017 4856 92
T 234.771 5 3017 4858 92
T 234.771 8 3017 4858 92
T 234.771 7 3017 4857 92
T 234.771 1 3017 4856 92
T 234.794 4 3020 4857 92
T 234.795 2 3019 4857 92
T 234.795 3 3019 4859 92
T 234.795 6 3018 4856 92
T 234.795 5 3018 4858 92
T 234.795 8 3018 4858 92
T 234.795 7 3018 4857 92
T 234.795 1 3018 4856 92
T 234.819 4 3021 4857 92
T 234.819 2 3020 4857 92
T 234.819 3 3020 4859 92
T 234.819 6 3019 4856 92
T 234.819 5 3019 4858 92
T 234.819 8 3019 4858 92
T 234.819 7 3019 4857 92
T 234.820 1 3019 4856 92
T 234.843 4 3022 4857 92
T 234.843 2 3021 4857 92
T 234.843 3 3021 4859 92
T 234.843 6 3020 4856 92
T 234.844 5 3020 4858 92
T 234.844 8 3020 4858 92
T 234.844 7 3020 4857 92
T 234.844 1 3020 4856 92
T 234.867 4 3023 4857 92
T 234.868 2 3022 4857 92
T 234.868 3 3022 4859 92
T 234.868 6 3021 4856 92
T 234.868 5 3021 4858 92
T 234.868 8 3021 4858 92
T 234.868 7 3021 4857 92
T 234.868 1 3021 4856 92
T 234.892 4 3024 4857 92
T 234.892 2 3023 4857 92
T 234.892 3 3023 4859 92
T 234.892 6 3022 4856 92
T 234.892 5 3022 4858 92
T 234.892 8 3022 4858 92
T 234.893 7 3022 4857 92
T 234.893 1 3022 4856 92
T 234.916 4 3025 4857 92
T 234.916 2 3024 4857 92
T 234.916 3 3024 4859 92
T 234.917 6 3023 4856 92
T 234.917 5 3023 4858 92
T 234.917 8 3023 4858 92
T 234.917 7 3023 4857 92
T 234.917 1 3023 4856 92
T 234.941 4 3026 4857 92
T 234.941 2 3025 4857 92
T 234.941 3 3025 4859 92
T 234.941 6 3024 4856 92
T 234.941 5 3024 4858 92
T 234.941 8 3024 4858 92
T 234.941 7 3024 4857 92
T 234.942 1 3024 4856 92
T 234.965 4 3027 4857 92
T 234.965 2 3026 4857 92
T 234.965 3 3026 4859 92
T 234.965 6 3025 4856 92
T 234.966 5 3025 4858 92
T 234.966 8 3025 4858 92
T 234.966 7 3025 4857 92
T 234.966 1 3025 4856 92
T 234.989 4 3028 4857 92
T 234.989 2 3027 4857 92
T 234.990 3 3027 4859 92
T 234.990 6 3026 4856 92
T 234.990 5 3026 4858 92
T 234.990 8 3026 4858 92
T 234.990 7 3026 4857 92
T 234.990 1 3026 4856 92
T 235.014 4 3029 4857 92
T 235.014 2 3028 4857 92
T 235.014 3 3028 4859 92
T 235.014 6 3027 4856 92
T 235.014 5 3027 4858 92
T 235.014 8 3027 4858 92
T 235.015 7 3027 4857 92
T 235.015 1 3027 4856 92
T 235.038 4 3030 4857 92
T 235.038 2 3029 4857 92
T 235.039 3 3029 4859 92
T 235.039 6 3028 4856 92
T 235.039 5 3028 4858 92
T 235.039 8 3028 4858 92
T 235.039 7 3028 4857 92
T 235.039 1 3028 4856 92
T 235.063 4 3031 4857 92
T 235.063 2 3030 4857 92
T 235.064 3 3030 4859 92
T 235.064 6 3029 4856 92
T 235.064 5 3029 4858 92
T 235.064 8 3029 4858 92
T 235.064 7 3029 4857 92
T 235.064 1 3029 4856 92
T 235.088 4 3032 4857 92
T 235.088 2 3031 4857 92
T 235.089 3 3031 4859 92
T 235.089 6 3030 4856 92
T 235.089 5 3030 4858 92
T 235.089 8 3030 4858 92
T 235.089 7 3030 4857 92
T 235.089 1 3030 4856 92
T 235.113 4 3033 4857 92
T 235.113 2 3032 4857 92
T 235.114 3 3032 4859 92
T 235.114 6 3031 4856 92
T 235.114 5 3031 4858 92
T 235.114 8 3031 4858 92
T 235.114 7 3031 4857 92
T 235.114 1 3031 4856 92
T 235.139 4 3034 4857 92
T 235.139 2 3033 4857 92
T 235.139 3 3033 4859 92
T 235.139 6 3032 4856 92
T 235.139 5 3032 4858 92
T 235.139 8 3032 4858 92
T 235.140 7 3032 4857 92
T 235.140 1 3032 4856 92
T 235.164 4 3035 4857 92
T 235.164 2 3034 4857 92
T 235.164 3 3034 4859 92
T 235.165 6 3033 4856 92
T 235.165 5 3033 4858 92
T 235.165 8 3033 4858 92
T 235.165 7 3033 4857 92
T 235.165 1 3033 4856 92
T 235.189 4 3036 4857 92
T 235.189 2 3035 4857 92
T 235.189 3 3035 4859 92
T 235.189 6 3034 4856 92
T 235.190 5 3034 4858 92
T 235.190 8 3034 4858 92
T 235.190 7 3034 4857 92
T 235.190 1 3034 4856 92
T 235.214 2 3036 4857 92
T 235.214 3 3036 4859 92
T 235.214 6 3035 4856 92
T 235.214 5 3035 4858 92
T 235.215 8 3035 4858 92
T 235.215 7 3035 4857 92
T 235.215 1 3035 4856 92
T 235.239 6 3036 4856 92
T 235.239 5 3036 4858 92
T 235.239 8 3036 4858 92
T 235.239 7 3036 4857 92
T 235.240 1 3036 4856 92
P 235.837 4
P 235.837 6
P 235.838 7
P 235.838 8
P 235.838 1
P 235.838 2
P 235.838 3
P 235.838 5
F 235.838 4 93
F 235.841 6 93
F 235.841 7 93
F 235.842 8 93
F 235.844 1 93
F 235.846 2 93
F 235.847 3 93
F 235.848 5 93
T 236.354 6 3037 4909 93
T 236.455 6 3038 4909 93
T 236.455 4 3037 4910 93
T 236.455 2 3037 4910 93
T 236.456 3 3037 4912 93
T 236.456 5 3037 4911 93
T 236.456 8 3037 4911 93
T 236.456 7 3037 4910 93
T 236.456 1 3037 4909 93
T 236.478 6 3039 4909 93
T 236.479 4 3038 4910 93
T 236.479 2 3038 4910 93
T 236.479 3 3038 4912 93
T 236.479 5 3038 4911 93
T 236.479 8 3038 4911 93
T 236.479 7 3038 4910 93
T 236.479 1 3038 4909 93
T 236.503 6 3040 4909 93
T 236.503 4 3039 4910 93
T 236.503 2 3039 4910 93
T 236.503 3 3039 4912 93
T 236.503 5 3039 4911 93
T 236.503 8 3039 4911 93
T 236.504 7 3039 4910 93
T 236.504 1 3039 4909 93
T 236.527 6 3041 4909 93
T 236.527 4 3040 4910 93
T 236.527 2 3040 4910 93
T 236.527 3 3040 4912 93
T 236.527 5 3040 4911 93
T 236.528 8 3040 4911 93
T 236.528 7 3040 4910 93
T 236.528 1 3040 4909 93
T 236.551 6 3042 4909 93
T 236.551 4 3041 4910 93
T 236.552 2 3041 4910 93
T 236.552 3 3041 4912 93
T 236.552 5 3041 4911 93
T 236.552 8 3041 4911 93
T 236.552 7 3041 4910 93
T 236.552 1 3041 4909 93
T 236.576 6 3043 4909 93
T 236.576 4 3042 4910 93
T 236.576 2 3042 4910 93
T 236.576 3 3042 4912 93
T 236.576 5 3042 4911 93
T 236.577 8 3042 4911 93
T 236.577 7 3042 4910 93
T 236.577 1 3042 4909 93
T 236.600 6 3044 4909 93
T 236.600 4 3043 4910 93
T 236.600 2 3043 4910 93
T 236.601 3 3043 4912 93
T 236.601 5 3043 4911 93
T 236.601 8 3043 4911 93
T 236.601 7 3043 4910 93
T 236.601 1 3043 4909 93
T 236.624 6 3045 4909 93
T 236.624 4 3044 4910 93
T 236.625 2 3044 4910 93
T 236.625 3 3044 4912 93
T 236.625 5 3044 4911 93
T 236.625 8 3044 4911 93
T 236.625 7 3044 4910 93
T 236.625 1 3044 4909 93
T 236.649 6 3046 4909 93
T 236.649 4 3045 4910 93
T 236.649 2 3045 4910 93
T 236.649 3 3045 4912 93
T 236.649 5 3045 4911 93
T 236.649 8 3045 4911 93
T 236.649 7 3045 4910 93
T 236.650 1 3045 4909 93
T 236.673 6 3047 4909 93
T 236.673 4 3046 4910 93
T 236.673 2 3046 4910 93
T 236.674 3 3046 4912 93
T 236.674 5 3046 4911 93
T 236.674 8 3046 4911 93
T 236.674 7 3046 4910 93
T 236.674 1 3046 4909 93
T 236.698 6 3048 4909 93
T 236.698 4 3047 4910 93
T 236.698 2 3047 4910 93
T 236.698 3 3047 4912 93
T 236.698 5 3047 4911 93
T 236.698 8 3047 4911 93
T 236.698 7 3047 4910 93
T 236.699 1 3047 4909 93
T 236.722 6 3049 4909 93
T 236.722 4 3048 4910 93
T 236.722 2 3048 4910 93
T 236.722 3 3048 4912 93
T 236.722 5 3048 4911 93
T 236.723 8 3048 4911 93
T 236.723 7 3048 4910 93
T 236.723 1 3048 4909 93
T 236.746 6 3050 4909 93
T 236.747 4 3049 4910 93
T 236.747 2 3049 4910 93
T 236.747 3 3049 4912 93
T 236.747 5 3049 4911 93
T 236.747 8 3049 4911 93
T 236.747 7 3049 4910 93
T 236.747 1 3049 4909 93
T 236.771 6 3051 4909 93
T 236.771 4 3050 4910 93
T 236.771 2 3050 4910 93
T 236.771 3 3050 4912 93
T 236.771 5 3050 4911 93
T 236.771 8 3050 4911 93
T 236.771 7 3050 4910 93
T 236.772 1 3050 4909 93
T 236.795 6 3052 4909 93
T 236.795 4 3051 4910 93
T 236.795 2 3051 4910 93
T 236.795 3 3051 4912 93
T 236.796 5 3051 4911 93
T 236.796 8 3051 4911 93
T 236.796 7 3051 4910 93
T 236.796 1 3051 4909 93
T 236.820 6 3053 4909 93
T 236.820 4 3052 4910 93
T 236.820 2 3052 4910 93
T 236.820 3 3052 4912 93
T 236.820 5 3052 4911 93
T 236.821 8 3052 4911 93
T 236.821 7 3052 4910 93
T 236.821 1 3052 4909 93
T 236.844 6 3054 4909 93
T 236.845 4 3053 4910 93
T 236.845 2 3053 4910 93
T 236.845 3 3053 4912 93
T 236.845 5 3053 4911 93
T 236.845 8 3053 4911 93
T 236.845 7 3053 4910 93
T 236.845 1 3053 4909 93
T 236.869 6 3055 4909 93
T 236.869 4 3054 4910 93
T 236.869 2 3054 4910 93
T 236.869 3 3054 4912 93
T 236.869 5 3054 4911 93
T 236.869 8 3054 4911 93
T 236.869 7 3054 4910 93
T 236.870 1 3054 4909 93
T 236.893 6 3056 4909 93
T 236.893 4 3055 4910 93
T 236.893 2 3055 4910 93
T 236.894 3 3055 4912 93
T 236.894 5 3055 4911 93
T 236.894 8 3055 4911 93
T 236.894 7 3055 4910 93
T 236.894 1 3055 4909 93
T 236.917 6 3057 4909 93
T 236.918 4 3056 4910 93
T 236.918 2 3056 4910 93
T 236.918 3 3056 4912 93
T 236.918 5 3056 4911 93
T 236.918 8 3056 4911 93
T 236.918 7 3056 4910 93
T 236.919 1 3056 4909 93
T 236.942 6 3058 4909 93
T 236.942 4 3057 4910 93
T 236.942 2 3057 4910 93
T 236.942 3 3057 4912 93
T 236.943 5 3057 4911 93
T 236.943 8 3057 4911 93
T 236.943 7 3057 4910 93
T 236.943 1 3057 4909 93
T 236.966 6 3059 4909 93
T 236.967 4 3058 4910 93
T 236.967 2 3058 4910 93
T 236.967 3 3058 4912 93
T 236.967 5 3058 4911 93
T 236.967 8 3058 4911 93
T 236.967 7 3058 4910 93
T 236.967 1 3058 4909 93
T 236.991 6 3060 4909 93
T 236.991 4 3059 4910 93
T 236.991 2 3059 4910 93
T 236.991 3 3059 4912 93
T 236.991 5 3059 4911 93
T 236.991 8 3059 4911 93
T 236.991 7 3059 4910 93
T 236.992 1 3059 4909 93
T 237.015 6 3061 4909 93
T 237.015 4 3060 4910 93
T 237.015 2 3060 4910 93
T 237.015 3 3060 4912 93
T 237.016 5 3060 4911 93
T 237.016 8 3060 4911 93
T 237.016 7 3060 4910 93
T 237.016 1 3060 4909 93
T 237.040 6 3062 4909 93
T 237.040 4 3061 4910 93
T 237.040 2 3061 4910 93
T 237.040 3 3061 4912 93
T 237.040 5 3061 4911 93
T 237.040 8 3061 4911 93
T 237.041 7 3061 4910 93
T 237.041 1 3061 4909 93
T 237.065 6 3063 4909 93
T 237.065 4 3062 4910 93
T 237.065 2 3062 4910 93
T 237.065 3 3062 4912 93
T 237.065 5 3062 4911 93
T 237.065 8 3062 4911 93
T 237.066 7 3062 4910 93
T 237.066 1 3062 4909 93
T 237.089 6 3064 4909 93
T 237.089 4 3063 4910 93
T 237.089 2 3063 4910 93
T 237.089 3 3063 4912 93
T 237.089 5 3063 4911 93
T 237.089 8 3063 4911 93
T 237.089 7 3063 4910 93
T 237.090 1 3063 4909 93
T 237.113 6 3065 4909 93
T 237.114 4 3064 4910 93
T 237.114 2 3064 4910 93
T 237.114 3 3064 4912 93
T 237.114 5 3064 4911 93
T 237.114 8 3064 4911 93
T 237.114 7 3064 4910 93
T 237.114 1 3064 4909 93
T 237.138 6 3066 4909 93
T 237.139 4 3065 4910 93
T 237.139 2 3065 4910 93
T 237.139 3 3065 4912 93
T 237.139 5 3065 4911 93
T 237.139 8 3065 4911 93
T 237.139 7 3065 4910 93
T 237.140 1 3065 4909 93
T 237.164 6 3067 4909 93
T 237.164 4 3066 4910 93
T 237.164 2 3066 4910 93
T 237.164 3 3066 4912 93
T 237.164 5 3066 4911 93
T 237.165 8 3066 4911 93
T 237.165 7 3066 4910 93
T 237.165 1 3066 4909 93
T 237.189 6 3068 4909 93
T 237.189 4 3067 4910 93
T 237.189 2 3067 4910 93
T 237.189 3 3067 4912 93
T 237.189 5 3067 4911 93
T 237.190 8 3067 4911 93
T 237.190 7 3067 4910 93
T 237.190 1 3067 4909 93
T 237.214 6 3069 4909 93
T 237.214 4 3068 4910 93
T 237.214 2 3068 4910 93
T 237.214 3 3068 4912 93
T 237.215 5 3068 4911 93
T 237.215 8 3068 4911 93
T 237.215 7 3068 4910 93
T 237.215 1 3068 4909 93
T 237.239 4 3069 4910 93
T 237.239 2 3069 4910 93
T 237.240 3 3069 4912 93
T 237.240 5 3069 4911 93
T 237.240 8 3069 4911 93
T 237.240 7 3069 4910 93
T 237.240 1 3069 4909 93
P 237.838 3
F 237.838 3 94
P 237.838 5
F 237.840 5 94
P 237.840 4
F 237.841 4 94
P 237.842 6
F 237.843 6 94
P 237.843 7
F 237.844 7 94
P 237.845 8
F 237.845 8 94
P 237.846 1
F 237.847 1 94
P 237.847 2
F 237.850 2 94
T 238.357 5 3070 4964 94
T 238.459 5 3071 4964 94
T 238.459 6 3070 4962 94
T 238.460 4 3070 4963 94
T 238.460 2 3070 4963 94
T 238.460 3 3070 4965 94
T 238.460 8 3070 4964 94
T 238.460 7 3070 4963 94
T 238.460 1 3070 4962 94
T 238.483 5 3072 4964 94
T 238.483 6 3071 4962 94
T 238.483 4 3071 4963 94
T 238.483 2 3071 4963 94
T 238.484 3 3071 4965 94
T 238.484 8 3071 4964 94
T 238.484 7 3071 4963 94
T 238.484 1 3071 4962 94
T 238.507 5 3073 4964 94
T 238.507 6 3072 4962 94
T 238.507 4 3072 4963 94
T 238.507 2 3072 4963 94
T 238.508 3 3072 4965 94
T 238.508 8 3072 4964 94
T 238.508 7 3072 4963 94
T 238.508 1 3072 4962 94
T 238.531 5 3074 4964 94
T 238.532 6 3073 4962 94
T 238.532 4 3073 4963 94
T 238.532 2 3073 4963 94
T 238.532 3 3073 4965 94
T 238.532 8 3073 4964 94
T 238.532 7 3073 4963 94
T 238.532 1 3073 4962 94
T 238.555 5 3075 4964 94
T 238.555 6 3074 4962 94
T 238.556 4 3074 4963 94
T 238.556 2 3074 4963 94
T 238.556 3 3074 4965 94
T 238.556 8 3074 4964 94
T 238.556 7 3074 4963 94
T 238.556 1 3074 4962 94
T 238.580 5 3076 4964 94
T 238.580 6 3075 4962 94
T 238.580 4 3075 4963 94
T 238.580 2 3075 4963 94
T 238.580 3 3075 4965 94
T 238.580 8 3075 4964 94
T 238.581 7 3075 4963 94
T 238.581 1 3075 4962 94
T 238.604 5 3077 4964 94
T 238.604 6 3076 4962 94
T 238.605 4 3076 4963 94
T 238.605 2 3076 4963 94
T 238.605 3 3076 4965 94
T 238.605 8 3076 4964 94
T 238.605 7 3076 4963 94
T 238.605 1 3076 4962 94
T 238.629 5 3078 4964 94
T 238.629 6 3077 4962 94
T 238.629 4 3077 4963 94
T 238.630 2 3077 4963 94
T 238.630 3 3077 4965 94
T 238.630 8 3077 4964 94
T 238.630 7 3077 4963 94
T 238.630 1 3077 4962 94
T 238.653 5 3079 4964 94
T 238.653 6 3078 4962 94
T 238.654 4 3078 4963 94
T 238.654 2 3078 4963 94
T 238.654 3 3078 4965 94
T 238.654 8 3078 4964 94
T 238.654 7 3078 4963 94
T 238.654 1 3078 4962 94
T 238.677 5 3080 4964 94
T 238.678 6 3079 4962 94
T 238.678 4 3079 4963 94
T 238.678 2 3079 4963 94
T 238.678 3 3079 4965 94
T 238.678 8 3079 4964 94
T 238.678 7 3079 4963 94
T 238.678 1 3079 4962 94
T 238.702 5 3081 4964 94
T 238.702 6 3080 4962 94
T 238.703 4 3080 4963 94
T 238.703 2 3080 4963 94
T 238.703 3 3080 4965 94
T 238.703 8 3080 4964 94
T 238.703 7 3080 4963 94
T 238.703 1 3080 4962 94
T 238.727 5 3082 4964 94
T 238.727 6 3081 4962 94
T 238.727 4 3081 4963 94
T 238.727 2 3081 4963 94
T 238.727 3 3081 4965 94
T 238.727 8 3081 4964 94
T 238.727 7 3081 4963 94
T 238.728 1 3081 4962 94
T 238.751 5 3083 4964 94
T 238.751 6 3082 4962 94
T 238.752 4 3082 4963 94
T 238.752 2 3082 4963 94
T 238.752 3 3082 4965 94
T 238.752 8 3082 4964 94
T 238.752 7 3082 4963 94
T 238.752 1 3082 4962 94
T 238.775 5 3084 4964 94
T 238.775 6 3083 4962 94
T 238.775 4 3083 4963 94
T 238.775 2 3083 4963 94
T 238.776 3 3083 4965 94
T 238.776 8 3083 4964 94
T 238.776 7 3083 4963 94
T 238.776 1 3083 4962 94
T 238.799 5 3085 4964 94
T 238.799 6 3084 4962 94
T 238.800 4 3084 4963 94
T 238.800 2 3084 4963 94
T 238.800 3 3084 4965 94
T 238.800 8 3084 4964 94
T 238.800 7 3084 4963 94
T 238.800 1 3084 4962 94
T 238.824 5 3086 4964 94
T 238.824 6 3085 4962 94
T 238.824 4 3085 4963 94
T 238.824 2 3085 4963 94
T 238.824 3 3085 4965 94
T 238.824 8 3085 4964 94
T 238.825 7 3085 4963 94
T 238.825 1 3085 4962 94
T 238.848 5 3087 4964 94
T 238.848 6 3086 4962 94
T 238.849 4 3086 4963 94
T 238.849 2 3086 4963 94
T 238.849 3 3086 4965 94
T 238.849 8 3086 4964 94
T 238.849 7 3086 4963 94
T 238.849 1 3086 4962 94
T 238.873 5 3088 4964 94
T 238.873 6 3087 4962 94
T 238.873 4 3087 4963 94
T 238.873 2 3087 4963 94
T 238.874 3 3087 4965 94
T 238.874 8 3087 4964 94
T 238.874 7 3087 4963 94
T 238.874 1 3087 4962 94
T 238.897 5 3089 4964 94
T 238.897 6 3088 4962 94
T 238.897 4 3088 4963 94
T 238.897 2 3088 4963 94
T 238.897 3 3088 4965 94
T 238.897 8 3088 4964 94
T 238.898 7 3088 4963 94
T 238.898 1 3088 4962 94
T 238.921 5 3090 4964 94
T 238.921 6 3089 4962 94
T 238.922 4 3089 4963 94
T 238.922 2 3089 4963 94
T 238.922 3 3089 4965 94
T 238.922 8 3089 4964 94
T 238.922 7 3089 4963 94
T 238.922 1 3089 4962 94
T 238.946 5 3091 4964 94
T 238.946 6 3090 4962 94
T 238.946 4 3090 4963 94
T 238.946 2 3090 4963 94
T 238.946 3 3090 4965 94
T 238.946 8 3090 4964 94
T 238.947 7 3090 4963 94
T 238.947 1 3090 4962 94
T 238.970 5 3092 4964 94
T 238.971 6 3091 4962 94
T 238.971 4 3091 4963 94
T 238.971 2 3091 4963 94
T 238.971 3 3091 4965 94
T 238.971 8 3091 4964 94
T 238.971 7 3091 4963 94
T 238.971 1 3091 4962 94
T 238.995 5 3093 4964 94
T 238.995 6 3092 4962 94
T 238.995 4 3092 4963 94
T 238.995 2 3092 4963 94
T 238.995 3 3092 4965 94
T 238.996 8 3092 4964 94
T 238.996 7 3092 4963 94
T 238.996 1 3092 4962 94
T 239.019 5 3094 4964 94
T 239.019 6 3093 4962 94
T 239.019 4 3093 4963 94
T 239.019 2 3093 4963 94
T 239.020 3 3093 4965 94
T 239.020 8 3093 4964 94
T 239.020 7 3093 4963 94
T 239.020 1 3093 4962 94
T 239.043 5 3095 4964 94
T 239.043 6 3094 4962 94
T 239.044 4 3094 4963 94
T 239.044 2 3094 4963 94
T 239.044 3 3094 4965 94
T 239.044 8 3094 4964 94
T 239.044 7 3094 4963 94
T 239.044 1 3094 4962 94
T 239.068 5 3096 4964 94
T 239.068 6 3095 4962 94
T 239.069 4 3095 4963 94
T 239.069 2 3095 4963 94
T 239.069 3 3095 4965 94
T 239.069 8 3095 4964 94
T 239.069 7 3095 4963 94
T 239.069 1 3095 4962 94
T 239.093 5 3097 4964 94
T 239.093 6 3096 4962 94
T 239.093 4 3096 4963 94
T 239.093 2 3096 4963 94
T 239.094 3 3096 4965 94
T 239.094 8 3096 4964 94
T 239.094 7 3096 4963 94
T 239.094 1 3096 4962 94
T 239.117 5 3098 4964 94
T 239.118 6 3097 4962 94
T 239.118 4 3097 4963 94
T 239.118 2 3097 4963 94
T 239.118 3 3097 4965 94
T 239.118 8 3097 4964 94
T 239.118 7 3097 4963 94
T 239.118 1 3097 4962 94
T 239.143 5 3099 4964 94
T 239.143 6 3098 4962 94
T 239.143 4 3098 4963 94
T 239.143 2 3098 4963 94
T 239.143 3 3098 4965 94
T 239.143 8 3098 4964 94
T 239.143 7 3098 4963 94
T 239.143 1 3098 4962 94
T 239.169 5 3100 4964 94
T 239.169 6 3099 4962 94
T 239.169 4 3099 4963 94
T 239.170 2 3099 4963 94
T 239.170 3 3099 4965 94
T 239.170 8 3099 4964 94
T 239.170 7 3099 4963 94
T 239.170 1 3099 4962 94
T 239.193 5 3101 4964 94
T 239.193 6 3100 4962 94
T 239.193 4 3100 4963 94
T 239.194 2 3100 4963 94
T 239.194 3 3100 4965 94
T 239.194 8 3100 4964 94
T 239.194 7 3100 4963 94
T 239.194 1 3100 4962 94
T 239.218 5 3102 4964 94
T 239.218 6 3101 4962 94
T 239.218 4 3101 4963 94
T 239.219 2 3101 4963 94
T 239.219 3 3101 4965 94
T 239.219 8 3101 4964 94
T 239.219 7 3101 4963 94
T 239.219 1 3101 4962 94
T 239.243 6 3102 4962 94
T 239.243 4 3102 4963 94
T 239.243 2 3102 4963 94
T 239.244 3 3102 4965 94
T 239.244 8 3102 4964 94
T 239.244 7 3102 4963 94
T 239.244 1 3102 4962 94
P 239.838 8
F 239.838 8 95
P 239.838 1
F 239.839 1 95
P 239.840 2
P 239.841 3
P 239.841 5
P 239.841 4
P 239.841 6
P 239.841 7
F 239.843 2 95
F 239.844 3 95
F 239.844 5 95
F 239.845 4 95
F 239.845 6 95
F 239.846 7 95
T 240.275 8 3103 5017 95
T 240.346 8 3104 5017 95
T 240.346 6 3103 5015 95
T 240.346 3 3103 5017 95
T 240.454 8 3105 5017 95
T 240.454 6 3104 5015 95
T 240.454 3 3104 5017 95
T 240.454 5 3103 5017 95
T 240.455 4 3103 5016 95
T 240.455 2 3103 5016 95
T 240.455 7 3103 5016 95
T 240.455 1 3103 5015 95
T 240.478 8 3106 5017 95
T 240.478 6 3105 5015 95
T 240.478 3 3105 5017 95
T 240.478 5 3104 5017 95
T 240.478 4 3104 5016 95
T 240.479 2 3104 5016 95
T 240.479 7 3104 5016 95
T 240.479 1 3104 5015 95
T 240.502 8 3107 5017 95
T 240.502 6 3106 5015 95
T 240.502 3 3106 5017 95
T 240.502 5 3105 5017 95
T 240.502 4 3105 5016 95
T 240.502 2 3105 5016 95
T 240.502 7 3105 5016 95
T 240.503 1 3105 5015 95
T 240.526 8 3108 5017 95
T 240.526 6 3107 5015 95
T 240.526 3 3107 5017 95
T 240.526 5 3106 5017 95
T 240.527 4 3106 5016 95
T 240.527 2 3106 5016 95
T 240.527 7 3106 5016 95
T 240.527 1 3106 5015 95
T 240.550 8 3109 5017 95
T 240.550 6 3108 5015 95
T 240.551 3 3108 5017 95
T 240.551 5 3107 5017 95
T 240.551 4 3107 5016 95
T 240.551 2 3107 5016 95
T 240.551 7 3107 5016 95
T 240.551 1 3107 5015 95
T 240.575 8 3110 5017 95
T 240.575 6 3109 5015 95
T 240.575 3 3109 5017 95
T 240.575 5 3108 5017 95
T 240.575 4 3108 5016 95
T 240.575 2 3108 5016 95
T 240.576 7 3108 5016 95
T 240.576 1 3108 5015 95
T 240.599 8 3111 5017 95
T 240.599 6 3110 5015 95
T 240.599 3 3110 5017 95
T 240.600 5 3109 5017 95
T 240.600 4 3109 5016 95
T 240.600 2 3109 5016 95
T 240.600 7 3109 5016 95
T 240.600 1 3109 5015 95
T 240.624 8 3112 5017 95
T 240.624 6 3111 5015 95
T 240.624 3 3111 5017 95
T 240.624 5 3110 5017 95
T 240.624 4 3110 5016 95
T 240.624 2 3110 5016 95
T 240.624 7 3110 5016 95
T 240.625 1 3110 5015 95
T 240.648 8 3113 5017 95
T 240.648 6 3112 5015 95
T 240.648 3 3112 5017 95
T 240.648 5 3111 5017 95
T 240.649 4 3111 5016 95
T 240.649 2 3111 5016 95
T 240.649 7 3111 5016 95
T 240.649 1 3111 5015 95
T 240.672 8 3114 5017 95
T 240.673 6 3113 5015 95
T 240.673 3 3113 5017 95
T 240.673 5 3112 5017 95
T 240.673 4 3112 5016 95
T 240.673 2 3112 5016 95
T 240.673 7 3112 5016 95
T 240.673 1 3112 5015 95
T 240.697 8 3115 5017 95
T 240.697 6 3114 5015 95
T 240.697 3 3114 5017 95
T 240.697 5 3113 5017 95
T 240.697 4 3113 5016 95
T 240.698 2 3113 5016 95
T 240.698 7 3113 5016 95
T 240.698 1 3113 5015 95
T 240.721 8 3116 5017 95
T 240.721 6 3115 5015 95
T 240.722 3 3115 5017 95
T 240.722 5 3114 5017 95
T 240.722 4 3114 5016 95
T 240.722 2 3114 5016 95
T 240.722 7 3114 5016 95
T 240.722 1 3114 5015 95
T 240.746 8 3117 5017 95
T 240.746 6 3116 5015 95
T 240.746 3 3116 5017 95
T 240.746 5 3115 5017 95
T 240.746 4 3115 5016 95
T 240.746 2 3115 5016 95
T 240.746 7 3115 5016 95
T 240.747 1 3115 5015 95
T 240.770 8 3118 5017 95
T 240.770 6 3117 5015 95
T 240.770 3 3117 5017 95
T 240.770 5 3116 5017 95
T 240.771 4 3116 5016 95
T 240.771 2 3116 5016 95
T 240.771 7 3116 5016 95
T 240.771 1 3116 5015 95
T 240.795 8 3119 5017 95
T 240.795 6 3118 5015 95
T 240.795 3 3118 5017 95
T 240.795 5 3117 5017 95
T 240.795 4 3117 5016 95
T 240.795 2 3117 5016 95
T 240.795 7 3117 5016 95
T 240.796 1 3117 5015 95
T 240.819 8 3120 5017 95
T 240.819 6 3119 5015 95
T 240.819 3 3119 5017 95
T 240.819 5 3118 5017 95
T 240.820 4 3118 5016 95
T 240.820 2 3118 5016 95
T 240.820 7 3118 5016 95
T 240.820 1 3118 5015 95
T 240.843 8 3121 5017 95
T 240.844 6 3120 5015 95
T 240.844 3 3120 5017 95
T 240.844 5 3119 5017 95
T 240.844 4 3119 5016 95
T 240.844 2 3119 5016 95
T 240.844 7 3119 5016 95
T 240.844 1 3119 5015 95
T 240.868 8 3122 5017 95
T 240.868 6 3121 5015 95
T 240.868 3 3121 5017 95
T 240.868 5 3120 5017 95
T 240.869 4 3120 5016 95
T 240.869 2 3120 5016 95
T 240.869 7 3120 5016 95
T 240.869 1 3120 5015 95
T 240.892 8 3123 5017 95
T 240.893 6 3122 5015 95
T 240.893 3 3122 5017 95
T 240.893 5 3121 5017 95
T 240.893 4 3121 5016 95
T 240.893 2 3121 5016 95
T 240.893 7 3121 5016 95
T 240.893 1 3121 5015 95
T 240.917 8 3124 5017 95
T 240.917 6 3123 5015 95
T 240.917 3 3123 5017 95
T 240.917 5 3122 5017 95
T 240.918 4 3122 5016 95
T 240.918 2 3122 5016 95
T 240.918 7 3122 5016 95
T 240.918 1 3122 5015 95
T 240.941 8 3125 5017 95
T 240.942 6 3124 5015 95
T 240.942 3 3124 5017 95
T 240.942 5 3123 5017 95
T 240.942 4 3123 5016 95
T 240.942 2 3123 5016 95
T 240.942 7 3123 5016 95
T 240.942 1 3123 5015 95
T 240.966 8 3126 5017 95
T 240.966 6 3125 5015 95
T 240.966 3 3125 5017 95
T 240.966 5 3124 5017 95
T 240.967 4 3124 5016 95
T 240.967 2 3124 5016 95
T 240.967 7 3124 5016 95
T 240.967 1 3124 5015 95
T 240.991 8 3127 5017 95
T 240.991 6 3126 5015 95
T 240.991 3 3126 5017 95
T 240.991 5 3125 5017 95
T 240.991 4 3125 5016 95
T 240.991 2 3125 5016 95
T 240.991 7 3125 5016 95
T 240.991 1 3125 5015 95
T 241.015 8 3128 5017 95
T 241.015 6 3127 5015 95
T 241.015 3 3127 5017 95
T 241.015 5 3126 5017 95
T 241.015 4 3126 5016 95
T 241.016 2 3126 5016 95
T 241.016 7 3126 5016 95
T 241.016 1 3126 5015 95
T 241.039 8 3129 5017 95
T 241.040 6 3128 5015 95
T 241.040 3 3128 5017 95
T 241.040 5 3127 5017 95
T 241.040 4 3127 5016 95
T 241.040 2 3127 5016 95
T 241.040 7 3127 5016 95
T 241.040 1 3127 5015 95
T 241.065 8 3130 5017 95
T 241.065 6 3129 5015 95
T 241.065 3 3129 5017 95
T 241.065 5 3128 5017 95
T 241.065 4 3128 5016 95
T 241.065 2 3128 5016 95
T 241.065 7 3128 5016 95
T 241.065 1 3128 5015 95
T 241.090 8 3131 5017 95
T 241.090 6 3130 5015 95
T 241.090 3 3130 5017 95
T 241.090 5 3129 5017 95
T 241.091 4 3129 5016 95
T 241.091 2 3129 5016 95
T 241.092 7 3129 5016 95
T 241.092 1 3129 5015 95
T 241.115 8 3132 5017 95
T 241.115 6 3131 5015 95
T 241.115 3 3131 5017 95
T 241.115 5 3130 5017 95
T 241.115 4 3130 5016 95
T 241.115 2 3130 5016 95
T 241.115 7 3130 5016 95
T 241.116 1 3130 5015 95
T 241.140 8 3133 5017 95
T 241.140 6 3132 5015 95
T 241.140 3 3132 5017 95
T 241.140 5 3131 5017 95
T 241.140 4 3131 5016 95
T 241.140 2 3131 5016 95
T 241.141 7 3131 5016 95
T 241.141 1 3131 5015 95
T 241.165 8 3134 5017 95
T 241.165 6 3133 5015 95
T 241.165 3 3133 5017 95
T 241.165 5 3132 5017 95
T 241.165 4 3132 5016 95
T 241.165 2 3132 5016 95
T 241.166 7 3132 5016 95
T 241.166 1 3132 5015 95
T 241.190 8 3135 5017 95
T 241.190 6 3134 5015 95
T 241.190 3 3134 5017 95
T 241.191 5 3133 5017 95
T 241.191 4 3133 5016 95
T 241.191 2 3133 5016 95
T 241.191 7 3133 5016 95
T 241.191 1 3133 5015 95
T 241.215 6 3135 5015 95
T 241.215 3 3135 5017 95
T 241.215 5 3134 5017 95
T 241.216 4 3134 5016 95
T 241.216 2 3134 5016 95
T 241.216 7 3134 5016 95
T 241.216 1 3134 5015 95
T 241.240 5 3135 5017 95
T 241.240 4 3135 5016 95
T 241.240 2 3135 5016 95
T 241.241 7 3135 5016 95
T 241.241 1 3135 5015 95
P 241.838 3
F 241.838 3 96
P 241.838 5
P 241.840 4
F 241.840 5 96
P 241.840 6
P 241.842 7
F 241.841 4 96
P 241.842 8
P 241.842 1
F 241.843 6 96
P 241.844 2
F 241.844 7 96
F 241.847 8 96
F 241.849 1 96
F 241.852 2 96
T 242.236 3 3136 5070 96
T 242.294 3 3137 5070 96
T 242.294 7 3136 5069 96
T 242.400 3 3138 5070 96
T 242.400 7 3137 5069 96
T 242.400 6 3136 5068 96
T 242.400 5 3136 5070 96
T 242.400 4 3136 5069 96
T 242.400 2 3136 5069 96
T 242.440 3 3139 5070 96
T 242.440 7 3138 5069 96
T 242.440 6 3137 5068 96
T 242.441 5 3137 5070 96
T 242.441 4 3137 5069 96
T 242.441 2 3137 5069 96
T 242.441 8 3136 5070 96
T 242.441 1 3136 5068 96
T 242.464 3 3140 5070 96
T 242.464 7 3139 5069 96
T 242.464 6 3138 5068 96
T 242.465 5 3138 5070 96
T 242.465 4 3138 5069 96
T 242.465 2 3138 5069 96
T 242.465 8 3137 5070 96
T 242.465 1 3137 5068 96
T 242.488 3 3141 5070 96
T 242.488 7 3140 5069 96
T 242.489 6 3139 5068 96
T 242.489 5 3139 5070 96
T 242.489 4 3139 5069 96
T 242.489 2 3139 5069 96
T 242.489 8 3138 5070 96
T 242.489 1 3138 5068 96
T 242.513 3 3142 5070 96
T 242.513 7 3141 5069 96
T 242.513 6 3140 5068 96
T 242.513 5 3140 5070 96
T 242.513 4 3140 5069 96
T 242.514 2 3140 5069 96
T 242.514 8 3139 5070 96
T 242.514 1 3139 5068 96
T 242.537 3 3143 5070 96
T 242.537 7 3142 5069 96
T 242.537 6 3141 5068 96
T 242.538 5 3141 5070 96
T 242.538 4 3141 5069 96
T 242.538 2 3141 5069 96
T 242.538 8 3140 5070 96
T 242.538 1 3140 5068 96
T 242.561 3 3144 5070 96
T 242.561 7 3143 5069 96
T 242.562 6 3142 5068 96
T 242.562 5 3142 5070 96
T 242.562 4 3142 5069 96
T 242.562 2 3142 5069 96
T 242.563 8 3141 5070 96
T 242.563 1 3141 5068 96
T 242.586 3 3145 5070 96
T 242.586 7 3144 5069 96
T 242.587 6 3143 5068 96
T 242.587 5 3143 5070 96
T 242.587 4 3143 5069 96
T 242.587 2 3143 5069 96
T 242.587 8 3142 5070 96
T 242.587 1 3142 5068 96
T 242.610 3 3146 5070 96
T 242.611 7 3145 5069 96
T 242.611 6 3144 5068 96
T 242.611 5 3144 5070 96
T 242.611 4 3144 5069 96
T 242.611 2 3144 5069 96
T 242.611 8 3143 5070 96
T 242.611 1 3143 5068 96
T 242.635 3 3147 5070 96
T 242.635 7 3146 5069 96
T 242.635 6 3145 5068 96
T 242.635 5 3145 5070 96
T 242.635 4 3145 5069 96
T 242.635 2 3145 5069 96
T 242.636 8 3144 5070 96
T 242.636 1 3144 5068 96
T 242.660 3 3148 5070 96
T 242.660 7 3147 5069 96
T 242.660 6 3146 5068 96
T 242.660 5 3146 5070 96
T 242.660 4 3146 5069 96
T 242.660 2 3146 5069 96
T 242.660 8 3145 5070 96
T 242.661 1 3145 5068 96
T 242.684 3 3149 5070 96
T 242.684 7 3148 5069 96
T 242.684 6 3147 5068 96
T 242.684 5 3147 5070 96
T 242.685 4 3147 5069 96
T 242.685 2 3147 5069 96
T 242.685 8 3146 5070 96
T 242.685 1 3146 5068 96
T 242.708 3 3150 5070 96
T 242.708 7 3149 5069 96
T 242.708 6 3148 5068 96
T 242.709 5 3148 5070 96
T 242.709 4 3148 5069 96
T 242.709 2 3148 5069 96
T 242.709 8 3147 5070 96
T 242.709 1 3147 5068 96
T 242.733 3 3151 5070 96
T 242.733 7 3150 5069 96
T 242.733 6 3149 5068 96
T 242.733 5 3149 5070 96
T 242.733 4 3149 5069 96
T 242.733 2 3149 5069 96
T 242.733 8 3148 5070 96
T 242.734 1 3148 5068 96
T 242.757 3 3152 5070 96
T 242.757 7 3151 5069 96
T 242.757 6 3150 5068 96
T 242.757 5 3150 5070 96
T 242.758 4 3150 5069 96
T 242.758 2 3150 5069 96
T 242.758 8 3149 5070 96
T 242.758 1 3149 5068 96
T 242.782 3 3153 5070 96
T 242.782 7 3152 5069 96
T 242.782 6 3151 5068 96
T 242.782 5 3151 5070 96
T 242.782 4 3151 5069 96
T 242.782 2 3151 5069 96
T 242.782 8 3150 5070 96
T 242.783 1 3150 5068 96
T 242.806 3 3154 5070 96
T 242.806 7 3153 5069 96
T 242.806 6 3152 5068 96
T 242.806 5 3152 5070 96
T 242.807 4 3152 5069 96
T 242.807 2 3152 5069 96
T 242.807 8 3151 5070 96
T 242.807 1 3151 5068 96
T 242.831 3 3155 5070 96
T 242.831 7 3154 5069 96
T 242.831 6 3153 5068 96
T 242.831 5 3153 5070 96
T 242.831 4 3153 5069 96
T 242.831 2 3153 5069 96
T 242.831 8 3152 5070 96
T 242.832 1 3152 5068 96
T 242.855 3 3156 5070 96
T 242.855 7 3155 5069 96
T 242.855 6 3154 5068 96
T 242.855 5 3154 5070 96
T 242.856 4 3154 5069 96
T 242.856 2 3154 5069 96
T 242.856 8 3153 5070 96
T 242.856 1 3153 5068 96
T 242.880 3 3157 5070 96
T 242.880 7 3156 5069 96
T 242.880 6 3155 5068 96
T 242.880 5 3155 5070 96
T 242.880 4 3155 5069 96
T 242.880 2 3155 5069 96
T 242.880 8 3154 5070 96
T 242.881 1 3154 5068 96
T 242.904 3 3158 5070 96
T 242.904 7 3157 5069 96
T 242.904 6 3156 5068 96
T 242.905 5 3156 5070 96
T 242.905 4 3156 5069 96
T 242.905 2 3156 5069 96
T 242.905 8 3155 5070 96
T 242.905 1 3155 5068 96
T 242.928 3 3159 5070 96
T 242.928 7 3158 5069 96
T 242.929 6 3157 5068 96
T 242.929 5 3157 5070 96
T 242.929 4 3157 5069 96
T 242.929 2 3157 5069 96
T 242.929 8 3156 5070 96
T 242.929 1 3156 5068 96
T 242.954 3 3160 5070 96
T 242.954 7 3159 5069 96
T 242.954 6 3158 5068 96
T 242.954 5 3158 5070 96
T 242.954 4 3158 5069 96
T 242.954 2 3158 5069 96
T 242.954 8 3157 5070 96
T 242.955 1 3157 5068 96
T 242.977 3 3161 5070 96
T 242.977 7 3160 5069 96
T 242.978 6 3159 5068 96
T 242.978 5 3159 5070 96
T 242.978 4 3159 5069 96
T 242.978 2 3159 5069 96
T 242.978 8 3158 5070 96
T 242.978 1 3158 5068 96
T 243.002 3 3162 5070 96
T 243.002 7 3161 5069 96
T 243.002 6 3160 5068 96
T 243.002 5 3160 5070 96
T 243.003 4 3160 5069 96
T 243.003 2 3160 5069 96
T 243.003 8 3159 5070 96
T 243.003 1 3159 5068 96
T 243.027 3 3163 5070 96
T 243.027 7 3162 5069 96
T 243.027 6 3161 5068 96
T 243.027 5 3161 5070 96
T 243.027 4 3161 5069 96
T 243.028 2 3161 5069 96
T 243.028 8 3160 5070 96
T 243.028 1 3160 5068 96
T 243.052 3 3164 5070 96
T 243.052 7 3163 5069 96
T 243.052 6 3162 5068 96
T 243.052 5 3162 5070 96
T 243.052 4 3162 5069 96
T 243.052 2 3162 5069 96
T 243.052 8 3161 5070 96
T 243.053 1 3161 5068 96
T 243.077 3 3165 5070 96
T 243.077 7 3164 5069 96
T 243.077 6 3163 5068 96
T 243.077 5 3163 5070 96
T 243.077 4 3163 5069 96
T 243.077 2 3163 5069 96
T 243.078 8 3162 5070 96
T 243.078 1 3162 5068 96
T 243.102 3 3166 5070 96
T 243.102 7 3165 5069 96
T 243.103 6 3164 5068 96
T 243.103 5 3164 5070 96
T 243.103 4 3164 5069 96
T 243.103 2 3164 5069 96
T 243.103 8 3163 5070 96
T 243.103 1 3163 5068 96
T 243.127 3 3167 5070 96
T 243.128 7 3166 5069 96
T 243.128 6 3165 5068 96
T 243.128 5 3165 5070 96
T 243.128 4 3165 5069 96
T 243.128 2 3165 5069 96
T 243.128 8 3164 5070 96
T 243.128 1 3164 5068 96
T 243.153 3 3168 5070 96
T 243.153 7 3167 5069 96
T 243.153 6 3166 5068 96
T 243.153 5 3166 5070 96
T 243.153 4 3166 5069 96
T 243.153 2 3166 5069 96
T 243.153 8 3165 5070 96
T 243.154 1 3165 5068 96
T 243.177 7 3168 5069 96
T 243.177 6 3167 5068 96
T 243.178 5 3167 5070 96
T 243.178 4 3167 5069 96
T 243.178 2 3167 5069 96
T 243.178 8 3166 5070 96
T 243.178 1 3166 5068 96
T 243.203 6 3168 5068 96
T 243.203 5 3168 5070 96
T 243.203 4 3168 5069 96
T 243.203 2 3168 5069 96
T 243.203 8 3167 5070 96
T 243.204 1 3167 5068 96
T 243.224 8 3168 5070 96
T 243.225 1 3168 5068 96
P 243.840 5
F 243.840 5 97
P 243.840 4
F 243.841 4 97
P 243.843 6
F 243.843 6 97
P 243.844 7
F 243.846 7 97
P 243.846 8
F 243.847 8 97
P 243.848 1
F 243.849 1 97
P 243.850 2
F 243.851 2 97
P 243.852 3
F 243.853 3 97
T 244.286 8 3169 5123 97
T 244.383 8 3170 5123 97
T 244.383 5 3169 5123 97
T 244.384 4 3169 5122 97
T 244.384 2 3169 5122 97
T 244.384 1 3169 5120 97
T 244.447 8 3171 5123 97
T 244.447 5 3170 5123 97
T 244.447 4 3170 5122 97
T 244.447 2 3170 5122 97
T 244.448 1 3170 5120 97
T 244.448 3 3169 5122 97
T 244.448 7 3169 5122 97
T 244.448 6 3169 5120 97
T 244.471 8 3172 5123 97
T 244.471 5 3171 5123 97
T 244.471 4 3171 5122 97
T 244.471 2 3171 5122 97
T 244.471 1 3171 5120 97
T 244.472 3 3170 5122 97
T 244.472 7 3170 5122 97
T 244.472 6 3170 5120 97
T 244.495 8 3173 5123 97
T 244.495 5 3172 5123 97
T 244.495 4 3172 5122 97
T 244.496 2 3172 5122 97
T 244.496 1 3172 5120 97
T 244.496 3 3171 5122 97
T 244.496 7 3171 5122 97
T 244.496 6 3171 5120 97
T 244.520 8 3174 5123 97
T 244.520 5 3173 5123 97
T 244.520 4 3173 5122 97
T 244.520 2 3173 5122 97
T 244.521 1 3173 5120 97
T 244.521 3 3172 5122 97
T 244.521 7 3172 5122 97
T 244.521 6 3172 5120 97
T 244.544 8 3175 5123 97
T 244.544 5 3174 5123 97
T 244.545 4 3174 5122 97
T 244.545 2 3174 5122 97
T 244.545 1 3174 5120 97
T 244.545 3 3173 5122 97
T 244.545 7 3173 5122 97
T 244.545 6 3173 5120 97
T 244.569 8 3176 5123 97
T 244.569 5 3175 5123 97
T 244.569 4 3175 5122 97
T 244.569 2 3175 5122 97
T 244.569 1 3175 5120 97
T 244.569 3 3174 5122 97
T 244.569 7 3174 5122 97
T 244.569 6 3174 5120 97
T 244.593 8 3177 5123 97
T 244.593 5 3176 5123 97
T 244.593 4 3176 5122 97
T 244.593 2 3176 5122 97
T 244.593 1 3176 5120 97
T 244.593 3 3175 5122 97
T 244.594 7 3175 5122 97
T 244.594 6 3175 5120 97
T 244.617 8 3178 5123 97
T 244.617 5 3177 5123 97
T 244.618 4 3177 5122 97
T 244.618 2 3177 5122 97
T 244.618 1 3177 5120 97
T 244.618 3 3176 5122 97
T 244.618 7 3176 5122 97
T 244.618 6 3176 5120 97
T 244.642 8 3179 5123 97
T 244.642 5 3178 5123 97
T 244.643 4 3178 5122 97
T 244.643 2 3178 5122 97
T 244.643 1 3178 5120 97
T 244.643 3 3177 5122 97
T 244.643 7 3177 5122 97
T 244.643 6 3177 5120 97
T 244.666 8 3180 5123 97
T 244.667 5 3179 5123 97
T 244.667 4 3179 5122 97
T 244.667 2 3179 5122 97
T 244.667 1 3179 5120 97
T 244.667 3 3178 5122 97
T 244.667 7 3178 5122 97
T 244.667 6 3178 5120 97
T 244.691 8 3181 5123 97
T 244.691 5 3180 5123 97
T 244.691 4 3180 5122 97
T 244.691 2 3180 5122 97
T 244.692 1 3180 5120 97
T 244.692 3 3179 5122 97
T 244.692 7 3179 5122 97
T 244.692 6 3179 5120 97
T 244.715 8 3182 5123 97
T 244.715 5 3181 5123 97
T 244.715 4 3181 5122 97
T 244.716 2 3181 5122 97
T 244.716 1 3181 5120 97
T 244.716 3 3180 5122 97
T 244.716 7 3180 5122 97
T 244.716 6 3180 5120 97
T 244.740 8 3183 5123 97
T 244.740 5 3182 5123 97
T 244.740 4 3182 5122 97
T 244.740 2 3182 5122 97
T 244.740 1 3182 5120 97
T 244.740 3 3181 5122 97
T 244.741 7 3181 5122 97
T 244.741 6 3181 5120 97
T 244.764 8 3184 5123 97
T 244.764 5 3183 5123 97
T 244.764 4 3183 5122 97
T 244.764 2 3183 5122 97
T 244.764 1 3183 5120 97
T 244.765 3 3182 5122 97
T 244.765 7 3182 5122 97
T 244.765 6 3182 5120 97
T 244.788 8 3185 5123 97
T 244.789 5 3184 5123 97
T 244.789 4 3184 5122 97
T 244.789 2 3184 5122 97
T 244.789 1 3184 5120 97
T 244.789 3 3183 5122 97
T 244.789 7 3183 5122 97
T 244.789 6 3183 5120 97
T 244.813 8 3186 5123 97
T 244.813 5 3185 5123 97
T 244.813 4 3185 5122 97
T 244.813 2 3185 5122 97
T 244.814 1 3185 5120 97
T 244.814 3 3184 5122 97
T 244.814 7 3184 5122 97
T 244.814 6 3184 5120 97
T 244.837 8 3187 5123 97
T 244.838 5 3186 5123 97
T 244.838 4 3186 5122 97
T 244.838 2 3186 5122 97
T 244.838 1 3186 5120 97
T 244.838 3 3185 5122 97
T 244.838 7 3185 5122 97
T 244.838 6 3185 5120 97
T 244.862 8 3188 5123 97
T 244.862 5 3187 5123 97
T 244.862 4 3187 5122 97
T 244.862 2 3187 5122 97
T 244.862 1 3187 5120 97
T 244.863 3 3186 5122 97
T 244.863 7 3186 5122 97
T 244.863 6 3186 5120 97
T 244.887 8 3189 5123 97
T 244.887 5 3188 5123 97
T 244.887 4 3188 5122 97
T 244.887 2 3188 5122 97
T 244.887 1 3188 5120 97
T 244.887 3 3187 5122 97
T 244.888 7 3187 5122 97
T 244.888 6 3187 5120 97
T 244.911 8 3190 5123 97
T 244.911 5 3189 5123 97
T 244.911 4 3189 5122 97
T 244.912 2 3189 5122 97
T 244.912 1 3189 5120 97
T 244.912 3 3188 5122 97
T 244.912 7 3188 5122 97
T 244.912 6 3188 5120 97
T 244.935 8 3191 5123 97
T 244.935 5 3190 5123 97
T 244.936 4 3190 5122 97
T 244.936 2 3190 5122 97
T 244.936 1 3190 5120 97
T 244.936 3 3189 5122 97
T 244.936 7 3189 5122 97
T 244.936 6 3189 5120 97
T 244.960 8 3192 5123 97
T 244.960 5 3191 5123 97
T 244.960 4 3191 5122 97
T 244.960 2 3191 5122 97
T 244.960 1 3191 5120 97
T 244.960 3 3190 5122 97
T 244.961 7 3190 5122 97
T 244.961 6 3190 5120 97
T 244.984 8 3193 5123 97
T 244.984 5 3192 5123 97
T 244.984 4 3192 5122 97
T 244.985 2 3192 5122 97
T 244.985 1 3192 5120 97
T 244.985 3 3191 5122 97
T 244.985 7 3191 5122 97
T 244.985 6 3191 5120 97
T 245.009 8 3194 5123 97
T 245.009 5 3193 5123 97
T 245.009 4 3193 5122 97
T 245.009 2 3193 5122 97
T 245.010 1 3193 5120 97
T 245.010 3 3192 5122 97
T 245.010 7 3192 5122 97
T 245.010 6 3192 5120 97
T 245.033 8 3195 5123 97
T 245.034 5 3194 5123 97
T 245.034 4 3194 5122 97
T 245.034 2 3194 5122 97
T 245.034 1 3194 5120 97
T 245.034 3 3193 5122 97
T 245.034 7 3193 5122 97
T 245.034 6 3193 5120 97
T 245.058 8 3196 5123 97
T 245.058 5 3195 5123 97
T 245.059 4 3195 5122 97
T 245.059 2 3195 5122 97
T 245.059 1 3195 5120 97
T 245.059 3 3194 5122 97
T 245.059 7 3194 5122 97
T 245.059 6 3194 5120 97
T 245.084 8 3197 5123 97
T 245.084 5 3196 5123 97
T 245.084 4 3196 5122 97
T 245.084 2 3196 5122 97
T 245.084 1 3196 5120 97
T 245.084 3 3195 5122 97
T 245.084 7 3195 5122 97
T 245.085 6 3195 5120 97
T 245.109 8 3198 5123 97
T 245.109 5 3197 5123 97
T 245.109 4 3197 5122 97
T 245.109 2 3197 5122 97
T 245.109 1 3197 5120 97
T 245.109 3 3196 5122 97
T 245.109 7 3196 5122 97
T 245.110 6 3196 5120 97
T 245.134 8 3199 5123 97
T 245.134 5 3198 5123 97
T 245.134 4 3198 5122 97
T 245.134 2 3198 5122 97
T 245.135 1 3198 5120 97
T 245.135 3 3197 5122 97
T 245.135 7 3197 5122 97
T 245.135 6 3197 5120 97
T 245.159 8 3200 5123 97
T 245.159 5 3199 5123 97
T 245.159 4 3199 5122 97
T 245.160 2 3199 5122 97
T 245.160 1 3199 5120 97
T 245.160 3 3198 5122 97
T 245.160 7 3198 5122 97
T 245.160 6 3198 5120 97
T 245.184 8 3201 5123 97
T 245.184 5 3200 5123 97
T 245.185 4 3200 5122 97
T 245.185 2 3200 5122 97
T 245.185 1 3200 5120 97
T 245.185 3 3199 5122 97
T 245.185 7 3199 5122 97
T 245.185 6 3199 5120 97
T 245.209 5 3201 5123 97
T 245.210 4 3201 5122 97
T 245.210 2 3201 5122 97
T 245.210 1 3201 5120 97
T 245.210 3 3200 5122 97
T 245.210 7 3200 5122 97
T 245.210 6 3200 5120 97
T 245.233 3 3201 5122 97
T 245.233 7 3201 5122 97
T 245.233 6 3201 5120 97
P 245.841 2
F 245.841 2 98
P 245.841 3
F 245.842 3 98
P 245.843 5
F 245.844 5 98
P 245.845 4
F 245.845 4 98
P 245.847 6
F 245.847 6 98
P 245.848 7
F 245.850 7 98
P 245.851 8
F 245.851 8 98
P 245.852 1
F 245.854 1 98
T 246.393 2 3202 5175 98
T 246.497 2 3203 5175 98
T 246.497 8 3202 5176 98
T 246.498 5 3202 5176 98
T 246.498 4 3202 5175 98
T 246.498 1 3202 5173 98
T 246.498 3 3202 5175 98
T 246.498 7 3202 5175 98
T 246.498 6 3202 5173 98
T 246.521 2 3204 5175 98
T 246.521 8 3203 5176 98
T 246.521 5 3203 5176 98
T 246.521 4 3203 5175 98
T 246.521 1 3203 5173 98
T 246.521 3 3203 5175 98
T 246.522 7 3203 5175 98
T 246.522 6 3203 5173 98
T 246.545 2 3205 5175 98
T 246.545 8 3204 5176 98
T 246.545 5 3204 5176 98
T 246.545 4 3204 5175 98
T 246.546 1 3204 5173 98
T 246.546 3 3204 5175 98
T 246.546 7 3204 5175 98
T 246.546 6 3204 5173 98
T 246.569 2 3206 5175 98
T 246.570 8 3205 5176 98
T 246.570 5 3205 5176 98
T 246.570 4 3205 5175 98
T 246.570 1 3205 5173 98
T 246.570 3 3205 5175 98
T 246.570 7 3205 5175 98
T 246.571 6 3205 5173 98
T 246.594 2 3207 5175 98
T 246.594 8 3206 5176 98
T 246.594 5 3206 5176 98
T 246.594 4 3206 5175 98
T 246.595 1 3206 5173 98
T 246.595 3 3206 5175 98
T 246.595 7 3206 5175 98
T 246.595 6 3206 5173 98
T 246.618 2 3208 5175 98
T 246.618 8 3207 5176 98
T 246.618 5 3207 5176 98
T 246.619 4 3207 5175 98
T 246.619 1 3207 5173 98
T 246.619 3 3207 5175 98
T 246.619 7 3207 5175 98
T 246.619 6 3207 5173 98
T 246.643 2 3209 5175 98
T 246.643 8 3208 5176 98
T 246.643 5 3208 5176 98
T 246.643 4 3208 5175 98
T 246.643 1 3208 5173 98
T 246.643 3 3208 5175 98
T 246.643 7 3208 5175 98
T 246.644 6 3208 5173 98
T 246.668 2 3210 5175 98
T 246.668 8 3209 5176 98
T 246.668 5 3209 5176 98
T 246.668 4 3209 5175 98
T 246.668 1 3209 5173 98
T 246.668 3 3209 5175 98
T 246.669 7 3209 5175 98
T 246.669 6 3209 5173 98
T 246.692 2 3211 5175 98
T 246.692 8 3210 5176 98
T 246.692 5 3210 5176 98
T 246.693 4 3210 5175 98
T 246.693 1 3210 5173 98
T 246.693 3 3210 5175 98
T 246.693 7 3210 5175 98
T 246.693 6 3210 5173 98
T 246.716 2 3212 5175 98
T 246.716 8 3211 5176 98
T 246.717 5 3211 5176 98
T 246.717 4 3211 5175 98
T 246.717 1 3211 5173 98
T 246.717 3 3211 5175 98
T 246.717 7 3211 5175 98
T 246.717 6 3211 5173 98
T 246.741 2 3213 5175 98
T 246.741 8 3212 5176 98
T 246.741 5 3212 5176 98
T 246.741 4 3212 5175 98
T 246.742 1 3212 5173 98
T 246.742 3 3212 5175 98
T 246.742 7 3212 5175 98
T 246.742 6 3212 5173 98
T 246.765 2 3214 5175 98
T 246.765 8 3213 5176 98
T 246.765 5 3213 5176 98
T 246.766 4 3213 5175 98
T 246.766 1 3213 5173 98
T 246.766 3 3213 5175 98
T 246.766 7 3213 5175 98
T 246.766 6 3213 5173 98
T 246.790 2 3215 5175 98
T 246.790 8 3214 5176 98
T 246.790 5 3214 5176 98
T 246.790 4 3214 5175 98
T 246.790 1 3214 5173 98
T 246.790 3 3214 5175 98
T 246.790 7 3214 5175 98
T 246.791 6 3214 5173 98
T 246.814 2 3216 5175 98
T 246.814 8 3215 5176 98
T 246.814 5 3215 5176 98
T 246.814 4 3215 5175 98
T 246.815 1 3215 5173 98
T 246.815 3 3215 5175 98
T 246.815 7 3215 5175 98
T 246.815 6 3215 5173 98
T 246.839 2 3217 5175 98
T 246.839 8 3216 5176 98
T 246.839 5 3216 5176 98
T 246.839 4 3216 5175 98
T 246.839 1 3216 5173 98
T 246.839 3 3216 5175 98
T 246.839 7 3216 5175 98
T 246.840 6 3216 5173 98
T 246.863 2 3218 5175 98
T 246.863 8 3217 5176 98
T 246.863 5 3217 5176 98
T 246.864 4 3217 5175 98
T 246.864 1 3217 5173 98
T 246.864 3 3217 5175 98
T 246.864 7 3217 5175 98
T 246.864 6 3217 5173 98
T 246.887 2 3219 5175 98
T 246.888 8 3218 5176 98
T 246.888 5 3218 5176 98
T 246.888 4 3218 5175 98
T 246.888 1 3218 5173 98
T 246.888 3 3218 5175 98
T 246.888 7 3218 5175 98
T 246.888 6 3218 5173 98
T 246.912 2 3220 5175 98
T 246.912 8 3219 5176 98
T 246.912 5 3219 5176 98
T 246.913 4 3219 5175 98
T 246.913 1 3219 5173 98
T 246.913 3 3219 5175 98
T 246.913 7 3219 5175 98
T 246.913 6 3219 5173 98
T 246.937 2 3221 5175 98
T 246.937 8 3220 5176 98
T 246.937 5 3220 5176 98
T 246.937 4 3220 5175 98
T 246.937 1 3220 5173 98
T 246.937 3 3220 5175 98
T 246.937 7 3220 5175 98
T 246.938 6 3220 5173 98
T 246.961 2 3222 5175 98
T 246.961 8 3221 5176 98
T 246.961 5 3221 5176 98
T 246.961 4 3221 5175 98
T 246.962 1 3221 5173 98
T 246.962 3 3221 5175 98
T 246.962 7 3221 5175 98
T 246.962 6 3221 5173 98
T 246.985 2 3223 5175 98
T 246.986 8 3222 5176 98
T 246.986 5 3222 5176 98
T 246.986 4 3222 5175 98
T 246.986 1 3222 5173 98
T 246.986 3 3222 5175 98
T 246.986 7 3222 5175 98
T 246.986 6 3222 5173 98
T 247.011 2 3224 5175 98
T 247.011 8 3223 5176 98
T 247.011 5 3223 5176 98
T 247.011 4 3223 5175 98
T 247.012 1 3223 5173 98
T 247.012 3 3223 5175 98
T 247.012 7 3223 5175 98
T 247.012 6 3223 5173 98
T 247.034 2 3225 5175 98
T 247.035 8 3224 5176 98
T 247.035 5 3224 5176 98
T 247.035 4 3224 5175 98
T 247.035 1 3224 5173 98
T 247.035 3 3224 5175 98
T 247.035 7 3224 5175 98
T 247.035 6 3224 5173 98
T 247.059 2 3226 5175 98
T 247.059 8 3225 5176 98
T 247.059 5 3225 5176 98
T 247.060 4 3225 5175 98
T 247.060 1 3225 5173 98
T 247.060 3 3225 5175 98
T 247.060 7 3225 5175 98
T 247.060 6 3225 5173 98
T 247.084 2 3227 5175 98
T 247.084 8 3226 5176 98
T 247.084 5 3226 5176 98
T 247.084 4 3226 5175 98
T 247.084 1 3226 5173 98
T 247.084 3 3226 5175 98
T 247.084 7 3226 5175 98
T 247.085 6 3226 5173 98
T 247.108 2 3228 5175 98
T 247.108 8 3227 5176 98
T 247.108 5 3227 5176 98
T 247.108 4 3227 5175 98
T 247.108 1 3227 5173 98
T 247.109 3 3227 5175 98
T 247.109 7 3227 5175 98
T 247.109 6 3227 5173 98
T 247.133 2 3229 5175 98
T 247.133 8 3228 5176 98
T 247.133 5 3228 5176 98
T 247.134 4 3228 5175 98
T 247.134 1 3228 5173 98
T 247.134 3 3228 5175 98
T 247.134 7 3228 5175 98
T 247.134 6 3228 5173 98
T 247.158 2 3230 5175 98
T 247.158 8 3229 5176 98
T 247.158 5 3229 5176 98
T 247.158 4 3229 5175 98
T 247.159 1 3229 5173 98
T 247.159 3 3229 5175 98
T 247.159 7 3229 5175 98
T 247.159 6 3229 5173 98
T 247.183 2 3231 5175 98
T 247.183 8 3230 5176 98
T 247.183 5 3230 5176 98
T 247.183 4 3230 5175 98
T 247.184 1 3230 5173 98
T 247.184 3 3230 5175 98
T 247.184 7 3230 5175 98
T 247.184 6 3230 5173 98
T 247.208 2 3232 5175 98
T 247.208 8 3231 5176 98
T 247.209 5 3231 5176 98
T 247.209 4 3231 5175 98
T 247.209 1 3231 5173 98
T 247.209 3 3231 5175 98
T 247.209 7 3231 5175 98
T 247.209 6 3231 5173 98
T 247.233 2 3233 5175 98
T 247.234 8 3232 5176 98
T 247.234 5 3232 5176 98
T 247.234 4 3232 5175 98
T 247.234 1 3232 5173 98
T 247.234 3 3232 5175 98
T 247.234 7 3232 5175 98
T 247.234 6 3232 5173 98
T 247.259 2 3234 5175 98
T 247.259 8 3233 5176 98
T 247.259 5 3233 5176 98
T 247.259 4 3233 5175 98
T 247.260 1 3233 5173 98
T 247.260 3 3233 5175 98
T 247.260 7 3233 5175 98
T 247.260 6 3233 5173 98
T 247.284 8 3234 5176 98
T 247.284 5 3234 5176 98
T 247.285 4 3234 5175 98
T 247.285 1 3234 5173 98
T 247.285 3 3234 5175 98
T 247.285 7 3234 5175 98
T 247.285 6 3234 5173 98
P 247.837 5
F 247.838 5 99
P 247.838 4
P 247.839 6
F 247.840 4 99
P 247.840 7
F 247.840 6 99
P 247.841 8
F 247.842 7 99
P 247.843 1
F 247.845 8 99
P 247.846 2
P 247.846 3
F 247.849 1 99
F 247.849 2 99
F 247.849 3 99
T 248.259 5 3235 5229 99
T 248.326 5 3236 5229 99
T 248.326 8 3235 5229 99
T 248.327 3 3235 5228 99
T 248.436 5 3237 5229 99
T 248.436 8 3236 5229 99
T 248.436 3 3236 5228 99
T 248.436 2 3235 5228 99
T 248.437 4 3235 5228 99
T 248.437 1 3235 5226 99
T 248.437 7 3235 5228 99
T 248.437 6 3235 5226 99
T 248.460 5 3238 5229 99
T 248.460 8 3237 5229 99
T 248.460 3 3237 5228 99
T 248.460 2 3236 5228 99
T 248.460 4 3236 5228 99
T 248.460 1 3236 5226 99
T 248.461 7 3236 5228 99
T 248.461 6 3236 5226 99
T 248.484 5 3239 5229 99
T 248.484 8 3238 5229 99
T 248.484 3 3238 5228 99
T 248.485 2 3237 5228 99
T 248.485 4 3237 5228 99
T 248.485 1 3237 5226 99
T 248.485 7 3237 5228 99
T 248.485 6 3237 5226 99
T 248.509 5 3240 5229 99
T 248.509 8 3239 5229 99
T 248.509 3 3239 5228 99
T 248.509 2 3238 5228 99
T 248.509 4 3238 5228 99
T 248.510 1 3238 5226 99
T 248.510 7 3238 5228 99
T 248.510 6 3238 5226 99
T 248.533 5 3241 5229 99
T 248.534 8 3240 5229 99
T 248.534 3 3240 5228 99
T 248.534 2 3239 5228 99
T 248.534 4 3239 5228 99
T 248.534 1 3239 5226 99
T 248.534 7 3239 5228 99
T 248.534 6 3239 5226 99
T 248.558 5 3242 5229 99
T 248.558 8 3241 5229 99
T 248.558 3 3241 5228 99
T 248.558 2 3240 5228 99
T 248.559 4 3240 5228 99
T 248.559 1 3240 5226 99
T 248.559 7 3240 5228 99
T 248.559 6 3240 5226 99
T 248.583 5 3243 5229 99
T 248.583 8 3242 5229 99
T 248.584 3 3242 5228 99
T 248.584 2 3241 5228 99
T 248.584 4 3241 5228 99
T 248.584 1 3241 5226 99
T 248.584 7 3241 5228 99
T 248.584 6 3241 5226 99
T 248.607 5 3244 5229 99
T 248.608 8 3243 5229 99
T 248.608 3 3243 5228 99
T 248.608 2 3242 5228 99
T 248.608 4 3242 5228 99
T 248.608 1 3242 5226 99
T 248.608 7 3242 5228 99
T 248.608 6 3242 5226 99
T 248.632 5 3245 5229 99
T 248.632 8 3244 5229 99
T 248.632 3 3244 5228 99
T 248.633 2 3243 5228 99
T 248.633 4 3243 5228 99
T 248.633 1 3243 5226 99
T 248.633 7 3243 5228 99
T 248.633 6 3243 5226 99
T 248.657 5 3246 5229 99
T 248.657 8 3245 5229 99
T 248.657 3 3245 5228 99
T 248.657 2 3244 5228 99
T 248.657 4 3244 5228 99
T 248.658 1 3244 5226 99
T 248.658 7 3244 5228 99
T 248.658 6 3244 5226 99
T 248.682 5 3247 5229 99
T 248.682 8 3246 5229 99
T 248.682 3 3246 5228 99
T 248.682 2 3245 5228 99
T 248.682 4 3245 5228 99
T 248.682 1 3245 5226 99
T 248.682 7 3245 5228 99
T 248.682 6 3245 5226 99
T 248.706 5 3248 5229 99
T 248.706 8 3247 5229 99
T 248.707 3 3247 5228 99
T 248.707 2 3246 5228 99
T 248.707 4 3246 5228 99
T 248.707 1 3246 5226 99
T 248.707 7 3246 5228 99
T 248.707 6 3246 5226 99
T 248.731 5 3249 5229 99
T 248.731 8 3248 5229 99
T 248.731 3 3248 5228 99
T 248.732 2 3247 5228 99
T 248.732 4 3247 5228 99
T 248.732 1 3247 5226 99
T 248.732 7 3247 5228 99
T 248.732 6 3247 5226 99
T 248.756 5 3250 5229 99
T 248.756 8 3249 5229 99
T 248.756 3 3249 5228 99
T 248.756 2 3248 5228 99
T 248.757 4 3248 5228 99
T 248.757 1 3248 5226 99
T 248.757 7 3248 5228 99
T 248.757 6 3248 5226 99
T 248.781 5 3251 5229 99
T 248.781 8 3250 5229 99
T 248.781 3 3250 5228 99
T 248.781 2 3249 5228 99
T 248.781 4 3249 5228 99
T 248.782 1 3249 5226 99
T 248.782 7 3249 5228 99
T 248.782 6 3249 5226 99
T 248.805 5 3252 5229 99
T 248.806 8 3251 5229 99
T 248.806 3 3251 5228 99
T 248.806 2 3250 5228 99
T 248.806 4 3250 5228 99
T 248.806 1 3250 5226 99
T 248.806 7 3250 5228 99
T 248.806 6 3250 5226 99
T 248.830 5 3253 5229 99
T 248.831 8 3252 5229 99
T 248.831 3 3252 5228 99
T 248.831 2 3251 5228 99
T 248.831 4 3251 5228 99
T 248.831 1 3251 5226 99
T 248.831 7 3251 5228 99
T 248.831 6 3251 5226 99
T 248.855 5 3254 5229 99
T 248.855 8 3253 5229 99
T 248.855 3 3253 5228 99
T 248.855 2 3252 5228 99
T 248.856 4 3252 5228 99
T 248.856 1 3252 5226 99
T 248.856 7 3252 5228 99
T 248.856 6 3252 5226 99
T 248.880 5 3255 5229 99
T 248.880 8 3254 5229 99
T 248.880 3 3254 5228 99
T 248.880 2 3253 5228 99
T 248.880 4 3253 5228 99
T 248.880 1 3253 5226 99
T 248.881 7 3253 5228 99
T 248.881 6 3253 5226 99
T 248.905 5 3256 5229 99
T 248.905 8 3255 5229 99
T 248.905 3 3255 5228 99
T 248.905 2 3254 5228 99
T 248.905 4 3254 5228 99
T 248.905 1 3254 5226 99
T 248.906 7 3254 5228 99
T 248.906 6 3254 5226 99
T 248.929 5 3257 5229 99
T 248.930 8 3256 5229 99
T 248.930 3 3256 5228 99
T 248.930 2 3255 5228 99
T 248.930 4 3255 5228 99
T 248.930 1 3255 5226 99
T 248.930 7 3255 5228 99
T 248.930 6 3255 5226 99
T 248.954 5 3258 5229 99
T 248.954 8 3257 5229 99
T 248.954 3 3257 5228 99
T 248.955 2 3256 5228 99
T 248.955 4 3256 5228 99
T 248.955 1 3256 5226 99
T 248.955 7 3256 5228 99
T 248.955 6 3256 5226 99
T 248.979 5 3259 5229 99
T 248.979 8 3258 5229 99
T 248.979 3 3258 5228 99
T 248.979 2 3257 5228 99
T 248.979 4 3257 5228 99
T 248.980 1 3257 5226 99
T 248.980 7 3257 5228 99
T 248.980 6 3257 5226 99
T 249.004 5 3260 5229 99
T 249.004 8 3259 5229 99
T 249.004 3 3259 5228 99
T 249.004 2 3258 5228 99
T 249.004 4 3258 5228 99
T 249.004 1 3258 5226 99
T 249.004 7 3258 5228 99
T 249.005 6 3258 5226 99
T 249.029 5 3261 5229 99
T 249.029 8 3260 5229 99
T 249.029 3 3260 5228 99
T 249.029 2 3259 5228 99
T 249.030 4 3259 5228 99
T 249.030 1 3259 5226 99
T 249.030 7 3259 5228 99
T 249.030 6 3259 5226 99
T 249.054 5 3262 5229 99
T 249.055 8 3261 5229 99
T 249.055 3 3261 5228 99
T 249.055 2 3260 5228 99
T 249.055 4 3260 5228 99
T 249.055 1 3260 5226 99
T 249.055 7 3260 5228 99
T 249.055 6 3260 5226 99
T 249.080 5 3263 5229 99
T 249.080 8 3262 5229 99
T 249.080 3 3262 5228 99
T 249.080 2 3261 5228 99
T 249.080 4 3261 5228 99
T 249.081 1 3261 5226 99
T 249.081 7 3261 5228 99
T 249.081 6 3261 5226 99
T 249.105 5 3264 5229 99
T 249.105 8 3263 5229 99
T 249.105 3 3263 5228 99
T 249.106 2 3262 5228 99
T 249.106 4 3262 5228 99
T 249.106 1 3262 5226 99
T 249.106 7 3262 5228 99
T 249.106 6 3262 5226 99
T 249.130 5 3265 5229 99
T 249.131 8 3264 5229 99
T 249.131 3 3264 5228 99
T 249.131 2 3263 5228 99
T 249.131 4 3263 5228 99
T 249.131 1 3263 5226 99
T 249.131 7 3263 5228 99
T 249.131 6 3263 5226 99
T 249.156 5 3266 5229 99
T 249.156 8 3265 5229 99
T 249.156 3 3265 5228 99
T 249.156 2 3264 5228 99
T 249.157 4 3264 5228 99
T 249.157 1 3264 5226 99
T 249.157 7 3264 5228 99
T 249.157 6 3264 5226 99
T 249.181 5 3267 5229 99
T 249.182 8 3266 5229 99
T 249.182 3 3266 5228 99
T 249.182 2 3265 5228 99
T 249.182 4 3265 5228 99
T 249.182 1 3265 5226 99
T 249.182 7 3265 5228 99
T 249.182 6 3265 5226 99
T 249.207 8 3267 5229 99
T 249.207 3 3267 5228 99
T 249.207 2 3266 5228 99
T 249.207 4 3266 5228 99
T 249.207 1 3266 5226 99
T 249.207 7 3266 5228 99
T 249.207 6 3266 5226 99
T 249.232 2 3267 5228 99
T 249.232 4 3267 5228 99
T 249.232 1 3267 5226 99
T 249.232 7 3267 5228 99
T 249.233 6 3267 5226 99
P 249.840 6
P 249.840 7
P 249.841 8
F 249.841 6 100
P 249.841 1
F 249.841 7 100
P 249.842 2
F 249.843 8 100
F 249.844 1 100
P 249.845 3
F 249.846 2 100
P 249.847 5
F 249.848 3 100
P 249.849 4
F 249.851 5 100
F 249.853 4 100
T 250.257 7 3268 5280 100
T 250.330 7 3269 5280 100
T 250.330 6 3268 5279 100
T 250.475 7 3270 5280 100
T 250.475 6 3269 5279 100
T 250.475 5 3268 5281 100
T 250.475 3 3268 5281 100
T 250.475 2 3268 5281 100
T 250.476 4 3268 5280 100
T 250.476 1 3268 5279 100
T 250.508 7 3271 5280 100
T 250.508 6 3270 5279 100
T 250.508 5 3269 5281 100
T 250.509 3 3269 5281 100
T 250.509 2 3269 5281 100
T 250.509 4 3269 5280 100
T 250.509 1 3269 5279 100
T 250.509 8 3268 5282 100
T 250.532 7 3272 5280 100
T 250.532 6 3271 5279 100
T 250.533 5 3270 5281 100
T 250.533 3 3270 5281 100
T 250.533 2 3270 5281 100
T 250.533 4 3270 5280 100
T 250.533 1 3270 5279 100
T 250.533 8 3269 5282 100
T 250.557 7 3273 5280 100
T 250.557 6 3272 5279 100
T 250.557 5 3271 5281 100
T 250.557 3 3271 5281 100
T 250.557 2 3271 5281 100
T 250.558 4 3271 5280 100
T 250.558 1 3271 5279 100
T 250.558 8 3270 5282 100
T 250.582 7 3274 5280 100
T 250.582 6 3273 5279 100
T 250.582 5 3272 5281 100
T 250.582 3 3272 5281 100
T 250.582 2 3272 5281 100
T 250.582 4 3272 5280 100
T 250.582 1 3272 5279 100
T 250.582 8 3271 5282 100
T 250.606 7 3275 5280 100
T 250.607 6 3274 5279 100
T 250.607 5 3273 5281 100
T 250.607 3 3273 5281 100
T 250.607 2 3273 5281 100
T 250.607 4 3273 5280 100
T 250.607 1 3273 5279 100
T 250.607 8 3272 5282 100
T 250.631 7 3276 5280 100
T 250.631 6 3275 5279 100
T 250.632 5 3274 5281 100
T 250.632 3 3274 5281 100
T 250.632 2 3274 5281 100
T 250.632 4 3274 5280 100
T 250.632 1 3274 5279 100
T 250.632 8 3273 5282 100
T 250.656 7 3277 5280 100
T 250.656 6 3276 5279 100
T 250.656 5 3275 5281 100
T 250.656 3 3275 5281 100
T 250.656 2 3275 5281 100
T 250.657 4 3275 5280 100
T 250.657 1 3275 5279 100
T 250.657 8 3274 5282 100
T 250.681 7 3278 5280 100
T 250.681 6 3277 5279 100
T 250.681 5 3276 5281 100
T 250.681 3 3276 5281 100
T 250.682 2 3276 5281 100
T 250.682 4 3276 5280 100
T 250.682 1 3276 5279 100
T 250.682 8 3275 5282 100
T 250.705 7 3279 5280 100
T 250.705 6 3278 5279 100
T 250.706 5 3277 5281 100
T 250.706 3 3277 5281 100
T 250.706 2 3277 5281 100
T 250.706 4 3277 5280 100
T 250.706 1 3277 5279 100
T 250.706 8 3276 5282 100
T 250.730 7 3280 5280 100
T 250.730 6 3279 5279 100
T 250.731 5 3278 5281 100
T 250.731 3 3278 5281 100
T 250.731 2 3278 5281 100
T 250.731 4 3278 5280 100
T 250.731 1 3278 5279 100
T 250.732 8 3277 5282 100
T 250.755 7 3281 5280 100
T 250.755 6 3280 5279 100
T 250.755 5 3279 5281 100
T 250.755 3 3279 5281 100
T 250.756 2 3279 5281 100
T 250.756 4 3279 5280 100
T 250.756 1 3279 5279 100
T 250.756 8 3278 5282 100
T 250.780 7 3282 5280 100
T 250.780 6 3281 5279 100
T 250.780 5 3280 5281 100
T 250.780 3 3280 5281 100
T 250.780 2 3280 5281 100
T 250.780 4 3280 5280 100
T 250.780 1 3280 5279 100
T 250.781 8 3279 5282 100
T 250.804 7 3283 5280 100
T 250.805 6 3282 5279 100
T 250.805 5 3281 5281 100
T 250.805 3 3281 5281 100
T 250.805 2 3281 5281 100
T 250.805 4 3281 5280 100
T 250.805 1 3281 5279 100
T 250.805 8 3280 5282 100
T 250.829 7 3284 5280 100
T 250.830 6 3283 5279 100
T 250.830 5 3282 5281 100
T 250.830 3 3282 5281 100
T 250.830 2 3282 5281 100
T 250.830 4 3282 5280 100
T 250.830 1 3282 5279 100
T 250.830 8 3281 5282 100
T 250.854 7 3285 5280 100
T 250.854 6 3284 5279 100
T 250.855 5 3283 5281 100
T 250.855 3 3283 5281 100
T 250.855 2 3283 5281 100
T 250.855 4 3283 5280 100
T 250.855 1 3283 5279 100
T 250.855 8 3282 5282 100
T 250.879 7 3286 5280 100
T 250.879 6 3285 5279 100
T 250.879 5 3284 5281 100
T 250.879 3 3284 5281 100
T 250.879 2 3284 5281 100
T 250.879 4 3284 5280 100
T 250.879 1 3284 5279 100
T 250.880 8 3283 5282 100
T 250.903 7 3287 5280 100
T 250.904 6 3286 5279 100
T 250.904 5 3285 5281 100
T 250.904 3 3285 5281 100
T 250.904 2 3285 5281 100
T 250.904 4 3285 5280 100
T 250.904 1 3285 5279 100
T 250.904 8 3284 5282 100
T 250.928 7 3288 5280 100
T 250.928 6 3287 5279 100
T 250.928 5 3286 5281 100
T 250.929 3 3286 5281 100
T 250.929 2 3286 5281 100
T 250.929 4 3286 5280 100
T 250.929 1 3286 5279 100
T 250.929 8 3285 5282 100
T 250.953 7 3289 5280 100
T 250.953 6 3288 5279 100
T 250.953 5 3287 5281 100
T 250.954 3 3287 5281 100
T 250.954 2 3287 5281 100
T 250.954 4 3287 5280 100
T 250.954 1 3287 5279 100
T 250.954 8 3286 5282 100
T 250.978 7 3290 5280 100
T 250.978 6 3289 5279 100
T 250.978 5 3288 5281 100
T 250.979 3 3288 5281 100
T 250.979 2 3288 5281 100
T 250.979 4 3288 5280 100
T 250.979 1 3288 5279 100
T 250.979 8 3287 5282 100
T 251.003 7 3291 5280 100
T 251.003 6 3290 5279 100
T 251.003 5 3289 5281 100
T 251.003 3 3289 5281 100
T 251.003 2 3289 5281 100
T 251.003 4 3289 5280 100
T 251.003 1 3289 5279 100
T 251.003 8 3288 5282 100
T 251.027 7 3292 5280 100
T 251.027 6 3291 5279 100
T 251.028 5 3290 5281 100
T 251.028 3 3290 5281 100
T 251.028 2 3290 5281 100
T 251.028 4 3290 5280 100
T 251.028 1 3290 5279 100
T 251.028 8 3289 5282 100
T 251.052 7 3293 5280 100
T 251.052 6 3292 5279 100
T 251.053 5 3291 5281 100
T 251.053 3 3291 5281 100
T 251.053 2 3291 5281 100
T 251.053 4 3291 5280 100
T 251.053 1 3291 5279 100
T 251.053 8 3290 5282 100
T 251.077 7 3294 5280 100
T 251.078 6 3293 5279 100
T 251.078 5 3292 5281 100
T 251.078 3 3292 5281 100
T 251.078 2 3292 5281 100
T 251.078 4 3292 5280 100
T 251.078 1 3292 5279 100
T 251.078 8 3291 5282 100
T 251.103 7 3295 5280 100
T 251.103 6 3294 5279 100
T 251.103 5 3293 5281 100
T 251.103 3 3293 5281 100
T 251.103 2 3293 5281 100
T 251.103 4 3293 5280 100
T 251.103 1 3293 5279 100
T 251.104 8 3292 5282 100
T 251.128 7 3296 5280 100
T 251.128 6 3295 5279 100
T 251.128 5 3294 5281 100
T 251.129 3 3294 5281 100
T 251.129 2 3294 5281 100
T 251.129 4 3294 5280 100
T 251.129 1 3294 5279 100
T 251.129 8 3293 5282 100
T 251.153 7 3297 5280 100
T 251.154 6 3296 5279 100
T 251.154 5 3295 5281 100
T 251.154 3 3295 5281 100
T 251.154 2 3295 5281 100
T 251.154 4 3295 5280 100
T 251.154 1 3295 5279 100
T 251.154 8 3294 5282 100
T 251.179 7 3298 5280 100
T 251.179 6 3297 5279 100
T 251.179 5 3296 5281 100
T 251.180 3 3296 5281 100
T 251.180 2 3296 5281 100
T 251.180 4 3296 5280 100
T 251.180 1 3296 5279 100
T 251.180 8 3295 5282 100
T 251.205 7 3299 5280 100
T 251.205 6 3298 5279 100
T 251.205 5 3297 5281 100
T 251.205 3 3297 5281 100
T 251.205 2 3297 5281 100
T 251.205 4 3297 5280 100
T 251.206 1 3297 5279 100
T 251.206 8 3296 5282 100
T 251.230 7 3300 5280 100
T 251.231 6 3299 5279 100
T 251.231 5 3298 5281 100
T 251.231 3 3298 5281 100
T 251.231 2 3298 5281 100
T 251.231 4 3298 5280 100
T 251.231 1 3298 5279 100
T 251.231 8 3297 5282 100
T 251.256 6 3300 5279 100
T 251.256 5 3299 5281 100
T 251.256 3 3299 5281 100
T 251.256 2 3299 5281 100
T 251.256 4 3299 5280 100
T 251.256 1 3299 5279 100
T 251.256 8 3298 5282 100
T 251.281 5 3300 5281 100
T 251.281 3 3300 5281 100
T 251.282 2 3300 5281 100
T 251.282 4 3300 5280 100
T 251.282 1 3300 5279 100
T 251.282 8 3299 5282 100
T 251.302 8 3300 5282 100
P 251.841 2
P 251.841 3
P 251.841 5
P 251.841 4
F 251.842 2 101
P 251.842 6
F 251.842 3 101
P 251.843 7
F 251.844 5 101
P 251.844 8
F 251.844 4 101
P 251.846 1
F 251.847 6 101
F 251.847 7 101
F 251.850 8 101
F 251.850 1 101
T 252.278 2 3301 5334 101
T 252.362 2 3302 5334 101
T 252.363 7 3301 5333 101
T 252.363 5 3301 5334 101
T 252.363 3 3301 5334 101
T 252.434 2 3303 5334 101
T 252.434 7 3302 5333 101
T 252.435 5 3302 5334 101
T 252.435 3 3302 5334 101
T 252.435 6 3301 5332 101
T 252.435 4 3301 5333 101
T 252.435 1 3301 5332 101
T 252.435 8 3301 5335 101
T 252.458 2 3304 5334 101
T 252.458 7 3303 5333 101
T 252.459 5 3303 5334 101
T 252.459 3 3303 5334 101
T 252.459 6 3302 5332 101
T 252.459 4 3302 5333 101
T 252.459 1 3302 5332 101
T 252.459 8 3302 5335 101
T 252.483 2 3305 5334 101
T 252.483 7 3304 5333 101
T 252.483 5 3304 5334 101
T 252.483 3 3304 5334 101
T 252.484 6 3303 5332 101
T 252.484 4 3303 5333 101
T 252.484 1 3303 5332 101
T 252.484 8 3303 5335 101
T 252.508 2 3306 5334 101
T 252.508 7 3305 5333 101
T 252.508 5 3305 5334 101
T 252.508 3 3305 5334 101
T 252.508 6 3304 5332 101
T 252.508 4 3304 5333 101
T 252.509 1 3304 5332 101
T 252.509 8 3304 5335 101
T 252.533 2 3307 5334 101
T 252.533 7 3306 5333 101
T 252.533 5 3306 5334 101
T 252.533 3 3306 5334 101
T 252.533 6 3305 5332 101
T 252.533 4 3305 5333 101
T 252.533 1 3305 5332 101
T 252.534 8 3305 5335 101
T 252.557 2 3308 5334 101
T 252.557 7 3307 5333 101
T 252.558 5 3307 5334 101
T 252.558 3 3307 5334 101
T 252.558 6 3306 5332 101
T 252.558 4 3306 5333 101
T 252.558 1 3306 5332 101
T 252.558 8 3306 5335 101
T 252.582 2 3309 5334 101
T 252.582 7 3308 5333 101
T 252.582 5 3308 5334 101
T 252.582 3 3308 5334 101
T 252.582 6 3307 5332 101
T 252.583 4 3307 5333 101
T 252.583 1 3307 5332 101
T 252.583 8 3307 5335 101
T 252.607 2 3310 5334 101
T 252.607 7 3309 5333 101
T 252.608 5 3309 5334 101
T 252.608 3 3309 5334 101
T 252.608 6 3308 5332 101
T 252.608 4 3308 5333 101
T 252.608 1 3308 5332 101
T 252.608 8 3308 5335 101
T 252.632 2 3311 5334 101
T 252.632 7 3310 5333 101
T 252.632 5 3310 5334 101
T 252.632 3 3310 5334 101
T 252.632 6 3309 5332 101
T 252.633 4 3309 5333 101
T 252.633 1 3309 5332 101
T 252.633 8 3309 5335 101
T 252.657 2 3312 5334 101
T 252.657 7 3311 5333 101
T 252.657 5 3311 5334 101
T 252.657 3 3311 5334 101
T 252.657 6 3310 5332 101
T 252.657 4 3310 5333 101
T 252.657 1 3310 5332 101
T 252.657 8 3310 5335 101
T 252.681 2 3313 5334 101
T 252.682 7 3312 5333 101
T 252.682 5 3312 5334 101
T 252.682 3 3312 5334 101
T 252.682 6 3311 5332 101
T 252.682 4 3311 5333 101
T 252.682 1 3311 5332 101
T 252.682 8 3311 5335 101
T 252.706 2 3314 5334 101
T 252.706 7 3313 5333 101
T 252.706 5 3313 5334 101
T 252.707 3 3313 5334 101
T 252.707 6 3312 5332 101
T 252.707 4 3312 5333 101
T 252.707 1 3312 5332 101
T 252.707 8 3312 5335 101
T 252.731 2 3315 5334 101
T 252.731 7 3314 5333 101
T 252.731 5 3314 5334 101
T 252.731 3 3314 5334 101
T 252.731 6 3313 5332 101
T 252.731 4 3313 5333 101
T 252.732 1 3313 5332 101
T 252.732 8 3313 5335 101
T 252.755 2 3316 5334 101
T 252.756 7 3315 5333 101
T 252.756 5 3315 5334 101
T 252.756 3 3315 5334 101
T 252.756 6 3314 5332 101
T 252.756 4 3314 5333 101
T 252.756 1 3314 5332 101
T 252.756 8 3314 5335 101
T 252.780 2 3317 5334 101
T 252.781 7 3316 5333 101
T 252.781 5 3316 5334 101
T 252.781 3 3316 5334 101
T 252.781 6 3315 5332 101
T 252.781 4 3315 5333 101
T 252.781 1 3315 5332 101
T 252.781 8 3315 5335 101
T 252.805 2 3318 5334 101
T 252.805 7 3317 5333 101
T 252.805 5 3317 5334 101
T 252.806 3 3317 5334 101
T 252.806 6 3316 5332 101
T 252.806 4 3316 5333 101
T 252.806 1 3316 5332 101
T 252.806 8 3316 5335 101
T 252.830 2 3319 5334 101
T 252.830 7 3318 5333 101
T 252.830 5 3318 5334 101
T 252.831 3 3318 5334 101
T 252.831 6 3317 5332 101
T 252.831 4 3317 5333 101
T 252.831 1 3317 5332 101
T 252.831 8 3317 5335 101
T 252.855 2 3320 5334 101
T 252.855 7 3319 5333 101
T 252.855 5 3319 5334 101
T 252.855 3 3319 5334 101
T 252.855 6 3318 5332 101
T 252.856 4 3318 5333 101
T 252.856 1 3318 5332 101
T 252.856 8 3318 5335 101
T 252.880 2 3321 5334 101
T 252.880 7 3320 5333 101
T 252.880 5 3320 5334 101
T 252.880 3 3320 5334 101
T 252.880 6 3319 5332 101
T 252.880 4 3319 5333 101
T 252.880 1 3319 5332 101
T 252.880 8 3319 5335 101
T 252.905 2 3322 5334 101
T 252.905 7 3321 5333 101
T 252.905 5 3321 5334 101
T 252.905 3 3321 5334 101
T 252.905 6 3320 5332 101
T 252.905 4 3320 5333 101
T 252.906 1 3320 5332 101
T 252.906 8 3320 5335 101
T 252.929 2 3323 5334 101
T 252.929 7 3322 5333 101
T 252.929 5 3322 5334 101
T 252.929 3 3322 5334 101
T 252.930 6 3321 5332 101
T 252.930 4 3321 5333 101
T 252.930 1 3321 5332 101
T 252.930 8 3321 5335 101
T 252.954 2 3324 5334 101
T 252.954 7 3323 5333 101
T 252.954 5 3323 5334 101
T 252.954 3 3323 5334 101
T 252.955 6 3322 5332 101
T 252.955 4 3322 5333 101
T 252.955 1 3322 5332 101
T 252.955 8 3322 5335 101
T 252.979 2 3325 5334 101
T 252.979 7 3324 5333 101
T 252.979 5 3324 5334 101
T 252.979 3 3324 5334 101
T 252.979 6 3323 5332 101
T 252.980 4 3323 5333 101
T 252.980 1 3323 5332 101
T 252.980 8 3323 5335 101
T 253.004 2 3326 5334 101
T 253.004 7 3325 5333 101
T 253.004 5 3325 5334 101
T 253.004 3 3325 5334 101
T 253.004 6 3324 5332 101
T 253.005 4 3324 5333 101
T 253.005 1 3324 5332 101
T 253.005 8 3324 5335 101
T 253.029 2 3327 5334 101
T 253.029 7 3326 5333 101
T 253.029 5 3326 5334 101
T 253.029 3 3326 5334 101
T 253.029 6 3325 5332 101
T 253.029 4 3325 5333 101
T 253.029 1 3325 5332 101
T 253.029 8 3325 5335 101
T 253.054 2 3328 5334 101
T 253.054 7 3327 5333 101
T 253.054 5 3327 5334 101
T 253.054 3 3327 5334 101
T 253.054 6 3326 5332 101
T 253.054 4 3326 5333 101
T 253.055 1 3326 5332 101
T 253.055 8 3326 5335 101
T 253.079 2 3329 5334 101
T 253.079 7 3328 5333 101
T 253.080 5 3328 5334 101
T 253.080 3 3328 5334 101
T 253.080 6 3327 5332 101
T 253.080 4 3327 5333 101
T 253.080 1 3327 5332 101
T 253.080 8 3327 5335 101
T 253.105 2 3330 5334 101
T 253.105 7 3329 5333 101
T 253.105 5 3329 5334 101
T 253.105 3 3329 5334 101
T 253.105 6 3328 5332 101
T 253.105 4 3328 5333 101
T 253.106 1 3328 5332 101
T 253.106 8 3328 5335 101
T 253.130 2 3331 5334 101
T 253.130 7 3330 5333 101
T 253.130 5 3330 5334 101
T 253.131 3 3330 5334 101
T 253.131 6 3329 5332 101
T 253.131 4 3329 5333 101
T 253.131 1 3329 5332 101
T 253.131 8 3329 5335 101
T 253.156 2 3332 5334 101
T 253.156 7 3331 5333 101
T 253.156 5 3331 5334 101
T 253.156 3 3331 5334 101
T 253.156 6 3330 5332 101
T 253.157 4 3330 5333 101
T 253.157 1 3330 5332 101
T 253.157 8 3330 5335 101
T 253.181 2 3333 5334 101
T 253.182 7 3332 5333 101
T 253.182 5 3332 5334 101
T 253.182 3 3332 5334 101
T 253.182 6 3331 5332 101
T 253.182 4 3331 5333 101
T 253.182 1 3331 5332 101
T 253.182 8 3331 5335 101
T 253.207 7 3333 5333 101
T 253.207 5 3333 5334 101
T 253.207 3 3333 5334 101
T 253.207 6 3332 5332 101
T 253.207 4 3332 5333 101
T 253.207 1 3332 5332 101
T 253.208 8 3332 5335 101
T 253.230 6 3333 5332 101
T 253.230 4 3333 5333 101
T 253.230 1 3333 5332 101
T 253.230 8 3333 5335 101
P 253.841 1
F 253.842 1 102
P 253.842 2
F 253.842 2 102
P 253.844 3
F 253.845 3 102
P 253.846 5
F 253.847 5 102
P 253.847 4
F 253.848 4 102
P 253.856 6
F 253.857 6 102
P 253.857 7
F 253.858 7 102
P 253.858 8
F 253.859 8 102
T 254.291 1 3334 5385 102
T 254.437 1 3335 5385 102
T 254.437 2 3334 5387 102
T 254.437 3 3334 5387 102
T 254.437 6 3334 5385 102
T 254.438 4 3334 5386 102
T 254.438 8 3334 5388 102
T 254.478 1 3336 5385 102
T 254.479 2 3335 5387 102
T 254.479 3 3335 5387 102
T 254.479 6 3335 5385 102
T 254.479 4 3335 5386 102
T 254.479 8 3335 5388 102
T 254.479 7 3334 5386 102
T 254.480 5 3334 5387 102
T 254.503 1 3337 5385 102
T 254.503 2 3336 5387 102
T 254.503 3 3336 5387 102
T 254.503 6 3336 5385 102
T 254.503 4 3336 5386 102
T 254.504 8 3336 5388 102
T 254.504 7 3335 5386 102
T 254.504 5 3335 5387 102
T 254.528 1 3338 5385 102
T 254.528 2 3337 5387 102
T 254.528 3 3337 5387 102
T 254.528 6 3337 5385 102
T 254.528 4 3337 5386 102
T 254.528 8 3337 5388 102
T 254.529 7 3336 5386 102
T 254.529 5 3336 5387 102
T 254.552 1 3339 5385 102
T 254.553 2 3338 5387 102
T 254.553 3 3338 5387 102
T 254.553 6 3338 5385 102
T 254.553 4 3338 5386 102
T 254.553 8 3338 5388 102
T 254.553 7 3337 5386 102
T 254.554 5 3337 5387 102
T 254.577 1 3340 5385 102
T 254.577 2 3339 5387 102
T 254.577 3 3339 5387 102
T 254.578 6 3339 5385 102
T 254.578 4 3339 5386 102
T 254.578 8 3339 5388 102
T 254.578 7 3338 5386 102
T 254.578 5 3338 5387 102
T 254.602 1 3341 5385 102
T 254.602 2 3340 5387 102
T 254.602 3 3340 5387 102
T 254.602 6 3340 5385 102
T 254.602 4 3340 5386 102
T 254.603 8 3340 5388 102
T 254.603 7 3339 5386 102
T 254.603 5 3339 5387 102
T 254.626 1 3342 5385 102
T 254.627 2 3341 5387 102
T 254.627 3 3341 5387 102
T 254.627 6 3341 5385 102
T 254.627 4 3341 5386 102
T 254.627 8 3341 5388 102
T 254.627 7 3340 5386 102
T 254.627 5 3340 5387 102
T 254.651 1 3343 5385 102
T 254.652 2 3342 5387 102
T 254.652 3 3342 5387 102
T 254.652 6 3342 5385 102
T 254.652 4 3342 5386 102
T 254.652 8 3342 5388 102
T 254.652 7 3341 5386 102
T 254.652 5 3341 5387 102
T 254.676 1 3344 5385 102
T 254.676 2 3343 5387 102
T 254.677 3 3343 5387 102
T 254.677 6 3343 5385 102
T 254.677 4 3343 5386 102
T 254.677 8 3343 5388 102
T 254.677 7 3342 5386 102
T 254.677 5 3342 5387 102
T 254.701 1 3345 5385 102
T 254.701 2 3344 5387 102
T 254.701 3 3344 5387 102
T 254.701 6 3344 5385 102
T 254.702 4 3344 5386 102
T 254.702 8 3344 5388 102
T 254.702 7 3343 5386 102
T 254.702 5 3343 5387 102
T 254.726 1 3346 5385 102
T 254.726 2 3345 5387 102
T 254.726 3 3345 5387 102
T 254.726 6 3345 5385 102
T 254.726 4 3345 5386 102
T 254.726 8 3345 5388 102
T 254.727 7 3344 5386 102
T 254.727 5 3344 5387 102
T 254.751 1 3347 5385 102
T 254.751 2 3346 5387 102
T 254.751 3 3346 5387 102
T 254.751 6 3346 5385 102
T 254.751 4 3346 5386 102
T 254.751 8 3346 5388 102
T 254.751 7 3345 5386 102
T 254.751 5 3345 5387 102
T 254.775 1 3348 5385 102
T 254.775 2 3347 5387 102
T 254.776 3 3347 5387 102
T 254.776 6 3347 5385 102
T 254.776 4 3347 5386 102
T 254.776 8 3347 5388 102
T 254.776 7 3346 5386 102
T 254.776 5 3346 5387 102
T 254.800 1 3349 5385 102
T 254.800 2 3348 5387 102
T 254.800 3 3348 5387 102
T 254.801 6 3348 5385 102
T 254.801 4 3348 5386 102
T 254.801 8 3348 5388 102
T 254.801 7 3347 5386 102
T 254.801 5 3347 5387 102
T 254.825 1 3350 5385 102
T 254.825 2 3349 5387 102
T 254.826 3 3349 5387 102
T 254.826 6 3349 5385 102
T 254.826 4 3349 5386 102
T 254.826 8 3349 5388 102
T 254.826 7 3348 5386 102
T 254.826 5 3348 5387 102
T 254.851 1 3351 5385 102
T 254.851 2 3350 5387 102
T 254.851 3 3350 5387 102
T 254.851 6 3350 5385 102
T 254.851 4 3350 5386 102
T 254.851 8 3350 5388 102
T 254.852 7 3349 5386 102
T 254.852 5 3349 5387 102
T 254.875 1 3352 5385 102
T 254.875 2 3351 5387 102
T 254.875 3 3351 5387 102
T 254.875 6 3351 5385 102
T 254.875 4 3351 5386 102
T 254.876 8 3351 5388 102
T 254.876 7 3350 5386 102
T 254.876 5 3350 5387 102
T 254.900 1 3353 5385 102
T 254.900 2 3352 5387 102
T 254.900 3 3352 5387 102
T 254.900 6 3352 5385 102
T 254.900 4 3352 5386 102
T 254.900 8 3352 5388 102
T 254.900 7 3351 5386 102
T 254.900 5 3351 5387 102
T 254.925 1 3354 5385 102
T 254.925 2 3353 5387 102
T 254.925 3 3353 5387 102
T 254.925 6 3353 5385 102
T 254.925 4 3353 5386 102
T 254.925 8 3353 5388 102
T 254.926 7 3352 5386 102
T 254.926 5 3352 5387 102
T 254.949 1 3355 5385 102
T 254.949 2 3354 5387 102
T 254.950 3 3354 5387 102
T 254.950 6 3354 5385 102
T 254.950 4 3354 5386 102
T 254.950 8 3354 5388 102
T 254.950 7 3353 5386 102
T 254.950 5 3353 5387 102
T 254.974 1 3356 5385 102
T 254.974 2 3355 5387 102
T 254.974 3 3355 5387 102
T 254.974 6 3355 5385 102
T 254.974 4 3355 5386 102
T 254.975 8 3355 5388 102
T 254.975 7 3354 5386 102
T 254.975 5 3354 5387 102
T 254.999 1 3357 5385 102
T 254.999 2 3356 5387 102
T 254.999 3 3356 5387 102
T 254.999 6 3356 5385 102
T 254.999 4 3356 5386 102
T 254.999 8 3356 5388 102
T 254.999 7 3355 5386 102
T 255.000 5 3355 5387 102
T 255.024 1 3358 5385 102
T 255.024 2 3357 5387 102
T 255.024 3 3357 5387 102
T 255.024 6 3357 5385 102
T 255.024 4 3357 5386 102
T 255.024 8 3357 5388 102
T 255.024 7 3356 5386 102
T 255.024 5 3356 5387 102
T 255.049 1 3359 5385 102
T 255.049 2 3358 5387 102
T 255.049 3 3358 5387 102
T 255.049 6 3358 5385 102
T 255.049 4 3358 5386 102
T 255.049 8 3358 5388 102
T 255.049 7 3357 5386 102
T 255.049 5 3357 5387 102
T 255.074 1 3360 5385 102
T 255.074 2 3359 5387 102
T 255.074 3 3359 5387 102
T 255.074 6 3359 5385 102
T 255.075 4 3359 5386 102
T 255.075 8 3359 5388 102
T 255.075 7 3358 5386 102
T 255.075 5 3358 5387 102
T 255.099 1 3361 5385 102
T 255.099 2 3360 5387 102
T 255.100 3 3360 5387 102
T 255.100 6 3360 5385 102
T 255.100 4 3360 5386 102
T 255.100 8 3360 5388 102
T 255.100 7 3359 5386 102
T 255.100 5 3359 5387 102
T 255.125 1 3362 5385 102
T 255.125 2 3361 5387 102
T 255.125 3 3361 5387 102
T 255.125 6 3361 5385 102
T 255.125 4 3361 5386 102
T 255.125 8 3361 5388 102
T 255.126 7 3360 5386 102
T 255.126 5 3360 5387 102
T 255.150 1 3363 5385 102
T 255.150 2 3362 5387 102
T 255.150 3 3362 5387 102
T 255.151 6 3362 5385 102
T 255.151 4 3362 5386 102
T 255.151 8 3362 5388 102
T 255.151 7 3361 5386 102
T 255.151 5 3361 5387 102
T 255.176 1 3364 5385 102
T 255.176 2 3363 5387 102
T 255.176 3 3363 5387 102
T 255.176 6 3363 5385 102
T 255.176 4 3363 5386 102
T 255.176 8 3363 5388 102
T 255.177 7 3362 5386 102
T 255.177 5 3362 5387 102
T 255.201 1 3365 5385 102
T 255.201 2 3364 5387 102
T 255.201 3 3364 5387 102
T 255.201 6 3364 5385 102
T 255.202 4 3364 5386 102
T 255.202 8 3364 5388 102
T 255.202 7 3363 5386 102
T 255.202 5 3363 5387 102
T 255.227 1 3366 5385 102
T 255.227 2 3365 5387 102
T 255.227 3 3365 5387 102
T 255.227 6 3365 5385 102
T 255.227 4 3365 5386 102
T 255.227 8 3365 5388 102
T 255.227 7 3364 5386 102
T 255.228 5 3364 5387 102
T 255.252 2 3366 5387 102
T 255.252 3 3366 5387 102
T 255.252 6 3366 5385 102
T 255.253 4 3366 5386 102
T 255.253 8 3366 5388 102
T 255.253 7 3365 5386 102
T 255.253 5 3365 5387 102
T 255.274 7 3366 5386 102
T 255.274 5 3366 5387 102
P 255.841 6
P 255.841 7
P 255.841 8
P 255.841 1
F 255.842 6 103
P 255.842 2
F 255.842 7 103
P 255.843 3
F 255.844 8 103
P 255.844 5
F 255.845 1 103
P 255.846 4
F 255.847 2 103
F 255.850 3 103
F 255.851 5 103
F 255.851 4 103
T 256.327 3 3367 5440 103
T 256.475 3 3368 5440 103
T 256.475 1 3367 5438 103
T 256.476 2 3367 5439 103
T 256.476 6 3367 5438 103
T 256.476 8 3367 5440 103
T 256.476 7 3367 5438 103
T 256.476 5 3367 5439 103
T 256.509 3 3369 5440 103
T 256.509 1 3368 5438 103
T 256.509 2 3368 5439 103
T 256.509 6 3368 5438 103
T 256.509 8 3368 5440 103
T 256.509 7 3368 5438 103
T 256.510 5 3368 5439 103
T 256.510 4 3367 5438 103
T 256.533 3 3370 5440 103
T 256.533 1 3369 5438 103
T 256.534 2 3369 5439 103
T 256.534 6 3369 5438 103
T 256.534 8 3369 5440 103
T 256.534 7 3369 5438 103
T 256.534 5 3369 5439 103
T 256.534 4 3368 5438 103
T 256.557 3 3371 5440 103
T 256.558 1 3370 5438 103
T 256.558 2 3370 5439 103
T 256.558 6 3370 5438 103
T 256.558 8 3370 5440 103
T 256.558 7 3370 5438 103
T 256.558 5 3370 5439 103
T 256.558 4 3369 5438 103
T 256.582 3 3372 5440 103
T 256.582 1 3371 5438 103
T 256.583 2 3371 5439 103
T 256.583 6 3371 5438 103
T 256.583 8 3371 5440 103
T 256.583 7 3371 5438 103
T 256.583 5 3371 5439 103
T 256.583 4 3370 5438 103
T 256.607 3 3373 5440 103
T 256.607 1 3372 5438 103
T 256.607 2 3372 5439 103
T 256.608 6 3372 5438 103
T 256.608 8 3372 5440 103
T 256.608 7 3372 5438 103
T 256.608 5 3372 5439 103
T 256.608 4 3371 5438 103
T 256.632 3 3374 5440 103
T 256.632 1 3373 5438 103
T 256.632 2 3373 5439 103
T 256.632 6 3373 5438 103
T 256.632 8 3373 5440 103
T 256.632 7 3373 5438 103
T 256.633 5 3373 5439 103
T 256.633 4 3372 5438 103
T 256.657 3 3375 5440 103
T 256.657 1 3374 5438 103
T 256.657 2 3374 5439 103
T 256.657 6 3374 5438 103
T 256.657 8 3374 5440 103
T 256.657 7 3374 5438 103
T 256.658 5 3374 5439 103
T 256.658 4 3373 5438 103
T 256.682 3 3376 5440 103
T 256.682 1 3375 5438 103
T 256.682 2 3375 5439 103
T 256.682 6 3375 5438 103
T 256.682 8 3375 5440 103
T 256.682 7 3375 5438 103
T 256.682 5 3375 5439 103
T 256.683 4 3374 5438 103
T 256.706 3 3377 5440 103
T 256.707 1 3376 5438 103
T 256.707 2 3376 5439 103
T 256.707 6 3376 5438 103
T 256.707 8 3376 5440 103
T 256.707 7 3376 5438 103
T 256.707 5 3376 5439 103
T 256.707 4 3375 5438 103
T 256.731 3 3378 5440 103
T 256.732 1 3377 5438 103
T 256.732 2 3377 5439 103
T 256.732 6 3377 5438 103
T 256.732 8 3377 5440 103
T 256.732 7 3377 5438 103
T 256.732 5 3377 5439 103
T 256.733 4 3376 5438 103
T 256.756 3 3379 5440 103
T 256.756 1 3378 5438 103
T 256.757 2 3378 5439 103
T 256.757 6 3378 5438 103
T 256.757 8 3378 5440 103
T 256.757 7 3378 5438 103
T 256.757 5 3378 5439 103
T 256.757 4 3377 5438 103
T 256.781 3 3380 5440 103
T 256.781 1 3379 5438 103
T 256.782 2 3379 5439 103
T 256.782 6 3379 5438 103
T 256.782 8 3379 5440 103
T 256.782 7 3379 5438 103
T 256.782 5 3379 5439 103
T 256.782 4 3378 5438 103
T 256.806 3 3381 5440 103
T 256.806 1 3380 5438 103
T 256.806 2 3380 5439 103
T 256.806 6 3380 5438 103
T 256.807 8 3380 5440 103
T 256.807 7 3380 5438 103
T 256.807 5 3380 5439 103
T 256.807 4 3379 5438 103
T 256.831 3 3382 5440 103
T 256.831 1 3381 5438 103
T 256.831 2 3381 5439 103
T 256.831 6 3381 5438 103
T 256.832 8 3381 5440 103
T 256.832 7 3381 5438 103
T 256.832 5 3381 5439 103
T 256.832 4 3380 5438 103
T 256.856 3 3383 5440 103
T 256.856 1 3382 5438 103
T 256.856 2 3382 5439 103
T 256.856 6 3382 5438 103
T 256.856 8 3382 5440 103
T 256.856 7 3382 5438 103
T 256.857 5 3382 5439 103
T 256.857 4 3381 5438 103
T 256.881 3 3384 5440 103
T 256.881 1 3383 5438 103
T 256.881 2 3383 5439 103
T 256.881 6 3383 5438 103
T 256.882 8 3383 5440 103
T 256.882 7 3383 5438 103
T 256.882 5 3383 5439 103
T 256.882 4 3382 5438 103
T 256.906 3 3385 5440 103
T 256.906 1 3384 5438 103
T 256.906 2 3384 5439 103
T 256.906 6 3384 5438 103
T 256.906 8 3384 5440 103
T 256.906 7 3384 5438 103
T 256.907 5 3384 5439 103
T 256.907 4 3383 5438 103
T 256.931 3 3386 5440 103
T 256.931 1 3385 5438 103
T 256.931 2 3385 5439 103
T 256.931 6 3385 5438 103
T 256.931 8 3385 5440 103
T 256.931 7 3385 5438 103
T 256.931 5 3385 5439 103
T 256.931 4 3384 5438 103
T 256.955 3 3387 5440 103
T 256.956 1 3386 5438 103
T 256.956 2 3386 5439 103
T 256.956 6 3386 5438 103
T 256.956 8 3386 5440 103
T 256.956 7 3386 5438 103
T 256.956 5 3386 5439 103
T 256.956 4 3385 5438 103
T 256.980 3 3388 5440 103
T 256.981 1 3387 5438 103
T 256.981 2 3387 5439 103
T 256.981 6 3387 5438 103
T 256.981 8 3387 5440 103
T 256.981 7 3387 5438 103
T 256.981 5 3387 5439 103
T 256.981 4 3386 5438 103
T 257.005 3 3389 5440 103
T 257.005 1 3388 5438 103
T 257.006 2 3388 5439 103
T 257.006 6 3388 5438 103
T 257.006 8 3388 5440 103
T 257.006 7 3388 5438 103
T 257.006 5 3388 5439 103
T 257.006 4 3387 5438 103
T 257.030 3 3390 5440 103
T 257.030 1 3389 5438 103
T 257.030 2 3389 5439 103
T 257.030 6 3389 5438 103
T 257.031 8 3389 5440 103
T 257.031 7 3389 5438 103
T 257.031 5 3389 5439 103
T 257.031 4 3388 5438 103
T 257.055 3 3391 5440 103
T 257.055 1 3390 5438 103
T 257.055 2 3390 5439 103
T 257.055 6 3390 5438 103
T 257.056 8 3390 5440 103
T 257.056 7 3390 5438 103
T 257.056 5 3390 5439 103
T 257.056 4 3389 5438 103
T 257.080 3 3392 5440 103
T 257.080 1 3391 5438 103
T 257.080 2 3391 5439 103
T 257.080 6 3391 5438 103
T 257.081 8 3391 5440 103
T 257.081 7 3391 5438 103
T 257.081 5 3391 5439 103
T 257.081 4 3390 5438 103
T 257.105 3 3393 5440 103
T 257.105 1 3392 5438 103
T 257.105 2 3392 5439 103
T 257.106 6 3392 5438 103
T 257.106 8 3392 5440 103
T 257.106 7 3392 5438 103
T 257.106 5 3392 5439 103
T 257.106 4 3391 5438 103
T 257.130 3 3394 5440 103
T 257.131 1 3393 5438 103
T 257.131 2 3393 5439 103
T 257.131 6 3393 5438 103
T 257.131 8 3393 5440 103
T 257.131 7 3393 5438 103
T 257.131 5 3393 5439 103
T 257.131 4 3392 5438 103
T 257.156 3 3395 5440 103
T 257.156 1 3394 5438 103
T 257.156 2 3394 5439 103
T 257.156 6 3394 5438 103
T 257.156 8 3394 5440 103
T 257.156 7 3394 5438 103
T 257.156 5 3394 5439 103
T 257.157 4 3393 5438 103
T 257.181 3 3396 5440 103
T 257.181 1 3395 5438 103
T 257.182 2 3395 5439 103
T 257.182 6 3395 5438 103
T 257.182 8 3395 5440 103
T 257.182 7 3395 5438 103
T 257.182 5 3395 5439 103
T 257.182 4 3394 5438 103
T 257.207 3 3397 5440 103
T 257.207 1 3396 5438 103
T 257.207 2 3396 5439 103
T 257.207 6 3396 5438 103
T 257.207 8 3396 5440 103
T 257.208 7 3396 5438 103
T 257.208 5 3396 5439 103
T 257.208 4 3395 5438 103
T 257.232 3 3398 5440 103
T 257.233 1 3397 5438 103
T 257.233 2 3397 5439 103
T 257.233 6 3397 5438 103
T 257.233 8 3397 5440 103
T 257.233 7 3397 5438 103
T 257.233 5 3397 5439 103
T 257.233 4 3396 5438 103
T 257.258 3 3399 5440 103
T 257.258 1 3398 5438 103
T 257.258 2 3398 5439 103
T 257.258 6 3398 5438 103
T 257.258 8 3398 5440 103
T 257.259 7 3398 5438 103
T 257.259 5 3398 5439 103
T 257.259 4 3397 5438 103
T 257.283 1 3399 5438 103
T 257.284 2 3399 5439 103
T 257.284 6 3399 5438 103
T 257.284 8 3399 5440 103
T 257.284 7 3399 5438 103
T 257.284 5 3399 5439 103
T 257.284 4 3398 5438 103
T 257.304 4 3399 5438 103
P 257.842 8
F 257.843 8 104
P 257.843 1
F 257.843 1 104
P 257.844 2
F 257.846 2 104
P 257.846 3
P 257.848 5
P 257.848 4
P 257.848 6
P 257.848 7
F 257.850 3 104
F 257.851 5 104
F 257.852 4 104
F 257.852 6 104
F 257.852 7 104
T 258.208 1 3400 5491 104
T 258.272 1 3401 5491 104
T 258.343 1 3402 5491 104
T 258.343 8 3400 5493 104
T 258.343 4 3400 5491 104
T 258.454 1 3403 5491 104
T 258.454 8 3401 5493 104
T 258.454 4 3401 5491 104
T 258.454 3 3400 5493 104
T 258.455 2 3400 5492 104
T 258.455 6 3400 5491 104
T 258.455 7 3400 5491 104
T 258.455 5 3400 5492 104
T 258.477 1 3404 5491 104
T 258.478 8 3402 5493 104
T 258.478 4 3402 5491 104
T 258.478 3 3401 5493 104
T 258.478 2 3401 5492 104
T 258.478 6 3401 5491 104
T 258.478 7 3401 5491 104
T 258.479 5 3401 5492 104
T 258.502 1 3405 5491 104
T 258.502 8 3403 5493 104
T 258.502 4 3403 5491 104
T 258.502 3 3402 5493 104
T 258.503 2 3402 5492 104
T 258.503 6 3402 5491 104
T 258.503 7 3402 5491 104
T 258.503 5 3402 5492 104
T 258.527 1 3406 5491 104
T 258.527 8 3404 5493 104
T 258.527 4 3404 5491 104
T 258.527 3 3403 5493 104
T 258.527 2 3403 5492 104
T 258.528 6 3403 5491 104
T 258.528 7 3403 5491 104
T 258.528 5 3403 5492 104
T 258.551 1 3407 5491 104
T 258.552 8 3405 5493 104
T 258.552 4 3405 5491 104
T 258.552 3 3404 5493 104
T 258.552 2 3404 5492 104
T 258.552 6 3404 5491 104
T 258.552 7 3404 5491 104
T 258.553 5 3404 5492 104
T 258.576 1 3408 5491 104
T 258.577 8 3406 5493 104
T 258.577 4 3406 5491 104
T 258.577 3 3405 5493 104
T 258.577 2 3405 5492 104
T 258.577 6 3405 5491 104
T 258.577 7 3405 5491 104
T 258.578 5 3405 5492 104
T 258.601 1 3409 5491 104
T 258.601 8 3407 5493 104
T 258.601 4 3407 5491 104
T 258.602 3 3406 5493 104
T 258.602 2 3406 5492 104
T 258.602 6 3406 5491 104
T 258.602 7 3406 5491 104
T 258.602 5 3406 5492 104
T 258.626 1 3410 5491 104
T 258.626 8 3408 5493 104
T 258.626 4 3408 5491 104
T 258.626 3 3407 5493 104
T 258.626 2 3407 5492 104
T 258.626 6 3407 5491 104
T 258.627 7 3407 5491 104
T 258.627 5 3407 5492 104
T 258.650 1 3411 5491 104
T 258.650 8 3409 5493 104
T 258.651 4 3409 5491 104
T 258.651 3 3408 5493 104
T 258.651 2 3408 5492 104
T 258.651 6 3408 5491 104
T 258.651 7 3408 5491 104
T 258.651 5 3408 5492 104
T 258.675 1 3412 5491 104
T 258.676 8 3410 5493 104
T 258.676 4 3410 5491 104
T 258.676 3 3409 5493 104
T 258.676 2 3409 5492 104
T 258.676 6 3409 5491 104
T 258.676 7 3409 5491 104
T 258.676 5 3409 5492 104
T 258.700 1 3413 5491 104
T 258.700 8 3411 5493 104
T 258.700 4 3411 5491 104
T 258.701 3 3410 5493 104
T 258.701 2 3410 5492 104
T 258.701 6 3410 5491 104
T 258.701 7 3410 5491 104
T 258.701 5 3410 5492 104
T 258.725 1 3414 5491 104
T 258.725 8 3412 5493 104
T 258.725 4 3412 5491 104
T 258.725 3 3411 5493 104
T 258.725 2 3411 5492 104
T 258.726 6 3411 5491 104
T 258.726 7 3411 5491 104
T 258.726 5 3411 5492 104
T 258.750 1 3415 5491 104
T 258.750 8 3413 5493 104
T 258.750 4 3413 5491 104
T 258.750 3 3412 5493 104
T 258.750 2 3412 5492 104
T 258.750 6 3412 5491 104
T 258.751 7 3412 5491 104
T 258.751 5 3412 5492 104
T 258.775 1 3416 5491 104
T 258.775 8 3414 5493 104
T 258.775 4 3414 5491 104
T 258.775 3 3413 5493 104
T 258.775 2 3413 5492 104
T 258.775 6 3413 5491 104
T 258.775 7 3413 5491 104
T 258.776 5 3413 5492 104
T 258.799 1 3417 5491 104
T 258.799 8 3415 5493 104
T 258.800 4 3415 5491 104
T 258.800 3 3414 5493 104
T 258.800 2 3414 5492 104
T 258.800 6 3414 5491 104
T 258.800 7 3414 5491 104
T 258.800 5 3414 5492 104
T 258.824 1 3418 5491 104
T 258.824 8 3416 5493 104
T 258.824 4 3416 5491 104
T 258.825 3 3415 5493 104
T 258.825 2 3415 5492 104
T 258.825 6 3415 5491 104
T 258.825 7 3415 5491 104
T 258.825 5 3415 5492 104
T 258.849 1 3419 5491 104
T 258.849 8 3417 5493 104
T 258.849 4 3417 5491 104
T 258.849 3 3416 5493 104
T 258.849 2 3416 5492 104
T 258.850 6 3416 5491 104
T 258.850 7 3416 5491 104
T 258.850 5 3416 5492 104
T 258.874 1 3420 5491 104
T 258.874 8 3418 5493 104
T 258.874 4 3418 5491 104
T 258.874 3 3417 5493 104
T 258.874 2 3417 5492 104
T 258.874 6 3417 5491 104
T 258.874 7 3417 5491 104
T 258.875 5 3417 5492 104
T 258.899 1 3421 5491 104
T 258.899 8 3419 5493 104
T 258.899 4 3419 5491 104
T 258.899 3 3418 5493 104
T 258.899 2 3418 5492 104
T 258.899 6 3418 5491 104
T 258.899 7 3418 5491 104
T 258.900 5 3418 5492 104
T 258.923 1 3422 5491 104
T 258.924 8 3420 5493 104
T 258.924 4 3420 5491 104
T 258.924 3 3419 5493 104
T 258.924 2 3419 5492 104
T 258.924 6 3419 5491 104
T 258.924 7 3419 5491 104
T 258.924 5 3419 5492 104
T 258.949 1 3423 5491 104
T 258.949 8 3421 5493 104
T 258.949 4 3421 5491 104
T 258.949 3 3420 5493 104
T 258.949 2 3420 5492 104
T 258.949 6 3420 5491 104
T 258.950 7 3420 5491 104
T 258.950 5 3420 5492 104
T 258.973 1 3424 5491 104
T 258.973 8 3422 5493 104
T 258.974 4 3422 5491 104
T 258.974 3 3421 5493 104
T 258.974 2 3421 5492 104
T 258.974 6 3421 5491 104
T 258.974 7 3421 5491 104
T 258.974 5 3421 5492 104
T 258.998 1 3425 5491 104
T 258.998 8 3423 5493 104
T 258.998 4 3423 5491 104
T 258.998 3 3422 5493 104
T 258.999 2 3422 5492 104
T 258.999 6 3422 5491 104
T 258.999 7 3422 5491 104
T 258.999 5 3422 5492 104
T 259.023 1 3426 5491 104
T 259.024 8 3424 5493 104
T 259.024 4 3424 5491 104
T 259.024 3 3423 5493 104
T 259.024 2 3423 5492 104
T 259.024 6 3423 5491 104
T 259.024 7 3423 5491 104
T 259.024 5 3423 5492 104
T 259.049 1 3427 5491 104
T 259.049 8 3425 5493 104
T 259.049 4 3425 5491 104
T 259.049 3 3424 5493 104
T 259.049 2 3424 5492 104
T 259.049 6 3424 5491 104
T 259.049 7 3424 5491 104
T 259.050 5 3424 5492 104
T 259.074 1 3428 5491 104
T 259.074 8 3426 5493 104
T 259.074 4 3426 5491 104
T 259.075 3 3425 5493 104
T 259.075 2 3425 5492 104
T 259.075 6 3425 5491 104
T 259.075 7 3425 5491 104
T 259.075 5 3425 5492 104
T 259.100 1 3429 5491 104
T 259.100 8 3427 5493 104
T 259.100 4 3427 5491 104
T 259.100 3 3426 5493 104
T 259.100 2 3426 5492 104
T 259.100 6 3426 5491 104
T 259.101 7 3426 5491 104
T 259.101 5 3426 5492 104
T 259.125 1 3430 5491 104
T 259.125 8 3428 5493 104
T 259.126 4 3428 5491 104
T 259.126 3 3427 5493 104
T 259.126 2 3427 5492 104
T 259.126 6 3427 5491 104
T 259.126 7 3427 5491 104
T 259.126 5 3427 5492 104
T 259.151 1 3431 5491 104
T 259.151 8 3429 5493 104
T 259.151 4 3429 5491 104
T 259.151 3 3428 5493 104
T 259.152 2 3428 5492 104
T 259.152 6 3428 5491 104
T 259.152 7 3428 5491 104
T 259.152 5 3428 5492 104
T 259.177 1 3432 5491 104
T 259.177 8 3430 5493 104
T 259.177 4 3430 5491 104
T 259.177 3 3429 5493 104
T 259.177 2 3429 5492 104
T 259.177 6 3429 5491 104
T 259.177 7 3429 5491 104
T 259.177 5 3429 5492 104
T 259.202 8 3431 5493 104
T 259.202 4 3431 5491 104
T 259.202 3 3430 5493 104
T 259.202 2 3430 5492 104
T 259.202 6 3430 5491 104
T 259.203 7 3430 5491 104
T 259.203 5 3430 5492 104
T 259.228 8 3432 5493 104
T 259.228 4 3432 5491 104
T 259.228 3 3431 5493 104
T 259.228 2 3431 5492 104
T 259.228 6 3431 5491 104
T 259.228 7 3431 5491 104
T 259.228 5 3431 5492 104
T 259.253 3 3432 5493 104
T 259.253 2 3432 5492 104
T 259.253 6 3432 5491 104
T 259.253 7 3432 5491 104
T 259.253 5 3432 5492 104
P 259.841 1
P 259.841 2
P 259.841 3
F 259.842 1 105
P 259.842 5
F 259.842 2 105
F 259.844 3 105
P 259.844 4
P 259.845 6
F 259.846 5 105
P 259.846 7
F 259.846 4 105
P 259.847 8
F 259.847 6 105
F 259.850 7 105
F 259.852 8 105
T 260.274 1 3433 5544 105
T 260.347 1 3434 5544 105
T 260.348 2 3433 5545 105
T 260.348 6 3433 5544 105
T 260.457 1 3435 5544 105
T 260.457 2 3434 5545 105
T 260.458 6 3434 5544 105
T 260.458 8 3433 5546 105
T 260.458 4 3433 5544 105
T 260.458 3 3433 5546 105
T 260.458 7 3433 5544 105
T 260.458 5 3433 5545 105
T 260.481 1 3436 5544 105
T 260.481 2 3435 5545 105
T 260.482 6 3435 5544 105
T 260.482 8 3434 5546 105
T 260.482 4 3434 5544 105
T 260.482 3 3434 5546 105
T 260.482 7 3434 5544 105
T 260.482 5 3434 5545 105
T 260.506 1 3437 5544 105
T 260.506 2 3436 5545 105
T 260.506 6 3436 5544 105
T 260.506 8 3435 5546 105
T 260.506 4 3435 5544 105
T 260.506 3 3435 5546 105
T 260.507 7 3435 5544 105
T 260.507 5 3435 5545 105
T 260.530 1 3438 5544 105
T 260.530 2 3437 5545 105
T 260.531 6 3437 5544 105
T 260.531 8 3436 5546 105
T 260.531 4 3436 5544 105
T 260.531 3 3436 5546 105
T 260.531 7 3436 5544 105
T 260.531 5 3436 5545 105
T 260.555 1 3439 5544 105
T 260.555 2 3438 5545 105
T 260.555 6 3438 5544 105
T 260.555 8 3437 5546 105
T 260.556 4 3437 5544 105
T 260.556 3 3437 5546 105
T 260.556 7 3437 5544 105
T 260.556 5 3437 5545 105
T 260.580 1 3440 5544 105
T 260.580 2 3439 5545 105
T 260.581 6 3439 5544 105
T 260.581 8 3438 5546 105
T 260.581 4 3438 5544 105
T 260.581 3 3438 5546 105
T 260.581 7 3438 5544 105
T 260.581 5 3438 5545 105
T 260.605 1 3441 5544 105
T 260.605 2 3440 5545 105
T 260.605 6 3440 5544 105
T 260.606 8 3439 5546 105
T 260.606 4 3439 5544 105
T 260.606 3 3439 5546 105
T 260.606 7 3439 5544 105
T 260.606 5 3439 5545 105
T 260.630 1 3442 5544 105
T 260.630 2 3441 5545 105
T 260.630 6 3441 5544 105
T 260.630 8 3440 5546 105
T 260.630 4 3440 5544 105
T 260.630 3 3440 5546 105
T 260.631 7 3440 5544 105
T 260.631 5 3440 5545 105
T 260.654 1 3443 5544 105
T 260.655 2 3442 5545 105
T 260.655 6 3442 5544 105
T 260.655 8 3441 5546 105
T 260.655 4 3441 5544 105
T 260.655 3 3441 5546 105
T 260.655 7 3441 5544 105
T 260.655 5 3441 5545 105
T 260.680 1 3444 5544 105
T 260.680 2 3443 5545 105
T 260.680 6 3443 5544 105
T 260.680 8 3442 5546 105
T 260.680 4 3442 5544 105
T 260.681 3 3442 5546 105
T 260.681 7 3442 5544 105
T 260.681 5 3442 5545 105
T 260.704 1 3445 5544 105
T 260.705 2 3444 5545 105
T 260.705 6 3444 5544 105
T 260.705 8 3443 5546 105
T 260.705 4 3443 5544 105
T 260.705 3 3443 5546 105
T 260.705 7 3443 5544 105
T 260.705 5 3443 5545 105
T 260.729 1 3446 5544 105
T 260.729 2 3445 5545 105
T 260.730 6 3445 5544 105
T 260.730 8 3444 5546 105
T 260.730 4 3444 5544 105
T 260.730 3 3444 5546 105
T 260.730 7 3444 5544 105
T 260.730 5 3444 5545 105
T 260.754 1 3447 5544 105
T 260.754 2 3446 5545 105
T 260.754 6 3446 5544 105
T 260.755 8 3445 5546 105
T 260.755 4 3445 5544 105
T 260.755 3 3445 5546 105
T 260.755 7 3445 5544 105
T 260.755 5 3445 5545 105
T 260.779 1 3448 5544 105
T 260.779 2 3447 5545 105
T 260.779 6 3447 5544 105
T 260.780 8 3446 5546 105
T 260.780 4 3446 5544 105
T 260.780 3 3446 5546 105
T 260.780 7 3446 5544 105
T 260.780 5 3446 5545 105
T 260.804 1 3449 5544 105
T 260.804 2 3448 5545 105
T 260.804 6 3448 5544 105
T 260.805 8 3447 5546 105
T 260.805 4 3447 5544 105
T 260.805 3 3447 5546 105
T 260.805 7 3447 5544 105
T 260.805 5 3447 5545 105
T 260.829 1 3450 5544 105
T 260.829 2 3449 5545 105
T 260.829 6 3449 5544 105
T 260.829 8 3448 5546 105
T 260.829 4 3448 5544 105
T 260.830 3 3448 5546 105
T 260.830 7 3448 5544 105
T 260.830 5 3448 5545 105
T 260.854 1 3451 5544 105
T 260.854 2 3450 5545 105
T 260.854 6 3450 5544 105
T 260.854 8 3449 5546 105
T 260.855 4 3449 5544 105
T 260.855 3 3449 5546 105
T 260.855 7 3449 5544 105
T 260.855 5 3449 5545 105
T 260.879 1 3452 5544 105
T 260.879 2 3451 5545 105
T 260.879 6 3451 5544 105
T 260.879 8 3450 5546 105
T 260.879 4 3450 5544 105
T 260.879 3 3450 5546 105
T 260.880 7 3450 5544 105
T 260.880 5 3450 5545 105
T 260.904 1 3453 5544 105
T 260.904 2 3452 5545 105
T 260.904 6 3452 5544 105
T 260.905 8 3451 5546 105
T 260.905 4 3451 5544 105
T 260.905 3 3451 5546 105
T 260.905 7 3451 5544 105
T 260.905 5 3451 5545 105
T 260.929 1 3454 5544 105
T 260.929 2 3453 5545 105
T 260.929 6 3453 5544 105
T 260.930 8 3452 5546 105
T 260.930 4 3452 5544 105
T 260.930 3 3452 5546 105
T 260.930 7 3452 5544 105
T 260.930 5 3452 5545 105
T 260.954 1 3455 5544 105
T 260.954 2 3454 5545 105
T 260.954 6 3454 5544 105
T 260.954 8 3453 5546 105
T 260.954 4 3453 5544 105
T 260.954 3 3453 5546 105
T 260.955 7 3453 5544 105
T 260.955 5 3453 5545 105
T 260.979 1 3456 5544 105
T 260.979 2 3455 5545 105
T 260.979 6 3455 5544 105
T 260.979 8 3454 5546 105
T 260.979 4 3454 5544 105
T 260.980 3 3454 5546 105
T 260.980 7 3454 5544 105
T 260.980 5 3454 5545 105
T 261.004 1 3457 5544 105
T 261.004 2 3456 5545 105
T 261.004 6 3456 5544 105
T 261.004 8 3455 5546 105
T 261.004 4 3455 5544 105
T 261.004 3 3455 5546 105
T 261.005 7 3455 5544 105
T 261.005 5 3455 5545 105
T 261.029 1 3458 5544 105
T 261.029 2 3457 5545 105
T 261.030 6 3457 5544 105
T 261.030 8 3456 5546 105
T 261.030 4 3456 5544 105
T 261.030 3 3456 5546 105
T 261.031 7 3456 5544 105
T 261.031 5 3456 5545 105
T 261.054 1 3459 5544 105
T 261.054 2 3458 5545 105
T 261.054 6 3458 5544 105
T 261.054 8 3457 5546 105
T 261.055 4 3457 5544 105
T 261.055 3 3457 5546 105
T 261.055 7 3457 5544 105
T 261.055 5 3457 5545 105
T 261.079 1 3460 5544 105
T 261.079 2 3459 5545 105
T 261.079 6 3459 5544 105
T 261.079 8 3458 5546 105
T 261.080 4 3458 5544 105
T 261.080 3 3458 5546 105
T 261.080 7 3458 5544 105
T 261.080 5 3458 5545 105
T 261.105 1 3461 5544 105
T 261.105 2 3460 5545 105
T 261.105 6 3460 5544 105
T 261.105 8 3459 5546 105
T 261.105 4 3459 5544 105
T 261.105 3 3459 5546 105
T 261.105 7 3459 5544 105
T 261.106 5 3459 5545 105
T 261.130 1 3462 5544 105
T 261.130 2 3461 5545 105
T 261.130 6 3461 5544 105
T 261.131 8 3460 5546 105
T 261.131 4 3460 5544 105
T 261.131 3 3460 5546 105
T 261.131 7 3460 5544 105
T 261.131 5 3460 5545 105
T 261.156 1 3463 5544 105
T 261.156 2 3462 5545 105
T 261.156 6 3462 5544 105
T 261.156 8 3461 5546 105
T 261.156 4 3461 5544 105
T 261.157 3 3461 5546 105
T 261.157 7 3461 5544 105
T 261.157 5 3461 5545 105
T 261.182 1 3464 5544 105
T 261.182 2 3463 5545 105
T 261.182 6 3463 5544 105
T 261.182 8 3462 5546 105
T 261.182 4 3462 5544 105
T 261.182 3 3462 5546 105
T 261.182 7 3462 5544 105
T 261.183 5 3462 5545 105
T 261.207 1 3465 5544 105
T 261.207 2 3464 5545 105
T 261.208 6 3464 5544 105
T 261.208 8 3463 5546 105
T 261.208 4 3463 5544 105
T 261.208 3 3463 5546 105
T 261.208 7 3463 5544 105
T 261.208 5 3463 5545 105
T 261.233 2 3465 5545 105
T 261.233 6 3465 5544 105
T 261.233 8 3464 5546 105
T 261.233 4 3464 5544 105
T 261.234 3 3464 5546 105
T 261.234 7 3464 5544 105
T 261.234 5 3464 5545 105
T 261.258 8 3465 5546 105
T 261.259 4 3465 5544 105
T 261.259 3 3465 5546 105
T 261.259 7 3465 5544 105
T 261.259 5 3465 5545 105
P 261.842 4
F 261.843 4 106
P 261.843 6
P 261.845 7
P 261.845 8
P 261.845 1
P 261.846 2
F 261.846 6 106
P 261.846 3
F 261.846 7 106
P 261.847 5
F 261.847 8 106
F 261.850 1 106
F 261.851 2 106
F 261.852 3 106
F 261.853 5 106
T 262.275 4 3466 5597 106
T 262.343 4 3467 5597 106
T 262.343 6 3466 5597 106
T 262.344 8 3466 5599 106
T 262.456 4 3468 5597 106
T 262.456 6 3467 5597 106
T 262.456 8 3467 5599 106
T 262.456 1 3466 5597 106
T 262.456 2 3466 5598 106
T 262.457 3 3466 5599 106
T 262.457 7 3466 5597 106
T 262.457 5 3466 5598 106
T 262.480 4 3469 5597 106
T 262.480 6 3468 5597 106
T 262.480 8 3468 5599 106
T 262.480 1 3467 5597 106
T 262.480 2 3467 5598 106
T 262.481 3 3467 5599 106
T 262.481 7 3467 5597 106
T 262.481 5 3467 5598 106
T 262.504 4 3470 5597 106
T 262.505 6 3469 5597 106
T 262.505 8 3469 5599 106
T 262.505 1 3468 5597 106
T 262.505 2 3468 5598 106
T 262.505 3 3468 5599 106
T 262.505 7 3468 5597 106
T 262.505 5 3468 5598 106
T 262.529 4 3471 5597 106
T 262.529 6 3470 5597 106
T 262.530 8 3470 5599 106
T 262.530 1 3469 5597 106
T 262.530 2 3469 5598 106
T 262.530 3 3469 5599 106
T 262.530 7 3469 5597 106
T 262.530 5 3469 5598 106
T 262.554 4 3472 5597 106
T 262.554 6 3471 5597 106
T 262.555 8 3471 5599 106
T 262.555 1 3470 5597 106
T 262.555 2 3470 5598 106
T 262.555 3 3470 5599 106
T 262.555 7 3470 5597 106
T 262.555 5 3470 5598 106
T 262.579 4 3473 5597 106
T 262.580 6 3472 5597 106
T 262.580 8 3472 5599 106
T 262.580 1 3471 5597 106
T 262.580 2 3471 5598 106
T 262.580 3 3471 5599 106
T 262.580 7 3471 5597 106
T 262.580 5 3471 5598 106
T 262.604 4 3474 5597 106
T 262.605 6 3473 5597 106
T 262.605 8 3473 5599 106
T 262.605 1 3472 5597 106
T 262.605 2 3472 5598 106
T 262.605 3 3472 5599 106
T 262.605 7 3472 5597 106
T 262.605 5 3472 5598 106
T 262.629 4 3475 5597 106
T 262.629 6 3474 5597 106
T 262.630 8 3474 5599 106
T 262.630 1 3473 5597 106
T 262.630 2 3473 5598 106
T 262.630 3 3473 5599 106
T 262.630 7 3473 5597 106
T 262.630 5 3473 5598 106
T 262.654 4 3476 5597 106
T 262.655 6 3475 5597 106
T 262.655 8 3475 5599 106
T 262.655 1 3474 5597 106
T 262.655 2 3474 5598 106
T 262.655 3 3474 5599 106
T 262.655 7 3474 5597 106
T 262.655 5 3474 5598 106
T 262.679 4 3477 5597 106
T 262.680 6 3476 5597 106
T 262.680 8 3476 5599 106
T 262.680 1 3475 5597 106
T 262.680 2 3475 5598 106
T 262.680 3 3475 5599 106
T 262.680 7 3475 5597 106
T 262.680 5 3475 5598 106
T 262.705 4 3478 5597 106
T 262.705 6 3477 5597 106
T 262.705 8 3477 5599 106
T 262.705 1 3476 5597 106
T 262.705 2 3476 5598 106
T 262.705 3 3476 5599 106
T 262.705 7 3476 5597 106
T 262.706 5 3476 5598 106
T 262.730 4 3479 5597 106
T 262.730 6 3478 5597 106
T 262.730 8 3478 5599 106
T 262.730 1 3477 5597 106
T 262.730 2 3477 5598 106
T 262.730 3 3477 5599 106
T 262.730 7 3477 5597 106
T 262.731 5 3477 5598 106
T 262.755 4 3480 5597 106
T 262.755 6 3479 5597 106
T 262.755 8 3479 5599 106
T 262.755 1 3478 5597 106
T 262.755 2 3478 5598 106
T 262.755 3 3478 5599 106
T 262.756 7 3478 5597 106
T 262.756 5 3478 5598 106
T 262.780 4 3481 5597 106
T 262.780 6 3480 5597 106
T 262.780 8 3480 5599 106
T 262.780 1 3479 5597 106
T 262.780 2 3479 5598 106
T 262.780 3 3479 5599 106
T 262.780 7 3479 5597 106
T 262.781 5 3479 5598 106
T 262.805 4 3482 5597 106
T 262.805 6 3481 5597 106
T 262.805 8 3481 5599 106
T 262.805 1 3480 5597 106
T 262.805 2 3480 5598 106
T 262.805 3 3480 5599 106
T 262.806 7 3480 5597 106
T 262.806 5 3480 5598 106
T 262.830 4 3483 5597 106
T 262.830 6 3482 5597 106
T 262.830 8 3482 5599 106
T 262.830 1 3481 5597 106
T 262.830 2 3481 5598 106
T 262.831 3 3481 5599 106
T 262.831 7 3481 5597 106
T 262.831 5 3481 5598 106
T 262.860 4 3484 5597 106
T 262.860 6 3483 5597 106
T 262.860 8 3483 5599 106
T 262.861 1 3482 5597 106
T 262.861 2 3482 5598 106
T 262.861 3 3482 5599 106
T 262.862 7 3482 5597 106
T 262.862 5 3482 5598 106
T 262.881 4 3485 5597 106
T 262.881 6 3484 5597 106
T 262.881 8 3484 5599 106
T 262.881 1 3483 5597 106
T 262.881 2 3483 5598 106
T 262.881 3 3483 5599 106
T 262.881 7 3483 5597 106
T 262.882 5 3483 5598 106
T 262.905 4 3486 5597 106
T 262.905 6 3485 5597 106
T 262.906 8 3485 5599 106
T 262.906 1 3484 5597 106
T 262.906 2 3484 5598 106
T 262.906 3 3484 5599 106
T 262.906 7 3484 5597 106
T 262.906 5 3484 5598 106
T 262.930 4 3487 5597 106
T 262.931 6 3486 5597 106
T 262.931 8 3486 5599 106
T 262.931 1 3485 5597 106
T 262.931 2 3485 5598 106
T 262.931 3 3485 5599 106
T 262.931 7 3485 5597 106
T 262.931 5 3485 5598 106
T 262.956 4 3488 5597 106
T 262.956 6 3487 5597 106
T 262.956 8 3487 5599 106
T 262.956 1 3486 5597 106
T 262.956 2 3486 5598 106
T 262.956 3 3486 5599 106
T 262.956 7 3486 5597 106
T 262.957 5 3486 5598 106
T 262.981 4 3489 5597 106
T 262.981 6 3488 5597 106
T 262.981 8 3488 5599 106
T 262.981 1 3487 5597 106
T 262.981 2 3487 5598 106
T 262.981 3 3487 5599 106
T 262.981 7 3487 5597 106
T 262.982 5 3487 5598 106
T 263.006 4 3490 5597 106
T 263.006 6 3489 5597 106
T 263.006 8 3489 5599 106
T 263.006 1 3488 5597 106
T 263.006 2 3488 5598 106
T 263.006 3 3488 5599 106
T 263.006 7 3488 5597 106
T 263.007 5 3488 5598 106
T 263.031 4 3491 5597 106
T 263.031 6 3490 5597 106
T 263.032 8 3490 5599 106
T 263.032 1 3489 5597 106
T 263.032 2 3489 5598 106
T 263.032 3 3489 5599 106
T 263.032 7 3489 5597 106
T 263.032 5 3489 5598 106
T 263.057 4 3492 5597 106
T 263.057 6 3491 5597 106
T 263.057 8 3491 5599 106
T 263.057 1 3490 5597 106
T 263.057 2 3490 5598 106
T 263.057 3 3490 5599 106
T 263.057 7 3490 5597 106
T 263.058 5 3490 5598 106
T 263.082 4 3493 5597 106
T 263.083 6 3492 5597 106
T 263.083 8 3492 5599 106
T 263.083 1 3491 5597 106
T 263.083 2 3491 5598 106
T 263.083 3 3491 5599 106
T 263.083 7 3491 5597 106
T 263.083 5 3491 5598 106
T 263.108 4 3494 5597 106
T 263.109 6 3493 5597 106
T 263.109 8 3493 5599 106
T 263.109 1 3492 5597 106
T 263.109 2 3492 5598 106
T 263.109 3 3492 5599 106
T 263.109 7 3492 5597 106
T 263.109 5 3492 5598 106
T 263.134 4 3495 5597 106
T 263.134 6 3494 5597 106
T 263.134 8 3494 5599 106
T 263.135 1 3493 5597 106
T 263.135 2 3493 5598 106
T 263.135 3 3493 5599 106
T 263.135 7 3493 5597 106
T 263.135 5 3493 5598 106
T 263.160 4 3496 5597 106
T 263.160 6 3495 5597 106
T 263.160 8 3495 5599 106
T 263.161 1 3494 5597 106
T 263.161 2 3494 5598 106
T 263.161 3 3494 5599 106
T 263.161 7 3494 5597 106
T 263.161 5 3494 5598 106
T 263.186 4 3497 5597 106
T 263.186 6 3496 5597 106
T 263.186 8 3496 5599 106
T 263.187 1 3495 5597 106
T 263.187 2 3495 5598 106
T 263.187 3 3495 5599 106
T 263.187 7 3495 5597 106
T 263.187 5 3495 5598 106
T 263.212 4 3498 5597 106
T 263.212 6 3497 5597 106
T 263.212 8 3497 5599 106
T 263.212 1 3496 5597 106
T 263.212 2 3496 5598 106
T 263.212 3 3496 5599 106
T 263.213 7 3496 5597 106
T 263.213 5 3496 5598 106
T 263.238 6 3498 5597 106
T 263.238 8 3498 5599 106
T 263.238 1 3497 5597 106
T 263.238 2 3497 5598 106
T 263.238 3 3497 5599 106
T 263.239 7 3497 5597 106
T 263.239 5 3497 5598 106
T 263.264 1 3498 5597 106
T 263.264 2 3498 5598 106
T 263.264 3 3498 5599 106
T 263.264 7 3498 5597 106
T 263.264 5 3498 5598 106
P 263.840 4
F 263.841 4 107
P 263.841 6
F 263.843 6 107
P 263.843 7
F 263.844 7 107
P 263.845 8
F 263.845 8 107
P 263.846 1
F 263.846 1 107
P 263.847 2
F 263.848 2 107
P 263.849 3
P 263.850 5
F 263.854 3 107
F 263.855 5 107
T 264.267 4 3499 5650 107
T 264.366 4 3500 5650 107
T 264.366 6 3499 5650 107
T 264.367 8 3499 5652 107
T 264.367 2 3499 5651 107
T 264.367 3 3499 5652 107
T 264.432 4 3501 5650 107
T 264.432 6 3500 5650 107
T 264.432 8 3500 5652 107
T 264.432 2 3500 5651 107
T 264.432 3 3500 5652 107
T 264.433 1 3499 5650 107
T 264.433 7 3499 5650 107
T 264.433 5 3499 5651 107
T 264.457 4 3502 5650 107
T 264.457 6 3501 5650 107
T 264.457 8 3501 5652 107
T 264.457 2 3501 5651 107
T 264.457 3 3501 5652 107
T 264.457 1 3500 5650 107
T 264.458 7 3500 5650 107
T 264.458 5 3500 5651 107
T 264.482 4 3503 5650 107
T 264.482 6 3502 5650 107
T 264.482 8 3502 5652 107
T 264.483 2 3502 5651 107
T 264.483 3 3502 5652 107
T 264.483 1 3501 5650 107
T 264.483 7 3501 5650 107
T 264.483 5 3501 5651 107
T 264.507 4 3504 5650 107
T 264.507 6 3503 5650 107
T 264.507 8 3503 5652 107
T 264.508 2 3503 5651 107
T 264.508 3 3503 5652 107
T 264.508 1 3502 5650 107
T 264.508 7 3502 5650 107
T 264.508 5 3502 5651 107
T 264.532 4 3505 5650 107
T 264.532 6 3504 5650 107
T 264.532 8 3504 5652 107
T 264.532 2 3504 5651 107
T 264.533 3 3504 5652 107
T 264.533 1 3503 5650 107
T 264.533 7 3503 5650 107
T 264.533 5 3503 5651 107
T 264.557 4 3506 5650 107
T 264.557 6 3505 5650 107
T 264.557 8 3505 5652 107
T 264.557 2 3505 5651 107
T 264.558 3 3505 5652 107
T 264.558 1 3504 5650 107
T 264.558 7 3504 5650 107
T 264.558 5 3504 5651 107
T 264.582 4 3507 5650 107
T 264.582 6 3506 5650 107
T 264.582 8 3506 5652 107
T 264.582 2 3506 5651 107
T 264.583 3 3506 5652 107
T 264.583 1 3505 5650 107
T 264.583 7 3505 5650 107
T 264.583 5 3505 5651 107
T 264.607 4 3508 5650 107
T 264.607 6 3507 5650 107
T 264.608 8 3507 5652 107
T 264.608 2 3507 5651 107
T 264.608 3 3507 5652 107
T 264.608 1 3506 5650 107
T 264.608 7 3506 5650 107
T 264.608 5 3506 5651 107
T 264.632 4 3509 5650 107
T 264.632 6 3508 5650 107
T 264.633 8 3508 5652 107
T 264.633 2 3508 5651 107
T 264.633 3 3508 5652 107
T 264.633 1 3507 5650 107
T 264.633 7 3507 5650 107
T 264.633 5 3507 5651 107
T 264.657 4 3510 5650 107
T 264.657 6 3509 5650 107
T 264.658 8 3509 5652 107
T 264.658 2 3509 5651 107
T 264.658 3 3509 5652 107
T 264.658 1 3508 5650 107
T 264.658 7 3508 5650 107
T 264.658 5 3508 5651 107
T 264.683 4 3511 5650 107
T 264.683 6 3510 5650 107
T 264.683 8 3510 5652 107
T 264.683 2 3510 5651 107
T 264.683 3 3510 5652 107
T 264.683 1 3509 5650 107
T 264.683 7 3509 5650 107
T 264.683 5 3509 5651 107
T 264.708 4 3512 5650 107
T 264.708 6 3511 5650 107
T 264.708 8 3511 5652 107
T 264.708 2 3511 5651 107
T 264.708 3 3511 5652 107
T 264.708 1 3510 5650 107
T 264.708 7 3510 5650 107
T 264.709 5 3510 5651 107
T 264.733 4 3513 5650 107
T 264.733 6 3512 5650 107
T 264.733 8 3512 5652 107
T 264.733 2 3512 5651 107
T 264.733 3 3512 5652 107
T 264.733 1 3511 5650 107
T 264.733 7 3511 5650 107
T 264.734 5 3511 5651 107
T 264.758 4 3514 5650 107
T 264.758 6 3513 5650 107
T 264.758 8 3513 5652 107
T 264.758 2 3513 5651 107
T 264.758 3 3513 5652 107
T 264.758 1 3512 5650 107
T 264.759 7 3512 5650 107
T 264.759 5 3512 5651 107
T 264.783 4 3515 5650 107
T 264.783 6 3514 5650 107
T 264.783 8 3514 5652 107
T 264.783 2 3514 5651 107
T 264.783 3 3514 5652 107
T 264.783 1 3513 5650 107
T 264.784 7 3513 5650 107
T 264.784 5 3513 5651 107
T 264.808 4 3516 5650 107
T 264.808 6 3515 5650 107
T 264.808 8 3515 5652 107
T 264.808 2 3515 5651 107
T 264.808 3 3515 5652 107
T 264.809 1 3514 5650 107
T 264.809 7 3514 5650 107
T 264.809 5 3514 5651 107
T 264.833 4 3517 5650 107
T 264.833 6 3516 5650 107
T 264.834 8 3516 5652 107
T 264.834 2 3516 5651 107
T 264.834 3 3516 5652 107
T 264.834 1 3515 5650 107
T 264.834 7 3515 5650 107
T 264.834 5 3515 5651 107
T 264.859 4 3518 5650 107
T 264.859 6 3517 5650 107
T 264.859 8 3517 5652 107
T 264.859 2 3517 5651 107
T 264.859 3 3517 5652 107
T 264.859 1 3516 5650 107
T 264.859 7 3516 5650 107
T 264.860 5 3516 5651 107
T 264.883 4 3519 5650 107
T 264.884 6 3518 5650 107
T 264.884 8 3518 5652 107
T 264.884 2 3518 5651 107
T 264.884 3 3518 5652 107
T 264.884 1 3517 5650 107
T 264.884 7 3517 5650 107
T 264.884 5 3517 5651 107
T 264.909 4 3520 5650 107
T 264.909 6 3519 5650 107
T 264.909 8 3519 5652 107
T 264.909 2 3519 5651 107
T 264.909 3 3519 5652 107
T 264.909 1 3518 5650 107
T 264.909 7 3518 5650 107
T 264.909 5 3518 5651 107
T 264.934 4 3521 5650 107
T 264.934 6 3520 5650 107
T 264.934 8 3520 5652 107
T 264.934 2 3520 5651 107
T 264.934 3 3520 5652 107
T 264.934 1 3519 5650 107
T 264.935 7 3519 5650 107
T 264.935 5 3519 5651 107
T 264.959 4 3522 5650 107
T 264.959 6 3521 5650 107
T 264.959 8 3521 5652 107
T 264.959 2 3521 5651 107
T 264.959 3 3521 5652 107
T 264.960 1 3520 5650 107
T 264.960 7 3520 5650 107
T 264.960 5 3520 5651 107
T 264.984 4 3523 5650 107
T 264.984 6 3522 5650 107
T 264.984 8 3522 5652 107
T 264.984 2 3522 5651 107
T 264.984 3 3522 5652 107
T 264.985 1 3521 5650 107
T 264.985 7 3521 5650 107
T 264.985 5 3521 5651 107
T 265.009 4 3524 5650 107
T 265.009 6 3523 5650 107
T 265.009 8 3523 5652 107
T 265.009 2 3523 5651 107
T 265.010 3 3523 5652 107
T 265.010 1 3522 5650 107
T 265.010 7 3522 5650 107
T 265.010 5 3522 5651 107
T 265.035 4 3525 5650 107
T 265.035 6 3524 5650 107
T 265.035 8 3524 5652 107
T 265.035 2 3524 5651 107
T 265.035 3 3524 5652 107
T 265.035 1 3523 5650 107
T 265.035 7 3523 5650 107
T 265.036 5 3523 5651 107
T 265.060 4 3526 5650 107
T 265.060 6 3525 5650 107
T 265.061 8 3525 5652 107
T 265.061 2 3525 5651 107
T 265.061 3 3525 5652 107
T 265.061 1 3524 5650 107
T 265.061 7 3524 5650 107
T 265.061 5 3524 5651 107
T 265.086 4 3527 5650 107
T 265.086 6 3526 5650 107
T 265.086 8 3526 5652 107
T 265.087 2 3526 5651 107
T 265.087 3 3526 5652 107
T 265.087 1 3525 5650 107
T 265.087 7 3525 5650 107
T 265.087 5 3525 5651 107
T 265.112 4 3528 5650 107
T 265.112 6 3527 5650 107
T 265.112 8 3527 5652 107
T 265.112 2 3527 5651 107
T 265.112 3 3527 5652 107
T 265.113 1 3526 5650 107
T 265.113 7 3526 5650 107
T 265.113 5 3526 5651 107
T 265.138 4 3529 5650 107
T 265.138 6 3528 5650 107
T 265.138 8 3528 5652 107
T 265.138 2 3528 5651 107
T 265.138 3 3528 5652 107
T 265.138 1 3527 5650 107
T 265.139 7 3527 5650 107
T 265.139 5 3527 5651 107
T 265.164 4 3530 5650 107
T 265.164 6 3529 5650 107
T 265.164 8 3529 5652 107
T 265.164 2 3529 5651 107
T 265.165 3 3529 5652 107
T 265.165 1 3528 5650 107
T 265.165 7 3528 5650 107
T 265.165 5 3528 5651 107
T 265.190 4 3531 5650 107
T 265.190 6 3530 5650 107
T 265.190 8 3530 5652 107
T 265.190 2 3530 5651 107
T 265.190 3 3530 5652 107
T 265.190 1 3529 5650 107
T 265.190 7 3529 5650 107
T 265.191 5 3529 5651 107
T 265.215 6 3531 5650 107
T 265.216 8 3531 5652 107
T 265.216 2 3531 5651 107
T 265.216 3 3531 5652 107
T 265.216 1 3530 5650 107
T 265.216 7 3530 5650 107
T 265.216 5 3530 5651 107
T 265.238 1 3531 5650 107
T 265.239 7 3531 5650 107
T 265.239 5 3531 5651 107
P 265.842 3
F 265.842 3 108
P 265.843 5
F 265.844 5 108
P 265.844 4
F 265.846 4 108
P 265.846 6
F 265.846 6 108
P 265.848 7
F 265.849 7 108
P 265.849 8
P 265.850 1
P 265.851 2
F 265.850 8 108
F 265.858 1 108
F 265.860 2 108
T 266.261 3 3532 5705 108
T 266.322 3 3533 5705 108
T 266.322 7 3532 5703 108
T 266.471 3 3534 5705 108
T 266.471 7 3533 5703 108
T 266.471 4 3532 5703 108
T 266.471 8 3532 5705 108
T 266.471 2 3532 5704 108
T 266.472 1 3532 5703 108
T 266.472 5 3532 5704 108
T 266.507 3 3535 5705 108
T 266.507 7 3534 5703 108
T 266.507 4 3533 5703 108
T 266.507 8 3533 5705 108
T 266.508 2 3533 5704 108
T 266.508 1 3533 5703 108
T 266.508 5 3533 5704 108
T 266.508 6 3532 5703 108
T 266.532 3 3536 5705 108
T 266.532 7 3535 5703 108
T 266.532 4 3534 5703 108
T 266.532 8 3534 5705 108
T 266.532 2 3534 5704 108
T 266.532 1 3534 5703 108
T 266.533 5 3534 5704 108
T 266.533 6 3533 5703 108
T 266.557 3 3537 5705 108
T 266.557 7 3536 5703 108
T 266.557 4 3535 5703 108
T 266.557 8 3535 5705 108
T 266.557 2 3535 5704 108
T 266.557 1 3535 5703 108
T 266.558 5 3535 5704 108
T 266.558 6 3534 5703 108
T 266.582 3 3538 5705 108
T 266.582 7 3537 5703 108
T 266.582 4 3536 5703 108
T 266.582 8 3536 5705 108
T 266.582 2 3536 5704 108
T 266.582 1 3536 5703 108
T 266.583 5 3536 5704 108
T 266.583 6 3535 5703 108
T 266.607 3 3539 5705 108
T 266.607 7 3538 5703 108
T 266.607 4 3537 5703 108
T 266.607 8 3537 5705 108
T 266.607 2 3537 5704 108
T 266.608 1 3537 5703 108
T 266.608 5 3537 5704 108
T 266.608 6 3536 5703 108
T 266.633 3 3540 5705 108
T 266.633 7 3539 5703 108
T 266.633 4 3538 5703 108
T 266.633 8 3538 5705 108
T 266.633 2 3538 5704 108
T 266.633 1 3538 5703 108
T 266.634 5 3538 5704 108
T 266.634 6 3537 5703 108
T 266.658 3 3541 5705 108
T 266.658 7 3540 5703 108
T 266.658 4 3539 5703 108
T 266.659 8 3539 5705 108
T 266.659 2 3539 5704 108
T 266.659 1 3539 5703 108
T 266.659 5 3539 5704 108
T 266.659 6 3538 5703 108
T 266.683 3 3542 5705 108
T 266.683 7 3541 5703 108
T 266.683 4 3540 5703 108
T 266.683 8 3540 5705 108
T 266.683 2 3540 5704 108
T 266.683 1 3540 5703 108
T 266.684 5 3540 5704 108
T 266.684 6 3539 5703 108
T 266.708 3 3543 5705 108
T 266.708 7 3542 5703 108
T 266.708 4 3541 5703 108
T 266.708 8 3541 5705 108
T 266.708 2 3541 5704 108
T 266.708 1 3541 5703 108
T 266.709 5 3541 5704 108
T 266.709 6 3540 5703 108
T 266.733 3 3544 5705 108
T 266.733 7 3543 5703 108
T 266.733 4 3542 5703 108
T 266.733 8 3542 5705 108
T 266.733 2 3542 5704 108
T 266.733 1 3542 5703 108
T 266.734 5 3542 5704 108
T 266.734 6 3541 5703 108
T 266.757 3 3545 5705 108
T 266.758 7 3544 5703 108
T 266.758 4 3543 5703 108
T 266.758 8 3543 5705 108
T 266.758 2 3543 5704 108
T 266.758 1 3543 5703 108
T 266.758 5 3543 5704 108
T 266.759 6 3542 5703 108
T 266.782 3 3546 5705 108
T 266.783 7 3545 5703 108
T 266.783 4 3544 5703 108
T 266.783 8 3544 5705 108
T 266.783 2 3544 5704 108
T 266.783 1 3544 5703 108
T 266.783 5 3544 5704 108
T 266.783 6 3543 5703 108
T 266.808 3 3547 5705 108
T 266.808 7 3546 5703 108
T 266.808 4 3545 5703 108
T 266.808 8 3545 5705 108
T 266.808 2 3545 5704 108
T 266.808 1 3545 5703 108
T 266.808 5 3545 5704 108
T 266.809 6 3544 5703 108
T 266.833 3 3548 5705 108
T 266.833 7 3547 5703 108
T 266.833 4 3546 5703 108
T 266.833 8 3546 5705 108
T 266.833 2 3546 5704 108
T 266.833 1 3546 5703 108
T 266.834 5 3546 5704 108
T 266.834 6 3545 5703 108
T 266.858 3 3549 5705 108
T 266.858 7 3548 5703 108
T 266.858 4 3547 5703 108
T 266.858 8 3547 5705 108
T 266.859 2 3547 5704 108
T 266.859 1 3547 5703 108
T 266.859 5 3547 5704 108
T 266.859 6 3546 5703 108
T 266.883 3 3550 5705 108
T 266.883 7 3549 5703 108
T 266.883 4 3548 5703 108
T 266.883 8 3548 5705 108
T 266.884 2 3548 5704 108
T 266.884 1 3548 5703 108
T 266.884 5 3548 5704 108
T 266.884 6 3547 5703 108
T 266.908 3 3551 5705 108
T 266.908 7 3550 5703 108
T 266.908 4 3549 5703 108
T 266.909 8 3549 5705 108
T 266.909 2 3549 5704 108
T 266.909 1 3549 5703 108
T 266.909 5 3549 5704 108
T 266.909 6 3548 5703 108
T 266.933 3 3552 5705 108
T 266.933 7 3551 5703 108
T 266.933 4 3550 5703 108
T 266.934 8 3550 5705 108
T 266.934 2 3550 5704 108
T 266.934 1 3550 5703 108
T 266.934 5 3550 5704 108
T 266.934 6 3549 5703 108
T 266.958 3 3553 5705 108
T 266.959 7 3552 5703 108
T 266.959 4 3551 5703 108
T 266.959 8 3551 5705 108
T 266.959 2 3551 5704 108
T 266.959 1 3551 5703 108
T 266.959 5 3551 5704 108
T 266.959 6 3550 5703 108
T 266.984 3 3554 5705 108
T 266.984 7 3553 5703 108
T 266.984 4 3552 5703 108
T 266.984 8 3552 5705 108
T 266.984 2 3552 5704 108
T 266.984 1 3552 5703 108
T 266.984 5 3552 5704 108
T 266.985 6 3551 5703 108
T 267.009 3 3555 5705 108
T 267.009 7 3554 5703 108
T 267.009 4 3553 5703 108
T 267.009 8 3553 5705 108
T 267.009 2 3553 5704 108
T 267.009 1 3553 5703 108
T 267.010 5 3553 5704 108
T 267.010 6 3552 5703 108
T 267.034 3 3556 5705 108
T 267.034 7 3555 5703 108
T 267.034 4 3554 5703 108
T 267.035 8 3554 5705 108
T 267.035 2 3554 5704 108
T 267.035 1 3554 5703 108
T 267.035 5 3554 5704 108
T 267.035 6 3553 5703 108
T 267.060 3 3557 5705 108
T 267.060 7 3556 5703 108
T 267.060 4 3555 5703 108
T 267.060 8 3555 5705 108
T 267.060 2 3555 5704 108
T 267.061 1 3555 5703 108
T 267.061 5 3555 5704 108
T 267.061 6 3554 5703 108
T 267.086 3 3558 5705 108
T 267.086 7 3557 5703 108
T 267.086 4 3556 5703 108
T 267.086 8 3556 5705 108
T 267.086 2 3556 5704 108
T 267.087 1 3556 5703 108
T 267.087 5 3556 5704 108
T 267.087 6 3555 5703 108
T 267.111 3 3559 5705 108
T 267.112 7 3558 5703 108
T 267.112 4 3557 5703 108
T 267.112 8 3557 5705 108
T 267.112 2 3557 5704 108
T 267.112 1 3557 5703 108
T 267.112 5 3557 5704 108
T 267.112 6 3556 5703 108
T 267.137 3 3560 5705 108
T 267.138 7 3559 5703 108
T 267.138 4 3558 5703 108
T 267.138 8 3558 5705 108
T 267.138 2 3558 5704 108
T 267.138 1 3558 5703 108
T 267.138 5 3558 5704 108
T 267.138 6 3557 5703 108
T 267.163 3 3561 5705 108
T 267.164 7 3560 5703 108
T 267.164 4 3559 5703 108
T 267.164 8 3559 5705 108
T 267.164 2 3559 5704 108
T 267.164 1 3559 5703 108
T 267.164 5 3559 5704 108
T 267.164 6 3558 5703 108
T 267.189 3 3562 5705 108
T 267.189 7 3561 5703 108
T 267.190 4 3560 5703 108
T 267.190 8 3560 5705 108
T 267.190 2 3560 5704 108
T 267.190 1 3560 5703 108
T 267.190 5 3560 5704 108
T 267.190 6 3559 5703 108
T 267.215 3 3563 5705 108
T 267.215 7 3562 5703 108
T 267.215 4 3561 5703 108
T 267.216 8 3561 5705 108
T 267.216 2 3561 5704 108
T 267.216 1 3561 5703 108
T 267.216 5 3561 5704 108
T 267.216 6 3560 5703 108
T 267.241 3 3564 5705 108
T 267.241 7 3563 5703 108
T 267.241 4 3562 5703 108
T 267.241 8 3562 5705 108
T 267.241 2 3562 5704 108
T 267.242 1 3562 5703 108
T 267.242 5 3562 5704 108
T 267.242 6 3561 5703 108
T 267.267 7 3564 5703 108
T 267.267 4 3563 5703 108
T 267.267 8 3563 5705 108
T 267.267 2 3563 5704 108
T 267.267 1 3563 5703 108
T 267.268 5 3563 5704 108
T 267.268 6 3562 5703 108
T 267.293 4 3564 5703 108
T 267.293 8 3564 5705 108
T 267.293 2 3564 5704 108
T 267.293 1 3564 5703 108
T 267.293 5 3564 5704 108
T 267.293 6 3563 5703 108
T 267.313 6 3564 5703 108
P 267.845 8
F 267.845 8 109
P 267.846 1
F 267.847 1 109
P 267.847 2
P 267.848 3
P 267.849 5
P 267.849 4
P 267.849 6
P 267.849 7
F 267.849 2 109
F 267.850 3 109
F 267.851 5 109
F 267.852 4 109
F 267.853 6 109
F 267.854 7 109
T 268.304 5 3565 5757 109
T 268.451 5 3566 5757 109
T 268.451 7 3565 5756 109
T 268.451 8 3565 5758 109
T 268.451 2 3565 5757 109
T 268.451 1 3565 5756 109
T 268.451 6 3565 5756 109
T 268.486 5 3567 5757 109
T 268.486 7 3566 5756 109
T 268.487 8 3566 5758 109
T 268.487 2 3566 5757 109
T 268.487 1 3566 5756 109
T 268.487 6 3566 5756 109
T 268.487 3 3565 5758 109
T 268.511 5 3568 5757 109
T 268.511 7 3567 5756 109
T 268.511 8 3567 5758 109
T 268.511 2 3567 5757 109
T 268.512 1 3567 5756 109
T 268.512 6 3567 5756 109
T 268.512 3 3566 5758 109
T 268.537 5 3569 5757 109
T 268.537 7 3568 5756 109
T 268.537 8 3568 5758 109
T 268.537 2 3568 5757 109
T 268.537 1 3568 5756 109
T 268.538 6 3568 5756 109
T 268.538 3 3567 5758 109
T 268.599 5 3570 5757 109
T 268.599 7 3569 5756 109
T 268.599 8 3569 5758 109
T 268.599 2 3569 5757 109
T 268.599 1 3569 5756 109
T 268.599 6 3569 5756 109
T 268.635 5 3571 5757 109
T 268.636 7 3570 5756 109
T 268.636 8 3570 5758 109
T 268.636 2 3570 5757 109
T 268.636 1 3570 5756 109
T 268.636 6 3570 5756 109
T 268.636 4 3565 5756 109
T 268.660 5 3572 5757 109
T 268.660 7 3571 5756 109
T 268.660 8 3571 5758 109
T 268.660 2 3571 5757 109
T 268.661 1 3571 5756 109
T 268.661 6 3571 5756 109
T 268.661 4 3566 5756 109
T 268.685 5 3573 5757 109
T 268.685 7 3572 5756 109
T 268.685 8 3572 5758 109
T 268.685 2 3572 5757 109
T 268.685 1 3572 5756 109
T 268.686 6 3572 5756 109
T 268.686 4 3567 5756 109
T 268.710 5 3574 5757 109
T 268.710 7 3573 5756 109
T 268.710 8 3573 5758 109
T 268.710 2 3573 5757 109
T 268.710 1 3573 5756 109
T 268.710 6 3573 5756 109
T 268.711 4 3568 5756 109
T 268.735 5 3575 5757 109
T 268.735 7 3574 5756 109
T 268.735 8 3574 5758 109
T 268.735 2 3574 5757 109
T 268.735 1 3574 5756 109
T 268.735 6 3574 5756 109
T 268.736 4 3569 5756 109
T 268.759 5 3576 5757 109
T 268.760 7 3575 5756 109
T 268.760 8 3575 5758 109
T 268.760 2 3575 5757 109
T 268.760 1 3575 5756 109
T 268.760 6 3575 5756 109
T 268.760 4 3570 5756 109
T 268.784 5 3577 5757 109
T 268.785 7 3576 5756 109
T 268.785 8 3576 5758 109
T 268.785 2 3576 5757 109
T 268.785 1 3576 5756 109
T 268.785 6 3576 5756 109
T 268.785 4 3571 5756 109
T 268.810 5 3578 5757 109
T 268.810 7 3577 5756 109
T 268.810 8 3577 5758 109
T 268.810 2 3577 5757 109
T 268.810 1 3577 5756 109
T 268.810 6 3577 5756 109
T 268.810 4 3572 5756 109
T 268.834 5 3579 5757 109
T 268.835 7 3578 5756 109
T 268.835 8 3578 5758 109
T 268.835 2 3578 5757 109
T 268.835 1 3578 5756 109
T 268.835 6 3578 5756 109
T 268.835 4 3573 5756 109
T 268.860 5 3580 5757 109
T 268.860 7 3579 5756 109
T 268.860 8 3579 5758 109
T 268.860 2 3579 5757 109
T 268.860 1 3579 5756 109
T 268.860 6 3579 5756 109
T 268.860 4 3574 5756 109
T 268.885 5 3581 5757 109
T 268.885 7 3580 5756 109
T 268.885 8 3580 5758 109
T 268.885 2 3580 5757 109
T 268.885 1 3580 5756 109
T 268.885 6 3580 5756 109
T 268.885 4 3575 5756 109
T 268.910 5 3582 5757 109
T 268.910 7 3581 5756 109
T 268.910 8 3581 5758 109
T 268.910 2 3581 5757 109
T 268.910 1 3581 5756 109
T 268.910 6 3581 5756 109
T 268.911 4 3576 5756 109
T 268.935 5 3583 5757 109
T 268.935 7 3582 5756 109
T 268.935 8 3582 5758 109
T 268.935 2 3582 5757 109
T 268.935 1 3582 5756 109
T 268.935 6 3582 5756 109
T 268.935 4 3577 5756 109
T 268.959 5 3584 5757 109
T 268.960 7 3583 5756 109
T 268.960 8 3583 5758 109
T 268.960 2 3583 5757 109
T 268.960 1 3583 5756 109
T 268.960 6 3583 5756 109
T 268.960 4 3578 5756 109
T 268.985 5 3585 5757 109
T 268.985 7 3584 5756 109
T 268.985 8 3584 5758 109
T 268.985 2 3584 5757 109
T 268.985 1 3584 5756 109
T 268.986 6 3584 5756 109
T 268.986 4 3579 5756 109
T 269.009 5 3586 5757 109
T 269.010 7 3585 5756 109
T 269.010 8 3585 5758 109
T 269.010 2 3585 5757 109
T 269.010 1 3585 5756 109
T 269.010 6 3585 5756 109
T 269.010 4 3580 5756 109
T 269.034 5 3587 5757 109
T 269.035 7 3586 5756 109
T 269.035 8 3586 5758 109
T 269.035 2 3586 5757 109
T 269.035 1 3586 5756 109
T 269.035 6 3586 5756 109
T 269.035 4 3581 5756 109
T 269.059 5 3588 5757 109
T 269.059 7 3587 5756 109
T 269.059 8 3587 5758 109
T 269.060 2 3587 5757 109
T 269.060 1 3587 5756 109
T 269.060 6 3587 5756 109
T 269.060 4 3582 5756 109
T 269.084 5 3589 5757 109
T 269.085 7 3588 5756 109
T 269.085 8 3588 5758 109
T 269.085 2 3588 5757 109
T 269.085 1 3588 5756 109
T 269.085 6 3588 5756 109
T 269.085 4 3583 5756 109
T 269.110 5 3590 5757 109
T 269.110 7 3589 5756 109
T 269.110 8 3589 5758 109
T 269.111 2 3589 5757 109
T 269.111 1 3589 5756 109
T 269.111 6 3589 5756 109
T 269.111 4 3584 5756 109
T 269.135 5 3591 5757 109
T 269.136 7 3590 5756 109
T 269.136 8 3590 5758 109
T 269.136 2 3590 5757 109
T 269.136 1 3590 5756 109
T 269.136 6 3590 5756 109
T 269.136 4 3585 5756 109
T 269.161 5 3592 5757 109
T 269.161 7 3591 5756 109
T 269.161 8 3591 5758 109
T 269.161 2 3591 5757 109
T 269.162 1 3591 5756 109
T 269.162 6 3591 5756 109
T 269.162 4 3586 5756 109
T 269.187 5 3593 5757 109
T 269.187 7 3592 5756 109
T 269.187 8 3592 5758 109
T 269.187 2 3592 5757 109
T 269.187 1 3592 5756 109
T 269.187 6 3592 5756 109
T 269.187 4 3587 5756 109
T 269.212 5 3594 5757 109
T 269.212 7 3593 5756 109
T 269.213 8 3593 5758 109
T 269.213 2 3593 5757 109
T 269.213 1 3593 5756 109
T 269.213 6 3593 5756 109
T 269.213 4 3588 5756 109
T 269.238 5 3595 5757 109
T 269.238 7 3594 5756 109
T 269.238 8 3594 5758 109
T 269.238 2 3594 5757 109
T 269.238 1 3594 5756 109
T 269.239 6 3594 5756 109
T 269.239 4 3589 5756 109
T 269.264 5 3596 5757 109
T 269.264 7 3595 5756 109
T 269.264 8 3595 5758 109
T 269.264 2 3595 5757 109
T 269.264 1 3595 5756 109
T 269.264 6 3595 5756 109
T 269.264 4 3590 5756 109
T 269.289 5 3597 5757 109
T 269.289 7 3596 5756 109
T 269.289 8 3596 5758 109
T 269.289 2 3596 5757 109
T 269.290 1 3596 5756 109
T 269.290 6 3596 5756 109
T 269.290 4 3591 5756 109
T 269.315 7 3597 5756 109
T 269.315 8 3597 5758 109
T 269.315 2 3597 5757 109
T 269.315 1 3597 5756 109
T 269.315 6 3597 5756 109
T 269.315 4 3592 5756 109
T 269.335 4 3593 5756 109
T 269.356 4 3594 5756 109
T 269.377 4 3595 5756 109
T 269.398 4 3596 5756 109
T 269.419 4 3597 5756 109
P 269.845 4
F 269.846 4 110
P 269.846 6
F 269.846 6 110
P 269.847 7
F 269.849 7 110
P 269.850 8
F 269.851 8 110
P 269.852 1
P 269.853 2
F 269.853 1 110
P 269.853 3
F 269.854 2 110
P 269.856 5
F 269.857 3 110
F 269.864 5 110
T 270.294 6 3598 5809 110
T 270.374 6 3599 5809 110
T 270.374 4 3598 5809 110
T 270.479 6 3600 5809 110
T 270.480 4 3599 5809 110
T 270.480 5 3598 5810 110
T 270.480 7 3598 5809 110
T 270.480 8 3598 5811 110
T 270.480 2 3598 5810 110
T 270.481 1 3598 5809 110
T 270.503 6 3601 5809 110
T 270.503 4 3600 5809 110
T 270.503 5 3599 5810 110
T 270.504 7 3599 5809 110
T 270.504 8 3599 5811 110
T 270.504 2 3599 5810 110
T 270.504 1 3599 5809 110
T 270.527 6 3602 5809 110
T 270.527 4 3601 5809 110
T 270.528 5 3600 5810 110
T 270.528 7 3600 5809 110
T 270.528 8 3600 5811 110
T 270.528 2 3600 5810 110
T 270.528 1 3600 5809 110
T 270.552 6 3603 5809 110
T 270.552 4 3602 5809 110
T 270.553 5 3601 5810 110
T 270.553 7 3601 5809 110
T 270.553 8 3601 5811 110
T 270.553 2 3601 5810 110
T 270.553 1 3601 5809 110
T 270.577 6 3604 5809 110
T 270.577 4 3603 5809 110
T 270.577 5 3602 5810 110
T 270.577 7 3602 5809 110
T 270.577 8 3602 5811 110
T 270.578 2 3602 5810 110
T 270.578 1 3602 5809 110
T 270.601 6 3605 5809 110
T 270.601 4 3604 5809 110
T 270.602 5 3603 5810 110
T 270.602 7 3603 5809 110
T 270.602 8 3603 5811 110
T 270.602 2 3603 5810 110
T 270.602 1 3603 5809 110
T 270.626 6 3606 5809 110
T 270.626 4 3605 5809 110
T 270.626 5 3604 5810 110
T 270.627 7 3604 5809 110
T 270.627 8 3604 5811 110
T 270.627 2 3604 5810 110
T 270.627 1 3604 5809 110
T 270.651 6 3607 5809 110
T 270.652 4 3606 5809 110
T 270.652 5 3605 5810 110
T 270.652 7 3605 5809 110
T 270.652 8 3605 5811 110
T 270.652 2 3605 5810 110
T 270.652 1 3605 5809 110
T 270.676 6 3608 5809 110
T 270.676 4 3607 5809 110
T 270.677 5 3606 5810 110
T 270.677 7 3606 5809 110
T 270.677 8 3606 5811 110
T 270.677 2 3606 5810 110
T 270.677 1 3606 5809 110
T 270.701 6 3609 5809 110
T 270.701 4 3608 5809 110
T 270.701 5 3607 5810 110
T 270.702 7 3607 5809 110
T 270.702 8 3607 5811 110
T 270.702 2 3607 5810 110
T 270.702 1 3607 5809 110
T 270.726 6 3610 5809 110
T 270.726 4 3609 5809 110
T 270.726 5 3608 5810 110
T 270.726 7 3608 5809 110
T 270.726 8 3608 5811 110
T 270.727 2 3608 5810 110
T 270.727 1 3608 5809 110
T 270.751 6 3611 5809 110
T 270.751 4 3610 5809 110
T 270.751 5 3609 5810 110
T 270.751 7 3609 5809 110
T 270.752 8 3609 5811 110
T 270.752 2 3609 5810 110
T 270.752 1 3609 5809 110
T 270.776 6 3612 5809 110
T 270.776 4 3611 5809 110
T 270.776 5 3610 5810 110
T 270.776 7 3610 5809 110
T 270.777 8 3610 5811 110
T 270.777 2 3610 5810 110
T 270.777 1 3610 5809 110
T 270.801 6 3613 5809 110
T 270.801 4 3612 5809 110
T 270.801 5 3611 5810 110
T 270.802 7 3611 5809 110
T 270.802 8 3611 5811 110
T 270.802 2 3611 5810 110
T 270.802 1 3611 5809 110
T 270.826 6 3614 5809 110
T 270.826 4 3613 5809 110
T 270.826 5 3612 5810 110
T 270.826 7 3612 5809 110
T 270.826 8 3612 5811 110
T 270.827 2 3612 5810 110
T 270.827 1 3612 5809 110
T 270.851 6 3615 5809 110
T 270.851 4 3614 5809 110
T 270.851 5 3613 5810 110
T 270.851 7 3613 5809 110
T 270.852 8 3613 5811 110
T 270.852 2 3613 5810 110
T 270.852 1 3613 5809 110
T 270.876 6 3616 5809 110
T 270.876 4 3615 5809 110
T 270.876 5 3614 5810 110
T 270.877 7 3614 5809 110
T 270.877 8 3614 5811 110
T 270.877 2 3614 5810 110
T 270.877 1 3614 5809 110
T 270.901 6 3617 5809 110
T 270.901 4 3616 5809 110
T 270.901 5 3615 5810 110
T 270.902 7 3615 5809 110
T 270.902 8 3615 5811 110
T 270.902 2 3615 5810 110
T 270.902 1 3615 5809 110
T 270.926 6 3618 5809 110
T 270.926 4 3617 5809 110
T 270.926 5 3616 5810 110
T 270.926 7 3616 5809 110
T 270.926 8 3616 5811 110
T 270.926 2 3616 5810 110
T 270.926 1 3616 5809 110
T 270.950 6 3619 5809 110
T 270.951 4 3618 5809 110
T 270.951 5 3617 5810 110
T 270.951 7 3617 5809 110
T 270.951 8 3617 5811 110
T 270.951 2 3617 5810 110
T 270.951 1 3617 5809 110
T 270.976 6 3620 5809 110
T 270.976 4 3619 5809 110
T 270.976 5 3618 5810 110
T 270.976 7 3618 5809 110
T 270.976 8 3618 5811 110
T 270.976 2 3618 5810 110
T 270.977 1 3618 5809 110
T 271.001 6 3621 5809 110
T 271.001 4 3620 5809 110
T 271.001 5 3619 5810 110
T 271.001 7 3619 5809 110
T 271.001 8 3619 5811 110
T 271.001 2 3619 5810 110
T 271.002 1 3619 5809 110
T 271.025 6 3622 5809 110
T 271.026 4 3621 5809 110
T 271.026 5 3620 5810 110
T 271.026 7 3620 5809 110
T 271.026 8 3620 5811 110
T 271.026 2 3620 5810 110
T 271.026 1 3620 5809 110
T 271.050 6 3623 5809 110
T 271.051 4 3622 5809 110
T 271.051 5 3621 5810 110
T 271.051 7 3621 5809 110
T 271.051 8 3621 5811 110
T 271.051 2 3621 5810 110
T 271.051 1 3621 5809 110
T 271.076 6 3624 5809 110
T 271.076 4 3623 5809 110
T 271.076 5 3622 5810 110
T 271.076 7 3622 5809 110
T 271.076 8 3622 5811 110
T 271.076 2 3622 5810 110
T 271.077 1 3622 5809 110
T 271.101 6 3625 5809 110
T 271.101 4 3624 5809 110
T 271.101 5 3623 5810 110
T 271.101 7 3623 5809 110
T 271.101 8 3623 5811 110
T 271.102 2 3623 5810 110
T 271.102 1 3623 5809 110
T 271.126 6 3626 5809 110
T 271.126 4 3625 5809 110
T 271.126 5 3624 5810 110
T 271.126 7 3624 5809 110
T 271.126 8 3624 5811 110
T 271.127 2 3624 5810 110
T 271.127 1 3624 5809 110
T 271.151 6 3627 5809 110
T 271.151 4 3626 5809 110
T 271.151 5 3625 5810 110
T 271.152 7 3625 5809 110
T 271.152 8 3625 5811 110
T 271.152 2 3625 5810 110
T 271.152 1 3625 5809 110
T 271.177 6 3628 5809 110
T 271.177 4 3627 5809 110
T 271.177 5 3626 5810 110
T 271.177 7 3626 5809 110
T 271.177 8 3626 5811 110
T 271.178 2 3626 5810 110
T 271.178 1 3626 5809 110
T 271.203 6 3629 5809 110
T 271.203 4 3628 5809 110
T 271.203 5 3627 5810 110
T 271.203 7 3627 5809 110
T 271.203 8 3627 5811 110
T 271.203 2 3627 5810 110
T 271.204 1 3627 5809 110
T 271.228 6 3630 5809 110
T 271.228 4 3629 5809 110
T 271.228 5 3628 5810 110
T 271.229 7 3628 5809 110
T 271.229 8 3628 5811 110
T 271.229 2 3628 5810 110
T 271.229 1 3628 5809 110
T 271.254 4 3630 5809 110
T 271.254 5 3629 5810 110
T 271.254 7 3629 5809 110
T 271.254 8 3629 5811 110
T 271.254 2 3629 5810 110
T 271.255 1 3629 5809 110
T 271.278 5 3630 5810 110
T 271.279 7 3630 5809 110
T 271.279 8 3630 5811 110
T 271.279 2 3630 5810 110
T 271.279 1 3630 5809 110
P 271.845 2
P 271.846 3
F 271.846 2 111
P 271.846 5
F 271.846 3 111
P 271.848 4
F 271.849 5 111
P 271.849 6
F 271.850 4 111
P 271.851 7
F 271.853 6 111
P 271.853 8
F 271.854 7 111
P 271.855 1
F 271.857 8 111
F 271.859 1 111
T 272.367 2 3631 5863 111
T 272.474 2 3632 5863 111
T 272.474 6 3631 5862 111
T 272.474 4 3631 5862 111
T 272.474 5 3631 5863 111
T 272.474 7 3631 5862 111
T 272.475 8 3631 5864 111
T 272.475 1 3631 5862 111
T 272.497 2 3633 5863 111
T 272.497 6 3632 5862 111
T 272.497 4 3632 5862 111
T 272.497 5 3632 5863 111
T 272.498 7 3632 5862 111
T 272.498 8 3632 5864 111
T 272.498 1 3632 5862 111
T 272.521 2 3634 5863 111
T 272.522 6 3633 5862 111
T 272.522 4 3633 5862 111
T 272.522 5 3633 5863 111
T 272.522 7 3633 5862 111
T 272.522 8 3633 5864 111
T 272.522 1 3633 5862 111
T 272.548 2 3635 5863 111
T 272.548 6 3634 5862 111
T 272.548 4 3634 5862 111
T 272.548 5 3634 5863 111
T 272.549 7 3634 5862 111
T 272.549 8 3634 5864 111
T 272.549 1 3634 5862 111
T 272.571 2 3636 5863 111
T 272.571 6 3635 5862 111
T 272.572 4 3635 5862 111
T 272.572 5 3635 5863 111
T 272.572 7 3635 5862 111
T 272.572 8 3635 5864 111
T 272.572 1 3635 5862 111
T 272.596 2 3637 5863 111
T 272.596 6 3636 5862 111
T 272.596 4 3636 5862 111
T 272.596 5 3636 5863 111
T 272.596 7 3636 5862 111
T 272.597 8 3636 5864 111
T 272.597 1 3636 5862 111
T 272.621 2 3638 5863 111
T 272.621 6 3637 5862 111
T 272.621 4 3637 5862 111
T 272.621 5 3637 5863 111
T 272.621 7 3637 5862 111
T 272.621 8 3637 5864 111
T 272.622 1 3637 5862 111
T 272.646 2 3639 5863 111
T 272.646 6 3638 5862 111
T 272.646 4 3638 5862 111
T 272.646 5 3638 5863 111
T 272.646 7 3638 5862 111
T 272.646 8 3638 5864 111
T 272.647 1 3638 5862 111
T 272.672 2 3640 5863 111
T 272.672 6 3639 5862 111
T 272.672 4 3639 5862 111
T 272.672 5 3639 5863 111
T 272.672 7 3639 5862 111
T 272.672 8 3639 5864 111
T 272.673 1 3639 5862 111
T 272.696 2 3641 5863 111
T 272.696 6 3640 5862 111
T 272.696 4 3640 5862 111
T 272.696 5 3640 5863 111
T 272.696 7 3640 5862 111
T 272.696 8 3640 5864 111
T 272.697 1 3640 5862 111
T 272.720 2 3642 5863 111
T 272.720 6 3641 5862 111
T 272.721 4 3641 5862 111
T 272.721 5 3641 5863 111
T 272.721 7 3641 5862 111
T 272.721 8 3641 5864 111
T 272.721 1 3641 5862 111
T 272.745 2 3643 5863 111
T 272.745 6 3642 5862 111
T 272.745 4 3642 5862 111
T 272.746 5 3642 5863 111
T 272.746 7 3642 5862 111
T 272.746 8 3642 5864 111
T 272.746 1 3642 5862 111
T 272.770 2 3644 5863 111
T 272.770 6 3643 5862 111
T 272.770 4 3643 5862 111
T 272.771 5 3643 5863 111
T 272.771 7 3643 5862 111
T 272.771 8 3643 5864 111
T 272.771 1 3643 5862 111
T 272.795 2 3645 5863 111
T 272.795 6 3644 5862 111
T 272.795 4 3644 5862 111
T 272.795 5 3644 5863 111
T 272.795 7 3644 5862 111
T 272.796 8 3644 5864 111
T 272.796 1 3644 5862 111
T 272.820 2 3646 5863 111
T 272.820 6 3645 5862 111
T 272.820 4 3645 5862 111
T 272.820 5 3645 5863 111
T 272.820 7 3645 5862 111
T 272.821 8 3645 5864 111
T 272.821 1 3645 5862 111
T 272.845 2 3647 5863 111
T 272.845 6 3646 5862 111
T 272.845 4 3646 5862 111
T 272.845 5 3646 5863 111
T 272.845 7 3646 5862 111
T 272.845 8 3646 5864 111
T 272.845 1 3646 5862 111
T 272.870 2 3648 5863 111
T 272.870 6 3647 5862 111
T 272.870 4 3647 5862 111
T 272.870 5 3647 5863 111
T 272.870 7 3647 5862 111
T 272.870 8 3647 5864 111
T 272.870 1 3647 5862 111
T 272.895 2 3649 5863 111
T 272.895 6 3648 5862 111
T 272.895 4 3648 5862 111
T 272.895 5 3648 5863 111
T 272.896 7 3648 5862 111
T 272.896 8 3648 5864 111
T 272.896 1 3648 5862 111
T 272.920 2 3650 5863 111
T 272.920 6 3649 5862 111
T 272.920 4 3649 5862 111
T 272.920 5 3649 5863 111
T 272.920 7 3649 5862 111
T 272.920 8 3649 5864 111
T 272.921 1 3649 5862 111
T 272.944 2 3651 5863 111
T 272.944 6 3650 5862 111
T 272.945 4 3650 5862 111
T 272.945 5 3650 5863 111
T 272.945 7 3650 5862 111
T 272.945 8 3650 5864 111
T 272.945 1 3650 5862 111
T 272.969 2 3652 5863 111
T 272.969 6 3651 5862 111
T 272.969 4 3651 5862 111
T 272.970 5 3651 5863 111
T 272.970 7 3651 5862 111
T 272.970 8 3651 5864 111
T 272.970 1 3651 5862 111
T 272.994 2 3653 5863 111
T 272.994 6 3652 5862 111
T 272.995 4 3652 5862 111
T 272.995 5 3652 5863 111
T 272.995 7 3652 5862 111
T 272.995 8 3652 5864 111
T 272.995 1 3652 5862 111
T 273.019 2 3654 5863 111
T 273.019 6 3653 5862 111
T 273.020 4 3653 5862 111
T 273.020 5 3653 5863 111
T 273.020 7 3653 5862 111
T 273.020 8 3653 5864 111
T 273.020 1 3653 5862 111
T 273.044 2 3655 5863 111
T 273.044 6 3654 5862 111
T 273.045 4 3654 5862 111
T 273.045 5 3654 5863 111
T 273.045 7 3654 5862 111
T 273.045 8 3654 5864 111
T 273.045 1 3654 5862 111
T 273.069 2 3656 5863 111
T 273.069 6 3655 5862 111
T 273.070 4 3655 5862 111
T 273.070 5 3655 5863 111
T 273.070 7 3655 5862 111
T 273.070 8 3655 5864 111
T 273.070 1 3655 5862 111
T 273.095 2 3657 5863 111
T 273.095 6 3656 5862 111
T 273.095 4 3656 5862 111
T 273.095 5 3656 5863 111
T 273.096 7 3656 5862 111
T 273.096 8 3656 5864 111
T 273.096 1 3656 5862 111
T 273.120 2 3658 5863 111
T 273.120 6 3657 5862 111
T 273.120 4 3657 5862 111
T 273.121 5 3657 5863 111
T 273.121 7 3657 5862 111
T 273.121 8 3657 5864 111
T 273.121 1 3657 5862 111
T 273.145 2 3659 5863 111
T 273.146 6 3658 5862 111
T 273.146 4 3658 5862 111
T 273.146 5 3658 5863 111
T 273.146 7 3658 5862 111
T 273.146 8 3658 5864 111
T 273.146 1 3658 5862 111
T 273.171 2 3660 5863 111
T 273.171 6 3659 5862 111
T 273.171 4 3659 5862 111
T 273.171 5 3659 5863 111
T 273.171 7 3659 5862 111
T 273.171 8 3659 5864 111
T 273.171 1 3659 5862 111
T 273.196 2 3661 5863 111
T 273.196 6 3660 5862 111
T 273.197 4 3660 5862 111
T 273.197 5 3660 5863 111
T 273.197 7 3660 5862 111
T 273.197 8 3660 5864 111
T 273.197 1 3660 5862 111
T 273.222 2 3662 5863 111
T 273.222 6 3661 5862 111
T 273.222 4 3661 5862 111
T 273.223 5 3661 5863 111
T 273.223 7 3661 5862 111
T 273.223 8 3661 5864 111
T 273.223 1 3661 5862 111
T 273.248 2 3663 5863 111
T 273.248 6 3662 5862 111
T 273.248 4 3662 5862 111
T 273.248 5 3662 5863 111
T 273.248 7 3662 5862 111
T 273.248 8 3662 5864 111
T 273.248 1 3662 5862 111
T 273.272 6 3663 5862 111
T 273.272 4 3663 5862 111
T 273.272 5 3663 5863 111
T 273.272 7 3663 5862 111
T 273.273 8 3663 5864 111
T 273.273 1 3663 5862 111
P 273.845 3
P 273.845 5
F 273.846 3 112
P 273.846 4
F 273.846 5 112
P 273.847 6
P 273.847 7
P 273.848 8
P 273.848 1
P 273.848 2
F 273.851 4 112
F 273.852 6 112
F 273.852 7 112
F 273.853 8 112
F 273.853 1 112
F 273.853 2 112
T 274.334 2 3664 5916 112
T 274.448 2 3665 5916 112
T 274.448 6 3664 5915 112
T 274.448 4 3664 5915 112
T 274.448 5 3664 5916 112
T 274.448 7 3664 5915 112
T 274.449 8 3664 5917 112
T 274.449 1 3664 5915 112
T 274.472 2 3666 5916 112
T 274.472 6 3665 5915 112
T 274.472 4 3665 5915 112
T 274.472 5 3665 5916 112
T 274.472 7 3665 5915 112
T 274.473 8 3665 5917 112
T 274.473 1 3665 5915 112
T 274.496 2 3667 5916 112
T 274.496 6 3666 5915 112
T 274.497 4 3666 5915 112
T 274.497 5 3666 5916 112
T 274.497 7 3666 5915 112
T 274.497 8 3666 5917 112
T 274.497 1 3666 5915 112
T 274.521 2 3668 5916 112
T 274.521 6 3667 5915 112
T 274.522 4 3667 5915 112
T 274.522 5 3667 5916 112
T 274.522 7 3667 5915 112
T 274.522 8 3667 5917 112
T 274.522 1 3667 5915 112
T 274.546 2 3669 5916 112
T 274.546 6 3668 5915 112
T 274.546 4 3668 5915 112
T 274.547 5 3668 5916 112
T 274.547 7 3668 5915 112
T 274.547 8 3668 5917 112
T 274.547 1 3668 5915 112
T 274.571 2 3670 5916 112
T 274.571 6 3669 5915 112
T 274.571 4 3669 5915 112
T 274.571 5 3669 5916 112
T 274.571 7 3669 5915 112
T 274.572 8 3669 5917 112
T 274.572 1 3669 5915 112
T 274.595 2 3671 5916 112
T 274.596 6 3670 5915 112
T 274.596 4 3670 5915 112
T 274.596 5 3670 5916 112
T 274.596 7 3670 5915 112
T 274.596 8 3670 5917 112
T 274.596 1 3670 5915 112
T 274.620 2 3672 5916 112
T 274.621 6 3671 5915 112
T 274.621 4 3671 5915 112
T 274.621 5 3671 5916 112
T 274.621 7 3671 5915 112
T 274.621 8 3671 5917 112
T 274.621 1 3671 5915 112
T 274.645 2 3673 5916 112
T 274.645 6 3672 5915 112
T 274.645 4 3672 5915 112
T 274.646 5 3672 5916 112
T 274.646 7 3672 5915 112
T 274.646 8 3672 5917 112
T 274.646 1 3672 5915 112
T 274.670 2 3674 5916 112
T 274.670 6 3673 5915 112
T 274.670 4 3673 5915 112
T 274.671 5 3673 5916 112
T 274.671 7 3673 5915 112
T 274.671 8 3673 5917 112
T 274.671 1 3673 5915 112
T 274.695 2 3675 5916 112
T 274.695 6 3674 5915 112
T 274.695 4 3674 5915 112
T 274.696 5 3674 5916 112
T 274.696 7 3674 5915 112
T 274.696 8 3674 5917 112
T 274.696 1 3674 5915 112
T 274.720 2 3676 5916 112
T 274.720 6 3675 5915 112
T 274.720 4 3675 5915 112
T 274.720 5 3675 5916 112
T 274.721 7 3675 5915 112
T 274.721 8 3675 5917 112
T 274.721 1 3675 5915 112
T 274.745 2 3677 5916 112
T 274.745 6 3676 5915 112
T 274.745 4 3676 5915 112
T 274.745 5 3676 5916 112
T 274.745 7 3676 5915 112
T 274.746 8 3676 5917 112
T 274.746 1 3676 5915 112
T 274.770 2 3678 5916 112
T 274.770 6 3677 5915 112
T 274.770 4 3677 5915 112
T 274.770 5 3677 5916 112
T 274.770 7 3677 5915 112
T 274.770 8 3677 5917 112
T 274.771 1 3677 5915 112
T 274.794 2 3679 5916 112
T 274.795 6 3678 5915 112
T 274.795 4 3678 5915 112
T 274.795 5 3678 5916 112
T 274.795 7 3678 5915 112
T 274.795 8 3678 5917 112
T 274.795 1 3678 5915 112
T 274.819 2 3680 5916 112
T 274.819 6 3679 5915 112
T 274.820 4 3679 5915 112
T 274.820 5 3679 5916 112
T 274.820 7 3679 5915 112
T 274.820 8 3679 5917 112
T 274.820 1 3679 5915 112
T 274.844 2 3681 5916 112
T 274.844 6 3680 5915 112
T 274.844 4 3680 5915 112
T 274.845 5 3680 5916 112
T 274.845 7 3680 5915 112
T 274.845 8 3680 5917 112
T 274.845 1 3680 5915 112
T 274.870 2 3682 5916 112
T 274.870 6 3681 5915 112
T 274.870 4 3681 5915 112
T 274.870 5 3681 5916 112
T 274.871 7 3681 5915 112
T 274.871 8 3681 5917 112
T 274.871 1 3681 5915 112
T 274.894 2 3683 5916 112
T 274.895 6 3682 5915 112
T 274.895 4 3682 5915 112
T 274.895 5 3682 5916 112
T 274.895 7 3682 5915 112
T 274.895 8 3682 5917 112
T 274.895 1 3682 5915 112
T 274.919 2 3684 5916 112
T 274.919 6 3683 5915 112
T 274.920 4 3683 5915 112
T 274.920 5 3683 5916 112
T 274.920 7 3683 5915 112
T 274.920 8 3683 5917 112
T 274.920 1 3683 5915 112
T 274.944 2 3685 5916 112
T 274.944 6 3684 5915 112
T 274.944 4 3684 5915 112
T 274.945 5 3684 5916 112
T 274.945 7 3684 5915 112
T 274.945 8 3684 5917 112
T 274.945 1 3684 5915 112
T 274.969 2 3686 5916 112
T 274.969 6 3685 5915 112
T 274.969 4 3685 5915 112
T 274.969 5 3685 5916 112
T 274.969 7 3685 5915 112
T 274.970 8 3685 5917 112
T 274.970 1 3685 5915 112
T 274.994 2 3687 5916 112
T 274.994 6 3686 5915 112
T 274.995 4 3686 5915 112
T 274.996 5 3686 5916 112
T 274.996 7 3686 5915 112
T 274.996 8 3686 5917 112
T 274.996 1 3686 5915 112
T 275.020 2 3688 5916 112
T 275.020 6 3687 5915 112
T 275.020 4 3687 5915 112
T 275.020 5 3687 5916 112
T 275.020 7 3687 5915 112
T 275.020 8 3687 5917 112
T 275.021 1 3687 5915 112
T 275.044 2 3689 5916 112
T 275.044 6 3688 5915 112
T 275.044 4 3688 5915 112
T 275.045 5 3688 5916 112
T 275.045 7 3688 5915 112
T 275.045 8 3688 5917 112
T 275.045 1 3688 5915 112
T 275.069 2 3690 5916 112
T 275.069 6 3689 5915 112
T 275.069 4 3689 5915 112
T 275.070 5 3689 5916 112
T 275.070 7 3689 5915 112
T 275.070 8 3689 5917 112
T 275.070 1 3689 5915 112
T 275.094 2 3691 5916 112
T 275.095 6 3690 5915 112
T 275.095 4 3690 5915 112
T 275.095 5 3690 5916 112
T 275.095 7 3690 5915 112
T 275.095 8 3690 5917 112
T 275.095 1 3690 5915 112
T 275.120 2 3692 5916 112
T 275.120 6 3691 5915 112
T 275.120 4 3691 5915 112
T 275.121 5 3691 5916 112
T 275.121 7 3691 5915 112
T 275.121 8 3691 5917 112
T 275.121 1 3691 5915 112
T 275.146 2 3693 5916 112
T 275.146 6 3692 5915 112
T 275.146 4 3692 5915 112
T 275.146 5 3692 5916 112
T 275.147 7 3692 5915 112
T 275.147 8 3692 5917 112
T 275.147 1 3692 5915 112
T 275.171 2 3694 5916 112
T 275.172 6 3693 5915 112
T 275.172 4 3693 5915 112
T 275.172 5 3693 5916 112
T 275.172 7 3693 5915 112
T 275.172 8 3693 5917 112
T 275.172 1 3693 5915 112
T 275.197 2 3695 5916 112
T 275.197 6 3694 5915 112
T 275.197 4 3694 5915 112
T 275.198 5 3694 5916 112
T 275.198 7 3694 5915 112
T 275.198 8 3694 5917 112
T 275.198 1 3694 5915 112
T 275.223 2 3696 5916 112
T 275.223 6 3695 5915 112
T 275.223 4 3695 5915 112
T 275.223 5 3695 5916 112
T 275.223 7 3695 5915 112
T 275.224 8 3695 5917 112
T 275.224 1 3695 5915 112
T 275.248 6 3696 5915 112
T 275.248 4 3696 5915 112
T 275.248 5 3696 5916 112
T 275.248 7 3696 5915 112
T 275.248 8 3696 5917 112
T 275.248 1 3696 5915 112
P 275.847 2
P 275.847 3
P 275.848 5
F 275.848 2 113
P 275.848 4
F 275.848 3 113
P 275.849 6
F 275.850 5 113
P 275.850 7
P 275.851 8
P 275.852 1
F 275.854 4 113
F 275.855 6 113
F 275.856 7 113
F 275.856 8 113
F 275.856 1 113
T 276.362 2 3697 5969 113
T 276.468 2 3698 5969 113
T 276.469 6 3697 5968 113
T 276.469 4 3697 5968 113
T 276.469 5 3697 5969 113
T 276.469 7 3697 5968 113
T 276.469 8 3697 5970 113
T 276.469 1 3697 5968 113
T 276.492 2 3699 5969 113
T 276.493 6 3698 5968 113
T 276.493 4 3698 5968 113
T 276.493 5 3698 5969 113
T 276.493 7 3698 5968 113
T 276.493 8 3698 5970 113
T 276.493 1 3698 5968 113
T 276.517 2 3700 5969 113
T 276.517 6 3699 5968 113
T 276.518 4 3699 5968 113
T 276.518 5 3699 5969 113
T 276.518 7 3699 5968 113
T 276.518 8 3699 5970 113
T 276.518 1 3699 5968 113
T 276.542 2 3701 5969 113
T 276.542 6 3700 5968 113
T 276.543 4 3700 5968 113
T 276.543 5 3700 5969 113
T 276.543 7 3700 5968 113
T 276.543 8 3700 5970 113
T 276.543 1 3700 5968 113
T 276.567 2 3702 5969 113
T 276.567 6 3701 5968 113
T 276.567 4 3701 5968 113
T 276.568 5 3701 5969 113
T 276.568 7 3701 5968 113
T 276.568 8 3701 5970 113
T 276.568 1 3701 5968 113
T 276.592 2 3703 5969 113
T 276.592 6 3702 5968 113
T 276.592 4 3702 5968 113
T 276.593 5 3702 5969 113
T 276.593 7 3702 5968 113
T 276.593 8 3702 5970 113
T 276.593 1 3702 5968 113
T 276.617 2 3704 5969 113
T 276.617 6 3703 5968 113
T 276.617 4 3703 5968 113
T 276.618 5 3703 5969 113
T 276.618 7 3703 5968 113
T 276.618 8 3703 5970 113
T 276.618 1 3703 5968 113
T 276.642 2 3705 5969 113
T 276.642 6 3704 5968 113
T 276.642 4 3704 5968 113
T 276.643 5 3704 5969 113
T 276.643 7 3704 5968 113
T 276.643 8 3704 5970 113
T 276.643 1 3704 5968 113
T 276.667 2 3706 5969 113
T 276.667 6 3705 5968 113
T 276.667 4 3705 5968 113
T 276.667 5 3705 5969 113
T 276.668 7 3705 5968 113
T 276.668 8 3705 5970 113
T 276.668 1 3705 5968 113
T 276.692 2 3707 5969 113
T 276.692 6 3706 5968 113
T 276.692 4 3706 5968 113
T 276.692 5 3706 5969 113
T 276.693 7 3706 5968 113
T 276.693 8 3706 5970 113
T 276.693 1 3706 5968 113
T 276.717 2 3708 5969 113
T 276.717 6 3707 5968 113
T 276.717 4 3707 5968 113
T 276.717 5 3707 5969 113
T 276.717 7 3707 5968 113
T 276.717 8 3707 5970 113
T 276.718 1 3707 5968 113
T 276.742 2 3709 5969 113
T 276.742 6 3708 5968 113
T 276.742 4 3708 5968 113
T 276.742 5 3708 5969 113
T 276.742 7 3708 5968 113
T 276.742 8 3708 5970 113
T 276.743 1 3708 5968 113
T 276.767 2 3710 5969 113
T 276.767 6 3709 5968 113
T 276.767 4 3709 5968 113
T 276.767 5 3709 5969 113
T 276.768 7 3709 5968 113
T 276.768 8 3709 5970 113
T 276.768 1 3709 5968 113
T 276.792 2 3711 5969 113
T 276.792 6 3710 5968 113
T 276.792 4 3710 5968 113
T 276.792 5 3710 5969 113
T 276.793 7 3710 5968 113
T 276.793 8 3710 5970 113
T 276.793 1 3710 5968 113
T 276.817 2 3712 5969 113
T 276.817 6 3711 5968 113
T 276.817 4 3711 5968 113
T 276.817 5 3711 5969 113
T 276.818 7 3711 5968 113
T 276.818 8 3711 5970 113
T 276.818 1 3711 5968 113
T 276.842 2 3713 5969 113
T 276.842 6 3712 5968 113
T 276.842 4 3712 5968 113
T 276.842 5 3712 5969 113
T 276.842 7 3712 5968 113
T 276.843 8 3712 5970 113
T 276.843 1 3712 5968 113
T 276.867 2 3714 5969 113
T 276.867 6 3713 5968 113
T 276.867 4 3713 5968 113
T 276.867 5 3713 5969 113
T 276.867 7 3713 5968 113
T 276.867 8 3713 5970 113
T 276.868 1 3713 5968 113
T 276.892 2 3715 5969 113
T 276.892 6 3714 5968 113
T 276.892 4 3714 5968 113
T 276.892 5 3714 5969 113
T 276.893 7 3714 5968 113
T 276.893 8 3714 5970 113
T 276.893 1 3714 5968 113
T 276.917 2 3716 5969 113
T 276.917 6 3715 5968 113
T 276.918 4 3715 5968 113
T 276.918 5 3715 5969 113
T 276.918 7 3715 5968 113
T 276.918 8 3715 5970 113
T 276.918 1 3715 5968 113
T 276.942 2 3717 5969 113
T 276.942 6 3716 5968 113
T 276.943 4 3716 5968 113
T 276.943 5 3716 5969 113
T 276.943 7 3716 5968 113
T 276.943 8 3716 5970 113
T 276.943 1 3716 5968 113
T 276.967 2 3718 5969 113
T 276.967 6 3717 5968 113
T 276.968 4 3717 5968 113
T 276.968 5 3717 5969 113
T 276.968 7 3717 5968 113
T 276.968 8 3717 5970 113
T 276.968 1 3717 5968 113
T 276.992 2 3719 5969 113
T 276.992 6 3718 5968 113
T 276.992 4 3718 5968 113
T 276.992 5 3718 5969 113
T 276.993 7 3718 5968 113
T 276.993 8 3718 5970 113
T 276.993 1 3718 5968 113
T 277.017 2 3720 5969 113
T 277.017 6 3719 5968 113
T 277.017 4 3719 5968 113
T 277.017 5 3719 5969 113
T 277.017 7 3719 5968 113
T 277.017 8 3719 5970 113
T 277.018 1 3719 5968 113
T 277.042 2 3721 5969 113
T 277.042 6 3720 5968 113
T 277.042 4 3720 5968 113
T 277.042 5 3720 5969 113
T 277.042 7 3720 5968 113
T 277.042 8 3720 5970 113
T 277.043 1 3720 5968 113
T 277.067 2 3722 5969 113
T 277.067 6 3721 5968 113
T 277.067 4 3721 5968 113
T 277.067 5 3721 5969 113
T 277.067 7 3721 5968 113
T 277.068 8 3721 5970 113
T 277.068 1 3721 5968 113
T 277.092 2 3723 5969 113
T 277.092 6 3722 5968 113
T 277.092 4 3722 5968 113
T 277.092 5 3722 5969 113
T 277.093 7 3722 5968 113
T 277.093 8 3722 5970 113
T 277.093 1 3722 5968 113
T 277.117 2 3724 5969 113
T 277.118 6 3723 5968 113
T 277.118 4 3723 5968 113
T 277.118 5 3723 5969 113
T 277.118 7 3723 5968 113
T 277.118 8 3723 5970 113
T 277.118 1 3723 5968 113
T 277.143 2 3725 5969 113
T 277.143 6 3724 5968 113
T 277.143 4 3724 5968 113
T 277.143 5 3724 5969 113
T 277.143 7 3724 5968 113
T 277.143 8 3724 5970 113
T 277.144 1 3724 5968 113
T 277.168 2 3726 5969 113
T 277.168 6 3725 5968 113
T 277.168 4 3725 5968 113
T 277.169 5 3725 5969 113
T 277.169 7 3725 5968 113
T 277.169 8 3725 5970 113
T 277.169 1 3725 5968 113
T 277.194 2 3727 5969 113
T 277.194 6 3726 5968 113
T 277.194 4 3726 5968 113
T 277.194 5 3726 5969 113
T 277.194 7 3726 5968 113
T 277.195 8 3726 5970 113
T 277.195 1 3726 5968 113
T 277.220 2 3728 5969 113
T 277.220 6 3727 5968 113
T 277.220 4 3727 5968 113
T 277.220 5 3727 5969 113
T 277.220 7 3727 5968 113
T 277.220 8 3727 5970 113
T 277.221 1 3727 5968 113
T 277.245 2 3729 5969 113
T 277.246 6 3728 5968 113
T 277.246 4 3728 5968 113
T 277.246 5 3728 5969 113
T 277.246 7 3728 5968 113
T 277.246 8 3728 5970 113
T 277.246 1 3728 5968 113
T 277.270 6 3729 5968 113
T 277.270 4 3729 5968 113
T 277.271 5 3729 5969 113
T 277.271 7 3729 5968 113
T 277.271 8 3729 5970 113
T 277.271 1 3729 5968 113
P 277.844 6
F 277.845 6 114
P 277.845 7
F 277.847 7 114
P 277.847 8
P 277.848 1
F 277.849 8 114
P 277.849 2
F 277.850 1 114
P 277.851 3
F 277.853 2 114
P 277.853 5
F 277.854 3 114
P 277.855 4
F 277.857 5 114
F 277.860 4 114
T 278.365 2 3730 6022 114
T 278.474 2 3731 6022 114
T 278.474 6 3730 6021 114
T 278.474 4 3730 6021 114
T 278.474 5 3730 6022 114
T 278.474 7 3730 6021 114
T 278.474 8 3730 6023 114
T 278.475 1 3730 6021 114
T 278.497 2 3732 6022 114
T 278.498 6 3731 6021 114
T 278.498 4 3731 6021 114
T 278.498 5 3731 6022 114
T 278.498 7 3731 6021 114
T 278.498 8 3731 6023 114
T 278.498 1 3731 6021 114
T 278.522 2 3733 6022 114
T 278.523 6 3732 6021 114
T 278.523 4 3732 6021 114
T 278.523 5 3732 6022 114
T 278.523 7 3732 6021 114
T 278.523 8 3732 6023 114
T 278.523 1 3732 6021 114
T 278.547 2 3734 6022 114
T 278.548 6 3733 6021 114
T 278.548 4 3733 6021 114
T 278.548 5 3733 6022 114
T 278.548 7 3733 6021 114
T 278.548 8 3733 6023 114
T 278.548 1 3733 6021 114
T 278.573 2 3735 6022 114
T 278.573 6 3734 6021 114
T 278.573 4 3734 6021 114
T 278.573 5 3734 6022 114
T 278.573 7 3734 6021 114
T 278.573 8 3734 6023 114
T 278.574 1 3734 6021 114
T 278.598 2 3736 6022 114
T 278.598 6 3735 6021 114
T 278.598 4 3735 6021 114
T 278.598 5 3735 6022 114
T 278.599 7 3735 6021 114
T 278.599 8 3735 6023 114
T 278.599 1 3735 6021 114
T 278.623 2 3737 6022 114
T 278.623 6 3736 6021 114
T 278.623 4 3736 6021 114
T 278.623 5 3736 6022 114
T 278.623 7 3736 6021 114
T 278.624 8 3736 6023 114
T 278.624 1 3736 6021 114
T 278.648 2 3738 6022 114
T 278.648 6 3737 6021 114
T 278.648 4 3737 6021 114
T 278.648 5 3737 6022 114
T 278.649 7 3737 6021 114
T 278.649 8 3737 6023 114
T 278.649 1 3737 6021 114
T 278.673 2 3739 6022 114
T 278.673 6 3738 6021 114
T 278.674 4 3738 6021 114
T 278.674 5 3738 6022 114
T 278.674 7 3738 6021 114
T 278.674 8 3738 6023 114
T 278.674 1 3738 6021 114
T 278.698 2 3740 6022 114
T 278.698 6 3739 6021 114
T 278.699 4 3739 6021 114
T 278.699 5 3739 6022 114
T 278.699 7 3739 6021 114
T 278.699 8 3739 6023 114
T 278.699 1 3739 6021 114
T 278.723 2 3741 6022 114
T 278.724 6 3740 6021 114
T 278.724 4 3740 6021 114
T 278.724 5 3740 6022 114
T 278.724 7 3740 6021 114
T 278.724 8 3740 6023 114
T 278.724 1 3740 6021 114
T 278.749 2 3742 6022 114
T 278.749 6 3741 6021 114
T 278.749 4 3741 6021 114
T 278.749 5 3741 6022 114
T 278.749 7 3741 6021 114
T 278.750 8 3741 6023 114
T 278.750 1 3741 6021 114
T 278.774 2 3743 6022 114
T 278.774 6 3742 6021 114
T 278.774 4 3742 6021 114
T 278.774 5 3742 6022 114
T 278.774 7 3742 6021 114
T 278.774 8 3742 6023 114
T 278.775 1 3742 6021 114
T 278.799 2 3744 6022 114
T 278.799 6 3743 6021 114
T 278.799 4 3743 6021 114
T 278.799 5 3743 6022 114
T 278.800 7 3743 6021 114
T 278.800 8 3743 6023 114
T 278.800 1 3743 6021 114
T 278.824 2 3745 6022 114
T 278.824 6 3744 6021 114
T 278.825 4 3744 6021 114
T 278.825 5 3744 6022 114
T 278.825 7 3744 6021 114
T 278.825 8 3744 6023 114
T 278.825 1 3744 6021 114
T 278.849 2 3746 6022 114
T 278.850 6 3745 6021 114
T 278.850 4 3745 6021 114
T 278.850 5 3745 6022 114
T 278.850 7 3745 6021 114
T 278.850 8 3745 6023 114
T 278.850 1 3745 6021 114
T 278.875 2 3747 6022 114
T 278.875 6 3746 6021 114
T 278.875 4 3746 6021 114
T 278.875 5 3746 6022 114
T 278.875 7 3746 6021 114
T 278.875 8 3746 6023 114
T 278.876 1 3746 6021 114
T 278.900 2 3748 6022 114
T 278.900 6 3747 6021 114
T 278.900 4 3747 6021 114
T 278.900 5 3747 6022 114
T 278.901 7 3747 6021 114
T 278.901 8 3747 6023 114
T 278.901 1 3747 6021 114
T 278.925 2 3749 6022 114
T 278.925 6 3748 6021 114
T 278.926 4 3748 6021 114
T 278.926 5 3748 6022 114
T 278.926 7 3748 6021 114
T 278.926 8 3748 6023 114
T 278.926 1 3748 6021 114
T 278.951 2 3750 6022 114
T 278.951 6 3749 6021 114
T 278.951 4 3749 6021 114
T 278.951 5 3749 6022 114
T 278.951 7 3749 6021 114
T 278.951 8 3749 6023 114
T 278.952 1 3749 6021 114
T 278.976 2 3751 6022 114
T 278.976 6 3750 6021 114
T 278.976 4 3750 6021 114
T 278.976 5 3750 6022 114
T 278.977 7 3750 6021 114
T 278.977 8 3750 6023 114
T 278.977 1 3750 6021 114
T 279.001 2 3752 6022 114
T 279.001 6 3751 6021 114
T 279.001 4 3751 6021 114
T 279.001 5 3751 6022 114
T 279.002 7 3751 6021 114
T 279.002 8 3751 6023 114
T 279.002 1 3751 6021 114
T 279.026 2 3753 6022 114
T 279.026 6 3752 6021 114
T 279.026 4 3752 6021 114
T 279.026 5 3752 6022 114
T 279.027 7 3752 6021 114
T 279.027 8 3752 6023 114
T 279.027 1 3752 6021 114
T 279.051 2 3754 6022 114
T 279.051 6 3753 6021 114
T 279.052 4 3753 6021 114
T 279.052 5 3753 6022 114
T 279.052 7 3753 6021 114
T 279.052 8 3753 6023 114
T 279.052 1 3753 6021 114
T 279.077 2 3755 6022 114
T 279.077 6 3754 6021 114
T 279.077 4 3754 6021 114
T 279.077 5 3754 6022 114
T 279.078 7 3754 6021 114
T 279.078 8 3754 6023 114
T 279.078 1 3754 6021 114
T 279.102 2 3756 6022 114
T 279.102 6 3755 6021 114
T 279.103 4 3755 6021 114
T 279.103 5 3755 6022 114
T 279.103 7 3755 6021 114
T 279.103 8 3755 6023 114
T 279.103 1 3755 6021 114
T 279.128 2 3757 6022 114
T 279.128 6 3756 6021 114
T 279.128 4 3756 6021 114
T 279.128 5 3756 6022 114
T 279.129 7 3756 6021 114
T 279.129 8 3756 6023 114
T 279.129 1 3756 6021 114
T 279.154 2 3758 6022 114
T 279.154 6 3757 6021 114
T 279.154 4 3757 6021 114
T 279.154 5 3757 6022 114
T 279.154 7 3757 6021 114
T 279.155 8 3757 6023 114
T 279.155 1 3757 6021 114
T 279.180 2 3759 6022 114
T 279.180 6 3758 6021 114
T 279.180 4 3758 6021 114
T 279.180 5 3758 6022 114
T 279.180 7 3758 6021 114
T 279.181 8 3758 6023 114
T 279.181 1 3758 6021 114
T 279.205 2 3760 6022 114
T 279.205 6 3759 6021 114
T 279.206 4 3759 6021 114
T 279.206 5 3759 6022 114
T 279.206 7 3759 6021 114
T 279.206 8 3759 6023 114
T 279.206 1 3759 6021 114
T 279.231 2 3761 6022 114
T 279.231 6 3760 6021 114
T 279.231 4 3760 6021 114
T 279.232 5 3760 6022 114
T 279.232 7 3760 6021 114
T 279.232 8 3760 6023 114
T 279.232 1 3760 6021 114
T 279.257 2 3762 6022 114
T 279.257 6 3761 6021 114
T 279.257 4 3761 6021 114
T 279.258 5 3761 6022 114
T 279.258 7 3761 6021 114
T 279.258 8 3761 6023 114
T 279.258 1 3761 6021 114
T 279.282 6 3762 6021 114
T 279.282 4 3762 6021 114
T 279.283 5 3762 6022 114
T 279.283 7 3762 6021 114
T 279.283 8 3762 6023 114
T 279.283 1 3762 6021 114
P 279.846 4
P 279.846 6
F 279.846 4 115
P 279.847 7
F 279.847 6 115
P 279.848 8
P 279.849 1
P 279.849 2
F 279.850 7 115
P 279.850 3
F 279.851 8 115
P 279.851 5
F 279.852 1 115
F 279.854 2 115
F 279.859 3 115
F 279.860 5 115
T 280.372 4 3763 6074 115
T 280.479 4 3764 6074 115
T 280.480 2 3763 6075 115
T 280.480 6 3763 6074 115
T 280.480 5 3763 6075 115
T 280.480 7 3763 6074 115
T 280.480 8 3763 6076 115
T 280.481 1 3763 6074 115
T 280.504 4 3765 6074 115
T 280.504 2 3764 6075 115
T 280.504 6 3764 6074 115
T 280.504 5 3764 6075 115
T 280.504 7 3764 6074 115
T 280.505 8 3764 6076 115
T 280.505 1 3764 6074 115
T 280.529 4 3766 6074 115
T 280.529 2 3765 6075 115
T 280.529 6 3765 6074 115
T 280.529 5 3765 6075 115
T 280.529 7 3765 6074 115
T 280.530 8 3765 6076 115
T 280.530 1 3765 6074 115
T 280.554 4 3767 6074 115
T 280.554 2 3766 6075 115
T 280.554 6 3766 6074 115
T 280.555 5 3766 6075 115
T 280.555 7 3766 6074 115
T 280.555 8 3766 6076 115
T 280.555 1 3766 6074 115
T 280.579 4 3768 6074 115
T 280.579 2 3767 6075 115
T 280.579 6 3767 6074 115
T 280.580 5 3767 6075 115
T 280.580 7 3767 6074 115
T 280.580 8 3767 6076 115
T 280.580 1 3767 6074 115
T 280.604 4 3769 6074 115
T 280.604 2 3768 6075 115
T 280.605 6 3768 6074 115
T 280.605 5 3768 6075 115
T 280.605 7 3768 6074 115
T 280.605 8 3768 6076 115
T 280.605 1 3768 6074 115
T 280.629 4 3770 6074 115
T 280.629 2 3769 6075 115
T 280.629 6 3769 6074 115
T 280.630 5 3769 6075 115
T 280.630 7 3769 6074 115
T 280.630 8 3769 6076 115
T 280.630 1 3769 6074 115
T 280.655 4 3771 6074 115
T 280.655 2 3770 6075 115
T 280.655 6 3770 6074 115
T 280.655 5 3770 6075 115
T 280.656 7 3770 6074 115
T 280.656 8 3770 6076 115
T 280.656 1 3770 6074 115
T 280.680 4 3772 6074 115
T 280.680 2 3771 6075 115
T 280.680 6 3771 6074 115
T 280.680 5 3771 6075 115
T 280.680 7 3771 6074 115
T 280.681 8 3771 6076 115
T 280.681 1 3771 6074 115
T 280.705 4 3773 6074 115
T 280.705 2 3772 6075 115
T 280.705 6 3772 6074 115
T 280.705 5 3772 6075 115
T 280.705 7 3772 6074 115
T 280.706 8 3772 6076 115
T 280.706 1 3772 6074 115
T 280.730 4 3774 6074 115
T 280.730 2 3773 6075 115
T 280.730 6 3773 6074 115
T 280.730 5 3773 6075 115
T 280.731 7 3773 6074 115
T 280.731 8 3773 6076 115
T 280.731 1 3773 6074 115
T 280.755 4 3775 6074 115
T 280.755 2 3774 6075 115
T 280.756 6 3774 6074 115
T 280.756 5 3774 6075 115
T 280.756 7 3774 6074 115
T 280.756 8 3774 6076 115
T 280.756 1 3774 6074 115
T 280.781 4 3776 6074 115
T 280.781 2 3775 6075 115
T 280.781 6 3775 6074 115
T 280.781 5 3775 6075 115
T 280.781 7 3775 6074 115
T 280.782 8 3775 6076 115
T 280.782 1 3775 6074 115
T 280.806 4 3777 6074 115
T 280.807 2 3776 6075 115
T 280.807 6 3776 6074 115
T 280.807 5 3776 6075 115
T 280.807 7 3776 6074 115
T 280.807 8 3776 6076 115
T 280.808 1 3776 6074 115
T 280.832 4 3778 6074 115
T 280.832 2 3777 6075 115
T 280.832 6 3777 6074 115
T 280.832 5 3777 6075 115
T 280.832 7 3777 6074 115
T 280.833 8 3777 6076 115
T 280.833 1 3777 6074 115
T 280.857 4 3779 6074 115
T 280.857 2 3778 6075 115
T 280.857 6 3778 6074 115
T 280.857 5 3778 6075 115
T 280.858 7 3778 6074 115
T 280.858 8 3778 6076 115
T 280.858 1 3778 6074 115
T 280.882 4 3780 6074 115
T 280.882 2 3779 6075 115
T 280.883 6 3779 6074 115
T 280.883 5 3779 6075 115
T 280.883 7 3779 6074 115
T 280.883 8 3779 6076 115
T 280.883 1 3779 6074 115
T 280.908 4 3781 6074 115
T 280.908 2 3780 6075 115
T 280.908 6 3780 6074 115
T 280.908 5 3780 6075 115
T 280.908 7 3780 6074 115
T 280.908 8 3780 6076 115
T 280.909 1 3780 6074 115
T 280.933 4 3782 6074 115
T 280.933 2 3781 6075 115
T 280.933 6 3781 6074 115
T 280.933 5 3781 6075 115
T 280.933 7 3781 6074 115
T 280.934 8 3781 6076 115
T 280.934 1 3781 6074 115
T 280.958 4 3783 6074 115
T 280.959 2 3782 6075 115
T 280.959 6 3782 6074 115
T 280.959 5 3782 6075 115
T 280.959 7 3782 6074 115
T 280.959 8 3782 6076 115
T 280.959 1 3782 6074 115
T 280.984 4 3784 6074 115
T 280.984 2 3783 6075 115
T 280.984 6 3783 6074 115
T 280.984 5 3783 6075 115
T 280.984 7 3783 6074 115
T 280.985 8 3783 6076 115
T 280.985 1 3783 6074 115
T 281.008 4 3785 6074 115
T 281.009 2 3784 6075 115
T 281.009 6 3784 6074 115
T 281.009 5 3784 6075 115
T 281.009 7 3784 6074 115
T 281.009 8 3784 6076 115
T 281.009 1 3784 6074 115
T 281.034 4 3786 6074 115
T 281.034 2 3785 6075 115
T 281.034 6 3785 6074 115
T 281.034 5 3785 6075 115
T 281.034 7 3785 6074 115
T 281.034 8 3785 6076 115
T 281.035 1 3785 6074 115
T 281.059 4 3787 6074 115
T 281.059 2 3786 6075 115
T 281.059 6 3786 6074 115
T 281.059 5 3786 6075 115
T 281.060 7 3786 6074 115
T 281.060 8 3786 6076 115
T 281.060 1 3786 6074 115
T 281.084 4 3788 6074 115
T 281.085 2 3787 6075 115
T 281.085 6 3787 6074 115
T 281.085 5 3787 6075 115
T 281.085 7 3787 6074 115
T 281.085 8 3787 6076 115
T 281.085 1 3787 6074 115
T 281.110 4 3789 6074 115
T 281.110 2 3788 6075 115
T 281.110 6 3788 6074 115
T 281.110 5 3788 6075 115
T 281.110 7 3788 6074 115
T 281.111 8 3788 6076 115
T 281.111 1 3788 6074 115
T 281.135 4 3790 6074 115
T 281.136 2 3789 6075 115
T 281.136 6 3789 6074 115
T 281.136 5 3789 6075 115
T 281.136 7 3789 6074 115
T 281.136 8 3789 6076 115
T 281.136 1 3789 6074 115
T 281.161 4 3791 6074 115
T 281.162 2 3790 6075 115
T 281.162 6 3790 6074 115
T 281.162 5 3790 6075 115
T 281.162 7 3790 6074 115
T 281.162 8 3790 6076 115
T 281.163 1 3790 6074 115
T 281.187 4 3792 6074 115
T 281.188 2 3791 6075 115
T 281.188 6 3791 6074 115
T 281.188 5 3791 6075 115
T 281.188 7 3791 6074 115
T 281.188 8 3791 6076 115
T 281.188 1 3791 6074 115
T 281.213 4 3793 6074 115
T 281.213 2 3792 6075 115
T 281.213 6 3792 6074 115
T 281.214 5 3792 6075 115
T 281.214 7 3792 6074 115
T 281.214 8 3792 6076 115
T 281.214 1 3792 6074 115
T 281.239 4 3794 6074 115
T 281.239 2 3793 6075 115
T 281.239 6 3793 6074 115
T 281.240 5 3793 6075 115
T 281.240 7 3793 6074 115
T 281.240 8 3793 6076 115
T 281.240 1 3793 6074 115
T 281.265 4 3795 6074 115
T 281.265 2 3794 6075 115
T 281.265 6 3794 6074 115
T 281.265 5 3794 6075 115
T 281.265 7 3794 6074 115
T 281.265 8 3794 6076 115
T 281.266 1 3794 6074 115
T 281.290 2 3795 6075 115
T 281.290 6 3795 6074 115
T 281.290 5 3795 6075 115
T 281.291 7 3795 6074 115
T 281.291 8 3795 6076 115
T 281.291 1 3795 6074 115
P 281.849 3
F 281.849 3 116
P 281.849 5
F 281.851 5 116
P 281.851 4
F 281.852 4 116
P 281.853 6
F 281.855 6 116
P 281.855 7
F 281.857 7 116
P 281.858 8
F 281.860 8 116
P 281.860 1
F 281.862 1 116
P 281.863 2
F 281.867 2 116
T 282.369 7 3796 6127 116
T 282.532 7 3797 6127 116
T 282.532 4 3796 6127 116
T 282.532 6 3796 6127 116
T 282.532 5 3796 6128 116
T 282.533 8 3796 6129 116
T 282.533 1 3796 6127 116
T 282.559 7 3798 6127 116
T 282.560 4 3797 6127 116
T 282.560 6 3797 6127 116
T 282.560 5 3797 6128 116
T 282.560 8 3797 6129 116
T 282.560 1 3797 6127 116
T 282.560 2 3796 6128 116
T 282.584 7 3799 6127 116
T 282.584 4 3798 6127 116
T 282.584 6 3798 6127 116
T 282.584 5 3798 6128 116
T 282.585 8 3798 6129 116
T 282.585 1 3798 6127 116
T 282.585 2 3797 6128 116
T 282.609 7 3800 6127 116
T 282.609 4 3799 6127 116
T 282.609 6 3799 6127 116
T 282.609 5 3799 6128 116
T 282.609 8 3799 6129 116
T 282.610 1 3799 6127 116
T 282.610 2 3798 6128 116
T 282.634 7 3801 6127 116
T 282.634 4 3800 6127 116
T 282.634 6 3800 6127 116
T 282.634 5 3800 6128 116
T 282.635 8 3800 6129 116
T 282.635 1 3800 6127 116
T 282.635 2 3799 6128 116
T 282.659 7 3802 6127 116
T 282.659 4 3801 6127 116
T 282.660 6 3801 6127 116
T 282.660 5 3801 6128 116
T 282.660 8 3801 6129 116
T 282.660 1 3801 6127 116
T 282.660 2 3800 6128 116
T 282.685 7 3803 6127 116
T 282.685 4 3802 6127 116
T 282.685 6 3802 6127 116
T 282.685 5 3802 6128 116
T 282.685 8 3802 6129 116
T 282.685 1 3802 6127 116
T 282.686 2 3801 6128 116
T 282.710 7 3804 6127 116
T 282.710 4 3803 6127 116
T 282.710 6 3803 6127 116
T 282.710 5 3803 6128 116
T 282.710 8 3803 6129 116
T 282.711 1 3803 6127 116
T 282.711 2 3802 6128 116
T 282.735 7 3805 6127 116
T 282.735 4 3804 6127 116
T 282.736 6 3804 6127 116
T 282.736 5 3804 6128 116
T 282.736 8 3804 6129 116
T 282.736 1 3804 6127 116
T 282.736 2 3803 6128 116
T 282.761 7 3806 6127 116
T 282.761 4 3805 6127 116
T 282.761 6 3805 6127 116
T 282.761 5 3805 6128 116
T 282.761 8 3805 6129 116
T 282.761 1 3805 6127 116
T 282.762 2 3804 6128 116
T 282.786 7 3807 6127 116
T 282.786 4 3806 6127 116
T 282.786 6 3806 6127 116
T 282.786 5 3806 6128 116
T 282.786 8 3806 6129 116
T 282.787 1 3806 6127 116
T 282.787 2 3805 6128 116
T 282.811 7 3808 6127 116
T 282.811 4 3807 6127 116
T 282.811 6 3807 6127 116
T 282.811 5 3807 6128 116
T 282.812 8 3807 6129 116
T 282.812 1 3807 6127 116
T 282.812 2 3806 6128 116
T 282.837 7 3809 6127 116
T 282.837 4 3808 6127 116
T 282.837 6 3808 6127 116
T 282.837 5 3808 6128 116
T 282.837 8 3808 6129 116
T 282.838 1 3808 6127 116
T 282.838 2 3807 6128 116
T 282.862 7 3810 6127 116
T 282.862 4 3809 6127 116
T 282.862 6 3809 6127 116
T 282.862 5 3809 6128 116
T 282.863 8 3809 6129 116
T 282.863 1 3809 6127 116
T 282.863 2 3808 6128 116
T 282.887 7 3811 6127 116
T 282.887 4 3810 6127 116
T 282.888 6 3810 6127 116
T 282.888 5 3810 6128 116
T 282.888 8 3810 6129 116
T 282.888 1 3810 6127 116
T 282.888 2 3809 6128 116
T 282.913 7 3812 6127 116
T 282.913 4 3811 6127 116
T 282.913 6 3811 6127 116
T 282.913 5 3811 6128 116
T 282.913 8 3811 6129 116
T 282.913 1 3811 6127 116
T 282.913 2 3810 6128 116
T 282.938 7 3813 6127 116
T 282.938 4 3812 6127 116
T 282.938 6 3812 6127 116
T 282.938 5 3812 6128 116
T 282.939 8 3812 6129 116
T 282.939 1 3812 6127 116
T 282.939 2 3811 6128 116
T 282.963 7 3814 6127 116
T 282.963 4 3813 6127 116
T 282.963 6 3813 6127 116
T 282.964 5 3813 6128 116
T 282.964 8 3813 6129 116
T 282.964 1 3813 6127 116
T 282.964 2 3812 6128 116
T 282.989 7 3815 6127 116
T 282.989 4 3814 6127 116
T 282.989 6 3814 6127 116
T 282.989 5 3814 6128 116
T 282.989 8 3814 6129 116
T 282.989 1 3814 6127 116
T 282.990 2 3813 6128 116
T 283.014 7 3816 6127 116
T 283.014 4 3815 6127 116
T 283.014 6 3815 6127 116
T 283.014 5 3815 6128 116
T 283.015 8 3815 6129 116
T 283.015 1 3815 6127 116
T 283.015 2 3814 6128 116
T 283.039 7 3817 6127 116
T 283.040 4 3816 6127 116
T 283.040 6 3816 6127 116
T 283.040 5 3816 6128 116
T 283.040 8 3816 6129 116
T 283.040 1 3816 6127 116
T 283.040 2 3815 6128 116
T 283.065 7 3818 6127 116
T 283.065 4 3817 6127 116
T 283.065 6 3817 6127 116
T 283.065 5 3817 6128 116
T 283.065 8 3817 6129 116
T 283.065 1 3817 6127 116
T 283.066 2 3816 6128 116
T 283.090 7 3819 6127 116
T 283.090 4 3818 6127 116
T 283.090 6 3818 6127 116
T 283.090 5 3818 6128 116
T 283.091 8 3818 6129 116
T 283.091 1 3818 6127 116
T 283.091 2 3817 6128 116
T 283.115 7 3820 6127 116
T 283.115 4 3819 6127 116
T 283.116 6 3819 6127 116
T 283.116 5 3819 6128 116
T 283.116 8 3819 6129 116
T 283.116 1 3819 6127 116
T 283.116 2 3818 6128 116
T 283.141 7 3821 6127 116
T 283.141 4 3820 6127 116
T 283.141 6 3820 6127 116
T 283.141 5 3820 6128 116
T 283.141 8 3820 6129 116
T 283.141 1 3820 6127 116
T 283.142 2 3819 6128 116
T 283.166 7 3822 6127 116
T 283.166 4 3821 6127 116
T 283.167 6 3821 6127 116
T 283.167 5 3821 6128 116
T 283.167 8 3821 6129 116
T 283.167 1 3821 6127 116
T 283.167 2 3820 6128 116
T 283.192 7 3823 6127 116
T 283.192 4 3822 6127 116
T 283.192 6 3822 6127 116
T 283.193 5 3822 6128 116
T 283.193 8 3822 6129 116
T 283.193 1 3822 6127 116
T 283.193 2 3821 6128 116
T 283.218 7 3824 6127 116
T 283.218 4 3823 6127 116
T 283.218 6 3823 6127 116
T 283.219 5 3823 6128 116
T 283.219 8 3823 6129 116
T 283.219 1 3823 6127 116
T 283.219 2 3822 6128 116
T 283.244 7 3825 6127 116
T 283.244 4 3824 6127 116
T 283.244 6 3824 6127 116
T 283.244 5 3824 6128 116
T 283.244 8 3824 6129 116
T 283.245 1 3824 6127 116
T 283.245 2 3823 6128 116
T 283.270 7 3826 6127 116
T 283.270 4 3825 6127 116
T 283.270 6 3825 6127 116
T 283.270 5 3825 6128 116
T 283.270 8 3825 6129 116
T 283.271 1 3825 6127 116
T 283.271 2 3824 6128 116
T 283.296 7 3827 6127 116
T 283.296 4 3826 6127 116
T 283.297 6 3826 6127 116
T 283.297 5 3826 6128 116
T 283.297 8 3826 6129 116
T 283.297 1 3826 6127 116
T 283.297 2 3825 6128 116
T 283.322 7 3828 6127 116
T 283.322 4 3827 6127 116
T 283.322 6 3827 6127 116
T 283.322 5 3827 6128 116
T 283.322 8 3827 6129 116
T 283.323 1 3827 6127 116
T 283.323 2 3826 6128 116
T 283.348 4 3828 6127 116
T 283.348 6 3828 6127 116
T 283.348 5 3828 6128 116
T 283.349 8 3828 6129 116
T 283.349 1 3828 6127 116
T 283.349 2 3827 6128 116
T 283.368 2 3828 6128 116
P 283.849 5
F 283.849 5 117
P 283.849 4
F 283.851 4 117
F 283.852 6 117
P 283.852 6
P 283.854 7
F 283.854 7 117
P 283.855 8
F 283.855 8 117
P 283.860 1
P 283.861 2
P 283.861 3
F 283.864 1 117
F 283.865 2 117
F 283.866 3 117
T 284.245 4 3829 6180 117
T 284.298 4 3830 6180 117
T 284.298 5 3829 6181 117
T 284.359 4 3831 6180 117
T 284.360 5 3830 6181 117
T 284.360 1 3829 6180 117
T 284.436 4 3832 6180 117
T 284.437 5 3831 6181 117
T 284.437 1 3830 6180 117
T 284.437 7 3829 6180 117
T 284.437 6 3829 6180 117
T 284.438 8 3829 6182 117
T 284.438 2 3829 6181 117
T 284.461 4 3833 6180 117
T 284.461 5 3832 6181 117
T 284.462 1 3831 6180 117
T 284.462 7 3830 6180 117
T 284.462 6 3830 6180 117
T 284.462 8 3830 6182 117
T 284.462 2 3830 6181 117
T 284.486 4 3834 6180 117
T 284.486 5 3833 6181 117
T 284.486 1 3832 6180 117
T 284.487 7 3831 6180 117
T 284.487 6 3831 6180 117
T 284.487 8 3831 6182 117
T 284.487 2 3831 6181 117
T 284.511 4 3835 6180 117
T 284.511 5 3834 6181 117
T 284.512 1 3833 6180 117
T 284.512 7 3832 6180 117
T 284.512 6 3832 6180 117
T 284.512 8 3832 6182 117
T 284.512 2 3832 6181 117
T 284.536 4 3836 6180 117
T 284.536 5 3835 6181 117
T 284.537 1 3834 6180 117
T 284.537 7 3833 6180 117
T 284.537 6 3833 6180 117
T 284.537 8 3833 6182 117
T 284.537 2 3833 6181 117
T 284.562 4 3837 6180 117
T 284.562 5 3836 6181 117
T 284.562 1 3835 6180 117
T 284.562 7 3834 6180 117
T 284.562 6 3834 6180 117
T 284.563 8 3834 6182 117
T 284.563 2 3834 6181 117
T 284.587 4 3838 6180 117
T 284.587 5 3837 6181 117
T 284.587 1 3836 6180 117
T 284.587 7 3835 6180 117
T 284.588 6 3835 6180 117
T 284.588 8 3835 6182 117
T 284.588 2 3835 6181 117
T 284.612 4 3839 6180 117
T 284.612 5 3838 6181 117
T 284.613 1 3837 6180 117
T 284.613 7 3836 6180 117
T 284.613 6 3836 6180 117
T 284.613 8 3836 6182 117
T 284.613 2 3836 6181 117
T 284.638 4 3840 6180 117
T 284.638 5 3839 6181 117
T 284.638 1 3838 6180 117
T 284.638 7 3837 6180 117
T 284.638 6 3837 6180 117
T 284.638 8 3837 6182 117
T 284.638 2 3837 6181 117
T 284.663 4 3841 6180 117
T 284.663 5 3840 6181 117
T 284.663 1 3839 6180 117
T 284.663 7 3838 6180 117
T 284.663 6 3838 6180 117
T 284.663 8 3838 6182 117
T 284.664 2 3838 6181 117
T 284.688 4 3842 6180 117
T 284.688 5 3841 6181 117
T 284.688 1 3840 6180 117
T 284.689 7 3839 6180 117
T 284.689 6 3839 6180 117
T 284.689 8 3839 6182 117
T 284.689 2 3839 6181 117
T 284.713 4 3843 6180 117
T 284.713 5 3842 6181 117
T 284.713 1 3841 6180 117
T 284.714 7 3840 6180 117
T 284.714 6 3840 6180 117
T 284.714 8 3840 6182 117
T 284.714 2 3840 6181 117
T 284.738 4 3844 6180 117
T 284.739 5 3843 6181 117
T 284.739 1 3842 6180 117
T 284.739 7 3841 6180 117
T 284.739 6 3841 6180 117
T 284.739 8 3841 6182 117
T 284.739 2 3841 6181 117
T 284.764 4 3845 6180 117
T 284.764 5 3844 6181 117
T 284.764 1 3843 6180 117
T 284.764 7 3842 6180 117
T 284.764 6 3842 6180 117
T 284.764 8 3842 6182 117
T 284.765 2 3842 6181 117
T 284.789 4 3846 6180 117
T 284.789 5 3845 6181 117
T 284.789 1 3844 6180 117
T 284.789 7 3843 6180 117
T 284.790 6 3843 6180 117
T 284.790 8 3843 6182 117
T 284.790 2 3843 6181 117
T 284.814 4 3847 6180 117
T 284.815 5 3846 6181 117
T 284.815 1 3845 6180 117
T 284.815 7 3844 6180 117
T 284.815 6 3844 6180 117
T 284.815 8 3844 6182 117
T 284.815 2 3844 6181 117
T 284.840 4 3848 6180 117
T 284.840 5 3847 6181 117
T 284.840 1 3846 6180 117
T 284.841 7 3845 6180 117
T 284.841 6 3845 6180 117
T 284.841 8 3845 6182 117
T 284.841 2 3845 6181 117
T 284.865 4 3849 6180 117
T 284.865 5 3848 6181 117
T 284.866 1 3847 6180 117
T 284.866 7 3846 6180 117
T 284.866 6 3846 6180 117
T 284.866 8 3846 6182 117
T 284.866 2 3846 6181 117
T 284.891 4 3850 6180 117
T 284.891 5 3849 6181 117
T 284.891 1 3848 6180 117
T 284.891 7 3847 6180 117
T 284.891 6 3847 6180 117
T 284.891 8 3847 6182 117
T 284.891 2 3847 6181 117
T 284.916 4 3851 6180 117
T 284.916 5 3850 6181 117
T 284.916 1 3849 6180 117
T 284.916 7 3848 6180 117
T 284.916 6 3848 6180 117
T 284.916 8 3848 6182 117
T 284.917 2 3848 6181 117
T 284.941 4 3852 6180 117
T 284.941 5 3851 6181 117
T 284.941 1 3850 6180 117
T 284.941 7 3849 6180 117
T 284.942 6 3849 6180 117
T 284.942 8 3849 6182 117
T 284.942 2 3849 6181 117
T 284.966 4 3853 6180 117
T 284.967 5 3852 6181 117
T 284.967 1 3851 6180 117
T 284.967 7 3850 6180 117
T 284.967 6 3850 6180 117
T 284.967 8 3850 6182 117
T 284.967 2 3850 6181 117
T 284.992 4 3854 6180 117
T 284.992 5 3853 6181 117
T 284.992 1 3852 6180 117
T 284.992 7 3851 6180 117
T 284.993 6 3851 6180 117
T 284.993 8 3851 6182 117
T 284.993 2 3851 6181 117
T 285.017 4 3855 6180 117
T 285.017 5 3854 6181 117
T 285.017 1 3853 6180 117
T 285.018 7 3852 6180 117
T 285.018 6 3852 6180 117
T 285.018 8 3852 6182 117
T 285.018 2 3852 6181 117
T 285.043 4 3856 6180 117
T 285.043 5 3855 6181 117
T 285.043 1 3854 6180 117
T 285.043 7 3853 6180 117
T 285.043 6 3853 6180 117
T 285.043 8 3853 6182 117
T 285.043 2 3853 6181 117
T 285.068 4 3857 6180 117
T 285.069 5 3856 6181 117
T 285.069 1 3855 6180 117
T 285.069 7 3854 6180 117
T 285.069 6 3854 6180 117
T 285.069 8 3854 6182 117
T 285.069 2 3854 6181 117
T 285.094 4 3858 6180 117
T 285.094 5 3857 6181 117
T 285.094 1 3856 6180 117
T 285.095 7 3855 6180 117
T 285.095 6 3855 6180 117
T 285.095 8 3855 6182 117
T 285.095 2 3855 6181 117
T 285.120 4 3859 6180 117
T 285.120 5 3858 6181 117
T 285.120 1 3857 6180 117
T 285.121 7 3856 6180 117
T 285.121 6 3856 6180 117
T 285.121 8 3856 6182 117
T 285.121 2 3856 6181 117
T 285.146 4 3860 6180 117
T 285.146 5 3859 6181 117
T 285.146 1 3858 6180 117
T 285.146 7 3857 6180 117
T 285.147 6 3857 6180 117
T 285.147 8 3857 6182 117
T 285.147 2 3857 6181 117
T 285.172 4 3861 6180 117
T 285.172 5 3860 6181 117
T 285.172 1 3859 6180 117
T 285.173 7 3858 6180 117
T 285.173 6 3858 6180 117
T 285.173 8 3858 6182 117
T 285.173 2 3858 6181 117
T 285.198 5 3861 6181 117
T 285.198 1 3860 6180 117
T 285.198 7 3859 6180 117
T 285.199 6 3859 6180 117
T 285.199 8 3859 6182 117
T 285.199 2 3859 6181 117
T 285.224 1 3861 6180 117
T 285.224 7 3860 6180 117
T 285.224 6 3860 6180 117
T 285.224 8 3860 6182 117
T 285.225 2 3860 6181 117
T 285.247 7 3861 6180 117
T 285.247 6 3861 6180 117
T 285.247 8 3861 6182 117
T 285.247 2 3861 6181 117
P 285.849 6
F 285.849 6 118
P 285.850 7
P 285.851 8
P 285.851 1
P 285.852 2
F 285.852 7 118
P 285.852 3
F 285.854 8 118
P 285.854 5
P 285.855 4
F 285.854 1 118
F 285.858 2 118
F 285.860 3 118
F 285.861 5 118
F 285.862 4 118
T 286.368 2 3862 6234 118
T 286.476 2 3863 6234 118
T 286.477 4 3862 6233 118
T 286.477 5 3862 6234 118
T 286.478 1 3862 6233 118
T 286.478 7 3862 6233 118
T 286.478 6 3862 6233 118
T 286.478 8 3862 6235 118
T 286.501 2 3864 6234 118
T 286.501 4 3863 6233 118
T 286.501 5 3863 6234 118
T 286.501 1 3863 6233 118
T 286.502 7 3863 6233 118
T 286.502 6 3863 6233 118
T 286.502 8 3863 6235 118
T 286.525 2 3865 6234 118
T 286.525 4 3864 6233 118
T 286.526 5 3864 6234 118
T 286.526 1 3864 6233 118
T 286.526 7 3864 6233 118
T 286.526 6 3864 6233 118
T 286.526 8 3864 6235 118
T 286.551 2 3866 6234 118
T 286.551 4 3865 6233 118
T 286.551 5 3865 6234 118
T 286.551 1 3865 6233 118
T 286.552 7 3865 6233 118
T 286.552 6 3865 6233 118
T 286.552 8 3865 6235 118
T 286.576 2 3867 6234 118
T 286.576 4 3866 6233 118
T 286.576 5 3866 6234 118
T 286.577 1 3866 6233 118
T 286.577 7 3866 6233 118
T 286.577 6 3866 6233 118
T 286.577 8 3866 6235 118
T 286.601 2 3868 6234 118
T 286.601 4 3867 6233 118
T 286.601 5 3867 6234 118
T 286.602 1 3867 6233 118
T 286.602 7 3867 6233 118
T 286.602 6 3867 6233 118
T 286.602 8 3867 6235 118
T 286.626 2 3869 6234 118
T 286.626 4 3868 6233 118
T 286.626 5 3868 6234 118
T 286.626 1 3868 6233 118
T 286.627 7 3868 6233 118
T 286.627 6 3868 6233 118
T 286.627 8 3868 6235 118
T 286.651 2 3870 6234 118
T 286.651 4 3869 6233 118
T 286.652 5 3869 6234 118
T 286.652 1 3869 6233 118
T 286.652 7 3869 6233 118
T 286.652 6 3869 6233 118
T 286.652 8 3869 6235 118
T 286.677 2 3871 6234 118
T 286.677 4 3870 6233 118
T 286.678 5 3870 6234 118
T 286.678 1 3870 6233 118
T 286.678 7 3870 6233 118
T 286.678 6 3870 6233 118
T 286.678 8 3870 6235 118
T 286.702 2 3872 6234 118
T 286.702 4 3871 6233 118
T 286.702 5 3871 6234 118
T 286.702 1 3871 6233 118
T 286.703 7 3871 6233 118
T 286.703 6 3871 6233 118
T 286.703 8 3871 6235 118
T 286.727 2 3873 6234 118
T 286.727 4 3872 6233 118
T 286.727 5 3872 6234 118
T 286.728 1 3872 6233 118
T 286.728 7 3872 6233 118
T 286.728 6 3872 6233 118
T 286.728 8 3872 6235 118
T 286.752 2 3874 6234 118
T 286.752 4 3873 6233 118
T 286.753 5 3873 6234 118
T 286.753 1 3873 6233 118
T 286.753 7 3873 6233 118
T 286.753 6 3873 6233 118
T 286.753 8 3873 6235 118
T 286.778 2 3875 6234 118
T 286.778 4 3874 6233 118
T 286.778 5 3874 6234 118
T 286.778 1 3874 6233 118
T 286.778 7 3874 6233 118
T 286.779 6 3874 6233 118
T 286.779 8 3874 6235 118
T 286.803 2 3876 6234 118
T 286.803 4 3875 6233 118
T 286.803 5 3875 6234 118
T 286.804 1 3875 6233 118
T 286.804 7 3875 6233 118
T 286.804 6 3875 6233 118
T 286.804 8 3875 6235 118
T 286.828 2 3877 6234 118
T 286.828 4 3876 6233 118
T 286.829 5 3876 6234 118
T 286.829 1 3876 6233 118
T 286.829 7 3876 6233 118
T 286.829 6 3876 6233 118
T 286.829 8 3876 6235 118
T 286.854 2 3878 6234 118
T 286.854 4 3877 6233 118
T 286.854 5 3877 6234 118
T 286.854 1 3877 6233 118
T 286.854 7 3877 6233 118
T 286.854 6 3877 6233 118
T 286.855 8 3877 6235 118
T 286.879 2 3879 6234 118
T 286.880 4 3878 6233 118
T 286.880 5 3878 6234 118
T 286.880 1 3878 6233 118
T 286.880 7 3878 6233 118
T 286.880 6 3878 6233 118
T 286.881 8 3878 6235 118
T 286.904 2 3880 6234 118
T 286.905 4 3879 6233 118
T 286.905 5 3879 6234 118
T 286.905 1 3879 6233 118
T 286.905 7 3879 6233 118
T 286.905 6 3879 6233 118
T 286.905 8 3879 6235 118
T 286.930 2 3881 6234 118
T 286.930 4 3880 6233 118
T 286.930 5 3880 6234 118
T 286.931 1 3880 6233 118
T 286.931 7 3880 6233 118
T 286.931 6 3880 6233 118
T 286.931 8 3880 6235 118
T 286.955 2 3882 6234 118
T 286.955 4 3881 6233 118
T 286.955 5 3881 6234 118
T 286.955 1 3881 6233 118
T 286.956 7 3881 6233 118
T 286.956 6 3881 6233 118
T 286.956 8 3881 6235 118
T 286.980 2 3883 6234 118
T 286.981 4 3882 6233 118
T 286.981 5 3882 6234 118
T 286.981 1 3882 6233 118
T 286.981 7 3882 6233 118
T 286.981 6 3882 6233 118
T 286.981 8 3882 6235 118
T 287.006 2 3884 6234 118
T 287.006 4 3883 6233 118
T 287.006 5 3883 6234 118
T 287.006 1 3883 6233 118
T 287.006 7 3883 6233 118
T 287.006 6 3883 6233 118
T 287.007 8 3883 6235 118
T 287.032 2 3885 6234 118
T 287.032 4 3884 6233 118
T 287.032 5 3884 6234 118
T 287.032 1 3884 6233 118
T 287.033 7 3884 6233 118
T 287.033 6 3884 6233 118
T 287.033 8 3884 6235 118
T 287.057 2 3886 6234 118
T 287.057 4 3885 6233 118
T 287.057 5 3885 6234 118
T 287.057 1 3885 6233 118
T 287.057 7 3885 6233 118
T 287.058 6 3885 6233 118
T 287.058 8 3885 6235 118
T 287.082 2 3887 6234 118
T 287.082 4 3886 6233 118
T 287.082 5 3886 6234 118
T 287.082 1 3886 6233 118
T 287.083 7 3886 6233 118
T 287.083 6 3886 6233 118
T 287.083 8 3886 6235 118
T 287.107 2 3888 6234 118
T 287.107 4 3887 6233 118
T 287.107 5 3887 6234 118
T 287.108 1 3887 6233 118
T 287.108 7 3887 6233 118
T 287.108 6 3887 6233 118
T 287.108 8 3887 6235 118
T 287.132 2 3889 6234 118
T 287.132 4 3888 6233 118
T 287.132 5 3888 6234 118
T 287.133 1 3888 6233 118
T 287.133 7 3888 6233 118
T 287.133 6 3888 6233 118
T 287.133 8 3888 6235 118
T 287.158 2 3890 6234 118
T 287.158 4 3889 6233 118
T 287.159 5 3889 6234 118
T 287.159 1 3889 6233 118
T 287.159 7 3889 6233 118
T 287.159 6 3889 6233 118
T 287.159 8 3889 6235 118
T 287.184 2 3891 6234 118
T 287.184 4 3890 6233 118
T 287.185 5 3890 6234 118
T 287.185 1 3890 6233 118
T 287.185 7 3890 6233 118
T 287.185 6 3890 6233 118
T 287.185 8 3890 6235 118
T 287.210 2 3892 6234 118
T 287.211 4 3891 6233 118
T 287.211 5 3891 6234 118
T 287.211 1 3891 6233 118
T 287.211 7 3891 6233 118
T 287.211 6 3891 6233 118
T 287.212 8 3891 6235 118
T 287.236 2 3893 6234 118
T 287.236 4 3892 6233 118
T 287.237 5 3892 6234 118
T 287.237 1 3892 6233 118
T 287.237 7 3892 6233 118
T 287.237 6 3892 6233 118
T 287.237 8 3892 6235 118
T 287.262 2 3894 6234 118
T 287.262 4 3893 6233 118
T 287.262 5 3893 6234 118
T 287.263 1 3893 6233 118
T 287.263 7 3893 6233 118
T 287.263 6 3893 6233 118
T 287.263 8 3893 6235 118
T 287.288 4 3894 6233 118
T 287.288 5 3894 6234 118
T 287.288 1 3894 6233 118
T 287.288 7 3894 6233 118
T 287.288 6 3894 6233 118
T 287.288 8 3894 6235 118
P 287.851 1
P 287.851 2
P 287.851 3
P 287.852 5
F 287.852 1 119
P 287.852 4
F 287.853 2 119
P 287.854 6
F 287.854 3 119
P 287.855 7
P 287.856 8
F 287.858 5 119
F 287.859 4 119
F 287.866 6 119
F 287.867 7 119
F 287.868 8 119
T 288.398 1 3895 6286 119
T 288.506 1 3896 6286 119
T 288.506 2 3895 6287 119
T 288.506 4 3895 6286 119
T 288.507 5 3895 6287 119
T 288.507 7 3895 6286 119
T 288.507 6 3895 6286 119
T 288.507 8 3895 6288 119
T 288.530 1 3897 6286 119
T 288.530 2 3896 6287 119
T 288.530 4 3896 6286 119
T 288.530 5 3896 6287 119
T 288.531 7 3896 6286 119
T 288.531 6 3896 6286 119
T 288.531 8 3896 6288 119
T 288.555 1 3898 6286 119
T 288.555 2 3897 6287 119
T 288.555 4 3897 6286 119
T 288.555 5 3897 6287 119
T 288.556 7 3897 6286 119
T 288.556 6 3897 6286 119
T 288.556 8 3897 6288 119
T 288.580 1 3899 6286 119
T 288.580 2 3898 6287 119
T 288.580 4 3898 6286 119
T 288.580 5 3898 6287 119
T 288.581 7 3898 6286 119
T 288.581 6 3898 6286 119
T 288.581 8 3898 6288 119
T 288.605 1 3900 6286 119
T 288.605 2 3899 6287 119
T 288.605 4 3899 6286 119
T 288.605 5 3899 6287 119
T 288.606 7 3899 6286 119
T 288.606 6 3899 6286 119
T 288.606 8 3899 6288 119
T 288.630 1 3901 6286 119
T 288.630 2 3900 6287 119
T 288.630 4 3900 6286 119
T 288.631 5 3900 6287 119
T 288.631 7 3900 6286 119
T 288.631 6 3900 6286 119
T 288.631 8 3900 6288 119
T 288.655 1 3902 6286 119
T 288.655 2 3901 6287 119
T 288.655 4 3901 6286 119
T 288.655 5 3901 6287 119
T 288.656 7 3901 6286 119
T 288.656 6 3901 6286 119
T 288.656 8 3901 6288 119
T 288.680 1 3903 6286 119
T 288.681 2 3902 6287 119
T 288.681 4 3902 6286 119
T 288.681 5 3902 6287 119
T 288.681 7 3902 6286 119
T 288.681 6 3902 6286 119
T 288.681 8 3902 6288 119
T 288.706 1 3904 6286 119
T 288.706 2 3903 6287 119
T 288.706 4 3903 6286 119
T 288.706 5 3903 6287 119
T 288.707 7 3903 6286 119
T 288.707 6 3903 6286 119
T 288.707 8 3903 6288 119
T 288.731 1 3905 6286 119
T 288.731 2 3904 6287 119
T 288.732 4 3904 6286 119
T 288.732 5 3904 6287 119
T 288.732 7 3904 6286 119
T 288.732 6 3904 6286 119
T 288.732 8 3904 6288 119
T 288.756 1 3906 6286 119
T 288.757 2 3905 6287 119
T 288.757 4 3905 6286 119
T 288.757 5 3905 6287 119
T 288.757 7 3905 6286 119
T 288.757 6 3905 6286 119
T 288.757 8 3905 6288 119
T 288.782 1 3907 6286 119
T 288.782 2 3906 6287 119
T 288.782 4 3906 6286 119
T 288.782 5 3906 6287 119
T 288.782 7 3906 6286 119
T 288.783 6 3906 6286 119
T 288.783 8 3906 6288 119
T 288.807 1 3908 6286 119
T 288.807 2 3907 6287 119
T 288.807 4 3907 6286 119
T 288.808 5 3907 6287 119
T 288.808 7 3907 6286 119
T 288.808 6 3907 6286 119
T 288.808 8 3907 6288 119
T 288.832 1 3909 6286 119
T 288.832 2 3908 6287 119
T 288.833 4 3908 6286 119
T 288.833 5 3908 6287 119
T 288.833 7 3908 6286 119
T 288.833 6 3908 6286 119
T 288.833 8 3908 6288 119
T 288.857 1 3910 6286 119
T 288.858 2 3909 6287 119
T 288.858 4 3909 6286 119
T 288.858 5 3909 6287 119
T 288.858 7 3909 6286 119
T 288.858 6 3909 6286 119
T 288.859 8 3909 6288 119
T 288.883 1 3911 6286 119
T 288.883 2 3910 6287 119
T 288.883 4 3910 6286 119
T 288.884 5 3910 6287 119
T 288.884 7 3910 6286 119
T 288.884 6 3910 6286 119
T 288.884 8 3910 6288 119
T 288.909 1 3912 6286 119
T 288.909 2 3911 6287 119
T 288.909 4 3911 6286 119
T 288.909 5 3911 6287 119
T 288.909 7 3911 6286 119
T 288.909 6 3911 6286 119
T 288.910 8 3911 6288 119
T 288.934 1 3913 6286 119
T 288.934 2 3912 6287 119
T 288.934 4 3912 6286 119
T 288.934 5 3912 6287 119
T 288.935 7 3912 6286 119
T 288.935 6 3912 6286 119
T 288.935 8 3912 6288 119
T 288.959 1 3914 6286 119
T 288.959 2 3913 6287 119
T 288.959 4 3913 6286 119
T 288.959 5 3913 6287 119
T 288.959 7 3913 6286 119
T 288.960 6 3913 6286 119
T 288.960 8 3913 6288 119
T 288.984 1 3915 6286 119
T 288.984 2 3914 6287 119
T 288.984 4 3914 6286 119
T 288.985 5 3914 6287 119
T 288.985 7 3914 6286 119
T 288.985 6 3914 6286 119
T 288.985 8 3914 6288 119
T 289.009 1 3916 6286 119
T 289.010 2 3915 6287 119
T 289.010 4 3915 6286 119
T 289.010 5 3915 6287 119
T 289.010 7 3915 6286 119
T 289.010 6 3915 6286 119
T 289.010 8 3915 6288 119
T 289.035 1 3917 6286 119
T 289.035 2 3916 6287 119
T 289.035 4 3916 6286 119
T 289.035 5 3916 6287 119
T 289.035 7 3916 6286 119
T 289.036 6 3916 6286 119
T 289.036 8 3916 6288 119
T 289.060 1 3918 6286 119
T 289.060 2 3917 6287 119
T 289.060 4 3917 6286 119
T 289.061 5 3917 6287 119
T 289.061 7 3917 6286 119
T 289.061 6 3917 6286 119
T 289.061 8 3917 6288 119
T 289.085 1 3919 6286 119
T 289.086 2 3918 6287 119
T 289.086 4 3918 6286 119
T 289.086 5 3918 6287 119
T 289.086 7 3918 6286 119
T 289.086 6 3918 6286 119
T 289.086 8 3918 6288 119
T 289.111 1 3920 6286 119
T 289.111 2 3919 6287 119
T 289.111 4 3919 6286 119
T 289.111 5 3919 6287 119
T 289.111 7 3919 6286 119
T 289.111 6 3919 6286 119
T 289.112 8 3919 6288 119
T 289.136 1 3921 6286 119
T 289.137 2 3920 6287 119
T 289.137 4 3920 6286 119
T 289.137 5 3920 6287 119
T 289.137 7 3920 6286 119
T 289.137 6 3920 6286 119
T 289.137 8 3920 6288 119
T 289.162 1 3922 6286 119
T 289.162 2 3921 6287 119
T 289.162 4 3921 6286 119
T 289.163 5 3921 6287 119
T 289.163 7 3921 6286 119
T 289.163 6 3921 6286 119
T 289.163 8 3921 6288 119
T 289.188 1 3923 6286 119
T 289.188 2 3922 6287 119
T 289.189 4 3922 6286 119
T 289.189 5 3922 6287 119
T 289.189 7 3922 6286 119
T 289.189 6 3922 6286 119
T 289.189 8 3922 6288 119
T 289.214 1 3924 6286 119
T 289.214 2 3923 6287 119
T 289.214 4 3923 6286 119
T 289.214 5 3923 6287 119
T 289.215 7 3923 6286 119
T 289.215 6 3923 6286 119
T 289.215 8 3923 6288 119
T 289.240 1 3925 6286 119
T 289.240 2 3924 6287 119
T 289.241 4 3924 6286 119
T 289.241 5 3924 6287 119
T 289.241 7 3924 6286 119
T 289.241 6 3924 6286 119
T 289.241 8 3924 6288 119
T 289.266 1 3926 6286 119
T 289.266 2 3925 6287 119
T 289.266 4 3925 6286 119
T 289.267 5 3925 6287 119
T 289.267 7 3925 6286 119
T 289.267 6 3925 6286 119
T 289.267 8 3925 6288 119
T 289.292 1 3927 6286 119
T 289.292 2 3926 6287 119
T 289.293 4 3926 6286 119
T 289.293 5 3926 6287 119
T 289.293 7 3926 6286 119
T 289.293 6 3926 6286 119
T 289.293 8 3926 6288 119
T 289.318 2 3927 6287 119
T 289.318 4 3927 6286 119
T 289.318 5 3927 6287 119
T 289.318 7 3927 6286 119
T 289.318 6 3927 6286 119
T 289.318 8 3927 6288 119
P 289.849 2
P 289.850 3
P 289.850 5
F 289.850 2 120
P 289.850 4
F 289.851 3 120
F 289.852 5 120
P 289.852 6
F 289.854 4 120
P 289.855 7
F 289.856 6 120
P 289.857 8
P 289.859 1
F 289.862 7 120
F 289.863 8 120
F 289.864 1 120
T 290.381 2 3928 6340 120
T 290.489 2 3929 6340 120
T 290.489 1 3928 6339 120
T 290.489 4 3928 6339 120
T 290.490 5 3928 6340 120
T 290.490 7 3928 6339 120
T 290.490 6 3928 6339 120
T 290.490 8 3928 6341 120
T 290.513 2 3930 6340 120
T 290.513 1 3929 6339 120
T 290.513 4 3929 6339 120
T 290.514 5 3929 6340 120
T 290.514 7 3929 6339 120
T 290.514 6 3929 6339 120
T 290.514 8 3929 6341 120
T 290.538 2 3931 6340 120
T 290.538 1 3930 6339 120
T 290.538 4 3930 6339 120
T 290.538 5 3930 6340 120
T 290.538 7 3930 6339 120
T 290.539 6 3930 6339 120
T 290.539 8 3930 6341 120
T 290.563 2 3932 6340 120
T 290.563 1 3931 6339 120
T 290.563 4 3931 6339 120
T 290.564 5 3931 6340 120
T 290.564 7 3931 6339 120
T 290.564 6 3931 6339 120
T 290.564 8 3931 6341 120
T 290.588 2 3933 6340 120
T 290.588 1 3932 6339 120
T 290.589 4 3932 6339 120
T 290.589 5 3932 6340 120
T 290.589 7 3932 6339 120
T 290.589 6 3932 6339 120
T 290.589 8 3932 6341 120
T 290.614 2 3934 6340 120
T 290.614 1 3933 6339 120
T 290.614 4 3933 6339 120
T 290.614 5 3933 6340 120
T 290.614 7 3933 6339 120
T 290.615 6 3933 6339 120
T 290.615 8 3933 6341 120
T 290.638 2 3935 6340 120
T 290.639 1 3934 6339 120
T 290.639 4 3934 6339 120
T 290.639 5 3934 6340 120
T 290.639 7 3934 6339 120
T 290.639 6 3934 6339 120
T 290.639 8 3934 6341 120
T 290.664 2 3936 6340 120
T 290.664 1 3935 6339 120
T 290.664 4 3935 6339 120
T 290.664 5 3935 6340 120
T 290.664 7 3935 6339 120
T 290.664 6 3935 6339 120
T 290.664 8 3935 6341 120
T 290.689 2 3937 6340 120
T 290.689 1 3936 6339 120
T 290.689 4 3936 6339 120
T 290.690 5 3936 6340 120
T 290.690 7 3936 6339 120
T 290.690 6 3936 6339 120
T 290.690 8 3936 6341 120
T 290.714 2 3938 6340 120
T 290.715 1 3937 6339 120
T 290.715 4 3937 6339 120
T 290.715 5 3937 6340 120
T 290.715 7 3937 6339 120
T 290.715 6 3937 6339 120
T 290.715 8 3937 6341 120
T 290.740 2 3939 6340 120
T 290.740 1 3938 6339 120
T 290.740 4 3938 6339 120
T 290.740 5 3938 6340 120
T 290.741 7 3938 6339 120
T 290.741 6 3938 6339 120
T 290.741 8 3938 6341 120
T 290.765 2 3940 6340 120
T 290.765 1 3939 6339 120
T 290.766 4 3939 6339 120
T 290.766 5 3939 6340 120
T 290.766 7 3939 6339 120
T 290.766 6 3939 6339 120
T 290.766 8 3939 6341 120
T 290.791 2 3941 6340 120
T 290.791 1 3940 6339 120
T 290.791 4 3940 6339 120
T 290.791 5 3940 6340 120
T 290.791 7 3940 6339 120
T 290.791 6 3940 6339 120
T 290.792 8 3940 6341 120
T 290.816 2 3942 6340 120
T 290.816 1 3941 6339 120
T 290.816 4 3941 6339 120
T 290.817 5 3941 6340 120
T 290.817 7 3941 6339 120
T 290.817 6 3941 6339 120
T 290.817 8 3941 6341 120
T 290.841 2 3943 6340 120
T 290.841 1 3942 6339 120
T 290.842 4 3942 6339 120
T 290.842 5 3942 6340 120
T 290.842 7 3942 6339 120
T 290.842 6 3942 6339 120
T 290.842 8 3942 6341 120
T 290.867 2 3944 6340 120
T 290.867 1 3943 6339 120
T 290.867 4 3943 6339 120
T 290.867 5 3943 6340 120
T 290.867 7 3943 6339 120
T 290.868 6 3943 6339 120
T 290.868 8 3943 6341 120
T 290.892 2 3945 6340 120
T 290.892 1 3944 6339 120
T 290.892 4 3944 6339 120
T 290.893 5 3944 6340 120
T 290.893 7 3944 6339 120
T 290.893 6 3944 6339 120
T 290.893 8 3944 6341 120
T 290.917 2 3946 6340 120
T 290.918 1 3945 6339 120
T 290.918 4 3945 6339 120
T 290.918 5 3945 6340 120
T 290.918 7 3945 6339 120
T 290.918 6 3945 6339 120
T 290.919 8 3945 6341 120
T 290.943 2 3947 6340 120
T 290.943 1 3946 6339 120
T 290.943 4 3946 6339 120
T 290.943 5 3946 6340 120
T 290.943 7 3946 6339 120
T 290.944 6 3946 6339 120
T 290.944 8 3946 6341 120
T 290.968 2 3948 6340 120
T 290.968 1 3947 6339 120
T 290.968 4 3947 6339 120
T 290.969 5 3947 6340 120
T 290.969 7 3947 6339 120
T 290.969 6 3947 6339 120
T 290.969 8 3947 6341 120
T 290.993 2 3949 6340 120
T 290.993 1 3948 6339 120
T 290.993 4 3948 6339 120
T 290.994 5 3948 6340 120
T 290.994 7 3948 6339 120
T 290.994 6 3948 6339 120
T 290.994 8 3948 6341 120
T 291.018 2 3950 6340 120
T 291.019 1 3949 6339 120
T 291.019 4 3949 6339 120
T 291.019 5 3949 6340 120
T 291.019 7 3949 6339 120
T 291.019 6 3949 6339 120
T 291.019 8 3949 6341 120
T 291.044 2 3951 6340 120
T 291.044 1 3950 6339 120
T 291.044 4 3950 6339 120
T 291.044 5 3950 6340 120
T 291.045 7 3950 6339 120
T 291.045 6 3950 6339 120
T 291.045 8 3950 6341 120
T 291.069 2 3952 6340 120
T 291.069 1 3951 6339 120
T 291.069 4 3951 6339 120
T 291.070 5 3951 6340 120
T 291.070 7 3951 6339 120
T 291.070 6 3951 6339 120
T 291.070 8 3951 6341 120
T 291.094 2 3953 6340 120
T 291.094 1 3952 6339 120
T 291.095 4 3952 6339 120
T 291.095 5 3952 6340 120
T 291.095 7 3952 6339 120
T 291.095 6 3952 6339 120
T 291.095 8 3952 6341 120
T 291.120 2 3954 6340 120
T 291.120 1 3953 6339 120
T 291.120 4 3953 6339 120
T 291.120 5 3953 6340 120
T 291.120 7 3953 6339 120
T 291.121 6 3953 6339 120
T 291.121 8 3953 6341 120
T 291.146 2 3955 6340 120
T 291.146 1 3954 6339 120
T 291.147 4 3954 6339 120
T 291.147 5 3954 6340 120
T 291.147 7 3954 6339 120
T 291.147 6 3954 6339 120
T 291.147 8 3954 6341 120
T 291.172 2 3956 6340 120
T 291.172 1 3955 6339 120
T 291.172 4 3955 6339 120
T 291.172 5 3955 6340 120
T 291.173 7 3955 6339 120
T 291.173 6 3955 6339 120
T 291.173 8 3955 6341 120
T 291.198 2 3957 6340 120
T 291.198 1 3956 6339 120
T 291.198 4 3956 6339 120
T 291.198 5 3956 6340 120
T 291.199 7 3956 6339 120
T 291.199 6 3956 6339 120
T 291.199 8 3956 6341 120
T 291.223 2 3958 6340 120
T 291.224 1 3957 6339 120
T 291.224 4 3957 6339 120
T 291.224 5 3957 6340 120
T 291.224 7 3957 6339 120
T 291.224 6 3957 6339 120
T 291.224 8 3957 6341 120
T 291.249 2 3959 6340 120
T 291.250 1 3958 6339 120
T 291.250 4 3958 6339 120
T 291.250 5 3958 6340 120
T 291.250 7 3958 6339 120
T 291.250 6 3958 6339 120
T 291.250 8 3958 6341 120
T 291.275 2 3960 6340 120
T 291.276 1 3959 6339 120
T 291.276 4 3959 6339 120
T 291.276 5 3959 6340 120
T 291.276 7 3959 6339 120
T 291.276 6 3959 6339 120
T 291.276 8 3959 6341 120
T 291.301 1 3960 6339 120
T 291.301 4 3960 6339 120
T 291.301 5 3960 6340 120
T 291.302 7 3960 6339 120
T 291.302 6 3960 6339 120
T 291.302 8 3960 6341 120
P 291.850 1
F 291.851 1 121
P 291.851 2
F 291.852 2 121
P 291.853 3
F 291.855 3 121
P 291.855 5
F 291.856 5 121
P 291.857 4
F 291.858 4 121
P 291.864 6
F 291.865 6 121
P 291.866 7
F 291.868 7 121
F 291.872 8 121
P 291.872 8
T 292.378 1 3961 6392 121
T 292.487 1 3962 6392 121
T 292.487 2 3961 6393 121
T 292.488 4 3961 6392 121
T 292.488 5 3961 6393 121
T 292.488 7 3961 6392 121
T 292.488 6 3961 6392 121
T 292.488 8 3961 6394 121
T 292.511 1 3963 6392 121
T 292.512 2 3962 6393 121
T 292.512 4 3962 6392 121
T 292.512 5 3962 6393 121
T 292.512 7 3962 6392 121
T 292.512 6 3962 6392 121
T 292.512 8 3962 6394 121
T 292.536 1 3964 6392 121
T 292.537 2 3963 6393 121
T 292.537 4 3963 6392 121
T 292.537 5 3963 6393 121
T 292.537 7 3963 6392 121
T 292.537 6 3963 6392 121
T 292.538 8 3963 6394 121
T 292.561 1 3965 6392 121
T 292.562 2 3964 6393 121
T 292.562 4 3964 6392 121
T 292.562 5 3964 6393 121
T 292.562 7 3964 6392 121
T 292.562 6 3964 6392 121
T 292.562 8 3964 6394 121
T 292.587 1 3966 6392 121
T 292.587 2 3965 6393 121
T 292.587 4 3965 6392 121
T 292.587 5 3965 6393 121
T 292.587 7 3965 6392 121
T 292.588 6 3965 6392 121
T 292.588 8 3965 6394 121
T 292.612 1 3967 6392 121
T 292.612 2 3966 6393 121
T 292.613 4 3966 6392 121
T 292.613 5 3966 6393 121
T 292.613 7 3966 6392 121
T 292.613 6 3966 6392 121
T 292.613 8 3966 6394 121
T 292.637 1 3968 6392 121
T 292.638 2 3967 6393 121
T 292.638 4 3967 6392 121
T 292.638 5 3967 6393 121
T 292.638 7 3967 6392 121
T 292.638 6 3967 6392 121
T 292.639 8 3967 6394 121
T 292.663 1 3969 6392 121
T 292.663 2 3968 6393 121
T 292.663 4 3968 6392 121
T 292.664 5 3968 6393 121
T 292.664 7 3968 6392 121
T 292.664 6 3968 6392 121
T 292.664 8 3968 6394 121
T 292.688 1 3970 6392 121
T 292.688 2 3969 6393 121
T 292.689 4 3969 6392 121
T 292.689 5 3969 6393 121
T 292.689 7 3969 6392 121
T 292.689 6 3969 6392 121
T 292.689 8 3969 6394 121
T 292.713 1 3971 6392 121
T 292.714 2 3970 6393 121
T 292.714 4 3970 6392 121
T 292.714 5 3970 6393 121
T 292.714 7 3970 6392 121
T 292.714 6 3970 6392 121
T 292.714 8 3970 6394 121
T 292.739 1 3972 6392 121
T 292.739 2 3971 6393 121
T 292.739 4 3971 6392 121
T 292.740 5 3971 6393 121
T 292.740 7 3971 6392 121
T 292.740 6 3971 6392 121
T 292.740 8 3971 6394 121
T 292.765 1 3973 6392 121
T 292.765 2 3972 6393 121
T 292.765 4 3972 6392 121
T 292.765 5 3972 6393 121
T 292.765 7 3972 6392 121
T 292.765 6 3972 6392 121
T 292.766 8 3972 6394 121
T 292.790 1 3974 6392 121
T 292.791 2 3973 6393 121
T 292.791 4 3973 6392 121
T 292.791 5 3973 6393 121
T 292.791 7 3973 6392 121
T 292.791 6 3973 6392 121
T 292.791 8 3973 6394 121
T 292.816 1 3975 6392 121
T 292.816 2 3974 6393 121
T 292.817 4 3974 6392 121
T 292.817 5 3974 6393 121
T 292.817 7 3974 6392 121
T 292.817 6 3974 6392 121
T 292.817 8 3974 6394 121
T 292.842 1 3976 6392 121
T 292.843 2 3975 6393 121
T 292.843 4 3975 6392 121
T 292.843 5 3975 6393 121
T 292.843 7 3975 6392 121
T 292.843 6 3975 6392 121
T 292.843 8 3975 6394 121
T 292.868 1 3977 6392 121
T 292.868 2 3976 6393 121
T 292.868 4 3976 6392 121
T 292.868 5 3976 6393 121
T 292.868 7 3976 6392 121
T 292.868 6 3976 6392 121
T 292.869 8 3976 6394 121
T 292.893 1 3978 6392 121
T 292.893 2 3977 6393 121
T 292.894 4 3977 6392 121
T 292.894 5 3977 6393 121
T 292.894 7 3977 6392 121
T 292.894 6 3977 6392 121
T 292.894 8 3977 6394 121
T 292.919 1 3979 6392 121
T 292.919 2 3978 6393 121
T 292.919 4 3978 6392 121
T 292.919 5 3978 6393 121
T 292.920 7 3978 6392 121
T 292.920 6 3978 6392 121
T 292.920 8 3978 6394 121
T 292.945 1 3980 6392 121
T 292.945 2 3979 6393 121
T 292.945 4 3979 6392 121
T 292.945 5 3979 6393 121
T 292.945 7 3979 6392 121
T 292.945 6 3979 6392 121
T 292.946 8 3979 6394 121
T 292.970 1 3981 6392 121
T 292.970 2 3980 6393 121
T 292.971 4 3980 6392 121
T 292.971 5 3980 6393 121
T 292.971 7 3980 6392 121
T 292.971 6 3980 6392 121
T 292.971 8 3980 6394 121
T 292.996 1 3982 6392 121
T 292.996 2 3981 6393 121
T 292.996 4 3981 6392 121
T 292.996 5 3981 6393 121
T 292.996 7 3981 6392 121
T 292.997 6 3981 6392 121
T 292.997 8 3981 6394 121
T 293.021 1 3983 6392 121
T 293.022 2 3982 6393 121
T 293.022 4 3982 6392 121
T 293.022 5 3982 6393 121
T 293.022 7 3982 6392 121
T 293.022 6 3982 6392 121
T 293.022 8 3982 6394 121
T 293.047 1 3984 6392 121
T 293.048 2 3983 6393 121
T 293.048 4 3983 6392 121
T 293.048 5 3983 6393 121
T 293.048 7 3983 6392 121
T 293.049 6 3983 6392 121
T 293.049 8 3983 6394 121
T 293.073 1 3985 6392 121
T 293.073 2 3984 6393 121
T 293.074 4 3984 6392 121
T 293.074 5 3984 6393 121
T 293.074 7 3984 6392 121
T 293.074 6 3984 6392 121
T 293.074 8 3984 6394 121
T 293.098 1 3986 6392 121
T 293.099 2 3985 6393 121
T 293.099 4 3985 6392 121
T 293.099 5 3985 6393 121
T 293.099 7 3985 6392 121
T 293.099 6 3985 6392 121
T 293.099 8 3985 6394 121
T 293.124 1 3987 6392 121
T 293.124 2 3986 6393 121
T 293.125 4 3986 6392 121
T 293.125 5 3986 6393 121
T 293.125 7 3986 6392 121
T 293.125 6 3986 6392 121
T 293.125 8 3986 6394 121
T 293.151 1 3988 6392 121
T 293.151 2 3987 6393 121
T 293.152 4 3987 6392 121
T 293.152 5 3987 6393 121
T 293.152 7 3987 6392 121
T 293.152 6 3987 6392 121
T 293.152 8 3987 6394 121
T 293.177 1 3989 6392 121
T 293.177 2 3988 6393 121
T 293.177 4 3988 6392 121
T 293.178 5 3988 6393 121
T 293.178 7 3988 6392 121
T 293.178 6 3988 6392 121
T 293.178 8 3988 6394 121
T 293.203 1 3990 6392 121
T 293.203 2 3989 6393 121
T 293.203 4 3989 6392 121
T 293.203 5 3989 6393 121
T 293.203 7 3989 6392 121
T 293.204 6 3989 6392 121
T 293.204 8 3989 6394 121
T 293.229 1 3991 6392 121
T 293.229 2 3990 6393 121
T 293.229 4 3990 6392 121
T 293.229 5 3990 6393 121
T 293.229 7 3990 6392 121
T 293.230 6 3990 6392 121
T 293.230 8 3990 6394 121
T 293.255 1 3992 6392 121
T 293.255 2 3991 6393 121
T 293.255 4 3991 6392 121
T 293.256 5 3991 6393 121
T 293.256 7 3991 6392 121
T 293.256 6 3991 6392 121
T 293.256 8 3991 6394 121
T 293.282 1 3993 6392 121
T 293.282 2 3992 6393 121
T 293.282 4 3992 6392 121
T 293.283 5 3992 6393 121
T 293.283 7 3992 6392 121
T 293.283 6 3992 6392 121
T 293.283 8 3992 6394 121
T 293.307 2 3993 6393 121
T 293.308 4 3993 6392 121
T 293.308 5 3993 6393 121
T 293.308 7 3993 6392 121
T 293.308 6 3993 6392 121
T 293.308 8 3993 6394 121
P 293.851 7
P 293.851 8
F 293.851 7 122
P 293.851 1
F 293.852 8 122
P 293.853 2
F 293.855 1 122
P 293.855 3
F 293.855 2 122
P 293.856 5
F 293.857 3 122
P 293.859 4
F 293.860 5 122
P 293.861 6
F 293.862 4 122
F 293.866 6 122
T 294.380 7 3994 6445 122
T 294.490 7 3995 6445 122
T 294.490 1 3994 6445 122
T 294.490 2 3994 6446 122
T 294.490 4 3994 6445 122
T 294.491 5 3994 6446 122
T 294.491 6 3994 6445 122
T 294.491 8 3994 6447 122
T 294.515 7 3996 6445 122
T 294.515 1 3995 6445 122
T 294.515 2 3995 6446 122
T 294.515 4 3995 6445 122
T 294.515 5 3995 6446 122
T 294.516 6 3995 6445 122
T 294.516 8 3995 6447 122
T 294.540 7 3997 6445 122
T 294.541 1 3996 6445 122
T 294.541 2 3996 6446 122
T 294.541 4 3996 6445 122
T 294.542 5 3996 6446 122
T 294.542 6 3996 6445 122
T 294.542 8 3996 6447 122
T 294.565 7 3998 6445 122
T 294.565 1 3997 6445 122
T 294.565 2 3997 6446 122
T 294.566 4 3997 6445 122
T 294.566 5 3997 6446 122
T 294.566 6 3997 6445 122
T 294.566 8 3997 6447 122
T 294.591 7 3999 6445 122
T 294.591 1 3998 6445 122
T 294.591 2 3998 6446 122
T 294.591 4 3998 6445 122
T 294.591 5 3998 6446 122
T 294.591 6 3998 6445 122
T 294.591 8 3998 6447 122
T 294.616 7 4000 6445 122
T 294.616 1 3999 6445 122
T 294.616 2 3999 6446 122
T 294.617 4 3999 6445 122
T 294.617 5 3999 6446 122
T 294.617 6 3999 6445 122
T 294.617 8 3999 6447 122
T 294.641 7 4001 6445 122
T 294.642 1 4000 6445 122
T 294.642 2 4000 6446 122
T 294.642 4 4000 6445 122
T 294.642 5 4000 6446 122
T 294.642 6 4000 6445 122
T 294.642 8 4000 6447 122
T 294.667 7 4002 6445 122
T 294.667 1 4001 6445 122
T 294.667 2 4001 6446 122
T 294.667 4 4001 6445 122
T 294.668 5 4001 6446 122
T 294.668 6 4001 6445 122
T 294.668 8 4001 6447 122
T 294.692 7 4003 6445 122
T 294.693 1 4002 6445 122
T 294.693 2 4002 6446 122
T 294.693 4 4002 6445 122
T 294.693 5 4002 6446 122
T 294.693 6 4002 6445 122
T 294.693 8 4002 6447 122
T 294.718 7 4004 6445 122
T 294.718 1 4003 6445 122
T 294.718 2 4003 6446 122
T 294.719 4 4003 6445 122
T 294.719 5 4003 6446 122
T 294.719 6 4003 6445 122
T 294.719 8 4003 6447 122
T 294.744 7 4005 6445 122
T 294.744 1 4004 6445 122
T 294.744 2 4004 6446 122
T 294.744 4 4004 6445 122
T 294.744 5 4004 6446 122
T 294.745 6 4004 6445 122
T 294.745 8 4004 6447 122
T 294.769 7 4006 6445 122
T 294.769 1 4005 6445 122
T 294.769 2 4005 6446 122
T 294.770 4 4005 6445 122
T 294.770 5 4005 6446 122
T 294.770 6 4005 6445 122
T 294.770 8 4005 6447 122
T 294.795 7 4007 6445 122
T 294.795 1 4006 6445 122
T 294.795 2 4006 6446 122
T 294.795 4 4006 6445 122
T 294.795 5 4006 6446 122
T 294.795 6 4006 6445 122
T 294.796 8 4006 6447 122
T 294.820 7 4008 6445 122
T 294.820 1 4007 6445 122
T 294.821 2 4007 6446 122
T 294.821 4 4007 6445 122
T 294.821 5 4007 6446 122
T 294.821 6 4007 6445 122
T 294.821 8 4007 6447 122
T 294.846 7 4009 6445 122
T 294.846 1 4008 6445 122
T 294.846 2 4008 6446 122
T 294.846 4 4008 6445 122
T 294.846 5 4008 6446 122
T 294.847 6 4008 6445 122
T 294.847 8 4008 6447 122
T 294.872 7 4010 6445 122
T 294.872 1 4009 6445 122
T 294.872 2 4009 6446 122
T 294.872 4 4009 6445 122
T 294.872 5 4009 6446 122
T 294.872 6 4009 6445 122
T 294.872 8 4009 6447 122
T 294.897 7 4011 6445 122
T 294.897 1 4010 6445 122
T 294.898 2 4010 6446 122
T 294.898 4 4010 6445 122
T 294.898 5 4010 6446 122
T 294.898 6 4010 6445 122
T 294.898 8 4010 6447 122
T 294.923 7 4012 6445 122
T 294.923 1 4011 6445 122
T 294.923 2 4011 6446 122
T 294.923 4 4011 6445 122
T 294.923 5 4011 6446 122
T 294.923 6 4011 6445 122
T 294.924 8 4011 6447 122
T 294.949 7 4013 6445 122
T 294.949 1 4012 6445 122
T 294.949 2 4012 6446 122
T 294.949 4 4012 6445 122
T 294.949 5 4012 6446 122
T 294.949 6 4012 6445 122
T 294.950 8 4012 6447 122
T 294.974 7 4014 6445 122
T 294.974 1 4013 6445 122
T 294.974 2 4013 6446 122
T 294.974 4 4013 6445 122
T 294.974 5 4013 6446 122
T 294.975 6 4013 6445 122
T 294.975 8 4013 6447 122
T 294.999 7 4015 6445 122
T 294.999 1 4014 6445 122
T 295.000 2 4014 6446 122
T 295.000 4 4014 6445 122
T 295.000 5 4014 6446 122
T 295.000 6 4014 6445 122
T 295.000 8 4014 6447 122
T 295.025 7 4016 6445 122
T 295.025 1 4015 6445 122
T 295.025 2 4015 6446 122
T 295.025 4 4015 6445 122
T 295.026 5 4015 6446 122
T 295.026 6 4015 6445 122
T 295.026 8 4015 6447 122
T 295.050 7 4017 6445 122
T 295.050 1 4016 6445 122
T 295.051 2 4016 6446 122
T 295.051 4 4016 6445 122
T 295.051 5 4016 6446 122
T 295.051 6 4016 6445 122
T 295.051 8 4016 6447 122
T 295.076 7 4018 6445 122
T 295.076 1 4017 6445 122
T 295.076 2 4017 6446 122
T 295.077 4 4017 6445 122
T 295.077 5 4017 6446 122
T 295.077 6 4017 6445 122
T 295.077 8 4017 6447 122
T 295.102 7 4019 6445 122
T 295.102 1 4018 6445 122
T 295.102 2 4018 6446 122
T 295.102 4 4018 6445 122
T 295.102 5 4018 6446 122
T 295.102 6 4018 6445 122
T 295.103 8 4018 6447 122
T 295.127 7 4020 6445 122
T 295.127 1 4019 6445 122
T 295.128 2 4019 6446 122
T 295.128 4 4019 6445 122
T 295.128 5 4019 6446 122
T 295.128 6 4019 6445 122
T 295.128 8 4019 6447 122
T 295.153 7 4021 6445 122
T 295.154 1 4020 6445 122
T 295.154 2 4020 6446 122
T 295.154 4 4020 6445 122
T 295.154 5 4020 6446 122
T 295.154 6 4020 6445 122
T 295.154 8 4020 6447 122
T 295.180 7 4022 6445 122
T 295.180 1 4021 6445 122
T 295.180 2 4021 6446 122
T 295.180 4 4021 6445 122
T 295.180 5 4021 6446 122
T 295.181 6 4021 6445 122
T 295.181 8 4021 6447 122
T 295.206 7 4023 6445 122
T 295.206 1 4022 6445 122
T 295.206 2 4022 6446 122
T 295.207 4 4022 6445 122
T 295.207 5 4022 6446 122
T 295.207 6 4022 6445 122
T 295.207 8 4022 6447 122
T 295.232 7 4024 6445 122
T 295.232 1 4023 6445 122
T 295.233 2 4023 6446 122
T 295.233 4 4023 6445 122
T 295.233 5 4023 6446 122
T 295.233 6 4023 6445 122
T 295.233 8 4023 6447 122
T 295.258 7 4025 6445 122
T 295.259 1 4024 6445 122
T 295.259 2 4024 6446 122
T 295.259 4 4024 6445 122
T 295.259 5 4024 6446 122
T 295.259 6 4024 6445 122
T 295.259 8 4024 6447 122
T 295.285 7 4026 6445 122
T 295.285 1 4025 6445 122
T 295.285 2 4025 6446 122
T 295.285 4 4025 6445 122
T 295.286 5 4025 6446 122
T 295.286 6 4025 6445 122
T 295.286 8 4025 6447 122
T 295.311 1 4026 6445 122
T 295.311 2 4026 6446 122
T 295.311 4 4026 6445 122
T 295.311 5 4026 6446 122
T 295.311 6 4026 6445 122
T 295.312 8 4026 6447 122
P 295.853 6
P 295.853 7
F 295.853 6 123
P 295.853 8
F 295.854 7 123
P 295.855 1
P 295.855 2
P 295.856 3
P 295.856 5
P 295.857 4
F 295.858 8 123
F 295.859 1 123
F 295.859 2 123
F 295.860 3 123
F 295.861 5 123
F 295.861 4 123
T 296.428 8 4027 6500 123
T 296.532 8 4028 6500 123
T 296.532 7 4027 6498 123
T 296.532 1 4027 6498 123
T 296.533 2 4027 6499 123
T 296.533 4 4027 6498 123
T 296.533 5 4027 6499 123
T 296.533 6 4027 6498 123
T 296.556 8 4029 6500 123
T 296.557 7 4028 6498 123
T 296.557 1 4028 6498 123
T 296.557 2 4028 6499 123
T 296.557 4 4028 6498 123
T 296.557 5 4028 6499 123
T 296.558 6 4028 6498 123
T 296.581 8 4030 6500 123
T 296.582 7 4029 6498 123
T 296.582 1 4029 6498 123
T 296.582 2 4029 6499 123
T 296.582 4 4029 6498 123
T 296.582 5 4029 6499 123
T 296.582 6 4029 6498 123
T 296.607 8 4031 6500 123
T 296.607 7 4030 6498 123
T 296.607 1 4030 6498 123
T 296.607 2 4030 6499 123
T 296.607 4 4030 6498 123
T 296.607 5 4030 6499 123
T 296.608 6 4030 6498 123
T 296.632 8 4032 6500 123
T 296.632 7 4031 6498 123
T 296.632 1 4031 6498 123
T 296.633 2 4031 6499 123
T 296.633 4 4031 6498 123
T 296.633 5 4031 6499 123
T 296.633 6 4031 6498 123
T 296.658 8 4033 6500 123
T 296.658 7 4032 6498 123
T 296.658 1 4032 6498 123
T 296.659 2 4032 6499 123
T 296.659 4 4032 6498 123
T 296.659 5 4032 6499 123
T 296.659 6 4032 6498 123
T 296.683 8 4034 6500 123
T 296.684 7 4033 6498 123
T 296.684 1 4033 6498 123
T 296.684 2 4033 6499 123
T 296.684 4 4033 6498 123
T 296.684 5 4033 6499 123
T 296.684 6 4033 6498 123
T 296.709 8 4035 6500 123
T 296.709 7 4034 6498 123
T 296.709 1 4034 6498 123
T 296.710 2 4034 6499 123
T 296.710 4 4034 6498 123
T 296.710 5 4034 6499 123
T 296.710 6 4034 6498 123
T 296.735 8 4036 6500 123
T 296.735 7 4035 6498 123
T 296.735 1 4035 6498 123
T 296.735 2 4035 6499 123
T 296.735 4 4035 6498 123
T 296.735 5 4035 6499 123
T 296.736 6 4035 6498 123
T 296.760 8 4037 6500 123
T 296.760 7 4036 6498 123
T 296.761 1 4036 6498 123
T 296.761 2 4036 6499 123
T 296.761 4 4036 6498 123
T 296.761 5 4036 6499 123
T 296.761 6 4036 6498 123
T 296.786 8 4038 6500 123
T 296.786 7 4037 6498 123
T 296.786 1 4037 6498 123
T 296.786 2 4037 6499 123
T 296.787 4 4037 6498 123
T 296.787 5 4037 6499 123
T 296.787 6 4037 6498 123
T 296.812 8 4039 6500 123
T 296.812 7 4038 6498 123
T 296.812 1 4038 6498 123
T 296.812 2 4038 6499 123
T 296.812 4 4038 6498 123
T 296.812 5 4038 6499 123
T 296.813 6 4038 6498 123
T 296.837 8 4040 6500 123
T 296.837 7 4039 6498 123
T 296.838 1 4039 6498 123
T 296.838 2 4039 6499 123
T 296.838 4 4039 6498 123
T 296.838 5 4039 6499 123
T 296.838 6 4039 6498 123
T 296.863 8 4041 6500 123
T 296.864 7 4040 6498 123
T 296.864 1 4040 6498 123
T 296.864 2 4040 6499 123
T 296.864 4 4040 6498 123
T 296.864 5 4040 6499 123
T 296.864 6 4040 6498 123
T 296.889 8 4042 6500 123
T 296.889 7 4041 6498 123
T 296.889 1 4041 6498 123
T 296.889 2 4041 6499 123
T 296.890 4 4041 6498 123
T 296.890 5 4041 6499 123
T 296.890 6 4041 6498 123
T 296.914 8 4043 6500 123
T 296.914 7 4042 6498 123
T 296.914 1 4042 6498 123
T 296.915 2 4042 6499 123
T 296.915 4 4042 6498 123
T 296.915 5 4042 6499 123
T 296.915 6 4042 6498 123
T 296.940 8 4044 6500 123
T 296.940 7 4043 6498 123
T 296.940 1 4043 6498 123
T 296.940 2 4043 6499 123
T 296.940 4 4043 6498 123
T 296.940 5 4043 6499 123
T 296.941 6 4043 6498 123
T 296.966 8 4045 6500 123
T 296.966 7 4044 6498 123
T 296.966 1 4044 6498 123
T 296.966 2 4044 6499 123
T 296.967 4 4044 6498 123
T 296.967 5 4044 6499 123
T 296.967 6 4044 6498 123
T 296.991 8 4046 6500 123
T 296.991 7 4045 6498 123
T 296.992 1 4045 6498 123
T 296.992 2 4045 6499 123
T 296.992 4 4045 6498 123
T 296.992 5 4045 6499 123
T 296.992 6 4045 6498 123
T 297.017 8 4047 6500 123
T 297.017 7 4046 6498 123
T 297.017 1 4046 6498 123
T 297.017 2 4046 6499 123
T 297.017 4 4046 6498 123
T 297.017 5 4046 6499 123
T 297.018 6 4046 6498 123
T 297.042 8 4048 6500 123
T 297.042 7 4047 6498 123
T 297.042 1 4047 6498 123
T 297.043 2 4047 6499 123
T 297.043 4 4047 6498 123
T 297.043 5 4047 6499 123
T 297.043 6 4047 6498 123
T 297.068 8 4049 6500 123
T 297.068 7 4048 6498 123
T 297.069 1 4048 6498 123
T 297.069 2 4048 6499 123
T 297.069 4 4048 6498 123
T 297.069 5 4048 6499 123
T 297.069 6 4048 6498 123
T 297.094 8 4050 6500 123
T 297.094 7 4049 6498 123
T 297.094 1 4049 6498 123
T 297.094 2 4049 6499 123
T 297.094 4 4049 6498 123
T 297.095 5 4049 6499 123
T 297.095 6 4049 6498 123
T 297.119 8 4051 6500 123
T 297.120 7 4050 6498 123
T 297.120 1 4050 6498 123
T 297.120 2 4050 6499 123
T 297.120 4 4050 6498 123
T 297.120 5 4050 6499 123
T 297.121 6 4050 6498 123
T 297.145 8 4052 6500 123
T 297.145 7 4051 6498 123
T 297.146 1 4051 6498 123
T 297.146 2 4051 6499 123
T 297.146 4 4051 6498 123
T 297.146 5 4051 6499 123
T 297.146 6 4051 6498 123
T 297.171 8 4053 6500 123
T 297.171 7 4052 6498 123
T 297.171 1 4052 6498 123
T 297.171 2 4052 6499 123
T 297.172 4 4052 6498 123
T 297.172 5 4052 6499 123
T 297.172 6 4052 6498 123
T 297.197 8 4054 6500 123
T 297.197 7 4053 6498 123
T 297.198 1 4053 6498 123
T 297.198 2 4053 6499 123
T 297.198 4 4053 6498 123
T 297.198 5 4053 6499 123
T 297.198 6 4053 6498 123
T 297.223 8 4055 6500 123
T 297.223 7 4054 6498 123
T 297.224 1 4054 6498 123
T 297.224 2 4054 6499 123
T 297.224 4 4054 6498 123
T 297.224 5 4054 6499 123
T 297.224 6 4054 6498 123
T 297.249 8 4056 6500 123
T 297.249 7 4055 6498 123
T 297.250 1 4055 6498 123
T 297.250 2 4055 6499 123
T 297.250 4 4055 6498 123
T 297.250 5 4055 6499 123
T 297.250 6 4055 6498 123
T 297.276 8 4057 6500 123
T 297.276 7 4056 6498 123
T 297.276 1 4056 6498 123
T 297.276 2 4056 6499 123
T 297.276 4 4056 6498 123
T 297.276 5 4056 6499 123
T 297.277 6 4056 6498 123
T 297.304 8 4058 6500 123
T 297.304 7 4057 6498 123
T 297.304 1 4057 6498 123
T 297.304 2 4057 6499 123
T 297.305 4 4057 6498 123
T 297.305 5 4057 6499 123
T 297.305 6 4057 6498 123
T 297.328 8 4059 6500 123
T 297.329 7 4058 6498 123
T 297.329 1 4058 6498 123
T 297.329 2 4058 6499 123
T 297.329 4 4058 6498 123
T 297.329 5 4058 6499 123
T 297.329 6 4058 6498 123
T 297.354 7 4059 6498 123
T 297.354 1 4059 6498 123
T 297.354 2 4059 6499 123
T 297.354 4 4059 6498 123
T 297.354 5 4059 6499 123
T 297.355 6 4059 6498 123
P 297.852 1
F 297.852 1 124
P 297.853 2
F 297.854 2 124
P 297.854 3
P 297.856 5
P 297.856 4
P 297.856 6
P 297.856 7
P 297.856 8
F 297.858 3 124
F 297.859 5 124
F 297.861 4 124
F 297.861 6 124
F 297.862 7 124
F 297.862 8 124
T 298.411 1 4060 6551 124
T 298.515 1 4061 6551 124
T 298.515 8 4060 6553 124
T 298.515 7 4060 6551 124
T 298.515 2 4060 6552 124
T 298.515 4 4060 6551 124
T 298.516 5 4060 6552 124
T 298.516 6 4060 6551 124
T 298.539 1 4062 6551 124
T 298.539 8 4061 6553 124
T 298.539 7 4061 6551 124
T 298.540 2 4061 6552 124
T 298.540 4 4061 6551 124
T 298.540 5 4061 6552 124
T 298.540 6 4061 6551 124
T 298.565 1 4063 6551 124
T 298.565 8 4062 6553 124
T 298.565 7 4062 6551 124
T 298.565 2 4062 6552 124
T 298.565 4 4062 6551 124
T 298.566 5 4062 6552 124
T 298.566 6 4062 6551 124
T 298.590 1 4064 6551 124
T 298.590 8 4063 6553 124
T 298.590 7 4063 6551 124
T 298.591 2 4063 6552 124
T 298.591 4 4063 6551 124
T 298.591 5 4063 6552 124
T 298.591 6 4063 6551 124
T 298.615 1 4065 6551 124
T 298.616 8 4064 6553 124
T 298.616 7 4064 6551 124
T 298.616 2 4064 6552 124
T 298.616 4 4064 6551 124
T 298.616 5 4064 6552 124
T 298.616 6 4064 6551 124
T 298.641 1 4066 6551 124
T 298.641 8 4065 6553 124
T 298.641 7 4065 6551 124
T 298.641 2 4065 6552 124
T 298.642 4 4065 6551 124
T 298.642 5 4065 6552 124
T 298.642 6 4065 6551 124
T 298.667 1 4067 6551 124
T 298.667 8 4066 6553 124
T 298.667 7 4066 6551 124
T 298.668 2 4066 6552 124
T 298.668 4 4066 6551 124
T 298.668 5 4066 6552 124
T 298.668 6 4066 6551 124
T 298.692 1 4068 6551 124
T 298.693 8 4067 6553 124
T 298.693 7 4067 6551 124
T 298.693 2 4067 6552 124
T 298.693 4 4067 6551 124
T 298.693 5 4067 6552 124
T 298.693 6 4067 6551 124
T 298.718 1 4069 6551 124
T 298.718 8 4068 6553 124
T 298.718 7 4068 6551 124
T 298.718 2 4068 6552 124
T 298.719 4 4068 6551 124
T 298.719 5 4068 6552 124
T 298.719 6 4068 6551 124
T 298.743 1 4070 6551 124
T 298.743 8 4069 6553 124
T 298.743 7 4069 6551 124
T 298.743 2 4069 6552 124
T 298.744 4 4069 6551 124
T 298.744 5 4069 6552 124
T 298.744 6 4069 6551 124
T 298.769 1 4071 6551 124
T 298.769 8 4070 6553 124
T 298.769 7 4070 6551 124
T 298.769 2 4070 6552 124
T 298.769 4 4070 6551 124
T 298.769 5 4070 6552 124
T 298.770 6 4070 6551 124
T 298.794 1 4072 6551 124
T 298.794 8 4071 6553 124
T 298.794 7 4071 6551 124
T 298.795 2 4071 6552 124
T 298.795 4 4071 6551 124
T 298.795 5 4071 6552 124
T 298.795 6 4071 6551 124
T 298.820 1 4073 6551 124
T 298.820 8 4072 6553 124
T 298.820 7 4072 6551 124
T 298.820 2 4072 6552 124
T 298.820 4 4072 6551 124
T 298.820 5 4072 6552 124
T 298.821 6 4072 6551 124
T 298.845 1 4074 6551 124
T 298.846 8 4073 6553 124
T 298.846 7 4073 6551 124
T 298.846 2 4073 6552 124
T 298.846 4 4073 6551 124
T 298.846 5 4073 6552 124
T 298.846 6 4073 6551 124
T 298.871 1 4075 6551 124
T 298.871 8 4074 6553 124
T 298.871 7 4074 6551 124
T 298.872 2 4074 6552 124
T 298.872 4 4074 6551 124
T 298.872 5 4074 6552 124
T 298.872 6 4074 6551 124
T 298.896 1 4076 6551 124
T 298.897 8 4075 6553 124
T 298.897 7 4075 6551 124
T 298.897 2 4075 6552 124
T 298.897 4 4075 6551 124
T 298.897 5 4075 6552 124
T 298.898 6 4075 6551 124
T 298.922 1 4077 6551 124
T 298.922 8 4076 6553 124
T 298.922 7 4076 6551 124
T 298.922 2 4076 6552 124
T 298.923 4 4076 6551 124
T 298.923 5 4076 6552 124
T 298.923 6 4076 6551 124
T 298.947 1 4078 6551 124
T 298.947 8 4077 6553 124
T 298.948 7 4077 6551 124
T 298.948 2 4077 6552 124
T 298.948 4 4077 6551 124
T 298.948 5 4077 6552 124
T 298.948 6 4077 6551 124
T 298.973 1 4079 6551 124
T 298.973 8 4078 6553 124
T 298.973 7 4078 6551 124
T 298.973 2 4078 6552 124
T 298.973 4 4078 6551 124
T 298.974 5 4078 6552 124
T 298.974 6 4078 6551 124
T 298.999 1 4080 6551 124
T 298.999 8 4079 6553 124
T 298.999 7 4079 6551 124
T 298.999 2 4079 6552 124
T 298.999 4 4079 6551 124
T 299.000 5 4079 6552 124
T 299.000 6 4079 6551 124
T 299.024 1 4081 6551 124
T 299.024 8 4080 6553 124
T 299.025 7 4080 6551 124
T 299.025 2 4080 6552 124
T 299.025 4 4080 6551 124
T 299.025 5 4080 6552 124
T 299.025 6 4080 6551 124
T 299.050 1 4082 6551 124
T 299.050 8 4081 6553 124
T 299.050 7 4081 6551 124
T 299.050 2 4081 6552 124
T 299.050 4 4081 6551 124
T 299.051 5 4081 6552 124
T 299.051 6 4081 6551 124
T 299.075 1 4083 6551 124
T 299.075 8 4082 6553 124
T 299.076 7 4082 6551 124
T 299.076 2 4082 6552 124
T 299.076 4 4082 6551 124
T 299.076 5 4082 6552 124
T 299.076 6 4082 6551 124
T 299.101 1 4084 6551 124
T 299.101 8 4083 6553 124
T 299.101 7 4083 6551 124
T 299.101 2 4083 6552 124
T 299.101 4 4083 6551 124
T 299.102 5 4083 6552 124
T 299.102 6 4083 6551 124
T 299.126 1 4085 6551 124
T 299.126 8 4084 6553 124
T 299.126 7 4084 6551 124
T 299.127 2 4084 6552 124
T 299.127 4 4084 6551 124
T 299.127 5 4084 6552 124
T 299.127 6 4084 6551 124
T 299.152 1 4086 6551 124
T 299.152 8 4085 6553 124
T 299.152 7 4085 6551 124
T 299.153 2 4085 6552 124
T 299.153 4 4085 6551 124
T 299.153 5 4085 6552 124
T 299.153 6 4085 6551 124
T 299.178 1 4087 6551 124
T 299.179 8 4086 6553 124
T 299.179 7 4086 6551 124
T 299.179 2 4086 6552 124
T 299.179 4 4086 6551 124
T 299.179 5 4086 6552 124
T 299.179 6 4086 6551 124
T 299.205 1 4088 6551 124
T 299.205 8 4087 6553 124
T 299.206 7 4087 6551 124
T 299.206 2 4087 6552 124
T 299.206 4 4087 6551 124
T 299.206 5 4087 6552 124
T 299.206 6 4087 6551 124
T 299.232 1 4089 6551 124
T 299.232 8 4088 6553 124
T 299.232 7 4088 6551 124
T 299.232 2 4088 6552 124
T 299.232 4 4088 6551 124
T 299.233 5 4088 6552 124
T 299.233 6 4088 6551 124
T 299.258 1 4090 6551 124
T 299.258 8 4089 6553 124
T 299.258 7 4089 6551 124
T 299.258 2 4089 6552 124
T 299.258 4 4089 6551 124
T 299.258 5 4089 6552 124
T 299.259 6 4089 6551 124
T 299.284 1 4091 6551 124
T 299.284 8 4090 6553 124
T 299.284 7 4090 6551 124
T 299.285 2 4090 6552 124
T 299.285 4 4090 6551 124
T 299.285 5 4090 6552 124
T 299.285 6 4090 6551 124
T 299.311 1 4092 6551 124
T 299.311 8 4091 6553 124
T 299.311 7 4091 6551 124
T 299.311 2 4091 6552 124
T 299.311 4 4091 6551 124
T 299.311 5 4091 6552 124
T 299.311 6 4091 6551 124
T 299.337 8 4092 6553 124
T 299.337 7 4092 6551 124
T 299.337 2 4092 6552 124
T 299.338 4 4092 6551 124
T 299.338 5 4092 6552 124
T 299.338 6 4092 6551 124
P 299.853 7
P 299.853 8
P 299.854 1
F 299.854 7 125
P 299.854 2
F 299.855 8 125
P 299.856 3
F 299.857 1 125
P 299.858 5
F 299.860 2 125
P 299.860 4
F 299.861 3 125
P 299.861 6
F 299.862 5 125
F 299.867 4 125
F 299.868 6 125
P 301.856 4
F 301.857 4 126
P 301.857 6
F 301.859 6 126
P 301.860 7
F 301.861 7 126
P 301.862 8
F 301.864 8 126
P 301.864 1
F 301.865 1 126
P 301.866 2
F 301.868 2 126
P 301.869 3
F 301.871 3 126
P 301.873 5
F 301.877 5 126
P 303.854 2
P 303.854 3
F 303.855 2 127
P 303.855 5
F 303.856 3 127
P 303.857 4
P 303.858 6
P 303.858 7
P 303.858 8
F 303.859 5 127
P 303.860 1
F 303.861 4 127
F 303.863 6 127
F 303.863 7 127
F 303.866 8 127
F 303.869 1 127
P 305.854 7
P 305.855 8
P 305.855 1
F 305.855 7 128
P 305.855 2
P 305.857 3
F 305.856 8 128
P 305.857 5
F 305.858 1 128
P 305.858 4
P 305.859 6
F 305.860 2 128
F 305.862 3 128
F 305.864 5 128
F 305.866 4 128
F 305.866 6 128
P 307.857 4
F 307.857 4 129
P 307.857 6
F 307.858 6 129
P 307.859 7
F 307.862 7 129
P 307.862 8
F 307.865 8 129
P 307.865 1
F 307.877 1 129
P 307.878 2
F 307.880 2 129
P 307.881 3
P 307.885 5
F 307.885 3 129
F 307.889 5 129
P 309.860 2
P 309.860 3
P 309.860 5
F 309.860 2 130
P 309.861 4
F 309.861 3 130
P 309.863 6
F 309.863 5 130
P 309.866 7
F 309.867 4 130
P 309.867 8
F 309.867 6 130
P 309.869 1
F 309.869 7 130
F 309.874 8 130
F 309.874 1 130
P 311.856 4
P 311.857 6
F 311.857 4 131
P 311.857 7
F 311.857 6 131
P 311.858 8
F 311.860 7 131
P 311.861 1
F 311.861 8 131
P 311.861 2
F 311.862 1 131
P 311.863 3
F 311.864 2 131
P 311.864 5
F 311.865 3 131
F 311.876 5 131
P 313.860 6
P 313.860 7
P 313.860 8
P 313.861 1
P 313.861 2
F 313.861 6 132
P 313.861 3
F 313.862 7 132
P 313.863 5
F 313.863 8 132
P 313.864 4
F 313.866 1 132
F 313.867 2 132
F 313.868 3 132
F 313.870 5 132
F 313.870 4 132
P 315.860 1
P 315.861 2
P 315.861 3
P 315.861 5
F 315.861 1 133
P 315.861 4
F 315.863 2 133
P 315.863 6
F 315.863 3 133
P 315.864 7
F 315.865 5 133
P 315.866 8
F 315.867 4 133
F 315.870 6 133
F 315.871 7 133
F 315.872 8 133
P 317.859 3
P 317.859 5
P 317.859 4
P 317.860 6
F 317.860 3 134
P 317.860 7
F 317.861 5 134
P 317.862 8
F 317.863 4 134
P 317.863 1
F 317.864 6 134
P 317.865 2
F 317.866 7 134
F 317.871 8 134
F 317.871 1 134
F 317.873 2 134
P 319.861 2
F 319.861 2 135
P 319.861 3
F 319.863 3 135
P 319.864 5
F 319.866 5 135
P 319.866 4
F 319.868 4 135
P 319.869 6
F 319.871 6 135
P 319.872 7
P 319.874 8
F 319.876 7 135
P 319.876 1
F 319.877 8 135
F 319.880 1 135
P 321.860 2
F 321.861 2 136
P 321.861 3
F 321.862 3 136
P 321.863 5
F 321.864 5 136
P 321.865 4
F 321.868 4 136
P 321.869 6
P 321.872 7
F 321.871 6 136
P 321.872 8
F 321.873 7 136
P 321.875 1
F 321.875 8 136
F 321.881 1 136
P 323.861 6
F 323.862 6 137
P 323.862 7
F 323.864 7 137
P 323.864 8
F 323.865 8 137
F 323.868 1 137
P 323.869 1
P 323.872 2
P 323.872 3
F 323.874 2 137
P 323.874 5
F 323.874 3 137
P 323.875 4
F 323.876 5 137
F 323.881 4 137
P 325.861 7
P 325.862 8
P 325.862 1
P 325.862 2
P 325.862 3
P 325.862 5
P 325.862 4
P 325.863 6
F 325.863 7 138
F 325.864 8 138
F 325.866 1 138
F 325.867 2 138
F 325.869 3 138
F 325.869 5 138
F 325.869 4 138
F 325.871 6 138
P 327.860 6
P 327.861 7
P 327.861 8
F 327.862 6 139
P 327.862 1
F 327.862 7 139
F 327.864 8 139
P 327.864 2
F 327.866 1 139
P 327.866 3
F 327.868 2 139
P 327.869 5
F 327.870 3 139
P 327.871 4
F 327.873 5 139
F 327.877 4 139
P 329.864 5
P 329.865 4
P 329.865 6
F 329.865 5 140
P 329.865 7
F 329.866 4 140
P 329.867 8
F 329.867 6 140
F 329.870 7 140
P 329.871 1
F 329.872 8 140
P 329.874 2
F 329.874 1 140
P 329.875 3
F 329.881 2 140
F 329.882 3 140
P 331.863 2
P 331.864 3
P 331.864 5
P 331.864 4
F 331.864 2 141
P 331.864 6
F 331.865 3 141
P 331.866 7
F 331.866 5 141
F 331.868 4 141
P 331.868 8
F 331.872 6 141
P 331.873 1
F 331.873 7 141
F 331.876 8 141
F 331.880 1 141
P 333.864 1
P 333.865 2
F 333.865 1 142
P 333.865 3
F 333.866 2 142
P 333.867 5
P 333.869 4
F 333.870 3 142
P 333.870 6
F 333.871 5 142
P 333.875 7
F 333.876 4 142
P 333.878 8
F 333.878 6 142
F 333.885 7 142
F 333.885 8 142
P 335.866 6
F 335.866 6 143
P 335.867 7
F 335.868 7 143
P 335.869 8
F 335.871 8 143
P 335.871 1
F 335.873 1 143
P 335.873 2
F 335.874 2 143
P 335.875 3
F 335.878 3 143
P 335.879 5
F 335.880 5 143
P 335.881 4
F 335.884 4 143
P 337.869 5
P 337.869 4
P 337.869 6
P 337.869 7
F 337.870 5 144
P 337.870 8
F 337.872 4 144
P 337.872 1
F 337.873 6 144
P 337.874 2
F 337.874 7 144
P 337.875 3
F 337.878 8 144
F 337.880 1 144
F 337.882 2 144
F 337.882 3 144
P 339.867 3
P 339.867 5
P 339.867 4
P 339.868 6
F 339.868 3 145
P 339.868 7
F 339.870 5 145
P 339.870 8
P 339.871 1
F 339.870 4 145
P 339.872 2
F 339.873 6 145
F 339.875 7 145
F 339.876 8 145
F 339.877 1 145
F 339.877 2 145
P 341.867 8
P 341.867 1
P 341.867 2
F 341.867 8 146
P 341.867 3
F 341.868 1 146
P 341.869 5
F 341.869 2 146
P 341.870 4
P 341.871 6
P 341.871 7
F 341.872 3 146
F 341.873 5 146
F 341.874 4 146
F 341.875 6 146
F 341.875 7 146
P 343.868 6
P 343.868 7
P 343.869 8
F 343.869 6 147
P 343.869 1
F 343.870 7 147
P 343.870 2
P 343.871 3
F 343.871 8 147
P 343.872 5
F 343.874 1 147
P 343.875 4
F 343.876 2 147
F 343.877 3 147
F 343.878 5 147
F 343.879 4 147
P 345.870 2
P 345.870 3
P 345.870 5
P 345.871 4
F 345.871 2 148
P 345.871 6
P 345.873 7
F 345.872 3 148
P 345.873 8
F 345.874 5 148
P 345.875 1
F 345.877 4 148
F 345.878 6 148
F 345.881 7 148
F 345.883 8 148
F 345.885 1 148
P 347.869 8
F 347.870 8 149
P 347.870 1
P 347.873 2
F 347.874 1 149
P 347.874 3
F 347.875 2 149
P 347.876 5
F 347.877 3 149
P 347.877 4
F 347.879 5 149
P 347.880 6
F 347.881 4 149
P 347.883 7
F 347.886 6 149
F 347.888 7 149
P 349.867 1
F 349.868 1 150
P 349.868 2
F 349.868 2 150
P 349.869 3
F 349.873 3 150
P 349.873 5
F 349.874 5 150
P 349.876 4
P 349.878 6
F 349.880 4 150
P 349.880 7
F 349.881 6 150
P 349.882 8
F 349.884 7 150
F 349.885 8 150
P 351.870 8
F 351.871 8 151
P 351.871 1
F 351.872 1 151
P 351.873 2
P 351.875 3
P 351.875 5
P 351.876 4
P 351.876 6
F 351.876 2 151
P 351.876 7
F 351.877 3 151
F 351.887 5 151
F 351.889 4 151
F 351.890 6 151
F 351.890 7 151
P 353.871 1
F 353.872 1 152
P 353.872 2
F 353.874 2 152
P 353.875 3
F 353.877 3 152
P 353.877 5
F 353.880 5 152
P 353.880 4
F 353.884 4 152
P 353.884 6
P 353.885 7
P 353.886 8
F 353.885 6 152
F 353.890 7 152
F 353.890 8 152
P 355.870 5
P 355.870 4
F 355.871 5 153
P 355.871 6
F 355.872 4 153
P 355.872 7
P 355.874 8
P 355.874 1
P 355.874 2
P 355.874 3
F 355.876 6 153
F 355.877 7 153
F 355.879 8 153
F 355.880 1 153
F 355.880 2 153
F 355.880 3 153
P 357.870 2
P 357.870 3
F 357.871 2 154
P 357.871 5
P 357.873 4
F 357.872 3 154
P 357.873 6
F 357.874 5 154
P 357.875 7
F 357.878 4 154
P 357.878 8
F 357.878 6 154
P 357.879 1
F 357.880 7 154
F 357.882 8 154
F 357.886 1 154
P 359.871 8
P 359.871 1
F 359.872 8 155
P 359.873 2
F 359.874 1 155
P 359.876 3
F 359.878 2 155
P 359.878 5
F 359.879 3 155
F 359.892 5 155
P 359.892 4
F 359.894 4 155
P 359.895 6
F 359.897 6 155
P 359.899 7
F 359.902 7 155
P 361.870 7
P 361.870 8
P 361.871 1
P 361.871 2
P 361.871 3
F 361.872 7 156
P 361.872 5
F 361.872 8 156
P 361.873 4
F 361.874 1 156
P 361.876 6
F 361.876 2 156
F 361.878 3 156
F 361.880 5 156
F 361.880 4 156
F 361.881 6 156
P 363.871 8
P 363.872 1
P 363.872 2
F 363.872 8 157
P 363.872 3
F 363.873 1 157
P 363.874 5
F 363.874 2 157
P 363.874 4
F 363.876 3 157
P 363.877 6
P 363.879 7
F 363.878 5 157
F 363.880 4 157
F 363.883 6 157
F 363.885 7 157
P 365.874 4
F 365.875 4 158
P 365.875 6
F 365.879 6 158
P 365.879 7
P 365.882 8
F 365.882 7 158
P 365.882 1
P 365.885 2
F 365.884 8 158
P 365.885 3
F 365.886 1 158
P 365.888 5
F 365.889 2 158
F 365.891 3 158
F 365.893 5 158
P 367.874 7
F 367.874 7 159
P 367.874 8
P 367.874 1
F 367.875 8 159
P 367.876 2
F 367.877 1 159
P 367.878 3
F 367.880 2 159
P 367.881 5
F 367.881 3 159
P 367.882 4
P 367.885 6
F 367.886 5 159
F 367.887 4 159
F 367.887 6 159
P 369.872 5
P 369.872 4
P 369.873 6
P 369.873 7
F 369.873 5 160
P 369.873 8
F 369.875 4 160
P 369.875 1
F 369.875 6 160
P 369.876 2
F 369.877 7 160
P 369.878 3
F 369.879 8 160
F 369.880 1 160
F 369.881 2 160
F 369.882 3 160
P 371.876 2
P 371.876 3
P 371.876 5
P 371.876 4
F 371.876 2 161
P 371.877 6
P 371.877 7
P 371.877 8
F 371.878 3 161
F 371.879 5 161
F 371.879 4 161
P 371.879 1
F 371.881 6 161
F 371.882 7 161
F 371.884 8 161
F 371.884 1 161
P 373.874 5
P 373.875 4
P 373.875 6
P 373.875 7
F 373.875 5 162
P 373.875 8
F 373.877 4 162
P 373.877 1
P 373.878 2
F 373.878 6 162
P 373.879 3
F 373.880 7 162
F 373.883 8 162
F 373.884 1 162
F 373.885 2 162
F 373.885 3 162
P 375.876 5
F 375.876 5 163
P 375.876 4
P 375.878 6
P 375.879 7
P 375.879 8
P 375.879 1
P 375.879 2
P 375.880 3
F 375.880 4 163
F 375.881 6 163
F 375.882 7 163
F 375.882 8 163
F 375.884 1 163
F 375.884 2 163
F 375.888 3 163
P 377.878 2
P 377.878 3
P 377.879 5
F 377.879 2 164
P 377.879 4
F 377.880 3 164
P 377.881 6
F 377.881 5 164
P 377.882 7
P 377.885 8
P 377.885 1
F 377.886 4 164
F 377.887 6 164
F 377.888 7 164
F 377.888 8 164
F 377.889 1 164
P 379.876 3
P 379.876 5
P 379.876 4
F 379.877 3 165
P 379.877 6
F 379.877 5 165
P 379.878 7
F 379.879 4 165
P 379.880 8
F 379.881 6 165
P 379.881 1
F 379.882 7 165
P 379.884 2
F 379.884 8 165
F 379.887 1 165
F 379.887 2 165
P 381.879 3
P 381.879 5
P 381.880 4
P 381.880 6
F 381.880 3 166
P 381.880 7
F 381.882 5 166
P 381.882 8
F 381.882 4 166
F 381.885 6 166
P 381.885 1
F 381.886 7 166
P 381.887 2
F 381.888 8 166
F 381.890 1 166
F 381.892 2 166
P 383.876 7
P 383.877 8
F 383.877 7 167
P 383.877 1
F 383.878 8 167
P 383.879 2
F 383.881 1 167
P 383.881 3
F 383.882 2 167
P 383.883 5
F 383.889 3 167
P 383.890 4
F 383.892 5 167
P 383.894 6
F 383.896 4 167
F 383.898 6 167
P 385.878 4
F 385.878 4 168
P 385.879 6
P 385.880 7
F 385.879 6 168
P 385.880 8
F 385.882 7 168
P 385.883 1
F 385.883 8 168
P 385.885 2
P 385.887 3
F 385.888 1 168
P 385.888 5
F 385.888 2 168
F 385.890 3 168
F 385.892 5 168
P 387.880 5
P 387.881 4
P 387.881 6
F 387.881 5 169
P 387.881 7
F 387.882 4 169
P 387.883 8
F 387.884 6 169
P 387.885 1
P 387.888 2
P 387.888 3
F 387.888 7 169
F 387.890 8 169
F 387.891 1 169
F 387.892 2 169
F 387.894 3 169
P 389.880 1
F 389.881 1 170
P 389.881 2
P 389.883 3
P 389.883 5
F 389.883 2 170
P 389.883 4
P 389.885 6
P 389.885 7
P 389.885 8
F 389.886 3 170
F 389.886 5 170
F 389.889 4 170
F 389.891 6 170
F 389.891 7 170
F 389.892 8 170
P 391.880 5
P 391.881 4
F 391.881 5 171
P 391.882 6
F 391.882 4 171
P 391.884 7
F 391.886 6 171
P 391.887 8
F 391.888 7 171
P 391.889 1
F 391.892 8 171
P 391.892 2
F 391.893 1 171
P 391.893 3
F 391.895 2 171
F 391.905 3 171
P 393.878 3
P 393.879 5
P 393.879 4
P 393.879 6
P 393.879 7
F 393.880 3 172
P 393.880 8
F 393.880 5 172
P 393.882 1
F 393.882 4 172
P 393.883 2
F 393.884 6 172
F 393.886 7 172
F 393.888 8 172
F 393.889 1 172
F 393.890 2 172
P 395.881 6
P 395.881 7
F 395.881 6 173
P 395.881 8
F 395.882 7 173
P 395.883 1
P 395.885 2
F 395.886 8 173
P 395.886 3
F 395.886 1 173
P 395.887 5
P 395.889 4
F 395.889 2 173
F 395.889 3 173
F 395.895 5 173
F 395.896 4 173
P 397.879 2
P 397.880 3
F 397.880 2 174
P 397.880 5
F 397.881 3 174
P 397.882 4
F 397.884 5 174
P 397.884 6
F 397.885 4 174
P 397.886 7
F 397.887 6 174
P 397.888 8
F 397.889 7 174
F 397.890 8 174
P 397.893 1
F 397.893 1 174
P 399.882 8
P 399.882 1
F 399.883 8 175
P 399.883 2
P 399.884 3
F 399.883 1 175
P 399.884 5
F 399.886 2 175
P 399.887 4
F 399.888 3 175
P 399.888 6
F 399.889 5 175
P 399.889 7
F 399.891 4 175
F 399.894 6 175
F 399.894 7 175
P 401.880 4
P 401.881 6
P 401.881 7
F 401.882 4 176
P 401.882 8
F 401.882 6 176
P 401.884 1
P 401.885 2
F 401.885 7 176
P 401.886 3
F 401.887 8 176
P 401.888 5
F 401.889 1 176
F 401.890 2 176
F 401.891 3 176
F 401.895 5 176
P 403.883 2
F 403.884 2 177
P 403.884 3
F 403.885 3 177
P 403.886 5
F 403.887 5 177
P 403.888 4
F 403.892 4 177
P 403.892 6
F 403.893 6 177
P 403.894 7
F 403.896 7 177
P 403.896 8
F 403.898 8 177
P 403.899 1
F 403.902 1 177
P 405.881 2
P 405.881 3
P 405.881 5
P 405.881 4
P 405.881 6
P 405.881 7
P 405.881 8
P 405.881 1
F 405.882 2 178
F 405.883 3 178
F 405.884 5 178
F 405.884 4 178
F 405.884 6 178
F 405.885 7 178
F 405.885 8 178
F 405.885 1 178
P 407.882 3
P 407.882 5
F 407.883 3 179
P 407.883 4
P 407.884 6
F 407.884 5 179
P 407.885 7
F 407.886 4 179
P 407.886 8
F 407.888 6 179
F 407.889 7 179
P 407.890 1
F 407.891 8 179
P 407.892 2
F 407.897 1 179
F 407.898 2 179
P 409.887 2
F 409.887 2 180
P 409.887 3
F 409.890 3 180
P 409.890 5
F 409.893 5 180
P 409.893 4
F 409.896 4 180
P 409.897 6
P 409.900 7
P 409.900 8
P 409.900 1
F 409.901 6 180
F 409.904 7 180
F 409.904 8 180
F 409.906 1 180
P 411.881 3
P 411.881 5
P 411.881 4
P 411.881 6
F 411.881 3 181
P 411.882 7
F 411.882 5 181
P 411.884 8
F 411.884 4 181
P 411.885 1
F 411.885 6 181
P 411.886 2
F 411.890 7 181
F 411.891 8 181
F 411.891 1 181
F 411.891 2 181
